step,reward,mean_form_error_m,mean_z_error_m,min_dyn_distance_m,collision_flag,x_m,y_m,z_m,vx_mps,vy_mps,vz_mps,roll_rad,pitch_rad,yaw_rad,wx_rps,wy_rps,wz_rps,x_des_m,y_des_m,z_des_m,ic_pos_jitter_d0_x_m,ic_pos_jitter_d0_y_m,ic_pos_jitter_d0_z_m,ic_yaw_jitter_d0_rad,ic_vel_jitter_d0_x_mps,ic_vel_jitter_d0_y_mps,ic_vel_jitter_d0_z_mps,ic_pos_jitter_d1_x_m,ic_pos_jitter_d1_y_m,ic_pos_jitter_d1_z_m,ic_yaw_jitter_d1_rad,ic_vel_jitter_d1_x_mps,ic_vel_jitter_d1_y_mps,ic_vel_jitter_d1_z_mps,ic_pos_jitter_d2_x_m,ic_pos_jitter_d2_y_m,ic_pos_jitter_d2_z_m,ic_yaw_jitter_d2_rad,ic_vel_jitter_d2_x_mps,ic_vel_jitter_d2_y_mps,ic_vel_jitter_d2_z_mps,ic_pos_jitter_d3_x_m,ic_pos_jitter_d3_y_m,ic_pos_jitter_d3_z_m,ic_yaw_jitter_d3_rad,ic_vel_jitter_d3_x_mps,ic_vel_jitter_d3_y_mps,ic_vel_jitter_d3_z_mps,ic_pos_jitter_d4_x_m,ic_pos_jitter_d4_y_m,ic_pos_jitter_d4_z_m,ic_yaw_jitter_d4_rad,ic_vel_jitter_d4_x_mps,ic_vel_jitter_d4_y_mps,ic_vel_jitter_d4_z_mps,ic_obstacle_jitter_x_m,ic_obstacle_jitter_y_m,ic_obstacle_jitter_z_m,ic_dynamic_jitter_x_m,ic_dynamic_jitter_y_m,ic_dynamic_jitter_z_m,ic_disable_dynamic_flag,ic_chase_mode
,,,,,,,,,,,,,,,,,,,,,0.1605526502283911,0.10677807386594379,0.16385626415703952,-0.08952954113708189,0.1938558435099122,-0.1522431710273441,0.18639147524850025,-0.050239087708282615,-0.1307727495265171,0.25943932477574333,0.11866028574444187,-0.009407105544439659,0.17004658797396033,0.05711470783429651,-0.015463988208516355,0.09186520104640838,0.15747001272041478,-0.11304369934139907,0.09090144487458673,0.02826758644943933,0.17622579509583186,-0.1133709904376807,-0.28630447050099417,-0.23374669350353333,-0.24520167054372247,-0.14536195818602948,0.061999362927599166,-0.12108176434798393,-0.16026809471063225,-0.14581422051754292,-0.21537991350077046,-0.016223830760915436,0.0753403076849109,-0.1727363855931021,0.10494313698387803,0.02941622475772776,0.310067738619477,-0.06862976641776697,0.2444480915170839,0.300080472368322,0.06373381729834915,0.0,most_error
0.0,-0.0022569443423898746,0.0006956070428714156,0.000550687313079834,1.5659511089324951,0.0,0.0,0.0,0.99944985,0.0,0.0,-0.00012266179,0.0,0.0,0.0,0.0,0.0,0.0,0.0,0.0,1.0,,,,,,,,,,,,,,,,,,,,,,,,,,,,,,,,,,,,,,,,,,,
1.0,-0.0022591398923005046,0.0010130584705621004,0.0005511641502380371,1.5659136772155762,0.0,0.0,0.0,0.9994493,0.0,0.0,-0.00012150486,0.0,0.0,0.0,0.0,0.0,0.0,0.000375,0.0002,1.0,,,,,,,,,,,,,,,,,,,,,,,,,,,,,,,,,,,,,,,,,,,
2.0,-0.0022602932156725285,0.0013891648268327117,0.0005516409873962402,1.5658581256866455,0.0,0.0,0.0,0.99944884,0.0,0.0,-0.00012012081,-0.00012803078,0.00023984909,0.0,-0.030714178,0.057589088,0.0,0.00075,0.00039999993,1.0,,,,,,,,,,,,,,,,,,,,,,,,,,,,,,,,,,,,,,,,,,,
3.0,-0.002262177924952835,0.0017873685574159026,0.0005521774291992188,1.5657845735549927,0.0,4.0868375e-08,2.1796467e-08,0.99944836,9.80841e-06,5.231152e-06,-0.00011897554,0.00020241737,2.1457672e-05,0.0,0.07927969,-0.052410748,-1.2316217e-05,0.001125,0.0005999998,1.0,,,,,,,,,,,,,,,,,,,,,,,,,,,,,,,,,,,,,,,,,,,
4.0,-0.002264104487218765,0.002195534994825721,0.0005526542663574219,1.5656930208206177,0.0,8.540308e-08,9.123588e-09,0.9994478,1.0688328e-05,-3.0414908e-06,-0.00011777203,7.43866e-05,0.00026154518,1.1920929e-06,-0.03072544,0.05758821,0.00028527447,0.0015,0.00079999946,1.0,,,,,,,,,,,,,,,,,,,,,,,,,,,,,,,,,,,,,,,,,,,
5.0,-0.0022660555427181867,0.0026091195177286863,0.000553131103515625,1.5655843019485474,0.0,1.7447135e-07,-1.6206986e-08,0.99944735,2.1376389e-05,-6.079338e-06,-0.00011639957,0.00040459633,4.3153763e-05,-2.4080276e-05,0.07926684,-0.05241106,-0.0060845534,0.001875,0.000999999,1.0,,,,,,,,,,,,,,,,,,,,,,,,,,,,,,,,,,,,,,,,,,,
6.0,-0.002268022044263671,0.0030258181504905224,0.0005536079406738281,1.565458059310913,0.0,2.708689e-07,-1.1044531e-07,0.99944687,2.313541e-05,-2.2617198e-05,-0.00011525195,0.00027656555,0.00028300285,7.224083e-05,-0.030735558,0.05757703,0.023127267,0.00225,0.0011999982,1.0,,,,,,,,,,,,,,,,,,,,,,,,,,,,,,,,,,,,,,,,,,,
7.0,-0.002269999953866591,0.0034445736091583967,0.0005540847778320312,1.5653151273727417,0.0,4.1545965e-07,-2.5176277e-07,0.9994464,3.470178e-05,-3.3916192e-05,-0.00011404948,0.0006067753,6.4611435e-05,4.673004e-05,0.07925311,-0.052409466,-0.0061006187,0.002625,0.0013999972,1.0,,,,,,,,,,,,,,,,,,,,,,,,,,,,,,,,,,,,,,,,,,,
8.0,-0.00227198628406386,0.0038646955508738756,0.0005545616149902344,1.5651556253433228,0.0,5.71039e-07,-4.963927e-07,0.9994459,3.7339036e-05,-5.8711186e-05,-0.00011286448,0.0004787445,0.00030446053,0.00014328957,-0.030756464,0.057564907,0.023135802,0.003,0.0015999958,1.0,,,,,,,,,,,,,,,,,,,,,,,,,,,,,,,,,,,,,,,,,,,
9.0,-0.002273979266891365,0.004285809583961964,0.0005549788475036621,1.5649793148040771,0.0,7.784647e-07,-8.2248414e-07,0.99944544,4.9782186e-05,-7.826193e-05,-0.000111669935,0.0008087158,8.606911e-05,0.00011777878,0.079239376,-0.052407872,-0.006116672,0.003375,0.0017999939,1.0,,,,,,,,,,,,,,,,,,,,,,,,,,,,,,,,,,,,,,,,,,,
10.0,-0.00227597875062329,0.004707639105618,0.0005554556846618652,1.5647870302200317,0.0,1.0005318e-06,-1.2862535e-06,0.999445,5.3296102e-05,-0.00011130465,-0.00011048561,0.00068068504,0.0003259182,0.00021409988,-0.030777361,0.05755279,0.023144327,0.00375,0.0019999917,1.0,,,,,,,,,,,,,,,,,,,,,,,,,,,,,,,,,,,,,,,,,,,
11.0,-0.0022779836508274457,0.00513004744425416,0.0005559325218200684,1.5645787715911865,0.0,1.2780919e-06,-1.8658269e-06,0.99944454,6.66144e-05,-0.00013909762,-0.00010947402,0.0010106564,0.00010752678,0.0001885891,0.07922566,-0.052406278,-0.006132712,0.004125,0.0021999888,1.0,,,,,,,,,,,,,,,,,,,,,,,,,,,,,,,,,,,,,,,,,,,
12.0,-0.002279993115929029,0.00555289164185524,0.0005563497543334961,1.5643548965454102,0.0,1.5739394e-06,-2.617405e-06,0.99944407,7.100341e-05,-0.00018037872,-0.000108249274,0.00088238716,0.00034737587,0.00028514862,-0.030798247,0.057540674,0.02315284,0.0045,0.0023999857,1.0,,,,,,,,,,,,,,,,,,,,,,,,,,,,,,,,,,,,,,,,,,,
13.0,-0.0022820074354745904,0.0059761181473731995,0.0005567669868469238,1.5641154050827026,0.0,1.9289203e-06,-3.5190915e-06,0.99944365,8.51954e-05,-0.00021640478,-0.000107062355,0.0012123585,0.00012874603,0.00025963783,0.07921194,-0.052404687,-0.0061487397,0.004875,0.0025999816,1.0,,,,,,,,,,,,,,,,,,,,,,,,,,,,,,,,,,,,,,,,,,,
14.0,-0.0022840257481817395,0.006399658974260092,0.000557243824005127,1.5638607740402222,0.0,2.305828e-06,-4.627069e-06,0.99944323,9.045789e-05,-0.00026591454,-0.00010606527,0.0010840893,0.00036859512,0.00035619736,-0.030819124,0.05752856,0.023161342,0.00525,0.002799977,1.0,,,,,,,,,,,,,,,,,,,,,,,,,,,,,,,,,,,,,,,,,,,
15.0,-0.002286048780927377,0.0068234847858548164,0.0005576610565185547,1.5635913610458374,0.0,2.7455026e-06,-5.919419e-06,0.99944276,0.000105521896,-0.00031016406,-0.00010500802,0.0014138222,0.0001502037,0.00033044815,0.079198234,-0.052403096,-0.0061647547,0.005625,0.0029999719,1.0,,,,,,,,,,,,,,,,,,,,,,,,,,,,,,,,,,,,,,,,,,,
16.0,-0.0022880752275927082,0.007247532717883587,0.0005580782890319824,1.5633070468902588,0.0,3.2107375e-06,-7.452309e-06,0.99944234,0.00011165635,-0.00036789363,-0.000103799044,0.001285553,0.00038981438,0.00042700768,-0.030839989,0.057516444,0.023169836,0.006,0.003199966,1.0,,,,,,,,,,,,,,,,,,,,,,,,,,,,,,,,,,,,,,,,,,,
17.0,-0.00229010590011676,0.007671823259443045,0.0005584955215454102,1.5630080699920654,0.0,3.7423658e-06,-9.203798e-06,0.9994419,0.00012759083,-0.00042035728,-0.000102790684,0.0016152859,0.00017142296,0.00040125847,0.07918454,-0.052401505,-0.0061807567,0.006375,0.003399959,1.0,,,,,,,,,,,,,,,,,,,,,,,,,,,,,,,,,,,,,,,,,,,
18.0,-0.0022921403280619416,0.008096305653452873,0.0005589127540588379,1.562694787979126,0.0,4.303181e-06,-1.1230034e-05,0.9994415,0.00013459563,-0.00048629678,-0.00010175672,0.0014867783,0.00041103363,0.000497818,-0.030860843,0.05750433,0.023178317,0.00675,0.0035999515,1.0,,,,,,,,,,,,,,,,,,,,,,,,,,,,,,,,,,,,,,,,,,,
19.0,-0.002294178589222429,0.008520996198058128,0.0005593299865722656,1.5623670816421509,0.0,4.93401e-06,-1.3509056e-05,0.9994411,0.00015139903,-0.0005469653,-0.00010070642,0.0018167496,0.00019264221,0.0004720688,0.079170845,-0.052399915,-0.0061967466,0.007125,0.0037999428,1.0,,,,,,,,,,,,,,,,,,,,,,,,,,,,,,,,,,,,,,,,,,,
20.0,-0.002296220714953962,0.008945864625275135,0.0005597472190856934,1.5620254278182983,0.0,5.597646e-06,-1.6096996e-05,0.99944067,0.0001592726,-0.00062110554,-9.9684825e-05,0.0016880035,0.00043225288,0.0005686283,-0.030881688,0.05749222,0.023186788,0.0075,0.003999933,1.0,,,,,,,,,,,,,,,,,,,,,,,,,,,,,,,,,,,,,,,,,,,
21.0,-0.0022982663156362842,0.009370911866426468,0.0005601644515991211,1.5616700649261475,0.0,6.33491e-06,-1.8971868e-05,0.99944025,0.00017694334,-0.00068996946,-9.863076e-05,0.0020177364,0.00021362305,0.0005428791,0.07915716,-0.052398328,-0.006212724,0.007875,0.004199923,1.0,,,,,,,,,,,,,,,,,,,,,,,,,,,,,,,,,,,,,,,,,,,
22.0,-0.002300315419881372,0.009796123951673508,0.0005605816841125488,1.5613007545471191,0.0,7.1085938e-06,-2.218979e-05,0.99943984,0.00018568413,-0.00077230117,-9.761257e-05,0.0018892288,0.00045323372,0.00063943863,-0.030902522,0.057480104,0.023195248,0.00825,0.004399911,1.0,,,,,,,,,,,,,,,,,,,,,,,,,,,,,,,,,,,,,,,,,,,
23.0,-0.002302368715977355,0.010221545584499836,0.0005609393119812012,1.560917854309082,0.0,7.959513e-06,-2.5728754e-05,0.9994394,0.00020422062,-0.00084935117,-9.655685e-05,0.0022187233,0.00023460388,0.0006136894,0.07914348,-0.05239674,-0.0062286886,0.008625,0.0045998986,1.0,,,,,,,,,,,,,,,,,,,,,,,,,,,,,,,,,,,,,,,,,,,
24.0,-0.002302936064543611,0.01064708549529314,0.0005613565444946289,1.5605212450027466,0.0,8.850459e-06,-2.9644858e-05,0.99943906,0.00021382704,-0.0009398649,-9.554155e-05,0.0020902157,0.00047421455,0.00071024895,-0.030923344,0.057467997,0.023203699,0.009,0.0047998847,1.0,,,,,,,,,,,,,,,,,,,,,,,,,,,,,,,,,,,,,,,,,,,
25.0,-0.0023057965914238597,0.011072812601923943,0.0005617737770080566,1.5601115226745605,0.0,9.822241e-06,-3.3916072e-05,0.99943864,0.00023322763,-0.0010250913,-9.466827e-05,0.0018246174,0.00025558472,0.00068449974,-0.06370323,-0.052496616,-0.006176905,0.009375,0.00499987,1.0,,,,,,,,,,,,,,,,,,,,,,,,,,,,,,,,,,,,,,,,,,,
26.0,-0.0023063705296051925,0.011498657986521721,0.000562131404876709,1.5596884489059448,0.0,1.0837579e-05,-3.8497117e-05,0.9994382,0.00024368116,-0.001099451,-9.356103e-05,0.0020172596,0.0004951954,0.00078105927,0.04622924,0.05752559,0.023158185,0.00975,0.0051998533,1.0,,,,,,,,,,,,,,,,,,,,,,,,,,,,,,,,,,,,,,,,,,,
27.0,-0.002309236974273519,0.011924644000828266,0.0005624890327453613,1.559252381324768,0.0,1.1937319e-05,-4.342073e-05,0.99943787,0.00026393763,-0.0011816671,-9.2552036e-05,0.0017516613,0.00027680397,0.00075531006,-0.063701734,-0.052497275,-0.0061755404,0.010125,0.0053998358,1.0,,,,,,,,,,,,,,,,,,,,,,,,,,,,,,,,,,,,,,,,,,,
28.0,-0.002309817187041336,0.012350719422101974,0.0005629062652587891,1.5588034391403198,0.0,1.3084181e-05,-4.8641632e-05,0.9994375,0.00027524668,-0.0012530166,-9.166123e-05,0.0019445419,0.0005161762,0.0008518696,0.046223566,0.057534844,0.023149235,0.0105,0.0055998173,1.0,,,,,,,,,,,,,,,,,,,,,,,,,,,,,,,,,,,,,,,,,,,
29.0,-0.0023126902843257995,0.012776943854987621,0.0005632638931274414,1.558341145515442,0.0,1.4319013e-05,-5.419256e-05,0.9994371,0.0002963598,-0.0013322225,-9.0785026e-05,0.0016789436,0.0002977848,0.00082588196,-0.06370024,-0.05249793,-0.0061741713,0.010875,0.005799797,1.0,,,,,,,,,,,,,,,,,,,,,,,,,,,,,,,,,,,,,,,,,,,
30.0,-0.0023132758607753204,0.013203240931034088,0.0005636215209960938,1.5578659772872925,0.0,1.5604535e-05,-6.002824e-05,0.99943674,0.00030852537,-0.0014005633,-8.967968e-05,0.0018718243,0.0005373955,0.0009224415,0.046217892,0.057544097,0.023140283,0.01125,0.005999775,1.0,,,,,,,,,,,,,,,,,,,,,,,,,,,,,,,,,,,,,,,,,,,
31.0,-0.00231615489472606,0.013629669323563576,0.0005639791488647461,1.5573781728744507,0.0,1.6981601e-05,-6.6181405e-05,0.9994364,0.00033049603,-0.0014767594,-8.885348e-05,0.001606226,0.00031876564,0.0008966923,-0.063698746,-0.05249859,-0.0061727976,0.011625,0.0061997515,1.0,,,,,,,,,,,,,,,,,,,,,,,,,,,,,,,,,,,,,,,,,,,
32.0,-0.0023167473537410847,0.014056173153221607,0.0005643963813781738,1.5568771362304688,0.0,1.8412931e-05,-7.260678e-05,0.999436,0.0003435189,-0.0015420913,-8.792095e-05,0.0017988682,0.0005583763,0.0009930134,0.046212222,0.057553343,0.02313133,0.012,0.006399727,1.0,,,,,,,,,,,,,,,,,,,,,,,,,,,,,,,,,,,,,,,,,,,
33.0,-0.0023196322753690772,0.014482742175459862,0.0005647540092468262,1.5563637018203735,0.0,1.9939382e-05,-7.933711e-05,0.9994356,0.00036634807,-0.0016152784,-8.705381e-05,0.0015332699,0.0003399849,0.0009672642,-0.063697256,-0.052499246,-0.0061714193,0.012375,0.0065997005,1.0,,,,,,,,,,,,,,,,,,,,,,,,,,,,,,,,,,,,,,,,,,,
34.0,-0.0023202300546938206,0.014909419231116772,0.0005651116371154785,1.5558372735977173,0.0,2.152367e-05,-8.632712e-05,0.99943525,0.0003802293,-0.0016776023,-8.594754e-05,0.0017261505,0.00057959557,0.0010635853,0.046206556,0.057562586,0.023122374,0.01275,0.0067996723,1.0,,,,,,,,,,,,,,,,,,,,,,,,,,,,,,,,,,,,,,,,,,,
35.0,-0.0023231203667673996,0.015336142852902412,0.0005654096603393555,1.555298089981079,0.0,2.3206661e-05,-9.360954e-05,0.9994349,0.00040391774,-0.0017477807,-8.512082e-05,0.0014603138,0.00036120415,0.0010378361,-0.063695766,-0.052499905,-0.0061700363,0.013125,0.0069996426,1.0,,,,,,,,,,,,,,,,,,,,,,,,,,,,,,,,,,,,,,,,,,,
36.0,-0.0023237240921356746,0.01576295867562294,0.0005657672882080078,1.554746150970459,0.0,2.4951069e-05,-0.00010113911,0.9994346,0.00041865808,-0.0018070966,-8.418962e-05,0.0016531944,0.0006008148,0.0011341572,0.04620089,0.057571825,0.023113417,0.0135,0.007199611,1.0,,,,,,,,,,,,,,,,,,,,,,,,,,,,,,,,,,,,,,,,,,,
37.0,-0.002326620224467482,0.0161898136138916,0.0005661249160766602,1.554181456565857,0.0,2.6797763e-05,-0.00010894855,0.99943423,0.0004432067,-0.0018742667,-8.35054e-05,0.0013875961,0.0003824234,0.001108408,-0.063694276,-0.05250056,-0.0061686486,0.013875,0.007399578,1.0,,,,,,,,,,,,,,,,,,,,,,,,,,,,,,,,,,,,,,,,,,,
38.0,-0.0023272296116658322,0.016616737470030785,0.0005664825439453125,1.553604006767273,0.0,2.8709459e-05,-0.00011699262,0.9994339,0.00045880704,-0.0019305755,-8.254135e-05,0.0015802383,0.0006220341,0.0012047291,0.046195228,0.057581056,0.023104457,0.01425,0.007599543,1.0,,,,,,,,,,,,,,,,,,,,,,,,,,,,,,,,,,,,,,,,,,,
39.0,-0.002330131733254534,0.01704370602965355,0.0005667805671691895,1.5530136823654175,0.0,3.072703e-05,-0.00012530402,0.9994335,0.00048421693,-0.0019947381,-8.1680504e-05,0.00131464,0.00040364265,0.0011789799,-0.063692786,-0.05250122,-0.0061672567,0.014625,0.0077995057,1.0,,,,,,,,,,,,,,,,,,,,,,,,,,,,,,,,,,,,,,,,,,,
40.0,-0.0023307461382646643,0.01747072860598564,0.0005671381950378418,1.5524104833602905,0.0,3.281319e-05,-0.00013383753,0.9994332,0.0005006782,-0.00204804,-8.0758524e-05,0.0015075207,0.0006432533,0.001275301,0.046189565,0.057590287,0.023095496,0.015,0.007999467,1.0,,,,,,,,,,,,,,,,,,,,,,,,,,,,,,,,,,,,,,,,,,,
41.0,-0.002333654413887428,0.01789776235818863,0.0005674362182617188,1.5517942905426025,0.0,3.5008816e-05,-0.00014262584,0.99943286,0.00052695,-0.002109195,-8.0071404e-05,0.001241684,0.0004248619,0.0012493134,-0.0636913,-0.05250188,-0.0061658598,0.015375,0.008199425,1.0,,,,,,,,,,,,,,,,,,,,,,,,,,,,,,,,,,,,,,,,,,,
42.0,-0.002334274835718693,0.01832486502826214,0.0005677938461303711,1.551164984703064,0.0,3.727662e-05,-0.00015162372,0.99943256,0.00054427306,-0.002159491,-7.9109246e-05,0.0014345646,0.000664711,0.0013456345,0.046183906,0.05759951,0.023086535,0.01575,0.008399382,1.0,,,,,,,,,,,,,,,,,,,,,,,,,,,,,,,,,,,,,,,,,,,
43.0,-0.002337187924777408,0.018751975148916245,0.000568091869354248,1.5505225658416748,0.0,3.9657483e-05,-0.00016086388,0.9994322,0.0005714077,-0.0022176395,-7.8431185e-05,0.0011687279,0.00044631958,0.0013198853,-0.06368982,-0.05250254,-0.006164458,0.016125,0.008599337,1.0,,,,,,,,,,,,,,,,,,,,,,,,,,,,,,,,,,,,,,,,,,,
44.0,-0.0023378139576322008,0.019179129973053932,0.0005684494972229004,1.5498672723770142,0.0,4.2114123e-05,-0.0001703011,0.9994319,0.00058959355,-0.0022649292,-7.74675e-05,0.0013616085,0.00068616867,0.0014162064,0.04617825,0.05760873,0.02307757,0.0165,0.00879929,1.0,,,,,,,,,,,,,,,,,,,,,,,,,,,,,,,,,,,,,,,,,,,
45.0,-0.0023407324989006546,0.019606292247772217,0.0005687475204467773,1.5491983890533447,0.0,4.4687426e-05,-0.00017996805,0.99943155,0.000617592,-0.0023200717,-7.678944e-05,0.0010960102,0.00046777725,0.0013902187,-0.06368834,-0.0525032,-0.0061630523,0.016875,0.008999241,1.0,,,,,,,,,,,,,,,,,,,,,,,,,,,,,,,,,,,,,,,,,,,
46.0,-0.0023413632803888,0.02003343217074871,0.0005690455436706543,1.5485162734985352,0.0,4.7340098e-05,-0.00018981953,0.99943125,0.00063664134,-0.002364356,-7.582635e-05,0.0012886524,0.0007073879,0.0014865398,0.046172597,0.057617947,0.023068603,0.01725,0.009199189,1.0,,,,,,,,,,,,,,,,,,,,,,,,,,,,,,,,,,,,,,,,,,,
47.0,-0.002344287588031197,0.02046063356101513,0.0005694031715393066,1.5478205680847168,0.0,5.011303e-05,-0.00019988825,0.99943095,0.0006655045,-0.0024164927,-7.514778e-05,0.0010230541,0.0004889965,0.0014607906,-0.063686855,-0.052503854,-0.0061616413,0.017625,0.009399135,1.0,,,,,,,,,,,,,,,,,,,,,,,,,,,,,,,,,,,,,,,,,,,
48.0,-0.0023449238759844487,0.020887795835733414,0.0005697011947631836,1.5471113920211792,0.0,5.2968942e-05,-0.00021012897,0.9994306,0.00068541826,-0.0024577721,-7.436938e-05,0.0012156963,0.0007288456,0.0015568733,0.046166945,0.05762716,0.023059636,0.018,0.009599078,1.0,,,,,,,,,,,,,,,,,,,,,,,,,,,,,,,,,,,,,,,,,,,
49.0,-0.002347853409420434,0.021315012127161026,0.0005699992179870605,1.5463886260986328,0.0,5.594872e-05,-0.00022057441,0.9994303,0.0007151471,-0.0025069038,-7.3463125e-05,0.0009498596,0.0005104542,0.0015311241,-0.06368537,-0.052504513,-0.0061602257,0.018375,0.009799019,1.0,,,,,,,,,,,,,,,,,,,,,,,,,,,,,,,,,,,,,,,,,,,
50.0,-0.0023484951567225975,0.02174214832484722,0.0005702972412109375,1.545651912689209,0.0,5.901508e-05,-0.00023117932,0.99943,0.00073592615,-0.0025451789,-7.273878e-05,0.0011427402,0.00075030327,0.0016272068,0.046161294,0.05763637,0.023050666,0.01875,0.009998959,1.0,,,,,,,,,,,,,,,,,,,,,,,,,,,,,,,,,,,,,,,,,,,
51.0,-0.0023514295181377267,0.022169336676597595,0.0005705952644348145,1.5449010133743286,0.0,6.220892e-05,-0.00024197642,0.9994297,0.0007665213,-0.0025913056,-7.200343e-05,0.00087690353,0.00053215027,0.0016014576,-0.0636839,-0.052505173,-0.006158806,0.019125,0.010198895,1.0,,,,,,,,,,,,,,,,,,,,,,,,,,,,,,,,,,,,,,,,,,,
52.0,-0.002352076178963908,0.022596482187509537,0.0005708932876586914,1.5441362857818604,0.0,6.5492946e-05,-0.0002529205,0.9994294,0.0007881666,-0.002626577,-7.123956e-05,0.0010697842,0.00077199936,0.0016975403,0.046155646,0.05764557,0.023041695,0.0195,0.010398828,1.0,,,,,,,,,,,,,,,,,,,,,,,,,,,,,,,,,,,,,,,,,,,
53.0,-0.0023550159204520434,0.023023616522550583,0.0005711913108825684,1.5433571338653564,0.0,6.890807e-05,-0.00026404424,0.9994291,0.0008196291,-0.0026696993,-7.051313e-05,0.00080394745,0.00055360794,0.0016717911,-0.06368242,-0.052505832,-0.0061573815,0.019875,0.010598759,1.0,,,,,,,,,,,,,,,,,,,,,,,,,,,,,,,,,,,,,,,,,,,
54.0,-0.0023556674546855506,0.02345070242881775,0.0005714297294616699,1.5425636768341064,0.0,7.241699e-05,-0.00027530245,0.9994288,0.00084214145,-0.0027019673,-6.974777e-05,0.0009965897,0.00079345703,0.0017678738,0.04615,0.057654772,0.023032721,0.02025,0.010798688,1.0,,,,,,,,,,,,,,,,,,,,,,,,,,,,,,,,,,,,,,,,,,,
55.0,-0.002358612727874751,0.02387779951095581,0.0005717277526855469,1.5417555570602417,0.0,7.606063e-05,-0.0002867278,0.9994286,0.00087447214,-0.0027420856,-6.902133e-05,0.00073099136,0.0005750656,0.0017418861,-0.06368095,-0.05250649,-0.006155952,0.020625,0.010998613,1.0,,,,,,,,,,,,,,,,,,,,,,,,,,,,,,,,,,,,,,,,,,,
56.0,-0.0023592689676388725,0.024304818361997604,0.0005720257759094238,1.5409326553344727,0.0,7.980168e-05,-0.0002982751,0.9994283,0.0008978524,-0.0027713506,-6.844053e-05,0.0009236336,0.0008151531,0.0018379688,0.046144355,0.057663966,0.023023747,0.021,0.0111985365,1.0,,,,,,,,,,,,,,,,,,,,,,,,,,,,,,,,,,,,,,,,,,,
57.0,-0.002362218953913967,0.024731796234846115,0.0005723237991333008,1.5400949716567993,0.0,8.368106e-05,-0.00030997704,0.999428,0.0009310522,-0.0028084659,-6.767039e-05,0.0006580353,0.0005967617,0.0018122196,-0.06367947,-0.05250715,-0.006154518,0.021375,0.011398457,1.0,,,,,,,,,,,,,,,,,,,,,,,,,,,,,,,,,,,,,,,,,,,
58.0,-0.002362880419428072,0.025158751755952835,0.0005725622177124023,1.539241909980774,0.0,8.766148e-05,-0.0003217884,0.9994277,0.00095530145,-0.0028347285,-6.6916495e-05,0.0008506775,0.0008368492,0.0019083023,0.046138715,0.057673156,0.02301477,0.02175,0.011598374,1.0,,,,,,,,,,,,,,,,,,,,,,,,,,,,,,,,,,,,,,,,,,,
59.0,-0.0023658354957710364,0.02558564580976963,0.0005728602409362793,1.538373589515686,0.0,9.178386e-05,-0.00033374192,0.99942744,0.0009893712,-0.002868841,-6.6186636e-05,0.0005848408,0.0006184578,0.0018823147,-0.063678,-0.05250781,-0.0061530797,0.022125,0.011798289,1.0,,,,,,,,,,,,,,,,,,,,,,,,,,,,,,,,,,,,,,,,,,,
60.0,-0.002366501660890212,0.026012498885393143,0.0005730986595153809,1.5374897718429565,0.0,9.60109e-05,-0.00034579233,0.99942714,0.00101449,-0.0028921014,-6.560784e-05,0.000777483,0.0008585453,0.0019783974,0.046133075,0.05768234,0.023005793,0.0225,0.0119982,1.0,,,,,,,,,,,,,,,,,,,,,,,,,,,,,,,,,,,,,,,,,,,
61.0,-0.0023694612913889696,0.026439279317855835,0.0005733966827392578,1.536590337753296,0.0,0.000100383535,-0.00035797237,0.9994269,0.0010494306,-0.0029232115,-6.483652e-05,0.0005118847,0.0006401539,0.0019526482,-0.06367653,-0.052508473,-0.0061516366,0.022875,0.012198108,1.0,,,,,,,,,,,,,,,,,,,,,,,,,,,,,,,,,,,,,,,,,,,
62.0,-0.002370364238479951,0.026865985244512558,0.0005736351013183594,1.535674810409546,0.0,0.00010486445,-0.00037023684,0.9994266,0.0010754201,-0.0029434706,-6.426805e-05,0.0007045269,0.0008802414,0.0020484924,0.046127435,0.057691522,0.022996811,0.02325,0.012398014,1.0,,,,,,,,,,,,,,,,,,,,,,,,,,,,,,,,,,,,,,,,,,,
63.0,-0.002373560389400161,0.027292614802718163,0.0005739331245422363,1.5347434282302856,0.0,0.000109494584,-0.00038261843,0.99942636,0.0011112323,-0.0029715789,-6.3493935e-05,0.0004386902,0.0007531643,0.0020227432,-0.06371993,-0.030600429,-0.006134754,0.023625,0.012597917,1.0,,,,,,,,,,,,,,,,,,,,,,,,,,,,,,,,,,,,,,,,,,,
64.0,-0.0023744682356379126,0.027719149366021156,0.0005741715431213379,1.5337953567504883,0.0,0.00011425219,-0.00039507187,0.99942607,0.0011418246,-0.0029888295,-6.292938e-05,0.0006313324,0.0010845661,0.002118826,0.046079937,0.079604395,0.022993203,0.024,0.012797816,1.0,,,,,,,,,,,,,,,,,,,,,,,,,,,,,,,,,,,,,,,,,,,
65.0,-0.0023776686294252358,0.02814556285738945,0.0005744099617004395,1.5328311920166016,0.0,0.00011919373,-0.00040762988,0.9994258,0.0011859707,-0.0030139212,-6.215875e-05,0.0003657341,0.000957489,0.0020930767,-0.063722774,-0.030611325,-0.0061233626,0.024375,0.012997712,1.0,,,,,,,,,,,,,,,,,,,,,,,,,,,,,,,,,,,,,,,,,,,
66.0,-0.0023785811260476682,0.02857186272740364,0.0005747079849243164,1.5318502187728882,0.0,0.00012429745,-0.0004202472,0.9994256,0.0012248931,-0.0030281555,-6.15931e-05,0.0005583763,0.0012888908,0.002188921,0.046075292,0.07960336,0.02297408,0.02475,0.013197605,1.0,,,,,,,,,,,,,,,,,,,,,,,,,,,,,,,,,,,,,,,,,,,
67.0,-0.002381785711362862,0.02899795211851597,0.000574946403503418,1.5308520793914795,0.0,0.00012961982,-0.00043295647,0.9994253,0.001277367,-0.0030502297,-6.100889e-05,0.0002925396,0.0011618137,0.0021631718,-0.06372561,-0.030622218,-0.006111969,0.025125,0.013397493,1.0,,,,,,,,,,,,,,,,,,,,,,,,,,,,,,,,,,,,,,,,,,,
68.0,-0.0023827018022151247,0.02942388691008091,0.0005751848220825195,1.5298367738723755,0.0,0.00013513904,-0.0004457125,0.99942505,0.0013246143,-0.0030614473,-6.021524e-05,0.0004851818,0.0014929771,0.002259016,0.046070643,0.079602316,0.022954958,0.0255,0.013597379,1.0,,,,,,,,,,,,,,,,,,,,,,,,,,,,,,,,,,,,,,,,,,,
69.0,-0.0023859115842115217,0.02984962798655033,0.0005754232406616211,1.528804063796997,0.0,0.00014091158,-0.00045854793,0.9994248,0.0013854102,-0.0030805038,-5.9686747e-05,0.0002193451,0.0013659,0.0022332668,-0.06372845,-0.030633105,-0.006100573,0.025875,0.013797263,1.0,,,,,,,,,,,,,,,,,,,,,,,,,,,,,,,,,,,,,,,,,,,
70.0,-0.0023868313751037157,0.030275139957666397,0.0005756616592407227,1.5277537107467651,0.0,0.00014691566,-0.00047141756,0.9994246,0.001440976,-0.0030887038,-5.9063714e-05,0.00041222572,0.0016973019,0.002329111,0.046065997,0.07960128,0.022935841,0.02625,0.013997142,1.0,,,,,,,,,,,,,,,,,,,,,,,,,,,,,,,,,,,,,,,,,,,
71.0,-0.0023900439008345833,0.03070046938955784,0.0005759000778198242,1.5266857147216797,0.0,0.00015320769,-0.00048435398,0.99942434,0.0015100886,-0.003104742,-5.8497353e-05,0.00014615059,0.0015702248,0.002303362,-0.06373129,-0.030643987,-0.006089175,0.026625,0.014197018,1.0,,,,,,,,,,,,,,,,,,,,,,,,,,,,,,,,,,,,,,,,,,,
72.0,-0.0023909678762115234,0.031125500798225403,0.0005761384963989258,1.5255995988845825,0.0,0.00015976588,-0.000497312,0.9994241,0.0015739674,-0.0031099238,-5.788294e-05,0.00033903122,0.0019013882,0.0023992062,0.04606135,0.07960024,0.022916727,0.027,0.01439689,1.0,,,,,,,,,,,,,,,,,,,,,,,,,,,,,,,,,,,,,,,,,,,
73.0,-0.0023941845857694236,0.031550295650959015,0.0005763769149780273,1.5244951248168945,0.0,0.00016664669,-0.00051032426,0.99942386,0.0016513908,-0.0031229428,-5.731674e-05,7.3194504e-05,0.0017743111,0.0023732185,-0.063734114,-0.030654864,-0.0060777753,0.027375,0.014596758,1.0,,,,,,,,,,,,,,,,,,,,,,,,,,,,,,,,,,,,,,,,,,,
74.0,-0.0023952531166651085,0.03197477385401726,0.0005766153335571289,1.5233722925186157,0.0,0.00017382824,-0.00052334554,0.9994236,0.0017235769,-0.0031251062,-5.670202e-05,0.00026583672,0.0021054745,0.0024690628,0.046056703,0.079599194,0.022897618,0.02775,0.014796623,1.0,,,,,,,,,,,,,,,,,,,,,,,,,,,,,,,,,,,,,,,,,,,
75.0,-0.002398331636288425,0.032398976385593414,0.0005768537521362305,1.5222307443618774,0.0,0.00018136702,-0.00053640845,0.9994234,0.0018093054,-0.0031351056,-5.6138084e-05,0.0,0.0019783974,0.0024433136,-0.06373694,-0.030665739,-0.006066373,0.028125,0.014996485,1.0,,,,,,,,,,,,,,,,,,,,,,,,,,,,,,,,,,,,,,,,,,,
76.0,-0.002399775091098283,0.03282281011343002,0.000577092170715332,1.5210703611373901,0.0,0.00018924115,-0.00054946786,0.99942315,0.0018897931,-0.0031342495,-5.5522567e-05,0.00019264221,0.0023095608,0.0025389194,0.046052054,0.07959815,0.02287851,0.0285,0.015196342,1.0,,,,,,,,,,,,,,,,,,,,,,,,,,,,,,,,,,,,,,,,,,,
77.0,-0.0024024853295937254,0.033246349543333054,0.0005773305892944336,1.5198907852172852,0.0,0.00019750708,-0.00056255626,0.9994229,0.001983821,-0.0031412288,-5.4960998e-05,-7.3194504e-05,0.0021824837,0.0025131702,-0.063739754,-0.030676605,-0.0060549686,0.028875,0.015396195,1.0,,,,,,,,,,,,,,,,,,,,,,,,,,,,,,,,,,,,,,,,,,,
78.0,-0.0024043029327009335,0.03366949409246445,0.0005775094032287598,1.518692135810852,0.0,0.00020614293,-0.0005756286,0.99942267,0.0020726046,-0.0031373529,-5.434466e-05,0.00011944771,0.002513647,0.002608776,0.046047408,0.079597116,0.02285941,0.02925,0.015596046,1.0,,,,,,,,,,,,,,,,,,,,,,,,,,,,,,,,,,,,,,,,,,,
79.0,-0.0024067070524975737,0.03409226983785629,0.0005777478218078613,1.5174741744995117,0.0,0.00021520513,-0.0005887174,0.9994225,0.0021749262,-0.0031413112,-5.3785465e-05,-0.00014638901,0.0023863316,0.002583027,-0.06374257,-0.030687468,-0.006043562,0.029625,0.015795892,1.0,,,,,,,,,,,,,,,,,,,,,,,,,,,,,,,,,,,,,,,,,,,
80.0,-0.002408837154456964,0.034514665603637695,0.0005779862403869629,1.5162365436553955,0.0,0.00022467179,-0.00060177746,0.99942225,0.0022719994,-0.003134415,-5.335227e-05,4.6253204e-05,0.002717495,0.0026786327,0.046042763,0.07959607,0.022840312,0.03,0.015995733,1.0,,,,,,,,,,,,,,,,,,,,,,,,,,,,,,,,,,,,,,,,,,,
81.0,-0.0024111049074062667,0.03493661433458328,0.0005781650543212891,1.5149790048599243,0.0,0.00023459933,-0.0006148414,0.999422,0.002382609,-0.003135352,-5.275226e-05,-0.00021982193,0.0025904179,0.0026528835,-0.06374538,-0.030698327,-0.0060321535,0.030375,0.016195571,1.0,,,,,,,,,,,,,,,,,,,,,,,,,,,,,,,,,,,,,,,,,,,
82.0,-0.002413376025026174,0.035358160734176636,0.0005784034729003906,1.5137016773223877,0.0,0.00024496586,-0.00062786404,0.99942183,0.0024879673,-0.0031254347,-5.214441e-05,-2.69413e-05,0.0029213428,0.0027484894,0.046038117,0.07959503,0.022821218,0.03075,0.016395405,1.0,,,,,,,,,,,,,,,,,,,,,,,,,,,,,,,,,,,,,,,,,,,
83.0,-0.0024156462272374867,0.0357792042195797,0.0005786418914794922,1.512404441833496,0.0,0.00025582776,-0.00064087805,0.9994216,0.0026068585,-0.0031233497,-5.1771553e-05,-0.00029301643,0.0027942657,0.0027227402,-0.06374818,-0.030709181,-0.0060207425,0.031125,0.016595235,1.0,,,,,,,,,,,,,,,,,,,,,,,,,,,,,,,,,,,,,,,,,,,
84.0,-0.002417919655818075,0.03619983792304993,0.0005788207054138184,1.5110867023468018,0.0,0.00026716315,-0.00065383804,0.99942136,0.0027204957,-0.0031104106,-5.111011e-05,-0.0001001358,0.0031254292,0.0028181076,0.046033468,0.07959399,0.022802128,0.0315,0.016795062,1.0,,,,,,,,,,,,,,,,,,,,,,,,,,,,,,,,,,,,,,,,,,,
85.0,-0.002420191910466352,0.03661992400884628,0.0005790591239929199,1.509748935699463,0.0,0.00027902843,-0.00066677685,0.9994212,0.0028476638,-0.003105303,-5.056805e-05,-0.00036621094,0.0029981136,0.0027923584,-0.06375098,-0.030720029,-0.0060093296,0.031875,0.016994882,1.0,,,,,,,,,,,,,,,,,,,,,,,,,,,,,,,,,,,,,,,,,,,
86.0,-0.0024224677205086816,0.03703954070806503,0.0005792379379272461,1.5083904266357422,0.0,0.00029140167,-0.00067964906,0.99942094,0.0029695733,-0.0030893418,-5.0130027e-05,-0.00017356873,0.0033290386,0.0028879642,0.046028823,0.07959295,0.02278304,0.03225,0.0171947,1.0,,,,,,,,,,,,,,,,,,,,,,,,,,,,,,,,,,,,,,,,,,,
87.0,-0.0024247417299551057,0.0374586284160614,0.0005794763565063477,1.5070112943649292,0.0,0.0003043392,-0.00069248746,0.99942076,0.0031050127,-0.0030812111,-4.953769e-05,-0.00043940544,0.0032019615,0.0028619766,-0.063753776,-0.030730873,-0.005997915,0.032625,0.017394513,1.0,,,,,,,,,,,,,,,,,,,,,,,,,,,,,,,,,,,,,,,,,,,
88.0,-0.0024270188706945056,0.0378771610558033,0.0005796551704406738,1.505611538887024,0.0,0.00031781915,-0.00070524676,0.9994205,0.0032351892,-0.003062227,-4.9111208e-05,-0.00024676323,0.0035328865,0.0029575825,0.046024177,0.07959191,0.022763956,0.033,0.01759432,1.0,,,,,,,,,,,,,,,,,,,,,,,,,,,,,,,,,,,,,,,,,,,
89.0,-0.002429294574240268,0.03829513117671013,0.000579833984375,1.5041909217834473,0.0,0.00033189787,-0.00071795954,0.99942034,0.0033788937,-0.0030510726,-4.8518345e-05,-0.00051283836,0.003405571,0.0029315948,-0.06375656,-0.030741712,-0.0059864973,0.033375,0.017794127,1.0,,,,,,,,,,,,,,,,,,,,,,,,,,,,,,,,,,,,,,,,,,,
90.0,-0.0024315732263533135,0.0387125238776207,0.0005800724029541016,1.5027494430541992,0.0,0.00034655342,-0.00073058065,0.99942017,0.003517332,-0.0030290652,-4.809171e-05,-0.00031995773,0.0037367344,0.0030272007,0.04601953,0.079590864,0.022744877,0.03375,0.017993925,1.0,,,,,,,,,,,,,,,,,,,,,,,,,,,,,,,,,,,,,,,,,,,
91.0,-0.0024338502407472073,0.03912930563092232,0.0005802512168884277,1.5012867450714111,0.0,0.00036184216,-0.0007431427,0.9994199,0.0036692952,-0.0030148863,-4.768503e-05,-0.00058603287,0.0036094189,0.003001213,-0.06375935,-0.030752545,-0.005975078,0.034125,0.018193722,1.0,,,,,,,,,,,,,,,,,,,,,,,,,,,,,,,,,,,,,,,,,,,
92.0,-0.00243612982262287,0.03954548016190529,0.0005804300308227539,1.4998034238815308,0.0,0.00037774214,-0.0007556004,0.99941975,0.0038159902,-0.0029898547,-4.7030455e-05,-0.00039339066,0.003940344,0.0030965805,0.046014886,0.07958982,0.022725802,0.0345,0.018393511,1.0,,,,,,,,,,,,,,,,,,,,,,,,,,,,,,,,,,,,,,,,,,,
93.0,-0.00243840775120329,0.03996102139353752,0.0005806088447570801,1.4982986450195312,0.0,0.00039430964,-0.00076798646,0.99941957,0.0039762068,-0.002972651,-4.667946e-05,-0.0006594658,0.0038130283,0.0030708313,-0.06376213,-0.030763375,-0.0059636566,0.034875,0.018593298,1.0,,,,,,,,,,,,,,,,,,,,,,,,,,,,,,,,,,,,,,,,,,,
94.0,-0.002440688480887699,0.040375880897045135,0.0005808472633361816,1.4967727661132812,0.0,0.00041152278,-0.0007802556,0.9994194,0.0041311514,-0.002944595,-4.6195513e-05,-0.00046658516,0.0041439533,0.0031661987,0.04601024,0.07958878,0.02270673,0.03525,0.01879308,1.0,,,,,,,,,,,,,,,,,,,,,,,,,,,,,,,,,,,,,,,,,,,
95.0,-0.002442966804337436,0.04079011455178261,0.0005810260772705078,1.4952256679534912,0.0,0.00042943785,-0.00079244043,0.99941915,0.004299616,-0.0029243657,-4.580663e-05,-0.0007328987,0.004016638,0.003140211,-0.0637649,-0.030774198,-0.005952233,0.035625,0.018992856,1.0,,,,,,,,,,,,,,,,,,,,,,,,,,,,,,,,,,,,,,,,,,,
96.0,-0.0024452481488113137,0.04120362550020218,0.000581204891204834,1.4936573505401611,0.0,0.00044803286,-0.0008044958,0.999419,0.0044628056,-0.0028932842,-4.5147353e-05,-0.0005400181,0.004347563,0.0032355785,0.046005595,0.079587735,0.022687664,0.036,0.019192629,1.0,,,,,,,,,,,,,,,,,,,,,,,,,,,,,,,,,,,,,,,,,,,
97.0,-0.00244752710438479,0.04161643236875534,0.0005813837051391602,1.4920676946640015,0.0,0.00046736418,-0.00081645424,0.9994188,0.0046395124,-0.0028700288,-4.4801804e-05,-0.0008060932,0.0042202473,0.0032098293,-0.06376767,-0.030785019,-0.0059408075,0.036375,0.019392395,1.0,,,,,,,,,,,,,,,,,,,,,,,,,,,,,,,,,,,,,,,,,,,
98.0,-0.002449808021381786,0.04202850162982941,0.0005815625190734863,1.4904568195343018,0.0,0.00048740976,-0.0008282706,0.9994186,0.00481094,-0.002835922,-4.431605e-05,-0.000613451,0.0045511723,0.0033049583,0.04600095,0.07958669,0.0226686,0.03675,0.019592158,1.0,,,,,,,,,,,,,,,,,,,,,,,,,,,,,,,,,,,,,,,,,,,
99.0,-0.0024520869319840347,0.04243985936045647,0.0005817413330078125,1.4888246059417725,0.0,0.00050822593,-0.0008399774,0.99941844,0.0049958834,-0.0028096398,-4.393194e-05,-0.00087952614,0.0044238567,0.0032792091,-0.063770436,-0.030795833,-0.0059293797,0.037125,0.019791916,1.0,,,,,,,,,,,,,,,,,,,,,,,,,,,,,,,,,,,,,,,,,,,
100.0,-0.0024543679403326696,0.042850423604249954,0.0005819201469421387,1.4871711730957031,0.0,0.0005297907,-0.00085152953,0.99941826,0.005175544,-0.0027725066,-4.345497e-05,-0.0006868839,0.0047547817,0.0033743382,0.045996305,0.07958565,0.02264954,0.0375,0.019991668,1.0,,,,,,,,,,,,,,,,,,,,,,,,,,,,,,,,,,,,,,,,,,,
101.0,-0.002456646000905831,0.043260227888822556,0.0005820989608764648,1.4854965209960938,0.0,0.0005521604,-0.00086295954,0.9994181,0.005368718,-0.0027431971,-4.307097e-05,-0.00095295906,0.004627228,0.003348589,-0.06377319,-0.030806644,-0.0059179496,0.037875,0.020191416,1.0,,,,,,,,,,,,,,,,,,,,,,,,,,,,,,,,,,,,,,,,,,,
102.0,-0.0024589267775764253,0.043669193983078,0.000582277774810791,1.4838006496429443,0.0,0.0005753129,-0.0008742222,0.9994179,0.0055566058,-0.0027030369,-4.2593707e-05,-0.00076007843,0.004958153,0.003443718,0.04599166,0.079584606,0.022630483,0.03825,0.020391157,1.0,,,,,,,,,,,,,,,,,,,,,,,,,,,,,,,,,,,,,,,,,,,
103.0,-0.002461204222522403,0.044077351689338684,0.0005824565887451172,1.4820836782455444,0.0,0.00059930456,-0.0008853501,0.9994177,0.005758005,-0.0026706997,-4.221195e-05,-0.001026392,0.0048308372,0.0034177303,-0.06377595,-0.03081745,-0.0059065176,0.038625,0.020590896,1.0,,,,,,,,,,,,,,,,,,,,,,,,,,,,,,,,,,,,,,,,,,,
104.0,-0.0024634833553278794,0.04448468238115311,0.0005826354026794434,1.4803454875946045,0.0,0.00062411337,-0.0008962981,0.99941754,0.0059541147,-0.002627512,-4.1733892e-05,-0.00083351135,0.0051617622,0.0035128593,0.045987014,0.07958356,0.02261143,0.039,0.020790627,1.0,,,,,,,,,,,,,,,,,,,,,,,,,,,,,,,,,,,,,,,,,,,
105.0,-0.002465759773968427,0.044891148805618286,0.0005828142166137695,1.4785863161087036,0.0,0.0006497956,-0.0009070987,0.99941736,0.006163733,-0.0025921464,-4.1354488e-05,-0.0010998249,0.0050342083,0.0034871101,-0.0637787,-0.030828249,-0.0058950833,0.039375,0.020990355,1.0,,,,,,,,,,,,,,,,,,,,,,,,,,,,,,,,,,,,,,,,,,,
106.0,-0.0024680383928357085,0.04529676213860512,0.0005829930305480957,1.4768061637878418,0.0,0.0006763292,-0.0009177067,0.9994172,0.0063680583,-0.0025459307,-4.0875617e-05,-0.0009069443,0.0053651333,0.0035822392,0.04598237,0.07958252,0.022592383,0.03975,0.021190077,1.0,,,,,,,,,,,,,,,,,,,,,,,,,,,,,,,,,,,,,,,,,,,
107.0,-0.0024703129324634794,0.04570148512721062,0.0005831122398376465,1.4750053882598877,0.0,0.0007037704,-0.0009281548,0.999417,0.0065858904,-0.0025075362,-4.0498573e-05,-0.0011732578,0.0052375793,0.0035562515,-0.06378144,-0.030839045,-0.005883647,0.040125,0.021389794,1.0,,,,,,,,,,,,,,,,,,,,,,,,,,,,,,,,,,,,,,,,,,,
108.0,-0.0024725894076831913,0.0461052767932415,0.0005832910537719727,1.4731837511062622,0.0,0.0007320972,-0.00093839766,0.9994169,0.0067984257,-0.0024582918,-4.001888e-05,-0.0009803772,0.0055685043,0.0036513805,0.045977723,0.07958148,0.022573337,0.0405,0.021589505,1.0,,,,,,,,,,,,,,,,,,,,,,,,,,,,,,,,,,,,,,,,,,,
109.0,-0.0024748620136068674,0.04650815203785896,0.0005834698677062988,1.4713414907455444,0.0,0.00076136575,-0.00094846793,0.9994167,0.0070244647,-0.0024168678,-3.9828155e-05,-0.0012466908,0.0054409504,0.003625393,-0.06378418,-0.030849835,-0.0058722086,0.040875,0.02178921,1.0,,,,,,,,,,,,,,,,,,,,,,,,,,,,,,,,,,,,,,,,,,,
110.0,-0.0024771369349618167,0.046910084784030914,0.000583648681640625,1.469478726387024,0.0,0.0007915541,-0.00095832045,0.99941653,0.0072452044,-0.0023645943,-3.930446e-05,-0.0010538101,0.005771637,0.003720522,0.045973077,0.07958043,0.022554295,0.04125,0.02198891,1.0,,,,,,,,,,,,,,,,,,,,,,,,,,,,,,,,,,,,,,,,,,,
111.0,-0.0024794072822664458,0.04731103032827377,0.0005837678909301758,1.4675956964492798,0.0,0.0008227185,-0.0009679877,0.99941635,0.0074794465,-0.0023201401,-3.8942275e-05,-0.0013201237,0.005644083,0.0036945343,-0.06378692,-0.030860621,-0.0058607683,0.041625,0.022188606,1.0,,,,,,,,,,,,,,,,,,,,,,,,,,,,,,,,,,,,,,,,,,,
112.0,-0.0024816792749385885,0.04771103709936142,0.000583946704864502,1.465692162513733,0.0,0.0008548367,-0.0009774246,0.99941623,0.0077083847,-0.0022648368,-3.845856e-05,-0.0011274815,0.005975008,0.0037896633,0.045968436,0.07957939,0.022535259,0.042,0.022388294,1.0,,,,,,,,,,,,,,,,,,,,,,,,,,,,,,,,,,,,,,,,,,,
113.0,-0.00248394720567171,0.048110008239746094,0.0005841255187988281,1.4637686014175415,0.0,0.00088796514,-0.0009866635,0.99941605,0.007950822,-0.0022173522,-3.827312e-05,-0.001393795,0.005847454,0.0037636757,-0.06378964,-0.030871402,-0.0058493256,0.042375,0.022587977,1.0,,,,,,,,,,,,,,,,,,,,,,,,,,,,,,,,,,,,,,,,,,,
114.0,-0.002486216525239925,0.048507966101169586,0.0005842447280883789,1.4618251323699951,0.0,0.00092208164,-0.0009956594,0.9994159,0.008187952,-0.0021590188,-3.7747643e-05,-0.0012009144,0.0061781406,0.0038585663,0.04596379,0.07957835,0.022516225,0.04275,0.022787657,1.0,,,,,,,,,,,,,,,,,,,,,,,,,,,,,,,,,,,,,,,,,,,
115.0,-0.0024884812674978996,0.0489049032330513,0.0005844235420227051,1.4598619937896729,0.0,0.0009572424,-0.0010044448,0.99941576,0.008438582,-0.0021085027,-3.739021e-05,-0.0014672279,0.0060505867,0.0038325787,-0.06379237,-0.030882178,-0.005837881,0.043125,0.022987328,1.0,,,,,,,,,,,,,,,,,,,,,,,,,,,,,,,,,,,,,,,,,,,
116.0,-0.002490746962848951,0.049300774931907654,0.0005845427513122559,1.4578793048858643,0.0,0.0009934253,-0.0010129745,0.9994156,0.0086838985,-0.0020471385,-3.7088812e-05,-0.0012743473,0.0063815117,0.0039274693,0.045959145,0.079577304,0.022497194,0.0435,0.023186995,1.0,,,,,,,,,,,,,,,,,,,,,,,,,,,,,,,,,,,,,,,,,,,
117.0,-0.0024930085638272008,0.049695584923028946,0.000584721565246582,1.455877423286438,0.0,0.0010306867,-0.0010212812,0.99941546,0.008942712,-0.0019935907,-3.6680933e-05,-0.0015406609,0.0062537193,0.00390172,-0.06379509,-0.03089295,-0.005826434,0.043875,0.023386655,1.0,,,,,,,,,,,,,,,,,,,,,,,,,,,,,,,,,,,,,,,,,,,
118.0,-0.0024952703706521808,0.050089281052351,0.0005848646396771073,1.4538564682006836,0.0,0.0010690042,-0.0010293195,0.9994153,0.009196211,-0.0019291954,-3.6391113e-05,-0.0013480186,0.0065846443,0.0039966106,0.045954503,0.07957626,0.022478169,0.04425,0.02358631,1.0,,,,,,,,,,,,,,,,,,,,,,,,,,,,,,,,,,,,,,,,,,,
119.0,-0.002497528205643108,0.0504818931221962,0.000585019588470459,1.4518163204193115,0.0,0.0011084342,-0.0010371221,0.99941516,0.009463203,-0.0018726152,-3.5982684e-05,-0.0016143322,0.006456852,0.003970623,-0.0637978,-0.030903716,-0.0058149854,0.044625,0.02378596,1.0,,,,,,,,,,,,,,,,,,,,,,,,,,,,,,,,,,,,,,,,,,,
120.0,-0.0024997863687633588,0.050873350352048874,0.0005851387977600098,1.4497573375701904,0.0,0.0011489545,-0.0010446437,0.999415,0.009724877,-0.0018051879,-3.5692723e-05,-0.0014214516,0.0067875385,0.004065275,0.045949858,0.07957521,0.022459146,0.045,0.023985602,1.0,,,,,,,,,,,,,,,,,,,,,,,,,,,,,,,,,,,,,,,,,,,
121.0,-0.002502039815107987,0.05126369744539261,0.0005853176116943359,1.447680115699768,0.0,0.0011906213,-0.0010519169,0.99941486,0.010000043,-0.001745575,-3.5286488e-05,-0.0016877651,0.0066599846,0.004039526,-0.063800514,-0.030914478,-0.0058035343,0.045375,0.02418524,1.0,,,,,,,,,,,,,,,,,,,,,,,,,,,,,,,,,,,,,,,,,,,
122.0,-0.0025042930384025414,0.05165284872055054,0.0005854368209838867,1.4455844163894653,0.0,0.0012334125,-0.0010588965,0.9994147,0.010269886,-0.0016751152,-3.4995748e-05,-0.0014951229,0.006990671,0.004134178,0.045945212,0.07957417,0.022440128,0.04575,0.024384871,1.0,,,,,,,,,,,,,,,,,,,,,,,,,,,,,,,,,,,,,,,,,,,
123.0,-0.002506541852210789,0.052040863782167435,0.0005856156349182129,1.44347083568573,0.0,0.0012773842,-0.0010656152,0.99941456,0.01055322,-0.001612469,-3.459186e-05,-0.0017614365,0.006862879,0.0041081905,-0.06380322,-0.030925235,-0.0057920814,0.046125,0.024584496,1.0,,,,,,,,,,,,,,,,,,,,,,,,,,,,,,,,,,,,,,,,,,,
124.0,-0.0025087906734718047,0.052427638322114944,0.0005857348442077637,1.441339135169983,0.0,0.0013225144,-0.0010720276,0.9994144,0.010831227,-0.0015389762,-3.43003e-05,-0.0015685558,0.0071935654,0.004203081,0.04594057,0.079573125,0.022421112,0.0465,0.024784114,1.0,,,,,,,,,,,,,,,,,,,,,,,,,,,,,,,,,,,,,,,,,,,
125.0,-0.0025110341293616808,0.05281319469213486,0.0005858540534973145,1.439190149307251,0.0,0.0013688591,-0.0010781663,0.99941427,0.011122722,-0.0014732961,-3.3898763e-05,-0.0018351078,0.007065773,0.0041770935,-0.06380592,-0.030935986,-0.0057806266,0.046875,0.024983726,1.0,,,,,,,,,,,,,,,,,,,,,,,,,,,,,,,,,,,,,,,,,,,
126.0,-0.002513278242742123,0.05319756269454956,0.0005860328674316406,1.4370238780975342,0.0,0.0014163961,-0.0010839861,0.99941415,0.011408887,-0.0013967699,-3.360639e-05,-0.0016422272,0.007396698,0.0042717457,0.045935925,0.07957208,0.022402102,0.04725,0.025183333,1.0,,,,,,,,,,,,,,,,,,,,,,,,,,,,,,,,,,,,,,,,,,,
127.0,-0.002515516189792296,0.053580641746520996,0.0005861520767211914,1.4348400831222534,0.0,0.0014651817,-0.0010895197,0.99941397,0.011708537,-0.0013280556,-3.3391163e-05,-0.0019087791,0.0072689056,0.004245758,-0.06380861,-0.030946733,-0.005769169,0.047625,0.025382934,1.0,,,,,,,,,,,,,,,,,,,,,,,,,,,,,,,,,,,,,,,,,,,
128.0,-0.0025177540393104964,0.053962450474500656,0.0005862712860107422,1.4326395988464355,0.0,0.0015151936,-0.0010947218,0.99941385,0.0120028565,-0.0012484951,-3.2870827e-05,-0.0017158985,0.007599592,0.00434041,0.045931283,0.07957103,0.022383094,0.048,0.025582528,1.0,,,,,,,,,,,,,,,,,,,,,,,,,,,,,,,,,,,,,,,,,,,
129.0,-0.002519986289719315,0.05434298515319824,0.0005864500999450684,1.4304226636886597,0.0,0.001566488,-0.0010996249,0.9994137,0.012310656,-0.0011767461,-3.2711272e-05,-0.001982212,0.0074718,0.0043144226,-0.0638113,-0.030957477,-0.00575771,0.048375,0.025782114,1.0,,,,,,,,,,,,,,,,,,,,,,,,,,,,,,,,,,,,,,,,,,,
130.0,-0.002522217724524166,0.05472220852971077,0.0005865693092346191,1.4281892776489258,0.0,0.0016190426,-0.0011041838,0.99941355,0.01261312,-0.0010941512,-3.2361564e-05,-0.0017895699,0.0078024864,0.004409075,0.045926638,0.07956999,0.022364091,0.04875,0.025981696,1.0,,,,,,,,,,,,,,,,,,,,,,,,,,,,,,,,,,,,,,,,,,,
131.0,-0.002524443897941403,0.05510009080171585,0.0005866885185241699,1.425939917564392,0.0,0.0016729138,-0.0011084313,0.99941343,0.012929065,-0.0010193664,-3.1980147e-05,-0.0020558834,0.0076744556,0.004383087,-0.06381399,-0.030968213,-0.0057462486,0.049125,0.02618127,1.0,,,,,,,,,,,,,,,,,,,,,,,,,,,,,,,,,,,,,,,,,,,
132.0,-0.0025266689544007955,0.055476658046245575,0.0005868077278137207,1.4236747026443481,0.0,0.001728079,-0.0011123219,0.9994133,0.01323967,-0.0009337367,-3.1682255e-05,-0.0018632412,0.008005142,0.0044777393,0.045921996,0.079568945,0.022345092,0.0495,0.026380837,1.0,,,,,,,,,,,,,,,,,,,,,,,,,,,,,,,,,,,,,,,,,,,
133.0,-0.002528888536712374,0.05585184693336487,0.000586950802244246,1.4213939905166626,0.0,0.0017845946,-0.0011158881,0.9994132,0.013563752,-0.0008559163,-3.1474796e-05,-0.0021295547,0.00787735,0.0044517517,-0.063816674,-0.030978948,-0.005734785,0.049875,0.026580399,1.0,,,,,,,,,,,,,,,,,,,,,,,,,,,,,,,,,,,,,,,,,,,
134.0,-0.002531107127888434,0.05622567608952522,0.0005871057510375977,1.419097900390625,0.0,0.0018424384,-0.001119085,0.9994131,0.013882492,-0.00076725095,-3.11358e-05,-0.0019369125,0.008208036,0.004546404,0.045917355,0.079567894,0.022326095,0.05025,0.026779953,1.0,,,,,,,,,,,,,,,,,,,,,,,,,,,,,,,,,,,,,,,,,,,
135.0,-0.0025333194589278,0.05659809708595276,0.0005872249603271484,1.416786789894104,0.0,0.0019016663,-0.001121945,0.9994129,0.014214706,-0.00068639417,-3.0940144e-05,-0.002203226,0.008080006,0.0045204163,-0.06381935,-0.030989675,-0.0057233195,0.050625,0.026979502,1.0,,,,,,,,,,,,,,,,,,,,,,,,,,,,,,,,,,,,,,,,,,,
136.0,-0.0025355306520562933,0.05696909502148628,0.0005873441696166992,1.4144611358642578,0.0,0.0019622562,-0.0011244229,0.9994128,0.014541577,-0.00059469236,-3.041416e-05,-0.0020105839,0.008410692,0.00461483,0.04591271,0.07956685,0.022307103,0.051,0.027179042,1.0,,,,,,,,,,,,,,,,,,,,,,,,,,,,,,,,,,,,,,,,,,,
137.0,-0.0025378277447704214,0.057338666170835495,0.00058746337890625,1.4121209383010864,0.0,0.0020242643,-0.0011265512,0.99941266,0.014881917,-0.0005107988,-3.0264546e-05,-0.0022771358,0.008282661,0.0045888424,-0.063822016,-0.031000398,-0.005711852,0.051375,0.027378578,1.0,,,,,,,,,,,,,,,,,,,,,,,,,,,,,,,,,,,,,,,,,,,
138.0,-0.0025401244073324724,0.057706791907548904,0.0005875825881958008,1.4097663164138794,0.0,0.002087668,-0.0011282847,0.99941254,0.015216909,-0.0004160609,-2.9911447e-05,-0.0021471977,0.008613348,0.004683256,0.030760879,0.079496294,0.02241358,0.05175,0.027578104,1.0,,,,,,,,,,,,,,,,,,,,,,,,,,,,,,,,,,,,,,,,,,,
139.0,-0.002542414233338457,0.05807344987988472,0.0005877017974853516,1.407397985458374,0.0,0.0021525237,-0.0011296454,0.9994124,0.015565359,-0.00032654993,-2.9728864e-05,-0.0024769306,0.008485317,0.0046572685,-0.07896831,-0.031083604,-0.005567968,0.052125,0.027777625,1.0,,,,,,,,,,,,,,,,,,,,,,,,,,,,,,,,,,,,,,,,,,,
140.0,-0.0025447024840162397,0.05843858793377876,0.0005878210067749023,1.4050157070159912,0.0,0.0022188087,-0.0011305772,0.9994123,0.015908444,-0.00022361625,-2.9390234e-05,-0.002347231,0.008816004,0.0047516823,0.030763274,0.079496376,0.02238764,0.0525,0.027977139,1.0,,,,,,,,,,,,,,,,,,,,,,,,,,,,,,,,,,,,,,,,,,,
141.0,-0.002546983327327854,0.05880225449800491,0.0005879402160644531,1.4026201963424683,0.0,0.0022865797,-0.0011311017,0.9994122,0.016264984,-0.00012591091,-2.9205925e-05,-0.0026769638,0.008687973,0.0047256947,-0.078963794,-0.031096835,-0.0055495626,0.052875,0.028176645,1.0,,,,,,,,,,,,,,,,,,,,,,,,,,,,,,,,,,,,,,,,,,,
142.0,-0.002549262878063646,0.05916433408856392,0.0005880594253540039,1.4002110958099365,0.0,0.0023558135,-0.0011311633,0.99941206,0.016616156,-1.4785557e-05,-2.8869323e-05,-0.0025470257,0.00901866,0.0048201084,0.030765666,0.07949645,0.022361705,0.05325,0.028376145,1.0,,,,,,,,,,,,,,,,,,,,,,,,,,,,,,,,,,,,,,,,,,,
143.0,-0.002551535020943714,0.05952490121126175,0.0005881786346435547,1.3977892398834229,0.0,0.0024265668,-0.0011307837,0.99941194,0.01698078,9.1110014e-05,-2.868621e-05,-0.0028767586,0.008890629,0.004794121,-0.07895928,-0.031110056,-0.0055311583,0.053625,0.028575638,1.0,,,,,,,,,,,,,,,,,,,,,,,,,,,,,,,,,,,,,,,,,,,
144.0,-0.0025538048762009063,0.05988384410738945,0.0005882978439331055,1.3953546285629272,0.0,0.002498817,-0.001129907,0.9994118,0.017340032,0.00021042295,-2.8350947e-05,-0.0027468204,0.009221315,0.004888296,0.030768052,0.079496525,0.022335777,0.054,0.028775124,1.0,,,,,,,,,,,,,,,,,,,,,,,,,,,,,,,,,,,,,,,,,,,
145.0,-0.002556067380739736,0.06024123355746269,0.0005884170532226562,1.3929075002670288,0.0,0.00257262,-0.0011285549,0.9994117,0.017712735,0.00032450465,-2.8169188e-05,-0.0030765533,0.009093285,0.0048623085,-0.078954756,-0.031123266,-0.005512755,0.054375,0.028974602,1.0,,,,,,,,,,,,,,,,,,,,,,,,,,,,,,,,,,,,,,,,,,,
146.0,-0.0025583277283651356,0.06059698015451431,0.000588536262512207,1.3904478549957275,0.0,0.0026479536,-0.0011266716,0.9994116,0.01808006,0.00045200103,-2.7835229e-05,-0.0029466152,0.009423733,0.004956484,0.030770434,0.07949659,0.022309855,0.05475,0.029174073,1.0,,,,,,,,,,,,,,,,,,,,,,,,,,,,,,,,,,,,,,,,,,,
147.0,-0.00256058017214199,0.06095106154680252,0.0005886554718017578,1.3879762887954712,0.0,0.0027248738,-0.0011242788,0.99941146,0.018460833,0.00057426473,-2.7654834e-05,-0.003276348,0.009295702,0.004930496,-0.078950234,-0.031136466,-0.005494353,0.055125,0.029373536,1.0,,,,,,,,,,,,,,,,,,,,,,,,,,,,,,,,,,,,,,,,,,,
148.0,-0.0025628298861202835,0.06130354478955269,0.0005887746810913086,1.3854926824569702,0.0,0.002803358,-0.0011213206,0.99941134,0.018836224,0.00070994045,-2.732217e-05,-0.00314641,0.00962615,0.005024433,0.03077281,0.07949666,0.02228394,0.0555,0.029572992,1.0,,,,,,,,,,,,,,,,,,,,,,,,,,,,,,,,,,,,,,,,,,,
149.0,-0.002565071761261318,0.06165428087115288,0.0005888938903808594,1.382997751235962,0.0,0.0028834625,-0.0011178191,0.9994112,0.019225063,0.000840382,-2.7143144e-05,-0.0034759045,0.009498119,0.0049984455,-0.07894571,-0.031149656,-0.005475952,0.055875,0.029772442,1.0,,,,,,,,,,,,,,,,,,,,,,,,,,,,,,,,,,,,,,,,,,,
150.0,-0.0025673110628812224,0.062003351747989655,0.0005889773601666093,1.3804908990859985,0.0,0.0029651646,-0.0011137181,0.9994111,0.019608514,0.000984233,-2.6811775e-05,-0.0033462048,0.009828806,0.005092621,0.030775184,0.07949673,0.022258028,0.05625,0.029971883,1.0,,,,,,,,,,,,,,,,,,,,,,,,,,,,,,,,,,,,,,,,,,,
151.0,-0.0025695417080294014,0.06235067918896675,0.0005890965694561601,1.377973198890686,0.0,0.0030485205,-0.0011090396,0.99941105,0.02000541,0.0011228482,-2.6634109e-05,-0.0036756992,0.009700537,0.005066633,-0.07894118,-0.031162836,-0.005457552,0.056625,0.030171316,1.0,,,,,,,,,,,,,,,,,,,,,,,,,,,,,,,,,,,,,,,,,,,
152.0,-0.002571769405592489,0.06269627809524536,0.0005891919136047363,1.3754440546035767,0.0,0.0031335077,-0.0011037276,0.9994109,0.020396916,0.0012748695,-2.6487995e-05,-0.003545761,0.010031223,0.00516057,0.030777551,0.079496786,0.022232123,0.057,0.030370744,1.0,,,,,,,,,,,,,,,,,,,,,,,,,,,,,,,,,,,,,,,,,,,
153.0,-0.002573988346803821,0.0630401223897934,0.0005893111228942871,1.3729041814804077,0.0,0.0032201821,-0.001097804,0.9994108,0.020801863,0.0014216545,-2.6268513e-05,-0.0038752556,0.009902954,0.0051345825,-0.07893665,-0.031176006,-0.0054391534,0.057375,0.030570162,1.0,,,,,,,,,,,,,,,,,,,,,,,,,,,,,,,,,,,,,,,,,,,
154.0,-0.002576204489163496,0.06338213384151459,0.0005894303321838379,1.3703536987304688,0.0,0.0033085214,-0.0010912131,0.9994107,0.021201419,0.0015818434,-2.5949874e-05,-0.0037453175,0.010233402,0.005228281,0.030779913,0.07949684,0.022206225,0.05775,0.030769574,1.0,,,,,,,,,,,,,,,,,,,,,,,,,,,,,,,,,,,,,,,,,,,
155.0,-0.002578411614566765,0.06372235715389252,0.0005895495414733887,1.3677924871444702,0.0,0.0033985814,-0.0010839765,0.99941057,0.02161441,0.0017367937,-2.5772551e-05,-0.0040750504,0.010105133,0.005202532,-0.078932114,-0.031189166,-0.005420756,0.058125,0.030968977,1.0,,,,,,,,,,,,,,,,,,,,,,,,,,,,,,,,,,,,,,,,,,,
156.0,-0.002580615406773828,0.0640607625246048,0.0005896330112591386,1.3652209043502808,0.0,0.0034903397,-0.0010760383,0.99941045,0.022022007,0.0019051452,-2.544563e-05,-0.003944874,0.01043582,0.0052962303,0.030782271,0.07949689,0.022180332,0.0585,0.031168373,1.0,,,,,,,,,,,,,,,,,,,,,,,,,,,,,,,,,,,,,,,,,,,
157.0,-0.002582809121481433,0.06439729779958725,0.0005897283554077148,1.3626391887664795,0.0,0.0035838524,-0.0010674206,0.9994104,0.022443037,0.0020682567,-2.5271918e-05,-0.0042746067,0.01030755,0.0052702427,-0.07892758,-0.031202314,-0.0054023596,0.058875,0.03136776,1.0,,,,,,,,,,,,,,,,,,,,,,,,,,,,,,,,,,,,,,,,,,,
158.0,-0.002585000076596089,0.06473197042942047,0.0005898475646972656,1.3600469827651978,0.0,0.0036790967,-0.0010580674,0.9994103,0.022858664,0.002244766,-2.5129715e-05,-0.00414443,0.010637999,0.005363941,0.030784626,0.07949694,0.022154443,0.05925,0.03156714,1.0,,,,,,,,,,,,,,,,,,,,,,,,,,,,,,,,,,,,,,,,,,,
159.0,-0.0025871808624764858,0.06506474316120148,0.0005899429088458419,1.3574450016021729,0.0,0.0037761289,-0.0010480005,0.99941015,0.023287728,0.002416035,-2.4914314e-05,-0.0044739246,0.010509729,0.0053379536,-0.07892304,-0.031215455,-0.0053839646,0.059625,0.03176651,1.0,,,,,,,,,,,,,,,,,,,,,,,,,,,,,,,,,,,,,,,,,,,
160.0,-0.002589358000106657,0.06539561599493027,0.0005900263786315918,1.3548328876495361,0.0,0.0038749264,-0.0010371644,0.99941003,0.023711387,0.0026006994,-2.4599552e-05,-0.0043439865,0.010840416,0.005431652,0.030786974,0.07949699,0.022128562,0.06,0.031965878,1.0,,,,,,,,,,,,,,,,,,,,,,,,,,,,,,,,,,,,,,,,,,,
161.0,-0.0025915258651757443,0.06572456657886505,0.0005901455879211426,1.3522111177444458,0.0,0.003975545,-0.0010255805,0.99941,0.024148475,0.002780121,-2.4426314e-05,-0.004673481,0.010711908,0.0054056644,-0.078918494,-0.031228585,-0.0053655705,0.060375,0.032165233,1.0,,,,,,,,,,,,,,,,,,,,,,,,,,,,,,,,,,,,,,,,,,,
162.0,-0.002593688788484705,0.06605152785778046,0.0005902647972106934,1.3495792150497437,0.0,0.004077962,-0.0010131933,0.99940985,0.024580153,0.0029729349,-2.4287221e-05,-0.0045433044,0.011042595,0.0054991245,0.030789318,0.07949703,0.022102686,0.06075,0.03236458,1.0,,,,,,,,,,,,,,,,,,,,,,,,,,,,,,,,,,,,,,,,,,,
163.0,-0.0025958421041488307,0.06637655198574066,0.0005903482669964433,1.346938133239746,0.0,0.0041822344,-0.0010000245,0.99940974,0.02502526,0.0031605053,-2.4074416e-05,-0.0048730373,0.010914087,0.0054733753,-0.07891394,-0.031241704,-0.005347178,0.061125,0.03256392,1.0,,,,,,,,,,,,,,,,,,,,,,,,,,,,,,,,,,,,,,,,,,,
164.0,-0.0025979905605761277,0.0666995421051979,0.0005904436111450195,1.3442871570587158,0.0,0.004288338,-0.0009860183,0.9994097,0.025464954,0.0033614659,-2.3762268e-05,-0.004742861,0.011244774,0.0055668354,0.030791657,0.07949708,0.022076815,0.0615,0.032763254,1.0,,,,,,,,,,,,,,,,,,,,,,,,,,,,,,,,,,,,,,,,,,,
165.0,-0.002600129217552968,0.06702055037021637,0.0005905389552935958,1.3416268825531006,0.0,0.00439633,-0.0009711968,0.99940956,0.02591807,0.0035571796,-2.3775689e-05,-0.0050723553,0.011116266,0.005540848,-0.0789094,-0.031254813,-0.005328786,0.061875,0.03296258,1.0,,,,,,,,,,,,,,,,,,,,,,,,,,,,,,,,,,,,,,,,,,,
166.0,-0.0026022625497273766,0.06733950227499008,0.0005906462902203202,1.3389571905136108,0.0,0.0045061875,-0.00095550396,0.99940944,0.026365774,0.0037662825,-2.3412054e-05,-0.0049421787,0.011446714,0.005634308,0.030793993,0.079497114,0.022050953,0.06225,0.033161893,1.0,,,,,,,,,,,,,,,,,,,,,,,,,,,,,,,,,,,,,,,,,,,
167.0,-0.0026043856884169552,0.06765642017126083,0.0005907416343688965,1.3362780809402466,0.0,0.0046179662,-0.00093896175,0.9994094,0.0268269,0.0039701373,-2.3255268e-05,-0.005271673,0.011318445,0.0056083202,-0.078904845,-0.031267915,-0.0053103957,0.062625,0.0333612,1.0,,,,,,,,,,,,,,,,,,,,,,,,,,,,,,,,,,,,,,,,,,,
168.0,-0.0026065038885764768,0.06797121465206146,0.0005908251041546464,1.3335894346237183,0.0,0.004731644,-0.0009215143,0.99940926,0.027282601,0.0041873762,-2.3117142e-05,-0.0051414967,0.011648893,0.005701542,0.030796323,0.07949714,0.022025093,0.063,0.0335605,1.0,,,,,,,,,,,,,,,,,,,,,,,,,,,,,,,,,,,,,,,,,,,
169.0,-0.0026086117558957052,0.06828391551971436,0.0005909204483032227,1.3308916091918945,0.0,0.004847276,-0.00090318365,0.9994092,0.027751725,0.0043993676,-2.290909e-05,-0.005470991,0.011520386,0.0056757927,-0.078900285,-0.031281002,-0.0052920063,0.063375,0.03375979,1.0,,,,,,,,,,,,,,,,,,,,,,,,,,,,,,,,,,,,,,,,,,,
170.0,-0.002610715007149242,0.06859453022480011,0.0005910157924517989,1.3281842470169067,0.0,0.00496484,-0.0008839139,0.9994091,0.028215421,0.0046247398,-2.2784598e-05,-0.0053408146,0.011850834,0.0057690144,0.030798648,0.07949717,0.02199924,0.06375,0.033959072,1.0,,,,,,,,,,,,,,,,,,,,,,,,,,,,,,,,,,,,,,,,,,,
171.0,-0.0026128068261417016,0.06890296936035156,0.0005910992622375488,1.3254677057266235,0.0,0.0050843926,-0.00086372695,0.99940896,0.028692538,0.0048448625,-2.2575006e-05,-0.005670309,0.011722326,0.0057430267,-0.078895725,-0.03129408,-0.005273618,0.064125,0.034158345,1.0,,,,,,,,,,,,,,,,,,,,,,,,,,,,,,,,,,,,,,,,,,,
172.0,-0.0026148931010163963,0.0692092627286911,0.0005911946063861251,1.3227417469024658,0.0,0.00520591,-0.00084256707,0.9994089,0.029164225,0.005078365,-2.2268532e-05,-0.0055401325,0.012052774,0.0058362484,0.030800968,0.0794972,0.021973394,0.0645,0.03435761,1.0,,,,,,,,,,,,,,,,,,,,,,,,,,,,,,,,,,,,,,,,,,,
173.0,-0.0026169681250677807,0.06951335817575455,0.0005913019413128495,1.320006251335144,0.0,0.005329449,-0.0008204562,0.9994088,0.029649325,0.005306614,-2.2287253e-05,-0.005869627,0.011924267,0.005810261,-0.07889116,-0.031307153,-0.0052552307,0.064875,0.03455687,1.0,,,,,,,,,,,,,,,,,,,,,,,,,,,,,,,,,,,,,,,,,,,
174.0,-0.0026190369174567568,0.06981528550386429,0.0005913734203204513,1.3172613382339478,0.0,0.0054549864,-0.00079733855,0.9994087,0.030128995,0.0055482415,-2.1928805e-05,-0.005739212,0.012254715,0.005903244,0.030803284,0.079497226,0.021947553,0.06525,0.034756117,1.0,,,,,,,,,,,,,,,,,,,,,,,,,,,,,,,,,,,,,,,,,,,
175.0,-0.0026210947950081553,0.07011492550373077,0.0005914807552471757,1.314507007598877,0.0,0.0055825785,-0.000773236,0.9994086,0.030622073,0.005784614,-2.1961378e-05,-0.0060687065,0.012126207,0.005877495,-0.07888659,-0.03132021,-0.005236845,0.065625,0.034955356,1.0,,,,,,,,,,,,,,,,,,,,,,,,,,,,,,,,,,,,,,,,,,,
176.0,-0.002623146248866446,0.07041240483522415,0.0005915522342547774,1.3117430210113525,0.0,0.0057122023,-0.0007480928,0.99940854,0.031109717,0.0060343617,-2.1601285e-05,-0.0059382915,0.0124566555,0.005970478,0.030805595,0.07949725,0.021921717,0.066,0.035154585,1.0,,,,,,,,,,,,,,,,,,,,,,,,,,,,,,,,,,,,,,,,,,,
177.0,-0.0026251854154604043,0.0707075372338295,0.0005916595691815019,1.308969497680664,0.0,0.0058439136,-0.00072193093,0.9994084,0.03161077,0.006278853,-2.1635899e-05,-0.006267786,0.012328148,0.005944729,-0.07888202,-0.03133326,-0.00521846,0.066375,0.03535381,1.0,,,,,,,,,,,,,,,,,,,,,,,,,,,,,,,,,,,,,,,,,,,
178.0,-0.002627218797352401,0.07100041955709457,0.0005917310481891036,1.3061864376068115,0.0,0.00597769,-0.0006946946,0.99940836,0.03210638,0.006536717,-2.1276928e-05,-0.006137371,0.012658596,0.0060374737,0.030807901,0.07949727,0.021895887,0.06675,0.03555302,1.0,,,,,,,,,,,,,,,,,,,,,,,,,,,,,,,,,,,,,,,,,,,
179.0,-0.002629239992020612,0.071290984749794,0.000591838383115828,1.3033932447433472,0.0,0.006113588,-0.0006664057,0.99940825,0.032615397,0.006789323,-2.1312931e-05,-0.0064668655,0.012530088,0.0060117245,-0.07887745,-0.0313463,-0.005200077,0.067125,0.035752226,1.0,,,,,,,,,,,,,,,,,,,,,,,,,,,,,,,,,,,,,,,,,,,
180.0,-0.0026312623895844317,0.07157919555902481,0.0005919098621234298,1.3005905151367188,0.0,0.006251584,-0.00063700863,0.9994082,0.03311897,0.007055299,-2.095524e-05,-0.0063364506,0.012860537,0.0061044693,0.030810203,0.079497285,0.021870064,0.0675,0.03595142,1.0,,,,,,,,,,,,,,,,,,,,,,,,,,,,,,,,,,,,,,,,,,,
181.0,-0.0026332799295923264,0.07186510413885117,0.0005920171970501542,1.2977778911590576,0.0,0.0063917334,-0.0006065253,0.99940807,0.033635944,0.007316015,-2.0992595e-05,-0.006665945,0.012731791,0.00607872,-0.078872874,-0.03135933,-0.0051816944,0.067875,0.036150604,1.0,,,,,,,,,,,,,,,,,,,,,,,,,,,,,,,,,,,,,,,,,,,
182.0,-0.002635291492365354,0.0721486285328865,0.000592088676057756,1.2949550151824951,0.0,0.0065340144,-0.00057489984,0.999408,0.034147475,0.007590099,-2.0636187e-05,-0.00653553,0.013062239,0.0061712265,0.0308125,0.07949729,0.021844245,0.06825,0.036349785,1.0,,,,,,,,,,,,,,,,,,,,,,,,,,,,,,,,,,,,,,,,,,,
183.0,-0.002637291161821912,0.07242973148822784,0.0005921721458435059,1.2921220064163208,0.0,0.006678483,-0.00054215436,0.9994079,0.034672398,0.007858921,-2.067489e-05,-0.0068650246,0.012933493,0.0061454773,-0.0788683,-0.03137235,-0.0051633134,0.068625,0.03654895,1.0,,,,,,,,,,,,,,,,,,,,,,,,,,,,,,,,,,,,,,,,,,,
184.0,-0.002639285046389387,0.07270844280719757,0.0005922556156292558,1.2892786264419556,0.0,0.0068251155,-0.0005082331,0.9994078,0.03519188,0.008141108,-2.0319769e-05,-0.0067346096,0.013263941,0.006238222,0.030814793,0.0794973,0.021818435,0.069,0.03674811,1.0,,,,,,,,,,,,,,,,,,,,,,,,,,,,,,,,,,,,,,,,,,,
185.0,-0.002641266833782019,0.0729847401380539,0.0005923270946368575,1.2864248752593994,0.0,0.006973969,-0.00047315794,0.99940777,0.035724748,0.008418031,-2.0359821e-05,-0.007064104,0.013135195,0.006212473,-0.07886372,-0.03138536,-0.0051449332,0.069375,0.036947258,1.0,,,,,,,,,,,,,,,,,,,,,,,,,,,,,,,,,,,,,,,,,,,
186.0,-0.0026432416173768677,0.07325854152441025,0.0005924344295635819,1.2835603952407837,0.0,0.0071250196,-0.0004368733,0.99940765,0.036252163,0.008708316,-2.0189927e-05,-0.0069334507,0.013465643,0.0063049793,0.03081708,0.07949731,0.021792628,0.06975,0.0371464,1.0,,,,,,,,,,,,,,,,,,,,,,,,,,,,,,,,,,,,,,,,,,,
187.0,-0.0026452049194095875,0.07352989912033081,0.0005925059085711837,1.2806851863861084,0.0,0.0072783236,-0.00039940106,0.9994076,0.03679298,0.008993338,-2.0004221e-05,-0.007262945,0.013336897,0.00627923,-0.07885913,-0.03139836,-0.0051265545,0.070125,0.03734553,1.0,,,,,,,,,,,,,,,,,,,,,,,,,,,,,,,,,,,,,,,,,,,
188.0,-0.0026471609172086796,0.07379873096942902,0.0005925655132159591,1.2777992486953735,0.0,0.0074338582,-0.00036068558,0.9994075,0.03732833,0.009291717,-1.9888896e-05,-0.00713253,0.013667345,0.006371498,0.030819364,0.07949731,0.021766827,0.0705,0.037544653,1.0,,,,,,,,,,,,,,,,,,,,,,,,,,,,,,,,,,,,,,,,,,,
189.0,-0.002649105027935092,0.07406510412693024,0.0005926728481426835,1.2749019861221313,0.0,0.007591679,-0.00032074878,0.9994074,0.03787707,0.009584832,-1.969204e-05,-0.0074617863,0.013538599,0.006345749,-0.07885454,-0.03141135,-0.005108177,0.070875,0.037743766,1.0,,,,,,,,,,,,,,,,,,,,,,,,,,,,,,,,,,,,,,,,,,,
190.0,-0.0026510417654602835,0.07432888448238373,0.0005927443271502852,1.2719935178756714,0.0,0.0077517643,-0.00027953502,0.99940735,0.03842035,0.0098913,-1.9580924e-05,-0.0073313713,0.013869047,0.0064382553,0.030821642,0.07949731,0.021741033,0.07125,0.037942868,1.0,,,,,,,,,,,,,,,,,,,,,,,,,,,,,,,,,,,,,,,,,,,
191.0,-0.0026529663037055196,0.07459013164043427,0.0005928277969360352,1.269073486328125,0.0,0.007914169,-0.00023706626,0.99940723,0.038977016,0.010192503,-1.956867e-05,-0.0076606274,0.013740063,0.006412506,-0.07884995,-0.03142433,-0.005089801,0.071625,0.038141962,1.0,,,,,,,,,,,,,,,,,,,,,,,,,,,,,,,,,,,,,,,,,,,
192.0,-0.002654883432026387,0.07484878599643707,0.0005929112667217851,1.2661417722702026,0.0,0.008078869,-0.00019328683,0.9994072,0.039528217,0.010507059,-1.9231898e-05,-0.0075302124,0.014070511,0.006504774,0.030823916,0.07949731,0.021715244,0.072,0.038341045,1.0,,,,,,,,,,,,,,,,,,,,,,,,,,,,,,,,,,,,,,,,,,,
193.0,-0.0026567877379390092,0.07510487735271454,0.0005929827457293868,1.2631982564926147,0.0,0.008245923,-0.00014821874,0.9994071,0.0400928,0.010816345,-1.9274234e-05,-0.007859468,0.013941765,0.006479025,-0.07884535,-0.031437296,-0.0050714253,0.072375,0.038540117,1.0,,,,,,,,,,,,,,,,,,,,,,,,,,,,,,,,,,,,,,,,,,,
194.0,-0.0026586845068541005,0.0753583163022995,0.0005930662155151367,1.2602428197860718,0.0,0.008415306,-0.00010180631,0.999407,0.040651914,0.011138981,-1.911019e-05,-0.007728815,0.014271975,0.006571293,0.030826185,0.0794973,0.02168946,0.07275,0.038739182,1.0,,,,,,,,,,,,,,,,,,,,,,,,,,,,,,,,,,,,,,,,,,,
195.0,-0.002660568180738993,0.07560911029577255,0.0005931258201599121,1.257275104522705,0.0,0.008587074,-5.407153e-05,0.99940693,0.041224413,0.011456348,-1.8929706e-05,-0.00805831,0.0141432285,0.0065455437,-0.078840755,-0.031450257,-0.0050530513,0.073125,0.03893824,1.0,,,,,,,,,,,,,,,,,,,,,,,,,,,,,,,,,,,,,,,,,,,
196.0,-0.0026624446307193118,0.0758572667837143,0.0005932211643084884,1.254294991493225,0.0,0.008761205,-4.958776e-06,0.9994069,0.04179143,0.011787061,-1.8819535e-05,-0.007927656,0.014473677,0.0066375732,0.03082845,0.079497285,0.021663683,0.0735,0.039137285,1.0,,,,,,,,,,,,,,,,,,,,,,,,,,,,,,,,,,,,,,,,,,,
197.0,-0.0026643069208726563,0.07610271871089935,0.0005933046340942383,1.2513021230697632,0.0,0.008937755,4.5509983e-05,0.99940675,0.04237183,0.012112502,-1.8811996e-05,-0.008257151,0.014344692,0.006611824,-0.07883616,-0.031463206,-0.0050346786,0.073875,0.03933632,1.0,,,,,,,,,,,,,,,,,,,,,,,,,,,,,,,,,,,,,,,,,,,
198.0,-0.0026661620619750767,0.07634550333023071,0.0005933642387390137,1.2482963800430298,0.0,0.009116699,9.739035e-05,0.9994067,0.042946752,0.012451288,-1.8478902e-05,-0.008126259,0.01467514,0.0067038536,0.03083071,0.07949727,0.021637911,0.07425,0.039535344,1.0,,,,,,,,,,,,,,,,,,,,,,,,,,,,,,,,,,,,,,,,,,,
199.0,-0.002668003253918598,0.0765855461359024,0.0005934595828875899,1.2452775239944458,0.0,0.0092980955,0.00015066034,0.99940664,0.04353505,0.0127848,-1.8525308e-05,-0.008455753,0.014546156,0.006678343,-0.07883155,-0.031476147,-0.005016307,0.074625,0.03973436,1.0,,,,,,,,,,,,,,,,,,,,,,,,,,,,,,,,,,,,,,,,,,,
200.0,-0.002669836572336435,0.07682283222675323,0.0005935191875323653,1.2422453165054321,0.0,0.00948192,0.00020537557,0.9994065,0.04411786,0.013131653,-1.836509e-05,-0.0083251,0.014876366,0.006770134,0.030832965,0.079497255,0.021612145,0.075,0.039933365,1.0,,,,,,,,,,,,,,,,,,,,,,,,,,,,,,,,,,,,,,,,,,,
201.0,-0.002671656312872093,0.0770573616027832,0.0005936026573181152,1.2391997575759888,0.0,0.009668228,0.00026151404,0.99940646,0.044714052,0.013473232,-1.8188643e-05,-0.008654356,0.014747381,0.006744623,-0.07882695,-0.031489074,-0.0049979365,0.075375,0.040132362,1.0,,,,,,,,,,,,,,,,,,,,,,,,,,,,,,,,,,,,,,,,,,,
202.0,-0.0026734672769841007,0.07728911191225052,0.0005936622619628906,1.236140251159668,0.0,0.009856998,0.00031913133,0.9994064,0.04530475,0.013828148,-1.8082295e-05,-0.008523703,0.015077829,0.0068364143,0.030835215,0.07949723,0.021586385,0.07575,0.04033135,1.0,,,,,,,,,,,,,,,,,,,,,,,,,,,,,,,,,,,,,,,,,,,
203.0,-0.002675264739256183,0.07751806080341339,0.0005937337991781533,1.2330669164657593,0.0,0.010048284,0.00037820544,0.99940634,0.04590882,0.014177788,-1.8078792e-05,-0.008852959,0.014948845,0.006810665,-0.07882234,-0.031501997,-0.0049795676,0.076125,0.040530324,1.0,,,,,,,,,,,,,,,,,,,,,,,,,,,,,,,,,,,,,,,,,,,
204.0,-0.002677053240243568,0.07774418592453003,0.0005938172107562423,1.2299792766571045,0.0,0.010242065,0.00043879196,0.9994062,0.0465074,0.014540763,-1.7933464e-05,-0.008722305,0.015279055,0.0069024563,0.030837461,0.07949721,0.021560632,0.0765,0.040729288,1.0,,,,,,,,,,,,,,,,,,,,,,,,,,,,,,,,,,,,,,,,,,,
205.0,-0.0026788280468937977,0.07796745002269745,0.0005939006805419922,1.226877212524414,0.0,0.010438396,0.0005008689,0.99940616,0.04711935,0.014898461,-1.7756807e-05,-0.009051561,0.01515007,0.0068769455,-0.078817725,-0.031514905,-0.0049611996,0.076875,0.040928245,1.0,,,,,,,,,,,,,,,,,,,,,,,,,,,,,,,,,,,,,,,,,,,
206.0,-0.0026805933726200227,0.07818783819675446,0.0005939602851867676,1.2237604856491089,0.0,0.0106372535,0.0005644917,0.9994061,0.047725797,0.01526949,-1.7653689e-05,-0.00892067,0.015480518,0.006968498,0.030839702,0.07949719,0.021534882,0.07725,0.04112719,1.0,,,,,,,,,,,,,,,,,,,,,,,,,,,,,,,,,,,,,,,,,,,
207.0,-0.0026823446234857996,0.07840537279844284,0.0005940318224020302,1.2206288576126099,0.0,0.010838694,0.00062963855,0.99940604,0.048345614,0.015635239,-1.7652708e-05,-0.009250164,0.0153512955,0.0069429874,-0.078813106,-0.031527806,-0.0049428325,0.077625,0.041326124,1.0,,,,,,,,,,,,,,,,,,,,,,,,,,,,,,,,,,,,,,,,,,,
208.0,-0.002684086712778146,0.07861997187137604,0.0005940914270468056,1.217482089996338,0.0,0.011042694,0.0006963649,0.9994059,0.04895993,0.016014319,-1.7509965e-05,-0.009119272,0.015681744,0.00703454,0.03084194,0.07949716,0.021509139,0.078,0.04152505,1.0,,,,,,,,,,,,,,,,,,,,,,,,,,,,,,,,,,,,,,,,,,,
209.0,-0.0026858148450220405,0.07883167266845703,0.0005941748386248946,1.214320182800293,0.0,0.0112493085,0.0007646487,0.99940586,0.04958761,0.016388118,-1.7335984e-05,-0.009448528,0.015552521,0.007008791,-0.07880849,-0.031540696,-0.0049244673,0.078375,0.041723963,1.0,,,,,,,,,,,,,,,,,,,,,,,,,,,,,,,,,,,,,,,,,,,
210.0,-0.002687533415416391,0.07904039323329926,0.0005942583084106445,1.211142659187317,0.0,0.011458516,0.0008345456,0.9994058,0.050209783,0.016775241,-1.723541e-05,-0.0093176365,0.015882969,0.007100582,0.03084417,0.07949712,0.021483403,0.07875,0.041922867,1.0,,,,,,,,,,,,,,,,,,,,,,,,,,,,,,,,,,,,,,,,,,,
211.0,-0.0026892367518323774,0.07924618571996689,0.0005943179130554199,1.2079495191574097,0.0,0.0116703715,0.0009060334,0.99940574,0.050845318,0.017157082,-1.7237111e-05,-0.009647131,0.015753746,0.007074833,-0.07880387,-0.031553574,-0.004906103,0.079125,0.04212176,1.0,,,,,,,,,,,,,,,,,,,,,,,,,,,,,,,,,,,,,,,,,,,
212.0,-0.00269093077465742,0.07944894582033157,0.0005943894502706826,1.204740047454834,0.0,0.011884851,0.0009791678,0.9994057,0.05147534,0.017552247,-1.709691e-05,-0.009516239,0.016084194,0.0071663857,0.030846398,0.079497084,0.021457672,0.0795,0.042320643,1.0,,,,,,,,,,,,,,,,,,,,,,,,,,,,,,,,,,,,,,,,,,,
213.0,-0.0026926093895798305,0.07964871823787689,0.000594449054915458,1.2015148401260376,0.0,0.012102013,0.0010539267,0.99940556,0.052118722,0.017942127,-1.7109547e-05,-0.009845495,0.015954971,0.0071406364,-0.07879924,-0.031566445,-0.0048877397,0.079875,0.042519517,1.0,,,,,,,,,,,,,,,,,,,,,,,,,,,,,,,,,,,,,,,,,,,
214.0,-0.0028416331393949605,0.07984545826911926,0.000594532466493547,1.1982731819152832,0.0,0.012321833,0.0011303655,0.9994055,0.052756593,0.018345328,-1.6784432e-05,-0.009714603,0.016285181,0.007232189,0.03084862,0.07949705,0.021431945,0.08025,0.042718377,1.0,,,,,,,,,,,,,,,,,,,,,,,,,,,,,,,,,,,,,,,,,,,
215.0,-0.0028437081339141557,0.0800391435623169,0.0005945920711383224,1.1950147151947021,0.0,0.012544365,0.0012084623,0.99940544,0.053407814,0.018743241,-1.684208e-05,-0.0100438595,0.016155958,0.00720644,-0.07879461,-0.031579304,-0.0048693777,0.080625,0.04291723,1.0,,,,,,,,,,,,,,,,,,,,,,,,,,,,,,,,,,,,,,,,,,,
216.0,-0.0028457669860110614,0.0802297443151474,0.0005946516757830977,1.191739797592163,0.0,0.012769588,0.0012882727,0.9994054,0.05405352,0.019154474,-1.6691925e-05,-0.009912729,0.016486406,0.0072977543,0.030850839,0.07949701,0.021406226,0.081,0.043116067,1.0,,,,,,,,,,,,,,,,,,,,,,,,,,,,,,,,,,,,,,,,,,,
217.0,-0.002847804662964326,0.08041725307703018,0.0005947112804278731,1.1884479522705078,0.0,0.0129975565,0.0013697743,0.9994053,0.054712575,0.019560417,-1.6710166e-05,-0.010242224,0.016357183,0.0072722435,-0.07878998,-0.031592157,-0.004851017,0.081375,0.043314897,1.0,,,,,,,,,,,,,,,,,,,,,,,,,,,,,,,,,,,,,,,,,,,
218.0,-0.002849826310313023,0.08060164004564285,0.0005947828176431358,1.1851390600204468,0.0,0.013228249,0.001453023,0.99940526,0.05536611,0.019979674,-1.6570839e-05,-0.0101110935,0.016687393,0.0073633194,0.030853054,0.07949696,0.021380512,0.08175,0.043513715,1.0,,,,,,,,,,,,,,,,,,,,,,,,,,,,,,,,,,,,,,,,,,,
219.0,-0.0028518266443291725,0.0807829350233078,0.0005948662874288857,1.1818127632141113,0.0,0.01346172,0.0015379966,0.99940515,0.056032993,0.020393644,-1.6588176e-05,-0.01044035,0.01655817,0.0073378086,-0.078785345,-0.031604998,-0.0048326575,0.082125,0.043712523,1.0,,,,,,,,,,,,,,,,,,,,,,,,,,,,,,,,,,,,,,,,,,,
220.0,-0.0028538113951747735,0.08096106350421906,0.0005949496990069747,1.178469181060791,0.0,0.013697946,0.0016247504,0.9994051,0.056694355,0.020820925,-1.6266711e-05,-0.010309458,0.01688838,0.0074288845,0.030855263,0.07949691,0.021354804,0.0825,0.04391132,1.0,,,,,,,,,,,,,,,,,,,,,,,,,,,,,,,,,,,,,,,,,,,
221.0,-0.0028555425564968464,0.08113600313663483,0.0005950093036517501,1.1751078367233276,0.0,0.013936984,0.0017132625,0.999405,0.057369057,0.021242913,-1.6328402e-05,-0.010638714,0.016759157,0.0074033737,-0.07878071,-0.031617828,-0.0048142993,0.082875,0.044110104,1.0,,,,,,,,,,,,,,,,,,,,,,,,,,,,,,,,,,,,,,,,,,,
222.0,-0.0028572572729948374,0.0813077837228775,0.0005950689082965255,1.1717289686203003,0.0,0.01417881,0.0018035884,0.99940497,0.058038227,0.02167821,-1.6182048e-05,-0.010507584,0.017089367,0.0074944496,0.030857466,0.07949686,0.021329101,0.08325,0.044308882,1.0,,,,,,,,,,,,,,,,,,,,,,,,,,,,,,,,,,,,,,,,,,,
223.0,-0.002858949617690047,0.0814763531088829,0.0005951285129413009,1.1683320999145508,0.0,0.014423479,0.0018957059,0.9994049,0.05872074,0.022108214,-1.6204298e-05,-0.01083684,0.016959906,0.007468939,-0.07877607,-0.031630646,-0.0047959425,0.083625,0.044507645,1.0,,,,,,,,,,,,,,,,,,,,,,,,,,,,,,,,,,,,,,,,,,,
224.0,-0.0028606247888869098,0.0816417708992958,0.0005951881175860763,1.1649174690246582,0.0,0.01467097,0.0019896706,0.99940485,0.059397724,0.022551524,-1.6068774e-05,-0.010705709,0.017290354,0.0075597763,0.030859666,0.07949681,0.021303404,0.084,0.044706397,1.0,,,,,,,,,,,,,,,,,,,,,,,,,,,,,,,,,,,,,,,,,,,
225.0,-0.002862277091418642,0.08180393278598785,0.0005952596548013389,1.161484718322754,0.0,0.014921337,0.0020854603,0.9994048,0.060088042,0.022989538,-1.6090116e-05,-0.0110349655,0.017160892,0.0075342655,-0.07877142,-0.031643458,-0.0047775866,0.084375,0.044905137,1.0,,,,,,,,,,,,,,,,,,,,,,,,,,,,,,,,,,,,,,,,,,,
226.0,-0.0028639126490214066,0.08196291327476501,0.0005953192594461143,1.1580339670181274,0.0,0.015174557,0.0021831305,0.99940467,0.06077282,0.023440855,-1.5956384e-05,-0.010903835,0.017491102,0.0076253414,0.03086186,0.07949675,0.021277715,0.08475,0.045103867,1.0,,,,,,,,,,,,,,,,,,,,,,,,,,,,,,,,,,,,,,,,,,,
227.0,-0.002865335269882735,0.0821186825633049,0.0005953788640908897,1.1545653343200684,0.0,0.015430686,0.0022826593,0.9994046,0.061470944,0.023886876,-1.579501e-05,-0.011233091,0.01736164,0.007599592,-0.07876678,-0.031656258,-0.004759232,0.085125,0.04530259,1.0,,,,,,,,,,,,,,,,,,,,,,,,,,,,,,,,,,,,,,,,,,,
228.0,-0.002866740331182516,0.08227121829986572,0.0005954384687356651,1.151078224182129,0.0,0.0156897,0.0023841017,0.99940455,0.062163517,0.024346195,-1.570571e-05,-0.011101961,0.017590523,0.007691622,0.031054046,0.05512228,0.021525808,0.0855,0.045501295,1.0,,,,,,,,,,,,,,,,,,,,,,,,,,,,,,,,,,,,,,,,,,,
229.0,-0.002868121563908466,0.08242059499025345,0.0005954980733804405,1.1475732326507568,0.0,0.015951639,0.002487436,0.9994045,0.06286527,0.024800185,-1.5646221e-05,-0.011431217,0.017359495,0.007667303,-0.07856723,-0.056037776,-0.004478324,0.085875,0.04569999,1.0,,,,,,,,,,,,,,,,,,,,,,,,,,,,,,,,,,,,,,,,,,,
230.0,-0.0028694853326415343,0.08256671577692032,0.0005955576780252159,1.1440497636795044,0.0,0.016216462,0.0025927168,0.99940443,0.06355733,0.025267437,-1.5462858e-05,-0.011300087,0.017588139,0.0077590942,0.031055165,0.05513374,0.021511305,0.08625,0.045898676,1.0,,,,,,,,,,,,,,,,,,,,,,,,,,,,,,,,,,,,,,,,,,,
231.0,-0.0028708258905772994,0.0827096551656723,0.0005956172826699913,1.1405079364776611,0.0,0.016484207,0.0026999225,0.9994044,0.06425857,0.025729356,-1.5424364e-05,-0.011629105,0.017357111,0.0077347755,-0.078558125,-0.056039244,-0.0044712345,0.086625,0.04609735,1.0,,,,,,,,,,,,,,,,,,,,,,,,,,,,,,,,,,,,,,,,,,,
232.0,-0.0028721486140043852,0.0828493982553482,0.0005956768873147666,1.1369478702545166,0.0,0.01675483,0.002809108,0.9994043,0.06495011,0.026204536,-1.5238762e-05,-0.011497974,0.017585993,0.007826567,0.031056283,0.055145197,0.0214968,0.087,0.04629601,1.0,,,,,,,,,,,,,,,,,,,,,,,,,,,,,,,,,,,,,,,,,,,
233.0,-0.0028734488089988677,0.08298598229885101,0.000595736491959542,1.1333695650100708,0.0,0.017028376,0.0029202513,0.99940425,0.06565083,0.026674379,-1.5199729e-05,-0.011826992,0.017354965,0.007802248,-0.07854902,-0.05604071,-0.0044641434,0.087375,0.04649466,1.0,,,,,,,,,,,,,,,,,,,,,,,,,,,,,,,,,,,,,,,,,,,
234.0,-0.0028747301767574874,0.08311932533979416,0.0005957960966043174,1.1297729015350342,0.0,0.0173048,0.0030334075,0.9994042,0.06634185,0.02715748,-1.5016942e-05,-0.011695862,0.017583847,0.007894039,0.031057399,0.055156644,0.021482296,0.08775,0.0466933,1.0,,,,,,,,,,,,,,,,,,,,,,,,,,,,,,,,,,,,,,,,,,,
235.0,-0.0028759889713169456,0.0832495465874672,0.0005958557012490928,1.1261581182479858,0.0,0.017584143,0.0031485544,0.99940413,0.06704205,0.02763524,-1.4976184e-05,-0.012025118,0.01735282,0.00786972,-0.07853992,-0.056042172,-0.0044570505,0.088125,0.046891924,1.0,,,,,,,,,,,,,,,,,,,,,,,,,,,,,,,,,,,,,,,,,,,
236.0,-0.0028772290827929737,0.08337651938199997,0.0005959153058938682,1.1225248575210571,0.0,0.017866362,0.003265747,0.9994041,0.06773256,0.028126255,-1.4796484e-05,-0.011893749,0.017581701,0.007961512,0.031058514,0.055168085,0.021467792,0.0885,0.04709054,1.0,,,,,,,,,,,,,,,,,,,,,,,,,,,,,,,,,,,,,,,,,,,
237.0,-0.0028784468679312627,0.08350038528442383,0.0005959749105386436,1.1188734769821167,0.0,0.018151496,0.0033849634,0.999404,0.06843225,0.028611928,-1.4753939e-05,-0.012222767,0.017350912,0.007937193,-0.078530826,-0.056043632,-0.004449955,0.088875,0.047289144,1.0,,,,,,,,,,,,,,,,,,,,,,,,,,,,,,,,,,,,,,,,,,,
238.0,-0.002879645958995439,0.08362103998661041,0.0005960107082501054,1.115203857421875,0.0,0.018439505,0.0035062586,0.99940395,0.06912224,0.02911085,-1.457734e-05,-0.012091637,0.017579794,0.008028984,0.031059628,0.05517952,0.021453286,0.08925,0.047487736,1.0,,,,,,,,,,,,,,,,,,,,,,,,,,,,,,,,,,,,,,,,,,,
239.0,-0.0028808225665219594,0.08373851329088211,0.0005960703128948808,1.1115161180496216,0.0,0.018730428,0.0036296104,0.9994039,0.06982141,0.029604431,-1.4533005e-05,-0.012420654,0.017348766,0.008004665,-0.078521736,-0.05604509,-0.0044428585,0.089625,0.047686316,1.0,,,,,,,,,,,,,,,,,,,,,,,,,,,,,,,,,,,,,,,,,,,
240.0,-0.0028819811721272287,0.0838528424501419,0.0005961299175396562,1.107810378074646,0.0,0.019024223,0.003755074,0.99940383,0.07051088,0.030111257,-1.4359508e-05,-0.012289524,0.017577648,0.008093357,0.031048255,0.055181857,0.020714952,0.09,0.04788488,1.0,,,,,,,,,,,,,,,,,,,,,,,,,,,,,,,,,,,,,,,,,,,
241.0,-0.002883116579561022,0.08396400511264801,0.0005961895221844316,1.1040867567062378,0.0,0.01932093,0.003882627,0.9994038,0.07120954,0.030612737,-1.4313382e-05,-0.012618542,0.017346859,0.008065939,-0.07852533,-0.056055382,-0.005159425,0.090375,0.04808344,1.0,,,,,,,,,,,,,,,,,,,,,,,,,,,,,,,,,,,,,,,,,,,
242.0,-0.0028842340299786657,0.08407201617956161,0.0005962491268292069,1.100345253944397,0.0,0.019620506,0.004012325,0.9994037,0.07189849,0.031127458,-1.41429855e-05,-0.0124874115,0.01757574,0.008154631,0.031049706,0.055193085,0.02070077,0.09075,0.048281983,1.0,,,,,,,,,,,,,,,,,,,,,,,,,,,,,,,,,,,,,,,,,,,
243.0,-0.002885328917786086,0.08417688310146332,0.0005963087314739823,1.096585988998413,0.0,0.019922992,0.0041441447,0.99940366,0.07259664,0.031636834,-1.409507e-05,-0.012816429,0.017344713,0.008127451,-0.07851657,-0.05605637,-0.005151997,0.091125,0.048480514,1.0,,,,,,,,,,,,,,,,,,,,,,,,,,,,,,,,,,,,,,,,,,,
244.0,-0.0028864048550686617,0.08427859842777252,0.0005963683361187577,1.0928090810775757,0.0,0.020228347,0.0042781425,0.9994036,0.07328507,0.032159444,-1.3927774e-05,-0.0126850605,0.017573833,0.008215904,0.031051155,0.055204306,0.020686587,0.0915,0.048679035,1.0,,,,,,,,,,,,,,,,,,,,,,,,,,,,,,,,,,,,,,,,,,,
245.0,-0.0028874580917564686,0.08437716215848923,0.0005964040756225586,1.0890147686004639,0.0,0.020536609,0.0044142953,0.99940354,0.0739827,0.032676708,-1.3878067e-05,-0.013014317,0.017342806,0.0081887245,-0.07850783,-0.056057353,-0.005144567,0.091875,0.04887754,1.0,,,,,,,,,,,,,,,,,,,,,,,,,,,,,,,,,,,,,,,,,,,
246.0,-0.0028884932869903315,0.08447260409593582,0.0005964398151263595,1.0852030515670776,0.0,0.020847736,0.004552659,0.9994035,0.07467063,0.033207204,-1.371387e-05,-0.012882948,0.017571926,0.008277178,0.031052604,0.05521552,0.020672403,0.09225,0.049076036,1.0,,,,,,,,,,,,,,,,,,,,,,,,,,,,,,,,,,,,,,,,,,,
247.0,-0.0028895059003937553,0.08456487953662872,0.0005964994197711349,1.081374168395996,0.0,0.021161769,0.00469321,0.9994034,0.07536774,0.033732347,-1.3662375e-05,-0.013211966,0.017340899,0.008249998,-0.07849909,-0.056058336,-0.005137136,0.092625,0.04927452,1.0,,,,,,,,,,,,,,,,,,,,,,,,,,,,,,,,,,,,,,,,,,,
248.0,-0.0028905001385933476,0.08465403318405151,0.0005965590244159102,1.0775282382965088,0.0,0.021478664,0.004836005,0.99940336,0.076055154,0.034270722,-1.3501276e-05,-0.013080597,0.017570019,0.008338213,0.031054052,0.05522673,0.020658217,0.093,0.049472988,1.0,,,,,,,,,,,,,,,,,,,,,,,,,,,,,,,,,,,,,,,,,,,
249.0,-0.0028914721431947325,0.0847400426864624,0.0005966186290606856,1.0736654996871948,0.0,0.021798464,0.0049810205,0.9994033,0.07675175,0.034803744,-1.34479915e-05,-0.013409615,0.01733923,0.008311272,-0.078490354,-0.056059316,-0.0051297033,0.093375,0.04967145,1.0,,,,,,,,,,,,,,,,,,,,,,,,,,,,,,,,,,,,,,,,,,,
250.0,-0.0028922431443539954,0.08482293784618378,0.0005966544267721474,1.0697859525680542,0.0,0.022121124,0.0051283124,0.99940324,0.077438645,0.03534999,-1.32899895e-05,-0.013278246,0.01756835,0.008399487,0.031055497,0.05523793,0.020644033,0.09375,0.049869895,1.0,,,,,,,,,,,,,,,,,,,,,,,,,,,,,,,,,,,,,,,,,,,
251.0,-0.0028929921414018967,0.08490271866321564,0.0005966901662759483,1.0658899545669556,0.0,0.022446686,0.0052778577,0.9994032,0.07813473,0.03589088,-1.3234917e-05,-0.013243914,0.017337322,0.008372307,0.00873818,-0.055327676,-0.006654781,0.094125,0.050068326,1.0,,,,,,,,,,,,,,,,,,,,,,,,,,,,,,,,,,,,,,,,,,,
252.0,-0.0028933481700006043,0.08497937768697739,0.0005967497709207237,1.061977744102478,0.0,0.022775108,0.0054296497,0.9994031,0.07882124,0.036430135,-1.2880529e-05,-0.012749195,0.017566442,0.00846076,0.1182577,0.05596872,0.019137772,0.0945,0.050266746,1.0,,,,,,,,,,,,,,,,,,,,,,,,,,,,,,,,,,,,,,,,,,,
253.0,-0.0028936813557556207,0.0850529670715332,0.0005968093755654991,1.0580493211746216,0.0,0.02310643,0.005583605,0.99940306,0.07951707,0.036949173,-1.2680271e-05,-0.012714863,0.017335653,0.008433342,0.008705234,-0.055315416,-0.0066871387,0.094875,0.050465155,1.0,,,,,,,,,,,,,,,,,,,,,,,,,,,,,,,,,,,,,,,,,,,
254.0,-0.0028939959218870627,0.08512350171804428,0.0005968570476397872,1.0541051626205444,0.0,0.023440609,0.0057397154,0.999403,0.08020331,0.037466586,-1.2360805e-05,-0.012220144,0.017564774,0.008522034,0.11821905,0.05597301,0.01916399,0.09525,0.05066355,1.0,,,,,,,,,,,,,,,,,,,,,,,,,,,,,,,,,,,,,,,,,,,
255.0,-0.0028942876331096157,0.0851910263299942,0.0005968689802102745,1.0501453876495361,0.0,0.023777688,0.0058978978,0.999403,0.08089887,0.037963793,-1.2163109e-05,-0.01218605,0.017333984,0.008494616,0.008672303,-0.055303153,-0.006719468,0.095625,0.050861932,1.0,,,,,,,,,,,,,,,,,,,,,,,,,,,,,,,,,,,,,,,,,,,
256.0,-0.0028945614909893494,0.08525548130273819,0.0005969285848550498,1.0461703538894653,0.0,0.024117624,0.0060581453,0.99940294,0.081584856,0.03845938,-1.2027838e-05,-0.01169157,0.017563105,0.008583069,0.118180424,0.055977274,0.019190194,0.096,0.051060304,1.0,,,,,,,,,,,,,,,,,,,,,,,,,,,,,,,,,,,,,,,,,,,
257.0,-0.0028948124216751016,0.0853169709444046,0.0005969881894998252,1.0421801805496216,0.0,0.02446046,0.006220374,0.9994029,0.08228017,0.03893478,-1.1797685e-05,-0.011657476,0.017332315,0.008555651,0.008639384,-0.05529088,-0.006751769,0.096375,0.05125866,1.0,,,,,,,,,,,,,,,,,,,,,,,,,,,,,,,,,,,,,,,,,,,
258.0,-0.0028950446330989056,0.08537551015615463,0.000597023987211287,1.038175344467163,0.0,0.02480615,0.006384576,0.9994028,0.082965896,0.03940857,-1.14869645e-05,-0.011163235,0.017561436,0.008644342,0.11814181,0.055981517,0.019216381,0.09675,0.051457006,1.0,,,,,,,,,,,,,,,,,,,,,,,,,,,,,,,,,,,,,,,,,,,
259.0,-0.0028951170347196464,0.08543110638856888,0.0005970477941446006,1.0341559648513794,0.0,0.025154738,0.0065506683,0.99940276,0.08366095,0.03986218,-1.1308687e-05,-0.011129379,0.017330647,0.008616686,0.0086064795,-0.055278607,-0.006784042,0.097125,0.051655337,1.0,,,,,,,,,,,,,,,,,,,,,,,,,,,,,,,,,,,,,,,,,,,
260.0,-0.002895170916228756,0.08548377454280853,0.000597107398789376,1.0301222801208496,0.0,0.025506182,0.0067186444,0.99940276,0.08434643,0.040314194,-1.0986654e-05,-0.010635138,0.017284632,0.008708477,0.11868473,-0.010022239,0.019977123,0.0975,0.051853657,1.0,,,,,,,,,,,,,,,,,,,,,,,,,,,,,,,,,,,,,,,,,,,
261.0,-0.0028952022977422305,0.08553355932235718,0.0005971431965008378,1.0260748863220215,0.0,0.025860472,0.006888419,0.9994027,0.08502999,0.040745936,-1.0809766e-05,-0.010601282,0.016779184,0.008683443,0.009168081,-0.121258974,-0.006112321,0.097875,0.05205196,1.0,,,,,,,,,,,,,,,,,,,,,,,,,,,,,,,,,,,,,,,,,,,
262.0,-0.002895215032096076,0.08558053523302078,0.0005971789360046387,1.022013783454895,0.0,0.026217526,0.007059986,0.99940264,0.08569273,0.041175995,-1.0300653e-05,-0.010107279,0.01673317,0.008775234,0.11864209,-0.009986029,0.020033391,0.09825,0.052250255,1.0,,,,,,,,,,,,,,,,,,,,,,,,,,,,,,,,,,,,,,,,,,,
263.0,-0.002895206002405644,0.08562466502189636,0.0005972028011456132,1.0179394483566284,0.0,0.026577333,0.0072332597,0.9994026,0.08635357,0.041585796,-9.995584e-06,-0.010073423,0.01622796,0.008749962,0.009146188,-0.121215194,-0.006175172,0.098625,0.052448537,1.0,,,,,,,,,,,,,,,,,,,,,,,,,,,,,,,,,,,,,,,,,,,
264.0,-0.0028951781434472766,0.08566603064537048,0.0005972624057903886,1.0138521194458008,0.0,0.026939806,0.0074082343,0.9994026,0.086993605,0.04199392,-9.52884e-06,-0.0095796585,0.016181946,0.008841753,0.118599445,-0.009949872,0.020089626,0.099,0.0526468,1.0,,,,,,,,,,,,,,,,,,,,,,,,,,,,,,,,,,,,,,,,,,,
265.0,-0.002895854639397703,0.08570462465286255,0.0005972742801532149,1.0097519159317017,0.0,0.027304938,0.007584825,0.9994025,0.08763175,0.042381793,-9.409615e-06,-0.0095460415,0.015676737,0.008816242,0.009124334,-0.1211714,-0.0062379767,0.099375,0.052845057,1.0,,,,,,,,,,,,,,,,,,,,,,,,,,,,,,,,,,,,,,,,,,,
266.0,-0.002895473454451326,0.08574048429727554,0.000597322010435164,1.0056393146514893,0.0,0.027672643,0.0077630254,0.99940246,0.088249095,0.042768,-8.9115565e-06,-0.009503841,0.015631199,0.008908033,0.010222423,-0.010868905,0.02184437,0.09975,0.053043295,1.0,,,,,,,,,,,,,,,,,,,,,,,,,,,,,,,,,,,,,,,,,,,
267.0,-0.0028959869470026435,0.08577363193035126,0.0005973816150799394,1.0015146732330322,0.0,0.02804291,0.007942827,0.99940246,0.0888644,0.04315243,-8.798811e-06,-0.009675026,0.015126228,0.008882523,-0.039968494,-0.12157649,-0.005478361,0.100125,0.053241525,1.0,,,,,,,,,,,,,,,,,,,,,,,,,,,,,,,,,,,,,,,,,,,
268.0,-0.0028955652338342585,0.08580410480499268,0.0005973816150799394,0.9973782300949097,0.0,0.028415656,0.008124258,0.9994024,0.08945885,0.04354355,-8.574797e-06,-0.009386063,0.01508069,0.008974314,0.06945331,-0.010306543,0.020951852,0.1005,0.053439736,1.0,,,,,,,,,,,,,,,,,,,,,,,,,,,,,,,,,,,,,,,,,,,
269.0,-0.002896040839584771,0.0858319029211998,0.0005974412197247148,0.9932303428649902,0.0,0.02879087,0.00830727,0.9994024,0.09005136,0.043922804,-8.302709e-06,-0.009557009,0.01457572,0.008948803,-0.039966196,-0.12154085,-0.0055186762,0.100875,0.053637937,1.0,,,,,,,,,,,,,,,,,,,,,,,,,,,,,,,,,,,,,,,,,,,
270.0,-0.0028955972954941445,0.08585706353187561,0.0005974650266580284,0.989071249961853,0.0,0.029168466,0.00849189,0.99940234,0.09062303,0.04430875,-8.126727e-06,-0.009268045,0.014530182,0.009040356,0.0694339,-0.010267123,0.020985313,0.10125,0.053836126,1.0,,,,,,,,,,,,,,,,,,,,,,,,,,,,,,,,,,,,,,,,,,,
271.0,-0.0028960477152403653,0.08587963879108429,0.0005974769592285156,0.9849013686180115,0.0,0.029548436,0.008678068,0.99940234,0.09119276,0.04468283,-7.845909e-06,-0.00943923,0.01402545,0.0090146065,-0.039963882,-0.12150523,-0.0055589634,0.101625,0.054034296,1.0,,,,,,,,,,,,,,,,,,,,,,,,,,,,,,,,,,,,,,,,,,,
272.0,-0.0028955641867777107,0.08589960634708405,0.0005975246313028038,0.9807209372520447,0.0,0.029930692,0.008865833,0.9994023,0.091741666,0.045063607,-7.682612e-06,-0.009150267,0.013980389,0.009106398,0.06941448,-0.010227729,0.021018747,0.102,0.05423246,1.0,,,,,,,,,,,,,,,,,,,,,,,,,,,,,,,,,,,,,,,,,,,
273.0,-0.002895974802413639,0.08591704070568085,0.000597536563873291,0.9765303730964661,0.0,0.030315228,0.009055136,0.9994023,0.09228866,0.045432515,-7.401346e-06,-0.009321451,0.0134756565,0.009080648,-0.039961554,-0.12146962,-0.0055992217,0.102375,0.054430604,1.0,,,,,,,,,,,,,,,,,,,,,,,,,,,,,,,,,,,,,,,,,,,
274.0,-0.002895873937198531,0.0859319344162941,0.0005975842359475791,0.9723299741744995,0.0,0.030701958,0.009246003,0.9994022,0.092814825,0.045808125,-7.248779e-06,-0.009032726,0.013430595,0.009172201,0.06939505,-0.010188359,0.021052158,0.10275,0.054628737,1.0,,,,,,,,,,,,,,,,,,,,,,,,,,,,,,,,,,,,,,,,,,,
275.0,-0.0028966677679952914,0.08594433963298798,0.0005976200336590409,0.9681198596954346,0.0,0.03109087,0.009438385,0.9994022,0.09333909,0.04617187,-6.9675134e-06,-0.009203911,0.012926102,0.009146452,-0.039959215,-0.121434025,-0.0056394516,0.103125,0.054826856,1.0,,,,,,,,,,,,,,,,,,,,,,,,,,,,,,,,,,,,,,,,,,,
276.0,-0.0028965267629777825,0.08595417439937592,0.0005976438405923545,0.9639003276824951,0.0,0.03148188,0.009632312,0.99940217,0.09384255,0.046542317,-6.8255586e-06,-0.008915186,0.012881279,0.009238005,0.0693756,-0.010149013,0.021085542,0.1035,0.055024963,1.0,,,,,,,,,,,,,,,,,,,,,,,,,,,,,,,,,,,,,,,,,,,
277.0,-0.00289728170259109,0.08596156537532806,0.0005976796383038163,0.9596719145774841,0.0,0.03187498,0.009827732,0.99940217,0.09434412,0.046900902,-6.544312e-06,-0.0090863705,0.012377024,0.0092122555,-0.039956857,-0.12139844,-0.0056796535,0.103875,0.055223055,1.0,,,,,,,,,,,,,,,,,,,,,,,,,,,,,,,,,,,,,,,,,,,
278.0,-0.002897102190991564,0.08596645295619965,0.0005976796383038163,0.9554346799850464,0.0,0.032270085,0.010024675,0.9994021,0.09482488,0.04726619,-6.412951e-06,-0.008797646,0.012332201,0.009303808,0.069356136,-0.010109693,0.021118902,0.10425,0.055421133,1.0,,,,,,,,,,,,,,,,,,,,,,,,,,,,,,,,,,,,,,,,,,,
279.0,-0.0028976593711963236,0.08596888929605484,0.0005977392429485917,0.9511888027191162,0.0,0.032667182,0.01022309,0.9994021,0.095303774,0.04761962,-6.1317182e-06,-0.00896883,0.011828184,0.009277821,-0.039954487,-0.12136287,-0.005719827,0.104625,0.055619195,1.0,,,,,,,,,,,,,,,,,,,,,,,,,,,,,,,,,,,,,,,,,,,
280.0,-0.0028972816156383717,0.08596881479024887,0.0005977392429485917,0.946934700012207,0.0,0.03306619,0.010423006,0.99940205,0.09576188,0.04797975,-6.0109387e-06,-0.008680344,0.011783361,0.009369373,0.06933666,-0.0100703975,0.021152236,0.105,0.055817246,1.0,,,,,,,,,,,,,,,,,,,,,,,,,,,,,,,,,,,,,,,,,,,
281.0,-0.0028977996790504903,0.08596637099981308,0.0005977988475933671,0.9426727294921875,0.0,0.0334671,0.010624372,0.99940205,0.096218124,0.048328027,-5.729714e-06,-0.008851528,0.011279583,0.009343386,-0.039952103,-0.12132731,-0.005759972,0.105375,0.056015283,1.0,,,,,,,,,,,,,,,,,,,,,,,,,,,,,,,,,,,,,,,,,,,
282.0,-0.0028973830788159376,0.08596143871545792,0.0005978226545266807,0.9384028911590576,0.0,0.033869825,0.010827218,0.999402,0.09665359,0.048683006,-5.6195045e-06,-0.008563042,0.011234999,0.009434938,0.06931716,-0.010031127,0.021185545,0.10575,0.056213304,1.0,,,,,,,,,,,,,,,,,,,,,,,,,,,,,,,,,,,,,,,,,,,
283.0,-0.0028978628033009958,0.08595413714647293,0.0005978226545266807,0.9341257214546204,0.0,0.034274355,0.011031494,0.999402,0.0970872,0.049026135,-5.33828e-06,-0.008734226,0.01073122,0.009408951,-0.039949704,-0.12129177,-0.005800089,0.106125,0.05641131,1.0,,,,,,,,,,,,,,,,,,,,,,,,,,,,,,,,,,,,,,,,,,,
284.0,-0.002897407308208335,0.08594442903995514,0.0005978822591714561,0.9298412799835205,0.0,0.034680605,0.011237227,0.999402,0.09750005,0.049375966,-5.238629e-06,-0.008445978,0.010686874,0.009500504,0.06929766,-0.0099918805,0.021218829,0.1065,0.056609306,1.0,,,,,,,,,,,,,,,,,,,,,,,,,,,,,,,,,,,,,,,,,,,
285.0,-0.002897848372546264,0.08593233674764633,0.0005978822591714561,0.9255499839782715,0.0,0.035088565,0.011444368,0.9994019,0.09791106,0.04971395,-5.1413467e-06,-0.008617163,0.010183096,0.0094742775,-0.03994729,-0.12125624,-0.005840177,0.106875,0.056807287,1.0,,,,,,,,,,,,,,,,,,,,,,,,,,,,,,,,,,,,,,,,,,,
286.0,-0.0028973553711070057,0.08591792732477188,0.0005979299312457442,0.9212519526481628,0.0,0.035498157,0.0116529465,0.9994019,0.09830132,0.05005864,-4.825124e-06,-0.008328915,0.0101389885,0.00956583,0.069278136,-0.00995266,0.021252086,0.10725,0.057005253,1.0,,,,,,,,,,,,,,,,,,,,,,,,,,,,,,,,,,,,,,,,,,,
287.0,-0.0028977574374971027,0.08590113371610641,0.0005979418638162315,0.9169475436210632,0.0,0.035909362,0.01186291,0.9994019,0.09868975,0.050391484,-4.7811327e-06,-0.008500338,0.009635448,0.009539604,-0.039944865,-0.12122072,-0.0058802376,0.107625,0.057203203,1.0,,,,,,,,,,,,,,,,,,,,,,,,,,,,,,,,,,,,,,,,,,,
288.0,-0.0028972255007315194,0.0858820229768753,0.000597965728957206,0.9126368761062622,0.0,0.036322102,0.01207429,0.99940187,0.09905744,0.050731037,-4.646882e-06,-0.00821209,0.009591341,0.009631157,0.0692586,-0.009913463,0.02128532,0.108,0.05740114,1.0,,,,,,,,,,,,,,,,,,,,,,,,,,,,,,,,,,,,,,,,,,,
289.0,-0.0028975897458703914,0.08586061000823975,0.0005979895358905196,0.9083202481269836,0.0,0.036736365,0.012287035,0.99940187,0.09942333,0.051058743,-4.378689e-06,-0.008383274,0.009088039,0.009604931,-0.03994242,-0.12118522,-0.0059202695,0.108375,0.057599064,1.0,,,,,,,,,,,,,,,,,,,,,,,,,,,,,,,,,,,,,,,,,,,
290.0,-0.0028970378416077213,0.08583690971136093,0.0005980253336019814,0.9039978981018066,0.0,0.037152067,0.012501173,0.99940187,0.099768475,0.051393162,-4.307576e-06,-0.008095264,0.00904417,0.009696245,0.06923905,-0.009874291,0.021318529,0.10875,0.057796974,1.0,,,,,,,,,,,,,,,,,,,,,,,,,,,,,,,,,,,,,,,,,,,
291.0,-0.0028972377900572154,0.08581090718507767,0.0005980253336019814,0.8996698260307312,0.0,0.037569202,0.012716655,0.9994018,0.10011183,0.051715735,-4.21096e-06,-0.008266449,0.008577108,0.009669542,-0.040024318,-0.112516046,-0.006030167,0.109125,0.057994865,1.0,,,,,,,,,,,,,,,,,,,,,,,,,,,,,,,,,,,,,,,,,,,
292.0,-0.002896503619683426,0.08578268438577652,0.0005980730056762695,0.895336389541626,0.0,0.037987683,0.012933509,0.9994018,0.10043593,0.05204504,-3.938718e-06,-0.007978439,0.008569241,0.009760857,0.06913634,-0.0012037024,0.021277856,0.1095,0.058192745,1.0,,,,,,,,,,,,,,,,,,,,,,,,,,,,,,,,,,,,,,,,,,,
293.0,-0.002896665461566454,0.0857522115111351,0.0005980730056762695,0.8909978866577148,0.0,0.038407516,0.013151687,0.9994018,0.100759715,0.052362517,-3.904252e-06,-0.008149862,0.008102179,0.009734154,-0.040023346,-0.1124847,-0.0060661486,0.109875,0.05839061,1.0,,,,,,,,,,,,,,,,,,,,,,,,,,,,,,,,,,,,,,,,,,,
294.0,-0.0028958934918967773,0.0857195258140564,0.0005981087451800704,0.8866541981697083,0.0,0.03882862,0.013371214,0.9994018,0.101064265,0.05268672,-3.809683e-06,-0.007861853,0.008094549,0.00982523,0.06911729,-0.0011687537,0.021307081,0.11025,0.05858846,1.0,,,,,,,,,,,,,,,,,,,,,,,,,,,,,,,,,,,,,,,,,,,
295.0,-0.00289601869902217,0.08568467944860458,0.0005981326103210449,0.8823057413101196,0.0,0.039250985,0.013592044,0.99940175,0.10136851,0.0529991,-3.735109e-06,-0.008033276,0.007627487,0.009798288,-0.040022366,-0.112453364,-0.0061021047,0.110625,0.058786295,1.0,,,,,,,,,,,,,,,,,,,,,,,,,,,,,,,,,,,,,,,,,,,
296.0,-0.0028952097906899325,0.08564765751361847,0.0005981326103210449,0.8779526352882385,0.0,0.039674543,0.013814203,0.99940175,0.101653524,0.053318214,-3.4742998e-06,-0.0077455044,0.007620096,0.009889603,0.06909824,-0.0011338269,0.021336282,0.111,0.058984116,1.0,,,,,,,,,,,,,,,,,,,,,,,,,,,,,,,,,,,,,,,,,,,
297.0,-0.0028952977844553065,0.08560853451490402,0.0005981564754620194,0.8735950589179993,0.0,0.040099286,0.014037643,0.99940175,0.10193825,0.053625505,-3.4403333e-06,-0.007916689,0.0071532726,0.009862661,-0.040021375,-0.11242204,-0.006138036,0.111375,0.059181925,1.0,,,,,,,,,,,,,,,,,,,,,,,,,,,,,,,,,,,,,,,,,,,
298.0,-0.002894696061664126,0.08556722849607468,0.0005981922149658203,0.8692330718040466,0.0,0.040525135,0.014262391,0.99940175,0.10220375,0.05393953,-3.3622348e-06,-0.0076289177,0.0071458817,0.009953737,0.069079176,-0.001098922,0.021365462,0.11175,0.059379715,1.0,,,,,,,,,,,,,,,,,,,,,,,,,,,,,,,,,,,,,,,,,,,
299.0,-0.002894534620988043,0.08552388846874237,0.0005982160801067948,0.8648669123649597,0.0,0.040952086,0.014488398,0.9994017,0.102468975,0.054241735,-3.2869611e-06,-0.0078003407,0.0071663857,0.009922981,-0.04119037,0.0045089982,-0.0070658107,0.112125,0.05957749,1.0,,,,,,,,,,,,,,,,,,,,,,,,,,,,,,,,,,,,,,,,,,,
300.0,-0.0028938966565375725,0.08547843992710114,0.0005982160801067948,0.8604966998100281,0.0,0.04138015,0.014715694,0.9994017,0.1027349,0.054550875,-3.180731e-06,-0.007512808,0.006729603,0.010017395,0.070101716,-0.10414821,0.022164986,0.1125,0.059775252,1.0,,,,,,,,,,,,,,,,,,,,,,,,,,,,,,,,,,,,,,,,,,,
301.0,-0.0028936995028288493,0.08543096482753754,0.0005982398870401084,0.8561223745346069,0.0,0.041809246,0.014944227,0.9994017,0.10298299,0.054848023,-2.9915443e-06,-0.0076839924,0.006750107,0.009986639,-0.04118671,0.0045374967,-0.0070861448,0.112875,0.059973,1.0,,,,,,,,,,,,,,,,,,,,,,,,,,,,,,,,,,,,,,,,,,,
302.0,-0.0028930273261618374,0.08538143336772919,0.000598263752181083,0.8517442345619202,0.0,0.04223938,0.0151740275,0.9994017,0.103231795,0.055152103,-3.0948747e-06,-0.0073964596,0.006313324,0.010081053,0.07010007,-0.104116246,0.022177752,0.11325,0.060170732,1.0,,,,,,,,,,,,,,,,,,,,,,,,,,,,,,,,,,,,,,,,,,,
303.0,-0.0028928460124029243,0.08532990515232086,0.0005982756847515702,0.847362220287323,0.0,0.042670473,0.015405045,0.9994017,0.10346278,0.055444196,-2.8653376e-06,-0.0075678825,0.0063340664,0.010050297,-0.041183047,0.004565985,-0.007106458,0.113625,0.06036845,1.0,,,,,,,,,,,,,,,,,,,,,,,,,,,,,,,,,,,,,,,,,,,
304.0,-0.0028921898701595185,0.08527638018131256,0.0005982994916848838,0.8429765701293945,0.0,0.043102533,0.015637308,0.9994016,0.10369448,0.05574322,-2.9770033e-06,-0.0072801113,0.00599885,0.010143757,0.06985263,-0.0797459,0.02200631,0.114,0.06056615,1.0,,,,,,,,,,,,,,,,,,,,,,,,,,,,,,,,,,,,,,,,,,,
305.0,-0.00289197497279124,0.08522088825702667,0.0005983233568258584,0.8385871648788452,0.0,0.0435355,0.015870769,0.9994016,0.10391252,0.0560303,-2.5950421e-06,-0.0074515343,0.0061211586,0.010112286,-0.041429684,0.028926857,-0.007299632,0.114375,0.060763836,1.0,,,,,,,,,,,,,,,,,,,,,,,,,,,,,,,,,,,,,,,,,,,
306.0,-0.0028912855199234857,0.08516346663236618,0.0005983233568258584,0.8341942429542542,0.0,0.0439694,0.016105453,0.9994016,0.104135424,0.05632435,-2.7665974e-06,-0.007163763,0.0057861805,0.010205746,0.06985302,-0.07972541,0.02200808,0.11475,0.060961507,1.0,,,,,,,,,,,,,,,,,,,,,,,,,,,,,,,,,,,,,,,,,,,
307.0,-0.0028910370299005082,0.0851040929555893,0.000598347163759172,0.8297978639602661,0.0,0.044404168,0.016341314,0.9994016,0.104344666,0.05660646,-2.5588404e-06,-0.007335186,0.005908489,0.010174274,-0.041429743,0.028943995,-0.0073085474,0.115125,0.061159164,1.0,,,,,,,,,,,,,,,,,,,,,,,,,,,,,,,,,,,,,,,,,,,
308.0,-0.0028903143947173705,0.08504281938076019,0.0005983590963296592,0.8253980278968811,0.0,0.04483983,0.016578378,0.9994016,0.104558796,0.056895547,-2.6876417e-06,-0.007047653,0.0055732727,0.0102677345,0.06985342,-0.07970493,0.022009844,0.1155,0.061356805,1.0,,,,,,,,,,,,,,,,,,,,,,,,,,,,,,,,,,,,,,,,,,,
309.0,-0.0028900337285033403,0.08497963845729828,0.0005983829614706337,0.8209946751594543,0.0,0.04527633,0.016816597,0.99940157,0.10475927,0.057172686,-2.4942235e-06,-0.0072188377,0.00569582,0.010236263,-0.041429807,0.028961126,-0.00731745,0.115875,0.06155443,1.0,,,,,,,,,,,,,,,,,,,,,,,,,,,,,,,,,,,,,,,,,,,
310.0,-0.002889278498907879,0.08491458743810654,0.0005984067684039474,0.8165878653526306,0.0,0.04571368,0.017056001,0.99940157,0.10496462,0.057456806,-2.4338403e-06,-0.006931305,0.0053608418,0.010329485,0.069853805,-0.07968446,0.022011602,0.11625,0.06175204,1.0,,,,,,,,,,,,,,,,,,,,,,,,,,,,,,,,,,,,,,,,,,,
311.0,-0.0028889654768176573,0.08484770357608795,0.0005984067684039474,0.8121776580810547,0.0,0.04615183,0.017296538,0.99940157,0.105156325,0.057728976,-2.289132e-06,-0.007102728,0.005483389,0.010298014,-0.041429874,0.028978253,-0.0073263403,0.116625,0.061949633,1.0,,,,,,,,,,,,,,,,,,,,,,,,,,,,,,,,,,,,,,,,,,,
312.0,-0.002888178514805213,0.08477898687124252,0.0005984067684039474,0.807763934135437,0.0,0.0465908,0.017538238,0.99940157,0.10535292,0.05800813,-2.3994098e-06,-0.0068149567,0.005148411,0.010391235,0.06985419,-0.07966401,0.022013357,0.117,0.062147215,1.0,,,,,,,,,,,,,,,,,,,,,,,,,,,,,,,,,,,,,,,,,,,
313.0,-0.0028878347994678285,0.08470843732357025,0.0005984544986858964,0.8033469319343567,0.0,0.047030535,0.017781053,0.99940157,0.10553587,0.05827534,-2.2189342e-06,-0.0069863796,0.005270958,0.010359764,-0.04142994,0.02899537,-0.0073352177,0.117375,0.06234478,1.0,,,,,,,,,,,,,,,,,,,,,,,,,,,,,,,,,,,,,,,,,,,
314.0,-0.0029192219605714866,0.08463609218597412,0.0005984544986858964,0.7989264726638794,0.0,0.04747105,0.018025009,0.99940157,0.10572372,0.05854953,-2.3357463e-06,-0.006698847,0.0049362183,0.010452986,0.06985458,-0.079643555,0.022015108,0.11775,0.06254233,1.0,,,,,,,,,,,,,,,,,,,,,,,,,,,,,,,,,,,,,,,,,,,
315.0,-0.003051565846366158,0.08456197381019592,0.0005984663730487227,0.7945024967193604,0.0,0.047912292,0.018270059,0.99940157,0.105897926,0.058811776,-2.158029e-06,-0.00687027,0.0050587654,0.0104215145,-0.041430008,0.029012484,-0.007344083,0.118125,0.06273986,1.0,,,,,,,,,,,,,,,,,,,,,,,,,,,,,,,,,,,,,,,,,,,
316.0,-0.0031835439414503093,0.08448607474565506,0.0005984663730487227,0.7900749444961548,0.0,0.04835428,0.01851623,0.9994015,0.10607703,0.059081007,-2.2723304e-06,-0.006582737,0.0047240257,0.010514736,0.06985496,-0.07962312,0.022016853,0.1185,0.06293737,1.0,,,,,,,,,,,,,,,,,,,,,,,,,,,,,,,,,,,,,,,,,,,
317.0,-0.003316069183561378,0.08440850675106049,0.0005985141033306718,0.7856439352035522,0.0,0.048796955,0.018763471,0.9994015,0.10624251,0.059338294,-1.915532e-06,-0.0067539215,0.0048468113,0.010483265,-0.041430075,0.029029591,-0.0073529356,0.118875,0.06313487,1.0,,,,,,,,,,,,,,,,,,,,,,,,,,,,,,,,,,,,,,,,,,,
318.0,-0.0034482318185876937,0.08432916551828384,0.0005985141033306718,0.7812092304229736,0.0,0.049240343,0.019011816,0.9994015,0.10641289,0.059602562,-2.0700113e-06,-0.0064663887,0.0045120716,0.010576248,0.06985534,-0.079602696,0.022018595,0.11925,0.06333236,1.0,,,,,,,,,,,,,,,,,,,,,,,,,,,,,,,,,,,,,,,,,,,
319.0,-0.0035809467075131143,0.08424811065196991,0.0005985141033306718,0.7767708897590637,0.0,0.049684383,0.019261211,0.9994015,0.10656964,0.059854887,-1.8920249e-06,-0.0066378117,0.004634857,0.010545015,-0.041430146,0.02904669,-0.007361776,0.119625,0.06352983,1.0,,,,,,,,,,,,,,,,,,,,,,,,,,,,,,,,,,,,,,,,,,,
320.0,-0.0037133036566608115,0.08416540920734406,0.0005985379102639854,0.7723287343978882,0.0,0.050129097,0.019511687,0.9994015,0.10673131,0.0601142,-2.0026623e-06,-0.006350279,0.004300356,0.010637999,0.06985572,-0.07958228,0.02202033,0.12,0.06372728,1.0,,,,,,,,,,,,,,,,,,,,,,,,,,,,,,,,,,,,,,,,,,,
321.0,-0.0038462205053459023,0.08408103138208389,0.0005985617754049599,0.7678827047348022,0.0,0.05057443,0.019763194,0.9994015,0.10687935,0.06036157,-1.8392493e-06,-0.0065214634,0.0044231415,0.010606527,-0.041430216,0.029063784,-0.0073706037,0.120375,0.06392472,1.0,,,,,,,,,,,,,,,,,,,,,,,,,,,,,,,,,,,,,,,,,,,
322.0,-0.003978782558596051,0.08399501442909241,0.0005985737079754472,0.7634327411651611,0.0,0.051020395,0.02001576,0.9994015,0.107032314,0.060615927,-1.944601e-06,-0.0062339306,0.00408864,0.010699511,0.0698561,-0.079561874,0.022022063,0.12075,0.06412214,1.0,,,,,,,,,,,,,,,,,,,,,,,,,,,,,,,,,,,,,,,,,,,
323.0,-0.004111840450119054,0.08390737324953079,0.0005985737079754472,0.7589787840843201,0.0,0.051466946,0.020269336,0.99940145,0.10717166,0.060858343,-1.7867069e-06,-0.0064053535,0.004211664,0.010668039,-0.041430287,0.029080871,-0.007379419,0.121125,0.06431954,1.0,,,,,,,,,,,,,,,,,,,,,,,,,,,,,,,,,,,,,,,,,,,
324.0,-0.0042445530207393415,0.08381812274456024,0.0005985737079754472,0.7545205950737,0.0,0.051914096,0.020523952,0.99940145,0.10731593,0.061107747,-1.7049385e-06,-0.0061178207,0.003877163,0.010761023,0.06985647,-0.07954148,0.02202379,0.1215,0.06451694,1.0,,,,,,,,,,,,,,,,,,,,,,,,,,,,,,,,,,,,,,,,,,,
325.0,-0.004377835595511443,0.08372732251882553,0.0005985975149087608,0.7500582337379456,0.0,0.05236179,0.020779558,0.99940145,0.10744659,0.061345205,-1.5952485e-06,-0.0062892437,0.004000187,0.010729551,-0.04143036,0.029097952,-0.007388222,0.121875,0.06471431,1.0,,,,,,,,,,,,,,,,,,,,,,,,,,,,,,,,,,,,,,,,,,,
326.0,-0.004510776068926954,0.08363492786884308,0.0005986213800497353,0.7455915212631226,0.0,0.052810047,0.02103618,0.99940145,0.107582174,0.06158966,-1.6842571e-06,-0.006001711,0.0036656857,0.010822296,0.069856845,-0.079521105,0.022025513,0.12225,0.06491166,1.0,,,,,,,,,,,,,,,,,,,,,,,,,,,,,,,,,,,,,,,,,,,
327.0,-0.004644302755254104,0.08354102075099945,0.0005986213800497353,0.7411201000213623,0.0,0.053258814,0.021293772,0.99940145,0.107704155,0.06182217,-1.5387453e-06,-0.0061728954,0.003788948,0.010790825,-0.041430436,0.029115027,-0.007397013,0.122625,0.06510901,1.0,,,,,,,,,,,,,,,,,,,,,,,,,,,,,,,,,,,,,,,,,,,
328.0,-0.004777493094948978,0.08344554901123047,0.0005986213800497353,0.7366441488265991,0.0,0.05370811,0.021552363,0.99940145,0.10783107,0.062061667,-1.6342976e-06,-0.005885601,0.0034544468,0.010883808,0.06985721,-0.079500735,0.02202723,0.123,0.065306336,1.0,,,,,,,,,,,,,,,,,,,,,,,,,,,,,,,,,,,,,,,,,,,
329.0,-0.004911272770344569,0.08334862440824509,0.0005986451869830489,0.7321634292602539,0.0,0.05415788,0.0218119,0.99940145,0.107944384,0.06228923,-1.4915172e-06,-0.0060567856,0.0035777092,0.010852337,-0.041430514,0.029132094,-0.0074057905,0.123375,0.06550364,1.0,,,,,,,,,,,,,,,,,,,,,,,,,,,,,,,,,,,,,,,,,,,
330.0,-0.00504472794394651,0.08325022459030151,0.0005986451869830489,0.7276777625083923,0.0,0.05460814,0.022072418,0.99940145,0.10806264,0.06252378,-1.5845617e-06,-0.005769253,0.0032434464,0.010945082,0.069857575,-0.07948037,0.022028944,0.12375,0.06570093,1.0,,,,,,,,,,,,,,,,,,,,,,,,,,,,,,,,,,,,,,,,,,,
331.0,-0.0051787776323221355,0.08315034210681915,0.0005986571195535362,0.7231871485710144,0.0,0.055058837,0.02233386,0.99940145,0.108167306,0.0627464,-1.4466337e-06,-0.0059406757,0.0033667088,0.01091361,-0.041430593,0.029149156,-0.007414556,0.124125,0.06589821,1.0,,,,,,,,,,,,,,,,,,,,,,,,,,,,,,,,,,,,,,,,,,,
332.0,-0.005312516986743414,0.08304906636476517,0.0005986809846945107,0.7186911702156067,0.0,0.055509992,0.02259626,0.9994014,0.10827691,0.062976,-1.536672e-06,-0.005653143,0.003032446,0.011006355,0.06985794,-0.079460025,0.022030653,0.1245,0.066095464,1.0,,,,,,,,,,,,,,,,,,,,,,,,,,,,,,,,,,,,,,,,,,,
333.0,-0.005446860920601149,0.08294636756181717,0.0005986809846945107,0.714189887046814,0.0,0.055961546,0.022859568,0.9994014,0.10837293,0.06319367,-1.2197492e-06,-0.005824566,0.0031559467,0.010974884,-0.04143067,0.02916621,-0.007423309,0.124875,0.06629271,1.0,,,,,,,,,,,,,,,,,,,,,,,,,,,,,,,,,,,,,,,,,,,
334.0,-0.0055809056297218395,0.08284226804971695,0.0005987047916278243,0.7096828818321228,0.0,0.05641352,0.02312381,0.9994014,0.1084739,0.063418336,-1.3499435e-06,-0.005537033,0.002821684,0.01106739,0.069858305,-0.079439685,0.022032358,0.12525,0.066489935,1.0,,,,,,,,,,,,,,,,,,,,,,,,,,,,,,,,,,,,,,,,,,,
335.0,-0.005715563064964,0.08273680508136749,0.0005987047916278243,0.7051703333854675,0.0,0.05686586,0.02338894,0.9994014,0.108561285,0.06363106,-1.2118112e-06,-0.005708456,0.0029451847,0.011035919,-0.04143075,0.029183261,-0.00743205,0.125625,0.066687144,1.0,,,,,,,,,,,,,,,,,,,,,,,,,,,,,,,,,,,,,,,,,,,
336.0,-0.005849925672303472,0.08263000100851059,0.0005987047916278243,0.7006518840789795,0.0,0.057318583,0.023654984,0.9994014,0.10865363,0.06385078,-1.2981615e-06,-0.0054209232,0.0026111603,0.011128664,0.06985866,-0.07941936,0.022034056,0.126,0.06688434,1.0,,,,,,,,,,,,,,,,,,,,,,,,,,,,,,,,,,,,,,,,,,,
337.0,-0.005984918691204122,0.08252188563346863,0.0005987047916278243,0.6961273550987244,0.0,0.057771634,0.023921896,0.9994014,0.108732395,0.064058565,-1.1745763e-06,-0.005592346,0.002734661,0.011097193,-0.04143083,0.029200302,-0.0074407784,0.126375,0.06708151,1.0,,,,,,,,,,,,,,,,,,,,,,,,,,,,,,,,,,,,,,,,,,,
338.0,-0.006119757334043699,0.08241243660449982,0.0005987286567687988,0.6915966272354126,0.0,0.058225036,0.024189701,0.9994014,0.108816124,0.06427334,-1.2556425e-06,-0.0053048134,0.0024006367,0.011189699,0.06985902,-0.07939904,0.022035751,0.12675,0.06727867,1.0,,,,,,,,,,,,,,,,,,,,,,,,,,,,,,,,,,,,,,,,,,,
339.0,-0.006255236472648314,0.08230174332857132,0.0005987286567687988,0.6870594620704651,0.0,0.058678728,0.024458352,0.9994014,0.10888628,0.064476185,-1.1375478e-06,-0.0054762363,0.002524376,0.011158228,-0.041430917,0.029217338,-0.007449494,0.127125,0.06747581,1.0,,,,,,,,,,,,,,,,,,,,,,,,,,,,,,,,,,,,,,,,,,,
340.0,-0.0063904439220741575,0.08218976855278015,0.0005987525219097733,0.6825156807899475,0.0,0.059132732,0.024727877,0.9994014,0.1089614,0.06468603,-1.2154558e-06,-0.0051887035,0.0021903515,0.011250734,0.06985938,-0.07937874,0.022037443,0.1275,0.06767294,1.0,,,,,,,,,,,,,,,,,,,,,,,,,,,,,,,,,,,,,,,,,,,
341.0,-0.006526302427569091,0.08207650482654572,0.0005987525219097733,0.6779651045799255,0.0,0.059586994,0.024998227,0.9994014,0.10902297,0.06488393,-1.1023491e-06,-0.0053601265,0.0023140907,0.011219263,-0.041431,0.029234368,-0.007458198,0.127875,0.06787005,1.0,,,,,,,,,,,,,,,,,,,,,,,,,,,,,,,,,,,,,,,,,,,
342.0,-0.006661905309239139,0.081961989402771,0.0005987525219097733,0.6734073758125305,0.0,0.060041536,0.02526943,0.9994014,0.109089494,0.06508884,-1.1772162e-06,-0.0050725937,0.0019800663,0.0113117695,0.06985973,-0.07935844,0.022039128,0.12825,0.06806714,1.0,,,,,,,,,,,,,,,,,,,,,,,,,,,,,,,,,,,,,,,,,,,
343.0,-0.006798172141631177,0.08184623718261719,0.0005987643962725997,0.6688424348831177,0.0,0.060496297,0.025541438,0.9994014,0.10914247,0.06528181,-1.0690665e-06,-0.0052440166,0.002104044,0.011280298,-0.041431084,0.029251393,-0.007466889,0.128625,0.068264216,1.0,,,,,,,,,,,,,,,,,,,,,,,,,,,,,,,,,,,,,,,,,,,
344.0,-0.006934188995123216,0.08172929286956787,0.0005987643962725997,0.6642701625823975,0.0,0.060951296,0.025814278,0.99940133,0.10920041,0.06548178,-1.1408996e-06,-0.004956484,0.0017700195,0.011372566,0.06986008,-0.079338156,0.02204081,0.129,0.06846127,1.0,,,,,,,,,,,,,,,,,,,,,,,,,,,,,,,,,,,,,,,,,,,
345.0,-0.007070885228592398,0.08161114901304245,0.0005987882614135742,0.6596902012825012,0.0,0.061406482,0.026087902,0.99940133,0.10924481,0.06566981,-8.537393e-07,-0.005127907,0.0018939972,0.011341095,-0.04143117,0.029268408,-0.007475568,0.129375,0.068658315,1.0,,,,,,,,,,,,,,,,,,,,,,,,,,,,,,,,,,,,,,,,,,,
346.0,-0.007207344713779413,0.08149176090955734,0.0005987882614135742,0.6551024317741394,0.0,0.061861876,0.026362339,0.99940133,0.10929418,0.06586485,-9.657307e-07,-0.0048406124,0.0015602112,0.011433601,0.06986043,-0.07931788,0.022042487,0.12975,0.06885534,1.0,,,,,,,,,,,,,,,,,,,,,,,,,,,,,,,,,,,,,,,,,,,
347.0,-0.00734449496543871,0.0813712328672409,0.0005988121265545487,0.6505066156387329,0.0,0.062317416,0.02663754,0.99940133,0.10933002,0.06604796,-8.573406e-07,-0.005011797,0.0016841888,0.01140213,-0.04143126,0.02928542,-0.0074842344,0.130125,0.06905234,1.0,,,,,,,,,,,,,,,,,,,,,,,,,,,,,,,,,,,,,,,,,,,
348.0,-0.007481421911707709,0.08124953508377075,0.0005988121265545487,0.6459025740623474,0.0,0.06277313,0.026913531,0.99940133,0.109370835,0.06623807,-9.25488e-07,-0.0047245026,0.0013504028,0.011494398,0.06986077,-0.079297625,0.02204416,0.1305,0.06924933,1.0,,,,,,,,,,,,,,,,,,,,,,,,,,,,,,,,,,,,,,,,,,,
349.0,-0.007619044747444084,0.08112666755914688,0.0005988121265545487,0.6412903070449829,0.0,0.06322896,0.027190266,0.99940133,0.10939811,0.06641624,-8.3162433e-07,-0.004895687,0.0014746189,0.011462927,-0.04143135,0.029302424,-0.0074928887,0.130875,0.0694463,1.0,,,,,,,,,,,,,,,,,,,,,,,,,,,,,,,,,,,,,,,,,,,
350.0,-0.007756458836684807,0.08100266754627228,0.0005988121265545487,0.6366693377494812,0.0,0.06368492,0.027467772,0.99940133,0.10943038,0.066601425,-8.9448935e-07,-0.0046083927,0.0011408329,0.011555195,0.06986112,-0.079277374,0.022045827,0.13125,0.06964325,1.0,,,,,,,,,,,,,,,,,,,,,,,,,,,,,,,,,,,,,,,,,,,
351.0,-0.007894585104977866,0.08087755739688873,0.0005988121265545487,0.6320396065711975,0.0,0.06414095,0.027746,0.99940133,0.10944912,0.06677467,-8.060952e-07,-0.0047795773,0.001265049,0.011523724,-0.04143144,0.029319422,-0.0075015305,0.131625,0.06984019,1.0,,,,,,,,,,,,,,,,,,,,,,,,,,,,,,,,,,,,,,,,,,,
352.0,-0.008032508097167376,0.08075129240751266,0.0005988359334878623,0.6274009943008423,0.0,0.06459709,0.028024979,0.99940133,0.10947285,0.066954926,-8.658037e-07,-0.004492283,0.0009315014,0.011615753,0.06986146,-0.07925713,0.02204749,0.132,0.07003711,1.0,,,,,,,,,,,,,,,,,,,,,,,,,,,,,,,,,,,,,,,,,,,
353.0,-0.008171156517117972,0.08062396943569183,0.0005988359334878623,0.6227532029151917,0.0,0.06505327,0.028304659,0.99940133,0.109483056,0.06712324,-7.8237645e-07,-0.0046634674,0.0010557175,0.011584282,-0.04143153,0.029336413,-0.0075101596,0.132375,0.070234016,1.0,,,,,,,,,,,,,,,,,,,,,,,,,,,,,,,,,,,,,,,,,,,
354.0,-0.00830961302096771,0.08049556612968445,0.0005988597986288369,0.6180961728096008,0.0,0.06550951,0.028585069,0.99940133,0.109498255,0.067298576,-8.39046e-07,-0.0043764114,0.0007221699,0.01167655,0.0698618,-0.0792369,0.02204915,0.13275,0.0704309,1.0,,,,,,,,,,,,,,,,,,,,,,,,,,,,,,,,,,,,,,,,,,,
355.0,-0.008448844547414047,0.08036607503890991,0.0005988597986288369,0.6134297847747803,0.0,0.065965764,0.02886616,0.99940133,0.10949994,0.06746197,-7.605544e-07,-0.004547596,0.00084638596,0.011645079,-0.041431624,0.029353399,-0.0075187767,0.133125,0.070627764,1.0,,,,,,,,,,,,,,,,,,,,,,,,,,,,,,,,,,,,,,,,,,,
356.0,-0.00858790067281316,0.08023552596569061,0.0005988597986288369,0.6087536215782166,0.0,0.06642204,0.029147962,0.99940133,0.10950663,0.06763238,-8.141919e-07,-0.0042603016,0.0006341934,0.011736631,0.06952343,-0.05014154,0.021918572,0.1335,0.07082461,1.0,,,,,,,,,,,,,,,,,,,,,,,,,,,,,,,,,,,,,,,,,,,
357.0,-0.00872769456565002,0.08010391891002655,0.0005988597986288369,0.604067862033844,0.0,0.06687831,0.029430425,0.99940133,0.10950476,0.06779091,-7.4347093e-07,-0.004431486,0.00087976456,0.011704683,-0.041775927,0.058438595,-0.007646164,0.133875,0.071021445,1.0,,,,,,,,,,,,,,,,,,,,,,,,,,,,,,,,,,,,,,,,,,,
358.0,-0.008867317082633372,0.0799712985754013,0.0005988597986288369,0.5993722081184387,0.0,0.067334615,0.029713577,0.99940133,0.10951284,0.067956515,-7.980844e-07,-0.0041441917,0.0006673336,0.011795998,0.06952637,-0.0501349,0.021907076,0.13425,0.07121826,1.0,,,,,,,,,,,,,,,,,,,,,,,,,,,,,,,,,,,,,,,,,,,
359.0,-0.009007688178860192,0.0798376128077507,0.0005988597986288369,0.594666600227356,0.0,0.06779091,0.02999737,0.99940133,0.10951237,0.06811024,-7.2820836e-07,-0.0043156147,0.00091290474,0.0117640495,-0.041780464,0.058442034,-0.007641255,0.134625,0.07141505,1.0,,,,,,,,,,,,,,,,,,,,,,,,,,,,,,,,,,,,,,,,,,,
360.0,-0.009147728720748025,0.07970291376113892,0.0005988717311993241,0.5899564027786255,0.0,0.06824726,0.030281832,0.99940133,0.10952185,0.06827105,-7.8214674e-07,-0.0040283203,0.0007007122,0.011855602,0.0695293,-0.050128266,0.02189558,0.135,0.07161183,1.0,,,,,,,,,,,,,,,,,,,,,,,,,,,,,,,,,,,,,,,,,,,
361.0,-0.009288363092403438,0.07956724613904953,0.0005988955381326377,0.585241436958313,0.0,0.0687036,0.030566916,0.9994013,0.109522775,0.06841998,-7.1350297e-07,-0.004199505,0.00094628334,0.011823654,-0.041785,0.05844547,-0.007636342,0.135375,0.07180859,1.0,,,,,,,,,,,,,,,,,,,,,,,,,,,,,,,,,,,,,,,,,,,
362.0,-0.009428670365734661,0.07943055033683777,0.0005989194032736123,0.5805217623710632,0.0,0.06915999,0.03085265,0.9994013,0.10953366,0.068575986,-5.8271246e-07,-0.0039122105,0.0007340908,0.0119149685,0.06953224,-0.050121635,0.021884086,0.13575,0.07200533,1.0,,,,,,,,,,,,,,,,,,,,,,,,,,,,,,,,,,,,,,,,,,,
363.0,-0.009569570618388186,0.079292893409729,0.0005989194032736123,0.5757973790168762,0.0,0.06961639,0.031138983,0.9994013,0.109535985,0.06872011,-5.58515e-07,-0.004083395,0.0009796619,0.01188302,-0.04178954,0.058448903,-0.0076314253,0.136125,0.07220206,1.0,,,,,,,,,,,,,,,,,,,,,,,,,,,,,,,,,,,,,,,,,,,
364.0,-0.009710148537712668,0.07915422320365906,0.0005989194032736123,0.5710681080818176,0.0,0.070072845,0.031425945,0.9994013,0.10954827,0.06887132,-6.0077616e-07,-0.003796339,0.0007674694,0.011974573,0.06953517,-0.050115004,0.02187259,0.1365,0.07239876,1.0,,,,,,,,,,,,,,,,,,,,,,,,,,,,,,,,,,,,,,,,,,,
365.0,-0.009851227984573259,0.07901462912559509,0.0005989194032736123,0.566334068775177,0.0,0.070529304,0.03171349,0.9994013,0.109551996,0.06901065,-5.3702064e-07,-0.0039675236,0.0010130405,0.011942625,-0.041794077,0.058452334,-0.007626504,0.136875,0.07259545,1.0,,,,,,,,,,,,,,,,,,,,,,,,,,,,,,,,,,,,,,,,,,,
366.0,-0.009991984340745491,0.07887403666973114,0.0005989194032736123,0.5615952014923096,0.0,0.07098583,0.032001644,0.9994013,0.10956569,0.06915707,-5.8809434e-07,-0.0036802292,0.0008006096,0.012033939,0.0695381,-0.050108377,0.021861093,0.13725,0.07279212,1.0,,,,,,,,,,,,,,,,,,,,,,,,,,,,,,,,,,,,,,,,,,,
367.0,-0.010133337524377933,0.07873255759477615,0.0005989194032736123,0.5568515062332153,0.0,0.07144237,0.03229036,0.9994013,0.10957082,0.069291614,-5.233424e-07,-0.0038514137,0.0010464191,0.012001991,-0.04179861,0.058455765,-0.0076215793,0.137625,0.07298877,1.0,,,,,,,,,,,,,,,,,,,,,,,,,,,,,,,,,,,,,,,,,,,
368.0,-0.010274367428483335,0.07859013974666595,0.0005989194032736123,0.5521029829978943,0.0,0.07189898,0.032579664,0.9994013,0.10958591,0.069433235,-5.7417503e-07,-0.0035643578,0.0008342266,0.012093306,0.06954104,-0.05010175,0.021849599,0.138,0.0731854,1.0,,,,,,,,,,,,,,,,,,,,,,,,,,,,,,,,,,,,,,,,,,,
369.0,-0.01041599044273262,0.07844680547714233,0.0005989194032736123,0.547349750995636,0.0,0.07235562,0.03286951,0.9994013,0.10959245,0.06956299,-5.105521e-07,-0.0037355423,0.0010797977,0.0120613575,-0.041803144,0.058459193,-0.0076166503,0.138375,0.07338202,1.0,,,,,,,,,,,,,,,,,,,,,,,,,,,,,,,,,,,,,,,,,,,
370.0,-0.010557290803394017,0.07830256968736649,0.0005989194032736123,0.5425916910171509,0.0,0.072812326,0.033159927,0.9994013,0.10960895,0.069699824,-5.60645e-07,-0.003448248,0.0008676052,0.012152672,0.069543965,-0.05009513,0.021838104,0.13875,0.07357861,1.0,,,,,,,,,,,,,,,,,,,,,,,,,,,,,,,,,,,,,,,,,,,
371.0,-0.01069918123720195,0.07815747708082199,0.0005989432102069259,0.5378290414810181,0.0,0.07326906,0.033450864,0.9994013,0.10961689,0.069824785,-4.982679e-07,-0.0036194324,0.0011131763,0.012120724,-0.041807674,0.058462616,-0.007611717,0.139125,0.073775195,1.0,,,,,,,,,,,,,,,,,,,,,,,,,,,,,,,,,,,,,,,,,,,
372.0,-0.010840424534142858,0.07801150530576706,0.0005989432102069259,0.5330617427825928,0.0,0.07372587,0.03374235,0.9994013,0.109634794,0.06995684,-5.47594e-07,-0.0033323765,0.0009009838,0.012212038,0.06954689,-0.05008851,0.021826608,0.1395,0.07397175,1.0,,,,,,,,,,,,,,,,,,,,,,,,,,,,,,,,,,,,,,,,,,,
373.0,-0.010982260445964153,0.07786469161510468,0.0005989670753479004,0.528289794921875,0.0,0.07418273,0.034034338,0.9994013,0.109644145,0.07007702,-4.864687e-07,-0.003503561,0.0011467934,0.01218009,-0.041812208,0.05846604,-0.0076067797,0.139875,0.074168295,1.0,,,,,,,,,,,,,,,,,,,,,,,,,,,,,,,,,,,,,,,,,,,
374.0,-0.011123910329559615,0.07771704345941544,0.0005989670753479004,0.5235133767127991,0.0,0.074639656,0.034326855,0.9994013,0.10966346,0.07020429,-5.350271e-07,-0.0032162666,0.00093460083,0.012271404,0.06954982,-0.050081894,0.021815114,0.14025,0.07436481,1.0,,,,,,,,,,,,,,,,,,,,,,,,,,,,,,,,,,,,,,,,,,,
375.0,-0.011265885335003271,0.07756862789392471,0.0005989670753479004,0.5187327861785889,0.0,0.07509663,0.034619853,0.9994013,0.10967422,0.07031968,-4.7515357e-07,-0.0033874512,0.0011804104,0.012239456,-0.041816738,0.05846946,-0.0076018386,0.140625,0.07456132,1.0,,,,,,,,,,,,,,,,,,,,,,,,,,,,,,,,,,,,,,,,,,,
376.0,-0.011408439781194013,0.0774194523692131,0.0005989670753479004,0.5139479637145996,0.0,0.07555369,0.034913365,0.9994013,0.10969494,0.07044217,-5.2294456e-07,-0.0031003952,0.00096821785,0.0123307705,0.06955275,-0.050075278,0.02180362,0.141,0.07475781,1.0,,,,,,,,,,,,,,,,,,,,,,,,,,,,,,,,,,,,,,,,,,,
377.0,-0.011550647220322004,0.0772695317864418,0.0005989670753479004,0.5091592073440552,0.0,0.07601081,0.035207335,0.9994013,0.10970712,0.07055278,-4.643223e-07,-0.0032715797,0.001213789,0.012298822,-0.041821264,0.05847288,-0.0075968937,0.141375,0.07495427,1.0,,,,,,,,,,,,,,,,,,,,,,,,,,,,,,,,,,,,,,,,,,,
378.0,-0.011693429167315401,0.07711891084909439,0.0005989670753479004,0.504366397857666,0.0,0.07646801,0.035501793,0.9994013,0.10972925,0.07067049,-5.113465e-07,-0.0029842854,0.0010015965,0.012389898,0.06955567,-0.050068665,0.021792125,0.14175,0.07515072,1.0,,,,,,,,,,,,,,,,,,,,,,,,,,,,,,,,,,,,,,,,,,,
379.0,-0.011835854532121064,0.07696764171123505,0.0005989670753479004,0.49957001209259033,0.0,0.07692527,0.035796694,0.9994013,0.109742835,0.070776336,-4.5397513e-07,-0.0031557083,0.001247406,0.012358189,-0.041825794,0.058476295,-0.007591944,0.142125,0.07534715,1.0,,,,,,,,,,,,,,,,,,,,,,,,,,,,,,,,,,,,,,,,,,,
380.0,-0.011978841573552078,0.07681569457054138,0.0005989670753479004,0.49477002024650574,0.0,0.07738263,0.03609207,0.9994013,0.10976638,0.07088927,-5.00233e-07,-0.002868414,0.0010352135,0.0124492645,0.06955859,-0.050062057,0.021780632,0.1425,0.07554356,1.0,,,,,,,,,,,,,,,,,,,,,,,,,,,,,,,,,,,,,,,,,,,
381.0,-0.01212146262429732,0.07666311413049698,0.0005989670753479004,0.4899667799472809,0.0,0.07784005,0.03638786,0.9994013,0.10978138,0.07099033,-4.4411203e-07,-0.0030395985,0.001281023,0.012417316,-0.04183032,0.058479708,-0.0075869914,0.142875,0.07573995,1.0,,,,,,,,,,,,,,,,,,,,,,,,,,,,,,,,,,,,,,,,,,,
382.0,-0.012264631000567228,0.07650995999574661,0.0005989670753479004,0.4851604402065277,0.0,0.07829758,0.036684103,0.9994013,0.10980634,0.0710985,-4.8960413e-07,-0.002752304,0.0010690689,0.012508392,0.06956152,-0.05005545,0.021769138,0.14325,0.075936325,1.0,,,,,,,,,,,,,,,,,,,,,,,,,,,,,,,,,,,,,,,,,,,
383.0,-0.01240742028924923,0.07635622471570969,0.0005989670753479004,0.4803512990474701,0.0,0.07875518,0.03698075,0.9994013,0.10982275,0.07119479,-4.3473307e-07,-0.002923727,0.0013148785,0.012476683,-0.041834842,0.05848312,-0.007582034,0.143625,0.07613268,1.0,,,,,,,,,,,,,,,,,,,,,,,,,,,,,,,,,,,,,,,,,,,
384.0,-0.01255074718144939,0.07620196044445038,0.0005989670753479004,0.4755394160747528,0.0,0.07921288,0.037277825,0.9994013,0.109849125,0.07129818,-4.794599e-07,-0.0026364326,0.0011026859,0.012567759,0.06956443,-0.050048847,0.021757644,0.144,0.07632901,1.0,,,,,,,,,,,,,,,,,,,,,,,,,,,,,,,,,,,,,,,,,,,
385.0,-0.012693678512431212,0.07604715973138809,0.0005989670753479004,0.47072529792785645,0.0,0.07967066,0.037575282,0.9994013,0.109866954,0.071389705,-4.258384e-07,-0.0028076172,0.0013484955,0.0125358105,-0.04183937,0.058486532,-0.007577073,0.144375,0.07652532,1.0,,,,,,,,,,,,,,,,,,,,,,,,,,,,,,,,,,,,,,,,,,,
386.0,-0.01283712825256432,0.07589185237884521,0.0005989670753479004,0.46590909361839294,0.0,0.08012856,0.03787315,0.9994013,0.109894745,0.071488336,-4.6980045e-07,-0.0025205612,0.001136303,0.012626886,0.06956735,-0.050042246,0.021746151,0.14475,0.07672162,1.0,,,,,,,,,,,,,,,,,,,,,,,,,,,,,,,,,,,,,,,,,,,
387.0,-0.012980168811460252,0.0757361426949501,0.0005989670753479004,0.46109116077423096,0.0,0.08058653,0.03817138,0.9994013,0.109914,0.07157509,-4.17428e-07,-0.0026917458,0.0013823509,0.012595177,-0.04184389,0.05848994,-0.0075721075,0.145125,0.0769179,1.0,,,,,,,,,,,,,,,,,,,,,,,,,,,,,,,,,,,,,,,,,,,
388.0,-0.0131237065788775,0.07557997107505798,0.0005989790079183877,0.45627185702323914,0.0,0.08104463,0.03847,0.9994013,0.1099432,0.07166895,-4.6062578e-07,-0.0024044514,0.0011701584,0.012686014,0.06957027,-0.050035648,0.021734659,0.1455,0.07711416,1.0,,,,,,,,,,,,,,,,,,,,,,,,,,,,,,,,,,,,,,,,,,,
389.0,-0.013266812590998964,0.07542340457439423,0.0005989790079183877,0.4514515697956085,0.0,0.08150281,0.038768962,0.9994012,0.10996387,0.07175095,-4.0950198e-07,-0.0025758743,0.0014159679,0.0126543045,-0.041848414,0.058493346,-0.0075671384,0.145875,0.0773104,1.0,,,,,,,,,,,,,,,,,,,,,,,,,,,,,,,,,,,,,,,,,,,
390.0,-0.013410399358348613,0.07526640594005585,0.0005989790079183877,0.4466305077075958,0.0,0.08196112,0.039068297,0.9994012,0.1099945,0.07184005,-2.6797187e-07,-0.00228858,0.0012040138,0.012745142,0.06957319,-0.05002905,0.021723164,0.14625,0.07750662,1.0,,,,,,,,,,,,,,,,,,,,,,,,,,,,,,,,,,,,,,,,,,,
391.0,-0.01355353183400595,0.075109101831913,0.0005989790079183877,0.4418092370033264,0.0,0.08241952,0.03936795,0.9994012,0.110016584,0.07191728,-2.6129072e-07,-0.0024597645,0.0014498234,0.012713432,-0.041852932,0.058496747,-0.007562165,0.146625,0.07770281,1.0,,,,,,,,,,,,,,,,,,,,,,,,,,,,,,,,,,,,,,,,,,,
392.0,-0.013696949810704667,0.07495143264532089,0.0005989790079183877,0.436987966299057,0.0,0.08287806,0.039667957,0.9994012,0.11004864,0.07200162,-2.9281952e-07,-0.0021727085,0.0012378693,0.01280427,0.0695761,-0.05002246,0.021711672,0.147,0.077898994,1.0,,,,,,,,,,,,,,,,,,,,,,,,,,,,,,,,,,,,,,,,,,,
393.0,-0.013839893494573796,0.07479352504014969,0.0005989790079183877,0.4321672022342682,0.0,0.08333669,0.039968267,0.9994012,0.11007214,0.07207409,-2.4657294e-07,-0.002343893,0.0014836788,0.01277256,-0.041857455,0.05850015,-0.0075571877,0.147375,0.07809515,1.0,,,,,,,,,,,,,,,,,,,,,,,,,,,,,,,,,,,,,,,,,,,
394.0,-0.013983267885344094,0.07463525235652924,0.0005989790079183877,0.427347332239151,0.0,0.083795466,0.040268905,0.9994012,0.11010561,0.07215367,-2.8692193e-07,-0.0020565987,0.0012717247,0.012863398,0.06957902,-0.050015867,0.02170018,0.14775,0.0782913,1.0,,,,,,,,,,,,,,,,,,,,,,,,,,,,,,,,,,,,,,,,,,,
395.0,-0.014126627053769655,0.07447676360607147,0.0005989790079183877,0.4225289523601532,0.0,0.08425434,0.04056983,0.9994012,0.11013055,0.07222139,-2.3967257e-07,-0.0022280216,0.0015175343,0.012831688,-0.041861974,0.05850355,-0.0075522065,0.148125,0.07848742,1.0,,,,,,,,,,,,,,,,,,,,,,,,,,,,,,,,,,,,,,,,,,,
396.0,-0.014269475091002876,0.07431794703006744,0.0005989790079183877,0.41771236062049866,0.0,0.08471336,0.040871065,0.9994012,0.11016544,0.072296225,-2.7978766e-07,-0.0019407272,0.0013055801,0.012922287,0.069581926,-0.05000928,0.021688687,0.1485,0.07868352,1.0,,,,,,,,,,,,,,,,,,,,,,,,,,,,,,,,,,,,,,,,,,,
397.0,-0.014412707056468401,0.07415890693664551,0.0005989790079183877,0.4128982126712799,0.0,0.0851725,0.04117256,0.9994012,0.1101918,0.07235919,-2.3366114e-07,-0.0021121502,0.0015516281,0.012890816,-0.04186649,0.058506947,-0.007547221,0.148875,0.0788796,1.0,,,,,,,,,,,,,,,,,,,,,,,,,,,,,,,,,,,,,,,,,,,
398.0,-0.014555397692736099,0.07399965077638626,0.0005989790079183877,0.4080868661403656,0.0,0.08563178,0.04147435,0.9994012,0.110228114,0.07242927,-2.730436e-07,-0.0018248558,0.0013394356,0.012981415,0.06958484,-0.050002694,0.021677194,0.14925,0.079075664,1.0,,,,,,,,,,,,,,,,,,,,,,,,,,,,,,,,,,,,,,,,,,,
399.0,-0.014698440574385258,0.0738401785492897,0.0005989790079183877,0.40327903628349304,0.0,0.08609118,0.04177638,0.9994012,0.110255904,0.07248748,-2.2815668e-07,-0.0019960403,0.0015854836,0.012949705,-0.041871004,0.05851034,-0.007542232,0.149625,0.07927171,1.0,,,,,,,,,,,,,,,,,,,,,,,,,,,,,,,,,,,,,,,,,,,
400.0,-0.014840908957231572,0.07368047535419464,0.0005989790079183877,0.39847511053085327,0.0,0.086550735,0.042078685,0.9994012,0.11029365,0.07255281,-2.6677958e-07,-0.0017089844,0.0013735294,0.013040543,0.06958775,-0.04999611,0.021665704,0.15,0.07946773,1.0,,,,,,,,,,,,,,,,,,,,,,,,,,,,,,,,,,,,,,,,,,,
401.0,-0.01498369854942408,0.07352060824632645,0.0005990028148517013,0.3936757743358612,0.0,0.08701041,0.04238121,0.9994012,0.110322855,0.07260627,-2.2313822e-07,-0.0018801689,0.0016195774,0.013008833,-0.04187552,0.058513734,-0.0075372388,0.150375,0.07966374,1.0,,,,,,,,,,,,,,,,,,,,,,,,,,,,,,,,,,,,,,,,,,,
402.0,-0.015126221022373553,0.07336056232452393,0.0005990028148517013,0.3888816237449646,0.0,0.087470256,0.04268399,0.9994012,0.11036203,0.07266686,-2.6100054e-07,-0.0015928745,0.0014073849,0.013099432,0.06959066,-0.049989533,0.021654211,0.15075,0.07985972,1.0,,,,,,,,,,,,,,,,,,,,,,,,,,,,,,,,,,,,,,,,,,,
403.0,-0.015269026329880276,0.07320033758878708,0.0005990028148517013,0.38409334421157837,0.0,0.087930225,0.04298697,0.9994012,0.11039267,0.07271558,-2.1860468e-07,-0.0017642975,0.0016534328,0.013067722,-0.041880034,0.058517125,-0.0075322413,0.151125,0.080055684,1.0,,,,,,,,,,,,,,,,,,,,,,,,,,,,,,,,,,,,,,,,,,,
404.0,-0.015411183837054815,0.07303997129201889,0.0005990028148517013,0.3793114125728607,0.0,0.088390365,0.043290183,0.9994012,0.11043327,0.07277142,-2.5570682e-07,-0.0014770031,0.0014414787,0.01315856,0.06959356,-0.049982954,0.021642718,0.1515,0.08025163,1.0,,,,,,,,,,,,,,,,,,,,,,,,,,,,,,,,,,,,,,,,,,,
405.0,-0.015553584916416712,0.07287944108247757,0.0005990028148517013,0.3745366632938385,0.0,0.08885064,0.04359358,0.9994012,0.11046534,0.072815396,-2.1455605e-07,-0.001648426,0.0016875267,0.01312685,-0.04188455,0.05852051,-0.00752724,0.151875,0.08044755,1.0,,,,,,,,,,,,,,,,,,,,,,,,,,,,,,,,,,,,,,,,,,,
406.0,-0.015695296860998926,0.07271870225667953,0.0005990028148517013,0.3697696626186371,0.0,0.089311086,0.043897193,0.9994012,0.11050737,0.0728665,-2.5089852e-07,-0.0013611317,0.0014755726,0.013217449,0.06959647,-0.049976382,0.021631228,0.15225,0.08064345,1.0,,,,,,,,,,,,,,,,,,,,,,,,,,,,,,,,,,,,,,,,,,,
407.0,-0.015837205745367924,0.07255784422159195,0.0005990028148517013,0.3650113642215729,0.0,0.08977167,0.044200964,0.9994012,0.110540874,0.072905734,-2.1099244e-07,-0.0015323162,0.0017216206,0.0131857395,-0.04188906,0.058523897,-0.007522235,0.152625,0.080839336,1.0,,,,,,,,,,,,,,,,,,,,,,,,,,,,,,,,,,,,,,,,,,,
408.0,-0.01597838273957803,0.07239679992198944,0.0005990028148517013,0.3602622449398041,0.0,0.09023244,0.044504933,0.9994012,0.11058433,0.0729521,-2.4657575e-07,-0.0012452602,0.0015096664,0.013276339,0.069599375,-0.049969807,0.021619737,0.153,0.0810352,1.0,,,,,,,,,,,,,,,,,,,,,,,,,,,,,,,,,,,,,,,,,,,
409.0,-0.016119710190246956,0.07223562151193619,0.0005990028148517013,0.35552337765693665,0.0,0.090693355,0.044809043,0.9994012,0.11061927,0.072986595,-2.0791383e-07,-0.0014164448,0.0017557144,0.013244629,-0.041893568,0.058527283,-0.0075172256,0.153375,0.08123104,1.0,,,,,,,,,,,,,,,,,,,,,,,,,,,,,,,,,,,,,,,,,,,
410.0,-0.016260253576340693,0.072074294090271,0.0005989790079183877,0.3507954180240631,0.0,0.091154456,0.04511333,0.9994012,0.11066417,0.07302822,-2.427385e-07,-0.0011293888,0.0015437603,0.013335228,0.06960227,-0.04996324,0.021608245,0.15375,0.08142687,1.0,,,,,,,,,,,,,,,,,,,,,,,,,,,,,,,,,,,,,,,,,,,
411.0,-0.016400902625488253,0.07191276550292969,0.0005990028148517013,0.3460792005062103,0.0,0.09161571,0.045417737,0.9994012,0.11070053,0.07305799,-2.0532038e-07,-0.0013005733,0.0017900467,0.013303757,-0.04189808,0.058530666,-0.0075122127,0.154125,0.08162267,1.0,,,,,,,,,,,,,,,,,,,,,,,,,,,,,,,,,,,,,,,,,,,
412.0,-0.01654071285300757,0.07175110280513763,0.0005990028148517013,0.3413757383823395,0.0,0.09207715,0.0457223,0.9994012,0.11074686,0.07309488,-2.393869e-07,-0.001013279,0.0015778542,0.013394117,0.06960518,-0.049956672,0.021596754,0.1545,0.08181845,1.0,,,,,,,,,,,,,,,,,,,,,,,,,,,,,,,,,,,,,,,,,,,
413.0,-0.01668057136123607,0.07158928364515305,0.0005989790079183877,0.3366858959197998,0.0,0.09253876,0.046026964,0.9994012,0.110784665,0.073119916,-2.032121e-07,-0.0011847019,0.0018241405,0.013362646,-0.041902587,0.058534045,-0.007507195,0.154875,0.08201421,1.0,,,,,,,,,,,,,,,,,,,,,,,,,,,,,,,,,,,,,,,,,,,
414.0,-0.016819538213961375,0.07142730802297592,0.0005990028148517013,0.33201056718826294,0.0,0.09300056,0.046331763,0.9994012,0.11083243,0.07315207,-2.3652099e-07,-0.00089740753,0.0016121864,0.013453007,0.06960808,-0.049950108,0.021585263,0.15525,0.08220995,1.0,,,,,,,,,,,,,,,,,,,,,,,,,,,,,,,,,,,,,,,,,,,
415.0,-0.016958495139906483,0.07126520574092865,0.0005989790079183877,0.32735079526901245,0.0,0.09346252,0.04663665,0.9994012,0.11087167,0.07317238,-2.0158909e-07,-0.0010688305,0.0018584728,0.0134215355,-0.041907094,0.058537424,-0.007502174,0.155625,0.08240567,1.0,,,,,,,,,,,,,,,,,,,,,,,,,,,,,,,,,,,,,,,,,,,
416.0,-0.017096589882978307,0.07110290229320526,0.0005990028148517013,0.32270750403404236,0.0,0.093924694,0.04694165,0.9994012,0.110920876,0.073199816,-2.3414086e-07,-0.0007815361,0.0016465187,0.013511896,0.069610976,-0.049943548,0.021573773,0.156,0.08260137,1.0,,,,,,,,,,,,,,,,,,,,,,,,,,,,,,,,,,,,,,,,,,,
417.0,-0.017234787632788774,0.07094050943851471,0.0005989790079183877,0.3180820047855377,0.0,0.09438703,0.047246713,0.9994012,0.11096156,0.07321539,-2.004514e-07,-0.00095295906,0.0018925667,0.013480186,-0.0419116,0.0585408,-0.007497149,0.156375,0.08279705,1.0,,,,,,,,,,,,,,,,,,,,,,,,,,,,,,,,,,,,,,,,,,,
418.0,-0.017371966560532272,0.07077787816524506,0.0005990028148517013,0.31347522139549255,0.0,0.09484959,0.04755187,0.9994012,0.1110122,0.0732381,-2.3224655e-07,-0.0006656647,0.0016806126,0.013570547,0.069613874,-0.049936987,0.021562284,0.15675,0.0829927,1.0,,,,,,,,,,,,,,,,,,,,,,,,,,,,,,,,,,,,,,,,,,,
419.0,-0.017508999905810795,0.07061517238616943,0.0005989790079183877,0.3088884949684143,0.0,0.09531231,0.047857076,0.9994012,0.111054316,0.07324895,-1.997991e-07,-0.00083708763,0.001926899,0.013539076,-0.041916106,0.05854417,-0.00749212,0.157125,0.08318834,1.0,,,,,,,,,,,,,,,,,,,,,,,,,,,,,,,,,,,,,,,,,,,
420.0,-0.017644943915468538,0.07045228779315948,0.0005989790079183877,0.30432283878326416,0.0,0.095775254,0.048162356,0.9994012,0.111106396,0.07326694,-2.3083815e-07,-0.00054979324,0.0017149448,0.0136294365,0.06961677,-0.04993043,0.021550793,0.1575,0.08338396,1.0,,,,,,,,,,,,,,,,,,,,,,,,,,,,,,,,,,,,,,,,,,,
421.0,-0.017780667154474416,0.07028926908969879,0.0005990028148517013,0.2997797429561615,0.0,0.096238375,0.04846766,0.9994012,0.11114995,0.07327307,-1.9963228e-07,-0.0007212162,0.0019612312,0.013597965,-0.041920606,0.05854754,-0.007487087,0.157875,0.083579555,1.0,,,,,,,,,,,,,,,,,,,,,,,,,,,,,,,,,,,,,,,,,,,
422.0,-0.01791533929937957,0.07012610137462616,0.0005989790079183877,0.295260488986969,0.0,0.09670173,0.04877302,0.9994012,0.11120348,0.07328634,-2.2991574e-07,-0.0004339218,0.0017492771,0.013688087,0.06961966,-0.04992388,0.021539303,0.15825,0.08377513,1.0,,,,,,,,,,,,,,,,,,,,,,,,,,,,,,,,,,,,,,,,,,,
423.0,-0.018049296648317226,0.06996278464794159,0.0005989790079183877,0.29076656699180603,0.0,0.097165264,0.049078386,0.9994012,0.11124848,0.07328775,-1.9995097e-07,-0.0006053448,0.0019955635,0.013656616,-0.04192511,0.058550913,-0.0074820495,0.158625,0.08397068,1.0,,,,,,,,,,,,,,,,,,,,,,,,,,,,,,,,,,,,,,,,,,,
424.0,-0.01818281588061232,0.06979931890964508,0.0005990028148517013,0.2862992584705353,0.0,0.097629026,0.049383786,0.9994012,0.11130344,0.0732963,-2.2947937e-07,-0.00031805038,0.0017838478,0.013746977,0.069622554,-0.049917325,0.021527814,0.159,0.084166214,1.0,,,,,,,,,,,,,,,,,,,,,,,,,,,,,,,,,,,,,,,,,,,
425.0,-0.018315075468158214,0.069635771214962,0.0005989790079183877,0.28186023235321045,0.0,0.09809298,0.049689174,0.9994012,0.11134989,0.07329299,-2.007553e-07,-0.00048947334,0.0020301342,0.013715506,-0.04192961,0.058554277,-0.0074770087,0.159375,0.08436173,1.0,,,,,,,,,,,,,,,,,,,,,,,,,,,,,,,,,,,,,,,,,,,
426.0,-0.0184469009040974,0.06947202980518341,0.0005990028148517013,0.2774509787559509,0.0,0.098557174,0.049994577,0.9994012,0.1114063,0.07329683,-2.295291e-07,-0.00020217896,0.0018181801,0.013805628,0.06962545,-0.04991078,0.021516323,0.15975,0.08455722,1.0,,,,,,,,,,,,,,,,,,,,,,,,,,,,,,,,,,,,,,,,,,,
427.0,-0.01857731801240455,0.06930820643901825,0.0005989790079183877,0.27307331562042236,0.0,0.09902157,0.050299946,0.9994012,0.11145419,0.07328881,-2.0204529e-07,-0.0003736019,0.0020644665,0.013774157,-0.04193411,0.058557644,-0.0074719638,0.160125,0.08475269,1.0,,,,,,,,,,,,,,,,,,,,,,,,,,,,,,,,,,,,,,,,,,,
428.0,-0.018707194031849648,0.06914429366588593,0.0005989790079183877,0.26872900128364563,0.0,0.0994862,0.050605312,0.9994012,0.11151204,0.073287934,-2.3006504e-07,-8.6307526e-05,0.0018525124,0.013864279,0.06962834,-0.04990423,0.021504834,0.1605,0.08494814,1.0,,,,,,,,,,,,,,,,,,,,,,,,,,,,,,,,,,,,,,,,,,,
429.0,-0.01883558269755689,0.06898027658462524,0.0005990028148517013,0.26441991329193115,0.0,0.09995104,0.050910626,0.9994012,0.11156138,0.07327521,-2.0382102e-07,-0.00025773048,0.0020990372,0.013832808,-0.04193861,0.058561005,-0.0074669146,0.160875,0.085143566,1.0,,,,,,,,,,,,,,,,,,,,,,,,,,,,,,,,,,,,,,,,,,,
430.0,-0.018963260198175593,0.06881612539291382,0.0005989790079183877,0.2601478397846222,0.0,0.100416124,0.051215917,0.9994012,0.11162068,0.07326962,-2.310872e-07,2.9563904e-05,0.001887083,0.01392293,0.06963123,-0.04989769,0.021493345,0.16125,0.08533897,1.0,,,,,,,,,,,,,,,,,,,,,,,,,,,,,,,,,,,,,,,,,,,
431.0,-0.01908947628553878,0.06865193694829941,0.0005990028148517013,0.25591498613357544,0.0,0.10088143,0.051521134,0.9994012,0.11167146,0.073252186,-2.0608258e-07,-0.00014185905,0.0021336079,0.013891697,-0.041943107,0.058564365,-0.0074618617,0.161625,0.08553436,1.0,,,,,,,,,,,,,,,,,,,,,,,,,,,,,,,,,,,,,,,,,,,
432.0,-0.019214620641082463,0.06848765909671783,0.0005989790079183877,0.25172343850135803,0.0,0.10134698,0.05182631,0.9994012,0.11173221,0.07324189,-2.3259571e-07,0.00014543533,0.0019216537,0.013981581,0.06963412,-0.049891148,0.021481857,0.162,0.08572972,1.0,,,,,,,,,,,,,,,,,,,,,,,,,,,,,,,,,,,,,,,,,,,
433.0,-0.019338403950877454,0.06832331418991089,0.0005990028148517013,0.24757550656795502,0.0,0.10181274,0.052131392,0.9994012,0.11178444,0.07321975,-2.0883002e-07,-2.5987625e-05,0.0021681786,0.013950348,-0.041947603,0.058567725,-0.0074568046,0.162375,0.08592506,1.0,,,,,,,,,,,,,,,,,,,,,,,,,,,,,,,,,,,,,,,,,,,
434.0,-0.01946083586383806,0.06815888732671738,0.0005989790079183877,0.24347348511219025,0.0,0.10227877,0.05243641,0.9994012,0.11184664,0.07320475,-2.345906e-07,0.00026130676,0.0019562244,0.014040232,0.069637,-0.04988461,0.021470368,0.16275,0.08612038,1.0,,,,,,,,,,,,,,,,,,,,,,,,,,,,,,,,,,,,,,,,,,,
435.0,-0.01958181486331083,0.06799443066120148,0.0005990028148517013,0.2394198477268219,0.0,0.10274503,0.05274132,0.9994012,0.11190032,0.073177904,-2.120634e-07,8.9883804e-05,0.0022027493,0.014008999,-0.0419521,0.05857108,-0.007451744,0.163125,0.08631568,1.0,,,,,,,,,,,,,,,,,,,,,,,,,,,,,,,,,,,,,,,,,,,
436.0,-0.019701260596601128,0.0678299143910408,0.0005990028148517013,0.23541733622550964,0.0,0.10321154,0.053046145,0.9994012,0.11196397,0.073158205,-2.3707197e-07,0.0003771782,0.0019907951,0.014098883,0.06963989,-0.049878076,0.02145888,0.1635,0.08651096,1.0,,,,,,,,,,,,,,,,,,,,,,,,,,,,,,,,,,,,,,,,,,,
437.0,-0.019819093110775378,0.06766537576913834,0.0005990028148517013,0.2314685583114624,0.0,0.103678286,0.05335084,0.9994012,0.11201911,0.07312666,-2.1578282e-07,0.00020575523,0.00223732,0.01406765,-0.041956596,0.058574434,-0.0074466793,0.163875,0.08670621,1.0,,,,,,,,,,,,,,,,,,,,,,,,,,,,,,,,,,,,,,,,,,,
438.0,-0.019935224956657772,0.06750074774026871,0.0005990028148517013,0.22757647931575775,0.0,0.1041453,0.05365543,0.9994012,0.1120842,0.07310226,-2.4003987e-07,0.0004930496,0.0020253658,0.014157534,0.069642775,-0.04987154,0.02144739,0.16425,0.08690145,1.0,,,,,,,,,,,,,,,,,,,,,,,,,,,,,,,,,,,,,,,,,,,
439.0,-0.020049562620671917,0.06733616441488266,0.0005990028148517013,0.22374415397644043,0.0,0.10461256,0.053959873,0.9994012,0.11214079,0.07306601,-2.1998834e-07,0.00032162666,0.0022718906,0.014126062,-0.04196109,0.058577787,-0.00744161,0.164625,0.08709666,1.0,,,,,,,,,,,,,,,,,,,,,,,,,,,,,,,,,,,,,,,,,,,
440.0,-0.02016201317958834,0.06717152893543243,0.0005990028148517013,0.21997474133968353,0.0,0.10508009,0.054264195,0.9994012,0.112207346,0.073036924,-2.4349436e-07,0.00060892105,0.0020599365,0.014216185,0.06964566,-0.04986501,0.021435902,0.165,0.08729185,1.0,,,,,,,,,,,,,,,,,,,,,,,,,,,,,,,,,,,,,,,,,,,
441.0,-0.020272476983088844,0.06700687110424042,0.0005990028148517013,0.2162715196609497,0.0,0.10554786,0.054568343,0.9994012,0.112265386,0.07299598,-2.2468004e-07,0.0004374981,0.0023066998,0.014184713,-0.04196558,0.058581136,-0.0074365376,0.165375,0.08748702,1.0,,,,,,,,,,,,,,,,,,,,,,,,,,,,,,,,,,,,,,,,,,,
442.0,-0.020380846948361713,0.0668422132730484,0.0005990028148517013,0.21263810992240906,0.0,0.10601591,0.054872353,0.9994012,0.112333395,0.072962195,-2.4743554e-07,0.0007247925,0.0020947456,0.014274597,0.069648534,-0.049858484,0.021424415,0.16575,0.087682165,1.0,,,,,,,,,,,,,,,,,,,,,,,,,,,,,,,,,,,,,,,,,,,
443.0,-0.020487015676432806,0.06667756289243698,0.0005990028148517013,0.20907802879810333,0.0,0.10648422,0.055176172,0.9994012,0.112392895,0.07291656,-2.2985795e-07,0.0005533695,0.0023412704,0.014243364,-0.04197007,0.05858448,-0.007431461,0.166125,0.08787729,1.0,,,,,,,,,,,,,,,,,,,,,,,,,,,,,,,,,,,,,,,,,,,
444.0,-0.020590868099170264,0.06651292741298676,0.0005990028148517013,0.20559518039226532,0.0,0.106952816,0.055479832,0.9994012,0.11246236,0.072878085,-2.5186347e-07,0.0008404255,0.0021295547,0.014333248,0.06965142,-0.049851958,0.021412926,0.1665,0.08807239,1.0,,,,,,,,,,,,,,,,,,,,,,,,,,,,,,,,,,,,,,,,,,,
445.0,-0.020692281704813048,0.06634826958179474,0.0005990028148517013,0.20219355821609497,0.0,0.10742166,0.05578328,0.9994012,0.11252331,0.07282776,-2.3552217e-07,0.00066924095,0.0023760796,0.014301777,-0.04197456,0.05858783,-0.00742638,0.166875,0.088267475,1.0,,,,,,,,,,,,,,,,,,,,,,,,,,,,,,,,,,,,,,,,,,,
446.0,-0.020791138582346314,0.0661836788058281,0.0005990028148517013,0.198877215385437,0.0,0.1078908,0.056086548,0.9994012,0.11259423,0.072784595,-2.567782e-07,0.0009562969,0.0021641254,0.014391661,0.06965429,-0.04984544,0.021401439,0.16725,0.08846253,1.0,,,,,,,,,,,,,,,,,,,,,,,,,,,,,,,,,,,,,,,,,,,
447.0,-0.0208873036974461,0.06601910293102264,0.0005990028148517013,0.19565054774284363,0.0,0.10836021,0.05638959,0.9994012,0.112656645,0.07272958,-2.4167278e-07,0.00078487396,0.0024108887,0.014360428,-0.04197905,0.058591172,-0.0074212956,0.167625,0.088657565,1.0,,,,,,,,,,,,,,,,,,,,,,,,,,,,,,,,,,,,,,,,,,,
448.0,-0.02098064625306845,0.06585454195737839,0.0005990147474221885,0.1925179809331894,0.0,0.10882991,0.05669243,0.9994012,0.11272902,0.072681725,-2.6217984e-07,0.0010721684,0.0021989346,0.014450073,0.06965717,-0.049838915,0.021389952,0.168,0.088852584,1.0,,,,,,,,,,,,,,,,,,,,,,,,,,,,,,,,,,,,,,,,,,,
449.0,-0.02107102777864102,0.0656900629401207,0.0005990147474221885,0.18948407471179962,0.0,0.10929988,0.05699502,0.99940115,0.112792894,0.07262203,-2.4830985e-07,0.0009007454,0.0024456978,0.01441884,-0.041983537,0.058594514,-0.0074162073,0.168375,0.08904757,1.0,,,,,,,,,,,,,,,,,,,,,,,,,,,,,,,,,,,,,,,,,,,
450.0,-0.021158307833734843,0.0655256062746048,0.0005990147474221885,0.18655358254909515,0.0,0.10977016,0.057297394,0.99940115,0.11286673,0.0725695,-8.4104094e-08,0.0011880398,0.002233982,0.014508486,0.069660045,-0.0498324,0.021378465,0.16875,0.08924255,1.0,,,,,,,,,,,,,,,,,,,,,,,,,,,,,,,,,,,,,,,,,,,
451.0,-0.02124233581853789,0.06536119431257248,0.0005990147474221885,0.18373143672943115,0.0,0.110240705,0.0575995,0.99940115,0.11293207,0.07250512,-1.14663955e-07,0.0010166168,0.002480507,0.014477253,-0.041988023,0.05859785,-0.0074111144,0.169125,0.08943749,1.0,,,,,,,,,,,,,,,,,,,,,,,,,,,,,,,,,,,,,,,,,,,
452.0,-0.02132296835417884,0.06519683450460434,0.0005990147474221885,0.1810224950313568,0.0,0.110711575,0.057901364,0.99940115,0.11300737,0.0724479,-1.2353237e-07,0.0013039112,0.0022687912,0.014566898,0.06966292,-0.049825884,0.021366976,0.1695,0.089632414,1.0,,,,,,,,,,,,,,,,,,,,,,,,,,,,,,,,,,,,,,,,,,,
453.0,-0.021400051337994434,0.06503260135650635,0.0005990147474221885,0.17843185365200043,0.0,0.11118271,0.058202945,0.99940115,0.11307416,0.072378844,-1.1451337e-07,0.0011324883,0.002515316,0.0145356655,-0.041992508,0.05860119,-0.007406018,0.169875,0.08982732,1.0,,,,,,,,,,,,,,,,,,,,,,,,,,,,,,,,,,,,,,,,,,,
454.0,-0.021473433267868724,0.06486841291189194,0.0005990147474221885,0.1759645789861679,0.0,0.11165418,0.058504265,0.99940115,0.113150924,0.07231695,-1.3221732e-07,0.0014197826,0.0023036003,0.014625311,0.0696658,-0.049819373,0.02135549,0.17025,0.0900222,1.0,,,,,,,,,,,,,,,,,,,,,,,,,,,,,,,,,,,,,,,,,,,
455.0,-0.021542958523727087,0.0647042840719223,0.0005990147474221885,0.17362584173679352,0.0,0.112125926,0.058805276,0.99940115,0.11321919,0.07224321,-1.2218236e-07,0.0012483597,0.0025503635,0.014594078,-0.041996993,0.058604524,-0.007400918,0.170625,0.09021706,1.0,,,,,,,,,,,,,,,,,,,,,,,,,,,,,,,,,,,,,,,,,,,
456.0,-0.021608475447817296,0.06454025208950043,0.0005989909404888749,0.17142072319984436,0.0,0.112597995,0.059106015,0.99940115,0.11329741,0.07217664,-1.3966769e-07,0.0015354156,0.0023386478,0.014683723,0.069668666,-0.049812865,0.021344004,0.171,0.090411894,1.0,,,,,,,,,,,,,,,,,,,,,,,,,,,,,,,,,,,,,,,,,,,
457.0,-0.021669832255407997,0.0643763318657875,0.0005989909404888749,0.16935423016548157,0.0,0.11307036,0.059406422,0.99940115,0.11336713,0.07209823,-1.3074235e-07,0.0013639927,0.002585411,0.014652491,-0.042001475,0.058607858,-0.0073958137,0.171375,0.090606704,1.0,,,,,,,,,,,,,,,,,,,,,,,,,,,,,,,,,,,,,,,,,,,
458.0,-0.02172688142969544,0.06421246379613876,0.0005989909404888749,0.16743136942386627,0.0,0.113543056,0.059706535,0.99940115,0.113446824,0.072027,-1.4751036e-07,0.0016512871,0.002373457,0.014742136,0.069671534,-0.049806356,0.021332517,0.17175,0.0908015,1.0,,,,,,,,,,,,,,,,,,,,,,,,,,,,,,,,,,,,,,,,,,,
459.0,-0.021779473757474754,0.06404875218868256,0.0005989909404888749,0.16565702855587006,0.0,0.11401605,0.0600063,0.99940115,0.113518015,0.07194391,-1.3981145e-07,0.0014798641,0.0026202202,0.014710903,-0.042005956,0.058611188,-0.0073907054,0.172125,0.090996265,1.0,,,,,,,,,,,,,,,,,,,,,,,,,,,,,,,,,,,,,,,,,,,
460.0,-0.021827476483646864,0.06388511508703232,0.0005989909404888749,0.16403572261333466,0.0,0.11448938,0.06030575,0.99940115,0.11359917,0.071868,-1.5583512e-07,0.0017671585,0.0024085045,0.014800549,0.06967441,-0.049799852,0.02132103,0.1725,0.09119101,1.0,,,,,,,,,,,,,,,,,,,,,,,,,,,,,,,,,,,,,,,,,,,
461.0,-0.021870752835853352,0.06372164189815521,0.0005989909404888749,0.16257190704345703,0.0,0.11496301,0.060604837,0.99940115,0.11367183,0.07178025,-1.4936866e-07,0.0015957355,0.0026552677,0.014769316,-0.042010438,0.058614515,-0.0073855934,0.172875,0.09138573,1.0,,,,,,,,,,,,,,,,,,,,,,,,,,,,,,,,,,,,,,,,,,,
462.0,-0.02190918473850778,0.06355822831392288,0.0005989909404888749,0.16126960515975952,0.0,0.115436986,0.060903583,0.99940115,0.11375445,0.07169967,-1.6464698e-07,0.0018830299,0.002443552,0.014858723,0.06967727,-0.04979335,0.021309543,0.17325,0.09158043,1.0,,,,,,,,,,,,,,,,,,,,,,,,,,,,,,,,,,,,,,,,,,,
463.0,-0.02194265710804921,0.06339497119188309,0.0005989909404888749,0.16013257205486298,0.0,0.11591127,0.06120195,0.99940115,0.113828585,0.071607254,-1.5941289e-07,0.001711607,0.0026903152,0.01482749,-0.042014915,0.05861784,-0.007380477,0.173625,0.091775104,1.0,,,,,,,,,,,,,,,,,,,,,,,,,,,,,,,,,,,,,,,,,,,
464.0,-0.021971074504864126,0.06323186308145523,0.0005989909404888749,0.15916408598423004,0.0,0.11638591,0.061499957,0.99940115,0.11391267,0.071522005,-1.7394628e-07,0.001998663,0.0024785995,0.014917135,0.06968014,-0.04978685,0.021298058,0.174,0.09196976,1.0,,,,,,,,,,,,,,,,,,,,,,,,,,,,,,,,,,,,,,,,,,,
465.0,-0.021994346187258103,0.06306890398263931,0.0005989909404888749,0.1583670675754547,0.0,0.11686086,0.06179756,0.99940115,0.11398827,0.071424924,-1.6994416e-07,0.00182724,0.0027256012,0.014885902,-0.042019393,0.058621164,-0.007375357,0.174375,0.09216439,1.0,,,,,,,,,,,,,,,,,,,,,,,,,,,,,,,,,,,,,,,,,,,
466.0,-0.022012406526146142,0.06290604174137115,0.0005989909404888749,0.15774381160736084,0.0,0.11733617,0.06209479,0.99940115,0.114073835,0.07133502,-1.837331e-07,0.0021145344,0.002513647,0.014975309,0.06968301,-0.049780354,0.021286573,0.17475,0.092359,1.0,,,,,,,,,,,,,,,,,,,,,,,,,,,,,,,,,,,,,,,,,,,
467.0,-0.022025196289367513,0.06274337321519852,0.0005989909404888749,0.15729619562625885,0.0,0.11781179,0.062391594,0.99940115,0.114150904,0.07123327,-1.8096252e-07,0.0019431114,0.0027606487,0.014944077,-0.04202387,0.058624487,-0.007370233,0.175125,0.09255358,1.0,,,,,,,,,,,,,,,,,,,,,,,,,,,,,,,,,,,,,,,,,,,
468.0,-0.0220326817640319,0.06258083134889603,0.0005989909404888749,0.15702542662620544,0.0,0.11828779,0.06268801,0.99940115,0.11423794,0.07113871,-1.9400754e-07,0.0022304058,0.002548933,0.0150334835,0.06968587,-0.04977386,0.021275086,0.1755,0.09274814,1.0,,,,,,,,,,,,,,,,,,,,,,,,,,,,,,,,,,,,,,,,,,,
469.0,-0.02203483843968618,0.06241847202181816,0.0005989909404888749,0.15693223476409912,0.0,0.1187641,0.062983975,0.99940115,0.11431648,0.07103231,-1.9246805e-07,0.0020589828,0.0027956963,0.015002489,-0.042028345,0.058627807,-0.007365105,0.175875,0.09294268,1.0,,,,,,,,,,,,,,,,,,,,,,,,,,,,,,,,,,,,,,,,,,,
470.0,-0.02203166939608034,0.06225626543164253,0.0005989909404888749,0.15701662003993988,0.0,0.11924079,0.06327953,0.99940115,0.114404984,0.07093308,-2.0476966e-07,0.0023460388,0.0025839806,0.015091896,0.06968873,-0.049767368,0.021263601,0.17625,0.0931372,1.0,,,,,,,,,,,,,,,,,,,,,,,,,,,,,,,,,,,,,,,,,,,
471.0,-0.02202318630594273,0.062094252556562424,0.0005989909404888749,0.15727809071540833,0.0,0.119717814,0.06357462,0.99940115,0.114485,0.07082202,-2.0446082e-07,0.0021746159,0.0028309822,0.015060663,-0.04203282,0.058631122,-0.007359973,0.176625,0.09333169,1.0,,,,,,,,,,,,,,,,,,,,,,,,,,,,,,,,,,,,,,,,,,,
472.0,-0.022009427944057327,0.06193242222070694,0.0005989909404888749,0.15771543979644775,0.0,0.12019521,0.06386928,0.99940115,0.11457498,0.07071815,-2.1601952e-07,0.0024619102,0.0026192665,0.01515007,0.06969159,-0.04976088,0.021252116,0.177,0.093526155,1.0,,,,,,,,,,,,,,,,,,,,,,,,,,,,,,,,,,,,,,,,,,,
473.0,-0.02199044147507225,0.061770759522914886,0.0005989909404888749,0.15832704305648804,0.0,0.12067294,0.064163454,0.99940115,0.11465648,0.07060243,-2.169409e-07,0.0022904873,0.0028662682,0.015118837,-0.042037293,0.058634438,-0.007354838,0.177375,0.0937206,1.0,,,,,,,,,,,,,,,,,,,,,,,,,,,,,,,,,,,,,,,,,,,
474.0,-0.02196629861087954,0.06160925701260567,0.0005989909404888749,0.15911054611206055,0.0,0.12115106,0.06445718,0.99940115,0.114747934,0.07049391,-2.277572e-07,0.0025775433,0.0026545525,0.015208244,0.06969445,-0.049754392,0.021240631,0.17775,0.093915015,1.0,,,,,,,,,,,,,,,,,,,,,,,,,,,,,,,,,,,,,,,,,,,
475.0,-0.021937079896998196,0.06144800782203674,0.0005989909404888749,0.16006319224834442,0.0,0.12162952,0.0647504,0.99940115,0.1148309,0.07037354,-2.299084e-07,0.0024061203,0.002901554,0.0151770115,-0.042041767,0.058637753,-0.007349698,0.178125,0.094109416,1.0,,,,,,,,,,,,,,,,,,,,,,,,,,,,,,,,,,,,,,,,,,,
476.0,-0.021902885486761784,0.06128694489598274,0.0005989909404888749,0.1611817628145218,0.0,0.12210837,0.06504316,0.99940115,0.114923835,0.07026036,-2.3998277e-07,0.0026934147,0.0026898384,0.015266418,0.06969731,-0.04974791,0.021229146,0.1785,0.094303794,1.0,,,,,,,,,,,,,,,,,,,,,,,,,,,,,,,,,,,,,,,,,,,
477.0,-0.021863822556469223,0.061126064509153366,0.0005990147474221885,0.16246256232261658,0.0,0.12258758,0.065335386,0.99940115,0.11500828,0.07013535,-2.4336333e-07,0.0025219917,0.00293684,0.015235186,-0.042046238,0.058641065,-0.0073445546,0.178875,0.09449814,1.0,,,,,,,,,,,,,,,,,,,,,,,,,,,,,,,,,,,,,,,,,,,
478.0,-0.021820016344757418,0.0609654001891613,0.0005990147474221885,0.16390152275562286,0.0,0.12306717,0.06562713,0.99940115,0.11510269,0.070017524,-2.526963e-07,0.0028092861,0.0027251244,0.015324593,0.06970017,-0.04974143,0.021217661,0.17925,0.09469247,1.0,,,,,,,,,,,,,,,,,,,,,,,,,,,,,,,,,,,,,,,,,,,
479.0,-0.021771592463805136,0.060804951936006546,0.0005990147474221885,0.16549435257911682,0.0,0.12354712,0.06591833,0.99940115,0.11518861,0.06988786,-2.573058e-07,0.0026378632,0.002972126,0.01529336,-0.042050708,0.058644373,-0.0073394068,0.179625,0.09488677,1.0,,,,,,,,,,,,,,,,,,,,,,,,,,,,,,,,,,,,,,,,,,,
480.0,-0.0217186965411413,0.060644716024398804,0.0005990147474221885,0.1672362983226776,0.0,0.124027476,0.06620901,0.99940115,0.1152845,0.0697654,-2.6589788e-07,0.0029249191,0.0027604103,0.015381336,0.06970214,-0.04973419,0.020912854,0.18,0.09508105,1.0,,,,,,,,,,,,,,,,,,,,,,,,,,,,,,,,,,,,,,,,,,,
481.0,-0.02166146970368718,0.06048476696014404,0.0005990147474221885,0.169122576713562,0.0,0.12450819,0.066499144,0.99940115,0.11537191,0.06963109,-2.7173587e-07,0.0027534962,0.003007412,0.01534915,-0.04205598,0.0586485,-0.0076275114,0.180375,0.095275305,1.0,,,,,,,,,,,,,,,,,,,,,,,,,,,,,,,,,,,,,,,,,,,
482.0,-0.021600064239236213,0.060324959456920624,0.0005990147474221885,0.1711481809616089,0.0,0.12498931,0.06678874,0.99940115,0.115469284,0.06950398,-2.7958757e-07,0.0030407906,0.0027959347,0.015437126,0.069704875,-0.049727883,0.020901501,0.18075,0.09546954,1.0,,,,,,,,,,,,,,,,,,,,,,,,,,,,,,,,,,,,,,,,,,,
483.0,-0.021534630701021254,0.06016548350453377,0.0005990147474221885,0.17330799996852875,0.0,0.1254708,0.06707776,0.99940115,0.11555817,0.06936504,-2.8665343e-07,0.0028693676,0.0030429363,0.015404701,-0.042060304,0.05865191,-0.0076222243,0.181125,0.09566375,1.0,,,,,,,,,,,,,,,,,,,,,,,,,,,,,,,,,,,,,,,,,,,
484.0,-0.02146532701177971,0.060006193816661835,0.0005990147474221885,0.17559689283370972,0.0,0.1259527,0.067366235,0.99940115,0.11565702,0.06923328,-2.9376545e-07,0.0031564236,0.0028312206,0.015492678,0.06970761,-0.049721576,0.02089015,0.1815,0.09585793,1.0,,,,,,,,,,,,,,,,,,,,,,,,,,,,,,,,,,,,,,,,,,,
485.0,-0.021392304788252343,0.059847116470336914,0.0005990147474221885,0.17800967395305634,0.0,0.12643498,0.06765411,0.99940115,0.11574739,0.0690897,-3.0205877e-07,0.0029850006,0.0030784607,0.015460491,-0.042064626,0.058655318,-0.007616933,0.181875,0.09605209,1.0,,,,,,,,,,,,,,,,,,,,,,,,,,,,,,,,,,,,,,,,,,,
486.0,-0.02131542975699265,0.059688352048397064,0.0005990147474221885,0.18054106831550598,0.0,0.12691769,0.06794141,0.99940115,0.11584773,0.06895332,-3.084315e-07,0.003272295,0.002866745,0.015548229,0.06971034,-0.049715273,0.020878797,0.18225,0.09624623,1.0,,,,,,,,,,,,,,,,,,,,,,,,,,,,,,,,,,,,,,,,,,,
487.0,-0.021235144124631327,0.05952984094619751,0.0005990147474221885,0.1831861138343811,0.0,0.12740077,0.0682281,0.99940115,0.11593958,0.0688051,-3.1795187e-07,0.0031006336,0.0031137466,0.015516043,-0.042068947,0.058658723,-0.0076116375,0.182625,0.09644034,1.0,,,,,,,,,,,,,,,,,,,,,,,,,,,,,,,,,,,,,,,,,,,
488.0,-0.02115160667480425,0.059371549636125565,0.0005990147474221885,0.18593961000442505,0.0,0.12788427,0.068514206,0.99940115,0.1160414,0.06866408,-3.2358588e-07,0.003387928,0.0029022694,0.015603781,0.06971307,-0.049708974,0.020867446,0.183,0.096634425,1.0,,,,,,,,,,,,,,,,,,,,,,,,,,,,,,,,,,,,,,,,,,,
489.0,-0.021064962417182826,0.059213489294052124,0.0005990147474221885,0.18879663944244385,0.0,0.12836817,0.06879967,0.99940115,0.11613474,0.06851123,-3.3433284e-07,0.003216505,0.003149271,0.015571594,-0.04207327,0.058662124,-0.0076063387,0.183375,0.09682849,1.0,,,,,,,,,,,,,,,,,,,,,,,,,,,,,,,,,,,,,,,,,,,
490.0,-0.020975360301384423,0.059055715799331665,0.0005990147474221885,0.19175231456756592,0.0,0.1288525,0.069084525,0.99940115,0.11623804,0.06836558,-3.3922865e-07,0.0035037994,0.0029377937,0.015659332,0.0697158,-0.049702674,0.020856094,0.18375,0.09702253,1.0,,,,,,,,,,,,,,,,,,,,,,,,,,,,,,,,,,,,,,,,,,,
491.0,-0.020882936667477293,0.05889815837144852,0.0005990147474221885,0.19480201601982117,0.0,0.12933722,0.06936873,0.99940115,0.116332866,0.0682081,-3.512017e-07,0.003332138,0.0031847954,0.015627146,-0.04207759,0.058665525,-0.0076010358,0.184125,0.09721655,1.0,,,,,,,,,,,,,,,,,,,,,,,,,,,,,,,,,,,,,,,,,,,
492.0,-0.020787830437123286,0.05874086543917656,0.000599038612563163,0.19794119894504547,0.0,0.12982237,0.0696523,0.99940115,0.11643766,0.06805781,-3.5535984e-07,0.0036194324,0.002973318,0.015714884,0.069718525,-0.04969638,0.020844743,0.1845,0.09741054,1.0,,,,,,,,,,,,,,,,,,,,,,,,,,,,,,,,,,,,,,,,,,,
493.0,-0.020690168994042486,0.05858378857374191,0.000599038612563163,0.20116551220417023,0.0,0.13030793,0.069935195,0.99940115,0.11653397,0.06789571,-3.6855863e-07,0.0034480095,0.0032205582,0.015682697,-0.042081907,0.058668926,-0.007595729,0.184875,0.097604506,1.0,,,,,,,,,,,,,,,,,,,,,,,,,,,,,,,,,,,,,,,,,,,
494.0,-0.020590083006343917,0.05842697620391846,0.000599038612563163,0.2044707089662552,0.0,0.13079393,0.07021745,0.99940115,0.116640255,0.0677408,-3.7197955e-07,0.0037350655,0.0030088425,0.015770435,0.06972125,-0.049690086,0.020833392,0.18525,0.097798444,1.0,,,,,,,,,,,,,,,,,,,,,,,,,,,,,,,,,,,,,,,,,,,
495.0,-0.020487689159050616,0.05827038362622261,0.000599038612563163,0.2078528255224228,0.0,0.13128033,0.07049901,0.99940115,0.11673806,0.06757407,-3.864036e-07,0.0035636425,0.0032560825,0.015738249,-0.042086225,0.058672324,-0.007590418,0.185625,0.09799236,1.0,,,,,,,,,,,,,,,,,,,,,,,,,,,,,,,,,,,,,,,,,,,
496.0,-0.020383105179047383,0.058114051818847656,0.000599038612563163,0.21130797266960144,0.0,0.1317672,0.070779905,0.99940115,0.116845824,0.06741454,-3.8908783e-07,0.003850937,0.0030446053,0.015825987,0.06972397,-0.049683794,0.02082204,0.186,0.098186255,1.0,,,,,,,,,,,,,,,,,,,,,,,,,,,,,,,,,,,,,,,,,,,
497.0,-0.02027641864178654,0.05795794725418091,0.000599038612563163,0.21483257412910461,0.0,0.13225447,0.071060084,0.99940115,0.11694512,0.06724317,-4.047368e-07,0.003679514,0.0032918453,0.0157938,-0.04209054,0.058675718,-0.007585104,0.186375,0.098380126,1.0,,,,,,,,,,,,,,,,,,,,,,,,,,,,,,,,,,,,,,,,,,,
498.0,-0.020167755359204058,0.05780208110809326,0.0005990147474221885,0.21842309832572937,0.0,0.1327422,0.07133958,0.99940115,0.11705438,0.06707902,-4.0668476e-07,0.00396657,0.0030801296,0.015881538,0.0697267,-0.049677506,0.02081069,0.18675,0.09857397,1.0,,,,,,,,,,,,,,,,,,,,,,,,,,,,,,,,,,,,,,,,,,,
499.0,-0.020057211011617778,0.057646434754133224,0.0005990147474221885,0.22207632660865784,0.0,0.13323034,0.07161834,0.99940115,0.117155164,0.06690305,-4.235582e-07,0.003795147,0.0033273697,0.015849352,-0.042094853,0.05867911,-0.007579786,0.187125,0.09876779,1.0,,,,,,,,,,,,,,,,,,,,,,,,,,,,,,,,,,,,,,,,,,,
500.0,-0.019944887449593628,0.05749104171991348,0.0005990147474221885,0.2257888913154602,0.0,0.13371895,0.071896404,0.99940115,0.11726591,0.06673428,-4.2477046e-07,0.0040824413,0.0031158924,0.015936852,0.06972942,-0.049671218,0.020799337,0.1875,0.098961584,1.0,,,,,,,,,,,,,,,,,,,,,,,,,,,,,,,,,,,,,,,,,,,
501.0,-0.019830866330685832,0.057335902005434036,0.0005990147474221885,0.2295580357313156,0.0,0.13420798,0.07217371,0.99940115,0.11736819,0.06655368,-4.4286787e-07,0.00391078,0.0033631325,0.015904903,-0.042099167,0.0586825,-0.0075744637,0.187875,0.09915535,1.0,,,,,,,,,,,,,,,,,,,,,,,,,,,,,,,,,,,,,,,,,,,
502.0,-0.019715233565434892,0.05718094855546951,0.0005990147474221885,0.23338092863559723,0.0,0.13469748,0.072450295,0.99940115,0.117480434,0.06638029,-4.43345e-07,0.0041980743,0.0031516552,0.015990496,0.069730654,-0.049663264,0.020354118,0.18825,0.0993491,1.0,,,,,,,,,,,,,,,,,,,,,,,,,,,,,,,,,,,,,,,,,,,
503.0,-0.019598070904613657,0.05702630430459976,0.0005990266799926758,0.2372548133134842,0.0,0.13518742,0.07272611,0.99940115,0.117584206,0.066195086,-4.6266587e-07,0.0040266514,0.0033988953,0.01595664,-0.042104848,0.05868765,-0.008002907,0.188625,0.09954282,1.0,,,,,,,,,,,,,,,,,,,,,,,,,,,,,,,,,,,,,,,,,,,
504.0,-0.019479454149948266,0.05687185004353523,0.0005990266799926758,0.24117721617221832,0.0,0.13567783,0.073001176,0.9994011,0.11769795,0.066017084,-4.624084e-07,0.0043137074,0.003187418,0.016042233,0.069733195,-0.04965723,0.020342963,0.189,0.09973651,1.0,,,,,,,,,,,,,,,,,,,,,,,,,,,,,,,,,,,,,,,,,,,
505.0,-0.019359453461596083,0.056717656552791595,0.0005990266799926758,0.2451457381248474,0.0,0.13616867,0.073275454,0.9994011,0.11780321,0.06582726,-2.989898e-07,0.0041422844,0.003434658,0.016008377,-0.042108946,0.058691192,-0.0079973815,0.189375,0.09993019,1.0,,,,,,,,,,,,,,,,,,,,,,,,,,,,,,,,,,,,,,,,,,,
506.0,-0.019238244527983946,0.05656369403004646,0.0005990266799926758,0.24915814399719238,0.0,0.13666,0.07354898,0.9994011,0.11791844,0.065644644,-3.4119032e-07,0.0044293404,0.0032231808,0.016094208,0.069735736,-0.0496512,0.020331807,0.18975,0.10012383,1.0,,,,,,,,,,,,,,,,,,,,,,,,,,,,,,,,,,,,,,,,,,,
507.0,-0.019115497047187957,0.05641000717878342,0.0005990266799926758,0.2532123327255249,0.0,0.13715178,0.073821686,0.9994011,0.118025206,0.065450214,-3.5281553e-07,0.0042579174,0.0034704208,0.016060352,-0.042113043,0.05869473,-0.007991852,0.190125,0.100317456,1.0,,,,,,,,,,,,,,,,,,,,,,,,,,,,,,,,,,,,,,,,,,,
508.0,-0.01899204032438995,0.05625651404261589,0.0005990266799926758,0.2573062479496002,0.0,0.13764404,0.07409362,0.9994011,0.118141934,0.065262996,-3.534717e-07,0.004545212,0.0032589436,0.016145945,0.06973828,-0.049645174,0.020320652,0.1905,0.100511044,1.0,,,,,,,,,,,,,,,,,,,,,,,,,,,,,,,,,,,,,,,,,,,
509.0,-0.018866746398394207,0.05610332638025284,0.0005990266799926758,0.2614380717277527,0.0,0.13813674,0.074364714,0.9994011,0.1182502,0.06506395,-3.759007e-07,0.0043735504,0.003506422,0.01611209,-0.04211714,0.058698267,-0.00798632,0.190875,0.10070462,1.0,,,,,,,,,,,,,,,,,,,,,,,,,,,,,,,,,,,,,,,,,,,
510.0,-0.018741288234106108,0.0559503547847271,0.0005990266799926758,0.26560598611831665,0.0,0.13862994,0.074635014,0.9994011,0.118368424,0.06487212,-3.7357435e-07,0.004660845,0.0032949448,0.016197681,0.06974082,-0.049639147,0.020309497,0.19125,0.10089816,1.0,,,,,,,,,,,,,,,,,,,,,,,,,,,,,,,,,,,,,,,,,,,
511.0,-0.01861387936663714,0.05579765886068344,0.0005990266799926758,0.2698083221912384,0.0,0.1391236,0.074904464,0.9994011,0.11847818,0.06466848,-3.97753e-07,0.0044891834,0.0035424232,0.016163826,-0.042121235,0.058701802,-0.0079807835,0.191625,0.10109168,1.0,,,,,,,,,,,,,,,,,,,,,,,,,,,,,,,,,,,,,,,,,,,
512.0,-0.018486403042030454,0.055645234882831573,0.0005990266799926758,0.2740435302257538,0.0,0.13961776,0.0751731,0.9994011,0.1185979,0.06447205,-3.9457026e-07,0.004776478,0.0033307076,0.016249418,0.06974335,-0.049633127,0.020298341,0.192,0.10128518,1.0,,,,,,,,,,,,,,,,,,,,,,,,,,,,,,,,,,,,,,,,,,,
513.0,-0.018357070126478223,0.055493127554655075,0.0005990266799926758,0.27831003069877625,0.0,0.14011239,0.07544087,0.9994011,0.11870916,0.0642638,-4.1999917e-07,0.004605055,0.003578186,0.016215563,-0.042125333,0.058705334,-0.007975243,0.192375,0.10147865,1.0,,,,,,,,,,,,,,,,,,,,,,,,,,,,,,,,,,,,,,,,,,,
514.0,-0.018227755187528057,0.05534122511744499,0.0005990266799926758,0.2826065421104431,0.0,0.1406075,0.07570779,0.9994011,0.11883039,0.064062774,-4.1607768e-07,0.004892111,0.0033667088,0.016301155,0.06974589,-0.049627103,0.020287186,0.19275,0.10167209,1.0,,,,,,,,,,,,,,,,,,,,,,,,,,,,,,,,,,,,,,,,,,,
515.0,-0.01809666363894453,0.05518962815403938,0.0005990266799926758,0.28693169355392456,0.0,0.1411031,0.07597384,0.9994011,0.11894315,0.06384992,-4.4272883e-07,0.004720688,0.0036141872,0.0162673,-0.042129423,0.058708865,-0.007969699,0.193125,0.10186551,1.0,,,,,,,,,,,,,,,,,,,,,,,,,,,,,,,,,,,,,,,,,,,
516.0,-0.017965564104751367,0.05503836274147034,0.0005990266799926758,0.2912842333316803,0.0,0.14159921,0.07623902,0.9994011,0.11906587,0.06364429,-4.380756e-07,0.0050079823,0.00340271,0.016352654,0.069748424,-0.049621087,0.02027603,0.1935,0.1020589,1.0,,,,,,,,,,,,,,,,,,,,,,,,,,,,,,,,,,,,,,,,,,,
517.0,-0.017832758430806464,0.05488736554980278,0.0005990266799926758,0.2956630289554596,0.0,0.14209579,0.0765033,0.9994011,0.119180135,0.063426845,-4.659471e-07,0.004836321,0.003440857,0.016317844,-0.04131285,0.008479309,-0.008215746,0.193875,0.102252275,1.0,,,,,,,,,,,,,,,,,,,,,,,,,,,,,,,,,,,,,,,,,,,
518.0,-0.017700119170791097,0.05473669245839119,0.0005990266799926758,0.30006691813468933,0.0,0.14259286,0.0767667,0.9994011,0.11929581,0.06321648,-4.3022544e-07,0.0051236153,0.0030200481,0.016402245,0.0705636,-0.09983712,0.020036338,0.19425,0.10244561,1.0,,,,,,,,,,,,,,,,,,,,,,,,,,,,,,,,,,,,,,,,,,,
519.0,-0.017565838752729497,0.05458633974194527,0.0005990266799926758,0.3044949471950531,0.0,0.14309034,0.077029176,0.9994011,0.11939447,0.06299416,-4.4150968e-07,0.004951954,0.0030584335,0.016367435,-0.04130978,0.008506495,-0.008233332,0.194625,0.10263893,1.0,,,,,,,,,,,,,,,,,,,,,,,,,,,,,,,,,,,,,,,,,,,
520.0,-0.017431783132540523,0.054436344653367996,0.0005990266799926758,0.3089461028575897,0.0,0.14358823,0.07729076,0.9994011,0.11949454,0.06277892,-4.082938e-07,0.00523901,0.0026378632,0.016451836,0.070561245,-0.09980787,0.020048123,0.195,0.10283222,1.0,,,,,,,,,,,,,,,,,,,,,,,,,,,,,,,,,,,,,,,,,,,
521.0,-0.017296151797403493,0.0542866587638855,0.0005990266799926758,0.3134194314479828,0.0,0.14408647,0.07755139,0.9994011,0.11957762,0.06255173,-4.2693065e-07,0.005067587,0.0026762486,0.016417027,-0.041306708,0.008533671,-0.008250899,0.195375,0.10302549,1.0,,,,,,,,,,,,,,,,,,,,,,,,,,,,,,,,,,,,,,,,,,,
522.0,-0.017160799860823226,0.05413733050227165,0.0005990266799926758,0.31791409850120544,0.0,0.14458506,0.0778111,0.9994011,0.11966211,0.06233162,-3.905966e-07,0.005354643,0.0022556782,0.016501427,0.07055889,-0.09977865,0.020059898,0.19575,0.10321873,1.0,,,,,,,,,,,,,,,,,,,,,,,,,,,,,,,,,,,,,,,,,,,
523.0,-0.017024128477419482,0.05398845672607422,0.0005990266799926758,0.32242923974990845,0.0,0.14508393,0.07806985,0.9994011,0.11972962,0.062099557,-4.178988e-07,0.00518322,0.0022940636,0.01646638,-0.041303635,0.008560836,-0.008268446,0.196125,0.103411935,1.0,,,,,,,,,,,,,,,,,,,,,,,,,,,,,,,,,,,,,,,,,,,
524.0,-0.016887782720192493,0.053839921951293945,0.0005990266799926758,0.32696419954299927,0.0,0.1455831,0.07832766,0.9994011,0.11979856,0.06187458,-3.7813518e-07,0.005470276,0.0018737316,0.01655078,0.07055652,-0.099749446,0.020071665,0.1965,0.10360513,1.0,,,,,,,,,,,,,,,,,,,,,,,,,,,,,,,,,,,,,,,,,,,
525.0,-0.01674994839611386,0.05369177460670471,0.0005990266799926758,0.3315182030200958,0.0,0.14608248,0.078584485,0.9994011,0.11985052,0.061637647,-4.1416806e-07,0.005298853,0.0019123554,0.01651597,-0.041300558,0.008587992,-0.008285974,0.196875,0.103798285,1.0,,,,,,,,,,,,,,,,,,,,,,,,,,,,,,,,,,,,,,,,,,,
526.0,-0.016612485507593693,0.0535440668463707,0.0005990266799926758,0.3360905051231384,0.0,0.14658208,0.07884035,0.9994011,0.119903915,0.061407804,-3.7095637e-07,0.005585909,0.0014920235,0.016600132,0.07055415,-0.099720255,0.020083424,0.19725,0.10399143,1.0,,,,,,,,,,,,,,,,,,,,,,,,,,,,,,,,,,,,,,,,,,,
527.0,-0.01647357373399168,0.05339683219790459,0.0005990266799926758,0.3406805694103241,0.0,0.14708182,0.07909521,0.9994011,0.11994034,0.061166003,-4.1571653e-07,0.005414486,0.0015306473,0.016565084,-0.041297484,0.008615138,-0.008303483,0.197625,0.10418453,1.0,,,,,,,,,,,,,,,,,,,,,,,,,,,,,,,,,,,,,,,,,,,
528.0,-0.016335064999230327,0.053250014781951904,0.0005990266799926758,0.34528788924217224,0.0,0.14758174,0.07934909,0.9994011,0.11997821,0.06093129,-3.690544e-07,0.005701542,0.0011105537,0.016649246,0.07055177,-0.09969108,0.020095171,0.198,0.10437762,1.0,,,,,,,,,,,,,,,,,,,,,,,,,,,,,,,,,,,,,,,,,,,
529.0,-0.016195143601188237,0.05310368537902832,0.0005990266799926758,0.34991177916526794,0.0,0.14808173,0.07960194,0.9994011,0.119999126,0.06068463,-4.225347e-07,0.005530119,0.001149416,0.016614437,-0.041294407,0.008642275,-0.008320973,0.198375,0.10457068,1.0,,,,,,,,,,,,,,,,,,,,,,,,,,,,,,,,,,,,,,,,,,,
530.0,-0.016055662399271798,0.052957843989133835,0.0005990266799926758,0.35455167293548584,0.0,0.14858182,0.079853795,0.9994011,0.12002149,0.060445055,-3.724206e-07,0.0058169365,0.00072932243,0.01669836,0.070549384,-0.099661924,0.020106912,0.19875,0.10476371,1.0,,,,,,,,,,,,,,,,,,,,,,,,,,,,,,,,,,,,,,,,,,,
531.0,-0.015914799550898626,0.052812524139881134,0.0005990266799926758,0.3592071235179901,0.0,0.14908193,0.080104604,0.9994011,0.1200269,0.060193524,-4.346137e-07,0.0056455135,0.0007684231,0.016663551,-0.041291326,0.0086694015,-0.008338444,0.199125,0.10495672,1.0,,,,,,,,,,,,,,,,,,,,,,,,,,,,,,,,,,,,,,,,,,,
532.0,-0.015774403880797313,0.05266769975423813,0.0005990266799926758,0.36387771368026733,0.0,0.14958207,0.08035439,0.9994011,0.120033786,0.05994909,-3.810462e-07,0.0059325695,0.00034832954,0.016747475,0.070547,-0.09963278,0.02011864,0.1995,0.105149694,1.0,,,,,,,,,,,,,,,,,,,,,,,,,,,,,,,,,,,,,,,,,,,
533.0,-0.015632687691453522,0.052523422986269,0.0005990266799926758,0.3685629069805145,0.0,0.15008217,0.08060311,0.9994011,0.12002372,0.0596927,-4.5194477e-07,0.0057611465,0.0003874302,0.016712666,-0.041288245,0.008696518,-0.008355896,0.199875,0.10534264,1.0,,,,,,,,,,,,,,,,,,,,,,,,,,,,,,,,,,,,,,,,,,,
534.0,-0.015491400704493211,0.052379705011844635,0.0005990266799926758,0.37326234579086304,0.0,0.15058224,0.080850795,0.9994011,0.12001514,0.059443403,-3.949224e-07,0.0060482025,-3.2424927e-05,0.016796589,0.0705446,-0.09960365,0.020130362,0.20025,0.105535574,1.0,,,,,,,,,,,,,,,,,,,,,,,,,,,,,,,,,,,,,,,,,,,
535.0,-0.015349231783257079,0.05223656818270683,0.0005990266799926758,0.37797555327415466,0.0,0.15108219,0.08109739,0.9994011,0.11998961,0.059182152,-4.7451908e-07,0.0058767796,6.67572e-06,0.01676178,-0.041285165,0.008723625,-0.0083733285,0.200625,0.10572847,1.0,,,,,,,,,,,,,,,,,,,,,,,,,,,,,,,,,,,,,,,,,,,
536.0,-0.015207131167159608,0.0520939901471138,0.0005990266799926758,0.38270214200019836,0.0,0.15158205,0.08134292,0.9994011,0.11996557,0.058927994,-4.1404047e-07,0.006163597,-0.00041294098,0.016845703,0.0705422,-0.09957454,0.020142075,0.201,0.10592134,1.0,,,,,,,,,,,,,,,,,,,,,,,,,,,,,,,,,,,,,,,,,,,
537.0,-0.015064184490634628,0.051952064037323,0.0005990266799926758,0.3874417543411255,0.0,0.15208174,0.081587344,0.9994011,0.119924605,0.058661886,-5.023279e-07,0.005992174,-0.0003736019,0.016810656,-0.041282084,0.008750722,-0.008390741,0.201375,0.106114194,1.0,,,,,,,,,,,,,,,,,,,,,,,,,,,,,,,,,,,,,,,,,,,
538.0,-0.014921319872395136,0.05181070417165756,0.0005990147474221885,0.39219409227371216,0.0,0.15258126,0.08183069,0.9994011,0.11988513,0.058402874,-4.3839165e-07,0.00627923,-0.0007932186,0.016894579,0.070539795,-0.09954546,0.020153776,0.20175,0.106307015,1.0,,,,,,,,,,,,,,,,,,,,,,,,,,,,,,,,,,,,,,,,,,,
539.0,-0.01477763052473006,0.05167003348469734,0.0005990147474221885,0.39695873856544495,0.0,0.15308054,0.082072906,0.99940103,0.11982874,0.058131907,-5.3536246e-07,0.006107807,-0.00075387955,0.016859531,-0.041279,0.008777808,-0.008408136,0.202125,0.106499806,1.0,,,,,,,,,,,,,,,,,,,,,,,,,,,,,,,,,,,,,,,,,,,
540.0,-0.014634042654342833,0.05152996629476547,0.0005990147474221885,0.40173548460006714,0.0,0.15357961,0.08231402,0.99940103,0.11977385,0.057868037,-2.8400572e-07,0.0063946247,-0.0011734962,0.016943455,0.07053738,-0.09951638,0.02016547,0.2025,0.106692575,1.0,,,,,,,,,,,,,,,,,,,,,,,,,,,,,,,,,,,,,,,,,,,
541.0,-0.014489648109783685,0.05139060690999031,0.0005990147474221885,0.4065239727497101,0.0,0.15407836,0.08255399,0.99940103,0.11970205,0.05759222,-4.328431e-07,0.00622344,-0.0011339188,0.016908407,-0.041275915,0.008804886,-0.008425511,0.202875,0.106885314,1.0,,,,,,,,,,,,,,,,,,,,,,,,,,,,,,,,,,,,,,,,,,,
542.0,-0.014345374098854563,0.05125189945101738,0.0005990147474221885,0.4113239049911499,0.0,0.15457682,0.08279283,0.99940103,0.11963176,0.057323497,-3.5184715e-07,0.0065102577,-0.001553297,0.016992092,0.07053496,-0.09948732,0.020177154,0.20325,0.10707803,1.0,,,,,,,,,,,,,,,,,,,,,,,,,,,,,,,,,,,,,,,,,,,
543.0,-0.01420031106184488,0.05111391097307205,0.0005990147474221885,0.4161350131034851,0.0,0.15507492,0.083030514,0.99940103,0.11954457,0.057042822,-4.6854353e-07,0.0063388348,-0.0015134811,0.016957283,-0.04127283,0.008831954,-0.008442868,0.203625,0.10727072,1.0,,,,,,,,,,,,,,,,,,,,,,,,,,,,,,,,,,,,,,,,,,,
544.0,-0.01405538335439419,0.050976596772670746,0.0005990147474221885,0.420957088470459,0.0,0.15557267,0.083267055,0.99940103,0.11945891,0.056769248,-3.93667e-07,0.0066256523,-0.0019328594,0.017040968,0.07053253,-0.09945828,0.020188829,0.204,0.107463375,1.0,,,,,,,,,,,,,,,,,,,,,,,,,,,,,,,,,,,,,,,,,,,
545.0,-0.013909578794987101,0.050840090960264206,0.0005990147474221885,0.42578965425491333,0.0,0.15607,0.083502404,0.99940103,0.11935635,0.056483723,-5.1677534e-07,0.0064542294,-0.0018930435,0.01700592,-0.041269746,0.008859011,-0.008460204,0.204375,0.10765601,1.0,,,,,,,,,,,,,,,,,,,,,,,,,,,,,,,,,,,,,,,,,,,
546.0,-0.01376392334636003,0.050704292953014374,0.0005990147474221885,0.4306327700614929,0.0,0.15656689,0.08373659,0.99940103,0.11925531,0.0562053,-4.3896372e-07,0.006524086,-0.0023121834,0.017089605,0.01843008,-0.10031535,0.02010185,0.20475,0.107848614,1.0,,,,,,,,,,,,,,,,,,,,,,,,,,,,,,,,,,,,,,,,,,,
547.0,-0.01361750862302497,0.050569258630275726,0.0005990147474221885,0.4354860484600067,0.0,0.15706329,0.08396961,0.99940103,0.11913725,0.055923797,-5.117394e-07,0.006135702,-0.0022723675,0.017054558,-0.09335419,0.007989601,-0.008600007,0.205125,0.1080412,1.0,,,,,,,,,,,,,,,,,,,,,,,,,,,,,,,,,,,,,,,,,,,
548.0,-0.01374524614308607,0.05043494701385498,0.0005990147474221885,0.43121644854545593,0.0,0.15755922,0.084201515,0.99940103,0.119020574,0.055658266,-3.904323e-07,0.0062053204,-0.0026915073,0.017138243,0.018452104,-0.10028261,0.020137629,0.2055,0.10823375,1.0,,,,,,,,,,,,,,,,,,,,,,,,,,,,,,,,,,,,,,,,,,,
549.0,-0.013875485963904704,0.05030149221420288,0.0005990147474221885,0.42684832215309143,0.0,0.15805458,0.084432304,0.99940103,0.118886866,0.05538965,-4.790164e-07,0.005817175,-0.002651453,0.017103434,-0.093326315,0.008008001,-0.008641015,0.205875,0.10842627,1.0,,,,,,,,,,,,,,,,,,,,,,,,,,,,,,,,,,,,,,,,,,,
550.0,-0.014005440593856475,0.05016877129673958,0.0005990147474221885,0.4225052297115326,0.0,0.15854938,0.08466204,0.99940103,0.11875456,0.055137,-3.5845505e-07,0.0058870316,-0.0030703545,0.017187119,0.018474102,-0.10024987,0.020173382,0.20625,0.10861877,1.0,,,,,,,,,,,,,,,,,,,,,,,,,,,,,,,,,,,,,,,,,,,
551.0,-0.014134158900416199,0.050036896020174026,0.0005990147474221885,0.4181882441043854,0.0,0.15904358,0.084890716,0.99940103,0.11860523,0.054881256,-4.524515e-07,0.005498886,-0.0030303001,0.01715231,-0.09329844,0.008026384,-0.008681993,0.206625,0.108811244,1.0,,,,,,,,,,,,,,,,,,,,,,,,,,,,,,,,,,,,,,,,,,,
552.0,-0.014262788060291179,0.04990581423044205,0.0005990147474221885,0.4138984978199005,0.0,0.15953715,0.08511839,0.99940103,0.118457295,0.054641467,-3.3506805e-07,0.0055687428,-0.0034492016,0.017236233,0.018496072,-0.100217134,0.020209113,0.207,0.10900369,1.0,,,,,,,,,,,,,,,,,,,,,,,,,,,,,,,,,,,,,,,,,,,
553.0,-0.01438958775751412,0.04977559298276901,0.0005990147474221885,0.4096371531486511,0.0,0.16003004,0.08534505,0.99940103,0.11829236,0.054398578,-4.338964e-07,0.0051805973,-0.0034089088,0.017201185,-0.09327058,0.008044749,-0.008722942,0.207375,0.109196104,1.0,,,,,,,,,,,,,,,,,,,,,,,,,,,,,,,,,,,,,,,,,,,
554.0,-0.01451682344657752,0.04964616894721985,0.0005990147474221885,0.40540531277656555,0.0,0.16052224,0.08557077,0.99940103,0.11812883,0.05417164,-3.198184e-07,0.0052506924,-0.0038275719,0.017285347,0.018518016,-0.1001844,0.020244818,0.20775,0.1093885,1.0,,,,,,,,,,,,,,,,,,,,,,,,,,,,,,,,,,,,,,,,,,,
555.0,-0.014641799154006324,0.04951762408018112,0.0005990147474221885,0.4012041985988617,0.0,0.1610137,0.08579552,0.99940103,0.1179483,0.053941593,-4.2343945e-07,0.0048627853,-0.0037872791,0.0172503,-0.093242705,0.008063097,-0.008763862,0.208125,0.10958086,1.0,,,,,,,,,,,,,,,,,,,,,,,,,,,,,,,,,,,,,,,,,,,
556.0,-0.014767197462184006,0.04938996210694313,0.0005990147474221885,0.39703506231307983,0.0,0.16150439,0.08601938,0.99940103,0.11776918,0.053727485,-3.1266742e-07,0.0049328804,-0.004205942,0.017334461,0.018539932,-0.10015167,0.0202805,0.2085,0.1097732,1.0,,,,,,,,,,,,,,,,,,,,,,,,,,,,,,,,,,,,,,,,,,,
557.0,-0.014890228834542543,0.04926319420337677,0.0005990147474221885,0.39289921522140503,0.0,0.16199428,0.08624235,0.99940103,0.117573075,0.05351026,-4.2107172e-07,0.0045449734,-0.004165411,0.017299414,-0.09321484,0.008081427,-0.0088047525,0.208875,0.1099655,1.0,,,,,,,,,,,,,,,,,,,,,,,,,,,,,,,,,,,,,,,,,,,
558.0,-0.015013602363946305,0.049137264490127563,0.0005990147474221885,0.3887980282306671,0.0,0.16248335,0.086464465,0.99940103,0.11737839,0.053308975,-3.1359926e-07,0.0046150684,-0.0045838356,0.017383814,0.01856182,-0.10011895,0.020316161,0.20925,0.11015778,1.0,,,,,,,,,,,,,,,,,,,,,,,,,,,,,,,,,,,,,,,,,,,
559.0,-0.015134530892591012,0.04901226609945297,0.0005990147474221885,0.38473275303840637,0.0,0.16297156,0.08668573,0.99940103,0.11716672,0.05310456,-4.2677905e-07,0.0042274,-0.004543543,0.017348766,-0.093186975,0.00809974,-0.008845613,0.209625,0.110350035,1.0,,,,,,,,,,,,,,,,,,,,,,,,,,,,,,,,,,,,,,,,,,,
560.0,-0.015255715137369955,0.04888821393251419,0.0005990147474221885,0.3807050287723541,0.0,0.16345887,0.08690622,0.99940103,0.11695649,0.052916076,-3.2259933e-07,0.0042977333,-0.004961729,0.017433167,0.01858368,-0.10008622,0.020351795,0.21,0.11054226,1.0,,,,,,,,,,,,,,,,,,,,,,,,,,,,,,,,,,,,,,,,,,,
561.0,-0.015374366990716046,0.04876506328582764,0.0005990147474221885,0.37671610713005066,0.0,0.16394524,0.087125905,0.99940103,0.11672927,0.05272446,-4.4054693e-07,0.0039100647,-0.004921198,0.017398119,-0.09315911,0.008118035,-0.008886445,0.210375,0.110734455,1.0,,,,,,,,,,,,,,,,,,,,,,,,,,,,,,,,,,,,,,,,,,,
562.0,-0.01549318762747671,0.0486428402364254,0.0005990147474221885,0.3727676570415497,0.0,0.16443068,0.087344855,0.99940103,0.11650349,0.05254876,-3.3965313e-07,0.003980398,-0.005339384,0.01748252,0.018605515,-0.1000535,0.020387407,0.21075,0.11092663,1.0,,,,,,,,,,,,,,,,,,,,,,,,,,,,,,,,,,,,,,,,,,,
563.0,-0.015609043215104975,0.04852158576250076,0.0005990147474221885,0.3688611388206482,0.0,0.16491508,0.08756307,0.99940103,0.116260745,0.05236992,-4.623609e-07,0.003592968,-0.0052986145,0.017447472,-0.093131244,0.008136314,-0.0089272475,0.211125,0.11111877,1.0,,,,,,,,,,,,,,,,,,,,,,,,,,,,,,,,,,,,,,,,,,,
564.0,-0.015725434763748217,0.048401277512311935,0.0005990147474221885,0.36499810218811035,0.0,0.16539851,0.087780595,0.99940103,0.11601945,0.052206997,-3.6474626e-07,0.0036633015,-0.005037546,0.017534733,0.015780037,0.06297661,0.02100873,0.2115,0.111310884,1.0,,,,,,,,,,,,,,,,,,,,,,,,,,,,,,,,,,,,,,,,,,,
565.0,-0.015838647424569717,0.048281922936439514,0.0005990147474221885,0.3611801564693451,0.0,0.16588096,0.08799743,0.99940103,0.11578895,0.052041408,-3.429137e-07,0.0032758713,-0.0052342415,0.017498732,-0.09212154,-0.04882463,-0.009113555,0.211875,0.11150297,1.0,,,,,,,,,,,,,,,,,,,,,,,,,,,,,,,,,,,,,,,,,,,
566.0,-0.015952297116185586,0.0481635220348835,0.0005990147474221885,0.3574090003967285,0.0,0.16636242,0.088213645,0.99940103,0.11555019,0.051891558,-3.3439366e-07,0.0033464432,-0.0049729347,0.017585754,0.015789501,0.06298539,0.020985173,0.21225,0.11169503,1.0,,,,,,,,,,,,,,,,,,,,,,,,,,,,,,,,,,,,,,,,,,,
567.0,-0.016062665635779377,0.04804613068699837,0.0005990147474221885,0.3536863327026367,0.0,0.16684292,0.08842923,0.99940103,0.11532224,0.05173904,-2.914221e-07,0.002959013,-0.00516963,0.017549753,-0.09210832,-0.04883077,-0.009095186,0.212625,0.11188706,1.0,,,,,,,,,,,,,,,,,,,,,,,,,,,,,,,,,,,,,,,,,,,
568.0,-0.016173367431625778,0.047929659485816956,0.0005990147474221885,0.3500139117240906,0.0,0.16732246,0.08864424,0.99940103,0.11508602,0.051602256,-2.9237142e-07,0.003029585,-0.0049083233,0.017636776,0.015798962,0.06299416,0.020961618,0.213,0.11207906,1.0,,,,,,,,,,,,,,,,,,,,,,,,,,,,,,,,,,,,,,,,,,,
569.0,-0.01628067957140902,0.047814201563596725,0.000599038612563163,0.3463935852050781,0.0,0.16780104,0.088858664,0.99940103,0.11486061,0.051462796,-2.469544e-07,0.0026421547,-0.0051050186,0.017601013,-0.0920951,-0.0488369,-0.00907682,0.213375,0.11227103,1.0,,,,,,,,,,,,,,,,,,,,,,,,,,,,,,,,,,,,,,,,,,,
570.0,-0.016388218127923394,0.04769967868924141,0.000599038612563163,0.34282705187797546,0.0,0.16827865,0.08907258,0.99940103,0.11462693,0.051339068,-2.529813e-07,0.0027127266,-0.004843712,0.017687798,0.015808415,0.063002914,0.020938067,0.21375,0.11246298,1.0,,,,,,,,,,,,,,,,,,,,,,,,,,,,,,,,,,,,,,,,,,,
571.0,-0.01649225438292206,0.04758617281913757,0.000599038612563163,0.33931636810302734,0.0,0.16875534,0.08928596,0.99940103,0.11440405,0.051212657,-2.061492e-07,0.0023255348,-0.005040407,0.017652035,-0.09208188,-0.048843022,-0.009058455,0.214125,0.1126549,1.0,,,,,,,,,,,,,,,,,,,,,,,,,,,,,,,,,,,,,,,,,,,
572.0,-0.01659640023664779,0.04747364670038223,0.000599038612563163,0.3358633816242218,0.0,0.16923106,0.089498885,0.99940103,0.11417291,0.051101975,-2.1700876e-07,0.0023961067,-0.0047791004,0.01773882,0.015817862,0.06301167,0.020914517,0.2145,0.11284679,1.0,,,,,,,,,,,,,,,,,,,,,,,,,,,,,,,,,,,,,,,,,,,
573.0,-0.016696928110258434,0.04736210033297539,0.000599038612563163,0.3324700593948364,0.0,0.16970585,0.08971134,0.99940103,0.11395257,0.050988607,-1.688185e-07,0.002008915,-0.0049757957,0.017703056,-0.09206868,-0.048849132,-0.009040094,0.214875,0.11303865,1.0,,,,,,,,,,,,,,,,,,,,,,,,,,,,,,,,,,,,,,,,,,,
574.0,-0.016797445178165255,0.04725155979394913,0.000599038612563163,0.32913845777511597,0.0,0.17017971,0.08992339,0.99940103,0.11372397,0.050890956,-1.8449441e-07,0.0020794868,-0.004714489,0.017789602,0.015827306,0.0630204,0.02089097,0.21525,0.11323048,1.0,,,,,,,,,,,,,,,,,,,,,,,,,,,,,,,,,,,,,,,,,,,
575.0,-0.016894222105524388,0.047142043709754944,0.000599038612563163,0.3258706033229828,0.0,0.17065264,0.090135016,0.99940103,0.11350616,0.05079062,-1.3494912e-07,0.0016922951,-0.0049111843,0.017754078,-0.09205548,-0.048855234,-0.009021735,0.215625,0.11342229,1.0,,,,,,,,,,,,,,,,,,,,,,,,,,,,,,,,,,,,,,,,,,,
576.0,-0.01699086465860446,0.047033511102199554,0.000599038612563163,0.32266855239868164,0.0,0.17112465,0.09034629,0.99940103,0.11328009,0.05070599,-1.5543769e-07,0.0017631054,-0.004649639,0.017840624,0.015836742,0.06302913,0.020867426,0.216,0.11361407,1.0,,,,,,,,,,,,,,,,,,,,,,,,,,,,,,,,,,,,,,,,,,,
577.0,-0.017083640361642942,0.046925969421863556,0.000599038612563163,0.3195344805717468,0.0,0.17159575,0.0905572,0.99940103,0.11306482,0.050618675,-1.0453758e-07,0.0013759136,-0.0048463345,0.017804861,-0.09204228,-0.048861325,-0.0090033775,0.216375,0.113805816,1.0,,,,,,,,,,,,,,,,,,,,,,,,,,,,,,,,,,,,,,,,,,,
578.0,-0.017176153672028252,0.04681949317455292,0.000599038612563163,0.3164704740047455,0.0,0.17206593,0.090767816,0.99940103,0.11284128,0.050547063,-1.2983578e-07,0.0014467239,-0.0045850277,0.017891407,0.015846172,0.06303786,0.020843884,0.21675,0.113997534,1.0,,,,,,,,,,,,,,,,,,,,,,,,,,,,,,,,,,,,,,,,,,,
579.0,-0.01726467010601191,0.046714019030332565,0.000599038612563163,0.3134787678718567,0.0,0.17253521,0.090978116,0.99940103,0.112628534,0.050472755,-7.7580935e-08,0.0010595322,-0.004781723,0.017855883,-0.09202909,-0.04886741,-0.008985023,0.217125,0.11418923,1.0,,,,,,,,,,,,,,,,,,,,,,,,,,,,,,,,,,,,,,,,,,,
580.0,-0.017352792761411457,0.0466095432639122,0.000599038612563163,0.31056150794029236,0.0,0.17300357,0.09118818,0.99940103,0.11240753,0.05041415,-1.0768581e-07,0.0011303425,-0.004520178,0.01794219,0.015855597,0.06304657,0.020820344,0.2175,0.11438089,1.0,,,,,,,,,,,,,,,,,,,,,,,,,,,,,,,,,,,,,,,,,,,
581.0,-0.01743678869961641,0.046506140381097794,0.000599038612563163,0.3077208697795868,0.0,0.17347106,0.09139798,0.99940103,0.11219732,0.050352838,-5.4076228e-08,0.00074338913,-0.0047171116,0.017906666,-0.0920159,-0.04887348,-0.00896667,0.217875,0.114572525,1.0,,,,,,,,,,,,,,,,,,,,,,,,,,,,,,,,,,,,,,,,,,,
582.0,-0.01752025686024299,0.04640374332666397,0.000599038612563163,0.30495911836624146,0.0,0.17393765,0.09160759,0.99940103,0.11197884,0.050307225,-8.898483e-08,0.00081419945,-0.0044555664,0.017992973,0.015865017,0.06305527,0.020796807,0.21825,0.11476413,1.0,,,,,,,,,,,,,,,,,,,,,,,,,,,,,,,,,,,,,,,,,,,
583.0,-0.017599463979888427,0.04630240797996521,0.000599038612563163,0.30227845907211304,0.0,0.17440335,0.09181701,0.99940103,0.11177115,0.05025891,-3.4020584e-08,0.0004272461,-0.0046522617,0.017957449,-0.09200272,-0.04887954,-0.0089483205,0.218625,0.11495571,1.0,,,,,,,,,,,,,,,,,,,,,,,,,,,,,,,,,,,,,,,,,,,
584.0,-0.017678011690870157,0.04620205983519554,0.000599038612563163,0.2996810972690582,0.0,0.17486817,0.09202628,0.99940103,0.1115552,0.05022628,-7.3729936e-08,0.0004980564,-0.0043907166,0.018043756,0.01587443,0.063063964,0.020773273,0.219,0.115147255,1.0,,,,,,,,,,,,,,,,,,,,,,,,,,,,,,,,,,,,,,,,,,,
585.0,-0.017752165984425666,0.046102847903966904,0.000599038612563163,0.2971692383289337,0.0,0.17533213,0.09223541,0.99940103,0.11135004,0.05019094,-1.7411072e-08,0.00011110306,-0.004587412,0.018008232,-0.09198955,-0.048885595,-0.0089299735,0.219375,0.11533877,1.0,,,,,,,,,,,,,,,,,,,,,,,,,,,,,,,,,,,,,,,,,,,
586.0,-0.017825732739708475,0.04600462317466736,0.000599038612563163,0.2947450578212738,0.0,0.1757952,0.09244446,0.99940103,0.1111366,0.050171286,-6.191822e-08,0.0001821518,-0.0043258667,0.018094301,0.015883839,0.06307265,0.020749742,0.21975,0.11553027,1.0,,,,,,,,,,,,,,,,,,,,,,,,,,,,,,,,,,,,,,,,,,,
587.0,-0.017894498299624324,0.045907482504844666,0.000599038612563163,0.29241079092025757,0.0,0.17625742,0.09265341,0.99940103,0.11093397,0.05014892,-4.244783e-09,-0.00020480156,-0.004522562,0.018059015,-0.091976374,-0.04889164,-0.008911628,0.220125,0.115721725,1.0,,,,,,,,,,,,,,,,,,,,,,,,,,,,,,,,,,,,,,,,,,,
588.0,-0.01796280130596715,0.04581134393811226,0.000599038612563163,0.29016849398612976,0.0,0.17671877,0.09286234,0.99940103,0.110723056,0.05014223,-5.3546778e-08,-0.00013375282,-0.004261017,0.018145084,0.015893241,0.063081324,0.020726211,0.2205,0.11591316,1.0,,,,,,,,,,,,,,,,,,,,,,,,,,,,,,,,,,,,,,,,,,,
589.0,-0.0180259933761281,0.04571634158492088,0.000599038612563163,0.2880203127861023,0.0,0.17717928,0.09307122,0.99940103,0.11052294,0.050132822,5.4811697e-09,-0.0005207062,-0.004457712,0.01810956,-0.09196321,-0.048897672,-0.008893286,0.220875,0.116104566,1.0,,,,,,,,,,,,,,,,,,,,,,,,,,,,,,,,,,,,,,,,,,,
590.0,-0.01808859925254892,0.045622389763593674,0.000599038612563163,0.28596824407577515,0.0,0.17763892,0.09328014,0.99940103,0.110314555,0.050139084,-4.861271e-08,-0.00044965744,-0.004196167,0.01819563,0.015902638,0.06308999,0.020702686,0.22125,0.11629594,1.0,,,,,,,,,,,,,,,,,,,,,,,,,,,,,,,,,,,,,,,,,,,
591.0,-0.018145973701534424,0.04552949219942093,0.000599038612563163,0.2840142846107483,0.0,0.17809774,0.093489066,0.99940103,0.11011696,0.050142627,1.1769697e-08,-0.0008363724,-0.0043928623,0.018160343,-0.09195005,-0.0489037,-0.008874945,0.221625,0.11648729,1.0,,,,,,,,,,,,,,,,,,,,,,,,,,,,,,,,,,,,,,,,,,,
592.0,-0.018202643768134113,0.04543766379356384,0.000599038612563163,0.28216037154197693,0.0,0.17855571,0.09369807,0.99940103,0.10991109,0.05016184,-4.7113115e-08,-0.00076532364,-0.004131317,0.018246174,0.01591203,0.06309865,0.020679161,0.222,0.1166786,1.0,,,,,,,,,,,,,,,,,,,,,,,,,,,,,,,,,,,,,,,,,,,
593.0,-0.01825397014854989,0.0453469343483448,0.000599038612563163,0.2804083526134491,0.0,0.17901286,0.09390715,0.99940103,0.10971602,0.05017832,1.4623684e-08,-0.0011520386,-0.0043280125,0.018210888,-0.091936894,-0.048909713,-0.008856608,0.222375,0.11686989,1.0,,,,,,,,,,,,,,,,,,,,,,,,,,,,,,,,,,,,,,,,,,,
594.0,-0.018304395312354064,0.04525728151202202,0.000599038612563163,0.2787599563598633,0.0,0.17946915,0.09411636,0.99940103,0.109512664,0.050210465,-4.904511e-08,-0.0010809898,-0.0040664673,0.018296719,0.015921414,0.0631073,0.02065564,0.22275,0.117061146,1.0,,,,,,,,,,,,,,,,,,,,,,,,,,,,,,,,,,,,,,,,,,,
595.0,-0.01834937455518521,0.04516872763633728,0.000599038612563163,0.2772168815135956,0.0,0.17992467,0.09432569,0.99940103,0.109320104,0.050239876,1.4046022e-08,-0.0012934208,-0.0042631626,0.018261433,-0.05015744,-0.048151452,-0.008668406,0.223125,0.11725238,1.0,,,,,,,,,,,,,,,,,,,,,,,,,,,,,,,,,,,,,,,,,,,
596.0,-0.0183934431415928,0.045081257820129395,0.000599038612563163,0.27578067779541016,0.0,0.18037933,0.09453518,0.99940103,0.1091194,0.05027783,-4.4583427e-08,-0.0010483265,-0.004001379,0.018347025,0.057687167,0.06387332,0.020821037,0.2235,0.11744358,1.0,,,,,,,,,,,,,,,,,,,,,,,,,,,,,,,,,,,,,,,,,,,
597.0,-0.018431975094219708,0.04499490559101105,0.000599038612563163,0.2744527757167816,0.0,0.1808332,0.09474479,0.99940103,0.10892961,0.05030594,2.5119869e-08,-0.0012609959,-0.0041983128,0.018311977,-0.05016385,-0.048151493,-0.008669453,0.223875,0.11763475,1.0,,,,,,,,,,,,,,,,,,,,,,,,,,,,,,,,,,,,,,,,,,,
598.0,-0.01846951116295204,0.044909678399562836,0.000599038612563163,0.27323460578918457,0.0,0.18128625,0.09495455,0.99940103,0.10873168,0.050342593,-3.425681e-08,-0.0010159016,-0.003936529,0.01839757,0.057677016,0.06387782,0.020816438,0.22425,0.11782589,1.0,,,,,,,,,,,,,,,,,,,,,,,,,,,,,,,,,,,,,,,,,,,
599.0,-0.018501434550046908,0.04482552781701088,0.000599038612563163,0.272127240896225,0.0,0.18173851,0.095164426,0.99940103,0.10854467,0.0503694,3.460127e-08,-0.0012285709,-0.0041332245,0.018362284,-0.050170258,-0.04815153,-0.008670493,0.224625,0.118017,1.0,,,,,,,,,,,,,,,,,,,,,,,,,,,,,,,,,,,,,,,,,,,
600.0,-0.018532296142858288,0.04474253207445145,0.000599038612563163,0.27113184332847595,0.0,0.18218997,0.09537444,0.99940103,0.10834951,0.050404757,-2.3772108e-08,-0.0009832382,-0.003871441,0.018448114,0.05766687,0.06388231,0.020811835,0.225,0.11820808,1.0,,,,,,,,,,,,,,,,,,,,,,,,,,,,,,,,,,,,,,,,,,,
601.0,-0.018557483961320214,0.044660672545433044,0.000599038612563163,0.27024927735328674,0.0,0.18264066,0.09558457,0.99940103,0.10816527,0.05043027,4.3830255e-08,-0.001196146,-0.0040683746,0.018412828,-0.05017666,-0.04815157,-0.008671527,0.225375,0.118399136,1.0,,,,,,,,,,,,,,,,,,,,,,,,,,,,,,,,,,,,,,,,,,,
602.0,-0.01858155914296167,0.04457991197705269,0.000599038612563163,0.2694803476333618,0.0,0.18309055,0.095794834,0.99940103,0.10797288,0.05046433,-1.344382e-08,-0.0009510517,-0.003806591,0.01849842,0.057656735,0.06388681,0.020807229,0.22575,0.11859016,1.0,,,,,,,,,,,,,,,,,,,,,,,,,,,,,,,,,,,,,,,,,,,
603.0,-0.01859992128314025,0.04450034722685814,0.000599038612563163,0.26882559061050415,0.0,0.18353967,0.09600521,0.99940103,0.107791424,0.05048855,5.288078e-08,-0.0011637211,-0.0040032864,0.018463135,-0.050183065,-0.048151612,-0.008672554,0.226125,0.11878115,1.0,,,,,,,,,,,,,,,,,,,,,,,,,,,,,,,,,,,,,,,,,,,
604.0,-0.018617139576152478,0.044421903789043427,0.000599038612563163,0.26828548312187195,0.0,0.18398802,0.09621571,0.99940103,0.10760181,0.050521318,-3.2892025e-09,-0.0009186268,-0.0037415028,0.018548965,0.057646602,0.0638913,0.02080262,0.2265,0.118972115,1.0,,,,,,,,,,,,,,,,,,,,,,,,,,,,,,,,,,,,,,,,,,,
605.0,-0.018628623370771313,0.04434463381767273,0.0005990624194964767,0.2678602635860443,0.0,0.18443562,0.096426316,0.99940103,0.10742312,0.05054425,6.175701e-08,-0.0011315346,-0.0039384365,0.01851368,-0.050189465,-0.048151657,-0.008673574,0.226875,0.11916305,1.0,,,,,,,,,,,,,,,,,,,,,,,,,,,,,,,,,,,,,,,,,,,
606.0,-0.018638952916456585,0.04426851496100426,0.0005990624194964767,0.2675500512123108,0.0,0.18488243,0.09663705,0.99940103,0.10723627,0.05057573,6.690888e-09,-0.0008864403,-0.003676653,0.018599272,0.057636473,0.06389579,0.02079801,0.22725,0.11935395,1.0,,,,,,,,,,,,,,,,,,,,,,,,,,,,,,,,,,,,,,,,,,,
607.0,-0.018643546598091417,0.044193606823682785,0.0005990624194964767,0.2673547565937042,0.0,0.18532851,0.09684787,0.99940103,0.10706035,0.050597377,7.045926e-08,-0.0010993481,-0.0038733482,0.018563986,-0.050195865,-0.0481517,-0.008674588,0.227625,0.11954483,1.0,,,,,,,,,,,,,,,,,,,,,,,,,,,,,,,,,,,,,,,,,,,
608.0,-0.018646914928041224,0.044119857251644135,0.0005990624194964767,0.2672741413116455,0.0,0.18577383,0.09705882,0.99940103,0.10687628,0.050627574,1.6496484e-08,-0.00085425377,-0.0036115646,0.018649817,0.057626348,0.06390028,0.020793397,0.228,0.11973567,1.0,,,,,,,,,,,,,,,,,,,,,,,,,,,,,,,,,,,,,,,,,,,
609.0,-0.018644569579982274,0.04404729977250099,0.0005990862846374512,0.26730772852897644,0.0,0.18621844,0.09726985,0.99940103,0.10670313,0.050647937,7.898763e-08,-0.0010671616,-0.00380826,0.018614292,-0.05020226,-0.048151746,-0.008675596,0.228375,0.11992648,1.0,,,,,,,,,,,,,,,,,,,,,,,,,,,,,,,,,,,,,,,,,,,
610.0,-0.01864110967345005,0.043975889682769775,0.0005990862846374512,0.26745498180389404,0.0,0.18666227,0.097481005,0.99940103,0.10652183,0.050676852,2.6127681e-08,-0.00082206726,-0.0035464764,0.018700123,0.05761623,0.06390476,0.020788781,0.22875,0.12011727,1.0,,,,,,,,,,,,,,,,,,,,,,,,,,,,,,,,,,,,,,,,,,,
611.0,-0.018631975346436777,0.043905727565288544,0.0005990862846374512,0.26771512627601624,0.0,0.1871054,0.09769224,0.99940103,0.10635145,0.050695937,8.734223e-08,-0.001034975,-0.0037431717,0.018664598,-0.050208658,-0.048151795,-0.008676596,0.229125,0.12030803,1.0,,,,,,,,,,,,,,,,,,,,,,,,,,,,,,,,,,,,,,,,,,,
612.0,-0.0186217781243151,0.04383676126599312,0.0005990862846374512,0.2680872082710266,0.0,0.18754779,0.09790358,0.99940103,0.10617291,0.050723575,3.5584563e-08,-0.0007901192,-0.003481388,0.018749714,0.057606682,0.063909106,0.02063349,0.2295,0.12049875,1.0,,,,,,,,,,,,,,,,,,,,,,,,,,,,,,,,,,,,,,,,,,,
613.0,-0.018605966944586726,0.04376900941133499,0.0005990862846374512,0.2685701549053192,0.0,0.18798949,0.098115005,0.99940103,0.1060053,0.050741386,9.552313e-08,-0.001003027,-0.0036780834,0.018713713,-0.050214518,-0.048151955,-0.0088282265,0.229875,0.120689444,1.0,,,,,,,,,,,,,,,,,,,,,,,,,,,,,,,,,,,,,,,,,,,
614.0,-0.01858916417373512,0.043702416121959686,0.0005990862846374512,0.26916268467903137,0.0,0.18843044,0.098326534,0.99940103,0.105829544,0.05076775,4.486722e-08,-0.0007581711,-0.0034162998,0.018798828,0.057596654,0.06391352,0.020628937,0.23025,0.120880105,1.0,,,,,,,,,,,,,,,,,,,,,,,,,,,,,,,,,,,,,,,,,,,
615.0,-0.01856682588968379,0.04363711178302765,0.0005990862846374512,0.26986345648765564,0.0,0.18887071,0.09853814,0.99940103,0.1056647,0.050784286,1.035304e-07,-0.0009710789,-0.0036129951,0.018762827,-0.05022097,-0.04815194,-0.008829147,0.230625,0.12107074,1.0,,,,,,,,,,,,,,,,,,,,,,,,,,,,,,,,,,,,,,,,,,,
616.0,-0.01854358157863917,0.043572962284088135,0.0005990862846374512,0.27067095041275024,0.0,0.18931025,0.098749846,0.99940103,0.105491705,0.050809383,5.397576e-08,-0.000726223,-0.0033512115,0.018847942,0.05758663,0.06391793,0.02062438,0.231,0.12126134,1.0,,,,,,,,,,,,,,,,,,,,,,,,,,,,,,,,,,,,,,,,,,,
617.0,-0.018514897547988223,0.043510109186172485,0.0005990862846374512,0.2715834975242615,0.0,0.18974914,0.098961614,0.99940103,0.10532964,0.050824653,1.11364145e-07,-0.0009391308,-0.0035479069,0.018811941,-0.05022742,-0.04815193,-0.00883006,0.231375,0.121451914,1.0,,,,,,,,,,,,,,,,,,,,,,,,,,,,,,,,,,,,,,,,,,,
618.0,-0.018485408742079747,0.04344842582941055,0.0005990862846374512,0.27259939908981323,0.0,0.19018729,0.099173486,0.99940103,0.10515941,0.05084848,6.291025e-08,-0.0006942749,-0.0032861233,0.018896818,0.057576608,0.06392233,0.02061982,0.23175,0.12164246,1.0,,,,,,,,,,,,,,,,,,,,,,,,,,,,,,,,,,,,,,,,,,,
619.0,-0.018450589737628982,0.04338805750012398,0.0005990862846374512,0.27371668815612793,0.0,0.19062479,0.09938541,0.99940103,0.10500011,0.050862484,1.1902447e-07,-0.0009074211,-0.0034828186,0.018860817,-0.050233863,-0.048151918,-0.008830967,0.232125,0.121832974,1.0,,,,,,,,,,,,,,,,,,,,,,,,,,,,,,,,,,,,,,,,,,,
620.0,-0.018415082685176096,0.04332887753844261,0.0005990862846374512,0.27493342757225037,0.0,0.1910616,0.09959743,0.99940103,0.10483264,0.050885048,7.167079e-08,-0.00066256523,-0.003221035,0.018945932,0.057566594,0.063926734,0.02061526,0.2325,0.122023456,1.0,,,,,,,,,,,,,,,,,,,,,,,,,,,,,,,,,,,,,,,,,,,
621.0,-0.018374366554130758,0.04327096790075302,0.0005990862846374512,0.2762475311756134,0.0,0.19149774,0.099809505,0.99940103,0.10467611,0.050897792,1.2651147e-07,-0.00087571144,-0.0034177303,0.018909931,-0.050240308,-0.048151907,-0.008831868,0.232875,0.12221391,1.0,,,,,,,,,,,,,,,,,,,,,,,,,,,,,,,,,,,,,,,,,,,
622.0,-0.018333090023893602,0.04321426898241043,0.0005991101497784257,0.27765682339668274,0.0,0.19193321,0.10002167,0.99940103,0.10451142,0.050919097,8.025745e-08,-0.00063085556,-0.0031559467,0.018994808,0.057556584,0.06393114,0.020610696,0.23325,0.12240433,1.0,,,,,,,,,,,,,,,,,,,,,,,,,,,,,,,,,,,,,,,,,,,
623.0,-0.018286734122243072,0.04315889999270439,0.0005991101497784257,0.27915915846824646,0.0,0.19236803,0.100233875,0.99940103,0.104357645,0.050930582,1.338252e-07,-0.00084400177,-0.0033524036,0.018958807,-0.050246753,-0.0481519,-0.008832762,0.233625,0.122594714,1.0,,,,,,,,,,,,,,,,,,,,,,,,,,,,,,,,,,,,,,,,,,,
624.0,-0.01823995090752142,0.04310474917292595,0.0005991101497784257,0.2807522416114807,0.0,0.19280219,0.10044617,0.99940103,0.10419572,0.05095063,8.8670355e-08,-0.0005991459,-0.00309062,0.019043922,0.05754658,0.06393554,0.020606127,0.234,0.12278508,1.0,,,,,,,,,,,,,,,,,,,,,,,,,,,,,,,,,,,,,,,,,,,
625.0,-0.01818823036352369,0.04305189102888107,0.0005991101497784257,0.2824336290359497,0.0,0.19323571,0.100658506,0.99940103,0.10404471,0.050960865,1.4096578e-07,-0.0008122921,-0.0032873154,0.019007683,-0.05025319,-0.04815189,-0.008833649,0.234375,0.12297541,1.0,,,,,,,,,,,,,,,,,,,,,,,,,,,,,,,,,,,,,,,,,,,
626.0,-0.018136222459722923,0.043000318109989166,0.0005991101497784257,0.28420111536979675,0.0,0.19366856,0.10087092,0.99940103,0.103885554,0.05097966,9.690954e-08,-0.0005674362,-0.0030255318,0.019092798,0.057536576,0.063939944,0.020601558,0.23475,0.123165704,1.0,,,,,,,,,,,,,,,,,,,,,,,,,,,,,,,,,,,,,,,,,,,
627.0,-0.01807941698206269,0.04294999688863754,0.0005991101497784257,0.28605222702026367,0.0,0.1941008,0.101083376,0.99940103,0.10373732,0.05098864,1.4793328e-07,-0.00078082085,-0.003222227,0.019056559,-0.050259627,-0.048151884,-0.00883453,0.235125,0.12335597,1.0,,,,,,,,,,,,,,,,,,,,,,,,,,,,,,,,,,,,,,,,,,,
628.0,-0.01802247144870453,0.04290097579360008,0.0005991101497784257,0.2879845201969147,0.0,0.19453238,0.1012959,0.99940103,0.10358092,0.051006187,1.0497515e-07,-0.00053596497,-0.002960205,0.019141436,0.057526838,0.06394428,0.020517511,0.2355,0.123546205,1.0,,,,,,,,,,,,,,,,,,,,,,,,,,,,,,,,,,,,,,,,,,,
629.0,-0.017960873357128003,0.04285327345132828,0.0005991101497784257,0.28999561071395874,0.0,0.19496337,0.10150846,0.99940103,0.10343545,0.05101392,1.5472779e-07,-0.0007491112,-0.0031569004,0.019104958,-0.050265826,-0.048151918,-0.008914858,0.235875,0.12373641,1.0,,,,,,,,,,,,,,,,,,,,,,,,,,,,,,,,,,,,,,,,,,,
630.0,-0.01789928018284627,0.04280684143304825,0.0005991101497784257,0.2920830547809601,0.0,0.19539371,0.101721086,0.99940103,0.10328181,0.05103022,1.1286722e-07,-0.0005044937,-0.0028951168,0.019189596,0.05751689,0.06394864,0.020512972,0.23625,0.12392659,1.0,,,,,,,,,,,,,,,,,,,,,,,,,,,,,,,,,,,,,,,,,,,
631.0,-0.01783317917717068,0.042761750519275665,0.0005991101497784257,0.2942444682121277,0.0,0.19582346,0.10193374,0.99940103,0.1031391,0.05103671,1.6134939e-07,-0.00071787834,-0.0030915737,0.019153118,-0.05027229,-0.04815188,-0.008915691,0.236625,0.12411673,1.0,,,,,,,,,,,,,,,,,,,,,,,,,,,,,,,,,,,,,,,,,,,
632.0,-0.01776723047817577,0.042717911303043365,0.0005991101497784257,0.2964773178100586,0.0,0.19625257,0.102146454,0.99940103,0.102988236,0.05105177,1.2058587e-07,-0.00047302246,-0.00282979,0.019237757,0.05750695,0.063953,0.020508429,0.237,0.12430684,1.0,,,,,,,,,,,,,,,,,,,,,,,,,,,,,,,,,,,,,,,,,,,
633.0,-0.017696918526237643,0.04267541691660881,0.0005991339567117393,0.29877933859825134,0.0,0.19668111,0.10235919,0.99940103,0.10284829,0.05105702,1.6779815e-07,-0.0006864071,-0.0030264854,0.019201279,-0.050278753,-0.048151847,-0.008916517,0.237375,0.12449693,1.0,,,,,,,,,,,,,,,,,,,,,,,,,,,,,,,,,,,,,,,,,,,
634.0,-0.01762689842545442,0.042634256184101105,0.0005991339567117393,0.30114811658859253,0.0,0.19710903,0.10257199,0.99940103,0.10270018,0.051070835,1.2813118e-07,-0.00044178963,-0.0027647018,0.019286156,0.05749701,0.063957356,0.020503884,0.23775,0.12468698,1.0,,,,,,,,,,,,,,,,,,,,,,,,,,,,,,,,,,,,,,,,,,,
635.0,-0.017552660750032378,0.042594414204359055,0.0005991339567117393,0.30358120799064636,0.0,0.19753636,0.1027848,0.99940103,0.102563,0.05107485,1.740742e-07,-0.00065517426,-0.0029611588,0.01924944,-0.050285216,-0.048151813,-0.008917335,0.238125,0.124877,1.0,,,,,,,,,,,,,,,,,,,,,,,,,,,,,,,,,,,,,,,,,,,
636.0,-0.01747888373602291,0.042555876076221466,0.0005991339567117393,0.30607640743255615,0.0,0.1979631,0.10299767,0.99940103,0.102417655,0.05108743,1.355032e-07,-0.0004105568,-0.0026993752,0.019334316,0.057487074,0.06396171,0.020499336,0.2385,0.12506698,1.0,,,,,,,,,,,,,,,,,,,,,,,,,,,,,,,,,,,,,,,,,,,
637.0,-0.017401335822253897,0.042518727481365204,0.0005991339567117393,0.30863139033317566,0.0,0.19838929,0.10321054,0.99940103,0.10228324,0.051090214,1.801776e-07,-0.0006239414,-0.002895832,0.0192976,-0.050291672,-0.04815178,-0.008918148,0.238875,0.12525694,1.0,,,,,,,,,,,,,,,,,,,,,,,,,,,,,,,,,,,,,,,,,,,
638.0,-0.01732435791998978,0.042482901364564896,0.0005991339567117393,0.31124401092529297,0.0,0.19881487,0.10342346,0.99940103,0.10214066,0.05110156,1.4270205e-07,-0.00037932396,-0.0026340485,0.019381046,0.05747812,0.063965864,0.020159813,0.23925,0.12544687,1.0,,,,,,,,,,,,,,,,,,,,,,,,,,,,,,,,,,,,,,,,,,,
639.0,-0.01724343547865647,0.04244839772582054,0.0005991578218527138,0.31391197443008423,0.0,0.19923991,0.10363639,0.99940103,0.102009006,0.051103115,1.8610841e-07,-0.0005927086,-0.0028305054,0.0193429,-0.050297234,-0.04815186,-0.00925385,0.239625,0.12563676,1.0,,,,,,,,,,,,,,,,,,,,,,,,,,,,,,,,,,,,,,,,,,,
640.0,-0.01716421866065539,0.04241525009274483,0.0005991578218527138,0.3165997266769409,0.0,0.19966437,0.10384937,0.99940103,0.10186918,0.051113237,1.4972782e-07,-0.00034809113,-0.0025687218,0.019426346,0.057468373,0.06397006,0.020155411,0.24,0.12582663,1.0,,,,,,,,,,,,,,,,,,,,,,,,,,,,,,,,,,,,,,,,,,,
641.0,-0.017082177587267506,0.04238349199295044,0.0005991578218527138,0.31930550932884216,0.0,0.20008829,0.10406234,0.99940103,0.101740286,0.05111356,1.9186669e-07,-0.00056147575,-0.0027651787,0.019388437,-0.050303824,-0.048151687,-0.009254499,0.240375,0.12601645,1.0,,,,,,,,,,,,,,,,,,,,,,,,,,,,,,,,,,,,,,,,,,,
642.0,-0.017001943645473513,0.0423530712723732,0.0005991578218527138,0.32202768325805664,0.0,0.20051163,0.104275346,0.99940103,0.101603225,0.051122457,1.5658057e-07,-0.0003170967,-0.002503395,0.019471645,0.057458628,0.06397425,0.020151006,0.24075,0.12620625,1.0,,,,,,,,,,,,,,,,,,,,,,,,,,,,,,,,,,,,,,,,,,,
643.0,-0.016918983512646084,0.04232403635978699,0.0005991578218527138,0.32476457953453064,0.0,0.20093445,0.10448836,0.99940103,0.101477094,0.051121555,1.9745256e-07,-0.00053048134,-0.002699852,0.019433737,-0.05031041,-0.048151515,-0.009255142,0.241125,0.12639603,1.0,,,,,,,,,,,,,,,,,,,,,,,,,,,,,,,,,,,,,,,,,,,
644.0,-0.016837922749474096,0.04229635372757912,0.0005991578218527138,0.3275148272514343,0.0,0.20135671,0.10470139,0.99940103,0.10134279,0.051129233,1.632604e-07,-0.00028586388,-0.0024380684,0.019516945,0.05744889,0.06397843,0.020146597,0.2415,0.12658577,1.0,,,,,,,,,,,,,,,,,,,,,,,,,,,,,,,,,,,,,,,,,,,
645.0,-0.01675422284688321,0.04227007180452347,0.0005991578218527138,0.3302769064903259,0.0,0.20177846,0.10491443,0.99940103,0.101219416,0.051127113,2.0286609e-07,-0.0004994869,-0.0026345253,0.019479036,-0.050316997,-0.048151344,-0.009255779,0.241875,0.12677546,1.0,,,,,,,,,,,,,,,,,,,,,,,,,,,,,,,,,,,,,,,,,,,
646.0,-0.016672504784081686,0.04224513843655586,0.0005991578218527138,0.33304956555366516,0.0,0.20219967,0.10512748,0.99940103,0.101087876,0.05113357,1.6976738e-07,-0.00025510788,-0.0023727417,0.019562244,0.05743916,0.06398262,0.020142186,0.24225,0.12696514,1.0,,,,,,,,,,,,,,,,,,,,,,,,,,,,,,,,,,,,,,,,,,,
647.0,-0.016588227516293776,0.042221639305353165,0.0005991578218527138,0.3358314037322998,0.0,0.20262036,0.105340526,0.99940103,0.10096726,0.051130235,2.081074e-07,-0.0004684925,-0.0025691986,0.019524097,-0.05032358,-0.048151176,-0.009256409,0.242625,0.12715478,1.0,,,,,,,,,,,,,,,,,,,,,,,,,,,,,,,,,,,,,,,,,,,
648.0,-0.01650600437372559,0.04219954088330269,0.0005991578218527138,0.3386214077472687,0.0,0.20304053,0.10555359,0.99940103,0.100838475,0.051135477,1.7610155e-07,-0.00022411346,-0.0023071766,0.019607544,0.05742943,0.06398681,0.020137774,0.243,0.12734438,1.0,,,,,,,,,,,,,,,,,,,,,,,,,,,,,,,,,,,,,,,,,,,
649.0,-0.01642129174614347,0.04217885062098503,0.0005991578218527138,0.3414182662963867,0.0,0.20346019,0.10576663,0.99940103,0.10072062,0.051130928,2.1317655e-07,-0.0004377365,-0.0025036335,0.019569397,-0.05033016,-0.04815101,-0.009257033,0.243375,0.12753397,1.0,,,,,,,,,,,,,,,,,,,,,,,,,,,,,,,,,,,,,,,,,,,
650.0,-0.01633870120948632,0.04215949773788452,0.0005991578218527138,0.3442210257053375,0.0,0.20387933,0.105979696,0.99940103,0.100594595,0.05113496,1.8226305e-07,-0.00019335747,-0.00224185,0.019652843,0.057419706,0.06399099,0.020133356,0.24375,0.12772352,1.0,,,,,,,,,,,,,,,,,,,,,,,,,,,,,,,,,,,,,,,,,,,
651.0,-0.01625367974217552,0.0421416275203228,0.0005991816287860274,0.3470286726951599,0.0,0.204298,0.10619273,0.99940103,0.1004795,0.0511292,2.1807361e-07,-0.0004069805,-0.0024383068,0.019614697,-0.050336737,-0.04815084,-0.00925765,0.244125,0.12791303,1.0,,,,,,,,,,,,,,,,,,,,,,,,,,,,,,,,,,,,,,,,,,,
652.0,-0.01617083835064732,0.042125154286623,0.0005991816287860274,0.34984031319618225,0.0,0.20471615,0.10640578,0.99940103,0.100356236,0.051132023,1.8825195e-07,-0.00016260147,-0.0021765232,0.019697905,0.05740999,0.063995175,0.020128937,0.2445,0.12810251,1.0,,,,,,,,,,,,,,,,,,,,,,,,,,,,,,,,,,,,,,,,,,,
653.0,-0.016085619729012977,0.04211011528968811,0.0005991816287860274,0.3526550233364105,0.0,0.20513383,0.10661881,0.99940103,0.100243896,0.05112506,2.2279866e-07,-0.00037622452,-0.0023729801,0.019659996,-0.050343316,-0.048150677,-0.009258261,0.244875,0.12829196,1.0,,,,,,,,,,,,,,,,,,,,,,,,,,,,,,,,,,,,,,,,,,,
654.0,-0.01600263261446162,0.04209645837545395,0.0005991816287860274,0.35547202825546265,0.0,0.20555101,0.10683183,0.99940103,0.10012338,0.051126678,1.940683e-07,-0.00013184547,-0.002110958,0.019743204,0.057400275,0.063999355,0.020124516,0.24525,0.12848137,1.0,,,,,,,,,,,,,,,,,,,,,,,,,,,,,,,,,,,,,,,,,,,
655.0,-0.015917313148046015,0.042084284126758575,0.000599205493927002,0.3582906126976013,0.0,0.20596774,0.10704482,0.99940103,0.10001381,0.05111851,2.273518e-07,-0.00034546852,-0.002307415,0.019705057,-0.050349887,-0.048150513,-0.009258865,0.245625,0.12867077,1.0,,,,,,,,,,,,,,,,,,,,,,,,,,,,,,,,,,,,,,,,,,,
656.0,-0.015834130472793913,0.04207351803779602,0.000599205493927002,0.3611100912094116,0.0,0.20638397,0.10725782,0.99940103,0.09989605,0.051118925,1.9971222e-07,-0.00010108948,-0.0020456314,0.019788504,0.057390567,0.06400353,0.02012009,0.246,0.12886012,1.0,,,,,,,,,,,,,,,,,,,,,,,,,,,,,,,,,,,,,,,,,,,
657.0,-0.01574865798620158,0.042064230889081955,0.000599205493927002,0.36392977833747864,0.0,0.20679976,0.10747078,0.99940103,0.099789225,0.051109564,2.317331e-07,-0.00031495094,-0.0022420883,0.019750357,-0.05035646,-0.048150353,-0.009259463,0.246375,0.12904944,1.0,,,,,,,,,,,,,,,,,,,,,,,,,,,,,,,,,,,,,,,,,,,
658.0,-0.015665490411775684,0.042056333273649216,0.000599205493927002,0.36674925684928894,0.0,0.20721507,0.10768373,0.99940103,0.09967423,0.05110878,2.0518375e-07,-7.05719e-05,-0.0019800663,0.019833565,0.057380863,0.06400771,0.020115662,0.24675,0.12923872,1.0,,,,,,,,,,,,,,,,,,,,,,,,,,,,,,,,,,,,,,,,,,,
659.0,-0.015580068672371999,0.04204993695020676,0.000599205493927002,0.36956775188446045,0.0,0.20762995,0.10789664,0.99940103,0.09957016,0.05109822,2.3594262e-07,-0.00028443336,-0.0021765232,0.019795418,-0.05036303,-0.048150193,-0.009260056,0.247125,0.12942798,1.0,,,,,,,,,,,,,,,,,,,,,,,,,,,,,,,,,,,,,,,,,,,
660.0,-0.015496672566136117,0.04204496741294861,0.000599205493927002,0.3723849654197693,0.0,0.20804435,0.10810954,0.99940103,0.09945792,0.051096246,2.1048302e-07,-4.005432e-05,-0.0019145012,0.019878864,0.057371162,0.06401188,0.020111231,0.2475,0.12961721,1.0,,,,,,,,,,,,,,,,,,,,,,,,,,,,,,,,,,,,,,,,,,,
661.0,-0.015411043958819575,0.04204139858484268,0.000599205493927002,0.37520045042037964,0.0,0.20845833,0.1083224,0.99940103,0.09935661,0.051084492,2.3998047e-07,-0.0002539158,-0.002110958,0.019840479,-0.050369594,-0.048150033,-0.009260641,0.247875,0.1298064,1.0,,,,,,,,,,,,,,,,,,,,,,,,,,,,,,,,,,,,,,,,,,,
662.0,-0.015327781810972375,0.042039282619953156,0.000599205493927002,0.3780137300491333,0.0,0.20887187,0.10853523,0.99940103,0.09924712,0.051081322,2.1561004e-07,-9.536743e-06,-0.0018491745,0.019923925,0.05736147,0.06401605,0.020106796,0.24825,0.12999557,1.0,,,,,,,,,,,,,,,,,,,,,,,,,,,,,,,,,,,,,,,,,,,
663.0,-0.015242329219609382,0.042038626968860626,0.000599205493927002,0.38082456588745117,0.0,0.20928499,0.10874802,0.99940103,0.09914856,0.05106838,2.438467e-07,-0.00022339821,-0.002045393,0.019885778,-0.05037616,-0.048149876,-0.00926122,0.248625,0.1301847,1.0,,,,,,,,,,,,,,,,,,,,,,,,,,,,,,,,,,,,,,,,,,,
664.0,-0.015159224094778623,0.04203939065337181,0.000599205493927002,0.3836325407028198,0.0,0.20969766,0.108960785,0.99940103,0.09904183,0.051064026,2.2056494e-07,2.0742416e-05,-0.0017836094,0.019968987,0.05735178,0.064020224,0.020102361,0.249,0.13037379,1.0,,,,,,,,,,,,,,,,,,,,,,,,,,,,,,,,,,,,,,,,,,,
665.0,-0.01507401062927347,0.04204157367348671,0.000599205493927002,0.38643741607666016,0.0,0.21010993,0.10917349,0.99940103,0.09894602,0.0510499,2.475414e-07,-0.00019311905,-0.0019798279,0.01993084,-0.050382722,-0.04814972,-0.0092617925,0.249375,0.13056284,1.0,,,,,,,,,,,,,,,,,,,,,,,,,,,,,,,,,,,,,,,,,,,
666.0,-0.014986962283480901,0.04204513877630234,0.000599205493927002,0.38923904299736023,0.0,0.21052177,0.109386176,0.99940103,0.09884204,0.05104436,2.2534779e-07,5.1021576e-05,-0.0017180443,0.020014048,0.057342093,0.064024396,0.02009792,0.24975,0.13075188,1.0,,,,,,,,,,,,,,,,,,,,,,,,,,,,,,,,,,,,,,,,,,,
667.0,-0.014897180492600456,0.04205017164349556,0.000599205493927002,0.3920370638370514,0.0,0.21093324,0.1095988,0.99940103,0.09874899,0.051029053,2.5106468e-07,-0.00016283989,-0.0019142628,0.0199759,-0.050389282,-0.048149567,-0.00926236,0.250125,0.13094087,1.0,,,,,,,,,,,,,,,,,,,,,,,,,,,,,,,,,,,,,,,,,,,
668.0,-0.014809768396685106,0.042056553065776825,0.000599205493927002,0.39483144879341125,0.0,0.21134426,0.10981139,0.99940103,0.098647766,0.051022332,2.2995863e-07,8.1300735e-05,-0.0016524792,0.020059109,0.05733241,0.06402856,0.020093478,0.2505,0.13112983,1.0,,,,,,,,,,,,,,,,,,,,,,,,,,,,,,,,,,,,,,,,,,,
669.0,-0.014720488035026574,0.0420643575489521,0.0005992293590679765,0.3976219892501831,0.0,0.21175492,0.110023916,0.99940103,0.09855747,0.051005844,2.5441653e-07,-0.00013256073,-0.0018486977,0.020020962,-0.05039584,-0.04814941,-0.009262919,0.250875,0.13131876,1.0,,,,,,,,,,,,,,,,,,,,,,,,,,,,,,,,,,,,,,,,,,,
670.0,-0.014633519051320038,0.04207351803779602,0.0005992293590679765,0.40040862560272217,0.0,0.21216516,0.11023641,0.99940103,0.098459,0.050997946,2.3439759e-07,0.000111579895,-0.0015869141,0.02010417,0.057322737,0.064032726,0.020089034,0.25125,0.13150766,1.0,,,,,,,,,,,,,,,,,,,,,,,,,,,,,,,,,,,,,,,,,,,
671.0,-0.014544744779539546,0.04208406060934067,0.0005992531660012901,0.4031911790370941,0.0,0.21257505,0.11044882,0.99940103,0.09837145,0.050980285,2.5759712e-07,-0.00010251999,-0.0017831326,0.020066023,-0.050402395,-0.04814926,-0.009263474,0.251625,0.13169654,1.0,,,,,,,,,,,,,,,,,,,,,,,,,,,,,,,,,,,,,,,,,,,
672.0,-0.014458222244906938,0.042095910757780075,0.0005992531660012901,0.40596967935562134,0.0,0.21298453,0.1106612,0.99940103,0.09827573,0.050971214,2.386647e-07,0.00014162064,-0.001521349,0.020149231,0.057313066,0.06403689,0.020084586,0.252,0.13188536,1.0,,,,,,,,,,,,,,,,,,,,,,,,,,,,,,,,,,,,,,,,,,,
673.0,-0.014369953620820528,0.042109131813049316,0.0005992531660012901,0.4087440073490143,0.0,0.21339366,0.110873505,0.99940103,0.09819093,0.05095238,2.6060647e-07,-7.247925e-05,-0.0017175674,0.020111084,-0.05040895,-0.04814911,-0.00926402,0.252375,0.13207416,1.0,,,,,,,,,,,,,,,,,,,,,,,,,,,,,,,,,,,,,,,,,,,
674.0,-0.014283873356342885,0.04212367162108421,0.0005992293590679765,0.4115142226219177,0.0,0.2138024,0.111085765,0.99940103,0.098097965,0.050942134,2.4276005e-07,0.00017166138,-0.0014555454,0.020194292,0.0573034,0.064041056,0.020080134,0.25275,0.13226293,1.0,,,,,,,,,,,,,,,,,,,,,,,,,,,,,,,,,,,,,,,,,,,
675.0,-0.014196104834037035,0.04213954135775566,0.0005992293590679765,0.4142802357673645,0.0,0.2142108,0.11129794,0.99940103,0.09801593,0.050922133,2.6344466e-07,-4.2438507e-05,-0.0016520023,0.020156145,-0.050415497,-0.04814896,-0.009264561,0.253125,0.13245167,1.0,,,,,,,,,,,,,,,,,,,,,,,,,,,,,,,,,,,,,,,,,,,
676.0,-0.014110306947380743,0.042156632989645004,0.0005992293590679765,0.4170421361923218,0.0,0.21461882,0.11151007,0.99940103,0.0979257,0.050910722,2.4668375e-07,0.00020170212,-0.0013899803,0.020238638,0.05729402,0.06404521,0.019907214,0.2535,0.13264036,1.0,,,,,,,,,,,,,,,,,,,,,,,,,,,,,,,,,,,,,,,,,,,
677.0,-0.014022869588946923,0.04217510670423508,0.0005992293590679765,0.41979992389678955,0.0,0.21502651,0.11172211,0.99940103,0.09784641,0.05088955,2.6611178e-07,-1.2397766e-05,-0.0015861988,0.020199537,-0.050421804,-0.048148774,-0.009433525,0.253875,0.13282904,1.0,,,,,,,,,,,,,,,,,,,,,,,,,,,,,,,,,,,,,,,,,,,
678.0,-0.013937500885970441,0.04219479858875275,0.0005992293590679765,0.422553688287735,0.0,0.21543385,0.111934096,0.99940103,0.09775894,0.05087698,2.5043582e-07,0.00023150444,-0.0013244152,0.020282269,0.05728445,0.06404929,0.019902833,0.25425,0.13301767,1.0,,,,,,,,,,,,,,,,,,,,,,,,,,,,,,,,,,,,,,,,,,,
679.0,-0.013850512486769734,0.0422157421708107,0.0005992293590679765,0.4253033995628357,0.0,0.21584086,0.11214599,0.99940103,0.0976824,0.05085465,2.6860786e-07,1.7404556e-05,-0.0015206337,0.020243168,-0.05042842,-0.048148558,-0.009433977,0.254625,0.13320626,1.0,,,,,,,,,,,,,,,,,,,,,,,,,,,,,,,,,,,,,,,,,,,
680.0,-0.01376557063980654,0.04223787039518356,0.0005992293590679765,0.428049236536026,0.0,0.21624751,0.112357825,0.99940103,0.09759768,0.050840914,2.5401636e-07,0.00026154518,-0.0012586117,0.0203259,0.05727489,0.06405337,0.01989845,0.255,0.13339484,1.0,,,,,,,,,,,,,,,,,,,,,,,,,,,,,,,,,,,,,,,,,,,
681.0,-0.013679001814304504,0.04226122051477432,0.0005992293590679765,0.4307911694049835,0.0,0.21665387,0.11256956,0.99940103,0.09752389,0.050817426,2.7093301e-07,4.720688e-05,-0.0014550686,0.020286798,-0.05043503,-0.048148338,-0.009434423,0.255375,0.13358337,1.0,,,,,,,,,,,,,,,,,,,,,,,,,,,,,,,,,,,,,,,,,,,
682.0,-0.01359447019042491,0.042285751551389694,0.0005992293590679765,0.4335293769836426,0.0,0.21705987,0.11278124,0.99940103,0.09744192,0.050802536,2.5742546e-07,0.0002913475,-0.0011930466,0.020369291,0.05726533,0.06405745,0.019894063,0.25575,0.13377187,1.0,,,,,,,,,,,,,,,,,,,,,,,,,,,,,,,,,,,,,,,,,,,
683.0,-0.013508439692113464,0.042311422526836395,0.0005992293590679765,0.43626388907432556,0.0,0.21746558,0.112992816,0.99940103,0.09737088,0.05077789,2.730873e-07,7.70092e-05,-0.0013892651,0.02033019,-0.05044164,-0.048148125,-0.009434864,0.256125,0.13396034,1.0,,,,,,,,,,,,,,,,,,,,,,,,,,,,,,,,,,,,,,,,,,,
684.0,-0.013424427453242608,0.04233821481466293,0.0005992174264974892,0.4389948546886444,0.0,0.21787097,0.11320432,0.99940103,0.097291656,0.050761845,2.606631e-07,0.0003209114,-0.001127243,0.020412922,0.057255775,0.06406152,0.019889675,0.2565,0.13414878,1.0,,,,,,,,,,,,,,,,,,,,,,,,,,,,,,,,,,,,,,,,,,,
685.0,-0.013338760807883227,0.04236616939306259,0.0005992174264974892,0.4417223036289215,0.0,0.21827607,0.113415726,0.9994011,0.097223364,0.05073605,2.7507085e-07,0.00010681152,-0.0013234615,0.020373821,-0.050448246,-0.04814791,-0.009435297,0.256875,0.13433717,1.0,,,,,,,,,,,,,,,,,,,,,,,,,,,,,,,,,,,,,,,,,,,
686.0,-0.013255103670826069,0.04239517077803612,0.0005992174264974892,0.4444463849067688,0.0,0.21868084,0.113627054,0.9994011,0.09714689,0.050718855,7.976467e-08,0.00035071373,-0.0010614395,0.020456314,0.057246227,0.0640656,0.019885283,0.25725,0.13452554,1.0,,,,,,,,,,,,,,,,,,,,,,,,,,,,,,,,,,,,,,,,,,,
687.0,-0.013169781197692649,0.042425211519002914,0.0005992174264974892,0.44716721773147583,0.0,0.21908535,0.11383827,0.9994011,0.09708134,0.05069191,1.3611339e-07,0.00013637543,-0.0012578964,0.020417213,-0.05045485,-0.048147697,-0.0094357245,0.257625,0.13471387,1.0,,,,,,,,,,,,,,,,,,,,,,,,,,,,,,,,,,,,,,,,,,,
688.0,-0.013086456959889987,0.04245634749531746,0.0005992174264974892,0.44988492131233215,0.0,0.21948954,0.11404941,0.9994011,0.09700762,0.05067357,1.1571237e-07,0.00038027763,-0.0009958744,0.020499945,0.057236683,0.064069666,0.019880889,0.258,0.13490218,1.0,,,,,,,,,,,,,,,,,,,,,,,,,,,,,,,,,,,,,,,,,,,
689.0,-0.01300146081745079,0.04248853772878647,0.0005992174264974892,0.45259952545166016,0.0,0.21989349,0.114260435,0.9994011,0.09694482,0.05064548,1.2999483e-07,0.00016593933,-0.0011920929,0.020460844,-0.050461452,-0.048147485,-0.009436145,0.258375,0.13509044,1.0,,,,,,,,,,,,,,,,,,,,,,,,,,,,,,,,,,,,,,,,,,,
690.0,-0.012918452545459152,0.04252169653773308,0.0005992174264974892,0.45531123876571655,0.0,0.22029713,0.114471376,0.9994011,0.096873835,0.050625995,1.2025849e-07,0.00040984154,-0.0009300709,0.020543337,0.057227146,0.06407374,0.019876491,0.25875,0.13527867,1.0,,,,,,,,,,,,,,,,,,,,,,,,,,,,,,,,,,,,,,,,,,,
691.0,-0.012833764516430896,0.04255587235093117,0.0005992174264974892,0.45802003145217896,0.0,0.22070052,0.1146822,0.9994011,0.09681378,0.050596762,1.3103855e-07,0.00019550323,-0.0011262894,0.020504236,-0.050468054,-0.048147276,-0.009436561,0.259125,0.13546687,1.0,,,,,,,,,,,,,,,,,,,,,,,,,,,,,,,,,,,,,,,,,,,
692.0,-0.012751056988168061,0.04259101673960686,0.0005992174264974892,0.4607260823249817,0.0,0.22110362,0.11489293,0.9994011,0.09674555,0.05057614,1.2291177e-07,0.00043940544,-0.00086426735,0.020586729,0.05721761,0.06407781,0.01987209,0.2595,0.13565503,1.0,,,,,,,,,,,,,,,,,,,,,,,,,,,,,,,,,,,,,,,,,,,
693.0,-0.012666658864144847,0.04262712970376015,0.0005992174264974892,0.4634294807910919,0.0,0.22150649,0.115103535,0.9994011,0.09668825,0.050545767,1.32316e-07,0.00022506714,-0.0010604858,0.020547628,-0.05047465,-0.048147067,-0.009436969,0.259875,0.13584316,1.0,,,,,,,,,,,,,,,,,,,,,,,,,,,,,,,,,,,,,,,,,,,
694.0,-0.012584232414915098,0.04266416281461716,0.0005992174264974892,0.4661303162574768,0.0,0.22190908,0.11531405,0.9994011,0.09662276,0.050524004,1.2529911e-07,0.00046873093,-0.0007984638,0.02063036,0.05720808,0.06408187,0.019867687,0.26025,0.13603126,1.0,,,,,,,,,,,,,,,,,,,,,,,,,,,,,,,,,,,,,,,,,,,
695.0,-0.012500110809098264,0.0427020899951458,0.0005992174264974892,0.46882861852645874,0.0,0.22231145,0.11552444,0.9994011,0.0965682,0.050492503,1.3344531e-07,0.00025439262,-0.0009946823,0.02059102,-0.050481245,-0.048146863,-0.009437371,0.260625,0.13621932,1.0,,,,,,,,,,,,,,,,,,,,,,,,,,,,,,,,,,,,,,,,,,,
696.0,-0.012417952801312642,0.042740922421216965,0.0005992174264974892,0.47152450680732727,0.0,0.22271356,0.115734726,0.9994011,0.09650545,0.050469603,1.2751025e-07,0.0004980564,-0.0007326603,0.020673037,0.057198696,0.064085975,0.019720271,0.261,0.13640735,1.0,,,,,,,,,,,,,,,,,,,,,,,,,,,,,,,,,,,,,,,,,,,
697.0,-0.012334092713688736,0.04278066009283066,0.0005992174264974892,0.4742180109024048,0.0,0.22311544,0.115944885,0.9994011,0.09645364,0.05043697,1.3440548e-07,0.0002837181,-0.0009288788,0.02063346,-0.05048773,-0.048146583,-0.0095807435,0.261375,0.13659534,1.0,,,,,,,,,,,,,,,,,,,,,,,,,,,,,,,,,,,,,,,,,,,
698.0,-0.012252187791560573,0.042821161448955536,0.0005992174264974892,0.4769092798233032,0.0,0.22351709,0.11615494,0.9994011,0.09639364,0.05041294,1.2955019e-07,0.0005273819,-0.00066685677,0.020715237,0.057189252,0.064089976,0.019715926,0.26175,0.1367833,1.0,,,,,,,,,,,,,,,,,,,,,,,,,,,,,,,,,,,,,,,,,,,
699.0,-0.012168578369493846,0.042862556874752045,0.0005992174264974892,0.4795982241630554,0.0,0.22391853,0.11636485,0.9994011,0.09634457,0.05037918,1.3519539e-07,0.0003130436,-0.00086307526,0.02067542,-0.050494377,-0.048146315,-0.009581069,0.262125,0.13697124,1.0,,,,,,,,,,,,,,,,,,,,,,,,,,,,,,,,,,,,,,,,,,,
700.0,-0.012086920419276432,0.042904771864414215,0.0005992174264974892,0.48228493332862854,0.0,0.22431971,0.11657466,0.9994011,0.09628731,0.050354023,1.3141931e-07,0.0005567074,-0.00060105324,0.020757437,0.057179812,0.06409397,0.019711578,0.2625,0.13715912,1.0,,,,,,,,,,,,,,,,,,,,,,,,,,,,,,,,,,,,,,,,,,,
701.0,-0.012003551536603848,0.042947761714458466,0.0005991935613565147,0.48496943712234497,0.0,0.22472072,0.11678432,0.9994011,0.09624098,0.050319135,1.3581507e-07,0.00034213066,-0.0007970333,0.02071762,-0.050501022,-0.048146054,-0.009581388,0.262875,0.13734698,1.0,,,,,,,,,,,,,,,,,,,,,,,,,,,,,,,,,,,,,,,,,,,
702.0,-0.011922129397831308,0.04299150034785271,0.0005991935613565147,0.4876517951488495,0.0,0.2251215,0.116993874,0.9994011,0.096186474,0.050292857,1.3311765e-07,0.00058579445,-0.0005350113,0.020799637,0.05717038,0.06409796,0.019707227,0.26325,0.1375348,1.0,,,,,,,,,,,,,,,,,,,,,,,,,,,,,,,,,,,,,,,,,,,
703.0,-0.01183932340525753,0.04303601384162903,0.0005991935613565147,0.4903319478034973,0.0,0.2255221,0.11720328,0.9994011,0.09614289,0.050256845,1.362646e-07,0.00037121773,-0.0007312298,0.020759821,-0.05050767,-0.04814579,-0.009581701,0.263625,0.1377226,1.0,,,,,,,,,,,,,,,,,,,,,,,,,,,,,,,,,,,,,,,,,,,
704.0,-0.011757987486038474,0.043081242591142654,0.0005991935613565147,0.4930098354816437,0.0,0.22592248,0.11741257,0.9994011,0.096091114,0.05022945,1.3464528e-07,0.0006148815,-0.00046920776,0.020841837,0.057160947,0.06410196,0.019702874,0.264,0.13791035,1.0,,,,,,,,,,,,,,,,,,,,,,,,,,,,,,,,,,,,,,,,,,,
705.0,-0.011675854151748355,0.04312717542052269,0.0005991935613565147,0.49568554759025574,0.0,0.22632268,0.117621705,0.9994011,0.09605028,0.05019232,1.3654403e-07,0.0004003048,-0.00066542625,0.020802021,-0.05051431,-0.04814553,-0.009582007,0.264375,0.13809806,1.0,,,,,,,,,,,,,,,,,,,,,,,,,,,,,,,,,,,,,,,,,,,
706.0,-0.01159474641306115,0.04317378252744675,0.0005991935613565147,0.4983590245246887,0.0,0.22672269,0.117830716,0.9994011,0.09600125,0.050163805,1.3600228e-07,0.0006439686,-0.00040316582,0.020884037,0.057151522,0.06410594,0.019698517,0.26475,0.13828576,1.0,,,,,,,,,,,,,,,,,,,,,,,,,,,,,,,,,,,,,,,,,,,
707.0,-0.011512844099480573,0.043221089988946915,0.0005991935613565147,0.5010302066802979,0.0,0.22712253,0.11803958,0.9994011,0.09596315,0.05012556,1.3665343e-07,0.00042939186,-0.0005993843,0.020844221,-0.05052095,-0.048145268,-0.009582307,0.265125,0.1384734,1.0,,,,,,,,,,,,,,,,,,,,,,,,,,,,,,,,,,,,,,,,,,,
708.0,-0.01143196793802854,0.04326905310153961,0.0005991935613565147,0.503699004650116,0.0,0.2275222,0.118248306,0.9994011,0.09591687,0.05009593,1.3718874e-07,0.00067305565,-0.0003373623,0.020925999,0.0571421,0.06410994,0.019694159,0.2655,0.13866101,1.0,,,,,,,,,,,,,,,,,,,,,,,,,,,,,,,,,,,,,,,,,,,
709.0,-0.011350300412820072,0.043317604809999466,0.0005991935613565147,0.5063653588294983,0.0,0.2279217,0.11845688,0.9994011,0.09588151,0.050056577,1.3659283e-07,0.0004582405,-0.0005335808,0.020886183,-0.050527584,-0.04814501,-0.0095826015,0.265875,0.1388486,1.0,,,,,,,,,,,,,,,,,,,,,,,,,,,,,,,,,,,,,,,,,,,
710.0,-0.01126966004826245,0.04336673393845558,0.0005991935613565147,0.5090292096138,0.0,0.22832102,0.118665315,0.9994011,0.095837966,0.050025836,1.3820471e-07,0.0007019043,-0.00027132034,0.020968199,0.057132684,0.06411392,0.019689796,0.26625,0.13903615,1.0,,,,,,,,,,,,,,,,,,,,,,,,,,,,,,,,,,,,,,,,,,,
711.0,-0.011188345769569062,0.043416500091552734,0.0005991935613565147,0.5116904377937317,0.0,0.2287202,0.11887359,0.9994011,0.09580535,0.049985375,1.3636235e-07,0.00048708916,-0.00046753883,0.020928383,-0.05053422,-0.048144754,-0.009582889,0.266625,0.13922366,1.0,,,,,,,,,,,,,,,,,,,,,,,,,,,,,,,,,,,,,,,,,,,
712.0,-0.011107833845846474,0.04346676543354988,0.0005991935613565147,0.5143489837646484,0.0,0.22911923,0.11908173,0.9994011,0.09576454,0.049953528,1.3905021e-07,0.00073075294,-0.00020551682,0.021010399,0.057123274,0.06411791,0.019685432,0.267,0.13941114,1.0,,,,,,,,,,,,,,,,,,,,,,,,,,,,,,,,,,,,,,,,,,,
713.0,-0.011027135072544481,0.04351763427257538,0.0005991935613565147,0.5170046091079712,0.0,0.22951812,0.119289696,0.9994011,0.09573467,0.04991196,1.3596204e-07,0.0005159378,-0.0004014969,0.020970345,-0.05054085,-0.048144497,-0.0095831705,0.267375,0.13959858,1.0,,,,,,,,,,,,,,,,,,,,,,,,,,,,,,,,,,,,,,,,,,,
714.0,-0.010946716299929542,0.04356899484992027,0.0005991935613565147,0.5196573138237,0.0,0.22991686,0.11949752,0.9994011,0.0956966,0.04987901,1.3972537e-07,0.0007596016,-0.00013947487,0.021051407,0.057113957,0.064122014,0.019450871,0.26775,0.13978599,1.0,,,,,,,,,,,,,,,,,,,,,,,,,,,,,,,,,,,,,,,,,,,
715.0,-0.010866438175400983,0.043620891869068146,0.0005991935613565147,0.5223068594932556,0.0,0.23031548,0.11970518,0.9994011,0.09566946,0.049836338,1.3539194e-07,0.00054478645,-0.00033569336,0.021010637,-0.05054744,-0.04814407,-0.009813585,0.268125,0.13997336,1.0,,,,,,,,,,,,,,,,,,,,,,,,,,,,,,,,,,,,,,,,,,,
716.0,-0.010786286895382,0.04367322474718094,0.0005991935613565147,0.5249531269073486,0.0,0.23071396,0.119912684,0.9994011,0.09563414,0.04980229,1.4023024e-07,0.0007882118,-7.343292e-05,0.021091461,0.057104673,0.06412589,0.019446606,0.2685,0.1401607,1.0,,,,,,,,,,,,,,,,,,,,,,,,,,,,,,,,,,,,,,,,,,,
717.0,-0.01070628587860847,0.043726034462451935,0.0005991935613565147,0.5275958776473999,0.0,0.23111233,0.12012001,0.9994011,0.09560975,0.04975852,1.3465211e-07,0.0005733967,-0.0002696514,0.021050692,-0.05055416,-0.04814372,-0.009813751,0.268875,0.140348,1.0,,,,,,,,,,,,,,,,,,,,,,,,,,,,,,,,,,,,,,,,,,,
718.0,-0.010626420076817522,0.04377926513552666,0.0005991935613565147,0.5302349925041199,0.0,0.23151056,0.1203272,0.9994011,0.09557716,0.049723372,1.4056485e-07,0.00081682205,-7.390976e-06,0.021131754,0.0570954,0.06412976,0.019442335,0.26925,0.14053527,1.0,,,,,,,,,,,,,,,,,,,,,,,,,,,,,,,,,,,,,,,,,,,
719.0,-0.010546995870926914,0.04383294656872749,0.0005991935613565147,0.5328701734542847,0.0,0.23190872,0.12053419,0.9994011,0.0955555,0.04967851,1.3374265e-07,0.0006020069,-0.00020360947,0.021090746,-0.05056088,-0.04814337,-0.00981391,0.269625,0.1407225,1.0,,,,,,,,,,,,,,,,,,,,,,,,,,,,,,,,,,,,,,,,,,,
720.0,-0.010467153995806803,0.04388698190450668,0.0005991935613565147,0.5355013608932495,0.0,0.23230673,0.12074103,0.9994011,0.095525645,0.04964227,1.4072928e-07,0.0008454323,5.865097e-05,0.021171808,0.05708613,0.06413363,0.019438062,0.27,0.14090969,1.0,,,,,,,,,,,,,,,,,,,,,,,,,,,,,,,,,,,,,,,,,,,
721.0,-0.01038855246478561,0.04394140839576721,0.0005991697544232011,0.5381281971931458,0.0,0.23270468,0.12094768,0.9994011,0.09550673,0.049596313,1.3266359e-07,0.00063061714,-0.00013756752,0.0211308,-0.050567593,-0.048143018,-0.009814063,0.270375,0.14109686,1.0,,,,,,,,,,,,,,,,,,,,,,,,,,,,,,,,,,,,,,,,,,,
722.0,-0.010308955971372416,0.04399619251489639,0.0005991697544232011,0.5407505631446838,0.0,0.23310252,0.12115418,0.9994011,0.095479615,0.04955898,1.4072361e-07,0.0008740425,0.00012469292,0.021211863,0.05707686,0.0641375,0.019433787,0.27075,0.14128399,1.0,,,,,,,,,,,,,,,,,,,,,,,,,,,,,,,,,,,,,,,,,,,
723.0,-0.010230776615158541,0.04405132681131363,0.0005991458892822266,0.5433681011199951,0.0,0.23350029,0.12136048,0.9994011,0.09546343,0.049511936,1.31415e-07,0.00065898895,-7.1525574e-05,0.021170855,-0.050574306,-0.04814267,-0.00981421,0.271125,0.14147107,1.0,,,,,,,,,,,,,,,,,,,,,,,,,,,,,,,,,,,,,,,,,,,
724.0,-0.010151468043146088,0.044106729328632355,0.0005991458892822266,0.5459806323051453,0.0,0.23389794,0.121566616,0.9994011,0.09543906,0.049473517,1.4054787e-07,0.0009024143,0.00019073486,0.021251917,0.0570676,0.06414137,0.019429509,0.2715,0.14165813,1.0,,,,,,,,,,,,,,,,,,,,,,,,,,,,,,,,,,,,,,,,,,,
725.0,-0.01007372097215921,0.04416247457265854,0.0005991458892822266,0.5485878586769104,0.0,0.23429555,0.12177256,0.9994011,0.09542561,0.04942539,1.2999696e-07,0.0006875992,-5.4836273e-06,0.021211147,-0.050581016,-0.048142325,-0.009814351,0.271875,0.14184515,1.0,,,,,,,,,,,,,,,,,,,,,,,,,,,,,,,,,,,,,,,,,,,
726.0,-0.009994788833128043,0.044218480587005615,0.0005991458892822266,0.5511894822120667,0.0,0.23469307,0.121978335,0.9994011,0.09540398,0.049385887,1.4020216e-07,0.00093078613,0.0002567768,0.021291971,0.05705834,0.06414524,0.019425226,0.27225,0.14203213,1.0,,,,,,,,,,,,,,,,,,,,,,,,,,,,,,,,,,,,,,,,,,,
727.0,-0.009917352886615119,0.04427472501993179,0.0005991458892822266,0.5537852048873901,0.0,0.23509054,0.122183904,0.9994011,0.09539327,0.049336676,1.284095e-07,0.000715971,6.0796738e-05,0.021250963,-0.050587725,-0.048141982,-0.009814485,0.272625,0.14221908,1.0,,,,,,,,,,,,,,,,,,,,,,,,,,,,,,,,,,,,,,,,,,,
728.0,-0.009838734802731052,0.044331200420856476,0.0005991458892822266,0.5563747882843018,0.0,0.23548794,0.1223893,0.9994011,0.09537436,0.04929609,1.396865e-07,0.00095915794,0.00032281876,0.021332026,0.05704909,0.064149104,0.019420942,0.273,0.142406,1.0,,,,,,,,,,,,,,,,,,,,,,,,,,,,,,,,,,,,,,,,,,,
729.0,-0.00976171672521705,0.044387929141521454,0.0005991458892822266,0.5589578747749329,0.0,0.23588529,0.12259449,0.9994011,0.09536639,0.0492458,1.2665274e-07,0.0007441044,0.00012683868,0.021291018,-0.05059443,-0.04814164,-0.0098146135,0.273375,0.14259288,1.0,,,,,,,,,,,,,,,,,,,,,,,,,,,,,,,,,,,,,,,,,,,
730.0,-0.009683532533990003,0.044444821774959564,0.0005991458892822266,0.5615342259407043,0.0,0.23628259,0.12279951,0.9994011,0.09535022,0.04920414,1.3900097e-07,0.0009875298,0.00038909912,0.02137208,0.057039842,0.06415297,0.019416654,0.27375,0.14277972,1.0,,,,,,,,,,,,,,,,,,,,,,,,,,,,,,,,,,,,,,,,,,,
731.0,-0.009670755780587207,0.0445018969476223,0.0005991458892822266,0.5619770884513855,0.0,0.23667985,0.12300431,0.9994011,0.09534498,0.049152773,1.2472667e-07,0.0007724762,0.00019288063,0.021331072,-0.050601132,-0.048141297,-0.0098147355,0.274125,0.14296652,1.0,,,,,,,,,,,,,,,,,,,,,,,,,,,,,,,,,,,,,,,,,,,
732.0,-0.009730574047462871,0.04455907642841339,0.0005991458892822266,0.5599544644355774,0.0,0.23707707,0.12320894,0.9994011,0.09533155,0.04911004,1.3814565e-07,0.0010156631,0.00045514107,0.021412134,0.0570306,0.06415683,0.019412363,0.2745,0.1431533,1.0,,,,,,,,,,,,,,,,,,,,,,,,,,,,,,,,,,,,,,,,,,,
733.0,-0.009791393733403313,0.04461647570133209,0.0005991458892822266,0.557945191860199,0.0,0.23747428,0.12341335,0.9994011,0.095329046,0.049057603,1.2263138e-07,0.0008006096,0.000259161,0.021371126,-0.050607834,-0.048140958,-0.009814852,0.274875,0.14334004,1.0,,,,,,,,,,,,,,,,,,,,,,,,,,,,,,,,,,,,,,,,,,,
734.0,-0.009850452753854553,0.04467392712831497,0.0005991458892822266,0.5559488534927368,0.0,0.23787144,0.12361757,0.9994011,0.09531835,0.049013797,1.3712058e-07,0.0010437965,0.00052142143,0.02145195,0.057021357,0.0641607,0.01940807,0.27525,0.14352673,1.0,,,,,,,,,,,,,,,,,,,,,,,,,,,,,,,,,,,,,,,,,,,
735.0,-0.009910535671852997,0.04473152756690979,0.0005991458892822266,0.5539650917053223,0.0,0.2382686,0.12382157,0.9994011,0.09531858,0.04896029,1.2036693e-07,0.000828743,0.00032520294,0.02141118,-0.050614532,-0.04814062,-0.009814962,0.275625,0.1437134,1.0,,,,,,,,,,,,,,,,,,,,,,,,,,,,,,,,,,,,,,,,,,,
736.0,-0.009968879488413225,0.04478919506072998,0.0005991458892822266,0.5519934892654419,0.0,0.23866573,0.12402538,0.9994011,0.09531061,0.048915416,1.3592582e-07,0.0010719299,0.0005874634,0.021492004,0.057012126,0.06416456,0.019403774,0.276,0.14390002,1.0,,,,,,,,,,,,,,,,,,,,,,,,,,,,,,,,,,,,,,,,,,,
737.0,-0.01002826517498761,0.044846948236227036,0.0005991458892822266,0.5500338077545166,0.0,0.23906286,0.12422897,0.9994011,0.09531358,0.048860844,1.1793339e-07,0.00085663795,0.0003914833,0.021450996,-0.050621226,-0.048140284,-0.009815066,0.276375,0.14408661,1.0,,,,,,,,,,,,,,,,,,,,,,,,,,,,,,,,,,,,,,,,,,,
738.0,-0.010085935169388178,0.044904716312885284,0.0005991458892822266,0.5480854511260986,0.0,0.23945998,0.12443237,0.9994011,0.09530834,0.048814908,1.3456143e-07,0.0011000633,0.00065374374,0.021532059,0.057002895,0.064168416,0.019399473,0.27675,0.14427318,1.0,,,,,,,,,,,,,,,,,,,,,,,,,,,,,,,,,,,,,,,,,,,
739.0,-0.010144672143971186,0.04496251791715622,0.0005991458892822266,0.5461481213569641,0.0,0.23985712,0.12463553,0.9994011,0.09531404,0.048759274,1.153308e-07,0.00088477135,0.00045776367,0.02149105,-0.05062792,-0.04813995,-0.009815164,0.277125,0.1444597,1.0,,,,,,,,,,,,,,,,,,,,,,,,,,,,,,,,,,,,,,,,,,,
740.0,-0.010201720557716546,0.045020319521427155,0.0005991458892822266,0.5442211627960205,0.0,0.24025425,0.1248385,0.9994011,0.09531154,0.048712276,1.3302747e-07,0.0011279583,0.0007197857,0.021571875,0.05699367,0.064172275,0.019395173,0.2775,0.14464617,1.0,,,,,,,,,,,,,,,,,,,,,,,,,,,,,,,,,,,,,,,,,,,
741.0,-0.010259859566451271,0.04507813975214958,0.0005991458892822266,0.5423043370246887,0.0,0.24065141,0.12504123,0.9994011,0.09531997,0.04865558,1.1255924e-07,0.0009126663,0.0005238056,0.021530867,-0.05063461,-0.048139613,-0.009815255,0.277875,0.14483263,1.0,,,,,,,,,,,,,,,,,,,,,,,,,,,,,,,,,,,,,,,,,,,
742.0,-0.01031632882000995,0.04513590782880783,0.0005991458892822266,0.5403971672058105,0.0,0.24104859,0.12524377,0.9994011,0.095320195,0.048607524,1.3132399e-07,0.0011558533,0.00078606606,0.021611929,0.056984447,0.06417613,0.019390866,0.27825,0.14501902,1.0,,,,,,,,,,,,,,,,,,,,,,,,,,,,,,,,,,,,,,,,,,,
743.0,-0.010373430117213502,0.0451936237514019,0.0005991458892822266,0.5384989380836487,0.0,0.2414458,0.12544605,0.9994011,0.09533136,0.048549775,1.0961876e-07,0.0009405613,0.000590086,0.021570921,-0.0506413,-0.04813928,-0.009815341,0.278625,0.14520541,1.0,,,,,,,,,,,,,,,,,,,,,,,,,,,,,,,,,,,,,,,,,,,
744.0,-0.01042977685247388,0.04525128751993179,0.0005991458892822266,0.536609411239624,0.0,0.24184303,0.12564814,0.9994011,0.09533432,0.048500665,1.2945107e-07,0.0011837482,0.0008523464,0.021650314,0.056975026,0.0641803,0.019047778,0.279,0.14539175,1.0,,,,,,,,,,,,,,,,,,,,,,,,,,,,,,,,,,,,,,,,,,,
745.0,-0.010486382209373552,0.04530889913439751,0.0005991458892822266,0.5347279906272888,0.0,0.24224031,0.12584998,0.9994011,0.09534822,0.048441865,1.0650938e-07,0.00096821785,0.00065636635,0.021607876,-0.05064827,-0.048138555,-0.010154123,0.279375,0.14557804,1.0,,,,,,,,,,,,,,,,,,,,,,,,,,,,,,,,,,,,,,,,,,,
746.0,-0.01054226542646975,0.04536640644073486,0.0005991458892822266,0.5328541398048401,0.0,0.24263762,0.1260516,0.9994011,0.0953539,0.048391704,1.2740875e-07,0.0012114048,0.0009186268,0.021687508,0.056965996,0.06418399,0.019043619,0.27975,0.1457643,1.0,,,,,,,,,,,,,,,,,,,,,,,,,,,,,,,,,,,,,,,,,,,
747.0,-0.010598437826155351,0.04542381688952446,0.0005991458892822266,0.5309873223304749,0.0,0.243035,0.126253,0.9994011,0.09537053,0.048331853,1.0323119e-07,0.0009961128,0.0007226467,0.02164483,-0.05065509,-0.04813808,-0.010154044,0.280125,0.14595054,1.0,,,,,,,,,,,,,,,,,,,,,,,,,,,,,,,,,,,,,,,,,,,
748.0,-0.0106539177339615,0.045481134206056595,0.0005991458892822266,0.5291270613670349,0.0,0.2434324,0.12645416,0.9994011,0.09537895,0.04828064,1.2519708e-07,0.0012390614,0.0009849072,0.021724463,0.05695697,0.06418768,0.019039458,0.2805,0.14613673,1.0,,,,,,,,,,,,,,,,,,,,,,,,,,,,,,,,,,,,,,,,,,,
749.0,-0.01070971711799248,0.04553826153278351,0.000599122024141252,0.5272727608680725,0.0,0.2438299,0.12665507,0.9994011,0.0953983,0.048219744,9.978425e-08,0.0010237694,0.0007889271,0.021682024,-0.050661907,-0.048137605,-0.010153959,0.280875,0.14632289,1.0,,,,,,,,,,,,,,,,,,,,,,,,,,,,,,,,,,,,,,,,,,,
750.0,-0.010764611350605628,0.045595262199640274,0.000599122024141252,0.5254238843917847,0.0,0.24422744,0.12685578,0.9994011,0.09540945,0.04816749,1.228161e-07,0.0012667179,0.0010511875,0.021761417,0.056947947,0.06419138,0.019035293,0.28125,0.146509,1.0,,,,,,,,,,,,,,,,,,,,,,,,,,,,,,,,,,,,,,,,,,,
751.0,-0.010819841781317521,0.045652132481336594,0.000599122024141252,0.5235799551010132,0.0,0.24462508,0.12705621,0.9994011,0.09543154,0.048105553,9.616859e-08,0.0010514259,0.00085520744,0.021718979,-0.050668724,-0.048137132,-0.010153866,0.281625,0.14669509,1.0,,,,,,,,,,,,,,,,,,,,,,,,,,,,,,,,,,,,,,,,,,,
752.0,-0.010874430703983673,0.045708782970905304,0.000599122024141252,0.5217403173446655,0.0,0.24502276,0.12725644,0.9994011,0.09544542,0.048052255,1.2026591e-07,0.0012943745,0.0011174679,0.02179861,0.056938928,0.06419507,0.019031124,0.282,0.14688115,1.0,,,,,,,,,,,,,,,,,,,,,,,,,,,,,,,,,,,,,,,,,,,
753.0,-0.010929386389755385,0.04576530307531357,0.000599122024141252,0.5199045538902283,0.0,0.24542056,0.12745638,0.9994011,0.09547023,0.047989275,9.2384276e-08,0.0010788441,0.0009217262,0.021755934,-0.050675537,-0.048136663,-0.010153769,0.282375,0.14706714,1.0,,,,,,,,,,,,,,,,,,,,,,,,,,,,,,,,,,,,,,,,,,,
754.0,-0.010983730260198356,0.04582158848643303,0.000599122024141252,0.5180720686912537,0.0,0.24581842,0.12765612,0.9994011,0.095486835,0.047934942,1.1754653e-07,0.0013217926,0.0011839867,0.021835566,0.056929912,0.064198755,0.019026954,0.28275,0.14725313,1.0,,,,,,,,,,,,,,,,,,,,,,,,,,,,,,,,,,,,,,,,,,,
755.0,-0.011038471525211938,0.045877713710069656,0.000599122024141252,0.5162423849105835,0.0,0.24621639,0.12785558,0.9994011,0.09551437,0.047870927,8.8431364e-08,0.0011062622,0.0009880066,0.021792889,-0.050682347,-0.048136193,-0.010153664,0.283125,0.14743906,1.0,,,,,,,,,,,,,,,,,,,,,,,,,,,,,,,,,,,,,,,,,,,
756.0,-0.011092630787251985,0.04593362659215927,0.000599122024141252,0.5144149661064148,0.0,0.24661446,0.12805481,0.9994011,0.095533706,0.047815558,1.1465803e-07,0.0013492107,0.001250267,0.02187252,0.056920905,0.06420244,0.019022781,0.2835,0.14762495,1.0,,,,,,,,,,,,,,,,,,,,,,,,,,,,,,,,,,,,,,,,,,,
757.0,-0.011147224844509038,0.04598936066031456,0.000599122024141252,0.5125890970230103,0.0,0.24701263,0.12825377,0.9994011,0.09556397,0.047750507,8.43099e-08,0.0011336803,0.001054287,0.021830082,-0.050689157,-0.048135724,-0.010153554,0.283875,0.14781082,1.0,,,,,,,,,,,,,,,,,,,,,,,,,,,,,,,,,,,,,,,,,,,
758.0,-0.011201267178929995,0.046044886112213135,0.000599122024141252,0.5107644200325012,0.0,0.24741091,0.1284525,0.9994011,0.09558603,0.047694106,1.1160045e-07,0.0013766289,0.0013165474,0.021909475,0.0569119,0.06420613,0.019018603,0.28425,0.14799665,1.0,,,,,,,,,,,,,,,,,,,,,,,,,,,,,,,,,,,,,,,,,,,
759.0,-0.011255770235867386,0.04610021039843559,0.000599122024141252,0.5089403986930847,0.0,0.24780932,0.12865095,0.9994011,0.09561903,0.04762803,8.0019966e-08,0.0011610985,0.0011208057,0.021867037,-0.05069596,-0.04813526,-0.010153439,0.284625,0.14818244,1.0,,,,,,,,,,,,,,,,,,,,,,,,,,,,,,,,,,,,,,,,,,,
760.0,-0.011309753614366858,0.04615531116724014,0.000599122024141252,0.5071164965629578,0.0,0.24820784,0.12884916,0.9994011,0.09564382,0.047570597,1.0837385e-07,0.001404047,0.0013830662,0.02194643,0.0569029,0.06420982,0.019014424,0.285,0.1483682,1.0,,,,,,,,,,,,,,,,,,,,,,,,,,,,,,,,,,,,,,,,,,,
761.0,-0.011364229891420838,0.0462101586163044,0.000599122024141252,0.5052921175956726,0.0,0.2486065,0.1290471,0.9994011,0.09567954,0.047503494,7.556159e-08,0.0011885166,0.0011870861,0.021903992,-0.050702766,-0.048134793,-0.010153317,0.285375,0.14855391,1.0,,,,,,,,,,,,,,,,,,,,,,,,,,,,,,,,,,,,,,,,,,,
762.0,-0.011418220679512162,0.04626477137207985,0.000599122024141252,0.5034666657447815,0.0,0.24900529,0.12924477,0.9994011,0.09570705,0.047445036,1.0497829e-07,0.0014312267,0.0014493465,0.021983385,0.056893904,0.0642135,0.019010242,0.28575,0.14873958,1.0,,,,,,,,,,,,,,,,,,,,,,,,,,,,,,,,,,,,,,,,,,,
763.0,-0.011472733681202956,0.04631919413805008,0.000599122024141252,0.5016397833824158,0.0,0.24940422,0.12944219,0.9994011,0.0957455,0.047376912,7.093482e-08,0.0012156963,0.0012536049,0.021940708,-0.050709564,-0.04813433,-0.010153188,0.286125,0.14892522,1.0,,,,,,,,,,,,,,,,,,,,,,,,,,,,,,,,,,,,,,,,,,,
764.0,-0.011526786416567484,0.046373315155506134,0.000599122024141252,0.49981093406677246,0.0,0.24980329,0.12963934,0.9994011,0.09577574,0.047317434,1.0141382e-07,0.0014584064,0.0015158653,0.02202034,0.056884915,0.06421718,0.019006057,0.2865,0.14911082,1.0,,,,,,,,,,,,,,,,,,,,,,,,,,,,,,,,,,,,,,,,,,,
765.0,-0.011581393157777713,0.046427223831415176,0.000599122024141252,0.4979795813560486,0.0,0.25020254,0.1298362,0.9994011,0.09581691,0.047248285,6.613973e-08,0.001242876,0.0013198853,0.021977663,-0.050716363,-0.04813387,-0.010153054,0.286875,0.14929639,1.0,,,,,,,,,,,,,,,,,,,,,,,,,,,,,,,,,,,,,,,,,,,
766.0,-0.011635568889423305,0.046480853110551834,0.000599122024141252,0.49614524841308594,0.0,0.2506019,0.13003282,0.9994011,0.09584987,0.047187787,9.7680484e-08,0.0014855862,0.0015823841,0.022057295,0.05687593,0.06422087,0.019001868,0.28725,0.14948192,1.0,,,,,,,,,,,,,,,,,,,,,,,,,,,,,,,,,,,,,,,,,,,
767.0,-0.011690326062310852,0.04653419926762581,0.000599122024141252,0.4943074584007263,0.0,0.25100145,0.13022915,0.9994011,0.09589376,0.047117624,6.117635e-08,0.0012698174,0.001386404,0.022014618,-0.050723158,-0.048133407,-0.010152915,0.287625,0.14966741,1.0,,,,,,,,,,,,,,,,,,,,,,,,,,,,,,,,,,,,,,,,,,,
768.0,-0.011744682639398527,0.04658728837966919,0.000599122024141252,0.49246567487716675,0.0,0.25140116,0.13042521,0.9994011,0.09592945,0.04705611,9.3778354e-08,0.0015127659,0.0016486645,0.02209425,0.056866948,0.06422454,0.018997677,0.288,0.14985286,1.0,,,,,,,,,,,,,,,,,,,,,,,,,,,,,,,,,,,,,,,,,,,
769.0,-0.011799646929060327,0.04664014279842377,0.000599122024141252,0.4906195402145386,0.0,0.25180107,0.13062099,0.9994011,0.09597608,0.046984933,5.6044744e-08,0.0012969971,0.0014529228,0.022051573,-0.050729953,-0.04813295,-0.010152768,0.288375,0.15003827,1.0,,,,,,,,,,,,,,,,,,,,,,,,,,,,,,,,,,,,,,,,,,,
770.0,-0.011854235639765832,0.04669268801808357,0.000599122024141252,0.4887685179710388,0.0,0.2522011,0.13081649,0.9994011,0.096014485,0.046922408,8.9707456e-08,0.0015397072,0.0017151833,0.022130966,0.05685797,0.06422822,0.018993482,0.28875,0.15022366,1.0,,,,,,,,,,,,,,,,,,,,,,,,,,,,,,,,,,,,,,,,,,,
771.0,-0.01190945730790809,0.04674490913748741,0.000599122024141252,0.4869122803211212,0.0,0.2526014,0.1310117,0.9994011,0.09606383,0.046850216,5.074497e-08,0.0013239384,0.0015194416,0.02208829,-0.050736744,-0.04813249,-0.010152616,0.289125,0.150409,1.0,,,,,,,,,,,,,,,,,,,,,,,,,,,,,,,,,,,,,,,,,,,
772.0,-0.011964328302877041,0.046796880662441254,0.0005990982172079384,0.48505035042762756,0.0,0.25300184,0.13120665,0.9994011,0.09610496,0.046786685,8.546786e-08,0.0015666485,0.001781702,0.022167921,0.056848995,0.0642319,0.018989284,0.2895,0.1505943,1.0,,,,,,,,,,,,,,,,,,,,,,,,,,,,,,,,,,,,,,,,,,,
773.0,-0.012019857857571335,0.04684855788946152,0.0005990982172079384,0.48318231105804443,0.0,0.25340247,0.13140129,0.9994011,0.09615703,0.046713486,4.5277062e-08,0.0013508797,0.0015859604,0.022125244,-0.05074353,-0.048132032,-0.010152457,0.289875,0.15077956,1.0,,,,,,,,,,,,,,,,,,,,,,,,,,,,,,,,,,,,,,,,,,,
774.0,-0.012075057501464473,0.04689992219209671,0.0005990982172079384,0.48130783438682556,0.0,0.2538033,0.13159566,0.9994011,0.09620088,0.046648946,8.10596e-08,0.0015935898,0.0018482208,0.022204876,0.056840025,0.064235575,0.018985083,0.29025,0.1509648,1.0,,,,,,,,,,,,,,,,,,,,,,,,,,,,,,,,,,,,,,,,,,,
775.0,-0.0121309388031812,0.04695097357034683,0.0005990982172079384,0.4794265031814575,0.0,0.2542044,0.13178971,0.9994011,0.09625567,0.046574745,3.9641087e-08,0.0013775826,0.0016524792,0.022162199,-0.050750315,-0.048131578,-0.010152293,0.290625,0.15114999,1.0,,,,,,,,,,,,,,,,,,,,,,,,,,,,,,,,,,,,,,,,,,,
776.0,-0.012186511366625201,0.047001682221889496,0.0005990982172079384,0.47753801941871643,0.0,0.25460565,0.1319835,0.9994011,0.09630225,0.046509203,7.648274e-08,0.0016202927,0.0019147396,0.022241592,0.05683106,0.06423925,0.018980881,0.291,0.15133514,1.0,,,,,,,,,,,,,,,,,,,,,,,,,,,,,,,,,,,,,,,,,,,
777.0,-0.012242714928384886,0.047052107751369476,0.0005990982172079384,0.47564199566841125,0.0,0.25500715,0.13217698,0.9994011,0.09635976,0.046434,3.3837082e-08,0.0014045238,0.001718998,0.022198915,-0.0507571,-0.048131123,-0.010152123,0.291375,0.15152025,1.0,,,,,,,,,,,,,,,,,,,,,,,,,,,,,,,,,,,,,,,,,,,
778.0,-0.012298630993056215,0.047102149575948715,0.0005990982172079384,0.4737382233142853,0.0,0.25540885,0.13237017,0.9994011,0.09640905,0.04636746,7.173733e-08,0.001647234,0.0018424988,0.022278309,0.05756205,0.030912288,0.01892985,0.29175,0.15170532,1.0,,,,,,,,,,,,,,,,,,,,,,,,,,,,,,,,,,,,,,,,,,,
779.0,-0.012355271780377009,0.047151923179626465,0.0005990982172079384,0.4718262851238251,0.0,0.25581077,0.13256305,0.9994011,0.096463606,0.04629113,3.8721e-08,0.0014312267,0.0015077591,0.022235394,-0.050017506,-0.081453465,-0.010213972,0.292125,0.15189037,1.0,,,,,,,,,,,,,,,,,,,,,,,,,,,,,,,,,,,,,,,,,,,
780.0,-0.012411643880407065,0.04720134660601616,0.0005990982172079384,0.46990594267845154,0.0,0.2562129,0.13275565,0.9994011,0.09650428,0.04622334,8.297068e-08,0.0016739368,0.0016312599,0.022314548,0.057550322,0.030931417,0.018941076,0.2925,0.15207537,1.0,,,,,,,,,,,,,,,,,,,,,,,,,,,,,,,,,,,,,,,,,,,
781.0,-0.012468752540018615,0.047250472009181976,0.0005990982172079384,0.46797704696655273,0.0,0.25661516,0.13294794,0.9994011,0.096550204,0.046145767,4.9262194e-08,0.0014579296,0.0012965202,0.022271633,-0.05001901,-0.081437334,-0.010228919,0.292875,0.15226033,1.0,,,,,,,,,,,,,,,,,,,,,,,,,,,,,,,,,,,,,,,,,,,
782.0,-0.012525605022158926,0.04729923978447914,0.0005990982172079384,0.4660392999649048,0.0,0.25701758,0.13313992,0.9994011,0.096582256,0.046076726,9.101845e-08,0.0017004013,0.0014202595,0.022351027,0.057538603,0.030950537,0.018952291,0.29325,0.15244526,1.0,,,,,,,,,,,,,,,,,,,,,,,,,,,,,,,,,,,,,,,,,,,
783.0,-0.012583207670186312,0.04734765738248825,0.0005990982172079384,0.46409252285957336,0.0,0.25742018,0.13333157,0.9994011,0.09661957,0.04599791,5.8695257e-08,0.0014846325,0.0010857582,0.022308111,-0.050020512,-0.08142121,-0.010243854,0.293625,0.15263014,1.0,,,,,,,,,,,,,,,,,,,,,,,,,,,,,,,,,,,,,,,,,,,
784.0,-0.012640570800047138,0.04739578440785408,0.000599122024141252,0.46213650703430176,0.0,0.25782287,0.13352294,0.9994011,0.09664301,0.045927625,9.747314e-08,0.0017271042,0.001209259,0.022387266,0.05752688,0.030969648,0.018963493,0.294,0.15281498,1.0,,,,,,,,,,,,,,,,,,,,,,,,,,,,,,,,,,,,,,,,,,,
785.0,-0.01269870839836149,0.047443557530641556,0.000599122024141252,0.46017104387283325,0.0,0.25822565,0.13371398,0.9994011,0.096671715,0.045847565,6.665028e-08,0.001511097,0.0008749962,0.02234435,-0.050022013,-0.081405096,-0.010258777,0.294375,0.1529998,1.0,,,,,,,,,,,,,,,,,,,,,,,,,,,,,,,,,,,,,,,,,,,
786.0,-0.012756608847167084,0.04749097302556038,0.000599122024141252,0.45819610357284546,0.0,0.25862852,0.13390471,0.9994011,0.09668656,0.04577604,1.024256e-07,0.0017535686,0.0009987354,0.022423744,0.057515163,0.03098875,0.018974684,0.29475,0.15318458,1.0,,,,,,,,,,,,,,,,,,,,,,,,,,,,,,,,,,,,,,,,,,,
787.0,-0.012815276600032668,0.047538068145513535,0.000599122024141252,0.45621156692504883,0.0,0.25903147,0.1340951,0.9994011,0.09670667,0.045694742,7.3109945e-08,0.0015375614,0.00066423416,0.02238059,-0.05002351,-0.08138899,-0.010273688,0.295125,0.15336931,1.0,,,,,,,,,,,,,,,,,,,,,,,,,,,,,,,,,,,,,,,,,,,
788.0,-0.012873714159967131,0.04758482426404953,0.000599122024141252,0.4542172849178314,0.0,0.25943443,0.1342852,0.9994011,0.096712925,0.045621976,1.05883906e-07,0.0017800331,0.0007879734,0.022459984,0.057503443,0.031007841,0.018985862,0.2955,0.153554,1.0,,,,,,,,,,,,,,,,,,,,,,,,,,,,,,,,,,,,,,,,,,,
789.0,-0.012932925121357772,0.04763122275471687,0.000599122024141252,0.45221319794654846,0.0,0.25983745,0.13447493,0.9994011,0.09672446,0.04553944,7.807633e-08,0.0015640259,0.00045371056,0.02241683,-0.05002501,-0.08137289,-0.010288587,0.295875,0.15373866,1.0,,,,,,,,,,,,,,,,,,,,,,,,,,,,,,,,,,,,,,,,,,,
790.0,-0.012991909960157139,0.04767727106809616,0.0005990982172079384,0.4501992166042328,0.0,0.26024047,0.13466437,0.9994011,0.09672213,0.04546544,1.0785154e-07,0.0018064976,0.0005776882,0.022496223,0.057491727,0.031026924,0.018997028,0.29625,0.15392327,1.0,,,,,,,,,,,,,,,,,,,,,,,,,,,,,,,,,,,,,,,,,,,
791.0,-0.013051670359307904,0.04772300645709038,0.0005990982172079384,0.4481754004955292,0.0,0.26064348,0.13485347,0.9994011,0.09672509,0.04538167,8.155263e-08,0.0015904903,0.00024342537,0.022453308,-0.050026506,-0.08135679,-0.010303473,0.296625,0.15410785,1.0,,,,,,,,,,,,,,,,,,,,,,,,,,,,,,,,,,,,,,,,,,,
792.0,-0.013111202107585998,0.047768402844667435,0.0005990982172079384,0.4461417496204376,0.0,0.26104647,0.13504225,0.9994011,0.0967142,0.045306437,1.0833174e-07,0.0018327236,0.00036740303,0.022532463,0.057480015,0.031046,0.019008182,0.297,0.15429239,1.0,,,,,,,,,,,,,,,,,,,,,,,,,,,,,,,,,,,,,,,,,,,
793.0,-0.013171508853009804,0.04781341925263405,0.0005990982172079384,0.44409826397895813,0.0,0.2614494,0.13523066,0.9994011,0.096708596,0.045221433,8.354205e-08,0.0016167164,3.3140182e-05,0.02248931,-0.050028,-0.081340715,-0.010318348,0.297375,0.1544769,1.0,,,,,,,,,,,,,,,,,,,,,,,,,,,,,,,,,,,,,,,,,,,
794.0,-0.013231762005479689,0.0478580966591835,0.0005990982172079384,0.44204503297805786,0.0,0.2618523,0.13541877,0.9994011,0.09668914,0.045144968,1.0732774e-07,0.0018589497,0.00015711784,0.022568703,0.057468303,0.031065064,0.019019324,0.29775,0.15466136,1.0,,,,,,,,,,,,,,,,,,,,,,,,,,,,,,,,,,,,,,,,,,,
795.0,-0.013292428131603085,0.04790245741605759,0.0005990982172079384,0.4399820864200592,0.0,0.2622551,0.13560651,0.9994011,0.096674986,0.04505874,8.404779e-08,0.0016429424,-0.00017690659,0.022525549,-0.050029494,-0.08132464,-0.010333211,0.298125,0.15484579,1.0,,,,,,,,,,,,,,,,,,,,,,,,,,,,,,,,,,,,,,,,,,,
796.0,-0.013353320969323252,0.04794643074274063,0.0005990982172079384,0.4379095733165741,0.0,0.2626578,0.13579394,0.9994011,0.09664699,0.044981044,1.04842755e-07,0.0018851757,-5.2690506e-05,0.022604942,0.057456594,0.031084118,0.019030455,0.2985,0.15503018,1.0,,,,,,,,,,,,,,,,,,,,,,,,,,,,,,,,,,,,,,,,,,,
797.0,-0.013414524531571442,0.04799008369445801,0.0005990982172079384,0.4358275234699249,0.0,0.2630604,0.135981,0.9994011,0.09662429,0.044893585,8.30731e-08,0.0016691685,-0.00038671494,0.022561789,-0.050030984,-0.08130857,-0.010348062,0.298875,0.15521452,1.0,,,,,,,,,,,,,,,,,,,,,,,,,,,,,,,,,,,,,,,,,,,
798.0,-0.013475949542327,0.048033349215984344,0.0005990982172079384,0.43373608589172363,0.0,0.26346284,0.13616772,0.9994011,0.09658775,0.04481467,1.00879994e-07,0.0019114017,-0.00026249886,0.022641182,0.057444885,0.031103166,0.019041574,0.29925,0.15539883,1.0,,,,,,,,,,,,,,,,,,,,,,,,,,,,,,,,,,,,,,,,,,,
799.0,-0.013537759340409326,0.048076312988996506,0.0005990982172079384,0.43163543939590454,0.0,0.26386514,0.13635407,0.9994011,0.09655652,0.044725988,8.062115e-08,0.0016953945,-0.0005965233,0.022598028,-0.050032474,-0.08129251,-0.010362902,0.299625,0.1555831,1.0,,,,,,,,,,,,,,,,,,,,,,,,,,,,,,,,,,,,,,,,,,,
800.0,-0.013599781432458987,0.04811892658472061,0.0005990982172079384,0.42952582240104675,0.0,0.2642673,0.1365401,0.9994011,0.09651145,0.044645846,9.544266e-08,0.0019376278,-0.0004723072,0.022677183,0.05743318,0.031122202,0.019052679,0.3,0.15576734,1.0,,,,,,,,,,,,,,,,,,,,,,,,,,,,,,,,,,,,,,,,,,,
801.0,-0.01366209951259407,0.04816114157438278,0.0005990982172079384,0.42740732431411743,0.0,0.26466924,0.13672575,0.9994011,0.096471705,0.044555943,7.669517e-08,0.0017213821,-0.0008060932,0.022634268,-0.050033964,-0.08127646,-0.010377728,0.300375,0.15595153,1.0,,,,,,,,,,,,,,,,,,,,,,,,,,,,,,,,,,,,,,,,,,,
802.0,-0.013724618160050162,0.04820305109024048,0.0005990982172079384,0.42528027296066284,0.0,0.265071,0.13691106,0.9994011,0.09641813,0.044474583,8.853396e-08,0.0019636154,-0.00068187714,0.022713423,0.05742148,0.03114123,0.019063774,0.30075,0.15613568,1.0,,,,,,,,,,,,,,,,,,,,,,,,,,,,,,,,,,,,,,,,,,,
803.0,-0.013787419337633038,0.04824462905526161,0.0005990982172079384,0.42314478754997253,0.0,0.26547253,0.137096,0.9994011,0.09636986,0.044383463,7.129835e-08,0.0017473698,-0.0010156631,0.022670269,-0.05003545,-0.08126041,-0.010392544,0.301125,0.1563198,1.0,,,,,,,,,,,,,,,,,,,,,,,,,,,,,,,,,,,,,,,,,,,
804.0,-0.013850409749490793,0.04828586429357529,0.0005990982172079384,0.421001136302948,0.0,0.26587382,0.13728058,0.9994011,0.09630778,0.044300884,8.0157086e-08,0.001989603,-0.00089120865,0.022749662,0.057409775,0.03116025,0.019074855,0.3015,0.15650387,1.0,,,,,,,,,,,,,,,,,,,,,,,,,,,,,,,,,,,,,,,,,,,
805.0,-0.013913835300987559,0.04832672327756882,0.0005990982172079384,0.4188496172428131,0.0,0.26627487,0.13746479,0.9994011,0.09625101,0.044208545,6.44339e-08,0.0017733574,-0.0012249947,0.022706509,-0.050036937,-0.08124438,-0.010407347,0.301875,0.15668792,1.0,,,,,,,,,,,,,,,,,,,,,,,,,,,,,,,,,,,,,,,,,,,
806.0,-0.013977095344633202,0.048367224633693695,0.0005990982172079384,0.41669049859046936,0.0,0.26667562,0.13764864,0.9994011,0.09618043,0.044124752,7.0315224e-08,0.0020153522,-0.0011005402,0.022785664,0.057398077,0.031179259,0.019085927,0.30225,0.15687191,1.0,,,,,,,,,,,,,,,,,,,,,,,,,,,,,,,,,,,,,,,,,,,
807.0,-0.01404112215112582,0.04840740188956261,0.0005990743520669639,0.4145240783691406,0.0,0.2670761,0.1378321,0.9994011,0.09611518,0.044031203,5.610499e-08,0.001799345,-0.0014340878,0.02274251,-0.050038423,-0.08122835,-0.0104221385,0.302625,0.15705587,1.0,,,,,,,,,,,,,,,,,,,,,,,,,,,,,,,,,,,,,,,,,,,
808.0,-0.014104605566591275,0.04844719544053078,0.0005990743520669639,0.41235068440437317,0.0,0.26747626,0.13801521,0.9994011,0.09603611,0.043946195,5.901158e-08,0.0020413399,-0.0013096333,0.022821665,0.05738638,0.03119826,0.019096984,0.303,0.15723978,1.0,,,,,,,,,,,,,,,,,,,,,,,,,,,,,,,,,,,,,,,,,,,
809.0,-0.014169196994585584,0.048486679792404175,0.0005990743520669639,0.41017061471939087,0.0,0.2678761,0.13819793,0.9994011,0.095962375,0.043851435,4.6314813e-08,0.0018250942,-0.0016431808,0.022778511,-0.050039906,-0.081212334,-0.010436918,0.303375,0.15742366,1.0,,,,,,,,,,,,,,,,,,,,,,,,,,,,,,,,,,,,,,,,,,,
810.0,-0.014233024533728166,0.04852578788995743,0.0005990743520669639,0.40798425674438477,0.0,0.26827556,0.13838027,0.9994011,0.09587482,0.04376522,4.624932e-08,0.002067089,-0.0015184879,0.022857904,0.057374682,0.031217251,0.019108031,0.30375,0.15760751,1.0,,,,,,,,,,,,,,,,,,,,,,,,,,,,,,,,,,,,,,,,,,,
811.0,-0.014297979303917968,0.04856455698609352,0.0005990743520669639,0.4057919383049011,0.0,0.2686747,0.13856223,0.9994011,0.09579262,0.04366925,3.506655e-08,0.0018510818,-0.0018520355,0.022814512,-0.05004139,-0.08119632,-0.010451686,0.304125,0.1577913,1.0,,,,,,,,,,,,,,,,,,,,,,,,,,,,,,,,,,,,,,,,,,,
812.0,-0.014362127115326803,0.04860291630029678,0.0005990743520669639,0.40359410643577576,0.0,0.26907343,0.13874383,0.9994011,0.09569661,0.04358183,3.203163e-08,0.0020928383,-0.0017273426,0.022893906,0.05736299,0.031236233,0.019119065,0.3045,0.15797506,1.0,,,,,,,,,,,,,,,,,,,,,,,,,,,,,,,,,,,,,,,,,,,
813.0,-0.014427382968448366,0.04864095523953438,0.0005990743520669639,0.4013909697532654,0.0,0.2694718,0.13892502,0.9994011,0.09560595,0.043484654,2.236337e-08,0.0018765926,-0.0020606518,0.022850752,-0.050042868,-0.08118032,-0.0104664415,0.304875,0.1581588,1.0,,,,,,,,,,,,,,,,,,,,,,,,,,,,,,,,,,,,,,,,,,,
814.0,-0.014491808573420712,0.04867860674858093,0.0005990743520669639,0.39918312430381775,0.0,0.26986971,0.13910583,0.9994011,0.09550148,0.04339603,1.636168e-08,0.0021185875,-0.0019359589,0.022929907,0.057351295,0.031255208,0.019130087,0.30525,0.15834247,1.0,,,,,,,,,,,,,,,,,,,,,,,,,,,,,,,,,,,,,,,,,,,
815.0,-0.01455731537907268,0.04871593043208122,0.0005990743520669639,0.39697086811065674,0.0,0.27026722,0.13928623,0.9994011,0.09540237,0.04329765,8.208453e-09,0.0019023418,-0.002269268,0.022886753,-0.05004435,-0.08116432,-0.010481185,0.305625,0.15852611,1.0,,,,,,,,,,,,,,,,,,,,,,,,,,,,,,,,,,,,,,,,,,,
816.0,-0.014621971280022263,0.04875287041068077,0.0005990743520669639,0.3947546184062958,0.0,0.27066427,0.13946627,0.9994011,0.095289454,0.043207824,-7.5736173e-10,0.0021440983,-0.0021445751,0.022965908,0.057339605,0.03127417,0.019141098,0.306,0.15870972,1.0,,,,,,,,,,,,,,,,,,,,,,,,,,,,,,,,,,,,,,,,,,,
817.0,-0.01468754754988113,0.04878948628902435,0.0005990743520669639,0.3925348222255707,0.0,0.27106085,0.13964589,0.9994011,0.095181905,0.043108243,-7.395039e-09,0.001928091,-0.0024778843,0.022922754,-0.050045826,-0.081148334,-0.010495917,0.306375,0.15889327,1.0,,,,,,,,,,,,,,,,,,,,,,,,,,,,,,,,,,,,,,,,,,,
818.0,-0.01475225926092826,0.0488256961107254,0.0005990982172079384,0.3903118073940277,0.0,0.27145696,0.13982512,0.9994011,0.09506055,0.043017216,-1.9322332e-08,0.0021698475,-0.002352953,0.02300191,0.05732792,0.031293124,0.019152096,0.30675,0.15907681,1.0,,,,,,,,,,,,,,,,,,,,,,,,,,,,,,,,,,,,,,,,,,,
819.0,-0.014818061976716493,0.048861611634492874,0.0005990982172079384,0.38808611035346985,0.0,0.27185255,0.14000395,0.9994011,0.094944574,0.042916443,-2.4443942e-08,0.0019536018,-0.0026860237,0.022958517,-0.050047304,-0.08113235,-0.0105106365,0.307125,0.15926029,1.0,,,,,,,,,,,,,,,,,,,,,,,,,,,,,,,,,,,,,,,,,,,
820.0,-0.014882868097097162,0.04889713600277901,0.0005990982172079384,0.3858582079410553,0.0,0.2722476,0.14018238,0.9994011,0.0948148,0.04282422,-3.933007e-08,0.0021953583,-0.0025610924,0.02303791,0.057316232,0.03131207,0.019163083,0.3075,0.15944374,1.0,,,,,,,,,,,,,,,,,,,,,,,,,,,,,,,,,,,,,,,,,,,
821.0,-0.014949071636359442,0.04893236234784126,0.0005990982172079384,0.38362833857536316,0.0,0.27264217,0.14036039,0.9994011,0.0946904,0.042722248,-4.2935103e-08,0.0019791126,-0.0028941631,0.022994518,-0.05004878,-0.08111638,-0.010525345,0.307875,0.15962714,1.0,,,,,,,,,,,,,,,,,,,,,,,,,,,,,,,,,,,,,,,,,,,
822.0,-0.015013707207199332,0.04896725341677666,0.0005990982172079384,0.38139715790748596,0.0,0.27303612,0.140538,0.9994011,0.09455221,0.042628832,-6.0777424e-08,0.0022206306,-0.0027692318,0.023073673,0.057304546,0.03133101,0.019174058,0.30825,0.1598105,1.0,,,,,,,,,,,,,,,,,,,,,,,,,,,,,,,,,,,,,,,,,,,
823.0,-0.015080248982968992,0.0490017905831337,0.0005990982172079384,0.37916502356529236,0.0,0.27342954,0.1407152,0.9994011,0.0944194,0.042525668,-6.2865375e-08,0.002004385,-0.0031023026,0.02303052,-0.05005025,-0.08110042,-0.010540041,0.308625,0.15999383,1.0,,,,,,,,,,,,,,,,,,,,,,,,,,,,,,,,,,,,,,,,,,,
824.0,-0.01514493136510937,0.04903605952858925,0.0005990982172079384,0.3769323527812958,0.0,0.27382234,0.140892,0.9994011,0.09427281,0.04243106,-8.366124e-08,0.0022461414,-0.0029771328,0.023109674,0.057292867,0.031349935,0.01918502,0.309,0.16017711,1.0,,,,,,,,,,,,,,,,,,,,,,,,,,,,,,,,,,,,,,,,,,,
825.0,-0.015211492818404443,0.049070023000240326,0.0005990982172079384,0.3746996521949768,0.0,0.27421457,0.14106835,0.9994011,0.0941316,0.042326707,-8.4231594e-08,0.0020298958,-0.0033102036,0.023066282,-0.050051723,-0.08108446,-0.010554725,0.309375,0.16036035,1.0,,,,,,,,,,,,,,,,,,,,,,,,,,,,,,,,,,,,,,,,,,,
826.0,-0.0152761691902062,0.04910369589924812,0.0005990743520669639,0.3724672794342041,0.0,0.27460614,0.14124432,0.9994011,0.09397661,0.04223091,-1.0797838e-07,0.0022714138,-0.0031850338,0.023145676,0.057281185,0.031368855,0.01919597,0.30975,0.16054356,1.0,,,,,,,,,,,,,,,,,,,,,,,,,,,,,,,,,,,,,,,,,,,
827.0,-0.015342632409924773,0.04913707450032234,0.0005990743520669639,0.37023577094078064,0.0,0.2749971,0.14141984,0.9994011,0.09382702,0.04212537,-1.0703063e-07,0.0020551682,-0.0035178661,0.023102283,-0.050053194,-0.081068516,-0.010569398,0.310125,0.16072673,1.0,,,,,,,,,,,,,,,,,,,,,,,,,,,,,,,,,,,,,,,,,,,
828.0,-0.015407181540239984,0.04917016625404358,0.0005990743520669639,0.3680054843425751,0.0,0.27538735,0.14159496,0.9994011,0.09366364,0.042028386,-1.337257e-07,0.0022966862,-0.0033926964,0.023181438,0.057269506,0.031387765,0.01920691,0.3105,0.16090985,1.0,,,,,,,,,,,,,,,,,,,,,,,,,,,,,,,,,,,,,,,,,,,
829.0,-0.015473559882398697,0.04920302703976631,0.0005990743520669639,0.36577683687210083,0.0,0.27577695,0.14176963,0.9994011,0.093505666,0.041921664,-1.3125934e-07,0.0020804405,-0.0037255287,0.023138046,-0.050054666,-0.08105257,-0.010584059,0.310875,0.16109292,1.0,,,,,,,,,,,,,,,,,,,,,,,,,,,,,,,,,,,,,,,,,,,
830.0,-0.015537995954987126,0.04923556372523308,0.0005990743520669639,0.3635503649711609,0.0,0.27616584,0.1419439,0.9994011,0.09333392,0.041823495,-1.6090007e-07,0.0023219585,-0.0036001205,0.02321744,0.05725783,0.031406663,0.019217836,0.31125,0.16127597,1.0,,,,,,,,,,,,,,,,,,,,,,,,,,,,,,,,,,,,,,,,,,,
831.0,-0.015604236401640085,0.04926791787147522,0.0005990743520669639,0.3613263666629791,0.0,0.27655402,0.14211771,0.9994011,0.09316757,0.04171559,-1.5691461e-07,0.002105713,-0.003932953,0.023174047,-0.050056133,-0.08103664,-0.010598708,0.311625,0.16145897,1.0,,,,,,,,,,,,,,,,,,,,,,,,,,,,,,,,,,,,,,,,,,,
832.0,-0.015668513091284697,0.049299996346235275,0.0005990743520669639,0.35910528898239136,0.0,0.27694148,0.14229111,0.9994011,0.09298746,0.041616242,-1.8949835e-07,0.002347231,-0.0038075447,0.023253202,0.057246156,0.031425554,0.01922875,0.312,0.16164194,1.0,,,,,,,,,,,,,,,,,,,,,,,,,,,,,,,,,,,,,,,,,,,
833.0,-0.015734571382679863,0.04933186247944832,0.0005990743520669639,0.35688748955726624,0.0,0.2773282,0.14246406,0.9994011,0.09281276,0.041507155,-1.8399328e-07,0.0021307468,-0.0041401386,0.02320981,-0.0500576,-0.08102071,-0.010613345,0.312375,0.16182487,1.0,,,,,,,,,,,,,,,,,,,,,,,,,,,,,,,,,,,,,,,,,,,
834.0,-0.01579864216112692,0.049363456666469574,0.0005990743520669639,0.3546734154224396,0.0,0.27771413,0.14263658,0.9994011,0.0926243,0.041406628,-2.1951742e-07,0.0023722649,-0.0040147305,0.023288965,0.057234485,0.031444438,0.019239655,0.31275,0.16200775,1.0,,,,,,,,,,,,,,,,,,,,,,,,,,,,,,,,,,,,,,,,,,,
835.0,-0.015864470254681875,0.04939483851194382,0.0005990743520669639,0.3524634540081024,0.0,0.2780993,0.14280866,0.9994011,0.092441246,0.041296367,-2.1249225e-07,0.0021557808,-0.0043473244,0.023245573,-0.050059065,-0.0810048,-0.01062797,0.313125,0.16219059,1.0,,,,,,,,,,,,,,,,,,,,,,,,,,,,,,,,,,,,,,,,,,,
836.0,-0.015928290405552256,0.04942603036761284,0.0005990743520669639,0.350257933139801,0.0,0.27848366,0.14298029,0.9994011,0.09224444,0.041194666,-2.5095414e-07,0.0023972988,-0.004221678,0.023324728,0.057222817,0.03146331,0.019250546,0.3135,0.16237338,1.0,,,,,,,,,,,,,,,,,,,,,,,,,,,,,,,,,,,,,,,,,,,
837.0,-0.015993835631408368,0.049457013607025146,0.0005990743520669639,0.3480571508407593,0.0,0.27886721,0.14315148,0.9994011,0.09205305,0.041083228,-2.424084e-07,0.0021808147,-0.0045542717,0.023281336,-0.05006053,-0.08098889,-0.010642583,0.313875,0.16255614,1.0,,,,,,,,,,,,,,,,,,,,,,,,,,,,,,,,,,,,,,,,,,,
838.0,-0.016057350675604903,0.049487821757793427,0.0005990743520669639,0.3458615839481354,0.0,0.2792499,0.14332223,0.9994011,0.091847904,0.040980354,-2.8380546e-07,0.0024223328,-0.004428625,0.02336049,0.057211146,0.031482175,0.019261425,0.31425,0.16273886,1.0,,,,,,,,,,,,,,,,,,,,,,,,,,,,,,,,,,,,,,,,,,,
839.0,-0.016122584732162434,0.04951844364404678,0.0005990743520669639,0.3436714708805084,0.0,0.2796318,0.1434925,0.9994011,0.091648184,0.040867746,-2.7373858e-07,0.0022058487,-0.0047609806,0.023317099,-0.050061993,-0.08097299,-0.010657185,0.314625,0.16292155,1.0,,,,,,,,,,,,,,,,,,,,,,,,,,,,,,,,,,,,,,,,,,,
840.0,-0.016185773928378694,0.04954887181520462,0.0005990743520669639,0.3414870798587799,0.0,0.28001276,0.14366236,0.9994011,0.09143472,0.0407637,-3.1806817e-07,0.0024471283,-0.004635334,0.023396254,0.057199482,0.03150103,0.019272292,0.315,0.16310418,1.0,,,,,,,,,,,,,,,,,,,,,,,,,,,,,,,,,,,,,,,,,,,
841.0,-0.016250664805504494,0.04957916587591171,0.0005990743520669639,0.3393087387084961,0.0,0.28039286,0.14383173,0.9994011,0.09122668,0.04064992,-3.064797e-07,0.0022306442,-0.0049676895,0.023352861,-0.050063457,-0.08095709,-0.010671774,0.315375,0.16328678,1.0,,,,,,,,,,,,,,,,,,,,,,,,,,,,,,,,,,,,,,,,,,,
842.0,-0.016313493436164936,0.04960925132036209,0.0005990743520669639,0.33713674545288086,0.0,0.28077206,0.14400066,0.9994011,0.0910049,0.040544707,-3.5373924e-07,0.0024719238,-0.004842043,0.023432016,0.057187818,0.031519875,0.019283148,0.31575,0.16346933,1.0,,,,,,,,,,,,,,,,,,,,,,,,,,,,,,,,,,,,,,,,,,,
843.0,-0.016378007409708517,0.04963921383023262,0.0005990743520669639,0.3349713385105133,0.0,0.28115034,0.14416912,0.9994011,0.09078855,0.040429763,-3.406287e-07,0.0022556782,-0.0051743984,0.023388624,-0.050064918,-0.08094121,-0.010686352,0.316125,0.16365185,1.0,,,,,,,,,,,,,,,,,,,,,,,,,,,,,,,,,,,,,,,,,,,
844.0,-0.01644044497856885,0.04966903105378151,0.0005990743520669639,0.33281275629997253,0.0,0.28152767,0.14433715,0.9994011,0.09055847,0.040323384,-3.9081553e-07,0.0024969578,-0.0050485134,0.02346778,0.057176154,0.031538714,0.019293992,0.3165,0.16383432,1.0,,,,,,,,,,,,,,,,,,,,,,,,,,,,,,,,,,,,,,,,,,,
845.0,-0.016504452037909508,0.049698710441589355,0.0005990743520669639,0.33066120743751526,0.0,0.28190407,0.14450467,0.9994011,0.09033382,0.040207274,-3.7618244e-07,0.0022804737,-0.005380869,0.023424387,-0.050066374,-0.08092533,-0.010700918,0.316875,0.16401675,1.0,,,,,,,,,,,,,,,,,,,,,,,,,,,,,,,,,,,,,,,,,,,
846.0,-0.016566371785129378,0.04972822591662407,0.0005990743520669639,0.3285169303417206,0.0,0.28227946,0.14467175,0.9994011,0.090095446,0.040099733,-4.2929395e-07,0.002521515,-0.005254984,0.023503542,0.057164494,0.03155754,0.019304823,0.31725,0.16419916,1.0,,,,,,,,,,,,,,,,,,,,,,,,,,,,,,,,,,,,,,,,,,,
847.0,-0.01662996117427538,0.049757640808820724,0.0005990743520669639,0.32638001441955566,0.0,0.2826539,0.14483835,0.9994011,0.08986251,0.039982464,-4.131378e-07,0.0023050308,-0.005587101,0.023459911,-0.050067835,-0.08090946,-0.0107154725,0.317625,0.1643815,1.0,,,,,,,,,,,,,,,,,,,,,,,,,,,,,,,,,,,,,,,,,,,
848.0,-0.016691453942318187,0.04978693276643753,0.0005990743520669639,0.3242506682872772,0.0,0.2830273,0.1450045,0.9994011,0.089615844,0.03987376,-4.691714e-07,0.0025463104,-0.005461216,0.023539066,0.057152838,0.031576358,0.019315643,0.318,0.16456382,1.0,,,,,,,,,,,,,,,,,,,,,,,,,,,,,,,,,,,,,,,,,,,
849.0,-0.01675460653558512,0.04981609433889389,0.0005990743520669639,0.3221289813518524,0.0,0.28339967,0.14517014,0.9994011,0.08937463,0.039755333,-4.5149176e-07,0.0023298264,-0.0057930946,0.023495674,-0.05006929,-0.080893606,-0.010730015,0.318375,0.16474609,1.0,,,,,,,,,,,,,,,,,,,,,,,,,,,,,,,,,,,,,,,,,,,
850.0,-0.01681565781499558,0.0498451367020607,0.0005990743520669639,0.3200150728225708,0.0,0.283771,0.14533533,0.9994011,0.089119695,0.03964547,-5.104448e-07,0.0025708675,-0.0056672096,0.02357483,0.05714118,0.03159517,0.01932645,0.31875,0.16492832,1.0,,,,,,,,,,,,,,,,,,,,,,,,,,,,,,,,,,,,,,,,,,,
851.0,-0.016878364267261352,0.04987410455942154,0.0005990505451336503,0.31790897250175476,0.0,0.2841413,0.14550002,0.9994011,0.08887021,0.03952589,-4.912411e-07,0.0023543835,-0.0059990883,0.023531199,-0.050070744,-0.08087775,-0.010744546,0.319125,0.1651105,1.0,,,,,,,,,,,,,,,,,,,,,,,,,,,,,,,,,,,,,,,,,,,
852.0,-0.016938965154093603,0.049902915954589844,0.0005990505451336503,0.31581079959869385,0.0,0.2845105,0.14566424,0.9994011,0.08860701,0.03941487,-5.5311114e-07,0.0025954247,-0.005872965,0.023610353,0.05712953,0.03161397,0.019337246,0.3195,0.16529265,1.0,,,,,,,,,,,,,,,,,,,,,,,,,,,,,,,,,,,,,,,,,,,
853.0,-0.017001217501318753,0.04993164911866188,0.0005990266799926758,0.31372055411338806,0.0,0.2848786,0.14582798,0.9994011,0.08834927,0.03929413,-5.323829e-07,0.0023789406,-0.006205082,0.023566961,-0.0500722,-0.080861904,-0.010759064,0.319875,0.16547476,1.0,,,,,,,,,,,,,,,,,,,,,,,,,,,,,,,,,,,,,,,,,,,
854.0,-0.01706136266905851,0.049960263073444366,0.0005990266799926758,0.31163832545280457,0.0,0.2852456,0.14599124,0.9994011,0.08807781,0.039181963,-5.971671e-07,0.0026199818,-0.00607872,0.023646116,0.057117876,0.031632762,0.01934803,0.32025,0.16565682,1.0,,,,,,,,,,,,,,,,,,,,,,,,,,,,,,,,,,,,,,,,,,,
855.0,-0.017123161234685904,0.04998880252242088,0.0005990266799926758,0.3095639646053314,0.0,0.28561148,0.14615399,0.9994011,0.08781183,0.039060075,-5.7491405e-07,0.0024034977,-0.0064105988,0.023602486,-0.050073653,-0.080846064,-0.010773571,0.320625,0.16583884,1.0,,,,,,,,,,,,,,,,,,,,,,,,,,,,,,,,,,,,,,,,,,,
856.0,-0.017182852862352598,0.05001724883913994,0.0005990266799926758,0.3074975609779358,0.0,0.2859762,0.14631626,0.9994011,0.087532125,0.038946755,-6.4260985e-07,0.0026445389,-0.0062844753,0.02368164,0.057106227,0.031651545,0.019358804,0.321,0.16602081,1.0,,,,,,,,,,,,,,,,,,,,,,,,,,,,,,,,,,,,,,,,,,,
857.0,-0.017244200203105357,0.050045568495988846,0.0005990266799926758,0.3054389953613281,0.0,0.2863398,0.14647803,0.9994011,0.08725789,0.038823716,-6.188314e-07,0.0024278164,-0.0066161156,0.02363801,-0.050075103,-0.08083024,-0.010788066,0.321375,0.16620275,1.0,,,,,,,,,,,,,,,,,,,,,,,,,,,,,,,,,,,,,,,,,,,
858.0,-0.017303446216442538,0.050073832273483276,0.0005990266799926758,0.30338820815086365,0.0,0.28670216,0.14663932,0.9994011,0.08696996,0.03870925,-6.8943626e-07,0.0026688576,-0.006489992,0.023717165,0.05709458,0.031670317,0.019369565,0.32175,0.16638465,1.0,,,,,,,,,,,,,,,,,,,,,,,,,,,,,,,,,,,,,,,,,,,
859.0,-0.01736435098268521,0.05010203272104263,0.0005990266799926758,0.3013451397418976,0.0,0.28706336,0.14680009,0.9994011,0.0866875,0.038585063,-6.6413185e-07,0.0024523735,-0.0068216324,0.023673534,-0.05007655,-0.080814414,-0.01080255,0.322125,0.1665665,1.0,,,,,,,,,,,,,,,,,,,,,,,,,,,,,,,,,,,,,,,,,,,
860.0,-0.01742302270124092,0.05013014003634453,0.000599038612563163,0.2993096709251404,0.0,0.2874233,0.14696038,0.9994011,0.08639134,0.038469452,-7.376433e-07,0.0026931763,-0.0066952705,0.02375269,0.057082936,0.03168908,0.019380312,0.3225,0.16674832,1.0,,,,,,,,,,,,,,,,,,,,,,,,,,,,,,,,,,,,,,,,,,,
861.0,-0.017484131354510827,0.050158191472291946,0.000599038612563163,0.29728156328201294,0.0,0.28778207,0.14712013,0.99940103,0.08610066,0.038344122,-7.1081246e-07,0.0024766922,-0.0067517757,0.023710012,-0.0516473,-0.014793169,-0.01063921,0.322875,0.1669301,1.0,,,,,,,,,,,,,,,,,,,,,,,,,,,,,,,,,,,,,,,,,,,
862.0,-0.01754324873171099,0.05018613487482071,0.000599038612563163,0.2952607572078705,0.0,0.2881396,0.14727943,0.99940103,0.085807525,0.038227636,-5.25797e-07,0.002717495,-0.006350279,0.023786545,0.05551794,0.0977005,0.01874526,0.32325,0.16711183,1.0,,,,,,,,,,,,,,,,,,,,,,,,,,,,,,,,,,,,,,,,,,,
863.0,-0.017604035777470203,0.0502140112221241,0.000599038612563163,0.2932469844818115,0.0,0.288496,0.14743818,0.99940103,0.085531116,0.0381017,-4.8730186e-07,0.0025007725,-0.006406784,0.023740292,-0.05165412,-0.014806213,-0.011416938,0.323625,0.16729352,1.0,,,,,,,,,,,,,,,,,,,,,,,,,,,,,,,,,,,,,,,,,,,
864.0,-0.017662737233460214,0.05024176090955734,0.000599038612563163,0.2912401258945465,0.0,0.2888512,0.14759645,0.99940103,0.08525225,0.037984606,-4.879819e-07,0.0027418137,-0.0060055256,0.023816824,0.05551276,0.0976883,0.018725792,0.324,0.16747516,1.0,,,,,,,,,,,,,,,,,,,,,,,,,,,,,,,,,,,,,,,,,,,
865.0,-0.01772312117316324,0.050269462168216705,0.000599038612563163,0.28923991322517395,0.0,0.28920534,0.14775419,0.99940103,0.08499009,0.037858065,-4.1180462e-07,0.0025250912,-0.006062031,0.02377057,-0.051666275,-0.014821192,-0.011401203,0.324375,0.16765676,1.0,,,,,,,,,,,,,,,,,,,,,,,,,,,,,,,,,,,,,,,,,,,
866.0,-0.017781716657683865,0.05029701441526413,0.000599038612563163,0.28724610805511475,0.0,0.28955835,0.14791144,0.99940103,0.08472547,0.03774037,-4.2032698e-07,0.0027661324,-0.0056607723,0.023847103,0.055507578,0.09767611,0.018706327,0.32475,0.16783834,1.0,,,,,,,,,,,,,,,,,,,,,,,,,,,,,,,,,,,,,,,,,,,
867.0,-0.017841445380802547,0.05032450705766678,0.000599038612563163,0.28525835275650024,0.0,0.28991035,0.14806816,0.99940103,0.084477566,0.037613228,-3.4821701e-07,0.0025491714,-0.0057172775,0.02380085,-0.051678423,-0.014836165,-0.011385466,0.325125,0.16801985,1.0,,,,,,,,,,,,,,,,,,,,,,,,,,,,,,,,,,,,,,,,,,,
868.0,-0.017899979118632475,0.050351839512586594,0.000599038612563163,0.2832764685153961,0.0,0.2902613,0.1482244,0.99940103,0.08422718,0.03749493,-3.5477953e-07,0.0027902126,-0.005316019,0.023877382,0.055502392,0.097663924,0.018686866,0.3255,0.16820133,1.0,,,,,,,,,,,,,,,,,,,,,,,,,,,,,,,,,,,,,,,,,,,
869.0,-0.017959338030188156,0.05037907510995865,0.000599038612563163,0.2813000977039337,0.0,0.29061127,0.14838009,0.99940103,0.08399351,0.037367195,-2.8903398e-07,0.0025734901,-0.0053727627,0.02383113,-0.051690556,-0.014851133,-0.011369725,0.325875,0.16838276,1.0,,,,,,,,,,,,,,,,,,,,,,,,,,,,,,,,,,,,,,,,,,,
870.0,-0.018017580500964324,0.050406236201524734,0.000599038612563163,0.2793289124965668,0.0,0.29096025,0.1485353,0.99940103,0.083757356,0.037248302,-2.9309643e-07,0.002814293,-0.004971504,0.023907661,0.055497203,0.09765175,0.018667411,0.32625,0.16856416,1.0,,,,,,,,,,,,,,,,,,,,,,,,,,,,,,,,,,,,,,,,,,,
871.0,-0.018076637888111875,0.050433237105607986,0.000599038612563163,0.277362585067749,0.0,0.2913083,0.14868996,0.99940103,0.08353791,0.03711997,-2.3383802e-07,0.002597332,-0.005028248,0.023861408,-0.05170268,-0.014866096,-0.011353982,0.326625,0.16874552,1.0,,,,,,,,,,,,,,,,,,,,,,,,,,,,,,,,,,,,,,,,,,,
872.0,-0.018134598862621715,0.05046012997627258,0.000599038612563163,0.27540072798728943,0.0,0.29165548,0.14884412,0.99940103,0.08331597,0.037000485,-2.353708e-07,0.0028383732,-0.0046269894,0.02393794,0.055492014,0.097639576,0.01864796,0.327,0.16892682,1.0,,,,,,,,,,,,,,,,,,,,,,,,,,,,,,,,,,,,,,,,,,,
873.0,-0.018193397464036025,0.05048689246177673,0.000599038612563163,0.2734430134296417,0.0,0.29200178,0.14899775,0.99940103,0.08311073,0.036871564,-1.8260234e-07,0.0026214123,-0.0046839714,0.023891926,-0.05171479,-0.014881054,-0.011338235,0.327375,0.1691081,1.0,,,,,,,,,,,,,,,,,,,,,,,,,,,,,,,,,,,,,,,,,,,
874.0,-0.0182511195509338,0.050513483583927155,0.000599038612563163,0.2714890241622925,0.0,0.2923472,0.1491509,0.99940103,0.08290299,0.036751486,-1.8160394e-07,0.002862215,-0.004282713,0.023968458,0.05548682,0.09762741,0.018628513,0.32775,0.16928932,1.0,,,,,,,,,,,,,,,,,,,,,,,,,,,,,,,,,,,,,,,,,,,
875.0,-0.018309705224505163,0.05053998902440071,0.000599038612563163,0.2695383131504059,0.0,0.29269183,0.14930348,0.99940103,0.08271195,0.03662198,-1.3532161e-07,0.0026452541,-0.004339695,0.023922205,-0.051726885,-0.014896005,-0.011322485,0.328125,0.1694705,1.0,,,,,,,,,,,,,,,,,,,,,,,,,,,,,,,,,,,,,,,,,,,
876.0,-0.018367240715114534,0.05056633800268173,0.000599038612563163,0.2675904631614685,0.0,0.29303566,0.14945556,0.99940103,0.08251841,0.03650132,-1.317921e-07,0.002886057,-0.003938675,0.023998737,0.055481628,0.09761526,0.018609071,0.3285,0.16965164,1.0,,,,,,,,,,,,,,,,,,,,,,,,,,,,,,,,,,,,,,,,,,,
877.0,-0.018425661343431425,0.05059254914522171,0.000599038612563163,0.2656451165676117,0.0,0.29337874,0.14960712,0.99940103,0.08234155,0.036371227,-9.199181e-08,0.002669096,-0.003995657,0.023952484,-0.051738974,-0.014910952,-0.011306733,0.328875,0.16983274,1.0,,,,,,,,,,,,,,,,,,,,,,,,,,,,,,,,,,,,,,,,,,,
878.0,-0.018483156185049667,0.05061860755085945,0.000599038612563163,0.26370176672935486,0.0,0.29372108,0.14975816,0.99940103,0.082162194,0.036249984,-8.593132e-08,0.0029098988,-0.003594637,0.024029016,0.05547643,0.097603105,0.018589633,0.32925,0.1700138,1.0,,,,,,,,,,,,,,,,,,,,,,,,,,,,,,,,,,,,,,,,,,,
879.0,-0.01854136908036817,0.05064450576901436,0.000599038612563163,0.261759877204895,0.0,0.29406276,0.14990865,0.99940103,0.08199952,0.036119312,-5.2608897e-08,0.0026929379,-0.003651619,0.023982763,-0.051751047,-0.014925893,-0.011290978,0.329625,0.17019482,1.0,,,,,,,,,,,,,,,,,,,,,,,,,,,,,,,,,,,,,,,,,,,
880.0,-0.01859896781070347,0.05067021772265434,0.000599038612563163,0.2598191201686859,0.0,0.29440373,0.15005864,0.99940103,0.08183432,0.03599749,-4.4017565e-08,0.0029337406,-0.003250599,0.024059296,0.055471234,0.09759096,0.0185702,0.33,0.17037578,1.0,,,,,,,,,,,,,,,,,,,,,,,,,,,,,,,,,,,,,,,,,,,
881.0,-0.01865693582449749,0.05069579929113388,0.000599038612563163,0.2578789293766022,0.0,0.2947441,0.15020809,0.99940103,0.08168581,0.03586624,-1.716888e-08,0.0027165413,-0.003307581,0.024013042,-0.05176311,-0.014940829,-0.01127522,0.330375,0.17055671,1.0,,,,,,,,,,,,,,,,,,,,,,,,,,,,,,,,,,,,,,,,,,,
882.0,-0.018714696470540002,0.050721216946840286,0.000599038612563163,0.2559388279914856,0.0,0.29508382,0.15035702,0.99940103,0.08153478,0.035743844,-6.0468492e-09,0.0029575825,-0.0029067993,0.024089575,0.055466034,0.097578816,0.01855077,0.33075,0.1707376,1.0,,,,,,,,,,,,,,,,,,,,,,,,,,,,,,,,,,,,,,,,,,,
883.0,-0.018772589615628388,0.05074647068977356,0.000599038612563163,0.2539983093738556,0.0,0.29542297,0.15050541,0.99940103,0.08140042,0.03561202,1.433224e-08,0.0027403831,-0.0029637814,0.024043322,-0.05177516,-0.01495576,-0.011259459,0.331125,0.17091845,1.0,,,,,,,,,,,,,,,,,,,,,,,,,,,,,,,,,,,,,,,,,,,
884.0,-0.018830457923786164,0.05077154561877251,0.0005990147474221885,0.25205689668655396,0.0,0.2957616,0.15065327,0.99940103,0.08126353,0.03548905,2.7984816e-08,0.002981186,-0.0025629997,0.024119854,0.05546083,0.09756669,0.018531347,0.3315,0.17109925,1.0,,,,,,,,,,,,,,,,,,,,,,,,,,,,,,,,,,,,,,,,,,,
885.0,-0.018888409676095036,0.05079644173383713,0.0005990147474221885,0.2501141130924225,0.0,0.2960997,0.15080059,0.99940103,0.081143305,0.035356656,4.1898456e-08,0.0027639866,-0.0026202202,0.0240736,-0.0517872,-0.014970684,-0.011243695,0.331875,0.17128001,1.0,,,,,,,,,,,,,,,,,,,,,,,,,,,,,,,,,,,,,,,,,,,
886.0,-0.018946367228388775,0.050821125507354736,0.0005990147474221885,0.24816939234733582,0.0,0.29643726,0.15094739,0.99940103,0.08102056,0.035233118,5.8081415e-08,0.0030047894,-0.0022194386,0.024150133,0.055455625,0.097554564,0.018511927,0.33225,0.17146072,1.0,,,,,,,,,,,,,,,,,,,,,,,,,,,,,,,,,,,,,,,,,,,
887.0,-0.01900443908149828,0.050845660269260406,0.0005990147474221885,0.24622225761413574,0.0,0.29677442,0.15109365,0.99940103,0.08091446,0.03510016,6.553375e-08,0.0027873516,-0.002276659,0.02410388,-0.05179923,-0.014985604,-0.011227929,0.332625,0.1716414,1.0,,,,,,,,,,,,,,,,,,,,,,,,,,,,,,,,,,,,,,,,,,,
888.0,-0.019062547460724822,0.05087000131607056,0.0005990147474221885,0.24427218735218048,0.0,0.2971111,0.15123938,0.99940103,0.08080584,0.034976054,8.4246935e-08,0.0030281544,-0.0018758774,0.024180412,0.05545042,0.09754244,0.018492512,0.333,0.17182203,1.0,,,,,,,,,,,,,,,,,,,,,,,,,,,,,,,,,,,,,,,,,,,
889.0,-0.019120800048686944,0.05089414119720459,0.0005990147474221885,0.24231863021850586,0.0,0.2974474,0.15138456,0.99940103,0.08071386,0.03484253,8.524208e-08,0.002810955,-0.0019330978,0.02413392,-0.051811244,-0.015000518,-0.01121216,0.333375,0.17200261,1.0,,,,,,,,,,,,,,,,,,,,,,,,,,,,,,,,,,,,,,,,,,,
890.0,-0.019179118984804157,0.05091806501150131,0.0005990147474221885,0.24036112427711487,0.0,0.29778332,0.15152922,0.99940103,0.08061934,0.034717865,1.06485345e-07,0.0030517578,-0.0015323162,0.024210453,0.055445213,0.097530335,0.018473102,0.33375,0.17218316,1.0,,,,,,,,,,,,,,,,,,,,,,,,,,,,,,,,,,,,,,,,,,,
891.0,-0.01923761311082417,0.0509418249130249,0.0005990147474221885,0.23839913308620453,0.0,0.29811892,0.15167332,0.99940103,0.08054148,0.03458378,1.01027446e-07,0.00283432,-0.0015897751,0.0241642,-0.051823247,-0.015015428,-0.011196388,0.334125,0.17236365,1.0,,,,,,,,,,,,,,,,,,,,,,,,,,,,,,,,,,,,,,,,,,,
892.0,-0.019296202579621606,0.0509653314948082,0.0005990147474221885,0.23643215000629425,0.0,0.29845417,0.15181689,0.99940103,0.08046106,0.034458555,1.248006e-07,0.0030751228,-0.0011892319,0.024240732,0.05544,0.09751823,0.018453697,0.3345,0.1725441,1.0,,,,,,,,,,,,,,,,,,,,,,,,,,,,,,,,,,,,,,,,,,,
893.0,-0.019354996764834872,0.05098865181207657,0.0005990147474221885,0.23445966839790344,0.0,0.29878914,0.15195991,0.99940103,0.080397286,0.034323916,1.12893794e-07,0.002857685,-0.0012464523,0.024194479,-0.051835243,-0.015030331,-0.011180613,0.334875,0.17272453,1.0,,,,,,,,,,,,,,,,,,,,,,,,,,,,,,,,,,,,,,,,,,,
894.0,-0.01941397745869399,0.05101175233721733,0.0005990147474221885,0.2324811816215515,0.0,0.29912385,0.1521024,0.99940103,0.08033096,0.034198135,1.3919667e-07,0.0030982494,-0.0008459091,0.024271011,0.05543479,0.09750613,0.018434294,0.33525,0.1729049,1.0,,,,,,,,,,,,,,,,,,,,,,,,,,,,,,,,,,,,,,,,,,,
895.0,-0.0194730727884722,0.05103466659784317,0.0005990147474221885,0.23049619793891907,0.0,0.29945838,0.15224433,0.99940103,0.08028127,0.03406294,1.2084507e-07,0.0028808117,-0.000903368,0.024224758,-0.051847223,-0.015045229,-0.011164836,0.335625,0.17308523,1.0,,,,,,,,,,,,,,,,,,,,,,,,,,,,,,,,,,,,,,,,,,,
896.0,-0.019532850739226705,0.05105729028582573,0.0005990147474221885,0.2285042405128479,0.0,0.29979265,0.15238573,0.99940103,0.08022902,0.033936612,1.496775e-07,0.0031216145,-0.0005028248,0.02430129,0.055429574,0.097494036,0.018414898,0.336,0.1732655,1.0,,,,,,,,,,,,,,,,,,,,,,,,,,,,,,,,,,,,,,,,,,,
897.0,-0.019592169616729372,0.05107973888516426,0.0005990147474221885,0.22650480270385742,0.0,0.3001268,0.15252657,0.99940103,0.0801934,0.033800866,1.2488525e-07,0.0029041767,-0.00056028366,0.024255037,-0.05185919,-0.015060122,-0.011149055,0.336375,0.17344575,1.0,,,,,,,,,,,,,,,,,,,,,,,,,,,,,,,,,,,,,,,,,,,
898.0,-0.01965258729805137,0.051101960241794586,0.0005990147474221885,0.224497452378273,0.0,0.3004608,0.15266688,0.99940103,0.08015522,0.033673987,1.5624707e-07,0.003144741,-0.00015997887,0.02433157,0.05542436,0.09748195,0.018395506,0.33675,0.17362595,1.0,,,,,,,,,,,,,,,,,,,,,,,,,,,,,,,,,,,,,,,,,,,
899.0,-0.01971256097386322,0.05112393945455551,0.0005990147474221885,0.22248169779777527,0.0,0.30079466,0.15280662,0.99940103,0.08013366,0.033537697,1.2501825e-07,0.0029273033,-0.00021743774,0.024285078,-0.051871147,-0.01507501,-0.011133271,0.337125,0.1738061,1.0,,,,,,,,,,,,,,,,,,,,,,,,,,,,,,,,,,,,,,,,,,,
900.0,-0.019773419992619168,0.051145680248737335,0.0005990147474221885,0.22045713663101196,0.0,0.30112845,0.15294583,0.99940103,0.08010954,0.03341027,1.5890927e-07,0.0031678677,0.00018286705,0.02436161,0.05541914,0.097469874,0.018376118,0.3375,0.17398621,1.0,,,,,,,,,,,,,,,,,,,,,,,,,,,,,,,,,,,,,,,,,,,
901.0,-0.019834136179701093,0.051167167723178864,0.0005990147474221885,0.2184232771396637,0.0,0.30146223,0.15308447,0.99940103,0.08010203,0.033273436,1.2124802e-07,0.0029501915,0.00012540817,0.024315357,-0.05188309,-0.015089892,-0.011117485,0.337875,0.17416628,1.0,,,,,,,,,,,,,,,,,,,,,,,,,,,,,,,,,,,,,,,,,,,
902.0,-0.01989554395157102,0.05118840932846069,0.0005990147474221885,0.216379776597023,0.0,0.30179593,0.15322258,0.99940103,0.080091946,0.033145472,1.5766807e-07,0.0031909943,0.00052571297,0.02439189,0.05541392,0.097457804,0.018356733,0.33825,0.17434631,1.0,,,,,,,,,,,,,,,,,,,,,,,,,,,,,,,,,,,,,,,,,,,
903.0,-0.019956769172134594,0.05120936036109924,0.0005990147474221885,0.2143261432647705,0.0,0.3021297,0.15336011,0.99940103,0.08009847,0.0330081,1.13578515e-07,0.002973318,0.00046801567,0.024345636,-0.051895026,-0.015104769,-0.011101697,0.338625,0.17452629,1.0,,,,,,,,,,,,,,,,,,,,,,,,,,,,,,,,,,,,,,,,,,,
904.0,-0.020018716676446276,0.05123012140393257,0.0005990147474221885,0.21226203441619873,0.0,0.30246344,0.1534971,0.99940103,0.08010242,0.03287959,1.5252736e-07,0.0032138824,0.0007390976,0.024421692,0.05616334,0.066452965,0.018245177,0.339,0.17470622,1.0,,,,,,,,,,,,,,,,,,,,,,,,,,,,,,,,,,,,,,,,,,,
905.0,-0.020080571692681043,0.05125061795115471,0.0005990147474221885,0.21018707752227783,0.0,0.30279726,0.15363353,0.99940103,0.0801177,0.032741554,1.06257815e-07,0.0029962063,0.00055217743,0.024374962,-0.05114637,-0.046104696,-0.011192181,0.339375,0.17488612,1.0,,,,,,,,,,,,,,,,,,,,,,,,,,,,,,,,,,,,,,,,,,,
906.0,-0.020143168961265112,0.05127086490392685,0.0005990147474221885,0.20810094475746155,0.0,0.3031311,0.15376942,0.99940103,0.080125116,0.032612257,1.496879e-07,0.003237009,0.00082325935,0.024451017,0.056155268,0.066455275,0.018240182,0.33975,0.17506596,1.0,,,,,,,,,,,,,,,,,,,,,,,,,,,,,,,,,,,,,,,,,,,
907.0,-0.020205696474038273,0.051290858536958694,0.0005990147474221885,0.20600323379039764,0.0,0.30346504,0.15390472,0.99940103,0.08014386,0.032473426,1.0120992e-07,0.0030190945,0.0006365776,0.024404287,-0.05115363,-0.046104927,-0.011190426,0.340125,0.17524578,1.0,,,,,,,,,,,,,,,,,,,,,,,,,,,,,,,,,,,,,,,,,,,
908.0,-0.020268984342620026,0.05131058022379875,0.0005990147474221885,0.20389367640018463,0.0,0.30379903,0.15403949,0.99940103,0.08015474,0.03234334,1.4601041e-07,0.0032598972,0.00090765953,0.024480581,0.0561472,0.06645758,0.018235184,0.3405,0.17542553,1.0,,,,,,,,,,,,,,,,,,,,,,,,,,,,,,,,,,,,,,,,,,,
909.0,-0.020332220520163174,0.0513300895690918,0.0005990147474221885,0.20177195966243744,0.0,0.3041331,0.15417367,0.99940103,0.08017695,0.032203723,9.605492e-08,0.0030419827,0.00072073936,0.024433613,-0.051160887,-0.046105158,-0.011188666,0.340875,0.17560525,1.0,,,,,,,,,,,,,,,,,,,,,,,,,,,,,,,,,,,,,,,,,,,
910.0,-0.020396233761660554,0.05134930461645126,0.0005990147474221885,0.19963784515857697,0.0,0.30446723,0.1543073,0.99940103,0.08019129,0.032072846,1.4205372e-07,0.003282547,0.0009918213,0.024509907,0.056139134,0.06645989,0.018230183,0.34125,0.17578493,1.0,,,,,,,,,,,,,,,,,,,,,,,,,,,,,,,,,,,,,,,,,,,
911.0,-0.020460210075939903,0.05136827751994133,0.0005990147474221885,0.19749101996421814,0.0,0.30480146,0.15444036,0.99940103,0.08021697,0.031932443,9.066165e-08,0.0030648708,0.00080513954,0.024462938,-0.05116814,-0.04610539,-0.011186901,0.341625,0.17596455,1.0,,,,,,,,,,,,,,,,,,,,,,,,,,,,,,,,,,,,,,,,,,,
912.0,-0.020524978069330246,0.05138702318072319,0.0005990147474221885,0.19533133506774902,0.0,0.3051358,0.15457286,0.99940103,0.08023477,0.031800784,1.3784872e-07,0.0033054352,0.0010762215,0.024539232,0.056131072,0.0664622,0.01822518,0.342,0.17614414,1.0,,,,,,,,,,,,,,,,,,,,,,,,,,,,,,,,,,,,,,,,,,,
913.0,-0.02058972088349365,0.05140550807118416,0.0005990147474221885,0.19315853714942932,0.0,0.3054702,0.15470478,0.99940103,0.080263905,0.0316596,8.502293e-08,0.0030875206,0.0008893013,0.024492502,-0.051175393,-0.046105623,-0.011185129,0.342375,0.17632368,1.0,,,,,,,,,,,,,,,,,,,,,,,,,,,,,,,,,,,,,,,,,,,
914.0,-0.020655268614382657,0.05142370983958244,0.0005990147474221885,0.1909724324941635,0.0,0.30580473,0.15483613,0.99940103,0.08028517,0.03152716,1.3339715e-07,0.003328085,0.0011603832,0.024568558,0.056123015,0.0664645,0.018220175,0.34275,0.17650318,1.0,,,,,,,,,,,,,,,,,,,,,,,,,,,,,,,,,,,,,,,,,,,
915.0,-0.020720800011565007,0.051441680639982224,0.0005990147474221885,0.18877290189266205,0.0,0.30613938,0.1549669,0.99940103,0.080317765,0.0313852,7.913842e-08,0.0031101704,0.0009737015,0.024521828,-0.051182643,-0.046105858,-0.011183353,0.343125,0.17668264,1.0,,,,,,,,,,,,,,,,,,,,,,,,,,,,,,,,,,,,,,,,,,,
916.0,-0.02078714558571519,0.05145940184593201,0.0005990147474221885,0.1865597367286682,0.0,0.30647415,0.15509713,0.99940103,0.080342494,0.03125198,1.2869916e-07,0.0033507347,0.0012447834,0.024597883,0.05611496,0.06646681,0.018215166,0.3435,0.17686205,1.0,,,,,,,,,,,,,,,,,,,,,,,,,,,,,,,,,,,,,,,,,,,
917.0,-0.020853481666331938,0.051476895809173584,0.0005990147474221885,0.184332937002182,0.0,0.30680907,0.15522675,0.99940103,0.08037855,0.031109242,7.300817e-08,0.0031328201,0.0010578632,0.024551153,-0.05118989,-0.046106096,-0.011181571,0.343875,0.17704141,1.0,,,,,,,,,,,,,,,,,,,,,,,,,,,,,,,,,,,,,,,,,,,
918.0,-0.020920635243848667,0.05149407312273979,0.0005990147474221885,0.1820923537015915,0.0,0.30714408,0.15535581,0.99940103,0.08040673,0.03097525,1.237548e-07,0.0033733845,0.0013291836,0.024627209,0.05610691,0.06646911,0.018210156,0.34425,0.17722073,1.0,,,,,,,,,,,,,,,,,,,,,,,,,,,,,,,,,,,,,,,,,,,
919.0,-0.02098778636355928,0.05151105672121048,0.0005990147474221885,0.1798379272222519,0.0,0.3074793,0.15548427,0.99940103,0.08044624,0.030831737,6.663221e-08,0.0031552315,0.0011422634,0.024580479,-0.051197134,-0.04610633,-0.011179783,0.344625,0.17740001,1.0,,,,,,,,,,,,,,,,,,,,,,,,,,,,,,,,,,,,,,,,,,,
920.0,-0.021055757466358776,0.05152776837348938,0.0005990147474221885,0.17756964266300201,0.0,0.3078146,0.15561219,0.99940103,0.080477886,0.030696975,1.18564145e-07,0.0033957958,0.0014133453,0.024656534,0.056098863,0.06647141,0.018205142,0.345,0.17757924,1.0,,,,,,,,,,,,,,,,,,,,,,,,,,,,,,,,,,,,,,,,,,,
921.0,-0.02112372396375722,0.05154423788189888,0.0005990147474221885,0.17528752982616425,0.0,0.3081501,0.15573949,0.99940103,0.08052085,0.030552693,6.00106e-08,0.0031778812,0.0012266636,0.024609566,-0.051204372,-0.04610657,-0.0111779915,0.345375,0.17775843,1.0,,,,,,,,,,,,,,,,,,,,,,,,,,,,,,,,,,,,,,,,,,,
922.0,-0.021192509558940947,0.051560454070568085,0.0005990147474221885,0.17299160361289978,0.0,0.30848575,0.15586622,0.99940103,0.08055595,0.030417161,1.13127236e-07,0.0034182072,0.0014977455,0.02468586,0.056090824,0.06647372,0.018200126,0.34575,0.17793758,1.0,,,,,,,,,,,,,,,,,,,,,,,,,,,,,,,,,,,,,,,,,,,
923.0,-0.02126128888077001,0.05157638341188431,0.0005990147474221885,0.1706819087266922,0.0,0.3088216,0.15599236,0.99940103,0.08060238,0.030272111,5.31434e-08,0.0032002926,0.0013110638,0.024638891,-0.05121161,-0.046106808,-0.011176193,0.346125,0.17811668,1.0,,,,,,,,,,,,,,,,,,,,,,,,,,,,,,,,,,,,,,,,,,,
924.0,-0.021330882720773662,0.05159207060933113,0.0005990147474221885,0.16835851967334747,0.0,0.3091576,0.15611792,0.99940103,0.080640934,0.030135812,1.0744413e-07,0.0034406185,0.0015821457,0.024715185,0.056082785,0.066476025,0.018195108,0.3465,0.17829573,1.0,,,,,,,,,,,,,,,,,,,,,,,,,,,,,,,,,,,,,,,,,,,
925.0,-0.021400465175336288,0.05160752683877945,0.0005990147474221885,0.16602158546447754,0.0,0.3094938,0.15624288,0.99940103,0.08069081,0.029989999,4.603065e-08,0.0032224655,0.0013952255,0.024668217,-0.051218845,-0.04610705,-0.011174389,0.346875,0.17847474,1.0,,,,,,,,,,,,,,,,,,,,,,,,,,,,,,,,,,,,,,,,,,,
926.0,-0.021470853398997864,0.05162268131971359,0.0005990147474221885,0.16367124021053314,0.0,0.30983022,0.15636727,0.99940103,0.080732815,0.02985294,1.0151488e-07,0.0034630299,0.0016665459,0.02474451,0.056074753,0.06647833,0.018190088,0.34725,0.1786537,1.0,,,,,,,,,,,,,,,,,,,,,,,,,,,,,,,,,,,,,,,,,,,
927.0,-0.021541220776458068,0.051637642085552216,0.0005990147474221885,0.16130763292312622,0.0,0.3101668,0.15649104,0.99940103,0.080786146,0.029706364,3.8672418e-08,0.0032448769,0.0014796257,0.024697542,-0.05122608,-0.04610729,-0.0111725805,0.347625,0.17883262,1.0,,,,,,,,,,,,,,,,,,,,,,,,,,,,,,,,,,,,,,,,,,,
928.0,-0.021612384839415612,0.051652319729328156,0.0005990147474221885,0.1589309424161911,0.0,0.3105036,0.15661424,0.99940103,0.0808316,0.029568544,9.533954e-08,0.0034852028,0.0017507076,0.024773598,0.056066725,0.06648063,0.018185064,0.348,0.17901151,1.0,,,,,,,,,,,,,,,,,,,,,,,,,,,,,,,,,,,,,,,,,,,
929.0,-0.021683513481514094,0.051666755229234695,0.0005990147474221885,0.15654143691062927,0.0,0.31084064,0.15673684,0.99940103,0.08088839,0.029421212,3.1068744e-08,0.0032670498,0.0015640259,0.024726868,-0.051233307,-0.04610753,-0.011170766,0.348375,0.17919034,1.0,,,,,,,,,,,,,,,,,,,,,,,,,,,,,,,,,,,,,,,,,,,
930.0,-0.021755423310628248,0.05168091505765915,0.0005990147474221885,0.15413938462734222,0.0,0.31117788,0.15685885,0.99940103,0.080937296,0.029282635,8.891815e-08,0.0035073757,0.0018351078,0.024802923,0.056058697,0.06648293,0.018180037,0.34875,0.17936912,1.0,,,,,,,,,,,,,,,,,,,,,,,,,,,,,,,,,,,,,,,,,,,
931.0,-0.021827283072761203,0.0516948327422142,0.0005990147474221885,0.15172502398490906,0.0,0.31151536,0.15698023,0.99940103,0.08099753,0.029134547,2.3219693e-08,0.0032892227,0.001648426,0.024755955,-0.051240534,-0.046107776,-0.0111689465,0.349125,0.17954786,1.0,,,,,,,,,,,,,,,,,,,,,,,,,,,,,,,,,,,,,,,,,,,
932.0,-0.021899905609035344,0.05170851945877075,0.0005990147474221885,0.1492987424135208,0.0,0.31185308,0.15710105,0.99940103,0.08104989,0.028995218,8.225077e-08,0.0035295486,0.001919508,0.024832249,0.056050677,0.06648523,0.018175008,0.3495,0.17972656,1.0,,,,,,,,,,,,,,,,,,,,,,,,,,,,,,,,,,,,,,,,,,,
933.0,-0.02197242023248837,0.05172191187739372,0.0005990147474221885,0.14686085283756256,0.0,0.31219107,0.15722124,0.99940103,0.08111357,0.028846378,1.5125304e-08,0.0033113956,0.0017328262,0.02478528,-0.051247757,-0.04610802,-0.011167122,0.349875,0.1799052,1.0,,,,,,,,,,,,,,,,,,,,,,,,,,,,,,,,,,,,,,,,,,,
934.0,-0.022045677275558413,0.051735080778598785,0.0005990147474221885,0.14441172778606415,0.0,0.31252927,0.15734085,0.99940103,0.081169374,0.028706295,7.5337454e-08,0.003480196,0.0020039082,0.024861336,0.038898647,0.066062525,0.018199693,0.35025,0.18008381,1.0,,,,,,,,,,,,,,,,,,,,,,,,,,,,,,,,,,,,,,,,,,,
935.0,-0.022118713996019505,0.051747970283031464,0.0005990147474221885,0.1419517695903778,0.0,0.31286776,0.15745986,0.99940103,0.08123643,0.028559627,1.7054516e-08,0.0031905174,0.0018172264,0.024814367,-0.06839492,-0.046536285,-0.011127695,0.350625,0.18026239,1.0,,,,,,,,,,,,,,,,,,,,,,,,,,,,,,,,,,,,,,,,,,,
936.0,-0.022192396397121776,0.051760654896497726,0.0005990147474221885,0.13948145508766174,0.0,0.3132065,0.15757829,0.99940103,0.08129554,0.028424637,8.4820115e-08,0.0033593178,0.0020883083,0.024890661,0.03889856,0.06606696,0.018186862,0.351,0.1804409,1.0,,,,,,,,,,,,,,,,,,,,,,,,,,,,,,,,,,,,,,,,,,,
937.0,-0.02226596048971842,0.051773011684417725,0.0005990147474221885,0.13700121641159058,0.0,0.3135455,0.15769613,0.99940103,0.0813659,0.028283058,2.4660256e-08,0.0030696392,0.0019016266,0.024843693,-0.06839408,-0.046538617,-0.0111179575,0.351375,0.18061937,1.0,,,,,,,,,,,,,,,,,,,,,,,,,,,,,,,,,,,,,,,,,,,
938.0,-0.02234021740395547,0.05178516358137131,0.0005990147474221885,0.1345115602016449,0.0,0.3138848,0.15781344,0.99940103,0.08142831,0.028153155,9.20803e-08,0.0032384396,0.0021727085,0.024919271,0.038898278,0.06607169,0.018073143,0.35175,0.1807978,1.0,,,,,,,,,,,,,,,,,,,,,,,,,,,,,,,,,,,,,,,,,,,
939.0,-0.02241432608845135,0.051797084510326385,0.0005990147474221885,0.1320130079984665,0.0,0.3142244,0.15793018,0.99940103,0.08150197,0.028016664,3.189788e-08,0.002948761,0.0019860268,0.024872065,-0.06839346,-0.04654061,-0.011209082,0.352125,0.18097618,1.0,,,,,,,,,,,,,,,,,,,,,,,,,,,,,,,,,,,,,,,,,,,
940.0,-0.022489092866799187,0.05180872231721878,0.000599038612563163,0.1295061707496643,0.0,0.31456426,0.1580464,0.99940103,0.081567675,0.027891848,9.8537136e-08,0.0031177998,0.0022571087,0.024947643,0.038898245,0.066076085,0.018060358,0.3525,0.18115452,1.0,,,,,,,,,,,,,,,,,,,,,,,,,,,,,,,,,,,,,,,,,,,
941.0,-0.022563679132716792,0.05182012915611267,0.0005990624194964767,0.12699155509471893,0.0,0.31490442,0.15816206,0.99940103,0.081644624,0.02776044,3.8434155e-08,0.0028278828,0.002070427,0.024900198,-0.06839266,-0.04654288,-0.0111992955,0.352875,0.18133281,1.0,,,,,,,,,,,,,,,,,,,,,,,,,,,,,,,,,,,,,,,,,,,
942.0,-0.02263888674598275,0.051831282675266266,0.000599038612563163,0.12446988373994827,0.0,0.3152449,0.15827723,0.99940103,0.08171363,0.027640708,1.0426881e-07,0.0029969215,0.0023417473,0.024975777,0.038898215,0.06608047,0.018047571,0.35325,0.18151104,1.0,,,,,,,,,,,,,,,,,,,,,,,,,,,,,,,,,,,,,,,,,,,
943.0,-0.02271387401993052,0.05184222385287285,0.0005990505451336503,0.12194175273180008,0.0,0.3155857,0.15839188,0.99940103,0.08179388,0.027514385,4.4250672e-08,0.002707243,0.0021548271,0.02492857,-0.06839185,-0.04654515,-0.011189507,0.353625,0.18168925,1.0,,,,,,,,,,,,,,,,,,,,,,,,,,,,,,,,,,,,,,,,,,,
944.0,-0.022789442734516347,0.05185289308428764,0.0005990624194964767,0.11940790712833405,0.0,0.31592682,0.15850604,0.9994011,0.08186618,0.027399732,1.0927961e-07,0.0028760433,0.0024261475,0.025004148,0.03889818,0.06608486,0.018034784,0.354,0.1818674,1.0,,,,,,,,,,,,,,,,,,,,,,,,,,,,,,,,,,,,,,,,,,,
945.0,-0.022864749758125986,0.05186331272125244,0.0005990505451336503,0.1168690025806427,0.0,0.31626827,0.1586197,0.99940103,0.08194973,0.027278489,-1.3461727e-07,0.0025863647,0.0022392273,0.024956942,-0.06839105,-0.046547417,-0.011179719,0.354375,0.18204552,1.0,,,,,,,,,,,,,,,,,,,,,,,,,,,,,,,,,,,,,,,,,,,
946.0,-0.022940593757382163,0.05187349393963814,0.0005990624194964767,0.1143258810043335,0.0,0.31661004,0.1587329,0.9994011,0.08202533,0.027168915,1.5676201e-07,0.002755165,0.0025105476,0.025032282,0.03889815,0.06608924,0.018021997,0.35475,0.18222357,1.0,,,,,,,,,,,,,,,,,,,,,,,,,,,,,,,,,,,,,,,,,,,
947.0,-0.023016128517621116,0.05188343673944473,0.0005990505451336503,0.11177927255630493,0.0,0.3169522,0.15884562,0.99940103,0.08211216,0.027052749,-1.4038339e-07,0.0024654865,0.002323866,0.024985075,-0.06839024,-0.046549685,-0.011169929,0.355125,0.1824016,1.0,,,,,,,,,,,,,,,,,,,,,,,,,,,,,,,,,,,,,,,,,,,
948.0,-0.10309215111810481,0.05189310386776924,0.0005990624194964767,0.10923010110855103,1.0,0.31729466,0.1589579,0.9994011,0.08219106,0.02694825,1.6271247e-07,0.0026345253,0.0025949478,0.0250597,0.038897675,0.06609408,0.017823264,0.3555,0.18257958,1.0,,,,,,,,,,,,,,,,,,,,,,,,,,,,,,,,,,,,,,,,,,,
