step,reward,mean_form_error_m,mean_z_error_m,min_dyn_distance_m,collision_flag,x_m,y_m,z_m,vx_mps,vy_mps,vz_mps,roll_rad,pitch_rad,yaw_rad,wx_rps,wy_rps,wz_rps,x_des_m,y_des_m,z_des_m,ic_pos_jitter_d0_x_m,ic_pos_jitter_d0_y_m,ic_pos_jitter_d0_z_m,ic_yaw_jitter_d0_rad,ic_vel_jitter_d0_x_mps,ic_vel_jitter_d0_y_mps,ic_vel_jitter_d0_z_mps,ic_pos_jitter_d1_x_m,ic_pos_jitter_d1_y_m,ic_pos_jitter_d1_z_m,ic_yaw_jitter_d1_rad,ic_vel_jitter_d1_x_mps,ic_vel_jitter_d1_y_mps,ic_vel_jitter_d1_z_mps,ic_pos_jitter_d2_x_m,ic_pos_jitter_d2_y_m,ic_pos_jitter_d2_z_m,ic_yaw_jitter_d2_rad,ic_vel_jitter_d2_x_mps,ic_vel_jitter_d2_y_mps,ic_vel_jitter_d2_z_mps,ic_pos_jitter_d3_x_m,ic_pos_jitter_d3_y_m,ic_pos_jitter_d3_z_m,ic_yaw_jitter_d3_rad,ic_vel_jitter_d3_x_mps,ic_vel_jitter_d3_y_mps,ic_vel_jitter_d3_z_mps,ic_pos_jitter_d4_x_m,ic_pos_jitter_d4_y_m,ic_pos_jitter_d4_z_m,ic_yaw_jitter_d4_rad,ic_vel_jitter_d4_x_mps,ic_vel_jitter_d4_y_mps,ic_vel_jitter_d4_z_mps,ic_obstacle_jitter_x_m,ic_obstacle_jitter_y_m,ic_obstacle_jitter_z_m,ic_dynamic_jitter_x_m,ic_dynamic_jitter_y_m,ic_dynamic_jitter_z_m,ic_disable_dynamic_flag,ic_chase_mode
,,,,,,,,,,,,,,,,,,,,,0.2997184151698253,-0.07418775087511323,0.21080288134277086,-0.12327858888715088,0.1845547791897803,0.14576070881109587,0.15756597187082438,0.03658411970212794,0.06165730324019747,0.08990812838622492,-0.026796409286211464,0.09248777224658533,0.07005591315614745,-0.19550392773704486,-0.19304096077517818,0.17777100342509572,-0.0815055831561163,0.3182297141090401,0.1261997334201007,0.12146077852013598,0.041954344850243686,-0.17999200806582943,0.007286576482332885,-0.2501180947938608,0.05526020088711581,-0.12082444082942922,0.11625846758575342,0.005417939946245787,0.013269000213204929,-0.0966994903997063,0.1320696200755619,-0.14564923710288147,-0.15273558599878612,0.09297026220307952,0.09424715467417999,0.15156614595428075,-0.147350053698803,0.32799968019766146,0.3093798832658622,0.30421324916310355,-0.2870407822788072,0.0,random
0.0,-0.002422345020184679,0.0006610554410144687,0.0005063414573669434,1.5149431228637695,0.0,0.0,0.0,0.99949414,0.0,0.0,-0.00011285209,0.0,0.0,0.0,0.0,0.0,0.0,0.0,0.0,1.0,,,,,,,,,,,,,,,,,,,,,,,,,,,,,,,,,,,,,,,,,,,
1.0,-0.0024245848468355917,0.0009896312840282917,0.0005068182945251465,1.5149129629135132,0.0,0.0,0.0,0.99949366,0.0,0.0,-0.00011166034,0.0,0.0,0.0,0.0,0.0,0.0,0.000375,0.0002,1.0,,,,,,,,,,,,,,,,,,,,,,,,,,,,,,,,,,,,,,,,,,,
2.0,-0.0024257637655071347,0.0013721366412937641,0.0005072355270385742,1.5148676633834839,0.0,0.0,0.0,0.9994932,0.0,0.0,-0.000110468405,-0.00012803078,0.00023984909,0.0,-0.030714178,0.057589088,0.0,0.00075,0.00039999993,1.0,,,,,,,,,,,,,,,,,,,,,,,,,,,,,,,,,,,,,,,,,,,
3.0,-0.0024276636758467935,0.0017741359770298004,0.0005077123641967773,1.5148075819015503,0.0,4.0868425e-08,2.1796492e-08,0.99949276,9.808422e-06,5.231158e-06,-0.000109278044,0.00020241737,2.1457672e-05,0.0,0.07927969,-0.052410748,-1.2316217e-05,0.001125,0.0005999998,1.0,,,,,,,,,,,,,,,,,,,,,,,,,,,,,,,,,,,,,,,,,,,
4.0,-0.0024295998265088203,0.0021847523748874664,0.0005081295967102051,1.5147323608398438,0.0,8.540315e-08,9.123801e-09,0.9994923,1.0688335e-05,-3.0414458e-06,-0.00010826909,7.43866e-05,0.00026154518,1.1920929e-06,-0.03072544,0.05758821,0.00028527447,0.0015,0.00079999946,1.0,,,,,,,,,,,,,,,,,,,,,,,,,,,,,,,,,,,,,,,,,,,
5.0,-0.0024315579837094,0.0026000444777309895,0.0005086064338684082,1.5146421194076538,0.0,1.7447132e-07,-1.6206544e-08,0.9994919,2.137636e-05,-6.0792827e-06,-0.00010703491,0.00040459633,4.3153763e-05,-2.4080276e-05,0.07926684,-0.05241106,-0.0060845534,0.001875,0.000999999,1.0,,,,,,,,,,,,,,,,,,,,,,,,,,,,,,,,,,,,,,,,,,,
6.0,-0.0024335294677302046,0.003017979208379984,0.0005090236663818359,1.5145364999771118,0.0,2.7086872e-07,-1.1044439e-07,0.9994914,2.3135375e-05,-2.2617083e-05,-0.00010603879,0.00027656555,0.00028300285,7.224083e-05,-0.030735558,0.05757703,0.023127267,0.00225,0.0011999982,1.0,,,,,,,,,,,,,,,,,,,,,,,,,,,,,,,,,,,,,,,,,,,
7.0,-0.0024355107429523746,0.0034376748371869326,0.0005094408988952637,1.5144158601760864,0.0,4.1545937e-07,-2.517614e-07,0.999491,3.4701756e-05,-3.3916087e-05,-0.000104800754,0.0006067753,6.4611435e-05,4.673004e-05,0.07925311,-0.052409466,-0.0061006187,0.002625,0.0013999972,1.0,,,,,,,,,,,,,,,,,,,,,,,,,,,,,,,,,,,,,,,,,,,
8.0,-0.002437499873882098,0.0038585341535508633,0.0005098581314086914,1.5142805576324463,0.0,5.710385e-07,-4.9639044e-07,0.99949056,3.7339e-05,-5.8710968e-05,-0.00010380806,0.0004787445,0.00030446053,0.00014328957,-0.030756464,0.057564907,0.023135802,0.003,0.0015999958,1.0,,,,,,,,,,,,,,,,,,,,,,,,,,,,,,,,,,,,,,,,,,,
9.0,-0.002439495843583973,0.004280250519514084,0.0005102753639221191,1.5141297578811646,0.0,7.7846397e-07,-8.224807e-07,0.99949014,4.9782106e-05,-7.826165e-05,-0.00010275234,0.0008087158,8.606911e-05,0.00011777878,0.079239376,-0.052407872,-0.006116672,0.003375,0.0017999939,1.0,,,,,,,,,,,,,,,,,,,,,,,,,,,,,,,,,,,,,,,,,,,
10.0,-0.002441497854123009,0.004702573176473379,0.0005107522010803223,1.5139636993408203,0.0,1.0005307e-06,-1.2862483e-06,0.9994897,5.329601e-05,-0.000111304245,-0.000101719386,0.00068068504,0.0003259182,0.00021409988,-0.030777361,0.05755279,0.023144327,0.00375,0.0019999917,1.0,,,,,,,,,,,,,,,,,,,,,,,,,,,,,,,,,,,,,,,,,,,
11.0,-0.0024435046793074436,0.005125383380800486,0.0005111098289489746,1.5137827396392822,0.0,1.2780904e-06,-1.8658202e-06,0.99948925,6.6614324e-05,-0.00013909725,-0.00010067226,0.0010106564,0.00010752678,0.0001885891,0.07922566,-0.052406278,-0.006132712,0.004125,0.0021999888,1.0,,,,,,,,,,,,,,,,,,,,,,,,,,,,,,,,,,,,,,,,,,,
12.0,-0.002445515626651833,0.0055485800839960575,0.0005115270614624023,1.5135866403579712,0.0,1.5739375e-06,-2.6173966e-06,0.9994889,7.100333e-05,-0.00018037832,-9.945585e-05,0.00088238716,0.00034737587,0.00028514862,-0.030798247,0.057540674,0.02315284,0.0045,0.0023999857,1.0,,,,,,,,,,,,,,,,,,,,,,,,,,,,,,,,,,,,,,,,,,,
13.0,-0.0024475321610189,0.00597210880368948,0.0005119442939758301,1.5133750438690186,0.0,1.9289175e-06,-3.51908e-06,0.9994885,8.519519e-05,-0.00021640408,-9.863492e-05,0.0012123585,0.00012874603,0.00025963783,0.07921194,-0.052404687,-0.0061487397,0.004875,0.0025999816,1.0,,,,,,,,,,,,,,,,,,,,,,,,,,,,,,,,,,,,,,,,,,,
14.0,-0.002449551541540132,0.006395907141268253,0.0005123615264892578,1.513148546218872,0.0,2.3058246e-06,-4.6270548e-06,0.99948806,9.0457695e-05,-0.00026591393,-9.755189e-05,0.0010840893,0.00036859512,0.00035619736,-0.030819124,0.05752856,0.023161342,0.00525,0.002799977,1.0,,,,,,,,,,,,,,,,,,,,,,,,,,,,,,,,,,,,,,,,,,,
15.0,-0.002451576252334781,0.006819963455200195,0.0005127787590026855,1.5129070281982422,0.0,2.7454983e-06,-5.9194026e-06,0.99948764,0.0001055217,-0.00031016342,-9.651482e-05,0.0014138222,0.0001502037,0.00033044815,0.079198234,-0.052403096,-0.0061647547,0.005625,0.0029999719,1.0,,,,,,,,,,,,,,,,,,,,,,,,,,,,,,,,,,,,,,,,,,,
16.0,-0.0024536042363175513,0.0072442106902599335,0.0005131363868713379,1.5126503705978394,0.0,3.210732e-06,-7.452289e-06,0.9994872,0.000111656125,-0.00036789276,-9.548508e-05,0.001285553,0.00038981438,0.00042700768,-0.030839989,0.057516444,0.023169836,0.006,0.003199966,1.0,,,,,,,,,,,,,,,,,,,,,,,,,,,,,,,,,,,,,,,,,,,
17.0,-0.002455636616514312,0.007668682839721441,0.0005135536193847656,1.512378215789795,0.0,3.7423597e-06,-9.203774e-06,0.99948686,0.00012759063,-0.00042035646,-9.443464e-05,0.0016152859,0.00017142296,0.00040125847,0.07918454,-0.052401505,-0.0061807567,0.006375,0.003399959,1.0,,,,,,,,,,,,,,,,,,,,,,,,,,,,,,,,,,,,,,,,,,,
18.0,-0.0024576724058417315,0.00809332262724638,0.000513911247253418,1.512091040611267,0.0,4.3031737e-06,-1.1230006e-05,0.99948645,0.00013459538,-0.00048629564,-9.359451e-05,0.0014867783,0.00041103363,0.000497818,-0.030860843,0.05750433,0.023178317,0.00675,0.0035999515,1.0,,,,,,,,,,,,,,,,,,,,,,,,,,,,,,,,,,,,,,,,,,,
19.0,-0.002459712228435092,0.008518160320818424,0.0005143284797668457,1.5117884874343872,0.0,4.9340024e-06,-1.3509024e-05,0.9994861,0.0001513988,-0.0005469642,-9.249871e-05,0.0018167496,0.00019264221,0.0004720688,0.079170845,-0.052399915,-0.0061967466,0.007125,0.0037999428,1.0,,,,,,,,,,,,,,,,,,,,,,,,,,,,,,,,,,,,,,,,,,,
20.0,-0.002461755837166858,0.008943157270550728,0.000514686107635498,1.5114706754684448,0.0,5.597637e-06,-1.6096958e-05,0.9994857,0.00015927234,-0.0006211041,-9.1671754e-05,0.0016880035,0.00043225288,0.0005686283,-0.030881688,0.05749222,0.023186788,0.0075,0.003999933,1.0,,,,,,,,,,,,,,,,,,,,,,,,,,,,,,,,,,,,,,,,,,,
21.0,-0.0024638031125170535,0.009368322789669037,0.0005150437355041504,1.51113760471344,0.0,6.3349e-06,-1.8971825e-05,0.9994853,0.0001769431,-0.0006899681,-9.0572e-05,0.0020177364,0.00021362305,0.0005428791,0.07915716,-0.052398328,-0.006212724,0.007875,0.004199923,1.0,,,,,,,,,,,,,,,,,,,,,,,,,,,,,,,,,,,,,,,,,,,
22.0,-0.002465853850777785,0.009793642908334732,0.0005154013633728027,1.510789394378662,0.0,7.1085824e-06,-2.2189739e-05,0.99948496,0.00018568384,-0.0007722994,-8.974849e-05,0.0018892288,0.00045323372,0.00063943863,-0.030902522,0.057480104,0.023195248,0.00825,0.004399911,1.0,,,,,,,,,,,,,,,,,,,,,,,,,,,,,,,,,,,,,,,,,,,
23.0,-0.0024679092428603333,0.010219168849289417,0.0005158185958862305,1.5104259252548218,0.0,7.9595e-06,-2.5728694e-05,0.9994846,0.00020422028,-0.0008493492,-8.883104e-05,0.0022187233,0.00023460388,0.0006136894,0.07914348,-0.05239674,-0.0062286886,0.008625,0.0045998986,1.0,,,,,,,,,,,,,,,,,,,,,,,,,,,,,,,,,,,,,,,,,,,
24.0,-0.002468478625851277,0.01064479909837246,0.0005161762237548828,1.5100468397140503,0.0,8.850445e-06,-2.9644789e-05,0.9994842,0.00021382666,-0.0009398626,-8.7967244e-05,0.0020902157,0.00047421455,0.00071024895,-0.030923344,0.057467997,0.023203699,0.009,0.0047998847,1.0,,,,,,,,,,,,,,,,,,,,,,,,,,,,,,,,,,,,,,,,,,,
25.0,-0.0024713411633187207,0.011070610955357552,0.0005165338516235352,1.5096527338027954,0.0,9.822225e-06,-3.3915996e-05,0.9994838,0.00023322737,-0.0010250894,-8.6874425e-05,0.0018246174,0.00025558472,0.00068449974,-0.06370308,-0.052496616,-0.006176905,0.009375,0.00499987,1.0,,,,,,,,,,,,,,,,,,,,,,,,,,,,,,,,,,,,,,,,,,,
26.0,-0.002471917095928803,0.011496534571051598,0.0005168914794921875,1.5092434883117676,0.0,1.08375625e-05,-3.849703e-05,0.99948347,0.00024368083,-0.0010994487,-8.600269e-05,0.0020172596,0.0004951954,0.00078105927,0.046229385,0.05752559,0.023158185,0.00975,0.0051998533,1.0,,,,,,,,,,,,,,,,,,,,,,,,,,,,,,,,,,,,,,,,,,,
27.0,-0.002474786226279686,0.011922596022486687,0.0005172491073608398,1.5088187456130981,0.0,1.1937301e-05,-4.3420634e-05,0.9994831,0.00026393723,-0.0011816646,-8.512238e-05,0.0017516613,0.00027680397,0.00075531006,-0.06370159,-0.05249727,-0.0061755404,0.010125,0.0053998358,1.0,,,,,,,,,,,,,,,,,,,,,,,,,,,,,,,,,,,,,,,,,,,
28.0,-0.0024753681251313544,0.012348735705018044,0.0005175471305847168,1.5083789825439453,0.0,1.308416e-05,-4.8641527e-05,0.99948275,0.0002752463,-0.0012530143,-8.420136e-05,0.0019445419,0.0005161762,0.0008518696,0.04622371,0.057534844,0.023149235,0.0105,0.0055998173,1.0,,,,,,,,,,,,,,,,,,,,,,,,,,,,,,,,,,,,,,,,,,,
29.0,-0.0024782441142335303,0.012775024399161339,0.0005179047584533691,1.5079238414764404,0.0,1.4318991e-05,-5.4192446e-05,0.99948245,0.0002963594,-0.0013322203,-8.333225e-05,0.0016789436,0.0002977848,0.00082588196,-0.063700095,-0.05249793,-0.006174172,0.010875,0.005799797,1.0,,,,,,,,,,,,,,,,,,,,,,,,,,,,,,,,,,,,,,,,,,,
30.0,-0.002478832318838977,0.01320138294249773,0.0005182623863220215,1.5074536800384521,0.0,1.5604512e-05,-6.0028113e-05,0.9994821,0.00030852488,-0.0014005606,-8.2593164e-05,0.0018718243,0.0005373955,0.0009224415,0.046218038,0.057544097,0.023140283,0.01125,0.005999775,1.0,,,,,,,,,,,,,,,,,,,,,,,,,,,,,,,,,,,,,,,,,,,
31.0,-0.0024817137159741836,0.01362786628305912,0.0005185604095458984,1.5069682598114014,0.0,1.6981576e-05,-6.618127e-05,0.99948174,0.00033049556,-0.001476757,-8.168097e-05,0.001606226,0.00031876564,0.0008966923,-0.063698605,-0.05249859,-0.006172798,0.011625,0.0061997515,1.0,,,,,,,,,,,,,,,,,,,,,,,,,,,,,,,,,,,,,,,,,,,
32.0,-0.002482308528081922,0.014054420404136181,0.0005189180374145508,1.5064674615859985,0.0,1.8412904e-05,-7.2606636e-05,0.99948144,0.00034351848,-0.001542089,-8.076864e-05,0.0017988682,0.0005583763,0.0009930134,0.046212368,0.057553343,0.02313133,0.012,0.006399727,1.0,,,,,,,,,,,,,,,,,,,,,,,,,,,,,,,,,,,,,,,,,,,
33.0,-0.0024851967522787166,0.01448104064911604,0.0005192756652832031,1.5059516429901123,0.0,1.993935e-05,-7.9336955e-05,0.9994811,0.0003663475,-0.001615276,-8.0080725e-05,0.0015332699,0.0003399849,0.0009672642,-0.063697115,-0.052499246,-0.0061714198,0.012375,0.0065997005,1.0,,,,,,,,,,,,,,,,,,,,,,,,,,,,,,,,,,,,,,,,,,,
34.0,-0.0024857970992103223,0.01490776240825653,0.0005195736885070801,1.5054203271865845,0.0,2.1523638e-05,-8.632695e-05,0.9994807,0.00038022868,-0.0016776,-7.911633e-05,0.0017261505,0.00057959557,0.0010635853,0.0462067,0.057562586,0.023122374,0.01275,0.0067996723,1.0,,,,,,,,,,,,,,,,,,,,,,,,,,,,,,,,,,,,,,,,,,,
35.0,-0.0024886909299166307,0.015334531664848328,0.000519871711730957,1.5048739910125732,0.0,2.3206625e-05,-9.3609364e-05,0.9994804,0.00040391716,-0.0017477786,-7.825631e-05,0.0014603138,0.00036120415,0.0010378361,-0.063695624,-0.052499905,-0.0061700367,0.013125,0.0069996426,1.0,,,,,,,,,,,,,,,,,,,,,,,,,,,,,,,,,,,,,,,,,,,
36.0,-0.002489297684977649,0.01576138846576214,0.0005202293395996094,1.504312515258789,0.0,2.4951032e-05,-0.000101138925,0.9994801,0.0004186574,-0.0018070946,-7.751689e-05,0.0016531944,0.0006008148,0.0011341572,0.046201035,0.057571825,0.023113417,0.0135,0.007199611,1.0,,,,,,,,,,,,,,,,,,,,,,,,,,,,,,,,,,,,,,,,,,,
37.0,-0.002492196835143844,0.016188282519578934,0.0005205273628234863,1.5037356615066528,0.0,2.6797723e-05,-0.00010894836,0.9994798,0.00044320608,-0.001874265,-7.678765e-05,0.0013875961,0.0003824234,0.001108408,-0.063694134,-0.05250056,-0.006168649,0.013875,0.007399578,1.0,,,,,,,,,,,,,,,,,,,,,,,,,,,,,,,,,,,,,,,,,,,
38.0,-0.0024928097101568777,0.0166152436286211,0.0005208253860473633,1.5031440258026123,0.0,2.8709417e-05,-0.00011699242,0.9994795,0.00045880643,-0.0019305741,-7.583416e-05,0.0015802383,0.0006220341,0.0012047291,0.046195373,0.057581056,0.023104457,0.01425,0.007599543,1.0,,,,,,,,,,,,,,,,,,,,,,,,,,,,,,,,,,,,,,,,,,,
39.0,-0.0024957155589392685,0.01704224944114685,0.0005211830139160156,1.5025370121002197,0.0,3.0726984e-05,-0.00012530382,0.9994792,0.0004842162,-0.0019947367,-7.515481e-05,0.00131464,0.00040364265,0.0011789799,-0.063692644,-0.05250122,-0.006167257,0.014625,0.0077995057,1.0,,,,,,,,,,,,,,,,,,,,,,,,,,,,,,,,,,,,,,,,,,,
40.0,-0.0024963334278523754,0.01746930554509163,0.0005214810371398926,1.5019149780273438,0.0,3.281314e-05,-0.00013383733,0.9994788,0.0005006774,-0.0020480389,-7.4374184e-05,0.0015075207,0.0006432533,0.001275301,0.04618971,0.057590287,0.023095498,0.015,0.007999467,1.0,,,,,,,,,,,,,,,,,,,,,,,,,,,,,,,,,,,,,,,,,,,
41.0,-0.0024992451845028086,0.017896372824907303,0.0005217790603637695,1.501278042793274,0.0,3.500876e-05,-0.00014262563,0.9994785,0.00052694936,-0.0021091949,-7.346991e-05,0.001241684,0.0004248619,0.0012493134,-0.06369116,-0.05250188,-0.00616586,0.015375,0.008199425,1.0,,,,,,,,,,,,,,,,,,,,,,,,,,,,,,,,,,,,,,,,,,,
42.0,-0.002499869547470021,0.0183235052973032,0.0005220770835876465,1.5006260871887207,0.0,3.7276564e-05,-0.0001516235,0.9994782,0.0005442723,-0.0021594905,-7.274269e-05,0.0014345646,0.000664711,0.0013456345,0.04618405,0.05759951,0.023086535,0.01575,0.008399382,1.0,,,,,,,,,,,,,,,,,,,,,,,,,,,,,,,,,,,,,,,,,,,
43.0,-0.002502786564530124,0.018750648945569992,0.0005223751068115234,1.499958872795105,0.0,3.9657425e-05,-0.00016086368,0.9994779,0.000571407,-0.0022176397,-7.200948e-05,0.0011687279,0.00044631958,0.0013198853,-0.06368968,-0.05250254,-0.006164459,0.016125,0.008599337,1.0,,,,,,,,,,,,,,,,,,,,,,,,,,,,,,,,,,,,,,,,,,,
44.0,-0.002503416523573136,0.01917782798409462,0.0005226731300354004,1.499276876449585,0.0,4.211406e-05,-0.00017030087,0.9994776,0.00058959273,-0.0022649297,-7.12427e-05,0.0013616085,0.00068616867,0.0014162064,0.046178393,0.05760873,0.02307757,0.0165,0.00879929,1.0,,,,,,,,,,,,,,,,,,,,,,,,,,,,,,,,,,,,,,,,,,,
45.0,-0.0025063389848394243,0.019605016335844994,0.0005229711532592773,1.4985798597335815,0.0,4.468736e-05,-0.00017996786,0.9994773,0.00061759126,-0.0023200726,-7.0518414e-05,0.0010960102,0.00046777725,0.0013902187,-0.063688196,-0.052503195,-0.0061630527,0.016875,0.008999241,1.0,,,,,,,,,,,,,,,,,,,,,,,,,,,,,,,,,,,,,,,,,,,
46.0,-0.002506974162027513,0.020032182335853577,0.0005232095718383789,1.4978679418563843,0.0,4.734003e-05,-0.00018981934,0.999477,0.0006366405,-0.0023643575,-6.9750145e-05,0.0012886524,0.0007073879,0.0014865398,0.04617274,0.057617947,0.023068605,0.01725,0.009199189,1.0,,,,,,,,,,,,,,,,,,,,,,,,,,,,,,,,,,,,,,,,,,,
47.0,-0.002509902389481481,0.020459407940506935,0.0005235075950622559,1.4971410036087036,0.0,5.011296e-05,-0.00019988806,0.9994768,0.00066550367,-0.0024164945,-6.902584e-05,0.0010230541,0.0004889965,0.0014607906,-0.06368671,-0.052503854,-0.0061616423,0.017625,0.009399135,1.0,,,,,,,,,,,,,,,,,,,,,,,,,,,,,,,,,,,,,,,,,,,
48.0,-0.0025105431772740024,0.02088659442961216,0.0005238056182861328,1.496399164199829,0.0,5.2968866e-05,-0.0002101288,0.9994765,0.0006854173,-0.0024577745,-6.844214e-05,0.0012156963,0.0007288456,0.0015568733,0.046167087,0.05762716,0.023059636,0.018,0.009599078,1.0,,,,,,,,,,,,,,,,,,,,,,,,,,,,,,,,,,,,,,,,,,,
49.0,-0.0025134769732308017,0.021313833072781563,0.0005241036415100098,1.4956426620483398,0.0,5.594864e-05,-0.00022057423,0.9994762,0.0007151461,-0.0025069064,-6.767414e-05,0.00095009804,0.0005104542,0.0015311241,-0.06368523,-0.052504513,-0.0061602267,0.018375,0.009799019,1.0,,,,,,,,,,,,,,,,,,,,,,,,,,,,,,,,,,,,,,,,,,,
50.0,-0.0025141231013550308,0.02174099162220955,0.0005243420600891113,1.4948713779449463,0.0,5.9014998e-05,-0.00023117916,0.9994759,0.00073592516,-0.0025451824,-6.691733e-05,0.0011427402,0.00075030327,0.0016272068,0.046161436,0.05763637,0.023050668,0.01875,0.009998959,1.0,,,,,,,,,,,,,,,,,,,,,,,,,,,,,,,,,,,,,,,,,,,
51.0,-0.002517062797775859,0.022168200463056564,0.0005246400833129883,1.4940853118896484,0.0,6.2208834e-05,-0.00024197629,0.99947566,0.00076652033,-0.0025913096,-6.618961e-05,0.00087690353,0.00053215027,0.0016014576,-0.063683756,-0.052505173,-0.006158807,0.019125,0.010198895,1.0,,,,,,,,,,,,,,,,,,,,,,,,,,,,,,,,,,,,,,,,,,,
52.0,-0.0025177133560764214,0.022595366463065147,0.0005248785018920898,1.493284821510315,0.0,6.549285e-05,-0.00025292038,0.99947536,0.0007881655,-0.0026265814,-6.560791e-05,0.0010697842,0.00077199936,0.0016975403,0.046155788,0.05764557,0.023041695,0.0195,0.010398828,1.0,,,,,,,,,,,,,,,,,,,,,,,,,,,,,,,,,,,,,,,,,,,
53.0,-0.0025206581709151772,0.023022517561912537,0.0005251765251159668,1.4924694299697876,0.0,6.890797e-05,-0.00026404415,0.9994751,0.000819628,-0.0026697044,-6.483872e-05,0.00080394745,0.00055360794,0.0016717911,-0.06368228,-0.052505832,-0.0061573824,0.019875,0.010598759,1.0,,,,,,,,,,,,,,,,,,,,,,,,,,,,,,,,,,,,,,,,,,,
54.0,-0.002521314801235219,0.023449625819921494,0.0005254149436950684,1.4916393756866455,0.0,7.2416886e-05,-0.00027530236,0.9994748,0.0008421403,-0.0027019728,-6.426735e-05,0.0009965897,0.00079345703,0.0017678738,0.046150144,0.05765477,0.023032723,0.02025,0.010798688,1.0,,,,,,,,,,,,,,,,,,,,,,,,,,,,,,,,,,,,,,,,,,,
55.0,-0.002524265386979422,0.023876741528511047,0.0005257129669189453,1.4907950162887573,0.0,7.606052e-05,-0.00028672774,0.9994746,0.00087447104,-0.0027420921,-6.349537e-05,0.00073099136,0.0005750656,0.0017418861,-0.063680805,-0.05250649,-0.0061559533,0.020625,0.010998613,1.0,,,,,,,,,,,,,,,,,,,,,,,,,,,,,,,,,,,,,,,,,,,
56.0,-0.0025249262238158003,0.024303775280714035,0.0005259513854980469,1.4899359941482544,0.0,7.980157e-05,-0.0002982751,0.9994743,0.0008978513,-0.0027713578,-6.292527e-05,0.0009236336,0.0008151531,0.0018379688,0.046144497,0.057663966,0.023023749,0.021,0.0111985365,1.0,,,,,,,,,,,,,,,,,,,,,,,,,,,,,,,,,,,,,,,,,,,
57.0,-0.0025278812833483843,0.024730771780014038,0.0005261898040771484,1.4890625476837158,0.0,8.368094e-05,-0.00030997704,0.99947405,0.0009310511,-0.002808474,-6.215261e-05,0.0006580353,0.0005967617,0.0018122196,-0.06367933,-0.05250715,-0.0061545195,0.021375,0.011398457,1.0,,,,,,,,,,,,,,,,,,,,,,,,,,,,,,,,,,,,,,,,,,,
58.0,-0.0025285485389822454,0.0251577440649271,0.0005264878273010254,1.4881747961044312,0.0,8.766136e-05,-0.00032178845,0.9994738,0.0009553002,-0.0028347373,-6.1583276e-05,0.0008506775,0.0008368492,0.0019083023,0.046138857,0.057673156,0.02301477,0.02175,0.011598374,1.0,,,,,,,,,,,,,,,,,,,,,,,,,,,,,,,,,,,,,,,,,,,
59.0,-0.0025315082043764533,0.025584649294614792,0.000526726245880127,1.4872727394104004,0.0,9.178374e-05,-0.000333742,0.9994735,0.0009893698,-0.0028688502,-6.0994043e-05,0.0005848408,0.0006184578,0.0018823147,-0.063677855,-0.05250781,-0.006153081,0.022125,0.011798289,1.0,,,,,,,,,,,,,,,,,,,,,,,,,,,,,,,,,,,,,,,,,,,
60.0,-0.002532180167688788,0.026011526584625244,0.0005269646644592285,1.4863563776016235,0.0,9.601077e-05,-0.00034579248,0.9994733,0.0010144887,-0.002892112,-6.0198272e-05,0.000777483,0.0008585453,0.0019783974,0.046133216,0.05768234,0.023005793,0.0225,0.0119982,1.0,,,,,,,,,,,,,,,,,,,,,,,,,,,,,,,,,,,,,,,,,,,
61.0,-0.0025351450944036597,0.02643832005560398,0.0005272030830383301,1.4854258298873901,0.0,0.0001003834,-0.00035797255,0.99947304,0.0010494292,-0.0029232227,-5.9661852e-05,0.0005118847,0.0006401539,0.0019526482,-0.06367639,-0.05250847,-0.006151638,0.022875,0.012198108,1.0,,,,,,,,,,,,,,,,,,,,,,,,,,,,,,,,,,,,,,,,,,,
62.0,-0.002536053831270975,0.026865040883421898,0.0005274415016174316,1.4844813346862793,0.0,0.0001048643,-0.00037023707,0.9994728,0.0010754187,-0.0029434827,-5.903824e-05,0.0007045269,0.0008802414,0.0020484924,0.04612758,0.057691522,0.022996813,0.02325,0.012398014,1.0,,,,,,,,,,,,,,,,,,,,,,,,,,,,,,,,,,,,,,,,,,,
63.0,-0.00253925610637635,0.027291681617498398,0.0005276799201965332,1.4835224151611328,0.0,0.00010949443,-0.0003826187,0.99947256,0.0011112308,-0.002971592,-5.8461035e-05,0.0004386902,0.0007531643,0.0020227432,-0.06371979,-0.03060014,-0.0061347545,0.023625,0.012597917,1.0,,,,,,,,,,,,,,,,,,,,,,,,,,,,,,,,,,,,,,,,,,,
64.0,-0.002540169130464936,0.027718227356672287,0.0005279183387756348,1.4825495481491089,0.0,0.00011425203,-0.00039507222,0.9994723,0.0011418231,-0.0029888435,-5.7850244e-05,0.0006315708,0.0010845661,0.002118826,0.046080083,0.079604685,0.022993205,0.024,0.012797816,1.0,,,,,,,,,,,,,,,,,,,,,,,,,,,,,,,,,,,,,,,,,,,
65.0,-0.0025433755444610796,0.028144661337137222,0.0005281567573547363,1.4815630912780762,0.0,0.000119193566,-0.0004076303,0.9994721,0.0011859691,-0.0030139359,-5.727444e-05,0.0003657341,0.000957489,0.0020930767,-0.06372263,-0.030611036,-0.006123363,0.024375,0.012997712,1.0,,,,,,,,,,,,,,,,,,,,,,,,,,,,,,,,,,,,,,,,,,,
66.0,-0.0025442938073090217,0.02857096865773201,0.0005283951759338379,1.480562448501587,0.0,0.00012429728,-0.00042024767,0.99947184,0.0012248917,-0.0030281711,-5.6663048e-05,0.0005583763,0.0012888908,0.002188921,0.046075433,0.07960364,0.02297408,0.02475,0.013197605,1.0,,,,,,,,,,,,,,,,,,,,,,,,,,,,,,,,,,,,,,,,,,,
67.0,-0.0025475046363795583,0.028997069224715233,0.0005286335945129395,1.4795477390289307,0.0,0.00012961964,-0.00043295702,0.9994716,0.0012773658,-0.0030502465,-5.608958e-05,0.0002925396,0.0011618137,0.0021631718,-0.06372547,-0.03062193,-0.0061119692,0.025125,0.013397493,1.0,,,,,,,,,,,,,,,,,,,,,,,,,,,,,,,,,,,,,,,,,,,
68.0,-0.002548427216437231,0.029423018917441368,0.000528872013092041,1.478519320487976,0.0,0.00013513886,-0.0004457131,0.99947137,0.0013246131,-0.003061465,-5.547737e-05,0.0004851818,0.0014929771,0.002259016,0.046070784,0.07960261,0.02295496,0.0255,0.013597379,1.0,,,,,,,,,,,,,,,,,,,,,,,,,,,,,,,,,,,,,,,,,,,
69.0,-0.002551642781603396,0.029848773032426834,0.0005291104316711426,1.4774773120880127,0.0,0.0001409114,-0.00045854863,0.9994711,0.0013854094,-0.0030805226,-5.490628e-05,0.0002193451,0.0013659,0.0022332668,-0.06372831,-0.030632816,-0.0061005736,0.025875,0.013797263,1.0,,,,,,,,,,,,,,,,,,,,,,,,,,,,,,,,,,,,,,,,,,,
70.0,-0.0025525689262226687,0.030274296179413795,0.0005292892456054688,1.4764214754104614,0.0,0.00014691547,-0.00047141832,0.9994709,0.0014409756,-0.0030887236,-5.4293247e-05,0.00041222572,0.0016973019,0.002329111,0.04606614,0.07960156,0.022935841,0.02625,0.013997142,1.0,,,,,,,,,,,,,,,,,,,,,,,,,,,,,,,,,,,,,,,,,,,
71.0,-0.0025557882926866417,0.030699634924530983,0.0005295276641845703,1.475352168083191,0.0,0.0001532075,-0.00048435482,0.9994707,0.0015100886,-0.0031047629,-5.3724536e-05,0.00014638901,0.0015702248,0.002303362,-0.06373115,-0.0306437,-0.0060891756,0.026625,0.014197018,1.0,,,,,,,,,,,,,,,,,,,,,,,,,,,,,,,,,,,,,,,,,,,
72.0,-0.0025567187577521223,0.031124677509069443,0.0005297660827636719,1.474269151687622,0.0,0.0001597657,-0.0004973129,0.9994705,0.0015739675,-0.003109946,-5.3294643e-05,0.00033903122,0.0019013882,0.0023992062,0.04606149,0.07960052,0.022916729,0.027,0.01439689,1.0,,,,,,,,,,,,,,,,,,,,,,,,,,,,,,,,,,,,,,,,,,,
73.0,-0.002559941926346389,0.03154948353767395,0.000529944896697998,1.473172664642334,0.0,0.0001666465,-0.0005103253,0.99947023,0.0016513915,-0.003122966,-5.268512e-05,7.3194504e-05,0.0017743111,0.0023732185,-0.06373397,-0.030654578,-0.0060777753,0.027375,0.014596758,1.0,,,,,,,,,,,,,,,,,,,,,,,,,,,,,,,,,,,,,,,,,,,
74.0,-0.0025610179083116287,0.03197397291660309,0.0005301833152770996,1.4720628261566162,0.0,0.00017382807,-0.00052334665,0.99947006,0.0017235781,-0.0031251307,-5.2080573e-05,0.00026583672,0.0021054745,0.0024690628,0.046056844,0.079599485,0.02289762,0.02775,0.014796623,1.0,,,,,,,,,,,,,,,,,,,,,,,,,,,,,,,,,,,,,,,,,,,
75.0,-0.0025641041026732213,0.03239818289875984,0.0005304217338562012,1.4709395170211792,0.0,0.00018136685,-0.00053640973,0.9994698,0.0018093068,-0.0031351312,-5.1698215e-05,0.0,0.0019783974,0.0024433136,-0.0637368,-0.03066545,-0.006066373,0.028125,0.014996485,1.0,,,,,,,,,,,,,,,,,,,,,,,,,,,,,,,,,,,,,,,,,,,
76.0,-0.0025655540077184754,0.032822027802467346,0.0005306005477905273,1.4698026180267334,0.0,0.000189241,-0.0005494692,0.9994696,0.0018897952,-0.0031342765,-5.1040064e-05,0.00019264221,0.0023095608,0.0025389194,0.0460522,0.07959844,0.022878513,0.0285,0.015196342,1.0,,,,,,,,,,,,,,,,,,,,,,,,,,,,,,,,,,,,,,,,,,,
77.0,-0.002568272176029835,0.03324557840824127,0.0005308389663696289,1.468652606010437,0.0,0.00019750693,-0.0005625578,0.9994694,0.0019838237,-0.003141257,-5.0488507e-05,-7.3194504e-05,0.0021824837,0.0025131702,-0.06373961,-0.030676318,-0.0060549686,0.028875,0.015396195,1.0,,,,,,,,,,,,,,,,,,,,,,,,,,,,,,,,,,,,,,,,,,,
78.0,-0.002570097199018895,0.033668726682662964,0.0005310177803039551,1.4674893617630005,0.0,0.0002061428,-0.0005756302,0.99946916,0.0020726076,-0.0031373824,-5.0053783e-05,0.00011944771,0.002513647,0.002608776,0.04604755,0.0795974,0.022859411,0.02925,0.015596046,1.0,,,,,,,,,,,,,,,,,,,,,,,,,,,,,,,,,,,,,,,,,,,
79.0,-0.002572509453860016,0.034091513603925705,0.0005312561988830566,1.466313123703003,0.0,0.000215205,-0.00058871915,0.999469,0.0021749302,-0.003141342,-4.945195e-05,-0.00014638901,0.0023863316,0.002583027,-0.06374243,-0.030687181,-0.006043562,0.029625,0.015795892,1.0,,,,,,,,,,,,,,,,,,,,,,,,,,,,,,,,,,,,,,,,,,,
80.0,-0.002574647097099201,0.034513920545578,0.0005314350128173828,1.4651237726211548,0.0,0.00022467169,-0.0006017793,0.99946874,0.0022720043,-0.0031344471,-4.902876e-05,4.6253204e-05,0.002717495,0.0026786327,0.046042904,0.07959636,0.022840314,0.03,0.015995733,1.0,,,,,,,,,,,,,,,,,,,,,,,,,,,,,,,,,,,,,,,,,,,
81.0,-0.002576922643460572,0.03493587300181389,0.000531613826751709,1.463921308517456,0.0,0.00023459925,-0.00061484345,0.99946856,0.0023826149,-0.0031353855,-4.8426406e-05,-0.00021958351,0.0025904179,0.0026528835,-0.06374524,-0.030698039,-0.0060321535,0.030375,0.016195571,1.0,,,,,,,,,,,,,,,,,,,,,,,,,,,,,,,,,,,,,,,,,,,
82.0,-0.0025792026121141255,0.03535743057727814,0.0005318522453308105,1.4627060890197754,0.0,0.0002449658,-0.00062786625,0.9994684,0.0024879735,-0.0031254694,-4.8003072e-05,-2.69413e-05,0.0029213428,0.0027484894,0.04603826,0.07959532,0.022821218,0.03075,0.016395405,1.0,,,,,,,,,,,,,,,,,,,,,,,,,,,,,,,,,,,,,,,,,,,
83.0,-0.0025814811942493844,0.03577849641442299,0.0005320310592651367,1.4614778757095337,0.0,0.00025582776,-0.0006408803,0.99946815,0.0026068657,-0.0031233858,-4.75869e-05,-0.00029301643,0.0027942657,0.0027227402,-0.06374804,-0.030708892,-0.0060207425,0.031125,0.016595235,1.0,,,,,,,,,,,,,,,,,,,,,,,,,,,,,,,,,,,,,,,,,,,
84.0,-0.0025837629906703273,0.03619912266731262,0.0005322098731994629,1.4602370262145996,0.0,0.00026716318,-0.00065384054,0.99946797,0.0027205038,-0.0031104484,-4.693562e-05,-0.0001001358,0.0031254292,0.0028181076,0.04603361,0.07959428,0.022802128,0.0315,0.016795062,1.0,,,,,,,,,,,,,,,,,,,,,,,,,,,,,,,,,,,,,,,,,,,
85.0,-0.0025860444553188955,0.03661922365427017,0.0005323886871337891,1.4589835405349731,0.0,0.0002790285,-0.00066677947,0.9994678,0.0028476727,-0.0031053422,-4.657514e-05,-0.00036621094,0.0029981136,0.0027923584,-0.06375084,-0.030719742,-0.0060093296,0.031875,0.016994882,1.0,,,,,,,,,,,,,,,,,,,,,,,,,,,,,,,,,,,,,,,,,,,
86.0,-0.0025883294893895613,0.03703884407877922,0.0005326271057128906,1.4577174186706543,0.0,0.00029140175,-0.00067965186,0.9994676,0.0029695835,-0.0030893825,-4.6094487e-05,-0.00017356873,0.003329277,0.0028879642,0.046028964,0.079593234,0.022783041,0.03225,0.0171947,1.0,,,,,,,,,,,,,,,,,,,,,,,,,,,,,,,,,,,,,,,,,,,
87.0,-0.0025906128270094383,0.03745793551206589,0.0005328059196472168,1.4564385414123535,0.0,0.00030433934,-0.00069249043,0.9994674,0.0031050232,-0.0030812533,-4.5696128e-05,-0.00043940544,0.0032019615,0.0028619766,-0.063753635,-0.030730585,-0.0059979144,0.032625,0.017394513,1.0,,,,,,,,,,,,,,,,,,,,,,,,,,,,,,,,,,,,,,,,,,,
88.0,-0.00259289953287408,0.03787647932767868,0.000532984733581543,1.4551472663879395,0.0,0.00031781936,-0.0007052499,0.9994672,0.0032352018,-0.0030622708,-4.5040135e-05,-0.00024676323,0.0035328865,0.0029575825,0.04602432,0.07959219,0.022763958,0.033,0.01759432,1.0,,,,,,,,,,,,,,,,,,,,,,,,,,,,,,,,,,,,,,,,,,,
89.0,-0.0025951850267155545,0.03829445689916611,0.0005331635475158691,1.453843593597412,0.0,0.00033189813,-0.0007179629,0.999467,0.0033789068,-0.0030511178,-4.468512e-05,-0.00051283836,0.003405571,0.0029315948,-0.06375642,-0.030741423,-0.0059864973,0.033375,0.017794127,1.0,,,,,,,,,,,,,,,,,,,,,,,,,,,,,,,,,,,,,,,,,,,
90.0,-0.00259747372138472,0.03871184587478638,0.0005333423614501953,1.4525275230407715,0.0,0.00034655374,-0.0007305842,0.99946684,0.0035173465,-0.0030291118,-4.420265e-05,-0.00031995773,0.0037367344,0.0030272007,0.046019673,0.07959115,0.02274488,0.03375,0.017993925,1.0,,,,,,,,,,,,,,,,,,,,,,,,,,,,,,,,,,,,,,,,,,,
91.0,-0.00259976102484396,0.03912864997982979,0.0005335211753845215,1.4511994123458862,0.0,0.00036184254,-0.0007431464,0.99946666,0.003669311,-0.0030149345,-4.3809072e-05,-0.00058603287,0.0036094189,0.003001213,-0.06375921,-0.030752258,-0.005975078,0.034125,0.018193722,1.0,,,,,,,,,,,,,,,,,,,,,,,,,,,,,,,,,,,,,,,,,,,
92.0,-0.0026020511209209484,0.03954482451081276,0.0005336999893188477,1.4498590230941772,0.0,0.00037774257,-0.00075560436,0.9994665,0.0038160067,-0.0029899047,-4.3335393e-05,-0.00039339066,0.003940344,0.0030965805,0.046015028,0.07959011,0.022725804,0.0345,0.018393511,1.0,,,,,,,,,,,,,,,,,,,,,,,,,,,,,,,,,,,,,,,,,,,
93.0,-0.0026043399191066166,0.039960384368896484,0.0005338788032531738,1.448506236076355,0.0,0.00039431016,-0.0007679906,0.9994663,0.003976225,-0.0029727027,-4.2941923e-05,-0.0006594658,0.0038130283,0.0030708313,-0.06376199,-0.030763088,-0.005963656,0.034875,0.018593298,1.0,,,,,,,,,,,,,,,,,,,,,,,,,,,,,,,,,,,,,,,,,,,
94.0,-0.00260663162333344,0.0403752326965332,0.0005340576171875,1.4471417665481567,0.0,0.0004115234,-0.00078025996,0.9994661,0.004131171,-0.0029446483,-4.246795e-05,-0.00046658516,0.0041441917,0.0031661987,0.046010382,0.07958907,0.022706732,0.03525,0.01879308,1.0,,,,,,,,,,,,,,,,,,,,,,,,,,,,,,,,,,,,,,,,,,,
95.0,-0.0026089214360907284,0.04078947380185127,0.0005342364311218262,1.4457651376724243,0.0,0.00042943854,-0.0007924451,0.99946594,0.0042996374,-0.0029244206,-4.207673e-05,-0.0007326603,0.004016638,0.003140211,-0.06376476,-0.030773912,-0.0059522325,0.035625,0.018992856,1.0,,,,,,,,,,,,,,,,,,,,,,,,,,,,,,,,,,,,,,,,,,,
96.0,-0.0026112136416601133,0.04120299220085144,0.0005344152450561523,1.4443765878677368,0.0,0.00044803365,-0.00080450065,0.99946576,0.004462828,-0.0028933412,-4.160196e-05,-0.0005400181,0.004347801,0.0032355785,0.046005737,0.079588026,0.022687664,0.036,0.019192629,1.0,,,,,,,,,,,,,,,,,,,,,,,,,,,,,,,,,,,,,,,,,,,
97.0,-0.0026135045498973347,0.0416158065199852,0.0005345940589904785,1.4429762363433838,0.0,0.00046736505,-0.00081645936,0.9994656,0.004639536,-0.0028700875,-4.1213098e-05,-0.0008060932,0.0042202473,0.0032098293,-0.06376753,-0.030784732,-0.005940807,0.036375,0.019392395,1.0,,,,,,,,,,,,,,,,,,,,,,,,,,,,,,,,,,,,,,,,,,,
98.0,-0.0026157978957084375,0.042027879506349564,0.0005347132682800293,1.4415642023086548,0.0,0.00048741075,-0.0008282759,0.9994654,0.0048109656,-0.0028359822,-4.0737512e-05,-0.000613451,0.0045511723,0.0033049583,0.046001088,0.07958698,0.0226686,0.03675,0.019592158,1.0,,,,,,,,,,,,,,,,,,,,,,,,,,,,,,,,,,,,,,,,,,,
99.0,-0.0026180891134358246,0.04243924468755722,0.0005348920822143555,1.4401406049728394,0.0,0.00050822704,-0.00083998305,0.9994653,0.004995911,-0.002809702,-4.0351013e-05,-0.00087952614,0.0044238567,0.0032792091,-0.063770294,-0.030795546,-0.005929379,0.037125,0.019791916,1.0,,,,,,,,,,,,,,,,,,,,,,,,,,,,,,,,,,,,,,,,,,,
100.0,-0.0026203829949674757,0.042849816381931305,0.0005350708961486816,1.4387050867080688,0.0,0.0005297919,-0.0008515354,0.9994651,0.0051755724,-0.0027725706,-4.005857e-05,-0.0006866455,0.0047547817,0.0033743382,0.045996446,0.07958594,0.02264954,0.0375,0.019991668,1.0,,,,,,,,,,,,,,,,,,,,,,,,,,,,,,,,,,,,,,,,,,,
101.0,-0.0026226742002507042,0.043259620666503906,0.0005352497100830078,1.437258243560791,0.0,0.0005521617,-0.00086296565,0.9994649,0.0053687487,-0.002743263,-3.9631246e-05,-0.00095295906,0.004627466,0.003348589,-0.06377305,-0.030806357,-0.005917949,0.037875,0.020191416,1.0,,,,,,,,,,,,,,,,,,,,,,,,,,,,,,,,,,,,,,,,,,,
102.0,-0.002624967762443596,0.04366859793663025,0.0005353689193725586,1.4358000755310059,0.0,0.0005753144,-0.0008742286,0.99946475,0.0055566384,-0.0027031046,-3.916416e-05,-0.00076007843,0.004958391,0.003443718,0.0459918,0.0795849,0.022630483,0.03825,0.020391157,1.0,,,,,,,,,,,,,,,,,,,,,,,,,,,,,,,,,,,,,,,,,,,
103.0,-0.002627258572660145,0.04407676309347153,0.0005355477333068848,1.4343303442001343,0.0,0.0005993062,-0.0008853568,0.99946463,0.0057580397,-0.0026707693,-3.878001e-05,-0.001026392,0.0048308372,0.0034177303,-0.06377581,-0.030817162,-0.0059065167,0.038625,0.020590896,1.0,,,,,,,,,,,,,,,,,,,,,,,,,,,,,,,,,,,,,,,,,,,
104.0,-0.0026295522843191115,0.044484108686447144,0.0005357265472412109,1.4328492879867554,0.0,0.0006241152,-0.0008963051,0.99946445,0.00595415,-0.0026275837,-3.8486476e-05,-0.00083351135,0.0051617622,0.0035128593,0.045987155,0.07958385,0.022611432,0.039,0.020790627,1.0,,,,,,,,,,,,,,,,,,,,,,,,,,,,,,,,,,,,,,,,,,,
105.0,-0.002631842292678938,0.04489057511091232,0.0005358457565307617,1.4313571453094482,0.0,0.00064979756,-0.000907106,0.9994643,0.006163771,-0.00259222,-3.8063758e-05,-0.0010998249,0.0050342083,0.0034871101,-0.06377856,-0.030827962,-0.005895083,0.039375,0.020990355,1.0,,,,,,,,,,,,,,,,,,,,,,,,,,,,,,,,,,,,,,,,,,,
106.0,-0.002634135239478645,0.04529618099331856,0.0005360245704650879,1.4298535585403442,0.0,0.0006763313,-0.0009177144,0.99946415,0.0063680983,-0.0025460063,-3.7595055e-05,-0.0009069443,0.0053651333,0.0035822392,0.04598251,0.07958281,0.022592383,0.03975,0.021190077,1.0,,,,,,,,,,,,,,,,,,,,,,,,,,,,,,,,,,,,,,,,,,,
107.0,-0.002636425054682528,0.04570091888308525,0.0005362033843994141,1.4283390045166016,0.0,0.00070377265,-0.0009281628,0.999464,0.0065859314,-0.0025076137,-3.7399583e-05,-0.0011732578,0.0052375793,0.0035562515,-0.0637813,-0.030838758,-0.005883646,0.040125,0.021389794,1.0,,,,,,,,,,,,,,,,,,,,,,,,,,,,,,,,,,,,,,,,,,,
108.0,-0.0026387168240580646,0.04610472172498703,0.0005363225936889648,1.4268136024475098,0.0,0.00073209964,-0.000938406,0.9994638,0.006798469,-0.0024583715,-3.6877267e-05,-0.0009803772,0.0055685043,0.0036513805,0.045977864,0.07958177,0.022573337,0.0405,0.021589505,1.0,,,,,,,,,,,,,,,,,,,,,,,,,,,,,,,,,,,,,,,,,,,
109.0,-0.0026410050505895474,0.04650759696960449,0.000536501407623291,1.4252771139144897,0.0,0.0007613684,-0.0009484766,0.9994637,0.007024511,-0.0024169493,-3.651259e-05,-0.0012466908,0.0054409504,0.003625393,-0.06378404,-0.03084955,-0.0058722077,0.040875,0.02178921,1.0,,,,,,,,,,,,,,,,,,,,,,,,,,,,,,,,,,,,,,,,,,,
110.0,-0.0026432952498725336,0.04690952226519585,0.0005366206169128418,1.4237295389175415,0.0,0.00079155696,-0.0009583294,0.9994635,0.007245252,-0.002364678,-3.6213693e-05,-0.0010538101,0.0057718754,0.003720522,0.04597322,0.07958072,0.022554295,0.04125,0.02198891,1.0,,,,,,,,,,,,,,,,,,,,,,,,,,,,,,,,,,,,,,,,,,,
111.0,-0.002645582303218203,0.0473104827105999,0.000536799430847168,1.4221714735031128,0.0,0.0008227215,-0.000967997,0.9994634,0.0074794968,-0.0023202258,-3.5798734e-05,-0.0013201237,0.0056443214,0.0036945343,-0.063786775,-0.030860335,-0.0058607673,0.041625,0.022188606,1.0,,,,,,,,,,,,,,,,,,,,,,,,,,,,,,,,,,,,,,,,,,,
112.0,-0.002647870518505181,0.04771048575639725,0.0005369186401367188,1.4206023216247559,0.0,0.00085484004,-0.0009774342,0.9994632,0.0077084363,-0.002264925,-3.551137e-05,-0.001127243,0.005975008,0.0037896633,0.045968574,0.07957967,0.022535259,0.042,0.022388294,1.0,,,,,,,,,,,,,,,,,,,,,,,,,,,,,,,,,,,,,,,,,,,
113.0,-0.0026501558872290693,0.04810946434736252,0.0005370974540710449,1.4190226793289185,0.0,0.0008879687,-0.0009866735,0.9994631,0.007950877,-0.0022174423,-3.509587e-05,-0.0013935566,0.005847454,0.0037636757,-0.0637895,-0.030871116,-0.0058493246,0.042375,0.022587977,1.0,,,,,,,,,,,,,,,,,,,,,,,,,,,,,,,,,,,,,,,,,,,
114.0,-0.0026524417923018723,0.04850741848349571,0.0005372166633605957,1.4174323081970215,0.0,0.00092208537,-0.0009956699,0.9994629,0.008188009,-0.0021591112,-3.480837e-05,-0.0012009144,0.006178379,0.0038585663,0.04596393,0.07957863,0.022516225,0.04275,0.022787657,1.0,,,,,,,,,,,,,,,,,,,,,,,,,,,,,,,,,,,,,,,,,,,
115.0,-0.002654724427501709,0.04890436679124832,0.0005373358726501465,1.415831446647644,0.0,0.0009572464,-0.0010044557,0.9994628,0.008438641,-0.0021085972,-3.439507e-05,-0.0014672279,0.0060505867,0.0038325787,-0.06379223,-0.030881893,-0.00583788,0.043125,0.022987328,1.0,,,,,,,,,,,,,,,,,,,,,,,,,,,,,,,,,,,,,,,,,,,
116.0,-0.002657007781916146,0.04930024594068527,0.0005375146865844727,1.4142199754714966,0.0,0.0009934296,-0.0010129858,0.99946266,0.008683961,-0.0020472354,-3.4106783e-05,-0.0012743473,0.0063815117,0.0039274693,0.045959286,0.07957759,0.022497194,0.0435,0.023186995,1.0,,,,,,,,,,,,,,,,,,,,,,,,,,,,,,,,,,,,,,,,,,,
117.0,-0.002659287874862968,0.049695052206516266,0.0005376338958740234,1.4125980138778687,0.0,0.0010306911,-0.0010212929,0.9994625,0.008942775,-0.00199369,-3.3879795e-05,-0.0015406609,0.0062537193,0.00390172,-0.06379495,-0.030892665,-0.005826433,0.043875,0.023386655,1.0,,,,,,,,,,,,,,,,,,,,,,,,,,,,,,,,,,,,,,,,,,,
118.0,-0.0026615685539620316,0.050088752061128616,0.0005377531051635742,1.4109660387039185,0.0,0.001069009,-0.0010293316,0.99946237,0.009196278,-0.0019292964,-3.3363543e-05,-0.0013477802,0.0065846443,0.0039966106,0.04595464,0.079576544,0.022478169,0.04425,0.02358631,1.0,,,,,,,,,,,,,,,,,,,,,,,,,,,,,,,,,,,,,,,,,,,
119.0,-0.002663845939578815,0.05048137903213501,0.0005379319190979004,1.4093235731124878,0.0,0.0011084393,-0.0010371346,0.99946225,0.009463272,-0.0018727188,-3.319223e-05,-0.0016143322,0.006456852,0.003970623,-0.06379767,-0.03090343,-0.0058149844,0.044625,0.02378596,1.0,,,,,,,,,,,,,,,,,,,,,,,,,,,,,,,,,,,,,,,,,,,
120.0,-0.002666123284754564,0.050872839987277985,0.0005380511283874512,1.4076708555221558,0.0,0.0011489599,-0.0010446566,0.99946207,0.009724949,-0.0018052937,-3.2846612e-05,-0.0014214516,0.006787777,0.004065275,0.04595,0.0795755,0.022459146,0.045,0.023985602,1.0,,,,,,,,,,,,,,,,,,,,,,,,,,,,,,,,,,,,,,,,,,,
121.0,-0.002668396569527376,0.05126318335533142,0.000538170337677002,1.4060078859329224,0.0,0.001190627,-0.0010519304,0.99946195,0.010000117,-0.001745683,-3.245344e-05,-0.0016877651,0.0066599846,0.004039526,-0.06380037,-0.030914193,-0.0058035334,0.045375,0.02418524,1.0,,,,,,,,,,,,,,,,,,,,,,,,,,,,,,,,,,,,,,,,,,,
122.0,-0.0026706706185214567,0.05165234953165054,0.0005383134121075273,1.4043346643447876,0.0,0.0012334186,-0.0010589104,0.9994618,0.010269964,-0.0016752257,-3.2159634e-05,-0.0014951229,0.006990671,0.004134178,0.045945354,0.07957445,0.022440128,0.04575,0.024384871,1.0,,,,,,,,,,,,,,,,,,,,,,,,,,,,,,,,,,,,,,,,,,,
123.0,-0.0026729399848497834,0.052040357142686844,0.0005384683609008789,1.402651309967041,0.0,0.0012773906,-0.0010656295,0.9994617,0.0105532985,-0.001612582,-3.1940428e-05,-0.0017614365,0.006862879,0.0041081905,-0.063803084,-0.03092495,-0.00579208,0.046125,0.024584496,1.0,,,,,,,,,,,,,,,,,,,,,,,,,,,,,,,,,,,,,,,,,,,
124.0,-0.0026752103990807722,0.05242713540792465,0.0005385875701904297,1.4009575843811035,0.0,0.001322521,-0.0010720424,0.99946153,0.0108313095,-0.0015390916,-3.1605516e-05,-0.0015685558,0.007193804,0.004203081,0.045940712,0.07957341,0.022421112,0.0465,0.024784114,1.0,,,,,,,,,,,,,,,,,,,,,,,,,,,,,,,,,,,,,,,,,,,
125.0,-0.002677475314481881,0.05281270667910576,0.0005387067794799805,1.399254560470581,0.0,0.0013688661,-0.0010781817,0.9994614,0.011122808,-0.0014734139,-3.1214156e-05,-0.0018348694,0.0070660114,0.0041770935,-0.06380578,-0.030935701,-0.005780625,0.046875,0.024983726,1.0,,,,,,,,,,,,,,,,,,,,,,,,,,,,,,,,,,,,,,,,,,,
126.0,-0.0026797407951963943,0.05319707468152046,0.0005388259887695312,1.3975410461425781,0.0,0.0014164035,-0.001084002,0.9994613,0.011408975,-0.00139689,-3.0919393e-05,-0.0016422272,0.007396698,0.0042717457,0.045936067,0.079572365,0.022402102,0.04725,0.025183333,1.0,,,,,,,,,,,,,,,,,,,,,,,,,,,,,,,,,,,,,,,,,,,
127.0,-0.002682001523467731,0.0535801462829113,0.000538945198059082,1.395817518234253,0.0,0.0014651895,-0.0010895361,0.9994612,0.011708628,-0.0013281783,-3.0704727e-05,-0.0019085407,0.0072689056,0.004245758,-0.06380848,-0.030946448,-0.0057691676,0.047625,0.025382934,1.0,,,,,,,,,,,,,,,,,,,,,,,,,,,,,,,,,,,,,,,,,,,
128.0,-0.0026842625164916335,0.053961969912052155,0.0005390644073486328,1.3940842151641846,0.0,0.0015152018,-0.0010947387,0.99946105,0.01200295,-0.0012486205,-3.0368225e-05,-0.0017158985,0.007599592,0.00434041,0.04593142,0.079571314,0.022383094,0.048,0.025582528,1.0,,,,,,,,,,,,,,,,,,,,,,,,,,,,,,,,,,,,,,,,,,,
129.0,-0.002686518102397856,0.054342515766620636,0.0005392074817791581,1.392340898513794,0.0,0.0015664966,-0.0010996424,0.99946094,0.012310753,-0.0011768738,-3.016551e-05,-0.001982212,0.0074718,0.0043144226,-0.06381117,-0.030957192,-0.0057577086,0.048375,0.025782114,1.0,,,,,,,,,,,,,,,,,,,,,,,,,,,,,,,,,,,,,,,,,,,
130.0,-0.002688773776898642,0.054721731692552567,0.0005393624305725098,1.3905879259109497,0.0,0.0016190517,-0.0011042018,0.9994608,0.01261322,-0.0010942816,-2.9825937e-05,-0.0017893314,0.0078024864,0.004409075,0.04592678,0.07957027,0.022364091,0.04875,0.025981696,1.0,,,,,,,,,,,,,,,,,,,,,,,,,,,,,,,,,,,,,,,,,,,
131.0,-0.002691023939904678,0.05509962514042854,0.0005394816398620605,1.3888254165649414,0.0,0.0016729231,-0.0011084498,0.99946064,0.012929167,-0.0010194996,-2.9626104e-05,-0.0020558834,0.007674694,0.004383087,-0.06381385,-0.030967928,-0.005746247,0.049125,0.02618127,1.0,,,,,,,,,,,,,,,,,,,,,,,,,,,,,,,,,,,,,,,,,,,
132.0,-0.0026932740338074623,0.05547618120908737,0.0005396008491516113,1.3870527744293213,0.0,0.0017280888,-0.0011123408,0.9994605,0.013239777,-0.00093387195,-2.9101628e-05,-0.0018630028,0.008005381,0.0044777393,0.045922138,0.07956923,0.02234509,0.0495,0.026380837,1.0,,,,,,,,,,,,,,,,,,,,,,,,,,,,,,,,,,,,,,,,,,,
133.0,-0.0026955182065272597,0.05585138872265816,0.0005397200584411621,1.3852704763412476,0.0,0.001784605,-0.0011159078,0.9994604,0.013563862,-0.00085605425,-2.8947354e-05,-0.0021295547,0.00787735,0.0044517517,-0.06381653,-0.030978663,-0.0057347836,0.049875,0.026580399,1.0,,,,,,,,,,,,,,,,,,,,,,,,,,,,,,,,,,,,,,,,,,,
134.0,-0.0026977624202499657,0.05622521787881851,0.0005398392677307129,1.3834786415100098,0.0,0.0018424492,-0.0011191053,0.9994603,0.013882604,-0.00076739147,-2.859588e-05,-0.0019366741,0.008208036,0.004546404,0.045917492,0.07956818,0.022326095,0.05025,0.026779953,1.0,,,,,,,,,,,,,,,,,,,,,,,,,,,,,,,,,,,,,,,,,,,
135.0,-0.002700002650035185,0.05659763142466545,0.0005399584770202637,1.381677269935608,0.0,0.0019016776,-0.0011219658,0.99946016,0.014214823,-0.0006865373,-2.840315e-05,-0.002203226,0.008080244,0.0045204163,-0.06381921,-0.03098939,-0.005723318,0.050625,0.026979502,1.0,,,,,,,,,,,,,,,,,,,,,,,,,,,,,,,,,,,,,,,,,,,
136.0,-0.002702243840854059,0.056968629360198975,0.0005400419468060136,1.3798662424087524,0.0,0.001962268,-0.0011244443,0.99946004,0.014541695,-0.0005948386,-2.8060438e-05,-0.0020103455,0.008410692,0.00461483,0.04591285,0.079567134,0.022307103,0.051,0.027179042,1.0,,,,,,,,,,,,,,,,,,,,,,,,,,,,,,,,,,,,,,,,,,,
137.0,-0.002704572802518596,0.05733821541070938,0.0005401611560955644,1.378045678138733,0.0,0.0020242764,-0.0011265732,0.99946,0.01488204,-0.00051094755,-2.7867804e-05,-0.0022768974,0.0082829,0.0045888424,-0.06382188,-0.031000113,-0.0057118502,0.051375,0.027378578,1.0,,,,,,,,,,,,,,,,,,,,,,,,,,,,,,,,,,,,,,,,,,,
138.0,-0.0027069008614782957,0.057706333696842194,0.0005402565002441406,1.3762154579162598,0.0,0.0020876809,-0.0011283074,0.99945986,0.015217034,-0.00041621277,-2.7708764e-05,-0.0021476746,0.008613586,0.004683256,0.030634455,0.079495996,0.022414628,0.05175,0.027578104,1.0,,,,,,,,,,,,,,,,,,,,,,,,,,,,,,,,,,,,,,,,,,,
139.0,-0.002709222860953678,0.05807299539446831,0.0005403757095336914,1.3743754625320435,0.0,0.002152537,-0.0011296687,0.99945974,0.0155654885,-0.00032668287,-2.7480675e-05,-0.0024778843,0.008485556,0.0046572685,-0.0790947,-0.031083927,-0.005566858,0.052125,0.027777625,1.0,,,,,,,,,,,,,,,,,,,,,,,,,,,,,,,,,,,,,,,,,,,
140.0,-0.0027115438180970544,0.058438144624233246,0.0005404949188232422,1.3725260496139526,0.0,0.0022188227,-0.0011306008,0.9994596,0.015908577,-0.00022370885,-2.7152786e-05,-0.0023486614,0.008816242,0.0047516823,0.03063691,0.079496086,0.022388631,0.0525,0.027977139,1.0,,,,,,,,,,,,,,,,,,,,,,,,,,,,,,,,,,,,,,,,,,,
141.0,-0.0027138578003338514,0.058801811188459396,0.000540614128112793,1.3706674575805664,0.0,0.0022865941,-0.0011311255,0.9994595,0.01626512,-0.00012594162,-2.6966005e-05,-0.0026788712,0.008688211,0.0047256947,-0.07909013,-0.031097177,-0.0055483948,0.052875,0.028176645,1.0,,,,,,,,,,,,,,,,,,,,,,,,,,,,,,,,,,,,,,,,,,,
142.0,-0.0027161714340299178,0.059163887053728104,0.0005407333374023438,1.368799090385437,0.0,0.0023558286,-0.0011311868,0.9994594,0.016616294,-1.473287e-05,-2.663006e-05,-0.0025496483,0.00901866,0.0048201084,0.03063936,0.079496175,0.022362638,0.05325,0.028376145,1.0,,,,,,,,,,,,,,,,,,,,,,,,,,,,,,,,,,,,,,,,,,,
143.0,-0.002718478055356379,0.05952446535229683,0.0005408525466918945,1.366921067237854,0.0,0.0024265824,-0.0011308066,0.99945927,0.016980924,9.126759e-05,-2.6446838e-05,-0.002879858,0.008890629,0.004794121,-0.07908555,-0.031110419,-0.0055299327,0.053625,0.028575638,1.0,,,,,,,,,,,,,,,,,,,,,,,,,,,,,,,,,,,,,,,,,,,
144.0,-0.0027207829279698404,0.05988341569900513,0.0005409360164776444,1.365033745765686,0.0,0.0024988332,-0.0011299286,0.99945915,0.017340178,0.0002107069,-2.6111698e-05,-0.0027506351,0.009221315,0.004888296,0.030641805,0.07949626,0.022336653,0.054,0.028775124,1.0,,,,,,,,,,,,,,,,,,,,,,,,,,,,,,,,,,,,,,,,,,,
145.0,-0.002723081353527393,0.06024080514907837,0.0005410313606262207,1.363136887550354,0.0,0.0025726368,-0.0011285747,0.9994591,0.017712884,0.00032493644,-2.5929956e-05,-0.0030806065,0.009093285,0.0048623085,-0.07908098,-0.031123651,-0.0055114715,0.054375,0.028974602,1.0,,,,,,,,,,,,,,,,,,,,,,,,,,,,,,,,,,,,,,,,,,,
146.0,-0.0027253775637771124,0.06059654429554939,0.0005411505699157715,1.361230731010437,0.0,0.002647971,-0.0011266889,0.99945897,0.01808021,0.00045260158,-2.5780062e-05,-0.0029513836,0.009423971,0.004956484,0.030644245,0.07949633,0.022310672,0.05475,0.029174073,1.0,,,,,,,,,,,,,,,,,,,,,,,,,,,,,,,,,,,,,,,,,,,
147.0,-0.0027276671027611065,0.060950636863708496,0.0005412697792053223,1.3593147993087769,0.0,0.0027248918,-0.0011242928,0.99945885,0.018460987,0.0005750562,-2.5556508e-05,-0.0032815933,0.009295702,0.004930496,-0.079076394,-0.031136872,-0.005493012,0.055125,0.029373536,1.0,,,,,,,,,,,,,,,,,,,,,,,,,,,,,,,,,,,,,,,,,,,
148.0,-0.0027299544693426036,0.061303116381168365,0.000541388988494873,1.3573894500732422,0.0,0.0028033769,-0.0011213305,0.99945873,0.01883638,0.0007109441,-2.5234109e-05,-0.003152132,0.009626389,0.005024433,0.030646682,0.079496406,0.022284698,0.0555,0.029572992,1.0,,,,,,,,,,,,,,,,,,,,,,,,,,,,,,,,,,,,,,,,,,,
149.0,-0.002732233647072615,0.061653852462768555,0.0005414485931396484,1.355454683303833,0.0,0.0028834818,-0.0011178239,0.9994586,0.019225223,0.00084161933,-2.5052712e-05,-0.0034823418,0.009498119,0.0049984455,-0.079071805,-0.031150082,-0.005474553,0.055875,0.029772442,1.0,,,,,,,,,,,,,,,,,,,,,,,,,,,,,,,,,,,,,,,,,,,
150.0,-0.002734512069036934,0.06200291961431503,0.0005415678024291992,1.3535100221633911,0.0,0.0029651846,-0.0011137166,0.99945855,0.019608678,0.0009857253,-2.4722054e-05,-0.0033528805,0.009828806,0.005092621,0.030649113,0.07949648,0.022258729,0.05625,0.029971883,1.0,,,,,,,,,,,,,,,,,,,,,,,,,,,,,,,,,,,,,,,,,,,
151.0,-0.00273678181487891,0.062350254505872726,0.00054168701171875,1.3515561819076538,0.0,0.0030485413,-0.0011090308,0.99945843,0.020005574,0.0011246165,-2.4728217e-05,-0.0036830902,0.009700537,0.005066633,-0.07906722,-0.031163285,-0.005456095,0.056625,0.030171316,1.0,,,,,,,,,,,,,,,,,,,,,,,,,,,,,,,,,,,,,,,,,,,
152.0,-0.0027390490054785034,0.06269584596157074,0.0005417704815044999,1.3495928049087524,0.0,0.003133529,-0.0011037102,0.9994583,0.020397086,0.0012769366,-2.435517e-05,-0.003553629,0.010031223,0.00516057,0.03065154,0.07949655,0.022232765,0.057,0.030370744,1.0,,,,,,,,,,,,,,,,,,,,,,,,,,,,,,,,,,,,,,,,,,,
153.0,-0.002741308222106573,0.06303967535495758,0.0005418658256530762,1.347619891166687,0.0,0.0032202043,-0.0010977767,0.99945825,0.020802034,0.0014240408,-2.4188994e-05,-0.0038836002,0.009902954,0.0051345825,-0.079062626,-0.031176474,-0.0054376386,0.057375,0.030570162,1.0,,,,,,,,,,,,,,,,,,,,,,,,,,,,,,,,,,,,,,,,,,,
154.0,-0.002743565626620229,0.06338170915842056,0.000541985034942627,1.3456374406814575,0.0,0.0033085442,-0.0010911743,0.99945813,0.02120159,0.0015845696,-2.4041983e-05,-0.003754139,0.010233641,0.005228281,0.030653961,0.079496615,0.022206808,0.05775,0.030769574,1.0,,,,,,,,,,,,,,,,,,,,,,,,,,,,,,,,,,,,,,,,,,,
155.0,-0.0027458140898010187,0.0637219250202179,0.0005420685047283769,1.343645453453064,0.0,0.003398605,-0.0010839248,0.999458,0.021614585,0.0017398822,-2.3824421e-05,-0.0040843487,0.0101053715,0.005202532,-0.079058036,-0.031189656,-0.0054191835,0.058125,0.030968977,1.0,,,,,,,,,,,,,,,,,,,,,,,,,,,,,,,,,,,,,,,,,,,
156.0,-0.002748059702488879,0.06406031548976898,0.0005421638488769531,1.3416436910629272,0.0,0.0034903642,-0.0010759722,0.99945796,0.022022184,0.0019086172,-2.3507147e-05,-0.0039548874,0.01043582,0.0052962303,0.030656377,0.079496674,0.022180857,0.0585,0.031168373,1.0,,,,,,,,,,,,,,,,,,,,,,,,,,,,,,,,,,,,,,,,,,,
157.0,-0.0027502968682843855,0.06439684331417084,0.0005422830581665039,1.3396323919296265,0.0,0.0035838776,-0.0010673384,0.99945784,0.022443214,0.002072133,-2.3515164e-05,-0.0042848587,0.01030755,0.0052702427,-0.07905344,-0.031202827,-0.0054007294,0.058875,0.03136776,1.0,,,,,,,,,,,,,,,,,,,,,,,,,,,,,,,,,,,,,,,,,,,
158.0,-0.0027525310734149476,0.06473152339458466,0.0005423426628112793,1.337611198425293,0.0,0.0036791228,-0.0010579672,0.9994577,0.022858849,0.0022490693,-2.3146578e-05,-0.0041553974,0.010638237,0.005363941,0.030658789,0.079496734,0.02215491,0.05925,0.03156714,1.0,,,,,,,,,,,,,,,,,,,,,,,,,,,,,,,,,,,,,,,,,,,
159.0,-0.002754755590292729,0.06506429612636566,0.0005424618721008301,1.3355804681777954,0.0,0.0037761556,-0.0010478806,0.99945766,0.023287913,0.0024207854,-2.2984348e-05,-0.004485607,0.010509968,0.0053379536,-0.079048835,-0.031215986,-0.0053822766,0.059625,0.03176651,1.0,,,,,,,,,,,,,,,,,,,,,,,,,,,,,,,,,,,,,,,,,,,
160.0,-0.002756977928546107,0.06539516150951385,0.00054254534188658,1.3335402011871338,0.0,0.0038749538,-0.0010370227,0.99945754,0.023711571,0.002605918,-2.2841303e-05,-0.0043559074,0.010840416,0.005431652,0.030661197,0.079496786,0.022128971,0.06,0.031965878,1.0,,,,,,,,,,,,,,,,,,,,,,,,,,,,,,,,,,,,,,,,,,,
161.0,-0.0027591906121648786,0.06572411209344864,0.0005426406860351562,1.3314900398254395,0.0,0.0039755735,-0.001025415,0.9994575,0.024148662,0.0027858298,-2.2627797e-05,-0.004686117,0.010712147,0.0054056644,-0.07904423,-0.031229137,-0.005363825,0.060375,0.032165233,1.0,,,,,,,,,,,,,,,,,,,,,,,,,,,,,,,,,,,,,,,,,,,
162.0,-0.0027613997462100815,0.06605106592178345,0.0005427360301837325,1.3294299840927124,0.0,0.0040779915,-0.0010130019,0.99945736,0.024580343,0.0029791552,-2.2498418e-05,-0.0045564175,0.011042595,0.0054991245,0.030663598,0.079496846,0.022103038,0.06075,0.03236458,1.0,,,,,,,,,,,,,,,,,,,,,,,,,,,,,,,,,,,,,,,,,,,
163.0,-0.002763599129421655,0.06637607514858246,0.0005428194999694824,1.3273602724075317,0.0,0.004182264,-0.0009998049,0.99945724,0.025025452,0.0031672583,-2.2283366e-05,-0.004886627,0.010914326,0.0054733753,-0.079039626,-0.031242277,-0.0053453743,0.061125,0.03256392,1.0,,,,,,,,,,,,,,,,,,,,,,,,,,,,,,,,,,,,,,,,,,,
164.0,-0.0027657954261676087,0.0666990652680397,0.0005429387092590332,1.3252805471420288,0.0,0.004288369,-0.0009857684,0.9994572,0.025465148,0.0033687733,-2.1972024e-05,-0.0047569275,0.011244774,0.0055668354,0.030665997,0.07949689,0.02207711,0.0615,0.032763254,1.0,,,,,,,,,,,,,,,,,,,,,,,,,,,,,,,,,,,,,,,,,,,
165.0,-0.00276798166730193,0.06702005118131638,0.0005429983139038086,1.3231910467147827,0.0,0.0043963618,-0.00097091397,0.99945706,0.025918266,0.0035650623,-2.198529e-05,-0.005086899,0.011116505,0.005540848,-0.079035014,-0.03125541,-0.005326925,0.061875,0.03296258,1.0,,,,,,,,,,,,,,,,,,,,,,,,,,,,,,,,,,,,,,,,,,,
166.0,-0.0027701637070903433,0.0673389881849289,0.0005431175231933594,1.3210917711257935,0.0,0.00450622,-0.0009551858,0.999457,0.026365971,0.0037747617,-2.162199e-05,-0.0049574375,0.011446953,0.005634308,0.03066839,0.079496935,0.022051187,0.06225,0.033161893,1.0,,,,,,,,,,,,,,,,,,,,,,,,,,,,,,,,,,,,,,,,,,,
167.0,-0.0027723357338383056,0.06765589863061905,0.0005431771278381348,1.3189823627471924,0.0,0.0046179993,-0.00093860563,0.9994569,0.026827095,0.0039792336,-2.1649108e-05,-0.005287409,0.011318445,0.0056083202,-0.0790304,-0.03126853,-0.0053084767,0.062625,0.0333612,1.0,,,,,,,,,,,,,,,,,,,,,,,,,,,,,,,,,,,,,,,,,,,
168.0,-0.002774503592353203,0.06797069311141968,0.000543272471986711,1.316862940788269,0.0,0.004731678,-0.00092111767,0.9994568,0.0272828,0.004197113,-2.1284186e-05,-0.005157709,0.011648893,0.005701542,0.030670779,0.07949698,0.02202527,0.063,0.0335605,1.0,,,,,,,,,,,,,,,,,,,,,,,,,,,,,,,,,,,,,,,,,,,
169.0,-0.002776662106999169,0.06828338652849197,0.0005433559417724609,1.3147335052490234,0.0,0.004847311,-0.00090274366,0.9994567,0.027751924,0.0044097635,-2.131334e-05,-0.0054876804,0.011520624,0.0056757927,-0.07902578,-0.03128164,-0.0052900296,0.063375,0.03375979,1.0,,,,,,,,,,,,,,,,,,,,,,,,,,,,,,,,,,,,,,,,,,,
170.0,-0.0027788165291683,0.06859397888183594,0.0005434512859210372,1.3125940561294556,0.0,0.004964876,-0.00088342774,0.99945664,0.028215624,0.004635819,-2.0949567e-05,-0.0053579807,0.011851072,0.005768776,0.030673161,0.07949702,0.02199936,0.06375,0.033959072,1.0,,,,,,,,,,,,,,,,,,,,,,,,,,,,,,,,,,,,,,,,,,,
171.0,-0.0027809604544990862,0.0689023956656456,0.0005435347557067871,1.3104442358016968,0.0,0.005084429,-0.00086319173,0.9994565,0.02869274,0.0048566433,-2.0980107e-05,-0.005687952,0.011722565,0.0057430267,-0.07902116,-0.031294737,-0.005271584,0.064125,0.034158345,1.0,,,,,,,,,,,,,,,,,,,,,,,,,,,,,,,,,,,,,,,,,,,
172.0,-0.0027830992540616674,0.06920868158340454,0.000543618225492537,1.3082844018936157,0.0,0.0052059474,-0.0008419798,0.99945647,0.02916443,0.00509087,-2.0617634e-05,-0.0055582523,0.012053013,0.0058362484,0.030675542,0.079497054,0.021973455,0.0645,0.03435761,1.0,,,,,,,,,,,,,,,,,,,,,,,,,,,,,,,,,,,,,,,,,,,
173.0,-0.0027852274138443186,0.06951276957988739,0.0005437135696411133,1.3061141967773438,0.0,0.0053294874,-0.0008198137,0.9994564,0.02964953,0.005319864,-2.0649522e-05,-0.0058882236,0.011924505,0.005810261,-0.07901654,-0.031307828,-0.0052531394,0.064875,0.03455687,1.0,,,,,,,,,,,,,,,,,,,,,,,,,,,,,,,,,,,,,,,,,,,
174.0,-0.0027873502190353147,0.06981466710567474,0.0005437970394268632,1.3039337396621704,0.0,0.0054550255,-0.0007966376,0.9994563,0.030129198,0.005562257,-2.0472306e-05,-0.005758524,0.012254953,0.005903244,0.030677915,0.07949709,0.021947557,0.06525,0.034756117,1.0,,,,,,,,,,,,,,,,,,,,,,,,,,,,,,,,,,,,,,,,,,,
175.0,-0.002789462112223461,0.07011431455612183,0.0005438685184344649,1.3017430305480957,0.0,0.0055826185,-0.00077247334,0.9994562,0.03062228,0.0057994183,-2.0278427e-05,-0.0060884953,0.012126446,0.005877495,-0.07901191,-0.031320907,-0.005234696,0.065625,0.034955356,1.0,,,,,,,,,,,,,,,,,,,,,,,,,,,,,,,,,,,,,,,,,,,
176.0,-0.002791568952969757,0.07041174173355103,0.0005439519882202148,1.29954195022583,0.0,0.005712243,-0.0007472651,0.9994561,0.031109922,0.006049974,-2.0155812e-05,-0.0059587955,0.012456894,0.005970478,0.030680284,0.07949712,0.021921663,0.066,0.035154585,1.0,,,,,,,,,,,,,,,,,,,,,,,,,,,,,,,,,,,,,,,,,,,
177.0,-0.002793664213687132,0.07070685923099518,0.0005440473323687911,1.2973304986953735,0.0,0.0058439556,-0.00072103477,0.99945605,0.031610977,0.0062952964,-1.9950774e-05,-0.006288767,0.012328386,0.0059444904,-0.07900728,-0.03133398,-0.0052162535,0.066375,0.03535381,1.0,,,,,,,,,,,,,,,,,,,,,,,,,,,,,,,,,,,,,,,,,,,
178.0,-0.0027957537742228943,0.07099972665309906,0.0005441069370135665,1.295108437538147,0.0,0.0059777326,-0.00069372635,0.9994559,0.032106586,0.0065540103,-1.9832398e-05,-0.0061588287,0.012658834,0.0060374737,0.03068265,0.07949714,0.021895776,0.06675,0.03555302,1.0,,,,,,,,,,,,,,,,,,,,,,,,,,,,,,,,,,,,,,,,,,,
179.0,-0.00279783213472926,0.0712902769446373,0.0005442142719402909,1.2928760051727295,0.0,0.006113631,-0.0006653618,0.99945587,0.032615606,0.00680749,-1.962802e-05,-0.0064888,0.012530088,0.0060117245,-0.07900265,-0.031347036,-0.005197813,0.067125,0.035752226,1.0,,,,,,,,,,,,,,,,,,,,,,,,,,,,,,,,,,,,,,,,,,,
180.0,-0.0027999151674109406,0.07157846540212631,0.0005442857509478927,1.290633201599121,0.0,0.0062516276,-0.00063588534,0.9994558,0.033119176,0.007074358,-1.9511108e-05,-0.0063591003,0.012860537,0.0061044693,0.03068501,0.079497166,0.021869894,0.0675,0.03595142,1.0,,,,,,,,,,,,,,,,,,,,,,,,,,,,,,,,,,,,,,,,,,,
181.0,-0.0028019918440038505,0.07186432927846909,0.0005443453555926681,1.288379430770874,0.0,0.0063917786,-0.0006053187,0.9994557,0.033636153,0.007335989,-1.9491983e-05,-0.0066890717,0.012732029,0.0060784817,-0.078998014,-0.031360086,-0.0051793726,0.067875,0.036150604,1.0,,,,,,,,,,,,,,,,,,,,,,,,,,,,,,,,,,,,,,,,,,,
182.0,-0.0028040626705719074,0.07214782387018204,0.0005444526905193925,1.286115288734436,0.0,0.0065340605,-0.0005736062,0.99945563,0.03414768,0.0076110084,-1.9149275e-05,-0.0065591335,0.013062477,0.0061712265,0.030687364,0.07949719,0.021844018,0.06825,0.036349785,1.0,,,,,,,,,,,,,,,,,,,,,,,,,,,,,,,,,,,,,,,,,,,
183.0,-0.0028061226128994255,0.07242892682552338,0.0005445241695269942,1.2838404178619385,0.0,0.0066785295,-0.00054076954,0.9994556,0.034672607,0.007880787,-1.9184785e-05,-0.006889105,0.012933731,0.0061454773,-0.07899338,-0.03137313,-0.0051609343,0.068625,0.03654895,1.0,,,,,,,,,,,,,,,,,,,,,,,,,,,,,,,,,,,,,,,,,,,
184.0,-0.0028081771910917043,0.07270757853984833,0.0005445837741717696,1.2815546989440918,0.0,0.006825163,-0.0005067531,0.99945545,0.035192084,0.00816395,-1.901482e-05,-0.0067591667,0.013264179,0.006238222,0.030689714,0.0794972,0.021818148,0.069,0.03674811,1.0,,,,,,,,,,,,,,,,,,,,,,,,,,,,,,,,,,,,,,,,,,,
185.0,-0.002810220493525,0.07298384606838226,0.000544691109098494,1.2792587280273438,0.0,0.0069740172,-0.00047157862,0.9994554,0.035724957,0.008441875,-1.8827499e-05,-0.007089138,0.013135433,0.0062122345,-0.07898874,-0.031386156,-0.005142497,0.069375,0.036947258,1.0,,,,,,,,,,,,,,,,,,,,,,,,,,,,,,,,,,,,,,,,,,,
186.0,-0.0028122577904439107,0.07325761765241623,0.0005447625881060958,1.2769519090652466,0.0,0.007125069,-0.0004351904,0.99945533,0.036252372,0.008733179,-1.8711438e-05,-0.0069592,0.013465881,0.006304741,0.03069206,0.07949722,0.021792283,0.06975,0.0371464,1.0,,,,,,,,,,,,,,,,,,,,,,,,,,,,,,,,,,,,,,,,,,,
187.0,-0.0028142839013015376,0.0735289603471756,0.0005448221927508712,1.2746342420578003,0.0,0.007278374,-0.00039761022,0.9994552,0.036793184,0.009019242,-1.8697065e-05,-0.007289171,0.013337135,0.0062789917,-0.07898409,-0.031399176,-0.0051240604,0.070125,0.03734553,1.0,,,,,,,,,,,,,,,,,,,,,,,,,,,,,,,,,,,,,,,,,,,
188.0,-0.0028163033760363115,0.07379773259162903,0.0005449056625366211,1.2723058462142944,0.0,0.0074339095,-0.00035878236,0.99945515,0.037328534,0.009318684,-1.8358092e-05,-0.0071589947,0.013667583,0.006371498,0.0306944,0.07949723,0.021766426,0.0705,0.037544653,1.0,,,,,,,,,,,,,,,,,,,,,,,,,,,,,,,,,,,,,,,,,,,
189.0,-0.0028183116395923053,0.07406406849622726,0.000544989132322371,1.2699663639068604,0.0,0.0075917314,-0.00031872868,0.9994551,0.037877277,0.009612881,-1.8397672e-05,-0.007488966,0.013538599,0.006345749,-0.07897944,-0.031412184,-0.005105626,0.070875,0.037743766,1.0,,,,,,,,,,,,,,,,,,,,,,,,,,,,,,,,,,,,,,,,,,,
190.0,-0.0028203139205115967,0.07432780414819717,0.0005450606113299727,1.2676162719726562,0.0,0.007751817,-0.00027739347,0.99945503,0.03842055,0.009920455,-1.82316e-05,-0.007359028,0.013869047,0.0064382553,0.030696739,0.07949724,0.021740573,0.07125,0.037942868,1.0,,,,,,,,,,,,,,,,,,,,,,,,,,,,,,,,,,,,,,,,,,,
191.0,-0.002822303542405823,0.07458901405334473,0.0005451202159747481,1.265255331993103,0.0,0.007914222,-0.00023479854,0.9994549,0.038977217,0.010222782,-1.8232253e-05,-0.007688999,0.013740301,0.006412506,-0.07897479,-0.031425186,-0.0050871917,0.071625,0.038141962,1.0,,,,,,,,,,,,,,,,,,,,,,,,,,,,,,,,,,,,,,,,,,,
192.0,-0.002824287798109242,0.07484765350818634,0.000545203685760498,1.2628836631774902,0.0,0.008078923,-0.00019088818,0.99945486,0.03952842,0.010538484,-1.7892988e-05,-0.0075588226,0.014070749,0.006504774,0.030699069,0.07949724,0.021714726,0.072,0.038341045,1.0,,,,,,,,,,,,,,,,,,,,,,,,,,,,,,,,,,,,,,,,,,,
193.0,-0.00282625897378624,0.07510368525981903,0.000545287155546248,1.2605011463165283,0.0,0.008245978,-0.00014568427,0.9994548,0.040093,0.010848938,-1.7935925e-05,-0.007888794,0.013941765,0.006479025,-0.078970134,-0.031438176,-0.0050687594,0.072375,0.038540117,1.0,,,,,,,,,,,,,,,,,,,,,,,,,,,,,,,,,,,,,,,,,,,
194.0,-0.002828223995458323,0.07535706460475922,0.0005453586345538497,1.2581076622009277,0.0,0.008415362,-9.91311e-05,0.99945474,0.04065211,0.011172762,-1.7772294e-05,-0.0077586174,0.014272213,0.0065710545,0.030701397,0.07949724,0.021688886,0.07275,0.038739182,1.0,,,,,,,,,,,,,,,,,,,,,,,,,,,,,,,,,,,,,,,,,,,
195.0,-0.002830175910654915,0.07560782134532928,0.0005454182391986251,1.255703330039978,0.0,0.008587131,-5.1250525e-05,0.9994546,0.041224606,0.011491338,-1.7775666e-05,-0.008088589,0.014143467,0.0065453053,-0.07896548,-0.031451155,-0.005050328,0.073125,0.03893824,1.0,,,,,,,,,,,,,,,,,,,,,,,,,,,,,,,,,,,,,,,,,,,
196.0,-0.002832121920278111,0.07585591077804565,0.000545501708984375,1.2532880306243896,0.0,0.0087612625,-1.9868494e-06,0.99945456,0.041791625,0.011823283,-1.7438988e-05,-0.007958412,0.014473677,0.0066375732,0.03070372,0.07949724,0.021663051,0.0735,0.039137285,1.0,,,,,,,,,,,,,,,,,,,,,,,,,,,,,,,,,,,,,,,,,,,
197.0,-0.0028340547870562486,0.07610132545232773,0.0005455613136291504,1.2508620023727417,0.0,0.008937812,4.8638045e-05,0.9994545,0.042372026,0.012149975,-1.7484606e-05,-0.0082883835,0.014344931,0.006611824,-0.07896082,-0.031464122,-0.005031898,0.073875,0.03933632,1.0,,,,,,,,,,,,,,,,,,,,,,,,,,,,,,,,,,,,,,,,,,,
198.0,-0.0028359805880201674,0.07634403556585312,0.000545632850844413,1.2484251260757446,0.0,0.009116759,0.00010067984,0.99945444,0.042946942,0.012490032,-1.7323568e-05,-0.008158207,0.01467514,0.0067038536,0.030706037,0.07949723,0.02163722,0.07425,0.039535344,1.0,,,,,,,,,,,,,,,,,,,,,,,,,,,,,,,,,,,,,,,,,,,
199.0,-0.0028378933751290526,0.07658402621746063,0.000545716262422502,1.2459772825241089,0.0,0.009298155,0.00015411667,0.9994543,0.043535236,0.012824837,-1.732962e-05,-0.008488178,0.014546156,0.0066781044,-0.07895616,-0.031477083,-0.005013469,0.074625,0.03973436,1.0,,,,,,,,,,,,,,,,,,,,,,,,,,,,,,,,,,,,,,,,,,,
200.0,-0.002839799171101661,0.07682125270366669,0.0005457758670672774,1.2435189485549927,0.0,0.00948198,0.00020900418,0.99945426,0.04411805,0.013173006,-1.6995536e-05,-0.008358002,0.014876604,0.006770134,0.03070835,0.079497226,0.021611398,0.075,0.039933365,1.0,,,,,,,,,,,,,,,,,,,,,,,,,,,,,,,,,,,,,,,,,,,
201.0,-0.0028416920806759428,0.07705576717853546,0.0005458593368530273,1.2410495281219482,0.0,0.00966829,0.0002653205,0.9994542,0.044714235,0.0135159185,-1.7043827e-05,-0.008687735,0.01474762,0.0067443848,-0.07895149,-0.03149003,-0.0049950415,0.075375,0.040132362,1.0,,,,,,,,,,,,,,,,,,,,,,,,,,,,,,,,,,,,,,,,,,,
202.0,-0.002843577012768316,0.07728743553161621,0.0005459189414978027,1.2385693788528442,0.0,0.00985706,0.00032312132,0.99945414,0.04530493,0.01387219,-1.6885384e-05,-0.008557558,0.015078068,0.006836176,0.030710658,0.07949721,0.02158558,0.07575,0.04033135,1.0,,,,,,,,,,,,,,,,,,,,,,,,,,,,,,,,,,,,,,,,,,,
203.0,-0.002845448554305072,0.07751630991697311,0.0005459785461425781,1.2360786199569702,0.0,0.0100483475,0.00038238466,0.9994541,0.045909,0.014223208,-1.6894106e-05,-0.008887529,0.014949083,0.006810665,-0.07894682,-0.031502973,-0.004976615,0.076125,0.040530324,1.0,,,,,,,,,,,,,,,,,,,,,,,,,,,,,,,,,,,,,,,,,,,
204.0,-0.0028473128391769613,0.07774237543344498,0.0005460500833578408,1.2335771322250366,0.0,0.01024213,0.00044316627,0.999454,0.046507575,0.01458758,-1.6746555e-05,-0.008757114,0.015279293,0.0069024563,0.03071296,0.079497196,0.021559767,0.0765,0.040729288,1.0,,,,,,,,,,,,,,,,,,,,,,,,,,,,,,,,,,,,,,,,,,,
205.0,-0.0028491631305804983,0.07796558737754822,0.0005461096880026162,1.231065034866333,0.0,0.010438461,0.0005054442,0.9994539,0.04711952,0.014946696,-1.6754364e-05,-0.009087086,0.015150309,0.006876707,-0.07894215,-0.0315159,-0.00495819,0.076875,0.040928245,1.0,,,,,,,,,,,,,,,,,,,,,,,,,,,,,,,,,,,,,,,,,,,
206.0,-0.0028510057322841302,0.07818587869405746,0.0005461930995807052,1.2285423278808594,0.0,0.010637319,0.000569274,0.99945384,0.047725968,0.015319167,-1.6424694e-05,-0.008956671,0.015480757,0.006968498,0.03071526,0.07949718,0.02153396,0.07725,0.04112719,1.0,,,,,,,,,,,,,,,,,,,,,,,,,,,,,,,,,,,,,,,,,,,
207.0,-0.0028528347283738016,0.07840337604284286,0.0005462765693664551,1.2260091304779053,0.0,0.010838759,0.00063463394,0.9994538,0.048345782,0.015686376,-1.6476868e-05,-0.009286642,0.015351534,0.006942749,-0.07893747,-0.031528823,-0.004939766,0.077625,0.041326124,1.0,,,,,,,,,,,,,,,,,,,,,,,,,,,,,,,,,,,,,,,,,,,
208.0,-0.0028546555608379167,0.0786178931593895,0.0005463361740112305,1.2234656810760498,0.0,0.01104276,0.0007015795,0.9994537,0.048960093,0.016066937,-1.6322334e-05,-0.009156227,0.015681982,0.00703454,0.030717554,0.07949716,0.021508161,0.078,0.04152505,1.0,,,,,,,,,,,,,,,,,,,,,,,,,,,,,,,,,,,,,,,,,,,
209.0,-0.0028564618594747663,0.07882951200008392,0.0005463957786560059,1.2209117412567139,0.0,0.0112493755,0.0007700888,0.99945366,0.049587768,0.016442236,-1.633506e-05,-0.009486198,0.015552759,0.007008791,-0.07893279,-0.03154173,-0.004921343,0.078375,0.041723963,1.0,,,,,,,,,,,,,,,,,,,,,,,,,,,,,,,,,,,,,,,,,,,
210.0,-0.0028582606417412327,0.07903815805912018,0.0005464553833007812,1.218347430229187,0.0,0.011458584,0.00084021746,0.9994536,0.05020994,0.016830884,-1.6191383e-05,-0.009355783,0.015883207,0.0071003437,0.030719845,0.079497136,0.021482365,0.07875,0.041922867,1.0,,,,,,,,,,,,,,,,,,,,,,,,,,,,,,,,,,,,,,,,,,,
211.0,-0.0028600449709982566,0.07924383878707886,0.0005465269205160439,1.2157727479934692,0.0,0.0116704395,0.0009119436,0.99945354,0.05084547,0.017214268,-1.62032e-05,-0.009685516,0.015753984,0.0070745945,-0.07892811,-0.031554632,-0.0049029216,0.079125,0.04212176,1.0,,,,,,,,,,,,,,,,,,,,,,,,,,,,,,,,,,,,,,,,,,,
212.0,-0.002861819906195318,0.07944651693105698,0.0005465865251608193,1.2131880521774292,0.0,0.011884921,0.0009853228,0.9994534,0.051475488,0.017610997,-1.6061344e-05,-0.00955534,0.016084194,0.007166147,0.030722128,0.07949711,0.021456577,0.0795,0.042320643,1.0,,,,,,,,,,,,,,,,,,,,,,,,,,,,,,,,,,,,,,,,,,,
213.0,-0.0028635807119588024,0.07964620739221573,0.0005466461298055947,1.2105932235717773,0.0,0.012102083,0.001060333,0.99945337,0.05211887,0.018002465,-1.5890431e-05,-0.009885073,0.01595521,0.0071406364,-0.07892343,-0.03156752,-0.0048845015,0.079875,0.042519517,1.0,,,,,,,,,,,,,,,,,,,,,,,,,,,,,,,,,,,,,,,,,,,
214.0,-0.0028653334558721016,0.07984285056591034,0.0005467295413836837,1.2079883813858032,0.0,0.012321902,0.00113703,0.9994533,0.052756734,0.01840727,-1.5793044e-05,-0.009754658,0.01628542,0.0072319508,0.030724408,0.07949708,0.021430794,0.08025,0.042718377,1.0,,,,,,,,,,,,,,,,,,,,,,,,,,,,,,,,,,,,,,,,,,,
215.0,-0.002867071220083379,0.080036461353302,0.0005467891460284591,1.2053738832473755,0.0,0.012544435,0.0012153917,0.99945325,0.053407952,0.018806811,-1.5797268e-05,-0.010084391,0.016156197,0.0072062016,-0.07891874,-0.0315804,-0.0048660827,0.080625,0.04291723,1.0,,,,,,,,,,,,,,,,,,,,,,,,,,,,,,,,,,,,,,,,,,,
216.0,-0.0028687997861380956,0.08022697269916534,0.0005468487506732345,1.202749490737915,0.0,0.012769659,0.0012954738,0.9994532,0.054053653,0.019219691,-1.56604e-05,-0.009953976,0.016486406,0.007297516,0.030726684,0.07949704,0.021405017,0.081,0.043116067,1.0,,,,,,,,,,,,,,,,,,,,,,,,,,,,,,,,,,,,,,,,,,,
217.0,-0.0028705138381989698,0.08041437715291977,0.0005469083553180099,1.2001153230667114,0.0,0.012997629,0.0013772541,0.9994531,0.054712705,0.019627303,-1.5675523e-05,-0.010283709,0.016357183,0.007272005,-0.07891405,-0.03159327,-0.004847665,0.081375,0.043314897,1.0,,,,,,,,,,,,,,,,,,,,,,,,,,,,,,,,,,,,,,,,,,,
218.0,-0.003021218568801659,0.08059867471456528,0.0005469679599627852,1.1974717378616333,0.0,0.013228321,0.0014607885,0.99945307,0.055366233,0.020048251,-1.5537697e-05,-0.010153294,0.016687632,0.0073633194,0.030728955,0.079497,0.021379245,0.08175,0.043513715,1.0,,,,,,,,,,,,,,,,,,,,,,,,,,,,,,,,,,,,,,,,,,,
219.0,-0.0030233059522671384,0.08077986538410187,0.0005470275646075606,1.1948187351226807,0.0,0.013461793,0.001546055,0.999453,0.056033112,0.02046393,-1.5554677e-05,-0.0104830265,0.016558409,0.00733757,-0.07890935,-0.03160613,-0.0048292484,0.082125,0.043712523,1.0,,,,,,,,,,,,,,,,,,,,,,,,,,,,,,,,,,,,,,,,,,,
220.0,-0.0030253773703320126,0.08095789700746536,0.000547087169252336,1.192156434059143,0.0,0.01369802,0.0016331088,0.99945295,0.056694463,0.02089294,-1.5418018e-05,-0.010352612,0.016888618,0.0074288845,0.030731222,0.07949696,0.02135348,0.0825,0.04391132,1.0,,,,,,,,,,,,,,,,,,,,,,,,,,,,,,,,,,,,,,,,,,,
221.0,-0.0030271980460771486,0.08113272488117218,0.0005471467738971114,1.18948495388031,0.0,0.013937058,0.0017219284,0.9994529,0.05736916,0.021316681,-1.5436355e-05,-0.010682344,0.016759157,0.0074031353,-0.07890466,-0.03161898,-0.0048108334,0.082875,0.044110104,1.0,,,,,,,,,,,,,,,,,,,,,,,,,,,,,,,,,,,,,,,,,,,
222.0,-0.0030290026564633796,0.0813044011592865,0.0005472183111123741,1.1868044137954712,0.0,0.014178884,0.001812569,0.9994528,0.058038328,0.02175375,-1.5300975e-05,-0.0105519295,0.017089605,0.007494211,0.030733483,0.07949692,0.02132772,0.08325,0.044308882,1.0,,,,,,,,,,,,,,,,,,,,,,,,,,,,,,,,,,,,,,,,,,,
223.0,-0.0030307854500912445,0.08147285878658295,0.0005472779157571495,1.1841150522232056,0.0,0.014423555,0.0019050088,0.9994527,0.05872084,0.022185547,-1.5320646e-05,-0.010881662,0.016960144,0.0074687004,-0.07889996,-0.03163182,-0.0047924193,0.083625,0.044507645,1.0,,,,,,,,,,,,,,,,,,,,,,,,,,,,,,,,,,,,,,,,,,,
224.0,-0.0030325516125850817,0.0816381424665451,0.0005473375204019248,1.1814173460006714,0.0,0.014671045,0.0019993032,0.99945265,0.059397817,0.022630673,-1.5002624e-05,-0.010751009,0.017290592,0.0075597763,0.03073574,0.07949687,0.021301964,0.084,0.044706397,1.0,,,,,,,,,,,,,,,,,,,,,,,,,,,,,,,,,,,,,,,,,,,
225.0,-0.003034296076816992,0.0818001925945282,0.0005473971250467002,1.1787109375,0.0,0.014921413,0.0020954304,0.9994526,0.060088128,0.02307052,-1.506676e-05,-0.011080742,0.01716113,0.007534027,-0.07889525,-0.03164465,-0.0047740065,0.084375,0.044905137,1.0,,,,,,,,,,,,,,,,,,,,,,,,,,,,,,,,,,,,,,,,,,,
226.0,-0.003036024065868566,0.0819590762257576,0.0005474567296914756,1.1759965419769287,0.0,0.015174633,0.0021934458,0.99945253,0.060772903,0.023523694,-1.4923836e-05,-0.010950327,0.01749134,0.007625103,0.030737992,0.079496816,0.021276217,0.08475,0.045103867,1.0,,,,,,,,,,,,,,,,,,,,,,,,,,,,,,,,,,,,,,,,,,,
227.0,-0.0030375398984629955,0.08211471140384674,0.000547516334336251,1.1732739210128784,0.0,0.015430762,0.0022933274,0.9994525,0.061471015,0.02397159,-1.4948534e-05,-0.01128006,0.01736188,0.007599354,-0.07889055,-0.03165747,-0.0047555952,0.085125,0.04530259,1.0,,,,,,,,,,,,,,,,,,,,,,,,,,,,,,,,,,,,,,,,,,,
228.0,-0.003039039242766964,0.08226712048053741,0.0005475759389810264,1.1705435514450073,0.0,0.015689777,0.0023951307,0.9994524,0.06216358,0.024432806,-1.48164545e-05,-0.011149406,0.017590523,0.0076913834,0.030930681,0.055066906,0.02152602,0.0855,0.045501295,1.0,,,,,,,,,,,,,,,,,,,,,,,,,,,,,,,,,,,,,,,,,,,
229.0,-0.0030405155359142554,0.0824163407087326,0.0005476355436258018,1.167805552482605,0.0,0.015951715,0.0024988337,0.99945235,0.062865324,0.024888711,-1.4766821e-05,-0.011479139,0.017359257,0.0076670647,-0.078690484,-0.05609445,-0.0044728885,0.085875,0.04569999,1.0,,,,,,,,,,,,,,,,,,,,,,,,,,,,,,,,,,,,,,,,,,,
230.0,-0.003041974034529355,0.08256234228610992,0.0005476951482705772,1.1650601625442505,0.0,0.016216539,0.0026044915,0.9994523,0.06355736,0.025357902,-1.4581861e-05,-0.011348486,0.017587662,0.007758856,0.030931855,0.055078402,0.021511486,0.08625,0.045898676,1.0,,,,,,,,,,,,,,,,,,,,,,,,,,,,,,,,,,,,,,,,,,,
231.0,-0.00304341098685334,0.08270515501499176,0.0005477547529153526,1.162307858467102,0.0,0.016484283,0.0027120824,0.99945223,0.06425856,0.025821779,-1.4543559e-05,-0.01167798,0.017356634,0.007734537,-0.078681305,-0.05609591,-0.004465768,0.086625,0.04609735,1.0,,,,,,,,,,,,,,,,,,,,,,,,,,,,,,,,,,,,,,,,,,,
232.0,-0.00304483092641712,0.08284474909305573,0.000547814357560128,1.1595484018325806,0.0,0.016754908,0.0028216613,0.9994522,0.06495005,0.026298938,-1.435865e-05,-0.011547327,0.01758504,0.007826328,0.030933026,0.05508989,0.021496948,0.087,0.04629601,1.0,,,,,,,,,,,,,,,,,,,,,,,,,,,,,,,,,,,,,,,,,,,
233.0,-0.0030462275879250857,0.08298119157552719,0.0005478739622049034,1.1567821502685547,0.0,0.017028453,0.0029332063,0.9994521,0.06565072,0.02677078,-1.4319266e-05,-0.01187706,0.017353773,0.0078020096,-0.07867213,-0.05609737,-0.0044586463,0.087375,0.04649466,1.0,,,,,,,,,,,,,,,,,,,,,,,,,,,,,,,,,,,,,,,,,,,
234.0,-0.003047606610061269,0.0831143781542778,0.0005479097599163651,1.1540095806121826,0.0,0.017304877,0.0030467724,0.99945205,0.066341676,0.0272559,-1.413732e-05,-0.011746407,0.017582417,0.007893801,0.030934198,0.055101372,0.021482412,0.08775,0.0466933,1.0,,,,,,,,,,,,,,,,,,,,,,,,,,,,,,,,,,,,,,,,,,,
235.0,-0.0030489638419675313,0.0832444280385971,0.0005479693645611405,1.1512306928634644,0.0,0.017584218,0.003162338,0.999452,0.06704181,0.027735703,-1.409617e-05,-0.012075901,0.017351389,0.007869482,-0.07866297,-0.056098823,-0.004451522,0.088125,0.046891924,1.0,,,,,,,,,,,,,,,,,,,,,,,,,,,,,,,,,,,,,,,,,,,
236.0,-0.003050303809276113,0.08337127417325974,0.0005480289692059159,1.148445963859558,0.0,0.017866435,0.003279958,0.99945194,0.06773223,0.028228778,-1.3917345e-05,-0.011945248,0.017579794,0.007961273,0.030935368,0.055112846,0.021467874,0.0885,0.04709054,1.0,,,,,,,,,,,,,,,,,,,,,,,,,,,,,,,,,,,,,,,,,,,
237.0,-0.003051620814646492,0.08349497616291046,0.0005480885738506913,1.1456552743911743,0.0,0.018151566,0.00339961,0.9994519,0.068431824,0.028716533,-1.3874394e-05,-0.012274981,0.017348766,0.0079369545,-0.078653805,-0.056100275,-0.0044443966,0.088875,0.047289144,1.0,,,,,,,,,,,,,,,,,,,,,,,,,,,,,,,,,,,,,,,,,,,
238.0,-0.0030529203336831534,0.08361544460058212,0.0005481481784954667,1.1428593397140503,0.0,0.018439574,0.0035213497,0.9994518,0.06912171,0.029217558,-1.36986955e-05,-0.012144089,0.01757741,0.008028269,0.030934853,0.055123106,0.021355815,0.08925,0.047487736,1.0,,,,,,,,,,,,,,,,,,,,,,,,,,,,,,,,,,,,,,,,,,,
239.0,-0.003054197752580086,0.08373276889324188,0.0005482077831402421,1.1400580406188965,0.0,0.018730493,0.003645155,0.99945176,0.06982077,0.029713258,-1.3653945e-05,-0.012473822,0.017346382,0.008003712,-0.078646354,-0.056102905,-0.004534768,0.089625,0.047686316,1.0,,,,,,,,,,,,,,,,,,,,,,,,,,,,,,,,,,,,,,,,,,,
240.0,-0.003055457143814499,0.08384691923856735,0.000548243522644043,1.1372517347335815,0.0,0.019024286,0.003771081,0.9994517,0.07051012,0.030222228,-1.3481371e-05,-0.01234293,0.017575026,0.008094788,0.030936066,0.055134542,0.02134132,0.09,0.04788488,1.0,,,,,,,,,,,,,,,,,,,,,,,,,,,,,,,,,,,,,,,,,,,
241.0,-0.003056694375708645,0.08395792543888092,0.0005482673877850175,1.1344408988952637,0.0,0.019320989,0.0038991056,0.99945164,0.07120865,0.03072587,-1.3434817e-05,-0.012672663,0.01734376,0.0080702305,-0.07863724,-0.056104288,-0.0045275944,0.090375,0.04808344,1.0,,,,,,,,,,,,,,,,,,,,,,,,,,,,,,,,,,,,,,,,,,,
242.0,-0.003057913564897314,0.0840657576918602,0.0005483269924297929,1.1316255331039429,0.0,0.019620562,0.0040292838,0.99945164,0.07189746,0.031242777,-1.32653695e-05,-0.012541771,0.017572641,0.008161306,0.030937277,0.055145975,0.021326825,0.09075,0.048281983,1.0,,,,,,,,,,,,,,,,,,,,,,,,,,,,,,,,,,,,,,,,,,,
243.0,-0.0030591110206412736,0.08417044579982758,0.0005483865970745683,1.1288057565689087,0.0,0.019923043,0.0041615935,0.9994516,0.072595455,0.031754352,-1.3400937e-05,-0.012871265,0.017341375,0.008136749,-0.07862814,-0.05610567,-0.004520419,0.091125,0.048480514,1.0,,,,,,,,,,,,,,,,,,,,,,,,,,,,,,,,,,,,,,,,,,,
244.0,-0.0030602904019642724,0.08427196741104126,0.0005484462017193437,1.1259822845458984,0.0,0.020228392,0.00429609,0.9994515,0.07328373,0.03227919,-1.3191482e-05,-0.012740612,0.017570257,0.00822711,0.03093572,0.055155307,0.021151794,0.0915,0.048679035,1.0,,,,,,,,,,,,,,,,,,,,,,,,,,,,,,,,,,,,,,,,,,,
245.0,-0.0030614468794076914,0.08437032252550125,0.0005484819412231445,1.123155117034912,0.0,0.020536646,0.0044327513,0.99945146,0.07398119,0.032798696,-1.3151441e-05,-0.0130701065,0.01733923,0.008202076,-0.07862185,-0.056109082,-0.00467374,0.091875,0.04887754,1.0,,,,,,,,,,,,,,,,,,,,,,,,,,,,,,,,,,,,,,,,,,,
246.0,-0.003062586050296517,0.08446557819843292,0.0005485176807269454,1.1203246116638184,0.0,0.020847768,0.0045716325,0.9994514,0.07466894,0.033331458,-1.2985866e-05,-0.012939215,0.017567873,0.008292437,0.030937005,0.055166684,0.02113737,0.09225,0.049076036,1.0,,,,,,,,,,,,,,,,,,,,,,,,,,,,,,,,,,,,,,,,,,,
247.0,-0.0030637030853715775,0.08455763757228851,0.0005485772853717208,1.1174908876419067,0.0,0.021161791,0.004712711,0.99945134,0.07536586,0.033858888,-1.2934468e-05,-0.013268709,0.017336845,0.008267164,-0.07861283,-0.056110356,-0.004666488,0.092625,0.04927452,1.0,,,,,,,,,,,,,,,,,,,,,,,,,,,,,,,,,,,,,,,,,,,
248.0,-0.003064802421021341,0.08464661985635757,0.0005486368900164962,1.1146541833877563,0.0,0.021478679,0.0048560426,0.9994513,0.07605307,0.03439957,-1.2774255e-05,-0.013138056,0.017565727,0.008357525,0.030938286,0.05517805,0.021122945,0.093,0.049472988,1.0,,,,,,,,,,,,,,,,,,,,,,,,,,,,,,,,,,,,,,,,,,,
249.0,-0.003065878989032001,0.08473242074251175,0.0005486964946612716,1.111815333366394,0.0,0.02179847,0.005001605,0.9994512,0.07674946,0.034934916,-1.2720532e-05,-0.01346755,0.0173347,0.0083322525,-0.07860381,-0.056111626,-0.0046592345,0.093375,0.04967145,1.0,,,,,,,,,,,,,,,,,,,,,,,,,,,,,,,,,,,,,,,,,,,
250.0,-0.003066660459927948,0.08481507003307343,0.0005487084272317588,1.1089739799499512,0.0,0.02212112,0.005149453,0.99945116,0.07743614,0.03548351,-1.2563562e-05,-0.0133366585,0.017563581,0.008422613,0.030939568,0.055189412,0.02110852,0.09375,0.049869895,1.0,,,,,,,,,,,,,,,,,,,,,,,,,,,,,,,,,,,,,,,,,,,
251.0,-0.0030678783180323535,0.08489466458559036,0.000548756099306047,1.106130838394165,0.0,0.02244667,0.0052995645,0.9994511,0.078131996,0.03602677,-1.2508011e-05,-0.013112783,0.017332554,0.008397341,0.05418909,-0.054994494,-0.0069844523,0.094125,0.050068326,1.0,,,,,,,,,,,,,,,,,,,,,,,,,,,,,,,,,,,,,,,,,,,
252.0,-0.0030680469999929644,0.0849711000919342,0.0005488157039508224,1.103285789489746,0.0,0.022775078,0.0054519004,0.9994511,0.078818336,0.036560647,-1.2051295e-05,-0.013345242,0.017561436,0.008487701,-0.056237467,0.05445316,0.022635737,0.0945,0.050266746,1.0,,,,,,,,,,,,,,,,,,,,,,,,,,,,,,,,,,,,,,,,,,,
253.0,-0.003069567863680209,0.08504445850849152,0.0005488276365213096,1.100439429283142,0.0,0.023106387,0.0056065004,0.99945104,0.07951372,0.037104037,-1.2447309e-05,-0.0131213665,0.01733017,0.008462429,0.054187354,-0.05499698,-0.0069872104,0.094875,0.050465155,1.0,,,,,,,,,,,,,,,,,,,,,,,,,,,,,,,,,,,,,,,,,,,
254.0,-0.0030696960546675546,0.08511471003293991,0.000548887241166085,1.0975918769836426,0.0,0.023440551,0.005763326,0.999451,0.08019959,0.037638057,-1.188464e-05,-0.013353825,0.017559052,0.008552551,-0.056246407,0.05444373,0.022631792,0.09525,0.05066355,1.0,,,,,,,,,,,,,,,,,,,,,,,,,,,,,,,,,,,,,,,,,,,
255.0,-0.0030711764147938543,0.08518190681934357,0.0005489468458108604,1.0947436094284058,0.0,0.023777612,0.0059224158,0.9994509,0.0808945,0.038181588,-1.2121635e-05,-0.01312995,0.017328024,0.008527517,0.054185614,-0.054999463,-0.0069899615,0.095625,0.050861932,1.0,,,,,,,,,,,,,,,,,,,,,,,,,,,,,,,,,,,,,,,,,,,
256.0,-0.0030712648132964434,0.0852460116147995,0.0005490064504556358,1.091894507408142,0.0,0.024117528,0.0060837315,0.99945086,0.0815799,0.038715746,-1.1596193e-05,-0.013362408,0.017556906,0.00861764,-0.056255344,0.0544343,0.022627845,0.096,0.051060304,1.0,,,,,,,,,,,,,,,,,,,,,,,,,,,,,,,,,,,,,,,,,,,
257.0,-0.003072704319553373,0.0853070616722107,0.0005490064504556358,1.0890452861785889,0.0,0.024460338,0.0062473123,0.9994508,0.08227434,0.03925942,-1.1824515e-05,-0.013138533,0.01732564,0.008592367,0.05418388,-0.05500195,-0.006992706,0.096375,0.05125866,1.0,,,,,,,,,,,,,,,,,,,,,,,,,,,,,,,,,,,,,,,,,,,
258.0,-0.003072751714400761,0.08536505699157715,0.0005490660551004112,1.0861958265304565,0.0,0.024806002,0.0064131194,0.9994508,0.082959265,0.039793715,-1.1301042e-05,-0.013370991,0.017554522,0.008682489,-0.056264278,0.054424874,0.022623895,0.09675,0.051457006,1.0,,,,,,,,,,,,,,,,,,,,,,,,,,,,,,,,,,,,,,,,,,,
259.0,-0.003073991171179944,0.08542001247406006,0.000549101852811873,1.0833467245101929,0.0,0.025154557,0.0065811924,0.99945074,0.08365323,0.040337525,-1.171288e-05,-0.013147354,0.017323256,0.008657455,0.05418215,-0.055004437,-0.006995444,0.097125,0.051655337,1.0,,,,,,,,,,,,,,,,,,,,,,,,,,,,,,,,,,,,,,,,,,,
260.0,-0.0030738366113917323,0.08547192811965942,0.0005491375923156738,1.080498218536377,0.0,0.025505964,0.006751492,0.9994507,0.084337674,0.040871967,-1.114631e-05,-0.013379812,0.01723051,0.008751869,-0.055587176,-0.022793524,0.023634974,0.0975,0.051853657,1.0,,,,,,,,,,,,,,,,,,,,,,,,,,,,,,,,,,,,,,,,,,,
261.0,-0.0030750355932646703,0.08552086353302002,0.0005491971969604492,1.0776504278182983,0.0,0.025860205,0.0069240583,0.9994506,0.085018,0.041415807,-1.1155637e-05,-0.013155937,0.016677618,0.008730888,0.05488246,-0.13219798,-0.0059481803,0.097875,0.05205196,1.0,,,,,,,,,,,,,,,,,,,,,,,,,,,,,,,,,,,,,,,,,,,
262.0,-0.0030748402399634646,0.08556680381298065,0.0005492210621014237,1.0748035907745361,0.0,0.026217187,0.0070988503,0.99945056,0.085675664,0.041950155,-1.046497e-05,-0.013388395,0.016584873,0.008825302,-0.055602897,-0.022767005,0.023595424,0.09825,0.052250255,1.0,,,,,,,,,,,,,,,,,,,,,,,,,,,,,,,,,,,,,,,,,,,
263.0,-0.0030759984542793064,0.08560977876186371,0.0005492568016052246,1.0719581842422485,0.0,0.026576892,0.0072759083,0.99945056,0.08632922,0.042493902,-1.0506067e-05,-0.01316452,0.016032219,0.008804321,0.05489387,-0.13216342,-0.005916067,0.098625,0.052448537,1.0,,,,,,,,,,,,,,,,,,,,,,,,,,,,,,,,,,,,,,,,,,,
264.0,-0.0030757630006706567,0.08564981073141098,0.00054931640625,1.069114327430725,0.0,0.026939226,0.0074551925,0.9994505,0.08696012,0.043028153,-1.0006466e-05,-0.013397217,0.015939474,0.008898735,-0.05561859,-0.0227405,0.023555879,0.099,0.0526468,1.0,,,,,,,,,,,,,,,,,,,,,,,,,,,,,,,,,,,,,,,,,,,
265.0,-0.0030768804959607223,0.08568689972162247,0.00054931640625,1.066272497177124,0.0,0.02730417,0.0076367417,0.99945045,0.087586924,0.043571804,-1.0005413e-05,-0.013173103,0.01538682,0.008877754,0.054905247,-0.13212888,-0.0058839573,0.099375,0.052845057,1.0,,,,,,,,,,,,,,,,,,,,,,,,,,,,,,,,,,,,,,,,,,,
266.0,-0.0030766049718882645,0.08572109043598175,0.0005493760108947754,1.0634325742721558,0.0,0.027671635,0.007820517,0.99945045,0.088191085,0.044105962,-9.34635e-06,-0.0134058,0.015294313,0.008972168,-0.055634256,-0.02271401,0.023516338,0.09975,0.053043295,1.0,,,,,,,,,,,,,,,,,,,,,,,,,,,,,,,,,,,,,,,,,,,
267.0,-0.003077682489547852,0.08575238287448883,0.0005494117503985763,1.0605950355529785,0.0,0.028041597,0.008006556,0.9994504,0.088791154,0.04464951,-9.569275e-06,-0.013181925,0.014741898,0.008951187,0.05491659,-0.13209435,-0.005851852,0.100125,0.053241525,1.0,,,,,,,,,,,,,,,,,,,,,,,,,,,,,,,,,,,,,,,,,,,
268.0,-0.0030773661154319142,0.0857807844877243,0.0005494356155395508,1.0577603578567505,0.0,0.028413966,0.008194821,0.9994503,0.089368604,0.04518357,-8.8722445e-06,-0.013414621,0.014649391,0.009045601,-0.0556499,-0.022687534,0.023476804,0.1005,0.053439736,1.0,,,,,,,,,,,,,,,,,,,,,,,,,,,,,,,,,,,,,,,,,,,
269.0,-0.003078403417878053,0.08580633252859116,0.0005494713550433517,1.0549285411834717,0.0,0.028788725,0.00838535,0.9994503,0.08994197,0.045727026,-8.922794e-06,-0.013190746,0.014097214,0.009024382,0.054927904,-0.13205984,-0.0058197505,0.100875,0.053637937,1.0,,,,,,,,,,,,,,,,,,,,,,,,,,,,,,,,,,,,,,,,,,,
270.0,-0.0030780468246488454,0.08582908660173416,0.0005494952201843262,1.0520998239517212,0.0,0.029165778,0.008578104,0.99945027,0.09049272,0.046260983,-8.464675e-06,-0.013423681,0.014004946,0.009118795,-0.05566551,-0.022661071,0.023437273,0.10125,0.053836126,1.0,,,,,,,,,,,,,,,,,,,,,,,,,,,,,,,,,,,,,,,,,,,
271.0,-0.003079043999682699,0.08584900200366974,0.000549530959688127,1.0492745637893677,0.0,0.029545108,0.008773122,0.99945027,0.091039404,0.04680434,-8.461821e-06,-0.013199806,0.013452768,0.009097815,0.054939188,-0.13202535,-0.0057876534,0.101625,0.054034296,1.0,,,,,,,,,,,,,,,,,,,,,,,,,,,,,,,,,,,,,,,,,,,
272.0,-0.0030786475414150117,0.08586607873439789,0.0005495905643329024,1.0464529991149902,0.0,0.029926622,0.008970365,0.9994502,0.091563486,0.047338195,-8.030769e-06,-0.013432503,0.0133605,0.009192228,-0.0556811,-0.022634624,0.023397747,0.102,0.05423246,1.0,,,,,,,,,,,,,,,,,,,,,,,,,,,,,,,,,,,,,,,,,,,
273.0,-0.0030796041414292183,0.08588044345378876,0.0005495905643329024,1.043635368347168,0.0,0.030310305,0.009169871,0.99945015,0.092083514,0.04788145,-8.024194e-06,-0.013208628,0.012808323,0.0091712475,0.054950442,-0.13199086,-0.00575556,0.102375,0.054430604,1.0,,,,,,,,,,,,,,,,,,,,,,,,,,,,,,,,,,,,,,,,,,,
274.0,-0.0030791676740608187,0.08589198440313339,0.0005496501689776778,1.0408217906951904,0.0,0.030696059,0.009371601,0.99945015,0.092580944,0.048415206,-7.424609e-06,-0.013441563,0.012716293,0.009265423,-0.05569666,-0.02260819,0.023358226,0.10275,0.054628737,1.0,,,,,,,,,,,,,,,,,,,,,,,,,,,,,,,,,,,,,,,,,,,
275.0,-0.003080084581856522,0.08590082824230194,0.0005496501689776778,1.0380125045776367,0.0,0.031083869,0.009575594,0.9994501,0.09307434,0.04895836,-7.644123e-06,-0.013217688,0.012164354,0.009244442,0.054961663,-0.13195641,-0.0057234713,0.103125,0.054826856,1.0,,,,,,,,,,,,,,,,,,,,,,,,,,,,,,,,,,,,,,,,,,,
276.0,-0.0030796082171464377,0.08590690791606903,0.0005497097736224532,1.035207986831665,0.0,0.03147364,0.00978181,0.9994501,0.09354514,0.049492016,-7.0060123e-06,-0.013450623,0.012072563,0.009338856,-0.055712193,-0.022581771,0.023318708,0.1035,0.055024963,1.0,,,,,,,,,,,,,,,,,,,,,,,,,,,,,,,,,,,,,,,,,,,
277.0,-0.003080485315644933,0.08591030538082123,0.0005497097736224532,1.0324082374572754,0.0,0.031865355,0.00999029,0.99945,0.09401192,0.050035063,-7.237181e-06,-0.0132267475,0.011520863,0.0093176365,0.054972854,-0.13192196,-0.0056913863,0.103875,0.055223055,1.0,,,,,,,,,,,,,,,,,,,,,,,,,,,,,,,,,,,,,,,,,,,
278.0,-0.003080229566375101,0.08591101318597794,0.0005497693782672286,1.0296134948730469,0.0,0.032258924,0.010200993,0.99945,0.09445613,0.050568614,-6.6108328e-06,-0.013459921,0.011428833,0.00941205,-0.0557277,-0.022555366,0.023279198,0.10425,0.055421133,1.0,,,,,,,,,,,,,,,,,,,,,,,,,,,,,,,,,,,,,,,,,,,
279.0,-0.0030808697721357247,0.08590906113386154,0.0005497693782672286,1.0268241167068481,0.0,0.032654323,0.010413958,0.99944997,0.09489632,0.05111156,-6.8418512e-06,-0.013236046,0.011398792,0.009383917,0.053786796,-0.006735919,-0.0073438967,0.104625,0.055619195,1.0,,,,,,,,,,,,,,,,,,,,,,,,,,,,,,,,,,,,,,,,,,,
280.0,-0.0030805746645953835,0.08590443432331085,0.0005498171085491776,1.0240401029586792,0.0,0.033051554,0.010629146,0.99944997,0.09533527,0.05164521,-6.4674973e-06,-0.013468981,0.0109119415,0.009483576,-0.054822925,-0.11735118,0.024523817,0.105,0.055817246,1.0,,,,,,,,,,,,,,,,,,,,,,,,,,,,,,,,,,,,,,,,,,,
281.0,-0.0030810731592755248,0.08589716255664825,0.000549828982912004,1.0212616920471191,0.0,0.03345053,0.010846596,0.99944997,0.09575406,0.0521881,-6.460552e-06,-0.013245106,0.010881901,0.009455442,0.053801708,-0.006708845,-0.0073202555,0.105375,0.056015283,1.0,,,,,,,,,,,,,,,,,,,,,,,,,,,,,,,,,,,,,,,,,,,
282.0,-0.003080635660033272,0.08588723838329315,0.000549876713193953,1.0184892416000366,0.0,0.033851244,0.01106627,0.9994499,0.09617161,0.052721683,-6.3265275e-06,-0.013273716,0.0103952885,0.009555101,-0.0057288343,-0.116867594,0.023957573,0.10575,0.056213304,1.0,,,,,,,,,,,,,,,,,,,,,,,,,,,,,,,,,,,,,,,,,,,
283.0,-0.0030810946650935422,0.08587475121021271,0.0005498885875567794,1.0157228708267212,0.0,0.034253616,0.011288171,0.9994499,0.0965691,0.053256154,-5.977829e-06,-0.012845039,0.010365248,0.009526968,0.10289287,-0.0062077213,-0.007808274,0.106125,0.05641131,1.0,,,,,,,,,,,,,,,,,,,,,,,,,,,,,,,,,,,,,,,,,,,
284.0,-0.0030806182857664455,0.08585967868566513,0.0005499124526977539,1.0129626989364624,0.0,0.03465764,0.011512225,0.99944985,0.09696543,0.053772952,-5.8181954e-06,-0.01287365,0.009878635,0.00962615,-0.005746066,-0.116852075,0.02390348,0.1065,0.056609306,1.0,,,,,,,,,,,,,,,,,,,,,,,,,,,,,,,,,,,,,,,,,,,
285.0,-0.003081036938259604,0.08584205061197281,0.0005499363178387284,1.0102089643478394,0.0,0.03506323,0.011738435,0.99944985,0.09734172,0.054290645,-5.4854017e-06,-0.012445211,0.009848833,0.009598017,0.102884464,-0.0061720735,-0.0077618714,0.106875,0.056807287,1.0,,,,,,,,,,,,,,,,,,,,,,,,,,,,,,,,,,,,,,,,,,,
286.0,-0.0030805212376803183,0.08582189679145813,0.0005499720573425293,1.0074617862701416,0.0,0.03547038,0.0119667305,0.99944985,0.09771685,0.054790672,-5.329746e-06,-0.01247406,0.009362221,0.009697199,-0.0057632667,-0.11683654,0.023849405,0.10725,0.057005253,1.0,,,,,,,,,,,,,,,,,,,,,,,,,,,,,,,,,,,,,,,,,,,
287.0,-0.0030809015859214017,0.08579916507005692,0.0005499959224835038,1.0047212839126587,0.0,0.035879016,0.012197112,0.9994498,0.09807195,0.05529159,-5.189848e-06,-0.012045622,0.009332418,0.0096690655,0.10287603,-0.006136463,-0.0077154743,0.107625,0.057203203,1.0,,,,,,,,,,,,,,,,,,,,,,,,,,,,,,,,,,,,,,,,,,,
288.0,-0.0030803459856873815,0.08577398955821991,0.0005500197294168174,1.0019878149032593,0.0,0.036289126,0.012429507,0.9994498,0.09842592,0.055774856,-4.812684e-06,-0.0120744705,0.008846045,0.009768009,-0.0057804356,-0.116821006,0.023795348,0.108,0.05740114,1.0,,,,,,,,,,,,,,,,,,,,,,,,,,,,,,,,,,,,,,,,,,,
289.0,-0.0030806867880400204,0.08574630320072174,0.0005500316619873047,0.9992612600326538,0.0,0.036700625,0.0126639195,0.9994498,0.098759845,0.056259017,-4.734643e-06,-0.011646032,0.008816481,0.009739876,0.10286757,-0.0061008898,-0.0076690824,0.108375,0.057599064,1.0,,,,,,,,,,,,,,,,,,,,,,,,,,,,,,,,,,,,,,,,,,,
290.0,-0.0030800925780723903,0.08571616560220718,0.0005500793340615928,0.9965420365333557,0.0,0.03711351,0.012900276,0.99944973,0.09909266,0.056725528,-4.534595e-06,-0.011675119,0.008329868,0.009838343,-0.0057975734,-0.11680545,0.023741307,0.10875,0.057796974,1.0,,,,,,,,,,,,,,,,,,,,,,,,,,,,,,,,,,,,,,,,,,,
291.0,-0.0030805454628724423,0.08568359911441803,0.0005500793340615928,0.9938300848007202,0.0,0.0375277,0.01313858,0.99944973,0.099405445,0.057192944,-4.240914e-06,-0.011246681,0.008300543,0.009810209,0.1028591,-0.0060653538,-0.0076226965,0.109125,0.057994865,1.0,,,,,,,,,,,,,,,,,,,,,,,,,,,,,,,,,,,,,,,,,,,
292.0,-0.0030796060191737524,0.08564863353967667,0.0005501389387063682,0.9911255836486816,0.0,0.037943188,0.013378758,0.99944973,0.099717125,0.057642713,-4.09915e-06,-0.011275768,0.00845623,0.009901524,-0.007340748,0.037297178,0.021954216,0.1095,0.058192745,1.0,,,,,,,,,,,,,,,,,,,,,,,,,,,,,,,,,,,,,,,,,,,
293.0,-0.003080019934441498,0.0856112390756607,0.0005501389387063682,0.9884287118911743,0.0,0.03836,0.013620814,0.9994497,0.100035034,0.058093652,-4.1991148e-06,-0.0108475685,0.0081522465,0.009876251,0.10349166,-0.071928374,-0.006898764,0.109875,0.05839061,1.0,,,,,,,,,,,,,,,,,,,,,,,,,,,,,,,,,,,,,,,,,,,
294.0,-0.0030790415162300177,0.08557147532701492,0.0005501628038473427,0.9857394695281982,0.0,0.038778085,0.0138646765,0.9994497,0.10034062,0.058526848,-3.694896e-06,-0.010876656,0.008307934,0.009967566,-0.0073738103,0.037293445,0.021965012,0.11025,0.05858846,1.0,,,,,,,,,,,,,,,,,,,,,,,,,,,,,,,,,,,,,,,,,,,
295.0,-0.0030794184770690665,0.0855294018983841,0.0005501866107806563,0.983057975769043,0.0,0.03919747,0.014110348,0.9994497,0.100652434,0.058961213,-3.8785606e-06,-0.010448456,0.00800395,0.009942293,0.10346962,-0.07191359,-0.006915716,0.110625,0.058786295,1.0,,,,,,,,,,,,,,,,,,,,,,,,,,,,,,,,,,,,,,,,,,,
296.0,-0.0030784023366296426,0.08548496663570404,0.0005501985433511436,0.9803844094276428,0.0,0.039618105,0.014357756,0.9994497,0.100951925,0.059377845,-3.5475325e-06,-0.010477781,0.008159637,0.0100336075,-0.0074068597,0.03728971,0.021975793,0.111,0.058984116,1.0,,,,,,,,,,,,,,,,,,,,,,,,,,,,,,,,,,,,,,,,,,,
297.0,-0.0030787412151003536,0.08543828129768372,0.0005502224084921181,0.9777188301086426,0.0,0.04004001,0.014606904,0.9994496,0.10125765,0.059795663,-3.6891854e-06,-0.01004982,0.007855892,0.010008097,0.103447594,-0.07189881,-0.0069326535,0.111375,0.059181925,1.0,,,,,,,,,,,,,,,,,,,,,,,,,,,,,,,,,,,,,,,,,,,
298.0,-0.0030776886138632565,0.08538927882909775,0.0005502462154254317,0.975061297416687,0.0,0.04046314,0.014857721,0.9994496,0.10155106,0.06019575,-3.192945e-06,-0.010079145,0.0080115795,0.010099411,-0.007439896,0.037285965,0.021986559,0.11175,0.059379715,1.0,,,,,,,,,,,,,,,,,,,,,,,,,,,,,,,,,,,,,,,,,,,
299.0,-0.0030777506086943508,0.08533807098865509,0.0005502700805664062,0.9724119305610657,0.0,0.040887516,0.015110208,0.9994496,0.1018507,0.060597032,-3.3720032e-06,-0.0096514225,0.007707596,0.0100739,0.10342558,-0.07188404,-0.006949577,0.112125,0.05957749,1.0,,,,,,,,,,,,,,,,,,,,,,,,,,,,,,,,,,,,,,,,,,,
300.0,-0.0030764200764310775,0.08528462797403336,0.0005502820131368935,0.9697707891464233,0.0,0.041313093,0.015364294,0.9994496,0.10213804,0.06098059,-3.059803e-06,-0.009680986,0.007863283,0.010165215,-0.0074729193,0.037282214,0.02199731,0.1125,0.059775252,1.0,,,,,,,,,,,,,,,,,,,,,,,,,,,,,,,,,,,,,,,,,,,
301.0,-0.003076445514381112,0.08522903174161911,0.0005502820131368935,0.9671378135681152,0.0,0.041739892,0.015619983,0.99944955,0.10243161,0.06136535,-3.1942927e-06,-0.009253025,0.007559538,0.010139704,0.103403576,-0.07186927,-0.0069664866,0.112875,0.059973,1.0,,,,,,,,,,,,,,,,,,,,,,,,,,,,,,,,,,,,,,,,,,,
302.0,-0.003075079539437411,0.08517124503850937,0.0005503296852111816,0.9645131826400757,0.0,0.04216786,0.0158772,0.99944955,0.10271287,0.0617324,-2.7174622e-06,-0.009282827,0.007714987,0.010231018,-0.0075059296,0.037278455,0.022008047,0.11325,0.060170732,1.0,,,,,,,,,,,,,,,,,,,,,,,,,,,,,,,,,,,,,,,,,,,
303.0,-0.0030750697814389237,0.08511140197515488,0.0005503296852111816,0.9618968367576599,0.0,0.04259703,0.016135953,0.99944955,0.103000365,0.06210066,-2.889215e-06,-0.008855104,0.0074112415,0.010205269,0.10338158,-0.07185451,-0.006983382,0.113625,0.06036845,1.0,,,,,,,,,,,,,,,,,,,,,,,,,,,,,,,,,,,,,,,,,,,
304.0,-0.003073668876842203,0.08504942804574966,0.0005503296852111816,0.9592887163162231,0.0,0.043027345,0.016396167,0.99944955,0.10327557,0.062451214,-2.5964423e-06,-0.008884907,0.007566929,0.010296822,-0.007538927,0.03727469,0.022018768,0.114,0.06056615,1.0,,,,,,,,,,,,,,,,,,,,,,,,,,,,,,,,,,,,,,,,,,,
305.0,-0.0030736244596244887,0.08498542010784149,0.0005503654247149825,0.9566889405250549,0.0,0.04345883,0.016657846,0.99944955,0.103557,0.06280299,-2.723613e-06,-0.008457422,0.0072631836,0.010270834,0.1033596,-0.07183975,-0.007000264,0.114375,0.060763836,1.0,,,,,,,,,,,,,,,,,,,,,,,,,,,,,,,,,,,,,,,,,,,
306.0,-0.0030721895161903833,0.08491943031549454,0.000550389289855957,0.9540975689888,0.0,0.04389144,0.016920917,0.9994495,0.103826135,0.06313707,-2.450148e-06,-0.008487225,0.007418871,0.010362387,-0.0075719114,0.037270915,0.022029474,0.11475,0.060961507,1.0,,,,,,,,,,,,,,,,,,,,,,,,,,,,,,,,,,,,,,,,,,,
307.0,-0.0030721117404919826,0.08485144376754761,0.000550389289855957,0.951514482498169,0.0,0.0443252,0.017185386,0.9994495,0.10410152,0.063472375,-2.3874488e-06,-0.00805974,0.0071151257,0.010336161,0.10333763,-0.071825,-0.007017131,0.115125,0.061159164,1.0,,,,,,,,,,,,,,,,,,,,,,,,,,,,,,,,,,,,,,,,,,,
308.0,-0.0030706431821677146,0.08478149771690369,0.0005504131549969316,0.9489397406578064,0.0,0.04476005,0.017451176,0.9994495,0.1043646,0.06378999,-2.167386e-06,-0.008090019,0.007270813,0.010427713,-0.0076048826,0.037267134,0.022040166,0.1155,0.061356805,1.0,,,,,,,,,,,,,,,,,,,,,,,,,,,,,,,,,,,,,,,,,,,
309.0,-0.003070531919123187,0.08470965176820755,0.0005504131549969316,0.9463733434677124,0.0,0.045196023,0.017718298,0.9994495,0.10463393,0.06410885,-2.2747163e-06,-0.0076625347,0.0069670677,0.010401487,0.10331568,-0.07181025,-0.0070339846,0.115875,0.06155443,1.0,,,,,,,,,,,,,,,,,,,,,,,,,,,,,,,,,,,,,,,,,,,
310.0,-0.003069030796857988,0.0846359133720398,0.0005504369619302452,0.9438151121139526,0.0,0.04563307,0.017986672,0.9994495,0.104890965,0.06441002,-2.02357e-06,-0.007692814,0.0071225166,0.0104932785,-0.0076378407,0.03726335,0.022050843,0.11625,0.06175204,1.0,,,,,,,,,,,,,,,,,,,,,,,,,,,,,,,,,,,,,,,,,,,
311.0,-0.003068887314046833,0.0845603346824646,0.0005504369619302452,0.9412652850151062,0.0,0.046071213,0.018256309,0.9994495,0.105154246,0.06471244,-2.1368041e-06,-0.007265568,0.00681901,0.010466814,0.10329373,-0.07179551,-0.007050824,0.116625,0.061949633,1.0,,,,,,,,,,,,,,,,,,,,,,,,,,,,,,,,,,,,,,,,,,,
312.0,-0.0030673546446293586,0.08448293060064316,0.0005504727596417069,0.9387235641479492,0.0,0.046510402,0.01852713,0.9994495,0.10540524,0.06499719,-1.8930903e-06,-0.007295847,0.0069744587,0.010558605,-0.0076707858,0.037259553,0.022061504,0.117,0.062147215,1.0,,,,,,,,,,,,,,,,,,,,,,,,,,,,,,,,,,,,,,,,,,,
313.0,-0.003067179626917004,0.08440373837947845,0.0005504727596417069,0.9361900687217712,0.0,0.04695066,0.018799143,0.99944943,0.10566249,0.065283194,-2.0031837e-06,-0.0068688393,0.006670952,0.010531902,0.1032718,-0.07178077,-0.007067649,0.117375,0.06234478,1.0,,,,,,,,,,,,,,,,,,,,,,,,,,,,,,,,,,,,,,,,,,,
314.0,-0.0030656153764045484,0.08432279527187347,0.0005504727596417069,0.9336647391319275,0.0,0.047391944,0.019072274,0.99944943,0.10590745,0.065551534,-1.5850601e-06,-0.0068991184,0.0068264008,0.0106236935,-0.0077037183,0.03725575,0.022072151,0.11775,0.06254233,1.0,,,,,,,,,,,,,,,,,,,,,,,,,,,,,,,,,,,,,,,,,,,
315.0,-0.0030654100869367995,0.0842401534318924,0.0005504727596417069,0.9311473965644836,0.0,0.04783427,0.01934653,0.99944943,0.10615866,0.06582114,-1.7346957e-06,-0.0064721107,0.006522894,0.010596991,0.10324988,-0.07176604,-0.0070844605,0.118125,0.06273986,1.0,,,,,,,,,,,,,,,,,,,,,,,,,,,,,,,,,,,,,,,,,,,
316.0,-0.0030638157351836983,0.08415575325489044,0.0005505204317159951,0.9286381006240845,0.0,0.048277594,0.019621834,0.99944943,0.10639759,0.06607308,-1.5000478e-06,-0.0065026283,0.0066785812,0.010688782,-0.0077366373,0.03725194,0.022082785,0.1185,0.06293737,1.0,,,,,,,,,,,,,,,,,,,,,,,,,,,,,,,,,,,,,,,,,,,
317.0,-0.003063580860765478,0.08406979590654373,0.0005505204317159951,0.9261369109153748,0.0,0.04872194,0.019898193,0.99944943,0.10664278,0.066326305,-1.6052098e-06,-0.006075859,0.006374836,0.010662079,0.10322797,-0.07175131,-0.0071012583,0.118875,0.06313487,1.0,,,,,,,,,,,,,,,,,,,,,,,,,,,,,,,,,,,,,,,,,,,
318.0,-0.0030619566143519025,0.08398216962814331,0.0005505204317159951,0.9236435890197754,0.0,0.049167253,0.020175533,0.99944943,0.10687569,0.06656188,-1.3897946e-06,-0.006106615,0.0065305233,0.01075387,-0.0077695437,0.037248123,0.022093402,0.11925,0.06333236,1.0,,,,,,,,,,,,,,,,,,,,,,,,,,,,,,,,,,,,,,,,,,,
319.0,-0.0030616922537214128,0.08389294147491455,0.0005505204317159951,0.9211580753326416,0.0,0.049613565,0.020453863,0.99944943,0.10711486,0.06679873,-1.4890347e-06,-0.005679846,0.0062270164,0.010726929,0.103206076,-0.07173659,-0.0071180416,0.119625,0.06352983,1.0,,,,,,,,,,,,,,,,,,,,,,,,,,,,,,,,,,,,,,,,,,,
320.0,-0.0030600390566019086,0.08380216360092163,0.0005505442386493087,0.9186803698539734,0.0,0.050060824,0.020733103,0.99944943,0.10734175,0.06701794,-1.2837942e-06,-0.005710602,0.0063824654,0.010818958,-0.0078024366,0.0372443,0.022104004,0.12,0.06372728,1.0,,,,,,,,,,,,,,,,,,,,,,,,,,,,,,,,,,,,,,,,,,,
321.0,-0.003059745971054463,0.08370986580848694,0.0005505561712197959,0.9162103533744812,0.0,0.05050905,0.021013264,0.99944943,0.1075749,0.06723845,-1.3792351e-06,-0.0052838326,0.0060789585,0.010791779,0.103184186,-0.07172187,-0.007134811,0.120375,0.06392472,1.0,,,,,,,,,,,,,,,,,,,,,,,,,,,,,,,,,,,,,,,,,,,
322.0,-0.0030580654252527896,0.08361604809761047,0.0005505561712197959,0.9137479066848755,0.0,0.0509582,0.02129427,0.9994494,0.10779579,0.06744132,-1.1836622e-06,-0.005314827,0.006234646,0.010883808,-0.007835317,0.03724047,0.022114594,0.12075,0.06412214,1.0,,,,,,,,,,,,,,,,,,,,,,,,,,,,,,,,,,,,,,,,,,,
323.0,-0.0030577447451319135,0.0835208147764206,0.0005505561712197959,0.9112931489944458,0.0,0.0514083,0.021576125,0.9994494,0.108022936,0.0676455,-1.0914605e-06,-0.004888296,0.005931139,0.010856628,0.10316231,-0.07170716,-0.0071515664,0.121125,0.06431954,1.0,,,,,,,,,,,,,,,,,,,,,,,,,,,,,,,,,,,,,,,,,,,
324.0,-0.0030560365287197783,0.08342411369085312,0.0005505561712197959,0.908845841884613,0.0,0.05185929,0.02185876,0.9994494,0.10823782,0.067832045,-9.487066e-07,-0.0049192905,0.006086588,0.010948658,-0.007868185,0.037236635,0.022125166,0.1215,0.06451694,1.0,,,,,,,,,,,,,,,,,,,,,,,,,,,,,,,,,,,,,,,,,,,
325.0,-0.0030556886169420066,0.08332601189613342,0.0005505800363607705,0.9064059257507324,0.0,0.0523112,0.022142176,0.9994494,0.108458966,0.068019904,-1.0266457e-06,-0.004492998,0.0057833195,0.01092124,0.10314045,-0.07169245,-0.007168308,0.121875,0.06471431,1.0,,,,,,,,,,,,,,,,,,,,,,,,,,,,,,,,,,,,,,,,,,,
326.0,-0.0030539543447091998,0.08322656154632568,0.0005506038432940841,0.9039733409881592,0.0,0.052763984,0.022426302,0.9994494,0.10866785,0.06819014,-8.527082e-07,-0.004524231,0.0059387684,0.011013269,-0.007901038,0.03723279,0.022135723,0.12225,0.06491166,1.0,,,,,,,,,,,,,,,,,,,,,,,,,,,,,,,,,,,,,,,,,,,
327.0,-0.0030535808183577502,0.08312579244375229,0.0005506038432940841,0.9015481472015381,0.0,0.05321766,0.022711141,0.9994494,0.108883,0.0683617,-9.3654666e-07,-0.0040977,0.0056352615,0.010985851,0.1031186,-0.071677744,-0.007185036,0.122625,0.06510901,1.0,,,,,,,,,,,,,,,,,,,,,,,,,,,,,,,,,,,,,,,,,,,
328.0,-0.003051819603275317,0.08302367478609085,0.0005506038432940841,0.8991299271583557,0.0,0.053672187,0.022996623,0.9994494,0.109085895,0.06851565,-7.6997486e-07,-0.0041291714,0.0057907104,0.011077881,-0.007933879,0.03722894,0.022146268,0.123,0.065306336,1.0,,,,,,,,,,,,,,,,,,,,,,,,,,,,,,,,,,,,,,,,,,,
329.0,-0.003051420289044745,0.08292030543088913,0.0005506038432940841,0.8967189192771912,0.0,0.05412758,0.023282751,0.9994494,0.109295055,0.06867093,-8.5065903e-07,-0.003702879,0.005487442,0.011050224,0.10309676,-0.07166305,-0.0072017494,0.123375,0.06550364,1.0,,,,,,,,,,,,,,,,,,,,,,,,,,,,,,,,,,,,,,,,,,,
330.0,-0.0030496345064856996,0.08281568437814713,0.0005506038432940841,0.8943150043487549,0.0,0.0545838,0.023569455,0.9994494,0.10949197,0.0688086,-6.9357e-07,-0.0037343502,0.005642891,0.011142492,-0.007966708,0.03722508,0.022156795,0.12375,0.06570093,1.0,,,,,,,,,,,,,,,,,,,,,,,,,,,,,,,,,,,,,,,,,,,
331.0,-0.003049210332031316,0.08270986378192902,0.0005506277084350586,0.8919181227684021,0.0,0.055040862,0.023856737,0.9994494,0.109695144,0.06894761,-7.7059923e-07,-0.0033082962,0.0053396225,0.011114836,0.10307493,-0.07164836,-0.007218449,0.124125,0.06589821,1.0,,,,,,,,,,,,,,,,,,,,,,,,,,,,,,,,,,,,,,,,,,,
332.0,-0.0030474003042566893,0.0826028436422348,0.0005506277084350586,0.8895280361175537,0.0,0.05549872,0.024144525,0.9994494,0.10988608,0.069069035,-6.2310215e-07,-0.0033397675,0.0054950714,0.011206865,-0.007999524,0.037221212,0.02216731,0.1245,0.066095464,1.0,,,,,,,,,,,,,,,,,,,,,,,,,,,,,,,,,,,,,,,,,,,
333.0,-0.0030469524444627044,0.08249469101428986,0.0005506277084350586,0.8871448636054993,0.0,0.0559574,0.024432823,0.9994494,0.11008328,0.069191806,-6.9644716e-07,-0.0029137135,0.005191803,0.01117897,0.103053115,-0.071633674,-0.007235135,0.124875,0.06629271,1.0,,,,,,,,,,,,,,,,,,,,,,,,,,,,,,,,,,,,,,,,,,,
334.0,-0.0030451181289056425,0.08238542079925537,0.0005506277084350586,0.8847684264183044,0.0,0.05641685,0.024721561,0.9994494,0.11026824,0.06929698,-5.585406e-07,-0.0029454231,0.005347252,0.011271238,-0.008032326,0.03721734,0.02217781,0.12525,0.066489935,1.0,,,,,,,,,,,,,,,,,,,,,,,,,,,,,,,,,,,,,,,,,,,
335.0,-0.0030446471041982023,0.08227506279945374,0.0005506277084350586,0.882398784160614,0.0,0.0568771,0.025010742,0.9994494,0.11045948,0.06940352,-6.2819817e-07,-0.0025196075,0.0050439835,0.011243343,0.10303131,-0.07161899,-0.007251807,0.125625,0.066687144,1.0,,,,,,,,,,,,,,,,,,,,,,,,,,,,,,,,,,,,,,,,,,,
336.0,-0.0030427896851221705,0.08216364681720734,0.0005506277084350586,0.8800356984138489,0.0,0.057338092,0.025300294,0.9994494,0.11063847,0.069492474,-4.9987443e-07,-0.0025513172,0.0051994324,0.011335611,-0.008065115,0.03721346,0.022188293,0.126,0.06688434,1.0,,,,,,,,,,,,,,,,,,,,,,,,,,,,,,,,,,,,,,,,,,,
337.0,-0.003042296066391646,0.08205120265483856,0.0005506515735760331,0.877679169178009,0.0,0.05779986,0.025590222,0.9994494,0.11082374,0.0695828,-5.658428e-07,-0.00212574,0.004896164,0.011307478,0.103009515,-0.07160431,-0.007268465,0.126375,0.06708151,1.0,,,,,,,,,,,,,,,,,,,,,,,,,,,,,,,,,,,,,,,,,,,
338.0,-0.003040812383689627,0.0819377452135086,0.0005506515735760331,0.8753293752670288,0.0,0.058262344,0.025880454,0.9994494,0.110996775,0.06965555,-4.4709404e-07,-0.0021576881,0.005051613,0.011399746,-0.008097891,0.037209574,0.022198763,0.12675,0.06727867,1.0,,,,,,,,,,,,,,,,,,,,,,,,,,,,,,,,,,,,,,,,,,,
339.0,-0.003040692785885813,0.08182333409786224,0.0005506515735760331,0.8729861974716187,0.0,0.05872558,0.026170993,0.9994494,0.11117609,0.06972968,-5.0937143e-07,-0.0017318726,0.004748583,0.011371613,0.10298774,-0.07158964,-0.0072851093,0.127125,0.06747581,1.0,,,,,,,,,,,,,,,,,,,,,,,,,,,,,,,,,,,,,,,,,,,
340.0,-0.003039646611943363,0.08170797675848007,0.0005506515735760331,0.8706493973731995,0.0,0.05918951,0.02646177,0.9994494,0.11134317,0.069786236,-4.0018972e-07,-0.0017640591,0.0049040318,0.011463881,-0.008130655,0.03720568,0.022209218,0.1275,0.06767294,1.0,,,,,,,,,,,,,,,,,,,,,,,,,,,,,,,,,,,,,,,,,,,
341.0,-0.003039048957528212,0.08159162849187851,0.0005506515735760331,0.8683193325996399,0.0,0.05965416,0.026752787,0.9994494,0.111516535,0.06984419,-4.5877454e-07,-0.0013384819,0.0046007633,0.011435509,0.102965966,-0.07157497,-0.0073017394,0.127875,0.06787005,1.0,,,,,,,,,,,,,,,,,,,,,,,,,,,,,,,,,,,,,,,,,,,
342.0,-0.0030379819889326427,0.08147432655096054,0.0005506634479388595,0.8659959435462952,0.0,0.060119484,0.027043974,0.9994494,0.11167767,0.069884576,-3.591518e-07,-0.0013706684,0.0047562122,0.011528015,-0.008163405,0.03720178,0.022219658,0.12825,0.06806714,1.0,,,,,,,,,,,,,,,,,,,,,,,,,,,,,,,,,,,,,,,,,,,
343.0,-0.0030375975206595285,0.08135613054037094,0.0005506634479388595,0.8636791110038757,0.0,0.060585506,0.027335333,0.9994493,0.11184509,0.069926366,-4.140424e-07,-0.00094509125,0.004453182,0.011499405,0.1029442,-0.07156031,-0.0073183556,0.128625,0.068264216,1.0,,,,,,,,,,,,,,,,,,,,,,,,,,,,,,,,,,,,,,,,,,,
344.0,-0.0030370132808103796,0.08123700320720673,0.0005506634479388595,0.8613691329956055,0.0,0.061052173,0.027626794,0.9994493,0.11200028,0.0699506,-1.4000773e-07,-0.0009775162,0.0046083927,0.011591911,-0.0081961425,0.037197873,0.022230083,0.129,0.06846127,1.0,,,,,,,,,,,,,,,,,,,,,,,,,,,,,,,,,,,,,,,,,,,
345.0,-0.0030364200370989235,0.08111698180437088,0.000550687313079834,0.8590658903121948,0.0,0.061519515,0.027918361,0.9994493,0.11216176,0.06997624,-2.3439523e-07,-0.0010895729,0.0043053627,0.011563301,-0.026061865,-0.07304089,-0.0067404914,0.129375,0.068658315,1.0,,,,,,,,,,,,,,,,,,,,,,,,,,,,,,,,,,,,,,,,,,,
346.0,-0.003035817184218513,0.08099599927663803,0.000550687313079834,0.8567695021629333,0.0,0.06198748,0.028210055,0.9994493,0.11231077,0.0700063,-1.6175908e-07,-0.0007429123,0.0044608116,0.0116558075,0.08277368,0.038260803,0.021828543,0.12975,0.06885534,1.0,,,,,,,,,,,,,,,,,,,,,,,,,,,,,,,,,,,,,,,,,,,
347.0,-0.003035139120527038,0.08087414503097534,0.000550687313079834,0.8544797897338867,0.0,0.062456086,0.028501814,0.9994493,0.112466246,0.070022285,-1.9367029e-07,-0.00085520744,0.0041577816,0.011627197,-0.026074314,-0.0730258,-0.0067649675,0.130125,0.06905234,1.0,,,,,,,,,,,,,,,,,,,,,,,,,,,,,,,,,,,,,,,,,,,
348.0,-0.0030344516041746375,0.08075134456157684,0.000550687313079834,0.8521970510482788,0.0,0.062925294,0.028793659,0.9994493,0.112609245,0.07004269,-1.364714e-07,-0.00050854683,0.0043132305,0.011719465,0.0827501,0.038275972,0.021846125,0.1305,0.06924933,1.0,,,,,,,,,,,,,,,,,,,,,,,,,,,,,,,,,,,,,,,,,,,
349.0,-0.0030337552750393116,0.08062760531902313,0.000550687313079834,0.8499214053153992,0.0,0.06339512,0.02908553,0.9994493,0.112758726,0.07004901,-1.671539e-07,-0.00062060356,0.004010439,0.011690855,-0.026086759,-0.07301071,-0.006789425,0.130875,0.0694463,1.0,,,,,,,,,,,,,,,,,,,,,,,,,,,,,,,,,,,,,,,,,,,
350.0,-0.0030330489450253934,0.08050301671028137,0.000550687313079834,0.847652792930603,0.0,0.06386552,0.029377446,0.9994493,0.112895735,0.07005977,-1.1100908e-07,-0.00027418137,0.004165888,0.011783361,0.08272652,0.038291126,0.021863695,0.13125,0.06964325,1.0,,,,,,,,,,,,,,,,,,,,,,,,,,,,,,,,,,,,,,,,,,,
351.0,-0.0030323350111757007,0.08037751913070679,0.000550687313079834,0.8453912734985352,0.0,0.064336516,0.029669346,0.9994493,0.113039225,0.070056446,-1.4383617e-07,-0.00038647652,0.0038630962,0.011754513,-0.026099198,-0.07299563,-0.0068138638,0.131625,0.06984019,1.0,,,,,,,,,,,,,,,,,,,,,,,,,,,,,,,,,,,,,,,,,,,
352.0,-0.003031611384731559,0.08025108277797699,0.0005507111782208085,0.8431370258331299,0.0,0.064808056,0.029961253,0.9994493,0.113170244,0.07005756,-8.795051e-08,-4.005432e-05,0.004018545,0.011847019,0.08270296,0.038306266,0.02188125,0.132,0.07003711,1.0,,,,,,,,,,,,,,,,,,,,,,,,,,,,,,,,,,,,,,,,,,,
353.0,-0.003031074659796741,0.08012378215789795,0.0005507111782208085,0.8408902287483215,0.0,0.06528018,0.030253107,0.9994493,0.11330776,0.07004461,-1.2310514e-07,-0.00015234947,0.0037157536,0.011818171,-0.026111629,-0.07298055,-0.0068382844,0.132375,0.070234016,1.0,,,,,,,,,,,,,,,,,,,,,,,,,,,,,,,,,,,,,,,,,,,
354.0,-0.003030221552716557,0.07999559491872787,0.0005507349851541221,0.8386510014533997,0.0,0.06575281,0.030544924,0.9994493,0.11343281,0.07003609,-6.743281e-08,0.0001938343,0.003871441,0.011910677,0.0826794,0.038321394,0.021898793,0.13275,0.0704309,1.0,,,,,,,,,,,,,,,,,,,,,,,,,,,,,,,,,,,,,,,,,,,
355.0,-0.003029820215279415,0.07986649870872498,0.0005507349851541221,0.8364195227622986,0.0,0.066226,0.030836646,0.9994493,0.11356435,0.070013516,-1.0492201e-07,8.1539154e-05,0.0035686493,0.01188159,-0.026124055,-0.07296548,-0.006862686,0.133125,0.070627764,1.0,,,,,,,,,,,,,,,,,,,,,,,,,,,,,,,,,,,,,,,,,,,
356.0,-0.0030289503423882253,0.07973656058311462,0.0005507349851541221,0.8341958522796631,0.0,0.066699676,0.031128293,0.9994493,0.11368343,0.06999539,-4.9458492e-08,0.00042772293,0.0037243366,0.011974335,0.08265585,0.03833651,0.02191632,0.1335,0.07082461,1.0,,,,,,,,,,,,,,,,,,,,,,,,,,,,,,,,,,,,,,,,,,,
357.0,-0.003028532869184801,0.07960573583841324,0.0005507349851541221,0.8319804072380066,0.0,0.06717388,0.031419806,0.9994493,0.11380902,0.069963194,-8.927961e-08,0.00031518936,0.003421545,0.011945009,-0.026136475,-0.072950415,-0.0068870694,0.133875,0.071021445,1.0,,,,,,,,,,,,,,,,,,,,,,,,,,,,,,,,,,,,,,,,,,,
358.0,-0.0030276474287318253,0.07947403192520142,0.0005507349851541221,0.8297730684280396,0.0,0.06764855,0.031711206,0.9994493,0.11392214,0.069935456,-3.402266e-08,0.00066137314,0.0035772324,0.012037754,0.0826323,0.03835161,0.021933837,0.13425,0.07121826,1.0,,,,,,,,,,,,,,,,,,,,,,,,,,,,,,,,,,,,,,,,,,,
359.0,-0.003027213800245136,0.07934144139289856,0.0005507349851541221,0.8275743722915649,0.0,0.06812373,0.032002427,0.9994493,0.114041775,0.069893666,-7.617252e-08,0.00054883957,0.0032746792,0.012008429,-0.02614889,-0.07293535,-0.0069114342,0.134625,0.07141505,1.0,,,,,,,,,,,,,,,,,,,,,,,,,,,,,,,,,,,,,,,,,,,
360.0,-0.0030263130661257495,0.07920797169208527,0.0005507349851541221,0.8253777623176575,0.0,0.06859935,0.032293495,0.9994493,0.11414895,0.06985633,-2.1120032e-08,0.00089502335,0.0034303665,0.012101173,0.08260877,0.038366698,0.021951338,0.135,0.07161183,1.0,,,,,,,,,,,,,,,,,,,,,,,,,,,,,,,,,,,,,,,,,,,
361.0,-0.003025826179699607,0.0790737047791481,0.0005507349851541221,0.8231832981109619,0.0,0.06907544,0.03258435,0.9994493,0.11426264,0.06980495,-6.559542e-08,0.00078225136,0.0031278133,0.012071848,-0.026161296,-0.072920285,-0.0069357804,0.135375,0.07180859,1.0,,,,,,,,,,,,,,,,,,,,,,,,,,,,,,,,,,,,,,,,,,,
362.0,-0.0030248716252630403,0.07893852889537811,0.0005507349851541221,0.8209910988807678,0.0,0.06955196,0.03287501,0.9994493,0.11436388,0.069758035,-1.0745294e-08,0.0011281967,0.003283739,0.012164593,0.08258524,0.038381774,0.021968827,0.13575,0.07200533,1.0,,,,,,,,,,,,,,,,,,,,,,,,,,,,,,,,,,,,,,,,,,,
363.0,-0.0030243705132578726,0.07880254089832306,0.0005507588502950966,0.8188011646270752,0.0,0.07002892,0.033165414,0.9994493,0.11447163,0.06969707,-5.7543016e-08,0.0010156631,0.002981186,0.012135267,-0.026173698,-0.07290523,-0.0069601084,0.136125,0.07220206,1.0,,,,,,,,,,,,,,,,,,,,,,,,,,,,,,,,,,,,,,,,,,,
364.0,-0.003023766100345256,0.07866565883159637,0.0005507588502950966,0.8166137337684631,0.0,0.07050629,0.03345558,0.9994493,0.11456694,0.06964058,-2.8931506e-09,0.0013613701,0.0031371117,0.012227774,0.08256171,0.03839683,0.021986302,0.1365,0.07239876,1.0,,,,,,,,,,,,,,,,,,,,,,,,,,,,,,,,,,,,,,,,,,,
365.0,-0.003023195013577379,0.07852799445390701,0.0005507588502950966,0.8144288063049316,0.0,0.07098407,0.033745456,0.9994493,0.114668764,0.06957004,-5.201e-08,0.0012485981,0.0028345585,0.012198448,-0.026186094,-0.07289018,-0.006984418,0.136875,0.07259545,1.0,,,,,,,,,,,,,,,,,,,,,,,,,,,,,,,,,,,,,,,,,,,
366.0,-0.0030230453037881945,0.07838944345712662,0.0005507588502950966,0.8122466206550598,0.0,0.07146224,0.034035057,0.9994493,0.114758156,0.069503985,2.4416917e-09,0.0015945435,0.0029904842,0.012291193,0.082538195,0.038411878,0.022003764,0.13725,0.07279212,1.0,,,,,,,,,,,,,,,,,,,,,,,,,,,,,,,,,,,,,,,,,,,
367.0,-0.0030224289474554554,0.07825009524822235,0.0005507588502950966,0.8100672960281372,0.0,0.071940795,0.034324322,0.9994493,0.11485407,0.06942389,-4.8991094e-08,0.001481533,0.0026881695,0.012261629,-0.026198482,-0.07287513,-0.0070087085,0.137625,0.07298877,1.0,,,,,,,,,,,,,,,,,,,,,,,,,,,,,,,,,,,,,,,,,,,
368.0,-0.0030222661173706458,0.07810990512371063,0.0005507588502950966,0.8078910708427429,0.0,0.072419696,0.034613274,0.9994493,0.114937544,0.069348276,5.264519e-09,0.0018274784,0.0028440952,0.012354374,0.08251468,0.038426913,0.022021212,0.138,0.0731854,1.0,,,,,,,,,,,,,,,,,,,,,,,,,,,,,,,,,,,,,,,,,,,
369.0,-0.0030216067568392645,0.07796891033649445,0.0005507588502950966,0.805717945098877,0.0,0.07289898,0.034901854,0.9994493,0.115027554,0.06925864,-4.8481013e-08,0.001714468,0.0025417805,0.01232481,-0.026210865,-0.072860084,-0.0070329807,0.138375,0.07338202,1.0,,,,,,,,,,,,,,,,,,,,,,,,,,,,,,,,,,,,,,,,,,,
370.0,-0.0030214008370933244,0.0778270959854126,0.0005507588502950966,0.8035483360290527,0.0,0.073378585,0.035190076,0.9994493,0.11510512,0.06917348,5.5806066e-09,0.0020008087,0.0026977062,0.012417316,0.06827792,0.03826675,0.022074778,0.13875,0.07357861,1.0,,,,,,,,,,,,,,,,,,,,,,,,,,,,,,,,,,,,,,,,,,,
371.0,-0.0030207290859804743,0.07768445461988449,0.0005507588502950966,0.8013822436332703,0.0,0.07385854,0.035477895,0.9994493,0.1151892,0.06907672,-4.555918e-08,0.0018286705,0.0023956299,0.0123877525,-0.04043304,-0.073023,-0.007014547,0.139125,0.073775195,1.0,,,,,,,,,,,,,,,,,,,,,,,,,,,,,,,,,,,,,,,,,,,
372.0,-0.0030434063069602886,0.07754097878932953,0.0005507826572284102,0.7992201447486877,0.0,0.074338794,0.03576534,0.9994493,0.115260825,0.06898687,1.1381105e-08,0.0021150112,0.0025515556,0.012480497,0.06826104,0.038282968,0.022085737,0.1395,0.07397175,1.0,,,,,,,,,,,,,,,,,,,,,,,,,,,,,,,,,,,,,,,,,,,
373.0,-0.003107508121358525,0.07739674299955368,0.0005508065223693848,0.7970620393753052,0.0,0.07481937,0.03605236,0.9994493,0.11533895,0.06888542,-4.083995e-08,0.001942873,0.0022494793,0.012450695,-0.04043871,-0.07301023,-0.007032229,0.139875,0.074168295,1.0,,,,,,,,,,,,,,,,,,,,,,,,,,,,,,,,,,,,,,,,,,,
374.0,-0.003170528886639387,0.07725170254707336,0.0005508065223693848,0.7949082255363464,0.0,0.075300224,0.036338992,0.9994493,0.11540462,0.06879088,1.5349801e-08,0.0022289753,0.002405405,0.01254344,0.06824418,0.038299177,0.022096684,0.14025,0.07436481,1.0,,,,,,,,,,,,,,,,,,,,,,,,,,,,,,,,,,,,,,,,,,,
375.0,-0.003234782811679862,0.07710587978363037,0.0005508065223693848,0.7927588820457458,0.0,0.075781375,0.036625177,0.9994493,0.11547681,0.06868475,-3.709878e-08,0.002056837,0.0021035671,0.012513638,-0.040444378,-0.07299747,-0.007049897,0.140625,0.07456132,1.0,,,,,,,,,,,,,,,,,,,,,,,,,,,,,,,,,,,,,,,,,,,
376.0,-0.003297516299763903,0.07695929706096649,0.0005508065223693848,0.7906142473220825,0.0,0.07626278,0.03691095,0.9994493,0.11553655,0.06858553,1.8141845e-08,0.0023429394,0.0022594929,0.012606382,0.06822732,0.038315374,0.022107622,0.141,0.07475781,1.0,,,,,,,,,,,,,,,,,,,,,,,,,,,,,,,,,,,,,,,,,,,
377.0,-0.003361462687419864,0.07681195437908173,0.0005508065223693848,0.7884747982025146,0.0,0.07674446,0.037196264,0.9994493,0.115602806,0.068474725,-3.448601e-08,0.0021705627,0.001957655,0.01257658,-0.040450044,-0.07298472,-0.0070675514,0.141375,0.07495427,1.0,,,,,,,,,,,,,,,,,,,,,,,,,,,,,,,,,,,,,,,,,,,
378.0,-0.0034238710545567777,0.07666386663913727,0.0005508065223693848,0.786340594291687,0.0,0.07722636,0.03748114,0.9994493,0.115656614,0.06837083,1.979601e-08,0.0024569035,0.0021138191,0.012669325,0.06821046,0.038331565,0.022118546,0.14175,0.07515072,1.0,,,,,,,,,,,,,,,,,,,,,,,,,,,,,,,,,,,,,,,,,,,
379.0,-0.0034874882743890353,0.0765150785446167,0.0005508065223693848,0.7842117547988892,0.0,0.07770851,0.037765536,0.9994493,0.11571694,0.06825535,-3.3007282e-08,0.0022845268,0.0018117428,0.012639523,-0.040455706,-0.07297197,-0.0070851916,0.142125,0.07534715,1.0,,,,,,,,,,,,,,,,,,,,,,,,,,,,,,,,,,,,,,,,,,,
380.0,-0.0035495505471809354,0.07636559009552002,0.0005508065223693848,0.7820887565612793,0.0,0.07819087,0.03804948,0.9994493,0.11576483,0.06814678,2.0317088e-08,0.0025706291,0.001967907,0.012732267,0.06819361,0.03834774,0.022129461,0.1425,0.07554356,1.0,,,,,,,,,,,,,,,,,,,,,,,,,,,,,,,,,,,,,,,,,,,
381.0,-0.003612795670557445,0.07621538639068604,0.0005508065223693848,0.7799719572067261,0.0,0.07867345,0.038332928,0.9994493,0.115819246,0.06802664,-3.2660253e-08,0.0023982525,0.001666069,0.012702465,-0.04046137,-0.07295923,-0.0071028173,0.142875,0.07573995,1.0,,,,,,,,,,,,,,,,,,,,,,,,,,,,,,,,,,,,,,,,,,,
382.0,-0.003674743040252772,0.07606454193592072,0.0005508065223693848,0.7778615355491638,0.0,0.079156205,0.0386159,0.9994493,0.11586122,0.067913406,1.9707995e-08,0.0026843548,0.0018224716,0.01279521,0.06817676,0.03836391,0.022140365,0.14325,0.075936325,1.0,,,,,,,,,,,,,,,,,,,,,,,,,,,,,,,,,,,,,,,,,,,
383.0,-0.003737808247555633,0.07591298222541809,0.0005508065223693848,0.7757577300071716,0.0,0.07963916,0.038898353,0.9994493,0.115909725,0.0677886,-3.344214e-08,0.0025117397,0.0015206337,0.012765169,-0.040467028,-0.07294649,-0.0071204295,0.143625,0.07613268,1.0,,,,,,,,,,,,,,,,,,,,,,,,,,,,,,,,,,,,,,,,,,,
384.0,-0.0037991390237853027,0.07576078176498413,0.0005508303875103593,0.7736611366271973,0.0,0.08012227,0.039180312,0.9994493,0.1159458,0.06767072,1.7971532e-08,0.002797842,0.0016767979,0.012857914,0.06815992,0.038380068,0.02215126,0.144,0.07632901,1.0,,,,,,,,,,,,,,,,,,,,,,,,,,,,,,,,,,,,,,,,,,,
385.0,-0.003861178609027685,0.07560791075229645,0.0005508303875103593,0.7715719938278198,0.0,0.08060555,0.039461736,0.9994493,0.1159884,0.06754126,-3.535016e-08,0.002625227,0.0013751984,0.012827873,-0.040472683,-0.072933756,-0.0071380283,0.144375,0.07652532,1.0,,,,,,,,,,,,,,,,,,,,,,,,,,,,,,,,,,,,,,,,,,,
386.0,-0.003921604671499519,0.07545440644025803,0.0005508303875103593,0.7694907188415527,0.0,0.08108897,0.039742645,0.9994493,0.116018586,0.06741872,1.5110503e-08,0.0029113293,0.001531601,0.012920618,0.068143085,0.038396217,0.022162141,0.14475,0.07672162,1.0,,,,,,,,,,,,,,,,,,,,,,,,,,,,,,,,,,,,,,,,,,,
387.0,-0.003983155246439084,0.07530035078525543,0.0005508303875103593,0.7674176096916199,0.0,0.081572525,0.040023,0.9994493,0.1160553,0.06728461,-3.8381504e-08,0.0027387142,0.001229763,0.012890577,-0.040478338,-0.07292103,-0.0071556126,0.145125,0.0769179,1.0,,,,,,,,,,,,,,,,,,,,,,,,,,,,,,,,,,,,,,,,,,,
388.0,-0.004043924715442291,0.07514570653438568,0.0005508303875103593,0.765353262424469,0.0,0.082056195,0.04030282,0.9994493,0.11607959,0.06715742,1.1127695e-08,0.003024578,0.0013861656,0.012983322,0.06812625,0.038412355,0.022173014,0.1455,0.07711416,1.0,,,,,,,,,,,,,,,,,,,,,,,,,,,,,,,,,,,,,,,,,,,
389.0,-0.004104879862121381,0.07499047368764877,0.0005508303875103593,0.7632978558540344,0.0,0.08253998,0.040582065,0.9994493,0.11611042,0.06701867,-4.2533394e-08,0.002851963,0.0010845661,0.012953281,-0.04048399,-0.07290831,-0.007173183,0.145875,0.0773104,1.0,,,,,,,,,,,,,,,,,,,,,,,,,,,,,,,,,,,,,,,,,,,
390.0,-0.004165088603586311,0.07483469694852829,0.0005508303875103593,0.7612519860267639,0.0,0.08302385,0.04086076,0.9994493,0.11612883,0.06688684,6.0258976e-09,0.003137827,0.0012409687,0.013046026,0.06810942,0.03842848,0.022183875,0.14625,0.07750662,1.0,,,,,,,,,,,,,,,,,,,,,,,,,,,,,,,,,,,,,,,,,,,
391.0,-0.004225455714427928,0.07467840611934662,0.0005508541944436729,0.7592159509658813,0.0,0.08350783,0.041138858,0.9994493,0.1161538,0.066743456,-4.7803038e-08,0.0029652119,0.0009396076,0.0130159855,-0.04048964,-0.0728956,-0.0071907393,0.146625,0.07770281,1.0,,,,,,,,,,,,,,,,,,,,,,,,,,,,,,,,,,,,,,,,,,,
392.0,-0.004285053190335022,0.07452158629894257,0.0005508541944436729,0.7571902275085449,0.0,0.083991855,0.041416388,0.9994493,0.11616633,0.066607,-1.921066e-10,0.0032510757,0.0010960102,0.01310873,0.06809259,0.0384446,0.022194725,0.147,0.077898994,1.0,,,,,,,,,,,,,,,,,,,,,,,,,,,,,,,,,,,,,,,,,,,
393.0,-0.004344783131339047,0.07436425983905792,0.0005508541944436729,0.7551752328872681,0.0,0.084475964,0.0416933,0.9994493,0.116185434,0.06645898,-5.418766e-08,0.0030782223,0.0007946491,0.013078451,-0.040495284,-0.07288289,-0.007208282,0.147375,0.07809515,1.0,,,,,,,,,,,,,,,,,,,,,,,,,,,,,,,,,,,,,,,,,,,
394.0,-0.00440371599847813,0.07420641928911209,0.0005508541944436729,0.753171443939209,0.0,0.084960096,0.041969623,0.9994493,0.11619211,0.066317886,-7.523536e-09,0.0033640862,0.0009510517,0.013171196,0.068075776,0.03846071,0.022205565,0.14775,0.0782913,1.0,,,,,,,,,,,,,,,,,,,,,,,,,,,,,,,,,,,,,,,,,,,
395.0,-0.004462757077743392,0.07404812425374985,0.0005508541944436729,0.7511792182922363,0.0,0.08544429,0.042245314,0.9994493,0.11620535,0.066165246,-6.1684474e-08,0.0031912327,0.0006496906,0.013140917,-0.04050093,-0.07287019,-0.007225811,0.148125,0.07848742,1.0,,,,,,,,,,,,,,,,,,,,,,,,,,,,,,,,,,,,,,,,,,,
396.0,-0.004520980486508417,0.0738893523812294,0.0005508541944436729,0.7491989135742188,0.0,0.08592848,0.042520396,0.9994493,0.11620617,0.066019535,-1.596562e-08,0.0034768581,0.00080633163,0.0132339,0.06805896,0.03847681,0.022216393,0.1485,0.07868352,1.0,,,,,,,,,,,,,,,,,,,,,,,,,,,,,,,,,,,,,,,,,,,
397.0,-0.00457928226078516,0.07373009622097015,0.0005508541944436729,0.747231125831604,0.0,0.0864127,0.04279482,0.9994493,0.11621356,0.06586227,-7.029072e-08,0.003304243,0.00050497055,0.0132033825,-0.040506575,-0.07285749,-0.007243326,0.148875,0.0788796,1.0,,,,,,,,,,,,,,,,,,,,,,,,,,,,,,,,,,,,,,,,,,,
398.0,-0.004636742921516772,0.07357045263051987,0.0005508541944436729,0.7452760934829712,0.0,0.086896904,0.04306862,0.9994493,0.11620854,0.06571194,-2.5515583e-08,0.0035898685,0.00066161156,0.013296366,0.06804215,0.038492896,0.02222721,0.14925,0.079075664,1.0,,,,,,,,,,,,,,,,,,,,,,,,,,,,,,,,,,,,,,,,,,,
399.0,-0.0046942554166722415,0.07341037690639496,0.0005508780595846474,0.7433344721794128,0.0,0.08738111,0.043341745,0.9994493,0.11621009,0.06555007,-8.000361e-08,0.003417015,0.00036025047,0.013265848,-0.040512215,-0.0728448,-0.007260827,0.149625,0.07927171,1.0,,,,,,,,,,,,,,,,,,,,,,,,,,,,,,,,,,,,,,,,,,,
400.0,-0.004750895148826932,0.07324985414743423,0.0005508780595846474,0.7414066195487976,0.0,0.08786528,0.043614227,0.9994493,0.116199225,0.065395124,-3.617067e-08,0.003702402,0.0005168915,0.013358831,0.06802534,0.038508974,0.022238018,0.15,0.07946773,1.0,,,,,,,,,,,,,,,,,,,,,,,,,,,,,,,,,,,,,,,,,,,
401.0,-0.004807568312180594,0.07308893650770187,0.0005508780595846474,0.7394928336143494,0.0,0.088349424,0.043886013,0.9994493,0.11619494,0.06522864,-9.082039e-08,0.0035295486,0.00021576881,0.013328314,-0.04051785,-0.072832115,-0.007278314,0.150375,0.07966374,1.0,,,,,,,,,,,,,,,,,,,,,,,,,,,,,,,,,,,,,,,,,,,
402.0,-0.0048633471825629175,0.07292765378952026,0.0005508780595846474,0.7375935316085815,0.0,0.088833496,0.044157133,0.9994493,0.11617825,0.065069094,-4.7928097e-08,0.003815174,0.00037264824,0.013421059,0.06800854,0.038525045,0.022248814,0.15075,0.07985972,1.0,,,,,,,,,,,,,,,,,,,,,,,,,,,,,,,,,,,,,,,,,,,
403.0,-0.004919022372249653,0.07276599109172821,0.0005508780595846474,0.7357093095779419,0.0,0.08931753,0.04442754,0.9994493,0.11616814,0.06489801,-1.0273831e-07,0.0036423206,7.1525574e-05,0.0133907795,-0.040523488,-0.072819434,-0.0072957873,0.151125,0.080055684,1.0,,,,,,,,,,,,,,,,,,,,,,,,,,,,,,,,,,,,,,,,,,,
404.0,-0.004973848257652186,0.0726039856672287,0.0005508780595846474,0.7338405251502991,0.0,0.08980147,0.044697266,0.9994493,0.11614563,0.06473386,-6.0785126e-08,0.0039277077,0.00022816658,0.013483524,0.06799175,0.0385411,0.0222596,0.1515,0.08025163,1.0,,,,,,,,,,,,,,,,,,,,,,,,,,,,,,,,,,,,,,,,,,,
405.0,-0.005028460796247965,0.07244157791137695,0.0005508780595846474,0.731987476348877,0.0,0.090285346,0.044966258,0.9994493,0.11612971,0.06455818,-1.15754595e-07,0.0037546158,-7.2956085e-05,0.013453007,-0.040529124,-0.07280676,-0.007313247,0.151875,0.08044755,1.0,,,,,,,,,,,,,,,,,,,,,,,,,,,,,,,,,,,,,,,,,,,
406.0,-0.005082417253497831,0.07227884978055954,0.0005508780595846474,0.7301506400108337,0.0,0.0907691,0.045234546,0.9994493,0.11610139,0.064389445,-7.473899e-08,0.003937006,8.392334e-05,0.013545752,0.043228395,0.038224217,0.022268571,0.15225,0.08064345,1.0,,,,,,,,,,,,,,,,,,,,,,,,,,,,,,,,,,,,,,,,,,,
407.0,-0.00513596079214408,0.07211576402187347,0.0005508780595846474,0.7283303141593933,0.0,0.09125277,0.045502104,0.9994493,0.1160796,0.06421339,-1.1305467e-07,0.0036609173,-0.0002169609,0.013515234,-0.0652755,-0.073131874,-0.0073210835,0.152625,0.080839336,1.0,,,,,,,,,,,,,,,,,,,,,,,,,,,,,,,,,,,,,,,,,,,
408.0,-0.005188993682664615,0.07195235788822174,0.0005508780595846474,0.7265269756317139,0.0,0.09173629,0.045768972,0.9994493,0.11604536,0.064048484,-6.200709e-08,0.003843069,-6.0081482e-05,0.013607979,0.04322312,0.038242456,0.022268113,0.153,0.0810352,1.0,,,,,,,,,,,,,,,,,,,,,,,,,,,,,,,,,,,,,,,,,,,
409.0,-0.005241505959696567,0.07178863883018494,0.0005508780595846474,0.7247409224510193,0.0,0.092219695,0.046035122,0.9994493,0.116017655,0.063876264,-1.010531e-07,0.0035669804,-0.00036120415,0.013577461,-0.06526954,-0.07312311,-0.0073270844,0.153375,0.08123104,1.0,,,,,,,,,,,,,,,,,,,,,,,,,,,,,,,,,,,,,,,,,,,
410.0,-0.005293437688932184,0.07162459194660187,0.0005508780595846474,0.7229727506637573,0.0,0.09270293,0.046300605,0.9994493,0.1159775,0.063715205,-5.266639e-08,0.0037493706,-0.0002040863,0.013670206,0.04321784,0.03826069,0.022267647,0.15375,0.08142687,1.0,,,,,,,,,,,,,,,,,,,,,,,,,,,,,,,,,,,,,,,,,,,
411.0,-0.005344830871615297,0.07146020233631134,0.0005508780595846474,0.721222460269928,0.0,0.093186036,0.04656538,0.9994493,0.115943894,0.06354682,-8.946256e-08,0.0034732819,-0.00050497055,0.013639927,-0.06526358,-0.07311435,-0.0073330775,0.154125,0.08162267,1.0,,,,,,,,,,,,,,,,,,,,,,,,,,,,,,,,,,,,,,,,,,,
412.0,-0.0053956650043775435,0.07129552215337753,0.0005508780595846474,0.7194907665252686,0.0,0.093668945,0.046829507,0.9994493,0.11589784,0.06338959,-4.4434366e-08,0.0036554337,-0.00034809113,0.013732672,0.04321257,0.038278915,0.022267174,0.1545,0.08181845,1.0,,,,,,,,,,,,,,,,,,,,,,,,,,,,,,,,,,,,,,,,,,,
413.0,-0.005445941959806489,0.07113056629896164,0.0005508780595846474,0.7177776098251343,0.0,0.09415168,0.047092944,0.9994493,0.11585833,0.063225046,-7.881693e-08,0.003379345,-0.0006489754,0.013702154,-0.065257624,-0.073105596,-0.0073390636,0.154875,0.08201421,1.0,,,,,,,,,,,,,,,,,,,,,,,,,,,,,,,,,,,,,,,,,,,
414.0,-0.005495857247906589,0.07096529752016068,0.0005508780595846474,0.7160835266113281,0.0,0.09463421,0.04735574,0.9994493,0.11580638,0.06307165,-3.7183636e-08,0.0035614967,-0.0004918575,0.013794899,0.043207295,0.038297135,0.022266693,0.15525,0.08220995,1.0,,,,,,,,,,,,,,,,,,,,,,,,,,,,,,,,,,,,,,,,,,,
415.0,-0.005544764576965692,0.07079978287220001,0.0005508780595846474,0.7144088745117188,0.0,0.09511655,0.04761787,0.9994493,0.11576098,0.06291094,-6.914411e-08,0.0032856464,-0.0007927418,0.013764381,-0.06525168,-0.07309685,-0.007345042,0.155625,0.08240567,1.0,,,,,,,,,,,,,,,,,,,,,,,,,,,,,,,,,,,,,,,,,,,
416.0,-0.005593770081780374,0.07063397020101547,0.0005508780595846474,0.7127538323402405,0.0,0.095598646,0.047879376,0.9994493,0.115703136,0.062761374,-3.0905607e-08,0.0034677982,-0.0006353855,0.013856888,0.04320202,0.038315345,0.022266207,0.156,0.08260137,1.0,,,,,,,,,,,,,,,,,,,,,,,,,,,,,,,,,,,,,,,,,,,
417.0,-0.005641375218205509,0.07046790421009064,0.0005508780595846474,0.7111186981201172,0.0,0.09608053,0.048140228,0.9994493,0.11565185,0.06260449,-6.044405e-08,0.0031917095,-0.00093626976,0.013826609,-0.06524574,-0.07308811,-0.0073510134,0.156375,0.08279705,1.0,,,,,,,,,,,,,,,,,,,,,,,,,,,,,,,,,,,,,,,,,,,
418.0,-0.005689289454794063,0.07030157744884491,0.0005508780595846474,0.7095037698745728,0.0,0.09656215,0.048400473,0.9994493,0.11558813,0.06245875,-2.5598272e-08,0.0033738613,-0.0007789135,0.013919115,0.04319675,0.038333546,0.022265714,0.15675,0.0829927,1.0,,,,,,,,,,,,,,,,,,,,,,,,,,,,,,,,,,,,,,,,,,,
419.0,-0.005735676928368254,0.07013498991727829,0.0005508780595846474,0.7079091668128967,0.0,0.09704352,0.04866008,0.9994493,0.11553096,0.06230569,-5.2715226e-08,0.0030977726,-0.0010797977,0.013888836,-0.0652398,-0.07307937,-0.007356977,0.157125,0.08318834,1.0,,,,,,,,,,,,,,,,,,,,,,,,,,,,,,,,,,,,,,,,,,,
420.0,-0.005782357393959912,0.06996821612119675,0.0005508780595846474,0.7063353061676025,0.0,0.09752461,0.048919097,0.9994493,0.115461364,0.06216378,-2.125996e-08,0.0032799244,-0.0009224415,0.013981342,0.043191474,0.03835174,0.022265213,0.1575,0.08338396,1.0,,,,,,,,,,,,,,,,,,,,,,,,,,,,,,,,,,,,,,,,,,,
421.0,-0.0058274968643068645,0.0698011964559555,0.0005508780595846474,0.704782247543335,0.0,0.09800544,0.04917749,0.9994493,0.11539833,0.062014546,-4.5955993e-08,0.003004074,-0.0012230873,0.013951063,-0.065233864,-0.07307063,-0.0073629334,0.157875,0.083579555,1.0,,,,,,,,,,,,,,,,,,,,,,,,,,,,,,,,,,,,,,,,,,,
422.0,-0.005872917051619904,0.06963397562503815,0.0005508780595846474,0.7032503485679626,0.0,0.098485954,0.049435306,0.9994493,0.115322866,0.06187646,-1.7889034e-08,0.003186226,-0.001065731,0.01404357,0.043186203,0.038369928,0.022264706,0.15825,0.08377513,1.0,,,,,,,,,,,,,,,,,,,,,,,,,,,,,,,,,,,,,,,,,,,
423.0,-0.005916785321097565,0.06946651637554169,0.0005508780595846474,0.7017396092414856,0.0,0.098966174,0.04969252,0.9994493,0.11525396,0.06173105,-4.0164714e-08,0.0029101372,-0.0013663769,0.01401329,-0.06522793,-0.073061906,-0.007368882,0.158625,0.08397068,1.0,,,,,,,,,,,,,,,,,,,,,,,,,,,,,,,,,,,,,,,,,,,
424.0,-0.00596092545600152,0.0692988783121109,0.0005508780595846474,0.7002503275871277,0.0,0.099446066,0.049949173,0.9994493,0.11517264,0.06159679,-1.548386e-08,0.003092289,-0.0012087822,0.014105797,0.04318093,0.038388107,0.022264192,0.159,0.084166214,1.0,,,,,,,,,,,,,,,,,,,,,,,,,,,,,,,,,,,,,,,,,,,
425.0,-0.006003507148212817,0.0691310465335846,0.0005508780595846474,0.6987824440002441,0.0,0.09992564,0.05020524,0.9994493,0.11509789,0.061455198,-3.5339756e-08,0.0028162003,-0.001509428,0.014075279,-0.06522201,-0.07305318,-0.007374824,0.159375,0.08436173,1.0,,,,,,,,,,,,,,,,,,,,,,,,,,,,,,,,,,,,,,,,,,,
426.0,-0.006046350154950029,0.06896306574344635,0.0005508780595846474,0.6973363757133484,0.0,0.10040485,0.050460756,0.9994493,0.11501071,0.061324753,-1.4042808e-08,0.002998352,-0.0013520718,0.014167786,0.043175664,0.038406275,0.02226367,0.15975,0.08455722,1.0,,,,,,,,,,,,,,,,,,,,,,,,,,,,,,,,,,,,,,,,,,,
427.0,-0.006087625631136372,0.0687948614358902,0.0005508780595846474,0.6959120035171509,0.0,0.10088372,0.050715704,0.9994493,0.1149301,0.06118698,-3.147949e-08,0.0027222633,-0.0016524792,0.0141375065,-0.06521609,-0.07304446,-0.0073807584,0.160125,0.08475269,1.0,,,,,,,,,,,,,,,,,,,,,,,,,,,,,,,,,,,,,,,,,,,
428.0,-0.006129162573058787,0.0686265155673027,0.0005508780595846474,0.6945094466209412,0.0,0.10136221,0.050970122,0.9994493,0.11483708,0.061060354,-1.3564245e-08,0.0029044151,-0.0014948845,0.014230013,0.043170393,0.03842444,0.022263141,0.1605,0.08494814,1.0,,,,,,,,,,,,,,,,,,,,,,,,,,,,,,,,,,,,,,,,,,,
429.0,-0.0061691250845678745,0.06845800578594208,0.0005508780595846474,0.6931288242340088,0.0,0.10184034,0.051223982,0.9994493,0.11475064,0.0609264,-2.8582285e-08,0.0026285648,-0.0017952919,0.014199734,-0.06521017,-0.07303574,-0.007386685,0.160875,0.085143566,1.0,,,,,,,,,,,,,,,,,,,,,,,,,,,,,,,,,,,,,,,,,,,
430.0,-0.006209345504053137,0.0682893842458725,0.0005508780595846474,0.6917701363563538,0.0,0.102318056,0.051477328,0.9994493,0.11465177,0.060803585,-1.4046548e-08,0.0028107166,-0.0016376972,0.01429224,0.04316512,0.038442593,0.022262607,0.16125,0.08533897,1.0,,,,,,,,,,,,,,,,,,,,,,,,,,,,,,,,,,,,,,,,,,,
431.0,-0.0062479880287874745,0.06812062114477158,0.0005508780595846474,0.6904335021972656,0.0,0.102795385,0.051730134,0.9994493,0.114559494,0.060673445,-2.6646516e-08,0.002534628,-0.0019381046,0.014261961,-0.065204255,-0.07302703,-0.0073926044,0.161625,0.08553436,1.0,,,,,,,,,,,,,,,,,,,,,,,,,,,,,,,,,,,,,,,,,,,
432.0,-0.006286887184645618,0.0679517313838005,0.000550901866517961,0.6891188621520996,0.0,0.10327228,0.051982444,0.9994493,0.1144548,0.060554445,-1.5488087e-08,0.0027167797,-0.00178051,0.014354229,0.043159854,0.038460743,0.022262065,0.162,0.08572972,1.0,,,,,,,,,,,,,,,,,,,,,,,,,,,,,,,,,,,,,,,,,,,
433.0,-0.00632421550703798,0.06778271496295929,0.0005508780595846474,0.6878260374069214,0.0,0.10374877,0.05223423,0.9994493,0.11435669,0.060428116,-2.567056e-08,0.002440691,-0.002080679,0.01432395,-0.06519835,-0.07301832,-0.0073985164,0.162375,0.08592506,1.0,,,,,,,,,,,,,,,,,,,,,,,,,,,,,,,,,,,,,,,,,,,
434.0,-0.006361800159273253,0.06761358678340912,0.0005508780595846474,0.6865552067756653,0.0,0.10422479,0.052485533,0.9994493,0.114246175,0.060312927,-1.7887244e-08,0.0026228428,-0.0019230843,0.014416456,0.043154586,0.03847888,0.022261515,0.16275,0.08612038,1.0,,,,,,,,,,,,,,,,,,,,,,,,,,,,,,,,,,,,,,,,,,,
435.0,-0.006397810798861611,0.06744439899921417,0.000550901866517961,0.6853063106536865,0.0,0.10470039,0.052736327,0.9994493,0.11414225,0.060190406,-2.5652794e-08,0.002346754,-0.0022232533,0.014386177,-0.065192446,-0.07300962,-0.0074044215,0.163125,0.08631568,1.0,,,,,,,,,,,,,,,,,,,,,,,,,,,,,,,,,,,,,,,,,,,
436.0,-0.006434088189764363,0.06727509200572968,0.000550901866517961,0.684079110622406,0.0,0.105175495,0.052986655,0.9994493,0.11402591,0.060079023,-2.1242398e-08,0.0025289059,-0.0020654202,0.014478445,0.04314932,0.038497012,0.022260958,0.1635,0.08651096,1.0,,,,,,,,,,,,,,,,,,,,,,,,,,,,,,,,,,,,,,,,,,,
437.0,-0.006468797646063833,0.0671057254076004,0.000550901866517961,0.6828736066818237,0.0,0.10565014,0.053236492,0.9994493,0.11391617,0.059960313,-2.6591602e-08,0.0022528172,-0.0023655891,0.014448166,-0.065186545,-0.07300092,-0.0074103186,0.163875,0.08670621,1.0,,,,,,,,,,,,,,,,,,,,,,,,,,,,,,,,,,,,,,,,,,,
438.0,-0.006503778459046363,0.06693626195192337,0.000550901866517961,0.6816896200180054,0.0,0.10612429,0.053485878,0.9994493,0.11379403,0.059852738,-2.5551932e-08,0.002434969,-0.002207756,0.014540434,0.04314405,0.038515136,0.022260396,0.16425,0.08690145,1.0,,,,,,,,,,,,,,,,,,,,,,,,,,,,,,,,,,,,,,,,,,,
439.0,-0.006537202025641048,0.06676679104566574,0.000550901866517961,0.6805270314216614,0.0,0.106597945,0.053734783,0.9994493,0.113678485,0.05973783,-2.8485365e-08,0.0021591187,-0.002507925,0.014510155,-0.06518065,-0.07299223,-0.0074162087,0.164625,0.08709666,1.0,,,,,,,,,,,,,,,,,,,,,,,,,,,,,,,,,,,,,,,,,,,
440.0,-0.006570902144133539,0.06659722328186035,0.000550901866517961,0.679385781288147,0.0,0.10707107,0.05398326,0.9994493,0.11355054,0.05963406,-3.0814235e-08,0.002341032,-0.002350092,0.014602661,0.043138783,0.03853325,0.022259826,0.165,0.08729185,1.0,,,,,,,,,,,,,,,,,,,,,,,,,,,,,,,,,,,,,,,,,,,
441.0,-0.006603055547318675,0.06642764061689377,0.000550901866517961,0.6782655715942383,0.0,0.10754369,0.05423127,0.9994493,0.113429196,0.059522957,-3.133247e-08,0.0020651817,-0.002650261,0.014572382,-0.06517476,-0.07298354,-0.0074220914,0.165375,0.08748702,1.0,,,,,,,,,,,,,,,,,,,,,,,,,,,,,,,,,,,,,,,,,,,
442.0,-0.006635502183217774,0.06625799834728241,0.000550901866517961,0.6771661639213562,0.0,0.10801576,0.05447887,0.9994493,0.11329545,0.059422985,-3.7027686e-08,0.002247095,-0.0024921894,0.01466465,0.04313352,0.03855136,0.022259248,0.16575,0.087682165,1.0,,,,,,,,,,,,,,,,,,,,,,,,,,,,,,,,,,,,,,,,,,,
443.0,-0.006666410955263406,0.06608837842941284,0.000550901866517961,0.676087498664856,0.0,0.10848729,0.054726016,0.9994493,0.11316832,0.059315685,-3.5131308e-08,0.0019712448,-0.0027923584,0.014634371,-0.06516887,-0.07297486,-0.0074279667,0.166125,0.08787729,1.0,,,,,,,,,,,,,,,,,,,,,,,,,,,,,,,,,,,,,,,,,,,
444.0,-0.0066976271135853055,0.06591874361038208,0.000550901866517961,0.6750291585922241,0.0,0.108958244,0.054972764,0.9994493,0.11302879,0.059219513,-4.419069e-08,0.0021531582,-0.0026342869,0.014726639,0.043128256,0.038569458,0.022258665,0.1665,0.08807239,1.0,,,,,,,,,,,,,,,,,,,,,,,,,,,,,,,,,,,,,,,,,,,
445.0,-0.006727321737851619,0.06574904918670654,0.000550901866517961,0.6739910244941711,0.0,0.109428644,0.05521908,0.9994493,0.11289587,0.05911601,-3.9880266e-08,0.0018773079,-0.0029342175,0.01469636,-0.065162994,-0.07296618,-0.0074338345,0.166875,0.088267475,1.0,,,,,,,,,,,,,,,,,,,,,,,,,,,,,,,,,,,,,,,,,,,
446.0,-0.006757338333236955,0.06557942926883698,0.000550901866517961,0.6729727387428284,0.0,0.10989844,0.055465013,0.9994493,0.11275056,0.059023637,-5.2301626e-08,0.0020592213,-0.002776146,0.014788628,0.04312299,0.03858755,0.022258073,0.16725,0.08846253,1.0,,,,,,,,,,,,,,,,,,,,,,,,,,,,,,,,,,,,,,,,,,,
447.0,-0.006785851240245122,0.06540979444980621,0.000550901866517961,0.6719740629196167,0.0,0.110367656,0.055710528,0.9994493,0.11261187,0.05892393,-4.5577742e-08,0.001783371,-0.0030760765,0.014758587,-0.065157115,-0.07295751,-0.0074396953,0.167625,0.088657565,1.0,,,,,,,,,,,,,,,,,,,,,,,,,,,,,,,,,,,,,,,,,,,
448.0,-0.006814607930206468,0.06524020433425903,0.000550901866517961,0.6709946393966675,0.0,0.110836245,0.05595568,0.9994493,0.11246078,0.05883535,-6.13589e-08,0.0019652843,-0.0029177666,0.014850616,0.043117724,0.038605638,0.022257477,0.168,0.088852584,1.0,,,,,,,,,,,,,,,,,,,,,,,,,,,,,,,,,,,,,,,,,,,
449.0,-0.006841880194198191,0.06507062911987305,0.000550901866517961,0.6700341701507568,0.0,0.11130423,0.056200426,0.9994493,0.11231631,0.05873944,-5.2222134e-08,0.001689434,-0.0032176971,0.014820576,-0.065151244,-0.072948836,-0.0074455487,0.168375,0.08904757,1.0,,,,,,,,,,,,,,,,,,,,,,,,,,,,,,,,,,,,,,,,,,,
450.0,-0.0068695131526681965,0.06490115076303482,0.000550901866517961,0.6690922975540161,0.0,0.11177156,0.05644482,0.9994493,0.11215946,0.05865465,-7.13609e-08,0.0018713474,-0.0030593872,0.014912605,0.043112464,0.038623713,0.022256872,0.16875,0.08924255,1.0,,,,,,,,,,,,,,,,,,,,,,,,,,,,,,,,,,,,,,,,,,,
451.0,-0.00689568514655123,0.0647316724061966,0.000550901866517961,0.6681686043739319,0.0,0.112238266,0.05668883,0.9994493,0.112009235,0.058562532,-5.981183e-08,0.0015954971,-0.0033593178,0.014882565,-0.06514537,-0.07294017,-0.0074513946,0.169125,0.08943749,1.0,,,,,,,,,,,,,,,,,,,,,,,,,,,,,,,,,,,,,,,,,,,
452.0,-0.006922239082289117,0.06456233561038971,0.000550901866517961,0.6672627925872803,0.0,0.11270429,0.0569325,0.9994493,0.111846626,0.058481537,-8.230604e-08,0.0017774105,-0.0032010078,0.014974594,0.0431072,0.03864178,0.02225626,0.1695,0.089632414,1.0,,,,,,,,,,,,,,,,,,,,,,,,,,,,,,,,,,,,,,,,,,,
453.0,-0.006947354974648762,0.0643930733203888,0.000550901866517961,0.6663744449615479,0.0,0.11316967,0.057175808,0.9994493,0.11169064,0.058393206,-6.834525e-08,0.0015015602,-0.0035007,0.014944553,-0.06513951,-0.07293151,-0.007457233,0.169875,0.08982732,1.0,,,,,,,,,,,,,,,,,,,,,,,,,,,,,,,,,,,,,,,,,,,
454.0,-0.00697300702014111,0.06422393023967743,0.000550901866517961,0.6655032634735107,0.0,0.11363435,0.05741879,0.9994493,0.11152228,0.058316,-9.41927e-08,0.0016834736,-0.00334239,0.015036583,0.043101937,0.038659845,0.022255642,0.17025,0.0900222,1.0,,,,,,,,,,,,,,,,,,,,,,,,,,,,,,,,,,,,,,,,,,,
455.0,-0.006997549636885902,0.06405488401651382,0.000550901866517961,0.6646485924720764,0.0,0.11409835,0.05766142,0.9994493,0.11136054,0.058231458,-7.782079e-08,0.0014076233,-0.0036420822,0.015006542,-0.065133646,-0.072922856,-0.0074630645,0.170625,0.09021706,1.0,,,,,,,,,,,,,,,,,,,,,,,,,,,,,,,,,,,,,,,,,,,
456.0,-0.007022522957829462,0.06388597935438156,0.000550901866517961,0.6638102531433105,0.0,0.114561625,0.057903748,0.9994493,0.11118644,0.058158036,-1.0701931e-07,0.0015895367,-0.0034837723,0.015098572,0.043096676,0.038677897,0.022255016,0.171,0.090411894,1.0,,,,,,,,,,,,,,,,,,,,,,,,,,,,,,,,,,,,,,,,,,,
457.0,-0.007046110962917171,0.06371724605560303,0.000550901866517961,0.6629877090454102,0.0,0.1150242,0.058145735,0.9994493,0.11101896,0.05807728,-8.8236845e-08,0.0013136864,-0.0037834644,0.015068531,-0.06512779,-0.072914205,-0.0074688885,0.171375,0.090606704,1.0,,,,,,,,,,,,,,,,,,,,,,,,,,,,,,,,,,,,,,,,,,,
458.0,-0.007070160496393102,0.06354865431785583,0.000550901866517961,0.662180483341217,0.0,0.11548603,0.058387436,0.9994493,0.11083911,0.058007643,-1.2078426e-07,0.0014955997,-0.003624916,0.015160561,0.043091416,0.038695943,0.022254385,0.17175,0.0908015,1.0,,,,,,,,,,,,,,,,,,,,,,,,,,,,,,,,,,,,,,,,,,,
459.0,-0.007092853543773118,0.06338024139404297,0.000550901866517961,0.661388099193573,0.0,0.11594714,0.058628812,0.9994493,0.11066591,0.05793067,-9.9591844e-08,0.0012197495,-0.003924608,0.015130281,-0.06512194,-0.072905555,-0.007474705,0.172125,0.090996265,1.0,,,,,,,,,,,,,,,,,,,,,,,,,,,,,,,,,,,,,,,,,,,
460.0,-0.007116029494208328,0.06321198493242264,0.000550901866517961,0.6606103181838989,0.0,0.11640748,0.058869917,0.9994493,0.11048033,0.057864815,-1.3548599e-07,0.0014016628,-0.0037660599,0.015222311,0.043086156,0.03871398,0.022253746,0.1725,0.09119101,1.0,,,,,,,,,,,,,,,,,,,,,,,,,,,,,,,,,,,,,,,,,,,
461.0,-0.007137879317379249,0.0630439892411232,0.000550901866517961,0.6598463654518127,0.0,0.116867065,0.059110712,0.9994493,0.1103014,0.057791624,-1.1188418e-07,0.0011258125,-0.0040655136,0.01519227,-0.06511609,-0.07289692,-0.0074805142,0.172875,0.09138573,1.0,,,,,,,,,,,,,,,,,,,,,,,,,,,,,,,,,,,,,,,,,,,
462.0,-0.007160245339968152,0.06287616491317749,0.000550901866517961,0.6590959429740906,0.0,0.11732586,0.059351254,0.9994493,0.1101101,0.05772955,-1.5112288e-07,0.0013077259,-0.0039069653,0.0152843,0.043080896,0.038732007,0.0222531,0.17325,0.09158043,1.0,,,,,,,,,,,,,,,,,,,,,,,,,,,,,,,,,,,,,,,,,,,
463.0,-0.007181311556078573,0.0627085417509079,0.000550901866517961,0.6583584547042847,0.0,0.11778388,0.059591506,0.9994493,0.10992544,0.057660136,-1.2511228e-07,0.0010318756,-0.004206419,0.015254259,-0.06511025,-0.07288828,-0.0074863164,0.173625,0.091775104,1.0,,,,,,,,,,,,,,,,,,,,,,,,,,,,,,,,,,,,,,,,,,,
464.0,-0.00720292182524504,0.06254120916128159,0.000550901866517961,0.6576335430145264,0.0,0.11824108,0.05983151,0.9994493,0.109728426,0.05760184,-1.6769334e-07,0.001213789,-0.0040478706,0.015346289,0.04307564,0.03875003,0.022252446,0.174,0.09196976,1.0,,,,,,,,,,,,,,,,,,,,,,,,,,,,,,,,,,,,,,,,,,,
465.0,-0.007223261924758755,0.06237410753965378,0.000550901866517961,0.6569206118583679,0.0,0.118697494,0.060071245,0.9994493,0.109538056,0.057536203,-1.3927455e-07,0.0009379387,-0.0043473244,0.015316248,-0.06510441,-0.07287965,-0.007492111,0.174375,0.09216439,1.0,,,,,,,,,,,,,,,,,,,,,,,,,,,,,,,,,,,,,,,,,,,
466.0,-0.007244174564234801,0.06220727041363716,0.000550901866517961,0.6562193036079407,0.0,0.11915305,0.06031075,0.9994493,0.109335326,0.05748168,-1.8519584e-07,0.0011198521,-0.0041885376,0.015408039,0.04307038,0.038768046,0.022251787,0.17475,0.092359,1.0,,,,,,,,,,,,,,,,,,,,,,,,,,,,,,,,,,,,,,,,,,,
467.0,-0.0072638494169063985,0.062040697783231735,0.000550901866517961,0.6555289030075073,0.0,0.1196078,0.06055,0.9994493,0.109139256,0.05741982,-1.543694e-07,0.00084400177,-0.0044879913,0.015377998,-0.065098576,-0.07287102,-0.0074978983,0.175125,0.09255358,1.0,,,,,,,,,,,,,,,,,,,,,,,,,,,,,,,,,,,,,,,,,,,
468.0,-0.007283960462161759,0.061874426901340485,0.0005508780595846474,0.6548489928245544,0.0,0.12006168,0.06078904,0.9994493,0.108930826,0.05736907,-2.0362874e-07,0.0010259151,-0.004328966,0.015470028,0.043065123,0.03878605,0.02225112,0.1755,0.09274814,1.0,,,,,,,,,,,,,,,,,,,,,,,,,,,,,,,,,,,,,,,,,,,
469.0,-0.007302860402575427,0.06170846149325371,0.0005508780595846474,0.6541790962219238,0.0,0.12051472,0.061027836,0.9994493,0.10872906,0.057310984,-1.703953e-07,0.00075006485,-0.0044994354,0.015439987,-0.065571465,-0.041928887,-0.0074719423,0.175875,0.09294268,1.0,,,,,,,,,,,,,,,,,,,,,,,,,,,,,,,,,,,,,,,,,,,
470.0,-0.007322392200275182,0.06154283136129379,0.0005508780595846474,0.6535188555717468,0.0,0.12096689,0.061266437,0.9994493,0.108520195,0.057264086,-1.989427e-07,0.0009319782,-0.004211664,0.015532017,0.042585626,0.06973039,0.022267988,0.17625,0.0931372,1.0,,,,,,,,,,,,,,,,,,,,,,,,,,,,,,,,,,,,,,,,,,,
471.0,-0.007340744536739932,0.061377495527267456,0.0005508780595846474,0.6528675556182861,0.0,0.12141823,0.06150481,0.9994493,0.10832327,0.05720993,-1.4726065e-07,0.0006558895,-0.0043821335,0.015502214,-0.06557141,-0.041934785,-0.0074637113,0.176625,0.09333169,1.0,,,,,,,,,,,,,,,,,,,,,,,,,,,,,,,,,,,,,,,,,,,
472.0,-0.007359760699811433,0.06121255084872246,0.0005508780595846474,0.6522248387336731,0.0,0.12186873,0.061743006,0.9994493,0.10811925,0.057166968,-1.8038301e-07,0.0008378029,-0.0040943623,0.015594006,0.042582236,0.069734015,0.022252997,0.177,0.093526155,1.0,,,,,,,,,,,,,,,,,,,,,,,,,,,,,,,,,,,,,,,,,,,
473.0,-0.007377622950619072,0.06104794144630432,0.0005508780595846474,0.6515902280807495,0.0,0.122318424,0.061980993,0.9994493,0.10792716,0.057116743,-1.283071e-07,0.0005619526,-0.0042648315,0.015564203,-0.06557136,-0.04194068,-0.0074554775,0.177375,0.0937206,1.0,,,,,,,,,,,,,,,,,,,,,,,,,,,,,,,,,,,,,,,,,,,
474.0,-0.007396178872782278,0.06088370084762573,0.0005508780595846474,0.6509631872177124,0.0,0.12276729,0.062218815,0.9994493,0.107727975,0.05707771,-1.6176543e-07,0.00074386597,-0.0039770603,0.015655756,0.04257923,0.06973769,0.02214767,0.17775,0.093915015,1.0,,,,,,,,,,,,,,,,,,,,,,,,,,,,,,,,,,,,,,,,,,,
475.0,-0.007413610669022139,0.06071988865733147,0.0005508780595846474,0.6503432393074036,0.0,0.12321538,0.062456448,0.9994493,0.10754073,0.05703142,-1.1029085e-07,0.00046801567,-0.004147768,0.015625477,-0.065570936,-0.04194649,-0.0075375596,0.178125,0.094109416,1.0,,,,,,,,,,,,,,,,,,,,,,,,,,,,,,,,,,,,,,,,,,,
476.0,-0.0074317638060885215,0.060556501150131226,0.0005508780595846474,0.6497299671173096,0.0,0.12366266,0.06269393,0.9994493,0.10734638,0.056996316,-1.4385158e-07,0.00064992905,-0.0038599968,0.015716791,0.042575892,0.069741264,0.022132725,0.1785,0.094303794,1.0,,,,,,,,,,,,,,,,,,,,,,,,,,,,,,,,,,,,,,,,,,,
477.0,-0.0074488207545586205,0.06039348989725113,0.0005508780595846474,0.6491228342056274,0.0,0.12410917,0.06293124,0.9994493,0.10716396,0.056953955,-9.303311e-08,0.00037407875,-0.004030466,0.015686512,-0.06557091,-0.04195233,-0.00752928,0.178875,0.09449814,1.0,,,,,,,,,,,,,,,,,,,,,,,,,,,,,,,,,,,,,,,,,,,
478.0,-0.007466629237430608,0.06023094058036804,0.0005508780595846474,0.648521363735199,0.0,0.1245549,0.06316842,0.9994493,0.106974445,0.05692278,-1.2668346e-07,0.0005559921,-0.0037426949,0.015778065,0.042572558,0.06974485,0.02211778,0.17925,0.09469247,1.0,,,,,,,,,,,,,,,,,,,,,,,,,,,,,,,,,,,,,,,,,,,
479.0,-0.00748336685520126,0.06006885692477226,0.0005508780595846474,0.6479251980781555,0.0,0.12499989,0.06340544,0.9994493,0.10679685,0.05688435,-7.652402e-08,0.0002799034,-0.003913164,0.015747786,-0.06557089,-0.041958172,-0.007520999,0.179625,0.09488677,1.0,,,,,,,,,,,,,,,,,,,,,,,,,,,,,,,,,,,,,,,,,,,
480.0,-0.007500878022272901,0.0599072203040123,0.0005508780595846474,0.6473339200019836,0.0,0.1254441,0.06364234,0.9994493,0.10661216,0.056857098,-1.1026342e-07,0.0004620552,-0.003625393,0.015838146,0.042570174,0.069748506,0.021858564,0.18,0.09508105,1.0,,,,,,,,,,,,,,,,,,,,,,,,,,,,,,,,,,,,,,,,,,,
481.0,-0.007517343762448855,0.05974608659744263,0.0005508780595846474,0.6467471122741699,0.0,0.1258876,0.0638791,0.9994493,0.1064394,0.056822594,-6.076308e-08,0.00018596649,-0.0037958622,0.015806913,-0.06556997,-0.04196385,-0.0077569312,0.180375,0.095275305,1.0,,,,,,,,,,,,,,,,,,,,,,,,,,,,,,,,,,,,,,,,,,,
482.0,-0.007534614291741584,0.05958542972803116,0.0005508780595846474,0.6461641788482666,0.0,0.12633035,0.06411576,0.9994493,0.10625953,0.056799274,-9.459157e-08,0.00036787987,-0.003508091,0.015897274,0.042566977,0.06975199,0.021843733,0.18075,0.09546954,1.0,,,,,,,,,,,,,,,,,,,,,,,,,,,,,,,,,,,,,,,,,,,
483.0,-0.0075508639365781186,0.05942531302571297,0.0005508780595846474,0.6455848813056946,0.0,0.1267724,0.064352304,0.9994493,0.106091596,0.056768697,-4.5750273e-08,9.202957e-05,-0.0036785603,0.015866041,-0.06557003,-0.041969553,-0.0077485354,0.181125,0.09566375,1.0,,,,,,,,,,,,,,,,,,,,,,,,,,,,,,,,,,,,,,,,,,,
484.0,-0.0075679370286005024,0.05926571041345596,0.0005508541944436729,0.6450088620185852,0.0,0.12721372,0.064588755,0.9994493,0.10591655,0.056749303,-7.966791e-08,0.00027394295,-0.003390789,0.015956163,0.04256378,0.06975548,0.021828903,0.1815,0.09585793,1.0,,,,,,,,,,,,,,,,,,,,,,,,,,,,,,,,,,,,,,,,,,,
485.0,-0.007584450024400032,0.059106625616550446,0.0005508541944436729,0.6444355845451355,0.0,0.12765436,0.0648251,0.9994493,0.10575343,0.05672265,-3.1485566e-08,-1.9073486e-06,-0.0035612583,0.01592493,-0.065570086,-0.04197525,-0.0077401367,0.181875,0.09605209,1.0,,,,,,,,,,,,,,,,,,,,,,,,,,,,,,,,,,,,,,,,,,,
486.0,-0.007601357627604377,0.058948129415512085,0.0005508541944436729,0.6438648700714111,0.0,0.12809429,0.06506138,0.9994493,0.105583206,0.056707177,-6.5492486e-08,0.00018000603,-0.003273487,0.016015291,0.042560585,0.06975896,0.021814074,0.18225,0.09624623,1.0,,,,,,,,,,,,,,,,,,,,,,,,,,,,,,,,,,,,,,,,,,,
487.0,-0.007618014830397262,0.05879019573330879,0.0005508541944436729,0.6432962417602539,0.0,0.12853356,0.06529757,0.9994493,0.1054249,0.05668445,-1.7968972e-08,-9.608269e-05,-0.0034439564,0.01598382,-0.065570146,-0.041980945,-0.007731736,0.182625,0.09644034,1.0,,,,,,,,,,,,,,,,,,,,,,,,,,,,,,,,,,,,,,,,,,,
488.0,-0.007634906871138084,0.05863283947110176,0.0005508541944436729,0.6427294611930847,0.0,0.12897214,0.065533705,0.9994493,0.10525949,0.0566729,-5.2065317e-08,8.583069e-05,-0.0031561852,0.01607418,0.042557392,0.06976244,0.021799246,0.183,0.096634425,1.0,,,,,,,,,,,,,,,,,,,,,,,,,,,,,,,,,,,,,,,,,,,
489.0,-0.007651385879500141,0.058476049453020096,0.0005508541944436729,0.6421641707420349,0.0,0.12941007,0.06576976,0.9994493,0.105106,0.056654096,-5.200512e-09,-0.00019001961,-0.0033266544,0.016042948,-0.065570205,-0.041986637,-0.0077233333,0.183375,0.09682849,1.0,,,,,,,,,,,,,,,,,,,,,,,,,,,,,,,,,,,,,,,,,,,
490.0,-0.007668289235212344,0.058319903910160065,0.0005508541944436729,0.6416001319885254,0.0,0.12984735,0.06600579,0.9994493,0.10494541,0.05664647,-3.9386418e-08,-8.106232e-06,-0.0030388832,0.01613307,0.0425542,0.06976592,0.02178442,0.18375,0.09702253,1.0,,,,,,,,,,,,,,,,,,,,,,,,,,,,,,,,,,,,,,,,,,,
491.0,-0.007684713699657825,0.058164339512586594,0.0005508541944436729,0.6410369277000427,0.0,0.130284,0.066241756,0.9994493,0.10479672,0.056631587,6.8197847e-09,-0.00028395653,-0.003209591,0.016101837,-0.065570265,-0.04199233,-0.007714928,0.184125,0.09721655,1.0,,,,,,,,,,,,,,,,,,,,,,,,,,,,,,,,,,,,,,,,,,,
492.0,-0.0077015764834729465,0.05800945311784744,0.0005508541944436729,0.6404744982719421,0.0,0.13072,0.0664777,0.9994493,0.10464093,0.05662788,-2.7455815e-08,-0.00010204315,-0.0029215813,0.01619196,0.042551003,0.0697694,0.021769594,0.1845,0.09741054,1.0,,,,,,,,,,,,,,,,,,,,,,,,,,,,,,,,,,,,,,,,,,,
493.0,-0.007717972232152354,0.05785521864891052,0.0005508541944436729,0.639912486076355,0.0,0.13115542,0.06671361,0.9994493,0.10449707,0.05661692,1.8091905e-08,-0.00037813187,-0.003092289,0.016160727,-0.065570325,-0.041998014,-0.0077065206,0.184875,0.097604506,1.0,,,,,,,,,,,,,,,,,,,,,,,,,,,,,,,,,,,,,,,,,,,
494.0,-0.007734824380598549,0.05770163610577583,0.0005508541944436729,0.6393506526947021,0.0,0.13159019,0.06694952,0.9994493,0.10434608,0.056617133,-1.6273528e-08,-0.00019621849,-0.0028045177,0.016250849,0.04254781,0.06977287,0.02175477,0.18525,0.097798444,1.0,,,,,,,,,,,,,,,,,,,,,,,,,,,,,,,,,,,,,,,,,,,
495.0,-0.0077512237538693626,0.05754871293902397,0.0005508541944436729,0.6387887597084045,0.0,0.13202438,0.06718539,0.9994493,0.10420701,0.056610093,2.8615817e-08,-0.0004720688,-0.002974987,0.016219378,-0.06557038,-0.0420037,-0.007698111,0.185625,0.09799236,1.0,,,,,,,,,,,,,,,,,,,,,,,,,,,,,,,,,,,,,,,,,,,
496.0,-0.007768090088376449,0.057396501302719116,0.0005508541944436729,0.6382266879081726,0.0,0.13245797,0.06742128,0.9994493,0.10406083,0.056614224,-5.8395764e-09,-0.0002901554,-0.0026872158,0.016307592,0.042545944,0.06977615,0.02129527,0.186,0.098186255,1.0,,,,,,,,,,,,,,,,,,,,,,,,,,,,,,,,,,,,,,,,,,,
497.0,-0.0077845107784032756,0.05724496766924858,0.0005508541944436729,0.6376643180847168,0.0,0.132891,0.06765716,0.9994493,0.10392656,0.0566111,3.839149e-08,-0.0005662441,-0.002857685,0.016274452,-0.0655692,-0.042009436,-0.008134276,0.186375,0.098380126,1.0,,,,,,,,,,,,,,,,,,,,,,,,,,,,,,,,,,,,,,,,,,,
498.0,-0.007801407271032441,0.057094164192676544,0.0005508541944436729,0.6371014714241028,0.0,0.13332343,0.06789307,0.9994493,0.10378518,0.05661915,3.8460586e-09,-0.00038433075,-0.0025699139,0.016362667,0.04254301,0.06977946,0.02128065,0.18675,0.09857397,1.0,,,,,,,,,,,,,,,,,,,,,,,,,,,,,,,,,,,,,,,,,,,
499.0,-0.007818142115010963,0.05694406107068062,0.0005508541944436729,0.636538028717041,0.0,0.13375534,0.06812899,0.9994493,0.10365571,0.056619942,4.7418926e-08,-0.00066018105,-0.0027403831,0.016329527,-0.065569416,-0.042014875,-0.008125661,0.187125,0.09876779,1.0,,,,,,,,,,,,,,,,,,,,,,,,,,,,,,,,,,,,,,,,,,,
500.0,-0.007834901658745185,0.05679472163319588,0.0005508541944436729,0.6359738111495972,0.0,0.13418667,0.068364955,0.9994493,0.10351912,0.056631908,1.2783409e-08,-0.00047826767,-0.002452612,0.016417742,0.04254007,0.06978276,0.021266032,0.1875,0.098961584,1.0,,,,,,,,,,,,,,,,,,,,,,,,,,,,,,,,,,,,,,,,,,,
501.0,-0.00785214589574007,0.05664611980319023,0.0005508541944436729,0.6354088187217712,0.0,0.13461748,0.068600945,0.9994493,0.10339445,0.05663662,5.569817e-08,-0.0007543564,-0.0026233196,0.016384602,-0.065569624,-0.04202031,-0.008117043,0.187875,0.09915535,1.0,,,,,,,,,,,,,,,,,,,,,,,,,,,,,,,,,,,,,,,,,,,
502.0,-0.007868959572715904,0.05649828910827637,0.0005508541944436729,0.6348429918289185,0.0,0.13504773,0.068836994,0.9994493,0.103262655,0.0566525,2.097243e-08,-0.0005722046,-0.00233531,0.016472816,0.042537134,0.06978607,0.021251414,0.18825,0.0993491,1.0,,,,,,,,,,,,,,,,,,,,,,,,,,,,,,,,,,,,,,,,,,,
503.0,-0.007886264434080114,0.05635126307606697,0.0005508541944436729,0.6342762112617493,0.0,0.1354775,0.06907308,0.9994493,0.103142776,0.056661125,6.32292e-08,-0.0008482933,-0.0025060177,0.016439676,-0.06556984,-0.042025745,-0.008108425,0.188625,0.09954282,1.0,,,,,,,,,,,,,,,,,,,,,,,,,,,,,,,,,,,,,,,,,,,
504.0,-0.007903138819802917,0.05620497465133667,0.0005508303875103593,0.6337085366249084,0.0,0.13590673,0.06930925,0.9994493,0.103015766,0.056680918,2.8413107e-08,-0.0006663799,-0.0022182465,0.016527653,0.042534195,0.06978937,0.021236798,0.189,0.09973651,1.0,,,,,,,,,,,,,,,,,,,,,,,,,,,,,,,,,,,,,,,,,,,
505.0,-0.007920502941650557,0.056059520691633224,0.0005508303875103593,0.633139967918396,0.0,0.13633548,0.06954548,0.9994493,0.10290068,0.056693457,7.0012e-08,-0.00094246864,-0.0023887157,0.016494513,-0.06557005,-0.042031176,-0.008099804,0.189375,0.09993019,1.0,,,,,,,,,,,,,,,,,,,,,,,,,,,,,,,,,,,,,,,,,,,
506.0,-0.007937436626190357,0.055914878845214844,0.0005508303875103593,0.6325705051422119,0.0,0.13676372,0.069781795,0.9994493,0.10277846,0.056717165,3.5105412e-08,-0.00076031685,-0.0021009445,0.016582489,0.04253126,0.06979267,0.021222182,0.18975,0.10012383,1.0,,,,,,,,,,,,,,,,,,,,,,,,,,,,,,,,,,,,,,,,,,,
507.0,-0.007954859567851419,0.05577104166150093,0.0005508303875103593,0.6320001482963562,0.0,0.1371915,0.07001819,0.9994493,0.10266815,0.056733616,7.604654e-08,-0.0010364056,-0.0022716522,0.016549349,-0.06557026,-0.042036604,-0.008091181,0.190125,0.100317456,1.0,,,,,,,,,,,,,,,,,,,,,,,,,,,,,,,,,,,,,,,,,,,
508.0,-0.007971851142422387,0.05562802031636238,0.0005508303875103593,0.6314289569854736,0.0,0.13761881,0.07025469,0.9994493,0.102550715,0.056761235,4.1049326e-08,-0.0008544922,-0.0019836426,0.016637325,0.042528324,0.06979597,0.021207567,0.1905,0.100511044,1.0,,,,,,,,,,,,,,,,,,,,,,,,,,,,,,,,,,,,,,,,,,,
509.0,-0.007989327298952778,0.05548587441444397,0.0005508303875103593,0.630856990814209,0.0,0.13804565,0.070491284,0.9994493,0.10244519,0.056781597,8.133281e-08,-0.0011305809,-0.0021543503,0.016604424,-0.065570466,-0.04204203,-0.008082555,0.190875,0.10070462,1.0,,,,,,,,,,,,,,,,,,,,,,,,,,,,,,,,,,,,,,,,,,,
510.0,-0.00800636429736078,0.05534457042813301,0.0005508303875103593,0.6302844285964966,0.0,0.13847205,0.070728004,0.9994493,0.10233253,0.05681313,4.624482e-08,-0.0009486675,-0.001866579,0.016692162,0.042525392,0.069799274,0.021192955,0.19125,0.10089816,1.0,,,,,,,,,,,,,,,,,,,,,,,,,,,,,,,,,,,,,,,,,,,
511.0,-0.00802387626663167,0.055204134434461594,0.0005508303875103593,0.6297114491462708,0.0,0.13889802,0.07096483,0.9994493,0.10223179,0.0568374,8.587077e-08,-0.0012247562,-0.0020370483,0.01665926,-0.065570675,-0.04204745,-0.008073928,0.191625,0.10109168,1.0,,,,,,,,,,,,,,,,,,,,,,,,,,,,,,,,,,,,,,,,,,,
512.0,-0.008040945542570082,0.0550646111369133,0.0005508303875103593,0.6291379928588867,0.0,0.13932353,0.071201794,0.9994493,0.102123916,0.056872837,5.0691888e-08,-0.0010426044,-0.0017492771,0.016746998,0.042522456,0.06980257,0.021178342,0.192,0.10128518,1.0,,,,,,,,,,,,,,,,,,,,,,,,,,,,,,,,,,,,,,,,,,,
513.0,-0.00805848189803619,0.05492594093084335,0.0005508303875103593,0.6285643577575684,0.0,0.13974865,0.071438886,0.9994493,0.102027945,0.05690102,8.966041e-08,-0.0013186932,-0.0019199848,0.016713858,-0.06557088,-0.04205287,-0.008065298,0.192375,0.10147865,1.0,,,,,,,,,,,,,,,,,,,,,,,,,,,,,,,,,,,,,,,,,,,
514.0,-0.00807556363691365,0.05478818342089653,0.0005508303875103593,0.6279906034469604,0.0,0.14017333,0.071676135,0.9994493,0.101924844,0.056940366,5.4390483e-08,-0.0011367798,-0.0016319752,0.016801834,0.04251952,0.06980586,0.021163732,0.19275,0.10167209,1.0,,,,,,,,,,,,,,,,,,,,,,,,,,,,,,,,,,,,,,,,,,,
515.0,-0.008093099166938556,0.05465129017829895,0.0005508303875103593,0.6274171471595764,0.0,0.14059764,0.07191352,0.9994493,0.10183365,0.05697246,9.2701704e-08,-0.0014128685,-0.0018026829,0.016768694,-0.065571085,-0.042058285,-0.008056666,0.193125,0.10186551,1.0,,,,,,,,,,,,,,,,,,,,,,,,,,,,,,,,,,,,,,,,,,,
516.0,-0.008110169421259708,0.054515399038791656,0.0005508303875103593,0.6268439292907715,0.0,0.14102153,0.07215109,0.9994493,0.101735316,0.05701571,5.7340607e-08,-0.0012309551,-0.0015149117,0.016856432,0.04251659,0.069809146,0.021149123,0.1935,0.1020589,1.0,,,,,,,,,,,,,,,,,,,,,,,,,,,,,,,,,,,,,,,,,,,
517.0,-0.008127685264448521,0.05438036844134331,0.0005508303875103593,0.6262712478637695,0.0,0.14144507,0.0723888,0.9994493,0.10164889,0.057051707,9.499463e-08,-0.0015070438,-0.0016853809,0.01682353,-0.06557129,-0.042063702,-0.0080480315,0.193875,0.102252275,1.0,,,,,,,,,,,,,,,,,,,,,,,,,,,,,,,,,,,,,,,,,,,
518.0,-0.008144716711528964,0.05424632504582405,0.0005508303875103593,0.6256994605064392,0.0,0.14186822,0.07262671,0.9994493,0.101555325,0.057098866,5.9542224e-08,-0.001324892,-0.0013976097,0.016911268,0.042513657,0.06981244,0.021134514,0.19425,0.10244561,1.0,,,,,,,,,,,,,,,,,,,,,,,,,,,,,,,,,,,,,,,,,,,
519.0,-0.008162179467518219,0.054113198071718216,0.0005508303875103593,0.6251286864280701,0.0,0.14229102,0.07286479,0.9994493,0.10147367,0.05713877,9.653917e-08,-0.0016009808,-0.0015683174,0.016878128,-0.065571494,-0.042069115,-0.008039395,0.194625,0.10263893,1.0,,,,,,,,,,,,,,,,,,,,,,,,,,,,,,,,,,,,,,,,,,,
520.0,-0.008179144504950093,0.05398108437657356,0.0005508303875103593,0.624559223651886,0.0,0.14271346,0.073103085,0.9994493,0.10138487,0.057189833,6.099531e-08,-0.0014190674,-0.0012803078,0.016965866,0.04251072,0.069815725,0.021119906,0.195,0.10283222,1.0,,,,,,,,,,,,,,,,,,,,,,,,,,,,,,,,,,,,,,,,,,,
521.0,-0.008196523227064063,0.05384989455342293,0.0005508303875103593,0.6239913702011108,0.0,0.14313558,0.073341556,0.9994493,0.10130797,0.05723364,9.733529e-08,-0.0016951561,-0.0014510155,0.016932726,-0.065571696,-0.04207452,-0.008030757,0.195375,0.10302549,1.0,,,,,,,,,,,,,,,,,,,,,,,,,,,,,,,,,,,,,,,,,,,
522.0,-0.00821338645922806,0.05371967703104019,0.0005508303875103593,0.6234254240989685,0.0,0.14355734,0.07358026,0.9994493,0.10122394,0.057288606,6.169985e-08,-0.0015132427,-0.0011632442,0.017020464,0.04250779,0.06981901,0.0211053,0.19575,0.10321873,1.0,,,,,,,,,,,,,,,,,,,,,,,,,,,,,,,,,,,,,,,,,,,
523.0,-0.008230646157513549,0.05359048768877983,0.0005508303875103593,0.6228616237640381,0.0,0.1439788,0.07381916,0.9994493,0.10115181,0.057336316,9.738298e-08,-0.0017893314,-0.001333952,0.016987324,-0.0655719,-0.04207993,-0.0080221165,0.196125,0.103411935,1.0,,,,,,,,,,,,,,,,,,,,,,,,,,,,,,,,,,,,,,,,,,,
524.0,-0.008247368290169109,0.05346228927373886,0.0005508303875103593,0.6223005056381226,0.0,0.14439994,0.07405831,0.9994493,0.10107253,0.057395186,6.165582e-08,-0.0016074181,-0.0010459423,0.017075062,0.042504862,0.06982229,0.021090696,0.1965,0.10360513,1.0,,,,,,,,,,,,,,,,,,,,,,,,,,,,,,,,,,,,,,,,,,,
525.0,-0.008264468209322879,0.05333507061004639,0.0005508303875103593,0.6217421293258667,0.0,0.1448208,0.07429767,0.9994493,0.10100515,0.057446796,9.668221e-08,-0.0018835068,-0.00121665,0.017041922,-0.06557209,-0.04208533,-0.008013474,0.196875,0.103798285,1.0,,,,,,,,,,,,,,,,,,,,,,,,,,,,,,,,,,,,,,,,,,,
526.0,-0.00828101354894243,0.053208887577056885,0.0005508303875103593,0.6211869716644287,0.0,0.14524135,0.07453729,0.9994493,0.10093063,0.057509568,6.086319e-08,-0.001701355,-0.0009288788,0.017126799,0.042502742,0.06982436,0.020424737,0.19725,0.10399143,1.0,,,,,,,,,,,,,,,,,,,,,,,,,,,,,,,,,,,,,,,,,,,
527.0,-0.008297914602827952,0.05308374762535095,0.0005508303875103593,0.6206353306770325,0.0,0.14566162,0.07477715,0.9994493,0.10086801,0.057565082,9.523297e-08,-0.001977682,-0.0010993481,0.017091036,-0.06557161,-0.042091753,-0.008656035,0.197625,0.10418453,1.0,,,,,,,,,,,,,,,,,,,,,,,,,,,,,,,,,,,,,,,,,,,
528.0,-0.008314237177911856,0.052959609776735306,0.0005508303875103593,0.6200876832008362,0.0,0.14608163,0.07501728,0.9994493,0.10079824,0.05763175,5.9321987e-08,-0.0017955303,-0.00081157684,0.017175913,0.042500183,0.06982741,0.02041043,0.198,0.10437762,1.0,,,,,,,,,,,,,,,,,,,,,,,,,,,,,,,,,,,,,,,,,,,
529.0,-0.008330896874314568,0.052836544811725616,0.0005508303875103593,0.6195441484451294,0.0,0.14650138,0.07525766,0.9994493,0.10074037,0.057691164,9.303536e-08,-0.0020718575,-0.0009822845,0.01714015,-0.065572046,-0.042096797,-0.008647095,0.198375,0.10457068,1.0,,,,,,,,,,,,,,,,,,,,,,,,,,,,,,,,,,,,,,,,,,,
530.0,-0.008346960565324482,0.0527145080268383,0.0005508303875103593,0.6190052032470703,0.0,0.14692086,0.075498335,0.9994493,0.10067535,0.057761732,5.703226e-08,-0.0018897057,-0.0006945133,0.017225027,0.042497627,0.06983045,0.020396123,0.19875,0.10476371,1.0,,,,,,,,,,,,,,,,,,,,,,,,,,,,,,,,,,,,,,,,,,,
531.0,-0.00836333322306491,0.05259355902671814,0.0005508303875103593,0.6184713244438171,0.0,0.14734012,0.07573927,0.9994493,0.10062224,0.057825044,9.008934e-08,-0.0021657944,-0.0008649826,0.017189264,-0.06557248,-0.04210184,-0.008638153,0.199125,0.10495672,1.0,,,,,,,,,,,,,,,,,,,,,,,,,,,,,,,,,,,,,,,,,,,
532.0,-0.008379086080200797,0.05247364565730095,0.0005508541944436729,0.6179428100585938,0.0,0.14775912,0.075980514,0.9994493,0.10056196,0.057899512,5.3993983e-08,-0.001983881,-0.0005772114,0.017274141,0.04249507,0.06983349,0.020381818,0.1995,0.105149694,1.0,,,,,,,,,,,,,,,,,,,,,,,,,,,,,,,,,,,,,,,,,,,
533.0,-0.008395127862819209,0.05235481262207031,0.0005508541944436729,0.6174200177192688,0.0,0.14817792,0.07622205,0.9994493,0.10051359,0.05796672,8.639488e-08,-0.0022599697,-0.0007479191,0.017238379,-0.0655729,-0.04210688,-0.008629208,0.199875,0.10534264,1.0,,,,,,,,,,,,,,,,,,,,,,,,,,,,,,,,,,,,,,,,,,,
534.0,-0.008410526522947477,0.05223711580038071,0.0005508541944436729,0.6169033646583557,0.0,0.14859651,0.0764639,0.9994493,0.10045806,0.05804508,5.020713e-08,-0.0020780563,-0.00046014786,0.017323017,0.042492513,0.06983653,0.020367512,0.20025,0.105535574,1.0,,,,,,,,,,,,,,,,,,,,,,,,,,,,,,,,,,,,,,,,,,,
535.0,-0.008426191085694883,0.05212048441171646,0.0005508541944436729,0.6163932085037231,0.0,0.14901489,0.07670605,0.9994493,0.10041443,0.058116186,8.195196e-08,-0.002354145,-0.00063085556,0.017287254,-0.065573335,-0.042111922,-0.008620262,0.200625,0.10572847,1.0,,,,,,,,,,,,,,,,,,,,,,,,,,,,,,,,,,,,,,,,,,,
536.0,-0.008441188118649736,0.05200493335723877,0.0005508541944436729,0.6158899664878845,0.0,0.14943308,0.076948546,0.9994493,0.10036364,0.058198445,4.5671683e-08,-0.0021722317,-0.00034284592,0.017371893,0.042489957,0.06983956,0.02035321,0.201,0.10592134,1.0,,,,,,,,,,,,,,,,,,,,,,,,,,,,,,,,,,,,,,,,,,,
537.0,-0.008456426657624617,0.051890499889850616,0.0005508541944436729,0.6153940558433533,0.0,0.1498511,0.07719135,0.9994493,0.10032476,0.058273442,7.676056e-08,-0.0024483204,-0.0005135536,0.01733613,-0.06557376,-0.04211696,-0.008611314,0.201375,0.106114194,1.0,,,,,,,,,,,,,,,,,,,,,,,,,,,,,,,,,,,,,,,,,,,
538.0,-0.008470978202328117,0.05177720636129379,0.0005508780595846474,0.6149057149887085,0.0,0.15026893,0.07743452,0.9994493,0.100278705,0.058359593,4.038762e-08,-0.002266407,-0.0002257824,0.017421007,0.0424874,0.0698426,0.020338906,0.20175,0.106307015,1.0,,,,,,,,,,,,,,,,,,,,,,,,,,,,,,,,,,,,,,,,,,,
539.0,-0.008485745265702282,0.05166502669453621,0.0005508780595846474,0.614425539970398,0.0,0.1506866,0.07767801,0.9994493,0.10024455,0.058438487,7.0820654e-08,-0.0025424957,-0.0003964901,0.017385244,-0.065574184,-0.04212199,-0.008602364,0.202125,0.106499806,1.0,,,,,,,,,,,,,,,,,,,,,,,,,,,,,,,,,,,,,,,,,,,
540.0,-0.0084995605849399,0.05155397579073906,0.0005508780595846474,0.613953709602356,0.0,0.15110412,0.077921875,0.9994493,0.10020324,0.05852853,3.435491e-08,-0.0023605824,-0.00010848045,0.017469883,0.042484842,0.06984563,0.020324605,0.2025,0.106692575,1.0,,,,,,,,,,,,,,,,,,,,,,,,,,,,,,,,,,,,,,,,,,,
541.0,-0.008513108947518777,0.05144404247403145,0.0005508780595846474,0.6134907603263855,0.0,0.15152152,0.07816609,0.9994493,0.100173816,0.05861132,6.4132216e-08,-0.002636671,-0.00027918816,0.01743412,-0.06557461,-0.04212702,-0.008593411,0.202875,0.106885314,1.0,,,,,,,,,,,,,,,,,,,,,,,,,,,,,,,,,,,,,,,,,,,
542.0,-0.00852679048092505,0.05133528262376785,0.0005508780595846474,0.6130369901657104,0.0,0.15193875,0.0784107,0.9994493,0.100137234,0.05870525,2.7573535e-08,-0.0024547577,8.583069e-06,0.017518759,0.042482287,0.069848664,0.020310303,0.20325,0.10707803,1.0,,,,,,,,,,,,,,,,,,,,,,,,,,,,,,,,,,,,,,,,,,,
543.0,-0.00853985791779742,0.05122758075594902,0.0005508780595846474,0.6125929355621338,0.0,0.1523559,0.07865566,0.9994493,0.10011254,0.058791928,5.669523e-08,-0.0027308464,-0.00016212463,0.017482996,-0.06557503,-0.04213205,-0.008584457,0.203625,0.10727072,1.0,,,,,,,,,,,,,,,,,,,,,,,,,,,,,,,,,,,,,,,,,,,
544.0,-0.008552830675530643,0.0511210560798645,0.0005508780595846474,0.6121588945388794,0.0,0.15277289,0.07890104,0.9994493,0.10008069,0.058889754,2.0043464e-08,-0.002548933,0.00012588501,0.017567396,0.042479735,0.06985169,0.020296004,0.204,0.107463375,1.0,,,,,,,,,,,,,,,,,,,,,,,,,,,,,,,,,,,,,,,,,,,
545.0,-0.008565402595731941,0.051015645265579224,0.0005508780595846474,0.6117352843284607,0.0,0.15318981,0.07914679,0.9994493,0.10006073,0.05898032,4.850967e-08,-0.0028252602,-4.506111e-05,0.017531633,-0.06557546,-0.042137075,-0.008575501,0.204375,0.10765601,1.0,,,,,,,,,,,,,,,,,,,,,,,,,,,,,,,,,,,,,,,,,,,
546.0,-0.0085776941457887,0.050911419093608856,0.0005508780595846474,0.6113224625587463,0.0,0.15360662,0.07939296,0.9994493,0.100033596,0.059082035,1.1764685e-08,-0.0026431084,0.00024294853,0.017616272,0.04247718,0.06985472,0.020281704,0.20475,0.107848614,1.0,,,,,,,,,,,,,,,,,,,,,,,,,,,,,,,,,,,,,,,,,,,
547.0,-0.008589652655489409,0.05080826207995415,0.0005508780595846474,0.610920786857605,0.0,0.15402336,0.07963953,0.9994493,0.10001837,0.05917649,3.9575504e-08,-0.0029194355,7.224083e-05,0.01758051,-0.065575875,-0.042142097,-0.0085665425,0.205125,0.1080412,1.0,,,,,,,,,,,,,,,,,,,,,,,,,,,,,,,,,,,,,,,,,,,
548.0,-0.00860126147165138,0.05070620775222778,0.000550901866517961,0.6105307340621948,0.0,0.15444002,0.07988654,0.9994493,0.099995956,0.05928209,2.7371705e-09,-0.0027372837,0.00036001205,0.01766491,0.042474624,0.06985775,0.020267406,0.2055,0.10823375,1.0,,,,,,,,,,,,,,,,,,,,,,,,,,,,,,,,,,,,,,,,,,,
549.0,-0.008612517447715073,0.05060531571507454,0.000550901866517961,0.6101524829864502,0.0,0.15485662,0.08013396,0.9994493,0.09998544,0.059380434,2.9892718e-08,-0.0030136108,0.00018930435,0.017629147,-0.0655763,-0.04214712,-0.008557583,0.205875,0.10842627,1.0,,,,,,,,,,,,,,,,,,,,,,,,,,,,,,,,,,,,,,,,,,,
550.0,-0.008622919787513821,0.05050555616617203,0.000550901866517961,0.6097864508628845,0.0,0.15527315,0.08038183,0.9994493,0.099967755,0.05948992,-7.039109e-09,-0.002831459,0.000477314,0.017713785,0.04247207,0.06986077,0.020253109,0.20625,0.10861877,1.0,,,,,,,,,,,,,,,,,,,,,,,,,,,,,,,,,,,,,,,,,,,
551.0,-0.008633862701702312,0.05040690302848816,0.000550901866517961,0.6094329953193665,0.0,0.15568966,0.08063014,0.9994493,0.09996197,0.05959215,1.9461284e-08,-0.0031077862,0.00030636787,0.017678022,-0.06557672,-0.042152137,-0.00854862,0.206625,0.108811244,1.0,,,,,,,,,,,,,,,,,,,,,,,,,,,,,,,,,,,,,,,,,,,
552.0,-0.008643504137034326,0.050309378653764725,0.000550901866517961,0.6090922951698303,0.0,0.15610611,0.080878906,0.9994493,0.099948995,0.059705526,-1.7564172e-08,-0.0029256344,0.0005943775,0.017762423,0.042469516,0.06986379,0.020238813,0.207,0.10900369,1.0,,,,,,,,,,,,,,,,,,,,,,,,,,,,,,,,,,,,,,,,,,,
553.0,-0.008653668159205336,0.050212956964969635,0.000550901866517961,0.6087647676467896,0.0,0.15652256,0.08112812,0.9994493,0.099947914,0.059811637,8.281178e-09,-0.0032019615,0.00042366982,0.01772666,-0.065577134,-0.042157155,-0.008539656,0.207375,0.109196104,1.0,,,,,,,,,,,,,,,,,,,,,,,,,,,,,,,,,,,,,,,,,,,
554.0,-0.008662510910600397,0.050117652863264084,0.000550901866517961,0.6084506511688232,0.0,0.15693898,0.08137783,0.9994493,0.09993966,0.059928894,-2.8838043e-08,-0.0030198097,0.00071144104,0.01781106,0.042466965,0.06986681,0.020224517,0.20775,0.1093885,1.0,,,,,,,,,,,,,,,,,,,,,,,,,,,,,,,,,,,,,,,,,,,
555.0,-0.008671863829751965,0.05002344399690628,0.0005509257316589355,0.6081501245498657,0.0,0.15735541,0.08162799,0.9994493,0.099943295,0.060038894,-3.6476215e-09,-0.0032961369,0.00054073334,0.017775297,-0.06557755,-0.042162165,-0.00853069,0.208125,0.10958086,1.0,,,,,,,,,,,,,,,,,,,,,,,,,,,,,,,,,,,,,,,,,,,
556.0,-0.00867987708456931,0.049930375069379807,0.0005509257316589355,0.6078636050224304,0.0,0.15777183,0.081878655,0.9994493,0.09993975,0.060160033,-4.0860748e-08,-0.0031142235,0.000828743,0.017859697,0.04246441,0.06986983,0.020210223,0.2085,0.1097732,1.0,,,,,,,,,,,,,,,,,,,,,,,,,,,,,,,,,,,,,,,,,,,
557.0,-0.00868838574263864,0.04983842372894287,0.0005509257316589355,0.6075911521911621,0.0,0.15818827,0.0821298,0.9994493,0.09994809,0.060273916,-1.632514e-08,-0.0033905506,0.00065779686,0.017823935,-0.06557797,-0.042167176,-0.008521722,0.208875,0.1099655,1.0,,,,,,,,,,,,,,,,,,,,,,,,,,,,,,,,,,,,,,,,,,,
558.0,-0.008695544309372418,0.049747534096241,0.0005509257316589355,0.6073330640792847,0.0,0.15860473,0.08238146,0.9994493,0.09994926,0.060398936,-5.3632306e-08,-0.0032083988,0.0009458065,0.017908335,0.042461857,0.06987285,0.020195931,0.20925,0.11015778,1.0,,,,,,,,,,,,,,,,,,,,,,,,,,,,,,,,,,,,,,,,,,,
559.0,-0.008702689715066663,0.04965776950120926,0.0005509257316589355,0.6070895791053772,0.0,0.15902124,0.082633615,0.9994493,0.09996231,0.060516696,-2.9751407e-08,-0.003484726,0.0007750988,0.017872572,-0.06557838,-0.042172186,-0.008512752,0.209625,0.110350035,1.0,,,,,,,,,,,,,,,,,,,,,,,,,,,,,,,,,,,,,,,,,,,
560.0,-0.008709393628002,0.049569129943847656,0.0005509257316589355,0.6068607568740845,0.0,0.15943778,0.0828863,0.9994493,0.09996818,0.0606456,-6.715275e-08,-0.0033025742,0.00106287,0.017956734,0.042459305,0.06987586,0.02018164,0.21,0.11054226,1.0,,,,,,,,,,,,,,,,,,,,,,,,,,,,,,,,,,,,,,,,,,,
561.0,-0.008715652318348659,0.0494815818965435,0.0005509257316589355,0.6066467761993408,0.0,0.15985438,0.0831395,0.9994493,0.099985935,0.06076724,-4.3926434e-08,-0.0035789013,0.0008921623,0.01792121,-0.065578796,-0.04217719,-0.00850378,0.210375,0.110734455,1.0,,,,,,,,,,,,,,,,,,,,,,,,,,,,,,,,,,,,,,,,,,,
562.0,-0.008721455928439174,0.049395106732845306,0.0005509257316589355,0.6064478754997253,0.0,0.16027103,0.083393246,0.9994493,0.09999651,0.06090002,-8.1422094e-08,-0.003396988,0.001180172,0.018005371,0.042456754,0.069878876,0.020167347,0.21075,0.11092663,1.0,,,,,,,,,,,,,,,,,,,,,,,,,,,,,,,,,,,,,,,,,,,
563.0,-0.008730393689951599,0.049309730529785156,0.0005509257316589355,0.6061444878578186,0.0,0.16068777,0.08364752,0.9994493,0.10001896,0.06102554,-5.8850254e-08,-0.003673315,0.0010092258,0.017969608,-0.065579206,-0.042182192,-0.008494806,0.211125,0.11111877,1.0,,,,,,,,,,,,,,,,,,,,,,,,,,,,,,,,,,,,,,,,,,,
564.0,-0.008799560262064554,0.04922546073794365,0.0005509257316589355,0.6038333773612976,0.0,0.16110459,0.08390237,0.9994493,0.10003424,0.0611622,-9.644037e-08,-0.0034911633,0.0012972355,0.01805377,0.0424542,0.069881886,0.020153057,0.2115,0.111310884,1.0,,,,,,,,,,,,,,,,,,,,,,,,,,,,,,,,,,,,,,,,,,,
565.0,-0.008867868548620029,0.04914224147796631,0.0005509257316589355,0.6015508770942688,0.0,0.16152151,0.08415775,0.9994493,0.10006139,0.061291598,-7.4522895e-08,-0.0037674904,0.0011262894,0.018018007,-0.065579616,-0.042187195,-0.008485829,0.211875,0.11150297,1.0,,,,,,,,,,,,,,,,,,,,,,,,,,,,,,,,,,,,,,,,,,,
566.0,-0.00893531005863588,0.04906011372804642,0.0005509257316589355,0.5992971658706665,0.0,0.16193852,0.084413715,0.9994493,0.100081354,0.061432134,-1.12207594e-07,-0.0035853386,0.001414299,0.018102169,0.04245165,0.0698849,0.020138768,0.21225,0.11169503,1.0,,,,,,,,,,,,,,,,,,,,,,,,,,,,,,,,,,,,,,,,,,,
567.0,-0.009001891081971554,0.04897911101579666,0.0005509495967999101,0.5970721244812012,0.0,0.16235566,0.08467024,0.9994493,0.100113206,0.06156541,-9.094437e-08,-0.0038616657,0.0012435913,0.018066645,-0.065580025,-0.04219219,-0.0084768515,0.212625,0.11188706,1.0,,,,,,,,,,,,,,,,,,,,,,,,,,,,,,,,,,,,,,,,,,,
568.0,-0.009067231389705924,0.04889916256070137,0.0005509734037332237,0.5948758721351624,0.0,0.1627729,0.08492736,0.9994493,0.10013787,0.06170982,-1.287238e-07,-0.0036797523,0.0015313625,0.018150568,0.042449098,0.0698879,0.02012448,0.213,0.11207906,1.0,,,,,,,,,,,,,,,,,,,,,,,,,,,,,,,,,,,,,,,,,,,
569.0,-0.009131705303434866,0.04882027208805084,0.0005509734037332237,0.5927084684371948,0.0,0.16319029,0.08518506,0.9994493,0.100174405,0.06184697,-1.0811471e-07,-0.0039560795,0.0013606548,0.018115044,-0.065580435,-0.042197186,-0.008467872,0.213375,0.11227103,1.0,,,,,,,,,,,,,,,,,,,,,,,,,,,,,,,,,,,,,,,,,,,
570.0,-0.009195219496570282,0.04874240979552269,0.0005509734037332237,0.5905697345733643,0.0,0.1636078,0.08544337,0.9994493,0.10020376,0.061995253,-1.45989e-07,-0.0037739277,0.0016486645,0.018198967,0.04244655,0.06989091,0.020110192,0.21375,0.11246298,1.0,,,,,,,,,,,,,,,,,,,,,,,,,,,,,,,,,,,,,,,,,,,
571.0,-0.009257281736528969,0.04866563156247139,0.0005509734037332237,0.588459849357605,0.0,0.1640255,0.08570227,0.9994493,0.10024499,0.062136278,-1.2603394e-07,-0.0038547516,0.0014777184,0.018163443,-0.01864718,-0.04134794,-0.0085362755,0.214125,0.1126549,1.0,,,,,,,,,,,,,,,,,,,,,,,,,,,,,,,,,,,,,,,,,,,
572.0,-0.009319395790205819,0.048589855432510376,0.0005509734037332237,0.5863787531852722,0.0,0.16444333,0.085961774,0.9994493,0.100279175,0.062280443,-1.3240373e-07,-0.0034770966,0.001765728,0.018247366,0.08936715,0.07074055,0.02004002,0.2145,0.11284679,1.0,,,,,,,,,,,,,,,,,,,,,,,,,,,,,,,,,,,,,,,,,,,
573.0,-0.009379728408618395,0.048515092581510544,0.0005509734037332237,0.584326446056366,0.0,0.16486135,0.086221814,0.9994493,0.100325376,0.062409356,-9.3401844e-08,-0.0035579205,0.0015947819,0.018211603,-0.018669616,-0.04134641,-0.008548985,0.214875,0.11303865,1.0,,,,,,,,,,,,,,,,,,,,,,,,,,,,,,,,,,,,,,,,,,,
574.0,-0.009440114373057442,0.0484413206577301,0.0005509734037332237,0.5823028683662415,0.0,0.16527954,0.0864824,0.9994493,0.100364536,0.06254142,-1.0246101e-07,-0.0031805038,0.0018827915,0.018296003,0.089342855,0.07073884,0.0200471,0.21525,0.11323048,1.0,,,,,,,,,,,,,,,,,,,,,,,,,,,,,,,,,,,,,,,,,,,
575.0,-0.009498716141543993,0.048368535935878754,0.0005509734037332237,0.5803081393241882,0.0,0.16569793,0.086743474,0.9994493,0.10041572,0.06265823,-6.879636e-08,-0.0032615662,0.0017118454,0.018260002,-0.018692045,-0.041344877,-0.00856168,0.215625,0.11342229,1.0,,,,,,,,,,,,,,,,,,,,,,,,,,,,,,,,,,,,,,,,,,,
576.0,-0.009557369391210524,0.048296697437763214,0.0005509734037332237,0.5783421993255615,0.0,0.1661165,0.08700506,0.9994493,0.10045985,0.0627782,-7.4818104e-08,-0.0028839111,0.001999855,0.018344402,0.089318566,0.070737116,0.020054173,0.216,0.11361407,1.0,,,,,,,,,,,,,,,,,,,,,,,,,,,,,,,,,,,,,,,,,,,
577.0,-0.009614354625156559,0.0482257679104805,0.0005509734037332237,0.5764050483703613,0.0,0.16653533,0.08726706,0.9994493,0.10051601,0.06288293,-4.7829865e-08,-0.0029649734,0.0018289089,0.018308401,-0.018714463,-0.041343346,-0.008574359,0.216375,0.113805816,1.0,,,,,,,,,,,,,,,,,,,,,,,,,,,,,,,,,,,,,,,,,,,
578.0,-0.00967139190903181,0.04815581440925598,0.0005509734037332237,0.5744966864585876,0.0,0.16695435,0.087529525,0.9994493,0.10056511,0.06299083,-5.04981e-08,-0.0025875568,0.0021169186,0.018392801,0.08929429,0.070735395,0.02006124,0.21675,0.113997534,1.0,,,,,,,,,,,,,,,,,,,,,,,,,,,,,,,,,,,,,,,,,,,
579.0,-0.00972664310704422,0.04808679223060608,0.0005509734037332237,0.57261723279953,0.0,0.16737363,0.087792374,0.9994493,0.10062624,0.06308349,-3.0255084e-08,-0.0026688576,0.0019459724,0.0183568,-0.018736875,-0.041341815,-0.008587022,0.217125,0.11418923,1.0,,,,,,,,,,,,,,,,,,,,,,,,,,,,,,,,,,,,,,,,,,,
580.0,-0.009781944553634823,0.048018645495176315,0.0005509734037332237,0.5707666277885437,0.0,0.16779312,0.08805562,0.9994493,0.100680314,0.06317932,-2.9552009e-08,-0.0022916794,0.0022337437,0.0184412,0.08927004,0.070733674,0.020068297,0.2175,0.11438089,1.0,,,,,,,,,,,,,,,,,,,,,,,,,,,,,,,,,,,,,,,,,,,
581.0,-0.009835460838033034,0.04795144498348236,0.0005509734037332237,0.5689448714256287,0.0,0.1682129,0.088319205,0.9994493,0.100746416,0.06325993,-1.6053e-08,-0.0023729801,0.002063036,0.018405199,-0.018759277,-0.041340284,-0.008599671,0.217875,0.114572525,1.0,,,,,,,,,,,,,,,,,,,,,,,,,,,,,,,,,,,,,,,,,,,
582.0,-0.009889027803343197,0.04788508266210556,0.0005509734037332237,0.5671519637107849,0.0,0.16863292,0.088583134,0.9994493,0.100805454,0.06334371,-1.1977248e-08,-0.0019955635,0.0023508072,0.0184896,0.08924579,0.070731945,0.02007535,0.21825,0.11476413,1.0,,,,,,,,,,,,,,,,,,,,,,,,,,,,,,,,,,,,,,,,,,,
583.0,-0.009940801375702723,0.04781963676214218,0.0005509734037332237,0.5653882026672363,0.0,0.16905324,0.088847354,0.9994493,0.100876525,0.06341228,-5.2171782e-09,-0.0020771027,0.0021800995,0.018453598,-0.018781671,-0.041338753,-0.008612303,0.218625,0.11495571,1.0,,,,,,,,,,,,,,,,,,,,,,,,,,,,,,,,,,,,,,,,,,,
584.0,-0.009992624842147054,0.04775501787662506,0.0005509734037332237,0.563653290271759,0.0,0.16947383,0.08911187,0.9994493,0.10094053,0.06348403,2.2317077e-09,-0.0016999245,0.0024678707,0.018538237,0.08922156,0.07073022,0.020082394,0.219,0.115147255,1.0,,,,,,,,,,,,,,,,,,,,,,,,,,,,,,,,,,,,,,,,,,,
585.0,-0.01004315792009511,0.04769128933548927,0.0005509734037332237,0.5619474053382874,0.0,0.16989474,0.08937662,0.9994493,0.101016566,0.06354056,2.2581126e-09,-0.0017814636,0.002297163,0.018501997,-0.018804057,-0.04133722,-0.008624921,0.219375,0.11533877,1.0,,,,,,,,,,,,,,,,,,,,,,,,,,,,,,,,,,,,,,,,,,,
586.0,-0.010092817061112147,0.047628406435251236,0.0005509734037332237,0.5602706074714661,0.0,0.17031592,0.08964162,0.9994493,0.10108554,0.063600294,1.308053e-08,-0.0014045238,0.0025849342,0.018586636,0.089197345,0.07072849,0.02008943,0.21975,0.11553027,1.0,,,,,,,,,,,,,,,,,,,,,,,,,,,,,,,,,,,,,,,,,,,
587.0,-0.010141597607373844,0.047566354274749756,0.0005509734037332237,0.5586230158805847,0.0,0.17073745,0.08990681,0.9994493,0.10116654,0.06364482,6.378558e-09,-0.001486063,0.0024142265,0.018550396,-0.018826434,-0.041335694,-0.008637523,0.220125,0.115721725,1.0,,,,,,,,,,,,,,,,,,,,,,,,,,,,,,,,,,,,,,,,,,,
588.0,-0.010189647180462636,0.04750508815050125,0.0005509972688741982,0.557004451751709,0.0,0.17115928,0.090172194,0.9994493,0.10124048,0.06369254,2.0574898e-08,-0.0011091232,0.0027019978,0.018635035,0.08917309,0.07072672,0.020078933,0.2205,0.11591316,1.0,,,,,,,,,,,,,,,,,,,,,,,,,,,,,,,,,,,,,,,,,,,
589.0,-0.010236534554578975,0.047444675117731094,0.0005509972688741982,0.555415153503418,0.0,0.17158148,0.09043772,0.9994493,0.10132644,0.06372506,7.1498323e-09,-0.0011909008,0.0025310516,0.018598795,-0.01884885,-0.04133419,-0.008667633,0.220875,0.116104566,1.0,,,,,,,,,,,,,,,,,,,,,,,,,,,,,,,,,,,,,,,,,,,
590.0,-0.010283356515003837,0.047385089099407196,0.0005509972688741982,0.5538551211357117,0.0,0.172004,0.09070339,0.9994493,0.101405345,0.06376079,2.4720483e-08,-0.000813961,0.0028188229,0.018683434,0.08914892,0.07072497,0.020085964,0.22125,0.11629594,1.0,,,,,,,,,,,,,,,,,,,,,,,,,,,,,,,,,,,,,,,,,,,
591.0,-0.010328428522592003,0.047326285392045975,0.0005509972688741982,0.5523245334625244,0.0,0.17242691,0.090969145,0.9994493,0.101496264,0.06378133,4.5776067e-09,-0.0008957386,0.0026481152,0.018647194,-0.018871218,-0.041332655,-0.0086801965,0.221625,0.11648729,1.0,,,,,,,,,,,,,,,,,,,,,,,,,,,,,,,,,,,,,,,,,,,
592.0,-0.010373508117980965,0.04726826027035713,0.0005509972688741982,0.5508233308792114,0.0,0.17285015,0.091235,0.9994493,0.10158013,0.06380507,2.5522947e-08,-0.00051903725,0.0029358864,0.018731833,0.08912475,0.07072321,0.02009299,0.222,0.1166786,1.0,,,,,,,,,,,,,,,,,,,,,,,,,,,,,,,,,,,,,,,,,,,
593.0,-0.010416784893226578,0.04721102863550186,0.0005509972688741982,0.5493516325950623,0.0,0.1732738,0.091500886,0.9994493,0.10167601,0.06381364,-1.3324629e-09,-0.0006008148,0.0027651787,0.018695354,-0.018893575,-0.041331124,-0.008692744,0.222375,0.11686989,1.0,,,,,,,,,,,,,,,,,,,,,,,,,,,,,,,,,,,,,,,,,,,
594.0,-0.010460085608439114,0.047154564410448074,0.0005509972688741982,0.5479096174240112,0.0,0.17369783,0.09176683,0.9994493,0.101764835,0.06382542,2.2987942e-08,-0.00022411346,0.0030527115,0.018779993,0.08910042,0.07072142,0.020038158,0.22275,0.117061146,1.0,,,,,,,,,,,,,,,,,,,,,,,,,,,,,,,,,,,,,,,,,,,
595.0,-0.01050164872987225,0.047098852694034576,0.0005509734037332237,0.5464972853660583,0.0,0.17412226,0.09203275,0.9994493,0.10186567,0.06382204,-1.0574725e-08,-0.00030612946,0.0028820038,0.018743277,-0.01891611,-0.041329626,-0.008767113,0.223125,0.11725238,1.0,,,,,,,,,,,,,,,,,,,,,,,,,,,,,,,,,,,,,,,,,,,
596.0,-0.010543092526521651,0.04704389348626137,0.0005509734037332237,0.5451146960258484,0.0,0.17454709,0.09229868,0.9994493,0.10195945,0.06382186,1.712112e-08,7.033348e-05,0.003169775,0.018827915,0.08907632,0.070719615,0.020045195,0.2235,0.11744358,1.0,,,,,,,,,,,,,,,,,,,,,,,,,,,,,,,,,,,,,,,,,,,
597.0,-0.010583154429528077,0.04698967561125755,0.0005509734037332237,0.5437620878219604,0.0,0.17497237,0.09256454,0.9994493,0.10206525,0.06380653,-2.3143512e-08,-1.168251e-05,0.0029990673,0.01879096,-0.018938474,-0.04132808,-0.008779602,0.223875,0.11763475,1.0,,,,,,,,,,,,,,,,,,,,,,,,,,,,,,,,,,,,,,,,,,,
598.0,-0.010622785637812923,0.04693620651960373,0.0005509734037332237,0.5424394011497498,0.0,0.17539805,0.092830345,0.9994493,0.102163985,0.06379442,7.928132e-09,0.00036478043,0.0032866,0.018875837,0.08905222,0.07071781,0.020052226,0.22425,0.11782589,1.0,,,,,,,,,,,,,,,,,,,,,,,,,,,,,,,,,,,,,,,,,,,
599.0,-0.01066152240268857,0.04688343033194542,0.0005509734037332237,0.5411469340324402,0.0,0.1758242,0.09309605,0.9994493,0.10227474,0.06376715,-3.9033203e-08,0.00028252602,0.0031158924,0.018838882,-0.01896083,-0.041326538,-0.008792076,0.224625,0.118017,1.0,,,,,,,,,,,,,,,,,,,,,,,,,,,,,,,,,,,,,,,,,,,
600.0,-0.01069853373551887,0.04683142155408859,0.0005509734037332237,0.5398848056793213,0.0,0.17625077,0.09336164,0.9994493,0.10237842,0.06374312,-4.5853974e-09,0.00065898895,0.0034036636,0.01892376,0.08902814,0.070716,0.02005925,0.225,0.11820808,1.0,,,,,,,,,,,,,,,,,,,,,,,,,,,,,,,,,,,,,,,,,,,
601.0,-0.010735093777403382,0.04678012430667877,0.0005509734037332237,0.5386530160903931,0.0,0.17667784,0.09362707,0.9994493,0.10249413,0.06370394,-5.823818e-08,0.00057673454,0.003232956,0.018886805,-0.018983178,-0.04132499,-0.0088045355,0.225375,0.118399136,1.0,,,,,,,,,,,,,,,,,,,,,,,,,,,,,,,,,,,,,,,,,,,
602.0,-0.010770273392947276,0.04672951623797417,0.0005509734037332237,0.5374518036842346,0.0,0.17710534,0.09389236,0.9994493,0.102602765,0.06366799,-2.0413854e-08,0.00095295906,0.0035204887,0.018971682,0.08900408,0.07071419,0.020066267,0.22575,0.11859016,1.0,,,,,,,,,,,,,,,,,,,,,,,,,,,,,,,,,,,,,,,,,,,
603.0,-0.010804990499879935,0.04667966812849045,0.0005509734037332237,0.5362812876701355,0.0,0.17753336,0.09415743,0.9994493,0.10272342,0.06361691,-8.075283e-08,0.00087070465,0.003349781,0.018934727,-0.019005518,-0.04132345,-0.008816979,0.226125,0.11878115,1.0,,,,,,,,,,,,,,,,,,,,,,,,,,,,,,,,,,,,,,,,,,,
604.0,-0.01083882543785585,0.04663054645061493,0.0005509734037332237,0.53514164686203,0.0,0.17796184,0.094422296,0.9994493,0.10283701,0.06356906,-3.955163e-08,0.0012469292,0.0036373138,0.019019604,0.08898003,0.07071237,0.020073276,0.2265,0.118972115,1.0,,,,,,,,,,,,,,,,,,,,,,,,,,,,,,,,,,,,,,,,,,,
605.0,-0.010871990870412265,0.04658214747905731,0.0005509734037332237,0.5340330004692078,0.0,0.17839086,0.09468691,0.9994493,0.10296262,0.06350609,-1.0657155e-07,0.0011644363,0.0034668446,0.01898241,-0.01902785,-0.041321907,-0.008829407,0.226875,0.11916305,1.0,,,,,,,,,,,,,,,,,,,,,,,,,,,,,,,,,,,,,,,,,,,
606.0,-0.010903987950728335,0.046534497290849686,0.0005509734037332237,0.532955527305603,0.0,0.17882036,0.094951265,0.9994493,0.10308115,0.063446365,-6.199313e-08,0.0015404224,0.0037543774,0.019067526,0.08895599,0.070710555,0.02008028,0.22725,0.11935395,1.0,,,,,,,,,,,,,,,,,,,,,,,,,,,,,,,,,,,,,,,,,,,
607.0,-0.010935499034964598,0.04648757725954056,0.0005509734037332237,0.5319094657897949,0.0,0.1792504,0.09521531,0.9994493,0.10321171,0.06337151,-1.3568874e-07,0.0014579296,0.0035836697,0.019030333,-0.019050172,-0.041320365,-0.00884182,0.227625,0.11954483,1.0,,,,,,,,,,,,,,,,,,,,,,,,,,,,,,,,,,,,,,,,,,,
608.0,-0.010965603981383902,0.046441417187452316,0.0005509734037332237,0.530894935131073,0.0,0.17968097,0.09547906,0.9994493,0.103335194,0.06329992,-8.773276e-08,0.0018339157,0.0038712025,0.019115448,0.08893196,0.07070873,0.020087276,0.228,0.11973567,1.0,,,,,,,,,,,,,,,,,,,,,,,,,,,,,,,,,,,,,,,,,,,
609.0,-0.01099521590765071,0.04639599472284317,0.0005509734037332237,0.5299120545387268,0.0,0.1801121,0.09574246,0.9994493,0.10347069,0.06321321,-1.6809882e-07,0.0017511845,0.0037004948,0.019078255,-0.019072486,-0.041318823,-0.008854218,0.228375,0.11992648,1.0,,,,,,,,,,,,,,,,,,,,,,,,,,,,,,,,,,,,,,,,,,,
610.0,-0.011023458810170271,0.04635127633810043,0.0005509734037332237,0.5289611220359802,0.0,0.18054377,0.09600549,0.9994493,0.10359912,0.06312975,-1.1676494e-07,0.0021271706,0.0039880276,0.01916337,0.08890795,0.07070691,0.020094264,0.22875,0.12011727,1.0,,,,,,,,,,,,,,,,,,,,,,,,,,,,,,,,,,,,,,,,,,,
611.0,-0.011050913138258331,0.04630737006664276,0.0005509734037332237,0.528042197227478,0.0,0.18097602,0.096268125,0.9994493,0.10373957,0.0630312,-2.0379622e-07,0.0020444393,0.0038173199,0.019126177,-0.019094793,-0.04131728,-0.008866601,0.229125,0.12030803,1.0,,,,,,,,,,,,,,,,,,,,,,,,,,,,,,,,,,,,,,,,,,,
612.0,-0.01107711849613261,0.046264227479696274,0.0005509734037332237,0.5271556377410889,0.0,0.18140882,0.096530356,0.9994493,0.10387294,0.0629359,-1.490841e-07,0.0024204254,0.0037355423,0.019210577,0.09057841,-0.017913627,0.01992004,0.2295,0.12049875,1.0,,,,,,,,,,,,,,,,,,,,,,,,,,,,,,,,,,,,,,,,,,,
613.0,-0.011101825101597936,0.046221859753131866,0.0005509734037332237,0.5263015031814575,0.0,0.18184216,0.09679213,0.9994493,0.104003236,0.06282522,-1.8359528e-07,0.0023374557,0.0031957626,0.01917243,-0.017405383,-0.12991351,-0.009100733,0.229875,0.120689444,1.0,,,,,,,,,,,,,,,,,,,,,,,,,,,,,,,,,,,,,,,,,,,
614.0,-0.011126359491247424,0.046180225908756256,0.0005509734037332237,0.5254799127578735,0.0,0.18227597,0.09705345,0.9994493,0.104111366,0.06271751,-9.096203e-08,0.0027132034,0.003113985,0.01925683,0.09054747,-0.017873557,0.019967984,0.23025,0.120880105,1.0,,,,,,,,,,,,,,,,,,,,,,,,,,,,,,,,,,,,,,,,,,,
615.0,-0.011149220266288467,0.0461394339799881,0.0005509734037332237,0.5246912240982056,0.0,0.1827102,0.09731426,0.9994493,0.10421644,0.06259443,-1.409643e-07,0.0026302338,0.0025744438,0.019218445,-0.017413355,-0.12986948,-0.009153409,0.230625,0.12107074,1.0,,,,,,,,,,,,,,,,,,,,,,,,,,,,,,,,,,,,,,,,,,,
616.0,-0.011172056779443303,0.04609942436218262,0.0005509734037332237,0.5239356160163879,0.0,0.18314478,0.09757457,0.9994493,0.10429937,0.06247433,-5.7429343e-08,0.0030059814,0.0024929047,0.019302845,0.090516515,-0.017833525,0.020015895,0.231,0.12126134,1.0,,,,,,,,,,,,,,,,,,,,,,,,,,,,,,,,,,,,,,,,,,,
617.0,-0.01119284540380759,0.04606020078063011,0.0005509734037332237,0.523213267326355,0.0,0.18357968,0.09783432,0.9994493,0.104379244,0.062338855,-1.1186812e-07,0.0029230118,0.0019533634,0.019264221,-0.017421296,-0.12982544,-0.009206048,0.231375,0.121451914,1.0,,,,,,,,,,,,,,,,,,,,,,,,,,,,,,,,,,,,,,,,,,,
618.0,-0.011213761930874899,0.04602181911468506,0.0005509734037332237,0.522524356842041,0.0,0.18401484,0.09809351,0.9994493,0.104436986,0.062206373,-4.000923e-08,0.003298521,0.0018720627,0.019348621,0.09048554,-0.017793529,0.020063771,0.23175,0.12164246,1.0,,,,,,,,,,,,,,,,,,,,,,,,,,,,,,,,,,,,,,,,,,,
619.0,-0.011232454537140439,0.045984283089637756,0.0005509734037332237,0.5218691825866699,0.0,0.18445022,0.09835209,0.9994493,0.104491696,0.06205852,-9.826441e-08,0.003215313,0.0013327599,0.01930976,-0.017429207,-0.12978141,-0.009258649,0.232125,0.121832974,1.0,,,,,,,,,,,,,,,,,,,,,,,,,,,,,,,,,,,,,,,,,,,
620.0,-0.011251426320697285,0.04594755917787552,0.0005509734037332237,0.5212478637695312,0.0,0.18488574,0.09861006,0.9994493,0.104524285,0.061913665,-3.8209492e-08,0.0035908222,0.0012514591,0.01939416,0.090454556,-0.017753571,0.020111615,0.2325,0.122023456,1.0,,,,,,,,,,,,,,,,,,,,,,,,,,,,,,,,,,,,,,,,,,,
621.0,-0.011268036968511662,0.04591170698404312,0.0005509734037332237,0.5206607580184937,0.0,0.18532139,0.098867364,0.9994493,0.104553856,0.061753444,-1.0023623e-07,0.0035076141,0.0007123947,0.019355297,-0.017437087,-0.12973739,-0.009311213,0.232875,0.12221391,1.0,,,,,,,,,,,,,,,,,,,,,,,,,,,,,,,,,,,,,,,,,,,
622.0,-0.011285142790724059,0.045876696705818176,0.0005509734037332237,0.5201080441474915,0.0,0.18575706,0.099124014,0.9994493,0.104561314,0.061596233,-5.197816e-08,0.003882885,0.0006313324,0.019439459,0.09042355,-0.01771365,0.020159425,0.23325,0.12240433,1.0,,,,,,,,,,,,,,,,,,,,,,,,,,,,,,,,,,,,,,,,,,,
623.0,-0.011299839875075489,0.04584258049726486,0.0005509734037332237,0.5195897817611694,0.0,0.18619275,0.09937995,0.9994493,0.10456578,0.06142366,-1.1776336e-07,0.003799677,0.0003888607,0.01940155,-0.018827148,-0.058590103,-0.009087596,0.233625,0.122594714,1.0,,,,,,,,,,,,,,,,,,,,,,,,,,,,,,,,,,,,,,,,,,,
624.0,-0.011314869878031097,0.0458092987537384,0.0005509734037332237,0.519106388092041,0.0,0.18662842,0.09963518,0.9994493,0.10456025,0.06125433,-8.42012e-08,0.0041749477,0.0006041527,0.019486904,0.08902132,0.053412262,0.020450555,0.234,0.12278508,1.0,,,,,,,,,,,,,,,,,,,,,,,,,,,,,,,,,,,,,,,,,,,
625.0,-0.011327476264756844,0.04577688127756119,0.0005509734037332237,0.518657922744751,0.0,0.1870641,0.099889636,0.9994493,0.10456384,0.061069887,-1.5759802e-07,0.0040917397,0.00036168098,0.019448996,-0.018846449,-0.05858039,-0.009107801,0.234375,0.12297541,1.0,,,,,,,,,,,,,,,,,,,,,,,,,,,,,,,,,,,,,,,,,,,
626.0,-0.011340405146614286,0.0457453727722168,0.0005509734037332237,0.5182446837425232,0.0,0.18749975,0.100143336,0.9994493,0.10455745,0.060888693,-1.2151179e-07,0.004466772,0.00057697296,0.01953435,0.08899609,0.05341843,0.02046542,0.23475,0.123165704,1.0,,,,,,,,,,,,,,,,,,,,,,,,,,,,,,,,,,,,,,,,,,,
627.0,-0.011350897864418221,0.04571468383073807,0.0005509734037332237,0.5178667902946472,0.0,0.18793543,0.10039622,0.9994493,0.10456017,0.06069239,-1.9972141e-07,0.0043833256,0.00033450127,0.01949644,-0.018865742,-0.058570683,-0.009127988,0.235125,0.12335597,1.0,,,,,,,,,,,,,,,,,,,,,,,,,,,,,,,,,,,,,,,,,,,
628.0,-0.011361628632764771,0.04568488523364067,0.0005509734037332237,0.5175244212150574,0.0,0.18837106,0.1006483,0.9994493,0.10455291,0.060499344,-1.6176607e-07,0.004758358,0.00054979324,0.019581795,0.08897087,0.053424593,0.020480275,0.2355,0.123546205,1.0,,,,,,,,,,,,,,,,,,,,,,,,,,,,,,,,,,,,,,,,,,,
629.0,-0.011369895545302645,0.04565597325563431,0.0005509734037332237,0.5172179341316223,0.0,0.1888067,0.10089952,0.9994493,0.10455477,0.060291193,-2.4463014e-07,0.0046749115,0.00030732155,0.019543648,-0.018885028,-0.058560975,-0.009148157,0.235875,0.12373641,1.0,,,,,,,,,,,,,,,,,,,,,,,,,,,,,,,,,,,,,,,,,,,
630.0,-0.011378467340529098,0.0456278994679451,0.0005509734037332237,0.5169472694396973,0.0,0.18924232,0.10114987,0.9994493,0.10454666,0.06008631,-2.0484066e-07,0.0050258636,0.0005226135,0.01962924,0.08319908,0.053318422,0.020496886,0.23625,0.12392659,1.0,,,,,,,,,,,,,,,,,,,,,,,,,,,,,,,,,,,,,,,,,,,
631.0,-0.011384582591495565,0.045600712299346924,0.0005509734037332237,0.5167126655578613,0.0,0.18967792,0.101399325,0.9994493,0.10454764,0.059867308,-2.8741476e-07,0.004918337,0.00028038025,0.019591093,-0.024649464,-0.058664653,-0.009163894,0.236625,0.12411673,1.0,,,,,,,,,,,,,,,,,,,,,,,,,,,,,,,,,,,,,,,,,,,
632.0,-0.011390988355246738,0.04557434841990471,0.0005509734037332237,0.5165143609046936,0.0,0.1901135,0.101647876,0.9994493,0.10453863,0.059652552,-2.4220637e-07,0.005269289,0.0004956722,0.019676685,0.08317656,0.053325165,0.02050911,0.237,0.12430684,1.0,,,,,,,,,,,,,,,,,,,,,,,,,,,,,,,,,,,,,,,,,,,
633.0,-0.011394928759311007,0.04554883763194084,0.0005509734037332237,0.5163524150848389,0.0,0.19054909,0.101895474,0.9994493,0.10453872,0.059423685,-3.2928966e-07,0.0051617622,0.00025320053,0.0196383,-0.024666024,-0.05865577,-0.009181377,0.237375,0.12449693,1.0,,,,,,,,,,,,,,,,,,,,,,,,,,,,,,,,,,,,,,,,,,,
634.0,-0.011399152343736934,0.04552420228719711,0.0005509734037332237,0.5162270069122314,0.0,0.19098462,0.10214213,0.9994493,0.104528815,0.059199072,-2.822049e-07,0.005512476,0.00046873093,0.019723892,0.08315405,0.0533319,0.020521324,0.23775,0.12468698,1.0,,,,,,,,,,,,,,,,,,,,,,,,,,,,,,,,,,,,,,,,,,,
635.0,-0.011400781424268282,0.04550040513277054,0.0005509495967999101,0.5161383152008057,0.0,0.19142015,0.1023878,0.9994493,0.10452802,0.058960356,-3.729621e-07,0.005404949,0.00022625923,0.019685507,-0.02468258,-0.05864689,-0.0091988435,0.238125,0.124877,1.0,,,,,,,,,,,,,,,,,,,,,,,,,,,,,,,,,,,,,,,,,,,
636.0,-0.011402687657013305,0.04547741264104843,0.0005509495967999101,0.5160863995552063,0.0,0.19185564,0.10263249,0.9994493,0.10451722,0.058725897,-3.2419558e-07,0.0055184364,0.00044178963,0.0197711,0.02625101,0.052218758,0.020546407,0.2385,0.12506698,1.0,,,,,,,,,,,,,,,,,,,,,,,,,,,,,,,,,,,,,,,,,,,
637.0,-0.01140211189689908,0.04545529931783676,0.0005509495967999101,0.5160713791847229,0.0,0.19229113,0.102876194,0.9994493,0.10451535,0.058487024,-3.6395798e-07,0.005173683,0.00019955635,0.019732952,-0.081566185,-0.059768517,-0.009177246,0.238875,0.12525694,1.0,,,,,,,,,,,,,,,,,,,,,,,,,,,,,,,,,,,,,,,,,,,
638.0,-0.011401808310487108,0.045433998107910156,0.0005509614711627364,0.5160933136940002,0.0,0.19272655,0.10311895,0.9994493,0.10450329,0.058262102,-2.7611924e-07,0.005287409,0.00041484833,0.019818544,0.026254924,0.05223154,0.020532783,0.23925,0.12544687,1.0,,,,,,,,,,,,,,,,,,,,,,,,,,,,,,,,,,,,,,,,,,,
639.0,-0.011399015293390404,0.04541346803307533,0.0005509614711627364,0.5161523818969727,0.0,0.19316196,0.10336075,0.99944925,0.10450015,0.058032762,-3.2375183e-07,0.004942894,0.00017261505,0.019780159,-0.08155604,-0.05976769,-0.009168445,0.239625,0.12563676,1.0,,,,,,,,,,,,,,,,,,,,,,,,,,,,,,,,,,,,,,,,,,,
640.0,-0.011396486010519586,0.04539377987384796,0.0005509614711627364,0.5162486433982849,0.0,0.19359733,0.10360166,0.99944925,0.10448683,0.057817366,-5.363015e-08,0.0050566196,0.00038814545,0.019865751,0.026258836,0.05224431,0.02051916,0.24,0.12582663,1.0,,,,,,,,,,,,,,,,,,,,,,,,,,,,,,,,,,,,,,,,,,,
641.0,-0.011391470173149721,0.045374903827905655,0.0005509614711627364,0.5163819789886475,0.0,0.19403267,0.10384165,0.99944925,0.10448243,0.05759755,-1.4275712e-07,0.0047118664,0.00014591217,0.019827366,-0.0815459,-0.05976686,-0.009159643,0.240375,0.12601645,1.0,,,,,,,,,,,,,,,,,,,,,,,,,,,,,,,,,,,,,,,,,,,
642.0,-0.011386717556929217,0.045356810092926025,0.0005509614711627364,0.5165525078773499,0.0,0.19446796,0.10408078,0.99944925,0.10446785,0.05739168,-5.0381324e-08,0.004825592,0.00036144257,0.019912958,0.026262745,0.052257076,0.020505534,0.24075,0.12620625,1.0,,,,,,,,,,,,,,,,,,,,,,,,,,,,,,,,,,,,,,,,,,,
643.0,-0.011379473059572048,0.04533951357007027,0.0005509614711627364,0.5167602896690369,0.0,0.19490322,0.104319036,0.99944925,0.10446218,0.057181384,-9.647321e-08,0.004481077,0.00011920929,0.019874573,-0.081535764,-0.059766028,-0.009150841,0.241125,0.12639603,1.0,,,,,,,,,,,,,,,,,,,,,,,,,,,,,,,,,,,,,,,,,,,
644.0,-0.011372491947583696,0.04532298073172569,0.0005509614711627364,0.5170052647590637,0.0,0.19533841,0.10455647,0.99944925,0.10444634,0.056985024,-1.772476e-08,0.004594803,0.00033473969,0.019959211,0.026266607,0.05227084,0.020266427,0.2415,0.12658577,1.0,,,,,,,,,,,,,,,,,,,,,,,,,,,,,,,,,,,,,,,,,,,
645.0,-0.011437512692782186,0.04530724138021469,0.0005509614711627364,0.5148043632507324,0.0,0.19577357,0.10479307,0.99944925,0.104439415,0.05678424,-5.93145e-08,0.0042500496,9.250641e-05,0.01992011,-0.08152574,-0.059764106,-0.009367468,0.241875,0.12677546,1.0,,,,,,,,,,,,,,,,,,,,,,,,,,,,,,,,,,,,,,,,,,,
646.0,-0.011524916538749316,0.045292239636182785,0.0005509614711627364,0.5119033455848694,0.0,0.19620867,0.1050289,0.99944925,0.10442231,0.056597386,1.4855685e-08,0.0043640137,0.0003080368,0.02000451,0.026270613,0.052283537,0.020252898,0.24225,0.12696514,1.0,,,,,,,,,,,,,,,,,,,,,,,,,,,,,,,,,,,,,,,,,,,
647.0,-0.01161092527102228,0.04527803510427475,0.0005509614711627364,0.5090029835700989,0.0,0.19664373,0.105263926,0.99944925,0.104414135,0.056406107,-2.4356785e-08,0.0040192604,6.604195e-05,0.01996541,-0.08151573,-0.059763122,-0.009358561,0.242625,0.12715478,1.0,,,,,,,,,,,,,,,,,,,,,,,,,,,,,,,,,,,,,,,,,,,
648.0,-0.01169829241635671,0.04526457190513611,0.0005509614711627364,0.5061033368110657,0.0,0.1970787,0.10549821,0.99944925,0.10439578,0.056228753,4.5736197e-08,0.0041332245,0.00028157234,0.02004981,0.026274616,0.052296225,0.02023937,0.243,0.12734438,1.0,,,,,,,,,,,,,,,,,,,,,,,,,,,,,,,,,,,,,,,,,,,
649.0,-0.011784264599677047,0.04525186866521835,0.0005509614711627364,0.503204345703125,0.0,0.19751365,0.10573174,0.99944925,0.104386345,0.05604697,8.783137e-09,0.0037887096,3.9577484e-05,0.02001071,-0.08150572,-0.059762135,-0.0093496535,0.243375,0.12753397,1.0,,,,,,,,,,,,,,,,,,,,,,,,,,,,,,,,,,,,,,,,,,,
650.0,-0.011871594410404578,0.04523985832929611,0.0005509614711627364,0.5003060698509216,0.0,0.19794852,0.10596457,0.99944925,0.104366735,0.055879112,7.482869e-08,0.0039024353,0.00025510788,0.02009511,0.026278619,0.052308906,0.02022584,0.24375,0.12772352,1.0,,,,,,,,,,,,,,,,,,,,,,,,,,,,,,,,,,,,,,,,,,,
651.0,-0.011957545732980728,0.04522862285375595,0.0005509614711627364,0.49740850925445557,0.0,0.19838333,0.10619668,0.99944925,0.10435605,0.055706818,4.012782e-08,0.0035579205,1.3113022e-05,0.02005601,-0.081495725,-0.05976115,-0.009340744,0.244125,0.12791303,1.0,,,,,,,,,,,,,,,,,,,,,,,,,,,,,,,,,,,,,,,,,,,
652.0,-0.01204486811691095,0.04521813243627548,0.0005509614711627364,0.4945116937160492,0.0,0.19881806,0.10642813,0.99944925,0.10433519,0.055548448,1.0212974e-07,0.0036718845,0.00022888184,0.02014041,0.026282618,0.05232158,0.02021231,0.2445,0.12810251,1.0,,,,,,,,,,,,,,,,,,,,,,,,,,,,,,,,,,,,,,,,,,,
653.0,-0.012130765000238172,0.04520832374691963,0.0005509614711627364,0.4916156828403473,0.0,0.19925274,0.106658906,0.99944925,0.10432325,0.055385638,6.9679956e-08,0.0033273697,-1.335144e-05,0.020101309,-0.081485726,-0.05976016,-0.0093318345,0.244875,0.12829196,1.0,,,,,,,,,,,,,,,,,,,,,,,,,,,,,,,,,,,,,,,,,,,
654.0,-0.012218068369740287,0.04519923776388168,0.0005509614711627364,0.48872050642967224,0.0,0.19968733,0.10688906,0.99944925,0.10430115,0.055236742,1.2764059e-07,0.0034413338,0.00020241737,0.02018547,0.026286617,0.05233425,0.020198775,0.24525,0.12848137,1.0,,,,,,,,,,,,,,,,,,,,,,,,,,,,,,,,,,,,,,,,,,,
655.0,-0.012303887577342177,0.045190874487161636,0.0005509495967999101,0.4858263432979584,0.0,0.20012186,0.10711857,0.99944925,0.10428797,0.05508341,9.744112e-08,0.003096819,-3.9577484e-05,0.020146608,-0.081475735,-0.05975917,-0.009322925,0.245625,0.12867077,1.0,,,,,,,,,,,,,,,,,,,,,,,,,,,,,,,,,,,,,,,,,,,
656.0,-0.01239116040955778,0.045183200389146805,0.0005509614711627364,0.4829331934452057,0.0,0.2005563,0.1073475,0.9994493,0.10426461,0.054943986,1.5136276e-07,0.003210783,0.00017619133,0.02023077,0.026290612,0.052346908,0.02018524,0.246,0.12886012,1.0,,,,,,,,,,,,,,,,,,,,,,,,,,,,,,,,,,,,,,,,,,,
657.0,-0.012476888114994656,0.04517623037099838,0.0005509495967999101,0.4800413250923157,0.0,0.20099068,0.10757584,0.99944925,0.104250185,0.054800123,-6.055117e-08,0.0028665066,-6.580353e-05,0.020191908,-0.08146576,-0.05975818,-0.009314013,0.246375,0.12904944,1.0,,,,,,,,,,,,,,,,,,,,,,,,,,,,,,,,,,,,,,,,,,,
658.0,-0.012564113999900655,0.045169897377491,0.0005509495967999101,0.47715073823928833,0.0,0.20142494,0.107803635,0.9994493,0.10422558,0.054670166,2.164917e-07,0.0029802322,0.0001502037,0.02027607,0.026294608,0.05235956,0.020171704,0.24675,0.12923872,1.0,,,,,,,,,,,,,,,,,,,,,,,,,,,,,,,,,,,,,,,,,,,
659.0,-0.012649732692784892,0.045164309442043304,0.0005509495967999101,0.4742617607116699,0.0,0.20185916,0.10803086,0.9994493,0.104209915,0.054535765,-4.6509275e-08,0.0026359558,-9.202957e-05,0.020237207,-0.08145578,-0.059757184,-0.009305101,0.247125,0.12942798,1.0,,,,,,,,,,,,,,,,,,,,,,,,,,,,,,,,,,,,,,,,,,,
660.0,-0.01273689165104661,0.04515936225652695,0.0005509495967999101,0.47137439250946045,0.0,0.20229326,0.10825759,0.9994493,0.104184076,0.054415267,5.5058116e-08,0.00274992,0.00012397766,0.02032113,0.0262986,0.052372202,0.020158166,0.2475,0.12961721,1.0,,,,,,,,,,,,,,,,,,,,,,,,,,,,,,,,,,,,,,,,,,,
661.0,-0.012822383248119879,0.04515509679913521,0.0005509495967999101,0.4684889018535614,0.0,0.20272729,0.108483806,0.9994493,0.10416717,0.05429032,1.8522865e-08,0.0024056435,-0.0001180172,0.020282507,-0.081445806,-0.059756186,-0.009296187,0.247875,0.1298064,1.0,,,,,,,,,,,,,,,,,,,,,,,,,,,,,,,,,,,,,,,,,,,
662.0,-0.012909453858460988,0.04515146464109421,0.0005509495967999101,0.4656054675579071,0.0,0.20316121,0.10870955,0.9994493,0.10414009,0.054179274,6.341278e-08,0.0025196075,9.7990036e-05,0.020364046,0.02630263,0.052386217,0.019571604,0.24825,0.12999557,1.0,,,,,,,,,,,,,,,,,,,,,,,,,,,,,,,,,,,,,,,,,,,
663.0,-0.012994792364625026,0.045148540288209915,0.0005509495967999101,0.46272432804107666,0.0,0.20359504,0.10893482,0.9994493,0.104121946,0.054063775,4.148569e-08,0.002175331,-0.00014400482,0.020323038,-0.08143596,-0.059753608,-0.009860167,0.248625,0.1301847,1.0,,,,,,,,,,,,,,,,,,,,,,,,,,,,,,,,,,,,,,,,,,,
664.0,-0.013081746086190471,0.045146215707063675,0.0005509495967999101,0.45984575152397156,0.0,0.20402877,0.109159656,0.9994493,0.104093626,0.05396217,7.944344e-08,0.0022892952,7.200241e-05,0.020404339,0.026306873,0.052398708,0.019558322,0.249,0.13037379,1.0,,,,,,,,,,,,,,,,,,,,,,,,,,,,,,,,,,,,,,,,,,,
665.0,-0.013166900214507404,0.045144546777009964,0.0005509495967999101,0.4569700062274933,0.0,0.20446241,0.10938406,0.9994493,0.10407425,0.053856116,6.044421e-08,0.0019450188,-0.00016999245,0.02036333,-0.081426285,-0.05975223,-0.009850993,0.249375,0.13056284,1.0,,,,,,,,,,,,,,,,,,,,,,,,,,,,,,,,,,,,,,,,,,,
666.0,-0.013253708091084993,0.04514352232217789,0.0005509495967999101,0.45409727096557617,0.0,0.20489593,0.10960808,0.9994493,0.1040447,0.05376395,9.421446e-08,0.0020592213,4.6014786e-05,0.02044487,0.026311114,0.05241119,0.019545037,0.24975,0.13075188,1.0,,,,,,,,,,,,,,,,,,,,,,,,,,,,,,,,,,,,,,,,,,,
667.0,-0.013338647263383246,0.04514312744140625,0.0005509495967999101,0.45122793316841125,0.0,0.20532936,0.10983169,0.9994493,0.10402408,0.053667326,7.74984e-08,0.0017149448,-0.00019598007,0.020403862,-0.081416614,-0.059750855,-0.009841817,0.250125,0.13094087,1.0,,,,,,,,,,,,,,,,,,,,,,,,,,,,,,,,,,,,,,,,,,,
668.0,-0.013425272288883208,0.04514332860708237,0.0005509495967999101,0.4483622610569,0.0,0.20576267,0.11005496,0.9994493,0.1039933,0.05358459,1.07234605e-07,0.0018289089,2.026558e-05,0.020485163,0.026315352,0.052423667,0.019531751,0.2505,0.13112983,1.0,,,,,,,,,,,,,,,,,,,,,,,,,,,,,,,,,,,,,,,,,,,
669.0,-0.01350996534110491,0.04514419287443161,0.0005509495967999101,0.44550055265426636,0.0,0.20619588,0.11027787,0.9994493,0.10397146,0.053497396,9.2765475e-08,0.0014846325,-0.00022172928,0.020444393,-0.08140694,-0.059749473,-0.009832641,0.250875,0.13131876,1.0,,,,,,,,,,,,,,,,,,,,,,,,,,,,,,,,,,,,,,,,,,,
670.0,-0.013596365664337464,0.04514565318822861,0.0005509495967999101,0.4426431357860565,0.0,0.20662896,0.11050046,0.9994493,0.103939444,0.053424086,1.1847823e-07,0.001598835,-5.4836273e-06,0.020525694,0.02631959,0.05243614,0.019518465,0.25125,0.13150766,1.0,,,,,,,,,,,,,,,,,,,,,,,,,,,,,,,,,,,,,,,,,,,
671.0,-0.01368079128102545,0.045147716999053955,0.0005509495967999101,0.43979042768478394,0.0,0.20706195,0.11072274,0.9994493,0.10391637,0.05334631,1.062533e-07,0.0012545586,-0.00024747849,0.020484686,-0.08139729,-0.059748095,-0.009823464,0.251625,0.13169654,1.0,,,,,,,,,,,,,,,,,,,,,,,,,,,,,,,,,,,,,,,,,,,
672.0,-0.01376690531975146,0.04515036940574646,0.0005509495967999101,0.4369426667690277,0.0,0.2074948,0.110944755,0.9994493,0.10388313,0.053282417,1.2794534e-07,0.0013687611,-3.1232834e-05,0.020565987,0.026323825,0.0524486,0.019505175,0.252,0.13188536,1.0,,,,,,,,,,,,,,,,,,,,,,,,,,,,,,,,,,,,,,,,,,,
673.0,-0.01385102143394197,0.045153599232435226,0.0005509495967999101,0.43410035967826843,0.0,0.20792754,0.11116648,0.9994493,0.103858836,0.053214055,1.1796373e-07,0.001024723,-0.0002732277,0.020525217,-0.08138763,-0.059746712,-0.009814287,0.252375,0.13207416,1.0,,,,,,,,,,,,,,,,,,,,,,,,,,,,,,,,,,,,,,,,,,,
674.0,-0.013936802775271465,0.045157451182603836,0.0005509495967999101,0.4312637746334076,0.0,0.20836014,0.111387976,0.9994493,0.10382437,0.053159572,1.3563734e-07,0.0011389256,-5.698204e-05,0.02060628,0.026328057,0.052461054,0.019491883,0.25275,0.13226293,1.0,,,,,,,,,,,,,,,,,,,,,,,,,,,,,,,,,,,,,,,,,,,
675.0,-0.014020563542105449,0.045161888003349304,0.0005509495967999101,0.4284334182739258,0.0,0.20879264,0.11160923,0.9994493,0.10379885,0.05310062,1.2789829e-07,0.0007946491,-0.00029873848,0.02056551,-0.08137798,-0.059745327,-0.009805108,0.253125,0.13245167,1.0,,,,,,,,,,,,,,,,,,,,,,,,,,,,,,,,,,,,,,,,,,,
676.0,-0.014105964073490396,0.045166827738285065,0.0005509495967999101,0.4256095886230469,0.0,0.20922498,0.111830294,0.9994493,0.10376316,0.05305554,1.4155572e-07,0.0009088516,-8.249283e-05,0.020646572,0.026332289,0.0524735,0.019478591,0.2535,0.13264036,1.0,,,,,,,,,,,,,,,,,,,,,,,,,,,,,,,,,,,,,,,,,,,
677.0,-0.014189319608074222,0.04517240449786186,0.0005509495967999101,0.42279282212257385,0.0,0.20965722,0.11205115,0.9994493,0.10373642,0.053005982,1.3605846e-07,0.0005648136,-0.00032424927,0.020606041,-0.08136834,-0.059743945,-0.009795929,0.253875,0.13282904,1.0,,,,,,,,,,,,,,,,,,,,,,,,,,,,,,,,,,,,,,,,,,,
678.0,-0.014274289351776135,0.04517853260040283,0.0005509495967999101,0.419983446598053,0.0,0.2100893,0.11227186,0.9994493,0.10369951,0.052970298,1.4570197e-07,0.0006790161,-0.000108003616,0.020687103,0.026336519,0.05248594,0.019465296,0.25425,0.13301767,1.0,,,,,,,,,,,,,,,,,,,,,,,,,,,,,,,,,,,,,,,,,,,
679.0,-0.014357187455758322,0.045185238122940063,0.0005509495967999101,0.41718199849128723,0.0,0.21052127,0.112492405,0.9994493,0.10367156,0.05293014,1.4244574e-07,0.0003349781,-0.00034976006,0.020646334,-0.0813587,-0.059742555,-0.009786749,0.254625,0.13320626,1.0,,,,,,,,,,,,,,,,,,,,,,,,,,,,,,,,,,,,,,,,,,,
680.0,-0.01444167230779458,0.04519243910908699,0.0005509495967999101,0.41438886523246765,0.0,0.21095307,0.11271284,0.9994493,0.103633426,0.052903842,1.4807762e-07,0.0004491806,-0.0001335144,0.020727396,0.026340745,0.052498374,0.019452,0.255,0.13339484,1.0,,,,,,,,,,,,,,,,,,,,,,,,,,,,,,,,,,,,,,,,,,,
681.0,-0.014524058659287947,0.04520023986697197,0.0005509495967999101,0.41160455346107483,0.0,0.21138476,0.11293314,0.9994493,0.10360426,0.052873068,1.4706161e-07,0.00010514259,-0.00037527084,0.020686626,-0.081349075,-0.059741165,-0.009777569,0.255375,0.13358337,1.0,,,,,,,,,,,,,,,,,,,,,,,,,,,,,,,,,,,,,,,,,,,
682.0,-0.014608129533241119,0.04520855471491814,0.0005509495967999101,0.4088294506072998,0.0,0.21181628,0.113153376,0.9994493,0.10356491,0.052856155,1.486841e-07,0.00021958351,-0.00015878677,0.020767689,0.026344972,0.052510798,0.019438703,0.25575,0.13377187,1.0,,,,,,,,,,,,,,,,,,,,,,,,,,,,,,,,,,,,,,,,,,,
683.0,-0.014689832499019579,0.045217402279376984,0.0005509495967999101,0.4060641825199127,0.0,0.21224767,0.11337352,0.9994493,0.10353453,0.05283476,1.499076e-07,-0.0001244545,-0.0004005432,0.020727158,-0.08133945,-0.059739776,-0.009768388,0.256125,0.13396034,1.0,,,,,,,,,,,,,,,,,,,,,,,,,,,,,,,,,,,,,,,,,,,
684.0,-0.014773524547877786,0.04522679001092911,0.0005509495967999101,0.40330907702445984,0.0,0.2126789,0.11359363,0.9994493,0.10349397,0.052827224,1.4752291e-07,-1.0251999e-05,-0.00018405914,0.020807981,0.026349194,0.052523214,0.019425403,0.2565,0.13414878,1.0,,,,,,,,,,,,,,,,,,,,,,,,,,,,,,,,,,,,,,,,,,,
685.0,-0.01485460327210058,0.04523672163486481,0.0005509495967999101,0.40056467056274414,0.0,0.21310998,0.1138137,0.9994493,0.103462376,0.0528152,1.5098514e-07,-0.00035429,-0.00042581558,0.02076745,-0.08132983,-0.059738386,-0.009759206,0.256875,0.13433717,1.0,,,,,,,,,,,,,,,,,,,,,,,,,,,,,,,,,,,,,,,,,,,
686.0,-0.014937640247391757,0.0452471487224102,0.0005509495967999101,0.3978314697742462,0.0,0.21354091,0.114033766,0.9994493,0.10342061,0.05281703,1.4459557e-07,-0.00023984909,-0.00020933151,0.020848274,0.026353417,0.052535627,0.019412102,0.25725,0.13452554,1.0,,,,,,,,,,,,,,,,,,,,,,,,,,,,,,,,,,,,,,,,,,,
687.0,-0.015018031707318552,0.045258067548274994,0.0005509495967999101,0.39511004090309143,0.0,0.21397169,0.11425383,0.9994493,0.1033878,0.052814376,1.5029576e-07,-0.0005838871,-0.00045108795,0.020807743,-0.08132021,-0.059736993,-0.0097500235,0.257625,0.13471387,1.0,,,,,,,,,,,,,,,,,,,,,,,,,,,,,,,,,,,,,,,,,,,
688.0,-0.015099910965586789,0.04526950418949127,0.0005509257316589355,0.3924008011817932,0.0,0.21440229,0.11447393,0.9994493,0.10334483,0.052825566,1.3990353e-07,-0.00046944618,-0.00023460388,0.020888567,0.026357636,0.05254803,0.0193988,0.258,0.13490218,1.0,,,,,,,,,,,,,,,,,,,,,,,,,,,,,,,,,,,,,,,,,,,
689.0,-0.015179117483158098,0.04528147727251053,0.0005509257316589355,0.38970425724983215,0.0,0.21483275,0.11469407,0.9994493,0.103310816,0.05283227,1.4784091e-07,-0.0008132458,-0.00047636032,0.020848036,-0.08131061,-0.059735596,-0.009740841,0.258375,0.13509044,1.0,,,,,,,,,,,,,,,,,,,,,,,,,,,,,,,,,,,,,,,,,,,
690.0,-0.015260222510700989,0.045293908566236496,0.0005509257316589355,0.38702091574668884,0.0,0.21526304,0.11491429,0.9994493,0.103266634,0.052852817,1.3344831e-07,-0.0006990433,-0.00025963783,0.02092886,0.026361853,0.052560426,0.019385494,0.25875,0.13527867,1.0,,,,,,,,,,,,,,,,,,,,,,,,,,,,,,,,,,,,,,,,,,,
691.0,-0.01533953605465795,0.04530680179595947,0.0005509257316589355,0.3843514025211334,0.0,0.21569316,0.115134574,0.9994493,0.103231415,0.052868873,1.4362207e-07,-0.0010428429,-0.0005013943,0.020888329,-0.081301,-0.0597342,-0.009731656,0.259125,0.13546687,1.0,,,,,,,,,,,,,,,,,,,,,,,,,,,,,,,,,,,,,,,,,,,
692.0,-0.015419776080065095,0.045320190489292145,0.0005509257316589355,0.38169604539871216,0.0,0.2161231,0.115354985,0.9994493,0.10318603,0.05289877,1.2523132e-07,-0.00092840195,-0.00028467178,0.020969152,0.02636607,0.052572813,0.019372188,0.2595,0.13565503,1.0,,,,,,,,,,,,,,,,,,,,,,,,,,,,,,,,,,,,,,,,,,,
693.0,-0.015497826477917993,0.04533405974507332,0.0005509257316589355,0.37905552983283997,0.0,0.2165529,0.1155755,0.9994493,0.103149615,0.052924167,1.3764074e-07,-0.0012187958,-0.0005264282,0.020928621,-0.068462126,-0.059463743,-0.009718819,0.259875,0.13584316,1.0,,,,,,,,,,,,,,,,,,,,,,,,,,,,,,,,,,,,,,,,,,,
694.0,-0.015576796219527844,0.045348357409238815,0.0005509257316589355,0.3764302730560303,0.0,0.2169825,0.11579618,0.9994493,0.10310308,0.052961223,1.17976256e-07,-0.0010509491,-0.00030970573,0.021009207,0.039196517,0.052852053,0.019368393,0.26025,0.13603126,1.0,,,,,,,,,,,,,,,,,,,,,,,,,,,,,,,,,,,,,,,,,,,
695.0,-0.015653917345708125,0.04536309093236923,0.0005509257316589355,0.37382078170776367,0.0,0.21741194,0.11601698,0.9994493,0.10306555,0.05299159,1.3408571e-07,-0.0013413429,-0.0005514622,0.020968914,-0.06845855,-0.05946066,-0.0097155655,0.260625,0.13621932,1.0,,,,,,,,,,,,,,,,,,,,,,,,,,,,,,,,,,,,,,,,,,,
696.0,-0.01573192706205955,0.04537827521562576,0.0005509257316589355,0.37122759222984314,0.0,0.21784118,0.116237946,0.9994493,0.10301791,0.053033613,1.1185251e-07,-0.0011734962,-0.00033450127,0.0210495,0.03919477,0.052863013,0.019360917,0.261,0.13640735,1.0,,,,,,,,,,,,,,,,,,,,,,,,,,,,,,,,,,,,,,,,,,,
697.0,-0.015808058337670267,0.0453939363360405,0.0005509257316589355,0.3686511814594269,0.0,0.21827026,0.116459064,0.9994493,0.10297928,0.053068947,1.2962752e-07,-0.0014638901,-0.0005762577,0.021009207,-0.06845499,-0.05945757,-0.009712309,0.261375,0.13659534,1.0,,,,,,,,,,,,,,,,,,,,,,,,,,,,,,,,,,,,,,,,,,,
698.0,-0.015885048507089508,0.0454099103808403,0.0005509257316589355,0.3660920262336731,0.0,0.21869913,0.11668038,0.9994493,0.10293053,0.053115934,1.053041e-07,-0.001295805,-0.00035953522,0.021089792,0.039193023,0.05287397,0.019353434,0.26175,0.1367833,1.0,,,,,,,,,,,,,,,,,,,,,,,,,,,,,,,,,,,,,,,,,,,
699.0,-0.01596012894788355,0.04542636126279831,0.0005509257316589355,0.36355069279670715,0.0,0.21912785,0.11690187,0.9994493,0.1028908,0.053156234,1.2463182e-07,-0.0015861988,-0.00060105324,0.0210495,-0.06845142,-0.059454486,-0.009709049,0.262125,0.13697124,1.0,,,,,,,,,,,,,,,,,,,,,,,,,,,,,,,,,,,,,,,,,,,
700.0,-0.016036039754795096,0.04544324800372124,0.0005509257316589355,0.3610275983810425,0.0,0.21955635,0.11712357,0.9994493,0.102840945,0.053208183,9.8245515e-08,-0.0014183521,-0.00038433075,0.021130085,0.03919128,0.05288492,0.01934595,0.2625,0.13715912,1.0,,,,,,,,,,,,,,,,,,,,,,,,,,,,,,,,,,,,,,,,,,,
701.0,-0.01611001151460423,0.045460473746061325,0.0005509257316589355,0.35852327942848206,0.0,0.21998468,0.11734546,0.9994493,0.10280011,0.053253442,1.19118994e-07,-0.001708746,-0.00062584877,0.021089792,-0.06844786,-0.0594514,-0.009705786,0.262875,0.13734698,1.0,,,,,,,,,,,,,,,,,,,,,,,,,,,,,,,,,,,,,,,,,,,
702.0,-0.01618478453893831,0.04547808691859245,0.0005509257316589355,0.3560381531715393,0.0,0.2204128,0.117567584,0.9994493,0.10274916,0.053310353,9.0672266e-08,-0.0015408993,-0.00040912628,0.02117014,0.039189536,0.052895866,0.019338463,0.26325,0.1375348,1.0,,,,,,,,,,,,,,,,,,,,,,,,,,,,,,,,,,,,,,,,,,,
703.0,-0.016257589781087885,0.04549609497189522,0.0005509257316589355,0.3535727858543396,0.0,0.22084075,0.117789924,0.9994493,0.10270723,0.053360574,1.130904e-07,-0.0018310547,-0.0006506443,0.021129847,-0.0684443,-0.05944832,-0.009702519,0.263625,0.1377226,1.0,,,,,,,,,,,,,,,,,,,,,,,,,,,,,,,,,,,,,,,,,,,
704.0,-0.01633116726709814,0.04551444575190544,0.0005509257316589355,0.351127564907074,0.0,0.22126848,0.11801251,0.9994493,0.10265519,0.05342244,8.258432e-08,-0.001663208,-0.0004336834,0.021210432,0.039187793,0.052906808,0.019330973,0.264,0.13791035,1.0,,,,,,,,,,,,,,,,,,,,,,,,,,,,,,,,,,,,,,,,,,,
705.0,-0.016402847877043953,0.04553315043449402,0.0005509257316589355,0.348702996969223,0.0,0.22169603,0.118235335,0.9994493,0.10261216,0.053477615,1.06546366e-07,-0.0019536018,-0.0006752014,0.02117014,-0.06844074,-0.05944524,-0.009699249,0.264375,0.13809806,1.0,,,,,,,,,,,,,,,,,,,,,,,,,,,,,,,,,,,,,,,,,,,
706.0,-0.016475643559246148,0.04555218666791916,0.0005509257316589355,0.3462994396686554,0.0,0.22212335,0.11845844,0.9994493,0.10255902,0.053544436,7.398193e-08,-0.0017857552,-0.0004582405,0.021250486,0.03918605,0.052917745,0.019323478,0.26475,0.13828576,1.0,,,,,,,,,,,,,,,,,,,,,,,,,,,,,,,,,,,,,,,,,,,
707.0,-0.01654641734319089,0.04557157680392265,0.0005509257316589355,0.34391745924949646,0.0,0.2225505,0.11868179,0.9994493,0.1025149,0.05360456,9.948714e-08,-0.0020759106,-0.00069975853,0.021210194,-0.06843719,-0.05944216,-0.009695975,0.265125,0.1384734,1.0,,,,,,,,,,,,,,,,,,,,,,,,,,,,,,,,,,,,,,,,,,,
708.0,-0.016617908088786867,0.045591313391923904,0.0005509257316589355,0.34155741333961487,0.0,0.22297743,0.11890544,0.9994493,0.102460675,0.053676337,6.486533e-08,-0.0019080639,-0.00048279762,0.02129078,0.03918431,0.052928675,0.01931598,0.2655,0.13866101,1.0,,,,,,,,,,,,,,,,,,,,,,,,,,,,,,,,,,,,,,,,,,,
709.0,-0.01668735209455199,0.04561134800314903,0.0005509257316589355,0.33921974897384644,0.0,0.22340415,0.11912937,0.9994493,0.102415465,0.053741414,9.191295e-08,-0.0021984577,-0.00072431564,0.021250486,-0.068433635,-0.05943908,-0.009692699,0.265875,0.1388486,1.0,,,,,,,,,,,,,,,,,,,,,,,,,,,,,,,,,,,,,,,,,,,
710.0,-0.016757489541319184,0.04563165456056595,0.0005509257316589355,0.3369048237800598,0.0,0.22383066,0.11935361,0.9994493,0.10236015,0.053818136,5.523478e-08,-0.002030611,-0.00050735474,0.021329641,0.039182764,0.05293905,0.01905493,0.26625,0.13903615,1.0,,,,,,,,,,,,,,,,,,,,,,,,,,,,,,,,,,,,,,,,,,,
711.0,-0.01682557495051683,0.04565233364701271,0.0005509257316589355,0.3346131145954132,0.0,0.22425696,0.11957814,0.9994493,0.102313854,0.053888164,8.382408e-08,-0.0023207664,-0.00074887276,0.021288395,-0.06842996,-0.059436478,-0.0099429125,0.266625,0.13922366,1.0,,,,,,,,,,,,,,,,,,,,,,,,,,,,,,,,,,,,,,,,,,,
712.0,-0.016894216568278265,0.045673251152038574,0.000550901866517961,0.3323449492454529,0.0,0.22468303,0.11980302,0.9994493,0.10225745,0.05396983,4.5090516e-08,-0.0021529198,-0.00053167343,0.021367788,0.039181136,0.052949887,0.019047542,0.267,0.13941114,1.0,,,,,,,,,,,,,,,,,,,,,,,,,,,,,,,,,,,,,,,,,,,
713.0,-0.01696086988340126,0.045694537460803986,0.000550901866517961,0.33010074496269226,0.0,0.2251089,0.120028205,0.9994493,0.102210075,0.054044805,7.522077e-08,-0.0022962093,-0.00077319145,0.021326542,-0.03312176,-0.05867876,-0.009920737,0.267375,0.13959858,1.0,,,,,,,,,,,,,,,,,,,,,,,,,,,,,,,,,,,,,,,,,,,
714.0,-0.017027999888777914,0.04571608081459999,0.000550901866517961,0.32788074016571045,0.0,0.22553454,0.12025373,0.9994493,0.10215272,0.054125402,4.8684814e-08,-0.00198102,-0.00055623055,0.021405697,0.07447621,0.0537092,0.019075071,0.26775,0.13978599,1.0,,,,,,,,,,,,,,,,,,,,,,,,,,,,,,,,,,,,,,,,,,,
715.0,-0.01709325604992896,0.045737940818071365,0.000550901866517961,0.3256853520870209,0.0,0.22595999,0.12047953,0.9994493,0.102104515,0.054193296,8.835276e-08,-0.0021243095,-0.00079751015,0.02136445,-0.03313488,-0.05867101,-0.009933687,0.268125,0.13997336,1.0,,,,,,,,,,,,,,,,,,,,,,,,,,,,,,,,,,,,,,,,,,,
716.0,-0.017158833233532258,0.04576007276773453,0.000550901866517961,0.323514848947525,0.0,0.22638518,0.12070564,0.9994493,0.10204633,0.054266818,6.0338195e-08,-0.0018093586,-0.00058054924,0.021443844,0.07445821,0.05371606,0.019083705,0.2685,0.1401607,1.0,,,,,,,,,,,,,,,,,,,,,,,,,,,,,,,,,,,,,,,,,,,
717.0,-0.017222652948020372,0.04578245058655739,0.000550901866517961,0.32136958837509155,0.0,0.22681016,0.120932005,0.9994493,0.10199731,0.05432764,9.8353084e-08,-0.0019526482,-0.00082182884,0.021402359,-0.033148,-0.05866326,-0.009946625,0.268875,0.140348,1.0,,,,,,,,,,,,,,,,,,,,,,,,,,,,,,,,,,,,,,,,,,,
718.0,-0.017286640660515946,0.04580511897802353,0.000550901866517961,0.31924980878829956,0.0,0.2272349,0.12115865,0.9994493,0.10193831,0.054394092,7.148823e-08,-0.0016379356,-0.00060486794,0.021481752,0.07444022,0.05372291,0.01909233,0.26925,0.14053527,1.0,,,,,,,,,,,,,,,,,,,,,,,,,,,,,,,,,,,,,,,,,,,
719.0,-0.01734898745002991,0.04582808166742325,0.000550901866517961,0.3171558678150177,0.0,0.22765945,0.121385515,0.9994493,0.10188846,0.054447852,1.0723506e-07,-0.0017812252,-0.00084614754,0.021440268,-0.033161107,-0.05865551,-0.009959549,0.269625,0.1407225,1.0,,,,,,,,,,,,,,,,,,,,,,,,,,,,,,,,,,,,,,,,,,,
720.0,-0.0174120761704289,0.04585126414895058,0.000550901866517961,0.31506380438804626,0.0,0.22808373,0.12161263,0.9994493,0.10182865,0.054507248,8.166511e-08,-0.0014662743,-0.0006289482,0.021519661,0.07442224,0.053729758,0.019100947,0.27,0.14090969,1.0,,,,,,,,,,,,,,,,,,,,,,,,,,,,,,,,,,,,,,,,,,,
721.0,-0.017474371442674524,0.045874714851379395,0.000550901866517961,0.3129737973213196,0.0,0.2285078,0.12183994,0.9994493,0.10177799,0.054553952,1.15111895e-07,-0.0016098022,-0.0008702278,0.021478415,-0.033174213,-0.058647767,-0.0099724615,0.270375,0.14109686,1.0,,,,,,,,,,,,,,,,,,,,,,,,,,,,,,,,,,,,,,,,,,,
722.0,-0.017537269331648533,0.04589846730232239,0.000550901866517961,0.31088584661483765,0.0,0.22893162,0.12206747,0.9994493,0.10171736,0.054606296,9.084512e-08,-0.0012950897,-0.0006530285,0.02155757,0.07440426,0.053736597,0.019109555,0.27075,0.14128399,1.0,,,,,,,,,,,,,,,,,,,,,,,,,,,,,,,,,,,,,,,,,,,
723.0,-0.017599427921333156,0.04592243582010269,0.000550901866517961,0.30880263447761536,0.0,0.22935523,0.122295156,0.9994493,0.10166589,0.054645956,1.2199206e-07,-0.0014386177,-0.0008945465,0.021516085,-0.033187315,-0.058640026,-0.00998536,0.271125,0.14147107,1.0,,,,,,,,,,,,,,,,,,,,,,,,,,,,,,,,,,,,,,,,,,,
724.0,-0.017661975323446075,0.0459466315805912,0.000550901866517961,0.30672410130500793,0.0,0.22977859,0.12252303,0.9994493,0.10160445,0.05469126,9.902917e-08,-0.0011239052,-0.0006773472,0.021595716,0.07438629,0.053743433,0.019118154,0.2715,0.14165813,1.0,,,,,,,,,,,,,,,,,,,,,,,,,,,,,,,,,,,,,,,,,,,
725.0,-0.017723921408963807,0.0459711030125618,0.000550901866517961,0.3046501874923706,0.0,0.23020172,0.12275105,0.9994493,0.10155217,0.054723877,1.278782e-07,-0.0012674332,-0.00091838837,0.021553993,-0.033200413,-0.058632288,-0.009998248,0.271875,0.14184515,1.0,,,,,,,,,,,,,,,,,,,,,,,,,,,,,,,,,,,,,,,,,,,
726.0,-0.017786189378862175,0.0459958091378212,0.000550901866517961,0.30258089303970337,0.0,0.2306246,0.122979224,0.9994493,0.101489924,0.054762147,1.0621953e-07,-0.00095272064,-0.00070118904,0.021633387,0.074368335,0.053750265,0.019126743,0.27225,0.14203213,1.0,,,,,,,,,,,,,,,,,,,,,,,,,,,,,,,,,,,,,,,,,,,
727.0,-0.01784785958054456,0.04602070525288582,0.0005508780595846474,0.3005162179470062,0.0,0.23104724,0.12320751,0.9994493,0.10143684,0.05478774,1.3277268e-07,-0.001096487,-0.00094246864,0.021591902,-0.033213504,-0.058624554,-0.010011122,0.272625,0.14221908,1.0,,,,,,,,,,,,,,,,,,,,,,,,,,,,,,,,,,,,,,,,,,,
728.0,-0.017909855496441984,0.04604586213827133,0.0005508780595846474,0.29845595359802246,0.0,0.23146963,0.12343592,0.9994493,0.10137379,0.054818988,1.1241851e-07,-0.0007817745,-0.0007252693,0.021671295,0.07435039,0.05375709,0.019135326,0.273,0.142406,1.0,,,,,,,,,,,,,,,,,,,,,,,,,,,,,,,,,,,,,,,,,,,
729.0,-0.017971259503298042,0.04607124626636505,0.0005508780595846474,0.29640012979507446,0.0,0.23189181,0.12366441,0.9994493,0.1013199,0.05483756,1.3667783e-07,-0.0009255409,-0.0009665489,0.02162981,-0.03322659,-0.058616824,-0.010023983,0.273375,0.14259288,1.0,,,,,,,,,,,,,,,,,,,,,,,,,,,,,,,,,,,,,,,,,,,
730.0,-0.01803299218659674,0.04609686881303787,0.0005508780595846474,0.2943486273288727,0.0,0.23231371,0.123893,0.9994493,0.10125605,0.054861788,1.17628446e-07,-0.0006110668,-0.0007491112,0.021709204,0.074332446,0.05376391,0.019143898,0.27375,0.14277972,1.0,,,,,,,,,,,,,,,,,,,,,,,,,,,,,,,,,,,,,,,,,,,
731.0,-0.018094139492230484,0.046122658997774124,0.0005508780595846474,0.29230132699012756,0.0,0.23273538,0.12412164,0.9994493,0.10120137,0.05487335,1.3959597e-07,-0.0007548332,-0.0009903908,0.02166748,-0.03323967,-0.0586091,-0.010036833,0.274125,0.14296652,1.0,,,,,,,,,,,,,,,,,,,,,,,,,,,,,,,,,,,,,,,,,,,
732.0,-0.01815562199001306,0.0461486279964447,0.0005508780595846474,0.29025810956954956,0.0,0.23315679,0.124350354,0.9994493,0.10113672,0.054890573,1.2185166e-07,-0.00044035912,-0.00077295303,0.021747112,0.074314505,0.053770725,0.019152462,0.2745,0.1431533,1.0,,,,,,,,,,,,,,,,,,,,,,,,,,,,,,,,,,,,,,,,,,,
733.0,-0.01821652611847398,0.04617484658956528,0.0005508780595846474,0.2882188856601715,0.0,0.23357795,0.12457908,0.9994493,0.101081245,0.054895133,1.4152944e-07,-0.0005841255,-0.0010142326,0.021705389,-0.033252746,-0.058601372,-0.010049669,0.274875,0.14334004,1.0,,,,,,,,,,,,,,,,,,,,,,,,,,,,,,,,,,,,,,,,,,,
734.0,-0.01827777319792007,0.04620124027132988,0.0005508541944436729,0.2861834764480591,0.0,0.23399885,0.12480786,0.9994493,0.1010158,0.054905355,1.2509045e-07,-0.00026988983,-0.0007967949,0.021784782,0.074296586,0.053777535,0.019161018,0.27525,0.14352673,1.0,,,,,,,,,,,,,,,,,,,,,,,,,,,,,,,,,,,,,,,,,,,
735.0,-0.018338450976543415,0.04622785001993179,0.0005508541944436729,0.28415176272392273,0.0,0.23441951,0.12503661,0.9994493,0.10095953,0.054902922,1.4248052e-07,-0.00041365623,-0.0010378361,0.02174306,-0.033265818,-0.05859365,-0.010062493,0.275625,0.1437134,1.0,,,,,,,,,,,,,,,,,,,,,,,,,,,,,,,,,,,,,,,,,,,
736.0,-0.018399481518624704,0.04625464230775833,0.0005508541944436729,0.28212353587150574,0.0,0.2348399,0.12526539,0.9994493,0.1008933,0.054906156,1.2734719e-07,-9.942055e-05,-0.00082063675,0.021822691,0.07427867,0.05378434,0.019169563,0.276,0.14390002,1.0,,,,,,,,,,,,,,,,,,,,,,,,,,,,,,,,,,,,,,,,,,,
737.0,-0.018460668709922606,0.04628163203597069,0.0005508541944436729,0.28009873628616333,0.0,0.23526005,0.12549412,0.9994493,0.10083624,0.054896735,1.4245154e-07,-0.00024342537,-0.0010616779,0.02178073,-0.033278883,-0.058585934,-0.010075305,0.276375,0.14408661,1.0,,,,,,,,,,,,,,,,,,,,,,,,,,,,,,,,,,,,,,,,,,,
738.0,-0.018522173929122178,0.04630877822637558,0.0005508541944436729,0.27807703614234924,0.0,0.23567992,0.12572286,0.9994493,0.100769214,0.054892987,1.2862414e-07,7.081032e-05,-0.0008442402,0.021860361,0.07426076,0.05379114,0.019178102,0.27675,0.14427318,1.0,,,,,,,,,,,,,,,,,,,,,,,,,,,,,,,,,,,,,,,,,,,
739.0,-0.018583444659183556,0.046336062252521515,0.0005508541944436729,0.2760583758354187,0.0,0.23609956,0.1259515,0.9994493,0.10071137,0.05487659,1.4144484e-07,-7.3194504e-05,-0.0010852814,0.0218184,-0.033291947,-0.05857822,-0.010088104,0.277125,0.1444597,1.0,,,,,,,,,,,,,,,,,,,,,,,,,,,,,,,,,,,,,,,,,,,
740.0,-0.0186447080306715,0.046363551169633865,0.0005508541944436729,0.2740425169467926,0.0,0.2365189,0.12618011,0.9994493,0.10064357,0.05486587,1.2892359e-07,0.00024104118,-0.00086808205,0.021898031,0.07424285,0.053797934,0.01918663,0.2775,0.14464617,1.0,,,,,,,,,,,,,,,,,,,,,,,,,,,,,,,,,,,,,,,,,,,
741.0,-0.01870589753126418,0.046391211450099945,0.0005508541944436729,0.27202922105789185,0.0,0.23693801,0.12640862,0.9994493,0.10058494,0.054842502,1.3946271e-07,9.679794e-05,-0.0011088848,0.021856308,-0.033305004,-0.058570508,-0.01010089,0.277875,0.14483263,1.0,,,,,,,,,,,,,,,,,,,,,,,,,,,,,,,,,,,,,,,,,,,
742.0,-0.0187670183318656,0.04641900584101677,0.0005508541944436729,0.2700182795524597,0.0,0.23735683,0.12663706,0.9994493,0.10051636,0.054824818,1.282479e-07,0.00041103363,-0.0008916855,0.02193594,0.074224964,0.05380472,0.01919515,0.27825,0.14501902,1.0,,,,,,,,,,,,,,,,,,,,,,,,,,,,,,,,,,,,,,,,,,,
743.0,-0.018828075419810467,0.046446941792964935,0.0005508541944436729,0.26800957322120667,0.0,0.2377754,0.12686537,0.9994493,0.10045695,0.054794494,1.3650745e-07,0.0002667904,-0.0011324883,0.021893978,-0.033318054,-0.058562797,-0.010113664,0.278625,0.14520541,1.0,,,,,,,,,,,,,,,,,,,,,,,,,,,,,,,,,,,,,,,,,,,
744.0,-0.018889079370807804,0.04647503048181534,0.0005508541944436729,0.26600271463394165,0.0,0.23819368,0.12709357,0.9994493,0.10038759,0.05476985,1.2659936e-07,0.0005810261,-0.0009150505,0.02197361,0.07420708,0.053811505,0.019203663,0.279,0.14539175,1.0,,,,,,,,,,,,,,,,,,,,,,,,,,,,,,,,,,,,,,,,,,,
745.0,-0.01895003372557167,0.04650328308343887,0.0005508541944436729,0.2639976143836975,0.0,0.23861171,0.12732163,0.9994493,0.10032741,0.054732576,1.3258133e-07,0.00043678284,-0.0011560917,0.02193141,-0.0333311,-0.058555093,-0.010126425,0.279375,0.14557804,1.0,,,,,,,,,,,,,,,,,,,,,,,,,,,,,,,,,,,,,,,,,,,
746.0,-0.019010947823224957,0.04653163626790047,0.0005508541944436729,0.2619939148426056,0.0,0.23902945,0.12754954,0.9994493,0.10025727,0.05470099,1.2398026e-07,0.0007507801,-0.00093865395,0.02201128,0.0741892,0.053818285,0.019212166,0.27975,0.1457643,1.0,,,,,,,,,,,,,,,,,,,,,,,,,,,,,,,,,,,,,,,,,,,
747.0,-0.019071826884591383,0.046560149639844894,0.0005508541944436729,0.25999149680137634,0.0,0.23944694,0.12777728,0.9994493,0.10019632,0.05465677,1.276867e-07,0.00060653687,-0.0011794567,0.02196908,-0.033344142,-0.058547392,-0.010139174,0.280125,0.14595054,1.0,,,,,,,,,,,,,,,,,,,,,,,,,,,,,,,,,,,,,,,,,,,
748.0,-0.019132681718896177,0.046588797122240067,0.0005508541944436729,0.2579899728298187,0.0,0.23986413,0.12800486,0.9994493,0.10012541,0.054618243,1.203929e-07,0.0009202957,-0.00096201897,0.02204895,0.074171335,0.053825058,0.019220661,0.2805,0.14613673,1.0,,,,,,,,,,,,,,,,,,,,,,,,,,,,,,,,,,,,,,,,,,,
749.0,-0.01919351594775742,0.046617526561021805,0.0005508541944436729,0.2559891939163208,0.0,0.24028106,0.12823223,0.9994493,0.10006369,0.05456709,1.2182582e-07,0.0007760525,-0.0012028217,0.02200675,-0.03335718,-0.058539692,-0.01015191,0.280875,0.14632289,1.0,,,,,,,,,,,,,,,,,,,,,,,,,,,,,,,,,,,,,,,,,,,
750.0,-0.019254339739187026,0.046646375209093094,0.0005508541944436729,0.2539888322353363,0.0,0.24069768,0.1284594,0.9994493,0.09999201,0.05452163,1.1583956e-07,0.0010898113,-0.000985384,0.02208662,0.074153475,0.053831827,0.019229146,0.28125,0.146509,1.0,,,,,,,,,,,,,,,,,,,,,,,,,,,,,,,,,,,,,,,,,,,
751.0,-0.019315161761256926,0.04667537659406662,0.0005508541944436729,0.25198864936828613,0.0,0.24111407,0.12868632,0.9994493,0.09992952,0.054463554,1.15000994e-07,0.0009455681,-0.0012261868,0.02204442,-0.03337021,-0.058531996,-0.010164633,0.281625,0.14669509,1.0,,,,,,,,,,,,,,,,,,,,,,,,,,,,,,,,,,,,,,,,,,,
752.0,-0.01937598849547003,0.046704452484846115,0.0005508541944436729,0.2499883472919464,0.0,0.24153014,0.12891304,0.9994493,0.09985708,0.054411177,1.1032253e-07,0.0012593269,-0.001008749,0.022124052,0.074135624,0.05383859,0.019237624,0.282,0.14688115,1.0,,,,,,,,,,,,,,,,,,,,,,,,,,,,,,,,,,,,,,,,,,,
753.0,-0.01943682784749126,0.046733640134334564,0.0005508541944436729,0.24798770248889923,0.0,0.24194594,0.12913948,0.9994493,0.09979383,0.05434618,1.07214504e-07,0.0011148453,-0.0012493134,0.022081852,-0.03338324,-0.058524303,-0.010177344,0.282375,0.14706714,1.0,,,,,,,,,,,,,,,,,,,,,,,,,,,,,,,,,,,,,,,,,,,
754.0,-0.019497689491604936,0.04676288366317749,0.0005508541944436729,0.24598637223243713,0.0,0.24236144,0.12936568,0.9994493,0.09972063,0.05428689,1.038441e-07,0.0014286041,-0.0010318756,0.022161722,0.07411778,0.053845346,0.019246092,0.28275,0.14725313,1.0,,,,,,,,,,,,,,,,,,,,,,,,,,,,,,,,,,,,,,,,,,,
755.0,-0.01955858094818873,0.04679224640130997,0.0005508541944436729,0.2439841479063034,0.0,0.24277668,0.12959157,0.9994493,0.09965662,0.054214984,9.846863e-08,0.001283884,-0.0012726784,0.022119522,-0.033396263,-0.058516614,-0.010190043,0.283125,0.14743906,1.0,,,,,,,,,,,,,,,,,,,,,,,,,,,,,,,,,,,,,,,,,,,
756.0,-0.01961980072206534,0.046821653842926025,0.0005508303875103593,0.2419806569814682,0.0,0.2431916,0.12981719,0.9994493,0.09958266,0.05414879,9.640656e-08,0.0015976429,-0.0010550022,0.022199392,0.07409995,0.0538521,0.019254552,0.2835,0.14762495,1.0,,,,,,,,,,,,,,,,,,,,,,,,,,,,,,,,,,,,,,,,,,,
757.0,-0.019680488629269896,0.04685116186738014,0.0005508303875103593,0.2399756759405136,0.0,0.24360627,0.1300425,0.9994493,0.09951789,0.054069985,8.876565e-08,0.0014531612,-0.001295805,0.022156954,-0.03340928,-0.05850893,-0.010202729,0.283875,0.14781082,1.0,,,,,,,,,,,,,,,,,,,,,,,,,,,,,,,,,,,,,,,,,,,
758.0,-0.019742116124912994,0.046880774199962616,0.0005508065223693848,0.23796892166137695,0.0,0.24402061,0.13026747,0.9994493,0.099443175,0.05399689,8.801218e-08,0.0017666817,-0.0010781288,0.022236824,0.07408212,0.053858846,0.019263003,0.28425,0.14799665,1.0,,,,,,,,,,,,,,,,,,,,,,,,,,,,,,,,,,,,,,,,,,,
759.0,-0.019802907815825256,0.046910420060157776,0.0005508065223693848,0.23596006631851196,0.0,0.24443468,0.1304921,0.9994493,0.09937766,0.053911198,7.8107846e-08,0.0016219616,-0.0013189316,0.022194386,-0.03342229,-0.058501247,-0.010215403,0.284625,0.14818244,1.0,,,,,,,,,,,,,,,,,,,,,,,,,,,,,,,,,,,,,,,,,,,
760.0,-0.01986468868799439,0.04694012552499771,0.0005508065223693848,0.23394884169101715,0.0,0.24484845,0.1307164,0.9994493,0.099302195,0.053831216,7.8663234e-08,0.001935482,-0.0011012554,0.022274494,0.0740643,0.05386559,0.019271445,0.285,0.1483682,1.0,,,,,,,,,,,,,,,,,,,,,,,,,,,,,,,,,,,,,,,,,,,
761.0,-0.019925634146172346,0.04696987196803093,0.0005508065223693848,0.23193496465682983,0.0,0.24526192,0.13094032,0.9994493,0.09923592,0.05373864,6.6497485e-08,0.001790762,-0.0013418198,0.022232056,-0.0334353,-0.05849357,-0.010228064,0.285375,0.14855391,1.0,,,,,,,,,,,,,,,,,,,,,,,,,,,,,,,,,,,,,,,,,,,
762.0,-0.01998758777222702,0.04699969291687012,0.0005508065223693848,0.22991810739040375,0.0,0.24567509,0.13116387,0.9994493,0.09915971,0.05365178,6.8361985e-08,0.0021042824,-0.001124382,0.022311926,0.07404649,0.05387233,0.019279879,0.28575,0.14873958,1.0,,,,,,,,,,,,,,,,,,,,,,,,,,,,,,,,,,,,,,,,,,,
763.0,-0.02004872156181573,0.047029562294483185,0.0005508065223693848,0.22789806127548218,0.0,0.24608798,0.131387,0.9994493,0.09909269,0.053552326,5.3936837e-08,0.0019595623,-0.0013649464,0.022269487,-0.0334483,-0.05848589,-0.010240712,0.286125,0.14892522,1.0,,,,,,,,,,,,,,,,,,,,,,,,,,,,,,,,,,,,,,,,,,,
764.0,-0.020110880111486953,0.04705943167209625,0.0005508065223693848,0.22587445378303528,0.0,0.24650055,0.13160974,0.9994493,0.099015735,0.053458598,5.7110714e-08,0.0022728443,-0.0011472702,0.022349358,0.07402869,0.05387906,0.019288303,0.2865,0.14911082,1.0,,,,,,,,,,,,,,,,,,,,,,,,,,,,,,,,,,,,,,,,,,,
765.0,-0.02017223627956282,0.04708937555551529,0.0005508065223693848,0.22384706139564514,0.0,0.24691282,0.13183203,0.9994493,0.09894797,0.053352278,4.042817e-08,0.0021281242,-0.0013878345,0.02230692,-0.0334613,-0.05847822,-0.010253348,0.286875,0.14929639,1.0,,,,,,,,,,,,,,,,,,,,,,,,,,,,,,,,,,,,,,,,,,,
766.0,-0.02023463465727027,0.047119323164224625,0.0005508065223693848,0.2218155711889267,0.0,0.2473248,0.13205393,0.9994493,0.09887027,0.053251684,4.491168e-08,0.0024414062,-0.0011701584,0.02238679,0.0740109,0.053885788,0.01929672,0.28725,0.14948192,1.0,,,,,,,,,,,,,,,,,,,,,,,,,,,,,,,,,,,,,,,,,,,
767.0,-0.020296248248824124,0.04714926332235336,0.0005508065223693848,0.21977968513965607,0.0,0.24773645,0.13227533,0.9994493,0.09880178,0.05313851,2.5973742e-08,0.0022964478,-0.0014107227,0.02234435,-0.033474293,-0.05847055,-0.010265972,0.287625,0.14966741,1.0,,,,,,,,,,,,,,,,,,,,,,,,,,,,,,,,,,,,,,,,,,,
768.0,-0.02035892004483822,0.04717922955751419,0.0005508065223693848,0.21773913502693176,0.0,0.24814782,0.1324963,0.9994493,0.09872333,0.053031065,3.1767136e-08,0.0026097298,-0.0011930466,0.022424221,0.07399312,0.05389251,0.019305129,0.288,0.14985286,1.0,,,,,,,,,,,,,,,,,,,,,,,,,,,,,,,,,,,,,,,,,,,
769.0,-0.02042082467635664,0.047209229320287704,0.0005508065223693848,0.2156936526298523,0.0,0.24855886,0.13271676,0.9994493,0.0986541,0.05291104,1.05758176e-08,0.0024647713,-0.0014333725,0.022381544,-0.033487283,-0.058462884,-0.0102785835,0.288375,0.15003827,1.0,,,,,,,,,,,,,,,,,,,,,,,,,,,,,,,,,,,,,,,,,,,
770.0,-0.020483804332319052,0.047239236533641815,0.0005508065223693848,0.2136429101228714,0.0,0.2489696,0.13293675,0.9994493,0.09857492,0.052796748,1.7679351e-08,0.0027780533,-0.0012159348,0.022461653,0.07397534,0.05389923,0.019313527,0.28875,0.15022366,1.0,,,,,,,,,,,,,,,,,,,,,,,,,,,,,,,,,,,,,,,,,,,
771.0,-0.020546030911612438,0.04726921766996384,0.0005508065223693848,0.21158674359321594,0.0,0.24938004,0.1331562,0.9994493,0.09850495,0.05266988,-5.7633573e-09,0.0026328564,-0.0014562607,0.022418976,-0.033500265,-0.05845522,-0.010291182,0.289125,0.150409,1.0,,,,,,,,,,,,,,,,,,,,,,,,,,,,,,,,,,,,,,,,,,,
772.0,-0.02060935026799707,0.047299180179834366,0.0005508065223693848,0.2095247358083725,0.0,0.24979013,0.13337515,0.9994493,0.09842504,0.05254875,2.6505715e-09,0.0029461384,-0.0012385845,0.022499084,0.07395757,0.053905938,0.019321918,0.2895,0.1505943,1.0,,,,,,,,,,,,,,,,,,,,,,,,,,,,,,,,,,,,,,,,,,,
773.0,-0.02067193320280003,0.04732915759086609,0.0005508065223693848,0.20745675265789032,0.0,0.25019994,0.13359354,0.9994493,0.09835434,0.052415054,-2.3041524e-08,0.0028009415,-0.0014789104,0.022456408,-0.033513244,-0.058447562,-0.010303769,0.289875,0.15077956,1.0,,,,,,,,,,,,,,,,,,,,,,,,,,,,,,,,,,,,,,,,,,,
774.0,-0.020735623920627225,0.047359123826026917,0.0005508065223693848,0.20538245141506195,0.0,0.25060943,0.13381141,0.9994493,0.0982737,0.052287098,-1.3316951e-08,0.003113985,-0.0012612343,0.022536516,0.07393981,0.053912647,0.0193303,0.29025,0.1509648,1.0,,,,,,,,,,,,,,,,,,,,,,,,,,,,,,,,,,,,,,,,,,,
775.0,-0.02079859295493625,0.04738903418183327,0.0005508065223693848,0.20330162346363068,0.0,0.25101858,0.13402869,0.9994493,0.09820228,0.052146576,-4.125644e-08,0.0029690266,-0.0015015602,0.0224936,-0.033526216,-0.058439907,-0.010316343,0.290625,0.15114999,1.0,,,,,,,,,,,,,,,,,,,,,,,,,,,,,,,,,,,,,,,,,,,
776.0,-0.020862685485335715,0.047418903559446335,0.0005508065223693848,0.20121397078037262,0.0,0.25142744,0.13424541,0.9994493,0.09812091,0.0520118,-3.022097e-08,0.0032818317,-0.001283884,0.022573948,0.07392205,0.05391935,0.019338673,0.291,0.15133514,1.0,,,,,,,,,,,,,,,,,,,,,,,,,,,,,,,,,,,,,,,,,,,
777.0,-0.020926070976140913,0.04744874686002731,0.0005508065223693848,0.19911931455135345,0.0,0.25183597,0.1344615,0.9994493,0.09804876,0.05186446,-6.040585e-08,0.0031366348,-0.00152421,0.022531033,-0.033539183,-0.05843225,-0.010328905,0.291375,0.15152025,1.0,,,,,,,,,,,,,,,,,,,,,,,,,,,,,,,,,,,,,,,,,,,
778.0,-0.020990592795910378,0.04747851565480232,0.0005508065223693848,0.1970173716545105,0.0,0.25224417,0.13467702,0.9994493,0.09796667,0.051722873,-4.8059242e-08,0.0034496784,-0.0013065338,0.022611141,0.07390431,0.053926043,0.019347038,0.29175,0.15170532,1.0,,,,,,,,,,,,,,,,,,,,,,,,,,,,,,,,,,,,,,,,,,,
779.0,-0.021054528209599268,0.047508250921964645,0.0005508065223693848,0.19490793347358704,0.0,0.25265205,0.1348919,0.9994493,0.097893804,0.051568728,-8.0487524e-08,0.0033044815,-0.0015466213,0.022568226,-0.033552147,-0.058424603,-0.010341453,0.292125,0.15189037,1.0,,,,,,,,,,,,,,,,,,,,,,,,,,,,,,,,,,,,,,,,,,,
780.0,-0.021119403212453293,0.04753796383738518,0.0005507945897988975,0.19279073178768158,0.0,0.2530596,0.13510615,0.9994493,0.09781099,0.05142034,-6.682953e-08,0.0036172867,-0.0013289452,0.022648573,0.07388658,0.053932738,0.019355394,0.2925,0.15207537,1.0,,,,,,,,,,,,,,,,,,,,,,,,,,,,,,,,,,,,,,,,,,,
781.0,-0.02118406250252774,0.047567613422870636,0.0005507826572284102,0.1906656175851822,0.0,0.25346684,0.13531972,0.9994493,0.0977374,0.051259395,-1.01499225e-07,0.0034718513,-0.0015692711,0.022605658,-0.033565108,-0.058416955,-0.01035399,0.292875,0.15226033,1.0,,,,,,,,,,,,,,,,,,,,,,,,,,,,,,,,,,,,,,,,,,,
782.0,-0.02124919526247359,0.04759717732667923,0.0005507826572284102,0.1885322779417038,0.0,0.25387374,0.13553266,0.9994493,0.09765388,0.05110421,-8.6529596e-08,0.0037846565,-0.0013513565,0.022685766,0.07386885,0.053939424,0.01936374,0.29325,0.15244526,1.0,,,,,,,,,,,,,,,,,,,,,,,,,,,,,,,,,,,,,,,,,,,
783.0,-0.021314577435565665,0.04762663692235947,0.0005507826572284102,0.18639063835144043,0.0,0.25428033,0.1357449,0.9994493,0.097579576,0.050936475,-1.2343871e-07,0.0036392212,-0.0015916824,0.02264285,-0.03357806,-0.05840931,-0.010366514,0.293625,0.15263014,1.0,,,,,,,,,,,,,,,,,,,,,,,,,,,,,,,,,,,,,,,,,,,
784.0,-0.021380156146440645,0.047656040638685226,0.0005507826572284102,0.18424038589000702,0.0,0.25468653,0.13595645,0.9994493,0.09749534,0.050774503,-1.071572e-07,0.0039520264,-0.0013737679,0.02272296,0.07385113,0.053946104,0.01937208,0.294,0.15281498,1.0,,,,,,,,,,,,,,,,,,,,,,,,,,,,,,,,,,,,,,,,,,,
785.0,-0.021445995582731487,0.04768536984920502,0.0005507826572284102,0.1820814311504364,0.0,0.25509247,0.13616729,0.9994493,0.09742032,0.05059999,-1.4630375e-07,0.003806591,-0.0016138554,0.022680044,-0.03359101,-0.058401674,-0.010379027,0.294375,0.1529998,1.0,,,,,,,,,,,,,,,,,,,,,,,,,,,,,,,,,,,,,,,,,,,
786.0,-0.02151210430274005,0.04771456494927406,0.0005507826572284102,0.1799134910106659,0.0,0.25549802,0.13637742,0.9994493,0.097335376,0.050431237,-1.2871013e-07,0.004119158,-0.0013961792,0.022760391,0.07383342,0.053952783,0.01938041,0.29475,0.15318458,1.0,,,,,,,,,,,,,,,,,,,,,,,,,,,,,,,,,,,,,,,,,,,
787.0,-0.021578485293238917,0.04774371534585953,0.0005507826572284102,0.17773647606372833,0.0,0.25590327,0.13658679,0.9994493,0.09725965,0.05024995,-1.7009212e-07,0.0039737225,-0.0016362667,0.022717237,-0.033603955,-0.058394037,-0.010391526,0.295125,0.15336931,1.0,,,,,,,,,,,,,,,,,,,,,,,,,,,,,,,,,,,,,,,,,,,
788.0,-0.021645144778149918,0.047772787511348724,0.0005507826572284102,0.175550177693367,0.0,0.25630817,0.13679543,0.9994493,0.097173996,0.05007443,-1.5118613e-07,0.004286289,-0.0014185905,0.022797585,0.07381572,0.05395945,0.019388732,0.2955,0.153554,1.0,,,,,,,,,,,,,,,,,,,,,,,,,,,,,,,,,,,,,,,,,,,
789.0,-0.021712084492711076,0.047801703214645386,0.0005507826572284102,0.17335450649261475,0.0,0.25671273,0.13700329,0.9994493,0.09709757,0.049886372,-1.948016e-07,0.004140854,-0.0016584396,0.02275443,-0.033616893,-0.058386404,-0.010404013,0.295875,0.15373866,1.0,,,,,,,,,,,,,,,,,,,,,,,,,,,,,,,,,,,,,,,,,,,
790.0,-0.021779311884330674,0.047830551862716675,0.0005507826572284102,0.17114923894405365,0.0,0.25711694,0.1372104,0.9994493,0.09701121,0.049704093,-1.7458301e-07,0.0044534206,-0.0014407635,0.022834778,0.07379802,0.05396612,0.019397045,0.29625,0.15392327,1.0,,,,,,,,,,,,,,,,,,,,,,,,,,,,,,,,,,,,,,,,,,,
791.0,-0.02184682802705938,0.047859352082014084,0.0005507826572284102,0.16893436014652252,0.0,0.25752085,0.13741669,0.9994493,0.09693407,0.04950928,-2.2042997e-07,0.004307747,-0.0016806126,0.022791624,-0.033629827,-0.05837877,-0.010416488,0.296625,0.15410785,1.0,,,,,,,,,,,,,,,,,,,,,,,,,,,,,,,,,,,,,,,,,,,
792.0,-0.0219146387879242,0.04788801819086075,0.0005507826572284102,0.16670963168144226,0.0,0.25792438,0.13762219,0.9994493,0.09684701,0.049320247,-1.9889853e-07,0.004620075,-0.0014629364,0.022871971,0.073780335,0.05397278,0.019405348,0.297,0.15429239,1.0,,,,,,,,,,,,,,,,,,,,,,,,,,,,,,,,,,,,,,,,,,,
793.0,-0.02198274494157122,0.047916579991579056,0.0005507826572284102,0.16447502374649048,0.0,0.25832757,0.13782685,0.9994493,0.096769184,0.049118686,-2.46975e-07,0.0044744015,-0.0017027855,0.022828817,-0.033642758,-0.058371145,-0.01042895,0.297375,0.1544769,1.0,,,,,,,,,,,,,,,,,,,,,,,,,,,,,,,,,,,,,,,,,,,
794.0,-0.02205115095306319,0.04794500768184662,0.0005507826572284102,0.16223038733005524,0.0,0.2587304,0.1380307,0.9994493,0.09668142,0.048922908,-2.2413049e-07,0.004786968,-0.0014851093,0.022909164,0.07376266,0.053979438,0.019413644,0.29775,0.15466136,1.0,,,,,,,,,,,,,,,,,,,,,,,,,,,,,,,,,,,,,,,,,,,
795.0,-0.022119859534904394,0.047973379492759705,0.0005507826572284102,0.15997567772865295,0.0,0.25913292,0.13823368,0.9994493,0.0966029,0.048714608,-2.7443448e-07,0.004641056,-0.0017249584,0.022865772,-0.033655684,-0.058363523,-0.0104414,0.298125,0.15484579,1.0,,,,,,,,,,,,,,,,,,,,,,,,,,,,,,,,,,,,,,,,,,,
796.0,-0.02218887242094279,0.04800163209438324,0.0005507826572284102,0.15771080553531647,0.0,0.25953507,0.1384358,0.9994493,0.09651445,0.04851209,-2.5027666e-07,0.0049533844,-0.0015070438,0.022946358,0.07374499,0.05398609,0.019421931,0.2985,0.15503018,1.0,,,,,,,,,,,,,,,,,,,,,,,,,,,,,,,,,,,,,,,,,,,
797.0,-0.022258188236582648,0.04802977666258812,0.0005507826572284102,0.15543577075004578,0.0,0.2599369,0.13863704,0.9994493,0.09643523,0.04829706,-3.028062e-07,0.0048077106,-0.0017468929,0.022902966,-0.033668604,-0.0583559,-0.010453838,0.298875,0.15521452,1.0,,,,,,,,,,,,,,,,,,,,,,,,,,,,,,,,,,,,,,,,,,,
798.0,-0.02232781182274266,0.048057761043310165,0.0005507826572284102,0.15315045416355133,0.0,0.26033834,0.13883741,0.9994493,0.09634608,0.048087817,-2.7733483e-07,0.0051198006,-0.0015289783,0.022983313,0.07372733,0.053992737,0.019430209,0.29925,0.15539883,1.0,,,,,,,,,,,,,,,,,,,,,,,,,,,,,,,,,,,,,,,,,,,
799.0,-0.022397743349370648,0.048085689544677734,0.0005507826572284102,0.15085487067699432,0.0,0.26073945,0.13903685,0.9994493,0.09626617,0.04786606,-3.3208798e-07,0.0049738884,-0.0017688274,0.02293992,-0.03368152,-0.058348283,-0.010466263,0.299625,0.1555831,1.0,,,,,,,,,,,,,,,,,,,,,,,,,,,,,,,,,,,,,,,,,,,
800.0,-0.022467989501237753,0.04811347275972366,0.0005507826572284102,0.14854896068572998,0.0,0.26114017,0.13923539,0.9994493,0.09617634,0.047650095,-3.0530282e-07,0.0052862167,-0.0015509129,0.023020506,0.073709674,0.05399938,0.01943848,0.3,0.15576734,1.0,,,,,,,,,,,,,,,,,,,,,,,,,,,,,,,,,,,,,,,,,,,
801.0,-0.022538556149683794,0.04814109206199646,0.0005507826572284102,0.1462327539920807,0.0,0.26154056,0.13943298,0.9994493,0.09609575,0.047421627,-3.6227755e-07,0.0051403046,-0.001790762,0.022977114,-0.033694427,-0.058340672,-0.010478676,0.300375,0.15595153,1.0,,,,,,,,,,,,,,,,,,,,,,,,,,,,,,,,,,,,,,,,,,,
802.0,-0.022609428870177726,0.048168621957302094,0.0005507826572284102,0.14390628039836884,0.0,0.2619406,0.13962965,0.9994493,0.09600523,0.04719895,-3.3417842e-07,0.0054523945,-0.0015728474,0.0230577,0.07369203,0.054006014,0.01944674,0.30075,0.15613568,1.0,,,,,,,,,,,,,,,,,,,,,,,,,,,,,,,,,,,,,,,,,,,
803.0,-0.02268060861560189,0.04819605126976967,0.0005507826572284102,0.14156955480575562,0.0,0.26234028,0.13982533,0.9994493,0.09592395,0.04696377,-3.933728e-07,0.0053064823,-0.0018126965,0.023014069,-0.033707336,-0.05833306,-0.010491077,0.301125,0.1563198,1.0,,,,,,,,,,,,,,,,,,,,,,,,,,,,,,,,,,,,,,,,,,,
804.0,-0.02275209457910023,0.0482233427464962,0.0005507826572284102,0.13922257721424103,0.0,0.26273957,0.14002006,0.9994493,0.09583275,0.046734393,-3.6395937e-07,0.0056185722,-0.0015947819,0.023094654,0.073674396,0.05401265,0.019454993,0.3015,0.15650387,1.0,,,,,,,,,,,,,,,,,,,,,,,,,,,,,,,,,,,,,,,,,,,
805.0,-0.022823882460316237,0.0482504703104496,0.0005507826572284102,0.136865496635437,0.0,0.26313853,0.14021377,0.9994493,0.095750794,0.046492517,-4.2537147e-07,0.0054724216,-0.0018343925,0.023051023,-0.033720236,-0.058325455,-0.010503464,0.301875,0.15668792,1.0,,,,,,,,,,,,,,,,,,,,,,,,,,,,,,,,,,,,,,,,,,,
806.0,-0.022895972721953154,0.04827747493982315,0.0005507826572284102,0.13449828326702118,0.0,0.2635371,0.1404065,0.9994493,0.09565891,0.04625644,-3.9464356e-07,0.0057845116,-0.001616478,0.023131609,0.07365677,0.054019272,0.019463237,0.30225,0.15687191,1.0,,,,,,,,,,,,,,,,,,,,,,,,,,,,,,,,,,,,,,,,,,,
807.0,-0.02296835965721985,0.04830436408519745,0.0005507826572284102,0.13212114572525024,0.0,0.26393536,0.14059821,0.9994493,0.09557627,0.046007875,-4.5827136e-07,0.005638361,-0.001856327,0.023088217,-0.03373313,-0.05831785,-0.010515841,0.302625,0.15705587,1.0,,,,,,,,,,,,,,,,,,,,,,,,,,,,,,,,,,,,,,,,,,,
808.0,-0.023040831924298257,0.04833110049366951,0.0005507826572284102,0.12973417341709137,0.0,0.26433322,0.1407889,0.9994493,0.09548372,0.045765113,-4.262288e-07,0.0059502125,-0.001638174,0.023168802,0.07363915,0.054025896,0.019471474,0.303,0.15723978,1.0,,,,,,,,,,,,,,,,,,,,,,,,,,,,,,,,,,,,,,,,,,,
809.0,-0.02311359451336685,0.04835768789052963,0.0005507826572284102,0.1273374855518341,0.0,0.2647307,0.14097852,0.9994493,0.09540041,0.045509864,-4.920703e-07,0.005804062,-0.0018780231,0.023125172,-0.033746023,-0.058310248,-0.010528204,0.303375,0.15742366,1.0,,,,,,,,,,,,,,,,,,,,,,,,,,,,,,,,,,,,,,,,,,,
810.0,-0.023186642466351628,0.048384156078100204,0.0005507826572284102,0.1249312087893486,0.0,0.2651278,0.1411671,0.9994493,0.09530718,0.045260426,-4.5871286e-07,0.0061159134,-0.0016598701,0.023205757,0.073621534,0.054032512,0.0194797,0.30375,0.15760751,1.0,,,,,,,,,,,,,,,,,,,,,,,,,,,,,,,,,,,,,,,,,,,
811.0,-0.023259969255664332,0.04841049388051033,0.0005507826572284102,0.12251561135053635,0.0,0.2655246,0.14135459,0.9994493,0.095223196,0.0449985,-5.267661e-07,0.005969763,-0.0018994808,0.023162127,-0.03375891,-0.058302652,-0.010540555,0.304125,0.1577913,1.0,,,,,,,,,,,,,,,,,,,,,,,,,,,,,,,,,,,,,,,,,,,
812.0,-0.023333568247417866,0.04843665286898613,0.0005507826572284102,0.12009084969758987,0.0,0.26592097,0.14154102,0.9994493,0.095129296,0.04474239,-4.9209353e-07,0.0062816143,-0.0016815662,0.023242712,0.07360393,0.054039124,0.01948792,0.3045,0.15797506,1.0,,,,,,,,,,,,,,,,,,,,,,,,,,,,,,,,,,,,,,,,,,,
813.0,-0.02340730638565147,0.04846273362636566,0.0005507826572284102,0.11765719950199127,0.0,0.26631698,0.14172633,0.9994493,0.09504465,0.0444738,-5.623566e-07,0.0061352253,-0.0019211769,0.023199081,-0.03377179,-0.058295056,-0.010552894,0.304875,0.1581588,1.0,,,,,,,,,,,,,,,,,,,,,,,,,,,,,,,,,,,,,,,,,,,
814.0,-0.023481301767150586,0.04848867654800415,0.0005507826572284102,0.11521489918231964,0.0,0.2667126,0.14191054,0.9994493,0.09495008,0.044211026,-5.2636864e-07,0.0061945915,-0.0017030239,0.023279667,0.0130566275,0.05264125,0.019379813,0.30525,0.15834247,1.0,,,,,,,,,,,,,,,,,,,,,,,,,,,,,,,,,,,,,,,,,,,
815.0,-0.02355554444431691,0.04851449280977249,0.0005507826572284102,0.11276432126760483,0.0,0.26710787,0.14209366,0.9994493,0.09486453,0.043946087,-5.336592e-07,0.005796194,-0.0019426346,0.023236036,-0.09430026,-0.059703015,-0.010653693,0.305625,0.15852611,1.0,,,,,,,,,,,,,,,,,,,,,,,,,,,,,,,,,,,,,,,,,,,
816.0,-0.02363002485320758,0.048540182411670685,0.0005507945897988975,0.11030574142932892,0.0,0.26750273,0.14227572,0.9994493,0.09476882,0.043697275,-4.521148e-07,0.0058555603,-0.0017244816,0.023316622,0.013067177,0.052654963,0.019360593,0.306,0.15870972,1.0,,,,,,,,,,,,,,,,,,,,,,,,,,,,,,,,,,,,,,,,,,,
817.0,-0.023704729640255398,0.04856574162840843,0.0005507707828655839,0.10783962160348892,0.0,0.26789725,0.14245676,0.99944925,0.09468212,0.04344629,-4.6909338e-07,0.005457163,-0.0019640923,0.023272991,-0.09428476,-0.05970336,-0.01063804,0.306375,0.15889327,1.0,,,,,,,,,,,,,,,,,,,,,,,,,,,,,,,,,,,,,,,,,,,
818.0,-0.023779646904223774,0.04859117418527603,0.0005507707828655839,0.10536632686853409,0.0,0.26829135,0.14263679,0.99944925,0.09458527,0.043211427,-2.070589e-07,0.0055167675,-0.0017459393,0.023353338,0.013077721,0.052668665,0.019341372,0.30675,0.15907681,1.0,,,,,,,,,,,,,,,,,,,,,,,,,,,,,,,,,,,,,,,,,,,
819.0,-0.10384897249381975,0.04863842949271202,0.0005768656847067177,0.10307757556438446,1.0,0.2686851,0.14281586,0.99944925,0.094497435,0.042974386,-2.654043e-07,0.0051181316,-0.00198555,0.023309946,-0.09426925,-0.059703704,-0.010622388,0.307125,0.15926029,1.0,,,,,,,,,,,,,,,,,,,,,,,,,,,,,,,,,,,,,,,,,,,
