step,reward,mean_form_error_m,mean_z_error_m,min_dyn_distance_m,collision_flag,x_m,y_m,z_m,vx_mps,vy_mps,vz_mps,roll_rad,pitch_rad,yaw_rad,wx_rps,wy_rps,wz_rps,x_des_m,y_des_m,z_des_m,ic_pos_jitter_d0_x_m,ic_pos_jitter_d0_y_m,ic_pos_jitter_d0_z_m,ic_yaw_jitter_d0_rad,ic_vel_jitter_d0_x_mps,ic_vel_jitter_d0_y_mps,ic_vel_jitter_d0_z_mps,ic_pos_jitter_d1_x_m,ic_pos_jitter_d1_y_m,ic_pos_jitter_d1_z_m,ic_yaw_jitter_d1_rad,ic_vel_jitter_d1_x_mps,ic_vel_jitter_d1_y_mps,ic_vel_jitter_d1_z_mps,ic_pos_jitter_d2_x_m,ic_pos_jitter_d2_y_m,ic_pos_jitter_d2_z_m,ic_yaw_jitter_d2_rad,ic_vel_jitter_d2_x_mps,ic_vel_jitter_d2_y_mps,ic_vel_jitter_d2_z_mps,ic_pos_jitter_d3_x_m,ic_pos_jitter_d3_y_m,ic_pos_jitter_d3_z_m,ic_yaw_jitter_d3_rad,ic_vel_jitter_d3_x_mps,ic_vel_jitter_d3_y_mps,ic_vel_jitter_d3_z_mps,ic_pos_jitter_d4_x_m,ic_pos_jitter_d4_y_m,ic_pos_jitter_d4_z_m,ic_yaw_jitter_d4_rad,ic_vel_jitter_d4_x_mps,ic_vel_jitter_d4_y_mps,ic_vel_jitter_d4_z_mps,ic_obstacle_jitter_x_m,ic_obstacle_jitter_y_m,ic_obstacle_jitter_z_m,ic_dynamic_jitter_x_m,ic_dynamic_jitter_y_m,ic_dynamic_jitter_z_m,ic_disable_dynamic_flag,ic_chase_mode
,,,,,,,,,,,,,,,,,,,,,-0.09870272878003777,0.031827077864413245,0.07724058016133911,-0.19611264252434496,-0.17376429707591343,-0.08972080259656795,0.1258966247671442,-0.051680577591085936,-0.18250487750419542,-0.2292852502035278,0.2106630455377524,0.07918747176876295,0.14200357254890789,0.009583716999190445,-0.1326286016505151,0.05424213881505113,0.17311496485501193,-0.268896823662802,0.060470813233681475,-0.07142136194389556,0.14542647827528804,0.21240609458696574,0.11934794871905763,-0.2626412025932534,0.32097594743620206,0.17733956013057067,0.09419266051751929,0.08374388835933433,-0.18892105903171424,-0.0909053361368212,-0.2881436041014508,-0.3982575455458517,0.09578230654014719,-0.062036506113660655,0.18232638649461042,0.33700471673969257,-0.224850307800632,0.3845355396180693,-0.10437119508014397,-0.18318322490543226,0.026427867638403324,0.0,round_robin
0.0,-0.0023004932654607448,0.0005870267050340772,0.0004049539566040039,1.357375144958496,0.0,0.0,0.0,0.9995954,0.0,0.0,-9.0291775e-05,0.0,0.0,0.0,0.0,0.0,0.0,0.0,0.0,1.0,,,,,,,,,,,,,,,,,,,,,,,,,,,,,,,,,,,,,,,,,,,
1.0,-0.002302837237818676,0.0009416914544999599,0.00040531158447265625,1.3573353290557861,0.0,0.0,0.0,0.99959505,0.0,0.0,-8.920317e-05,0.0,0.0,0.0,0.0,0.0,0.0,0.000375,0.0002,1.0,,,,,,,,,,,,,,,,,,,,,,,,,,,,,,,,,,,,,,,,,,,
2.0,-0.0023040703897484614,0.0013379232259467244,0.0004056692123413086,1.3572759628295898,0.0,0.0,0.0,0.9995947,0.0,0.0,-8.8354966e-05,-0.00012803078,0.00023984909,0.0,-0.030714178,0.057589088,0.0,0.00075,0.00039999993,1.0,,,,,,,,,,,,,,,,,,,,,,,,,,,,,,,,,,,,,,,,,,,
3.0,-0.0023060006823053987,0.0017477540532127023,0.00040602684020996094,1.3571970462799072,0.0,4.086814e-08,2.179634e-08,0.99959433,9.808354e-06,5.2311216e-06,-8.7451815e-05,0.00020241737,2.1457672e-05,0.0,0.07927969,-0.052410748,-1.2316217e-05,0.001125,0.0005999998,1.0,,,,,,,,,,,,,,,,,,,,,,,,,,,,,,,,,,,,,,,,,,,
4.0,-0.0023079565976366666,0.0021633529104292393,0.0004063844680786133,1.3570986986160278,0.0,8.5402576e-08,9.123594e-09,0.999594,1.0688265e-05,-3.0414592e-06,-8.6559405e-05,7.43866e-05,0.00026154518,1.1920929e-06,-0.03072544,0.05758821,0.00028527447,0.0015,0.00079999946,1.0,,,,,,,,,,,,,,,,,,,,,,,,,,,,,,,,,,,,,,,,,,,
5.0,-0.002309927733229688,0.0025820513255894184,0.0004067420959472656,1.3569813966751099,0.0,1.7447009e-07,-1.6206704e-08,0.9995936,2.1376201e-05,-6.0792713e-06,-8.566579e-05,0.00040459633,4.3153763e-05,-2.4080276e-05,0.07926684,-0.05241106,-0.0060845534,0.001875,0.000999999,1.0,,,,,,,,,,,,,,,,,,,,,,,,,,,,,,,,,,,,,,,,,,,
6.0,-0.0023119088270114846,0.0030024696607142687,0.00040709972381591797,1.3568450212478638,0.0,2.708668e-07,-1.1044433e-07,0.99959326,2.3135213e-05,-2.261703e-05,-8.477368e-05,0.00027656555,0.00028300285,7.224083e-05,-0.030735558,0.05757703,0.023127267,0.00225,0.0011999982,1.0,,,,,,,,,,,,,,,,,,,,,,,,,,,,,,,,,,,,,,,,,,,
7.0,-0.0023138978215290996,0.0034240472596138716,0.0004074573516845703,1.3566899299621582,0.0,4.1545638e-07,-2.5176075e-07,0.9995929,3.4701497e-05,-3.391594e-05,-8.3879146e-05,0.0006067753,6.4611435e-05,4.673004e-05,0.07925311,-0.052409466,-0.0061006187,0.002625,0.0013999972,1.0,,,,,,,,,,,,,,,,,,,,,,,,,,,,,,,,,,,,,,,,,,,
8.0,-0.0023158925555699173,0.00384637457318604,0.00040775537490844727,1.3565162420272827,0.0,5.7103443e-07,-4.963889e-07,0.99959254,3.7338734e-05,-5.871076e-05,-8.298978e-05,0.0004787445,0.00030446053,0.00014328957,-0.030756464,0.057564907,0.023135802,0.003,0.0015999958,1.0,,,,,,,,,,,,,,,,,,,,,,,,,,,,,,,,,,,,,,,,,,,
9.0,-0.002317893036107853,0.004269276279956102,0.0004081130027770996,1.3563241958618164,0.0,7.7845857e-07,-8.2247794e-07,0.99959224,4.9781796e-05,-7.826137e-05,-8.209377e-05,0.0008087158,8.606911e-05,0.00011777878,0.079239376,-0.052407872,-0.006116672,0.003375,0.0017999939,1.0,,,,,,,,,,,,,,,,,,,,,,,,,,,,,,,,,,,,,,,,,,,
10.0,-0.002319898147005552,0.004692566581070423,0.00040847063064575195,1.3561142683029175,0.0,1.0005239e-06,-1.2862433e-06,0.9995919,5.329567e-05,-0.0001113037,-8.139124e-05,0.00068068504,0.0003259182,0.00021409988,-0.030777361,0.05755279,0.023144327,0.00375,0.0019999917,1.0,,,,,,,,,,,,,,,,,,,,,,,,,,,,,,,,,,,,,,,,,,,
11.0,-0.0023219079440841596,0.005116191226989031,0.0004087686538696289,1.3558861017227173,0.0,1.278082e-06,-1.8658127e-06,0.9995915,6.6613946e-05,-0.00013909664,-8.045051e-05,0.0010106564,0.00010752678,0.0001885891,0.07922566,-0.052406278,-0.006132712,0.004125,0.0021999888,1.0,,,,,,,,,,,,,,,,,,,,,,,,,,,,,,,,,,,,,,,,,,,
12.0,-0.002323921540566881,0.0055400775745511055,0.00040912628173828125,1.3556402921676636,0.0,1.5739275e-06,-2.617385e-06,0.99959123,7.100292e-05,-0.00018037738,-7.9577054e-05,0.00088238716,0.00034737587,0.00028514862,-0.030798247,0.057540674,0.02315284,0.0045,0.0023999857,1.0,,,,,,,,,,,,,,,,,,,,,,,,,,,,,,,,,,,,,,,,,,,
13.0,-0.0023259395923298162,0.005964194890111685,0.0004094243049621582,1.3553767204284668,0.0,1.9289057e-06,-3.5190644e-06,0.9995909,8.519475e-05,-0.00021640303,-7.885956e-05,0.0012123585,0.00012874603,0.00025963783,0.07921194,-0.052404687,-0.0061487397,0.004875,0.0025999816,1.0,,,,,,,,,,,,,,,,,,,,,,,,,,,,,,,,,,,,,,,,,,,
14.0,-0.002327961122396301,0.006388508714735508,0.00040978193283081055,1.3550958633422852,0.0,2.3058108e-06,-4.627034e-06,0.9995906,9.045723e-05,-0.0002659127,-7.793622e-05,0.0010840893,0.00036859512,0.00035619736,-0.030819124,0.05752856,0.023161342,0.00525,0.002799977,1.0,,,,,,,,,,,,,,,,,,,,,,,,,,,,,,,,,,,,,,,,,,,
15.0,-0.0023299869807324293,0.006813011132180691,0.0004100799560546875,1.3547978401184082,0.0,2.745482e-06,-5.919375e-06,0.9995902,0.00010552112,-0.00031016185,-7.722959e-05,0.0014138222,0.0001502037,0.00033044815,0.079198234,-0.052403096,-0.0061647547,0.005625,0.0029999719,1.0,,,,,,,,,,,,,,,,,,,,,,,,,,,,,,,,,,,,,,,,,,,
16.0,-0.0023320159049566433,0.007237657904624939,0.00041037797927856445,1.354482889175415,0.0,3.2107134e-06,-7.4522545e-06,0.9995899,0.00011165553,-0.00036789104,-7.630623e-05,0.001285553,0.00038981438,0.00042700768,-0.030839989,0.057516444,0.023169836,0.006,0.003199966,1.0,,,,,,,,,,,,,,,,,,,,,,,,,,,,,,,,,,,,,,,,,,,
17.0,-0.002334049020550811,0.007662481162697077,0.0004106760025024414,1.3541510105133057,0.0,3.7423379e-06,-9.203731e-06,0.9995896,0.00012758988,-0.0004203543,-7.559875e-05,0.0016152859,0.00017142296,0.00040125847,0.07918454,-0.052401505,-0.0061807567,0.006375,0.003399959,1.0,,,,,,,,,,,,,,,,,,,,,,,,,,,,,,,,,,,,,,,,,,,
18.0,-0.002336086137664097,0.008087442256510258,0.00041103363037109375,1.3538024425506592,0.0,4.303149e-06,-1.1229953e-05,0.9995893,0.00013459464,-0.0004862933,-7.4862066e-05,0.0014867783,0.00041103363,0.000497818,-0.030860843,0.05750433,0.023178317,0.00675,0.0035999515,1.0,,,,,,,,,,,,,,,,,,,,,,,,,,,,,,,,,,,,,,,,,,,
19.0,-0.0023381264077892414,0.00851256214082241,0.0004113316535949707,1.3534373044967651,0.0,4.9339737e-06,-1.3508959e-05,0.99958897,0.00015139791,-0.0005469614,-7.410991e-05,0.0018167496,0.00019264221,0.0004720688,0.079170845,-0.052399915,-0.0061967466,0.007125,0.0037999428,1.0,,,,,,,,,,,,,,,,,,,,,,,,,,,,,,,,,,,,,,,,,,,
20.0,-0.0023401703657102207,0.008937818929553032,0.00041162967681884766,1.3530560731887817,0.0,5.5976047e-06,-1.6096881e-05,0.99958867,0.00015927147,-0.00062110147,-7.3202275e-05,0.0016880035,0.00043225288,0.0005686283,-0.030881688,0.05749222,0.023186788,0.0075,0.003999933,1.0,,,,,,,,,,,,,,,,,,,,,,,,,,,,,,,,,,,,,,,,,,,
21.0,-0.002342217891085602,0.009363219141960144,0.0004119277000427246,1.3526586294174194,0.0,6.3348634e-06,-1.8971734e-05,0.9995884,0.00017694206,-0.0006899648,-7.248939e-05,0.0020177364,0.00021362305,0.0005428791,0.07915716,-0.052398328,-0.006212724,0.007875,0.004199923,1.0,,,,,,,,,,,,,,,,,,,,,,,,,,,,,,,,,,,,,,,,,,,
22.0,-0.0023442692701137278,0.00978875532746315,0.00041222572326660156,1.3522453308105469,0.0,7.1085415e-06,-2.2189635e-05,0.9995881,0.00018568279,-0.0007722959,-7.175902e-05,0.0018892288,0.00045323372,0.00063943863,-0.030902522,0.057480104,0.023195248,0.00825,0.004399911,1.0,,,,,,,,,,,,,,,,,,,,,,,,,,,,,,,,,,,,,,,,,,,
23.0,-0.002346324980184,0.01021447591483593,0.0004125237464904785,1.351816177368164,0.0,7.959455e-06,-2.5728574e-05,0.9995878,0.00020421915,-0.0008493454,-7.100366e-05,0.0022187233,0.00023460388,0.0006136894,0.07914348,-0.05239674,-0.0062286886,0.008625,0.0045998986,1.0,,,,,,,,,,,,,,,,,,,,,,,,,,,,,,,,,,,,,,,,,,,
24.0,-0.0023468941547900623,0.010640288703143597,0.00041282176971435547,1.3513712882995605,0.0,8.850394e-06,-2.964465e-05,0.9995875,0.0002138255,-0.0009398585,-7.028579e-05,0.0020902157,0.00047421455,0.00071024895,-0.030923344,0.057467997,0.023203699,0.009,0.0047998847,1.0,,,,,,,,,,,,,,,,,,,,,,,,,,,,,,,,,,,,,,,,,,,
25.0,-0.0023497566452613684,0.011066263541579247,0.00041306018829345703,1.3509111404418945,0.0,9.82217e-06,-3.3915836e-05,0.9995872,0.00023322605,-0.0010250846,-6.952663e-05,0.0018246174,0.00025558472,0.00068449974,-0.06370266,-0.052496616,-0.0061769052,0.009375,0.00499987,1.0,,,,,,,,,,,,,,,,,,,,,,,,,,,,,,,,,,,,,,,,,,,
26.0,-0.002350332733623509,0.011492344550788403,0.000413358211517334,1.350435733795166,0.0,1.0837501e-05,-3.849685e-05,0.99958694,0.00024367949,-0.0010994438,-6.8760535e-05,0.0020172596,0.0004951954,0.00078105927,0.046229813,0.05752559,0.023158185,0.00975,0.0051998533,1.0,,,,,,,,,,,,,,,,,,,,,,,,,,,,,,,,,,,,,,,,,,,
27.0,-0.002353201971304954,0.011918551288545132,0.00041365623474121094,1.349945068359375,0.0,1.1937233e-05,-4.3420434e-05,0.99958664,0.00026393574,-0.0011816592,-6.8223344e-05,0.0017516613,0.00027680397,0.00075531006,-0.06370116,-0.05249727,-0.006175541,0.010125,0.0053998358,1.0,,,,,,,,,,,,,,,,,,,,,,,,,,,,,,,,,,,,,,,,,,,
28.0,-0.002353784429057851,0.012344827875494957,0.0004139542579650879,1.3494395017623901,0.0,1.3084086e-05,-4.8641305e-05,0.99958634,0.00027524476,-0.001253009,-6.740573e-05,0.0019445419,0.0005161762,0.0008518696,0.04622414,0.057534844,0.023149235,0.0105,0.0055998173,1.0,,,,,,,,,,,,,,,,,,,,,,,,,,,,,,,,,,,,,,,,,,,
29.0,-0.0023566597253084185,0.01277124136686325,0.00041419267654418945,1.3489189147949219,0.0,1.431891e-05,-5.4192198e-05,0.99958605,0.0002963578,-0.0013322148,-6.669631e-05,0.0016789436,0.0002977848,0.00082588196,-0.06369967,-0.05249793,-0.0061741723,0.010875,0.005799797,1.0,,,,,,,,,,,,,,,,,,,,,,,,,,,,,,,,,,,,,,,,,,,
30.0,-0.0023572479284732256,0.013197717256844044,0.0004144906997680664,1.348383903503418,0.0,1.5604424e-05,-6.0027847e-05,0.9995858,0.00030852327,-0.0014005556,-6.591973e-05,0.0018718243,0.0005373955,0.0009224415,0.046218466,0.057544097,0.023140283,0.01125,0.005999775,1.0,,,,,,,,,,,,,,,,,,,,,,,,,,,,,,,,,,,,,,,,,,,
31.0,-0.0023601290537320894,0.013624310493469238,0.00041472911834716797,1.3478343486785889,0.0,1.6981481e-05,-6.6180975e-05,0.9995855,0.00033049376,-0.0014767518,-6.538428e-05,0.001606226,0.00031876564,0.0008966923,-0.06369817,-0.052498586,-0.0061727986,0.011625,0.0061997515,1.0,,,,,,,,,,,,,,,,,,,,,,,,,,,,,,,,,,,,,,,,,,,
32.0,-0.0023607238139346015,0.014050967991352081,0.0004150271415710449,1.347270131111145,0.0,1.84128e-05,-7.260633e-05,0.9995853,0.00034351664,-0.0015420842,-6.456746e-05,0.0017988682,0.0005583763,0.0009930134,0.046212796,0.057553343,0.02313133,0.012,0.006399727,1.0,,,,,,,,,,,,,,,,,,,,,,,,,,,,,,,,,,,,,,,,,,,
33.0,-0.0023636112285646965,0.01447768323123455,0.0004152655601501465,1.3466918468475342,0.0,1.993924e-05,-7.933663e-05,0.999585,0.00036634557,-0.0016152714,-6.404108e-05,0.0015332699,0.0003399849,0.0009672642,-0.06369668,-0.052499246,-0.0061714207,0.012375,0.0065997005,1.0,,,,,,,,,,,,,,,,,,,,,,,,,,,,,,,,,,,,,,,,,,,
34.0,-0.002364212075249816,0.014904500916600227,0.00041556358337402344,1.3460992574691772,0.0,2.1523518e-05,-8.632661e-05,0.99958473,0.0003802267,-0.0016775958,-6.322273e-05,0.0017261505,0.00057959557,0.0010635853,0.04620713,0.057562586,0.023122374,0.01275,0.0067996723,1.0,,,,,,,,,,,,,,,,,,,,,,,,,,,,,,,,,,,,,,,,,,,
35.0,-0.0023671051849232768,0.015331355854868889,0.000415802001953125,1.3454927206039429,0.0,2.3206498e-05,-9.360901e-05,0.99958444,0.000403915,-0.0017477747,-6.269635e-05,0.0014605522,0.00036120415,0.0010378361,-0.06369519,-0.052499905,-0.006170038,0.013125,0.0069996426,1.0,,,,,,,,,,,,,,,,,,,,,,,,,,,,,,,,,,,,,,,,,,,
36.0,-0.0023677115508558963,0.015758294612169266,0.00041604042053222656,1.344871997833252,0.0,2.4950894e-05,-0.000101138554,0.9995842,0.00041865528,-0.0018070915,-6.18786e-05,0.0016531944,0.0006008148,0.0011341572,0.046201464,0.057571825,0.023113418,0.0135,0.007199611,1.0,,,,,,,,,,,,,,,,,,,,,,,,,,,,,,,,,,,,,,,,,,,
37.0,-0.0023706105400400734,0.01618526503443718,0.0004162788391113281,1.3442375659942627,0.0,2.6797577e-05,-0.00010894798,0.99958396,0.00044320384,-0.0018742625,-6.135172e-05,0.0013875961,0.0003824234,0.001108408,-0.0636937,-0.05250056,-0.0061686505,0.013875,0.007399578,1.0,,,,,,,,,,,,,,,,,,,,,,,,,,,,,,,,,,,,,,,,,,,
38.0,-0.0023712229997589086,0.016612302511930466,0.0004165768623352051,1.343589186668396,0.0,2.870926e-05,-0.00011699203,0.9995837,0.00045880408,-0.0019305721,-6.071865e-05,0.0015802383,0.0006220341,0.0012047291,0.046195798,0.057581056,0.023104459,0.01425,0.007599543,1.0,,,,,,,,,,,,,,,,,,,,,,,,,,,,,,,,,,,,,,,,,,,
39.0,-0.002374128409594418,0.017039377242326736,0.00041681528091430664,1.342927098274231,0.0,3.0726816e-05,-0.00012530343,0.9995834,0.00048421376,-0.0019947356,-6.0148035e-05,0.00131464,0.00040364265,0.0011789799,-0.06369222,-0.05250122,-0.0061672586,0.014625,0.0077995057,1.0,,,,,,,,,,,,,,,,,,,,,,,,,,,,,,,,,,,,,,,,,,,
40.0,-0.0023747458336234625,0.017466500401496887,0.0004170536994934082,1.3422514200210571,0.0,3.2812964e-05,-0.00013383692,0.9995832,0.000500675,-0.0020480389,-5.934188e-05,0.0015075207,0.0006432533,0.001275301,0.04619014,0.057590287,0.023095498,0.015,0.007999467,1.0,,,,,,,,,,,,,,,,,,,,,,,,,,,,,,,,,,,,,,,,,,,
41.0,-0.002377657129213924,0.017893631011247635,0.00041729211807250977,1.341562032699585,0.0,3.5008576e-05,-0.00014262524,0.99958295,0.0005269467,-0.0021091953,-5.8811533e-05,0.001241684,0.0004248619,0.0012493134,-0.06369073,-0.05250188,-0.006165862,0.015375,0.008199425,1.0,,,,,,,,,,,,,,,,,,,,,,,,,,,,,,,,,,,,,,,,,,,
42.0,-0.002378281135842567,0.018320826813578606,0.00041753053665161133,1.3408591747283936,0.0,3.7276364e-05,-0.00015162313,0.9995827,0.0005442696,-0.0021594923,-5.818049e-05,0.0014345646,0.000664711,0.0013456345,0.04618448,0.05759951,0.023086537,0.01575,0.008399382,1.0,,,,,,,,,,,,,,,,,,,,,,,,,,,,,,,,,,,,,,,,,,,
43.0,-0.002381197557965078,0.018748026341199875,0.0004177689552307129,1.340142846107483,0.0,3.9657218e-05,-0.0001608633,0.99958247,0.00057140423,-0.0022176425,-5.7608668e-05,0.0011689663,0.00044631958,0.0013198853,-0.06368925,-0.052502535,-0.006164461,0.016125,0.008599337,1.0,,,,,,,,,,,,,,,,,,,,,,,,,,,,,,,,,,,,,,,,,,,
44.0,-0.002381826780617151,0.01917525939643383,0.00041800737380981445,1.339412808418274,0.0,4.211384e-05,-0.00017030053,0.99958223,0.0005895899,-0.0022649337,-5.698796e-05,0.0013616085,0.00068616867,0.0014162064,0.04617882,0.05760873,0.023077572,0.0165,0.00879929,1.0,,,,,,,,,,,,,,,,,,,,,,,,,,,,,,,,,,,,,,,,,,,
45.0,-0.002384748750878537,0.01960250362753868,0.000418245792388916,1.3386695384979248,0.0,4.4687124e-05,-0.00017996751,0.999582,0.0006175883,-0.002320078,-5.6413348e-05,0.0010960102,0.00046777725,0.0013902187,-0.063687764,-0.052503195,-0.006163055,0.016875,0.008999241,1.0,,,,,,,,,,,,,,,,,,,,,,,,,,,,,,,,,,,,,,,,,,,
46.0,-0.0023853834224719724,0.020029719918966293,0.0004184842109680176,1.337912678718567,0.0,4.733978e-05,-0.00018981902,0.99958175,0.0006366375,-0.002364364,-5.5793895e-05,0.0012886524,0.0007073879,0.0014865398,0.046173166,0.057617947,0.023068607,0.01725,0.009199189,1.0,,,,,,,,,,,,,,,,,,,,,,,,,,,,,,,,,,,,,,,,,,,
47.0,-0.0023883108744922124,0.020456993952393532,0.00041866302490234375,1.3371425867080688,0.0,5.01127e-05,-0.00019988779,0.9995815,0.0006655006,-0.0024165027,-5.521862e-05,0.0010230541,0.0004889965,0.0014607906,-0.06368629,-0.052503854,-0.0061616446,0.017625,0.009399135,1.0,,,,,,,,,,,,,,,,,,,,,,,,,,,,,,,,,,,,,,,,,,,
48.0,-0.002388951142114882,0.020884227007627487,0.0004189014434814453,1.336358904838562,0.0,5.2968593e-05,-0.00021012856,0.99958134,0.00068541424,-0.0024577843,-5.4599932e-05,0.0012156963,0.0007288456,0.0015568733,0.046167515,0.05762716,0.023059638,0.018,0.009599078,1.0,,,,,,,,,,,,,,,,,,,,,,,,,,,,,,,,,,,,,,,,,,,
49.0,-0.0023918844019092758,0.02131151221692562,0.0004191398620605469,1.3355621099472046,0.0,5.5948352e-05,-0.00022057405,0.9995811,0.0007151427,-0.0025069176,-5.4208074e-05,0.00095009804,0.0005104542,0.0015311241,-0.063684806,-0.052504513,-0.0061602294,0.018375,0.009799019,1.0,,,,,,,,,,,,,,,,,,,,,,,,,,,,,,,,,,,,,,,,,,,
50.0,-0.0023925301139826076,0.02173871360719204,0.00041937828063964844,1.3347517251968384,0.0,5.9014696e-05,-0.00023117903,0.99958086,0.0007359217,-0.0025451952,-5.3546923e-05,0.0011427402,0.00075030327,0.0016272068,0.046161864,0.05763637,0.02305067,0.01875,0.009998959,1.0,,,,,,,,,,,,,,,,,,,,,,,,,,,,,,,,,,,,,,,,,,,
51.0,-0.0023954686551472576,0.022165965288877487,0.0004195570945739746,1.3339279890060425,0.0,6.220851e-05,-0.00024197622,0.9995806,0.0007665168,-0.002591324,-5.298071e-05,0.00087714195,0.00053215027,0.0016014576,-0.06368333,-0.052505173,-0.0061588096,0.019125,0.010198895,1.0,,,,,,,,,,,,,,,,,,,,,,,,,,,,,,,,,,,,,,,,,,,
52.0,-0.002396119147620777,0.022593170404434204,0.00041979551315307617,1.3330906629562378,0.0,6.5492524e-05,-0.00025292038,0.99958044,0.000788162,-0.0026265979,-5.236109e-05,0.0010697842,0.00077199936,0.0016975403,0.046156216,0.05764557,0.0230417,0.0195,0.010398828,1.0,,,,,,,,,,,,,,,,,,,,,,,,,,,,,,,,,,,,,,,,,,,
53.0,-0.0023990630470101877,0.023020360618829727,0.00042003393173217773,1.3322399854660034,0.0,6.8907626e-05,-0.0002640442,0.9995802,0.0008196242,-0.0026697225,-5.196873e-05,0.00080394745,0.00055360794,0.0016717911,-0.06368185,-0.052505832,-0.006157385,0.019875,0.010598759,1.0,,,,,,,,,,,,,,,,,,,,,,,,,,,,,,,,,,,,,,,,,,,
54.0,-0.002399719222955408,0.02344750612974167,0.0004202127456665039,1.3313758373260498,0.0,7.241653e-05,-0.00027530253,0.99957997,0.00084213656,-0.0027019933,-5.1308896e-05,0.0009968281,0.00079345703,0.0017678738,0.04615057,0.05765477,0.023032725,0.02025,0.010798688,1.0,,,,,,,,,,,,,,,,,,,,,,,,,,,,,,,,,,,,,,,,,,,
55.0,-0.002402668519912147,0.023874659091234207,0.00042045116424560547,1.3304980993270874,0.0,7.606014e-05,-0.000286728,0.9995798,0.00087446714,-0.0027421145,-5.0741648e-05,0.00073099136,0.0005750656,0.0017418861,-0.06368037,-0.05250649,-0.006155956,0.020625,0.010998613,1.0,,,,,,,,,,,,,,,,,,,,,,,,,,,,,,,,,,,,,,,,,,,
56.0,-0.002403329259617403,0.02430172637104988,0.00042062997817993164,1.3296066522598267,0.0,7.980117e-05,-0.00029827544,0.99957955,0.00089784735,-0.0027713822,-5.0307437e-05,0.0009236336,0.0008151531,0.0018379688,0.046144925,0.057663966,0.02302375,0.021,0.0111985365,1.0,,,,,,,,,,,,,,,,,,,,,,,,,,,,,,,,,,,,,,,,,,,
57.0,-0.00240628326259363,0.02472875639796257,0.0004208683967590332,1.3287017345428467,0.0,8.3680534e-05,-0.0003099775,0.99957937,0.000931047,-0.0028085005,-4.9686856e-05,0.0006580353,0.0005967617,0.0018122196,-0.063678905,-0.05250715,-0.0061545228,0.021375,0.011398457,1.0,,,,,,,,,,,,,,,,,,,,,,,,,,,,,,,,,,,,,,,,,,,
58.0,-0.00240694981736651,0.02515575848519802,0.0004210472106933594,1.3277829885482788,0.0,8.7660934e-05,-0.00032178903,0.99957913,0.00095529604,-0.0028347662,-4.9265767e-05,0.0008506775,0.0008368492,0.0019083023,0.04613928,0.057673156,0.023014775,0.02175,0.011598374,1.0,,,,,,,,,,,,,,,,,,,,,,,,,,,,,,,,,,,,,,,,,,,
59.0,-0.002409908656380735,0.025582697242498398,0.00042122602462768555,1.326850414276123,0.0,9.178329e-05,-0.0003337427,0.99957895,0.0009893656,-0.0028688817,-4.864174e-05,0.0005850792,0.0006184578,0.0018823147,-0.06367743,-0.05250781,-0.0061530843,0.022125,0.011798289,1.0,,,,,,,,,,,,,,,,,,,,,,,,,,,,,,,,,,,,,,,,,,,
60.0,-0.002410579904105547,0.02600960060954094,0.0004214644432067871,1.3259040117263794,0.0,9.6010306e-05,-0.00034579332,0.9995788,0.0010144844,-0.0028921457,-4.8222064e-05,0.0007777214,0.0008585453,0.0019783974,0.04613364,0.05768234,0.023005797,0.0225,0.0119982,1.0,,,,,,,,,,,,,,,,,,,,,,,,,,,,,,,,,,,,,,,,,,,
61.0,-0.0024135442353560503,0.026436423882842064,0.0004216432571411133,1.3249436616897583,0.0,0.00010038291,-0.00035797356,0.99957854,0.0010494248,-0.002923259,-4.778131e-05,0.0005118847,0.0006401539,0.0019526482,-0.06367596,-0.05250847,-0.0061516417,0.022875,0.012198108,1.0,,,,,,,,,,,,,,,,,,,,,,,,,,,,,,,,,,,,,,,,,,,
62.0,-0.002414451765048863,0.026863176375627518,0.00042182207107543945,1.3239693641662598,0.0,0.0001048638,-0.00037023824,0.99957836,0.0010754142,-0.0029435218,-4.713524e-05,0.0007045269,0.0008802414,0.0020484924,0.046128005,0.057691522,0.022996817,0.02325,0.012398014,1.0,,,,,,,,,,,,,,,,,,,,,,,,,,,,,,,,,,,,,,,,,,,
63.0,-0.0024176528404594257,0.027289843186736107,0.0004220008850097656,1.3229809999465942,0.0,0.000109493914,-0.00038262006,0.9995782,0.0011112262,-0.0029716333,-4.6747275e-05,0.0004389286,0.0007531643,0.0020227432,-0.06371936,-0.030599568,-0.006134757,0.023625,0.012597917,1.0,,,,,,,,,,,,,,,,,,,,,,,,,,,,,,,,,,,,,,,,,,,
64.0,-0.0024185652619124498,0.027716418728232384,0.0004222393035888672,1.321978211402893,0.0,0.00011425149,-0.00039507373,0.999578,0.0011418186,-0.0029888877,-4.6276014e-05,0.0006315708,0.0010845661,0.002118826,0.046080504,0.07960525,0.02299321,0.024,0.012797816,1.0,,,,,,,,,,,,,,,,,,,,,,,,,,,,,,,,,,,,,,,,,,,
65.0,-0.002421771304136267,0.02814287506043911,0.00042241811752319336,1.3209612369537354,0.0,0.00011919301,-0.000407632,0.99957776,0.0011859646,-0.0030139831,-4.585142e-05,0.0003657341,0.000957489,0.0020930767,-0.06372221,-0.030610466,-0.006123365,0.024375,0.012997712,1.0,,,,,,,,,,,,,,,,,,,,,,,,,,,,,,,,,,,,,,,,,,,
66.0,-0.0024226884706079945,0.028569206595420837,0.00042259693145751953,1.319929838180542,0.0,0.00012429671,-0.0004202496,0.9995776,0.0012248876,-0.0030282214,-4.5204528e-05,0.0005583763,0.0012888908,0.002188921,0.04607586,0.079604216,0.022974085,0.02475,0.013197605,1.0,,,,,,,,,,,,,,,,,,,,,,,,,,,,,,,,,,,,,,,,,,,
67.0,-0.002425898092632086,0.0289953351020813,0.0004227757453918457,1.3188836574554443,0.0,0.00012961905,-0.00043295918,0.9995774,0.0012773618,-0.0030502996,-4.4823355e-05,0.0002925396,0.0011618137,0.0021631718,-0.063725054,-0.03062136,-0.0061119716,0.025125,0.013397493,1.0,,,,,,,,,,,,,,,,,,,,,,,,,,,,,,,,,,,,,,,,,,,
68.0,-0.0024268195709060457,0.029421305283904076,0.0004229545593261719,1.317822813987732,0.0,0.00013513825,-0.0004457155,0.9995772,0.0013246094,-0.0030615213,-4.4349967e-05,0.00048542023,0.0014929771,0.002259016,0.04607121,0.07960317,0.022954965,0.0255,0.013597379,1.0,,,,,,,,,,,,,,,,,,,,,,,,,,,,,,,,,,,,,,,,,,,
69.0,-0.0024300341529389993,0.02984708547592163,0.00042313337326049805,1.3167471885681152,0.0,0.00014091078,-0.00045855128,0.99957705,0.0013854061,-0.0030805818,-4.393025e-05,0.00021958351,0.0013659,0.0022332668,-0.06372789,-0.030632246,-0.0061005754,0.025875,0.013797263,1.0,,,,,,,,,,,,,,,,,,,,,,,,,,,,,,,,,,,,,,,,,,,
70.0,-0.002430959202631428,0.030272629112005234,0.0004233121871948242,1.3156565427780151,0.0,0.00014691483,-0.00047142123,0.99957687,0.0014409727,-0.0030887863,-4.3465643e-05,0.00041222572,0.0016973019,0.002329111,0.046066564,0.07960213,0.022935847,0.02625,0.013997142,1.0,,,,,,,,,,,,,,,,,,,,,,,,,,,,,,,,,,,,,,,,,,,
71.0,-0.002434178181007464,0.030697990208864212,0.0004234910011291504,1.3145508766174316,0.0,0.00015320686,-0.000484358,0.9995767,0.0015100862,-0.0031048288,-4.304605e-05,0.00014638901,0.0015702248,0.002303362,-0.063730724,-0.030643128,-0.0060891774,0.026625,0.014197018,1.0,,,,,,,,,,,,,,,,,,,,,,,,,,,,,,,,,,,,,,,,,,,
72.0,-0.002435107528608087,0.031123053282499313,0.00042366981506347656,1.3134300708770752,0.0,0.00015976506,-0.0004973164,0.9995765,0.0015739661,-0.003110015,-4.258115e-05,0.00033903122,0.0019013882,0.0023992062,0.046061914,0.079601094,0.022916734,0.027,0.01439689,1.0,,,,,,,,,,,,,,,,,,,,,,,,,,,,,,,,,,,,,,,,,,,
73.0,-0.002438329595634015,0.03154788166284561,0.00042384862899780273,1.3122937679290771,0.0,0.00016664584,-0.00051032903,0.99957633,0.0016513907,-0.0031230387,-4.216381e-05,7.3194504e-05,0.0017743111,0.0023732185,-0.06373355,-0.030654006,-0.006077777,0.027375,0.014596758,1.0,,,,,,,,,,,,,,,,,,,,,,,,,,,,,,,,,,,,,,,,,,,
74.0,-0.002439403982208769,0.031972385942935944,0.0004240274429321289,1.311142086982727,0.0,0.00017382741,-0.0005233507,0.99957615,0.0017235781,-0.0031252068,-4.169811e-05,0.00026583672,0.0021054745,0.0024690628,0.04605727,0.07960005,0.022897623,0.02775,0.014796623,1.0,,,,,,,,,,,,,,,,,,,,,,,,,,,,,,,,,,,,,,,,,,,
75.0,-0.0024424889562118268,0.032396622002124786,0.0004242062568664551,1.3099747896194458,0.0,0.00018136621,-0.00053641415,0.999576,0.0018093081,-0.0031352108,-4.128315e-05,0.0,0.0019783974,0.0024433136,-0.06373637,-0.03066488,-0.006066375,0.028125,0.014996485,1.0,,,,,,,,,,,,,,,,,,,,,,,,,,,,,,,,,,,,,,,,,,,
76.0,-0.0024439374010829734,0.03282048553228378,0.00042438507080078125,1.3087915182113647,0.0,0.00018924037,-0.000549474,0.9995758,0.0018897974,-0.0031343598,-4.081662e-05,0.00019288063,0.0023095608,0.0025389194,0.04605262,0.07959901,0.022878518,0.0285,0.015196342,1.0,,,,,,,,,,,,,,,,,,,,,,,,,,,,,,,,,,,,,,,,,,,
77.0,-0.002446654539107088,0.0332440510392189,0.00042450428009033203,1.307592511177063,0.0,0.0001975063,-0.0005625629,0.9995756,0.001983827,-0.003141344,-4.040404e-05,-7.3194504e-05,0.0021824837,0.0025131702,-0.063739195,-0.030675748,-0.0060549704,0.028875,0.015396195,1.0,,,,,,,,,,,,,,,,,,,,,,,,,,,,,,,,,,,,,,,,,,,
78.0,-0.0024484778499294538,0.033667221665382385,0.0004246830940246582,1.3063775300979614,0.0,0.0002061422,-0.0005756357,0.9995755,0.0020726125,-0.0031374735,-3.9936687e-05,0.00011968613,0.002513647,0.002608776,0.046047974,0.079597965,0.022859415,0.02925,0.015596046,1.0,,,,,,,,,,,,,,,,,,,,,,,,,,,,,,,,,,,,,,,,,,,
79.0,-0.002450889023213909,0.034090034663677216,0.0004248619079589844,1.305146336555481,0.0,0.00021520442,-0.00058872503,0.9995753,0.0021749355,-0.003141437,-3.9710445e-05,-0.00014638901,0.0023863316,0.002583027,-0.063742004,-0.030686611,-0.0060435636,0.029625,0.015795892,1.0,,,,,,,,,,,,,,,,,,,,,,,,,,,,,,,,,,,,,,,,,,,
80.0,-0.002453025050655098,0.03451244533061981,0.00042504072189331055,1.303898811340332,0.0,0.00022467114,-0.0006017856,0.99957514,0.0022720115,-0.0031345459,-3.9199076e-05,4.6253204e-05,0.002717495,0.0026786327,0.046043325,0.07959693,0.022840317,0.03,0.015995733,1.0,,,,,,,,,,,,,,,,,,,,,,,,,,,,,,,,,,,,,,,,,,,
81.0,-0.0024552993454586376,0.03493441641330719,0.00042515993118286133,1.3026349544525146,0.0,0.00023459873,-0.00061485014,0.99957496,0.0023826233,-0.0031354884,-3.880139e-05,-0.00021958351,0.0025904179,0.0026528835,-0.06374481,-0.030697469,-0.006032155,0.030375,0.016195571,1.0,,,,,,,,,,,,,,,,,,,,,,,,,,,,,,,,,,,,,,,,,,,
82.0,-0.0024575772118726608,0.03535598888993263,0.0004253387451171875,1.3013546466827393,0.0,0.00024496534,-0.0006278734,0.99957484,0.002487984,-0.0031255765,-3.8330003e-05,-2.69413e-05,0.0029215813,0.0027484894,0.04603868,0.079595886,0.022821223,0.03075,0.016395405,1.0,,,,,,,,,,,,,,,,,,,,,,,,,,,,,,,,,,,,,,,,,,,
83.0,-0.002459854558224384,0.03577706962823868,0.00042551755905151367,1.3000574111938477,0.0,0.00025582733,-0.000640888,0.99957466,0.0026068776,-0.0031234971,-3.8109076e-05,-0.00029277802,0.0027942657,0.0027227402,-0.06374762,-0.030708324,-0.006020744,0.031125,0.016595235,1.0,,,,,,,,,,,,,,,,,,,,,,,,,,,,,,,,,,,,,,,,,,,
84.0,-0.0024621348868109506,0.0361977256834507,0.00042563676834106445,1.298743486404419,0.0,0.0002671628,-0.00065384863,0.9995745,0.0027205173,-0.0031105638,-3.7595924e-05,-0.0001001358,0.0031254292,0.0028181076,0.046034034,0.07959484,0.022802133,0.0315,0.016795062,1.0,,,,,,,,,,,,,,,,,,,,,,,,,,,,,,,,,,,,,,,,,,,
85.0,-0.0024644147348815647,0.03661782667040825,0.0004258155822753906,1.297412633895874,0.0,0.00027902817,-0.0006667881,0.99957436,0.0028476885,-0.003105462,-3.720302e-05,-0.00036597252,0.0029981136,0.0027923584,-0.063750416,-0.030719172,-0.006009331,0.031875,0.016994882,1.0,,,,,,,,,,,,,,,,,,,,,,,,,,,,,,,,,,,,,,,,,,,
86.0,-0.0024666975479108832,0.03703746572136879,0.0004259347915649414,1.2960647344589233,0.0,0.00029140152,-0.00067966105,0.9995742,0.0029696007,-0.0030895069,-3.691394e-05,-0.0001733303,0.003329277,0.0028879642,0.046029385,0.0795938,0.022783045,0.03225,0.0171947,1.0,,,,,,,,,,,,,,,,,,,,,,,,,,,,,,,,,,,,,,,,,,,
87.0,-0.002468979770504808,0.03745657578110695,0.0004261136054992676,1.2946999073028564,0.0,0.0003043392,-0.0006925001,0.99957407,0.0031050432,-0.003081382,-3.6470607e-05,-0.00043940544,0.0032019615,0.0028619766,-0.06375321,-0.030730017,-0.0059979158,0.032625,0.017394513,1.0,,,,,,,,,,,,,,,,,,,,,,,,,,,,,,,,,,,,,,,,,,,
88.0,-0.0024712641621261475,0.03787514939904213,0.00042623281478881836,1.2933175563812256,0.0,0.0003178193,-0.00070526014,0.9995739,0.003235223,-0.003062404,-3.61931e-05,-0.0002465248,0.003533125,0.0029575825,0.04602474,0.07959276,0.022763962,0.033,0.01759432,1.0,,,,,,,,,,,,,,,,,,,,,,,,,,,,,,,,,,,,,,,,,,,
89.0,-0.002473548043708224,0.03829313442111015,0.00042641162872314453,1.291918158531189,0.0,0.00033189816,-0.0007179737,0.99957377,0.0033789307,-0.0030512556,-3.5749228e-05,-0.00051259995,0.0034058094,0.0029315948,-0.063756004,-0.030740855,-0.005986498,0.033375,0.017794127,1.0,,,,,,,,,,,,,,,,,,,,,,,,,,,,,,,,,,,,,,,,,,,
90.0,-0.0024758346359864984,0.038710542023181915,0.0004265308380126953,1.2905011177062988,0.0,0.0003465539,-0.0007305956,0.9995736,0.0035173723,-0.0030292547,-3.547158e-05,-0.00031995773,0.0037367344,0.0030272007,0.046020094,0.079591714,0.022744883,0.03375,0.017993925,1.0,,,,,,,,,,,,,,,,,,,,,,,,,,,,,,,,,,,,,,,,,,,
91.0,-0.0024781203230075676,0.03912734240293503,0.0004267096519470215,1.2890666723251343,0.0,0.0003618428,-0.00074315845,0.99957347,0.0036693397,-0.003015082,-3.5029923e-05,-0.00058603287,0.0036094189,0.003001213,-0.06375878,-0.03075169,-0.005975079,0.034125,0.018193722,1.0,,,,,,,,,,,,,,,,,,,,,,,,,,,,,,,,,,,,,,,,,,,
92.0,-0.002480408556171628,0.03954353183507919,0.00042682886123657227,1.2876144647598267,0.0,0.00037774295,-0.000755617,0.9995733,0.0038160377,-0.0029900572,-3.475149e-05,-0.00039315224,0.0039405823,0.0030965805,0.04601545,0.07959067,0.022725808,0.0345,0.018393511,1.0,,,,,,,,,,,,,,,,,,,,,,,,,,,,,,,,,,,,,,,,,,,
93.0,-0.0024826947776671387,0.039959102869033813,0.00042694807052612305,1.286144733428955,0.0,0.00039431071,-0.0007680039,0.9995732,0.003976259,-0.00297286,-3.4312186e-05,-0.0006592274,0.0038132668,0.0030708313,-0.06376157,-0.03076252,-0.0059636575,0.034875,0.018593298,1.0,,,,,,,,,,,,,,,,,,,,,,,,,,,,,,,,,,,,,,,,,,,
94.0,-0.002484984278175229,0.040373966097831726,0.0004271268844604492,1.2846568822860718,0.0,0.00041152406,-0.000780274,0.99957305,0.0041312072,-0.0029448105,-3.403294e-05,-0.00046658516,0.0041441917,0.0031661987,0.046010803,0.07958963,0.022706736,0.03525,0.01879308,1.0,,,,,,,,,,,,,,,,,,,,,,,,,,,,,,,,,,,,,,,,,,,
95.0,-0.002487272010322741,0.040788233280181885,0.00042724609375,1.2831515073776245,0.0,0.0004294394,-0.00079245976,0.9995729,0.004299676,-0.002924588,-3.3779965e-05,-0.0007326603,0.004016876,0.003140211,-0.06376434,-0.030773344,-0.0059522334,0.035625,0.018992856,1.0,,,,,,,,,,,,,,,,,,,,,,,,,,,,,,,,,,,,,,,,,,,
96.0,-0.002489562329347106,0.041201747953891754,0.0004273653030395508,1.2816280126571655,0.0,0.00044803467,-0.0008045161,0.99957275,0.00446287,-0.0028935138,-3.3272743e-05,-0.00053977966,0.004347801,0.0032355785,0.046006158,0.079588585,0.022687668,0.036,0.019192629,1.0,,,,,,,,,,,,,,,,,,,,,,,,,,,,,,,,,,,,,,,,,,,
97.0,-0.0024918503252336624,0.0416145883500576,0.00042754411697387695,1.280086636543274,0.0,0.00046736628,-0.0008164755,0.99957263,0.004639581,-0.0028702652,-3.3075463e-05,-0.0008060932,0.0042204857,0.0032098293,-0.06376711,-0.030784164,-0.005940808,0.036375,0.019392395,1.0,,,,,,,,,,,,,,,,,,,,,,,,,,,,,,,,,,,,,,,,,,,
98.0,-0.002494140966821834,0.04202666133642197,0.00042766332626342773,1.2785272598266602,0.0,0.00048741215,-0.00082829286,0.99957246,0.004811013,-0.0028361655,-3.2738863e-05,-0.0006132126,0.0045514107,0.0033049583,0.046001513,0.07958754,0.022668604,0.03675,0.019592158,1.0,,,,,,,,,,,,,,,,,,,,,,,,,,,,,,,,,,,,,,,,,,,
99.0,-0.0024964296043433463,0.04243803396821022,0.0004277825355529785,1.2769498825073242,0.0,0.00050822867,-0.00084000075,0.99957234,0.0049959617,-0.0028098903,-3.231974e-05,-0.0008792877,0.0044238567,0.0032792091,-0.06376988,-0.03079498,-0.0059293797,0.037125,0.019791916,1.0,,,,,,,,,,,,,,,,,,,,,,,,,,,,,,,,,,,,,,,,,,,
100.0,-0.00249872043308106,0.0428486131131649,0.0004279017448425293,1.2753543853759766,0.0,0.0005297938,-0.0008515539,0.9995722,0.005175627,-0.0027727645,-3.203495e-05,-0.0006866455,0.00475502,0.0033743382,0.045996867,0.0795865,0.022649543,0.0375,0.019991668,1.0,,,,,,,,,,,,,,,,,,,,,,,,,,,,,,,,,,,,,,,,,,,
101.0,-0.0025010094191972167,0.043258436024188995,0.00042808055877685547,1.2737406492233276,0.0,0.0005521638,-0.00086298503,0.9995721,0.005368806,-0.0027434626,-3.17898e-05,-0.00095272064,0.004627466,0.003348589,-0.06377263,-0.030805789,-0.00591795,0.037875,0.020191416,1.0,,,,,,,,,,,,,,,,,,,,,,,,,,,,,,,,,,,,,,,,,,,
102.0,-0.002503299806790877,0.043667420744895935,0.00042819976806640625,1.272108793258667,0.0,0.0005753167,-0.0008742488,0.9995719,0.005556699,-0.0027033098,-3.14639e-05,-0.00076007843,0.004958391,0.003443718,0.04599222,0.079585455,0.022630487,0.03825,0.020391157,1.0,,,,,,,,,,,,,,,,,,,,,,,,,,,,,,,,,,,,,,,,,,,
103.0,-0.0025055879201882863,0.04407558962702751,0.00042831897735595703,1.2704589366912842,0.0,0.0005993088,-0.00088537787,0.9995718,0.0057581044,-0.00267098,-3.1046613e-05,-0.0010261536,0.0048308372,0.0034177303,-0.06377539,-0.030816594,-0.0059065176,0.038625,0.020590896,1.0,,,,,,,,,,,,,,,,,,,,,,,,,,,,,,,,,,,,,,,,,,,
104.0,-0.0025078781912039995,0.04448295012116432,0.0004284381866455078,1.2687907218933105,0.0,0.0006241181,-0.000896327,0.9995717,0.0059542186,-0.0026278002,-3.076086e-05,-0.00083351135,0.0051617622,0.0035128593,0.045987576,0.07958441,0.022611436,0.039,0.020790627,1.0,,,,,,,,,,,,,,,,,,,,,,,,,,,,,,,,,,,,,,,,,,,
105.0,-0.002510166128861273,0.044889435172080994,0.0004285573959350586,1.2671043872833252,0.0,0.00064980076,-0.0009071289,0.99957156,0.0061638425,-0.0025924423,-3.0520278e-05,-0.0010995865,0.0050342083,0.0034871101,-0.06377814,-0.030827396,-0.0058950833,0.039375,0.020990355,1.0,,,,,,,,,,,,,,,,,,,,,,,,,,,,,,,,,,,,,,,,,,,
106.0,-0.002512455161288636,0.045295052230358124,0.0004286766052246094,1.2654000520706177,0.0,0.0006763348,-0.0009177382,0.99957144,0.0063681733,-0.0025462345,-3.0192772e-05,-0.00090670586,0.0053651333,0.0035822392,0.04598293,0.07958337,0.022592386,0.03975,0.021190077,1.0,,,,,,,,,,,,,,,,,,,,,,,,,,,,,,,,,,,,,,,,,,,
107.0,-0.0025147416880859567,0.045699793845415115,0.00042879581451416016,1.2636773586273193,0.0,0.0007037765,-0.00092818757,0.9995713,0.006586011,-0.0025078477,-2.9964163e-05,-0.0011730194,0.0052378178,0.0035562515,-0.06378088,-0.030838192,-0.005883647,0.040125,0.021389794,1.0,,,,,,,,,,,,,,,,,,,,,,,,,,,,,,,,,,,,,,,,,,,
108.0,-0.002517030050893061,0.04610360413789749,0.00042891502380371094,1.2619366645812988,0.0,0.0007321038,-0.00093843177,0.9995712,0.006798552,-0.0024586117,-2.9633584e-05,-0.0009803772,0.0055685043,0.0036513805,0.045978285,0.079582326,0.02257334,0.0405,0.021589505,1.0,,,,,,,,,,,,,,,,,,,,,,,,,,,,,,,,,,,,,,,,,,,
109.0,-0.0025193154339337733,0.04650649428367615,0.0004290580691304058,1.2601778507232666,0.0,0.00076137297,-0.00094850344,0.9995711,0.007024598,-0.0024171956,-2.9407862e-05,-0.0012464523,0.0054409504,0.003625393,-0.06378362,-0.030848982,-0.0058722086,0.040875,0.02178921,1.0,,,,,,,,,,,,,,,,,,,,,,,,,,,,,,,,,,,,,,,,,,,
110.0,-0.0025216016279240696,0.046908434480428696,0.0004292130470275879,1.2584011554718018,0.0,0.0007915619,-0.0009583573,0.99957097,0.007245343,-0.0023649305,-2.907634e-05,-0.0010538101,0.0057718754,0.003720522,0.04597364,0.07958128,0.022554299,0.04125,0.02198891,1.0,,,,,,,,,,,,,,,,,,,,,,,,,,,,,,,,,,,,,,,,,,,
111.0,-0.0025238849770039297,0.047309406101703644,0.00042929648770950735,1.2566063404083252,0.0,0.00082272687,-0.000968026,0.9995708,0.0074795913,-0.0023204847,-2.8853006e-05,-0.0013198853,0.0056443214,0.0036945343,-0.06378636,-0.030859768,-0.005860768,0.041625,0.022188606,1.0,,,,,,,,,,,,,,,,,,,,,,,,,,,,,,,,,,,,,,,,,,,
112.0,-0.002526169684301455,0.047709424048662186,0.00042939186096191406,1.2547937631607056,0.0,0.00085484574,-0.0009774643,0.9995707,0.007708537,-0.0022651898,-2.8336694e-05,-0.001127243,0.0059752464,0.0037896633,0.045968994,0.07958024,0.022535263,0.042,0.022388294,1.0,,,,,,,,,,,,,,,,,,,,,,,,,,,,,,,,,,,,,,,,,,,
113.0,-0.002528450432431366,0.04810840263962746,0.00042951107025146484,1.2529631853103638,0.0,0.00088797486,-0.0009867047,0.9995706,0.00795098,-0.0022177137,-2.834287e-05,-0.0013935566,0.005847454,0.0037636757,-0.06378909,-0.03087055,-0.005849325,0.042375,0.022587977,1.0,,,,,,,,,,,,,,,,,,,,,,,,,,,,,,,,,,,,,,,,,,,
114.0,-0.002530732902926445,0.04850635677576065,0.0004296302795410156,1.251114845275879,0.0,0.000922092,-0.0009957022,0.9995705,0.008188118,-0.0021593887,-2.7956376e-05,-0.001200676,0.006178379,0.0038585663,0.04596435,0.0795792,0.022516228,0.04275,0.022787657,1.0,,,,,,,,,,,,,,,,,,,,,,,,,,,,,,,,,,,,,,,,,,,
115.0,-0.0025330114166744844,0.04890332370996475,0.0004297494888305664,1.2492488622665405,0.0,0.00095725345,-0.0010044893,0.99957037,0.008438754,-0.0021088815,-2.7750279e-05,-0.0014669895,0.006050825,0.0038325787,-0.06379181,-0.030881327,-0.0058378805,0.043125,0.022987328,1.0,,,,,,,,,,,,,,,,,,,,,,,,,,,,,,,,,,,,,,,,,,,
116.0,-0.0025352913594913792,0.0492992103099823,0.0004298686981201172,1.2473652362823486,0.0,0.0009934371,-0.0010130206,0.99957025,0.008684078,-0.002047526,-2.7413353e-05,-0.0012741089,0.0063815117,0.0039274693,0.045959707,0.07957815,0.022497198,0.0435,0.023186995,1.0,,,,,,,,,,,,,,,,,,,,,,,,,,,,,,,,,,,,,,,,,,,
117.0,-0.0025375667079086386,0.04969402030110359,0.00042998790740966797,1.2454642057418823,0.0,0.0010306992,-0.0010213288,0.99957013,0.008942898,-0.0019939872,-2.7197782e-05,-0.0015404224,0.0062539577,0.00390172,-0.06379453,-0.030892098,-0.0058264337,0.043875,0.023386655,1.0,,,,,,,,,,,,,,,,,,,,,,,,,,,,,,,,,,,,,,,,,,,
118.0,-0.0025398433726113133,0.050087738782167435,0.00043010711669921875,1.2435457706451416,0.0,0.0010690176,-0.0010293688,0.99957,0.009196405,-0.0019296006,-2.6862814e-05,-0.0013477802,0.0065846443,0.0039966106,0.045955062,0.0795771,0.022478173,0.04425,0.02358631,1.0,,,,,,,,,,,,,,,,,,,,,,,,,,,,,,,,,,,,,,,,,,,
119.0,-0.0025421154165579207,0.05048035457730293,0.00043022632598876953,1.2416099309921265,0.0,0.0011084484,-0.0010371732,0.9995699,0.009463405,-0.0018730297,-2.6648948e-05,-0.0016140938,0.0064570904,0.003970623,-0.06379725,-0.030902864,-0.0058149844,0.044625,0.02378596,1.0,,,,,,,,,,,,,,,,,,,,,,,,,,,,,,,,,,,,,,,,,,,
120.0,-0.0025443887612140465,0.0508718304336071,0.0004303455352783203,1.239656925201416,0.0,0.0011489696,-0.0010446965,0.9995698,0.009725087,-0.0018056113,-2.6313313e-05,-0.0014212132,0.006787777,0.004065275,0.045950416,0.07957606,0.02245915,0.045,0.023985602,1.0,,,,,,,,,,,,,,,,,,,,,,,,,,,,,,,,,,,,,,,,,,,
121.0,-0.002546656907740653,0.051262177526950836,0.0004304051399230957,1.2376869916915894,0.0,0.0011906374,-0.0010519716,0.99956965,0.010000261,-0.0017460078,-2.6101767e-05,-0.0016875267,0.0066599846,0.004039526,-0.06379996,-0.030913627,-0.0058035334,0.045375,0.02418524,1.0,,,,,,,,,,,,,,,,,,,,,,,,,,,,,,,,,,,,,,,,,,,
122.0,-0.0025489261401207036,0.05165134742856026,0.0004305243492126465,1.2357001304626465,0.0,0.0012334295,-0.001058953,0.9995696,0.010270112,-0.0016755572,-2.5765323e-05,-0.0014948845,0.0069909096,0.004134178,0.045945775,0.07957502,0.02244013,0.04575,0.024384871,1.0,,,,,,,,,,,,,,,,,,,,,,,,,,,,,,,,,,,,,,,,,,,
123.0,-0.0025511907455046975,0.052039362490177155,0.00043064355850219727,1.2336963415145874,0.0,0.0012774022,-0.0010656735,0.9995695,0.010553452,-0.0016129209,-2.5740086e-05,-0.001761198,0.006863117,0.0041081905,-0.06380267,-0.030924384,-0.0057920804,0.046125,0.024584496,1.0,,,,,,,,,,,,,,,,,,,,,,,,,,,,,,,,,,,,,,,,,,,
124.0,-0.002553455578226048,0.05242616683244705,0.00043076276779174805,1.2316761016845703,0.0,0.0013225334,-0.0010720879,0.99956936,0.010831469,-0.0015394374,-2.535964e-05,-0.0015683174,0.007193804,0.004203081,0.04594113,0.07957397,0.022421116,0.0465,0.024784114,1.0,,,,,,,,,,,,,,,,,,,,,,,,,,,,,,,,,,,,,,,,,,,
125.0,-0.0025557156189686754,0.05281173437833786,0.0004308462084736675,1.2296392917633057,0.0,0.001368879,-0.0010782286,0.99956924,0.011122971,-0.0014737671,-2.5162934e-05,-0.0018348694,0.0070660114,0.0041770935,-0.063805364,-0.030935137,-0.005780625,0.046875,0.024983726,1.0,,,,,,,,,,,,,,,,,,,,,,,,,,,,,,,,,,,,,,,,,,,
126.0,-0.002557976145116957,0.053196102380752563,0.0004309415817260742,1.227586030960083,0.0,0.0014164172,-0.0010840504,0.9995692,0.011409146,-0.0013972505,-2.4822477e-05,-0.0016419888,0.0073969364,0.0042717457,0.045936484,0.07957292,0.022402104,0.04725,0.025183333,1.0,,,,,,,,,,,,,,,,,,,,,,,,,,,,,,,,,,,,,,,,,,,
127.0,-0.0025602310550201265,0.053579192608594894,0.000431060791015625,1.22551691532135,0.0,0.0014652038,-0.0010895861,0.99956906,0.0117088035,-0.0013285462,-2.4802499e-05,-0.0019085407,0.007269144,0.004245758,-0.06380806,-0.030945884,-0.0057691676,0.047625,0.025382934,1.0,,,,,,,,,,,,,,,,,,,,,,,,,,,,,,,,,,,,,,,,,,,
128.0,-0.0025624867295402187,0.05396101996302605,0.0004311800003051758,1.2234314680099487,0.0,0.0015152169,-0.0010947902,0.99956894,0.012003131,-0.0012489957,-2.4420291e-05,-0.0017156601,0.0075998306,0.00434041,0.045931842,0.07957188,0.022383098,0.048,0.025582528,1.0,,,,,,,,,,,,,,,,,,,,,,,,,,,,,,,,,,,,,,,,,,,
129.0,-0.0025647365137733647,0.05434155464172363,0.00043123960494995117,1.2213304042816162,0.0,0.0015665125,-0.0010996955,0.9995688,0.01231094,-0.0011772565,-2.4228315e-05,-0.0019819736,0.0074718,0.0043144226,-0.06381075,-0.030956626,-0.0057577086,0.048375,0.025782114,1.0,,,,,,,,,,,,,,,,,,,,,,,,,,,,,,,,,,,,,,,,,,,
130.0,-0.0025669861016842745,0.05472079664468765,0.00043135881423950195,1.219213604927063,0.0,0.0016190683,-0.0011042566,0.99956876,0.012613414,-0.0010946717,-2.3886216e-05,-0.0017893314,0.007802725,0.004409075,0.045927197,0.07957083,0.022364093,0.04875,0.025981696,1.0,,,,,,,,,,,,,,,,,,,,,,,,,,,,,,,,,,,,,,,,,,,
131.0,-0.002569230220127626,0.05509868264198303,0.00043147802352905273,1.2170811891555786,0.0,0.0016729407,-0.0011085061,0.99956864,0.012929366,-0.0010198975,-2.387094e-05,-0.002055645,0.007674694,0.004383087,-0.06381344,-0.030967364,-0.005746247,0.049125,0.02618127,1.0,,,,,,,,,,,,,,,,,,,,,,,,,,,,,,,,,,,,,,,,,,,
132.0,-0.0025714743778733015,0.05547525733709335,0.0004315376281738281,1.2149336338043213,0.0,0.0017281073,-0.0011123989,0.9995685,0.013239982,-0.0009342778,-2.3487099e-05,-0.0018630028,0.008005381,0.0044777393,0.045922555,0.07956979,0.022345094,0.0495,0.026380837,1.0,,,,,,,,,,,,,,,,,,,,,,,,,,,,,,,,,,,,,,,,,,,
133.0,-0.002573712830130531,0.05585045740008354,0.0004316568374633789,1.212770938873291,0.0,0.0017846243,-0.0011159676,0.99956846,0.0135640735,-0.0008564677,-2.3299817e-05,-0.0021293163,0.007877588,0.0044517517,-0.06381612,-0.030978099,-0.005734783,0.049875,0.026580399,1.0,,,,,,,,,,,,,,,,,,,,,,,,,,,,,,,,,,,,,,,,,,,
134.0,-0.002575950165523669,0.05622430890798569,0.00043174027814529836,1.210593342781067,0.0,0.0018424693,-0.0011191668,0.99956834,0.013882822,-0.00076781306,-2.3140046e-05,-0.0019364357,0.008208275,0.004546404,0.04591791,0.079568736,0.022326097,0.05025,0.026779953,1.0,,,,,,,,,,,,,,,,,,,,,,,,,,,,,,,,,,,,,,,,,,,
135.0,-0.002578182193360261,0.056596726179122925,0.0004318356513977051,1.2084009647369385,0.0,0.0019016988,-0.0011220291,0.9995683,0.0142150475,-0.00068696664,-2.2902323e-05,-0.0022029877,0.008080244,0.0045204163,-0.0638188,-0.030988825,-0.0057233176,0.050625,0.026979502,1.0,,,,,,,,,,,,,,,,,,,,,,,,,,,,,,,,,,,,,,,,,,,
136.0,-0.002580413439330601,0.05696772783994675,0.00043195486068725586,1.2061941623687744,0.0,0.0019622901,-0.0011245095,0.99956816,0.014541925,-0.00059527624,-2.275413e-05,-0.0020103455,0.008410931,0.00461483,0.045913268,0.07956769,0.022307105,0.051,0.027179042,1.0,,,,,,,,,,,,,,,,,,,,,,,,,,,,,,,,,,,,,,,,,,,
137.0,-0.002582732522642651,0.05733732506632805,0.00043201446533203125,1.2039730548858643,0.0,0.0020242995,-0.0011266402,0.99956805,0.014882278,-0.00051139307,-2.2515838e-05,-0.002276659,0.008283138,0.0045888424,-0.06382147,-0.030999549,-0.0057118502,0.051375,0.027378578,1.0,,,,,,,,,,,,,,,,,,,,,,,,,,,,,,,,,,,,,,,,,,,
138.0,-0.0025850517337117603,0.05770545080304146,0.00043213367462158203,1.201737642288208,0.0,0.0020877048,-0.0011283763,0.999568,0.01521728,-0.00041666592,-2.2183556e-05,-0.0021483898,0.008613586,0.004683256,0.030462831,0.079495765,0.022416059,0.05175,0.027578104,1.0,,,,,,,,,,,,,,,,,,,,,,,,,,,,,,,,,,,,,,,,,,,
139.0,-0.002690440629915322,0.058072108775377274,0.0004321932792663574,1.1994882822036743,0.0,0.0021525621,-0.0011297393,0.99956787,0.015565739,-0.0003271153,-2.2180158e-05,-0.0024790764,0.008485794,0.0046572685,-0.079266295,-0.031084185,-0.0055653513,0.052125,0.027777625,1.0,,,,,,,,,,,,,,,,,,,,,,,,,,,,,,,,,,,,,,,,,,,
140.0,-0.0026934652410057713,0.05843726918101311,0.0004323124885559082,1.1972249746322632,0.0,0.002218849,-0.0011306731,0.9995678,0.015908835,-0.00022409069,-2.1799608e-05,-0.0023505688,0.008816242,0.0047516823,0.030465366,0.07949587,0.022389982,0.0525,0.027977139,1.0,,,,,,,,,,,,,,,,,,,,,,,,,,,,,,,,,,,,,,,,,,,
141.0,-0.0026964808561965835,0.058800943195819855,0.0004323720932006836,1.194948434829712,0.0,0.0022866214,-0.0011311991,0.9995677,0.016265385,-0.0001262443,-2.180921e-05,-0.0026814938,0.00868845,0.0047256947,-0.07926164,-0.031097466,-0.005546809,0.052875,0.028176645,1.0,,,,,,,,,,,,,,,,,,,,,,,,,,,,,,,,,,,,,,,,,,,
142.0,-0.0026994924764419687,0.059163033962249756,0.0004324913024902344,1.1926581859588623,0.0,0.002355857,-0.0011312613,0.9995676,0.016616566,-1.492657e-05,-2.1427273e-05,-0.0025529861,0.009018898,0.0048201084,0.030467896,0.07949597,0.02236391,0.05325,0.028376145,1.0,,,,,,,,,,,,,,,,,,,,,,,,,,,,,,,,,,,,,,,,,,,
143.0,-0.002702495094012098,0.059523604810237885,0.00043255090713500977,1.1903549432754517,0.0,0.0024266122,-0.0011308813,0.9995675,0.0169812,9.121141e-05,-2.1438867e-05,-0.0028839111,0.008890867,0.004794121,-0.07925698,-0.031110737,-0.005528268,0.053625,0.028575638,1.0,,,,,,,,,,,,,,,,,,,,,,,,,,,,,,,,,,,,,,,,,,,
144.0,-0.002705494242486331,0.05988255888223648,0.00043267011642456055,1.18803870677948,0.0,0.002498864,-0.0011300029,0.99956745,0.017340463,0.00021081805,-2.105813e-05,-0.0027554035,0.009221554,0.004888296,0.030470422,0.079496056,0.022337845,0.054,0.028775124,1.0,,,,,,,,,,,,,,,,,,,,,,,,,,,,,,,,,,,,,,,,,,,
145.0,-0.0027084832644363615,0.06023995205760002,0.00043272972106933594,1.1857097148895264,0.0,0.002572669,-0.0011286477,0.99956733,0.017713172,0.0003252434,-2.1071111e-05,-0.00308609,0.009093523,0.0048623085,-0.07925232,-0.031123998,-0.0055097286,0.054375,0.028974602,1.0,,,,,,,,,,,,,,,,,,,,,,,,,,,,,,,,,,,,,,,,,,,
146.0,-0.0027114685310694296,0.06059570237994194,0.0004328489303588867,1.18336820602417,0.0,0.0026480043,-0.0011267596,0.9995673,0.018080508,0.00045313477,-2.0691708e-05,-0.0029575825,0.009423971,0.004956484,0.030472942,0.07949615,0.022311786,0.05475,0.029174073,1.0,,,,,,,,,,,,,,,,,,,,,,,,,,,,,,,,,,,,,,,,,,,
147.0,-0.0027144428411914772,0.060949794948101044,0.0004329085350036621,1.1810141801834106,0.0,0.0027249265,-0.0011243602,0.99956715,0.018461289,0.00057584327,-2.0706042e-05,-0.0032885075,0.00929594,0.004930496,-0.07924766,-0.031137247,-0.0054911897,0.055125,0.029373536,1.0,,,,,,,,,,,,,,,,,,,,,,,,,,,,,,,,,,,,,,,,,,,
148.0,-0.0027174132154316583,0.06130225583910942,0.00043299197568558156,1.1786481142044067,0.0,0.0028034127,-0.0011213935,0.9995671,0.018836692,0.00071201514,-2.0327985e-05,-0.0031597614,0.009626627,0.005024433,0.030475456,0.079496235,0.022285732,0.0555,0.029572992,1.0,,,,,,,,,,,,,,,,,,,,,,,,,,,,,,,,,,,,,,,,,,,
149.0,-0.002720373432957006,0.061653025448322296,0.0004330873489379883,1.1762698888778687,0.0,0.002883519,-0.001117881,0.99956703,0.019225538,0.0008430026,-2.034367e-05,-0.0034906864,0.009498358,0.0049984455,-0.07924299,-0.031150486,-0.005472652,0.055875,0.029772442,1.0,,,,,,,,,,,,,,,,,,,,,,,,,,,,,,,,,,,,,,,,,,,
150.0,-0.0027233279200384887,0.06200208514928818,0.00043314695358276367,1.173879861831665,0.0,0.0029652233,-0.0011137667,0.9995669,0.019608999,0.00098745,-2.0150912e-05,-0.0033619404,0.009829044,0.005092621,0.030477967,0.079496324,0.022259684,0.05625,0.029971883,1.0,,,,,,,,,,,,,,,,,,,,,,,,,,,,,,,,,,,,,,,,,,,
151.0,-0.002726272259464595,0.06234942749142647,0.00043326616287231445,1.171478271484375,0.0,0.003048581,-0.001109072,0.99956685,0.020005904,0.001126713,-1.9940811e-05,-0.0036928654,0.009700775,0.005066633,-0.07923832,-0.031163717,-0.005454116,0.056625,0.030171316,1.0,,,,,,,,,,,,,,,,,,,,,,,,,,,,,,,,,,,,,,,,,,,
152.0,-0.0027292111948042774,0.06269501894712448,0.00043332576751708984,1.169065237045288,0.0,0.0031335703,-0.001103741,0.99956673,0.020397417,0.0012794322,-1.980271e-05,-0.0035641193,0.010031462,0.00516057,0.030480474,0.0794964,0.022233643,0.057,0.030370744,1.0,,,,,,,,,,,,,,,,,,,,,,,,,,,,,,,,,,,,,,,,,,,
153.0,-0.00273213925390197,0.06303884088993073,0.0004334092081990093,1.1666408777236938,0.0,0.0032202469,-0.0010977953,0.9995667,0.020802375,0.0014269657,-1.9581445e-05,-0.003894806,0.0099031925,0.0051345825,-0.07923365,-0.031176936,-0.0054355813,0.057375,0.030570162,1.0,,,,,,,,,,,,,,,,,,,,,,,,,,,,,,,,,,,,,,,,,,,
154.0,-0.002735061189789389,0.06338087469339371,0.000433504581451416,1.1642053127288818,0.0,0.0033085884,-0.0010911789,0.9995666,0.021201937,0.0015879527,-1.944762e-05,-0.0037662983,0.010233879,0.005228281,0.030482976,0.07949648,0.022207607,0.05775,0.030769574,1.0,,,,,,,,,,,,,,,,,,,,,,,,,,,,,,,,,,,,,,,,,,,
155.0,-0.0027379713965959957,0.06372110545635223,0.0004335641860961914,1.1617588996887207,0.0,0.0033986506,-0.0010839133,0.9995665,0.021614935,0.0017437518,-1.941097e-05,-0.004096985,0.01010561,0.005202532,-0.079228975,-0.031190144,-0.0054170475,0.058125,0.030968977,1.0,,,,,,,,,,,,,,,,,,,,,,,,,,,,,,,,,,,,,,,,,,,
156.0,-0.0027408762487994304,0.06405949592590332,0.00043364762677811086,1.1593016386032104,0.0,0.0034904112,-0.0010759424,0.99956644,0.022022542,0.0019130032,-1.9051518e-05,-0.003968239,0.010436058,0.0052962303,0.030485472,0.079496555,0.022181576,0.0585,0.031168373,1.0,,,,,,,,,,,,,,,,,,,,,,,,,,,,,,,,,,,,,,,,,,,
157.0,-0.002743768648031799,0.06439603865146637,0.0004337430000305176,1.1568336486816406,0.0,0.003583926,-0.001067288,0.9995664,0.022443578,0.002077064,-1.9069485e-05,-0.0042989254,0.010307789,0.0052702427,-0.079224296,-0.031203344,-0.0053985147,0.058875,0.03136776,1.0,,,,,,,,,,,,,,,,,,,,,,,,,,,,,,,,,,,,,,,,,,,
158.0,-0.00274665507357173,0.0647306814789772,0.00043380260467529297,1.1543552875518799,0.0,0.0036791728,-0.0010578939,0.99956626,0.022859216,0.0022545739,-1.8882825e-05,-0.0041701794,0.010638475,0.005363941,0.030487962,0.07949662,0.022155551,0.05925,0.03156714,1.0,,,,,,,,,,,,,,,,,,,,,,,,,,,,,,,,,,,,,,,,,,,
159.0,-0.002749528971531101,0.0650634765625,0.00043386220932006836,1.1518665552139282,0.0,0.0037762073,-0.0010477819,0.9995662,0.023288287,0.0024268935,-1.8677945e-05,-0.0045011044,0.010510206,0.0053379536,-0.07921961,-0.031216532,-0.005379983,0.059625,0.03176651,1.0,,,,,,,,,,,,,,,,,,,,,,,,,,,,,,,,,,,,,,,,,,,
160.0,-0.0027523961029286624,0.065394327044487,0.0004339575825724751,1.1493674516677856,0.0,0.0038750072,-0.0010368958,0.99956614,0.023711951,0.002612658,-1.8545243e-05,-0.00437212,0.010840654,0.005431652,0.030490449,0.07949669,0.022129532,0.06,0.031965878,1.0,,,,,,,,,,,,,,,,,,,,,,,,,,,,,,,,,,,,,,,,,,,
161.0,-0.002755250485377383,0.06572328507900238,0.00043404102325439453,1.1468584537506104,0.0,0.003975628,-0.0010252573,0.999566,0.024149045,0.0027932303,-1.8513312e-05,-0.004703045,0.010712385,0.0054056644,-0.07921492,-0.031229712,-0.005361453,0.060375,0.032165233,1.0,,,,,,,,,,,,,,,,,,,,,,,,,,,,,,,,,,,,,,,,,,,
162.0,-0.0027580978399888863,0.066050224006176,0.0004341006278991699,1.1443393230438232,0.0,0.004078048,-0.0010128105,0.99956596,0.024580734,0.0029872467,-1.815772e-05,-0.0045740604,0.011042833,0.0054991245,0.030492932,0.079496756,0.02210352,0.06075,0.03236458,1.0,,,,,,,,,,,,,,,,,,,,,,,,,,,,,,,,,,,,,,,,,,,
163.0,-0.0027609320711445944,0.066375233232975,0.0004341840685810894,1.141810417175293,0.0,0.0041823224,-0.0009995769,0.9995659,0.025025846,0.0031760677,-1.8179759e-05,-0.0049049854,0.010914564,0.0054733753,-0.07921024,-0.03124288,-0.005342924,0.061125,0.03256392,1.0,,,,,,,,,,,,,,,,,,,,,,,,,,,,,,,,,,,,,,,,,,,
164.0,-0.0027637590287303516,0.06669822335243225,0.00043425560579635203,1.1392717361450195,0.0,0.0042884285,-0.0009855005,0.99956584,0.025465546,0.0033783298,-1.7997107e-05,-0.004776001,0.011245012,0.005566597,0.030495409,0.079496816,0.022077514,0.0615,0.032763254,1.0,,,,,,,,,,,,,,,,,,,,,,,,,,,,,,,,,,,,,,,,,,,
165.0,-0.0027665722158854394,0.06701920926570892,0.0004343390464782715,1.136723518371582,0.0,0.004396423,-0.00097060297,0.9995657,0.02591867,0.0035753958,-1.7980215e-05,-0.0051066875,0.011116743,0.005540848,-0.07920554,-0.03125604,-0.0053243963,0.061875,0.03296258,1.0,,,,,,,,,,,,,,,,,,,,,,,,,,,,,,,,,,,,,,,,,,,
166.0,-0.0027693777425725915,0.06733812391757965,0.0004343986511230469,1.1341655254364014,0.0,0.004506283,-0.0009548284,0.99956566,0.026366381,0.0037859008,-1.76244e-05,-0.004977703,0.011447191,0.0056340694,0.03049788,0.079496875,0.022051511,0.06225,0.033161893,1.0,,,,,,,,,,,,,,,,,,,,,,,,,,,,,,,,,,,,,,,,,,,
167.0,-0.00277216899446842,0.0676550343632698,0.00043448209180496633,1.1315981149673462,0.0,0.0046180645,-0.00093819835,0.9995656,0.02682751,0.003991207,-1.7649807e-05,-0.005308628,0.011318684,0.0056083202,-0.07920085,-0.031269185,-0.00530587,0.062625,0.0333612,1.0,,,,,,,,,,,,,,,,,,,,,,,,,,,,,,,,,,,,,,,,,,,
168.0,-0.0027749526939309533,0.06796981394290924,0.000434553629020229,1.1290212869644165,0.0,0.0047317445,-0.0009206569,0.99956554,0.02728322,0.004209949,-1.7469665e-05,-0.0051796436,0.011649132,0.005701542,0.030500349,0.07949693,0.022025516,0.063,0.0335605,1.0,,,,,,,,,,,,,,,,,,,,,,,,,,,,,,,,,,,,,,,,,,,
169.0,-0.0027777236242428806,0.06828252226114273,0.00043463706970214844,1.1264352798461914,0.0,0.0048473794,-0.00090222567,0.9995654,0.027752347,0.0044234917,-1.7455499e-05,-0.00551033,0.011520863,0.0056757927,-0.079196155,-0.031282324,-0.0052873446,0.063375,0.03375979,1.0,,,,,,,,,,,,,,,,,,,,,,,,,,,,,,,,,,,,,,,,,,,
170.0,-0.002780486109358481,0.0685931071639061,0.00043469667434692383,1.1238399744033813,0.0,0.004964946,-0.00088284875,0.99956536,0.028216053,0.004650468,-1.7102346e-05,-0.0053813457,0.011851311,0.005768776,0.030502811,0.07949698,0.021999527,0.06375,0.033959072,1.0,,,,,,,,,,,,,,,,,,,,,,,,,,,,,,,,,,,,,,,,,,,
171.0,-0.002783234047285491,0.06890152394771576,0.0004347562789916992,1.1212354898452759,0.0,0.005084501,-0.0008625477,0.9995653,0.028693173,0.0048722425,-1.7130436e-05,-0.0057120323,0.011722803,0.0057430267,-0.079191454,-0.031295452,-0.0052688206,0.064125,0.034158345,1.0,,,,,,,,,,,,,,,,,,,,,,,,,,,,,,,,,,,,,,,,,,,
172.0,-0.0027859728151831444,0.06920777261257172,0.0004348397196736187,1.1186217069625854,0.0,0.005206021,-0.0008412667,0.99956524,0.029164866,0.0051074466,-1.6952965e-05,-0.005583048,0.012053251,0.00583601,0.03050527,0.079497024,0.021973543,0.0645,0.03435761,1.0,,,,,,,,,,,,,,,,,,,,,,,,,,,,,,,,,,,,,,,,,,,
173.0,-0.0027886966978016544,0.06951186060905457,0.00043489932431839406,1.1159988641738892,0.0,0.005329563,-0.00081902737,0.9995652,0.029649971,0.005337449,-1.6941482e-05,-0.0059137344,0.011924744,0.005810261,-0.079186745,-0.03130857,-0.005250298,0.064875,0.03455687,1.0,,,,,,,,,,,,,,,,,,,,,,,,,,,,,,,,,,,,,,,,,,,
174.0,-0.002791411500861928,0.06981372833251953,0.0004349708615336567,1.113366961479187,0.0,0.005455103,-0.0007957737,0.9995651,0.030129643,0.005580878,-1.6774946e-05,-0.00578475,0.012255192,0.005903244,0.030507723,0.07949707,0.021947566,0.06525,0.034756117,1.0,,,,,,,,,,,,,,,,,,,,,,,,,,,,,,,,,,,,,,,,,,,
175.0,-0.002794110252337814,0.07011336833238602,0.0004350304661784321,1.1107261180877686,0.0,0.0055826977,-0.0007715274,0.999565,0.030622728,0.005819103,-1.6762548e-05,-0.0061154366,0.012126684,0.005877495,-0.079182036,-0.03132168,-0.0052317763,0.065625,0.034955356,1.0,,,,,,,,,,,,,,,,,,,,,,,,,,,,,,,,,,,,,,,,,,,
176.0,-0.0027967997249452653,0.07041078060865402,0.00043511390686035156,1.1080760955810547,0.0,0.0057123243,-0.00074623263,0.99956495,0.031110376,0.0060707536,-1.6413927e-05,-0.0059862137,0.012457132,0.0059702396,0.03051017,0.079497114,0.021921594,0.066,0.035154585,1.0,,,,,,,,,,,,,,,,,,,,,,,,,,,,,,,,,,,,,,,,,,,
177.0,-0.0027994728970202197,0.07070590555667877,0.00043517351150512695,1.1054171323776245,0.0,0.0058440384,-0.00071991095,0.9995649,0.03161143,0.0063171973,-1.6445909e-05,-0.0063171387,0.012328625,0.0059444904,-0.07917733,-0.031334776,-0.0052132555,0.066375,0.03535381,1.0,,,,,,,,,,,,,,,,,,,,,,,,,,,,,,,,,,,,,,,,,,,
178.0,-0.0028021365710107454,0.07099872827529907,0.0004352569521870464,1.102748990058899,0.0,0.005977818,-0.00069250655,0.9995648,0.032107048,0.006577063,-1.6272468e-05,-0.006187916,0.012659073,0.0060374737,0.030512614,0.07949715,0.021895628,0.06675,0.03555302,1.0,,,,,,,,,,,,,,,,,,,,,,,,,,,,,,,,,,,,,,,,,,,
179.0,-0.0028047839415174304,0.07128926366567612,0.0004353165568318218,1.100071907043457,0.0,0.0061137183,-0.000664041,0.99956477,0.032616068,0.006831721,-1.6264992e-05,-0.0065186024,0.012530327,0.006011486,-0.07917262,-0.031347863,-0.0051947366,0.067125,0.035752226,1.0,,,,,,,,,,,,,,,,,,,,,,,,,,,,,,,,,,,,,,,,,,,
180.0,-0.0028074410073738775,0.07157744467258453,0.0004353761614765972,1.0973858833312988,0.0,0.0062517165,-0.00063445856,0.9995647,0.033119645,0.007099798,-1.6102455e-05,-0.0063893795,0.012860775,0.006104231,0.030515052,0.07949719,0.021869667,0.0675,0.03595142,1.0,,,,,,,,,,,,,,,,,,,,,,,,,,,,,,,,,,,,,,,,,,,
181.0,-0.0028100835290385123,0.07186328619718552,0.00043544769869185984,1.0946905612945557,0.0,0.0063918694,-0.00060378073,0.99956465,0.033636622,0.0073626665,-1.609407e-05,-0.006720066,0.012732267,0.0060784817,-0.0791679,-0.03136094,-0.0051762187,0.067875,0.036150604,1.0,,,,,,,,,,,,,,,,,,,,,,,,,,,,,,,,,,,,,,,,,,,
182.0,-0.0028127169272250487,0.07214675843715668,0.00043550730333663523,1.0919862985610962,0.0,0.006534153,-0.0005719518,0.9995645,0.034148153,0.0076389504,-1.593339e-05,-0.006590843,0.0130627155,0.0061712265,0.030517487,0.07949722,0.021843713,0.06825,0.036349785,1.0,,,,,,,,,,,,,,,,,,,,,,,,,,,,,,,,,,,,,,,,,,,
183.0,-0.0028153342616647347,0.07242782413959503,0.0004355669079814106,1.0892729759216309,0.0,0.0066786245,-0.00053899334,0.99956447,0.034673087,0.007910025,-1.5742275e-05,-0.00692153,0.0129339695,0.0061454773,-0.07916318,-0.031374007,-0.005157702,0.068625,0.03654895,1.0,,,,,,,,,,,,,,,,,,,,,,,,,,,,,,,,,,,,,,,,,,,
184.0,-0.002817942028276119,0.07270645350217819,0.000435626512626186,1.0865503549575806,0.0,0.0068252604,-0.00050484954,0.9995644,0.035192564,0.008194512,-1.5626116e-05,-0.006792307,0.013264418,0.0062379837,0.030519916,0.07949725,0.021817764,0.069,0.03674811,1.0,,,,,,,,,,,,,,,,,,,,,,,,,,,,,,,,,,,,,,,,,,,
185.0,-0.0028205336786814627,0.07298269867897034,0.0004356861172709614,1.0838185548782349,0.0,0.006974116,-0.0004695421,0.99956435,0.03572544,0.0084737865,-1.5610147e-05,-0.0071229935,0.013135672,0.0062122345,-0.079158455,-0.031387065,-0.0051391865,0.069375,0.036947258,1.0,,,,,,,,,,,,,,,,,,,,,,,,,,,,,,,,,,,,,,,,,,,
186.0,-0.0028231154846274104,0.07325643301010132,0.0004357457219157368,1.0810774564743042,0.0,0.0071251695,-0.00043301514,0.9995643,0.03625286,0.008766472,-1.545453e-05,-0.0069937706,0.01346612,0.006304741,0.03052234,0.07949727,0.021791821,0.06975,0.0371464,1.0,,,,,,,,,,,,,,,,,,,,,,,,,,,,,,,,,,,,,,,,,,,
187.0,-0.002825680777993541,0.0735277608036995,0.00043582916259765625,1.0783270597457886,0.0,0.007278477,-0.00039529038,0.99956423,0.03679367,0.009053944,-1.5449466e-05,-0.007324457,0.013337374,0.0062789917,-0.07915373,-0.03140011,-0.0051206723,0.070125,0.03734553,1.0,,,,,,,,,,,,,,,,,,,,,,,,,,,,,,,,,,,,,,,,,,,
188.0,-0.0028282354589592267,0.07379652559757233,0.00043588876724243164,1.0755672454833984,0.0,0.007434014,-0.00035631197,0.9995642,0.037329026,0.009354822,-1.5292931e-05,-0.0071952343,0.013667822,0.006371498,0.03052476,0.07949729,0.021765884,0.0705,0.037544653,1.0,,,,,,,,,,,,,,,,,,,,,,,,,,,,,,,,,,,,,,,,,,,
189.0,-0.002830773818960663,0.07406280189752579,0.00043594837188720703,1.0727978944778442,0.0,0.0075918385,-0.0003161016,0.9995641,0.03787777,0.009650486,-1.528973e-05,-0.0075256824,0.013539076,0.006345749,-0.079149,-0.03141315,-0.0051021595,0.070875,0.037743766,1.0,,,,,,,,,,,,,,,,,,,,,,,,,,,,,,,,,,,,,,,,,,,
190.0,-0.002833300611760359,0.0743265300989151,0.0004360318125691265,1.070019006729126,0.0,0.007751926,-0.00027460346,0.99956405,0.03842105,0.009959554,-1.51344e-05,-0.0073964596,0.013869524,0.006438017,0.030527176,0.079497315,0.021739954,0.07125,0.037942868,1.0,,,,,,,,,,,,,,,,,,,,,,,,,,,,,,,,,,,,,,,,,,,
191.0,-0.002835811163371041,0.07458767294883728,0.0004360914172139019,1.067230463027954,0.0,0.007914334,-0.00023183927,0.999564,0.038977716,0.010263406,-1.5132559e-05,-0.007727146,0.01374054,0.0064122677,-0.07914427,-0.031426176,-0.0050836476,0.071625,0.038141962,1.0,,,,,,,,,,,,,,,,,,,,,,,,,,,,,,,,,,,,,,,,,,,
192.0,-0.002838310741864877,0.0748462826013565,0.00043615102185867727,1.0644323825836182,0.0,0.008079037,-0.00018775319,0.99956393,0.039528918,0.010580658,-1.4978547e-05,-0.007597685,0.014070988,0.0065045357,0.030529587,0.07949733,0.021714028,0.072,0.038341045,1.0,,,,,,,,,,,,,,,,,,,,,,,,,,,,,,,,,,,,,,,,,,,
193.0,-0.0028407924105115457,0.07510226219892502,0.00043621062650345266,1.0616244077682495,0.0,0.008246093,-0.00014236697,0.9995639,0.040093504,0.010892693,-1.4978043e-05,-0.007928371,0.013942242,0.0064787865,-0.07913954,-0.031439193,-0.005065137,0.072375,0.038540117,1.0,,,,,,,,,,,,,,,,,,,,,,,,,,,,,,,,,,,,,,,,,,,
194.0,-0.002843262403199974,0.07535560429096222,0.000436246395111084,1.0588064193725586,0.0,0.008415479,-9.562478e-05,0.9995638,0.040652618,0.011218126,-1.4825356e-05,-0.00779891,0.014272451,0.0065710545,0.030531991,0.07949734,0.02168811,0.07275,0.038739182,1.0,,,,,,,,,,,,,,,,,,,,,,,,,,,,,,,,,,,,,,,,,,,
195.0,-0.002845715555365997,0.0756063163280487,0.0004363059997558594,1.055978536605835,0.0,0.0085872505,-4.7548365e-05,0.99956375,0.041225113,0.011538339,-1.4826182e-05,-0.008129597,0.014143705,0.0065453053,-0.0791348,-0.031452198,-0.005046628,0.073125,0.03893824,1.0,,,,,,,,,,,,,,,,,,,,,,,,,,,,,,,,,,,,,,,,,,,
196.0,-0.0028481563251102227,0.07585437595844269,0.00043636560440063477,1.0531402826309204,0.0,0.0087613845,1.918084e-06,0.9995637,0.041792132,0.011871948,-1.4674821e-05,-0.008000135,0.0144741535,0.006637335,0.030534392,0.079497345,0.021662194,0.0735,0.039137285,1.0,,,,,,,,,,,,,,,,,,,,,,,,,,,,,,,,,,,,,,,,,,,
197.0,-0.0028505794478661172,0.07609972357749939,0.0004364371416158974,1.050291895866394,0.0,0.008937936,5.2752814e-05,0.99956363,0.042372532,0.012200335,-1.4676978e-05,-0.008330822,0.014345169,0.0066115856,-0.07913005,-0.031465195,-0.0050281202,0.073875,0.03933632,1.0,,,,,,,,,,,,,,,,,,,,,,,,,,,,,,,,,,,,,,,,,,,
198.0,-0.002852990244684935,0.0763423889875412,0.0004364967462606728,1.0474331378936768,0.0,0.009116884,0.000105011626,0.9995635,0.042947453,0.0125421155,-1.4526939e-05,-0.008201361,0.014675617,0.006703615,0.030536788,0.07949735,0.021636287,0.07425,0.039535344,1.0,,,,,,,,,,,,,,,,,,,,,,,,,,,,,,,,,,,,,,,,,,,
199.0,-0.002855383155012549,0.07658232003450394,0.0004365563509054482,1.044563889503479,0.0,0.009298284,0.00015867277,0.99956346,0.04353575,0.012878673,-1.43464895e-05,-0.008531809,0.014546633,0.0066781044,-0.07912531,-0.03147818,-0.0050096135,0.074625,0.03973436,1.0,,,,,,,,,,,,,,,,,,,,,,,,,,,,,,,,,,,,,,,,,,,
200.0,-0.0028577628938105315,0.07681950181722641,0.00043660402297973633,1.0416840314865112,0.0,0.009482111,0.00021379202,0.9995634,0.04411856,0.01322862,-1.4240926e-05,-0.008402348,0.014877081,0.0067698956,0.03053918,0.07949735,0.021610385,0.075,0.039933365,1.0,,,,,,,,,,,,,,,,,,,,,,,,,,,,,,,,,,,,,,,,,,,
201.0,-0.00286012478591598,0.07705393433570862,0.0004366636276245117,1.0387935638427734,0.0,0.009668422,0.0002703476,0.9995634,0.04471475,0.013573342,-1.4235621e-05,-0.008733034,0.0147480965,0.0067443848,-0.07912056,-0.031491157,-0.004991108,0.075375,0.040132362,1.0,,,,,,,,,,,,,,,,,,,,,,,,,,,,,,,,,,,,,,,,,,,
202.0,-0.002862473391769656,0.07728554308414459,0.0004367232322692871,1.0358922481536865,0.0,0.0098571945,0.0003283953,0.99956334,0.045305442,0.013931449,-1.4274538e-05,-0.008603573,0.015078306,0.006836176,0.030541567,0.07949735,0.021584488,0.07575,0.04033135,1.0,,,,,,,,,,,,,,,,,,,,,,,,,,,,,,,,,,,,,,,,,,,
203.0,-0.002864803660495365,0.07751436531543732,0.0004367828369140625,1.032979965209961,0.0,0.010048484,0.00038791334,0.9995633,0.045909513,0.014284331,-1.4236978e-05,-0.008934021,0.014949322,0.0068104267,-0.079115815,-0.031504124,-0.004972604,0.076125,0.040530324,1.0,,,,,,,,,,,,,,,,,,,,,,,,,,,,,,,,,,,,,,,,,,,
204.0,-0.0028671203473525564,0.07774035632610321,0.0004368424415588379,1.0300565958023071,0.0,0.010242268,0.00044895752,0.9995632,0.04650809,0.014650597,-1.4101157e-05,-0.00880456,0.01527977,0.006902218,0.030543948,0.07949735,0.021558598,0.0765,0.040729288,1.0,,,,,,,,,,,,,,,,,,,,,,,,,,,,,,,,,,,,,,,,,,,
205.0,-0.002869418030689871,0.07796347886323929,0.0004369020462036133,1.0271220207214355,0.0,0.0104386015,0.000511506,0.99956316,0.047120035,0.015011635,-1.4106228e-05,-0.009135008,0.015150547,0.0068764687,-0.07911106,-0.03151708,-0.004954101,0.076875,0.040928245,1.0,,,,,,,,,,,,,,,,,,,,,,,,,,,,,,,,,,,,,,,,,,,
206.0,-0.002871702236331549,0.07818374037742615,0.00043696165084838867,1.0241761207580566,0.0,0.010637462,0.00057561457,0.9995631,0.047726482,0.015386053,-1.3962039e-05,-0.009005547,0.015480995,0.00696826,0.030546324,0.079497345,0.021532714,0.07725,0.04112719,1.0,,,,,,,,,,,,,,,,,,,,,,,,,,,,,,,,,,,,,,,,,,,
207.0,-0.00287396715714146,0.07840113341808319,0.00043702125549316406,1.0212185382843018,0.0,0.010838904,0.0006412614,0.99956304,0.048346296,0.015755242,-1.397071e-05,-0.009335995,0.015352011,0.0069425106,-0.0791063,-0.031530026,-0.0049355994,0.077625,0.041326124,1.0,,,,,,,,,,,,,,,,,,,,,,,,,,,,,,,,,,,,,,,,,,,
208.0,-0.0028762179153886645,0.07861556112766266,0.00043708086013793945,1.0182496309280396,0.0,0.011042907,0.00070850225,0.999563,0.048960607,0.016137809,-1.3827306e-05,-0.009206533,0.01568222,0.0070343018,0.030548697,0.07949733,0.021506835,0.078,0.04152505,1.0,,,,,,,,,,,,,,,,,,,,,,,,,,,,,,,,,,,,,,,,,,,
209.0,-0.0028784488810690333,0.07882709801197052,0.00043714046478271484,1.0152688026428223,0.0,0.0112495255,0.00077731535,0.9995629,0.04958828,0.016515145,-1.383743e-05,-0.009536982,0.015553236,0.0070085526,-0.07910154,-0.03154296,-0.004917099,0.078375,0.041723963,1.0,,,,,,,,,,,,,,,,,,,,,,,,,,,,,,,,,,,,,,,,,,,
210.0,-0.0028806661430755415,0.0790356695652008,0.00043720006942749023,1.0122761726379395,0.0,0.011458735,0.0008477564,0.99956286,0.05021045,0.016905855,-1.3695316e-05,-0.009407282,0.015883446,0.0071001053,0.030551065,0.079497315,0.021480963,0.07875,0.041922867,1.0,,,,,,,,,,,,,,,,,,,,,,,,,,,,,,,,,,,,,,,,,,,
211.0,-0.00288286282257953,0.07924129068851471,0.00043723583803512156,1.0092716217041016,0.0,0.011670593,0.0009198036,0.9995628,0.05084598,0.017291332,-1.3706771e-05,-0.009737968,0.015754223,0.0070745945,-0.07909678,-0.031555887,-0.0048986,0.079125,0.04212176,1.0,,,,,,,,,,,,,,,,,,,,,,,,,,,,,,,,,,,,,,,,,,,
212.0,-0.0028850454869868915,0.07944387197494507,0.00043729544267989695,1.006255030632019,0.0,0.011885077,0.0009935127,0.99956274,0.051476,0.01769018,-1.3565973e-05,-0.009608269,0.016084671,0.007165909,0.030553428,0.0794973,0.021455094,0.0795,0.042320643,1.0,,,,,,,,,,,,,,,,,,,,,,,,,,,,,,,,,,,,,,,,,,,
213.0,-0.0028872077426395893,0.07964347302913666,0.00043735504732467234,1.0032262802124023,0.0,0.012102241,0.0010688618,0.9995627,0.052119378,0.018083794,-1.3578755e-05,-0.009938717,0.015955448,0.007140398,-0.07909202,-0.031568803,-0.0048801024,0.079875,0.042519517,1.0,,,,,,,,,,,,,,,,,,,,,,,,,,,,,,,,,,,,,,,,,,,
214.0,-0.0028893552425636815,0.07984001934528351,0.00043741465196944773,1.0001851320266724,0.0,0.012322063,0.0011459067,0.9995626,0.05275724,0.018490778,-1.3439273e-05,-0.009809017,0.016285896,0.0072317123,0.030555787,0.07949728,0.021429233,0.08025,0.042718377,1.0,,,,,,,,,,,,,,,,,,,,,,,,,,,,,,,,,,,,,,,,,,,
215.0,-0.0028914815782857674,0.08003351837396622,0.0004374742566142231,0.9971315264701843,0.0,0.012544598,0.0012246256,0.99956256,0.05340846,0.018892523,-1.3453379e-05,-0.010139465,0.016156673,0.0072062016,-0.07908725,-0.03158171,-0.004861606,0.080625,0.04291723,1.0,,,,,,,,,,,,,,,,,,,,,,,,,,,,,,,,,,,,,,,,,,,
216.0,-0.0028935931285482444,0.0802239328622818,0.00043751002522185445,0.9940654039382935,0.0,0.012769824,0.0013050741,0.9995625,0.054054156,0.019307636,-1.3315213e-05,-0.010009766,0.016486883,0.0072972775,0.03055814,0.079497255,0.021403378,0.081,0.043116067,1.0,,,,,,,,,,,,,,,,,,,,,,,,,,,,,,,,,,,,,,,,,,,
217.0,-0.0028956832954785895,0.08041125535964966,0.00043756962986662984,0.990986704826355,0.0,0.012997796,0.0013872304,0.99956244,0.05471321,0.019717509,-1.3330643e-05,-0.010340214,0.01635766,0.0072717667,-0.079082474,-0.031594608,-0.00484311,0.081375,0.043314897,1.0,,,,,,,,,,,,,,,,,,,,,,,,,,,,,,,,,,,,,,,,,,,
218.0,-0.0028977580955045113,0.08059544861316681,0.00043762923451140523,0.9878951907157898,0.0,0.01322849,0.0014711502,0.9995624,0.055366736,0.020140747,-1.3193794e-05,-0.010210514,0.01668787,0.007363081,0.030560488,0.079497226,0.021377528,0.08175,0.043513715,1.0,,,,,,,,,,,,,,,,,,,,,,,,,,,,,,,,,,,,,,,,,,,
219.0,-0.0028998121883975704,0.08077652752399445,0.0004376649740152061,0.9847909212112427,0.0,0.013461963,0.0015568116,0.9995623,0.05603361,0.020558741,-1.3210545e-05,-0.010540962,0.016558647,0.007337332,-0.0790777,-0.031607494,-0.0048246165,0.082125,0.043712523,1.0,,,,,,,,,,,,,,,,,,,,,,,,,,,,,,,,,,,,,,,,,,,
220.0,-0.0029018506890640737,0.0809544175863266,0.0004377245786599815,0.9816735982894897,0.0,0.013698192,0.0016442704,0.99956226,0.056694962,0.020990098,-1.307501e-05,-0.0104112625,0.016888857,0.007428646,0.030562833,0.079497196,0.021351684,0.0825,0.04391132,1.0,,,,,,,,,,,,,,,,,,,,,,,,,,,,,,,,,,,,,,,,,,,
221.0,-0.0029036362065580096,0.08112915605306625,0.0004377722798381001,0.9785435199737549,0.0,0.013937233,0.0017335046,0.9995622,0.057369657,0.021416212,-1.3093085e-05,-0.010741711,0.016759634,0.007402897,-0.07907292,-0.03162037,-0.0048061237,0.082875,0.044110104,1.0,,,,,,,,,,,,,,,,,,,,,,,,,,,,,,,,,,,,,,,,,,,
222.0,-0.0029054059228651287,0.08130069077014923,0.00043783188448287547,0.9754002690315247,0.0,0.014179061,0.0018245699,0.9995622,0.058038823,0.021855684,-1.29588625e-05,-0.010611773,0.017089844,0.007493973,0.030565172,0.079497166,0.021325845,0.08325,0.044308882,1.0,,,,,,,,,,,,,,,,,,,,,,,,,,,,,,,,,,,,,,,,,,,
223.0,-0.002907153170598778,0.08146903663873672,0.00043789148912765086,0.9722439050674438,0.0,0.014423734,0.0019174445,0.99956214,0.058721326,0.022289908,-1.3162186e-05,-0.010942221,0.01696062,0.007468462,-0.07906814,-0.031633236,-0.0047876323,0.083625,0.044507645,1.0,,,,,,,,,,,,,,,,,,,,,,,,,,,,,,,,,,,,,,,,,,,
224.0,-0.0029088842143190964,0.08163416385650635,0.00043795109377242625,0.9690743684768677,0.0,0.014671226,0.0020121841,0.9995621,0.059398297,0.02273749,-1.2986138e-05,-0.010812521,0.01729083,0.0075592995,0.030567506,0.07949713,0.021300014,0.084,0.044706397,1.0,,,,,,,,,,,,,,,,,,,,,,,,,,,,,,,,,,,,,,,,,,,
225.0,-0.002910591945192999,0.08179611712694168,0.0004379868623800576,0.9658918380737305,0.0,0.014921595,0.0021087667,0.999562,0.06008861,0.023179825,-1.3016974e-05,-0.011142969,0.017161608,0.0075337887,-0.079063356,-0.03164609,-0.0047691423,0.084375,0.044905137,1.0,,,,,,,,,,,,,,,,,,,,,,,,,,,,,,,,,,,,,,,,,,,
226.0,-0.0029122835968988744,0.08195484429597855,0.00043804646702483296,0.9626960754394531,0.0,0.015174818,0.002207248,0.99956197,0.06077338,0.023635512,-1.28830025e-05,-0.011013031,0.017491817,0.007624626,0.030569836,0.079497084,0.021274187,0.08475,0.045103867,1.0,,,,,,,,,,,,,,,,,,,,,,,,,,,,,,,,,,,,,,,,,,,
227.0,-0.0029137627268128797,0.08211033046245575,0.00043808220652863383,0.9594871401786804,0.0,0.01543095,0.0023076062,0.9995619,0.06147149,0.02408595,-1.2905596e-05,-0.011343479,0.017362356,0.0075991154,-0.07905857,-0.031658936,-0.0047506536,0.085125,0.04530259,1.0,,,,,,,,,,,,,,,,,,,,,,,,,,,,,,,,,,,,,,,,,,,
228.0,-0.002915224566083262,0.08226260542869568,0.0004381418111734092,0.9562650918960571,0.0,0.015689965,0.0024098966,0.99956185,0.062164053,0.024549738,-1.2775178e-05,-0.011213541,0.017590046,0.007691145,0.030764138,0.054872934,0.021527667,0.0855,0.045501295,1.0,,,,,,,,,,,,,,,,,,,,,,,,,,,,,,,,,,,,,,,,,,,
229.0,-0.0029166632638602153,0.08241168409585953,0.0004382014158181846,0.9530298113822937,0.0,0.015951907,0.0025140976,0.9995618,0.06286576,0.025008243,-1.2724565e-05,-0.011543989,0.017358065,0.0076668262,-0.078856856,-0.056290146,-0.004464205,0.085875,0.04569999,1.0,,,,,,,,,,,,,,,,,,,,,,,,,,,,,,,,,,,,,,,,,,,
230.0,-0.002918084214864237,0.08255753666162491,0.00043823718442581594,0.9497813582420349,0.0,0.01621673,0.0026202647,0.9995617,0.063557714,0.025480058,-1.2540459e-05,-0.011414051,0.017585754,0.0077586174,0.03076538,0.054884534,0.021513142,0.08625,0.045898676,1.0,,,,,,,,,,,,,,,,,,,,,,,,,,,,,,,,,,,,,,,,,,,
231.0,-0.0029194822325613583,0.08270019292831421,0.0004382848856039345,0.9465197324752808,0.0,0.016484475,0.0027283754,0.99956167,0.064258814,0.02594659,-1.25013485e-05,-0.011744261,0.017353773,0.0077342987,-0.078847565,-0.056291543,-0.0044570975,0.086625,0.04609735,1.0,,,,,,,,,,,,,,,,,,,,,,,,,,,,,,,,,,,,,,,,,,,
232.0,-0.002920863341690776,0.08283962309360504,0.0004383444902487099,0.9432450532913208,0.0,0.016755102,0.0028384854,0.99956167,0.064950176,0.026426429,-1.2317294e-05,-0.011614323,0.017581463,0.00782609,0.030766621,0.054896127,0.021498615,0.087,0.04629601,1.0,,,,,,,,,,,,,,,,,,,,,,,,,,,,,,,,,,,,,,,,,,,
233.0,-0.0029222211801599547,0.08297590911388397,0.0004383802297525108,0.9399571418762207,0.0,0.017028647,0.0029505729,0.9995616,0.06565067,0.026900979,-1.246101e-05,-0.011944771,0.017349482,0.007801771,-0.078838274,-0.05629294,-0.0044499887,0.087375,0.04649466,1.0,,,,,,,,,,,,,,,,,,,,,,,,,,,,,,,,,,,,,,,,,,,
234.0,-0.0029235607177898544,0.08310893923044205,0.0004384159983601421,0.9366562366485596,0.0,0.017305069,0.003064693,0.99956155,0.06634142,0.027388835,-1.2236827e-05,-0.011814833,0.017577171,0.007893562,0.03076786,0.054907713,0.021484088,0.08775,0.0466933,1.0,,,,,,,,,,,,,,,,,,,,,,,,,,,,,,,,,,,,,,,,,,,
235.0,-0.0029248783145078396,0.08323881030082703,0.0004384756030049175,0.9333423972129822,0.0,0.017584408,0.003180824,0.9995615,0.067041315,0.027871402,-1.2204943e-05,-0.012145042,0.01734519,0.007869482,-0.07882899,-0.056294333,-0.004442878,0.088125,0.046891924,1.0,,,,,,,,,,,,,,,,,,,,,,,,,,,,,,,,,,,,,,,,,,,
236.0,-0.002926177710661216,0.08336548507213593,0.0004385352076496929,0.9300156235694885,0.0,0.01786662,0.003299021,0.9995614,0.06773147,0.02836727,-1.2024688e-05,-0.012015104,0.017573118,0.007961035,0.030769099,0.05491929,0.021469561,0.0885,0.04709054,1.0,,,,,,,,,,,,,,,,,,,,,,,,,,,,,,,,,,,,,,,,,,,
237.0,-0.0029274544686656444,0.08348899334669113,0.0004385709762573242,0.9266759157180786,0.0,0.01815175,0.003419262,0.99956137,0.06843077,0.028857844,-1.1981417e-05,-0.012345314,0.017341137,0.0079369545,-0.078819714,-0.05629572,-0.0044357656,0.088875,0.047289144,1.0,,,,,,,,,,,,,,,,,,,,,,,,,,,,,,,,,,,,,,,,,,,
238.0,-0.0029287128722990594,0.08360932022333145,0.0004385948122944683,0.9233234524726868,0.0,0.018439751,0.0035416023,0.9995613,0.06912031,0.029361717,-1.1806577e-05,-0.012215376,0.017569065,0.008027315,0.030765356,0.05492726,0.021166272,0.08925,0.047487736,1.0,,,,,,,,,,,,,,,,,,,,,,,,,,,,,,,,,,,,,,,,,,,
239.0,-0.0029299490514249956,0.0837264284491539,0.0004386544169392437,0.9199582934379578,0.0,0.018730663,0.0036660202,0.9995613,0.069819,0.029860293,-1.1760949e-05,-0.012545586,0.017337084,0.008001804,-0.07881549,-0.05630061,-0.0047173477,0.089625,0.047686316,1.0,,,,,,,,,,,,,,,,,,,,,,,,,,,,,,,,,,,,,,,,,,,
240.0,-0.00293116652713602,0.08384039998054504,0.00043871402158401906,0.9165805578231812,0.0,0.019024447,0.003792571,0.99956125,0.07050795,0.030372161,-1.177333e-05,-0.0124156475,0.017564774,0.008092403,0.030766727,0.05493875,0.021151872,0.09,0.04788488,1.0,,,,,,,,,,,,,,,,,,,,,,,,,,,,,,,,,,,,,,,,,,,
241.0,-0.0029323623596336744,0.08395121991634369,0.0004387497901916504,0.9131903052330017,0.0,0.019321138,0.003921232,0.9995612,0.07120604,0.030878736,-1.1682711e-05,-0.012745857,0.01733303,0.008066893,-0.078806356,-0.05630181,-0.004710101,0.090375,0.04808344,1.0,,,,,,,,,,,,,,,,,,,,,,,,,,,,,,,,,,,,,,,,,,,
242.0,-0.002933539910474656,0.08405885100364685,0.0004387855587992817,0.909787654876709,0.0,0.019620698,0.0040520597,0.99956113,0.071894385,0.031398598,-1.1524462e-05,-0.012615919,0.017560959,0.008157253,0.030768096,0.05495023,0.021137472,0.09075,0.048281983,1.0,,,,,,,,,,,,,,,,,,,,,,,,,,,,,,,,,,,,,,,,,,,
243.0,-0.0029346941575483987,0.08416333049535751,0.00043883323087356985,0.9063729047775269,0.0,0.019923165,0.004185031,0.9995611,0.07259188,0.03191316,-1.14727745e-05,-0.012946129,0.017328978,0.008131981,-0.07879722,-0.056303002,-0.004702852,0.091125,0.048480514,1.0,,,,,,,,,,,,,,,,,,,,,,,,,,,,,,,,,,,,,,,,,,,
244.0,-0.0029358304013704073,0.08426465094089508,0.00043886899948120117,0.902945876121521,0.0,0.020228496,0.0043202024,0.9995611,0.07327962,0.032441013,-1.1308135e-05,-0.012815952,0.017556906,0.008222103,0.030769464,0.054961707,0.021123072,0.0915,0.048679035,1.0,,,,,,,,,,,,,,,,,,,,,,,,,,,,,,,,,,,,,,,,,,,
245.0,-0.002936944396623187,0.08436281234025955,0.0004389047680888325,0.8995069861412048,0.0,0.020536732,0.0044575506,0.999561,0.07397651,0.03296356,-1.1440784e-05,-0.013146162,0.017324924,0.008196831,-0.078788094,-0.056304198,-0.0046956018,0.091875,0.04887754,1.0,,,,,,,,,,,,,,,,,,,,,,,,,,,,,,,,,,,,,,,,,,,
246.0,-0.002938039906920347,0.08445783704519272,0.0004389643727336079,0.8960561752319336,0.0,0.02084783,0.004597131,0.99956095,0.074663654,0.03349939,-1.1235657e-05,-0.013016224,0.017553091,0.008287191,0.03077083,0.054973174,0.021108672,0.09225,0.049076036,1.0,,,,,,,,,,,,,,,,,,,,,,,,,,,,,,,,,,,,,,,,,,,
247.0,-0.0029391135172264515,0.08454969525337219,0.0004390001413412392,0.8925936222076416,0.0,0.02116183,0.0047389227,0.9995609,0.07535994,0.034029912,-1.1192794e-05,-0.013346434,0.01732111,0.008261681,-0.078778975,-0.056305386,-0.0046883496,0.092625,0.04927452,1.0,,,,,,,,,,,,,,,,,,,,,,,,,,,,,,,,,,,,,,,,,,,
248.0,-0.0029400862313543486,0.08463843166828156,0.0004390239773783833,0.889119565486908,0.0,0.02147869,0.0048829797,0.99956083,0.07604649,0.03457372,-1.1031565e-05,-0.013216257,0.017549038,0.008352041,0.030772196,0.054984637,0.02109427,0.093,0.049472988,1.0,,,,,,,,,,,,,,,,,,,,,,,,,,,,,,,,,,,,,,,,,,,
249.0,-0.002941037118313955,0.08472402393817902,0.00043908358202315867,0.8856342434883118,0.0,0.02179845,0.0050292807,0.99956083,0.07674218,0.035112213,-1.0977323e-05,-0.013382912,0.017317295,0.008326769,-0.039562047,-0.055979103,-0.0053692535,0.093375,0.04967145,1.0,,,,,,,,,,,,,,,,,,,,,,,,,,,,,,,,,,,,,,,,,,,
250.0,-0.0029419374199819237,0.08480647951364517,0.0004390954854898155,0.882137656211853,0.0,0.022121066,0.0051778527,0.9995608,0.07742818,0.035657305,-1.0915487e-05,-0.013089418,0.017545223,0.008416891,0.069972545,0.055317655,0.02040988,0.09375,0.049869895,1.0,,,,,,,,,,,,,,,,,,,,,,,,,,,,,,,,,,,,,,,,,,,
251.0,-0.0029428156775930694,0.08488582074642181,0.00043915509013459086,0.8786301612854004,0.0,0.022446582,0.005328646,0.9995607,0.07812338,0.03619041,-1.074975e-05,-0.013256311,0.01731348,0.008391619,-0.039571572,-0.055974282,-0.005379886,0.094125,0.050068326,1.0,,,,,,,,,,,,,,,,,,,,,,,,,,,,,,,,,,,,,,,,,,,
252.0,-0.0029436751983264687,0.08496203273534775,0.00043920279131270945,0.8751118183135986,0.0,0.022774952,0.0054816883,0.99956065,0.078808896,0.03673011,-1.0529363e-05,-0.012962818,0.017541647,0.008481741,0.069955975,0.05532607,0.020413645,0.0945,0.050266746,1.0,,,,,,,,,,,,,,,,,,,,,,,,,,,,,,,,,,,,,,,,,,,
253.0,-0.0029445123290285443,0.08503516763448715,0.00043921469477936625,0.871583104133606,0.0,0.023106217,0.005636929,0.99956065,0.07950362,0.037257828,-1.0402331e-05,-0.013129711,0.017309666,0.00845623,-0.039581098,-0.05596946,-0.005390507,0.094875,0.050465155,1.0,,,,,,,,,,,,,,,,,,,,,,,,,,,,,,,,,,,,,,,,,,,
254.0,-0.0029453307823225604,0.08510518074035645,0.00043927429942414165,0.8680438995361328,0.0,0.023440337,0.005794396,0.9995606,0.08018864,0.037792142,-1.0356011e-05,-0.012836456,0.017537832,0.008546591,0.06993942,0.055334482,0.020417403,0.09525,0.05066355,1.0,,,,,,,,,,,,,,,,,,,,,,,,,,,,,,,,,,,,,,,,,,,
255.0,-0.00294612725779906,0.0851721242070198,0.00043927429942414165,0.8644946217536926,0.0,0.023777347,0.0059540397,0.99956053,0.08088288,0.03831448,-1.0189686e-05,-0.013003349,0.01730609,0.00852108,-0.039590616,-0.055964645,-0.005401117,0.095625,0.050861932,1.0,,,,,,,,,,,,,,,,,,,,,,,,,,,,,,,,,,,,,,,,,,,
256.0,-0.0029469050290209563,0.08523596823215485,0.00043933390406891704,0.8609355092048645,0.0,0.024117213,0.006115888,0.99956053,0.08156742,0.038843416,-9.967883e-06,-0.012710094,0.017534018,0.008611202,0.069922864,0.055342887,0.020421157,0.096,0.051060304,1.0,,,,,,,,,,,,,,,,,,,,,,,,,,,,,,,,,,,,,,,,,,,
257.0,-0.002947660501340363,0.08529674261808395,0.0004393935087136924,0.857366681098938,0.0,0.024459967,0.006279889,0.9995605,0.082261175,0.039360378,-1.0028151e-05,-0.012876987,0.017302513,0.00858593,-0.039600134,-0.055959832,-0.0054117157,0.096375,0.05125866,1.0,,,,,,,,,,,,,,,,,,,,,,,,,,,,,,,,,,,,,,,,,,,
258.0,-0.0029479424260539645,0.08535441756248474,0.0004393935087136924,0.8537882566452026,0.0,0.024805572,0.0064460724,0.9995604,0.082945235,0.039883945,-9.7524335e-06,-0.012583733,0.017530441,0.008676052,0.06990632,0.055351287,0.020424902,0.09675,0.051457006,1.0,,,,,,,,,,,,,,,,,,,,,,,,,,,,,,,,,,,,,,,,,,,
259.0,-0.0029487228223361063,0.08540908992290497,0.0004394531133584678,0.8502007126808167,0.0,0.025154065,0.006614387,0.9995604,0.08363851,0.040395536,-9.642946e-06,-0.012750864,0.017298698,0.008650541,-0.03960965,-0.055955023,-0.005422303,0.097125,0.051655337,1.0,,,,,,,,,,,,,,,,,,,,,,,,,,,,,,,,,,,,,,,,,,,
260.0,-0.00294856748227885,0.08546070009469986,0.0004394650459289551,0.8466041684150696,0.0,0.025505409,0.006784861,0.99956036,0.08432209,0.040913735,-9.590181e-06,-0.012457609,0.017472982,0.008741379,0.07000451,0.04242788,0.020593522,0.0975,0.051853657,1.0,,,,,,,,,,,,,,,,,,,,,,,,,,,,,,,,,,,,,,,,,,,
261.0,-0.002949306921788707,0.08550932258367538,0.0004395127180032432,0.8429988622665405,0.0,0.025859628,0.006957444,0.9995603,0.08501268,0.041419946,-9.391375e-06,-0.012624741,0.017187595,0.008716583,-0.039501827,-0.06887907,-0.005273976,0.097875,0.05205196,1.0,,,,,,,,,,,,,,,,,,,,,,,,,,,,,,,,,,,,,,,,,,,
262.0,-0.0029491107882721624,0.08555494248867035,0.00043952465057373047,0.839384913444519,0.0,0.026216675,0.0071321637,0.9995603,0.085691385,0.041932747,-9.137447e-06,-0.012331486,0.01736188,0.008807421,0.06998739,0.042442374,0.020603163,0.09825,0.052250255,1.0,,,,,,,,,,,,,,,,,,,,,,,,,,,,,,,,,,,,,,,,,,,
263.0,-0.0029498092010028024,0.08559760451316833,0.00043958425521850586,0.835762619972229,0.0,0.02657658,0.00730897,0.99956024,0.08637709,0.04243356,-9.170518e-06,-0.012498617,0.017076254,0.008782625,-0.039508987,-0.06886828,-0.005290537,0.098625,0.052448537,1.0,,,,,,,,,,,,,,,,,,,,,,,,,,,,,,,,,,,,,,,,,,,
264.0,-0.0029495723410911294,0.08563733845949173,0.00043958425521850586,0.8321322798728943,0.0,0.026939292,0.007487891,0.9995602,0.087050915,0.042940967,-8.862714e-06,-0.012205601,0.017250538,0.008873463,0.06997027,0.042456858,0.020612795,0.099,0.0526468,1.0,,,,,,,,,,,,,,,,,,,,,,,,,,,,,,,,,,,,,,,,,,,
265.0,-0.0029502295223236166,0.08567414432764053,0.00043964385986328125,0.8284941911697388,0.0,0.027304841,0.007668876,0.9995602,0.087731756,0.043436393,-8.725274e-06,-0.012372732,0.01696515,0.008848429,-0.039516144,-0.0688575,-0.0053070844,0.099375,0.052845057,1.0,,,,,,,,,,,,,,,,,,,,,,,,,,,,,,,,,,,,,,,,,,,
266.0,-0.0029499524336401694,0.08570806682109833,0.00043964385986328125,0.8248482942581177,0.0,0.027673177,0.007851953,0.9995601,0.08840071,0.04393841,-8.641881e-06,-0.012079716,0.017139435,0.008939505,0.069953166,0.04247133,0.020622415,0.09975,0.053043295,1.0,,,,,,,,,,,,,,,,,,,,,,,,,,,,,,,,,,,,,,,,,,,
267.0,-0.0029505687653294216,0.08573909103870392,0.0004396796284709126,0.8211949467658997,0.0,0.02804433,0.008037071,0.9995601,0.08907668,0.04442845,-8.452589e-06,-0.012246847,0.016854048,0.008914471,-0.0395233,-0.068846725,-0.0053236177,0.100125,0.053241525,1.0,,,,,,,,,,,,,,,,,,,,,,,,,,,,,,,,,,,,,,,,,,,
268.0,-0.0029502512441914857,0.08576727658510208,0.00043973923311568797,0.8175345659255981,0.0,0.02841825,0.008224259,0.99956006,0.08974076,0.044925086,-8.381856e-06,-0.011953831,0.01702857,0.009005308,0.06993606,0.042485796,0.020632027,0.1005,0.053439736,1.0,,,,,,,,,,,,,,,,,,,,,,,,,,,,,,,,,,,,,,,,,,,
269.0,-0.0029508274808700665,0.08579262346029282,0.00043973923311568797,0.8138673901557922,0.0,0.028794967,0.008413467,0.99956,0.09041187,0.045409746,-8.190369e-06,-0.012121201,0.016743183,0.008980274,-0.03953045,-0.06883595,-0.005340138,0.100875,0.053637937,1.0,,,,,,,,,,,,,,,,,,,,,,,,,,,,,,,,,,,,,,,,,,,
270.0,-0.0029504692192908804,0.0858151912689209,0.00043979883776046336,0.810193657875061,0.0,0.029174428,0.00860472,0.99956,0.09107111,0.045901008,-7.936723e-06,-0.011828184,0.016917706,0.009071112,0.06991896,0.04250025,0.020641629,0.10125,0.053836126,1.0,,,,,,,,,,,,,,,,,,,,,,,,,,,,,,,,,,,,,,,,,,,
271.0,-0.0029510056735065748,0.08583494275808334,0.00043979883776046336,0.8065134286880493,0.0,0.029556667,0.0087979715,0.99955994,0.09173736,0.046380293,-7.9728325e-06,-0.011995554,0.016632318,0.009046078,-0.039537597,-0.06882519,-0.0053566447,0.101625,0.054034296,1.0,,,,,,,,,,,,,,,,,,,,,,,,,,,,,,,,,,,,,,,,,,,
272.0,-0.0029508831957195305,0.08585192263126373,0.00043981074122712016,0.8028270602226257,0.0,0.029941633,0.0089932475,0.99955994,0.09239174,0.046866186,-7.666304e-06,-0.011702776,0.01680684,0.009136915,0.06990187,0.042514697,0.02065122,0.102,0.05423246,1.0,,,,,,,,,,,,,,,,,,,,,,,,,,,,,,,,,,,,,,,,,,,
273.0,-0.002977608680671371,0.08586619049310684,0.00043985844240523875,0.7991349101066589,0.0,0.030329354,0.009190498,0.9995599,0.09305314,0.047340102,-7.715588e-06,-0.011870146,0.016521692,0.009111881,-0.039544746,-0.06881443,-0.0053731375,0.102375,0.054430604,1.0,,,,,,,,,,,,,,,,,,,,,,,,,,,,,,,,,,,,,,,,,,,
274.0,-0.0030883738811949587,0.0858776718378067,0.00043987034587189555,0.7954373359680176,0.0,0.030719783,0.009389751,0.9995599,0.09370267,0.047820628,-7.4064633e-06,-0.011577368,0.016696215,0.009202719,0.069884785,0.042529132,0.0206608,0.10275,0.054628737,1.0,,,,,,,,,,,,,,,,,,,,,,,,,,,,,,,,,,,,,,,,,,,
275.0,-0.0032001986256147133,0.08588649332523346,0.0004398942110128701,0.7917342782020569,0.0,0.031112947,0.009590955,0.9995598,0.09435923,0.048289187,-7.4571276e-06,-0.011744738,0.016411066,0.009177446,-0.039551888,-0.068803675,-0.005389617,0.103125,0.054826856,1.0,,,,,,,,,,,,,,,,,,,,,,,,,,,,,,,,,,,,,,,,,,,
276.0,-0.0033112330667283245,0.08589251339435577,0.00043992995051667094,0.7880263924598694,0.0,0.031508796,0.00979414,0.9995598,0.09500392,0.04876435,-7.148171e-06,-0.01145196,0.016585588,0.009268522,0.0698677,0.04254356,0.020670373,0.1035,0.055024963,1.0,,,,,,,,,,,,,,,,,,,,,,,,,,,,,,,,,,,,,,,,,,,
277.0,-0.0034233030557032653,0.08589591085910797,0.00043995381565764546,0.7843138575553894,0.0,0.03190736,0.009999255,0.99955976,0.09565564,0.049227554,-7.1995646e-06,-0.011619329,0.01630044,0.00924325,-0.03955903,-0.068792924,-0.005406083,0.103875,0.055223055,1.0,,,,,,,,,,,,,,,,,,,,,,,,,,,,,,,,,,,,,,,,,,,
278.0,-0.003534571997133618,0.0858965665102005,0.00043996571912430227,0.7805968523025513,0.0,0.032308593,0.010206328,0.99955976,0.0962955,0.04969737,-6.8909276e-06,-0.01132679,0.0164752,0.009334087,0.06985062,0.042557977,0.020679934,0.10425,0.055421133,1.0,,,,,,,,,,,,,,,,,,,,,,,,,,,,,,,,,,,,,,,,,,,
279.0,-0.0036468576536457264,0.08589456975460052,0.00044001342030242085,0.7768757939338684,0.0,0.03271252,0.010415307,0.9995597,0.096942395,0.05015522,-6.943014e-06,-0.01149416,0.016190052,0.009308815,-0.03956617,-0.06878218,-0.0054225354,0.104625,0.055619195,1.0,,,,,,,,,,,,,,,,,,,,,,,,,,,,,,,,,,,,,,,,,,,
280.0,-0.003758323104292005,0.08588992804288864,0.00044002532376907766,0.7731509208679199,0.0,0.03311909,0.010626223,0.9995597,0.09757742,0.050619684,-6.634704e-06,-0.01120162,0.016364813,0.009399891,0.069833554,0.042572387,0.020689487,0.105,0.055817246,1.0,,,,,,,,,,,,,,,,,,,,,,,,,,,,,,,,,,,,,,,,,,,
281.0,-0.0038707953725114303,0.08588260412216187,0.0004400491598062217,0.7694223523139954,0.0,0.03352834,0.010839024,0.99955964,0.0982195,0.051072195,-6.687479e-06,-0.011369228,0.016079664,0.00937438,-0.039573304,-0.06877144,-0.005438974,0.105375,0.056015283,1.0,,,,,,,,,,,,,,,,,,,,,,,,,,,,,,,,,,,,,,,,,,,
282.0,-0.003982428859041149,0.08587263524532318,0.000440061092376709,0.7656905651092529,0.0,0.033940215,0.011053737,0.99955964,0.09884971,0.05153132,-6.3794955e-06,-0.011076689,0.016254425,0.009465456,0.06981649,0.042586785,0.02069903,0.10575,0.056213304,1.0,,,,,,,,,,,,,,,,,,,,,,,,,,,,,,,,,,,,,,,,,,,
283.0,-0.004095048621161187,0.08586005866527557,0.00044008492841385305,0.761955738067627,0.0,0.034354743,0.011270314,0.9995596,0.09948696,0.051978488,-6.432959e-06,-0.011244297,0.015969515,0.009439945,-0.03958044,-0.0687607,-0.0054553994,0.106125,0.05641131,1.0,,,,,,,,,,,,,,,,,,,,,,,,,,,,,,,,,,,,,,,,,,,
284.0,-0.004206813168406554,0.08584485948085785,0.0004401206970214844,0.7582182884216309,0.0,0.03477188,0.011488782,0.9995596,0.100112356,0.052432276,-6.1252995e-06,-0.010951757,0.016144276,0.009531021,0.06979943,0.042601176,0.020708563,0.1065,0.056609306,1.0,,,,,,,,,,,,,,,,,,,,,,,,,,,,,,,,,,,,,,,,,,,
285.0,-0.004319479335223311,0.08582703769207001,0.0004401206970214844,0.7544782757759094,0.0,0.035191648,0.011709091,0.9995595,0.1007448,0.052874114,-6.1794494e-06,-0.011119366,0.015859365,0.00950551,-0.039587572,-0.06874997,-0.005471811,0.106875,0.056807287,1.0,,,,,,,,,,,,,,,,,,,,,,,,,,,,,,,,,,,,,,,,,,,
286.0,-0.004431274263622983,0.08580666780471802,0.00044014453305862844,0.7507361769676208,0.0,0.035614002,0.0119312685,0.9995595,0.10136538,0.053322572,-5.8721143e-06,-0.010826826,0.015893698,0.009598017,0.070109025,0.008878589,0.021093206,0.10725,0.057005253,1.0,,,,,,,,,,,,,,,,,,,,,,,,,,,,,,,,,,,,,,,,,,,
287.0,-0.004544022599708434,0.08578368276357651,0.00044018030166625977,0.7469921112060547,0.0,0.03603895,0.012155265,0.9995595,0.10198727,0.05375903,-5.8352034e-06,-0.010994673,0.015468359,0.009573936,-0.03926134,-0.10246868,-0.005128696,0.107625,0.057203203,1.0,,,,,,,,,,,,,,,,,,,,,,,,,,,,,,,,,,,,,,,,,,,
288.0,-0.0046558868378715045,0.08575816452503204,0.00044018030166625977,0.7432463765144348,0.0,0.036466416,0.012381107,0.99955946,0.10259157,0.05420205,-5.6459876e-06,-0.010702133,0.015502453,0.009666443,0.070090294,0.008908983,0.021118121,0.108,0.05740114,1.0,,,,,,,,,,,,,,,,,,,,,,,,,,,,,,,,,,,,,,,,,,,
289.0,-0.004768687583617749,0.08573011308908463,0.00044020413770340383,0.7394992709159851,0.0,0.036896404,0.012608744,0.99955946,0.10319717,0.054633077,-5.398486e-06,-0.01086998,0.0150773525,0.009642363,-0.03926243,-0.1024422,-0.005160718,0.108375,0.057599064,1.0,,,,,,,,,,,,,,,,,,,,,,,,,,,,,,,,,,,,,,,,,,,
290.0,-0.004880587738946771,0.08569951355457306,0.0004402160702738911,0.7357510328292847,0.0,0.03732884,0.012838205,0.99955946,0.10378519,0.055070665,-5.264707e-06,-0.01057744,0.015111685,0.009734869,0.07007155,0.008939359,0.021143017,0.10875,0.057796974,1.0,,,,,,,,,,,,,,,,,,,,,,,,,,,,,,,,,,,,,,,,,,,
291.0,-0.004993190405930683,0.08566643297672272,0.0004402637423481792,0.7320019006729126,0.0,0.037763733,0.01306944,0.9995594,0.10437452,0.05549626,-5.1891757e-06,-0.010745287,0.0146865845,0.009710789,-0.03926351,-0.102415726,-0.005192718,0.109125,0.057994865,1.0,,,,,,,,,,,,,,,,,,,,,,,,,,,,,,,,,,,,,,,,,,,
292.0,-0.005104877434003084,0.0856308788061142,0.0004402756749186665,0.728252112865448,0.0,0.03820101,0.013302475,0.9995594,0.10494628,0.055928424,-4.837149e-06,-0.010452986,0.014721155,0.009803295,0.07005281,0.008969717,0.021167895,0.1095,0.058192745,1.0,,,,,,,,,,,,,,,,,,,,,,,,,,,,,,,,,,,,,,,,,,,
293.0,-0.0052174742417842946,0.0855928510427475,0.0004402756749186665,0.7245018482208252,0.0,0.038640674,0.013537261,0.99955934,0.10551936,0.056348596,-4.813856e-06,-0.010620832,0.014296055,0.009779215,-0.039264582,-0.10238927,-0.0052246954,0.109875,0.05839061,1.0,,,,,,,,,,,,,,,,,,,,,,,,,,,,,,,,,,,,,,,,,,,
294.0,-0.00532914135463766,0.0855523943901062,0.00044029951095581055,0.7207514643669128,0.0,0.039082654,0.013773825,0.99955934,0.10607488,0.05677534,-4.455593e-06,-0.010328531,0.014330864,0.009871721,0.07003406,0.009000054,0.021192752,0.11025,0.05858846,1.0,,,,,,,,,,,,,,,,,,,,,,,,,,,,,,,,,,,,,,,,,,,
295.0,-0.005441700141128332,0.08550958335399628,0.00044029951095581055,0.71700119972229,0.0,0.039526954,0.014012117,0.99955934,0.10663173,0.05719009,-4.434797e-06,-0.010496378,0.013906002,0.009847403,-0.03926565,-0.10236282,-0.005256651,0.110625,0.058786295,1.0,,,,,,,,,,,,,,,,,,,,,,,,,,,,,,,,,,,,,,,,,,,
296.0,-0.005553322501925416,0.08546436578035355,0.00044033527956344187,0.7132510542869568,0.0,0.039973497,0.014252164,0.99955934,0.10717102,0.057611413,-4.265897e-06,-0.010204315,0.013940573,0.009939909,0.070015304,0.009030372,0.02121759,0.111,0.058984116,1.0,,,,,,,,,,,,,,,,,,,,,,,,,,,,,,,,,,,,,,,,,,,
297.0,-0.005665827360920549,0.08541683852672577,0.00044035911560058594,0.7095013856887817,0.0,0.040422298,0.014493917,0.9995593,0.107711665,0.058020752,-4.201703e-06,-0.010372162,0.013515949,0.00991559,-0.03926671,-0.10233638,-0.005288584,0.111375,0.059181925,1.0,,,,,,,,,,,,,,,,,,,,,,,,,,,,,,,,,,,,,,,,,,,
298.0,-0.005777377056360639,0.08536697924137115,0.00044035911560058594,0.705752432346344,0.0,0.040873274,0.014737403,0.9995593,0.10823474,0.058436666,-3.865051e-06,-0.010080099,0.013550758,0.010007858,0.06999654,0.009060671,0.02124241,0.11175,0.059379715,1.0,,,,,,,,,,,,,,,,,,,,,,,,,,,,,,,,,,,,,,,,,,,
299.0,-0.005889793633039973,0.08531488478183746,0.0004403710481710732,0.7020044922828674,0.0,0.041326437,0.014982573,0.9995593,0.10875919,0.058840595,-3.841238e-06,-0.010247946,0.013126135,0.00998354,-0.03926776,-0.10230994,-0.0053204955,0.112125,0.05957749,1.0,,,,,,,,,,,,,,,,,,,,,,,,,,,,,,,,,,,,,,,,,,,
300.0,-0.00600124689684808,0.08526052534580231,0.00044039488420821726,0.698257565498352,0.0,0.041781712,0.015229452,0.9995592,0.10926608,0.059251096,-3.6850477e-06,-0.009956121,0.013160944,0.010076046,0.069977775,0.00909095,0.02126721,0.1125,0.059775252,1.0,,,,,,,,,,,,,,,,,,,,,,,,,,,,,,,,,,,,,,,,,,,
301.0,-0.006113560704027943,0.08520394563674927,0.00044041872024536133,0.694511890411377,0.0,0.042239107,0.015477993,0.9995592,0.10977435,0.059649624,-3.435971e-06,-0.010123968,0.012736559,0.010051489,-0.039268803,-0.10228352,-0.0053523844,0.112875,0.059973,1.0,,,,,,,,,,,,,,,,,,,,,,,,,,,,,,,,,,,,,,,,,,,
302.0,-0.006224900529506659,0.08514513820409775,0.00044041872024536133,0.6907675862312317,0.0,0.042698544,0.01572822,0.9995592,0.110265076,0.060054723,-3.338625e-06,-0.009832144,0.012771606,0.010143995,0.06995901,0.00912121,0.02129199,0.11325,0.060170732,1.0,,,,,,,,,,,,,,,,,,,,,,,,,,,,,,,,,,,,,,,,,,,
303.0,-0.006337086857965461,0.0850842148065567,0.00044041872024536133,0.6870250105857849,0.0,0.043160032,0.015980085,0.9995592,0.11075718,0.06044785,-3.260693e-06,-0.00999999,0.012347221,0.010119438,-0.03926984,-0.10225711,-0.005384251,0.113625,0.06036845,1.0,,,,,,,,,,,,,,,,,,,,,,,,,,,,,,,,,,,,,,,,,,,
304.0,-0.006448283849639804,0.08502110093832016,0.00044045448885299265,0.683284342288971,0.0,0.0436235,0.016233617,0.9995592,0.11123175,0.06084755,-3.129173e-06,-0.009708166,0.012382269,0.010211945,0.069940224,0.009151451,0.021316752,0.114,0.06056615,1.0,,,,,,,,,,,,,,,,,,,,,,,,,,,,,,,,,,,,,,,,,,,
305.0,-0.006560322546106138,0.08495588600635529,0.00044045448885299265,0.6795455813407898,0.0,0.04408895,0.016488764,0.99955916,0.11170772,0.061235283,-3.0602655e-06,-0.009876251,0.011958122,0.010187149,-0.039270867,-0.102230705,-0.0054160957,0.114375,0.060763836,1.0,,,,,,,,,,,,,,,,,,,,,,,,,,,,,,,,,,,,,,,,,,,
306.0,-0.006671368079285504,0.08488861471414566,0.00044045448885299265,0.675808846950531,0.0,0.044556305,0.016745554,0.99955916,0.11216615,0.061629593,-2.7486606e-06,-0.009584427,0.011993408,0.010279655,0.06992145,0.009181674,0.021341493,0.11475,0.060961507,1.0,,,,,,,,,,,,,,,,,,,,,,,,,,,,,,,,,,,,,,,,,,,
307.0,-0.006783239884387969,0.08481928706169128,0.0004404783248901367,0.672074556350708,0.0,0.04502558,0.017003939,0.99955916,0.112625994,0.06201194,-2.7230117e-06,-0.009752512,0.011569262,0.01025486,-0.03927189,-0.102204315,-0.005447918,0.115125,0.061159164,1.0,,,,,,,,,,,,,,,,,,,,,,,,,,,,,,,,,,,,,,,,,,,
308.0,-0.006894108940202934,0.08474790304899216,0.0004405021609272808,0.668342649936676,0.0,0.0454967,0.017263941,0.99955916,0.11306831,0.06240086,-2.591166e-06,-0.009460926,0.0116045475,0.010347366,0.06990266,0.0092118755,0.021366216,0.1155,0.061356805,1.0,,,,,,,,,,,,,,,,,,,,,,,,,,,,,,,,,,,,,,,,,,,
309.0,-0.007005800569519945,0.08467452228069305,0.00044051409349776804,0.6646133065223694,0.0,0.045969665,0.017525516,0.99955916,0.11351205,0.06277782,-2.5243319e-06,-0.009628773,0.011180639,0.010322571,-0.039272904,-0.10217793,-0.0054797186,0.115875,0.06155443,1.0,,,,,,,,,,,,,,,,,,,,,,,,,,,,,,,,,,,,,,,,,,,
310.0,-0.007116478869089679,0.08459920436143875,0.00044051409349776804,0.6608867049217224,0.0,0.04644441,0.017788688,0.9995591,0.11393827,0.06316136,-2.4081107e-06,-0.009337187,0.011216164,0.010415077,0.06988387,0.00924206,0.02139092,0.11625,0.06175204,1.0,,,,,,,,,,,,,,,,,,,,,,,,,,,,,,,,,,,,,,,,,,,
311.0,-0.0072279757680971685,0.08452191948890686,0.00044051409349776804,0.6571628451347351,0.0,0.046920933,0.018053409,0.9995591,0.11436592,0.06353293,-2.1546555e-06,-0.009505272,0.010792255,0.010390282,-0.03927391,-0.10215156,-0.005511497,0.116625,0.061949633,1.0,,,,,,,,,,,,,,,,,,,,,,,,,,,,,,,,,,,,,,,,,,,
312.0,-0.0073384519372411,0.08444274961948395,0.00044051409349776804,0.6534419655799866,0.0,0.047399167,0.018319706,0.9995591,0.11477606,0.063911095,-2.0881814e-06,-0.009213924,0.01082778,0.01048255,0.06986507,0.009272223,0.021415606,0.117,0.062147215,1.0,,,,,,,,,,,,,,,,,,,,,,,,,,,,,,,,,,,,,,,,,,,
313.0,-0.007449735884150234,0.08436165750026703,0.0004405379295349121,0.6497241854667664,0.0,0.047879115,0.018587526,0.9995591,0.11518764,0.0642773,-2.0079824e-06,-0.0093820095,0.010403872,0.010457754,-0.03927491,-0.1021252,-0.0055432534,0.117375,0.06234478,1.0,,,,,,,,,,,,,,,,,,,,,,,,,,,,,,,,,,,,,,,,,,,
314.0,-0.007559996712669501,0.08427871763706207,0.0004405617655720562,0.6460095047950745,0.0,0.048360705,0.018856902,0.9995591,0.11558172,0.06465009,-1.9067951e-06,-0.009090424,0.010439634,0.010550022,0.06984627,0.009302369,0.021440271,0.11775,0.06254233,1.0,,,,,,,,,,,,,,,,,,,,,,,,,,,,,,,,,,,,,,,,,,,
315.0,-0.007671057102367105,0.08419393748044968,0.0004405617655720562,0.6422982215881348,0.0,0.048843946,0.01912778,0.9995591,0.11597724,0.06501093,-1.8357226e-06,-0.009258747,0.0100159645,0.010525227,-0.0392759,-0.102098845,-0.0055749873,0.118125,0.06273986,1.0,,,,,,,,,,,,,,,,,,,,,,,,,,,,,,,,,,,,,,,,,,,
316.0,-0.007781088623940424,0.08410732448101044,0.0004405617655720562,0.6385902166366577,0.0,0.04932876,0.01940019,0.9995591,0.11635528,0.065378346,-1.7383311e-06,-0.0089674,0.010051727,0.010617495,0.06982746,0.009332495,0.021464916,0.1185,0.06293737,1.0,,,,,,,,,,,,,,,,,,,,,,,,,,,,,,,,,,,,,,,,,,,
317.0,-0.007891919393910577,0.08401899039745331,0.00044057369814254344,0.6348856687545776,0.0,0.04981515,0.019674081,0.9995591,0.11673477,0.06573381,-1.6673426e-06,-0.009135485,0.009628296,0.010592461,-0.039276883,-0.1020725,-0.0056066997,0.118875,0.06313487,1.0,,,,,,,,,,,,,,,,,,,,,,,,,,,,,,,,,,,,,,,,,,,
318.0,-0.008001710464983354,0.0839288979768753,0.00044057369814254344,0.6311847567558289,0.0,0.050303057,0.01994948,0.99955904,0.11709678,0.06609587,-1.5758615e-06,-0.008844137,0.009664059,0.010684729,0.069808654,0.009362602,0.021489544,0.11925,0.06333236,1.0,,,,,,,,,,,,,,,,,,,,,,,,,,,,,,,,,,,,,,,,,,,
319.0,-0.008112296471671245,0.08383704721927643,0.00044057369814254344,0.6274874210357666,0.0,0.050792474,0.020226339,0.99955904,0.11746026,0.066445984,-1.3205067e-06,-0.009012461,0.009240627,0.010659695,-0.039277863,-0.10204617,-0.00563839,0.119625,0.06352983,1.0,,,,,,,,,,,,,,,,,,,,,,,,,,,,,,,,,,,,,,,,,,,
320.0,-0.008221842597465685,0.08374351263046265,0.0004405975341796875,0.6237937808036804,0.0,0.051283333,0.020504683,0.99955904,0.11780626,0.06680269,-1.2782186e-06,-0.008721113,0.009276867,0.010751963,0.069789834,0.00939269,0.021514151,0.12,0.06372728,1.0,,,,,,,,,,,,,,,,,,,,,,,,,,,,,,,,,,,,,,,,,,,
321.0,-0.008332176983519186,0.08364833891391754,0.0004405975341796875,0.6201039552688599,0.0,0.05177564,0.020784466,0.99955904,0.11815374,0.06714744,-1.196232e-06,-0.008889437,0.0088534355,0.010726929,-0.03927883,-0.10201985,-0.0056700576,0.120375,0.06392472,1.0,,,,,,,,,,,,,,,,,,,,,,,,,,,,,,,,,,,,,,,,,,,
322.0,-0.008441465992617123,0.08355148136615753,0.0004405975341796875,0.6164180040359497,0.0,0.052269325,0.02106571,0.99955904,0.11848376,0.067498796,-1.1191698e-06,-0.008598328,0.008889675,0.010819197,0.069771014,0.009422759,0.02153874,0.12075,0.06412214,1.0,,,,,,,,,,,,,,,,,,,,,,,,,,,,,,,,,,,,,,,,,,,
323.0,-0.008551542985375,0.08345307409763336,0.00044062137021683156,0.61273592710495,0.0,0.052764386,0.021348368,0.99955904,0.11881526,0.0678382,-1.0463042e-06,-0.008766413,0.008466482,0.010793924,-0.039279792,-0.10199353,-0.005701704,0.121125,0.06431954,1.0,,,,,,,,,,,,,,,,,,,,,,,,,,,,,,,,,,,,,,,,,,,
324.0,-0.00866056831566839,0.08335302025079727,0.00044062137021683156,0.6090579032897949,0.0,0.05326076,0.02163247,0.99955904,0.1191293,0.068184204,-9.73009e-07,-0.008475542,0.008502722,0.010886431,0.06975219,0.009452808,0.021563308,0.1215,0.06451694,1.0,,,,,,,,,,,,,,,,,,,,,,,,,,,,,,,,,,,,,,,,,,,
325.0,-0.00877037704191189,0.08325143903493881,0.00044062137021683156,0.6053839325904846,0.0,0.053758446,0.021917963,0.99955904,0.11944484,0.068518266,-9.002137e-07,-0.008643627,0.008079529,0.010861158,-0.03928075,-0.10196722,-0.005733328,0.121875,0.06471431,1.0,,,,,,,,,,,,,,,,,,,,,,,,,,,,,,,,,,,,,,,,,,,
326.0,-0.008879133097946398,0.08314831554889679,0.00044062137021683156,0.6017140746116638,0.0,0.054257374,0.022204874,0.99955904,0.11974293,0.06885892,-8.3280213e-07,-0.0083527565,0.008116007,0.010953426,0.06973335,0.009482838,0.02158786,0.12225,0.06491166,1.0,,,,,,,,,,,,,,,,,,,,,,,,,,,,,,,,,,,,,,,,,,,
327.0,-0.008988671060319487,0.08304369449615479,0.00044062137021683156,0.5980483293533325,0.0,0.05475755,0.022493158,0.99955904,0.120042525,0.06918765,-7.595751e-07,-0.00852108,0.0076930523,0.010927916,-0.039281696,-0.10194093,-0.00576493,0.122625,0.06510901,1.0,,,,,,,,,,,,,,,,,,,,,,,,,,,,,,,,,,,,,,,,,,,
328.0,-0.00909715158070467,0.0829375758767128,0.00044064520625397563,0.594386875629425,0.0,0.055258904,0.022782836,0.99955904,0.120324686,0.06952297,-6.981578e-07,-0.008230209,0.0077295303,0.011020422,0.06971452,0.00951285,0.021612389,0.123,0.065306336,1.0,,,,,,,,,,,,,,,,,,,,,,,,,,,,,,,,,,,,,,,,,,,
329.0,-0.009206410285190125,0.0828300416469574,0.00044064520625397563,0.5907296538352966,0.0,0.055761438,0.023073863,0.99955904,0.12060836,0.06984636,-6.2446776e-07,-0.008398533,0.007306576,0.010994911,-0.03928264,-0.101914644,-0.00579651,0.123375,0.06550364,1.0,,,,,,,,,,,,,,,,,,,,,,,,,,,,,,,,,,,,,,,,,,,
330.0,-0.009314604926360062,0.08272106945514679,0.00044064520625397563,0.5870769619941711,0.0,0.056265082,0.023366263,0.99955904,0.1208746,0.070176356,-5.690446e-07,-0.008107662,0.0073432922,0.011087179,0.069695674,0.009542842,0.021636901,0.12375,0.06570093,1.0,,,,,,,,,,,,,,,,,,,,,,,,,,,,,,,,,,,,,,,,,,,
331.0,-0.009423578694266783,0.08261068165302277,0.00044064520625397563,0.5834285020828247,0.0,0.056769844,0.023659991,0.99955904,0.121142365,0.07049441,-4.9488665e-07,-0.008275986,0.006920576,0.011061668,-0.03928357,-0.10188837,-0.005828068,0.124125,0.06589821,1.0,,,,,,,,,,,,,,,,,,,,,,,,,,,,,,,,,,,,,,,,,,,
332.0,-0.009531489929496548,0.0824989527463913,0.00044064520625397563,0.5797845125198364,0.0,0.057275645,0.02395507,0.99955904,0.121392705,0.07081908,-4.454512e-07,-0.0079853535,0.006957054,0.011153936,0.06967683,0.009572816,0.021661393,0.1245,0.066095464,1.0,,,,,,,,,,,,,,,,,,,,,,,,,,,,,,,,,,,,,,,,,,,
333.0,-0.009640172589203395,0.08238587528467178,0.0004406571388244629,0.5761450529098511,0.0,0.057782497,0.024251452,0.99955904,0.12164458,0.07113182,-3.708217e-07,-0.008153677,0.0065345764,0.011128426,-0.039284497,-0.1018621,-0.005859604,0.124875,0.06629271,1.0,,,,,,,,,,,,,,,,,,,,,,,,,,,,,,,,,,,,,,,,,,,
334.0,-0.009747788493938335,0.08227149397134781,0.0004406571388244629,0.5725101828575134,0.0,0.05829033,0.024549166,0.999559,0.12187905,0.07145116,-3.2736762e-07,-0.007863045,0.006571293,0.011220694,0.06965798,0.009602771,0.021685867,0.12525,0.066489935,1.0,,,,,,,,,,,,,,,,,,,,,,,,,,,,,,,,,,,,,,,,,,,
335.0,-0.009856173231995037,0.08215580135583878,0.00044068097486160696,0.5688799619674683,0.0,0.05879914,0.02484816,0.999559,0.12211505,0.07175858,-6.830758e-08,-0.008031368,0.006148815,0.011195183,-0.039285414,-0.10183585,-0.005891118,0.125625,0.066687144,1.0,,,,,,,,,,,,,,,,,,,,,,,,,,,,,,,,,,,,,,,,,,,
336.0,-0.009963502221692672,0.08203886449337006,0.00044068097486160696,0.5652544498443604,0.0,0.059308864,0.025148463,0.999559,0.12233365,0.07207261,-7.401016e-08,-0.0077409744,0.00618577,0.011287212,0.069639124,0.009632707,0.021710321,0.126,0.06688434,1.0,,,,,,,,,,,,,,,,,,,,,,,,,,,,,,,,,,,,,,,,,,,
337.0,-0.01007159534302482,0.08192070573568344,0.00044068097486160696,0.5616337060928345,0.0,0.059819505,0.025450023,0.999559,0.12255381,0.07237472,1.1710017e-08,-0.007909298,0.0057632923,0.011261702,-0.039286327,-0.101809606,-0.0059226104,0.126375,0.06708151,1.0,,,,,,,,,,,,,,,,,,,,,,,,,,,,,,,,,,,,,,,,,,,
338.0,-0.010178781473802611,0.08180128037929535,0.000440704810898751,0.5580177903175354,0.0,0.06033099,0.025752872,0.999559,0.12275657,0.07268343,4.0841535e-08,-0.007618904,0.0058004856,0.01135397,0.06962026,0.009662623,0.021734755,0.12675,0.06727867,1.0,,,,,,,,,,,,,,,,,,,,,,,,,,,,,,,,,,,,,,,,,,,
339.0,-0.010286729333260065,0.08168075233697891,0.0004406929074320942,0.5544067621231079,0.0,0.06084333,0.026056956,0.999559,0.12296089,0.07298023,1.17466e-07,-0.0077872276,0.0053782463,0.01132822,-0.03928723,-0.10178337,-0.0059540807,0.127125,0.06747581,1.0,,,,,,,,,,,,,,,,,,,,,,,,,,,,,,,,,,,,,,,,,,,
340.0,-0.010394196331725471,0.08155903965234756,0.0004406929074320942,0.5508006811141968,0.0,0.061356444,0.026362304,0.99955904,0.12314782,0.07328364,1.428842e-07,-0.007496834,0.005415201,0.01142025,0.069601394,0.009692521,0.021759173,0.1275,0.06767294,1.0,,,,,,,,,,,,,,,,,,,,,,,,,,,,,,,,,,,,,,,,,,,
341.0,-0.010501501906651538,0.08143609017133713,0.0004406929074320942,0.5471997261047363,0.0,0.061870344,0.026668867,0.99955904,0.12333633,0.07357514,3.5509682e-08,-0.0076653957,0.0049932003,0.011394501,-0.03928813,-0.10175715,-0.005985529,0.127875,0.06787005,1.0,,,,,,,,,,,,,,,,,,,,,,,,,,,,,,,,,,,,,,,,,,,
342.0,-0.010608645757725391,0.08131198585033417,0.0004406929074320942,0.543603777885437,0.0,0.06238496,0.026976673,0.99955904,0.123507455,0.073873244,9.828117e-08,-0.007375002,0.0050303936,0.011486769,0.06958253,0.0097223995,0.021783568,0.12825,0.06806714,1.0,,,,,,,,,,,,,,,,,,,,,,,,,,,,,,,,,,,,,,,,,,,
343.0,-0.010715622389718195,0.08118674159049988,0.0004406929074320942,0.5400131940841675,0.0,0.0629003,0.02728567,0.99955904,0.12368017,0.07415945,1.6518631e-07,-0.007543564,0.0046083927,0.011460781,-0.03928902,-0.10173093,-0.0060169557,0.128625,0.068264216,1.0,,,,,,,,,,,,,,,,,,,,,,,,,,,,,,,,,,,,,,,,,,,
344.0,-0.010822430880388222,0.08106035739183426,0.0004406929074320942,0.5364278554916382,0.0,0.06341627,0.027595887,0.99955904,0.123835504,0.07445226,1.8121128e-07,-0.00725317,0.004645586,0.011553049,0.06956365,0.009752259,0.021807946,0.129,0.06846127,1.0,,,,,,,,,,,,,,,,,,,,,,,,,,,,,,,,,,,,,,,,,,,
345.0,-0.010929067594444498,0.0809328481554985,0.0004406929074320942,0.5328480005264282,0.0,0.06393291,0.027907277,0.99955904,0.123992436,0.07473317,2.581869e-07,-0.0074219704,0.0042238235,0.011527061,-0.039289903,-0.101704724,-0.0060483604,0.129375,0.068658315,1.0,,,,,,,,,,,,,,,,,,,,,,,,,,,,,,,,,,,,,,,,,,,
346.0,-0.0110355291393812,0.08080415427684784,0.0004406929074320942,0.5292736291885376,0.0,0.06445013,0.028219862,0.99955904,0.12413201,0.07502069,2.6602126e-07,-0.0071315765,0.0042612553,0.011619329,0.06954477,0.0097821,0.021832304,0.12975,0.06885534,1.0,,,,,,,,,,,,,,,,,,,,,,,,,,,,,,,,,,,,,,,,,,,
347.0,-0.011141811629947736,0.08067439496517181,0.0004406929074320942,0.5257049798965454,0.0,0.06496793,0.028533597,0.99955904,0.12427317,0.07529631,3.4402123e-07,-0.007300377,0.0038394928,0.011593342,-0.03929078,-0.10167852,-0.0060797427,0.130125,0.06905234,1.0,,,,,,,,,,,,,,,,,,,,,,,,,,,,,,,,,,,,,,,,,,,
348.0,-0.01124791489950667,0.08054350316524506,0.0004406929074320942,0.5221419930458069,0.0,0.06548625,0.028848508,0.99955904,0.124396995,0.075578555,3.45796e-07,-0.0070102215,0.0038769245,0.01168561,0.06952588,0.009811922,0.021856643,0.1305,0.06924933,1.0,,,,,,,,,,,,,,,,,,,,,,,,,,,,,,,,,,,,,,,,,,,
349.0,-0.01135383106885338,0.08041145652532578,0.0004406929074320942,0.5185849666595459,0.0,0.066005096,0.029164545,0.99955904,0.12452242,0.07584889,4.243251e-07,-0.0071787834,0.0034554005,0.011659384,-0.039291646,-0.10165234,-0.0061111036,0.130875,0.0694463,1.0,,,,,,,,,,,,,,,,,,,,,,,,,,,,,,,,,,,,,,,,,,,
350.0,-0.011459549981711373,0.08027840405702591,0.0004406929074320942,0.5150341987609863,0.0,0.06652439,0.029481735,0.99955904,0.1246305,0.07612585,4.201638e-07,-0.006888628,0.0034930706,0.011751652,0.069506995,0.009841725,0.021880964,0.13125,0.06964325,1.0,,,,,,,,,,,,,,,,,,,,,,,,,,,,,,,,,,,,,,,,,,,
351.0,-0.011565076441010116,0.0801442414522171,0.0004407167434692383,0.5114896297454834,0.0,0.06704414,0.029800031,0.99955904,0.124740206,0.07639092,4.9919805e-07,-0.0070574284,0.0030715466,0.011725426,-0.039292507,-0.10162616,-0.0061424426,0.131625,0.06984019,1.0,,,,,,,,,,,,,,,,,,,,,,,,,,,,,,,,,,,,,,,,,,,
352.0,-0.011670396089895077,0.08000899106264114,0.00044074057950638235,0.5079516172409058,0.0,0.06756428,0.030119458,0.99955904,0.12483257,0.07666261,4.8911363e-07,-0.006767273,0.0031092167,0.011817694,0.0694881,0.00987151,0.021905266,0.132,0.07003711,1.0,,,,,,,,,,,,,,,,,,,,,,,,,,,,,,,,,,,,,,,,,,,
353.0,-0.01177550966674171,0.07987266778945923,0.00044074057950638235,0.5044202208518982,0.0,0.068084806,0.03043997,0.99955904,0.12492657,0.0769224,5.6865497e-07,-0.0069360733,0.002687931,0.011791468,-0.039293364,-0.10159999,-0.0061737597,0.132375,0.070234016,1.0,,,,,,,,,,,,,,,,,,,,,,,,,,,,,,,,,,,,,,,,,,,
354.0,-0.011880405338449784,0.07973533123731613,0.00044074057950638235,0.5008957982063293,0.0,0.068605654,0.030761588,0.99955904,0.12500325,0.07718882,5.526543e-07,-0.0066461563,0.0027256012,0.011883497,0.069469206,0.009901275,0.021929547,0.13275,0.0704309,1.0,,,,,,,,,,,,,,,,,,,,,,,,,,,,,,,,,,,,,,,,,,,
355.0,-0.011985076873435084,0.07959692180156708,0.00044074057950638235,0.4973786175251007,0.0,0.06912682,0.03108427,0.99955904,0.12508155,0.07744335,6.327062e-07,-0.0068149567,0.002304554,0.011857271,-0.03929421,-0.10157383,-0.006205055,0.133125,0.070627764,1.0,,,,,,,,,,,,,,,,,,,,,,,,,,,,,,,,,,,,,,,,,,,
356.0,-0.012089516070520041,0.07945750653743744,0.00044074057950638235,0.4938688278198242,0.0,0.06964825,0.031408038,0.99955904,0.12514254,0.0777045,6.1079567e-07,-0.0065250397,0.0023424625,0.011949539,0.069450304,0.009931021,0.02195381,0.1335,0.07082461,1.0,,,,,,,,,,,,,,,,,,,,,,,,,,,,,,,,,,,,,,,,,,,
357.0,-0.012193718888769127,0.07931702584028244,0.00044074057950638235,0.49036672711372375,0.0,0.07016994,0.031732846,0.99955904,0.12520519,0.07795376,6.913616e-07,-0.00669384,0.0019211769,0.011923075,-0.03929505,-0.10154769,-0.0062363283,0.133875,0.071021445,1.0,,,,,,,,,,,,,,,,,,,,,,,,,,,,,,,,,,,,,,,,,,,
358.0,-0.012297670966150873,0.07917556911706924,0.00044074057950638235,0.4868726432323456,0.0,0.07069182,0.03205872,0.99955904,0.12525052,0.07820966,6.635477e-07,-0.006403923,0.0019593239,0.012015343,0.069431394,0.009960749,0.021978052,0.13425,0.07121826,1.0,,,,,,,,,,,,,,,,,,,,,,,,,,,,,,,,,,,,,,,,,,,
359.0,-0.012401329484714282,0.07903306186199188,0.00044074057950638235,0.48338696360588074,0.0,0.071213886,0.03238561,0.99955904,0.1252975,0.078453675,7.446311e-07,-0.0065727234,0.0015382767,0.011988878,-0.039295886,-0.10152155,-0.00626758,0.134625,0.07141505,1.0,,,,,,,,,,,,,,,,,,,,,,,,,,,,,,,,,,,,,,,,,,,
360.0,-0.012504718704281551,0.07888956367969513,0.00044074057950638235,0.4799099266529083,0.0,0.07173608,0.032713544,0.99955904,0.12532718,0.07870432,7.1092035e-07,-0.006283045,0.0015764236,0.012080908,0.06941248,0.009990458,0.022002278,0.135,0.07161183,1.0,,,,,,,,,,,,,,,,,,,,,,,,,,,,,,,,,,,,,,,,,,,
361.0,-0.012607832988650263,0.07874511927366257,0.00044074057950638235,0.4764418601989746,0.0,0.07225841,0.03304247,0.99955904,0.12535855,0.07894308,7.9252465e-07,-0.006451845,0.0011556149,0.012054443,-0.039296713,-0.10149542,-0.00629881,0.135375,0.07180859,1.0,,,,,,,,,,,,,,,,,,,,,,,,,,,,,,,,,,,,,,,,,,,
362.0,-0.012710652754134391,0.0785997062921524,0.00044074057950638235,0.47298330068588257,0.0,0.0727808,0.033372425,0.99955904,0.1253726,0.07918847,7.529235e-07,-0.006162405,0.0011937618,0.012146711,0.06939356,0.010020149,0.022026483,0.13575,0.07200533,1.0,,,,,,,,,,,,,,,,,,,,,,,,,,,,,,,,,,,,,,,,,,,
363.0,-0.01281317330228958,0.07845331728458405,0.00044074057950638235,0.4695345163345337,0.0,0.07330325,0.03370335,0.99955904,0.12538835,0.079422,8.3505216e-07,-0.0063312054,0.00077295303,0.0121200085,-0.039297532,-0.1014693,-0.006330018,0.136125,0.07220206,1.0,,,,,,,,,,,,,,,,,,,,,,,,,,,,,,,,,,,,,,,,,,,
364.0,-0.012915376458661015,0.07830594480037689,0.00044074057950638235,0.4660959839820862,0.0,0.073825695,0.034035277,0.99955904,0.1253868,0.079662144,7.895669e-07,-0.006041765,0.0008113384,0.012212276,0.06937464,0.01004982,0.02205067,0.1365,0.07239876,1.0,,,,,,,,,,,,,,,,,,,,,,,,,,,,,,,,,,,,,,,,,,,
365.0,-0.013017256978602749,0.07815767824649811,0.0004407644155435264,0.46266815066337585,0.0,0.074348144,0.034368154,0.99955904,0.12538695,0.07989043,8.7222344e-07,-0.0062105656,0.00039076805,0.012185574,-0.039298344,-0.101443194,-0.006361204,0.136875,0.07259545,1.0,,,,,,,,,,,,,,,,,,,,,,,,,,,,,,,,,,,,,,,,,,,
366.0,-0.013118786329037905,0.07800843566656113,0.0004407525120768696,0.4592514634132385,0.0,0.07487051,0.034702007,0.99955904,0.12536982,0.08012535,8.2086063e-07,-0.0059211254,0.00042915344,0.012277603,0.06935572,0.010079473,0.022074835,0.13725,0.07279212,1.0,,,,,,,,,,,,,,,,,,,,,,,,,,,,,,,,,,,,,,,,,,,
367.0,-0.01322038331888289,0.0778583213686943,0.0004407525120768696,0.4558464586734772,0.0,0.07539283,0.035036795,0.9995591,0.12535438,0.080348395,9.0404836e-07,-0.0060899258,8.583069e-06,0.0122509,-0.03929915,-0.101417094,-0.0063923686,0.137625,0.07298877,1.0,,,,,,,,,,,,,,,,,,,,,,,,,,,,,,,,,,,,,,,,,,,
368.0,-0.013321306245822234,0.07770729064941406,0.0004407525120768696,0.45245376229286194,0.0,0.075915,0.035372537,0.9995591,0.12532169,0.080578074,6.628528e-07,-0.0058004856,4.720688e-05,0.012343168,0.06933679,0.010109107,0.022098985,0.138,0.0731854,1.0,,,,,,,,,,,,,,,,,,,,,,,,,,,,,,,,,,,,,,,,,,,
369.0,-0.013422344108133621,0.07755537331104279,0.0004407525120768696,0.44907379150390625,0.0,0.07643704,0.035709184,0.9995591,0.12529069,0.08079589,7.8976666e-07,-0.0059695244,-0.00037312508,0.012316227,-0.03929995,-0.10139101,-0.006423511,0.138375,0.07338202,1.0,,,,,,,,,,,,,,,,,,,,,,,,,,,,,,,,,,,,,,,,,,,
370.0,-0.013522192994768195,0.07740254700183868,0.0004407525120768696,0.44570714235305786,0.0,0.07695889,0.03604677,0.9995591,0.12524244,0.081020355,7.1652715e-07,-0.005680084,-0.00033450127,0.012408495,0.06931785,0.010138722,0.022123113,0.13875,0.07357861,1.0,,,,,,,,,,,,,,,,,,,,,,,,,,,,,,,,,,,,,,,,,,,
371.0,-0.013622070858570262,0.07724889367818832,0.0004407525120768696,0.4423545002937317,0.0,0.07748054,0.036385242,0.9995591,0.12519589,0.08123295,8.031686e-07,-0.005849123,-0.0007548332,0.012381554,-0.03930074,-0.101364926,-0.006454632,0.139125,0.073775195,1.0,,,,,,,,,,,,,,,,,,,,,,,,,,,,,,,,,,,,,,,,,,,
372.0,-0.013721045798031267,0.07709437608718872,0.0004407525120768696,0.43901652097702026,0.0,0.078001924,0.036724623,0.9995591,0.12513211,0.08145219,7.336525e-07,-0.0055599213,-0.000715971,0.012473583,0.06929891,0.010168319,0.022147223,0.1395,0.07397175,1.0,,,,,,,,,,,,,,,,,,,,,,,,,,,,,,,,,,,,,,,,,,,
373.0,-0.013820012039701398,0.07693909853696823,0.00044077634811401367,0.4356938302516937,0.0,0.07852305,0.037064873,0.9995591,0.12507005,0.08165957,8.185857e-07,-0.00572896,-0.001136303,0.01244688,-0.039301526,-0.101338856,-0.0064857313,0.139875,0.074168295,1.0,,,,,,,,,,,,,,,,,,,,,,,,,,,,,,,,,,,,,,,,,,,
374.0,-0.013918036100701104,0.07678298652172089,0.00044077634811401367,0.4323870837688446,0.0,0.07904384,0.037406012,0.9995591,0.12499075,0.08187359,7.4374583e-07,-0.0054397583,-0.0010974407,0.01253891,0.06927997,0.0101978965,0.022171313,0.14025,0.07436481,1.0,,,,,,,,,,,,,,,,,,,,,,,,,,,,,,,,,,,,,,,,,,,
375.0,-0.014016009814970132,0.07662613689899445,0.00044077634811401367,0.42909708619117737,0.0,0.07956431,0.037747994,0.9995591,0.12491318,0.08207576,8.291e-07,-0.005608797,-0.0015172958,0.012511969,-0.039302304,-0.1013128,-0.006516809,0.140625,0.07456132,1.0,,,,,,,,,,,,,,,,,,,,,,,,,,,,,,,,,,,,,,,,,,,
376.0,-0.014112992950408992,0.0764685645699501,0.00044077634811401367,0.4258246421813965,0.0,0.08008439,0.038090847,0.9995591,0.12481838,0.08228457,7.484436e-07,-0.0053195953,-0.0014784336,0.012603998,0.06926102,0.010227456,0.022195386,0.141,0.07475781,1.0,,,,,,,,,,,,,,,,,,,,,,,,,,,,,,,,,,,,,,,,,,,
377.0,-0.014209881105040225,0.07631023973226547,0.00044077634811401367,0.42257043719291687,0.0,0.08060408,0.03843452,0.9995591,0.12472532,0.08248153,8.3433923e-07,-0.005488634,-0.0018982887,0.012577057,-0.039303076,-0.10128675,-0.0065478645,0.141375,0.07495427,1.0,,,,,,,,,,,,,,,,,,,,,,,,,,,,,,,,,,,,,,,,,,,
378.0,-0.014305510416014296,0.0761512741446495,0.00044077634811401367,0.41933542490005493,0.0,0.08112331,0.038779043,0.9995591,0.124615036,0.082685135,7.4784526e-07,-0.005199671,-0.0018591881,0.012669086,0.06924207,0.010256996,0.022219438,0.14175,0.07515072,1.0,,,,,,,,,,,,,,,,,,,,,,,,,,,,,,,,,,,,,,,,,,,
379.0,-0.014400990567489867,0.07599163800477982,0.00044077634811401367,0.4161204993724823,0.0,0.081642084,0.039124362,0.9995591,0.12450651,0.0828769,8.342921e-07,-0.0053687096,-0.0018384457,0.012639523,-0.040642362,0.00446758,-0.007128705,0.142125,0.07534715,1.0,,,,,,,,,,,,,,,,,,,,,,,,,,,,,,,,,,,,,,,,,,,
380.0,-0.014495383641694573,0.0758313462138176,0.00044077634811401367,0.41292640566825867,0.0,0.08216041,0.03947051,0.9995591,0.124398775,0.08307553,7.7904025e-07,-0.0050797462,-0.0013587475,0.012729406,0.06790002,0.115990385,0.021645268,0.1425,0.07554356,1.0,,,,,,,,,,,,,,,,,,,,,,,,,,,,,,,,,,,,,,,,,,,
381.0,-0.014589711265254485,0.07567038387060165,0.00044077634811401367,0.40975421667099,0.0,0.08267837,0.039817438,0.9995591,0.1243108,0.083262555,8.8507664e-07,-0.0052490234,-0.0013382435,0.012699842,-0.04066281,0.0044441097,-0.007111426,0.142875,0.07573995,1.0,,,,,,,,,,,,,,,,,,,,,,,,,,,,,,,,,,,,,,,,,,,
382.0,-0.014682896031802012,0.07550881803035736,0.00044077634811401367,0.4066047668457031,0.0,0.08319597,0.04016517,0.9995591,0.12422361,0.08345646,8.256066e-07,-0.00496006,-0.0011353493,0.012791157,0.06873049,0.049540117,0.021969456,0.14325,0.075936325,1.0,,,,,,,,,,,,,,,,,,,,,,,,,,,,,,,,,,,,,,,,,,,
383.0,-0.014775819451261671,0.07534662634134293,0.00044077634811401367,0.40347912907600403,0.0,0.08371324,0.04051367,0.9995591,0.12414486,0.08363859,9.101154e-07,-0.0051293373,-0.0013916492,0.012763023,-0.039825965,-0.061993223,-0.006775712,0.143625,0.07613268,1.0,,,,,,,,,,,,,,,,,,,,,,,,,,,,,,,,,,,,,,,,,,,
384.0,-0.014867535634002527,0.07518386095762253,0.0004407644155435264,0.40037837624549866,0.0,0.08423014,0.040862948,0.9995591,0.12405557,0.08382748,8.421489e-07,-0.004840374,-0.001188755,0.012854338,0.0687139,0.049551122,0.021975482,0.144,0.07632901,1.0,,,,,,,,,,,,,,,,,,,,,,,,,,,,,,,,,,,,,,,,,,,
385.0,-0.01495884203335445,0.07502053678035736,0.0004407644155435264,0.3973034620285034,0.0,0.0847467,0.04121297,0.99955916,0.123974726,0.08400461,9.27671e-07,-0.005009651,-0.0014448166,0.012826204,-0.039833993,-0.061985634,-0.006788739,0.144375,0.07652532,1.0,,,,,,,,,,,,,,,,,,,,,,,,,,,,,,,,,,,,,,,,,,,
386.0,-0.015048877702472239,0.07485665380954742,0.0004407644155435264,0.3942555785179138,0.0,0.08526288,0.041563753,0.99955916,0.123883344,0.084188476,6.757656e-07,-0.004720688,-0.0012421608,0.012917519,0.068697326,0.04956212,0.0219815,0.14475,0.07672162,1.0,,,,,,,,,,,,,,,,,,,,,,,,,,,,,,,,,,,,,,,,,,,
387.0,-0.015138524448335012,0.07469228655099869,0.0004407644155435264,0.3912358283996582,0.0,0.08577872,0.041915257,0.99955916,0.12380041,0.0843606,8.034947e-07,-0.004889965,-0.0014982224,0.012889385,-0.03984202,-0.06197805,-0.0068017542,0.145125,0.0769179,1.0,,,,,,,,,,,,,,,,,,,,,,,,,,,,,,,,,,,,,,,,,,,
388.0,-0.015226833310213262,0.07452742010354996,0.0004407644155435264,0.3882453143596649,0.0,0.08629417,0.0422675,0.99955916,0.123706944,0.084539466,7.25904e-07,-0.00460124,-0.0012953281,0.012980461,0.068680756,0.04957311,0.02198751,0.1455,0.07711416,1.0,,,,,,,,,,,,,,,,,,,,,,,,,,,,,,,,,,,,,,,,,,,
389.0,-0.015314685896205632,0.07436204701662064,0.0004407644155435264,0.38528522849082947,0.0,0.086809255,0.042620447,0.99955916,0.123621926,0.08470659,8.117266e-07,-0.0047705173,-0.0015513897,0.012952328,-0.039850045,-0.061970472,-0.0068147574,0.145875,0.0773104,1.0,,,,,,,,,,,,,,,,,,,,,,,,,,,,,,,,,,,,,,,,,,,
390.0,-0.015401127520350933,0.07419624924659729,0.0004407644155435264,0.3823568522930145,0.0,0.08732395,0.042974114,0.99955916,0.12352638,0.08488046,7.4423804e-07,-0.0044817924,-0.0013484955,0.013043642,0.06866419,0.04958409,0.021993514,0.14625,0.07750662,1.0,,,,,,,,,,,,,,,,,,,,,,,,,,,,,,,,,,,,,,,,,,,
391.0,-0.015487037667892768,0.07403001934289932,0.0004407644155435264,0.379461407661438,0.0,0.08783828,0.04332846,0.99955916,0.12343928,0.08504259,8.2671113e-07,-0.004651308,-0.001604557,0.013015509,-0.039858066,-0.061962895,-0.0068277484,0.146625,0.07770281,1.0,,,,,,,,,,,,,,,,,,,,,,,,,,,,,,,,,,,,,,,,,,,
392.0,-0.015571463529712854,0.07386339455842972,0.0004407644155435264,0.37660011649131775,0.0,0.0883522,0.043683507,0.99955916,0.12334166,0.08521146,7.6027254e-07,-0.004362583,-0.0014016628,0.013106585,0.06864764,0.049595065,0.021999508,0.147,0.077898994,1.0,,,,,,,,,,,,,,,,,,,,,,,,,,,,,,,,,,,,,,,,,,,
393.0,-0.01565595606395055,0.07369641214609146,0.0004407644155435264,0.3737744390964508,0.0,0.08886576,0.04403921,0.99955916,0.12325249,0.0853686,8.415228e-07,-0.004532099,-0.001657486,0.013078451,-0.039866086,-0.06195532,-0.0068407273,0.147375,0.07809515,1.0,,,,,,,,,,,,,,,,,,,,,,,,,,,,,,,,,,,,,,,,,,,
394.0,-0.015737969535469895,0.07352901250123978,0.0004407644155435264,0.37098556756973267,0.0,0.08937889,0.044395596,0.99955916,0.123152785,0.0855325,7.756355e-07,-0.004243374,-0.0014545918,0.0131697655,0.06863108,0.049606033,0.022005495,0.14775,0.0782913,1.0,,,,,,,,,,,,,,,,,,,,,,,,,,,,,,,,,,,,,,,,,,,
395.0,-0.015820210279773893,0.07336129248142242,0.0004407644155435264,0.36823490262031555,0.0,0.08989165,0.044752616,0.99955916,0.123061545,0.08568466,8.557815e-07,-0.0044128895,-0.0017106533,0.013141394,-0.039874103,-0.061947756,-0.0068536946,0.148125,0.07848742,1.0,,,,,,,,,,,,,,,,,,,,,,,,,,,,,,,,,,,,,,,,,,,
396.0,-0.015899886184566822,0.07319319993257523,0.0004407644155435264,0.36552393436431885,0.0,0.09040398,0.045110296,0.99955916,0.12295978,0.08584357,7.9041826e-07,-0.004124403,-0.0015075207,0.013232708,0.06861454,0.049616996,0.022011474,0.1485,0.07868352,1.0,,,,,,,,,,,,,,,,,,,,,,,,,,,,,,,,,,,,,,,,,,,
397.0,-0.015979705899261537,0.07302477955818176,0.0004407644155435264,0.3628539443016052,0.0,0.090915926,0.04546859,0.99955916,0.122866474,0.08599076,8.6946744e-07,-0.0042939186,-0.0017635822,0.013204336,-0.039882116,-0.06194019,-0.0068666497,0.148875,0.0788796,1.0,,,,,,,,,,,,,,,,,,,,,,,,,,,,,,,,,,,,,,,,,,,
398.0,-0.016056873236699905,0.07285606861114502,0.0004407644155435264,0.360226571559906,0.0,0.09142743,0.045827527,0.99955916,0.12276264,0.0861447,8.046274e-07,-0.004005432,-0.0015604496,0.0132956505,0.068598,0.04962795,0.022017445,0.14925,0.079075664,1.0,,,,,,,,,,,,,,,,,,,,,,,,,,,,,,,,,,,,,,,,,,,
399.0,-0.016134092718976718,0.07268702238798141,0.0004407644155435264,0.35764312744140625,0.0,0.09193855,0.046187058,0.99955916,0.122667275,0.086286925,8.825814e-07,-0.0041749477,-0.0018162727,0.01326704,-0.03989013,-0.06193263,-0.006879593,0.149625,0.07927171,1.0,,,,,,,,,,,,,,,,,,,,,,,,,,,,,,,,,,,,,,,,,,,
400.0,-0.016208571891440992,0.07251769304275513,0.0004407644155435264,0.3551052510738373,0.0,0.09244922,0.046547204,0.99955916,0.12256139,0.0864359,8.182647e-07,-0.0038864613,-0.0016133785,0.013358355,0.06858147,0.049638897,0.022023408,0.15,0.07946773,1.0,,,,,,,,,,,,,,,,,,,,,,,,,,,,,,,,,,,,,,,,,,,
401.0,-0.01628289477161834,0.07234810292720795,0.0004407644155435264,0.3526143431663513,0.0,0.092959486,0.046907928,0.99955916,0.122463964,0.08657316,8.9512486e-07,-0.0040562153,-0.0018692017,0.013329983,-0.03989814,-0.061925076,-0.0068925237,0.150375,0.07966374,1.0,,,,,,,,,,,,,,,,,,,,,,,,,,,,,,,,,,,,,,,,,,,
402.0,-0.01635438471227608,0.07217822968959808,0.0004407525120768696,0.3501720726490021,0.0,0.09346931,0.047269247,0.99955916,0.12235602,0.08671718,8.313319e-07,-0.0037677288,-0.001666069,0.013421297,0.06856495,0.049649835,0.022029364,0.15075,0.07985972,1.0,,,,,,,,,,,,,,,,,,,,,,,,,,,,,,,,,,,,,,,,,,,
403.0,-0.01642574821600192,0.07200809568166733,0.0004407525120768696,0.3477798402309418,0.0,0.0939787,0.047631122,0.9995592,0.12225655,0.08684948,9.070993e-07,-0.003937483,-0.0019218922,0.013392925,-0.039906148,-0.061917525,-0.006905443,0.151125,0.080055684,1.0,,,,,,,,,,,,,,,,,,,,,,,,,,,,,,,,,,,,,,,,,,,
404.0,-0.016494185604847375,0.07183771580457687,0.0004407525120768696,0.3454393744468689,0.0,0.09448765,0.047993574,0.9995592,0.122146554,0.08698855,6.5986734e-07,-0.0036489964,-0.0017187595,0.013484001,0.06854843,0.04966077,0.022035312,0.1515,0.08025163,1.0,,,,,,,,,,,,,,,,,,,,,,,,,,,,,,,,,,,,,,,,,,,
405.0,-0.016562400008426813,0.07166709005832672,0.0004407525120768696,0.34315216541290283,0.0,0.09499617,0.048356555,0.9995592,0.12204503,0.087115906,7.777371e-07,-0.0038187504,-0.0019743443,0.013455629,-0.03991415,-0.061909974,-0.0069183502,0.151875,0.08044755,1.0,,,,,,,,,,,,,,,,,,,,,,,,,,,,,,,,,,,,,,,,,,,
406.0,-0.016627594553165183,0.07149620354175568,0.0004407525120768696,0.3409198522567749,0.0,0.095504224,0.0487201,0.9995592,0.121933,0.08725003,7.048511e-07,-0.0035305023,-0.00177145,0.013546944,0.06853192,0.049671695,0.022041252,0.15225,0.08064345,1.0,,,,,,,,,,,,,,,,,,,,,,,,,,,,,,,,,,,,,,,,,,,
407.0,-0.016692469824627916,0.07132510095834732,0.00044072867603972554,0.33874398469924927,0.0,0.09601185,0.04908415,0.9995592,0.121829435,0.087372445,7.80818e-07,-0.0037002563,-0.0020270348,0.013518333,-0.039922155,-0.06190243,-0.0069312453,0.152625,0.080839336,1.0,,,,,,,,,,,,,,,,,,,,,,,,,,,,,,,,,,,,,,,,,,,
408.0,-0.01675422840303254,0.07115374505519867,0.00044072867603972554,0.336626261472702,0.0,0.09651899,0.04944874,0.9995592,0.12171536,0.08750163,7.1803964e-07,-0.0034120083,-0.0018239021,0.013609648,0.06851542,0.049682613,0.022047184,0.153,0.0810352,1.0,,,,,,,,,,,,,,,,,,,,,,,,,,,,,,,,,,,,,,,,,,,
409.0,-0.016815573343735197,0.0709822028875351,0.00044072867603972554,0.3345681428909302,0.0,0.0970257,0.049813822,0.9995592,0.121609755,0.08761911,7.906675e-07,-0.0035820007,-0.0020794868,0.0135810375,-0.039930154,-0.06189489,-0.006944129,0.153375,0.08123104,1.0,,,,,,,,,,,,,,,,,,,,,,,,,,,,,,,,,,,,,,,,,,,
410.0,-0.016873706408428737,0.0708104744553566,0.00044072867603972554,0.3325713276863098,0.0,0.09753192,0.05017942,0.9995592,0.121493645,0.087743364,7.289428e-07,-0.0032937527,-0.0018763542,0.013672352,0.06849892,0.049693525,0.022053108,0.15375,0.08142687,1.0,,,,,,,,,,,,,,,,,,,,,,,,,,,,,,,,,,,,,,,,,,,
411.0,-0.016931327561912988,0.07063848525285721,0.00044072867603972554,0.3306373953819275,0.0,0.0980377,0.050545484,0.9995592,0.121386014,0.08785591,8.003588e-07,-0.0034635067,-0.002131939,0.013643742,-0.03993815,-0.061887357,-0.006957,0.154125,0.08162267,1.0,,,,,,,,,,,,,,,,,,,,,,,,,,,,,,,,,,,,,,,,,,,
412.0,-0.01698564041110622,0.0704662948846817,0.00044072867603972554,0.3287679851055145,0.0,0.09854298,0.05091205,0.9995592,0.12126787,0.08797524,7.3918886e-07,-0.003175497,-0.0019288063,0.013735056,0.06848243,0.04970443,0.022059023,0.1545,0.08181845,1.0,,,,,,,,,,,,,,,,,,,,,,,,,,,,,,,,,,,,,,,,,,,
413.0,-0.017039348845299906,0.07029392570257187,0.00044072867603972554,0.3269645571708679,0.0,0.09904781,0.05127906,0.9995592,0.12115821,0.08808287,8.095114e-07,-0.0033454895,-0.0021841526,0.013706446,-0.03994615,-0.061879825,-0.0069698594,0.154875,0.08201421,1.0,,,,,,,,,,,,,,,,,,,,,,,,,,,,,,,,,,,,,,,,,,,
414.0,-0.01708965572576581,0.07012137025594711,0.00044072867603972554,0.325228750705719,0.0,0.09955213,0.05164655,0.9995592,0.12103804,0.088197276,7.4886924e-07,-0.0030572414,-0.00198102,0.01379776,0.06846594,0.04971533,0.022064934,0.15525,0.08220995,1.0,,,,,,,,,,,,,,,,,,,,,,,,,,,,,,,,,,,,,,,,,,,
415.0,-0.017139263350343027,0.06994865834712982,0.00044072867603972554,0.3235621154308319,0.0,0.10005599,0.052014466,0.9995592,0.12092636,0.08829999,8.1810595e-07,-0.003227234,-0.0022366047,0.013768911,-0.03995414,-0.061872296,-0.006982707,0.155625,0.08240567,1.0,,,,,,,,,,,,,,,,,,,,,,,,,,,,,,,,,,,,,,,,,,,
416.0,-0.017185377601669462,0.06977576017379761,0.00044072867603972554,0.32196614146232605,0.0,0.10055935,0.052382838,0.9995592,0.12080416,0.08840949,7.579904e-07,-0.0029392242,-0.0020332336,0.013860226,0.06844947,0.049726218,0.022070834,0.156,0.08260137,1.0,,,,,,,,,,,,,,,,,,,,,,,,,,,,,,,,,,,,,,,,,,,
417.0,-0.017230705434027552,0.06960271298885345,0.00044072867603972554,0.32044222950935364,0.0,0.10106222,0.05275162,0.9995592,0.12069046,0.088507295,8.261428e-07,-0.003109455,-0.0022888184,0.013831615,-0.03996213,-0.06186477,-0.0069955424,0.156375,0.08279705,1.0,,,,,,,,,,,,,,,,,,,,,,,,,,,,,,,,,,,,,,,,,,,
418.0,-0.017272453205884268,0.06942944973707199,0.00044072867603972554,0.31899189949035645,0.0,0.10156458,0.053120833,0.9995592,0.12056626,0.088611886,7.665542e-07,-0.0028214455,-0.0020854473,0.01392293,0.068432994,0.049737103,0.022076726,0.15675,0.0829927,1.0,,,,,,,,,,,,,,,,,,,,,,,,,,,,,,,,,,,,,,,,,,,
419.0,-0.017313326202357895,0.06925608962774277,0.00044072867603972554,0.3176165819168091,0.0,0.10206646,0.053490438,0.9995592,0.120450534,0.08870479,8.336236e-07,-0.002991438,-0.0023407936,0.013894081,-0.039970122,-0.061857253,-0.007008366,0.157125,0.08318834,1.0,,,,,,,,,,,,,,,,,,,,,,,,,,,,,,,,,,,,,,,,,,,
420.0,-0.017350537476704814,0.06908254325389862,0.0004407167434692383,0.3163175582885742,0.0,0.10256781,0.053860456,0.9995592,0.12032431,0.08880448,7.745622e-07,-0.0027036667,-0.002137661,0.013985395,0.06841653,0.04974798,0.022082612,0.1575,0.08338396,1.0,,,,,,,,,,,,,,,,,,,,,,,,,,,,,,,,,,,,,,,,,,,
421.0,-0.017386795729851294,0.06890889257192612,0.0004407167434692383,0.3150961399078369,0.0,0.10306867,0.054230843,0.9995593,0.12020659,0.08889249,8.4054983e-07,-0.0028736591,-0.0023930073,0.013956547,-0.03997811,-0.061849736,-0.0070211776,0.157875,0.083579555,1.0,,,,,,,,,,,,,,,,,,,,,,,,,,,,,,,,,,,,,,,,,,,
422.0,-0.017419314199527254,0.06873507797718048,0.0004407167434692383,0.3139536678791046,0.0,0.10356899,0.05460162,0.9995593,0.12007836,0.08898729,5.980524e-07,-0.002585888,-0.0021896362,0.014047861,0.06840008,0.04975885,0.022088489,0.15825,0.08377513,1.0,,,,,,,,,,,,,,,,,,,,,,,,,,,,,,,,,,,,,,,,,,,
423.0,-0.0174508040269051,0.06856115162372589,0.0004407167434692383,0.31289130449295044,0.0,0.10406882,0.05497275,0.9995593,0.11995863,0.08907041,7.061539e-07,-0.0027561188,-0.0024449825,0.014019012,-0.039986093,-0.061842225,-0.0070339777,0.158625,0.08397068,1.0,,,,,,,,,,,,,,,,,,,,,,,,,,,,,,,,,,,,,,,,,,,
424.0,-0.017478485278136217,0.06838712096214294,0.0004407167434692383,0.31191015243530273,0.0,0.10456811,0.05534425,0.9995593,0.119828396,0.08916032,6.3800616e-07,-0.0024683475,-0.0022416115,0.014110327,0.06838363,0.049769714,0.02209436,0.159,0.084166214,1.0,,,,,,,,,,,,,,,,,,,,,,,,,,,,,,,,,,,,,,,,,,,
425.0,-0.017504834207853127,0.06821295619010925,0.0004407167434692383,0.31101134419441223,0.0,0.10506689,0.05571608,0.9995593,0.11970667,0.08923856,7.0421504e-07,-0.0026385784,-0.0024969578,0.014081478,-0.039994072,-0.06183472,-0.0070467656,0.159375,0.08436173,1.0,,,,,,,,,,,,,,,,,,,,,,,,,,,,,,,,,,,,,,,,,,,
426.0,-0.01752730869587649,0.0680387020111084,0.0004407167434692383,0.3101958930492401,0.0,0.105565116,0.056088258,0.9995593,0.119574435,0.089323595,6.4617876e-07,-0.0023508072,-0.0022935867,0.014172792,0.06836718,0.04978057,0.022100221,0.15975,0.08455722,1.0,,,,,,,,,,,,,,,,,,,,,,,,,,,,,,,,,,,,,,,,,,,
427.0,-0.017548630943466925,0.06786437332630157,0.0004407167434692383,0.3094647228717804,0.0,0.10606282,0.056460746,0.9995593,0.1194507,0.08939695,7.0905924e-07,-0.002521038,-0.0025486946,0.014143705,-0.04000205,-0.061827216,-0.0070595415,0.160125,0.08475269,1.0,,,,,,,,,,,,,,,,,,,,,,,,,,,,,,,,,,,,,,,,,,,
428.0,-0.017566027081322502,0.06768998503684998,0.0004407167434692383,0.30881866812705994,0.0,0.10655998,0.05683357,0.9995593,0.11931648,0.089477114,6.5208013e-07,-0.0022332668,-0.0023453236,0.014235258,0.06835074,0.049791418,0.022106076,0.1605,0.08494814,1.0,,,,,,,,,,,,,,,,,,,,,,,,,,,,,,,,,,,,,,,,,,,
429.0,-0.017582221886677147,0.06751556694507599,0.0004406929074320942,0.3082585036754608,0.0,0.1070566,0.057206675,0.9995593,0.11919076,0.08954561,7.1375956e-07,-0.002403736,-0.0026004314,0.014206171,-0.040010028,-0.061819714,-0.007072306,0.160875,0.085143566,1.0,,,,,,,,,,,,,,,,,,,,,,,,,,,,,,,,,,,,,,,,,,,
430.0,-0.017594856425211768,0.06734113395214081,0.0004406929074320942,0.3077849745750427,0.0,0.10755267,0.057580095,0.9995593,0.11905455,0.0896209,6.573388e-07,-0.002115965,-0.0023970604,0.014297485,0.06833431,0.049802262,0.02211192,0.16125,0.08533897,1.0,,,,,,,,,,,,,,,,,,,,,,,,,,,,,,,,,,,,,,,,,,,
431.0,-0.017605668157392756,0.06716674566268921,0.0004406929074320942,0.30739858746528625,0.0,0.10804819,0.05795378,0.9995593,0.118926845,0.08968454,7.179355e-07,-0.0022864342,-0.0026521683,0.014268398,-0.040018003,-0.06181222,-0.007085058,0.161625,0.08553436,1.0,,,,,,,,,,,,,,,,,,,,,,,,,,,,,,,,,,,,,,,,,,,
432.0,-0.01761339017970295,0.0669923797249794,0.0004406929074320942,0.30709996819496155,0.0,0.10854315,0.05832776,0.9995593,0.118788645,0.08975497,6.6204586e-07,-0.0019989014,-0.0024487972,0.014359951,0.06831789,0.0498131,0.02211776,0.162,0.08572972,1.0,,,,,,,,,,,,,,,,,,,,,,,,,,,,,,,,,,,,,,,,,,,
433.0,-0.017618928699992834,0.06681805104017258,0.0004406929074320942,0.30688947439193726,0.0,0.10903756,0.058701985,0.9995593,0.11865896,0.08981375,7.2156763e-07,-0.0021693707,-0.002703905,0.014330864,-0.040025976,-0.061804727,-0.0070977984,0.162375,0.08592506,1.0,,,,,,,,,,,,,,,,,,,,,,,,,,,,,,,,,,,,,,,,,,,
434.0,-0.01762135505792212,0.06664378941059113,0.0004406929074320942,0.3067674934864044,0.0,0.10953139,0.05907648,0.9995593,0.11851878,0.08987933,6.6620805e-07,-0.0018818378,-0.0025002956,0.014422178,0.06830147,0.049823925,0.02212359,0.16275,0.08612038,1.0,,,,,,,,,,,,,,,,,,,,,,,,,,,,,,,,,,,,,,,,,,,
435.0,-0.01762158221471073,0.06646963208913803,0.0004406929074320942,0.3067341446876526,0.0,0.11002467,0.059451204,0.9995593,0.11838712,0.08993325,7.2465633e-07,-0.0020523071,-0.0027554035,0.014393091,-0.040033944,-0.061797243,-0.007110527,0.163125,0.08631568,1.0,,,,,,,,,,,,,,,,,,,,,,,,,,,,,,,,,,,,,,,,,,,
436.0,-0.017618685416099473,0.0662955790758133,0.0004406929074320942,0.30678972601890564,0.0,0.11051735,0.059826177,0.9995593,0.11824496,0.08999398,6.6982705e-07,-0.0017647743,-0.002551794,0.0144844055,0.068285055,0.049834747,0.022129413,0.1635,0.08651096,1.0,,,,,,,,,,,,,,,,,,,,,,,,,,,,,,,,,,,,,,,,,,,
437.0,-0.017613581045466346,0.06612168997526169,0.0004406929074320942,0.3069342374801636,0.0,0.111009486,0.060201358,0.9995593,0.11811132,0.09004306,7.272031e-07,-0.0019352436,-0.002806902,0.014455318,-0.040041912,-0.06178976,-0.0071232435,0.163875,0.08670621,1.0,,,,,,,,,,,,,,,,,,,,,,,,,,,,,,,,,,,,,,,,,,,
438.0,-0.01760535533116818,0.06594793498516083,0.0004406929074320942,0.30716758966445923,0.0,0.111501016,0.06057677,0.9995593,0.117967196,0.090098955,6.7290455e-07,-0.0016479492,-0.0026032925,0.014546633,0.06826866,0.04984556,0.02213523,0.16425,0.08690145,1.0,,,,,,,,,,,,,,,,,,,,,,,,,,,,,,,,,,,,,,,,,,,
439.0,-0.0175949258998935,0.06577436625957489,0.0004406929074320942,0.3074897229671478,0.0,0.11199198,0.060952365,0.9995593,0.11783159,0.090143204,7.2920943e-07,-0.0018184185,-0.0028584003,0.014517546,-0.040049877,-0.061782278,-0.007135948,0.164625,0.08709666,1.0,,,,,,,,,,,,,,,,,,,,,,,,,,,,,,,,,,,,,,,,,,,
440.0,-0.017581386017911066,0.06560097634792328,0.0004406929074320942,0.3079003393650055,0.0,0.11248234,0.061328176,0.9995593,0.1176855,0.09019426,6.754421e-07,-0.0015311241,-0.0026547909,0.01460886,0.06825226,0.049856372,0.022141036,0.165,0.08729185,1.0,,,,,,,,,,,,,,,,,,,,,,,,,,,,,,,,,,,,,,,,,,,
441.0,-0.017565660042294987,0.06542782485485077,0.00044068097486160696,0.30839917063713074,0.0,0.11297212,0.061704148,0.9995593,0.11754793,0.090233676,7.306771e-07,-0.0017018318,-0.0029096603,0.0145795345,-0.04005784,-0.0617748,-0.007148641,0.165375,0.08748702,1.0,,,,,,,,,,,,,,,,,,,,,,,,,,,,,,,,,,,,,,,,,,,
442.0,-0.017546842844651113,0.06525488197803497,0.00044068097486160696,0.3089858293533325,0.0,0.113461286,0.062080316,0.99955934,0.11739987,0.09027991,6.774411e-07,-0.001414299,-0.0027060509,0.014671087,0.06823587,0.04986717,0.022146836,0.16575,0.087682165,1.0,,,,,,,,,,,,,,,,,,,,,,,,,,,,,,,,,,,,,,,,,,,
443.0,-0.017525867206816113,0.06508225202560425,0.00044068097486160696,0.30965977907180786,0.0,0.11394987,0.062456626,0.99955934,0.117260344,0.0903145,5.476433e-07,-0.0015850067,-0.0029609203,0.014641762,-0.0400658,-0.061767332,-0.0071613225,0.166125,0.08787729,1.0,,,,,,,,,,,,,,,,,,,,,,,,,,,,,,,,,,,,,,,,,,,
444.0,-0.017501832578915494,0.06490987539291382,0.0004406571388244629,0.31042051315307617,0.0,0.11443783,0.06283311,0.99955934,0.117110334,0.09035591,5.3813426e-07,-0.0012977123,-0.0027573109,0.0147333145,0.06821948,0.049877968,0.022152629,0.1665,0.08807239,1.0,,,,,,,,,,,,,,,,,,,,,,,,,,,,,,,,,,,,,,,,,,,
445.0,-0.017475675317538117,0.06473778188228607,0.0004406571388244629,0.31126734614372253,0.0,0.1149252,0.06320971,0.99955934,0.11696885,0.09038568,5.810908e-07,-0.0014686584,-0.0030121803,0.014703751,-0.04007376,-0.061759863,-0.0071739918,0.166875,0.088267475,1.0,,,,,,,,,,,,,,,,,,,,,,,,,,,,,,,,,,,,,,,,,,,
446.0,-0.017446497477917367,0.06456601619720459,0.0004406571388244629,0.31219953298568726,0.0,0.11541194,0.06358647,0.99955934,0.116816886,0.09042228,5.313003e-07,-0.0011813641,-0.0028085709,0.014795303,0.06820311,0.049888752,0.022158412,0.16725,0.08846253,1.0,,,,,,,,,,,,,,,,,,,,,,,,,,,,,,,,,,,,,,,,,,,
447.0,-0.017415244879437162,0.06439460813999176,0.0004406571388244629,0.3132162392139435,0.0,0.11589808,0.06396334,0.99955934,0.11667345,0.09044725,5.8277357e-07,-0.0013444424,-0.0030634403,0.014765739,-0.038208432,-0.061724685,-0.0071813874,0.167625,0.088657565,1.0,,,,,,,,,,,,,,,,,,,,,,,,,,,,,,,,,,,,,,,,,,,
448.0,-0.01738102410919455,0.06422355026006699,0.0004406571388244629,0.31431668996810913,0.0,0.116383575,0.06434033,0.99955934,0.11651954,0.09047872,5.3169583e-07,-0.0010492802,-0.0028595924,0.014857292,0.07005959,0.049926955,0.022170307,0.168,0.088852584,1.0,,,,,,,,,,,,,,,,,,,,,,,,,,,,,,,,,,,,,,,,,,,
449.0,-0.01734478170572511,0.06405287235975266,0.0004406571388244629,0.315499871969223,0.0,0.116868466,0.06471741,0.99955934,0.11637417,0.09049824,5.827754e-07,-0.0012123585,-0.003114462,0.014827967,-0.03821726,-0.061716937,-0.0071949023,0.168375,0.08904757,1.0,,,,,,,,,,,,,,,,,,,,,,,,,,,,,,,,,,,,,,,,,,,
450.0,-0.017305631089633244,0.06388260424137115,0.0004406571388244629,0.31676483154296875,0.0,0.11735271,0.06509459,0.99955934,0.11621833,0.09052427,5.3213984e-07,-0.0009174347,-0.0029108524,0.014919281,0.07004235,0.049937565,0.022176923,0.16875,0.08924255,1.0,,,,,,,,,,,,,,,,,,,,,,,,,,,,,,,,,,,,,,,,,,,
451.0,-0.017264518778553613,0.06371273100376129,0.0004406333027873188,0.31811049580574036,0.0,0.11783634,0.065471835,0.99955934,0.11607103,0.09053835,5.819512e-07,-0.001080513,-0.0031654835,0.014889717,-0.038226087,-0.06170919,-0.0072084055,0.169125,0.08943749,1.0,,,,,,,,,,,,,,,,,,,,,,,,,,,,,,,,,,,,,,,,,,,
452.0,-0.017220562035413608,0.06354331225156784,0.0004406333027873188,0.3195358216762543,0.0,0.11831931,0.06584916,0.99955934,0.11591326,0.09055895,5.3196385e-07,-0.00078582764,-0.0029616356,0.01498127,0.07002512,0.049948167,0.022183532,0.1695,0.089632414,1.0,,,,,,,,,,,,,,,,,,,,,,,,,,,,,,,,,,,,,,,,,,,
453.0,-0.01717471457191241,0.06337440758943558,0.0004406333027873188,0.3210395276546478,0.0,0.11880166,0.066226535,0.99955934,0.11576402,0.09056761,5.804602e-07,-0.00094890594,-0.003216505,0.014951706,-0.03823491,-0.061701454,-0.0072218957,0.169875,0.08982732,1.0,,,,,,,,,,,,,,,,,,,,,,,,,,,,,,,,,,,,,,,,,,,
454.0,-0.017126093114610195,0.06320595741271973,0.0004406333027873188,0.3226205110549927,0.0,0.11928335,0.06660396,0.99955934,0.115604326,0.09058279,5.311327e-07,-0.00065398216,-0.0030126572,0.015043259,0.0700079,0.04995876,0.022190131,0.17025,0.0900222,1.0,,,,,,,,,,,,,,,,,,,,,,,,,,,,,,,,,,,,,,,,,,,
455.0,-0.017075650539851633,0.06303799152374268,0.0004406333027873188,0.3242775499820709,0.0,0.1197644,0.0669814,0.99955934,0.115453176,0.09058603,5.7831284e-07,-0.0008172989,-0.0032672882,0.015013695,-0.03824373,-0.061693717,-0.007235374,0.170625,0.09021706,1.0,,,,,,,,,,,,,,,,,,,,,,,,,,,,,,,,,,,,,,,,,,,
456.0,-0.017022687834746832,0.06287054717540741,0.0004406333027873188,0.32600927352905273,0.0,0.120244786,0.06735888,0.99955934,0.11529156,0.09059578,5.296463e-07,-0.0005226135,-0.0030634403,0.015104532,0.06999118,0.049969234,0.02204438,0.171,0.090411894,1.0,,,,,,,,,,,,,,,,,,,,,,,,,,,,,,,,,,,,,,,,,,,
457.0,-0.016967744487627716,0.06270366907119751,0.0004406333027873188,0.3278144598007202,0.0,0.12072453,0.06773636,0.99955934,0.115138486,0.090593606,5.755113e-07,-0.00068569183,-0.0033180714,0.015074253,-0.038252093,-0.061686072,-0.0074011497,0.171375,0.090606704,1.0,,,,,,,,,,,,,,,,,,,,,,,,,,,,,,,,,,,,,,,,,,,
458.0,-0.016911098032952942,0.06253732740879059,0.0004406333027873188,0.3296917676925659,0.0,0.12120359,0.06811385,0.99955934,0.11497495,0.09059796,5.275062e-07,-0.0003912449,-0.0031142235,0.015165329,0.069974035,0.049979728,0.022051033,0.17175,0.0908015,1.0,,,,,,,,,,,,,,,,,,,,,,,,,,,,,,,,,,,,,,,,,,,
459.0,-0.01685187237124919,0.06237158924341202,0.0004406333027873188,0.3316398561000824,0.0,0.121682,0.06849131,0.99955934,0.11481997,0.09059037,5.7205744e-07,-0.0005543232,-0.0033688545,0.015134811,-0.038260985,-0.061678294,-0.0074145347,0.172125,0.090996265,1.0,,,,,,,,,,,,,,,,,,,,,,,,,,,,,,,,,,,,,,,,,,,
460.0,-0.016791028494054262,0.0622064583003521,0.0004406333027873188,0.33365726470947266,0.0,0.122159734,0.068868764,0.99955934,0.114654526,0.090589315,5.2471415e-07,-0.00025987625,-0.0031650066,0.015225887,0.0699569,0.049990214,0.022057677,0.1725,0.09119101,1.0,,,,,,,,,,,,,,,,,,,,,,,,,,,,,,,,,,,,,,,,,,,
461.0,-0.016727686369837468,0.062041960656642914,0.0004406333027873188,0.3357427716255188,0.0,0.1226368,0.069246165,0.99955934,0.11449763,0.090576336,5.679531e-07,-0.00042319298,-0.0034193993,0.01519537,-0.038269874,-0.06167052,-0.0074279075,0.172875,0.09138573,1.0,,,,,,,,,,,,,,,,,,,,,,,,,,,,,,,,,,,,,,,,,,,
462.0,-0.016662806167496096,0.06187806650996208,0.0004406333027873188,0.33789491653442383,0.0,0.123113185,0.06962354,0.99955934,0.11433028,0.090569876,5.2127194e-07,-0.00012850761,-0.0032155514,0.015286446,0.06993976,0.050000694,0.022064315,0.17325,0.09158043,1.0,,,,,,,,,,,,,,,,,,,,,,,,,,,,,,,,,,,,,,,,,,,
463.0,-0.016595516701638554,0.061714839190244675,0.0004406333027873188,0.34011226892471313,0.0,0.1235889,0.070000835,0.99955934,0.11417148,0.0905515,5.6320005e-07,-0.00029206276,-0.003469944,0.015255928,-0.03827876,-0.06166275,-0.007441268,0.173625,0.091775104,1.0,,,,,,,,,,,,,,,,,,,,,,,,,,,,,,,,,,,,,,,,,,,
464.0,-0.016526768466937937,0.06155233457684517,0.0004406333027873188,0.3423934578895569,0.0,0.12406391,0.07037809,0.99955934,0.11400223,0.090539664,5.1718143e-07,2.3841858e-06,-0.003266096,0.0153467655,0.06992264,0.05001117,0.022070944,0.174,0.09196976,1.0,,,,,,,,,,,,,,,,,,,,,,,,,,,,,,,,,,,,,,,,,,,
465.0,-0.016455829289948452,0.061390507966279984,0.0004406333027873188,0.34473705291748047,0.0,0.12453824,0.070755236,0.99955934,0.11384153,0.090515904,5.578e-07,-0.00016093254,-0.0035204887,0.015316248,-0.038287643,-0.06165498,-0.007454616,0.174375,0.09216439,1.0,,,,,,,,,,,,,,,,,,,,,,,,,,,,,,,,,,,,,,,,,,,
466.0,-0.016383250000403495,0.06122938543558121,0.0004406333027873188,0.3471417725086212,0.0,0.12501188,0.07113232,0.99955934,0.11367038,0.09049868,5.124444e-07,0.0001335144,-0.0033166409,0.015407324,0.06990553,0.050021634,0.022077564,0.17475,0.092359,1.0,,,,,,,,,,,,,,,,,,,,,,,,,,,,,,,,,,,,,,,,,,,
467.0,-0.01630882586252774,0.06106904149055481,0.00044062137021683156,0.34960609674453735,0.0,0.12548482,0.07150927,0.99955934,0.113507785,0.09046954,5.517548e-07,-3.0040741e-05,-0.0035710335,0.015376806,-0.038296524,-0.061647218,-0.0074679516,0.175125,0.09255358,1.0,,,,,,,,,,,,,,,,,,,,,,,,,,,,,,,,,,,,,,,,,,,
468.0,-0.016232686345780532,0.06090942770242691,0.00044062137021683156,0.35212868452072144,0.0,0.12595706,0.07188613,0.9995594,0.11333474,0.090446934,5.070625e-07,0.0002644062,-0.0033671856,0.015467882,0.06988841,0.050032094,0.022084177,0.1755,0.09274814,1.0,,,,,,,,,,,,,,,,,,,,,,,,,,,,,,,,,,,,,,,,,,,
469.0,-0.016154842669123905,0.060750603675842285,0.00044062137021683156,0.354708194732666,0.0,0.12642859,0.07226285,0.9995594,0.11317026,0.09041243,3.6110225e-07,0.00010085106,-0.0036213398,0.015437126,-0.0383054,-0.061639458,-0.007481275,0.175875,0.09294268,1.0,,,,,,,,,,,,,,,,,,,,,,,,,,,,,,,,,,,,,,,,,,,
470.0,-0.01607510082884328,0.06059259921312332,0.00044062137021683156,0.35734328627586365,0.0,0.1268994,0.07263945,0.9995594,0.11299532,0.09038446,3.6026836e-07,0.0003950596,-0.003417492,0.015528202,0.069871314,0.050042547,0.022090781,0.17625,0.0931372,1.0,,,,,,,,,,,,,,,,,,,,,,,,,,,,,,,,,,,,,,,,,,,
471.0,-0.015993733811596394,0.06043536588549614,0.00044062137021683156,0.3600326478481293,0.0,0.12736952,0.07301589,0.9995594,0.112828955,0.090344585,3.8682455e-07,0.00023150444,-0.0036716461,0.015497446,-0.03831428,-0.061631702,-0.0074945865,0.176625,0.09333169,1.0,,,,,,,,,,,,,,,,,,,,,,,,,,,,,,,,,,,,,,,,,,,
472.0,-0.015910781254634642,0.06027894467115402,0.00044062137021683156,0.36277496814727783,0.0,0.12783891,0.07339218,0.9995594,0.11265213,0.09031125,3.4584158e-07,0.00052571297,-0.0034677982,0.015588522,0.069854215,0.050052993,0.022097379,0.177,0.093526155,1.0,,,,,,,,,,,,,,,,,,,,,,,,,,,,,,,,,,,,,,,,,,,
473.0,-0.015826282677917337,0.06012333557009697,0.00044062137021683156,0.36556896567344666,0.0,0.1283076,0.073768295,0.9995594,0.11248388,0.09026603,3.8067668e-07,0.00036215782,-0.0037219524,0.015557766,-0.03832315,-0.06162395,-0.0075078853,0.177375,0.0937206,1.0,,,,,,,,,,,,,,,,,,,,,,,,,,,,,,,,,,,,,,,,,,,
474.0,-0.015740272455697053,0.059968531131744385,0.0004405975341796875,0.36841344833374023,0.0,0.12877554,0.074144244,0.9995594,0.11230518,0.090227336,3.381082e-07,0.00065636635,-0.0035178661,0.015648842,0.06983712,0.05006343,0.022103967,0.17775,0.093915015,1.0,,,,,,,,,,,,,,,,,,,,,,,,,,,,,,,,,,,,,,,,,,,
475.0,-0.015652790370195728,0.05981454253196716,0.0004405975341796875,0.3713071346282959,0.0,0.12924276,0.07451998,0.9995594,0.11213505,0.09017676,3.7216896e-07,0.0004925728,-0.0037720203,0.015618086,-0.03833202,-0.061616205,-0.007521172,0.178125,0.094109416,1.0,,,,,,,,,,,,,,,,,,,,,,,,,,,,,,,,,,,,,,,,,,,
476.0,-0.015564087247032152,0.059661418199539185,0.0004405975341796875,0.37424880266189575,0.0,0.12970924,0.07489553,0.9995594,0.11195448,0.09013273,3.301414e-07,0.0007867813,-0.0035681725,0.015709162,0.06982005,0.050073862,0.022110548,0.1785,0.094303794,1.0,,,,,,,,,,,,,,,,,,,,,,,,,,,,,,,,,,,,,,,,,,,
477.0,-0.015473550595697456,0.05950907617807388,0.0004405975341796875,0.3772374093532562,0.0,0.130175,0.075270854,0.9995594,0.111782484,0.090076804,3.6293005e-07,0.00062298775,-0.0038223267,0.015678406,-0.03834089,-0.06160846,-0.0075344467,0.178875,0.09449814,1.0,,,,,,,,,,,,,,,,,,,,,,,,,,,,,,,,,,,,,,,,,,,
478.0,-0.015382332716203382,0.05935756117105484,0.0004405975341796875,0.38027170300483704,0.0,0.13064,0.07564597,0.9995594,0.111600034,0.09002743,3.2156095e-07,0.0009171963,-0.0036182404,0.015769482,0.06980297,0.050084285,0.022117121,0.17925,0.09469247,1.0,,,,,,,,,,,,,,,,,,,,,,,,,,,,,,,,,,,,,,,,,,,
479.0,-0.01528898233455948,0.059206921607255936,0.0004405975341796875,0.3833504915237427,0.0,0.13110428,0.07602082,0.9995594,0.11142617,0.08996617,3.5305132e-07,0.0007534027,-0.0038723946,0.015738726,-0.03834975,-0.061600722,-0.0075477087,0.179625,0.09488677,1.0,,,,,,,,,,,,,,,,,,,,,,,,,,,,,,,,,,,,,,,,,,,
480.0,-0.015195246157870134,0.059057075530290604,0.0004405975341796875,0.3864728510379791,0.0,0.13156778,0.07639545,0.9995594,0.111241855,0.08991146,3.123476e-07,0.0010473728,-0.0036680698,0.015829802,0.0697859,0.050094705,0.022123685,0.18,0.09508105,1.0,,,,,,,,,,,,,,,,,,,,,,,,,,,,,,,,,,,,,,,,,,,
481.0,-0.015099323957526578,0.058908093720674515,0.0004405975341796875,0.38963761925697327,0.0,0.13203056,0.07676981,0.9995594,0.11106612,0.089844875,3.4253955e-07,0.00088357925,-0.003922224,0.015798807,-0.038358614,-0.061592985,-0.0075609586,0.180375,0.095275305,1.0,,,,,,,,,,,,,,,,,,,,,,,,,,,,,,,,,,,,,,,,,,,
482.0,-0.01500307871297846,0.058759916573762894,0.0004405975341796875,0.3928438723087311,0.0,0.13249256,0.077143915,0.9995594,0.11087994,0.089784846,3.025019e-07,0.0011775494,-0.0037181377,0.015889883,0.06976884,0.050105117,0.022130242,0.18075,0.09546954,1.0,,,,,,,,,,,,,,,,,,,,,,,,,,,,,,,,,,,,,,,,,,,
483.0,-0.014904710121491374,0.058612652122974396,0.0004405975341796875,0.39609044790267944,0.0,0.13295382,0.07751772,0.9995594,0.11070235,0.08971293,3.3139673e-07,0.0010135174,-0.0039720535,0.015858889,-0.038367473,-0.061585255,-0.0075741964,0.181125,0.09566375,1.0,,,,,,,,,,,,,,,,,,,,,,,,,,,,,,,,,,,,,,,,,,,
484.0,-0.014806077516037477,0.058466166257858276,0.0004405975341796875,0.3993765413761139,0.0,0.1334143,0.077891245,0.9995594,0.11051432,0.08964758,2.9202553e-07,0.0013074875,-0.0037679672,0.015949965,0.06975193,0.05011556,0.022099542,0.1815,0.09585793,1.0,,,,,,,,,,,,,,,,,,,,,,,,,,,,,,,,,,,,,,,,,,,
485.0,-0.014705379308568448,0.0583205446600914,0.0004405975341796875,0.4027010500431061,0.0,0.13387403,0.07826446,0.9995594,0.11033487,0.08957035,3.1962466e-07,0.0011434555,-0.004021883,0.015918732,-0.03837619,-0.06157748,-0.007624661,0.181875,0.09605209,1.0,,,,,,,,,,,,,,,,,,,,,,,,,,,,,,,,,,,,,,,,,,,
486.0,-0.01460447427811196,0.05817577987909317,0.0004405975341796875,0.40606313943862915,0.0,0.13433295,0.07863737,0.9995594,0.11014499,0.08949969,2.8092032e-07,0.0014374256,-0.0038177967,0.016009808,0.0697349,0.050125934,0.0221061,0.18225,0.09624623,1.0,,,,,,,,,,,,,,,,,,,,,,,,,,,,,,,,,,,,,,,,,,,
487.0,-0.014501558244003903,0.058031924068927765,0.0004405975341796875,0.4094618558883667,0.0,0.13479114,0.07900994,0.9995594,0.10996369,0.08941716,3.0722504e-07,0.0012733936,-0.0040717125,0.015978575,-0.038385063,-0.061569747,-0.0076378575,0.182625,0.09644034,1.0,,,,,,,,,,,,,,,,,,,,,,,,,,,,,,,,,,,,,,,,,,,
488.0,-0.01439848608537068,0.057888858020305634,0.0004405975341796875,0.41289645433425903,0.0,0.13524853,0.079382196,0.9995594,0.10977196,0.089341186,2.6918795e-07,0.0015671253,-0.0038673878,0.01606965,0.06971788,0.050136305,0.022112649,0.183,0.096634425,1.0,,,,,,,,,,,,,,,,,,,,,,,,,,,,,,,,,,,,,,,,,,,
489.0,-0.014293455951290529,0.057746659964323044,0.0004405975341796875,0.41636592149734497,0.0,0.13570514,0.079754084,0.9995594,0.10958882,0.08925335,2.9419965e-07,0.0014030933,-0.0041213036,0.016038418,-0.03839393,-0.061562013,-0.0076510417,0.183375,0.09682849,1.0,,,,,,,,,,,,,,,,,,,,,,,,,,,,,,,,,,,,,,,,,,,
490.0,-0.014188320421576648,0.05760533735156059,0.0004405975341796875,0.4198695719242096,0.0,0.13616095,0.08012564,0.9995594,0.109395236,0.08917209,2.5683022e-07,0.001696825,-0.0039172173,0.016129255,0.06970086,0.05014667,0.02211919,0.18375,0.09702253,1.0,,,,,,,,,,,,,,,,,,,,,,,,,,,,,,,,,,,,,,,,,,,
491.0,-0.014081271313900657,0.05746486037969589,0.0004405975341796875,0.42340660095214844,0.0,0.136616,0.0804968,0.9995594,0.10921025,0.089078955,2.805502e-07,0.0015325546,-0.004171133,0.016098022,-0.038402796,-0.061554287,-0.007664214,0.184125,0.09721655,1.0,,,,,,,,,,,,,,,,,,,,,,,,,,,,,,,,,,,,,,,,,,,
492.0,-0.013974164510447737,0.05732528120279312,0.00044062137021683156,0.4269762635231018,0.0,0.13707022,0.0808676,0.9995594,0.10901483,0.088992395,2.4384883e-07,0.0018262863,-0.0039668083,0.016188383,0.06968441,0.050157238,0.021991456,0.1845,0.09741054,1.0,,,,,,,,,,,,,,,,,,,,,,,,,,,,,,,,,,,,,,,,,,,
493.0,-0.013865189088001356,0.057186562567949295,0.00044062137021683156,0.4305777847766876,0.0,0.13752368,0.081237994,0.9995594,0.108828016,0.08889398,2.662785e-07,0.0016622543,-0.0042204857,0.016156673,-0.03841114,-0.061546322,-0.00781161,0.184875,0.097604506,1.0,,,,,,,,,,,,,,,,,,,,,,,,,,,,,,,,,,,,,,,,,,,
494.0,-0.013756198589703127,0.05704871565103531,0.00044062137021683156,0.43421050906181335,0.0,0.1379763,0.081608005,0.9995594,0.10863076,0.08880214,2.3024553e-07,0.0019557476,-0.004016161,0.016247034,0.069667466,0.050167512,0.021998042,0.18525,0.097798444,1.0,,,,,,,,,,,,,,,,,,,,,,,,,,,,,,,,,,,,,,,,,,,
495.0,-0.01364538060544801,0.056911736726760864,0.00044062137021683156,0.4378737509250641,0.0,0.13842815,0.081977576,0.9995594,0.108442105,0.08869844,2.5138618e-07,0.0017914772,-0.0042700768,0.016215086,-0.03842007,-0.061538555,-0.0078246975,0.185625,0.09799236,1.0,,,,,,,,,,,,,,,,,,,,,,,,,,,,,,,,,,,,,,,,,,,
496.0,-0.013534586681250588,0.05677562952041626,0.00044062137021683156,0.4415668547153473,0.0,0.13887917,0.08234675,0.9995594,0.10824302,0.08860132,2.1602204e-07,0.002085209,-0.004065752,0.016305685,0.06965052,0.05017778,0.02200462,0.186,0.098186255,1.0,,,,,,,,,,,,,,,,,,,,,,,,,,,,,,,,,,,,,,,,,,,
497.0,-0.013422005853216618,0.05664037540555,0.00044062137021683156,0.44528913497924805,0.0,0.13932939,0.08271547,0.9995594,0.10805254,0.08849235,2.3587504e-07,0.0019209385,-0.0043194294,0.016273499,-0.038428996,-0.061530795,-0.007837772,0.186375,0.098380126,1.0,,,,,,,,,,,,,,,,,,,,,,,,,,,,,,,,,,,,,,,,,,,
498.0,-0.013309484756032908,0.05650601536035538,0.00044062137021683156,0.44904011487960815,0.0,0.13977876,0.08308376,0.9995594,0.107851624,0.088389955,2.0118011e-07,0.0022144318,-0.0041151047,0.016364098,0.069633596,0.05018804,0.022011189,0.18675,0.09857397,1.0,,,,,,,,,,,,,,,,,,,,,,,,,,,,,,,,,,,,,,,,,,,
499.0,-0.013195214957484134,0.05637253448367119,0.00044062137021683156,0.45281898975372314,0.0,0.14022735,0.08345158,0.9995594,0.107659325,0.08827572,2.1974677e-07,0.0020501614,-0.004368782,0.01633215,-0.038437918,-0.06152304,-0.007850835,0.187125,0.09876779,1.0,,,,,,,,,,,,,,,,,,,,,,,,,,,,,,,,,,,,,,,,,,,
500.0,-0.013080428944220696,0.05623992159962654,0.00044062137021683156,0.45662540197372437,0.0,0.14067508,0.08381894,0.9995594,0.10745659,0.08816807,1.8572148e-07,0.0023434162,-0.0041644573,0.01642251,0.06961667,0.05019829,0.02201775,0.1875,0.098961584,1.0,,,,,,,,,,,,,,,,,,,,,,,,,,,,,,,,,,,,,,,,,,,
501.0,-0.012964842291228346,0.05610820651054382,0.0004405975341796875,0.4604586660861969,0.0,0.14112201,0.08418582,0.9995594,0.10726246,0.08804857,2.0300315e-07,0.0021791458,-0.0044181347,0.016390562,-0.03844684,-0.061515283,-0.007863887,0.187875,0.09915535,1.0,,,,,,,,,,,,,,,,,,,,,,,,,,,,,,,,,,,,,,,,,,,
502.0,-0.012848465540225154,0.055977314710617065,0.0004405975341796875,0.4643183946609497,0.0,0.14156808,0.08455221,0.9995594,0.10705791,0.08793566,1.6964783e-07,0.002472639,-0.0042135715,0.016480923,0.069599755,0.050208535,0.022024304,0.18825,0.0993491,1.0,,,,,,,,,,,,,,,,,,,,,,,,,,,,,,,,,,,,,,,,,,,
503.0,-0.012874312059346266,0.05584733560681343,0.0004405975341796875,0.4634375274181366,0.0,0.14201334,0.08491809,0.9995594,0.10686197,0.08781091,1.8564593e-07,0.0023081303,-0.004467249,0.016448975,-0.038455755,-0.061507534,-0.007876925,0.188625,0.09954282,1.0,,,,,,,,,,,,,,,,,,,,,,,,,,,,,,,,,,,,,,,,,,,
504.0,-0.013019303692287215,0.05571821331977844,0.0004405975341796875,0.45858529210090637,0.0,0.14245774,0.08528347,0.9995594,0.106655605,0.08769275,1.5296094e-07,0.0026013851,-0.004262924,0.016539335,0.06958284,0.050218776,0.02203085,0.189,0.09973651,1.0,,,,,,,,,,,,,,,,,,,,,,,,,,,,,,,,,,,,,,,,,,,
505.0,-0.013164223234941897,0.055589981377124786,0.0004405975341796875,0.4537356495857239,0.0,0.14290132,0.08564832,0.9995594,0.10645785,0.087562755,1.676768e-07,0.0024368763,-0.004516363,0.016507149,-0.03846467,-0.06149979,-0.007889952,0.189375,0.09993019,1.0,,,,,,,,,,,,,,,,,,,,,,,,,,,,,,,,,,,,,,,,,,,
506.0,-0.013309063970385254,0.055462561547756195,0.0004405975341796875,0.44888874888420105,0.0,0.14334401,0.086012654,0.9995594,0.10624968,0.08743935,1.356625e-07,0.0027303696,-0.0043120384,0.016597748,0.06956594,0.05022901,0.022037387,0.18975,0.10012383,1.0,,,,,,,,,,,,,,,,,,,,,,,,,,,,,,,,,,,,,,,,,,,
507.0,-0.0134538122281665,0.05533603951334953,0.0004405975341796875,0.4440450966358185,0.0,0.1437859,0.08637642,0.9995594,0.10605012,0.087304115,1.4909749e-07,0.0025656223,-0.0045654774,0.016565561,-0.03847358,-0.06149205,-0.007902966,0.190125,0.100317456,1.0,,,,,,,,,,,,,,,,,,,,,,,,,,,,,,,,,,,,,,,,,,,
508.0,-0.013598461151915764,0.05521035194396973,0.0004405975341796875,0.4392049014568329,0.0,0.1442269,0.08673965,0.9995594,0.10584014,0.08717548,1.1775429e-07,0.0028588772,-0.004360914,0.01665616,0.06954904,0.050239235,0.022043917,0.1905,0.100511044,1.0,,,,,,,,,,,,,,,,,,,,,,,,,,,,,,,,,,,,,,,,,,,
509.0,-0.01374299976459952,0.05508553236722946,0.0004405975341796875,0.4343685507774353,0.0,0.14466706,0.087102294,0.9995594,0.10563879,0.087035015,1.2990974e-07,0.0026943684,-0.004614353,0.016623974,-0.03848249,-0.06148431,-0.007915968,0.190875,0.10070462,1.0,,,,,,,,,,,,,,,,,,,,,,,,,,,,,,,,,,,,,,,,,,,
510.0,-0.013887418450899353,0.054961562156677246,0.00044062137021683156,0.4295363426208496,0.0,0.14510633,0.087464385,0.9995594,0.105427004,0.08690114,9.923797e-08,0.0029876232,-0.0044100285,0.016714334,0.06953215,0.050249454,0.022050438,0.19125,0.10089816,1.0,,,,,,,,,,,,,,,,,,,,,,,,,,,,,,,,,,,,,,,,,,,
511.0,-0.014031701809926748,0.054838456213474274,0.00044062137021683156,0.4247088134288788,0.0,0.14554477,0.087825865,0.9995594,0.10522385,0.086755455,1.10115245e-07,0.002822876,-0.0046634674,0.016682148,-0.038491398,-0.06147658,-0.007928959,0.191625,0.10109168,1.0,,,,,,,,,,,,,,,,,,,,,,,,,,,,,,,,,,,,,,,,,,,
512.0,-0.014175840782658633,0.054716188460588455,0.00044062137021683156,0.4198862314224243,0.0,0.14598231,0.08818677,0.9995594,0.10501027,0.08661636,8.01153e-08,0.0031161308,-0.0044589043,0.016772747,0.06951527,0.050259665,0.022056952,0.192,0.10128518,1.0,,,,,,,,,,,,,,,,,,,,,,,,,,,,,,,,,,,,,,,,,,,
513.0,-0.014319820845552753,0.05459480732679367,0.00044062137021683156,0.4150691330432892,0.0,0.146419,0.08854704,0.9995594,0.10480532,0.086465456,8.971574e-08,0.0029513836,-0.004712343,0.016740322,-0.038500298,-0.06146885,-0.007941937,0.192375,0.10147865,1.0,,,,,,,,,,,,,,,,,,,,,,,,,,,,,,,,,,,,,,,,,,,
514.0,-0.014463629371073695,0.05447423458099365,0.00044062137021683156,0.41025787591934204,0.0,0.14685479,0.08890671,0.9995594,0.104589954,0.086321145,6.038799e-08,0.0032444,-0.00450778,0.016830921,0.0694984,0.050269872,0.022063456,0.19275,0.10167209,1.0,,,,,,,,,,,,,,,,,,,,,,,,,,,,,,,,,,,,,,,,,,,
515.0,-0.014607251803958572,0.0543544702231884,0.00044062137021683156,0.40545299649238586,0.0,0.14728972,0.089265734,0.9995594,0.104383215,0.086165026,6.8712936e-08,0.0030796528,-0.0047609806,0.016798496,-0.0385092,-0.061461125,-0.007954903,0.193125,0.10186551,1.0,,,,,,,,,,,,,,,,,,,,,,,,,,,,,,,,,,,,,,,,,,,
516.0,-0.014750672242376828,0.05423561856150627,0.00044062137021683156,0.40065500140190125,0.0,0.14772375,0.08962413,0.9995594,0.10416605,0.086015515,4.005773e-08,0.0033726692,-0.0045564175,0.016889095,0.06948153,0.05028007,0.022069955,0.1935,0.1020589,1.0,,,,,,,,,,,,,,,,,,,,,,,,,,,,,,,,,,,,,,,,,,,
517.0,-0.014893876611683302,0.054117560386657715,0.00044062137021683156,0.3958643674850464,0.0,0.1481569,0.089981854,0.9995594,0.103957534,0.08585419,4.7108546e-08,0.003207922,-0.0048098564,0.01685667,-0.038518097,-0.061453406,-0.007967857,0.193875,0.102252275,1.0,,,,,,,,,,,,,,,,,,,,,,,,,,,,,,,,,,,,,,,,,,,
518.0,-0.015036848656355507,0.0540003664791584,0.00044062137021683156,0.39108163118362427,0.0,0.14858915,0.09033894,0.9995594,0.10373859,0.08569947,1.9126258e-08,0.0035007,-0.004605055,0.01694727,0.06946486,0.0502904,0.02203474,0.19425,0.10244561,1.0,,,,,,,,,,,,,,,,,,,,,,,,,,,,,,,,,,,,,,,,,,,
519.0,-0.015179568039924925,0.053883977234363556,0.00044062137021683156,0.3863074779510498,0.0,0.14902051,0.09069532,0.9995594,0.10352829,0.08553295,2.4904269e-08,0.0033359528,-0.004858494,0.016914606,-0.038526803,-0.06144554,-0.008022494,0.194625,0.10263893,1.0,,,,,,,,,,,,,,,,,,,,,,,,,,,,,,,,,,,,,,,,,,,
520.0,-0.015322021061109994,0.05376845598220825,0.00044062137021683156,0.3815423548221588,0.0,0.14945096,0.09105104,0.9995594,0.103307575,0.08537304,-2.4047324e-09,0.0036287308,-0.0046536922,0.017004967,0.069448024,0.05030056,0.022041239,0.195,0.10283222,1.0,,,,,,,,,,,,,,,,,,,,,,,,,,,,,,,,,,,,,,,,,,,
521.0,-0.015464184979347196,0.05365372821688652,0.00044062137021683156,0.3767870366573334,0.0,0.14988053,0.09140605,0.9995594,0.103095494,0.08520132,2.1017919e-09,0.0034639835,-0.004906893,0.016972303,-0.038535718,-0.061437815,-0.008035405,0.195375,0.10302549,1.0,,,,,,,,,,,,,,,,,,,,,,,,,,,,,,,,,,,,,,,,,,,
522.0,-0.015606042637303839,0.053539812564849854,0.00044062137021683156,0.37204205989837646,0.0,0.15030916,0.09176037,0.9995594,0.102873,0.085036226,-2.453354e-08,0.0037567616,-0.0047023296,0.017062664,0.0694312,0.05031072,0.022047732,0.19575,0.10321873,1.0,,,,,,,,,,,,,,,,,,,,,,,,,,,,,,,,,,,,,,,,,,,
523.0,-0.01574757192301295,0.053426794707775116,0.00044062137021683156,0.36730822920799255,0.0,0.15073691,0.09211395,0.9995594,0.10265914,0.08485933,-2.1297163e-08,0.003591776,-0.00495553,0.01703,-0.03854463,-0.061430093,-0.008048303,0.196125,0.103411935,1.0,,,,,,,,,,,,,,,,,,,,,,,,,,,,,,,,,,,,,,,,,,,
524.0,-0.015888751232014695,0.05331455543637276,0.00044062137021683156,0.3625861704349518,0.0,0.15116373,0.092466824,0.9995594,0.10243488,0.08468905,-4.7258464e-08,0.003884554,-0.0047507286,0.017120361,0.06941438,0.050320867,0.022054216,0.1965,0.10360513,1.0,,,,,,,,,,,,,,,,,,,,,,,,,,,,,,,,,,,,,,,,,,,
525.0,-0.01602956039242381,0.05320311710238457,0.00044062137021683156,0.35787665843963623,0.0,0.15158963,0.09281893,0.9995594,0.10221926,0.08450697,-4.5290896e-08,0.0037195683,-0.005003929,0.017087698,-0.038553536,-0.061422374,-0.008061191,0.196875,0.103798285,1.0,,,,,,,,,,,,,,,,,,,,,,,,,,,,,,,,,,,,,,,,,,,
526.0,-0.01616997272871959,0.05309249088168144,0.00044062137021683156,0.35318049788475037,0.0,0.15201461,0.093170315,0.9995594,0.10199323,0.08433152,-7.0577805e-08,0.0040123463,-0.0047991276,0.017178059,0.06939756,0.050331008,0.022060692,0.19725,0.10399143,1.0,,,,,,,,,,,,,,,,,,,,,,,,,,,,,,,,,,,,,,,,,,,
527.0,-0.016309965144045785,0.05298273637890816,0.00044062137021683156,0.34849852323532104,0.0,0.15243867,0.09352092,0.9995594,0.101775855,0.08414427,-6.9877714e-08,0.0038473606,-0.005052328,0.017145395,-0.03856244,-0.06141466,-0.008074066,0.197625,0.10418453,1.0,,,,,,,,,,,,,,,,,,,,,,,,,,,,,,,,,,,,,,,,,,,
528.0,-0.016449511483744576,0.05287373065948486,0.00044062137021683156,0.34383153915405273,0.0,0.15286179,0.09387077,0.9995594,0.10154806,0.083963655,-9.448986e-08,0.0041399,-0.0048475266,0.01723504,0.06938182,0.050341986,0.02185345,0.198,0.10437762,1.0,,,,,,,,,,,,,,,,,,,,,,,,,,,,,,,,,,,,,,,,,,,
529.0,-0.016588585200052332,0.05276557058095932,0.00044062137021683156,0.33918049931526184,0.0,0.153284,0.09421981,0.9995594,0.10132892,0.08377124,-9.505595e-08,0.0039749146,-0.0051004887,0.017201185,-0.038570333,-0.061406065,-0.008300589,0.198375,0.10457068,1.0,,,,,,,,,,,,,,,,,,,,,,,,,,,,,,,,,,,,,,,,,,,
530.0,-0.016727157803201772,0.05265820026397705,0.00044062137021683156,0.33454629778862,0.0,0.15370524,0.09456808,0.9995594,0.10109937,0.08358546,-1.1899296e-07,0.004267454,-0.004895687,0.01729083,0.06936511,0.050351996,0.021860007,0.19875,0.10476371,1.0,,,,,,,,,,,,,,,,,,,,,,,,,,,,,,,,,,,,,,,,,,,
531.0,-0.0168651996003955,0.05255163833498955,0.00044062137021683156,0.32992997765541077,0.0,0.15412557,0.09491553,0.9995594,0.10087848,0.0833879,-1.2082403e-07,0.00410223,-0.0051488876,0.017256975,-0.03857934,-0.061398286,-0.008313344,0.199125,0.10495672,1.0,,,,,,,,,,,,,,,,,,,,,,,,,,,,,,,,,,,,,,,,,,,
532.0,-0.01700268067379366,0.05244586989283562,0.00044062137021683156,0.3253324627876282,0.0,0.15454493,0.095262185,0.9995594,0.100647174,0.08319696,-1.4408543e-07,0.0043947697,-0.004944086,0.01734662,0.0693484,0.050362,0.021866556,0.1995,0.105149694,1.0,,,,,,,,,,,,,,,,,,,,,,,,,,,,,,,,,,,,,,,,,,,
533.0,-0.01713956839123603,0.052340906113386154,0.00044062137021683156,0.3207549452781677,0.0,0.15496337,0.095607996,0.9995594,0.10042453,0.082994245,-1.4718016e-07,0.0042295456,-0.005197048,0.017312765,-0.038588345,-0.06139051,-0.008326086,0.199875,0.10534264,1.0,,,,,,,,,,,,,,,,,,,,,,,,,,,,,,,,,,,,,,,,,,,
534.0,-0.017275830503752882,0.05223674699664116,0.00044062137021683156,0.3161983788013458,0.0,0.15538083,0.09595299,0.9995594,0.100191474,0.08279816,-1.6976557e-07,0.004522085,-0.0049922466,0.01740241,0.069331706,0.050371993,0.021873096,0.20025,0.105535574,1.0,,,,,,,,,,,,,,,,,,,,,,,,,,,,,,,,,,,,,,,,,,,
535.0,-0.017411452560431643,0.05213338881731033,0.00044062137021683156,0.3116641044616699,0.0,0.15579736,0.096297115,0.9995594,0.099967085,0.0825903,-1.7412268e-07,0.004356861,-0.0052449703,0.017368555,-0.038597345,-0.06138274,-0.008338816,0.200625,0.10572847,1.0,,,,,,,,,,,,,,,,,,,,,,,,,,,,,,,,,,,,,,,,,,,
536.0,-0.01754633266913443,0.052030764520168304,0.00044064520625397563,0.30715319514274597,0.0,0.15621291,0.0966404,0.9995594,0.09973229,0.08238907,-1.9603173e-07,0.0046494007,-0.0050401688,0.0174582,0.069315016,0.05038198,0.021879628,0.201,0.10592134,1.0,,,,,,,,,,,,,,,,,,,,,,,,,,,,,,,,,,,,,,,,,,,
537.0,-0.017680668111584967,0.05192897468805313,0.00044064520625397563,0.3026670217514038,0.0,0.15662752,0.0969828,0.9995594,0.09950615,0.08217608,-2.0164985e-07,0.004483938,-0.005293131,0.017424345,-0.038606346,-0.061374974,-0.008351536,0.201375,0.106114194,1.0,,,,,,,,,,,,,,,,,,,,,,,,,,,,,,,,,,,,,,,,,,,
538.0,-0.01781388817587431,0.05182794854044914,0.00044064520625397563,0.2982068657875061,0.0,0.15704115,0.09732434,0.9995594,0.09926961,0.08196972,-2.2288224e-07,0.004776478,-0.005088091,0.01751399,0.069298334,0.050391965,0.021886153,0.20175,0.106307015,1.0,,,,,,,,,,,,,,,,,,,,,,,,,,,,,,,,,,,,,,,,,,,
539.0,-0.01794677780820421,0.05172772333025932,0.00044064520625397563,0.2937741279602051,0.0,0.15745382,0.097664975,0.9995594,0.09904174,0.08175159,-2.2976003e-07,0.0046110153,-0.005341053,0.017479897,-0.03861534,-0.06136721,-0.0083642425,0.202125,0.106499806,1.0,,,,,,,,,,,,,,,,,,,,,,,,,,,,,,,,,,,,,,,,,,,
540.0,-0.01807817201854414,0.05162826180458069,0.00044064520625397563,0.28937020897865295,0.0,0.15786551,0.09800473,0.9995594,0.09880347,0.08154011,-2.5031537e-07,0.0049033165,-0.005136013,0.017569542,0.06928166,0.05040194,0.021892669,0.2025,0.106692575,1.0,,,,,,,,,,,,,,,,,,,,,,,,,,,,,,,,,,,,,,,,,,,
541.0,-0.01820944024395067,0.051529575139284134,0.00044064520625397563,0.28499677777290344,0.0,0.15827623,0.09834354,0.9995594,0.09857386,0.08131686,-2.5845154e-07,0.004737854,-0.005388975,0.017535686,-0.03862433,-0.06135945,-0.008376937,0.202875,0.106885314,1.0,,,,,,,,,,,,,,,,,,,,,,,,,,,,,,,,,,,,,,,,,,,
542.0,-0.018338904470385026,0.051431674510240555,0.00044064520625397563,0.28065529465675354,0.0,0.15868595,0.098681465,0.9995594,0.09833386,0.081100255,-2.7832948e-07,0.005030155,-0.005183935,0.017625332,0.06926499,0.050411914,0.021899177,0.20325,0.10707803,1.0,,,,,,,,,,,,,,,,,,,,,,,,,,,,,,,,,,,,,,,,,,,
543.0,-0.018468281447200207,0.05133450776338577,0.00044064520625397563,0.27634742856025696,0.0,0.1590947,0.09901843,0.9995594,0.09810252,0.08087189,-2.8772268e-07,0.0048646927,-0.005436659,0.017591238,-0.03863332,-0.061351694,-0.00838962,0.203625,0.10727072,1.0,,,,,,,,,,,,,,,,,,,,,,,,,,,,,,,,,,,,,,,,,,,
544.0,-0.01859568617433943,0.05123811960220337,0.00044064520625397563,0.27207493782043457,0.0,0.15950246,0.09935447,0.9995594,0.09786078,0.08065017,-3.0692286e-07,0.005156994,-0.0052318573,0.017680883,0.06924833,0.050421875,0.021905677,0.204,0.107463375,1.0,,,,,,,,,,,,,,,,,,,,,,,,,,,,,,,,,,,,,,,,,,,
545.0,-0.018722895982300182,0.05114252120256424,0.00044064520625397563,0.26783961057662964,0.0,0.15990925,0.09968954,0.9995594,0.09762772,0.080416694,-3.1757182e-07,0.0049915314,-0.005484581,0.01764679,-0.038642306,-0.061343946,-0.008402291,0.204375,0.10765601,1.0,,,,,,,,,,,,,,,,,,,,,,,,,,,,,,,,,,,,,,,,,,,
546.0,-0.018848022292204045,0.05104770138859749,0.00044064520625397563,0.26364338397979736,0.0,0.16031502,0.100023665,0.9995594,0.09738427,0.08018987,-3.3609388e-07,0.005283594,-0.005279541,0.017736435,0.069231674,0.050431833,0.021912169,0.20475,0.107848614,1.0,,,,,,,,,,,,,,,,,,,,,,,,,,,,,,,,,,,,,,,,,,,
547.0,-0.01897283715121994,0.050953589379787445,0.00044064520625397563,0.25948822498321533,0.0,0.1607198,0.100356795,0.9995594,0.097149484,0.079951294,-3.4799723e-07,0.0051181316,-0.0055322647,0.017702341,-0.03865129,-0.061336197,-0.008414949,0.205125,0.1080412,1.0,,,,,,,,,,,,,,,,,,,,,,,,,,,,,,,,,,,,,,,,,,,
548.0,-0.019095447447930205,0.050860218703746796,0.00044064520625397563,0.2553761601448059,0.0,0.16112357,0.10068896,0.9995594,0.09690431,0.079719365,-3.6584083e-07,0.0054101944,-0.0053272247,0.017791986,0.06921503,0.050441783,0.021918653,0.2055,0.10823375,1.0,,,,,,,,,,,,,,,,,,,,,,,,,,,,,,,,,,,,,,,,,,,
549.0,-0.019217620294540393,0.050767648965120316,0.00044064520625397563,0.2513093948364258,0.0,0.16152635,0.10102011,0.9995594,0.096667804,0.07947569,-3.7899727e-07,0.0052444935,-0.00557971,0.017757893,-0.03866027,-0.061328456,-0.008427597,0.205875,0.10842627,1.0,,,,,,,,,,,,,,,,,,,,,,,,,,,,,,,,,,,,,,,,,,,
550.0,-0.01933745543822188,0.050675809383392334,0.00044064520625397563,0.24729016423225403,0.0,0.1619281,0.10135027,0.9995594,0.096420914,0.07923867,-3.961621e-07,0.0055365562,-0.00537467,0.017847538,0.06919839,0.05045173,0.021925129,0.20625,0.10861877,1.0,,,,,,,,,,,,,,,,,,,,,,,,,,,,,,,,,,,,,,,,,,,
551.0,-0.019456714241297232,0.050584711134433746,0.00044064520625397563,0.24332083761692047,0.0,0.16232887,0.10167939,0.9995594,0.0961827,0.07898991,-4.1057027e-07,0.0053708553,-0.0056273937,0.017813444,-0.038669247,-0.061320715,-0.008440232,0.206625,0.108811244,1.0,,,,,,,,,,,,,,,,,,,,,,,,,,,,,,,,,,,,,,,,,,,
552.0,-0.019573492419733884,0.05049433559179306,0.00044064520625397563,0.2394038289785385,0.0,0.1627286,0.10200751,0.9995594,0.09593409,0.0787478,-4.2705597e-07,0.005662918,-0.0054221153,0.01790309,0.069181755,0.050461665,0.021931598,0.207,0.10900369,1.0,,,,,,,,,,,,,,,,,,,,,,,,,,,,,,,,,,,,,,,,,,,
553.0,-0.019689543117173164,0.05040473863482475,0.00044064520625397563,0.23554176092147827,0.0,0.16312732,0.10233457,0.9995594,0.09569418,0.07849395,-4.4271457e-07,0.005497217,-0.005674839,0.017868757,-0.038678225,-0.06131298,-0.008452855,0.207375,0.109196104,1.0,,,,,,,,,,,,,,,,,,,,,,,,,,,,,,,,,,,,,,,,,,,
554.0,-0.01980295561887797,0.05031585693359375,0.00044064520625397563,0.23173725605010986,0.0,0.163525,0.1026606,0.9995594,0.09544386,0.078246765,-4.5852082e-07,0.0057890415,-0.0054695606,0.017958641,0.06916513,0.050471596,0.021938058,0.20775,0.1093885,1.0,,,,,,,,,,,,,,,,,,,,,,,,,,,,,,,,,,,,,,,,,,,
555.0,-0.019915477539487622,0.050227709114551544,0.00044064520625397563,0.22799313068389893,0.0,0.16392168,0.102985546,0.9995594,0.09520224,0.07798784,-4.754285e-07,0.0056233406,-0.0057222843,0.017924309,-0.038687196,-0.06130525,-0.008465466,0.208125,0.10958086,1.0,,,,,,,,,,,,,,,,,,,,,,,,,,,,,,,,,,,,,,,,,,,
556.0,-0.020025191971825916,0.05014029145240784,0.00044064520625397563,0.2243122160434723,0.0,0.16431731,0.103309445,0.9995594,0.09495022,0.07773558,-4.9055495e-07,0.005915165,-0.005517006,0.018014193,0.06914851,0.050481524,0.02194451,0.2085,0.1097732,1.0,,,,,,,,,,,,,,,,,,,,,,,,,,,,,,,,,,,,,,,,,,,
557.0,-0.0201338395502291,0.050053615123033524,0.00044064520625397563,0.2206975519657135,0.0,0.16471192,0.10363224,0.9995594,0.09470689,0.077471584,-5.0871046e-07,0.005749464,-0.005769491,0.017979622,-0.038696166,-0.061297525,-0.008478065,0.208875,0.1099655,1.0,,,,,,,,,,,,,,,,,,,,,,,,,,,,,,,,,,,,,,,,,,,
558.0,-0.020239495426973373,0.04996762424707413,0.00044064520625397563,0.21715223789215088,0.0,0.16510548,0.10395397,0.9995594,0.09445318,0.077214256,-5.2315664e-07,0.00604105,-0.005564451,0.018069506,0.069131896,0.05049144,0.021950953,0.20925,0.11015778,1.0,,,,,,,,,,,,,,,,,,,,,,,,,,,,,,,,,,,,,,,,,,,
559.0,-0.02034389376829204,0.04988236725330353,0.00044064520625397563,0.21367952227592468,0.0,0.165498,0.10427457,0.9995594,0.09420816,0.0769452,-5.425587e-07,0.005875349,-0.005816698,0.018035173,-0.03870513,-0.061289802,-0.008490653,0.209625,0.110350035,1.0,,,,,,,,,,,,,,,,,,,,,,,,,,,,,,,,,,,,,,,,,,,
560.0,-0.020438651813072646,0.04979785904288292,0.00044064520625397563,0.21028266847133636,0.0,0.16588947,0.10459409,0.9995594,0.093952745,0.07668281,-5.5632444e-07,0.006166935,-0.005611658,0.018124819,0.069115296,0.050501354,0.02195739,0.21,0.11054226,1.0,,,,,,,,,,,,,,,,,,,,,,,,,,,,,,,,,,,,,,,,,,,
561.0,-0.020527445841619193,0.04971405491232872,0.00044064520625397563,0.20696517825126648,0.0,0.16627991,0.10491245,0.9995594,0.093706034,0.0764087,-5.769716e-07,0.006001234,-0.005863905,0.018090487,-0.038714092,-0.061282083,-0.008503228,0.210375,0.110734455,1.0,,,,,,,,,,,,,,,,,,,,,,,,,,,,,,,,,,,,,,,,,,,
562.0,-0.02061248304946203,0.04963094741106033,0.0004406571388244629,0.20373058319091797,0.0,0.1666693,0.10522971,0.9995594,0.09344894,0.07614126,-5.900566e-07,0.00629282,-0.005658865,0.01818037,0.069098696,0.05051126,0.021963818,0.21075,0.11092663,1.0,,,,,,,,,,,,,,,,,,,,,,,,,,,,,,,,,,,,,,,,,,,
563.0,-0.02069545959141142,0.04954856261610985,0.0004406571388244629,0.20058247447013855,0.0,0.16705762,0.105545804,0.99955934,0.09320053,0.075862095,-6.1194754e-07,0.0061268806,-0.005911112,0.0181458,-0.038723055,-0.06127437,-0.008515792,0.211125,0.11111877,1.0,,,,,,,,,,,,,,,,,,,,,,,,,,,,,,,,,,,,,,,,,,,
564.0,-0.020774509278079136,0.049466874450445175,0.0004406571388244629,0.19752460718154907,0.0,0.16744488,0.10586076,0.99955934,0.09294174,0.075589605,-4.4039302e-07,0.0064184666,-0.0057058334,0.018235683,0.0690821,0.050521158,0.021970237,0.2115,0.111310884,1.0,,,,,,,,,,,,,,,,,,,,,,,,,,,,,,,,,,,,,,,,,,,
565.0,-0.02085115653540088,0.04938588663935661,0.0004406571388244629,0.19456076622009277,0.0,0.1678311,0.10617453,0.99955934,0.09269165,0.0753054,-5.06712e-07,0.0062525272,-0.0059580803,0.018201113,-0.03873201,-0.061266657,-0.008528343,0.211875,0.11150297,1.0,,,,,,,,,,,,,,,,,,,,,,,,,,,,,,,,,,,,,,,,,,,
566.0,-0.020923784914633873,0.04930561035871506,0.0004406571388244629,0.19169479608535767,0.0,0.16821623,0.10648715,0.99955934,0.09243119,0.07502787,-5.082962e-07,0.006544113,-0.005752802,0.018290997,0.06906552,0.050531052,0.02197665,0.21225,0.11169503,1.0,,,,,,,,,,,,,,,,,,,,,,,,,,,,,,,,,,,,,,,,,,,
567.0,-0.020993630206250603,0.049226030707359314,0.0004406571388244629,0.18893063068389893,0.0,0.1686003,0.10679856,0.99955934,0.09217942,0.07473863,-5.35051e-07,0.0063779354,-0.0060050488,0.018256187,-0.038740966,-0.06125895,-0.008540884,0.212625,0.11188706,1.0,,,,,,,,,,,,,,,,,,,,,,,,,,,,,,,,,,,,,,,,,,,
568.0,-0.02105938902997041,0.04914715513586998,0.0004406571388244629,0.18627217411994934,0.0,0.1689833,0.107108794,0.99955934,0.09191727,0.07445606,-5.455326e-07,0.0066695213,-0.0057997704,0.018346071,0.06904894,0.05054094,0.021983054,0.213,0.11207906,1.0,,,,,,,,,,,,,,,,,,,,,,,,,,,,,,,,,,,,,,,,,,,
569.0,-0.021121865600358433,0.04906896501779556,0.0004406571388244629,0.18372341990470886,0.0,0.16936523,0.1074178,0.99955934,0.09166382,0.07416179,-5.712786e-07,0.0065033436,-0.006052017,0.0183115,-0.03874992,-0.06125125,-0.008553412,0.213375,0.11227103,1.0,,,,,,,,,,,,,,,,,,,,,,,,,,,,,,,,,,,,,,,,,,,
570.0,-0.021180198663170086,0.04899146407842636,0.0004406571388244629,0.18128825724124908,0.0,0.16974606,0.107725605,0.99955934,0.091400005,0.0738742,-5.8160595e-07,0.0067949295,-0.005846739,0.018401384,0.06903237,0.05055082,0.02198945,0.21375,0.11246298,1.0,,,,,,,,,,,,,,,,,,,,,,,,,,,,,,,,,,,,,,,,,,,
571.0,-0.0212350209545315,0.048914678394794464,0.0004406571388244629,0.17897062003612518,0.0,0.17012583,0.108032174,0.99955934,0.09114488,0.0735749,-6.084666e-07,0.0066287518,-0.0060989857,0.018366575,-0.038758866,-0.06124355,-0.008565928,0.214125,0.1126549,1.0,,,,,,,,,,,,,,,,,,,,,,,,,,,,,,,,,,,,,,,,,,,
572.0,-0.02128566775630097,0.04883858188986778,0.0004406571388244629,0.1767742931842804,0.0,0.1705045,0.108337514,0.99955934,0.090879396,0.07328229,-6.181405e-07,0.0069200993,-0.0058937073,0.018456697,0.06901581,0.050560694,0.021995837,0.2145,0.11284679,1.0,,,,,,,,,,,,,,,,,,,,,,,,,,,,,,,,,,,,,,,,,,,
573.0,-0.02133247708035233,0.04876323416829109,0.0004406571388244629,0.17470309138298035,0.0,0.17088209,0.10864159,0.99955934,0.090622604,0.072977975,-6.4623174e-07,0.0067539215,-0.0061457157,0.018421888,-0.038767815,-0.061235856,-0.008578433,0.214875,0.11303865,1.0,,,,,,,,,,,,,,,,,,,,,,,,,,,,,,,,,,,,,,,,,,,
574.0,-0.021375107713113177,0.048688583076000214,0.0004406571388244629,0.17276054620742798,0.0,0.17125857,0.10894442,0.99955934,0.09035545,0.07268035,-6.552244e-07,0.007045269,-0.0059404373,0.018510818,0.069000475,0.050571956,0.021799326,0.21525,0.11323048,1.0,,,,,,,,,,,,,,,,,,,,,,,,,,,,,,,,,,,,,,,,,,,
575.0,-0.021413632404694367,0.04861469939351082,0.0004406571388244629,0.17095014452934265,0.0,0.17163397,0.10924597,0.99955934,0.090097,0.07237102,-6.845513e-07,0.006878853,-0.0061924458,0.018475294,-0.038775593,-0.061226733,-0.008793771,0.215625,0.11342229,1.0,,,,,,,,,,,,,,,,,,,,,,,,,,,,,,,,,,,,,,,,,,,
576.0,-0.02144796874589047,0.04854149743914604,0.0004406571388244629,0.16927509009838104,0.0,0.17200826,0.10954625,0.99955934,0.08982818,0.072068386,-6.928608e-07,0.0071702003,-0.005986929,0.018564463,0.06898401,0.0505817,0.02180579,0.216,0.11361407,1.0,,,,,,,,,,,,,,,,,,,,,,,,,,,,,,,,,,,,,,,,,,,
577.0,-0.021478048967549332,0.04846901819109917,0.0004406571388244629,0.1677384078502655,0.0,0.17238146,0.10984523,0.99955934,0.08956807,0.07175405,-7.234227e-07,0.0070040226,-0.006239176,0.0185287,-0.038784634,-0.061218977,-0.008806161,0.216375,0.113805816,1.0,,,,,,,,,,,,,,,,,,,,,,,,,,,,,,,,,,,,,,,,,,,
578.0,-0.02150386757055967,0.04839734360575676,0.0004406571388244629,0.1663428246974945,0.0,0.17275353,0.110142924,0.99955934,0.08929759,0.07144642,-7.3104843e-07,0.0072951317,-0.006033659,0.018617868,0.06896756,0.050591443,0.021812243,0.21675,0.113997534,1.0,,,,,,,,,,,,,,,,,,,,,,,,,,,,,,,,,,,,,,,,,,,
579.0,-0.021525382839834132,0.04832639917731285,0.0004406571388244629,0.16509075462818146,0.0,0.17312452,0.110439286,0.99955934,0.089035824,0.07112709,-7.628441e-07,0.0071287155,-0.0062856674,0.018582106,-0.038793676,-0.061211225,-0.008818538,0.217125,0.11418923,1.0,,,,,,,,,,,,,,,,,,,,,,,,,,,,,,,,,,,,,,,,,,,
580.0,-0.02154279547656988,0.04825618863105774,0.0004406571388244629,0.1639842540025711,0.0,0.17349437,0.11073434,0.99955934,0.08876369,0.07081446,-7.697857e-07,0.007420063,-0.0060801506,0.018671274,0.06895111,0.050601177,0.021818692,0.2175,0.11438089,1.0,,,,,,,,,,,,,,,,,,,,,,,,,,,,,,,,,,,,,,,,,,,
581.0,-0.02155554685569332,0.0481867678463459,0.0004406571388244629,0.16302508115768433,0.0,0.17386311,0.11102805,0.99955934,0.088500276,0.07049014,-8.028138e-07,0.007253647,-0.006332159,0.018635511,-0.038802713,-0.06120348,-0.008830903,0.217875,0.114572525,1.0,,,,,,,,,,,,,,,,,,,,,,,,,,,,,,,,,,,,,,,,,,,
582.0,-0.021564753479824502,0.048118092119693756,0.0004406571388244629,0.1622144728899002,0.0,0.17423072,0.11132044,0.99955934,0.08822649,0.07017252,-8.0907097e-07,0.007544756,-0.006126642,0.018724442,0.068934664,0.050610907,0.021825131,0.21825,0.11476413,1.0,,,,,,,,,,,,,,,,,,,,,,,,,,,,,,,,,,,,,,,,,,,
583.0,-0.021568897500348978,0.048050202429294586,0.00044066907139495015,0.16155333817005157,0.0,0.17459723,0.111611456,0.99955934,0.08796143,0.06984322,-8.4333027e-07,0.00737834,-0.006346464,0.018688917,-0.038956083,-0.053507216,-0.008785239,0.218625,0.11495571,1.0,,,,,,,,,,,,,,,,,,,,,,,,,,,,,,,,,,,,,,,,,,,
584.0,-0.02156978145704161,0.047983091324567795,0.00044066907139495015,0.16104207932949066,0.0,0.1749626,0.11190113,0.9995593,0.087687306,0.06952064,-8.40569e-07,0.0076692104,-0.0061089993,0.018778324,0.068775065,0.05830741,0.02188604,0.219,0.115147255,1.0,,,,,,,,,,,,,,,,,,,,,,,,,,,,,,,,,,,,,,,,,,,
585.0,-0.021565612768373467,0.04791674762964249,0.00044066907139495015,0.16068071126937866,0.0,0.17532685,0.1121894,0.9995593,0.08742321,0.069186404,-6.863084e-07,0.0075027943,-0.006328821,0.0187428,-0.038966484,-0.053503115,-0.008794123,0.219375,0.11533877,1.0,,,,,,,,,,,,,,,,,,,,,,,,,,,,,,,,,,,,,,,,,,,
586.0,-0.021558308857183146,0.04785122722387314,0.00044066907139495015,0.16046872735023499,0.0,0.17568998,0.11247631,0.9995593,0.08715007,0.0688589,-7.2677e-07,0.0077939034,-0.0060913563,0.018832207,0.06875918,0.05831358,0.021888886,0.21975,0.11553027,1.0,,,,,,,,,,,,,,,,,,,,,,,,,,,,,,,,,,,,,,,,,,,
587.0,-0.021546100529672915,0.047786496579647064,0.00044066907139495015,0.16040517389774323,0.0,0.17605202,0.11276181,0.9995593,0.08688696,0.06851974,-7.4795344e-07,0.0076272488,-0.006311178,0.018796444,-0.038976885,-0.053499017,-0.008802997,0.220125,0.115721725,1.0,,,,,,,,,,,,,,,,,,,,,,,,,,,,,,,,,,,,,,,,,,,
588.0,-0.021530918323076187,0.04772251099348068,0.00044066907139495015,0.16048869490623474,0.0,0.17641291,0.11304592,0.9995593,0.08661479,0.06818732,-7.4620067e-07,0.007918119,-0.006073475,0.01888585,0.068743296,0.058319744,0.021891726,0.2205,0.11591316,1.0,,,,,,,,,,,,,,,,,,,,,,,,,,,,,,,,,,,,,,,,,,,
589.0,-0.021511012411309278,0.047659389674663544,0.00044066907139495015,0.1607174277305603,0.0,0.17677271,0.113328606,0.9995593,0.08635265,0.06784325,-7.789261e-07,0.007751465,-0.006293297,0.018850327,-0.038987283,-0.05349492,-0.00881186,0.220875,0.116104566,1.0,,,,,,,,,,,,,,,,,,,,,,,,,,,,,,,,,,,,,,,,,,,
590.0,-0.021488327031687366,0.04759708791971207,0.00044066907139495015,0.16108912229537964,0.0,0.17713138,0.11360988,0.9995593,0.08608146,0.06750591,-7.7343344e-07,0.008042574,-0.006055832,0.018939734,0.068727426,0.058325905,0.021894561,0.22125,0.11629594,1.0,,,,,,,,,,,,,,,,,,,,,,,,,,,,,,,,,,,,,,,,,,,
591.0,-0.0214611238188234,0.04753556102514267,0.00044066907139495015,0.16160112619400024,0.0,0.17748897,0.1138897,0.9995593,0.0858203,0.06715693,-8.0866795e-07,0.007875919,-0.006275654,0.01890397,-0.038997672,-0.05349083,-0.008820713,0.221625,0.11648729,1.0,,,,,,,,,,,,,,,,,,,,,,,,,,,,,,,,,,,,,,,,,,,
592.0,-0.021431354772563284,0.04747485741972923,0.00044066907139495015,0.16225042939186096,0.0,0.17784543,0.11416809,0.9995593,0.085550085,0.06681468,-8.015556e-07,0.008166552,-0.0060379505,0.018993378,0.068711564,0.058332063,0.02189739,0.222,0.1166786,1.0,,,,,,,,,,,,,,,,,,,,,,,,,,,,,,,,,,,,,,,,,,,
593.0,-0.021397291227924144,0.04741498827934265,0.00044066907139495015,0.16303367912769318,0.0,0.1782008,0.114445016,0.9995593,0.08528991,0.0664608,-8.388001e-07,0.007999897,-0.0062577724,0.018957615,-0.039008062,-0.05348674,-0.008829555,0.222375,0.11686989,1.0,,,,,,,,,,,,,,,,,,,,,,,,,,,,,,,,,,,,,,,,,,,
594.0,-0.021360802656415764,0.04735596850514412,0.00044066907139495015,0.1639472395181656,0.0,0.17855506,0.114720486,0.9995593,0.085020676,0.06611366,-8.30185e-07,0.008290768,-0.006020069,0.019047022,0.0686957,0.058338214,0.021900214,0.22275,0.117061146,1.0,,,,,,,,,,,,,,,,,,,,,,,,,,,,,,,,,,,,,,,,,,,
595.0,-0.02132024536416757,0.04729773476719856,0.00044066907139495015,0.1649872064590454,0.0,0.17890823,0.11499447,0.9995593,0.08476148,0.06575488,-8.694106e-07,0.008123875,-0.006239891,0.01901126,-0.03901845,-0.05348265,-0.008838386,0.223125,0.11725238,1.0,,,,,,,,,,,,,,,,,,,,,,,,,,,,,,,,,,,,,,,,,,,
596.0,-0.021277579128323853,0.04724038019776344,0.00044066907139495015,0.16614945232868195,0.0,0.17926028,0.11526698,0.9995593,0.084493235,0.06540284,-8.592996e-07,0.008414745,-0.0060021877,0.019100666,0.068679854,0.058344364,0.02190303,0.2235,0.11744358,1.0,,,,,,,,,,,,,,,,,,,,,,,,,,,,,,,,,,,,,,,,,,,
597.0,-0.02123108224688367,0.04718387871980667,0.00044066907139495015,0.16742970049381256,0.0,0.17961127,0.11553798,0.9995593,0.08423502,0.06503917,-9.005032e-07,0.008247852,-0.0062220097,0.019064903,-0.03902883,-0.053478565,-0.008847208,0.223875,0.11763475,1.0,,,,,,,,,,,,,,,,,,,,,,,,,,,,,,,,,,,,,,,,,,,
598.0,-0.021182712299964625,0.047128189355134964,0.00044066907139495015,0.1688234955072403,0.0,0.17996113,0.11580748,0.9995593,0.08396775,0.064682245,-8.888968e-07,0.008538485,-0.0059843063,0.01915431,0.068664014,0.05835051,0.021905843,0.22425,0.11782589,1.0,,,,,,,,,,,,,,,,,,,,,,,,,,,,,,,,,,,,,,,,,,,
599.0,-0.021130749619035855,0.04707333445549011,0.00044066907139495015,0.17032627761363983,0.0,0.18030992,0.116075456,0.9995593,0.08371052,0.064313695,-9.3207706e-07,0.008371592,-0.00620389,0.019118547,-0.039039213,-0.053474486,-0.008856018,0.224625,0.118017,1.0,,,,,,,,,,,,,,,,,,,,,,,,,,,,,,,,,,,,,,,,,,,
600.0,-0.02107714841891866,0.047019362449645996,0.00044066907139495015,0.17193347215652466,0.0,0.18065761,0.116341926,0.9995593,0.083444245,0.063951895,-9.189754e-07,0.008662224,-0.005966425,0.019207478,0.06864906,0.058357887,0.021763133,0.225,0.11820808,1.0,,,,,,,,,,,,,,,,,,,,,,,,,,,,,,,,,,,,,,,,,,,
601.0,-0.02102018648588273,0.04696626588702202,0.000440704810898751,0.1736404299736023,0.0,0.18100423,0.11660683,0.9995593,0.083188005,0.063578464,-9.641308e-07,0.008495331,-0.0061860085,0.019171,-0.039048746,-0.053469144,-0.009010299,0.225375,0.118399136,1.0,,,,,,,,,,,,,,,,,,,,,,,,,,,,,,,,,,,,,,,,,,,
602.0,-0.020961815599836883,0.04691396281123161,0.000440704810898751,0.17544245719909668,0.0,0.18134974,0.11687022,0.9995592,0.082922705,0.063211784,-9.495343e-07,0.008785963,-0.005948305,0.01925993,0.0686333,0.05836394,0.021765998,0.22575,0.11859016,1.0,,,,,,,,,,,,,,,,,,,,,,,,,,,,,,,,,,,,,,,,,,,
603.0,-0.020900310137607087,0.04686257615685463,0.000440704810898751,0.1773350089788437,0.0,0.18169418,0.11713202,0.9995592,0.08266745,0.06283348,-8.127088e-07,0.008618832,-0.0061678886,0.019223213,-0.03905918,-0.05346502,-0.009019023,0.226125,0.11878115,1.0,,,,,,,,,,,,,,,,,,,,,,,,,,,,,,,,,,,,,,,,,,,
604.0,-0.020837595713918928,0.0468120351433754,0.00044072867603972554,0.17931345105171204,0.0,0.18203753,0.11739228,0.9995592,0.082403146,0.06246194,-8.397968e-07,0.008909464,-0.0059301853,0.019312143,0.06861756,0.058369994,0.021768857,0.2265,0.118972115,1.0,,,,,,,,,,,,,,,,,,,,,,,,,,,,,,,,,,,,,,,,,,,
605.0,-0.020771894764852188,0.046762365847826004,0.000440704810898751,0.18137331306934357,0.0,0.18237981,0.11765094,0.9995592,0.08214888,0.062078778,-8.7876293e-07,0.008742332,-0.0061089993,0.019275904,-0.03925877,-0.043694213,-0.008940703,0.226875,0.11916305,1.0,,,,,,,,,,,,,,,,,,,,,,,,,,,,,,,,,,,,,,,,,,,
606.0,-0.020705211941947167,0.046713538467884064,0.00044072867603972554,0.18351013958454132,0.0,0.18272102,0.11790804,0.9995592,0.08188722,0.061702404,-8.533572e-07,0.009032965,-0.005830765,0.01936531,0.06841415,0.06814056,0.021854242,0.22725,0.11935395,1.0,,,,,,,,,,,,,,,,,,,,,,,,,,,,,,,,,,,,,,,,,,,
607.0,-0.02063581623793725,0.04666561633348465,0.00044072867603972554,0.18571965396404266,0.0,0.18306117,0.11816351,0.9995592,0.08163728,0.06131445,-8.969298e-07,0.008865833,-0.0060095787,0.019329071,-0.039270934,-0.043694716,-0.008945021,0.227625,0.11954483,1.0,,,,,,,,,,,,,,,,,,,,,,,,,,,,,,,,,,,,,,,,,,,
608.0,-0.020565637082378272,0.04661857336759567,0.00044072867603972554,0.1879976987838745,0.0,0.18340024,0.118417405,0.9995592,0.081379935,0.060933284,-8.688489e-07,0.009156227,-0.005731344,0.01941824,0.068399206,0.068142235,0.021837788,0.228,0.11973567,1.0,,,,,,,,,,,,,,,,,,,,,,,,,,,,,,,,,,,,,,,,,,,
609.0,-0.02049294140185357,0.04657236859202385,0.000440704810898751,0.19034016132354736,0.0,0.1837383,0.11866965,0.9995592,0.081134304,0.060540542,-9.156304e-07,0.008989096,-0.005910158,0.019382,-0.039283007,-0.04369509,-0.008964076,0.228375,0.11992648,1.0,,,,,,,,,,,,,,,,,,,,,,,,,,,,,,,,,,,,,,,,,,,
610.0,-0.02041965305649537,0.046527035534381866,0.00044072867603972554,0.19274313747882843,0.0,0.18407531,0.1189203,0.9995592,0.080881275,0.060154594,-8.852024e-07,0.0092794895,-0.0056316853,0.01947093,0.0683845,0.068144284,0.021780612,0.22875,0.12011727,1.0,,,,,,,,,,,,,,,,,,,,,,,,,,,,,,,,,,,,,,,,,,,
611.0,-0.020344032480042733,0.04648261517286301,0.000440704810898751,0.1952028125524521,0.0,0.18441132,0.11916929,0.9995592,0.08063996,0.059757076,-9.351141e-07,0.00911212,-0.005810499,0.019434452,-0.039294858,-0.043695074,-0.00902383,0.229125,0.12030803,1.0,,,,,,,,,,,,,,,,,,,,,,,,,,,,,,,,,,,,,,,,,,,
612.0,-0.020267996116247015,0.04643905907869339,0.000440704810898751,0.19771556556224823,0.0,0.18474628,0.11941665,0.9995592,0.08039124,0.059366353,-9.023577e-07,0.0094025135,-0.0055322647,0.019523382,0.06836952,0.06814579,0.021778932,0.2295,0.12049875,1.0,,,,,,,,,,,,,,,,,,,,,,,,,,,,,,,,,,,,,,,,,,,
613.0,-0.0201897977596349,0.04639638215303421,0.000440704810898751,0.2002778947353363,0.0,0.18508026,0.11966233,0.9995592,0.08015423,0.058964062,-9.553935e-07,0.009235382,-0.0057110786,0.019486666,-0.03930703,-0.043695558,-0.009028088,0.229875,0.120689444,1.0,,,,,,,,,,,,,,,,,,,,,,,,,,,,,,,,,,,,,,,,,,,
614.0,-0.020111348762143096,0.04635455086827278,0.000440704810898751,0.2028864473104477,0.0,0.18541321,0.119906366,0.9995592,0.07990983,0.058568567,-9.203103e-07,0.0095255375,-0.005432844,0.019575834,0.06835455,0.068147294,0.02177725,0.23025,0.120880105,1.0,,,,,,,,,,,,,,,,,,,,,,,,,,,,,,,,,,,,,,,,,,,
615.0,-0.020030897641310004,0.046313632279634476,0.000440704810898751,0.20553800463676453,0.0,0.1857452,0.1201487,0.9995592,0.07967713,0.05816151,-9.76468e-07,0.009358168,-0.005611658,0.019539118,-0.0393192,-0.043696042,-0.009032338,0.230625,0.12107074,1.0,,,,,,,,,,,,,,,,,,,,,,,,,,,,,,,,,,,,,,,,,,,
616.0,-0.019950346403087318,0.046273574233055115,0.0004407167434692383,0.20822952687740326,0.0,0.1860762,0.12038938,0.9995592,0.07943703,0.057761256,-9.390588e-07,0.0096485615,-0.005333185,0.019628286,0.06833958,0.0681488,0.021775562,0.231,0.12126134,1.0,,,,,,,,,,,,,,,,,,,,,,,,,,,,,,,,,,,,,,,,,,,
617.0,-0.019867941103417434,0.04623441770672798,0.0004407167434692383,0.21095804870128632,0.0,0.18640622,0.120628335,0.99955916,0.07920864,0.057349436,-9.983363e-07,0.009480953,-0.005511999,0.01959157,-0.03933136,-0.04369653,-0.009036578,0.231375,0.121451914,1.0,,,,,,,,,,,,,,,,,,,,,,,,,,,,,,,,,,,,,,,,,,,
618.0,-0.019785574762433138,0.046196117997169495,0.0004407167434692383,0.21372085809707642,0.0,0.18673527,0.1208656,0.99955916,0.07897285,0.056944422,-7.7464784e-07,0.009771347,-0.0052337646,0.019679546,0.06832612,0.06815301,0.021491855,0.23175,0.12164246,1.0,,,,,,,,,,,,,,,,,,,,,,,,,,,,,,,,,,,,,,,,,,,
619.0,-0.01970148838821297,0.04615874961018562,0.0004407167434692383,0.21651525795459747,0.0,0.1870634,0.12110113,0.99955916,0.07874876,0.056527857,-8.802213e-07,0.009603739,-0.0054125786,0.019641638,-0.03934208,-0.04369426,-0.009322762,0.232125,0.121832974,1.0,,,,,,,,,,,,,,,,,,,,,,,,,,,,,,,,,,,,,,,,,,,
620.0,-0.019617568638181367,0.046122245490550995,0.0004407167434692383,0.2193387895822525,0.0,0.18739055,0.12133496,0.99955916,0.07851728,0.056118093,-8.280274e-07,0.009893894,-0.005134344,0.019729614,0.068311326,0.06815436,0.021490289,0.2325,0.122023456,1.0,,,,,,,,,,,,,,,,,,,,,,,,,,,,,,,,,,,,,,,,,,,
621.0,-0.019532052937543086,0.046086616814136505,0.0004407167434692383,0.22218897938728333,0.0,0.1877168,0.121567026,0.99955916,0.0782975,0.055696778,-8.95918e-07,0.009726524,-0.005313158,0.019691706,-0.03935434,-0.043694653,-0.009326856,0.232875,0.12221391,1.0,,,,,,,,,,,,,,,,,,,,,,,,,,,,,,,,,,,,,,,,,,,
622.0,-0.019446821893470773,0.046051885932683945,0.0004407167434692383,0.22506360709667206,0.0,0.18804209,0.121797375,0.99955916,0.07807032,0.055282276,-8.509763e-07,0.010016441,-0.005034685,0.019779682,0.068296544,0.068155706,0.021488717,0.23325,0.12240433,1.0,,,,,,,,,,,,,,,,,,,,,,,,,,,,,,,,,,,,,,,,,,,
623.0,-0.019360103236047147,0.04601806029677391,0.0004407167434692383,0.22796057164669037,0.0,0.18836647,0.12202594,0.99955916,0.07785484,0.054856222,-9.197335e-07,0.0098490715,-0.005213499,0.019741774,-0.039366595,-0.043695047,-0.009330941,0.233625,0.122594714,1.0,,,,,,,,,,,,,,,,,,,,,,,,,,,,,,,,,,,,,,,,,,,
624.0,-0.019273777710650395,0.045985087752342224,0.0004407167434692383,0.23087774217128754,0.0,0.18868995,0.12225276,0.99955916,0.07763196,0.05443698,-8.7299577e-07,0.0101389885,-0.0049352646,0.01982975,0.06828176,0.06815705,0.021487143,0.234,0.12278508,1.0,,,,,,,,,,,,,,,,,,,,,,,,,,,,,,,,,,,,,,,,,,,
625.0,-0.019186066771051266,0.04595305398106575,0.0004407167434692383,0.23381327092647552,0.0,0.18901253,0.122477785,0.99955916,0.077420786,0.054006197,-9.447417e-07,0.00997138,-0.0051140785,0.019791603,-0.039378844,-0.043695446,-0.009335018,0.234375,0.12297541,1.0,,,,,,,,,,,,,,,,,,,,,,,,,,,,,,,,,,,,,,,,,,,
626.0,-0.01909884416506102,0.04592190682888031,0.0004407167434692383,0.23676525056362152,0.0,0.18933421,0.12270105,0.99955916,0.0772022,0.053582225,-8.957101e-07,0.010261297,-0.0048356056,0.019879818,0.068266995,0.06815839,0.021485565,0.23475,0.123165704,1.0,,,,,,,,,,,,,,,,,,,,,,,,,,,,,,,,,,,,,,,,,,,
627.0,-0.01901032931507507,0.045891620218753815,0.0004407167434692383,0.239732027053833,0.0,0.18965502,0.12292249,0.99955916,0.07699532,0.053146712,-9.705598e-07,0.010093689,-0.0050144196,0.019841671,-0.03939109,-0.043695845,-0.009339085,0.235125,0.12335597,1.0,,,,,,,,,,,,,,,,,,,,,,,,,,,,,,,,,,,,,,,,,,,
628.0,-0.01892239002348215,0.045862264931201935,0.0004407167434692383,0.24271191656589508,0.0,0.18997495,0.123142146,0.99955916,0.07678104,0.05271802,-9.1920754e-07,0.010383606,-0.004736185,0.019929647,0.06825223,0.06815974,0.021483984,0.2355,0.123546205,1.0,,,,,,,,,,,,,,,,,,,,,,,,,,,,,,,,,,,,,,,,,,,
629.0,-0.018833241945038392,0.04583381116390228,0.0004407167434692383,0.24570336937904358,0.0,0.19029403,0.12335997,0.99955916,0.07657846,0.05227779,-9.971654e-07,0.010215998,-0.004914999,0.019891739,-0.03940333,-0.043696243,-0.009343144,0.235875,0.12373641,1.0,,,,,,,,,,,,,,,,,,,,,,,,,,,,,,,,,,,,,,,,,,,
630.0,-0.018744748877129676,0.045806288719177246,0.0004407167434692383,0.2487049251794815,0.0,0.19061223,0.12357599,0.99955916,0.07636847,0.05184438,-9.434916e-07,0.010505915,-0.0046367645,0.019979715,0.068237476,0.06816108,0.021482399,0.23625,0.12392659,1.0,,,,,,,,,,,,,,,,,,,,,,,,,,,,,,,,,,,,,,,,,,,
631.0,-0.018655122549679257,0.045779626816511154,0.0004407167434692383,0.25171521306037903,0.0,0.19092959,0.12379015,0.99955916,0.07617018,0.051399436,-1.0245562e-06,0.010338068,-0.00481534,0.019941568,-0.039415568,-0.043696646,-0.009347193,0.236625,0.12411673,1.0,,,,,,,,,,,,,,,,,,,,,,,,,,,,,,,,,,,,,,,,,,,
632.0,-0.0185662334077364,0.04575386643409729,0.00044072867603972554,0.2547328770160675,0.0,0.19124612,0.124002494,0.99955916,0.07596449,0.05096132,-9.685614e-07,0.010627985,-0.0045371056,0.020029783,0.06822273,0.06816242,0.021480812,0.237,0.12430684,1.0,,,,,,,,,,,,,,,,,,,,,,,,,,,,,,,,,,,,,,,,,,,
633.0,-0.018476291075597874,0.045729029923677444,0.00044072867603972554,0.25775668025016785,0.0,0.19156183,0.12421296,0.9995591,0.0757705,0.05051167,-1.0527307e-06,0.0104599,-0.0047159195,0.019991636,-0.0394278,-0.043697048,-0.009351233,0.237375,0.12449693,1.0,,,,,,,,,,,,,,,,,,,,,,,,,,,,,,,,,,,,,,,,,,,
634.0,-0.018387138893606245,0.045705102384090424,0.00044072867603972554,0.26078546047210693,0.0,0.1918767,0.12442158,0.9995591,0.07556909,0.050068844,-8.10463e-07,0.010749817,-0.004437685,0.020079851,0.06820799,0.06816375,0.02147922,0.23775,0.12468698,1.0,,,,,,,,,,,,,,,,,,,,,,,,,,,,,,,,,,,,,,,,,,,
635.0,-0.01829698533833307,0.045682091265916824,0.00044072867603972554,0.26381808519363403,0.0,0.19219078,0.124628305,0.9995591,0.075379394,0.049614497,-9.40911e-07,0.01058197,-0.0046162605,0.020041466,-0.039440025,-0.04369745,-0.009355265,0.238125,0.124877,1.0,,,,,,,,,,,,,,,,,,,,,,,,,,,,,,,,,,,,,,,,,,,
636.0,-0.018207680962131056,0.04565994441509247,0.00044072867603972554,0.2668534815311432,0.0,0.19250403,0.12483317,0.9995591,0.07518229,0.049166977,-8.701426e-07,0.010871649,-0.004338026,0.02012968,0.06819326,0.06816509,0.021477625,0.2385,0.12506698,1.0,,,,,,,,,,,,,,,,,,,,,,,,,,,,,,,,,,,,,,,,,,,
637.0,-0.018117430807139318,0.04563876986503601,0.00044072867603972554,0.2698906660079956,0.0,0.19281653,0.12503612,0.9995591,0.074996874,0.048707936,-9.628938e-07,0.010703564,-0.00451684,0.020091534,-0.039452247,-0.043697856,-0.009359287,0.238875,0.12525694,1.0,,,,,,,,,,,,,,,,,,,,,,,,,,,,,,,,,,,,,,,,,,,
638.0,-0.018028082942671976,0.045618485659360886,0.00044072867603972554,0.2729286849498749,0.0,0.19312821,0.12523718,0.9995591,0.07480405,0.048255727,-8.9938226e-07,0.010993481,-0.0042386055,0.020179749,0.068178535,0.068166435,0.021476025,0.23925,0.12544687,1.0,,,,,,,,,,,,,,,,,,,,,,,,,,,,,,,,,,,,,,,,,,,
639.0,-0.017937842114930755,0.04559909924864769,0.00044072867603972554,0.2759665846824646,0.0,0.19343914,0.12543632,0.9995591,0.07462293,0.047792,-9.929846e-07,0.010825396,-0.0044174194,0.020141363,-0.039464466,-0.043698262,-0.0093633,0.239625,0.12563676,1.0,,,,,,,,,,,,,,,,,,,,,,,,,,,,,,,,,,,,,,,,,,,
640.0,-0.017848549766118233,0.04558064416050911,0.00044072867603972554,0.2790035903453827,0.0,0.19374928,0.12563355,0.9995591,0.0744344,0.047335107,-9.276825e-07,0.011115074,-0.004139185,0.020229578,0.06816381,0.06816777,0.021474423,0.24,0.12582663,1.0,,,,,,,,,,,,,,,,,,,,,,,,,,,,,,,,,,,,,,,,,,,
641.0,-0.01775841176510476,0.04556313902139664,0.00044072867603972554,0.28203877806663513,0.0,0.19405869,0.12582883,0.9995591,0.07425756,0.0468667,-1.0242578e-06,0.010946751,-0.0043177605,0.020191431,-0.039476678,-0.043698672,-0.009367305,0.240375,0.12601645,1.0,,,,,,,,,,,,,,,,,,,,,,,,,,,,,,,,,,,,,,,,,,,
642.0,-0.017669265844610347,0.0455465093255043,0.00044072867603972554,0.2850714921951294,0.0,0.19436733,0.12602217,0.9995591,0.074073315,0.04640513,-9.566673e-07,0.011236429,-0.004039526,0.020279646,0.068149105,0.0681691,0.021472817,0.24075,0.12620625,1.0,,,,,,,,,,,,,,,,,,,,,,,,,,,,,,,,,,,,,,,,,,,
643.0,-0.017579316407029002,0.04553081840276718,0.00044072867603972554,0.2881008982658386,0.0,0.19467525,0.12621357,0.9995591,0.07390076,0.04593205,-1.0563307e-06,0.011068344,-0.00421834,0.02024126,-0.039488886,-0.043699082,-0.0093713,0.241125,0.12639603,1.0,,,,,,,,,,,,,,,,,,,,,,,,,,,,,,,,,,,,,,,,,,,
644.0,-0.017490399936539874,0.04551602900028229,0.00044072867603972554,0.2911263406276703,0.0,0.19498242,0.126403,0.9995591,0.0737208,0.04546581,-9.864249e-07,0.011358023,-0.0039401054,0.020329475,0.068134405,0.06817044,0.021471208,0.2415,0.12658577,1.0,,,,,,,,,,,,,,,,,,,,,,,,,,,,,,,,,,,,,,,,,,,
645.0,-0.01740071741511038,0.04550221562385559,0.00044072867603972554,0.2941471040248871,0.0,0.19528888,0.12659046,0.9995591,0.07355253,0.044988062,-1.089181e-06,0.011189699,-0.004118681,0.02029109,-0.03950109,-0.04369949,-0.009375287,0.241875,0.12677546,1.0,,,,,,,,,,,,,,,,,,,,,,,,,,,,,,,,,,,,,,,,,,,
646.0,-0.0173121040849117,0.04548926651477814,0.00044072867603972554,0.29716265201568604,0.0,0.19559462,0.12677595,0.9995591,0.07337684,0.04451716,-1.016959e-06,0.011479139,-0.0038404465,0.020379305,0.06811971,0.06817178,0.021469595,0.24225,0.12696514,1.0,,,,,,,,,,,,,,,,,,,,,,,,,,,,,,,,,,,,,,,,,,,
647.0,-0.017222760190338703,0.045477256178855896,0.00044074057950638235,0.30017226934432983,0.0,0.19589968,0.12695943,0.9995591,0.073212855,0.044034753,-1.1228061e-06,0.011310816,-0.0040192604,0.02034092,-0.039513286,-0.043699905,-0.009379264,0.242625,0.12715478,1.0,,,,,,,,,,,,,,,,,,,,,,,,,,,,,,,,,,,,,,,,,,,
648.0,-0.017134521245793805,0.045466214418411255,0.00044074057950638235,0.3031753897666931,0.0,0.19620402,0.12714092,0.99955904,0.073041454,0.04355919,-1.0482687e-06,0.011600494,-0.003741026,0.020429373,0.06810503,0.06817311,0.021467978,0.243,0.12734438,1.0,,,,,,,,,,,,,,,,,,,,,,,,,,,,,,,,,,,,,,,,,,,
649.0,-0.01704558194735419,0.045456089079380035,0.00044074057950638235,0.3061715066432953,0.0,0.19650769,0.12732038,0.99955904,0.07288174,0.043072127,-9.732535e-07,0.011431932,-0.0039196014,0.020390987,-0.03952548,-0.04370032,-0.009383232,0.243375,0.12753397,1.0,,,,,,,,,,,,,,,,,,,,,,,,,,,,,,,,,,,,,,,,,,,
650.0,-0.016957777552294648,0.04544685408473015,0.00044074057950638235,0.309160053730011,0.0,0.19681066,0.12749785,0.99955904,0.07271462,0.042591915,-9.3957516e-07,0.011721373,-0.0036416054,0.020479202,0.06809034,0.06817444,0.021466358,0.24375,0.12772352,1.0,,,,,,,,,,,,,,,,,,,,,,,,,,,,,,,,,,,,,,,,,,,
651.0,-0.01686930267842236,0.045438557863235474,0.00044074057950638235,0.312140554189682,0.0,0.19711299,0.12767327,0.99955904,0.07255919,0.04210021,-1.0414652e-06,0.011553049,-0.003820181,0.020440817,-0.03953767,-0.043700736,-0.009387192,0.244125,0.12791303,1.0,,,,,,,,,,,,,,,,,,,,,,,,,,,,,,,,,,,,,,,,,,,
652.0,-0.016781992550947873,0.045431219041347504,0.00044074057950638235,0.31511247158050537,0.0,0.19741465,0.12784667,0.99955904,0.07239634,0.041615352,-9.646774e-07,0.011842489,-0.0035419464,0.020529032,0.06807567,0.06817577,0.021464735,0.2445,0.12810251,1.0,,,,,,,,,,,,,,,,,,,,,,,,,,,,,,,,,,,,,,,,,,,
653.0,-0.016694038488933985,0.045424818992614746,0.00044074057950638235,0.31807541847229004,0.0,0.19771567,0.12801799,0.99955904,0.07224519,0.041119,-1.0792273e-06,0.011673927,-0.0037207603,0.020490646,-0.039549854,-0.043701153,-0.009391143,0.244875,0.12829196,1.0,,,,,,,,,,,,,,,,,,,,,,,,,,,,,,,,,,,,,,,,,,,
654.0,-0.01660727459583177,0.045419320464134216,0.00044074057950638235,0.32102885842323303,0.0,0.19801603,0.12818728,0.99955904,0.07208661,0.04062951,-9.978788e-07,0.011963367,-0.0034425259,0.02057767,0.068062015,0.0681805,0.021173695,0.24525,0.12848137,1.0,,,,,,,,,,,,,,,,,,,,,,,,,,,,,,,,,,,,,,,,,,,
655.0,-0.016519704520200323,0.045414768159389496,0.00044074057950638235,0.3239724040031433,0.0,0.19831578,0.12835449,0.99955904,0.07193974,0.040128525,-1.1160396e-06,0.0117948055,-0.0036211014,0.020538092,-0.039561085,-0.043698113,-0.00968443,0.245625,0.12867077,1.0,,,,,,,,,,,,,,,,,,,,,,,,,,,,,,,,,,,,,,,,,,,
656.0,-0.016433345228778127,0.045411162078380585,0.00044074057950638235,0.32690566778182983,0.0,0.19861488,0.12851962,0.99955904,0.071785435,0.039634403,-1.0322544e-06,0.011705875,-0.003342867,0.020625114,-0.022703947,0.06631755,0.020843504,0.246,0.12886012,1.0,,,,,,,,,,,,,,,,,,,,,,,,,,,,,,,,,,,,,,,,,,,
657.0,-0.01634639046562079,0.045408494770526886,0.00044074057950638235,0.3298282325267792,0.0,0.1989134,0.12868273,0.99955904,0.07164251,0.039144248,-9.696249e-07,0.011159182,-0.0035216808,0.020585537,-0.13030396,-0.045580037,-0.00997535,0.246375,0.12904944,1.0,,,,,,,,,,,,,,,,,,,,,,,,,,,,,,,,,,,,,,,,,,,
658.0,-0.01626066899331654,0.04540671780705452,0.00044074057950638235,0.33273977041244507,0.0,0.19921128,0.12884389,0.99955904,0.07149184,0.038676403,-7.5388994e-07,0.01107049,-0.003243208,0.02067256,-0.022675635,0.06632844,0.020800905,0.24675,0.12923872,1.0,,,,,,,,,,,,,,,,,,,,,,,,,,,,,,,,,,,,,,,,,,,
659.0,-0.016174374735653512,0.04540594667196274,0.00044074057950638235,0.3356398344039917,0.0,0.19950858,0.12900311,0.99955904,0.07135255,0.038212523,-7.2572607e-07,0.010523796,-0.0034220219,0.020632982,-0.13027325,-0.04559362,-0.009937315,0.247125,0.12942798,1.0,,,,,,,,,,,,,,,,,,,,,,,,,,,,,,,,,,,,,,,,,,,
660.0,-0.016089334295547816,0.04540609195828438,0.00044074057950638235,0.3385281562805176,0.0,0.19980527,0.12916048,0.99955904,0.071205504,0.037770946,-5.154343e-07,0.010435104,-0.0031437874,0.020719767,-0.02264734,0.066339314,0.020758314,0.2475,0.12961721,1.0,,,,,,,,,,,,,,,,,,,,,,,,,,,,,,,,,,,,,,,,,,,
661.0,-0.016003739316703104,0.045407142490148544,0.00044074057950638235,0.34140440821647644,0.0,0.20010139,0.12931603,0.99955904,0.07106984,0.037333317,-4.8948255e-07,0.009888649,-0.0033226013,0.02068019,-0.13024256,-0.045607172,-0.0098992875,0.247875,0.1298064,1.0,,,,,,,,,,,,,,,,,,,,,,,,,,,,,,,,,,,,,,,,,,,
662.0,-0.01591942002201122,0.04540916532278061,0.00044074057950638235,0.34426820278167725,0.0,0.20039693,0.12946986,0.99955904,0.07092643,0.036917977,-2.921915e-07,0.009800196,-0.0030441284,0.020766735,-0.022619061,0.06635015,0.020715728,0.24825,0.12999557,1.0,,,,,,,,,,,,,,,,,,,,,,,,,,,,,,,,,,,,,,,,,,,
663.0,-0.01583456669091411,0.04541212320327759,0.00044074057950638235,0.3471192419528961,0.0,0.2006919,0.12962197,0.99955904,0.07079438,0.036506575,-2.6667044e-07,0.00925374,-0.0032229424,0.020727396,-0.13021187,-0.045620687,-0.009861267,0.248625,0.1301847,1.0,,,,,,,,,,,,,,,,,,,,,,,,,,,,,,,,,,,,,,,,,,,
664.0,-0.015751006314515145,0.04541601613163948,0.00044074057950638235,0.34995728731155396,0.0,0.2009863,0.12977245,0.99955904,0.07065459,0.036117453,-8.278594e-08,0.009165525,-0.0029444695,0.020813704,-0.022590801,0.066360965,0.020673148,0.249,0.13037379,1.0,,,,,,,,,,,,,,,,,,,,,,,,,,,,,,,,,,,,,,,,,,,
665.0,-0.015666931776768252,0.04542087763547897,0.00044074057950638235,0.3527819514274597,0.0,0.20128015,0.12992135,0.99955904,0.07052617,0.035732258,-5.759275e-08,0.008623123,-0.0031232834,0.020774603,-0.129256,-0.045614913,-0.00982053,0.249375,0.13056284,1.0,,,,,,,,,,,,,,,,,,,,,,,,,,,,,,,,,,,,,,,,,,,
666.0,-0.01558448855565785,0.045426636934280396,0.00044074057950638235,0.3555929660797119,0.0,0.20157345,0.13006872,0.99955904,0.07038999,0.035369173,1.1151459e-07,0.008538723,-0.0028448105,0.020860672,-0.021637581,0.06639084,0.020633722,0.24975,0.13075188,1.0,,,,,,,,,,,,,,,,,,,,,,,,,,,,,,,,,,,,,,,,,,,
667.0,-0.015501090036692039,0.04543336108326912,0.00044074057950638235,0.35839009284973145,0.0,0.20186621,0.13021459,0.99955904,0.070265196,0.035009846,1.3537786e-07,0.008639097,-0.0030236244,0.020821571,0.02498257,-0.04241085,-0.009344146,0.250125,0.13094087,1.0,,,,,,,,,,,,,,,,,,,,,,,,,,,,,,,,,,,,,,,,,,,
668.0,-0.015419475614505245,0.04544100910425186,0.00044074057950638235,0.3611730635166168,0.0,0.20215844,0.13035895,0.99955904,0.070133194,0.034646355,7.308132e-08,0.008280754,-0.0027451515,0.020889997,-0.08735064,0.06504978,0.016209569,0.2505,0.13112983,1.0,,,,,,,,,,,,,,,,,,,,,,,,,,,,,,,,,,,,,,,,,,,
669.0,-0.01533692438218259,0.045449625700712204,0.00044074057950638235,0.363941490650177,0.0,0.20245016,0.13050185,0.99955904,0.07001232,0.034297813,2.444283e-07,0.008381367,-0.0029239655,0.020833254,0.025003264,-0.042389054,-0.013563144,0.250875,0.13131876,1.0,,,,,,,,,,,,,,,,,,,,,,,,,,,,,,,,,,,,,,,,,,,
670.0,-0.015256665222251106,0.045459188520908356,0.00044074057950638235,0.36669525504112244,0.0,0.20274134,0.1306433,0.99955904,0.06988425,0.033945102,1.4927922e-07,0.008023024,-0.0026454926,0.020901918,-0.087341,0.06504092,0.016200071,0.25125,0.13150766,1.0,,,,,,,,,,,,,,,,,,,,,,,,,,,,,,,,,,,,,,,,,,,
671.0,-0.015175665609004501,0.04546969011425972,0.00044074057950638235,0.36943402886390686,0.0,0.20303203,0.13078333,0.99955904,0.069767304,0.033607338,3.2340958e-07,0.008123636,-0.0028243065,0.020845175,0.025011271,-0.042404402,-0.013555338,0.251625,0.13169654,1.0,,,,,,,,,,,,,,,,,,,,,,,,,,,,,,,,,,,,,,,,,,,
672.0,-0.015096483002479183,0.0454811230301857,0.00044074057950638235,0.37215760350227356,0.0,0.20332222,0.13092193,0.99955904,0.06964315,0.0332654,2.2937665e-07,0.0077655315,-0.0025455952,0.020913363,-0.08733138,0.06503207,0.016190574,0.252,0.13188536,1.0,,,,,,,,,,,,,,,,,,,,,,,,,,,,,,,,,,,,,,,,,,,
673.0,-0.015016392403677855,0.045493487268686295,0.00044074057950638235,0.37486574053764343,0.0,0.20361193,0.13105917,0.99955904,0.06953013,0.03293841,3.983199e-07,0.007865906,-0.0027246475,0.020856857,0.025019275,-0.042419743,-0.013547526,0.252375,0.13207416,1.0,,,,,,,,,,,,,,,,,,,,,,,,,,,,,,,,,,,,,,,,,,,
674.0,-0.014938133853551883,0.0455067977309227,0.00044074057950638235,0.3775582015514374,0.0,0.20390113,0.13119504,0.99955904,0.069409885,0.03260724,3.0727435e-07,0.007507801,-0.0024461746,0.020925045,-0.08732175,0.06502321,0.016181076,0.25275,0.13226293,1.0,,,,,,,,,,,,,,,,,,,,,,,,,,,,,,,,,,,,,,,,,,,
675.0,-0.014858979639036807,0.045521046966314316,0.00044074057950638235,0.38023480772972107,0.0,0.20418988,0.13132958,0.99955904,0.06930078,0.032291006,4.705946e-07,0.0076084137,-0.0026249886,0.02086854,0.025027279,-0.042435076,-0.013539708,0.253125,0.13245167,1.0,,,,,,,,,,,,,,,,,,,,,,,,,,,,,,,,,,,,,,,,,,,
676.0,-0.01478167059960524,0.045536190271377563,0.00044074057950638235,0.382895290851593,0.0,0.20447816,0.1314628,0.99955904,0.069184445,0.031970594,3.8263892e-07,0.007250309,-0.0023465157,0.020936728,-0.08731213,0.06501437,0.016171578,0.2535,0.13264036,1.0,,,,,,,,,,,,,,,,,,,,,,,,,,,,,,,,,,,,,,,,,,,
677.0,-0.014703480351792314,0.045552343130111694,0.00044074057950638235,0.3855394721031189,0.0,0.20476599,0.13159473,0.99955904,0.06907924,0.031665117,5.403155e-07,0.0073509216,-0.002525568,0.020879984,0.025035279,-0.0424504,-0.013531885,0.253875,0.13282904,1.0,,,,,,,,,,,,,,,,,,,,,,,,,,,,,,,,,,,,,,,,,,,
678.0,-0.014627145734872832,0.04556940868496895,0.00044074057950638235,0.3881671726703644,0.0,0.20505334,0.13172539,0.99955904,0.06896681,0.03135545,4.5545477e-07,0.0069930553,-0.0022473335,0.020948172,-0.08730253,0.06500552,0.016162083,0.25425,0.13301767,1.0,,,,,,,,,,,,,,,,,,,,,,,,,,,,,,,,,,,,,,,,,,,
679.0,-0.014549941774806577,0.045587413012981415,0.00044074057950638235,0.39077815413475037,0.0,0.20534028,0.1318548,0.99955904,0.06886551,0.03106072,6.074898e-07,0.007093668,-0.0024263859,0.020891666,0.025043277,-0.042465713,-0.013524057,0.254625,0.13320626,1.0,,,,,,,,,,,,,,,,,,,,,,,,,,,,,,,,,,,,,,,,,,,
680.0,-0.014474333126736566,0.045606307685375214,0.00044074057950638235,0.3933722674846649,0.0,0.20562677,0.13198298,0.99955904,0.06875698,0.030761797,5.2572364e-07,0.0067355633,-0.002147913,0.020959854,-0.08729292,0.064996675,0.016152585,0.255,0.13339484,1.0,,,,,,,,,,,,,,,,,,,,,,,,,,,,,,,,,,,,,,,,,,,
681.0,-0.014492925554569047,0.045626185834407806,0.00044074057950638235,0.3927799463272095,0.0,0.20591286,0.13210997,0.99955904,0.068659574,0.030477801,6.721206e-07,0.006836176,-0.0023272038,0.020903349,0.025051273,-0.042481016,-0.013516224,0.255375,0.13358337,1.0,,,,,,,,,,,,,,,,,,,,,,,,,,,,,,,,,,,,,,,,,,,
682.0,-0.014580271350286968,0.045646943151950836,0.00044074057950638235,0.3899405300617218,0.0,0.2061985,0.13223575,0.99955904,0.06855493,0.030189613,5.934484e-07,0.0064783096,-0.0020487309,0.020971298,-0.08728332,0.06498784,0.01614309,0.25575,0.13377187,1.0,,,,,,,,,,,,,,,,,,,,,,,,,,,,,,,,,,,,,,,,,,,
683.0,-0.014665422145269984,0.04566856101155281,0.00044074057950638235,0.3871278762817383,0.0,0.20648375,0.13236041,0.99955904,0.06846141,0.029916348,7.3421086e-07,0.0065789223,-0.0022280216,0.020914793,0.025059268,-0.042496316,-0.013508385,0.256125,0.13396034,1.0,,,,,,,,,,,,,,,,,,,,,,,,,,,,,,,,,,,,,,,,,,,
684.0,-0.014751119481053504,0.045691050589084625,0.0004407644155435264,0.38434168696403503,0.0,0.20676859,0.1324839,0.99955904,0.06836066,0.029638883,6.5863196e-07,0.006221056,-0.0019497871,0.020982742,-0.08727373,0.064978994,0.016133592,0.2565,0.13414878,1.0,,,,,,,,,,,,,,,,,,,,,,,,,,,,,,,,,,,,,,,,,,,
685.0,-0.014834629572802623,0.04571441560983658,0.00044074057950638235,0.38158202171325684,0.0,0.20705305,0.13260631,0.99955904,0.06827101,0.02937634,7.937633e-07,0.006321907,-0.002129078,0.020926237,0.02506726,-0.0425116,-0.0135005405,0.256875,0.13433717,1.0,,,,,,,,,,,,,,,,,,,,,,,,,,,,,,,,,,,,,,,,,,,
686.0,-0.014918693784843891,0.0457385890185833,0.00044074057950638235,0.3788485825061798,0.0,0.20733711,0.1327276,0.99955904,0.06817413,0.029109593,7.212771e-07,0.0059640408,-0.001850605,0.020994186,-0.08726414,0.06497016,0.016124096,0.25725,0.13452554,1.0,,,,,,,,,,,,,,,,,,,,,,,,,,,,,,,,,,,,,,,,,,,
687.0,-0.015000581324532325,0.04576355963945389,0.00044074057950638235,0.3761413097381592,0.0,0.20762081,0.13284783,0.99955904,0.06808837,0.028857764,8.507809e-07,0.0060646534,-0.0020301342,0.02093792,0.025075251,-0.042526882,-0.01349269,0.257625,0.13471387,1.0,,,,,,,,,,,,,,,,,,,,,,,,,,,,,,,,,,,,,,,,,,,
688.0,-0.015083031131339162,0.04578934982419014,0.00044074057950638235,0.3734600245952606,0.0,0.20790413,0.13296701,0.99955904,0.06799536,0.028601725,7.813867e-07,0.0057070255,-0.0017518997,0.02100563,-0.08725456,0.06496133,0.0161146,0.258,0.13490218,1.0,,,,,,,,,,,,,,,,,,,,,,,,,,,,,,,,,,,,,,,,,,,
689.0,-0.015163310791832921,0.04581592604517937,0.00044074057950638235,0.37080469727516174,0.0,0.2081871,0.13308518,0.99955904,0.06791346,0.028360602,9.052664e-07,0.005807638,-0.0019311905,0.020949364,0.025083238,-0.042542152,-0.013484836,0.258375,0.13509044,1.0,,,,,,,,,,,,,,,,,,,,,,,,,,,,,,,,,,,,,,,,,,,
690.0,-0.015244163311235393,0.045843224972486496,0.00044072867603972554,0.3681749999523163,0.0,0.2084697,0.13320233,0.99955904,0.06782433,0.028115265,8.389636e-07,0.0054500103,-0.001652956,0.021017075,-0.08724499,0.0649525,0.016105102,0.25875,0.13527867,1.0,,,,,,,,,,,,,,,,,,,,,,,,,,,,,,,,,,,,,,,,,,,
691.0,-0.01532285847651183,0.045871324837207794,0.00044072867603972554,0.3655708432197571,0.0,0.20875198,0.13331851,0.9995591,0.06774628,0.027884837,9.572227e-07,0.005550623,-0.0018324852,0.02096057,0.025091225,-0.04255741,-0.013476975,0.259125,0.13546687,1.0,,,,,,,,,,,,,,,,,,,,,,,,,,,,,,,,,,,,,,,,,,,
692.0,-0.015402133365586818,0.0459001287817955,0.00044072867603972554,0.3629921078681946,0.0,0.2090339,0.13343373,0.9995591,0.067661,0.027650196,7.100489e-07,0.005192995,-0.0015542507,0.02102828,-0.08723542,0.06494367,0.016095607,0.2595,0.13565503,1.0,,,,,,,,,,,,,,,,,,,,,,,,,,,,,,,,,,,,,,,,,,,
693.0,-0.015479255652813485,0.04592965543270111,0.00044072867603972554,0.3604387640953064,0.0,0.20931551,0.13354802,0.9995591,0.067586824,0.027430458,8.658798e-07,0.005293846,-0.0017337799,0.020972013,0.025099209,-0.042572666,-0.013469109,0.259875,0.13584316,1.0,,,,,,,,,,,,,,,,,,,,,,,,,,,,,,,,,,,,,,,,,,,
694.0,-0.01555697170028325,0.04595985263586044,0.00044072867603972554,0.3579103946685791,0.0,0.20959678,0.13366137,0.9995591,0.0675054,0.027206501,7.956182e-07,0.0049362183,-0.0014557838,0.021039724,-0.087225854,0.06493485,0.01608611,0.26025,0.13603126,1.0,,,,,,,,,,,,,,,,,,,,,,,,,,,,,,,,,,,,,,,,,,,
695.0,-0.015632544907584454,0.0459907092154026,0.00044072867603972554,0.35540708899497986,0.0,0.20987776,0.13377386,0.9995591,0.06743506,0.026997445,9.0502715e-07,0.0050370693,-0.001635313,0.020983458,0.02510719,-0.04258791,-0.013461238,0.260625,0.13621932,1.0,,,,,,,,,,,,,,,,,,,,,,,,,,,,,,,,,,,,,,,,,,,
696.0,-0.015708718188896093,0.046022262424230576,0.00044072867603972554,0.3529285490512848,0.0,0.21015842,0.13388547,0.9995591,0.06735749,0.026784165,8.474357e-07,0.0046794415,-0.001357317,0.02105093,-0.0872163,0.06492603,0.016076615,0.261,0.13640735,1.0,,,,,,,,,,,,,,,,,,,,,,,,,,,,,,,,,,,,,,,,,,,
697.0,-0.015782764719250192,0.04605446383357048,0.00044072867603972554,0.35047459602355957,0.0,0.2104388,0.13399623,0.9995591,0.067291,0.026585784,9.489853e-07,0.0047802925,-0.0015368462,0.020994663,0.025115171,-0.042603143,-0.013453362,0.261375,0.13659534,1.0,,,,,,,,,,,,,,,,,,,,,,,,,,,,,,,,,,,,,,,,,,,
698.0,-0.015857414757917104,0.04608722776174545,0.00044072867603972554,0.3480452597141266,0.0,0.21071887,0.13410617,0.9995591,0.06721726,0.026383173,8.9501054e-07,0.0044226646,-0.0012588501,0.021062136,-0.08720675,0.064917214,0.016067121,0.26175,0.1367833,1.0,,,,,,,,,,,,,,,,,,,,,,,,,,,,,,,,,,,,,,,,,,,
699.0,-0.015929947035152693,0.046120673418045044,0.00044072867603972554,0.3456402122974396,0.0,0.21099868,0.13421533,0.9995591,0.06715461,0.026195457,9.908297e-07,0.0045235157,-0.0014386177,0.021006107,0.02512315,-0.042618368,-0.01344548,0.262125,0.13697124,1.0,,,,,,,,,,,,,,,,,,,,,,,,,,,,,,,,,,,,,,,,,,,
700.0,-0.016003141820149905,0.04615471512079239,0.00044072867603972554,0.343259334564209,0.0,0.2112782,0.13432367,0.9995591,0.0670847,0.02600351,9.399721e-07,0.0041661263,-0.0011606216,0.021073341,-0.08719721,0.0649084,0.016057625,0.2625,0.13715912,1.0,,,,,,,,,,,,,,,,,,,,,,,,,,,,,,,,,,,,,,,,,,,
701.0,-0.016074136535053733,0.04618929699063301,0.00044072867603972554,0.34090256690979004,0.0,0.21155748,0.13443127,0.9995591,0.067025885,0.025826452,1.0301812e-06,0.0042669773,-0.0013403893,0.021017313,0.025131123,-0.042633586,-0.013437592,0.262875,0.13734698,1.0,,,,,,,,,,,,,,,,,,,,,,,,,,,,,,,,,,,,,,,,,,,
702.0,-0.0161461771826318,0.0462244376540184,0.00044072867603972554,0.338569700717926,0.0,0.21183647,0.13453813,0.9995591,0.066959806,0.025645157,9.824128e-07,0.003909588,-0.0010623932,0.021084547,-0.08718766,0.064899586,0.01604813,0.26325,0.1375348,1.0,,,,,,,,,,,,,,,,,,,,,,,,,,,,,,,,,,,,,,,,,,,
703.0,-0.016215451523156846,0.04626012593507767,0.00044072867603972554,0.33626049757003784,0.0,0.21211524,0.13464428,0.9995591,0.06690481,0.02547875,1.0670219e-06,0.004010439,-0.0012421608,0.021028519,0.025139097,-0.042648792,-0.013429699,0.263625,0.1377226,1.0,,,,,,,,,,,,,,,,,,,,,,,,,,,,,,,,,,,,,,,,,,,
704.0,-0.016286229046986046,0.04629635438323021,0.00044072867603972554,0.3339749276638031,0.0,0.21239376,0.13474974,0.9995591,0.066842556,0.025308102,1.0223401e-06,0.0036530495,-0.00096416473,0.021095753,-0.08717813,0.06489078,0.016038634,0.264,0.13791035,1.0,,,,,,,,,,,,,,,,,,,,,,,,,,,,,,,,,,,,,,,,,,,
705.0,-0.01635399872099188,0.04633305221796036,0.0004407167434692383,0.3317127823829651,0.0,0.21267205,0.13485454,0.9995591,0.06679138,0.025152337,1.1013532e-06,0.0037539005,-0.0011441708,0.021039724,0.02514707,-0.042663995,-0.013421802,0.264375,0.13809806,1.0,,,,,,,,,,,,,,,,,,,,,,,,,,,,,,,,,,,,,,,,,,,
706.0,-0.0164233312062499,0.0463702529668808,0.0004407167434692383,0.32947391271591187,0.0,0.21295011,0.13495868,0.99955916,0.06673294,0.024992326,1.0597576e-06,0.003396511,-0.0008661747,0.021106958,-0.087168604,0.06488197,0.01602914,0.26475,0.13828576,1.0,,,,,,,,,,,,,,,,,,,,,,,,,,,,,,,,,,,,,,,,,,,
707.0,-0.016489662286691967,0.04640796780586243,0.0004407167434692383,0.32725828886032104,0.0,0.21322796,0.1350622,0.99955916,0.06668558,0.024847196,9.4921404e-07,0.0034976006,-0.0010461807,0.02105093,0.025155038,-0.042679183,-0.013413899,0.265125,0.1384734,1.0,,,,,,,,,,,,,,,,,,,,,,,,,,,,,,,,,,,,,,,,,,,
708.0,-0.016557503513571464,0.04644610360264778,0.0004407167434692383,0.32506561279296875,0.0,0.2135056,0.13516511,0.99955916,0.06663095,0.024697816,9.538956e-07,0.003140211,-0.0007684231,0.021117926,-0.08715908,0.064873174,0.016019646,0.2655,0.13866101,1.0,,,,,,,,,,,,,,,,,,,,,,,,,,,,,,,,,,,,,,,,,,,
709.0,-0.016622359603928275,0.046484675258398056,0.0004407167434692383,0.3228957951068878,0.0,0.21378304,0.13526747,0.99955916,0.066587396,0.024563313,1.0115859e-06,0.0032413006,-0.0009484291,0.021061897,0.025163006,-0.042694367,-0.01340599,0.265875,0.1388486,1.0,,,,,,,,,,,,,,,,,,,,,,,,,,,,,,,,,,,,,,,,,,,
710.0,-0.01668880007918797,0.04652363806962967,0.0004407167434692383,0.3207487165927887,0.0,0.21406028,0.13536923,0.99955916,0.06653657,0.024424557,9.785414e-07,0.0028839111,-0.00067043304,0.021128893,-0.08714957,0.06486437,0.01601015,0.26625,0.13903615,1.0,,,,,,,,,,,,,,,,,,,,,,,,,,,,,,,,,,,,,,,,,,,
711.0,-0.01675226352287464,0.0465630479156971,0.0004407167434692383,0.31862425804138184,0.0,0.21433735,0.13547048,0.99955916,0.06649681,0.02430067,1.0402279e-06,0.0029850006,-0.0008506775,0.021073103,0.02517097,-0.04270954,-0.0133980755,0.266625,0.13922366,1.0,,,,,,,,,,,,,,,,,,,,,,,,,,,,,,,,,,,,,,,,,,,
712.0,-0.016817321646595156,0.04660281911492348,0.0004407167434692383,0.31652218103408813,0.0,0.21461423,0.1355712,0.99955916,0.066449784,0.02417253,1.0080176e-06,0.0026278496,-0.00057291985,0.021140099,-0.08714006,0.064855576,0.016000656,0.267,0.13941114,1.0,,,,,,,,,,,,,,,,,,,,,,,,,,,,,,,,,,,,,,,,,,,
713.0,-0.01687941168951238,0.04664298892021179,0.0004406929074320942,0.3144424259662628,0.0,0.21489094,0.13567145,0.99955916,0.06641383,0.024059255,1.0646502e-06,0.002728939,-0.0007529259,0.02108407,0.025178934,-0.042724703,-0.013390156,0.267375,0.13959858,1.0,,,,,,,,,,,,,,,,,,,,,,,,,,,,,,,,,,,,,,,,,,,
714.0,-0.01694310410159924,0.04668353125452995,0.0004406929074320942,0.31238484382629395,0.0,0.2151675,0.13577121,0.99955916,0.06637059,0.02394172,1.0353992e-06,0.0023715496,-0.00047516823,0.021151066,-0.08713056,0.06484678,0.015991163,0.26775,0.13978599,1.0,,,,,,,,,,,,,,,,,,,,,,,,,,,,,,,,,,,,,,,,,,,
715.0,-0.017003833674121234,0.04672444239258766,0.0004406929074320942,0.31034940481185913,0.0,0.2154439,0.13587053,0.99955916,0.06633842,0.023839049,1.0864821e-06,0.0024728775,-0.0006554127,0.021095276,0.025186894,-0.042739857,-0.013382232,0.268125,0.13997336,1.0,,,,,,,,,,,,,,,,,,,,,,,,,,,,,,,,,,,,,,,,,,,
716.0,-0.017066176977701072,0.04676566645503044,0.0004406929074320942,0.3083357512950897,0.0,0.21572015,0.13596942,0.99955916,0.06629897,0.023732115,1.060307e-06,0.002115488,-0.00037765503,0.021162033,-0.08712106,0.06483799,0.015981667,0.2685,0.1401607,1.0,,,,,,,,,,,,,,,,,,,,,,,,,,,,,,,,,,,,,,,,,,,
717.0,-0.01712556634859757,0.0468071810901165,0.0004406929074320942,0.3063439726829529,0.0,0.21599627,0.13606793,0.99955916,0.066270575,0.023640038,1.1058164e-06,0.002216816,-0.0005581379,0.021106243,0.025194854,-0.042755004,-0.013374302,0.268875,0.140348,1.0,,,,,,,,,,,,,,,,,,,,,,,,,,,,,,,,,,,,,,,,,,,
718.0,-0.01718657212722046,0.04684905335307121,0.0004406929074320942,0.3043738901615143,0.0,0.21627225,0.13616602,0.99955916,0.0662349,0.023543695,1.0827229e-06,0.0018596649,-0.00028038025,0.021172762,-0.08711157,0.0648292,0.015972173,0.26925,0.14053527,1.0,,,,,,,,,,,,,,,,,,,,,,,,,,,,,,,,,,,,,,,,,,,
719.0,-0.017244635707761153,0.04689116030931473,0.00044068097486160696,0.3024252951145172,0.0,0.21654813,0.13626377,0.99955916,0.06621029,0.023462208,1.1226604e-06,0.0019607544,-0.0004606247,0.02111721,0.02520281,-0.042770144,-0.013366367,0.269625,0.1407225,1.0,,,,,,,,,,,,,,,,,,,,,,,,,,,,,,,,,,,,,,,,,,,
720.0,-0.01730432294400198,0.046933598816394806,0.00044068097486160696,0.3004981577396393,0.0,0.21682388,0.13636118,0.9995592,0.06617839,0.023376448,1.1026483e-06,0.0016036034,-0.00018310547,0.02118373,-0.087102085,0.064820416,0.015962679,0.27,0.14090969,1.0,,,,,,,,,,,,,,,,,,,,,,,,,,,,,,,,,,,,,,,,,,,
721.0,-0.017361458866526482,0.0469762459397316,0.00044068097486160696,0.29859232902526855,0.0,0.21709953,0.1364583,0.9995592,0.06615755,0.02330554,9.530528e-07,0.0017049313,-0.0003633499,0.021128178,0.025210764,-0.042785272,-0.013358426,0.270375,0.14109686,1.0,,,,,,,,,,,,,,,,,,,,,,,,,,,,,,,,,,,,,,,,,,,
722.0,-0.01742025612531561,0.04701920598745346,0.00044068097486160696,0.29670774936676025,0.0,0.21737507,0.13655508,0.9995592,0.066129416,0.023230357,9.793142e-07,0.0013477802,-8.583069e-05,0.021194696,-0.08709261,0.06481163,0.015953187,0.27075,0.14128399,1.0,,,,,,,,,,,,,,,,,,,,,,,,,,,,,,,,,,,,,,,,,,,
723.0,-0.017476160040723155,0.04706240072846413,0.00044068097486160696,0.29484444856643677,0.0,0.21765053,0.13665162,0.9995592,0.06611233,0.023170022,9.979773e-07,0.0014491081,-0.00026631355,0.021138906,0.025218718,-0.042800393,-0.01335048,0.271125,0.14147107,1.0,,,,,,,,,,,,,,,,,,,,,,,,,,,,,,,,,,,,,,,,,,,
724.0,-0.0175337071590915,0.047105878591537476,0.00044068097486160696,0.29300224781036377,0.0,0.2179259,0.1367479,0.9995592,0.06608797,0.023105407,9.865068e-07,0.0010921955,1.1205673e-05,0.021205425,-0.08708314,0.064802855,0.015943693,0.2715,0.14165813,1.0,,,,,,,,,,,,,,,,,,,,,,,,,,,,,,,,,,,,,,,,,,,
725.0,-0.017588472598156844,0.04714968800544739,0.00044068097486160696,0.29118120670318604,0.0,0.2182012,0.13684396,0.9995592,0.06607464,0.023055637,1.0091907e-06,0.001193285,-0.00016927719,0.021149874,0.025226668,-0.042815503,-0.01334253,0.271875,0.14184515,1.0,,,,,,,,,,,,,,,,,,,,,,,,,,,,,,,,,,,,,,,,,,,
726.0,-0.017644689377939903,0.04719376564025879,0.00044068097486160696,0.289381206035614,0.0,0.21847643,0.1369398,0.9995592,0.06605403,0.023001581,9.985497e-07,0.0008363724,0.000108242035,0.021216154,-0.08707367,0.06479408,0.0159342,0.27225,0.14203213,1.0,,,,,,,,,,,,,,,,,,,,,,,,,,,,,,,,,,,,,,,,,,,
727.0,-0.017698320364489158,0.04723813384771347,0.00044068097486160696,0.2876023054122925,0.0,0.21875162,0.13703547,0.9995592,0.06604446,0.022962369,1.0162039e-06,0.0009377003,-7.224083e-05,0.021160603,0.025234617,-0.042830605,-0.013334573,0.272625,0.14221908,1.0,,,,,,,,,,,,,,,,,,,,,,,,,,,,,,,,,,,,,,,,,,,
728.0,-0.017753235904058605,0.04728282243013382,0.00044068097486160696,0.2858443558216095,0.0,0.21902674,0.13713098,0.9995592,0.06602759,0.022918867,1.0085173e-06,0.00058078766,0.0002052784,0.021227121,-0.08706421,0.0647853,0.015924705,0.273,0.142406,1.0,,,,,,,,,,,,,,,,,,,,,,,,,,,,,,,,,,,,,,,,,,,
729.0,-0.01780571308374165,0.04732782766222954,0.00044068097486160696,0.28410741686820984,0.0,0.21930183,0.13722634,0.9995592,0.06602176,0.022890203,1.0206462e-06,0.00068211555,2.4557114e-05,0.02117157,0.025242563,-0.0428457,-0.013326611,0.273375,0.14259288,1.0,,,,,,,,,,,,,,,,,,,,,,,,,,,,,,,,,,,,,,,,,,,
730.0,-0.01785940474604031,0.047373153269290924,0.00044068097486160696,0.28239136934280396,0.0,0.21957687,0.13732159,0.9995592,0.06600864,0.022857245,1.0160308e-06,0.00032520294,0.00030207634,0.02123785,-0.08705475,0.06477653,0.015915213,0.27375,0.14277972,1.0,,,,,,,,,,,,,,,,,,,,,,,,,,,,,,,,,,,,,,,,,,,
731.0,-0.017910661805932978,0.04741879552602768,0.00044068097486160696,0.28069621324539185,0.0,0.2198519,0.13741675,0.9995592,0.066006556,0.022839123,1.02261e-06,0.00042653084,0.00012135506,0.021182299,0.025250508,-0.042860784,-0.013318645,0.274125,0.14296652,1.0,,,,,,,,,,,,,,,,,,,,,,,,,,,,,,,,,,,,,,,,,,,
732.0,-0.017962986316907337,0.04746472090482712,0.0004406571388244629,0.2790219485759735,0.0,0.22012688,0.13751182,0.9995592,0.06599717,0.022816703,1.0210715e-06,6.9618225e-05,0.00039887428,0.021248579,-0.087045304,0.06476776,0.01590572,0.2745,0.1431533,1.0,,,,,,,,,,,,,,,,,,,,,,,,,,,,,,,,,,,,,,,,,,,
733.0,-0.01801305297681429,0.047511033713817596,0.00044064520625397563,0.2773685157299042,0.0,0.22040187,0.13760686,0.9995592,0.06599882,0.022809114,1.0221033e-06,0.00017118454,0.00021791458,0.021193027,0.02525845,-0.042875864,-0.013310673,0.274875,0.14334004,1.0,,,,,,,,,,,,,,,,,,,,,,,,,,,,,,,,,,,,,,,,,,,
734.0,-0.0180636776534182,0.04755762964487076,0.00044064520625397563,0.27573588490486145,0.0,0.22067684,0.13770184,0.9995593,0.06599317,0.022797225,1.0236411e-06,-0.00018572807,0.0004954338,0.02125907,-0.087035865,0.064759,0.015896227,0.27525,0.14352673,1.0,,,,,,,,,,,,,,,,,,,,,,,,,,,,,,,,,,,,,,,,,,,
735.0,-0.018112752773283867,0.047604531049728394,0.00044064520625397563,0.274123877286911,0.0,0.22095184,0.13779685,0.9995593,0.06599854,0.022800162,8.3516403e-07,-8.416176e-05,0.0003144741,0.021203756,0.02526639,-0.04289093,-0.013302695,0.275625,0.1437134,1.0,,,,,,,,,,,,,,,,,,,,,,,,,,,,,,,,,,,,,,,,,,,
736.0,-0.018162125946265227,0.04765176400542259,0.00044064520625397563,0.2725326120853424,0.0,0.22122683,0.13789184,0.9995593,0.06599661,0.022798795,8.829708e-07,-0.00044107437,0.00059199333,0.021269798,-0.087026425,0.06475024,0.015886733,0.276,0.14390002,1.0,,,,,,,,,,,,,,,,,,,,,,,,,,,,,,,,,,,,,,,,,,,
737.0,-0.01820995352328282,0.04769926518201828,0.00044064520625397563,0.27096182107925415,0.0,0.22150184,0.1379869,0.9995593,0.06600571,0.022812251,8.627766e-07,-0.00033950806,0.00041103363,0.021214485,0.025274329,-0.042905986,-0.013294713,0.276375,0.14408661,1.0,,,,,,,,,,,,,,,,,,,,,,,,,,,,,,,,,,,,,,,,,,,
738.0,-0.018258089624136484,0.04774703085422516,0.00044064520625397563,0.26941144466400146,0.0,0.22177689,0.13808198,0.9995593,0.066007495,0.022821398,8.7284633e-07,-0.00069618225,0.00068831444,0.021280527,-0.08701699,0.06474148,0.015877241,0.27675,0.14427318,1.0,,,,,,,,,,,,,,,,,,,,,,,,,,,,,,,,,,,,,,,,,,,
739.0,-0.018304679142435273,0.04779505729675293,0.00044062137021683156,0.2678815424442291,0.0,0.22205196,0.13817717,0.9995593,0.06602031,0.022845365,8.566971e-07,-0.00059485435,0.00050735474,0.021225214,0.025282264,-0.042921036,-0.013286725,0.277125,0.1444597,1.0,,,,,,,,,,,,,,,,,,,,,,,,,,,,,,,,,,,,,,,,,,,
740.0,-0.018351578609476928,0.04784337431192398,0.00044062137021683156,0.26637202501296997,0.0,0.22232707,0.13827243,0.9995593,0.06602581,0.02286502,8.6759144e-07,-0.00095152855,0.00078463554,0.021291018,-0.08700757,0.06473272,0.01586775,0.2775,0.14464617,1.0,,,,,,,,,,,,,,,,,,,,,,,,,,,,,,,,,,,,,,,,,,,
741.0,-0.018396940138257562,0.047891926020383835,0.00044062137021683156,0.2648827135562897,0.0,0.22260225,0.13836786,0.9995593,0.066042334,0.022899488,8.4643665e-07,-0.00084996223,0.00060367584,0.021235704,0.025290199,-0.04293608,-0.013278731,0.277875,0.14483263,1.0,,,,,,,,,,,,,,,,,,,,,,,,,,,,,,,,,,,,,,,,,,,
742.0,-0.01844261403241908,0.047940678894519806,0.00044062137021683156,0.2634136974811554,0.0,0.22287746,0.1384634,0.9995593,0.06605154,0.022929642,8.602807e-07,-0.0012066364,0.00088095665,0.021301508,-0.08699815,0.06472397,0.015858257,0.27825,0.14501902,1.0,,,,,,,,,,,,,,,,,,,,,,,,,,,,,,,,,,,,,,,,,,,
743.0,-0.01848675442214699,0.04798968881368637,0.00044062137021683156,0.26196473836898804,0.0,0.22315276,0.13855912,0.9995593,0.06607177,0.022974607,8.3362465e-07,-0.0011050701,0.00069975853,0.021246433,0.02529813,-0.04295111,-0.013270733,0.278625,0.14520541,1.0,,,,,,,,,,,,,,,,,,,,,,,,,,,,,,,,,,,,,,,,,,,
744.0,-0.018531211797679137,0.04803888127207756,0.00044062137021683156,0.2605358958244324,0.0,0.22342812,0.13865502,0.9995593,0.066084675,0.023015251,8.5053483e-07,-0.0014617443,0.0009770393,0.021311998,-0.08698874,0.06471522,0.015848765,0.279,0.14539175,1.0,,,,,,,,,,,,,,,,,,,,,,,,,,,,,,,,,,,,,,,,,,,
745.0,-0.018574053278065914,0.04808831214904785,0.00044062137021683156,0.25912711024284363,0.0,0.22370356,0.13875115,0.9995593,0.0661086,0.023070704,8.1835344e-07,-0.001360178,0.0007958412,0.021256924,0.02530606,-0.042966135,-0.013262729,0.279375,0.14557804,1.0,,,,,,,,,,,,,,,,,,,,,,,,,,,,,,,,,,,,,,,,,,,
746.0,-0.018617218101313848,0.04813789576292038,0.00044062137021683156,0.25773823261260986,0.0,0.22397909,0.13884749,0.9995593,0.06612521,0.023121834,8.3833555e-07,-0.0015506744,0.001073122,0.021322489,-0.04718057,0.0655526,0.015807591,0.27975,0.1457643,1.0,,,,,,,,,,,,,,,,,,,,,,,,,,,,,,,,,,,,,,,,,,,
747.0,-0.01865885647794421,0.048187680542469025,0.00044062137021683156,0.2563691735267639,0.0,0.22425473,0.13894407,0.9995593,0.06615297,0.023180988,8.1170725e-07,-0.0012834072,0.0008919239,0.021267414,0.06510311,-0.04212771,-0.013304559,0.280125,0.14595054,1.0,,,,,,,,,,,,,,,,,,,,,,,,,,,,,,,,,,,,,,,,,,,
748.0,-0.018700819006328313,0.048237673938274384,0.00044062137021683156,0.25501999258995056,0.0,0.22453044,0.13904086,0.9995593,0.066173546,0.02322904,8.407308e-07,-0.0014741421,0.0011689663,0.021333218,-0.04718961,0.06553965,0.015816528,0.2805,0.14613673,1.0,,,,,,,,,,,,,,,,,,,,,,,,,,,,,,,,,,,,,,,,,,,
749.0,-0.018741254806469806,0.0482877753674984,0.00044062137021683156,0.253690630197525,0.0,0.22480631,0.13913788,0.9995593,0.06620528,0.023285119,8.1149034e-07,-0.0012066364,0.0009877682,0.021277905,0.06509236,-0.042137306,-0.013314612,0.280875,0.14632289,1.0,,,,,,,,,,,,,,,,,,,,,,,,,,,,,,,,,,,,,,,,,,,
750.0,-0.01878202121784998,0.04833807423710823,0.00044060946675017476,0.25238093733787537,0.0,0.22508226,0.1392351,0.9995593,0.066229835,0.023330098,8.4099884e-07,-0.0013973713,0.0012648106,0.021343708,-0.047198642,0.06552671,0.015825456,0.28125,0.146509,1.0,,,,,,,,,,,,,,,,,,,,,,,,,,,,,,,,,,,,,,,,,,,
751.0,-0.018821268703605894,0.04838852211833,0.00044060946675017476,0.2510908246040344,0.0,0.22535837,0.13933252,0.99955934,0.06626554,0.023383109,8.1115627e-07,-0.0011301041,0.0010836124,0.021288395,0.06508161,-0.042146903,-0.013324656,0.281625,0.14669509,1.0,,,,,,,,,,,,,,,,,,,,,,,,,,,,,,,,,,,,,,,,,,,
752.0,-0.018860847777919118,0.048439063131809235,0.00044060946675017476,0.24982032179832458,0.0,0.22563459,0.13943014,0.99955934,0.06629406,0.02342502,6.567139e-07,-0.0013208389,0.0013606548,0.021354198,-0.047207672,0.065513775,0.015834372,0.282,0.14688115,1.0,,,,,,,,,,,,,,,,,,,,,,,,,,,,,,,,,,,,,,,,,,,
753.0,-0.018898911674161356,0.04848974943161011,0.00044060946675017476,0.24856926500797272,0.0,0.22591099,0.13952795,0.99955934,0.066333726,0.023474965,6.695737e-07,-0.0010535717,0.0011792183,0.021298885,0.065070875,-0.04215649,-0.013334689,0.282375,0.14706714,1.0,,,,,,,,,,,,,,,,,,,,,,,,,,,,,,,,,,,,,,,,,,,
754.0,-0.01893731146710052,0.048540521413087845,0.00044060946675017476,0.2473376989364624,0.0,0.22618751,0.13962592,0.99955934,0.06636621,0.023513814,6.889433e-07,-0.001244545,0.0014562607,0.021364689,-0.047216695,0.06550084,0.015843282,0.28275,0.14725313,1.0,,,,,,,,,,,,,,,,,,,,,,,,,,,,,,,,,,,,,,,,,,,
755.0,-0.018974196922168632,0.04859142377972603,0.00044060946675017476,0.24612551927566528,0.0,0.22646421,0.13972409,0.99955934,0.066409834,0.0235607,6.605077e-07,-0.0009772778,0.0012748241,0.021309614,0.06506014,-0.04216608,-0.013344712,0.283125,0.14743906,1.0,,,,,,,,,,,,,,,,,,,,,,,,,,,,,,,,,,,,,,,,,,,
756.0,-0.019011426145635415,0.048642393201589584,0.00044060946675017476,0.24493257701396942,0.0,0.22674108,0.13982241,0.99955934,0.066446275,0.02359649,6.8944723e-07,-0.0011680126,0.0015518665,0.02137518,-0.047225717,0.06548792,0.01585218,0.2835,0.14762495,1.0,,,,,,,,,,,,,,,,,,,,,,,,,,,,,,,,,,,,,,,,,,,
757.0,-0.019047143801220596,0.048693470656871796,0.00044060946675017476,0.2437589317560196,0.0,0.22701813,0.1399209,0.99955934,0.06649385,0.023640318,6.582795e-07,-0.0009009838,0.00137043,0.021320105,0.0650494,-0.04217566,-0.013354724,0.283875,0.14781082,1.0,,,,,,,,,,,,,,,,,,,,,,,,,,,,,,,,,,,,,,,,,,,
758.0,-0.01908320838559048,0.04874461516737938,0.00044060946675017476,0.24260440468788147,0.0,0.22729537,0.14001954,0.99955934,0.066534236,0.023673056,6.877355e-07,-0.0010917187,0.001647234,0.021385908,-0.047234733,0.065475,0.015861068,0.28425,0.14799665,1.0,,,,,,,,,,,,,,,,,,,,,,,,,,,,,,,,,,,,,,,,,,,
759.0,-0.019117765920046444,0.04879583790898323,0.00044060946675017476,0.24146902561187744,0.0,0.2275728,0.14011835,0.99955934,0.06658576,0.023713835,6.559623e-07,-0.00082468987,0.0014657974,0.021330595,0.06503867,-0.04218524,-0.013364727,0.284625,0.14818244,1.0,,,,,,,,,,,,,,,,,,,,,,,,,,,,,,,,,,,,,,,,,,,
760.0,-0.01915267214165397,0.04884711652994156,0.00044060946675017476,0.24035270512104034,0.0,0.22785042,0.14021727,0.99955934,0.06663009,0.023743521,6.8543636e-07,-0.0010156631,0.0017426014,0.021396399,-0.047243744,0.06546209,0.015869947,0.285,0.1483682,1.0,,,,,,,,,,,,,,,,,,,,,,,,,,,,,,,,,,,,,,,,,,,
761.0,-0.019186147143469497,0.048898398876190186,0.00044060946675017476,0.23925532400608063,0.0,0.22812828,0.14031637,0.99955934,0.06668556,0.023781255,6.531757e-07,-0.0007483959,0.0015611649,0.021341085,0.06502795,-0.042194813,-0.013374719,0.285375,0.14855391,1.0,,,,,,,,,,,,,,,,,,,,,,,,,,,,,,,,,,,,,,,,,,,
762.0,-0.019219836271199168,0.04894973710179329,0.00044060946675017476,0.23817682266235352,0.0,0.22840634,0.14041556,0.99955934,0.06673382,0.023807898,6.826409e-07,-0.0009396076,0.0018379688,0.021406889,-0.04725275,0.06544918,0.015878817,0.28575,0.14873958,1.0,,,,,,,,,,,,,,,,,,,,,,,,,,,,,,,,,,,,,,,,,,,
763.0,-0.01925234732434401,0.04900110512971878,0.00044060946675017476,0.23711717128753662,0.0,0.22868465,0.14051491,0.99955934,0.066793226,0.02384259,6.499002e-07,-0.0006723404,0.0016562939,0.021351576,0.06501724,-0.042204384,-0.013384701,0.286125,0.14892522,1.0,,,,,,,,,,,,,,,,,,,,,,,,,,,,,,,,,,,,,,,,,,,
764.0,-0.019284713571655815,0.049052439630031586,0.00044060946675017476,0.23607632517814636,0.0,0.22896317,0.14061436,0.99955934,0.066845424,0.023866195,6.7935565e-07,-0.0008635521,0.0019330978,0.02141738,-0.047261752,0.065436274,0.015887678,0.2865,0.14911082,1.0,,,,,,,,,,,,,,,,,,,,,,,,,,,,,,,,,,,,,,,,,,,
765.0,-0.019316266458321484,0.04910382628440857,0.00044060946675017476,0.23505419492721558,0.0,0.22924195,0.14071393,0.99955934,0.06690876,0.023897849,6.461361e-07,-0.0005965233,0.0017516613,0.021362066,0.065006524,-0.042213947,-0.013394672,0.286875,0.14929639,1.0,,,,,,,,,,,,,,,,,,,,,,,,,,,,,,,,,,,,,,,,,,,
766.0,-0.019347381585049152,0.04915519803762436,0.00044060946675017476,0.2340506911277771,0.0,0.22952098,0.14081359,0.99955934,0.06696489,0.02391842,6.7558244e-07,-0.00078749657,0.0020282269,0.021428108,-0.04727075,0.065423384,0.015896527,0.28725,0.14948192,1.0,,,,,,,,,,,,,,,,,,,,,,,,,,,,,,,,,,,,,,,,,,,
767.0,-0.019377925676796443,0.04920650273561478,0.00044060946675017476,0.233065664768219,0.0,0.22980028,0.14091337,0.99955934,0.06703214,0.023947041,6.418848e-07,-0.00052046776,0.0018465519,0.021372795,0.06499582,-0.04222351,-0.013404634,0.287625,0.14966741,1.0,,,,,,,,,,,,,,,,,,,,,,,,,,,,,,,,,,,,,,,,,,,
768.0,-0.019407915250901717,0.0492577962577343,0.00044060946675017476,0.2320992350578308,0.0,0.23007983,0.14101322,0.99955934,0.067092195,0.023964582,6.713226e-07,-0.00071167946,0.0021233559,0.021438599,-0.04727974,0.06541049,0.01590537,0.288,0.14985286,1.0,,,,,,,,,,,,,,,,,,,,,,,,,,,,,,,,,,,,,,,,,,,
769.0,-0.019437338474546415,0.04930906742811203,0.00044060946675017476,0.23115111887454987,0.0,0.23035967,0.14111318,0.99955934,0.06716336,0.023990177,6.371479e-07,-0.00044465065,0.0019416809,0.021383286,0.06498511,-0.042233065,-0.013414585,0.288375,0.15003827,1.0,,,,,,,,,,,,,,,,,,,,,,,,,,,,,,,,,,,,,,,,,,,
770.0,-0.019466210637614858,0.04936029389500618,0.0004405975341796875,0.2302214503288269,0.0,0.23063979,0.1412132,0.99955934,0.067227334,0.024004692,6.6657776e-07,-0.00063586235,0.0022182465,0.021449089,-0.04728873,0.065397605,0.015914202,0.28875,0.15022366,1.0,,,,,,,,,,,,,,,,,,,,,,,,,,,,,,,,,,,,,,,,,,,
771.0,-0.01949469669585269,0.049411434680223465,0.0004405975341796875,0.22930999100208282,0.0,0.23092021,0.14131331,0.99955934,0.06730242,0.024027264,6.319268e-07,-0.00036907196,0.0020365715,0.021393776,0.06497442,-0.04224262,-0.013424526,0.289125,0.150409,1.0,,,,,,,,,,,,,,,,,,,,,,,,,,,,,,,,,,,,,,,,,,,
772.0,-0.01952231781128103,0.04946250468492508,0.00044058560160920024,0.2284168303012848,0.0,0.23120093,0.14141348,0.99955934,0.067370296,0.02403876,6.613494e-07,-0.00056028366,0.002313137,0.021459818,-0.047297716,0.06538472,0.015923023,0.2895,0.1505943,1.0,,,,,,,,,,,,,,,,,,,,,,,,,,,,,,,,,,,,,,,,,,,
773.0,-0.01954984025185331,0.049513526260852814,0.00044058560160920024,0.2275417149066925,0.0,0.23148197,0.14151372,0.9995594,0.06744929,0.024058314,6.262231e-07,-0.00029325485,0.0021312237,0.021404266,0.06496372,-0.042252168,-0.013434457,0.289875,0.15077956,1.0,,,,,,,,,,,,,,,,,,,,,,,,,,,,,,,,,,,,,,,,,,,
774.0,-0.01957636177278546,0.049564458429813385,0.00044058560160920024,0.22668471932411194,0.0,0.2317633,0.14161399,0.9995594,0.067521065,0.024066795,4.7167447e-07,-0.00048446655,0.0024077892,0.021470308,-0.047306698,0.065371856,0.015931835,0.29025,0.1509648,1.0,,,,,,,,,,,,,,,,,,,,,,,,,,,,,,,,,,,,,,,,,,,
775.0,-0.01960303357054436,0.04961525276303291,0.00044058560160920024,0.22584570944309235,0.0,0.23204498,0.14171435,0.9995594,0.06760396,0.024083335,4.792663e-07,-0.00021767616,0.0022258759,0.021414995,0.06495304,-0.042261712,-0.013444377,0.290625,0.15114999,1.0,,,,,,,,,,,,,,,,,,,,,,,,,,,,,,,,,,,,,,,,,,,
776.0,-0.019628213835902717,0.04966593533754349,0.0004405617655720562,0.22502467036247253,0.0,0.23232698,0.14181471,0.9995594,0.06767964,0.024088804,4.9853514e-07,-0.00040912628,0.0025024414,0.021480799,-0.047315672,0.06535898,0.01594064,0.291,0.15133514,1.0,,,,,,,,,,,,,,,,,,,,,,,,,,,,,,,,,,,,,,,,,,,
777.0,-0.019654067055901763,0.0497165285050869,0.00044057369814254344,0.22422148287296295,0.0,0.23260935,0.14191514,0.9995594,0.067766435,0.024102338,4.6484158e-07,-0.00014233589,0.002320528,0.021425486,0.06494235,-0.042271256,-0.013454287,0.291375,0.15152025,1.0,,,,,,,,,,,,,,,,,,,,,,,,,,,,,,,,,,,,,,,,,,,
778.0,-0.019678086052915753,0.049766905605793,0.0004405617655720562,0.2234361171722412,0.0,0.23289204,0.14201558,0.9995594,0.06784601,0.0241048,4.9368714e-07,-0.0003335476,0.0025970936,0.021491528,-0.047324643,0.06534612,0.015949434,0.29175,0.15170532,1.0,,,,,,,,,,,,,,,,,,,,,,,,,,,,,,,,,,,,,,,,,,,
779.0,-0.019702932591185527,0.04981721192598343,0.00044057369814254344,0.22266843914985657,0.0,0.2331751,0.14211605,0.9995594,0.06793669,0.024115328,4.57271e-07,-6.67572e-05,0.0024149418,0.021435976,0.064931676,-0.042280793,-0.013464187,0.292125,0.15189037,1.0,,,,,,,,,,,,,,,,,,,,,,,,,,,,,,,,,,,,,,,,,,,
780.0,-0.019725882903090318,0.04986737295985222,0.0004405617655720562,0.22191846370697021,0.0,0.23345852,0.14221653,0.9995594,0.06802015,0.02411479,4.8664e-07,-0.00025820732,0.0026915073,0.021502018,-0.04733361,0.06533326,0.015958218,0.2925,0.15207537,1.0,,,,,,,,,,,,,,,,,,,,,,,,,,,,,,,,,,,,,,,,,,,
781.0,-0.019749644270801583,0.049917347729206085,0.00044057369814254344,0.22118611633777618,0.0,0.23374234,0.14231704,0.9995594,0.06811472,0.02412232,4.4962795e-07,8.583069e-06,0.0025093555,0.021446466,0.064921,-0.042290322,-0.013474077,0.292875,0.15226033,1.0,,,,,,,,,,,,,,,,,,,,,,,,,,,,,,,,,,,,,,,,,,,
782.0,-0.019771597807580112,0.04996715858578682,0.00044057369814254344,0.22047129273414612,0.0,0.2340265,0.14241754,0.9995594,0.06820206,0.024118785,4.790218e-07,-0.00018286705,0.002785921,0.021512508,-0.047342572,0.06532042,0.015966993,0.29325,0.15244526,1.0,,,,,,,,,,,,,,,,,,,,,,,,,,,,,,,,,,,,,,,,,,,
783.0,-0.01979421667428069,0.050016749650239944,0.00044057369814254344,0.21977393329143524,0.0,0.23431109,0.14251806,0.9995594,0.06830051,0.02412332,4.415319e-07,8.368492e-05,0.0026037693,0.021457195,0.06491033,-0.04229985,-0.013483956,0.293625,0.15263014,1.0,,,,,,,,,,,,,,,,,,,,,,,,,,,,,,,,,,,,,,,,,,,
784.0,-0.019815182227123664,0.05006617307662964,0.00044057369814254344,0.21909397840499878,0.0,0.23459606,0.14261854,0.9995594,0.068391725,0.024116792,4.7092385e-07,-0.0001077652,0.0028800964,0.021523237,-0.04735153,0.06530757,0.015975758,0.294,0.15281498,1.0,,,,,,,,,,,,,,,,,,,,,,,,,,,,,,,,,,,,,,,,,,,
785.0,-0.019836663045222306,0.05011536926031113,0.00044057369814254344,0.2184314876794815,0.0,0.23488145,0.14271903,0.9995594,0.068494044,0.024118338,4.329633e-07,0.00015878677,0.0026979446,0.021467686,0.06489967,-0.042309377,-0.013493826,0.294375,0.1529998,1.0,,,,,,,,,,,,,,,,,,,,,,,,,,,,,,,,,,,,,,,,,,,
786.0,-0.019856642214339446,0.05016433075070381,0.00044057369814254344,0.2177862972021103,0.0,0.23516724,0.1428195,0.9995594,0.068589136,0.024108823,4.623525e-07,-3.2663345e-05,0.0029742718,0.021533728,-0.047360484,0.06529473,0.015984515,0.29475,0.15318458,1.0,,,,,,,,,,,,,,,,,,,,,,,,,,,,,,,,,,,,,,,,,,,
787.0,-0.019877035953522866,0.05021308735013008,0.00044057369814254344,0.21715834736824036,0.0,0.23545347,0.14291994,0.9995594,0.06869532,0.024107384,4.2392253e-07,0.00023388863,0.00279212,0.021478176,0.06488901,-0.0423189,-0.013503685,0.295125,0.15336931,1.0,,,,,,,,,,,,,,,,,,,,,,,,,,,,,,,,,,,,,,,,,,,
788.0,-0.019896001144681215,0.050261616706848145,0.00044057369814254344,0.2165476381778717,0.0,0.23574011,0.14302033,0.9995594,0.06879428,0.024094887,4.5330944e-07,4.2438507e-05,0.003068447,0.021544218,-0.04736943,0.0652819,0.01599326,0.2955,0.153554,1.0,,,,,,,,,,,,,,,,,,,,,,,,,,,,,,,,,,,,,,,,,,,
789.0,-0.019915337536334846,0.05030986666679382,0.00044057369814254344,0.21595406532287598,0.0,0.23602721,0.1431207,0.9995594,0.06890433,0.024090467,4.1441092e-07,0.00030899048,0.0028862953,0.021488905,0.06487835,-0.042328414,-0.013513533,0.295875,0.15373866,1.0,,,,,,,,,,,,,,,,,,,,,,,,,,,,,,,,,,,,,,,,,,,
790.0,-0.019933378621761224,0.05035783722996712,0.00044057369814254344,0.21537771821022034,0.0,0.23631474,0.14322102,0.9995594,0.06900714,0.024074992,4.437962e-07,0.00011754036,0.003162384,0.021554947,-0.047378376,0.06526907,0.016001998,0.29625,0.15392327,1.0,,,,,,,,,,,,,,,,,,,,,,,,,,,,,,,,,,,,,,,,,,,
791.0,-0.019951541630489737,0.050405580550432205,0.00044057369814254344,0.21481841802597046,0.0,0.23660275,0.1433213,0.9995594,0.069121055,0.024067596,4.0443e-07,0.0003838539,0.0029802322,0.021499395,0.064867705,-0.042337928,-0.013523372,0.296625,0.15410785,1.0,,,,,,,,,,,,,,,,,,,,,,,,,,,,,,,,,,,,,,,,,,,
792.0,-0.019968664407199688,0.05045303702354431,0.00044057369814254344,0.21427622437477112,0.0,0.2368912,0.1434215,0.9995594,0.069227725,0.024049148,4.3381422e-07,0.0001924038,0.003256321,0.021565437,-0.047387317,0.065256245,0.016010726,0.297,0.15429239,1.0,,,,,,,,,,,,,,,,,,,,,,,,,,,,,,,,,,,,,,,,,,,
793.0,-0.019985751183990944,0.05050016567111015,0.00044057369814254344,0.21375100314617157,0.0,0.23718014,0.14352167,0.9995594,0.06934548,0.02403878,3.9398125e-07,0.00045871735,0.0030739307,0.021509886,0.06485706,-0.042347435,-0.013533201,0.297375,0.1544769,1.0,,,,,,,,,,,,,,,,,,,,,,,,,,,,,,,,,,,,,,,,,,,
794.0,-0.02000186371739692,0.05054701492190361,0.00044057369814254344,0.21324291825294495,0.0,0.23746954,0.14362174,0.9995594,0.069456,0.024017364,4.2336504e-07,0.0002670288,0.0033500195,0.021576166,-0.047396254,0.06524343,0.016019443,0.29775,0.15466136,1.0,,,,,,,,,,,,,,,,,,,,,,,,,,,,,,,,,,,,,,,,,,,
795.0,-0.02001790964473985,0.05059356614947319,0.00044057369814254344,0.21275170147418976,0.0,0.23775944,0.14372176,0.9995594,0.069577605,0.024004031,3.8306607e-07,0.00053334236,0.0031678677,0.021520615,0.06484642,-0.042356938,-0.013543019,0.298125,0.15484579,1.0,,,,,,,,,,,,,,,,,,,,,,,,,,,,,,,,,,,,,,,,,,,
796.0,-0.020032982913222804,0.05063975602388382,0.00044057369814254344,0.21227754652500153,0.0,0.23804982,0.14382167,0.9995594,0.06969196,0.023979649,4.1245008e-07,0.00034189224,0.003443718,0.021586657,-0.047405183,0.065230615,0.016028153,0.2985,0.15503018,1.0,,,,,,,,,,,,,,,,,,,,,,,,,,,,,,,,,,,,,,,,,,,
797.0,-0.020047985665279704,0.050685666501522064,0.00044057369814254344,0.21182039380073547,0.0,0.23834074,0.14392152,0.9995594,0.06981741,0.023963356,3.7168596e-07,0.0006082058,0.0032615662,0.021531105,0.06483579,-0.042366438,-0.013552827,0.298875,0.15521452,1.0,,,,,,,,,,,,,,,,,,,,,,,,,,,,,,,,,,,,,,,,,,,
798.0,-0.020062018142435408,0.05073115974664688,0.00044057369814254344,0.21138019859790802,0.0,0.23863213,0.14402126,0.9995594,0.06993561,0.023936015,4.010708e-07,0.00041651726,0.0035374165,0.021597147,-0.047414113,0.06521781,0.016036851,0.29925,0.15539883,1.0,,,,,,,,,,,,,,,,,,,,,,,,,,,,,,,,,,,,,,,,,,,
799.0,-0.020075981056764433,0.05077634006738663,0.00044057369814254344,0.21095697581768036,0.0,0.23892407,0.1441209,0.9995594,0.07006489,0.023916764,3.598424e-07,0.0006825924,0.0033550262,0.021541595,0.064825155,-0.042375937,-0.013562625,0.299625,0.1555831,1.0,,,,,,,,,,,,,,,,,,,,,,,,,,,,,,,,,,,,,,,,,,,
800.0,-0.020088974953781875,0.050821155309677124,0.00044057369814254344,0.2105506807565689,0.0,0.23921652,0.14422043,0.9995594,0.07018692,0.023886468,3.8922863e-07,0.00049090385,0.0036308765,0.021607876,-0.047423035,0.06520501,0.016045542,0.3,0.15576734,1.0,,,,,,,,,,,,,,,,,,,,,,,,,,,,,,,,,,,,,,,,,,,
801.0,-0.020101895300907925,0.05086550861597061,0.00044057369814254344,0.21016141772270203,0.0,0.23950951,0.14431986,0.9995594,0.070320025,0.023864266,3.4753685e-07,0.0007572174,0.0034484863,0.021552324,0.06481453,-0.04238543,-0.013572413,0.300375,0.15595153,1.0,,,,,,,,,,,,,,,,,,,,,,,,,,,,,,,,,,,,,,,,,,,
802.0,-0.02011384490315468,0.05090954899787903,0.00044057369814254344,0.20978917181491852,0.0,0.23980305,0.14441916,0.9995594,0.07044589,0.02383102,3.7692507e-07,0.00056552887,0.0037243366,0.021618366,-0.047431953,0.065192215,0.016054222,0.30075,0.15613568,1.0,,,,,,,,,,,,,,,,,,,,,,,,,,,,,,,,,,,,,,,,,,,
803.0,-0.020125722669967944,0.05095316097140312,0.00044057369814254344,0.2094338983297348,0.0,0.24009714,0.14451836,0.9995594,0.070582815,0.023805868,3.3477073e-07,0.000831604,0.0035419464,0.021562815,0.064803906,-0.042394914,-0.0135821905,0.301125,0.1563198,1.0,,,,,,,,,,,,,,,,,,,,,,,,,,,,,,,,,,,,,,,,,,,
804.0,-0.02013662631824264,0.050996385514736176,0.00044057369814254344,0.20909571647644043,0.0,0.24039178,0.1446174,0.9995594,0.07071249,0.023769679,3.6416162e-07,0.00063991547,0.0038177967,0.021629095,-0.047440868,0.06517943,0.016062893,0.3015,0.15650387,1.0,,,,,,,,,,,,,,,,,,,,,,,,,,,,,,,,,,,,,,,,,,,
805.0,-0.020147445428882204,0.051039181649684906,0.0004405617655720562,0.2087746262550354,0.0,0.240687,0.14471632,0.9995594,0.07085324,0.023741584,3.2154549e-07,0.0009059906,0.003635168,0.021573305,0.064793296,-0.0424044,-0.013591957,0.301875,0.15668792,1.0,,,,,,,,,,,,,,,,,,,,,,,,,,,,,,,,,,,,,,,,,,,
806.0,-0.0201572862082503,0.05108154937624931,0.0004405617655720562,0.20847076177597046,0.0,0.24098277,0.14481507,0.99955946,0.07098673,0.023702452,3.5093967e-07,0.00071406364,0.0039110184,0.021639585,-0.047449775,0.065166645,0.016071554,0.30225,0.15687191,1.0,,,,,,,,,,,,,,,,,,,,,,,,,,,,,,,,,,,,,,,,,,,
807.0,-0.020167052222170606,0.05112345144152641,0.0004405617655720562,0.20818401873111725,0.0,0.24127916,0.1449137,0.99955946,0.0711313,0.02367142,1.2389914e-07,0.0009801388,0.0037283897,0.021584034,0.06478268,-0.04241388,-0.013601715,0.302625,0.15705587,1.0,,,,,,,,,,,,,,,,,,,,,,,,,,,,,,,,,,,,,,,,,,,
808.0,-0.02017584000747811,0.0511649027466774,0.0004405617655720562,0.20791447162628174,0.0,0.2415761,0.14501217,0.99955946,0.071268596,0.023629352,1.9648853e-07,0.00078845024,0.00400424,0.021650314,-0.047458682,0.06515387,0.016080206,0.303,0.15723978,1.0,,,,,,,,,,,,,,,,,,,,,,,,,,,,,,,,,,,,,,,,,,,
809.0,-0.02018454536403879,0.051205895841121674,0.0004405617655720562,0.20766229927539825,0.0,0.24187367,0.14511047,0.99955946,0.07141697,0.023595387,1.4281088e-07,0.001054287,0.0038216114,0.021594524,0.06477208,-0.042423356,-0.013611462,0.303375,0.15742366,1.0,,,,,,,,,,,,,,,,,,,,,,,,,,,,,,,,,,,,,,,,,,,
810.0,-0.020192269716839656,0.051246415823698044,0.0004405617655720562,0.20742741227149963,0.0,0.24217184,0.14520861,0.99955946,0.07155807,0.02355039,1.745942e-07,0.00086236,0.0040972233,0.021660805,-0.047467582,0.0651411,0.01608885,0.30375,0.15760751,1.0,,,,,,,,,,,,,,,,,,,,,,,,,,,,,,,,,,,,,,,,,,,
811.0,-0.020199907445542342,0.051286451518535614,0.0004405617655720562,0.2072100192308426,0.0,0.24247062,0.14530657,0.99955946,0.071710244,0.023513494,1.3003894e-07,0.0011284351,0.0039145947,0.021605253,0.064761475,-0.042432826,-0.013621199,0.304125,0.1577913,1.0,,,,,,,,,,,,,,,,,,,,,,,,,,,,,,,,,,,,,,,,,,,
812.0,-0.02020644145819388,0.051325954496860504,0.0004405617655720562,0.20701012015342712,0.0,0.24277002,0.14540435,0.99955946,0.07185514,0.023465568,1.5957777e-07,0.0009365082,0.0041902065,0.021671534,-0.047476478,0.065128334,0.016097484,0.3045,0.15797506,1.0,,,,,,,,,,,,,,,,,,,,,,,,,,,,,,,,,,,,,,,,,,,
813.0,-0.020212711335415228,0.051364999264478683,0.0004405617655720562,0.20682775974273682,0.0,0.24307007,0.14550196,0.99955946,0.07201111,0.02342575,1.1509227e-07,0.0012023449,0.004007578,0.021615744,0.06475088,-0.042442296,-0.013630926,0.304875,0.1581588,1.0,,,,,,,,,,,,,,,,,,,,,,,,,,,,,,,,,,,,,,,,,,,
814.0,-0.020217998297947636,0.05140354484319687,0.0004405617655720562,0.20666317641735077,0.0,0.24337073,0.14559935,0.99955946,0.072159804,0.023374902,1.445128e-07,0.0010104179,0.00428319,0.021682024,-0.04748537,0.06511557,0.016106108,0.30525,0.15834247,1.0,,,,,,,,,,,,,,,,,,,,,,,,,,,,,,,,,,,,,,,,,,,
815.0,-0.020223204485821773,0.05144159868359566,0.00044057369814254344,0.2065163403749466,0.0,0.24367206,0.14569657,0.99955946,0.07231956,0.023332164,9.9598864e-08,0.0012762547,0.004100561,0.021626234,0.064740285,-0.042451758,-0.013640643,0.305625,0.15852611,1.0,,,,,,,,,,,,,,,,,,,,,,,,,,,,,,,,,,,,,,,,,,,
816.0,-0.02022725286721252,0.05147914960980415,0.00044057369814254344,0.20638737082481384,0.0,0.24397403,0.14579357,0.99955946,0.07247205,0.023278398,1.2901884e-07,0.0010843277,0.0043759346,0.021692753,-0.04749426,0.065102816,0.016114723,0.306,0.15870972,1.0,,,,,,,,,,,,,,,,,,,,,,,,,,,,,,,,,,,,,,,,,,,
817.0,-0.02023121481261915,0.05151623487472534,0.00044057369814254344,0.20627634227275848,0.0,0.24427667,0.14589037,0.99955946,0.07263558,0.023232745,8.3649816e-08,0.0013501644,0.004193306,0.021636963,0.0647297,-0.042461216,-0.013650349,0.306375,0.15889327,1.0,,,,,,,,,,,,,,,,,,,,,,,,,,,,,,,,,,,,,,,,,,,
818.0,-0.020234183812361157,0.05155283957719803,0.00044057369814254344,0.20618341863155365,0.0,0.24457999,0.14598693,0.99955946,0.07279185,0.023176068,1.1307632e-07,0.0011582375,0.0044686794,0.021703243,-0.047503144,0.06509007,0.016123328,0.30675,0.15907681,1.0,,,,,,,,,,,,,,,,,,,,,,,,,,,,,,,,,,,,,,,,,,,
819.0,-0.02023705748433204,0.051589012145996094,0.00044058560160920024,0.2061087042093277,0.0,0.24488397,0.1460833,0.99955946,0.07295917,0.023127504,6.725149e-08,0.0014240742,0.0042858124,0.021647453,0.06471912,-0.042470675,-0.013660045,0.307125,0.15926029,1.0,,,,,,,,,,,,,,,,,,,,,,,,,,,,,,,,,,,,,,,,,,,
820.0,-0.020238935176590894,0.051624733954668045,0.00044058560160920024,0.20605221390724182,0.0,0.24518864,0.14617942,0.99955946,0.073119216,0.023067918,9.668548e-08,0.0012319088,0.004561186,0.021713972,-0.04751202,0.06507732,0.016131924,0.3075,0.15944374,1.0,,,,,,,,,,,,,,,,,,,,,,,,,,,,,,,,,,,,,,,,,,,
821.0,-0.020240709818986215,0.051660019904375076,0.00044058560160920024,0.20601420104503632,0.0,0.24549401,0.14627531,0.99955946,0.0732903,0.023016449,5.040562e-08,0.0014977455,0.004378557,0.021658182,0.064708546,-0.042480126,-0.013669732,0.307875,0.15962714,1.0,,,,,,,,,,,,,,,,,,,,,,,,,,,,,,,,,,,,,,,,,,,
822.0,-0.020241479591604005,0.05169488862156868,0.00044058560160920024,0.20599468052387238,0.0,0.24580008,0.14637096,0.99955946,0.07345412,0.02295396,7.984771e-08,0.0013055801,0.0046536922,0.021724463,-0.0475209,0.06506459,0.01614051,0.30825,0.1598105,1.0,,,,,,,,,,,,,,,,,,,,,,,,,,,,,,,,,,,,,,,,,,,
823.0,-0.020242141424709554,0.051729314029216766,0.00044058560160920024,0.20599380135536194,0.0,0.24610686,0.14646637,0.99955946,0.07362898,0.022899589,3.3113633e-08,0.0015711784,0.0044710636,0.021668673,0.06469797,-0.042489573,-0.0136794085,0.308625,0.15999383,1.0,,,,,,,,,,,,,,,,,,,,,,,,,,,,,,,,,,,,,,,,,,,
824.0,-0.020241807085983603,0.05176335573196411,0.00044058560160920024,0.20601162314414978,0.0,0.24641435,0.14656152,0.99955946,0.073796555,0.0228342,6.256443e-08,0.0013790131,0.0047461987,0.021735191,-0.04752977,0.06505185,0.016149087,0.309,0.16017711,1.0,,,,,,,,,,,,,,,,,,,,,,,,,,,,,,,,,,,,,,,,,,,
825.0,-0.02024139669670258,0.05179703235626221,0.00044058560160920024,0.20604835450649261,0.0,0.24672258,0.14665642,0.99955946,0.073975176,0.022776933,1.5376973e-08,0.0016448498,0.0045633316,0.021679401,0.0646874,-0.042499017,-0.013689075,0.309375,0.16036035,1.0,,,,,,,,,,,,,,,,,,,,,,,,,,,,,,,,,,,,,,,,,,,
826.0,-0.020240189933696095,0.05183033272624016,0.00044058560160920024,0.20610411465168,0.0,0.24703152,0.14675105,0.99955946,0.07414651,0.02270865,4.4837073e-08,0.0014526844,0.0048384666,0.021745682,-0.047538634,0.06503913,0.016157655,0.30975,0.16054356,1.0,,,,,,,,,,,,,,,,,,,,,,,,,,,,,,,,,,,,,,,,,,,
827.0,-0.020238585609565783,0.05186327174305916,0.00044058560160920024,0.2061789631843567,0.0,0.24734123,0.14684542,0.99955946,0.074328884,0.022648493,-2.8029343e-09,0.0017182827,0.0046555996,0.021689892,0.06467684,-0.042508457,-0.013698731,0.310125,0.16072673,1.0,,,,,,,,,,,,,,,,,,,,,,,,,,,,,,,,,,,,,,,,,,,
828.0,-0.020236413454318244,0.05189581960439682,0.00044058560160920024,0.20627298951148987,0.0,0.24765165,0.14693949,0.99955946,0.07450398,0.02257732,2.6667067e-08,0.0015258789,0.0049307346,0.02175641,-0.047547497,0.0650264,0.016166214,0.3105,0.16090985,1.0,,,,,,,,,,,,,,,,,,,,,,,,,,,,,,,,,,,,,,,,,,,
829.0,-0.020233647964704143,0.05192802473902702,0.00044058560160920024,0.20638641715049744,0.0,0.24796286,0.14703329,0.99955946,0.07469011,0.022514274,-2.1424665e-08,0.0017914772,0.0047478676,0.02170062,0.064666286,-0.042517893,-0.013708376,0.310875,0.16109292,1.0,,,,,,,,,,,,,,,,,,,,,,,,,,,,,,,,,,,,,,,,,,,
830.0,-0.020230308198702553,0.051959872245788574,0.00044057369814254344,0.2065192312002182,0.0,0.24827482,0.1471268,0.99955946,0.07486895,0.022440217,8.055835e-09,0.0015993118,0.0050230026,0.021766901,-0.047556352,0.06501369,0.016174763,0.31125,0.16127597,1.0,,,,,,,,,,,,,,,,,,,,,,,,,,,,,,,,,,,,,,,,,,,
831.0,-0.020226371765052317,0.05199139192700386,0.00044057369814254344,0.2066715955734253,0.0,0.24858756,0.14722002,0.99955946,0.07505882,0.02237429,-4.0486793e-08,0.0018646717,0.004839897,0.021711111,0.06465573,-0.042527325,-0.013718012,0.311625,0.16145897,1.0,,,,,,,,,,,,,,,,,,,,,,,,,,,,,,,,,,,,,,,,,,,
832.0,-0.020221852700076128,0.05202258378267288,0.00044057369814254344,0.20684361457824707,0.0,0.24890107,0.14731292,0.99955946,0.0752414,0.02229735,-1.0995198e-08,0.0016725063,0.005115032,0.02177763,-0.047565207,0.06500098,0.016183302,0.312,0.16164194,1.0,,,,,,,,,,,,,,,,,,,,,,,,,,,,,,,,,,,,,,,,,,,
833.0,-0.020216810347678256,0.052053432911634445,0.00044057369814254344,0.20703533291816711,0.0,0.24921538,0.14740555,0.99955946,0.07543501,0.022228545,-5.99879e-08,0.0019378662,0.0049319267,0.02172184,0.064645186,-0.04253675,-0.013727638,0.312375,0.16182487,1.0,,,,,,,,,,,,,,,,,,,,,,,,,,,,,,,,,,,,,,,,,,,
834.0,-0.020211177903256612,0.05208401009440422,0.00044057369814254344,0.20724695920944214,0.0,0.24953048,0.14749783,0.99955946,0.07562134,0.02214873,-3.0484614e-08,0.0017457008,0.005207062,0.02178812,-0.047574054,0.06498828,0.016191833,0.31275,0.16200775,1.0,,,,,,,,,,,,,,,,,,,,,,,,,,,,,,,,,,,,,,,,,,,
835.0,-0.02020493966845534,0.05211419612169266,0.0004405617655720562,0.20747843384742737,0.0,0.24984638,0.14758982,0.99955946,0.07581868,0.022077052,-7.992656e-08,0.0020110607,0.0050239563,0.02173233,0.06463464,-0.042546175,-0.013737253,0.313125,0.16219059,1.0,,,,,,,,,,,,,,,,,,,,,,,,,,,,,,,,,,,,,,,,,,,
836.0,-0.02019790037906496,0.05214415118098259,0.0004405617655720562,0.2077300101518631,0.0,0.25016308,0.14768146,0.99955946,0.07600874,0.021994367,-5.0410993e-08,0.0018186569,0.005298853,0.02179885,-0.0475829,0.06497558,0.016200354,0.3135,0.16237338,1.0,,,,,,,,,,,,,,,,,,,,,,,,,,,,,,,,,,,,,,,,,,,
837.0,-0.020190233134968733,0.052173785865306854,0.0004405617655720562,0.20800162851810455,0.0,0.25048062,0.14777279,0.99955946,0.07620981,0.021919819,-1.0030136e-07,0.0020840168,0.0051157475,0.02174306,0.0646241,-0.042555593,-0.013746859,0.313875,0.16255614,1.0,,,,,,,,,,,,,,,,,,,,,,,,,,,,,,,,,,,,,,,,,,,
838.0,-0.020181951854677752,0.052203141152858734,0.0004405617655720562,0.20829342305660248,0.0,0.25079897,0.14786378,0.99955946,0.07640359,0.021834267,-7.077292e-08,0.0018918514,0.005390644,0.021809578,-0.047591742,0.064962886,0.016208867,0.31425,0.16273886,1.0,,,,,,,,,,,,,,,,,,,,,,,,,,,,,,,,,,,,,,,,,,,
839.0,-0.02017303837989166,0.05223213881254196,0.0004405617655720562,0.20860540866851807,0.0,0.25111818,0.14795442,0.99955946,0.07660839,0.021756856,-1.2111089e-07,0.002156973,0.0052075386,0.02175355,0.064613566,-0.04256501,-0.013756454,0.314625,0.16292155,1.0,,,,,,,,,,,,,,,,,,,,,,,,,,,,,,,,,,,,,,,,,,,
840.0,-0.020163505246046407,0.052260857075452805,0.0004405617655720562,0.20893776416778564,0.0,0.2514382,0.1480447,0.99955946,0.07680588,0.021668442,-9.1568985e-08,0.001964569,0.005482435,0.021820068,-0.047600575,0.0649502,0.016217368,0.315,0.16310418,1.0,,,,,,,,,,,,,,,,,,,,,,,,,,,,,,,,,,,,,,,,,,,
841.0,-0.020153338344624357,0.0522892065346241,0.0004405617655720562,0.20929037034511566,0.0,0.25175908,0.14813466,0.99955946,0.0770144,0.02158817,-1.4235373e-07,0.002229929,0.0052993298,0.021764278,0.06460304,-0.04257442,-0.01376604,0.315375,0.16328678,1.0,,,,,,,,,,,,,,,,,,,,,,,,,,,,,,,,,,,,,,,,,,,
842.0,-0.020142547321366874,0.05231728404760361,0.0004405617655720562,0.2096634805202484,0.0,0.25208083,0.14822423,0.99955946,0.07721561,0.021496901,-1.12797764e-07,0.0020375252,0.005573988,0.021830797,-0.047609407,0.06493752,0.016225861,0.31575,0.16346933,1.0,,,,,,,,,,,,,,,,,,,,,,,,,,,,,,,,,,,,,,,,,,,
843.0,-0.020131120015517808,0.05234497785568237,0.0004405617655720562,0.21005694568157196,0.0,0.25240344,0.14831345,0.99955946,0.07742784,0.021413773,-1.6402848e-07,0.0023026466,0.0053908825,0.021774769,0.06459252,-0.04258383,-0.013775615,0.316125,0.16365185,1.0,,,,,,,,,,,,,,,,,,,,,,,,,,,,,,,,,,,,,,,,,,,
844.0,-0.020119069113294245,0.05237235873937607,0.0004405617655720562,0.21047092974185944,0.0,0.2527269,0.14840229,0.99955946,0.07763276,0.021319652,-1.3445786e-07,0.0021102428,0.0056655407,0.021841288,-0.047618236,0.06492484,0.016234346,0.3165,0.16383432,1.0,,,,,,,,,,,,,,,,,,,,,,,,,,,,,,,,,,,,,,,,,,,
845.0,-0.02010648087786831,0.05239937826991081,0.0004405617655720562,0.21090523898601532,0.0,0.25305128,0.14849076,0.99955946,0.077848695,0.021233674,-1.8613372e-07,0.0023753643,0.005482197,0.021785498,0.064582,-0.042593233,-0.013785181,0.316875,0.16401675,1.0,,,,,,,,,,,,,,,,,,,,,,,,,,,,,,,,,,,,,,,,,,,
846.0,-0.020093133513069187,0.052426040172576904,0.0004405617655720562,0.2113601118326187,0.0,0.2533765,0.14857882,0.99955946,0.07805733,0.021136703,-1.5654787e-07,0.0021829605,0.0057570934,0.021852016,-0.047627058,0.06491217,0.016242819,0.31725,0.16419916,1.0,,,,,,,,,,,,,,,,,,,,,,,,,,,,,,,,,,,,,,,,,,,
847.0,-0.020079399623313655,0.052452392876148224,0.0004405617655720562,0.21183542907238007,0.0,0.25370267,0.14866653,0.99955946,0.07827696,0.02104788,-2.0866807e-07,0.002448082,0.0055737495,0.021795988,0.064571485,-0.042602632,-0.013794736,0.317625,0.1643815,1.0,,,,,,,,,,,,,,,,,,,,,,,,,,,,,,,,,,,,,,,,,,,
848.0,-0.02006497433672048,0.0524783730506897,0.00044057369814254344,0.21233128011226654,0.0,0.25402972,0.1487538,0.99955946,0.07848928,0.020948067,-1.7906638e-07,0.0022554398,0.0058484077,0.021862745,-0.04763588,0.06489951,0.016251285,0.318,0.16456382,1.0,,,,,,,,,,,,,,,,,,,,,,,,,,,,,,,,,,,,,,,,,,,
849.0,-0.02005000251483434,0.05250401049852371,0.00044057369814254344,0.2128475159406662,0.0,0.2543577,0.14884071,0.9995594,0.07871261,0.020856403,-2.3163008e-07,0.0025205612,0.005665064,0.021806717,0.06456097,-0.042612027,-0.013804281,0.318375,0.16474609,1.0,,,,,,,,,,,,,,,,,,,,,,,,,,,,,,,,,,,,,,,,,,,
850.0,-0.020034425433259458,0.05252934619784355,0.00044057369814254344,0.213384211063385,0.0,0.25468656,0.14892718,0.9995594,0.078928635,0.02075375,-1.8050592e-08,0.002327919,0.005939722,0.021873236,-0.047644693,0.06488685,0.016259741,0.31875,0.16492832,1.0,,,,,,,,,,,,,,,,,,,,,,,,,,,,,,,,,,,,,,,,,,,
851.0,-0.020018231350604036,0.05255432799458504,0.00044057369814254344,0.21394120156764984,0.0,0.25501636,0.14901327,0.9995594,0.07915565,0.02065925,-1.1424546e-07,0.0025930405,0.0057561398,0.021817207,0.064550474,-0.042621423,-0.013813816,0.319125,0.1651105,1.0,,,,,,,,,,,,,,,,,,,,,,,,,,,,,,,,,,,,,,,,,,,
852.0,-0.02000143335133762,0.052578993141651154,0.00044057369814254344,0.21451859176158905,0.0,0.2553471,0.1490989,0.9995594,0.07937536,0.020553762,-7.447112e-08,0.0024003983,0.006030798,0.021883965,-0.047653504,0.064874195,0.016268186,0.3195,0.16529265,1.0,,,,,,,,,,,,,,,,,,,,,,,,,,,,,,,,,,,,,,,,,,,
853.0,-0.019984021175607634,0.05260332673788071,0.00044057369814254344,0.2151162028312683,0.0,0.2556788,0.14918414,0.9995594,0.07960606,0.020456431,-1.3029978e-07,0.0026652813,0.0058472157,0.021827936,0.06453997,-0.04263081,-0.013823341,0.319875,0.16547476,1.0,,,,,,,,,,,,,,,,,,,,,,,,,,,,,,,,,,,,,,,,,,,
854.0,-0.019965997746480574,0.052627384662628174,0.00044057369814254344,0.21573400497436523,0.0,0.25601143,0.14926893,0.9995594,0.07982945,0.020348115,-1.0008829e-07,0.002472639,0.006121874,0.021894693,-0.04766231,0.06486155,0.016276624,0.32025,0.16565682,1.0,,,,,,,,,,,,,,,,,,,,,,,,,,,,,,,,,,,,,,,,,,,
855.0,-0.01994736494499812,0.05265112593770027,0.00044057369814254344,0.21637187898159027,0.0,0.256345,0.1493533,0.9995594,0.080063835,0.020247955,-1.5410885e-07,0.0027375221,0.0059382915,0.021838427,0.06452948,-0.04264019,-0.013832856,0.320625,0.16583884,1.0,,,,,,,,,,,,,,,,,,,,,,,,,,,,,,,,,,,,,,,,,,,
856.0,-0.019927706237959503,0.052674584090709686,0.00044057369814254344,0.21702982485294342,0.0,0.25667956,0.14943719,0.9995594,0.08029089,0.020136813,-1.2440725e-07,0.00254488,0.0062127113,0.021905184,-0.04767111,0.06484891,0.016285053,0.321,0.16602081,1.0,,,,,,,,,,,,,,,,,,,,,,,,,,,,,,,,,,,,,,,,,,,
857.0,-0.019907864552689718,0.05269770696759224,0.0004405975341796875,0.21770775318145752,0.0,0.2570151,0.14952067,0.9995594,0.08052895,0.020033833,-1.7874409e-07,0.002809763,0.0060293674,0.021849155,0.06451899,-0.04264957,-0.013842361,0.321375,0.16620275,1.0,,,,,,,,,,,,,,,,,,,,,,,,,,,,,,,,,,,,,,,,,,,
858.0,-0.01988698416786429,0.052720535546541214,0.0004405975341796875,0.21840545535087585,0.0,0.2573516,0.14960366,0.9995594,0.08075968,0.01991987,-1.4905287e-07,0.0026171207,0.006303787,0.021915913,-0.04767991,0.06483627,0.016293472,0.32175,0.16638465,1.0,,,,,,,,,,,,,,,,,,,,,,,,,,,,,,,,,,,,,,,,,,,
859.0,-0.019865927102696152,0.05274304747581482,0.0004405975341796875,0.21912294626235962,0.0,0.2576891,0.14968623,0.9995594,0.08100141,0.01981407,-2.0382231e-07,0.0028820038,0.006120205,0.021859884,0.064508505,-0.042658947,-0.013851856,0.322125,0.1665665,1.0,,,,,,,,,,,,,,,,,,,,,,,,,,,,,,,,,,,,,,,,,,,
860.0,-0.019843834909667204,0.05276526138186455,0.0004405975341796875,0.21986009180545807,0.0,0.25802758,0.14976831,0.9995594,0.0812358,0.019697292,-1.7411337e-07,0.0026891232,0.0063943863,0.021926403,-0.0476887,0.06482364,0.01630188,0.3225,0.16674832,1.0,,,,,,,,,,,,,,,,,,,,,,,,,,,,,,,,,,,,,,,,,,,
861.0,-0.019821577410657484,0.052787162363529205,0.0004405975341796875,0.2206166833639145,0.0,0.2583671,0.14984992,0.9995594,0.08148119,0.01958868,-2.2932109e-07,0.0029540062,0.006210804,0.021870375,0.06449802,-0.04266832,-0.013861341,0.322875,0.1669301,1.0,,,,,,,,,,,,,,,,,,,,,,,,,,,,,,,,,,,,,,,,,,,
862.0,-0.01979829424727941,0.052808742970228195,0.0004405975341796875,0.22139261662960052,0.0,0.25870758,0.14993104,0.9995594,0.08171924,0.01946909,-1.9959234e-07,0.0027611256,0.006485224,0.021937132,-0.047697492,0.06481101,0.01631028,0.32325,0.16711183,1.0,,,,,,,,,,,,,,,,,,,,,,,,,,,,,,,,,,,,,,,,,,,
863.0,-0.019774851797994052,0.05282997339963913,0.0004405975341796875,0.22218777239322662,0.0,0.25904912,0.1500117,0.9995594,0.081968285,0.019357668,-2.5523786e-07,0.0030260086,0.0063016415,0.021881104,0.06448755,-0.04267769,-0.013870816,0.323625,0.16729352,1.0,,,,,,,,,,,,,,,,,,,,,,,,,,,,,,,,,,,,,,,,,,,
864.0,-0.019750681330070075,0.05285089090466499,0.00044058560160920024,0.22300201654434204,0.0,0.25939167,0.15009184,0.9995594,0.08221,0.019235272,-2.2548865e-07,0.002833128,0.006575823,0.02194786,-0.047706276,0.0647984,0.016318671,0.324,0.16747516,1.0,,,,,,,,,,,,,,,,,,,,,,,,,,,,,,,,,,,,,,,,,,,
865.0,-0.0197260340013665,0.052871476858854294,0.00044058560160920024,0.22383521497249603,0.0,0.25973526,0.15017152,0.9995594,0.08246269,0.019121045,-2.815712e-07,0.0030977726,0.006392002,0.021891594,0.06447708,-0.04268705,-0.013880281,0.324375,0.16765676,1.0,,,,,,,,,,,,,,,,,,,,,,,,,,,,,,,,,,,,,,,,,,,
866.0,-0.019700534174957287,0.05289170891046524,0.00044058560160920024,0.2246870994567871,0.0,0.26007986,0.15025066,0.9995594,0.082708046,0.018995848,-2.518009e-07,0.002904892,0.006666422,0.021958351,-0.047715057,0.064785786,0.016327053,0.32475,0.16783834,1.0,,,,,,,,,,,,,,,,,,,,,,,,,,,,,,,,,,,,,,,,,,,
867.0,-0.01967491456615899,0.05291162058711052,0.00044058560160920024,0.22555769979953766,0.0,0.26042557,0.15032932,0.9995594,0.08296438,0.018878823,-3.0831973e-07,0.0031433105,0.006482601,0.021902323,0.05814782,-0.042835187,-0.013847602,0.325125,0.16801985,1.0,,,,,,,,,,,,,,,,,,,,,,,,,,,,,,,,,,,,,,,,,,,
868.0,-0.019648285111050066,0.05293121933937073,0.00044058560160920024,0.22644668817520142,0.0,0.2607723,0.15040746,0.9995594,0.08321336,0.018751903,-2.7512982e-07,0.0029239655,0.0067567825,0.02196908,-0.05404119,0.06463548,0.016374642,0.3255,0.16820133,1.0,,,,,,,,,,,,,,,,,,,,,,,,,,,,,,,,,,,,,,,,,,,
869.0,-0.019621675366901764,0.052950430661439896,0.00044058560160920024,0.22735390067100525,0.0,0.26112008,0.1504851,0.9995594,0.083473295,0.018634234,-3.299293e-07,0.003162384,0.006572962,0.021913052,0.058140345,-0.04284541,-0.013854199,0.325875,0.16838276,1.0,,,,,,,,,,,,,,,,,,,,,,,,,,,,,,,,,,,,,,,,,,,
870.0,-0.01959406244261045,0.05296938493847847,0.00044058560160920024,0.22827927768230438,0.0,0.26146895,0.15056221,0.9995594,0.083725855,0.018506674,-2.9663354e-07,0.002943039,0.006847143,0.021979809,-0.054047048,0.06462356,0.016380066,0.32625,0.16856416,1.0,,,,,,,,,,,,,,,,,,,,,,,,,,,,,,,,,,,,,,,,,,,
871.0,-0.019566354822202998,0.052987925708293915,0.00044058560160920024,0.22922252118587494,0.0,0.2618189,0.15063883,0.9995594,0.083989374,0.018388364,-3.5228433e-07,0.0031814575,0.0066633224,0.021923542,0.058132872,-0.042855628,-0.013860787,0.326625,0.16874552,1.0,,,,,,,,,,,,,,,,,,,,,,,,,,,,,,,,,,,,,,,,,,,
872.0,-0.01953757081854783,0.0530061312019825,0.00044058560160920024,0.23018352687358856,0.0,0.26216993,0.15071492,0.9995594,0.084245525,0.018260164,-3.1827892e-07,0.0029621124,0.006937504,0.0219903,-0.054052908,0.06461165,0.016385483,0.327,0.16892682,1.0,,,,,,,,,,,,,,,,,,,,,,,,,,,,,,,,,,,,,,,,,,,
873.0,-0.019508707933768167,0.05302399396896362,0.00044057369814254344,0.23116211593151093,0.0,0.26252204,0.1507905,0.9995594,0.08451263,0.018141218,-3.7492188e-07,0.0032002926,0.0067534447,0.02193427,0.058125403,-0.042865843,-0.013867366,0.327375,0.1691081,1.0,,,,,,,,,,,,,,,,,,,,,,,,,,,,,,,,,,,,,,,,,,,
874.0,-0.01947887036730463,0.05304150655865669,0.00044057369814254344,0.2321581393480301,0.0,0.2628753,0.15086555,0.9995594,0.084772356,0.01801238,-3.4017356e-07,0.0029809475,0.007027626,0.022001028,-0.054058764,0.064599745,0.016390892,0.32775,0.16928932,1.0,,,,,,,,,,,,,,,,,,,,,,,,,,,,,,,,,,,,,,,,,,,
875.0,-0.01944896332765493,0.0530586764216423,0.00044057369814254344,0.23317140340805054,0.0,0.2632296,0.1509401,0.9995594,0.08504303,0.017892798,-3.978156e-07,0.0032191277,0.006843567,0.021944761,0.058117937,-0.042876057,-0.013873937,0.328125,0.1694705,1.0,,,,,,,,,,,,,,,,,,,,,,,,,,,,,,,,,,,,,,,,,,,
876.0,-0.01941808993978848,0.05307549983263016,0.00044057369814254344,0.2342018187046051,0.0,0.26358506,0.15101412,0.9995594,0.08530633,0.017763326,-3.6232248e-07,0.003000021,0.0071177483,0.022011757,-0.054064617,0.06458785,0.016396293,0.3285,0.16965164,1.0,,,,,,,,,,,,,,,,,,,,,,,,,,,,,,,,,,,,,,,,,,,
877.0,-0.019387332045048247,0.053091954439878464,0.00044057369814254344,0.23524919152259827,0.0,0.26394165,0.15108764,0.9995594,0.08558057,0.01764311,-4.2096315e-07,0.0032379627,0.006933689,0.02195549,0.058110476,-0.042886265,-0.013880498,0.328875,0.16983274,1.0,,,,,,,,,,,,,,,,,,,,,,,,,,,,,,,,,,,,,,,,,,,
878.0,-0.019355289387908127,0.05310807377099991,0.00044057369814254344,0.2363133728504181,0.0,0.26429933,0.15116061,0.9995594,0.085847445,0.017513009,-3.8472515e-07,0.0030186176,0.007207632,0.022022247,-0.054070465,0.064575955,0.016401688,0.32925,0.1700138,1.0,,,,,,,,,,,,,,,,,,,,,,,,,,,,,,,,,,,,,,,,,,,
879.0,-0.01932365303875413,0.05312380939722061,0.00044057369814254344,0.23739422857761383,0.0,0.2646582,0.15123308,0.9995594,0.086125255,0.017392164,-4.4436354e-07,0.0031940937,0.007023573,0.021966219,0.04305345,-0.04322795,-0.013778551,0.329625,0.17019482,1.0,,,,,,,,,,,,,,,,,,,,,,,,,,,,,,,,,,,,,,,,,,,
880.0,-0.01929061096127116,0.053139179944992065,0.00044057369814254344,0.23849156498908997,0.0,0.2650182,0.151305,0.9995594,0.08639563,0.017263995,-3.9911055e-07,0.0029120445,0.007297516,0.022032976,-0.06912252,0.06423515,0.016508628,0.33,0.17037578,1.0,,,,,,,,,,,,,,,,,,,,,,,,,,,,,,,,,,,,,,,,,,,
881.0,-0.01925798476995697,0.05315418913960457,0.0004405975341796875,0.23960526287555695,0.0,0.26537934,0.15137646,0.9995594,0.08667688,0.01714765,-4.5470765e-07,0.0030875206,0.0071134567,0.02197671,0.0430531,-0.04324022,-0.013778316,0.330375,0.17055671,1.0,,,,,,,,,,,,,,,,,,,,,,,,,,,,,,,,,,,,,,,,,,,
882.0,-0.019223960836994233,0.053168885409832,0.0004405975341796875,0.24073517322540283,0.0,0.26574165,0.15144739,0.9995594,0.0869507,0.017023979,-4.0894645e-07,0.0028054714,0.0073873997,0.022043467,-0.06912145,0.0642249,0.016507003,0.33075,0.1707376,1.0,,,,,,,,,,,,,,,,,,,,,,,,,,,,,,,,,,,,,,,,,,,
883.0,-0.019190338715247345,0.05318320915102959,0.0004405975341796875,0.24188120663166046,0.0,0.26610512,0.15151785,0.9995594,0.0872354,0.016912127,-4.6688743e-07,0.002980709,0.007203102,0.021987438,0.04305275,-0.043252483,-0.013778075,0.331125,0.17091845,1.0,,,,,,,,,,,,,,,,,,,,,,,,,,,,,,,,,,,,,,,,,,,
884.0,-0.019155328768882464,0.05319717526435852,0.0004405975341796875,0.24304312467575073,0.0,0.26646975,0.15158783,0.9995594,0.08751265,0.016792951,-4.1911946e-07,0.00269866,0.007477045,0.022053957,-0.06912037,0.06421465,0.016505376,0.3315,0.17109925,1.0,,,,,,,,,,,,,,,,,,,,,,,,,,,,,,,,,,,,,,,,,,,
885.0,-0.01912075259603007,0.053210776299238205,0.0004405975341796875,0.2442207932472229,0.0,0.2668356,0.15165736,0.9995594,0.087800786,0.016685594,-4.797547e-07,0.002874136,0.0072927475,0.021997929,0.043052405,-0.043264743,-0.013777826,0.331875,0.17128001,1.0,,,,,,,,,,,,,,,,,,,,,,,,,,,,,,,,,,,,,,,,,,,
886.0,-0.019084792298084362,0.05322400853037834,0.0004405975341796875,0.24541419744491577,0.0,0.2672026,0.1517264,0.9995594,0.08808147,0.016570909,-4.298981e-07,0.0025920868,0.0075666904,0.022064686,-0.0691193,0.0642044,0.016503742,0.33225,0.17146072,1.0,,,,,,,,,,,,,,,,,,,,,,,,,,,,,,,,,,,,,,,,,,,
887.0,-0.01904927296009919,0.053236860781908035,0.0004405975341796875,0.24662309885025024,0.0,0.26757082,0.15179501,0.9995594,0.08837303,0.016468043,-4.9324547e-07,0.0027673244,0.007382393,0.022008419,0.04305206,-0.043277,-0.013777571,0.332625,0.1716414,1.0,,,,,,,,,,,,,,,,,,,,,,,,,,,,,,,,,,,,,,,,,,,
888.0,-0.019012378435557187,0.053249381482601166,0.0004405975341796875,0.24784743785858154,0.0,0.26794022,0.15186317,0.9995594,0.08865714,0.01635785,-4.4129632e-07,0.0024855137,0.0076560974,0.022075176,-0.069118224,0.064194165,0.016502107,0.333,0.17182203,1.0,,,,,,,,,,,,,,,,,,,,,,,,,,,,,,,,,,,,,,,,,,,
889.0,-0.018975929734147214,0.05326148867607117,0.0004405975341796875,0.24908709526062012,0.0,0.26831084,0.15193091,0.9995594,0.088952124,0.016259475,-5.073553e-07,0.0026607513,0.0074718,0.022019148,0.043051716,-0.043289248,-0.013777309,0.333375,0.17200261,1.0,,,,,,,,,,,,,,,,,,,,,,,,,,,,,,,,,,,,,,,,,,,
890.0,-0.018938114261689773,0.0532732717692852,0.0004405975341796875,0.25034192204475403,0.0,0.2686827,0.15199822,0.9995594,0.08923966,0.01615377,-4.533142e-07,0.0023787022,0.0077455044,0.022085667,-0.06911715,0.064183936,0.016500467,0.33375,0.17218316,1.0,,,,,,,,,,,,,,,,,,,,,,,,,,,,,,,,,,,,,,,,,,,
891.0,-0.018900751700835102,0.0532846637070179,0.0004405975341796875,0.2516118288040161,0.0,0.26905575,0.15206514,0.9995594,0.08953806,0.01605988,-5.2208327e-07,0.0025541782,0.007561207,0.022029638,0.043051373,-0.043301497,-0.013777041,0.334125,0.17236365,1.0,,,,,,,,,,,,,,,,,,,,,,,,,,,,,,,,,,,,,,,,,,,
892.0,-0.018862024772340377,0.053295671939849854,0.0004405975341796875,0.252896785736084,0.0,0.26943004,0.15213163,0.9995594,0.089829005,0.015958661,-4.6595085e-07,0.002272129,0.007834911,0.022096157,-0.06911608,0.064173706,0.016498825,0.3345,0.1725441,1.0,,,,,,,,,,,,,,,,,,,,,,,,,,,,,,,,,,,,,,,,,,,
893.0,-0.018823758960259878,0.05330629274249077,0.0004405975341796875,0.25419655442237854,0.0,0.26980558,0.15219776,0.9995594,0.09013082,0.015869258,-5.3742843e-07,0.0024473667,0.007650614,0.022040129,0.04305103,-0.043313734,-0.013776765,0.334875,0.17272453,1.0,,,,,,,,,,,,,,,,,,,,,,,,,,,,,,,,,,,,,,,,,,,
894.0,-0.01878413233464162,0.05331655219197273,0.0004405975341796875,0.25551125407218933,0.0,0.27018237,0.15226348,0.99955934,0.09042518,0.015772523,-4.792056e-07,0.0021653175,0.007924318,0.022106647,-0.06911501,0.06416348,0.016497176,0.33525,0.1729049,1.0,,,,,,,,,,,,,,,,,,,,,,,,,,,,,,,,,,,,,,,,,,,
895.0,-0.018744971774344595,0.053326480090618134,0.0004405975341796875,0.2568405866622925,0.0,0.2705604,0.15232885,0.99955934,0.09073039,0.015687604,-3.694313e-07,0.0023407936,0.0077397823,0.02205062,0.043050688,-0.04332597,-0.013776482,0.335625,0.17308523,1.0,,,,,,,,,,,,,,,,,,,,,,,,,,,,,,,,,,,,,,,,,,,
896.0,-0.018704456547083102,0.05333597585558891,0.0004405975341796875,0.25818464159965515,0.0,0.27093968,0.15239382,0.99955934,0.091028154,0.01559535,-3.5230372e-07,0.0020587444,0.008013487,0.022117138,-0.06911394,0.06415327,0.016495526,0.336,0.1732655,1.0,,,,,,,,,,,,,,,,,,,,,,,,,,,,,,,,,,,,,,,,,,,
897.0,-0.01866440787951506,0.05334510654211044,0.00044062137021683156,0.2595432996749878,0.0,0.27132025,0.15245847,0.99955934,0.09133677,0.015514911,-4.190557e-07,0.0022342205,0.007828951,0.02206111,0.04305035,-0.043338202,-0.013776193,0.336375,0.17344575,1.0,,,,,,,,,,,,,,,,,,,,,,,,,,,,,,,,,,,,,,,,,,,
898.0,-0.018623010170705678,0.05335389822721481,0.00044062137021683156,0.26091647148132324,0.0,0.27170208,0.15252274,0.99955934,0.09163793,0.015427139,-3.5903392e-07,0.0019521713,0.008102417,0.022127628,-0.069112875,0.064143054,0.016493872,0.33675,0.17362595,1.0,,,,,,,,,,,,,,,,,,,,,,,,,,,,,,,,,,,,,,,,,,,
899.0,-0.018582083479769064,0.05336228013038635,0.00044062137021683156,0.2623040974140167,0.0,0.27208522,0.15258671,0.99955934,0.09194995,0.015351178,-4.3806892e-07,0.002127409,0.007917881,0.0220716,0.043050006,-0.043350425,-0.013775897,0.337125,0.1738061,1.0,,,,,,,,,,,,,,,,,,,,,,,,,,,,,,,,,,,,,,,,,,,
900.0,-0.01853980853565809,0.053370289504528046,0.00044062137021683156,0.2637062072753906,0.0,0.2724696,0.15265033,0.99955934,0.09225449,0.015267883,-3.737101e-07,0.0018453598,0.008191347,0.022138119,-0.06911181,0.064132854,0.016492214,0.3375,0.17398621,1.0,,,,,,,,,,,,,,,,,,,,,,,,,,,,,,,,,,,,,,,,,,,
901.0,-0.01849795929886095,0.053377918899059296,0.00044062137021683156,0.265122652053833,0.0,0.2728553,0.15271364,0.99955934,0.092569895,0.015196401,-4.5597523e-07,0.0020208359,0.008006811,0.02208209,0.04304967,-0.043362647,-0.0137755945,0.337875,0.17416628,1.0,,,,,,,,,,,,,,,,,,,,,,,,,,,,,,,,,,,,,,,,,,,
902.0,-0.018454764471262753,0.0533851683139801,0.00044062137021683156,0.26655346155166626,0.0,0.2732423,0.15277663,0.99955934,0.09287783,0.015117581,-3.8940496e-07,0.0017387867,0.008280277,0.02214861,-0.06911074,0.064122654,0.01649055,0.33825,0.17434631,1.0,,,,,,,,,,,,,,,,,,,,,,,,,,,,,,,,,,,,,,,,,,,
903.0,-0.018412041197183135,0.05339201167225838,0.00044062137021683156,0.26799866557121277,0.0,0.27363062,0.15283935,0.99955934,0.093196616,0.015050573,-4.743998e-07,0.0019140244,0.008095741,0.02209258,0.04304933,-0.043374863,-0.013775285,0.338625,0.17452629,1.0,,,,,,,,,,,,,,,,,,,,,,,,,,,,,,,,,,,,,,,,,,,
904.0,-0.018367976397542226,0.0533985011279583,0.00044062137021683156,0.2694580852985382,0.0,0.27402022,0.15290175,0.99955934,0.09350793,0.014976228,-4.0573593e-07,0.0016322136,0.008368969,0.022158861,-0.069109686,0.064112455,0.016488886,0.339,0.17470622,1.0,,,,,,,,,,,,,,,,,,,,,,,,,,,,,,,,,,,,,,,,,,,
905.0,-0.018324485696498596,0.05340459942817688,0.00044060946675017476,0.2709319293498993,0.0,0.2744112,0.15296389,0.99955934,0.093830094,0.014913691,-4.934315e-07,0.0018074512,0.008184433,0.022103071,0.043048996,-0.04338707,-0.013774969,0.339375,0.17488612,1.0,,,,,,,,,,,,,,,,,,,,,,,,,,,,,,,,,,,,,,,,,,,
906.0,-0.0182794549965598,0.05341032147407532,0.00044060946675017476,0.2724199593067169,0.0,0.27480346,0.15302573,0.99955934,0.094144784,0.014843818,-4.2268115e-07,0.0015254021,0.008457661,0.022169352,-0.06910862,0.06410227,0.016487217,0.33975,0.17506596,1.0,,,,,,,,,,,,,,,,,,,,,,,,,,,,,,,,,,,,,,,,,,,
907.0,-0.018235354153304798,0.05341564863920212,0.00044060946675017476,0.2739223539829254,0.0,0.2751971,0.15308735,0.99955934,0.094470315,0.014785753,-5.130743e-07,0.0017008781,0.008273125,0.022113323,0.04304866,-0.043399274,-0.0137746455,0.340125,0.17524578,1.0,,,,,,,,,,,,,,,,,,,,,,,,,,,,,,,,,,,,,,,,,,,
908.0,-0.018189449022408374,0.05342055484652519,0.00044060946675017476,0.2754390835762024,0.0,0.27559206,0.15314868,0.99955934,0.09478838,0.014720348,-4.4023875e-07,0.001418829,0.008546352,0.022179842,-0.06910756,0.064092085,0.016485544,0.3405,0.17542553,1.0,,,,,,,,,,,,,,,,,,,,,,,,,,,,,,,,,,,,,,,,,,,
909.0,-0.01814424857645718,0.05342511087656021,0.00044060946675017476,0.2769700884819031,0.0,0.27598837,0.15320979,0.99955934,0.09511728,0.014666751,-5.333278e-07,0.0015940666,0.008361578,0.022123814,0.043048326,-0.043411475,-0.013774316,0.340875,0.17560525,1.0,,,,,,,,,,,,,,,,,,,,,,,,,,,,,,,,,,,,,,,,,,,
910.0,-0.018097246846139028,0.0534292533993721,0.0004406333027873188,0.27851539850234985,0.0,0.27638602,0.15327065,0.99955934,0.0954387,0.014605814,-4.584077e-07,0.0013122559,0.008634806,0.022190094,-0.069106504,0.06408191,0.016483866,0.34125,0.17578493,1.0,,,,,,,,,,,,,,,,,,,,,,,,,,,,,,,,,,,,,,,,,,,
911.0,-0.018051178013247408,0.05343301221728325,0.0004406333027873188,0.2800750732421875,0.0,0.27678508,0.1533313,0.99955934,0.095770955,0.014556683,-5.5419116e-07,0.0014874935,0.008450031,0.022134304,0.043047994,-0.04342367,-0.013773979,0.341625,0.17596455,1.0,,,,,,,,,,,,,,,,,,,,,,,,,,,,,,,,,,,,,,,,,,,
912.0,-0.0180033050968319,0.053436439484357834,0.0004406333027873188,0.2816491425037384,0.0,0.27718547,0.15339172,0.99955934,0.09609574,0.01450021,-4.7718726e-07,0.0012056828,0.008723259,0.022200584,-0.06910545,0.06407173,0.016482186,0.342,0.17614414,1.0,,,,,,,,,,,,,,,,,,,,,,,,,,,,,,,,,,,,,,,,,,,
913.0,-0.017956365323247157,0.053439509123563766,0.0004406333027873188,0.2832375764846802,0.0,0.27758726,0.15345195,0.99955934,0.09643135,0.014455544,-5.7566353e-07,0.0013809204,0.008538485,0.022144556,0.043047663,-0.04343586,-0.013773636,0.342375,0.17632368,1.0,,,,,,,,,,,,,,,,,,,,,,,,,,,,,,,,,,,,,,,,,,,
914.0,-0.01790761787286174,0.05344221740961075,0.0004406333027873188,0.28484049439430237,0.0,0.27799043,0.15351197,0.99955934,0.09675948,0.014403535,-4.9657655e-07,0.0010988712,0.008811712,0.022210836,-0.06910439,0.06406156,0.016480502,0.34275,0.17650318,1.0,,,,,,,,,,,,,,,,,,,,,,,,,,,,,,,,,,,,,,,,,,,
915.0,-0.01785980277180643,0.053444575518369675,0.0004406333027873188,0.2864578068256378,0.0,0.278395,0.15357181,0.99955934,0.09709845,0.01436333,-5.9774413e-07,0.0012743473,0.008626699,0.022155046,0.04304733,-0.043448046,-0.013773286,0.343125,0.17668264,1.0,,,,,,,,,,,,,,,,,,,,,,,,,,,,,,,,,,,,,,,,,,,
916.0,-0.017809956335023164,0.05344663932919502,0.00044064520625397563,0.28808966279029846,0.0,0.27880096,0.15363146,0.99955934,0.09742992,0.014315782,-5.165748e-07,0.0009922981,0.008899927,0.022221088,-0.06910334,0.0640514,0.016478814,0.3435,0.17686205,1.0,,,,,,,,,,,,,,,,,,,,,,,,,,,,,,,,,,,,,,,,,,,
917.0,-0.01776122757876583,0.05344840884208679,0.00044064520625397563,0.2897360324859619,0.0,0.27920836,0.15369096,0.99955934,0.09777223,0.014280037,-6.204321e-07,0.0011675358,0.008714914,0.022165298,0.043047003,-0.043460224,-0.013772928,0.343875,0.17704141,1.0,,,,,,,,,,,,,,,,,,,,,,,,,,,,,,,,,,,,,,,,,,,
918.0,-0.017710688774033045,0.053449831902980804,0.00044064520625397563,0.29139700531959534,0.0,0.27961713,0.15375029,0.99955934,0.09810705,0.0142369475,-5.371812e-07,0.000885725,0.008987904,0.022231579,-0.06910229,0.06404124,0.016477123,0.34425,0.17722073,1.0,,,,,,,,,,,,,,,,,,,,,,,,,,,,,,,,,,,,,,,,,,,
919.0,-0.01766107663509174,0.05345100164413452,0.00044064520625397563,0.29307258129119873,0.0,0.28002736,0.15380947,0.99955934,0.098452695,0.014205661,-6.437267e-07,0.0010609627,0.008802891,0.02217555,0.043046672,-0.043472398,-0.013772565,0.344625,0.17740001,1.0,,,,,,,,,,,,,,,,,,,,,,,,,,,,,,,,,,,,,,,,,,,
920.0,-0.01760965211469302,0.05345194414258003,0.00044064520625397563,0.29476282000541687,0.0,0.280439,0.1538685,0.99955934,0.09879085,0.014167028,-5.5839496e-07,0.0007789135,0.0090761185,0.02224183,-0.06910123,0.06403109,0.016475428,0.345,0.17757924,1.0,,,,,,,,,,,,,,,,,,,,,,,,,,,,,,,,,,,,,,,,,,,
921.0,-0.017559149072482252,0.05345261096954346,0.00044064520625397563,0.2964678108692169,0.0,0.28085205,0.15392742,0.99955934,0.09913982,0.014140197,-6.6762703e-07,0.0009543896,0.008890867,0.02218604,0.043046348,-0.04348457,-0.013772194,0.345375,0.17775843,1.0,,,,,,,,,,,,,,,,,,,,,,,,,,,,,,,,,,,,,,,,,,,
922.0,-0.017506830240844286,0.05345303937792778,0.0004406571388244629,0.29818758368492126,0.0,0.28126657,0.1539862,0.99955934,0.0994813,0.0141060185,-5.802152e-07,0.0006723404,0.009164095,0.022252083,-0.06910018,0.06402095,0.01647373,0.34575,0.17793758,1.0,,,,,,,,,,,,,,,,,,,,,,,,,,,,,,,,,,,,,,,,,,,
923.0,-0.017455432737505182,0.053453195840120316,0.0004406571388244629,0.2999221384525299,0.0,0.28168255,0.15404488,0.9995593,0.0998336,0.014083641,-6.9213235e-07,0.00084757805,0.008978844,0.022196293,0.04304602,-0.043496735,-0.013771817,0.346125,0.17811668,1.0,,,,,,,,,,,,,,,,,,,,,,,,,,,,,,,,,,,,,,,,,,,
924.0,-0.017402215376083042,0.05345316603779793,0.0004406571388244629,0.3016715943813324,0.0,0.28209996,0.15410343,0.9995593,0.100178406,0.014053915,-4.1868375e-07,0.0005657673,0.009251833,0.022262335,-0.06909913,0.06401081,0.016472027,0.3465,0.17829573,1.0,,,,,,,,,,,,,,,,,,,,,,,,,,,,,,,,,,,,,,,,,,,
925.0,-0.017349916233963453,0.05345291644334793,0.0004406571388244629,0.30343592166900635,0.0,0.28251883,0.15416192,0.9995593,0.10053403,0.014035989,-5.764677e-07,0.00074100494,0.009066582,0.022206545,0.043045696,-0.043508895,-0.013771433,0.346875,0.17847474,1.0,,,,,,,,,,,,,,,,,,,,,,,,,,,,,,,,,,,,,,,,,,,
926.0,-0.017295793875187523,0.053452424705028534,0.0004406571388244629,0.3052152693271637,0.0,0.2829392,0.1542203,0.9995593,0.10088215,0.0140107125,-4.7476098e-07,0.00045919418,0.009339571,0.022272587,-0.069098085,0.064000666,0.016470319,0.34725,0.1786537,1.0,,,,,,,,,,,,,,,,,,,,,,,,,,,,,,,,,,,,,,,,,,,
927.0,-0.017242547040562207,0.05345182493329048,0.00044068097486160696,0.30700957775115967,0.0,0.28336102,0.15427862,0.9995593,0.10124108,0.013997235,-5.9442317e-07,0.00063443184,0.00915432,0.022216797,0.04304537,-0.043521047,-0.013771042,0.347625,0.17883262,1.0,,,,,,,,,,,,,,,,,,,,,,,,,,,,,,,,,,,,,,,,,,,
928.0,-0.017187479612758037,0.05345102399587631,0.00044068097486160696,0.3088189363479614,0.0,0.28378433,0.15433685,0.9995593,0.10159252,0.013976408,-5.0021697e-07,0.00035238266,0.009427309,0.022282839,-0.069097035,0.06399053,0.016468609,0.348,0.17901151,1.0,,,,,,,,,,,,,,,,,,,,,,,,,,,,,,,,,,,,,,,,,,,
929.0,-0.017132980444026183,0.053450070321559906,0.00044068097486160696,0.31064343452453613,0.0,0.28420913,0.15439504,0.9995593,0.10195476,0.013967378,-6.203111e-07,0.00052785873,0.009242058,0.022227049,0.043045048,-0.0435332,-0.0137706455,0.348375,0.17919034,1.0,,,,,,,,,,,,,,,,,,,,,,,,,,,,,,,,,,,,,,,,,,,
930.0,-0.017076630024044425,0.053448956459760666,0.00044068097486160696,0.3124831020832062,0.0,0.28463542,0.15445317,0.9995593,0.1023095,0.013950996,-5.245556e-07,0.00024580956,0.009515047,0.02229309,-0.06909599,0.06398041,0.016466895,0.34875,0.17936912,1.0,,,,,,,,,,,,,,,,,,,,,,,,,,,,,,,,,,,,,,,,,,,
931.0,-0.0170211674610473,0.0534476637840271,0.00044068097486160696,0.3143378794193268,0.0,0.28506324,0.15451129,0.9995593,0.10267504,0.013946411,-6.472047e-07,0.0004210472,0.009329557,0.0222373,0.043044724,-0.043545343,-0.013770241,0.349125,0.17954786,1.0,,,,,,,,,,,,,,,,,,,,,,,,,,,,,,,,,,,,,,,,,,,
932.0,-0.01696385025111304,0.05344625562429428,0.00044068097486160696,0.3162079155445099,0.0,0.28549254,0.15456934,0.9995593,0.10303309,0.0139344735,-5.4940193e-07,0.00013923645,0.009602547,0.022303343,-0.06909495,0.06397029,0.016465178,0.3495,0.17972656,1.0,,,,,,,,,,,,,,,,,,,,,,,,,,,,,,,,,,,,,,,,,,,
933.0,-0.016907278803946976,0.05344463512301445,0.00044068097486160696,0.3180931806564331,0.0,0.2859234,0.15462741,0.9995593,0.10340193,0.013934331,-6.7472143e-07,0.0003144741,0.009417057,0.022247553,0.043044403,-0.043557484,-0.013769831,0.349875,0.1799052,1.0,,,,,,,,,,,,,,,,,,,,,,,,,,,,,,,,,,,,,,,,,,,
934.0,-0.016848840309049415,0.053442876785993576,0.00044068097486160696,0.3199937641620636,0.0,0.28635573,0.15468544,0.9995593,0.10376326,0.013926835,-5.7484476e-07,3.2663345e-05,0.009689808,0.022313356,-0.069093905,0.06396018,0.016463457,0.35025,0.18008381,1.0,,,,,,,,,,,,,,,,,,,,,,,,,,,,,,,,,,,,,,,,,,,
935.0,-0.016791168886370725,0.05344092845916748,0.00044068097486160696,0.32190948724746704,0.0,0.28678963,0.15474348,0.9995593,0.104135394,0.013931134,-7.028396e-07,0.000207901,0.009504318,0.022257805,0.043044083,-0.043569617,-0.013769412,0.350625,0.18026239,1.0,,,,,,,,,,,,,,,,,,,,,,,,,,,,,,,,,,,,,,,,,,,
936.0,-0.016731499660042757,0.05343879386782646,0.00044068097486160696,0.323840469121933,0.0,0.28722504,0.15480152,0.9995593,0.10450002,0.013928077,-6.0088814e-07,-7.390976e-05,0.0094099045,0.022323608,-0.06713065,-0.024202075,0.016443403,0.351,0.1804409,1.0,,,,,,,,,,,,,,,,,,,,,,,,,,,,,,,,,,,,,,,,,,,
937.0,-0.016672976640426353,0.053436439484357834,0.00044068097486160696,0.3257865905761719,0.0,0.28766197,0.15485959,0.9995593,0.104860425,0.01393648,-5.8748634e-07,0.000101327896,0.008857012,0.022268057,0.04502146,-0.13171352,-0.013746982,0.351375,0.18061937,1.0,,,,,,,,,,,,,,,,,,,,,,,,,,,,,,,,,,,,,,,,,,,
938.0,-0.016612252595172326,0.053433943539857864,0.00044068097486160696,0.3277478516101837,0.0,0.2881003,0.15491766,0.9995593,0.10519831,0.01393719,-3.843297e-07,-0.00018072128,0.008762598,0.02233386,-0.06714181,-0.024170771,0.016401662,0.35175,0.1807978,1.0,,,,,,,,,,,,,,,,,,,,,,,,,,,,,,,,,,,,,,,,,,,
939.0,-0.01655287657443478,0.05343129113316536,0.0004406571388244629,0.3297243118286133,0.0,0.28854,0.15497579,0.9995593,0.10553199,0.013949359,-3.984664e-07,-5.2452087e-06,0.008209705,0.02227807,0.04503108,-0.13168375,-0.013705965,0.352125,0.18097618,1.0,,,,,,,,,,,,,,,,,,,,,,,,,,,,,,,,,,,,,,,,,,,
940.0,-0.016491201436419946,0.05342841148376465,0.0004406571388244629,0.33171582221984863,0.0,0.28898102,0.15503392,0.9995593,0.10584316,0.013953835,-2.0275051e-07,-0.0002872944,0.00811553,0.022344112,-0.06715294,-0.024139488,0.016359923,0.3525,0.18115452,1.0,,,,,,,,,,,,,,,,,,,,,,,,,,,,,,,,,,,,,,,,,,,
941.0,-0.016430880528630953,0.05342536419630051,0.0004406571388244629,0.33372238278388977,0.0,0.28942332,0.15509214,0.9995593,0.106150135,0.013969769,-2.1891398e-07,-0.00011181831,0.0075628757,0.02228856,0.045040663,-0.131654,-0.013664959,0.352875,0.18133281,1.0,,,,,,,,,,,,,,,,,,,,,,,,,,,,,,,,,,,,,,,,,,,
942.0,-0.01636826391972136,0.05342216417193413,0.0004406571388244629,0.33574390411376953,0.0,0.2898668,0.15515037,0.9995593,0.10643461,0.013978008,-3.661489e-08,-0.0003938675,0.0074687004,0.022354364,-0.06716403,-0.024108222,0.016318189,0.35325,0.18151104,1.0,,,,,,,,,,,,,,,,,,,,,,,,,,,,,,,,,,,,,,,,,,,
943.0,-0.01630700463259564,0.053418803960084915,0.0004406571388244629,0.3377804160118103,0.0,0.29031143,0.15520869,0.9995593,0.10671491,0.013997706,-5.3394306e-08,-0.00021839142,0.0069162846,0.022298813,0.04505022,-0.13162425,-0.013623962,0.353625,0.18168925,1.0,,,,,,,,,,,,,,,,,,,,,,,,,,,,,,,,,,,,,,,,,,,
944.0,-0.0162434471398301,0.05341522768139839,0.0004406571388244629,0.33983179926872253,0.0,0.29075715,0.15526706,0.9995593,0.10697272,0.014009708,1.1516957e-07,-0.000500679,0.006822109,0.022364616,-0.067175105,-0.024076974,0.01627646,0.354,0.1818674,1.0,,,,,,,,,,,,,,,,,,,,,,,,,,,,,,,,,,,,,,,,,,,
945.0,-0.016181262857996627,0.05341147258877754,0.0004406571388244629,0.34189796447753906,0.0,0.29120395,0.15532553,0.9995593,0.10722636,0.014033166,9.785689e-08,-0.00032520294,0.0062696934,0.022309303,0.045059744,-0.13159451,-0.013582977,0.354375,0.18204552,1.0,,,,,,,,,,,,,,,,,,,,,,,,,,,,,,,,,,,,,,,,,,,
946.0,-0.016117120289184095,0.053407587110996246,0.0004406571388244629,0.3439788818359375,0.0,0.29165167,0.15538408,0.9995593,0.107457526,0.014048929,2.526788e-07,-0.0006072521,0.0061757565,0.022375107,-0.06718615,-0.024045745,0.016234733,0.35475,0.18222357,1.0,,,,,,,,,,,,,,,,,,,,,,,,,,,,,,,,,,,,,,,,,,,
947.0,-0.016053871107555462,0.053403545171022415,0.0004406571388244629,0.3460744619369507,0.0,0.29210037,0.15544273,0.9995593,0.10768454,0.014076147,2.3484237e-07,-0.00043177605,0.006266117,0.022319555,0.04161805,0.022625443,-0.01363565,0.355125,0.1824016,1.0,,,,,,,,,,,,,,,,,,,,,,,,,,,,,,,,,,,,,,,,,,,
948.0,-0.01598881729462373,0.05339925363659859,0.0004406571388244629,0.34818464517593384,0.0,0.29255,0.15550146,0.9995593,0.10791534,0.014096256,2.1977486e-07,-0.0007138252,0.005898237,0.022385597,-0.06571008,-0.08977914,0.016264621,0.3555,0.18257958,1.0,,,,,,,,,,,,,,,,,,,,,,,,,,,,,,,,,,,,,,,,,,,
949.0,-0.015924664539087828,0.053394865244627,0.00044064520625397563,0.350309282541275,0.0,0.29300055,0.15556033,0.9995593,0.1081308,0.014127567,3.0816562e-07,-0.00053834915,0.0059888363,0.022329807,0.0416341,0.022634497,-0.013627099,0.355875,0.1827575,1.0,,,,,,,,,,,,,,,,,,,,,,,,,,,,,,,,,,,,,,,,,,,
950.0,-0.0158587124971491,0.053390342742204666,0.00044064520625397563,0.35244834423065186,0.0,0.293452,0.1556193,0.9995593,0.10835005,0.014151767,2.6994132e-07,-0.00082039833,0.0056209564,0.02239585,-0.065701164,-0.08976826,0.016254421,0.35625,0.18293537,1.0,,,,,,,,,,,,,,,,,,,,,,,,,,,,,,,,,,,,,,,,,,,
951.0,-0.015793670348183516,0.053385596722364426,0.00044064520625397563,0.3546016216278076,0.0,0.2939043,0.1556784,0.9995593,0.10855396,0.014187166,3.583584e-07,-0.00064468384,0.005711317,0.02234006,0.04165014,0.02264355,-0.013618542,0.356625,0.18311322,1.0,,,,,,,,,,,,,,,,,,,,,,,,,,,,,,,,,,,,,,,,,,,
952.0,-0.015726834728399263,0.05338071659207344,0.00044064520625397563,0.3567691445350647,0.0,0.29435748,0.15573764,0.9995593,0.10876168,0.014215449,3.2191096e-07,-0.000926733,0.0053436756,0.02240634,-0.06569225,-0.0897574,0.016244221,0.357,0.183291,1.0,,,,,,,,,,,,,,,,,,,,,,,,,,,,,,,,,,,,,,,,,,,
953.0,-0.015660917324804905,0.05337565019726753,0.00044064520625397563,0.3589506447315216,0.0,0.29481146,0.15579703,0.9995593,0.10895406,0.014254929,4.0450433e-07,-0.0007510185,0.0054340363,0.02235055,0.04166617,0.0226526,-0.013609979,0.357375,0.18346874,1.0,,,,,,,,,,,,,,,,,,,,,,,,,,,,,,,,,,,,,,,,,,,
954.0,-0.015593216472341012,0.053370457142591476,0.00044064520625397563,0.36114612221717834,0.0,0.29526627,0.15585656,0.9995593,0.10915024,0.014287289,3.712076e-07,-0.0010330677,0.005066395,0.022416592,-0.06568334,-0.089746535,0.016234023,0.35775,0.18364644,1.0,,,,,,,,,,,,,,,,,,,,,,,,,,,,,,,,,,,,,,,,,,,
955.0,-0.015526440543755602,0.0533650703728199,0.00044064520625397563,0.3633553683757782,0.0,0.2957218,0.15591627,0.9995593,0.109331094,0.014330843,4.476585e-07,-0.0008573532,0.0051567554,0.022360802,0.04168219,0.022661647,-0.013601411,0.358125,0.18382409,1.0,,,,,,,,,,,,,,,,,,,,,,,,,,,,,,,,,,,,,,,,,,,
956.0,-0.01545791929817133,0.053359538316726685,0.00044064520625397563,0.36557823419570923,0.0,0.29617813,0.15597613,0.9995593,0.10951576,0.014367276,4.1758764e-07,-0.001139164,0.004789114,0.022427082,-0.06567443,-0.08973568,0.016223826,0.3585,0.1840017,1.0,,,,,,,,,,,,,,,,,,,,,,,,,,,,,,,,,,,,,,,,,,,
957.0,-0.015390278990630762,0.05335382744669914,0.00044064520625397563,0.3678146302700043,0.0,0.29663515,0.1560362,0.9995593,0.109685086,0.014414898,4.8788223e-07,-0.0009634495,0.004879713,0.022371292,0.041698202,0.022670692,-0.013592838,0.358875,0.18417926,1.0,,,,,,,,,,,,,,,,,,,,,,,,,,,,,,,,,,,,,,,,,,,
958.0,-0.015321946799552826,0.05334799364209175,0.00044064520625397563,0.37006431818008423,0.0,0.29709288,0.15609643,0.9995593,0.10985824,0.014455396,4.6104086e-07,-0.0012452602,0.0045120716,0.022437572,-0.06566552,-0.08972484,0.016213628,0.35925,0.18435678,1.0,,,,,,,,,,,,,,,,,,,,,,,,,,,,,,,,,,,,,,,,,,,
959.0,-0.015253330846458269,0.05334196612238884,0.00044064520625397563,0.37232717871665955,0.0,0.29755127,0.15615688,0.9995593,0.110016055,0.01450708,5.251821e-07,-0.0010695457,0.0046026707,0.022381783,0.041714203,0.022679735,-0.01358426,0.359625,0.18453425,1.0,,,,,,,,,,,,,,,,,,,,,,,,,,,,,,,,,,,,,,,,,,,
960.0,-0.01518449821701361,0.05333574488759041,0.00044062137021683156,0.3746030330657959,0.0,0.29801035,0.1562175,0.9995593,0.1101777,0.014551638,5.0156984e-07,-0.0013513565,0.004235029,0.022448063,-0.06565662,-0.089714,0.016203431,0.36,0.18471166,1.0,,,,,,,,,,,,,,,,,,,,,,,,,,,,,,,,,,,,,,,,,,,
961.0,-0.015115033022384889,0.053329408168792725,0.00044062137021683156,0.37689176201820374,0.0,0.29847005,0.15627837,0.9995593,0.11032403,0.014607378,5.595616e-07,-0.0011754036,0.0043256283,0.022392035,0.041730195,0.022688776,-0.013575676,0.360375,0.18488905,1.0,,,,,,,,,,,,,,,,,,,,,,,,,,,,,,,,,,,,,,,,,,,
962.0,-0.015045708313228535,0.053322892636060715,0.00044062137021683156,0.3791930675506592,0.0,0.29893035,0.15633944,0.9995593,0.110474184,0.014655989,5.3917796e-07,-0.0014572144,0.0039582253,0.022458553,-0.065647714,-0.089703165,0.016193235,0.36075,0.18506637,1.0,,,,,,,,,,,,,,,,,,,,,,,,,,,,,,,,,,,,,,,,,,,
963.0,-0.01497528528340481,0.05331624671816826,0.00044062137021683156,0.38150689005851746,0.0,0.2993912,0.15640076,0.9995593,0.11060902,0.01471578,5.9102405e-07,-0.0012812614,0.0040488243,0.022402525,0.04174618,0.022697814,-0.013567086,0.361125,0.18524367,1.0,,,,,,,,,,,,,,,,,,,,,,,,,,,,,,,,,,,,,,,,,,,
964.0,-0.014905491114191686,0.05330939218401909,0.00044062137021683156,0.3838329315185547,0.0,0.29985267,0.1564623,0.9995593,0.11074768,0.014768437,5.7386853e-07,-0.0015630722,0.0036814213,0.022469044,-0.06563882,-0.08969234,0.01618304,0.3615,0.1854209,1.0,,,,,,,,,,,,,,,,,,,,,,,,,,,,,,,,,,,,,,,,,,,
965.0,-0.014833990338417063,0.05330241844058037,0.00044062137021683156,0.38617104291915894,0.0,0.30031464,0.15652409,0.9995593,0.11087103,0.01483227,6.195729e-07,-0.0013868809,0.0037720203,0.022413254,0.04176215,0.02270685,-0.013558491,0.361875,0.18559809,1.0,,,,,,,,,,,,,,,,,,,,,,,,,,,,,,,,,,,,,,,,,,,
966.0,-0.014763238854013618,0.05329534411430359,0.00044060946675017476,0.3885209560394287,0.0,0.30077714,0.15658613,0.9995593,0.11099823,0.014888968,6.056448e-07,-0.0016686916,0.0034046173,0.022479534,-0.06562992,-0.08968152,0.016172843,0.36225,0.18577524,1.0,,,,,,,,,,,,,,,,,,,,,,,,,,,,,,,,,,,,,,,,,,,
967.0,-0.014690752549505127,0.053288064897060394,0.00044060946675017476,0.3908824920654297,0.0,0.3012401,0.15664844,0.99955934,0.111110106,0.014956839,6.4521146e-07,-0.0014925003,0.0034952164,0.022423744,0.041778114,0.022715881,-0.013549891,0.362625,0.18595234,1.0,,,,,,,,,,,,,,,,,,,,,,,,,,,,,,,,,,,,,,,,,,,
968.0,-0.014619335468742795,0.05328071862459183,0.00044060946675017476,0.39325544238090515,0.0,0.3017035,0.15671103,0.99955934,0.11122583,0.015017572,4.5054654e-07,-0.0017743111,0.0031278133,0.022490025,-0.065621026,-0.08967071,0.016162649,0.363,0.18612938,1.0,,,,,,,,,,,,,,,,,,,,,,,,,,,,,,,,,,,,,,,,,,,
969.0,-0.014546685025982154,0.053273238241672516,0.00044060946675017476,0.3956395983695984,0.0,0.3021674,0.1567739,0.99955934,0.11132625,0.015089475,5.2717235e-07,-0.0015981197,0.0032186508,0.022434235,0.04179407,0.022724912,-0.013541285,0.363375,0.18630639,1.0,,,,,,,,,,,,,,,,,,,,,,,,,,,,,,,,,,,,,,,,,,,
970.0,-0.014474480497988409,0.05326563119888306,0.00044060946675017476,0.39803460240364075,0.0,0.30263168,0.15683703,0.99955934,0.11143052,0.015154235,5.0955606e-07,-0.0018796921,0.0028512478,0.022500753,-0.06561214,-0.0896599,0.016152453,0.36375,0.18648334,1.0,,,,,,,,,,,,,,,,,,,,,,,,,,,,,,,,,,,,,,,,,,,
971.0,-0.014401697323714328,0.05325790122151375,0.00044060946675017476,0.40044036507606506,0.0,0.30309635,0.1569005,0.99955934,0.11151948,0.015230163,5.392399e-07,-0.0017035007,0.0029420853,0.022444725,0.041810013,0.02273394,-0.013532674,0.364125,0.18666026,1.0,,,,,,,,,,,,,,,,,,,,,,,,,,,,,,,,,,,,,,,,,,,
972.0,-0.014328662094562608,0.053250063210725784,0.00044060946675017476,0.4028565585613251,0.0,0.3035614,0.15696424,0.99955934,0.1116123,0.015298945,5.344317e-07,-0.001985073,0.0025749207,0.022511244,-0.06560325,-0.0896491,0.01614226,0.3645,0.18683712,1.0,,,,,,,,,,,,,,,,,,,,,,,,,,,,,,,,,,,,,,,,,,,
973.0,-0.014255773124616827,0.05324215441942215,0.00044060946675017476,0.40528300404548645,0.0,0.30402678,0.15702832,0.99955934,0.11168982,0.015378892,5.557397e-07,-0.0018088818,0.0026655197,0.022455454,0.041825946,0.022742966,-0.013524058,0.364875,0.18701394,1.0,,,,,,,,,,,,,,,,,,,,,,,,,,,,,,,,,,,,,,,,,,,
974.0,-0.014182166849520584,0.05323408171534538,0.00044060946675017476,0.4077194035053253,0.0,0.30449247,0.1570927,0.99955934,0.111771196,0.015451691,5.546848e-07,-0.002090454,0.002298355,0.022521973,-0.06559436,-0.08963831,0.016132066,0.36525,0.18719071,1.0,,,,,,,,,,,,,,,,,,,,,,,,,,,,,,,,,,,,,,,,,,,
975.0,-0.014108723116850888,0.05322594568133354,0.00044060946675017476,0.4101655185222626,0.0,0.30495846,0.15715744,0.99955934,0.11183728,0.01553565,5.697466e-07,-0.0019140244,0.0023891926,0.022465944,0.041841872,0.022751989,-0.013515436,0.365625,0.18736744,1.0,,,,,,,,,,,,,,,,,,,,,,,,,,,,,,,,,,,,,,,,,,,
976.0,-0.014034575242892611,0.053217701613903046,0.00044060946675017476,0.4126211702823639,0.0,0.30542475,0.15722248,0.99955934,0.11190723,0.015612459,5.7194535e-07,-0.0021955967,0.002022028,0.022532463,-0.06558548,-0.08962753,0.016121872,0.366,0.1875441,1.0,,,,,,,,,,,,,,,,,,,,,,,,,,,,,,,,,,,,,,,,,,,
977.0,-0.013960604378650899,0.05320937559008598,0.00044060946675017476,0.4150860607624054,0.0,0.30589125,0.15728791,0.99955934,0.11196189,0.015700424,5.808821e-07,-0.002019167,0.0021128654,0.022476673,0.04185779,0.02276101,-0.013506809,0.366375,0.18772075,1.0,,,,,,,,,,,,,,,,,,,,,,,,,,,,,,,,,,,,,,,,,,,
978.0,-0.013885944345664758,0.053200989961624146,0.0004405975341796875,0.41755998134613037,0.0,0.306358,0.15735365,0.99955934,0.11202042,0.015781237,5.863064e-07,-0.0023007393,0.0017457008,0.022543192,-0.0655766,-0.089616746,0.01611168,0.36675,0.18789732,1.0,,,,,,,,,,,,,,,,,,,,,,,,,,,,,,,,,,,,,,,,,,,
979.0,-0.01381147720915033,0.05319250375032425,0.0004405975341796875,0.42004263401031494,0.0,0.30682495,0.1574198,0.99955934,0.112063654,0.015873203,5.891284e-07,-0.0021240711,0.0018367767,0.022487402,0.041873693,0.022770029,-0.013498177,0.367125,0.18807386,1.0,,,,,,,,,,,,,,,,,,,,,,,,,,,,,,,,,,,,,,,,,,,
980.0,-0.013736336347753241,0.05318395420908928,0.00044057369814254344,0.4225338101387024,0.0,0.30729207,0.15748629,0.99955934,0.11211077,0.015958013,5.9777614e-07,-0.0024056435,0.0014696121,0.02255392,-0.06556772,-0.08960597,0.016101487,0.3675,0.18825035,1.0,,,,,,,,,,,,,,,,,,,,,,,,,,,,,,,,,,,,,,,,,,,
981.0,-0.0136614060562526,0.05317535251379013,0.00044057369814254344,0.4250331521034241,0.0,0.30775934,0.15755318,0.99955934,0.11214261,0.016053975,5.9448763e-07,-0.0022289753,0.0015604496,0.022497892,0.04188959,0.022779044,-0.013489539,0.367875,0.1884268,1.0,,,,,,,,,,,,,,,,,,,,,,,,,,,,,,,,,,,,,,,,,,,
982.0,-0.01358581633099748,0.053166646510362625,0.00044057369814254344,0.42754054069519043,0.0,0.30822673,0.15762044,0.99955934,0.11217832,0.016142776,6.063582e-07,-0.0025105476,0.0011935234,0.02256465,-0.06555884,-0.089595206,0.016091296,0.36825,0.1886032,1.0,,,,,,,,,,,,,,,,,,,,,,,,,,,,,,,,,,,,,,,,,,,
983.0,-0.013510527417704,0.05315791442990303,0.00044057369814254344,0.4300556480884552,0.0,0.30869424,0.15768813,0.99955934,0.112198755,0.016242726,5.9696305e-07,-0.0023338795,0.0012843609,0.022508621,0.041905478,0.022788057,-0.013480895,0.368625,0.18877955,1.0,,,,,,,,,,,,,,,,,,,,,,,,,,,,,,,,,,,,,,,,,,,
984.0,-0.013434443903721695,0.05314915254712105,0.00044057369814254344,0.4325781762599945,0.0,0.30916184,0.15775618,0.99955934,0.11222307,0.016335512,6.1205577e-07,-0.0026152134,0.0009174347,0.022575378,-0.06554997,-0.08958445,0.016081104,0.369,0.18895584,1.0,,,,,,,,,,,,,,,,,,,,,,,,,,,,,,,,,,,,,,,,,,,
985.0,-0.013359041160804918,0.053140319883823395,0.00044057369814254344,0.43510791659355164,0.0,0.30962947,0.15782468,0.99955934,0.11223211,0.016439443,5.965579e-07,-0.0024385452,0.0010085106,0.02251935,0.041921355,0.022797069,-0.013472247,0.369375,0.1891321,1.0,,,,,,,,,,,,,,,,,,,,,,,,,,,,,,,,,,,,,,,,,,,
986.0,-0.013282561652291771,0.05313149839639664,0.00044057369814254344,0.4376446008682251,0.0,0.31009716,0.15789358,0.99955934,0.112245046,0.016536208,6.1487225e-07,-0.0027198792,0.0006415844,0.022586107,-0.065541096,-0.089573696,0.016070914,0.36975,0.1893083,1.0,,,,,,,,,,,,,,,,,,,,,,,,,,,,,,,,,,,,,,,,,,,
987.0,-0.01327567027409241,0.05312264710664749,0.00044057369814254344,0.43787968158721924,0.0,0.31056485,0.15796293,0.99955934,0.11224271,0.016644116,5.932756e-07,-0.002543211,0.0007326603,0.022530079,0.041937225,0.022806078,-0.013463593,0.370125,0.18948446,1.0,,,,,,,,,,,,,,,,,,,,,,,,,,,,,,,,,,,,,,,,,,,
988.0,-0.013310188614554502,0.05311372131109238,0.00044057369814254344,0.4367043077945709,0.0,0.3110325,0.1580327,0.99955934,0.11224427,0.016744854,6.1481086e-07,-0.002824545,0.0003657341,0.022596836,-0.06553223,-0.08956295,0.016060725,0.3705,0.18966058,1.0,,,,,,,,,,,,,,,,,,,,,,,,,,,,,,,,,,,,,,,,,,,
989.0,-0.013345238927104219,0.0531047098338604,0.00044057369814254344,0.4355289936065674,0.0,0.31150013,0.15810294,0.99955934,0.11223056,0.016856732,5.8711925e-07,-0.0026476383,0.00045681,0.022541046,0.04195308,0.022815084,-0.013454934,0.370875,0.18983664,1.0,,,,,,,,,,,,,,,,,,,,,,,,,,,,,,,,,,,,,,,,,,,
990.0,-0.013379399563330665,0.05309572070837021,0.00044057369814254344,0.43435364961624146,0.0,0.31196773,0.15817362,0.99955934,0.11222075,0.016961439,6.118749e-07,-0.0029289722,8.9883804e-05,0.022607803,-0.06552336,-0.089552216,0.016050534,0.37125,0.19001266,1.0,,,,,,,,,,,,,,,,,,,,,,,,,,,,,,,,,,,,,,,,,,,
991.0,-0.01341464933917014,0.05308661609888077,0.0004405617655720562,0.43317827582359314,0.0,0.3124352,0.15824477,0.99955934,0.112195686,0.017077278,5.780923e-07,-0.0027520657,0.0001809597,0.022551775,0.04196893,0.022824088,-0.01344627,0.371625,0.19018863,1.0,,,,,,,,,,,,,,,,,,,,,,,,,,,,,,,,,,,,,,,,,,,
992.0,-0.013448737046621684,0.05307749658823013,0.0004405617655720562,0.4320027530193329,0.0,0.3129026,0.15831637,0.9995594,0.11217452,0.017185945,6.060676e-07,-0.0030333996,-0.00018596649,0.022618532,-0.0655145,-0.08954148,0.016040346,0.372,0.19036455,1.0,,,,,,,,,,,,,,,,,,,,,,,,,,,,,,,,,,,,,,,,,,,
993.0,-0.01348419061878158,0.05306829884648323,0.0004405617655720562,0.4308270812034607,0.0,0.31336984,0.15838848,0.9995594,0.11213809,0.017305745,3.8223374e-07,-0.0028562546,-9.4652176e-05,0.022562504,0.04198477,0.022833088,-0.0134376,0.372375,0.19054043,1.0,,,,,,,,,,,,,,,,,,,,,,,,,,,,,,,,,,,,,,,,,,,
994.0,-0.013518304184247973,0.05305905267596245,0.0004405617655720562,0.4296512007713318,0.0,0.31383696,0.15846106,0.9995594,0.11210558,0.017418366,4.5662196e-07,-0.0031375885,-0.00046157837,0.0226295,-0.06550564,-0.08953076,0.016030157,0.37275,0.19071625,1.0,,,,,,,,,,,,,,,,,,,,,,,,,,,,,,,,,,,,,,,,,,,
995.0,-0.013553790014358674,0.05304976552724838,0.0004405617655720562,0.428475022315979,0.0,0.31430387,0.15853415,0.9995594,0.11205781,0.017542116,4.0052717e-07,-0.0029604435,-0.00037026405,0.022573471,0.0420006,0.022842087,-0.013428925,0.373125,0.19089204,1.0,,,,,,,,,,,,,,,,,,,,,,,,,,,,,,,,,,,,,,,,,,,
996.0,-0.013588584063947931,0.053040407598018646,0.0004405617655720562,0.42729851603507996,0.0,0.31477058,0.15860774,0.9995594,0.11201396,0.017658686,4.3732146e-07,-0.0032417774,-0.0007369518,0.022640228,-0.06549678,-0.08952004,0.016019968,0.3735,0.19106777,1.0,,,,,,,,,,,,,,,,,,,,,,,,,,,,,,,,,,,,,,,,,,,
997.0,-0.013624119049014557,0.053030990064144135,0.0004405617655720562,0.4261215925216675,0.0,0.31523708,0.15868184,0.9995594,0.11195486,0.017786384,3.8472976e-07,-0.0030646324,-0.00064587593,0.0225842,0.04201642,0.022851083,-0.013420244,0.373875,0.19124345,1.0,,,,,,,,,,,,,,,,,,,,,,,,,,,,,,,,,,,,,,,,,,,
998.0,-0.013659238205797012,0.05302156135439873,0.0004405617655720562,0.42494428157806396,0.0,0.3157033,0.15875645,0.9995594,0.111899674,0.017906895,4.2249204e-07,-0.003345728,-0.0010125637,0.022651196,-0.06548793,-0.08950933,0.01600978,0.37425,0.19141908,1.0,,,,,,,,,,,,,,,,,,,,,,,,,,,,,,,,,,,,,,,,,,,
999.0,-0.013694821389414576,0.053012050688266754,0.0004405617655720562,0.42376649379730225,0.0,0.31616926,0.15883161,0.9995594,0.11182924,0.018038532,3.6435307e-07,-0.003168583,-0.0009212494,0.022595167,0.04203223,0.022860078,-0.013411558,0.374625,0.19159468,1.0,,,,,,,,,,,,,,,,,,,,,,,,,,,,,,,,,,,,,,,,,,,
1000.0,-0.013729781171701327,0.05300252512097359,0.0004405617655720562,0.42258813977241516,0.0,0.31663495,0.1589073,0.9995594,0.11176274,0.01816298,4.052086e-07,-0.0034496784,-0.0012879372,0.022662163,-0.06547908,-0.089498624,0.015999593,0.375,0.19177021,1.0,,,,,,,,,,,,,,,,,,,,,,,,,,,,,,,,,,,,,,,,,,,
1001.0,-0.013765224667832084,0.05299292132258415,0.0004405617655720562,0.4214091897010803,0.0,0.3171003,0.15898354,0.9995594,0.11168099,0.01829855,3.4102706e-07,-0.0032725334,-0.0011966228,0.022606134,0.04204803,0.02286907,-0.013402867,0.375375,0.1919457,1.0,,,,,,,,,,,,,,,,,,,,,,,,,,,,,,,,,,,,,,,,,,,
1002.0,-0.013800275592018445,0.05298328399658203,0.0004405617655720562,0.42022964358329773,0.0,0.3175653,0.15906031,0.9995594,0.11160317,0.01842693,3.850924e-07,-0.003553629,-0.0015630722,0.02267313,-0.065470226,-0.089487925,0.015989406,0.37575,0.19212115,1.0,,,,,,,,,,,,,,,,,,,,,,,,,,,,,,,,,,,,,,,,,,,
1003.0,-0.0138358136438299,0.05297363921999931,0.0004405617655720562,0.4190494418144226,0.0,0.3180299,0.15913768,0.9995594,0.11151012,0.018566428,3.1484464e-07,-0.0033762455,-0.0014717579,0.022617102,0.04206382,0.022878058,-0.01339417,0.376125,0.19229655,1.0,,,,,,,,,,,,,,,,,,,,,,,,,,,,,,,,,,,,,,,,,,,
1004.0,-0.01387155818005122,0.05296395346522331,0.0004405617655720562,0.4178684949874878,0.0,0.31849417,0.15921558,0.9995594,0.111421,0.018698731,3.621257e-07,-0.003657341,-0.0018384457,0.022684097,-0.06546138,-0.08947723,0.01597922,0.3765,0.19247189,1.0,,,,,,,,,,,,,,,,,,,,,,,,,,,,,,,,,,,,,,,,,,,
1005.0,-0.01390714000904118,0.05295426771044731,0.0004405617655720562,0.41668689250946045,0.0,0.31895798,0.1592941,0.9995594,0.11131664,0.01884215,2.85814e-07,-0.0034799576,-0.0017468929,0.022628069,0.042079605,0.022887046,-0.013385469,0.376875,0.1926472,1.0,,,,,,,,,,,,,,,,,,,,,,,,,,,,,,,,,,,,,,,,,,,
1006.0,-0.01394316493371225,0.05294457823038101,0.0004405617655720562,0.41550448536872864,0.0,0.3194214,0.15937318,0.9995594,0.11121623,0.018978372,3.3631048e-07,-0.003761053,-0.0021135807,0.022695065,-0.06545253,-0.08946655,0.015969034,0.37725,0.19282246,1.0,,,,,,,,,,,,,,,,,,,,,,,,,,,,,,,,,,,,,,,,,,,
1007.0,-0.013978602916946695,0.05293493717908859,0.0004405617655720562,0.41432130336761475,0.0,0.31988433,0.15945286,0.9995594,0.11110059,0.019125706,2.539387e-07,-0.0035834312,-0.002022028,0.022639036,0.042095378,0.02289603,-0.013376762,0.377625,0.19299765,1.0,,,,,,,,,,,,,,,,,,,,,,,,,,,,,,,,,,,,,,,,,,,
1008.0,-0.014014555205077342,0.05292531102895737,0.0004405379295349121,0.41313740611076355,0.0,0.32034677,0.15953314,0.9995594,0.110988885,0.019265842,3.076499e-07,-0.0038645267,-0.0020685196,0.02270484,-0.067182034,-0.012658915,0.015683573,0.378,0.19317281,1.0,,,,,,,,,,,,,,,,,,,,,,,,,,,,,,,,,,,,,,,,,,,
1009.0,-0.014050069266166976,0.052915655076503754,0.0004405379295349121,0.41195276379585266,0.0,0.32080874,0.15961404,0.9995594,0.11087504,0.01941738,2.4837945e-07,-0.0036871433,-0.0016570091,0.02264762,0.040358886,0.09968363,-0.013678359,0.378375,0.19334792,1.0,,,,,,,,,,,,,,,,,,,,,,,,,,,,,,,,,,,,,,,,,,,
1010.0,-0.014086094320356646,0.052906036376953125,0.0004405379295349121,0.410767525434494,0.0,0.32127032,0.15969555,0.9995594,0.11077821,0.019562017,3.2102264e-07,-0.0039680004,-0.0017035007,0.022713423,-0.06716491,-0.012683826,0.015709035,0.37875,0.19352297,1.0,,,,,,,,,,,,,,,,,,,,,,,,,,,,,,,,,,,,,,,,,,,
1011.0,-0.014121679456175481,0.052896350622177124,0.0004405379295349121,0.40958163142204285,0.0,0.32173148,0.15977772,0.9995594,0.11067924,0.019718055,2.5681408e-07,-0.0037903786,-0.0012922287,0.022656202,0.04036441,0.09965634,-0.013704427,0.379125,0.19369799,1.0,,,,,,,,,,,,,,,,,,,,,,,,,,,,,,,,,,,,,,,,,,,
1012.0,-0.01415777338182743,0.052886735647916794,0.0004405379295349121,0.4083952307701111,0.0,0.3221923,0.15986049,0.9995594,0.110597275,0.019867184,3.252277e-07,-0.004071474,-0.0013387203,0.022722006,-0.067147784,-0.012708724,0.015734475,0.3795,0.19387294,1.0,,,,,,,,,,,,,,,,,,,,,,,,,,,,,,,,,,,,,,,,,,,
1013.0,-0.014193421887185833,0.05287707969546318,0.0004405379295349121,0.4072083532810211,0.0,0.3226528,0.15994394,0.9995594,0.11051315,0.020027712,2.6152344e-07,-0.0038938522,-0.0009276867,0.022664547,0.040369924,0.09962907,-0.013730477,0.379875,0.19404787,1.0,,,,,,,,,,,,,,,,,,,,,,,,,,,,,,,,,,,,,,,,,,,
1014.0,-0.01422957806297418,0.05286736413836479,0.0004405379295349121,0.40602102875709534,0.0,0.32311296,0.16002803,0.9995594,0.11044603,0.02018133,3.2443634e-07,-0.0041747093,-0.00097441673,0.022730589,-0.06713066,-0.012733607,0.015759896,0.38025,0.19422273,1.0,,,,,,,,,,,,,,,,,,,,,,,,,,,,,,,,,,,,,,,,,,,
1015.0,-0.014265284187941147,0.05285770446062088,0.0004405379295349121,0.4048334062099457,0.0,0.32357287,0.1601128,0.9995594,0.110376745,0.020346344,2.615391e-07,-0.0039970875,-0.0005631447,0.02267313,0.04037543,0.099601805,-0.013756509,0.380625,0.19439754,1.0,,,,,,,,,,,,,,,,,,,,,,,,,,,,,,,,,,,,,,,,,,,
1016.0,-0.014301493280968863,0.0528479740023613,0.0004405379295349121,0.40364551544189453,0.0,0.32403257,0.16019824,0.9995594,0.11032444,0.020504445,3.1888683e-07,-0.004277706,-0.00061011314,0.022738934,-0.06711353,-0.012758476,0.015785297,0.381,0.19457231,1.0,,,,,,,,,,,,,,,,,,,,,,,,,,,,,,,,,,,,,,,,,,,
1017.0,-0.014337217854055053,0.05283820629119873,0.0004405379295349121,0.4024575650691986,0.0,0.324492,0.16028439,0.9995594,0.11026998,0.020673938,2.568161e-07,-0.0041000843,-0.00019907951,0.022681475,0.04038092,0.09957456,-0.013782523,0.381375,0.19474703,1.0,,,,,,,,,,,,,,,,,,,,,,,,,,,,,,,,,,,,,,,,,,,
1018.0,-0.014373602845235292,0.05282844975590706,0.0004405379295349121,0.4012695550918579,0.0,0.32495132,0.1603712,0.9995594,0.110232495,0.020836515,3.0860068e-07,-0.0043809414,-0.00024604797,0.022747517,-0.067096405,-0.01278333,0.015810678,0.38175,0.1949217,1.0,,,,,,,,,,,,,,,,,,,,,,,,,,,,,,,,,,,,,,,,,,,
1019.0,-0.014409314573195298,0.05281863734126091,0.0004405379295349121,0.4000816345214844,0.0,0.32541046,0.16045874,0.9995594,0.11019283,0.02101048,2.4736025e-07,-0.0042033195,0.00016498566,0.02268982,0.040386405,0.09954731,-0.013808519,0.382125,0.19509633,1.0,,,,,,,,,,,,,,,,,,,,,,,,,,,,,,,,,,,,,,,,,,,
1020.0,-0.014445916745507565,0.05280881002545357,0.0004405379295349121,0.39889392256736755,0.0,0.3258695,0.16054699,0.9995594,0.11017013,0.021177528,2.9358748e-07,-0.004483938,0.00011777878,0.022755861,-0.067079276,-0.012808171,0.01583604,0.3825,0.1952709,1.0,,,,,,,,,,,,,,,,,,,,,,,,,,,,,,,,,,,,,,,,,,,
1021.0,-0.014481594297556877,0.05279887840151787,0.0004405379295349121,0.39770662784576416,0.0,0.32632843,0.16063596,0.9995594,0.11014525,0.021355962,2.3318022e-07,-0.004306078,0.000528574,0.022698164,0.040391874,0.09952009,-0.013834496,0.382875,0.19544542,1.0,,,,,,,,,,,,,,,,,,,,,,,,,,,,,,,,,,,,,,,,,,,
1022.0,-0.014518213204206407,0.05278895050287247,0.0004405379295349121,0.39651980996131897,0.0,0.32678735,0.16072567,0.9995594,0.110137336,0.021527477,2.73856e-07,-0.0045866966,0.00048160553,0.022764206,-0.06706215,-0.012832998,0.015861379,0.38325,0.1956199,1.0,,,,,,,,,,,,,,,,,,,,,,,,,,,,,,,,,,,,,,,,,,,
1023.0,-0.014553900206332768,0.052778977900743484,0.0004405379295349121,0.3953336775302887,0.0,0.32724622,0.16081612,0.9995594,0.110127226,0.021710372,2.1428484e-07,-0.004409075,0.0008921623,0.022706509,0.040397335,0.09949286,-0.013860456,0.383625,0.19579433,1.0,,,,,,,,,,,,,,,,,,,,,,,,,,,,,,,,,,,,,,,,,,,
1024.0,-0.014590517751393781,0.05276894569396973,0.0004405379295349121,0.3941483795642853,0.0,0.32770512,0.16090731,0.9995594,0.11013407,0.021886343,2.4941508e-07,-0.004689455,0.00084495544,0.02277255,-0.06704501,-0.012857811,0.015886698,0.384,0.1959687,1.0,,,,,,,,,,,,,,,,,,,,,,,,,,,,,,,,,,,,,,,,,,,
1025.0,-0.014626194786997806,0.052758872509002686,0.0004405379295349121,0.39296406507492065,0.0,0.328164,0.16099928,0.9995594,0.110138714,0.022073694,1.9068288e-07,-0.004511833,0.0012555122,0.022714853,0.04040279,0.09946566,-0.013886397,0.384375,0.19614303,1.0,,,,,,,,,,,,,,,,,,,,,,,,,,,,,,,,,,,,,,,,,,,
1026.0,-0.014662791336968078,0.05274871736764908,0.0004405379295349121,0.3917809724807739,0.0,0.32862303,0.16109201,0.9995594,0.1101603,0.022254119,2.202735e-07,-0.0047922134,0.0012080669,0.022780895,-0.06702788,-0.012882609,0.015911998,0.38475,0.19631732,1.0,,,,,,,,,,,,,,,,,,,,,,,,,,,,,,,,,,,,,,,,,,,
1027.0,-0.014698435369144867,0.0527384988963604,0.0004405379295349121,0.3905993103981018,0.0,0.3290821,0.16118555,0.9995594,0.11017968,0.02244592,1.6238313e-07,-0.0046145916,0.0016183853,0.022723198,0.040408228,0.09943846,-0.01391232,0.385125,0.19649154,1.0,,,,,,,,,,,,,,,,,,,,,,,,,,,,,,,,,,,,,,,,,,,
1028.0,-0.014734987381238901,0.05272822827100754,0.0004405379295349121,0.38941922783851624,0.0,0.32954133,0.16127984,0.9995594,0.110216,0.022630792,1.8644008e-07,-0.004894972,0.0015711784,0.022789001,-0.067010745,-0.012907394,0.015937278,0.3855,0.19666572,1.0,,,,,,,,,,,,,,,,,,,,,,,,,,,,,,,,,,,,,,,,,,,
1029.0,-0.014770574863457297,0.0527179017663002,0.0004405379295349121,0.3882410228252411,0.0,0.3300007,0.16137494,0.9995594,0.11025009,0.022827037,1.2939437e-07,-0.0047171116,0.0019812584,0.022731304,0.040413655,0.09941127,-0.013938226,0.385875,0.19683985,1.0,,,,,,,,,,,,,,,,,,,,,,,,,,,,,,,,,,,,,,,,,,,
1030.0,-0.014806741599181262,0.05270753428339958,0.0004405379295349121,0.3870648741722107,0.0,0.33046028,0.16147085,0.9995594,0.11030112,0.02301635,1.4792352e-07,-0.004997492,0.0019338131,0.022797346,-0.06699361,-0.012932165,0.015962536,0.38625,0.19701394,1.0,,,,,,,,,,,,,,,,,,,,,,,,,,,,,,,,,,,,,,,,,,,
1031.0,-0.014842411944648488,0.052697114646434784,0.0004405379295349121,0.385890930891037,0.0,0.33092007,0.16156758,0.9995594,0.11034992,0.023217034,9.172531e-08,-0.0048196316,0.0017130375,0.02274251,0.04387227,-0.051999416,-0.01320739,0.386625,0.19718798,1.0,,,,,,,,,,,,,,,,,,,,,,,,,,,,,,,,,,,,,,,,,,,
1032.0,-0.014878264513105388,0.05268661305308342,0.0004405379295349121,0.3847195506095886,0.0,0.33138004,0.16166513,0.9995594,0.110389866,0.023410194,1.5705167e-07,-0.0050997734,0.0019512177,0.022807121,-0.06855383,0.055607785,0.0156147005,0.387,0.19736196,1.0,,,,,,,,,,,,,,,,,,,,,,,,,,,,,,,,,,,,,,,,,,,
1033.0,-0.01491359603475503,0.05267608165740967,0.0004405379295349121,0.38355085253715515,0.0,0.33184022,0.16176352,0.9995594,0.110439256,0.02361499,6.705664e-08,-0.004921913,0.001730442,0.022752523,0.043872584,-0.052007537,-0.013203263,0.387375,0.19753589,1.0,,,,,,,,,,,,,,,,,,,,,,,,,,,,,,,,,,,,,,,,,,,
1034.0,-0.014949315174972435,0.052665479481220245,0.0004405379295349121,0.38238516449928284,0.0,0.33230054,0.16186275,0.9995594,0.11047978,0.02381226,1.4122163e-07,-0.0052022934,0.0019686222,0.022816896,-0.06855416,0.0556015,0.015609448,0.38775,0.19770978,1.0,,,,,,,,,,,,,,,,,,,,,,,,,,,,,,,,,,,,,,,,,,,
1035.0,-0.014984333452019202,0.05265479534864426,0.0004405379295349121,0.3812227249145508,0.0,0.33276108,0.16196284,0.9995594,0.11052975,0.024021167,4.7810644e-08,-0.005024433,0.0017476082,0.022762299,0.043872897,-0.05201565,-0.013199132,0.388125,0.19788362,1.0,,,,,,,,,,,,,,,,,,,,,,,,,,,,,,,,,,,,,,,,,,,
1036.0,-0.015019716422638888,0.05264405161142349,0.0004405379295349121,0.3800637722015381,0.0,0.3332218,0.16206376,0.9995594,0.11057086,0.024222547,1.2368088e-07,-0.0053048134,0.0019857883,0.022826672,-0.0685545,0.055595223,0.015604193,0.3885,0.1980574,1.0,,,,,,,,,,,,,,,,,,,,,,,,,,,,,,,,,,,,,,,,,,,
1037.0,-0.015054536697233561,0.05263320729136467,0.0004405379295349121,0.378908634185791,0.0,0.33368272,0.16216557,0.9995594,0.11062142,0.024435561,2.8529309e-08,-0.005126953,0.0017650127,0.022772074,0.04387321,-0.052023765,-0.013194996,0.388875,0.19823115,1.0,,,,,,,,,,,,,,,,,,,,,,,,,,,,,,,,,,,,,,,,,,,
1038.0,-0.015089702866411248,0.05262225866317749,0.0004405379295349121,0.37775760889053345,0.0,0.33414382,0.16226825,0.9995594,0.110663116,0.02464105,1.05710946e-07,-0.0054073334,0.0020029545,0.022836685,-0.06855483,0.055588946,0.015598936,0.38925,0.19840483,1.0,,,,,,,,,,,,,,,,,,,,,,,,,,,,,,,,,,,,,,,,,,,
1039.0,-0.015124289275547927,0.05261118337512016,0.0004405379295349121,0.3766109347343445,0.0,0.33460513,0.16237181,0.9995594,0.11071425,0.024858171,8.911878e-09,-0.005229473,0.0017821789,0.022782087,0.043873526,-0.052031875,-0.013190855,0.389625,0.19857846,1.0,,,,,,,,,,,,,,,,,,,,,,,,,,,,,,,,,,,,,,,,,,,
1040.0,-0.015159203283065293,0.052599966526031494,0.0004405379295349121,0.37546899914741516,0.0,0.33506662,0.16247627,0.9995594,0.11075652,0.025067765,8.7382574e-08,-0.0055098534,0.0020201206,0.02284646,-0.06855517,0.055582672,0.015593676,0.39,0.19875206,1.0,,,,,,,,,,,,,,,,,,,,,,,,,,,,,,,,,,,,,,,,,,,
1041.0,-0.015193519606192423,0.05258864909410477,0.0004405379295349121,0.3743320405483246,0.0,0.3355283,0.16258164,0.9995594,0.11080823,0.02528899,-1.1058164e-08,-0.005331993,0.0017991066,0.022791862,0.043873843,-0.052039977,-0.013186711,0.390375,0.1989256,1.0,,,,,,,,,,,,,,,,,,,,,,,,,,,,,,,,,,,,,,,,,,,
1042.0,-0.015228143642169017,0.052577197551727295,0.0004405379295349121,0.3732004463672638,0.0,0.3359902,0.1626879,0.9995594,0.11085108,0.025502687,6.8699734e-08,-0.005612135,0.0020372868,0.022856236,-0.06855551,0.055576403,0.015588414,0.39075,0.19909908,1.0,,,,,,,,,,,,,,,,,,,,,,,,,,,,,,,,,,,,,,,,,,,
1043.0,-0.015262149296858119,0.0525655522942543,0.0004405379295349121,0.37207451462745667,0.0,0.33645228,0.1627951,0.9995594,0.11090336,0.025728015,-3.138164e-08,-0.005434513,0.0018162727,0.022801638,0.043874156,-0.05204808,-0.013182561,0.391125,0.19927253,1.0,,,,,,,,,,,,,,,,,,,,,,,,,,,,,,,,,,,,,,,,,,,
1044.0,-0.015296441040177891,0.052553772926330566,0.0004405379295349121,0.3709546625614166,0.0,0.33691457,0.1629032,0.9995594,0.11094678,0.025945814,4.966273e-08,-0.005714655,0.0020542145,0.02286601,-0.06855585,0.055570133,0.015583149,0.3915,0.19944592,1.0,,,,,,,,,,,,,,,,,,,,,,,,,,,,,,,,,,,,,,,,,,,
1045.0,-0.015330097362805103,0.05254180356860161,0.0004405379295349121,0.369841068983078,0.0,0.33737707,0.16301227,0.9995594,0.11099964,0.026175242,-5.2058525e-08,-0.0055367947,0.0018332005,0.022811413,0.043874476,-0.05205618,-0.013178407,0.391875,0.19961925,1.0,,,,,,,,,,,,,,,,,,,,,,,,,,,,,,,,,,,,,,,,,,,
1046.0,-0.015364016981770692,0.05252966284751892,0.0004405379295349121,0.36873430013656616,0.0,0.33783975,0.16312227,0.9995594,0.111043625,0.02639714,3.0271657e-08,-0.005817175,0.0020711422,0.022875786,-0.06855619,0.05556387,0.015577882,0.39225,0.19979255,1.0,,,,,,,,,,,,,,,,,,,,,,,,,,,,,,,,,,,,,,,,,,,
1047.0,-0.015397279570350659,0.052517302334308624,0.0004405379295349121,0.36763450503349304,0.0,0.33830264,0.16323322,0.9995594,0.111097045,0.026630668,-7.3088735e-08,-0.0056393147,0.0018501282,0.022821188,0.043874793,-0.052064274,-0.013174249,0.392625,0.19996578,1.0,,,,,,,,,,,,,,,,,,,,,,,,,,,,,,,,,,,,,,,,,,,
1048.0,-0.01543078519642295,0.052504707127809525,0.0004405379295349121,0.3665422201156616,0.0,0.33876574,0.16334513,0.9995594,0.1111416,0.026856665,1.05265965e-08,-0.005919695,0.00208807,0.022885561,-0.068556525,0.05555761,0.015572612,0.393,0.20013897,1.0,,,,,,,,,,,,,,,,,,,,,,,,,,,,,,,,,,,,,,,,,,,
1049.0,-0.015463609211458246,0.052491914480924606,0.0004405379295349121,0.3654577136039734,0.0,0.33922905,0.16345802,0.9995594,0.111195594,0.027094288,-9.447218e-08,-0.0057418346,0.0018670559,0.022831202,0.04387511,-0.05207236,-0.013170086,0.393375,0.20031211,1.0,,,,,,,,,,,,,,,,,,,,,,,,,,,,,,,,,,,,,,,,,,,
1050.0,-0.015496657341610992,0.05247892811894417,0.0004405379295349121,0.364381343126297,0.0,0.33969256,0.16357186,0.9995594,0.11124071,0.02732438,-9.572374e-09,-0.006022215,0.0021049976,0.022895336,-0.06855687,0.055551354,0.01556734,0.39375,0.2004852,1.0,,,,,,,,,,,,,,,,,,,,,,,,,,,,,,,,,,,,,,,,,,,
1051.0,-0.01552900090589974,0.05246564745903015,0.0004405379295349121,0.36331355571746826,0.0,0.3401563,0.16368672,0.9995594,0.11129526,0.027566098,-1.1620878e-07,-0.0058443546,0.0018837452,0.022840977,0.04387543,-0.05208045,-0.013165919,0.394125,0.20065825,1.0,,,,,,,,,,,,,,,,,,,,,,,,,,,,,,,,,,,,,,,,,,,
1052.0,-0.015561779230333195,0.052452147006988525,0.0004405379295349121,0.36225470900535583,0.0,0.3406202,0.16380256,0.9995594,0.11134094,0.027800284,-3.0025163e-08,-0.006124735,0.002121687,0.022905111,-0.06855721,0.0555451,0.015562066,0.3945,0.20083123,1.0,,,,,,,,,,,,,,,,,,,,,,,,,,,,,,,,,,,,,,,,,,,
1053.0,-0.015593388793292254,0.05243837833404541,0.0004405379295349121,0.361205130815506,0.0,0.34108436,0.16391942,0.9995594,0.11139605,0.028046094,-1.3829846e-07,-0.0059468746,0.0019004345,0.022850752,0.04387575,-0.052088533,-0.013161747,0.394875,0.20100418,1.0,,,,,,,,,,,,,,,,,,,,,,,,,,,,,,,,,,,,,,,,,,,
1054.0,-0.01562561913189129,0.0524243600666523,0.00044051409349776804,0.3601652681827545,0.0,0.3415487,0.16403727,0.9995594,0.11144229,0.028284373,-5.083169e-08,-0.0062270164,0.0021383762,0.022914886,-0.06855755,0.055538844,0.015556789,0.39525,0.20117706,1.0,,,,,,,,,,,,,,,,,,,,,,,,,,,,,,,,,,,,,,,,,,,
1055.0,-0.015656666938190757,0.05241003632545471,0.00044051409349776804,0.35913538932800293,0.0,0.34201327,0.16415617,0.9995594,0.11149795,0.028534275,-1.6074114e-07,-0.0060493946,0.0019171238,0.022860527,0.04387607,-0.052096613,-0.013157571,0.395625,0.2013499,1.0,,,,,,,,,,,,,,,,,,,,,,,,,,,,,,,,,,,,,,,,,,,
1056.0,-0.01568831156186716,0.05239548161625862,0.00044051409349776804,0.3581160306930542,0.0,0.34247804,0.16427606,0.9995594,0.11154475,0.028776642,-7.199188e-08,-0.0063295364,0.0021550655,0.022924662,-0.068557896,0.055532597,0.015551509,0.396,0.2015227,1.0,,,,,,,,,,,,,,,,,,,,,,,,,,,,,,,,,,,,,,,,,,,
1057.0,-0.01571874271613633,0.05238058418035507,0.00044051409349776804,0.3571074604988098,0.0,0.34294304,0.16439703,0.9995594,0.111600965,0.029030632,-1.8353671e-07,-0.006151676,0.0019338131,0.022870302,0.04387639,-0.05210469,-0.01315339,0.396375,0.20169543,1.0,,,,,,,,,,,,,,,,,,,,,,,,,,,,,,,,,,,,,,,,,,,
1058.0,-0.015749749912576227,0.05236539989709854,0.00044051409349776804,0.3561100959777832,0.0,0.34340826,0.16451901,0.9995594,0.11164831,0.029277088,-9.3505655e-08,-0.0064320564,0.0021717548,0.022934437,-0.06855824,0.055526353,0.015546228,0.39675,0.20186812,1.0,,,,,,,,,,,,,,,,,,,,,,,,,,,,,,,,,,,,,,,,,,,
1059.0,-0.01578014845963917,0.05234993249177933,0.00044051409349776804,0.35512426495552063,0.0,0.34387368,0.16464208,0.9995594,0.11170509,0.029535165,-2.0668513e-07,-0.006254196,0.0019505024,0.022880077,0.043876715,-0.052112762,-0.013149206,0.397125,0.20204075,1.0,,,,,,,,,,,,,,,,,,,,,,,,,,,,,,,,,,,,,,,,,,,
1060.0,-0.01581019279083703,0.05233411118388176,0.00044051409349776804,0.3541504144668579,0.0,0.3443393,0.16476619,0.9995594,0.11175298,0.029785706,-1.1537291e-07,-0.0065345764,0.0021882057,0.022944212,-0.06855858,0.05552011,0.0155409435,0.3975,0.20221333,1.0,,,,,,,,,,,,,,,,,,,,,,,,,,,,,,,,,,,,,,,,,,,
1061.0,-0.015840349833164513,0.052318017929792404,0.00044051409349776804,0.35318881273269653,0.0,0.3448052,0.16489139,0.9995594,0.1118103,0.03004787,-2.301863e-07,-0.006356716,0.0019669533,0.022889853,0.043877035,-0.05212083,-0.013145016,0.397875,0.20238587,1.0,,,,,,,,,,,,,,,,,,,,,,,,,,,,,,,,,,,,,,,,,,,
1062.0,-0.015869686893821202,0.05230152606964111,0.00044051409349776804,0.3522399067878723,0.0,0.3452713,0.16501765,0.9995594,0.11185874,0.030302493,-1.3759359e-07,-0.0066370964,0.0022046566,0.022953987,-0.06855893,0.05551387,0.015535656,0.39825,0.20255835,1.0,,,,,,,,,,,,,,,,,,,,,,,,,,,,,,,,,,,,,,,,,,,
1063.0,-0.015899116042619427,0.05228479579091072,0.00044051409349776804,0.35130399465560913,0.0,0.3457376,0.16514501,0.9995594,0.1119166,0.03056874,-2.5404015e-07,-0.006459236,0.0019834042,0.022899628,0.04387736,-0.0521289,-0.013140822,0.398625,0.20273079,1.0,,,,,,,,,,,,,,,,,,,,,,,,,,,,,,,,,,,,,,,,,,,
1064.0,-0.015927704061943954,0.05226767063140869,0.00044051409349776804,0.350381463766098,0.0,0.34620413,0.16527346,0.9995594,0.11196559,0.030827446,-1.601676e-07,-0.0067396164,0.0022211075,0.022963762,-0.068559274,0.055507634,0.015530367,0.399,0.20290318,1.0,,,,,,,,,,,,,,,,,,,,,,,,,,,,,,,,,,,,,,,,,,,
1065.0,-0.015956364644605495,0.05225025489926338,0.00044051409349776804,0.3494725823402405,0.0,0.3466709,0.16540304,0.9995594,0.112023994,0.031097773,-2.7824657e-07,-0.006561756,0.001999855,0.022909403,0.043877684,-0.05213696,-0.013136623,0.399375,0.20307551,1.0,,,,,,,,,,,,,,,,,,,,,,,,,,,,,,,,,,,,,,,,,,,
1066.0,-0.015984163715277104,0.05223247408866882,0.00044051409349776804,0.3485777676105499,0.0,0.34713787,0.1655337,0.9995594,0.11207352,0.03136056,-1.8309487e-07,-0.0068421364,0.0022375584,0.022973537,-0.06855962,0.0555014,0.015525076,0.39975,0.2032478,1.0,,,,,,,,,,,,,,,,,,,,,,,,,,,,,,,,,,,,,,,,,,,
1067.0,-0.016012015586179772,0.0522143729031086,0.00044051409349776804,0.34769728779792786,0.0,0.34760508,0.16566552,0.9995594,0.11213247,0.031634964,-3.0280552e-07,-0.006664276,0.0020160675,0.022919178,0.043878008,-0.05214502,-0.01313242,0.400125,0.20342003,1.0,,,,,,,,,,,,,,,,,,,,,,,,,,,,,,,,,,,,,,,,,,,
1068.0,-0.016038986953005225,0.05219592899084091,0.00044051409349776804,0.3468315005302429,0.0,0.3480725,0.16579844,0.9995594,0.11218253,0.03190183,-2.0637533e-07,-0.006944418,0.0022537708,0.022983074,-0.06855997,0.055495173,0.015519782,0.4005,0.20359221,1.0,,,,,,,,,,,,,,,,,,,,,,,,,,,,,,,,,,,,,,,,,,,
1069.0,-0.016065993396348496,0.05217710882425308,0.00044051409349776804,0.3459806442260742,0.0,0.3485402,0.16593254,0.9995594,0.11224201,0.032180313,-3.277169e-07,-0.006766796,0.0020325184,0.022928953,0.043878336,-0.052153073,-0.013128213,0.400875,0.20376433,1.0,,,,,,,,,,,,,,,,,,,,,,,,,,,,,,,,,,,,,,,,,,,
1070.0,-0.016092103420961942,0.0521579384803772,0.00044051409349776804,0.345145046710968,0.0,0.34900805,0.16606775,0.9995594,0.11229261,0.032451253,-2.3000888e-07,-0.007046938,0.0022702217,0.02299285,-0.06856032,0.055488944,0.015514486,0.40125,0.20393641,1.0,,,,,,,,,,,,,,,,,,,,,,,,,,,,,,,,,,,,,,,,,,,
1071.0,-0.01611822777493653,0.05213843658566475,0.00044051409349776804,0.3443250358104706,0.0,0.3494762,0.16620414,0.9995594,0.112352625,0.032733813,-3.5298063e-07,-0.006869316,0.0020487309,0.02293849,0.04387866,-0.052161127,-0.013124001,0.401625,0.20410845,1.0,,,,,,,,,,,,,,,,,,,,,,,,,,,,,,,,,,,,,,,,,,,
1072.0,-0.016143440920385187,0.052118562161922455,0.00044051409349776804,0.34352079033851624,0.0,0.34994456,0.16634168,0.9995594,0.11240376,0.03300883,-2.5399544e-07,-0.007149458,0.0022864342,0.023002625,-0.06856066,0.055482723,0.015509187,0.402,0.20428042,1.0,,,,,,,,,,,,,,,,,,,,,,,,,,,,,,,,,,,,,,,,,,,
1073.0,-0.016168653948417343,0.05209827423095703,0.00044051409349776804,0.34273263812065125,0.0,0.35041314,0.1664804,0.9995594,0.1124643,0.03329546,-3.7859667e-07,-0.006971836,0.002064705,0.022948265,0.043878987,-0.052169174,-0.013119785,0.402375,0.20445235,1.0,,,,,,,,,,,,,,,,,,,,,,,,,,,,,,,,,,,,,,,,,,,
1074.0,-0.016192938922147734,0.052077651023864746,0.00044051409349776804,0.3419607877731323,0.0,0.35088196,0.1666203,0.9995594,0.11251596,0.033574544,-2.7833494e-07,-0.007251978,0.0023024082,0.0230124,-0.06856101,0.0554765,0.015503885,0.40275,0.20462422,1.0,,,,,,,,,,,,,,,,,,,,,,,,,,,,,,,,,,,,,,,,,,,
1075.0,-0.016217214165983027,0.05205665901303291,0.00044051409349776804,0.3412053883075714,0.0,0.35135105,0.1667614,0.9995594,0.112577036,0.033865247,-4.0456487e-07,-0.0070741177,0.0020809174,0.02295804,0.043879315,-0.052177217,-0.013115564,0.403125,0.20479605,1.0,,,,,,,,,,,,,,,,,,,,,,,,,,,,,,,,,,,,,,,,,,,
1076.0,-0.016240544044470156,0.05203532055020332,0.00044051409349776804,0.34046682715415955,0.0,0.35182032,0.16690369,0.9995594,0.11262923,0.034148406,-3.0302732e-07,-0.007354498,0.0023186207,0.023021936,-0.06856136,0.055470284,0.015498582,0.4035,0.20496781,1.0,,,,,,,,,,,,,,,,,,,,,,,,,,,,,,,,,,,,,,,,,,,
1077.0,-0.01626385274280401,0.05201355740427971,0.00044051409349776804,0.33974510431289673,0.0,0.3522899,0.1670472,0.9995594,0.11269082,0.034443177,-4.3088522e-07,-0.0071766376,0.0020968914,0.022967815,0.043879643,-0.05218526,-0.013111339,0.403875,0.20513955,1.0,,,,,,,,,,,,,,,,,,,,,,,,,,,,,,,,,,,,,,,,,,,
1078.0,-0.01628620624589021,0.05199141427874565,0.00044051409349776804,0.3390405476093292,0.0,0.35275963,0.16719191,0.9995594,0.112743534,0.0347304,-3.2807247e-07,-0.007457018,0.0023345947,0.023031712,-0.06856171,0.05546407,0.015493276,0.40425,0.20531121,1.0,,,,,,,,,,,,,,,,,,,,,,,,,,,,,,,,,,,,,,,,,,,
1079.0,-0.016308526887466725,0.05196891352534294,0.00044051409349776804,0.3383532166481018,0.0,0.35322967,0.16733786,0.9995594,0.11280566,0.03502924,-4.575576e-07,-0.0072791576,0.0021128654,0.02297759,0.043879975,-0.052193295,-0.013107109,0.404625,0.20548283,1.0,,,,,,,,,,,,,,,,,,,,,,,,,,,,,,,,,,,,,,,,,,,
1080.0,-0.0163298840937714,0.05194597691297531,0.00044051409349776804,0.3376833200454712,0.0,0.3536999,0.16748503,0.9995594,0.11285889,0.03532053,-3.5347037e-07,-0.007559538,0.0023505688,0.023041487,-0.06856206,0.055457857,0.015487967,0.405,0.2056544,1.0,,,,,,,,,,,,,,,,,,,,,,,,,,,,,,,,,,,,,,,,,,,
1081.0,-0.016351198527543603,0.051922671496868134,0.00044051409349776804,0.33703097701072693,0.0,0.3541704,0.16763346,0.9995594,0.11292153,0.035623435,-4.8458196e-07,-0.0073816776,0.0021288395,0.022987127,0.043880302,-0.05220133,-0.013102875,0.405375,0.20582591,1.0,,,,,,,,,,,,,,,,,,,,,,,,,,,,,,,,,,,,,,,,,,,
1082.0,-0.016371541524773058,0.05189896747469902,0.00044051409349776804,0.3363962769508362,0.0,0.35464114,0.16778313,0.9995594,0.11297528,0.03591879,-3.7922086e-07,-0.007662058,0.0023665428,0.023051023,-0.06856241,0.05545165,0.015482657,0.40575,0.20599738,1.0,,,,,,,,,,,,,,,,,,,,,,,,,,,,,,,,,,,,,,,,,,,
1083.0,-0.016391599615880114,0.051874853670597076,0.00044051409349776804,0.3357793092727661,0.0,0.35511214,0.16793406,0.9995594,0.113038436,0.03622576,-5.119582e-07,-0.0074841976,0.0021448135,0.022996902,0.043880634,-0.052209362,-0.013098637,0.406125,0.20616879,1.0,,,,,,,,,,,,,,,,,,,,,,,,,,,,,,,,,,,,,,,,,,,
1084.0,-0.016410697572186474,0.051850348711013794,0.00044051409349776804,0.3351801633834839,0.0,0.35558337,0.16808626,0.9995594,0.1130927,0.036525175,-4.0532396e-07,-0.007764578,0.0023822784,0.023060799,-0.06856277,0.055445444,0.0154773425,0.4065,0.20634015,1.0,,,,,,,,,,,,,,,,,,,,,,,,,,,,,,,,,,,,,,,,,,,
1085.0,-0.016429761153379515,0.051825426518917084,0.00044051409349776804,0.3345988392829895,0.0,0.35605484,0.16823974,0.9995594,0.11315637,0.036836203,-5.396863e-07,-0.0075867176,0.0021605492,0.023006678,0.043880966,-0.052217387,-0.013094394,0.406875,0.20651147,1.0,,,,,,,,,,,,,,,,,,,,,,,,,,,,,,,,,,,,,,,,,,,
1086.0,-0.016447860399739878,0.05180013179779053,0.00044051409349776804,0.3340354859828949,0.0,0.35652655,0.16839449,0.9995594,0.11321115,0.037139684,-4.3177945e-07,-0.007867098,0.002398014,0.023070335,-0.06856312,0.05543924,0.015472027,0.40725,0.20668273,1.0,,,,,,,,,,,,,,,,,,,,,,,,,,,,,,,,,,,,,,,,,,,
1087.0,-0.016465924588641795,0.051774464547634125,0.00044051409349776804,0.3334899842739105,0.0,0.35699853,0.16855055,0.9995594,0.113275334,0.03745477,-5.677661e-07,-0.0076892376,0.0021762848,0.023016214,0.043881297,-0.05222541,-0.013090147,0.407625,0.20685393,1.0,,,,,,,,,,,,,,,,,,,,,,,,,,,,,,,,,,,,,,,,,,,
1088.0,-0.016483024602480145,0.051748406141996384,0.00044051409349776804,0.33296242356300354,0.0,0.35747075,0.16870789,0.9995594,0.11333062,0.037762307,-4.5858746e-07,-0.007969618,0.0024137497,0.02308011,-0.06856347,0.055433042,0.015466709,0.408,0.20702508,1.0,,,,,,,,,,,,,,,,,,,,,,,,,,,,,,,,,,,,,,,,,,,
1089.0,-0.01650018509481088,0.05172198265790939,0.00044051409349776804,0.3324527144432068,0.0,0.35794324,0.16886656,0.9995594,0.11339531,0.038081452,-5.961976e-07,-0.0077917576,0.0021920204,0.02302599,0.04388163,-0.05223343,-0.013085894,0.408375,0.20719619,1.0,,,,,,,,,,,,,,,,,,,,,,,,,,,,,,,,,,,,,,,,,,,
1090.0,-0.01651619132339038,0.051695190370082855,0.00044052599696442485,0.33196088671684265,0.0,0.35841593,0.16902654,0.9995594,0.1134511,0.038393043,-4.8574776e-07,-0.008072138,0.0024294853,0.023089647,-0.06856383,0.055426847,0.015461388,0.40875,0.20736724,1.0,,,,,,,,,,,,,,,,,,,,,,,,,,,,,,,,,,,,,,,,,,,
1091.0,-0.01653247710453361,0.051668018102645874,0.00044052599696442485,0.33148685097694397,0.0,0.35888892,0.16918786,0.99955934,0.11351629,0.03871624,-6.249807e-07,-0.007894278,0.002207756,0.023035765,0.043881964,-0.052241445,-0.013081638,0.409125,0.20753823,1.0,,,,,,,,,,,,,,,,,,,,,,,,,,,,,,,,,,,,,,,,,,,
1092.0,-0.016547421342066083,0.051640499383211136,0.00044052599696442485,0.3310304582118988,0.0,0.35936216,0.16935049,0.99955934,0.11357259,0.03903189,-3.293015e-07,-0.008174658,0.002445221,0.023099422,-0.06856418,0.055420652,0.015456065,0.4095,0.20770918,1.0,,,,,,,,,,,,,,,,,,,,,,,,,,,,,,,,,,,,,,,,,,,
1093.0,-0.016562794641593066,0.05161260813474655,0.00044052599696442485,0.33059167861938477,0.0,0.35983562,0.16951448,0.99955934,0.11363829,0.039359145,-5.1334257e-07,-0.007996798,0.0022232533,0.023045301,0.043882295,-0.052249458,-0.013077378,0.409875,0.20788008,1.0,,,,,,,,,,,,,,,,,,,,,,,,,,,,,,,,,,,,,,,,,,,
1094.0,-0.01657675670198296,0.0515844002366066,0.00044052599696442485,0.3301704227924347,0.0,0.36030936,0.1696798,0.99955934,0.113695085,0.03967884,-3.9021404e-07,-0.008277178,0.0024607182,0.02310896,-0.068564534,0.055414464,0.015450739,0.41025,0.20805092,1.0,,,,,,,,,,,,,,,,,,,,,,,,,,,,,,,,,,,,,,,,,,,
1095.0,-0.0165911450765052,0.05155579000711441,0.00044052599696442485,0.3297664523124695,0.0,0.36078337,0.16984652,0.99955934,0.11376128,0.040010147,-5.3507046e-07,-0.008099318,0.0022387505,0.023055077,0.04388263,-0.052257467,-0.013073113,0.410625,0.20822172,1.0,,,,,,,,,,,,,,,,,,,,,,,,,,,,,,,,,,,,,,,,,,,
1096.0,-0.01660412884505495,0.051526863127946854,0.00044052599696442485,0.32937976717948914,0.0,0.3612576,0.17001458,0.99955934,0.11381858,0.040333893,-4.202522e-07,-0.008379459,0.0024762154,0.023118734,-0.06856489,0.055408277,0.015445411,0.411,0.20839246,1.0,,,,,,,,,,,,,,,,,,,,,,,,,,,,,,,,,,,,,,,,,,,
1097.0,-0.01661756106236644,0.05149758607149124,0.00044052599696442485,0.3290100395679474,0.0,0.36173213,0.17018403,0.99955934,0.113885276,0.040669248,-5.6448033e-07,-0.008201838,0.0022542477,0.023064613,0.043882966,-0.052265473,-0.013068844,0.411375,0.20856315,1.0,,,,,,,,,,,,,,,,,,,,,,,,,,,,,,,,,,,,,,,,,,,
1098.0,-0.016629601120705776,0.051467977464199066,0.00044052599696442485,0.3286571502685547,0.0,0.3622069,0.17035486,0.99955934,0.11394306,0.040997043,-4.4892153e-07,-0.008481979,0.0024917126,0.023128271,-0.06856525,0.055402093,0.015440081,0.41175,0.20873378,1.0,,,,,,,,,,,,,,,,,,,,,,,,,,,,,,,,,,,,,,,,,,,
1099.0,-0.016642099732512728,0.051438041031360626,0.00044052599696442485,0.32832086086273193,0.0,0.36268196,0.17052709,0.99955934,0.11401025,0.041336443,-5.9464554e-07,-0.0083043575,0.0022697449,0.023074389,0.043883305,-0.052273475,-0.01306457,0.412125,0.20890436,1.0,,,,,,,,,,,,,,,,,,,,,,,,,,,,,,,,,,,,,,,,,,,
1100.0,-0.016653218162248958,0.05140780657529831,0.00044052599696442485,0.3280009925365448,0.0,0.3631572,0.17070071,0.99955934,0.11406853,0.04166829,-4.778479e-07,-0.008584499,0.0025069714,0.023138046,-0.06856561,0.055395912,0.0154347485,0.4125,0.20907488,1.0,,,,,,,,,,,,,,,,,,,,,,,,,,,,,,,,,,,,,,,,,,,
1101.0,-0.01666480688483207,0.051377229392528534,0.00044052599696442485,0.3276972770690918,0.0,0.3636328,0.17087576,0.99955934,0.11413621,0.042011734,-6.251842e-07,-0.0084068775,0.0022850037,0.023083925,0.04388364,-0.052281473,-0.013060291,0.412875,0.20924537,1.0,,,,,,,,,,,,,,,,,,,,,,,,,,,,,,,,,,,,,,,,,,,
1102.0,-0.016675029281640313,0.051346320658922195,0.00044052599696442485,0.3274095058441162,0.0,0.3641086,0.1710522,0.99955934,0.11419498,0.04234762,-5.0712094e-07,-0.008687019,0.0025222301,0.023147583,-0.068565965,0.055389736,0.015429413,0.41325,0.2094158,1.0,,,,,,,,,,,,,,,,,,,,,,,,,,,,,,,,,,,,,,,,,,,
1103.0,-0.016685738685326943,0.05131511762738228,0.00044052599696442485,0.327137291431427,0.0,0.3645847,0.17123011,0.99955934,0.11426315,0.04269511,-6.560754e-07,-0.0085093975,0.0023002625,0.0230937,0.04388398,-0.052289467,-0.013056008,0.413625,0.20958617,1.0,,,,,,,,,,,,,,,,,,,,,,,,,,,,,,,,,,,,,,,,,,,
1104.0,-0.016695214051733638,0.05128360912203789,0.00044052599696442485,0.32688048481941223,0.0,0.36506104,0.17140941,0.99955934,0.11432241,0.043035038,-5.367455e-07,-0.008789539,0.002537489,0.02315712,-0.06856632,0.05538356,0.015424076,0.414,0.2097565,1.0,,,,,,,,,,,,,,,,,,,,,,,,,,,,,,,,,,,,,,,,,,,
1105.0,-0.016704957937711883,0.05125182121992111,0.00044052599696442485,0.32663866877555847,0.0,0.36553767,0.1715902,0.99955934,0.11439106,0.043386567,-6.873176e-07,-0.0086119175,0.0023155212,0.023103237,0.043884315,-0.052297458,-0.013051721,0.414375,0.20992677,1.0,,,,,,,,,,,,,,,,,,,,,,,,,,,,,,,,,,,,,,,,,,,
1106.0,-0.016714082191891067,0.05121970176696777,0.00044052599696442485,0.3264116942882538,0.0,0.36601454,0.1717724,0.99955934,0.1144508,0.043730535,-5.667219e-07,-0.008892059,0.0025527477,0.023166895,-0.06856668,0.05537739,0.015418735,0.41475,0.21009699,1.0,,,,,,,,,,,,,,,,,,,,,,,,,,,,,,,,,,,,,,,,,,,
1107.0,-0.016722911612015015,0.051187288016080856,0.00044052599696442485,0.32619908452033997,0.0,0.36649173,0.17195609,0.99955934,0.11451993,0.044086106,-7.189108e-07,-0.0087144375,0.00233078,0.023112774,0.043884654,-0.052305445,-0.01304743,0.415125,0.21026714,1.0,,,,,,,,,,,,,,,,,,,,,,,,,,,,,,,,,,,,,,,,,,,
1108.0,-0.01673134229888019,0.05115461349487305,0.00044052599696442485,0.3260005712509155,0.0,0.36696914,0.17214124,0.99955934,0.114580154,0.04443411,-5.970499e-07,-0.008994579,0.0025680065,0.023176432,-0.068567045,0.05537122,0.015413393,0.4155,0.21043725,1.0,,,,,,,,,,,,,,,,,,,,,,,,,,,,,,,,,,,,,,,,,,,
1109.0,-0.016739367004597445,0.05112164095044136,0.00044052599696442485,0.3258158564567566,0.0,0.36744684,0.17232788,0.99955934,0.11464977,0.044793718,-7.5085507e-07,-0.0088169575,0.0023458004,0.023122549,0.043884996,-0.052313432,-0.0130431345,0.415875,0.21060732,1.0,,,,,,,,,,,,,,,,,,,,,,,,,,,,,,,,,,,,,,,,,,,
1110.0,-0.016747011004786327,0.05108838155865669,0.00044052599696442485,0.3256445527076721,0.0,0.3679248,0.17251599,0.99955934,0.11471047,0.045145757,-6.2772955e-07,-0.009097099,0.002583027,0.023185968,-0.0685674,0.055365056,0.015408048,0.41625,0.21077733,1.0,,,,,,,,,,,,,,,,,,,,,,,,,,,,,,,,,,,,,,,,,,,
1111.0,-0.016754296748612254,0.05105489492416382,0.00044052599696442485,0.3254862427711487,0.0,0.36840305,0.1727056,0.99955934,0.11478056,0.0455094,-7.8315014e-07,-0.008919477,0.0023608208,0.023132086,0.043885335,-0.05232141,-0.013038834,0.416625,0.21094728,1.0,,,,,,,,,,,,,,,,,,,,,,,,,,,,,,,,,,,,,,,,,,,
1112.0,-0.01676121822397763,0.051021087914705276,0.00044052599696442485,0.32534071803092957,0.0,0.36888155,0.17289671,0.99955934,0.11484174,0.045865476,-6.587607e-07,-0.009199619,0.0025980473,0.023195505,-0.06856776,0.05535889,0.015402701,0.417,0.21111718,1.0,,,,,,,,,,,,,,,,,,,,,,,,,,,,,,,,,,,,,,,,,,,
1113.0,-0.016767802531163035,0.050987064838409424,0.00044052599696442485,0.3252074718475342,0.0,0.36936036,0.17308936,0.99955934,0.1149123,0.04623315,-8.1579606e-07,-0.009021997,0.0023758411,0.023141861,0.043885674,-0.052329388,-0.013034529,0.417375,0.21128702,1.0,,,,,,,,,,,,,,,,,,,,,,,,,,,,,,,,,,,,,,,,,,,
1114.0,-0.016774046469287717,0.0509527325630188,0.0004405379295349121,0.32508614659309387,0.0,0.36983943,0.17328349,0.99955934,0.11497395,0.046593256,-6.901434e-07,-0.009302139,0.0026130676,0.02320528,-0.068568125,0.055352733,0.015397351,0.41775,0.21145682,1.0,,,,,,,,,,,,,,,,,,,,,,,,,,,,,,,,,,,,,,,,,,,
1115.0,-0.01677997297475304,0.050918154418468475,0.0004405379295349121,0.3249764144420624,0.0,0.37031877,0.17347917,0.9995593,0.11504498,0.046964962,-8.487927e-07,-0.009124517,0.0023908615,0.023151398,0.043886017,-0.052337363,-0.01303022,0.418125,0.21162656,1.0,,,,,,,,,,,,,,,,,,,,,,,,,,,,,,,,,,,,,,,,,,,
1116.0,-0.016785578455957878,0.05088334158062935,0.0004405379295349121,0.32487791776657104,0.0,0.37079838,0.17367639,0.9995593,0.1151071,0.0473291,-5.3792064e-07,-0.009404659,0.002628088,0.023214817,-0.06856849,0.055346575,0.015391999,0.4185,0.21179625,1.0,,,,,,,,,,,,,,,,,,,,,,,,,,,,,,,,,,,,,,,,,,,
1117.0,-0.016790891121322055,0.05084824562072754,0.0004405379295349121,0.3247901499271393,0.0,0.37127832,0.17387515,0.9995593,0.1151786,0.047704834,-7.413664e-07,-0.009227037,0.0024056435,0.023160934,0.04388636,-0.05234533,-0.013025907,0.418875,0.21196589,1.0,,,,,,,,,,,,,,,,,,,,,,,,,,,,,,,,,,,,,,,,,,,
1118.0,-0.016795904704846182,0.05081293731927872,0.0004405379295349121,0.3247128427028656,0.0,0.37175846,0.17407545,0.9995593,0.115241185,0.048073,-6.030523e-07,-0.009507179,0.00264287,0.023224354,-0.06856885,0.055340424,0.015386645,0.41925,0.21213546,1.0,,,,,,,,,,,,,,,,,,,,,,,,,,,,,,,,,,,,,,,,,,,
1119.0,-0.01680064444331729,0.05077732726931572,0.0004405379295349121,0.3246455788612366,0.0,0.37223893,0.17427734,0.9995593,0.11531315,0.04845276,-7.67307e-07,-0.009329557,0.0024204254,0.023170471,0.043886703,-0.052353296,-0.013021588,0.419625,0.212305,1.0,,,,,,,,,,,,,,,,,,,,,,,,,,,,,,,,,,,,,,,,,,,
1120.0,-0.016805108968065183,0.0507415309548378,0.0004405379295349121,0.32458794116973877,0.0,0.37271968,0.17448078,0.9995593,0.115376204,0.04882495,-6.3730994e-07,-0.009609699,0.002657652,0.02323389,-0.06856921,0.055334274,0.015381288,0.42,0.21247448,1.0,,,,,,,,,,,,,,,,,,,,,,,,,,,,,,,,,,,,,,,,,,,
1121.0,-0.016809323580916684,0.05070548132061958,0.0004405379295349121,0.32453954219818115,0.0,0.3732007,0.17468582,0.9995593,0.11544863,0.049208734,-8.00928e-07,-0.009432077,0.0024352074,0.023180246,0.04388705,-0.05236126,-0.013017267,0.420375,0.2126439,1.0,,,,,,,,,,,,,,,,,,,,,,,,,,,,,,,,,,,,,,,,,,,
1122.0,-0.01681328141696722,0.05066920444369316,0.0004405379295349121,0.32450008392333984,0.0,0.37368202,0.17489243,0.9995593,0.11551214,0.04958495,-6.701982e-07,-0.009712458,0.0026724339,0.023243427,-0.06856958,0.055328123,0.015375928,0.42075,0.21281327,1.0,,,,,,,,,,,,,,,,,,,,,,,,,,,,,,,,,,,,,,,,,,,
1123.0,-0.016817010211899474,0.05063270404934883,0.0004405379295349121,0.32446911931037903,0.0,0.37416363,0.17510064,0.9995593,0.11558503,0.049972758,-8.3530335e-07,-0.009534597,0.0024499893,0.023189783,0.04388739,-0.052369222,-0.01301294,0.421125,0.2129826,1.0,,,,,,,,,,,,,,,,,,,,,,,,,,,,,,,,,,,,,,,,,,,
1124.0,-0.01682050525457162,0.050595950335264206,0.0004405379295349121,0.32444629073143005,0.0,0.3746455,0.17531045,0.9995593,0.11564899,0.050352994,-7.0334266e-07,-0.009814978,0.0026869774,0.023252964,-0.06856994,0.05532198,0.015370566,0.4215,0.21315186,1.0,,,,,,,,,,,,,,,,,,,,,,,,,,,,,,,,,,,,,,,,,,,
1125.0,-0.01682369197548251,0.05055902153253555,0.0004405379295349121,0.3244312107563019,0.0,0.37512767,0.17552188,0.9995593,0.115722336,0.05074482,-8.700514e-07,-0.009637117,0.0024647713,0.02319932,0.04388774,-0.052377176,-0.0130086085,0.421875,0.21332107,1.0,,,,,,,,,,,,,,,,,,,,,,,,,,,,,,,,,,,,,,,,,,,
1126.0,-0.01682667050586679,0.0505218431353569,0.0004405379295349121,0.32442352175712585,0.0,0.3756101,0.17573492,0.9995593,0.11578676,0.051129077,-7.36833e-07,-0.009801149,0.0026154518,0.023263454,-0.040211156,0.035253536,0.01549611,0.42225,0.21349023,1.0,,,,,,,,,,,,,,,,,,,,,,,,,,,,,,,,,,,,,,,,,,,
1127.0,-0.016829469281487403,0.050484489649534225,0.0004405379295349121,0.32442283630371094,0.0,0.37609285,0.17594959,0.9995593,0.11585714,0.05152009,-8.489455e-07,-0.009507179,0.0023066998,0.023210526,0.072244115,-0.07243757,-0.012876632,0.422625,0.21365933,1.0,,,,,,,,,,,,,,,,,,,,,,,,,,,,,,,,,,,,,,,,,,,
1128.0,-0.016832080696129563,0.050446946173906326,0.0004405379295349121,0.32442882657051086,0.0,0.37657583,0.17616583,0.9995593,0.11591519,0.051898707,-6.755795e-07,-0.00967145,0.0024573803,0.02327466,-0.040227324,0.035254005,0.015494204,0.423,0.21382838,1.0,,,,,,,,,,,,,,,,,,,,,,,,,,,,,,,,,,,,,,,,,,,
1129.0,-0.01683453471161338,0.050409186631441116,0.0004405379295349121,0.32444101572036743,0.0,0.37705907,0.17638367,0.9995593,0.11597919,0.052284084,-7.9529866e-07,-0.00937748,0.0021486282,0.023221731,0.07223352,-0.072432086,-0.0128754815,0.423375,0.21399738,1.0,,,,,,,,,,,,,,,,,,,,,,,,,,,,,,,,,,,,,,,,,,,
1130.0,-0.0168368199901146,0.050371237099170685,0.0004405379295349121,0.3244592249393463,0.0,0.37754253,0.17660308,0.9995593,0.11603086,0.052657064,-6.2371976e-07,-0.00954175,0.0022995472,0.023285866,-0.04024348,0.035254475,0.015492291,0.42375,0.21416633,1.0,,,,,,,,,,,,,,,,,,,,,,,,,,,,,,,,,,,,,,,,,,,
1131.0,-0.01683896571223595,0.050333112478256226,0.0004405379295349121,0.3244830071926117,0.0,0.37802625,0.17682406,0.9995593,0.11608849,0.05303681,-7.412019e-07,-0.009248018,0.0019907951,0.023232937,0.07222293,-0.07242661,-0.012874327,0.424125,0.21433522,1.0,,,,,,,,,,,,,,,,,,,,,,,,,,,,,,,,,,,,,,,,,,,
1132.0,-0.016840964818088836,0.05029488354921341,0.0004405379295349121,0.3245120644569397,0.0,0.37851012,0.17704658,0.9995593,0.11613378,0.053404164,-5.7371824e-07,-0.009412289,0.0021414757,0.023297071,-0.040259633,0.035254948,0.015490372,0.4245,0.21450405,1.0,,,,,,,,,,,,,,,,,,,,,,,,,,,,,,,,,,,,,,,,,,,
1133.0,-0.016842734738263972,0.05025646835565567,0.0004405379295349121,0.32454606890678406,0.0,0.37899423,0.17727067,0.9995593,0.11618505,0.053778283,-6.8842184e-07,-0.009118557,0.0018327236,0.023244143,0.07221235,-0.07242114,-0.012873169,0.424875,0.21467283,1.0,,,,,,,,,,,,,,,,,,,,,,,,,,,,,,,,,,,,,,,,,,,
1134.0,-0.016844366947095842,0.05021791532635689,0.0004405379295349121,0.3245846927165985,0.0,0.3794785,0.17749625,0.9995593,0.116223976,0.054140016,-5.251581e-07,-0.009282827,0.0019836426,0.023308277,-0.040275775,0.035255417,0.015488445,0.42525,0.21484157,1.0,,,,,,,,,,,,,,,,,,,,,,,,,,,,,,,,,,,,,,,,,,,
1135.0,-0.01684588672629325,0.05017922446131706,0.00044054986210539937,0.32462766766548157,0.0,0.37996295,0.17772336,0.9995593,0.11626887,0.054508522,-6.3705386e-07,-0.008989096,0.0016748905,0.02325511,0.07220178,-0.07241567,-0.012872008,0.425625,0.21501024,1.0,,,,,,,,,,,,,,,,,,,,,,,,,,,,,,,,,,,,,,,,,,,
1136.0,-0.016847280995649635,0.0501403734087944,0.00044054986210539937,0.3246748149394989,0.0,0.38044754,0.17795196,0.9995592,0.11630144,0.05486464,-4.7801444e-07,-0.0091536045,0.0018258095,0.023319483,-0.040291913,0.035255887,0.015486511,0.426,0.21517886,1.0,,,,,,,,,,,,,,,,,,,,,,,,,,,,,,,,,,,,,,,,,,,
1137.0,-0.016848580070753818,0.050101421773433685,0.00044054986210539937,0.3247257173061371,0.0,0.3809323,0.17818208,0.9995592,0.116339974,0.05522754,-4.031446e-07,-0.008859873,0.0015170574,0.023266315,0.07219121,-0.0724102,-0.012870842,0.426375,0.21534744,1.0,,,,,,,,,,,,,,,,,,,,,,,,,,,,,,,,,,,,,,,,,,,
1138.0,-0.01684976936852472,0.05006234720349312,0.00044054986210539937,0.3247802257537842,0.0,0.38141716,0.17841366,0.9995592,0.116366185,0.055578053,-2.9151127e-07,-0.009024382,0.0016679764,0.02333045,-0.040308043,0.035256356,0.0154845705,0.42675,0.21551596,1.0,,,,,,,,,,,,,,,,,,,,,,,,,,,,,,,,,,,,,,,,,,,
1139.0,-0.016850875802999512,0.05002312734723091,0.00044054986210539937,0.3248380720615387,0.0,0.38190216,0.17864673,0.9995592,0.116398364,0.05593535,-3.8765268e-07,-0.00873065,0.0013592243,0.023277283,0.07218064,-0.07240474,-0.012869673,0.427125,0.21568441,1.0,,,,,,,,,,,,,,,,,,,,,,,,,,,,,,,,,,,,,,,,,,,
1140.0,-0.01685174458292604,0.04998379200696945,0.00044054986210539937,0.3248990476131439,0.0,0.38238722,0.17888123,0.9995592,0.11641822,0.056280263,-2.3943485e-07,-0.008895159,0.0015101433,0.023341656,-0.040324166,0.035256825,0.015482623,0.4275,0.21585283,1.0,,,,,,,,,,,,,,,,,,,,,,,,,,,,,,,,,,,,,,,,,,,
1141.0,-0.01685255334301692,0.04994436725974083,0.00044054986210539937,0.32496291399002075,0.0,0.3828724,0.17911719,0.9995592,0.11644405,0.056631964,-3.4234776e-07,-0.0086016655,0.0012013912,0.023288488,0.072170086,-0.07239929,-0.012868499,0.427875,0.21602117,1.0,,,,,,,,,,,,,,,,,,,,,,,,,,,,,,,,,,,,,,,,,,,
1142.0,-0.016853247203282084,0.04990484192967415,0.00044054986210539937,0.3250296115875244,0.0,0.38335764,0.17935456,0.9995592,0.11645756,0.05697129,-1.9609823e-07,-0.008766174,0.0013523102,0.023352623,-0.040340282,0.035257295,0.015480669,0.42825,0.21618947,1.0,,,,,,,,,,,,,,,,,,,,,,,,,,,,,,,,,,,,,,,,,,,
1143.0,-0.01685388947888787,0.04986520856618881,0.00044054986210539937,0.32509881258010864,0.0,0.38384297,0.1795934,0.9995592,0.11647704,0.0573174,-2.9673242e-07,-0.008472681,0.0010435581,0.023299456,0.07215953,-0.072393835,-0.012867322,0.428625,0.21635772,1.0,,,,,,,,,,,,,,,,,,,,,,,,,,,,,,,,,,,,,,,,,,,
1144.0,-0.016854491266897826,0.04982549697160721,0.00044054986210539937,0.32517045736312866,0.0,0.3843283,0.1798336,0.9995592,0.1164842,0.05765114,-1.5457327e-07,-0.008637428,0.0011944771,0.023363829,-0.04035639,0.035257764,0.015478708,0.429,0.21652591,1.0,,,,,,,,,,,,,,,,,,,,,,,,,,,,,,,,,,,,,,,,,,,
1145.0,-0.016854992351164406,0.04978575557470322,0.00044054986210539937,0.32524433732032776,0.0,0.38481373,0.18007524,0.9995592,0.116497345,0.057991672,-2.524307e-07,-0.008343935,0.00088596344,0.023310423,0.07214898,-0.07238839,-0.012866141,0.429375,0.21669404,1.0,,,,,,,,,,,,,,,,,,,,,,,,,,,,,,,,,,,,,,,,,,,
1146.0,-0.016855559295931747,0.04974593594670296,0.00044054986210539937,0.32532042264938354,0.0,0.38529915,0.18031824,0.9995592,0.116498165,0.058319833,-1.14476464e-07,-0.008508682,0.001036644,0.023374796,-0.040372495,0.035258237,0.01547674,0.42975,0.21686213,1.0,,,,,,,,,,,,,,,,,,,,,,,,,,,,,,,,,,,,,,,,,,,
1147.0,-0.016855891728946883,0.049706071615219116,0.00044054986210539937,0.3253985047340393,0.0,0.38578457,0.18056263,0.9995592,0.11650497,0.058654793,-2.0953037e-07,-0.008215189,0.00072813034,0.02332139,0.072138436,-0.07238294,-0.012864958,0.430125,0.21703015,1.0,,,,,,,,,,,,,,,,,,,,,,,,,,,,,,,,,,,,,,,,,,,
1148.0,-0.016856449230627915,0.04966617003083229,0.00044054986210539937,0.3254786431789398,0.0,0.38627,0.18080837,0.9995592,0.116499454,0.058977384,-7.5784875e-08,-0.008379936,0.0008790493,0.023385763,-0.040388588,0.035258707,0.015474765,0.4305,0.21719813,1.0,,,,,,,,,,,,,,,,,,,,,,,,,,,,,,,,,,,,,,,,,,,
1149.0,-0.016856630993199364,0.04962623119354248,0.00044054986210539937,0.3255605697631836,0.0,0.3867554,0.18105549,0.9995592,0.11649992,0.059306774,-1.6803448e-07,-0.008086443,0.00057053566,0.023332357,0.0721279,-0.072377495,-0.012863769,0.430875,0.21736605,1.0,,,,,,,,,,,,,,,,,,,,,,,,,,,,,,,,,,,,,,,,,,,
1150.0,-0.01685717512156116,0.04958626255393028,0.00044054986210539937,0.3256443440914154,0.0,0.38724077,0.18130392,0.9995592,0.11648808,0.059623804,-3.8495482e-08,-0.008251429,0.0007212162,0.02339673,-0.040404677,0.035259176,0.015472783,0.43125,0.21753392,1.0,,,,,,,,,,,,,,,,,,,,,,,,,,,,,,,,,,,,,,,,,,,
1151.0,-0.016857249700810647,0.0495462641119957,0.00044054986210539937,0.3257299065589905,0.0,0.3877261,0.18155369,0.9995592,0.11648221,0.059947636,-1.2794146e-07,-0.007957935,0.00041270256,0.023343325,0.072117366,-0.07237206,-0.012862577,0.431625,0.21770173,1.0,,,,,,,,,,,,,,,,,,,,,,,,,,,,,,,,,,,,,,,,,,,
1152.0,-0.01685771552583101,0.0495062991976738,0.00044054986210539937,0.3258172273635864,0.0,0.38821137,0.18180478,0.9995592,0.11646404,0.06025911,-2.6063585e-09,-0.008122921,0.0005636215,0.023407698,-0.04042076,0.035259645,0.015470794,0.432,0.21786949,1.0,,,,,,,,,,,,,,,,,,,,,,,,,,,,,,,,,,,,,,,,,,,
1153.0,-0.01685769031164964,0.049466248601675034,0.00044054986210539937,0.32590627670288086,0.0,0.38869658,0.18205719,0.9995592,0.11645186,0.060577393,-8.9249454e-08,-0.007829666,0.00025510788,0.023354292,0.07210684,-0.072366625,-0.01286138,0.432375,0.21803719,1.0,,,,,,,,,,,,,,,,,,,,,,,,,,,,,,,,,,,,,,,,,,,
1154.0,-0.016858067677954388,0.049426279962062836,0.00044054986210539937,0.32599714398384094,0.0,0.3891817,0.18231086,0.9995592,0.11642736,0.060883317,3.1884333e-08,-0.007994652,0.00040602684,0.023418665,-0.040436834,0.03526012,0.015468799,0.43275,0.21820484,1.0,,,,,,,,,,,,,,,,,,,,,,,,,,,,,,,,,,,,,,,,,,,
1155.0,-0.0168579545370194,0.04938632249832153,0.00044054986210539937,0.3260897099971771,0.0,0.38966674,0.18256585,0.9995592,0.116408855,0.061196055,-5.1956615e-08,-0.007701397,9.75132e-05,0.02336502,0.07209632,-0.07236119,-0.012860181,0.433125,0.21837243,1.0,,,,,,,,,,,,,,,,,,,,,,,,,,,,,,,,,,,,,,,,,,,
1156.0,-0.016858159280706605,0.049346379935741425,0.0004405379295349121,0.32618412375450134,0.0,0.39015165,0.18282208,0.9995592,0.11637804,0.06149644,6.4978465e-08,-0.007866383,0.00024819374,0.023429632,-0.0404529,0.035260588,0.015466796,0.4335,0.21853997,1.0,,,,,,,,,,,,,,,,,,,,,,,,,,,,,,,,,,,,,,,,,,,
1157.0,-0.016857738282527134,0.0493064746260643,0.0004405379295349121,0.3262803256511688,0.0,0.39063644,0.1830796,0.9995592,0.11635322,0.06180364,-1.6061094e-08,-0.007573366,-6.0081482e-05,0.023375988,0.072085805,-0.07235577,-0.012858978,0.433875,0.21870746,1.0,,,,,,,,,,,,,,,,,,,,,,,,,,,,,,,,,,,,,,,,,,,
1158.0,-0.016857981076792202,0.049266595393419266,0.0004405379295349121,0.3263784646987915,0.0,0.39112112,0.18333834,0.9995592,0.11631609,0.06209849,9.667788e-08,-0.007738352,9.059906e-05,0.023440361,-0.04046896,0.035261057,0.015464786,0.43425,0.21887489,1.0,,,,,,,,,,,,,,,,,,,,,,,,,,,,,,,,,,,,,,,,,,,
1159.0,-0.016857657035325248,0.049226753413677216,0.0004405379295349121,0.3264785408973694,0.0,0.39160562,0.18359834,0.9995592,0.11628495,0.06240016,1.8438968e-08,-0.0074453354,-0.00021767616,0.023386955,0.07207529,-0.072350346,-0.012857771,0.434625,0.21904226,1.0,,,,,,,,,,,,,,,,,,,,,,,,,,,,,,,,,,,,,,,,,,,
1160.0,-0.016857888534497763,0.049186963587999344,0.0004405379295349121,0.32658064365386963,0.0,0.39208996,0.18385954,0.9995592,0.11624152,0.06268948,1.2698442e-07,-0.007610321,-6.699562e-05,0.023451328,-0.040485013,0.03526153,0.01546277,0.435,0.21920958,1.0,,,,,,,,,,,,,,,,,,,,,,,,,,,,,,,,,,,,,,,,,,,
1161.0,-0.016857602027979014,0.04914717748761177,0.0004405379295349121,0.3266848921775818,0.0,0.39257416,0.18412198,0.9995592,0.116204076,0.06298563,5.1545413e-08,-0.0073173046,-0.00037527084,0.023397684,0.07206479,-0.07234492,-0.01285656,0.435375,0.21937685,1.0,,,,,,,,,,,,,,,,,,,,,,,,,,,,,,,,,,,,,,,,,,,
1162.0,-0.016857690104372162,0.049107473343610764,0.00044054986210539937,0.3267914354801178,0.0,0.39305812,0.18438561,0.9995592,0.116154335,0.06326943,1.5589994e-07,-0.0074825287,-0.00022435188,0.023462057,-0.040501058,0.035262,0.015460747,0.43575,0.21954405,1.0,,,,,,,,,,,,,,,,,,,,,,,,,,,,,,,,,,,,,,,,,,,
1163.0,-0.01685725347291009,0.04906780272722244,0.00044054986210539937,0.32690030336380005,0.0,0.39354193,0.18465045,0.9995592,0.116110586,0.06356006,8.3260076e-08,-0.0071895123,-0.0005328655,0.023408413,0.07205429,-0.072339505,-0.012855344,0.436125,0.2197112,1.0,,,,,,,,,,,,,,,,,,,,,,,,,,,,,,,,,,,,,,,,,,,
1164.0,-0.016857101215561856,0.049028195440769196,0.00044054986210539937,0.3270116150379181,0.0,0.39402547,0.18491644,0.9995592,0.11605454,0.063838355,1.8342628e-07,-0.0073547363,-0.00038194656,0.023473024,-0.0405171,0.035262473,0.015458717,0.4365,0.2198783,1.0,,,,,,,,,,,,,,,,,,,,,,,,,,,,,,,,,,,,,,,,,,,
1165.0,-0.016856398327254284,0.048988621681928635,0.00044054986210539937,0.32712557911872864,0.0,0.39450884,0.18518361,0.9995592,0.1160045,0.064123474,1.13584804e-07,-0.00706172,-0.0006902218,0.023419142,0.07204379,-0.072334096,-0.012854126,0.436875,0.22004536,1.0,,,,,,,,,,,,,,,,,,,,,,,,,,,,,,,,,,,,,,,,,,,
1166.0,-0.016856426271478996,0.048949144780635834,0.00044054986210539937,0.3272422254085541,0.0,0.39499193,0.18545194,0.9995592,0.11594216,0.06439626,2.0956527e-07,-0.0072271824,-0.00053954124,0.023483753,-0.04053313,0.035262942,0.01545668,0.43725,0.22021234,1.0,,,,,,,,,,,,,,,,,,,,,,,,,,,,,,,,,,,,,,,,,,,
1167.0,-0.01685517858169915,0.048909712582826614,0.00044054986210539937,0.3273618221282959,0.0,0.3954748,0.18572141,0.9995592,0.115885824,0.06467588,1.4252143e-07,-0.006934166,-0.00084781647,0.02342987,0.0720333,-0.07232869,-0.012852903,0.437625,0.22037928,1.0,,,,,,,,,,,,,,,,,,,,,,,,,,,,,,,,,,,,,,,,,,,
1168.0,-0.01685516510633024,0.04887032508850098,0.0004405617655720562,0.32748445868492126,0.0,0.39595735,0.18599202,0.9995592,0.11581719,0.06494317,2.3431876e-07,-0.0070996284,-0.0006968975,0.023494482,-0.040549155,0.035263415,0.015454636,0.438,0.22054616,1.0,,,,,,,,,,,,,,,,,,,,,,,,,,,,,,,,,,,,,,,,,,,
1169.0,-0.016853689242182737,0.048830997198820114,0.0004405617655720562,0.3276102542877197,0.0,0.39643967,0.18626375,0.9995592,0.11575456,0.0652173,1.7007181e-07,-0.006806612,-0.0010051727,0.0234406,0.07202282,-0.072323285,-0.012851678,0.438375,0.22071299,1.0,,,,,,,,,,,,,,,,,,,,,,,,,,,,,,,,,,,,,,,,,,,
1170.0,-0.016853435621868997,0.04879172518849373,0.00044054986210539937,0.327739417552948,0.0,0.39692166,0.18653658,0.9995592,0.115679644,0.0654791,2.5768855e-07,-0.006972313,-0.0008544922,0.02350521,-0.040565174,0.035263885,0.015452585,0.43875,0.22087975,1.0,,,,,,,,,,,,,,,,,,,,,,,,,,,,,,,,,,,,,,,,,,,
1171.0,-0.01685170917172509,0.04875252768397331,0.0004405617655720562,0.327872097492218,0.0,0.3974034,0.18681054,0.9995592,0.115610726,0.06574774,1.9623775e-07,-0.0066792965,-0.0011627674,0.023451328,0.07201234,-0.07231788,-0.012850448,0.439125,0.22104646,1.0,,,,,,,,,,,,,,,,,,,,,,,,,,,,,,,,,,,,,,,,,,,
1172.0,-0.016851194626580402,0.04871334508061409,0.00044054986210539937,0.3280084729194641,0.0,0.39788476,0.18708555,0.9995592,0.11552953,0.06600405,2.7967653e-07,-0.0068449974,-0.0010118484,0.02351594,-0.040581185,0.035264358,0.015450528,0.4395,0.22121313,1.0,,,,,,,,,,,,,,,,,,,,,,,,,,,,,,,,,,,,,,,,,,,
1173.0,-0.016849195967317068,0.04867420718073845,0.0004405617655720562,0.3281486928462982,0.0,0.39836583,0.18736166,0.9995592,0.11545433,0.066267215,2.2102108e-07,-0.006551981,-0.0013201237,0.023462057,0.07200187,-0.07231249,-0.0128492145,0.439875,0.22137973,1.0,,,,,,,,,,,,,,,,,,,,,,,,,,,,,,,,,,,,,,,,,,,
1174.0,-0.016848398921639456,0.04863514006137848,0.00044054986210539937,0.32829293608665466,0.0,0.3988465,0.18763882,0.9995592,0.115366854,0.06651805,3.0028448e-07,-0.006717682,-0.0011692047,0.023526669,-0.04059719,0.03526483,0.015448463,0.44025,0.22154628,1.0,,,,,,,,,,,,,,,,,,,,,,,,,,,,,,,,,,,,,,,,,,,
1175.0,-0.016846105141340377,0.04859612509608269,0.00044054986210539937,0.32844141125679016,0.0,0.39932686,0.18791705,0.9995592,0.11528538,0.06677574,2.4442366e-07,-0.006424904,-0.0014774799,0.023472786,0.0719914,-0.072307095,-0.012847977,0.440625,0.22171277,1.0,,,,,,,,,,,,,,,,,,,,,,,,,,,,,,,,,,,,,,,,,,,
1176.0,-0.016844908443027818,0.048557110130786896,0.0004405379295349121,0.32859423756599426,0.0,0.39980683,0.1881963,0.9995592,0.11519162,0.06702111,3.195142e-07,-0.006590605,-0.001326561,0.023537397,-0.040613186,0.0352653,0.015446392,0.441,0.22187921,1.0,,,,,,,,,,,,,,,,,,,,,,,,,,,,,,,,,,,,,,,,,,,
1177.0,-0.01684221229120085,0.048518162220716476,0.0004405379295349121,0.3287516236305237,0.0,0.40028644,0.1884766,0.9995593,0.11510388,0.06727333,2.6644727e-07,-0.0062978268,-0.0016348362,0.023483276,0.07198094,-0.07230171,-0.012846735,0.441375,0.2220456,1.0,,,,,,,,,,,,,,,,,,,,,,,,,,,,,,,,,,,,,,,,,,,
1178.0,-0.016840703990577462,0.04847927764058113,0.0004405379295349121,0.32891368865966797,0.0,0.4007656,0.18875793,0.9995593,0.115003854,0.067513235,1.5340656e-07,-0.006463766,-0.0014839172,0.023547888,-0.04062918,0.035265774,0.015444314,0.44175,0.22221193,1.0,,,,,,,,,,,,,,,,,,,,,,,,,,,,,,,,,,,,,,,,,,,
1179.0,-0.01683759343804195,0.04844043403863907,0.0004405379295349121,0.32908064126968384,0.0,0.4012444,0.18904026,0.9995593,0.11490984,0.06776,1.4632263e-07,-0.006170988,-0.0017921925,0.023494005,0.07197048,-0.07229632,-0.012845491,0.442125,0.2223782,1.0,,,,,,,,,,,,,,,,,,,,,,,,,,,,,,,,,,,,,,,,,,,
1180.0,-0.01683638804305665,0.04840165376663208,0.0004405379295349121,0.3292526602745056,0.0,0.40172276,0.18932356,0.9995593,0.11480355,0.06799445,2.0293534e-07,-0.0063369274,-0.0016412735,0.023558617,-0.04064516,0.035266247,0.015442229,0.4425,0.2225444,1.0,,,,,,,,,,,,,,,,,,,,,,,,,,,,,,,,,,,,,,,,,,,
1181.0,-0.01683388940899604,0.04836292192339897,0.0004405379295349121,0.32942983508110046,0.0,0.40220067,0.18960787,0.9995593,0.114703275,0.06823577,1.5783445e-07,-0.0060441494,-0.0019493103,0.023504496,0.071960025,-0.072290935,-0.012844242,0.442875,0.22271056,1.0,,,,,,,,,,,,,,,,,,,,,,,,,,,,,,,,,,,,,,,,,,,
1182.0,-0.016832479166150736,0.048324231058359146,0.0004405379295349121,0.3296124041080475,0.0,0.40267813,0.18989314,0.9995593,0.11459072,0.06846477,2.1986317e-07,-0.0062100887,-0.0017986298,0.023569107,-0.040661138,0.035266716,0.015440137,0.44325,0.22287667,1.0,,,,,,,,,,,,,,,,,,,,,,,,,,,,,,,,,,,,,,,,,,,
1183.0,-0.016829890991519644,0.048285551369190216,0.0004405379295349121,0.32980045676231384,0.0,0.40315515,0.19017941,0.9995593,0.11448418,0.06870064,1.7530444e-07,-0.005917549,-0.0021066666,0.023515224,0.07194958,-0.07228556,-0.0128429895,0.443625,0.22304273,1.0,,,,,,,,,,,,,,,,,,,,,,,,,,,,,,,,,,,,,,,,,,,
1184.0,-0.01682806557540971,0.04824693500995636,0.0004405379295349121,0.32999417185783386,0.0,0.4036317,0.19046658,0.9995593,0.11436538,0.06892421,2.3369876e-07,-0.0060834885,-0.0019557476,0.023579836,-0.040677104,0.03526719,0.015438039,0.444,0.22320871,1.0,,,,,,,,,,,,,,,,,,,,,,,,,,,,,,,,,,,,,,,,,,,
1185.0,-0.016825154163820844,0.04820835590362549,0.0004405379295349121,0.3301936089992523,0.0,0.40410772,0.19075473,0.9995593,0.11425258,0.06915464,1.9180686e-07,-0.005790949,-0.0022640228,0.023525715,0.07193914,-0.07228018,-0.012841733,0.444375,0.22337465,1.0,,,,,,,,,,,,,,,,,,,,,,,,,,,,,,,,,,,,,,,,,,,
1186.0,-0.016822960801668525,0.04816984757781029,0.0004405379295349121,0.3303990066051483,0.0,0.40458328,0.19104378,0.9995593,0.114127524,0.06937277,2.4607036e-07,-0.005956888,-0.0021131039,0.023590326,-0.040693067,0.035267662,0.015435934,0.44475,0.22354053,1.0,,,,,,,,,,,,,,,,,,,,,,,,,,,,,,,,,,,,,,,,,,,
1187.0,-0.016819671328157714,0.0481313094496727,0.0004405379295349121,0.3306104242801666,0.0,0.4050583,0.19133377,0.9995593,0.11400848,0.06959778,2.0696169e-07,-0.0056643486,-0.0024211407,0.023536205,0.0719287,-0.07227481,-0.012840473,0.445125,0.22370636,1.0,,,,,,,,,,,,,,,,,,,,,,,,,,,,,,,,,,,,,,,,,,,
1188.0,-0.01681709477820696,0.048092860728502274,0.0004405379295349121,0.330827921628952,0.0,0.40553278,0.19162466,0.9995593,0.11387717,0.06981049,2.5706944e-07,-0.0058305264,-0.0022702217,0.023600817,-0.040709022,0.035268135,0.015433822,0.4455,0.22387213,1.0,,,,,,,,,,,,,,,,,,,,,,,,,,,,,,,,,,,,,,,,,,,
1189.0,-0.016813415635893763,0.04805447533726692,0.00044054986210539937,0.33105167746543884,0.0,0.40600675,0.19191644,0.9995593,0.11375188,0.07003007,2.2074965e-07,-0.0055379868,-0.0025782585,0.023546696,0.07191827,-0.07226945,-0.012839209,0.445875,0.22403784,1.0,,,,,,,,,,,,,,,,,,,,,,,,,,,,,,,,,,,,,,,,,,,
1190.0,-0.016810440823784304,0.048016082495450974,0.0004405379295349121,0.33128172159194946,0.0,0.40648013,0.1922091,0.9995593,0.11361433,0.07023735,2.6670273e-07,-0.0057041645,-0.0024273396,0.023611307,-0.04072497,0.03526861,0.015431702,0.44625,0.2242035,1.0,,,,,,,,,,,,,,,,,,,,,,,,,,,,,,,,,,,,,,,,,,,
1191.0,-0.016806357671259323,0.047977760434150696,0.0004405379295349121,0.33151817321777344,0.0,0.40695298,0.19250265,0.9995593,0.113482796,0.07045152,2.3317145e-07,-0.0054118633,-0.0027356148,0.023557186,0.07190785,-0.07226408,-0.012837942,0.446625,0.22436911,1.0,,,,,,,,,,,,,,,,,,,,,,,,,,,,,,,,,,,,,,,,,,,
1192.0,-0.01680297218382548,0.047939497977495193,0.0004405379295349121,0.33176112174987793,0.0,0.40742522,0.19279703,0.9995593,0.11333901,0.0706534,2.749723e-07,-0.005578041,-0.0025846958,0.023621798,-0.040740915,0.03526908,0.015429577,0.447,0.22453465,1.0,,,,,,,,,,,,,,,,,,,,,,,,,,,,,,,,,,,,,,,,,,,
1193.0,-0.01679847534141154,0.04790126159787178,0.00044054986210539937,0.33201053738594055,0.0,0.4078969,0.1930923,0.9995593,0.11320124,0.07086216,2.442288e-07,-0.00528574,-0.0028927326,0.023567677,0.07189743,-0.072258726,-0.0128366705,0.447375,0.22470014,1.0,,,,,,,,,,,,,,,,,,,,,,,,,,,,,,,,,,,,,,,,,,,
1194.0,-0.01679467183650704,0.04786306619644165,0.0004405379295349121,0.33226656913757324,0.0,0.40836796,0.19338837,0.9995593,0.113051206,0.07105863,2.8187998e-07,-0.0054519176,-0.0027418137,0.023632288,-0.040756848,0.035269555,0.015427444,0.44775,0.22486557,1.0,,,,,,,,,,,,,,,,,,,,,,,,,,,,,,,,,,,,,,,,,,,
1195.0,-0.016789754200600877,0.0478249117732048,0.0004405379295349121,0.33252912759780884,0.0,0.4088384,0.1936853,0.9995593,0.11290721,0.071261995,2.5392347e-07,-0.0051596165,-0.0030498505,0.023577929,0.07188702,-0.07225337,-0.0128353955,0.448125,0.22503094,1.0,,,,,,,,,,,,,,,,,,,,,,,,,,,,,,,,,,,,,,,,,,,
1196.0,-0.016785528003676883,0.047786813229322433,0.0004405379295349121,0.3327983319759369,0.0,0.4093082,0.19398302,0.9995593,0.11275095,0.071453065,2.8742758e-07,-0.0053260326,-0.0028989315,0.023642778,-0.040772773,0.035270028,0.015425305,0.4485,0.22519627,1.0,,,,,,,,,,,,,,,,,,,,,,,,,,,,,,,,,,,,,,,,,,,
1197.0,-0.016780184602334342,0.04774874076247215,0.00044054986210539937,0.3330741226673126,0.0,0.40977737,0.19428156,0.9995593,0.11260072,0.071651034,2.6225726e-07,-0.0050337315,-0.0032069683,0.023588419,0.07187661,-0.07224802,-0.012834117,0.448875,0.22536154,1.0,,,,,,,,,,,,,,,,,,,,,,,,,,,,,,,,,,,,,,,,,,,
1198.0,-0.01677553095685435,0.04771069437265396,0.0004405379295349121,0.3333565592765808,0.0,0.41024587,0.19458088,0.9995593,0.11243823,0.07183672,2.9161689e-07,-0.0052001476,-0.0030560493,0.023653269,-0.040788695,0.0352705,0.015423158,0.44925,0.22552674,1.0,,,,,,,,,,,,,,,,,,,,,,,,,,,,,,,,,,,,,,,,,,,
1199.0,-0.01676976188416011,0.047672711312770844,0.0004405617655720562,0.3336455523967743,0.0,0.4107137,0.194881,0.9995593,0.11228178,0.0720293,2.69232e-07,-0.0049078465,-0.0033638477,0.023598671,0.0718662,-0.07224267,-0.012832834,0.449625,0.2256919,1.0,,,,,,,,,,,,,,,,,,,,,,,,,,,,,,,,,,,,,,,,,,,
1200.0,-0.016764683948293533,0.0476347841322422,0.00044054986210539937,0.33394110202789307,0.0,0.41118085,0.19518188,0.9995593,0.112113066,0.072209604,2.9444965e-07,-0.0050742626,-0.0032129288,0.02366352,-0.04080461,0.035270974,0.015421005,0.45,0.22585699,1.0,,,,,,,,,,,,,,,,,,,,,,,,,,,,,,,,,,,,,,,,,,,
1201.0,-0.016758490952175634,0.047596897929906845,0.0004405617655720562,0.33424314856529236,0.0,0.4116473,0.19548354,0.9995593,0.11195039,0.07239681,2.7484944e-07,-0.0047822,-0.0035209656,0.023609161,0.071855806,-0.07223733,-0.012831548,0.450375,0.22602203,1.0,,,,,,,,,,,,,,,,,,,,,,,,,,,,,,,,,,,,,,,,,,,
1202.0,-0.016752989395721674,0.04755903035402298,0.00044054986210539937,0.33455169200897217,0.0,0.41211304,0.19578591,0.9995593,0.111775465,0.07257173,2.9592772e-07,-0.004948616,-0.0033700466,0.023674011,-0.040820517,0.035271447,0.015418845,0.45075,0.226187,1.0,,,,,,,,,,,,,,,,,,,,,,,,,,,,,,,,,,,,,,,,,,,
1203.0,-0.016746378257445762,0.04752122610807419,0.0004405617655720562,0.33486655354499817,0.0,0.41257805,0.19608906,0.9995593,0.111606576,0.07275356,2.7911142e-07,-0.0046565533,-0.0036780834,0.023619413,0.07184541,-0.072231986,-0.012830258,0.451125,0.22635193,1.0,,,,,,,,,,,,,,,,,,,,,,,,,,,,,,,,,,,,,,,,,,,
1204.0,-0.01674046371845907,0.04748347029089928,0.00044054986210539937,0.33518773317337036,0.0,0.41304234,0.1963929,0.9995593,0.11142544,0.072923124,2.9605283e-07,-0.004823208,-0.003526926,0.023684263,-0.040836416,0.03527192,0.015416679,0.4515,0.22651681,1.0,,,,,,,,,,,,,,,,,,,,,,,,,,,,,,,,,,,,,,,,,,,
1205.0,-0.01673344389184495,0.04744574427604675,0.0004405617655720562,0.33551502227783203,0.0,0.41350588,0.19669749,0.9995593,0.11125033,0.07309959,2.820197e-07,-0.004531145,-0.0038349628,0.023629665,0.07183502,-0.07222665,-0.012828965,0.451875,0.22668162,1.0,,,,,,,,,,,,,,,,,,,,,,,,,,,,,,,,,,,,,,,,,,,
1206.0,-0.016727125481725672,0.04740804433822632,0.00044054986210539937,0.3358484208583832,0.0,0.41396862,0.19700275,0.9995593,0.11106298,0.07326379,2.9482678e-07,-0.0046977997,-0.003684044,0.023694515,-0.04085231,0.035272397,0.015414505,0.45225,0.22684637,1.0,,,,,,,,,,,,,,,,,,,,,,,,,,,,,,,,,,,,,,,,,,,
1207.0,-0.01671971016295065,0.04737043008208275,0.0004405617655720562,0.3361876904964447,0.0,0.41443065,0.19730873,0.9995593,0.11088167,0.0734349,2.8357601e-07,-0.004405737,-0.0039918423,0.023639917,0.07182464,-0.07222132,-0.012827667,0.452625,0.22701107,1.0,,,,,,,,,,,,,,,,,,,,,,,,,,,,,,,,,,,,,,,,,,,
1208.0,-0.01671300532982132,0.04733285680413246,0.0004405617655720562,0.33653274178504944,0.0,0.41489184,0.19761537,0.9995593,0.11068812,0.073593736,2.9225143e-07,-0.0045723915,-0.0038409233,0.023705006,-0.040868193,0.03527287,0.015412326,0.453,0.22717571,1.0,,,,,,,,,,,,,,,,,,,,,,,,,,,,,,,,,,,,,,,,,,,
1209.0,-0.016705207994551167,0.04729532450437546,0.0004405617655720562,0.33688345551490784,0.0,0.41535226,0.19792269,0.9995593,0.110500604,0.073759496,2.8378219e-07,-0.0042803288,-0.00414896,0.023650408,0.07181426,-0.07221599,-0.012826365,0.453375,0.2273403,1.0,,,,,,,,,,,,,,,,,,,,,,,,,,,,,,,,,,,,,,,,,,,
1210.0,-0.016697931322461227,0.047257766127586365,0.00044054986210539937,0.3372395634651184,0.0,0.41581184,0.19823067,0.9995593,0.11030085,0.07391299,2.883284e-07,-0.0044472218,-0.003998041,0.023715258,-0.04088407,0.035273343,0.015410138,0.45375,0.22750483,1.0,,,,,,,,,,,,,,,,,,,,,,,,,,,,,,,,,,,,,,,,,,,
1211.0,-0.016689695867755653,0.04722030088305473,0.0004405617655720562,0.337600976228714,0.0,0.41627064,0.1985393,0.9995593,0.11010714,0.07407341,2.8264003e-07,-0.0041553974,-0.0043058395,0.023660421,0.07180389,-0.07221066,-0.012825061,0.454125,0.2276693,1.0,,,,,,,,,,,,,,,,,,,,,,,,,,,,,,,,,,,,,,,,,,,
1212.0,-0.016681932399509245,0.047182876616716385,0.0004405617655720562,0.3379674255847931,0.0,0.41672856,0.19884856,0.9995593,0.10990118,0.07422157,2.830596e-07,-0.0043222904,-0.0041549206,0.02372551,-0.040899944,0.035273816,0.015407945,0.4545,0.22783372,1.0,,,,,,,,,,,,,,,,,,,,,,,,,,,,,,,,,,,,,,,,,,,
1213.0,-0.01667354386415027,0.047145456075668335,0.0004405617655720562,0.3383386731147766,0.0,0.41718563,0.19915847,0.9995593,0.109701276,0.07437665,2.8015126e-07,-0.0040302277,-0.004462719,0.023670673,0.07179353,-0.07220534,-0.012823752,0.454875,0.22799808,1.0,,,,,,,,,,,,,,,,,,,,,,,,,,,,,,,,,,,,,,,,,,,
1214.0,-0.01666542486985418,0.04710807651281357,0.0004405617655720562,0.338714599609375,0.0,0.41764185,0.19946897,0.9995593,0.109489135,0.07451948,2.7644674e-07,-0.0041971207,-0.0043118,0.023735762,-0.04091581,0.035274293,0.015405744,0.45525,0.22816238,1.0,,,,,,,,,,,,,,,,,,,,,,,,,,,,,,,,,,,,,,,,,,,
1215.0,-0.01665680979192257,0.0470707006752491,0.0004405617655720562,0.3390949070453644,0.0,0.4180972,0.19978009,0.9995593,0.10928304,0.07466923,2.7631765e-07,-0.0039052963,-0.0046195984,0.023680925,0.07178316,-0.07220002,-0.01282244,0.455625,0.22832662,1.0,,,,,,,,,,,,,,,,,,,,,,,,,,,,,,,,,,,,,,,,,,,
1216.0,-0.016648488900752274,0.04703334718942642,0.0004405617655720562,0.33947935700416565,0.0,0.41855162,0.20009178,0.9995593,0.109064706,0.07480673,2.6849162e-07,-0.0040724277,-0.0044686794,0.023745775,-0.040931664,0.035274766,0.015403537,0.456,0.22849081,1.0,,,,,,,,,,,,,,,,,,,,,,,,,,,,,,,,,,,,,,,,,,,
1217.0,-0.016639578616639485,0.04699600487947464,0.0004405617655720562,0.3398677110671997,0.0,0.4190052,0.20040408,0.9995593,0.108852424,0.07495116,2.71141e-07,-0.0037806034,-0.004776478,0.023691177,0.07177281,-0.0721947,-0.012821124,0.456375,0.22865494,1.0,,,,,,,,,,,,,,,,,,,,,,,,,,,,,,,,,,,,,,,,,,,
1218.0,-0.01663097788468076,0.04695865511894226,0.0004405617655720562,0.3402596712112427,0.0,0.4194578,0.20071693,0.9995593,0.10862791,0.07508334,2.5919599e-07,-0.0039474964,-0.0046253204,0.023756027,-0.040947516,0.035275243,0.015401323,0.45675,0.22881901,1.0,,,,,,,,,,,,,,,,,,,,,,,,,,,,,,,,,,,,,,,,,,,
1219.0,-0.016621805941269125,0.04692136123776436,0.0004405617655720562,0.3406549394130707,0.0,0.4199095,0.20103036,0.9995593,0.10840944,0.075222455,2.6462308e-07,-0.003655672,-0.004933119,0.023701191,0.07176246,-0.0721894,-0.012819803,0.457125,0.22898303,1.0,,,,,,,,,,,,,,,,,,,,,,,,,,,,,,,,,,,,,,,,,,,
1220.0,-0.016612986082591673,0.04688403382897377,0.0004405617655720562,0.3410532772541046,0.0,0.42036024,0.20134431,0.9995593,0.10817874,0.07534933,2.485616e-07,-0.003823042,-0.0047822,0.02376628,-0.04096336,0.035275716,0.015399103,0.4575,0.22914699,1.0,,,,,,,,,,,,,,,,,,,,,,,,,,,,,,,,,,,,,,,,,,,
1221.0,-0.016603557134100267,0.04684669151902199,0.0004405617655720562,0.341454416513443,0.0,0.42081004,0.20165882,0.9995593,0.10795411,0.075483136,2.5676562e-07,-0.0035312176,-0.0050899982,0.023711443,0.07175211,-0.072184086,-0.01281848,0.457875,0.22931089,1.0,,,,,,,,,,,,,,,,,,,,,,,,,,,,,,,,,,,,,,,,,,,
1222.0,-0.016594771939656493,0.04680938273668289,0.0004405617655720562,0.3418579399585724,0.0,0.42125887,0.20197384,0.9995593,0.10771723,0.07560471,2.3659027e-07,-0.003698349,-0.0049390793,0.023776293,-0.0409792,0.035276193,0.015396875,0.45825,0.22947472,1.0,,,,,,,,,,,,,,,,,,,,,,,,,,,,,,,,,,,,,,,,,,,
1223.0,-0.016585073349844607,0.046772100031375885,0.0004405617655720562,0.3422635793685913,0.0,0.42170674,0.2022894,0.9995593,0.10748642,0.075733215,2.475704e-07,-0.003406763,-0.0052466393,0.023721457,0.07174177,-0.07217879,-0.012817153,0.458625,0.22963852,1.0,,,,,,,,,,,,,,,,,,,,,,,,,,,,,,,,,,,,,,,,,,,
1224.0,-0.016576195423537138,0.046734753996133804,0.0004405617655720562,0.34267106652259827,0.0,0.4221536,0.20260544,0.9995593,0.107243374,0.07584949,2.2328369e-07,-0.0035738945,-0.0050957203,0.023786545,-0.040995028,0.035276666,0.015394641,0.459,0.22980225,1.0,,,,,,,,,,,,,,,,,,,,,,,,,,,,,,,,,,,,,,,,,,,
1225.0,-0.01656634270439536,0.0466974638402462,0.0004405617655720562,0.3430800139904022,0.0,0.42259943,0.20292199,0.9995593,0.10700639,0.075972706,2.3703916e-07,-0.0032823086,-0.0054035187,0.02373147,0.07173143,-0.07217348,-0.012815822,0.459375,0.22996591,1.0,,,,,,,,,,,,,,,,,,,,,,,,,,,,,,,,,,,,,,,,,,,
1226.0,-0.016557332996155312,0.046660151332616806,0.0004405617655720562,0.3434900939464569,0.0,0.42304426,0.20323901,0.9995593,0.10675718,0.07608369,2.0864366e-07,-0.0034496784,-0.0052525997,0.023796558,-0.04101085,0.035277143,0.0153924,0.45975,0.23012953,1.0,,,,,,,,,,,,,,,,,,,,,,,,,,,,,,,,,,,,,,,,,,,
1227.0,-0.016547367401289377,0.04662285000085831,0.0004405617655720562,0.34390097856521606,0.0,0.42348808,0.20355651,0.9995593,0.10651403,0.07620162,2.2517371e-07,-0.0031580925,-0.0055601597,0.023741722,0.07172111,-0.072168194,-0.012814486,0.460125,0.23029308,1.0,,,,,,,,,,,,,,,,,,,,,,,,,,,,,,,,,,,,,,,,,,,
1228.0,-0.01653813646334602,0.046585530042648315,0.0004405617655720562,0.3443123698234558,0.0,0.42393082,0.20387445,0.9995593,0.10625866,0.07630732,1.926719e-07,-0.0033254623,-0.0054092407,0.023806572,-0.041026667,0.03527762,0.015390153,0.4605,0.23045659,1.0,,,,,,,,,,,,,,,,,,,,,,,,,,,,,,,,,,,,,,,,,,,
1229.0,-0.016525517150854284,0.046548206359148026,0.0004405617655720562,0.34472382068634033,0.0,0.42437252,0.20419288,0.9995593,0.10600935,0.07641997,2.1197573e-07,-0.0030338764,-0.0057168007,0.023751736,0.07171078,-0.0721629,-0.012813148,0.460875,0.23062003,1.0,,,,,,,,,,,,,,,,,,,,,,,,,,,,,,,,,,,,,,,,,,,
1230.0,-0.016513816687365762,0.046510882675647736,0.00044054986210539937,0.34513503313064575,0.0,0.42481315,0.20451172,0.9995593,0.10574782,0.0765204,1.753702e-07,-0.0032012463,-0.0055658817,0.023816824,-0.041042477,0.035278093,0.015387898,0.46125,0.2307834,1.0,,,,,,,,,,,,,,,,,,,,,,,,,,,,,,,,,,,,,,,,,,,
1231.0,-0.016501212864466652,0.04647354409098625,0.00044054986210539937,0.34554561972618103,0.0,0.42525268,0.20483099,0.9995593,0.10549235,0.076627776,1.9744702e-07,-0.0029098988,-0.0058734417,0.02376175,0.07170046,-0.072157614,-0.012811806,0.461625,0.23094673,1.0,,,,,,,,,,,,,,,,,,,,,,,,,,,,,,,,,,,,,,,,,,,
1232.0,-0.016489548628521155,0.04643615707755089,0.00044054986210539937,0.3459552824497223,0.0,0.42569113,0.20515066,0.9995593,0.10522467,0.076722935,1.5674028e-07,-0.0030772686,-0.0057225227,0.023826838,-0.041058276,0.03527857,0.015385637,0.462,0.23111,1.0,,,,,,,,,,,,,,,,,,,,,,,,,,,,,,,,,,,,,,,,,,,
1233.0,-0.016477001719347028,0.046398796141147614,0.00044054986210539937,0.3463636338710785,0.0,0.42612848,0.20547077,0.9995593,0.10496305,0.07682505,1.8158931e-07,-0.002785921,-0.0060300827,0.023771763,0.07169015,-0.072152324,-0.012810459,0.462375,0.23127322,1.0,,,,,,,,,,,,,,,,,,,,,,,,,,,,,,,,,,,,,,,,,,,
1234.0,-0.01646541895481205,0.04636140912771225,0.00044054986210539937,0.3467702269554138,0.0,0.42656466,0.20579125,0.9995593,0.10468922,0.076914944,1.3678391e-07,-0.0029535294,-0.0058791637,0.023836851,-0.04107407,0.035279047,0.015383369,0.46275,0.23143637,1.0,,,,,,,,,,,,,,,,,,,,,,,,,,,,,,,,,,,,,,,,,,,
1235.0,-0.016452974546916813,0.0463239923119545,0.00044054986210539937,0.3471747934818268,0.0,0.42699978,0.20611213,0.9995593,0.10442145,0.07701181,1.6440436e-07,-0.0026619434,-0.0061867237,0.023781538,0.07167984,-0.07214704,-0.01280911,0.463125,0.23159947,1.0,,,,,,,,,,,,,,,,,,,,,,,,,,,,,,,,,,,,,,,,,,,
1236.0,-0.01644151461800284,0.046286601573228836,0.00044054986210539937,0.34757694602012634,0.0,0.4274337,0.20643337,0.9995593,0.10414147,0.07709645,1.155028e-07,-0.00282979,-0.0060358047,0.023846626,-0.041089863,0.035279524,0.015381095,0.4635,0.2317625,1.0,,,,,,,,,,,,,,,,,,,,,,,,,,,,,,,,,,,,,,,,,,,
1237.0,-0.016429031461631532,0.046249181032180786,0.0004405379295349121,0.34797635674476624,0.0,0.42786646,0.20675498,0.9995593,0.10386755,0.07718806,1.4589389e-07,-0.0025384426,-0.0063433647,0.023791552,0.071669534,-0.07214177,-0.012807757,0.463875,0.23192547,1.0,,,,,,,,,,,,,,,,,,,,,,,,,,,,,,,,,,,,,,,,,,,
1238.0,-0.016417553171165493,0.04621175676584244,0.0004405379295349121,0.34837260842323303,0.0,0.42829806,0.20707694,0.99955934,0.103581436,0.07726745,9.2898716e-08,-0.0027060509,-0.0061924458,0.02385664,-0.041105643,0.03528,0.015378814,0.46425,0.2320884,1.0,,,,,,,,,,,,,,,,,,,,,,,,,,,,,,,,,,,,,,,,,,,
1239.0,-0.016405258449151736,0.0461743101477623,0.00044054986210539937,0.34876537322998047,0.0,0.4287285,0.20739925,0.99955934,0.10330138,0.07735382,-5.7901097e-08,-0.0024147034,-0.0065000057,0.023801565,0.07165924,-0.07213649,-0.0128064,0.464625,0.23225126,1.0,,,,,,,,,,,,,,,,,,,,,,,,,,,,,,,,,,,,,,,,,,,
1240.0,-0.0163939913495924,0.04613684490323067,0.0004405379295349121,0.3491542339324951,0.0,0.42915767,0.20772186,0.9995593,0.10300913,0.077427976,-7.179805e-08,-0.00258255,-0.0063488483,0.023866653,-0.041121416,0.035280477,0.015376526,0.465,0.23241407,1.0,,,,,,,,,,,,,,,,,,,,,,,,,,,,,,,,,,,,,,,,,,,
1241.0,-0.016381928542444805,0.04609941318631172,0.00044054986210539937,0.3495389223098755,0.0,0.4295857,0.20804481,0.99955934,0.102722935,0.077509105,1.3795288e-07,-0.0022912025,-0.0066564083,0.02381134,0.07164895,-0.072131224,-0.012805039,0.465375,0.23257682,1.0,,,,,,,,,,,,,,,,,,,,,,,,,,,,,,,,,,,,,,,,,,,
1242.0,-0.01637091302655245,0.046061933040618896,0.0004405379295349121,0.34991905093193054,0.0,0.43001246,0.20836806,0.9995593,0.10242455,0.07757803,-1.4799096e-07,-0.0024590492,-0.0065054893,0.023876667,-0.041137185,0.035280954,0.015374231,0.46575,0.2327395,1.0,,,,,,,,,,,,,,,,,,,,,,,,,,,,,,,,,,,,,,,,,,,
1243.0,-0.016359123456117234,0.04602450132369995,0.00044054986210539937,0.350294291973114,0.0,0.430438,0.20869161,0.99955934,0.10213222,0.07765394,1.274374e-07,-0.0021679401,-0.0068130493,0.023821354,0.07163866,-0.07212596,-0.012803674,0.466125,0.23290212,1.0,,,,,,,,,,,,,,,,,,,,,,,,,,,,,,,,,,,,,,,,,,,
1244.0,-0.016348402866969994,0.045987069606781006,0.00044054986210539937,0.35066425800323486,0.0,0.4308623,0.20901544,0.9995593,0.1018277,0.07771763,-1.7736151e-07,-0.0023357868,-0.006661892,0.023886442,-0.041152947,0.03528143,0.01537193,0.4665,0.2330647,1.0,,,,,,,,,,,,,,,,,,,,,,,,,,,,,,,,,,,,,,,,,,,
1245.0,-0.01633692857434871,0.04594966769218445,0.00044054986210539937,0.3510286509990692,0.0,0.43128535,0.20933956,0.9995593,0.101529256,0.077788316,1.0430132e-07,-0.0020444393,-0.006969452,0.02383113,0.07162838,-0.0721207,-0.012802306,0.466875,0.23322721,1.0,,,,,,,,,,,,,,,,,,,,,,,,,,,,,,,,,,,,,,,,,,,
1246.0,-0.016326542071600853,0.045912258327007294,0.00044052599696442485,0.3513871729373932,0.0,0.43170708,0.20966391,0.9995593,0.10121861,0.077846795,-2.1434595e-08,-0.0022125244,-0.0068182945,0.023896217,-0.041168697,0.035281908,0.015369622,0.46725,0.23338968,1.0,,,,,,,,,,,,,,,,,,,,,,,,,,,,,,,,,,,,,,,,,,,
1247.0,-0.0163154212430105,0.045874908566474915,0.00044054986210539937,0.35173946619033813,0.0,0.43212757,0.20998855,0.99955934,0.10091404,0.077912256,3.6036894e-08,-0.0019214153,-0.0071258545,0.023840904,0.071618095,-0.072115436,-0.012800934,0.467625,0.23355207,1.0,,,,,,,,,,,,,,,,,,,,,,,,,,,,,,,,,,,,,,,,,,,
1248.0,-0.016305414653402114,0.045837562531232834,0.00044054986210539937,0.35208526253700256,0.0,0.4325467,0.21031341,0.9995593,0.10059727,0.07796553,-2.2445658e-07,-0.0020895004,-0.0069749355,0.02390623,-0.041184444,0.035282385,0.015367308,0.468,0.2337144,1.0,,,,,,,,,,,,,,,,,,,,,,,,,,,,,,,,,,,,,,,,,,,
1249.0,-0.01629469460003966,0.04580025002360344,0.00044054986210539937,0.35242414474487305,0.0,0.43296456,0.21063852,0.9995593,0.10028658,0.07802579,5.0419633e-08,-0.0017983913,-0.007282257,0.02385068,0.07160783,-0.07211018,-0.012799558,0.468375,0.23387669,1.0,,,,,,,,,,,,,,,,,,,,,,,,,,,,,,,,,,,,,,,,,,,
1250.0,-0.01628554667948847,0.04576300457119942,0.00044054986210539937,0.35275590419769287,0.0,0.43338108,0.21096383,0.9995593,0.099963695,0.07807385,-8.058305e-08,-0.0019664764,-0.007131338,0.023916006,-0.041200183,0.03528286,0.015364986,0.46875,0.2340389,1.0,,,,,,,,,,,,,,,,,,,,,,,,,,,,,,,,,,,,,,,,,,,
1251.0,-0.01627525397610443,0.04572578892111778,0.00044054986210539937,0.35308024287223816,0.0,0.4337963,0.21128936,0.9995593,0.09964689,0.07812891,-1.8259835e-08,-0.0016753674,-0.0074386597,0.023860455,0.07159756,-0.07210493,-0.012798179,0.469125,0.23420107,1.0,,,,,,,,,,,,,,,,,,,,,,,,,,,,,,,,,,,,,,,,,,,
1252.0,-0.01626621208474244,0.045688606798648834,0.0004405379295349121,0.3533968925476074,0.0,0.43421012,0.21161507,0.9995593,0.09931789,0.07817178,-1.0278832e-07,-0.0018434525,-0.0072877407,0.023925781,-0.04121592,0.035283342,0.015362659,0.4695,0.23436318,1.0,,,,,,,,,,,,,,,,,,,,,,,,,,,,,,,,,,,,,,,,,,,
1253.0,-0.016256488920318956,0.04565149173140526,0.00044054986210539937,0.35370558500289917,0.0,0.4346226,0.211941,0.9995593,0.09899498,0.07822164,-4.956838e-08,-0.0015525818,-0.0075950623,0.02387023,0.071587294,-0.072099686,-0.012796795,0.469875,0.23452522,1.0,,,,,,,,,,,,,,,,,,,,,,,,,,,,,,,,,,,,,,,,,,,
1254.0,-0.01624788235063097,0.04561438784003258,0.00044054986210539937,0.3540060818195343,0.0,0.43503368,0.21226709,0.9995593,0.098659866,0.07825932,-1.3538418e-07,-0.0017206669,-0.0074441433,0.023935556,-0.041231643,0.03528382,0.015360324,0.47025,0.23468721,1.0,,,,,,,,,,,,,,,,,,,,,,,,,,,,,,,,,,,,,,,,,,,
1255.0,-0.01623861063023651,0.04557734355330467,0.00044054986210539937,0.35429808497428894,0.0,0.43544337,0.21259335,0.9995593,0.09833085,0.078304,-8.005483e-08,-0.0014297962,-0.007751465,0.023880005,0.07157704,-0.07209444,-0.012795408,0.470625,0.23484914,1.0,,,,,,,,,,,,,,,,,,,,,,,,,,,,,,,,,,,,,,,,,,,
1256.0,-0.016230491974331383,0.045540351420640945,0.00044054986210539937,0.354581356048584,0.0,0.43585166,0.21291976,0.9995593,0.09798963,0.0783365,-1.6978801e-07,-0.0015981197,-0.0076003075,0.023945332,-0.041247364,0.035284296,0.015357982,0.471,0.23501101,1.0,,,,,,,,,,,,,,,,,,,,,,,,,,,,,,,,,,,,,,,,,,,
1257.0,-0.016221654292172025,0.04550343006849289,0.00044054986210539937,0.3548557162284851,0.0,0.43625855,0.21324632,0.9995593,0.09765451,0.078375995,-1.1173201e-07,-0.0013070107,-0.007907867,0.02388978,0.07156679,-0.0720892,-0.012794018,0.471375,0.23517282,1.0,,,,,,,,,,,,,,,,,,,,,,,,,,,,,,,,,,,,,,,,,,,
1258.0,-0.016214001590271074,0.045466549694538116,0.00044054986210539937,0.3551209270954132,0.0,0.43666402,0.213573,0.9995593,0.09730719,0.07840332,-2.0552515e-07,-0.0014755726,-0.00775671,0.023955107,-0.041263074,0.035284776,0.015355634,0.47175,0.23533458,1.0,,,,,,,,,,,,,,,,,,,,,,,,,,,,,,,,,,,,,,,,,,,
1259.0,-0.01620570930809918,0.0454297736287117,0.00044054986210539937,0.35537680983543396,0.0,0.43706805,0.21389982,0.9995593,0.09696597,0.07843764,-1.4470922e-07,-0.0011847019,-0.008064032,0.023899555,0.071556546,-0.072083965,-0.012792624,0.472125,0.23549627,1.0,,,,,,,,,,,,,,,,,,,,,,,,,,,,,,,,,,,,,,,,,,,
1260.0,-0.01619861385987606,0.04539305344223976,0.00044054986210539937,0.35562315583229065,0.0,0.4374706,0.21422674,0.9995593,0.09661256,0.07845979,-2.4256784e-07,-0.0013530254,-0.007913113,0.023964882,-0.04127878,0.035285253,0.015353279,0.4725,0.2356579,1.0,,,,,,,,,,,,,,,,,,,,,,,,,,,,,,,,,,,,,,,,,,,
1261.0,-0.016190890476777714,0.0453563928604126,0.00044054986210539937,0.35585978627204895,0.0,0.4378717,0.21455377,0.9995593,0.09626524,0.07848895,-1.7899089e-07,-0.0010621548,-0.008220434,0.023909092,0.0715463,-0.072078735,-0.012791226,0.472875,0.23581947,1.0,,,,,,,,,,,,,,,,,,,,,,,,,,,,,,,,,,,,,,,,,,,
1262.0,-0.016184374695359292,0.04531983286142349,0.0004405617655720562,0.35608652234077454,0.0,0.4382713,0.21488088,0.9995593,0.095905736,0.07850594,-2.8091287e-07,-0.0012307167,-0.008069277,0.023974419,-0.041294478,0.035285734,0.015350918,0.47325,0.235981,1.0,,,,,,,,,,,,,,,,,,,,,,,,,,,,,,,,,,,,,,,,,,,
1263.0,-0.016177238683577164,0.04528332129120827,0.0004405617655720562,0.35630327463150024,0.0,0.43866944,0.21520808,0.9995593,0.095552325,0.07852995,-2.1457564e-07,-0.00093984604,-0.008376598,0.023918867,0.071536064,-0.072073504,-0.012789824,0.473625,0.23614246,1.0,,,,,,,,,,,,,,,,,,,,,,,,,,,,,,,,,,,,,,,,,,,
1264.0,-0.01617119462445408,0.0452469065785408,0.0004405617655720562,0.3565099239349365,0.0,0.43906605,0.21553534,0.9995593,0.09518673,0.07854178,-3.205585e-07,-0.001108408,-0.008225679,0.023984194,-0.04131017,0.03528621,0.01534855,0.474,0.23630385,1.0,,,,,,,,,,,,,,,,,,,,,,,,,,,,,,,,,,,,,,,,,,,
1265.0,-0.016164541883212223,0.045210592448711395,0.0004405617655720562,0.3567062020301819,0.0,0.43946117,0.21586268,0.9995593,0.094827235,0.07856063,-2.514618e-07,-0.0008177757,-0.008533001,0.023928404,0.071525835,-0.07206828,-0.012788419,0.474375,0.2364652,1.0,,,,,,,,,,,,,,,,,,,,,,,,,,,,,,,,,,,,,,,,,,,
1266.0,-0.01615910721207911,0.04517439380288124,0.0004405617655720562,0.3568922281265259,0.0,0.43985474,0.21619004,0.9995593,0.094455555,0.07856732,-3.6150306e-07,-0.0009863377,-0.008381844,0.02399373,-0.041325852,0.03528669,0.015346175,0.47475,0.23662648,1.0,,,,,,,,,,,,,,,,,,,,,,,,,,,,,,,,,,,,,,,,,,,
1267.0,-0.016153070020283485,0.04513831064105034,0.0004405617655720562,0.35706767439842224,0.0,0.44024676,0.21651746,0.9995593,0.09408998,0.07858102,-2.8964763e-07,-0.0006957054,-0.008689165,0.02393794,0.07151561,-0.07206306,-0.01278701,0.475125,0.23678769,1.0,,,,,,,,,,,,,,,,,,,,,,,,,,,,,,,,,,,,,,,,,,,
1268.0,-0.016148096266186625,0.0451023206114769,0.00044054986210539937,0.35723257064819336,0.0,0.44063723,0.2168449,0.9995593,0.09371222,0.07858257,-4.037448e-07,-0.00086426735,-0.008538008,0.024003506,-0.041341532,0.035287168,0.015343794,0.4755,0.23694886,1.0,,,,,,,,,,,,,,,,,,,,,,,,,,,,,,,,,,,,,,,,,,,
1269.0,-0.016142502517388496,0.04506650194525719,0.0004405617655720562,0.3573867976665497,0.0,0.44102615,0.21717235,0.9995593,0.09334056,0.07859114,-3.2913147e-07,-0.0005736351,-0.008495808,0.023947477,0.06949297,0.0117906,-0.012858084,0.475875,0.23710996,1.0,,,,,,,,,,,,,,,,,,,,,,,,,,,,,,,,,,,,,,,,,,,
1270.0,-0.016138188652776445,0.04503083601593971,0.00044054986210539937,0.35753029584884644,0.0,0.44141355,0.21749981,0.9995593,0.092971005,0.07858789,-3.234241e-07,-0.00074243546,-0.007995367,0.024012566,-0.04335469,0.119117275,0.0153074125,0.47625,0.23727101,1.0,,,,,,,,,,,,,,,,,,,,,,,,,,,,,,,,,,,,,,,,,,,
1271.0,-0.016133207970381775,0.0449952706694603,0.0004405617655720562,0.35766294598579407,0.0,0.44179946,0.21782728,0.9995593,0.092621826,0.07859202,-1.6060584e-07,-0.0004518032,-0.007953405,0.023956537,0.069474176,0.011756137,-0.012895469,0.476625,0.23743199,1.0,,,,,,,,,,,,,,,,,,,,,,,,,,,,,,,,,,,,,,,,,,,
1272.0,-0.01612956499927823,0.044959865510463715,0.00044054986210539937,0.3577846884727478,0.0,0.44218394,0.21815471,0.9995593,0.09227474,0.07858433,-1.78039e-07,-0.00062036514,-0.007452965,0.024021626,-0.043359194,0.11907861,0.015343243,0.477,0.23759292,1.0,,,,,,,,,,,,,,,,,,,,,,,,,,,,,,,,,,,,,,,,,,,
1273.0,-0.016125205455372636,0.04492459446191788,0.00044054986210539937,0.35789549350738525,0.0,0.44256705,0.21848214,0.9995593,0.09194802,0.07858401,-2.0096891e-08,-0.0003299713,-0.007411003,0.023965597,0.06945537,0.011721694,-0.012932823,0.477375,0.23775378,1.0,,,,,,,,,,,,,,,,,,,,,,,,,,,,,,,,,,,,,,,,,,,
1274.0,-0.0161222697761099,0.04488944634795189,0.00044054986210539937,0.35799530148506165,0.0,0.44294882,0.21880953,0.9995593,0.09162338,0.07857188,-3.8810114e-08,-0.00049877167,-0.006910801,0.024030924,-0.043363675,0.11903995,0.015379049,0.47775,0.23791459,1.0,,,,,,,,,,,,,,,,,,,,,,,,,,,,,,,,,,,,,,,,,,,
1275.0,-0.016118614120603163,0.04485444724559784,0.00044054986210539937,0.3580840826034546,0.0,0.4433293,0.2191369,0.9995593,0.09131909,0.078567125,1.09136785e-07,-0.00020837784,-0.0068690777,0.023974895,0.06943656,0.01168727,-0.012970149,0.478125,0.23807533,1.0,,,,,,,,,,,,,,,,,,,,,,,,,,,,,,,,,,,,,,,,,,,
1276.0,-0.016116407389602683,0.04481957107782364,0.00044054986210539937,0.3581618070602417,0.0,0.44370854,0.21946418,0.9995593,0.091016866,0.07855057,9.0354355e-08,-0.00037693977,-0.006369114,0.024040222,-0.043368135,0.11900132,0.015414832,0.4785,0.23823602,1.0,,,,,,,,,,,,,,,,,,,,,,,,,,,,,,,,,,,,,,,,,,,
1277.0,-0.01611338509506459,0.04478488117456436,0.00044054986210539937,0.35822850465774536,0.0,0.4440866,0.21979144,0.9995593,0.09073499,0.07854138,2.2803461e-07,-8.678436e-05,-0.0063273907,0.023984194,0.06941773,0.011652866,-0.013007444,0.478875,0.23839664,1.0,,,,,,,,,,,,,,,,,,,,,,,,,,,,,,,,,,,,,,,,,,,
1278.0,-0.01611189696784859,0.04475024342536926,0.00044054986210539937,0.3582841753959656,0.0,0.44446352,0.22011861,0.9995593,0.09045517,0.078520395,2.0925579e-07,-0.00025558472,-0.0058276653,0.02404952,-0.04337257,0.1189627,0.01545059,0.47925,0.23855722,1.0,,,,,,,,,,,,,,,,,,,,,,,,,,,,,,,,,,,,,,,,,,,
1279.0,-0.01610947278551321,0.044715821743011475,0.00044054986210539937,0.35832878947257996,0.0,0.44483933,0.22044572,0.9995593,0.09019568,0.07850679,3.3666512e-07,3.4809113e-05,-0.0057861805,0.023993492,0.069398895,0.011618481,-0.013044711,0.479625,0.23871773,1.0,,,,,,,,,,,,,,,,,,,,,,,,,,,,,,,,,,,,,,,,,,,
1280.0,-0.01610878971700295,0.04468151554465294,0.00044054986210539937,0.35836243629455566,0.0,0.44521406,0.22077273,0.9995593,0.08993823,0.07848138,3.1789995e-07,-0.00013399124,-0.005286455,0.024059057,-0.043376986,0.118924096,0.015486326,0.48,0.23887818,1.0,,,,,,,,,,,,,,,,,,,,,,,,,,,,,,,,,,,,,,,,,,,
1281.0,-0.016106907753471754,0.04464736580848694,0.00044054986210539937,0.3583850562572479,0.0,0.4455878,0.22109966,0.9995593,0.0897011,0.07846336,4.3504878e-07,0.00015616417,-0.0052452087,0.024003029,0.069380045,0.011584116,-0.013081948,0.480375,0.23903857,1.0,,,,,,,,,,,,,,,,,,,,,,,,,,,,,,,,,,,,,,,,,,,
1282.0,-0.016106990217658313,0.04461337625980377,0.00044054986210539937,0.35839688777923584,0.0,0.4459606,0.22142646,0.9995593,0.089466006,0.07843354,4.1630386e-07,-1.2636185e-05,-0.0047454834,0.024068594,-0.04338138,0.1188855,0.015522038,0.48075,0.2391989,1.0,,,,,,,,,,,,,,,,,,,,,,,,,,,,,,,,,,,,,,,,,,,
1283.0,-0.016106237570934902,0.044579505920410156,0.00044054986210539937,0.35839781165122986,0.0,0.44633248,0.22175318,0.9995593,0.08925121,0.0784111,5.2320337e-07,0.00027751923,-0.0047044754,0.024012566,0.06936119,0.01154977,-0.013119157,0.481125,0.23935917,1.0,,,,,,,,,,,,,,,,,,,,,,,,,,,,,,,,,,,,,,,,,,,
1284.0,-0.01610680082545514,0.04454581066966057,0.00044054986210539937,0.3583880662918091,0.0,0.44670346,0.22207974,0.9995593,0.08903845,0.078376874,5.044852e-07,0.00010848045,-0.0049779415,0.024077892,-0.038931597,-0.06660069,0.015506262,0.4815,0.23951937,1.0,,,,,,,,,,,,,,,,,,,,,,,,,,,,,,,,,,,,,,,,,,,
1285.0,-0.01610678987506981,0.04451228305697441,0.00044054986210539937,0.3583676517009735,0.0,0.44707352,0.2224062,0.9995593,0.088814385,0.07834928,4.560859e-07,0.00039863586,-0.004793167,0.024021864,0.068531804,0.046021827,-0.013098578,0.481875,0.23967953,1.0,,,,,,,,,,,,,,,,,,,,,,,,,,,,,,,,,,,,,,,,,,,
1286.0,-0.016108007294985877,0.04447893053293228,0.00044054986210539937,0.35833680629730225,0.0,0.44744268,0.22273248,0.9995593,0.088598214,0.07831002,5.013534e-07,0.00022983551,-0.005066633,0.024087429,-0.038932834,-0.06660406,0.015494212,0.48225,0.23983961,1.0,,,,,,,,,,,,,,,,,,,,,,,,,,,,,,,,,,,,,,,,,,,
1287.0,-0.016108617132723158,0.044445764273405075,0.0004405379295349121,0.35829558968544006,0.0,0.44781092,0.22305864,0.9995593,0.08837076,0.078277394,4.3777388e-07,0.0005199909,-0.004881859,0.0240314,0.06853189,0.046023052,-0.013087524,0.482625,0.23999965,1.0,,,,,,,,,,,,,,,,,,,,,,,,,,,,,,,,,,,,,,,,,,,
1288.0,-0.016110448497121982,0.04441281408071518,0.0004405379295349121,0.3582441806793213,0.0,0.4481782,0.22338462,0.99955934,0.0881512,0.07823312,4.8583854e-07,0.00035095215,-0.005155325,0.024096727,-0.03893407,-0.06660744,0.015482159,0.483,0.24015962,1.0,,,,,,,,,,,,,,,,,,,,,,,,,,,,,,,,,,,,,,,,,,,
1289.0,-0.016111664970465064,0.044380053877830505,0.0004405379295349121,0.3581826388835907,0.0,0.44854453,0.22371043,0.99955934,0.08792035,0.07819548,2.3748233e-07,0.00064110756,-0.0049705505,0.024040699,0.06853198,0.046024278,-0.013076468,0.483375,0.24031952,1.0,,,,,,,,,,,,,,,,,,,,,,,,,,,,,,,,,,,,,,,,,,,
1290.0,-0.016114091840652694,0.04434750974178314,0.0004405379295349121,0.35811126232147217,0.0,0.44890994,0.22403604,0.99955934,0.087697394,0.07814619,3.2816288e-07,0.0004723072,-0.0052440166,0.024106026,-0.038935304,-0.066610806,0.015470107,0.48375,0.24047938,1.0,,,,,,,,,,,,,,,,,,,,,,,,,,,,,,,,,,,,,,,,,,,
1291.0,-0.01611591453843794,0.04431521147489548,0.0004405379295349121,0.3580300807952881,0.0,0.44927436,0.22436148,0.99955934,0.087463155,0.078103535,2.5360603e-07,0.0007624626,-0.0050592422,0.024050236,0.06853207,0.0460255,-0.013065413,0.484125,0.24063917,1.0,,,,,,,,,,,,,,,,,,,,,,,,,,,,,,,,,,,,,,,,,,,
1292.0,-0.016118940681938695,0.0442831814289093,0.0004405379295349121,0.35793936252593994,0.0,0.44963786,0.22468668,0.99955934,0.08723681,0.07804923,3.027145e-07,0.00059342384,-0.0053327084,0.024115324,-0.03893654,-0.06661418,0.015458054,0.4845,0.24079889,1.0,,,,,,,,,,,,,,,,,,,,,,,,,,,,,,,,,,,,,,,,,,,
1293.0,-0.016121334262103486,0.044251345098018646,0.0004405379295349121,0.3578391373157501,0.0,0.45000035,0.22501169,0.99955934,0.08699917,0.07800156,2.377604e-07,0.00088357925,-0.005147934,0.024059534,0.068532154,0.046026725,-0.013054357,0.484875,0.24095857,1.0,,,,,,,,,,,,,,,,,,,,,,,,,,,,,,,,,,,,,,,,,,,
1294.0,-0.016124917086598,0.04421982914209366,0.0004405379295349121,0.3577297627925873,0.0,0.4503619,0.22533645,0.99955934,0.08676943,0.077942245,2.838478e-07,0.0007147789,-0.0054216385,0.02412486,-0.038937774,-0.06661755,0.015446001,0.48525,0.24111818,1.0,,,,,,,,,,,,,,,,,,,,,,,,,,,,,,,,,,,,,,,,,,,
1295.0,-0.016127856015360886,0.044188544154167175,0.0004405379295349121,0.3576112687587738,0.0,0.45072243,0.22566098,0.99955934,0.08652841,0.07788956,2.1944507e-07,0.0010046959,-0.0052366257,0.024068832,0.06853224,0.046027943,-0.0130433,0.485625,0.24127772,1.0,,,,,,,,,,,,,,,,,,,,,,,,,,,,,,,,,,,,,,,,,,,
1296.0,-0.016131976062852486,0.044157564640045166,0.0004405379295349121,0.3574838936328888,0.0,0.451082,0.22598526,0.99955934,0.086295284,0.07782523,2.6463667e-07,0.00083589554,-0.00551033,0.02413416,-0.038939007,-0.06662091,0.015433948,0.486,0.24143721,1.0,,,,,,,,,,,,,,,,,,,,,,,,,,,,,,,,,,,,,,,,,,,
1297.0,-0.016135709622083234,0.04412684589624405,0.0004405379295349121,0.3573478162288666,0.0,0.45144054,0.22630928,0.99955934,0.08605087,0.07776754,2.0028615e-07,0.001126051,-0.005325556,0.02407813,0.06853233,0.046029165,-0.013032243,0.486375,0.24159664,1.0,,,,,,,,,,,,,,,,,,,,,,,,,,,,,,,,,,,,,,,,,,,
1298.0,-0.016140669732341486,0.04409642890095711,0.0004405379295349121,0.35720327496528625,0.0,0.4517981,0.22663303,0.99955934,0.08581436,0.07769821,2.4469924e-07,0.0009570122,-0.005599022,0.024143457,-0.038940236,-0.06662428,0.0154218925,0.48675,0.241756,1.0,,,,,,,,,,,,,,,,,,,,,,,,,,,,,,,,,,,,,,,,,,,
1299.0,-0.016144961742735178,0.044066350907087326,0.0004405379295349121,0.35705041885375977,0.0,0.45215464,0.22695652,0.99955934,0.08556656,0.07763551,1.8037326e-07,0.0012471676,-0.0054142475,0.024087429,0.068532415,0.046030384,-0.013021185,0.487125,0.24191532,1.0,,,,,,,,,,,,,,,,,,,,,,,,,,,,,,,,,,,,,,,,,,,
1300.0,-0.016150392832257058,0.04403656721115112,0.0004405379295349121,0.3568894565105438,0.0,0.45251015,0.22727968,0.99955934,0.08532666,0.07756118,2.2401451e-07,0.0010783672,-0.0056877136,0.024152756,-0.038941465,-0.06662764,0.015409838,0.4875,0.24207456,1.0,,,,,,,,,,,,,,,,,,,,,,,,,,,,,,,,,,,,,,,,,,,
1301.0,-0.01615514323555399,0.0440070703625679,0.0004405379295349121,0.35672062635421753,0.0,0.45286465,0.22760257,0.99955934,0.08507547,0.077493474,1.5971132e-07,0.0013682842,-0.005502939,0.024096727,0.068532504,0.0460316,-0.013010126,0.487875,0.24223375,1.0,,,,,,,,,,,,,,,,,,,,,,,,,,,,,,,,,,,,,,,,,,,
1302.0,-0.01616104060165235,0.043977975845336914,0.0004405379295349121,0.3565440773963928,0.0,0.4532181,0.22792514,0.99955934,0.084832184,0.07741414,2.0258126e-07,0.0011994839,-0.0057766438,0.024162054,-0.0389427,-0.06663099,0.015397782,0.48825,0.24239287,1.0,,,,,,,,,,,,,,,,,,,,,,,,,,,,,,,,,,,,,,,,,,,
1303.0,-0.016166248143427223,0.043949224054813385,0.0004405379295349121,0.35635995864868164,0.0,0.45357051,0.22824739,0.99955934,0.08457761,0.07734144,1.3830059e-07,0.0014896393,-0.005591631,0.024106264,0.068532586,0.046032816,-0.012999067,0.488625,0.24255194,1.0,,,,,,,,,,,,,,,,,,,,,,,,,,,,,,,,,,,,,,,,,,,
1304.0,-0.016172590025651155,0.04392082616686821,0.0004405379295349121,0.35616856813430786,0.0,0.45392188,0.2285693,0.99955934,0.08433094,0.0772571,1.8039943e-07,0.0013206005,-0.0058653355,0.024171114,-0.038943924,-0.06663435,0.0153857265,0.489,0.24271095,1.0,,,,,,,,,,,,,,,,,,,,,,,,,,,,,,,,,,,,,,,,,,,
1305.0,-0.01617835551770768,0.04389277845621109,0.0004405379295349121,0.35596999526023865,0.0,0.45427218,0.22889087,0.99955934,0.084072985,0.0771794,1.16141074e-07,0.0016107559,-0.005680561,0.024115324,0.06853267,0.04603403,-0.012988007,0.489375,0.24286988,1.0,,,,,,,,,,,,,,,,,,,,,,,,,,,,,,,,,,,,,,,,,,,
1306.0,-0.016185010794979464,0.0438651368021965,0.0004405379295349121,0.35576459765434265,0.0,0.45462146,0.22921208,0.99955934,0.083822936,0.07709007,1.5746896e-07,0.0014417171,-0.0059542656,0.024180412,-0.038945153,-0.0666377,0.0153736705,0.48975,0.24302877,1.0,,,,,,,,,,,,,,,,,,,,,,,,,,,,,,,,,,,,,,,,,,,
1307.0,-0.016191411621873705,0.043837882578372955,0.0004405379295349121,0.35555240511894226,0.0,0.4549696,0.22953294,0.99955934,0.0835616,0.077007376,9.323274e-08,0.0017318726,-0.005769253,0.024124622,0.06853276,0.046035245,-0.012976946,0.490125,0.24318759,1.0,,,,,,,,,,,,,,,,,,,,,,,,,,,,,,,,,,,,,,,,,,,
1308.0,-0.016198466348052897,0.04381101205945015,0.0004405379295349121,0.35533368587493896,0.0,0.45531675,0.22985342,0.99955934,0.08330816,0.07691305,1.3378987e-07,0.0015630722,-0.0060429573,0.02418971,-0.03894638,-0.066641055,0.015361614,0.4905,0.24334636,1.0,,,,,,,,,,,,,,,,,,,,,,,,,,,,,,,,,,,,,,,,,,,
1309.0,-0.016205254777306256,0.043784573674201965,0.0004405379295349121,0.3551085591316223,0.0,0.45566276,0.23017353,0.99955934,0.08304345,0.076825365,6.957557e-08,0.0018529892,-0.005858183,0.02413392,0.06853284,0.04603646,-0.012965886,0.490875,0.24350506,1.0,,,,,,,,,,,,,,,,,,,,,,,,,,,,,,,,,,,,,,,,,,,
1310.0,-0.01621268573530979,0.043758559972047806,0.0004405379295349121,0.3548772931098938,0.0,0.4560077,0.23049322,0.99955934,0.08278663,0.07672605,1.0936213e-07,0.0016841888,-0.0061318874,0.024199009,-0.038947605,-0.0666444,0.015349557,0.49125,0.2436637,1.0,,,,,,,,,,,,,,,,,,,,,,,,,,,,,,,,,,,,,,,,,,,
1311.0,-0.01621984234911215,0.04373299703001976,0.0004405379295349121,0.3546399176120758,0.0,0.45635152,0.23081252,0.99955934,0.08251853,0.07663337,4.5169536e-08,0.0019743443,-0.0059468746,0.024143219,0.06853292,0.04603767,-0.012954825,0.491625,0.24382228,1.0,,,,,,,,,,,,,,,,,,,,,,,,,,,,,,,,,,,,,,,,,,,
1312.0,-0.016227628243186337,0.04370781034231186,0.00044052599696442485,0.3543968200683594,0.0,0.45669428,0.23113139,0.99955934,0.08225834,0.07652906,8.4185714e-08,0.0018053055,-0.006220579,0.024208069,-0.03894883,-0.06664775,0.015337498,0.492,0.2439808,1.0,,,,,,,,,,,,,,,,,,,,,,,,,,,,,,,,,,,,,,,,,,,
1313.0,-0.0162351279181843,0.043683119118213654,0.00044052599696442485,0.3541480302810669,0.0,0.4570359,0.23144986,0.99955934,0.08198687,0.0764314,2.001463e-08,0.002095461,-0.0060358047,0.024152517,0.068533,0.04603888,-0.012943762,0.492375,0.24413925,1.0,,,,,,,,,,,,,,,,,,,,,,,,,,,,,,,,,,,,,,,,,,,
1314.0,-0.016243252430542636,0.04365891218185425,0.00044052599696442485,0.3538936972618103,0.0,0.4573764,0.23176786,0.99955934,0.081723295,0.07632211,5.82606e-08,0.0019264221,-0.0063095093,0.024217367,-0.038950052,-0.0666511,0.01532544,0.49275,0.24429765,1.0,,,,,,,,,,,,,,,,,,,,,,,,,,,,,,,,,,,,,,,,,,,
1315.0,-0.016251078471796066,0.043635156005620956,0.00044052599696442485,0.3536340594291687,0.0,0.45771578,0.23208545,0.99955934,0.08144844,0.07621947,-5.8891687e-09,0.0022165775,-0.006124735,0.024161577,0.06853309,0.046040088,-0.012932699,0.493125,0.24445598,1.0,,,,,,,,,,,,,,,,,,,,,,,,,,,,,,,,,,,,,,,,,,,
1316.0,-0.01625951829865517,0.04361189156770706,0.00044052599696442485,0.35336926579475403,0.0,0.45805404,0.23240255,0.99955934,0.081181504,0.07610519,3.1586776e-08,0.0020475388,-0.0063984394,0.024226427,-0.038951278,-0.06665444,0.015313381,0.4935,0.24461426,1.0,,,,,,,,,,,,,,,,,,,,,,,,,,,,,,,,,,,,,,,,,,,
1317.0,-0.016267653360639817,0.04358912259340286,0.00044052599696442485,0.35309937596321106,0.0,0.45839113,0.23271921,0.99955934,0.08090328,0.07599756,-3.2541887e-08,0.0023376942,-0.0062134266,0.024170876,0.068533175,0.0460413,-0.012921636,0.493875,0.24477246,1.0,,,,,,,,,,,,,,,,,,,,,,,,,,,,,,,,,,,,,,,,,,,
1318.0,-0.016276395334977135,0.043566882610321045,0.00044052599696442485,0.3528245687484741,0.0,0.4587271,0.23303537,0.99955934,0.080632955,0.07587831,4.164219e-09,0.0021686554,-0.006487131,0.024235725,-0.0389525,-0.06665778,0.015301322,0.49425,0.24493062,1.0,,,,,,,,,,,,,,,,,,,,,,,,,,,,,,,,,,,,,,,,,,,
1319.0,-0.01628462042419269,0.04354510456323624,0.00044052599696442485,0.35254499316215515,0.0,0.4590619,0.23335105,0.99955934,0.08035135,0.0757657,-5.994354e-08,0.0024588108,-0.0063023567,0.024179935,0.06853326,0.046042506,-0.012910573,0.494625,0.24508871,1.0,,,,,,,,,,,,,,,,,,,,,,,,,,,,,,,,,,,,,,,,,,,
1320.0,-0.01629344370572508,0.0435238778591156,0.00044052599696442485,0.3522607982158661,0.0,0.45939556,0.23366623,0.99955934,0.08007766,0.07564146,-2.4007099e-08,0.002289772,-0.0065760612,0.024244785,-0.03895372,-0.06666112,0.015289262,0.495,0.24524674,1.0,,,,,,,,,,,,,,,,,,,,,,,,,,,,,,,,,,,,,,,,,,,
1321.0,-0.016301947628850032,0.04350317269563675,0.00044051409349776804,0.3519720137119293,0.0,0.459728,0.23398091,0.99955934,0.079792686,0.07552388,-8.8094154e-08,0.0025799274,-0.006391287,0.024189234,0.06853334,0.04604371,-0.012899508,0.495375,0.2454047,1.0,,,,,,,,,,,,,,,,,,,,,,,,,,,,,,,,,,,,,,,,,,,
1322.0,-0.01631110769128864,0.04348302632570267,0.00044051409349776804,0.35167887806892395,0.0,0.46005931,0.23429506,0.99955934,0.07951562,0.07539467,-5.2927177e-08,0.0024108887,-0.0066649914,0.024253845,-0.03895494,-0.06666446,0.015277201,0.49575,0.24556261,1.0,,,,,,,,,,,,,,,,,,,,,,,,,,,,,,,,,,,,,,,,,,,
1323.0,-0.016319812637630094,0.04346337169408798,0.00044051409349776804,0.3513812720775604,0.0,0.46038944,0.2346087,0.99955934,0.079227276,0.07527211,-1.16993746e-07,0.002701044,-0.0064799786,0.024198294,0.06853342,0.046044912,-0.012888443,0.496125,0.24572046,1.0,,,,,,,,,,,,,,,,,,,,,,,,,,,,,,,,,,,,,,,,,,,
1324.0,-0.016329372547732784,0.04344433546066284,0.00044051409349776804,0.351079523563385,0.0,0.4607184,0.23492177,0.99955934,0.078946844,0.07513793,-8.259606e-08,0.0025320053,-0.0067539215,0.024263144,-0.038956158,-0.06666779,0.015265141,0.4965,0.24587825,1.0,,,,,,,,,,,,,,,,,,,,,,,,,,,,,,,,,,,,,,,,,,,
1325.0,-0.01633823752006429,0.043425824493169785,0.00044051409349776804,0.35077357292175293,0.0,0.46104613,0.2352343,0.99955934,0.07865512,0.0750104,-1.4664234e-07,0.0028221607,-0.0065689087,0.024207354,0.0685335,0.046046115,-0.012877378,0.496875,0.24603596,1.0,,,,,,,,,,,,,,,,,,,,,,,,,,,,,,,,,,,,,,,,,,,
1326.0,-0.016348141594883056,0.043407898396253586,0.00044051409349776804,0.3504635691642761,0.0,0.46137267,0.23554628,0.99955934,0.07837132,0.07487124,-1.13013755e-07,0.002653122,-0.006842613,0.024272203,-0.038957376,-0.06667112,0.015253079,0.49725,0.24619363,1.0,,,,,,,,,,,,,,,,,,,,,,,,,,,,,,,,,,,,,,,,,,,
1327.0,-0.016357192880067307,0.04339054599404335,0.00044051409349776804,0.3501494824886322,0.0,0.461698,0.23585768,0.99955934,0.078076236,0.07473875,-1.7703994e-07,0.0029432774,-0.006657839,0.024216652,0.06853358,0.04604732,-0.012866311,0.497625,0.24635123,1.0,,,,,,,,,,,,,,,,,,,,,,,,,,,,,,,,,,,,,,,,,,,
1328.0,-0.016367280113786548,0.04337378591299057,0.00044051409349776804,0.3498314619064331,0.0,0.4620221,0.23616849,0.99955934,0.07778906,0.074594624,-1.4418029e-07,0.0027742386,-0.006810665,0.024281502,-0.039661597,-0.037673734,0.0153264,0.498,0.24650876,1.0,,,,,,,,,,,,,,,,,,,,,,,,,,,,,,,,,,,,,,,,,,,
1329.0,-0.016376573865814863,0.04335757717490196,0.00044051409349776804,0.34950941801071167,0.0,0.462345,0.23647873,0.99955934,0.07749555,0.07445728,-1.7423818e-07,0.003064394,-0.0065050125,0.024226427,0.06782552,0.075042464,-0.01278314,0.498375,0.24666624,1.0,,,,,,,,,,,,,,,,,,,,,,,,,,,,,,,,,,,,,,,,,,,
1330.0,-0.016387082695503343,0.04334196448326111,0.00044051409349776804,0.3491835296154022,0.0,0.46266672,0.23678835,0.99955934,0.07721489,0.07430843,-1.18597576e-07,0.0028953552,-0.0066580772,0.024291277,-0.039659742,-0.037690543,0.015327733,0.49875,0.24682365,1.0,,,,,,,,,,,,,,,,,,,,,,,,,,,,,,,,,,,,,,,,,,,
1331.0,-0.01639658900686118,0.043326932936906815,0.00044052599696442485,0.34885361790657043,0.0,0.46298727,0.23709738,0.99955934,0.07692788,0.074166365,-1.522311e-07,0.0031855106,-0.0063524246,0.024236202,0.0678218,0.07503009,-0.012785308,0.499125,0.24698101,1.0,,,,,,,,,,,,,,,,,,,,,,,,,,,,,,,,,,,,,,,,,,,
1332.0,-0.01640758735785421,0.043312542140483856,0.00044052599696442485,0.34851986169815063,0.0,0.46330667,0.23740576,0.99955934,0.07665372,0.07401279,-9.9108156e-08,0.0030164719,-0.0065054893,0.024301052,-0.03965789,-0.037707347,0.015329058,0.4995,0.24713829,1.0,,,,,,,,,,,,,,,,,,,,,,,,,,,,,,,,,,,,,,,,,,,
1333.0,-0.01641733245165597,0.04329868033528328,0.00044052599696442485,0.3481821119785309,0.0,0.46362486,0.23771355,0.99955934,0.07637321,0.073866,-1.3037806e-07,0.0033066273,-0.0061998367,0.024245977,0.06781809,0.07501773,-0.01278747,0.499875,0.24729553,1.0,,,,,,,,,,,,,,,,,,,,,,,,,,,,,,,,,,,,,,,,,,,
1334.0,-0.01642857251720707,0.043285492807626724,0.00044052599696442485,0.34784042835235596,0.0,0.463942,0.23802066,0.99955934,0.07610554,0.073707715,-8.1164636e-08,0.0031375885,-0.0063529015,0.024311066,-0.03965604,-0.037724145,0.015330375,0.50025,0.24745269,1.0,,,,,,,,,,,,,,,,,,,,,,,,,,,,,,,,,,,,,,,,,,,
1335.0,-0.016438559979632558,0.04327281937003136,0.00044052599696442485,0.3474947512149811,0.0,0.46425796,0.23832715,0.99955934,0.07583152,0.07355621,-1.0974417e-07,0.003427744,-0.006047249,0.024255753,0.06781438,0.075005375,-0.012789627,0.500625,0.2476098,1.0,,,,,,,,,,,,,,,,,,,,,,,,,,,,,,,,,,,,,,,,,,,
1336.0,-0.016450041898628844,0.04326082393527031,0.00044052599696442485,0.347145140171051,0.0,0.46457282,0.23863295,0.99955934,0.07557034,0.073393196,-6.4514545e-08,0.0032587051,-0.006200552,0.02432084,-0.039654188,-0.037740935,0.015331684,0.501,0.24776684,1.0,,,,,,,,,,,,,,,,,,,,,,,,,,,,,,,,,,,,,,,,,,,
1337.0,-0.016460386391862633,0.04324936121702194,0.00044052599696442485,0.34679141640663147,0.0,0.46488658,0.2389381,0.99955934,0.0753028,0.07323697,-9.038628e-08,0.0035488605,-0.0058948994,0.024265766,0.06781068,0.07499302,-0.012791778,0.501375,0.24792382,1.0,,,,,,,,,,,,,,,,,,,,,,,,,,,,,,,,,,,,,,,,,,,
1338.0,-0.01647200531046292,0.04323858767747879,0.00044052599696442485,0.3464336395263672,0.0,0.4651993,0.23924255,0.99955934,0.07504809,0.07306925,-4.9142074e-08,0.0033798218,-0.0060482025,0.024330616,-0.039652336,-0.037757717,0.015332985,0.50175,0.24808075,1.0,,,,,,,,,,,,,,,,,,,,,,,,,,,,,,,,,,,,,,,,,,,
1339.0,-0.01648272649018327,0.04322835057973862,0.00044052599696442485,0.34607166051864624,0.0,0.4655109,0.23954634,0.99955934,0.07478703,0.072908305,-7.2305646e-08,0.0036697388,-0.0057427883,0.024275541,0.06780697,0.07498068,-0.012793925,0.502125,0.2482376,1.0,,,,,,,,,,,,,,,,,,,,,,,,,,,,,,,,,,,,,,,,,,,
1340.0,-0.016494548693006074,0.04321875050663948,0.00044052599696442485,0.34570541977882385,0.0,0.46582147,0.2398494,0.99955934,0.07453879,0.07273587,-3.5044504e-08,0.0035007,-0.0058960915,0.024340391,-0.039650485,-0.037774492,0.0153342765,0.5025,0.2483944,1.0,,,,,,,,,,,,,,,,,,,,,,,,,,,,,,,,,,,,,,,,,,,
1341.0,-0.016505587085598385,0.04320979863405228,0.00044052599696442485,0.34533485770225525,0.0,0.466131,0.24015178,0.99955934,0.07428419,0.07257022,-5.550047e-08,0.0037908554,-0.0055906773,0.024285555,0.06780326,0.074968345,-0.012796065,0.502875,0.24855113,1.0,,,,,,,,,,,,,,,,,,,,,,,,,,,,,,,,,,,,,,,,,,,
1342.0,-0.01651767670047739,0.04320138692855835,0.00044052599696442485,0.3449598550796509,0.0,0.46643952,0.24045342,0.99955934,0.07404241,0.072393075,-2.2219817e-08,0.0036218166,-0.005744219,0.024350405,-0.039648637,-0.03779126,0.015335561,0.50325,0.2487078,1.0,,,,,,,,,,,,,,,,,,,,,,,,,,,,,,,,,,,,,,,,,,,
1343.0,-0.01652898599746768,0.04319366067647934,0.00044052599696442485,0.34458041191101074,0.0,0.466747,0.24075435,0.99955934,0.07379427,0.07222271,-3.9968796e-08,0.003911972,-0.0054388046,0.02429533,0.06779957,0.074956015,-0.0127982,0.503625,0.24886441,1.0,,,,,,,,,,,,,,,,,,,,,,,,,,,,,,,,,,,,,,,,,,,
1344.0,-0.016541353574717504,0.0431864969432354,0.00044052599696442485,0.34419628977775574,0.0,0.46705347,0.24105452,0.99955934,0.07355895,0.072040856,-1.066604e-08,0.0037429333,-0.005592346,0.02436018,-0.03964679,-0.037808023,0.015336837,0.504,0.24902095,1.0,,,,,,,,,,,,,,,,,,,,,,,,,,,,,,,,,,,,,,,,,,,
1345.0,-0.016552948695334274,0.04318000748753548,0.00044052599696442485,0.34380748867988586,0.0,0.46735898,0.24135396,0.99955934,0.07331725,0.07186579,-2.5708657e-08,0.0040328503,-0.005286932,0.024305344,0.067795865,0.07494369,-0.01280033,0.504375,0.24917744,1.0,,,,,,,,,,,,,,,,,,,,,,,,,,,,,,,,,,,,,,,,,,,
1346.0,-0.016565609248780314,0.04317411780357361,0.00044052599696442485,0.343413770198822,0.0,0.4676635,0.24165262,0.99955934,0.07308837,0.07167923,-3.8120881e-10,0.0038638115,-0.0054404736,0.024370193,-0.03964494,-0.03782478,0.015338104,0.50475,0.24933386,1.0,,,,,,,,,,,,,,,,,,,,,,,,,,,,,,,,,,,,,,,,,,,
1347.0,-0.016577505112597285,0.04316886514425278,0.00044052599696442485,0.3430151045322418,0.0,0.46796706,0.24195054,0.99955934,0.07285312,0.07149945,-1.2718087e-08,0.004153967,-0.005135298,0.024315357,0.06779218,0.074931376,-0.012802456,0.505125,0.24949022,1.0,,,,,,,,,,,,,,,,,,,,,,,,,,,,,,,,,,,,,,,,,,,
1348.0,-0.016590182735253624,0.04316423460841179,0.00044052599696442485,0.3426113426685333,0.0,0.46826968,0.24224766,0.99955934,0.07263068,0.07130819,8.63664e-09,0.003984928,-0.0052888393,0.024379969,-0.039643094,-0.037841525,0.015339363,0.5055,0.24964651,1.0,,,,,,,,,,,,,,,,,,,,,,,,,,,,,,,,,,,,,,,,,,,
1349.0,-0.016602565435756333,0.043160248547792435,0.00044051409349776804,0.3422022759914398,0.0,0.46857136,0.242544,0.99955934,0.07240186,0.07112371,-9.951251e-10,0.004274845,-0.0049836636,0.024325132,0.06778848,0.07491907,-0.012804575,0.505875,0.24980275,1.0,,,,,,,,,,,,,,,,,,,,,,,,,,,,,,,,,,,,,,,,,,,
1350.0,-0.016615567126596217,0.04315681755542755,0.00044052599696442485,0.3417878746986389,0.0,0.46887213,0.24283953,0.99955934,0.072185844,0.07092775,1.6389464e-08,0.004106045,-0.0051374435,0.024389982,-0.039641246,-0.037858266,0.015340615,0.50625,0.24995893,1.0,,,,,,,,,,,,,,,,,,,,,,,,,,,,,,,,,,,,,,,,,,,
1351.0,-0.016628283450825624,0.0431540384888649,0.00044051409349776804,0.34136784076690674,0.0,0.46917197,0.24313428,0.99955934,0.07196345,0.07073858,9.4621875e-09,0.0043959618,-0.0048322678,0.024335146,0.06778479,0.07490677,-0.012806689,0.506625,0.25011504,1.0,,,,,,,,,,,,,,,,,,,,,,,,,,,,,,,,,,,,,,,,,,,
1352.0,-0.016641631392054844,0.04315187782049179,0.00044052599696442485,0.3409420847892761,0.0,0.46947095,0.24342819,0.99955934,0.07175386,0.07053791,2.2879222e-08,0.004226923,-0.0049860477,0.024399996,-0.0396394,-0.037875,0.015341857,0.507,0.25027108,1.0,,,,,,,,,,,,,,,,,,,,,,,,,,,,,,,,,,,,,,,,,,,
1353.0,-0.016654700435580892,0.043150320649147034,0.00044052599696442485,0.34051045775413513,0.0,0.46976903,0.24372129,0.99955934,0.07153788,0.07034404,1.8655804e-08,0.00451684,-0.004680872,0.02434516,0.067781106,0.07489447,-0.012808798,0.507375,0.25042707,1.0,,,,,,,,,,,,,,,,,,,,,,,,,,,,,,,,,,,,,,,,,,,
1354.0,-0.01666841330973548,0.04314946383237839,0.00044052599696442485,0.34007272124290466,0.0,0.47006625,0.24401353,0.99955934,0.0713347,0.07013868,2.8107866e-08,0.004347801,-0.004834652,0.02441001,-0.039637554,-0.03789173,0.015343092,0.50775,0.250583,1.0,,,,,,,,,,,,,,,,,,,,,,,,,,,,,,,,,,,,,,,,,,,
1355.0,-0.01668185853610594,0.04314914345741272,0.00044052599696442485,0.3396287262439728,0.0,0.4703626,0.24430494,0.99955934,0.07112513,0.06994011,2.6587681e-08,0.0046379566,-0.0045297146,0.024355173,0.06777742,0.07488218,-0.012810902,0.508125,0.25073886,1.0,,,,,,,,,,,,,,,,,,,,,,,,,,,,,,,,,,,,,,,,,,,
1356.0,-0.016695788507071124,0.04314953088760376,0.00044052599696442485,0.33917832374572754,0.0,0.47065815,0.24459548,0.99955934,0.07092836,0.06973006,3.2077345e-08,0.004468918,-0.0046834946,0.024419785,-0.03963571,-0.03790845,0.01534432,0.5085,0.25089464,1.0,,,,,,,,,,,,,,,,,,,,,,,,,,,,,,,,,,,,,,,,,,,
1357.0,-0.016709463060324198,0.04315045103430748,0.00044052599696442485,0.33872127532958984,0.0,0.47095284,0.24488519,0.99955934,0.07072519,0.0695268,3.3259766e-08,0.004758835,-0.004378557,0.024365187,0.06777374,0.0748699,-0.012813,0.508875,0.25105038,1.0,,,,,,,,,,,,,,,,,,,,,,,,,,,,,,,,,,,,,,,,,,,
1358.0,-0.016723800843636494,0.043152038007974625,0.00044052599696442485,0.33825746178627014,0.0,0.47124672,0.24517399,0.99955934,0.07053481,0.06931205,3.478961e-08,0.004589796,-0.0045325756,0.024429798,-0.039633866,-0.037925165,0.015345538,0.50925,0.25120604,1.0,,,,,,,,,,,,,,,,,,,,,,,,,,,,,,,,,,,,,,,,,,,
1359.0,-0.016737897064628852,0.04315412789583206,0.00044052599696442485,0.33778655529022217,0.0,0.4715398,0.24546191,0.99955934,0.07033803,0.069104105,3.8674003e-08,0.004879713,-0.0042276382,0.0243752,0.06777006,0.07485762,-0.012815093,0.509625,0.25136167,1.0,,,,,,,,,,,,,,,,,,,,,,,,,,,,,,,,,,,,,,,,,,,
1360.0,-0.016752667178772756,0.04315686225891113,0.00044052599696442485,0.33730852603912354,0.0,0.47183213,0.24574894,0.99955934,0.07015405,0.06888467,3.6246604e-08,0.0047109127,-0.0043816566,0.024439812,-0.039632022,-0.03794187,0.015346749,0.51,0.2515172,1.0,,,,,,,,,,,,,,,,,,,,,,,,,,,,,,,,,,,,,,,,,,,
1361.0,-0.016767206493651616,0.043160147964954376,0.00044052599696442485,0.336823046207428,0.0,0.47212362,0.24603507,0.99955934,0.06996366,0.06867203,4.2832344e-08,0.0050008297,-0.0040767193,0.024385214,0.06776638,0.07484535,-0.01281718,0.510375,0.2516727,1.0,,,,,,,,,,,,,,,,,,,,,,,,,,,,,,,,,,,,,,,,,,,
1362.0,-0.016782433253655474,0.04316403716802597,0.00044052599696442485,0.33632999658584595,0.0,0.4724144,0.24632028,0.99955934,0.06978605,0.06844791,3.6450267e-08,0.004831791,-0.0042307377,0.024449825,-0.039630182,-0.03795857,0.015347951,0.51075,0.2518281,1.0,,,,,,,,,,,,,,,,,,,,,,,,,,,,,,,,,,,,,,,,,,,
1363.0,-0.016797440136515435,0.04316840320825577,0.00044052599696442485,0.33582910895347595,0.0,0.4727044,0.24660456,0.99955934,0.069602035,0.068230584,4.5736723e-08,0.005121708,-0.0039260387,0.024395227,0.0677627,0.074833095,-0.012819262,0.511125,0.25198346,1.0,,,,,,,,,,,,,,,,,,,,,,,,,,,,,,,,,,,,,,,,,,,
1364.0,-0.016813147494251827,0.043173305690288544,0.00044052599696442485,0.33532023429870605,0.0,0.4729937,0.2468879,0.99955934,0.069430806,0.068001784,3.540254e-08,0.004952669,-0.004080057,0.024459839,-0.039628338,-0.037975263,0.015349145,0.5115,0.25213876,1.0,,,,,,,,,,,,,,,,,,,,,,,,,,,,,,,,,,,,,,,,,,,
1365.0,-0.016828648320736102,0.04317877069115639,0.00044052599696442485,0.33480310440063477,0.0,0.47328225,0.24717031,0.99955934,0.069253154,0.06777978,4.7389072e-08,0.005242586,-0.0037753582,0.02440548,0.06775904,0.07482084,-0.012821339,0.511875,0.252294,1.0,,,,,,,,,,,,,,,,,,,,,,,,,,,,,,,,,,,,,,,,,,,
1366.0,-0.016844859793056097,0.04318472743034363,0.00044052599696442485,0.33427760004997253,0.0,0.47357014,0.24745177,0.99955934,0.06908829,0.06754629,3.3105366e-08,0.0050735474,-0.003929615,0.02447009,-0.039626498,-0.03799195,0.015350331,0.51225,0.25244915,1.0,,,,,,,,,,,,,,,,,,,,,,,,,,,,,,,,,,,,,,,,,,,
1367.0,-0.01686088597123926,0.04319118708372116,0.00044052599696442485,0.3337433934211731,0.0,0.47385728,0.24773227,0.99955934,0.068917006,0.0673196,4.7791335e-08,0.0053634644,-0.003624916,0.024415493,0.067755364,0.07480859,-0.012823411,0.512625,0.25260428,1.0,,,,,,,,,,,,,,,,,,,,,,,,,,,,,,,,,,,,,,,,,,,
1368.0,-0.016877620994101745,0.04319814220070839,0.00044052599696442485,0.3332003951072693,0.0,0.47414377,0.24801177,0.99955934,0.068758495,0.06708144,2.956066e-08,0.005194664,-0.003779173,0.024480104,-0.039624657,-0.03800863,0.015351509,0.513,0.2527593,1.0,,,,,,,,,,,,,,,,,,,,,,,,,,,,,,,,,,,,,,,,,,,
1369.0,-0.01689431039319534,0.043205611407756805,0.00044052599696442485,0.33264827728271484,0.0,0.47442958,0.24829032,0.99955934,0.06859356,0.06685007,4.6945445e-08,0.0054843426,-0.003474474,0.024425507,0.0677517,0.07479634,-0.012825477,0.513375,0.25291428,1.0,,,,,,,,,,,,,,,,,,,,,,,,,,,,,,,,,,,,,,,,,,,
1370.0,-0.016911481727211505,0.043213505297899246,0.00044052599696442485,0.3320869505405426,0.0,0.47471476,0.24856783,0.99955934,0.068441406,0.06660723,2.4770369e-08,0.005315542,-0.0036287308,0.024490118,-0.03962282,-0.0380253,0.0153526785,0.51375,0.2530692,1.0,,,,,,,,,,,,,,,,,,,,,,,,,,,,,,,,,,,,,,,,,,,
1371.0,-0.016928857457422782,0.04322188347578049,0.00044052599696442485,0.3315161466598511,0.0,0.47499928,0.24884439,0.99955934,0.06828282,0.06637119,4.4853323e-08,0.005605221,-0.0033242702,0.024435759,0.06774803,0.07478411,-0.012827538,0.514125,0.25322405,1.0,,,,,,,,,,,,,,,,,,,,,,,,,,,,,,,,,,,,,,,,,,,
1372.0,-0.016946566992546288,0.04323067143559456,0.00044052599696442485,0.33093565702438354,0.0,0.47528318,0.24911991,0.99955934,0.068137,0.06612367,1.8736412e-08,0.0054364204,-0.0034787655,0.024500132,-0.03962098,-0.038041964,0.01535384,0.5145,0.25337884,1.0,,,,,,,,,,,,,,,,,,,,,,,,,,,,,,,,,,,,,,,,,,,
1373.0,-0.016964683850571604,0.04323996230959892,0.00044052599696442485,0.3303452730178833,0.0,0.47556645,0.24939442,0.99955934,0.06798475,0.06588295,4.1516902e-08,0.005726099,-0.0031740665,0.024445772,0.067744374,0.07477188,-0.012829593,0.514875,0.25353357,1.0,,,,,,,,,,,,,,,,,,,,,,,,,,,,,,,,,,,,,,,,,,,
1374.0,-0.01698310257453486,0.04324958845973015,0.00044052599696442485,0.3297448754310608,0.0,0.47584912,0.24966788,0.99955934,0.06784526,0.065630764,1.14607115e-08,0.0055572987,-0.0033285618,0.024510384,-0.039619144,-0.038058624,0.015354993,0.51525,0.25368825,1.0,,,,,,,,,,,,,,,,,,,,,,,,,,,,,,,,,,,,,,,,,,,
1375.0,-0.017001834864760895,0.04325966536998749,0.00044052599696442485,0.32913413643836975,0.0,0.4761312,0.24994032,0.99955934,0.06769935,0.06538538,3.69381e-08,0.0058469772,-0.0030241013,0.024456024,0.06774071,0.074759655,-0.012831644,0.515625,0.25384283,1.0,,,,,,,,,,,,,,,,,,,,,,,,,,,,,,,,,,,,,,,,,,,
1376.0,-0.017020881980553168,0.043270207941532135,0.00044052599696442485,0.3285129964351654,0.0,0.47641274,0.2502117,0.99955934,0.067566186,0.06512852,2.9451963e-09,0.005678177,-0.0031785965,0.024520397,-0.039617304,-0.038075276,0.015356138,0.516,0.25399736,1.0,,,,,,,,,,,,,,,,,,,,,,,,,,,,,,,,,,,,,,,,,,,
1377.0,-0.01704025148714718,0.04328112676739693,0.00044052599696442485,0.32788121700286865,0.0,0.4766937,0.25048202,0.99955934,0.06742659,0.064878464,3.111884e-08,0.0059678555,-0.002874136,0.024466038,0.06773706,0.074747436,-0.012833689,0.516375,0.25415185,1.0,,,,,,,,,,,,,,,,,,,,,,,,,,,,,,,,,,,,,,,,,,,
1378.0,-0.01705994768877827,0.04329249635338783,0.00044052599696442485,0.32723861932754517,0.0,0.4769741,0.25075126,0.99955934,0.067299746,0.06461693,-6.808222e-09,0.005799055,-0.0030288696,0.02453065,-0.039615467,-0.03809192,0.0153572755,0.51675,0.25430626,1.0,,,,,,,,,,,,,,,,,,,,,,,,,,,,,,,,,,,,,,,,,,,
1379.0,-0.017079978006984315,0.04330418258905411,0.00044052599696442485,0.32658499479293823,0.0,0.47725394,0.25101942,0.99955934,0.06716647,0.06436221,2.4061041e-08,0.0060887337,-0.002724409,0.02447629,0.0677334,0.07473523,-0.012835729,0.517125,0.2544606,1.0,,,,,,,,,,,,,,,,,,,,,,,,,,,,,,,,,,,,,,,,,,,
1380.0,-0.017100346931259995,0.043316327035427094,0.00044051409349776804,0.3259201645851135,0.0,0.4775333,0.25128648,0.99955934,0.067045934,0.06409602,-1.7797626e-08,0.0059199333,-0.0028791428,0.024540663,-0.039613634,-0.038108557,0.015358404,0.5175,0.25461486,1.0,,,,,,,,,,,,,,,,,,,,,,,,,,,,,,,,,,,,,,,,,,,
1381.0,-0.017121059992866866,0.043328821659088135,0.00044051409349776804,0.3252439796924591,0.0,0.47781214,0.25155246,0.99955934,0.06691896,0.063836634,1.5766613e-08,0.006209612,-0.0025749207,0.024486542,0.06772975,0.07472303,-0.012837764,0.517875,0.2547691,1.0,,,,,,,,,,,,,,,,,,,,,,,,,,,,,,,,,,,,,,,,,,,
1382.0,-0.01714212106572304,0.04334176331758499,0.00044051409349776804,0.32455626130104065,0.0,0.4780905,0.25181735,0.99955934,0.06680473,0.063565776,-3.0021102e-08,0.0060408115,-0.0027296543,0.024550915,-0.039611798,-0.03812519,0.015359526,0.51825,0.25492325,1.0,,,,,,,,,,,,,,,,,,,,,,,,,,,,,,,,,,,,,,,,,,,
1383.0,-0.017163535197676903,0.043355029076337814,0.00044051409349776804,0.3238568902015686,0.0,0.47836834,0.2520811,0.99955934,0.06668405,0.06330173,6.2374688e-09,0.00633049,-0.0024251938,0.024496555,0.0677261,0.07471083,-0.012839793,0.518625,0.25507733,1.0,,,,,,,,,,,,,,,,,,,,,,,,,,,,,,,,,,,,,,,,,,,
1384.0,-0.017185306582267006,0.04336872696876526,0.00044051409349776804,0.32314568758010864,0.0,0.47864574,0.2523437,0.99955934,0.066576116,0.06302621,-4.3476742e-08,0.0061616898,-0.0025801659,0.024561167,-0.039609965,-0.038141813,0.0153606385,0.519,0.25523135,1.0,,,,,,,,,,,,,,,,,,,,,,,,,,,,,,,,,,,,,,,,,,,
1385.0,-0.017207290453129465,0.043382734060287476,0.00044051409349776804,0.32242244482040405,0.0,0.47892267,0.2526052,0.99955934,0.06646173,0.06275751,-4.5244817e-09,0.0064513683,-0.0022759438,0.024506807,0.067722455,0.07469864,-0.012841817,0.519375,0.2553853,1.0,,,,,,,,,,,,,,,,,,,,,,,,,,,,,,,,,,,,,,,,,,,
1386.0,-0.01722963884777892,0.04339709132909775,0.00044051409349776804,0.32168710231781006,0.0,0.47919917,0.25286552,0.99955934,0.06636008,0.06247733,-5.816264e-08,0.006282568,-0.0024306774,0.02457118,-0.039608132,-0.03815843,0.015361743,0.51975,0.2555392,1.0,,,,,,,,,,,,,,,,,,,,,,,,,,,,,,,,,,,,,,,,,,,
1387.0,-0.0172523595070561,0.043411873281002045,0.00044051409349776804,0.3209395110607147,0.0,0.47947523,0.25312468,0.99955934,0.06625197,0.062203966,-1.6517332e-08,0.0065722466,-0.0021266937,0.02451706,0.06771881,0.07468645,-0.012843835,0.520125,0.25569305,1.0,,,,,,,,,,,,,,,,,,,,,,,,,,,,,,,,,,,,,,,,,,,
1388.0,-0.01727545048927132,0.04342694208025932,0.00044051409349776804,0.32017961144447327,0.0,0.47975087,0.25338268,0.99955934,0.0661566,0.061919134,-7.4076894e-08,0.006403208,-0.0022816658,0.024581432,-0.0396063,-0.03817504,0.01536284,0.5205,0.25584683,1.0,,,,,,,,,,,,,,,,,,,,,,,,,,,,,,,,,,,,,,,,,,,
1389.0,-0.017298923903460675,0.04344239458441734,0.00044051409349776804,0.3194071054458618,0.0,0.4800261,0.25363952,0.99955934,0.06605478,0.061641112,-2.973918e-08,0.006693125,-0.0019774437,0.024527311,0.06771517,0.07467428,-0.012845849,0.520875,0.25600052,1.0,,,,,,,,,,,,,,,,,,,,,,,,,,,,,,,,,,,,,,,,,,,
1390.0,-0.017322774647518965,0.043458160012960434,0.00044051409349776804,0.31862205266952515,0.0,0.48030096,0.25389516,0.99955934,0.065965675,0.06135163,-9.121759e-08,0.006524086,-0.0021324158,0.024591684,-0.039604466,-0.038191643,0.015363928,0.52125,0.25615418,1.0,,,,,,,,,,,,,,,,,,,,,,,,,,,,,,,,,,,,,,,,,,,
1391.0,-0.017347010826350744,0.043474286794662476,0.00044051409349776804,0.31782427430152893,0.0,0.4805754,0.25414962,0.99955934,0.06587011,0.061068956,-4.4188134e-08,0.0068137646,-0.0018284321,0.024537563,0.067711525,0.074662104,-0.012847857,0.521625,0.25630775,1.0,,,,,,,,,,,,,,,,,,,,,,,,,,,,,,,,,,,,,,,,,,,
1392.0,-0.017371630951253613,0.043490685522556305,0.00044051409349776804,0.31701377034187317,0.0,0.48084953,0.25440285,0.99955934,0.06578728,0.06077482,-1.0958285e-07,0.006644964,-0.0019834042,0.024601936,-0.039602634,-0.03820824,0.015365009,0.522,0.25646126,1.0,,,,,,,,,,,,,,,,,,,,,,,,,,,,,,,,,,,,,,,,,,,
1393.0,-0.017396797728542152,0.0435074083507061,0.00044051409349776804,0.31619027256965637,0.0,0.48112327,0.25465488,0.99955934,0.065697975,0.060487498,-5.986228e-08,0.006934643,-0.0016794205,0.024547815,0.06770789,0.074649945,-0.01284986,0.522375,0.2566147,1.0,,,,,,,,,,,,,,,,,,,,,,,,,,,,,,,,,,,,,,,,,,,
1394.0,-0.017422065417223714,0.043524377048015594,0.00044051409349776804,0.3153538703918457,0.0,0.4813967,0.25490567,0.99955934,0.06562139,0.06018871,-1.2917077e-07,0.0067658424,-0.001834631,0.024612188,-0.039600804,-0.03822483,0.015366081,0.52275,0.2567681,1.0,,,,,,,,,,,,,,,,,,,,,,,,,,,,,,,,,,,,,,,,,,,
1395.0,-0.017448198814196077,0.043541692197322845,0.0004405021609272808,0.3145044445991516,0.0,0.48166978,0.25515524,0.99955934,0.06553834,0.05989674,-7.675974e-08,0.007055521,-0.0015306473,0.024558067,0.06770426,0.074637786,-0.012851857,0.523125,0.25692144,1.0,,,,,,,,,,,,,,,,,,,,,,,,,,,,,,,,,,,,,,,,,,,
1396.0,-0.017474266570741387,0.0435592457652092,0.0004405021609272808,0.3136419355869293,0.0,0.48194256,0.25540355,0.99955934,0.065468006,0.05959331,-1.4997946e-07,0.0068864822,-0.0016858578,0.02462244,-0.039598975,-0.038241412,0.015367146,0.5235,0.25707468,1.0,,,,,,,,,,,,,,,,,,,,,,,,,,,,,,,,,,,,,,,,,,,
1397.0,-0.017501191585725245,0.043577104806900024,0.0004405021609272808,0.31276625394821167,0.0,0.48221502,0.2556506,0.99955934,0.0653912,0.05929669,-9.487861e-08,0.007176161,-0.0013821125,0.024568558,0.067700624,0.07462563,-0.01285385,0.523875,0.25722787,1.0,,,,,,,,,,,,,,,,,,,,,,,,,,,,,,,,,,,,,,,,,,,
1398.0,-0.01752805474916895,0.043595269322395325,0.0004405021609272808,0.31187739968299866,0.0,0.4824872,0.2558964,0.99955934,0.06532711,0.058988616,-1.7200702e-07,0.0070073605,-0.001537323,0.024632692,-0.039597146,-0.038257986,0.015368202,0.52425,0.25738102,1.0,,,,,,,,,,,,,,,,,,,,,,,,,,,,,,,,,,,,,,,,,,,
1399.0,-0.017555774874957936,0.04361362010240555,0.0004405021609272808,0.3109753429889679,0.0,0.48275912,0.25614092,0.99955934,0.065256536,0.05868735,-1.14217016e-07,0.007297039,-0.0012335777,0.02457881,0.067696996,0.07461349,-0.012855836,0.524625,0.2575341,1.0,,,,,,,,,,,,,,,,,,,,,,,,,,,,,,,,,,,,,,,,,,,
1400.0,-0.017583435536470644,0.04363229125738144,0.0004405021609272808,0.3100600242614746,0.0,0.48303077,0.25638416,0.99955934,0.065198675,0.058374636,-1.9525157e-07,0.0071282387,-0.0013887882,0.024642944,-0.039595317,-0.038274556,0.0153692495,0.525,0.25768706,1.0,,,,,,,,,,,,,,,,,,,,,,,,,,,,,,,,,,,,,,,,,,,
1401.0,-0.01761195297882332,0.043651171028614044,0.0004405021609272808,0.3091315031051636,0.0,0.48330218,0.2566261,0.99955934,0.06513433,0.05806873,-1.3477306e-07,0.007417679,-0.001085043,0.024589062,0.06769337,0.07460135,-0.012857818,0.525375,0.25784,1.0,,,,,,,,,,,,,,,,,,,,,,,,,,,,,,,,,,,,,,,,,,,
1402.0,-0.017640411146261616,0.04367031529545784,0.0004405021609272808,0.30818971991539,0.0,0.48357335,0.25686672,0.99955934,0.06508269,0.057751372,-2.1971123e-07,0.0072488785,-0.0012404919,0.024653435,-0.039593488,-0.03829112,0.01537029,0.52575,0.2579929,1.0,,,,,,,,,,,,,,,,,,,,,,,,,,,,,,,,,,,,,,,,,,,
1403.0,-0.017669728086890248,0.043689630925655365,0.0004405021609272808,0.30723467469215393,0.0,0.48384428,0.25710607,0.99955934,0.06502457,0.057440832,-1.5654487e-07,0.007538557,-0.0009367466,0.024599552,0.06768975,0.07458922,-0.012859794,0.526125,0.2581457,1.0,,,,,,,,,,,,,,,,,,,,,,,,,,,,,,,,,,,,,,,,,,,
1404.0,-0.017698984275148905,0.04370922967791557,0.0004405021609272808,0.3062663972377777,0.0,0.48411503,0.25734407,0.99955934,0.06497915,0.057118837,-2.4538411e-07,0.0073697567,-0.0010921955,0.024663687,-0.039591663,-0.038307674,0.015371322,0.5265,0.25829843,1.0,,,,,,,,,,,,,,,,,,,,,,,,,,,,,,,,,,,,,,,,,,,
1405.0,-0.01772909803773546,0.04372899979352951,0.0004405021609272808,0.30528488755226135,0.0,0.48438555,0.25758076,0.99955934,0.064927235,0.056803655,-1.7953056e-07,0.007659197,-0.00078845024,0.024609804,0.067686126,0.0745771,-0.012861766,0.526875,0.2584511,1.0,,,,,,,,,,,,,,,,,,,,,,,,,,,,,,,,,,,,,,,,,,,
1406.0,-0.017759149077355686,0.043749041855335236,0.0004405021609272808,0.30429020524024963,0.0,0.48465592,0.25781608,0.99955934,0.06488802,0.056477025,-2.7226835e-07,0.0074903965,-0.0009441376,0.024673939,-0.039589837,-0.038324222,0.015372346,0.52725,0.25860372,1.0,,,,,,,,,,,,,,,,,,,,,,,,,,,,,,,,,,,,,,,,,,,
1407.0,-0.01779005499352425,0.04376920312643051,0.0004405021609272808,0.30328238010406494,0.0,0.4849261,0.25805005,0.99955934,0.06484232,0.056157213,-2.0372825e-07,0.007780075,-0.0006403923,0.024620056,0.067682505,0.07456498,-0.012863732,0.527625,0.25875628,1.0,,,,,,,,,,,,,,,,,,,,,,,,,,,,,,,,,,,,,,,,,,,
1408.0,-0.017820764031467845,0.043789662420749664,0.00044051409349776804,0.30226150155067444,0.0,0.48519614,0.25828266,0.99955934,0.06480931,0.05582595,-3.0036205e-07,0.0076110363,-0.00079607964,0.02468443,-0.03958801,-0.038340762,0.015373362,0.528,0.25890875,1.0,,,,,,,,,,,,,,,,,,,,,,,,,,,,,,,,,,,,,,,,,,,
1409.0,-0.01785232745890244,0.043810196220874786,0.00044051409349776804,0.3012274503707886,0.0,0.485466,0.25851393,0.9995593,0.0647698,0.055501502,-2.2913609e-07,0.007900715,-0.0004925728,0.024630547,0.06767889,0.07455287,-0.012865692,0.528375,0.2590612,1.0,,,,,,,,,,,,,,,,,,,,,,,,,,,,,,,,,,,,,,,,,,,
1410.0,-0.017883819496891377,0.04383094981312752,0.00044052599696442485,0.3001805245876312,0.0,0.48573577,0.2587438,0.9995593,0.06474298,0.055165607,-1.4570418e-07,0.0077319145,-0.0006482601,0.024694681,-0.039586186,-0.0383573,0.01537437,0.52875,0.25921354,1.0,,,,,,,,,,,,,,,,,,,,,,,,,,,,,,,,,,,,,,,,,,,
1411.0,-0.017916158770707992,0.043851930648088455,0.00044052599696442485,0.29912069439888,0.0,0.4860054,0.25897226,0.9995593,0.06470966,0.05483653,-1.149784e-07,0.008021355,-0.00034475327,0.024641037,0.06767528,0.074540764,-0.012867647,0.529125,0.25936583,1.0,,,,,,,,,,,,,,,,,,,,,,,,,,,,,,,,,,,,,,,,,,,
1412.0,-0.017948713519881497,0.043873049318790436,0.00044052599696442485,0.29804807901382446,0.0,0.48627493,0.25919932,0.9995593,0.06468903,0.054496005,-2.092586e-07,0.007852554,-0.0005004406,0.024705172,-0.039584365,-0.038373824,0.01537537,0.5295,0.25951806,1.0,,,,,,,,,,,,,,,,,,,,,,,,,,,,,,,,,,,,,,,,,,,
1413.0,-0.01798165282920418,0.043894410133361816,0.00044052599696442485,0.296962708234787,0.0,0.48654437,0.259425,0.9995593,0.0646619,0.0541623,-1.3504277e-07,0.008142233,-0.00019693375,0.024651289,0.067671664,0.074528664,-0.012869597,0.529875,0.2596702,1.0,,,,,,,,,,,,,,,,,,,,,,,,,,,,,,,,,,,,,,,,,,,
1414.0,-0.018014971358072583,0.04391588270664215,0.00044052599696442485,0.29586467146873474,0.0,0.48681372,0.25964925,0.9995593,0.06464744,0.053817153,-2.4279075e-07,0.007973433,-0.0003528595,0.024715424,-0.03958254,-0.038390346,0.015376362,0.53025,0.2598223,1.0,,,,,,,,,,,,,,,,,,,,,,,,,,,,,,,,,,,,,,,,,,,
1415.0,-0.018048669922569753,0.04393758624792099,0.00044052599696442485,0.2947540581226349,0.0,0.48708302,0.25987208,0.9995593,0.06462648,0.053478822,-1.6364218e-07,0.008262873,-4.9352646e-05,0.02466178,0.06766806,0.07451657,-0.012871543,0.530625,0.25997433,1.0,,,,,,,,,,,,,,,,,,,,,,,,,,,,,,,,,,,,,,,,,,,
1416.0,-0.01808283667207652,0.04395942762494087,0.00044052599696442485,0.29363107681274414,0.0,0.48735225,0.26009345,0.9995593,0.0646182,0.05312905,-2.75804e-07,0.008094072,-0.0002052784,0.024725914,-0.039580718,-0.03840686,0.0153773455,0.531,0.2601263,1.0,,,,,,,,,,,,,,,,,,,,,,,,,,,,,,,,,,,,,,,,,,,
1417.0,-0.018117355307366963,0.04398150369524956,0.00044052599696442485,0.2924957573413849,0.0,0.48762143,0.2603134,0.9995593,0.064603396,0.052786097,-1.9384828e-07,0.0083835125,9.7990036e-05,0.02467227,0.06766445,0.07450449,-0.012873482,0.531375,0.2602782,1.0,,,,,,,,,,,,,,,,,,,,,,,,,,,,,,,,,,,,,,,,,,,
1418.0,-0.018152274724162636,0.0440036840736866,0.00044052599696442485,0.29134833812713623,0.0,0.4878906,0.26053184,0.9995593,0.06460128,0.052431703,-3.099226e-07,0.008214712,-5.7935715e-05,0.024736404,-0.0395789,-0.038423367,0.0153783215,0.53175,0.26043004,1.0,,,,,,,,,,,,,,,,,,,,,,,,,,,,,,,,,,,,,,,,,,,
1419.0,-0.018187617241737463,0.04402611032128334,0.00044052599696442485,0.2901887893676758,0.0,0.48815975,0.26074886,0.9995593,0.064592645,0.052084126,-2.252774e-07,0.008504152,0.00024533272,0.02468276,0.067660846,0.07449241,-0.012875416,0.532125,0.2605818,1.0,,,,,,,,,,,,,,,,,,,,,,,,,,,,,,,,,,,,,,,,,,,
1420.0,-0.018223317372789462,0.044048648327589035,0.00044052599696442485,0.28901731967926025,0.0,0.4884289,0.2609644,0.9995593,0.064596675,0.051725112,-3.4523424e-07,0.008335352,8.940697e-05,0.024746656,-0.039577078,-0.03843987,0.015379289,0.5325,0.26073352,1.0,,,,,,,,,,,,,,,,,,,,,,,,,,,,,,,,,,,,,,,,,,,
1421.0,-0.018259370383090574,0.04407133907079697,0.00044052599696442485,0.287834107875824,0.0,0.48869804,0.26117843,0.9995593,0.06459419,0.05137292,-2.5790672e-07,0.0086250305,0.0003926754,0.02469325,0.06765725,0.07448034,-0.012877346,0.532875,0.26088515,1.0,,,,,,,,,,,,,,,,,,,,,,,,,,,,,,,,,,,,,,,,,,,
1422.0,-0.018295772161131027,0.0440942719578743,0.00044052599696442485,0.2866393029689789,0.0,0.4889672,0.26139098,0.9995593,0.06460437,0.051009286,-3.8174198e-07,0.008455992,0.00023651123,0.024757147,-0.039575256,-0.03845636,0.015380249,0.53325,0.26103672,1.0,,,,,,,,,,,,,,,,,,,,,,,,,,,,,,,,,,,,,,,,,,,
1423.0,-0.018332518210805577,0.04411729797720909,0.00044052599696442485,0.2854330241680145,0.0,0.4892364,0.26160204,0.9995593,0.06460803,0.050652478,-2.9173322e-07,0.00874567,0.00053977966,0.024703741,0.06765365,0.07446827,-0.012879269,0.533625,0.26118824,1.0,,,,,,,,,,,,,,,,,,,,,,,,,,,,,,,,,,,,,,,,,,,
1424.0,-0.01836960483497169,0.04414059594273567,0.00044052599696442485,0.28421542048454285,0.0,0.48950568,0.26181155,0.9995593,0.06462435,0.05028423,-4.1944432e-07,0.00857687,0.0003836155,0.024767637,-0.03957344,-0.038472846,0.015381201,0.534,0.26133966,1.0,,,,,,,,,,,,,,,,,,,,,,,,,,,,,,,,,,,,,,,,,,,
1425.0,-0.018407026711844812,0.04416395351290703,0.00044052599696442485,0.2829866409301758,0.0,0.489775,0.26201957,0.9995593,0.06463414,0.049922805,-3.2675493e-07,0.00886631,0.0006868839,0.024714231,0.06765006,0.074456215,-0.012881188,0.534375,0.26149106,1.0,,,,,,,,,,,,,,,,,,,,,,,,,,,,,,,,,,,,,,,,,,,
1426.0,-0.018444778471133762,0.04418754205107689,0.00044051409349776804,0.28174689412117004,0.0,0.4900444,0.26222602,0.9995593,0.06465659,0.049549945,-4.5833937e-07,0.00869751,0.00053048134,0.024778128,-0.03957162,-0.038489327,0.015382145,0.53475,0.26164237,1.0,,,,,,,,,,,,,,,,,,,,,,,,,,,,,,,,,,,,,,,,,,,
1427.0,-0.018482857540380065,0.04421126842498779,0.00044051409349776804,0.2804962396621704,0.0,0.49031386,0.26243097,0.9995593,0.064672515,0.04918391,-3.6297004e-07,0.00898695,0.0008337498,0.024724722,0.06764646,0.07444416,-0.012883102,0.535125,0.2617936,1.0,,,,,,,,,,,,,,,,,,,,,,,,,,,,,,,,,,,,,,,,,,,
1428.0,-0.018521254403842616,0.04423518851399422,0.00044051409349776804,0.27923500537872314,0.0,0.49058345,0.2626343,0.9995593,0.06470109,0.048806436,-4.984253e-07,0.00881815,0.0006773472,0.024788618,-0.039569803,-0.0385058,0.015383081,0.5355,0.2619448,1.0,,,,,,,,,,,,,,,,,,,,,,,,,,,,,,,,,,,,,,,,,,,
1429.0,-0.018559966316674403,0.04425923526287079,0.00044051409349776804,0.2779632806777954,0.0,0.49085313,0.26283613,0.9995593,0.06472313,0.04843579,-4.0037668e-07,0.00910759,0.0009803772,0.024735212,0.06764287,0.07443211,-0.01288501,0.535875,0.26209593,1.0,,,,,,,,,,,,,,,,,,,,,,,,,,,,,,,,,,,,,,,,,,,
1430.0,-0.01859900114482698,0.044283486902713776,0.00044051409349776804,0.27668124437332153,0.0,0.49112296,0.26303637,0.9995593,0.064757824,0.048053708,-5.397003e-07,0.008938789,0.0008239746,0.024799109,-0.03956799,-0.038522266,0.015384008,0.53625,0.26224697,1.0,,,,,,,,,,,,,,,,,,,,,,,,,,,,,,,,,,,,,,,,,,,
1431.0,-0.01863831259179606,0.04430783540010452,0.00044051409349776804,0.2753891050815582,0.0,0.4913929,0.263235,0.9995593,0.06478598,0.047678456,-4.3897302e-07,0.0092282295,0.0011270046,0.024745703,0.067639284,0.07442007,-0.012886913,0.536625,0.26239794,1.0,,,,,,,,,,,,,,,,,,,,,,,,,,,,,,,,,,,,,,,,,,,
1432.0,-0.018677975904169943,0.044332344084978104,0.00044051409349776804,0.27408701181411743,0.0,0.491663,0.26343206,0.9995593,0.06482678,0.047291767,-5.8216244e-07,0.009059429,0.00097060204,0.024809599,-0.03956617,-0.038538724,0.015384927,0.537,0.26254886,1.0,,,,,,,,,,,,,,,,,,,,,,,,,,,,,,,,,,,,,,,,,,,
1433.0,-0.01871785492638592,0.0443570613861084,0.00044052599696442485,0.2727750837802887,0.0,0.49193326,0.26362753,0.9995593,0.06486104,0.04691191,-4.787573e-07,0.009348869,0.001273632,0.024756193,0.0676357,0.07440804,-0.012888811,0.537375,0.26269972,1.0,,,,,,,,,,,,,,,,,,,,,,,,,,,,,,,,,,,,,,,,,,,
1434.0,-0.018758125606747493,0.044381920248270035,0.00044052599696442485,0.2714536488056183,0.0,0.4922037,0.26382136,0.9995593,0.06490794,0.046520617,-6.2580995e-07,0.009180069,0.001116991,0.02482009,-0.039564356,-0.03855518,0.015385839,0.53775,0.26285052,1.0,,,,,,,,,,,,,,,,,,,,,,,,,,,,,,,,,,,,,,,,,,,
1435.0,-0.018798545468750674,0.044406939297914505,0.00044052599696442485,0.27012279629707336,0.0,0.49247435,0.2640136,0.9995593,0.0649483,0.046136156,-5.197275e-07,0.009469509,0.001420021,0.024766684,0.06763212,0.074396014,-0.012890703,0.538125,0.26300123,1.0,,,,,,,,,,,,,,,,,,,,,,,,,,,,,,,,,,,,,,,,,,,
1436.0,-0.018839401857449412,0.04443211108446121,0.00044052599696442485,0.26878273487091064,0.0,0.49274516,0.26420417,0.9995593,0.065001294,0.04574026,-6.70641e-07,0.009300709,0.00126338,0.02483058,-0.039562542,-0.038571622,0.0153867435,0.5385,0.26315188,1.0,,,,,,,,,,,,,,,,,,,,,,,,,,,,,,,,,,,,,,,,,,,
1437.0,-0.018880554506532282,0.04445745423436165,0.00044052599696442485,0.2674335837364197,0.0,0.4930162,0.26439315,0.9995593,0.06504774,0.045351196,-5.6188196e-07,0.0095899105,0.0015661716,0.024777412,0.06762853,0.07438399,-0.01289259,0.538875,0.26330248,1.0,,,,,,,,,,,,,,,,,,,,,,,,,,,,,,,,,,,,,,,,,,,
1438.0,-0.018921939311704047,0.044482916593551636,0.00044052599696442485,0.26607564091682434,0.0,0.49328747,0.26458043,0.9995593,0.065106824,0.0449507,-7.166537e-07,0.009421349,0.0014095306,0.024841309,-0.039560728,-0.038588062,0.015387639,0.53925,0.263453,1.0,,,,,,,,,,,,,,,,,,,,,,,,,,,,,,,,,,,,,,,,,,,
1439.0,-0.018963804164006434,0.04450858384370804,0.00044052599696442485,0.2647089660167694,0.0,0.49355897,0.2647661,0.9995593,0.06515935,0.044557042,-6.0521876e-07,0.00971055,0.0017123222,0.024787903,0.06762496,0.07437198,-0.012894472,0.539625,0.26360348,1.0,,,,,,,,,,,,,,,,,,,,,,,,,,,,,,,,,,,,,,,,,,,
1440.0,-0.019005732769451424,0.04453432559967041,0.00044052599696442485,0.263333797454834,0.0,0.49383074,0.26495007,0.9995593,0.065224506,0.04415195,-7.638463e-07,0.00954175,0.0015556812,0.024851799,-0.039558917,-0.038604494,0.015388527,0.54,0.26375386,1.0,,,,,,,,,,,,,,,,,,,,,,,,,,,,,,,,,,,,,,,,,,,
1441.0,-0.019048075477709064,0.04456029087305069,0.00044052599696442485,0.26195028424263,0.0,0.49410278,0.26513237,0.9995593,0.06528311,0.04375369,-6.49736e-07,0.00983119,0.0018584728,0.024798632,0.06762138,0.07435997,-0.012896349,0.540375,0.26390418,1.0,,,,,,,,,,,,,,,,,,,,,,,,,,,,,,,,,,,,,,,,,,,
1442.0,-0.019090524356135577,0.04458639770746231,0.0004405379295349121,0.2605586349964142,0.0,0.49437508,0.26531297,0.9995593,0.06535434,0.043344002,-8.122169e-07,0.00966239,0.0017015934,0.02486229,-0.039557107,-0.03862092,0.015389407,0.54075,0.26405445,1.0,,,,,,,,,,,,,,,,,,,,,,,,,,,,,,,,,,,,,,,,,,,
1443.0,-0.01913324417943441,0.04461262375116348,0.0004405379295349121,0.25915899872779846,0.0,0.49464765,0.2654919,0.9995592,0.06541901,0.04294115,-6.9543205e-07,0.00995183,0.002004385,0.024809122,0.06761781,0.074347965,-0.012898221,0.541125,0.26420465,1.0,,,,,,,,,,,,,,,,,,,,,,,,,,,,,,,,,,,,,,,,,,,
1444.0,-0.01917611188148367,0.04463904723525047,0.0004405379295349121,0.25775161385536194,0.0,0.49492055,0.26566908,0.9995592,0.0654963,0.042526867,-6.7780826e-07,0.00978303,0.0018475056,0.024873018,-0.039555293,-0.038637336,0.015390279,0.5415,0.2643548,1.0,,,,,,,,,,,,,,,,,,,,,,,,,,,,,,,,,,,,,,,,,,,
1445.0,-0.019219082336069553,0.04466554522514343,0.0004405379295349121,0.2563365399837494,0.0,0.49519375,0.26584458,0.9995592,0.06556703,0.04211942,-6.015292e-07,0.01007247,0.0021500587,0.02481985,0.067614235,0.07433598,-0.012900086,0.541875,0.26450485,1.0,,,,,,,,,,,,,,,,,,,,,,,,,,,,,,,,,,,,,,,,,,,
1446.0,-0.01926224394329984,0.0446922667324543,0.0004405379295349121,0.2549140453338623,0.0,0.4954673,0.26601833,0.9995592,0.06565038,0.04170055,-7.615736e-07,0.009903669,0.0019931793,0.024883509,-0.039553486,-0.038653746,0.015391143,0.54225,0.26465484,1.0,,,,,,,,,,,,,,,,,,,,,,,,,,,,,,,,,,,,,,,,,,,
1447.0,-0.01930563980122679,0.044719062745571136,0.0004405379295349121,0.25348424911499023,0.0,0.49574116,0.26619038,0.9995592,0.06572716,0.041288514,-6.4182063e-07,0.010192871,0.0022957325,0.024830341,0.06761067,0.07432399,-0.012901948,0.542625,0.26480478,1.0,,,,,,,,,,,,,,,,,,,,,,,,,,,,,,,,,,,,,,,,,,,
1448.0,-0.01934924880612889,0.04474610090255737,0.0004405379295349121,0.2520473599433899,0.0,0.4960154,0.26636064,0.9995592,0.06581656,0.040865052,-8.1528805e-07,0.010024071,0.002138853,0.024894238,-0.039551675,-0.038670152,0.015391999,0.543,0.26495466,1.0,,,,,,,,,,,,,,,,,,,,,,,,,,,,,,,,,,,,,,,,,,,
1449.0,-0.0193930689407207,0.04477321729063988,0.0004405379295349121,0.25060340762138367,0.0,0.49628997,0.26652917,0.9995592,0.06589938,0.040448427,-6.9061446e-07,0.010313511,0.0024414062,0.02484107,0.067607105,0.074312,-0.012903804,0.543375,0.26510444,1.0,,,,,,,,,,,,,,,,,,,,,,,,,,,,,,,,,,,,,,,,,,,
1450.0,-0.019437095000931003,0.04480051249265671,0.0004405379295349121,0.24915260076522827,0.0,0.49656495,0.26669592,0.9995592,0.065994814,0.04002038,-8.6845284e-07,0.010144711,0.0022842884,0.024904728,-0.039549865,-0.038686547,0.015392847,0.54375,0.26525417,1.0,,,,,,,,,,,,,,,,,,,,,,,,,,,,,,,,,,,,,,,,,,,
1451.0,-0.019481320361908732,0.044827934354543686,0.0004405379295349121,0.24769513309001923,0.0,0.4968403,0.26686093,0.9995592,0.06608367,0.03959917,-7.4098347e-07,0.010433912,0.0025868416,0.024851799,0.06760354,0.07430003,-0.0129056545,0.544125,0.26540384,1.0,,,,,,,,,,,,,,,,,,,,,,,,,,,,,,,,,,,,,,,,,,,
1452.0,-0.019525742865207578,0.04485557600855827,0.0004405379295349121,0.24623112380504608,0.0,0.49711606,0.26702413,0.9995592,0.06618515,0.03916654,-9.2269187e-07,0.01026535,0.0024297237,0.024915457,-0.039548058,-0.03870294,0.015393687,0.5445,0.26555344,1.0,,,,,,,,,,,,,,,,,,,,,,,,,,,,,,,,,,,,,,,,,,,
1453.0,-0.01957035828635708,0.04488323628902435,0.0004405379295349121,0.244760662317276,0.0,0.49739224,0.26718554,0.9995592,0.06628003,0.038740743,-7.9254437e-07,0.010554552,0.0027320385,0.024862528,0.06759998,0.07428806,-0.012907499,0.544875,0.265703,1.0,,,,,,,,,,,,,,,,,,,,,,,,,,,,,,,,,,,,,,,,,,,
1454.0,-0.01961530684968966,0.04491107538342476,0.0004405379295349121,0.24328404664993286,0.0,0.49766886,0.26734513,0.9995592,0.06638753,0.038303528,-9.780928e-07,0.010385752,0.0025749207,0.024926186,-0.03954625,-0.038719323,0.01539452,0.54525,0.26585245,1.0,,,,,,,,,,,,,,,,,,,,,,,,,,,,,,,,,,,,,,,,,,,
1455.0,-0.01966037491134921,0.04493911191821098,0.0004405379295349121,0.2418012022972107,0.0,0.49794587,0.26750293,0.9995592,0.06648843,0.037873156,-8.4527426e-07,0.010675192,0.0028772354,0.024873257,0.06759643,0.0742761,-0.01290934,0.545625,0.26600185,1.0,,,,,,,,,,,,,,,,,,,,,,,,,,,,,,,,,,,,,,,,,,,
1456.0,-0.01970562339370881,0.04496727138757706,0.0004405379295349121,0.2403123378753662,0.0,0.4982234,0.26765892,0.9995592,0.06660194,0.03743136,-1.0346587e-06,0.0105063915,0.0027201176,0.024936914,-0.03954445,-0.038735703,0.015395344,0.546,0.2661512,1.0,,,,,,,,,,,,,,,,,,,,,,,,,,,,,,,,,,,,,,,,,,,
1457.0,-0.019751049800014884,0.04499560594558716,0.0004405379295349121,0.23881755769252777,0.0,0.49850136,0.26781306,0.9995592,0.06670886,0.036996406,-8.991703e-07,0.010795593,0.0030224323,0.024883747,0.06759287,0.07426414,-0.012911175,0.546375,0.26630044,1.0,,,,,,,,,,,,,,,,,,,,,,,,,,,,,,,,,,,,,,,,,,,
1458.0,-0.019796646797330324,0.04502402991056442,0.0004405379295349121,0.23731710016727448,0.0,0.4987798,0.26796535,0.9995592,0.066828385,0.03655003,-1.092388e-06,0.010626793,0.002865076,0.024947405,-0.03954264,-0.03875207,0.01539616,0.54675,0.26644966,1.0,,,,,,,,,,,,,,,,,,,,,,,,,,,,,,,,,,,,,,,,,,,
1459.0,-0.01984241526614205,0.045052625238895416,0.00044054986210539937,0.23581095039844513,0.0,0.49905872,0.26811582,0.9995592,0.066941306,0.0361105,-9.542306e-07,0.010916233,0.0031673908,0.024894476,0.06758932,0.07425219,-0.0129130045,0.547125,0.2665988,1.0,,,,,,,,,,,,,,,,,,,,,,,,,,,,,,,,,,,,,,,,,,,
1460.0,-0.019888348412988855,0.04508126899600029,0.00044054986210539937,0.23429928719997406,0.0,0.49933818,0.26826438,0.99955916,0.06706683,0.03565955,-1.1512791e-06,0.010747433,0.0030097961,0.024958134,-0.03954084,-0.038768433,0.015396968,0.5475,0.26674786,1.0,,,,,,,,,,,,,,,,,,,,,,,,,,,,,,,,,,,,,,,,,,,
1461.0,-0.01993444760152052,0.04511008411645889,0.00044054986210539937,0.23278211057186127,0.0,0.4996181,0.26841113,0.99955916,0.06718575,0.03521544,-8.2649956e-07,0.011036634,0.003312111,0.024905205,0.06758577,0.074240245,-0.01291483,0.547875,0.26689684,1.0,,,,,,,,,,,,,,,,,,,,,,,,,,,,,,,,,,,,,,,,,,,
1462.0,-0.01998070825420873,0.04513893276453018,0.00044054986210539937,0.2312595546245575,0.0,0.49989858,0.26855597,0.99955916,0.06731727,0.03475992,-1.0705531e-06,0.010867834,0.0031547546,0.024968863,-0.039539035,-0.03878479,0.015397769,0.54825,0.2670458,1.0,,,,,,,,,,,,,,,,,,,,,,,,,,,,,,,,,,,,,,,,,,,
1463.0,-0.020027055414712232,0.04516797140240669,0.00044054986210539937,0.22973167896270752,0.0,0.5001796,0.26869893,0.99955916,0.067442186,0.034311242,-9.169253e-07,0.011157036,0.003456831,0.024916172,0.06758222,0.07422831,-0.012916649,0.548625,0.26719466,1.0,,,,,,,,,,,,,,,,,,,,,,,,,,,,,,,,,,,,,,,,,,,
1464.0,-0.020073558781907926,0.04519704356789589,0.00044054986210539937,0.22819861769676208,0.0,0.50046116,0.26883996,0.99955916,0.06757969,0.033851147,-1.1240068e-06,0.010988474,0.0032992363,0.024979591,-0.039537232,-0.03880114,0.015398562,0.549,0.26734346,1.0,,,,,,,,,,,,,,,,,,,,,,,,,,,,,,,,,,,,,,,,,,,
1465.0,-0.02012021259979811,0.04522622376680374,0.00044054986210539937,0.22666051983833313,0.0,0.5007433,0.26897913,0.99955916,0.06771058,0.033397898,-9.772875e-07,0.011277676,0.003601551,0.0249269,0.06757867,0.07421638,-0.012918463,0.549375,0.2674922,1.0,,,,,,,,,,,,,,,,,,,,,,,,,,,,,,,,,,,,,,,,,,,
1466.0,-0.02016687748711411,0.04525554180145264,0.00044057369814254344,0.22511737048625946,0.0,0.50102603,0.26911634,0.99955916,0.06785406,0.03293323,-1.1859449e-06,0.011108875,0.0034439564,0.02499032,-0.03953543,-0.038817484,0.015399346,0.54975,0.26764086,1.0,,,,,,,,,,,,,,,,,,,,,,,,,,,,,,,,,,,,,,,,,,,
1467.0,-0.02021369035673197,0.04528488591313362,0.00044057369814254344,0.22356927394866943,0.0,0.50130934,0.26925167,0.99955916,0.06799093,0.032475416,-1.0370868e-06,0.011115789,0.0037460327,0.02493763,-0.00014328316,0.07251179,-0.012686985,0.550125,0.26778945,1.0,,,,,,,,,,,,,,,,,,,,,,,,,,,,,,,,,,,,,,,,,,,
1468.0,-0.02026065000576127,0.04531444236636162,0.00044057369814254344,0.22201630473136902,0.0,0.50159323,0.26938507,0.99955916,0.0681401,0.032017715,-1.1195639e-06,0.01066494,0.003588438,0.025001287,-0.107236676,-0.04051442,0.015664456,0.5505,0.267938,1.0,,,,,,,,,,,,,,,,,,,,,,,,,,,,,,,,,,,,,,,,,,,
1469.0,-0.020307751290300807,0.045343972742557526,0.00044057369814254344,0.22045859694480896,0.0,0.5018778,0.26951665,0.99955916,0.06828236,0.031578396,-8.7585886e-07,0.010672092,0.003890276,0.02494812,-0.00011497586,0.072493106,-0.012720292,0.550875,0.26808646,1.0,,,,,,,,,,,,,,,,,,,,,,,,,,,,,,,,,,,,,,,,,,,
1470.0,-0.020354993745352844,0.045373715460300446,0.00044057369814254344,0.21889621019363403,0.0,0.50216293,0.2696464,0.99955916,0.06843691,0.031139188,-9.822952e-07,0.010221243,0.0037326813,0.025011778,-0.1072032,-0.040521733,0.015695972,0.55125,0.26823485,1.0,,,,,,,,,,,,,,,,,,,,,,,,,,,,,,,,,,,,,,,,,,,
1471.0,-0.020402373943313436,0.04540349170565605,0.00044057369814254344,0.2173292189836502,0.0,0.5024487,0.26977438,0.99955916,0.06858456,0.030718345,-7.4026974e-07,0.010228395,0.004034519,0.024958849,-8.668526e-05,0.07247441,-0.012753574,0.551625,0.2683832,1.0,,,,,,,,,,,,,,,,,,,,,,,,,,,,,,,,,,,,,,,,,,,
1472.0,-0.020449888511007156,0.045433409512043,0.00044057369814254344,0.21575774252414703,0.0,0.50273514,0.26990062,0.99955916,0.068744496,0.030297605,-8.480031e-07,0.009777784,0.0038769245,0.025022507,-0.10716974,-0.04052903,0.015727468,0.552,0.26853147,1.0,,,,,,,,,,,,,,,,,,,,,,,,,,,,,,,,,,,,,,,,,,,
1473.0,-0.020497538696959236,0.04546339437365532,0.00044057369814254344,0.21418175101280212,0.0,0.5030222,0.2700252,0.99955916,0.068897516,0.029895224,-6.1296697e-07,0.009785175,0.0041787624,0.02496934,-5.841134e-05,0.07245571,-0.012786831,0.552375,0.26867965,1.0,,,,,,,,,,,,,,,,,,,,,,,,,,,,,,,,,,,,,,,,,,,
1474.0,-0.020545319644027768,0.04549352079629898,0.00044057369814254344,0.2126014083623886,0.0,0.50330997,0.27014807,0.99955916,0.06906282,0.029492935,-7.207443e-07,0.009334564,0.0040209293,0.025032997,-0.10713629,-0.040536307,0.015758943,0.55275,0.2688278,1.0,,,,,,,,,,,,,,,,,,,,,,,,,,,,,,,,,,,,,,,,,,,
1475.0,-0.02059323172631339,0.04552365466952324,0.00044058560160920024,0.2110166698694229,0.0,0.5035984,0.27026936,0.99955916,0.06922121,0.029108994,-4.929822e-07,0.009341955,0.0043227673,0.024979591,-3.015409e-05,0.072437,-0.012820062,0.553125,0.26897585,1.0,,,,,,,,,,,,,,,,,,,,,,,,,,,,,,,,,,,,,,,,,,,
1476.0,-0.020641270739961328,0.04555400088429451,0.00044058560160920024,0.20942772924900055,0.0,0.50388753,0.27038905,0.9995591,0.069391884,0.028725138,-6.0073e-07,0.0088915825,0.004164934,0.025043488,-0.10710285,-0.040543567,0.015790395,0.5535,0.26912385,1.0,,,,,,,,,,,,,,,,,,,,,,,,,,,,,,,,,,,,,,,,,,,
1477.0,-0.02068943651678201,0.04558433219790459,0.00044058560160920024,0.20783452689647675,0.0,0.50417733,0.27050722,0.9995591,0.06955564,0.028359616,-1.9629384e-07,0.008899212,0.004466772,0.024990082,-1.913488e-06,0.072418295,-0.012853268,0.553875,0.2692718,1.0,,,,,,,,,,,,,,,,,,,,,,,,,,,,,,,,,,,,,,,,,,,
1478.0,-0.02073772790088988,0.04561484605073929,0.00044058560160920024,0.20623713731765747,0.0,0.50446784,0.27062386,0.9995591,0.06973167,0.027994173,-3.4718386e-07,0.008449078,0.004308939,0.025053978,-0.10706942,-0.04055081,0.01582183,0.55425,0.26941964,1.0,,,,,,,,,,,,,,,,,,,,,,,,,,,,,,,,,,,,,,,,,,,
1479.0,-0.020786142283886876,0.04564545303583145,0.00044058560160920024,0.20463566482067108,0.0,0.50475913,0.27073905,0.9995591,0.06990077,0.027647056,-1.2384263e-07,0.008456707,0.0046105385,0.025000334,2.6310478e-05,0.07239959,-0.012886449,0.554625,0.26956743,1.0,,,,,,,,,,,,,,,,,,,,,,,,,,,,,,,,,,,,,,,,,,,
1480.0,-0.020834678007777985,0.04567617177963257,0.00044058560160920024,0.20303012430667877,0.0,0.50505114,0.2708528,0.9995591,0.07008216,0.027300004,-2.3388844e-07,0.008006573,0.0044527054,0.025064468,-0.107036,-0.040558036,0.01585324,0.555,0.26971516,1.0,,,,,,,,,,,,,,,,,,,,,,,,,,,,,,,,,,,,,,,,,,,
1481.0,-0.02088333726882702,0.04570699483156204,0.00044058560160920024,0.20142047107219696,0.0,0.50534385,0.2709652,0.9995591,0.070256606,0.026971271,-2.7391001e-08,0.008014441,0.004754305,0.025010586,5.4517823e-05,0.07238086,-0.012919604,0.555375,0.26986283,1.0,,,,,,,,,,,,,,,,,,,,,,,,,,,,,,,,,,,,,,,,,,,
1482.0,-0.020932106672426017,0.04573788493871689,0.00044058560160920024,0.1998068392276764,0.0,0.5056374,0.2710762,0.9995591,0.07044333,0.026642594,-1.3514085e-07,0.0075645447,0.004596472,0.02507472,-0.1070026,-0.040565245,0.01588463,0.55575,0.2700104,1.0,,,,,,,,,,,,,,,,,,,,,,,,,,,,,,,,,,,,,,,,,,,
1483.0,-0.020980997499746447,0.04576890543103218,0.00044058560160920024,0.19818918406963348,0.0,0.5059317,0.2711859,0.9995591,0.07062312,0.026332228,6.357054e-08,0.0075724125,0.004897833,0.0250206,8.270856e-05,0.07236214,-0.012952734,0.556125,0.27015793,1.0,,,,,,,,,,,,,,,,,,,,,,,,,,,,,,,,,,,,,,,,,,,
1484.0,-0.021030003493675033,0.045799992978572845,0.00044058560160920024,0.19656763970851898,0.0,0.5062267,0.27129433,0.9995591,0.07081518,0.026021905,-4.400287e-08,0.0071225166,0.00474,0.025084972,-0.10696921,-0.040572435,0.015916,0.5565,0.2703054,1.0,,,,,,,,,,,,,,,,,,,,,,,,,,,,,,,,,,,,,,,,,,,
1485.0,-0.02107913041126449,0.04583126679062843,0.00044058560160920024,0.19494210183620453,0.0,0.50652254,0.27140155,0.9995591,0.07100031,0.025729883,1.474293e-07,0.007130623,0.005041361,0.025030851,0.00011088271,0.07234342,-0.012985838,0.556875,0.2704528,1.0,,,,,,,,,,,,,,,,,,,,,,,,,,,,,,,,,,,,,,,,,,,
1486.0,-0.021128371818833695,0.04586257413029671,0.0004405975341796875,0.19331268966197968,0.0,0.5068192,0.27150753,0.9995591,0.071197696,0.025437899,3.9919993e-08,0.0066809654,0.0048835278,0.025094986,-0.10693583,-0.040579606,0.015947348,0.55725,0.2706001,1.0,,,,,,,,,,,,,,,,,,,,,,,,,,,,,,,,,,,,,,,,,,,
1487.0,-0.0211777314272018,0.04589402303099632,0.0004405975341796875,0.19167937338352203,0.0,0.5071167,0.27161238,0.9995591,0.07138814,0.025164204,2.241086e-07,0.0066890717,0.0051846504,0.025040865,0.00013904029,0.07232468,-0.013018917,0.557625,0.27074736,1.0,,,,,,,,,,,,,,,,,,,,,,,,,,,,,,,,,,,,,,,,,,,
1488.0,-0.021227203599781207,0.0459255576133728,0.00044058560160920024,0.19004224240779877,0.0,0.50741494,0.2717161,0.9995591,0.07159085,0.024890536,1.16661624e-07,0.006239414,0.0050268173,0.025105,-0.106902465,-0.040586762,0.015978675,0.558,0.27089456,1.0,,,,,,,,,,,,,,,,,,,,,,,,,,,,,,,,,,,,,,,,,,,
1489.0,-0.021276791830647564,0.04595717042684555,0.00044058560160920024,0.1884012520313263,0.0,0.50771403,0.27181876,0.9995591,0.07178661,0.02463515,2.9361635e-07,0.006247759,0.00532794,0.02505064,0.00016718131,0.07230594,-0.013051971,0.558375,0.27104166,1.0,,,,,,,,,,,,,,,,,,,,,,,,,,,,,,,,,,,,,,,,,,,
1490.0,-0.021326492701011012,0.04598896577954292,0.00044058560160920024,0.18675650656223297,0.0,0.508014,0.27192032,0.9995591,0.07199463,0.02437978,1.8623605e-07,0.00579834,0.005170107,0.025115013,-0.10686911,-0.0405939,0.01600998,0.55875,0.27118874,1.0,,,,,,,,,,,,,,,,,,,,,,,,,,,,,,,,,,,,,,,,,,,
1491.0,-0.021376309035636226,0.046020764857530594,0.00044057369814254344,0.18510788679122925,0.0,0.50831485,0.27202094,0.99955916,0.07219571,0.024142684,3.559651e-07,0.0058066845,0.0054712296,0.025060654,0.0001953058,0.0722872,-0.013084999,0.559125,0.27133572,1.0,,,,,,,,,,,,,,,,,,,,,,,,,,,,,,,,,,,,,,,,,,,
1492.0,-0.02142619573408738,0.04605278745293617,0.00044057369814254344,0.18345554172992706,0.0,0.50861657,0.27212054,0.99955916,0.072409034,0.023905598,6.4697026e-08,0.005357504,0.005313158,0.025125027,-0.10683576,-0.040601023,0.016041266,0.5595,0.27148262,1.0,,,,,,,,,,,,,,,,,,,,,,,,,,,,,,,,,,,,,,,,,,,
1493.0,-0.02147619248951087,0.04608485475182533,0.00044057369814254344,0.1817995011806488,0.0,0.5089191,0.2722192,0.99955916,0.07261541,0.02368677,2.7039366e-07,0.0053658485,0.0056142807,0.025070429,0.00022341375,0.072268456,-0.013118003,0.559875,0.27162948,1.0,,,,,,,,,,,,,,,,,,,,,,,,,,,,,,,,,,,,,,,,,,,
1494.0,-0.021526301508636974,0.04611708223819733,0.00044057369814254344,0.1801397055387497,0.0,0.50922257,0.272317,0.99955916,0.07283403,0.023467943,1.5302268e-07,0.0049169064,0.005456209,0.025134802,-0.106802434,-0.040608127,0.01607253,0.56025,0.27177626,1.0,,,,,,,,,,,,,,,,,,,,,,,,,,,,,,,,,,,,,,,,,,,
1495.0,-0.0215765192961102,0.0461493656039238,0.00044057369814254344,0.1784762591123581,0.0,0.50952697,0.27241394,0.99955916,0.0730457,0.02326737,3.107048e-07,0.0049254894,0.0057570934,0.025080204,0.0002515052,0.0722497,-0.013150981,0.560625,0.27192298,1.0,,,,,,,,,,,,,,,,,,,,,,,,,,,,,,,,,,,,,,,,,,,
1496.0,-0.021626845135255285,0.0461818091571331,0.00044057369814254344,0.17680920660495758,0.0,0.50983226,0.27251005,0.99955916,0.07326961,0.023066785,2.0299375e-07,0.004476309,0.005599022,0.025144815,-0.106769115,-0.040615212,0.016103772,0.561,0.2720696,1.0,,,,,,,,,,,,,,,,,,,,,,,,,,,,,,,,,,,,,,,,,,,
1497.0,-0.02167728171711933,0.04621431976556778,0.00044057369814254344,0.1751384437084198,0.0,0.51013845,0.27260542,0.99955916,0.073486574,0.022884443,3.5122576e-07,0.0044851303,0.005899906,0.02508974,0.00027958013,0.07223095,-0.013183934,0.561375,0.27221617,1.0,,,,,,,,,,,,,,,,,,,,,,,,,,,,,,,,,,,,,,,,,,,
1498.0,-0.021727823258510037,0.046247001737356186,0.00044057369814254344,0.17346414923667908,0.0,0.5104456,0.2727,0.99955916,0.07371577,0.022702083,2.4412796e-07,0.004036188,0.0057418346,0.025154352,-0.10673581,-0.04062228,0.016134996,0.56175,0.27236268,1.0,,,,,,,,,,,,,,,,,,,,,,,,,,,,,,,,,,,,,,,,,,,
1499.0,-0.02177865657823277,0.04627976566553116,0.00044057369814254344,0.17178623378276825,0.0,0.5107537,0.27279392,0.99955916,0.073938005,0.022537956,3.8504285e-07,0.0040450096,0.006042719,0.025099516,0.0003076386,0.07221219,-0.0132168615,0.562125,0.27250913,1.0,,,,,,,,,,,,,,,,,,,,,,,,,,,,,,,,,,,,,,,,,,,
1500.0,-0.02182954680391558,0.04631263017654419,0.00044057369814254344,0.17010489106178284,0.0,0.51106274,0.27288714,0.99955916,0.07417248,0.022373801,2.7806402e-07,0.0039622784,0.0058846474,0.025164127,-0.018934928,-0.038425952,0.015635673,0.5625,0.27265552,1.0,,,,,,,,,,,,,,,,,,,,,,,,,,,,,,,,,,,,,,,,,,,
1501.0,-0.021880547253398257,0.04634566232562065,0.00044057369814254344,0.16841991245746613,0.0,0.5113727,0.2729797,0.99955916,0.074400365,0.022212923,3.5527768e-07,0.004336834,0.006185293,0.025109053,0.08808245,0.07441132,-0.013739643,0.562875,0.27280182,1.0,,,,,,,,,,,,,,,,,,,,,,,,,,,,,,,,,,,,,,,,,,,
1502.0,-0.021931650485588036,0.046378783881664276,0.00044057369814254344,0.16673143208026886,0.0,0.5116837,0.27307153,0.99955916,0.07464086,0.022037063,1.994142e-07,0.0042541027,0.0060272217,0.025173664,-0.018942716,-0.03844503,0.01562717,0.56325,0.27294806,1.0,,,,,,,,,,,,,,,,,,,,,,,,,,,,,,,,,,,,,,,,,,,
1503.0,-0.0219828612064528,0.04641205444931984,0.00044057369814254344,0.16503939032554626,0.0,0.5119957,0.27316263,0.99955916,0.07487476,0.021864485,2.9003954e-07,0.0046286583,0.0063278675,0.025118828,0.08806937,0.07440155,-0.013731676,0.563625,0.2730942,1.0,,,,,,,,,,,,,,,,,,,,,,,,,,,,,,,,,,,,,,,,,,,
1504.0,-0.02203417231983185,0.04644540697336197,0.00044057369814254344,0.16334392130374908,0.0,0.5123087,0.27325293,0.99955916,0.07512127,0.02167693,1.2482761e-07,0.0045456886,0.0061695576,0.02518344,-0.018950501,-0.038464095,0.015618661,0.564,0.2732403,1.0,,,,,,,,,,,,,,,,,,,,,,,,,,,,,,,,,,,,,,,,,,,
1505.0,-0.022085591741295502,0.04647892341017723,0.00044057369814254344,0.16164487600326538,0.0,0.5126227,0.2733425,0.99955916,0.07536118,0.02149266,2.1958373e-07,0.004920244,0.0064702034,0.025128603,0.0880563,0.07439178,-0.01372371,0.564375,0.27338633,1.0,,,,,,,,,,,,,,,,,,,,,,,,,,,,,,,,,,,,,,,,,,,
1506.0,-0.022137110104388562,0.04651251435279846,0.00044057369814254344,0.15994246304035187,0.0,0.5129378,0.2734312,0.99955916,0.07561369,0.02129342,4.720671e-08,0.0048372746,0.0063118935,0.025192976,-0.018958285,-0.03848315,0.015610147,0.56475,0.2735323,1.0,,,,,,,,,,,,,,,,,,,,,,,,,,,,,,,,,,,,,,,,,,,
1507.0,-0.022188733484731347,0.04654630273580551,0.00044057369814254344,0.15823662281036377,0.0,0.51325387,0.27351913,0.99955916,0.075859606,0.021097468,1.4558167e-07,0.00521183,0.0066125393,0.025138378,0.08804324,0.07438202,-0.013715742,0.565125,0.27367818,1.0,,,,,,,,,,,,,,,,,,,,,,,,,,,,,,,,,,,,,,,,,,,
1508.0,-0.022240449764372897,0.046580199152231216,0.00044057369814254344,0.15652748942375183,0.0,0.513571,0.27360615,0.99955916,0.07611812,0.020886552,-3.3835665e-08,0.0051288605,0.0064542294,0.025202751,-0.018966068,-0.038502198,0.015601627,0.5655,0.27382404,1.0,,,,,,,,,,,,,,,,,,,,,,,,,,,,,,,,,,,,,,,,,,,
1509.0,-0.02229243222193036,0.04661425203084946,0.00044057369814254344,0.15481507778167725,0.0,0.5138892,0.2736923,0.99955916,0.07637002,0.020678926,6.812945e-08,0.0055031776,0.0067546368,0.025148153,0.0880302,0.074372254,-0.013707774,0.565875,0.27396977,1.0,,,,,,,,,,,,,,,,,,,,,,,,,,,,,,,,,,,,,,,,,,,
1510.0,-0.022344196167493648,0.04664839059114456,0.00044057369814254344,0.1530994325876236,0.0,0.5142085,0.27377754,0.99955916,0.076634526,0.02045634,-1.1831688e-07,0.005420208,0.006596327,0.025212526,-0.018973846,-0.03852123,0.0155931,0.56625,0.27411547,1.0,,,,,,,,,,,,,,,,,,,,,,,,,,,,,,,,,,,,,,,,,,,
1511.0,-0.022396511905652002,0.046682633459568024,0.00044058560160920024,0.15138070285320282,0.0,0.51452893,0.27386186,0.99955916,0.07689242,0.020237051,-1.2763646e-08,0.005794525,0.0068967342,0.025157928,0.08801715,0.0743625,-0.013699805,0.566625,0.2742611,1.0,,,,,,,,,,,,,,,,,,,,,,,,,,,,,,,,,,,,,,,,,,,
1512.0,-0.02244822082809551,0.04671712592244148,0.00044057369814254344,0.1496589630842209,0.0,0.51485044,0.2739452,0.99955916,0.07716291,0.020002805,-2.0623393e-07,0.0057115555,0.006738186,0.025222301,-0.018981624,-0.038540255,0.0155845685,0.567,0.27440664,1.0,,,,,,,,,,,,,,,,,,,,,,,,,,,,,,,,,,,,,,,,,,,
1513.0,-0.02250093338777515,0.04675162583589554,0.00044057369814254344,0.14793433248996735,0.0,0.515173,0.2740276,0.99955916,0.07742678,0.01977186,-9.709315e-08,0.0056114197,0.0070385933,0.025167942,-0.025804091,0.07148162,-0.012924717,0.567375,0.27455214,1.0,,,,,,,,,,,,,,,,,,,,,,,,,,,,,,,,,,,,,,,,,,,
1514.0,-0.02255280947486899,0.046786386519670486,0.00044057369814254344,0.14620696008205414,0.0,0.5154968,0.27410904,0.99955916,0.077702746,0.019545348,-1.8417451e-07,0.0059707165,0.006880045,0.025232077,0.087127514,-0.03587438,0.014846841,0.56775,0.27469754,1.0,,,,,,,,,,,,,,,,,,,,,,,,,,,,,,,,,,,,,,,,,,,
1515.0,-0.02260565311450919,0.04682120680809021,0.00044057369814254344,0.144476979970932,0.0,0.5158217,0.27418947,0.99955916,0.07797256,0.019304063,-2.0364014e-07,0.0058705807,0.0071804523,0.025177717,-0.025815047,0.07148317,-0.012903119,0.568125,0.2748429,1.0,,,,,,,,,,,,,,,,,,,,,,,,,,,,,,,,,,,,,,,,,,,
1516.0,-0.022657651581117537,0.04685623571276665,0.00044057369814254344,0.1427445411682129,0.0,0.51614773,0.27426893,0.99955916,0.07825447,0.019067213,-2.6120748e-07,0.0062298775,0.007021904,0.02524209,0.08712154,-0.035879012,0.014824255,0.5685,0.27498814,1.0,,,,,,,,,,,,,,,,,,,,,,,,,,,,,,,,,,,,,,,,,,,
1517.0,-0.02271050436624501,0.046891361474990845,0.00044057369814254344,0.1410098671913147,0.0,0.51647496,0.2743473,0.99955916,0.078530215,0.018815596,-2.9047297e-07,0.0061297417,0.0073223114,0.02518773,-0.025825998,0.071484715,-0.012881524,0.568875,0.27513337,1.0,,,,,,,,,,,,,,,,,,,,,,,,,,,,,,,,,,,,,,,,,,,
1518.0,-0.02276250047028007,0.04692668467760086,0.00044057369814254344,0.13927315175533295,0.0,0.5168034,0.27442467,0.99955916,0.07881806,0.018568415,-3.4641485e-07,0.0062286854,0.007163763,0.025251865,0.024690883,-0.037456296,0.015258928,0.56925,0.2752785,1.0,,,,,,,,,,,,,,,,,,,,,,,,,,,,,,,,,,,,,,,,,,,
1519.0,-0.022815465563078757,0.04696204885840416,0.00044057369814254344,0.13753467798233032,0.0,0.51713294,0.274501,0.99955916,0.07909947,0.018317103,-3.1130622e-07,0.005868435,0.0074641705,0.025197506,-0.08824706,0.069902554,-0.012431318,0.569625,0.2754236,1.0,,,,,,,,,,,,,,,,,,,,,,,,,,,,,,,,,,,,,,,,,,,
1520.0,-0.022867558933956027,0.04699765518307686,0.00044057369814254344,0.13579465448856354,0.0,0.51746374,0.27457634,0.99955916,0.0793927,0.018080862,-3.2030496e-07,0.0059673786,0.007305622,0.025261879,0.024714107,-0.03745419,0.01526505,0.57,0.27556857,1.0,,,,,,,,,,,,,,,,,,,,,,,,,,,,,,,,,,,,,,,,,,,
1521.0,-0.022920604689855826,0.047033291310071945,0.00044057369814254344,0.13405345380306244,0.0,0.51779574,0.27465066,0.99955916,0.079679504,0.017840482,-2.9426437e-07,0.005607128,0.0076060295,0.025207281,-0.08822885,0.069896,-0.012438346,0.570375,0.2757135,1.0,,,,,,,,,,,,,,,,,,,,,,,,,,,,,,,,,,,,,,,,,,,
1522.0,-0.022972756799665518,0.04706912860274315,0.00044057369814254344,0.13231143355369568,0.0,0.518129,0.27472407,0.99955916,0.07997813,0.017615167,-3.06733e-07,0.0057063103,0.007447481,0.025271654,0.024737323,-0.037452083,0.015271161,0.57075,0.27585837,1.0,,,,,,,,,,,,,,,,,,,,,,,,,,,,,,,,,,,,,,,,,,,
1523.0,-0.02302599272640073,0.047105107456445694,0.00044057369814254344,0.13056883215904236,0.0,0.51846343,0.27479652,0.99955916,0.08027033,0.01738571,-2.7792547e-07,0.005346298,0.0077478886,0.025217056,-0.08821066,0.06988944,-0.012445367,0.571125,0.27600318,1.0,,,,,,,,,,,,,,,,,,,,,,,,,,,,,,,,,,,,,,,,,,,
1524.0,-0.023078028665929746,0.047141220420598984,0.00044058560160920024,0.12882612645626068,0.0,0.5187992,0.27486807,0.99955916,0.08057434,0.01717131,-2.9663738e-07,0.0054454803,0.00758934,0.02528143,0.024760528,-0.03744998,0.015277259,0.5715,0.2761479,1.0,,,,,,,,,,,,,,,,,,,,,,,,,,,,,,,,,,,,,,,,,,,
1525.0,-0.02313143172998389,0.047177501022815704,0.00044058560160920024,0.1270837038755417,0.0,0.51913613,0.2749387,0.9995591,0.08087191,0.01695276,-2.644107e-07,0.0050854683,0.007889509,0.025226831,-0.08819246,0.06988289,-0.012452381,0.571875,0.27629256,1.0,,,,,,,,,,,,,,,,,,,,,,,,,,,,,,,,,,,,,,,,,,,
1526.0,-0.02318343680279941,0.047213878482580185,0.00044058560160920024,0.1253420114517212,0.0,0.5194744,0.27500847,0.9995591,0.08118131,0.016749261,-1.05557376e-07,0.0051846504,0.007730961,0.025291443,0.024783723,-0.03744787,0.015283346,0.57225,0.27643713,1.0,,,,,,,,,,,,,,,,,,,,,,,,,,,,,,,,,,,,,,,,,,,
1527.0,-0.023236778306400818,0.0472504198551178,0.00044058560160920024,0.12360158562660217,0.0,0.5198139,0.2750774,0.9995591,0.081484266,0.016541608,-1.1305747e-07,0.004824877,0.008031368,0.025236607,-0.08817428,0.06987634,-0.012459386,0.572625,0.27658165,1.0,,,,,,,,,,,,,,,,,,,,,,,,,,,,,,,,,,,,,,,,,,,
1528.0,-0.023288692001663735,0.047287046909332275,0.00044058560160920024,0.12186287343502045,0.0,0.5201547,0.27514553,0.9995591,0.08179904,0.016349,-1.3441978e-07,0.004924059,0.00787282,0.02530098,0.02480691,-0.037445758,0.015289421,0.573,0.2767261,1.0,,,,,,,,,,,,,,,,,,,,,,,,,,,,,,,,,,,,,,,,,,,
1529.0,-0.02334190974954545,0.04732387512922287,0.00044058560160920024,0.12012652307748795,0.0,0.52049685,0.27521282,0.9995591,0.08210737,0.016152233,-9.766031e-08,0.0045642853,0.008172989,0.025246143,-0.08815612,0.0698698,-0.012466384,0.573375,0.2768705,1.0,,,,,,,,,,,,,,,,,,,,,,,,,,,,,,,,,,,,,,,,,,,
1530.0,-0.02339366345875315,0.04736078903079033,0.00044058560160920024,0.11839309334754944,0.0,0.5208403,0.27527937,0.9995591,0.08242752,0.015970506,-1.3499157e-07,0.004663706,0.008014441,0.025310755,0.024830086,-0.03744365,0.015295484,0.57375,0.2770148,1.0,,,,,,,,,,,,,,,,,,,,,,,,,,,,,,,,,,,,,,,,,,,
1531.0,-0.02344668367354025,0.04739787429571152,0.00044058560160920024,0.11666329205036163,0.0,0.52118504,0.27534515,0.9995591,0.08274122,0.01578461,-9.252654e-08,0.004303932,0.008314848,0.025255919,-0.08813796,0.06986325,-0.012473375,0.574125,0.27715904,1.0,,,,,,,,,,,,,,,,,,,,,,,,,,,,,,,,,,,,,,,,,,,
1532.0,-0.02349819930260128,0.04743505269289017,0.00044058560160920024,0.11493773758411407,0.0,0.52153116,0.2754102,0.9995591,0.08306675,0.01561375,-1.3677182e-07,0.004403591,0.0081563,0.02532053,0.024853256,-0.037441537,0.015301536,0.5745,0.27730322,1.0,,,,,,,,,,,,,,,,,,,,,,,,,,,,,,,,,,,,,,,,,,,
1533.0,-0.02355093829416583,0.04747241362929344,0.00044058560160920024,0.11321724951267242,0.0,0.5218786,0.27547452,0.9995591,0.083385825,0.015438716,-9.0725635e-08,0.0040438175,0.008456469,0.025265455,-0.08811981,0.06985671,-0.012480358,0.574875,0.2774473,1.0,,,,,,,,,,,,,,,,,,,,,,,,,,,,,,,,,,,,,,,,,,,
1534.0,-0.023602124441185156,0.047509826719760895,0.00044058560160920024,0.11150263994932175,0.0,0.5222274,0.27553818,0.9995591,0.083716705,0.015278711,-1.4138149e-07,0.0041434765,0.00829792,0.025330067,0.024876414,-0.03743943,0.015307575,0.57525,0.27759135,1.0,,,,,,,,,,,,,,,,,,,,,,,,,,,,,,,,,,,,,,,,,,,
1535.0,-0.10365444185706582,0.04754732549190521,0.0004405975341796875,0.10979468375444412,1.0,0.5225776,0.27560118,0.9995591,0.08404115,0.015114525,-9.1871236e-08,0.0037839413,0.008598089,0.025274992,-0.08810167,0.06985018,-0.012487333,0.575625,0.27773532,1.0,,,,,,,,,,,,,,,,,,,,,,,,,,,,,,,,,,,,,,,,,,,
