step,reward,mean_form_error_m,mean_z_error_m,min_dyn_distance_m,collision_flag,x_m,y_m,z_m,vx_mps,vy_mps,vz_mps,roll_rad,pitch_rad,yaw_rad,wx_rps,wy_rps,wz_rps,x_des_m,y_des_m,z_des_m,ic_pos_jitter_d0_x_m,ic_pos_jitter_d0_y_m,ic_pos_jitter_d0_z_m,ic_yaw_jitter_d0_rad,ic_vel_jitter_d0_x_mps,ic_vel_jitter_d0_y_mps,ic_vel_jitter_d0_z_mps,ic_pos_jitter_d1_x_m,ic_pos_jitter_d1_y_m,ic_pos_jitter_d1_z_m,ic_yaw_jitter_d1_rad,ic_vel_jitter_d1_x_mps,ic_vel_jitter_d1_y_mps,ic_vel_jitter_d1_z_mps,ic_pos_jitter_d2_x_m,ic_pos_jitter_d2_y_m,ic_pos_jitter_d2_z_m,ic_yaw_jitter_d2_rad,ic_vel_jitter_d2_x_mps,ic_vel_jitter_d2_y_mps,ic_vel_jitter_d2_z_mps,ic_pos_jitter_d3_x_m,ic_pos_jitter_d3_y_m,ic_pos_jitter_d3_z_m,ic_yaw_jitter_d3_rad,ic_vel_jitter_d3_x_mps,ic_vel_jitter_d3_y_mps,ic_vel_jitter_d3_z_mps,ic_pos_jitter_d4_x_m,ic_pos_jitter_d4_y_m,ic_pos_jitter_d4_z_m,ic_yaw_jitter_d4_rad,ic_vel_jitter_d4_x_mps,ic_vel_jitter_d4_y_mps,ic_vel_jitter_d4_z_mps,ic_obstacle_jitter_x_m,ic_obstacle_jitter_y_m,ic_obstacle_jitter_z_m,ic_dynamic_jitter_x_m,ic_dynamic_jitter_y_m,ic_dynamic_jitter_z_m,ic_disable_dynamic_flag,ic_chase_mode
,,,,,,,,,,,,,,,,,,,,,0.2572657750594965,-0.28382868587977933,-0.0428942202175126,-0.353438037612629,-0.16684075655835598,-0.022374195653873302,-0.18028970555824964,0.22807051424785713,0.1359388459232797,-0.18452023209290946,-0.09714601211490531,0.07409201110921282,-0.1837972292738159,0.1823793241569886,0.27812949433362094,-0.24679180646134063,0.1310975107569689,-0.06492864640438106,0.027126210443486454,0.18900819607114572,0.03376281652126681,0.18862262198689073,-0.1803813040184482,0.1708939241749366,-0.039884079984623455,-0.04958122096339648,-0.0894986788636762,-0.16995393000909834,0.15065947707203192,0.0785589974119088,-0.003661789549701755,-0.093970101114206,-0.04173087442054929,-0.16377592161682825,0.10333134741267358,-0.1908480129137563,-0.0032685163919333182,0.1203281193129625,0.3076664554271067,0.25415468155116105,0.08099438772448853,0.0,most_error
0.0,-0.002506927190680246,0.0007188058225437999,0.0005797147750854492,0.9534759521484375,0.0,0.0,0.0,1.0005792,0.0,0.0,0.00012931107,0.0,0.0,0.0,0.0,0.0,0.0,0.0,0.0,1.0,,,,,,,,,,,,,,,,,,,,,,,,,,,,,,,,,,,,,,,,,,,
1.0,-0.0025095925892135895,0.0010292064398527145,0.0005803108215332031,0.9534332752227783,0.0,0.0,0.0,1.0005797,0.0,0.0,0.00012773594,0.0,0.0,0.0,0.0,0.0,0.0,0.000375,0.0002,1.0,,,,,,,,,,,,,,,,,,,,,,,,,,,,,,,,,,,,,,,,,,,
2.0,-0.0025113257457099747,0.0014009944861754775,0.0005807876586914062,0.9533693194389343,0.0,0.0,0.0,1.0005803,0.0,0.0,0.00012663403,-0.00012803078,0.00023984909,0.0,-0.030714178,0.057589088,0.0,0.00075,0.00039999993,1.0,,,,,,,,,,,,,,,,,,,,,,,,,,,,,,,,,,,,,,,,,,,
3.0,-0.0025138359399847566,0.0017965675797313452,0.0005812644958496094,0.9532843828201294,0.0,4.08657e-08,2.1795039e-08,1.0005808,9.807768e-06,5.2308096e-06,0.00012505156,0.00020241737,2.1457672e-05,0.0,0.07927969,-0.052410748,-1.2316217e-05,0.001125,0.0005999998,1.0,,,,,,,,,,,,,,,,,,,,,,,,,,,,,,,,,,,,,,,,,,,
4.0,-0.002516410647129442,0.0022030682303011417,0.0005818605422973633,0.953178346157074,0.0,8.5397524e-08,9.122633e-09,1.0005813,1.0687638e-05,-3.0413773e-06,0.00012395204,7.43866e-05,0.00026154518,1.1920929e-06,-0.03072544,0.05758821,0.00028527447,0.0015,0.00079999946,1.0,,,,,,,,,,,,,,,,,,,,,,,,,,,,,,,,,,,,,,,,,,,
5.0,-0.0025190222316776732,0.0026154671795666218,0.0005823373794555664,0.9530518054962158,0.0,1.7446017e-07,-1.6206684e-08,1.0005819,2.1375034e-05,-6.079036e-06,0.00012273778,0.00040459633,4.3153763e-05,-2.4080276e-05,0.07926684,-0.05241106,-0.0060845534,0.001875,0.000999999,1.0,,,,,,,,,,,,,,,,,,,,,,,,,,,,,,,,,,,,,,,,,,,
6.0,-0.0025216571364796436,0.003031297819688916,0.0005828142166137695,0.9529045224189758,0.0,2.708516e-07,-1.1043928e-07,1.0005823,2.3133942e-05,-2.2615823e-05,0.00012118136,0.00027656555,0.00028300285,7.224083e-05,-0.030735558,0.05757703,0.023127267,0.00225,0.0011999982,1.0,,,,,,,,,,,,,,,,,,,,,,,,,,,,,,,,,,,,,,,,,,,
7.0,-0.002524308966383888,0.003449392272159457,0.0005832910537719727,0.9527369737625122,0.0,4.1543356e-07,-2.5174842e-07,1.0005828,3.469967e-05,-3.391419e-05,0.00012007522,0.0006067753,6.4611435e-05,4.673004e-05,0.07925311,-0.052409466,-0.0061006187,0.002625,0.0013999972,1.0,,,,,,,,,,,,,,,,,,,,,,,,,,,,,,,,,,,,,,,,,,,
8.0,-0.002526973024201107,0.0038689945358783007,0.0005837678909301758,0.952549159526825,0.0,5.7100345e-07,-4.9636407e-07,1.0005833,3.7336777e-05,-5.870776e-05,0.000118858785,0.0004787445,0.00030446053,0.00014328957,-0.030756464,0.057564907,0.023135802,0.003,0.0015999958,1.0,,,,,,,,,,,,,,,,,,,,,,,,,,,,,,,,,,,,,,,,,,,
9.0,-0.002529647484262751,0.004289696924388409,0.0005842447280883789,0.9523413181304932,0.0,7.7841685e-07,-8.2243656e-07,1.0005838,4.9779217e-05,-7.825739e-05,0.00011767369,0.0008087158,8.606911e-05,0.00011777878,0.079239376,-0.052407872,-0.006116672,0.003375,0.0017999939,1.0,,,,,,,,,,,,,,,,,,,,,,,,,,,,,,,,,,,,,,,,,,,
10.0,-0.002532330575104425,0.004711180925369263,0.000584721565246582,0.9521137475967407,0.0,1.0004708e-06,-1.2861791e-06,1.0005842,5.329293e-05,-0.00011129822,0.00011647327,0.00068068504,0.0003259182,0.00021409988,-0.030777361,0.05755279,0.023144327,0.00375,0.0019999917,1.0,,,,,,,,,,,,,,,,,,,,,,,,,,,,,,,,,,,,,,,,,,,
11.0,-0.002535022110512364,0.005133301485329866,0.0005851984024047852,0.9518665075302124,0.0,1.2780146e-06,-1.8657197e-06,1.0005847,6.6610526e-05,-0.00013908974,0.00011528525,0.0010106564,0.00010752678,0.0001885891,0.07922566,-0.052406278,-0.006132712,0.004125,0.0021999888,1.0,,,,,,,,,,,,,,,,,,,,,,,,,,,,,,,,,,,,,,,,,,,
12.0,-0.002537720087434356,0.00555590633302927,0.0005856752395629883,0.9515998363494873,0.0,1.5738449e-06,-2.6172547e-06,1.0005852,7.099928e-05,-0.00018036841,0.000114082985,0.00088238716,0.00034737587,0.00028514862,-0.030798247,0.057540674,0.02315284,0.0045,0.0023999857,1.0,,,,,,,,,,,,,,,,,,,,,,,,,,,,,,,,,,,,,,,,,,,
13.0,-0.0025404247831298586,0.005978927481919527,0.0005861520767211914,0.9513137936592102,0.0,1.9288052e-06,-3.5188898e-06,1.0005857,8.519046e-05,-0.00021639244,0.000112896254,0.0012123585,0.00012874603,0.00025963783,0.07921194,-0.052404687,-0.0061487397,0.004875,0.0025999816,1.0,,,,,,,,,,,,,,,,,,,,,,,,,,,,,,,,,,,,,,,,,,,
14.0,-0.002543135168968002,0.00640228483825922,0.0005866289138793945,0.951008677482605,0.0,2.3056914e-06,-4.6268046e-06,1.0005862,9.0452675e-05,-0.00026589958,0.00011169115,0.0010840893,0.00036859512,0.00035619736,-0.030819124,0.05752856,0.023161342,0.00525,0.002799977,1.0,,,,,,,,,,,,,,,,,,,,,,,,,,,,,,,,,,,,,,,,,,,
15.0,-0.002545852006374481,0.006825954653322697,0.0005871057510375977,0.950684666633606,0.0,2.745341e-06,-5.919083e-06,1.0005866,0.00010551588,-0.00031014672,0.00011050595,0.0014138222,0.0001502037,0.00033044815,0.079198234,-0.052403096,-0.0061647547,0.005625,0.0029999719,1.0,,,,,,,,,,,,,,,,,,,,,,,,,,,,,,,,,,,,,,,,,,,
16.0,-0.0025485737752325805,0.007249864283949137,0.0005875825881958008,0.9503419399261475,0.0,3.210549e-06,-7.4518866e-06,1.0005871,0.00011164998,-0.00036787294,0.00010929796,0.001285553,0.00038981438,0.00042700768,-0.030839989,0.057516444,0.023169836,0.006,0.003199966,1.0,,,,,,,,,,,,,,,,,,,,,,,,,,,,,,,,,,,,,,,,,,,
17.0,-0.0025513015486088994,0.007674023509025574,0.0005879402160644531,0.9499808549880981,0.0,3.7421476e-06,-9.203278e-06,1.0005876,0.00012758361,-0.00042033382,0.00010811428,0.0016152859,0.00017142296,0.00040125847,0.07918454,-0.052401505,-0.0061807567,0.006375,0.003399959,1.0,,,,,,,,,,,,,,,,,,,,,,,,,,,,,,,,,,,,,,,,,,,
18.0,-0.0025540346020003204,0.00809839554131031,0.0005884170532226562,0.949601411819458,0.0,4.302931e-06,-1.1229402e-05,1.0005879,0.00013458803,-0.00048626977,0.00010690342,0.0014867783,0.00041103363,0.000497818,-0.030860843,0.05750433,0.023178317,0.00675,0.0035999515,1.0,,,,,,,,,,,,,,,,,,,,,,,,,,,,,,,,,,,,,,,,,,,
19.0,-0.0025567732194227578,0.00852298829704523,0.0005888938903808594,0.9492038488388062,0.0,4.9337254e-06,-1.35083e-05,1.0005884,0.00015139069,-0.00054693554,0.000106089195,0.0018167496,0.00019264221,0.0004720688,0.079170845,-0.052399915,-0.0061967466,0.007125,0.0037999428,1.0,,,,,,,,,,,,,,,,,,,,,,,,,,,,,,,,,,,,,,,,,,,
20.0,-0.0025595163907928533,0.008947758004069328,0.0005892515182495117,0.9487884640693665,0.0,5.5973246e-06,-1.6096099e-05,1.0005889,0.00015926381,-0.00062107167,0.00010478906,0.0016880035,0.00043225288,0.0005686283,-0.030881688,0.05749222,0.023186788,0.0075,0.003999933,1.0,,,,,,,,,,,,,,,,,,,,,,,,,,,,,,,,,,,,,,,,,,,
21.0,-0.0025622426915971126,0.009372725151479244,0.0005897283554077148,0.9483553767204285,0.0,6.3345483e-06,-1.8970815e-05,1.0005893,0.00017693362,-0.00068993197,0.000103628736,0.0020177364,0.00021362305,0.0005428791,0.07915716,-0.052398328,-0.006212724,0.007875,0.004199923,1.0,,,,,,,,,,,,,,,,,,,,,,,,,,,,,,,,,,,,,,,,,,,
22.0,-0.0025649949034601376,0.00979786366224289,0.000590205192565918,0.9479047656059265,0.0,7.10819e-06,-2.2188566e-05,1.0005897,0.00018567401,-0.00077225995,0.000102775266,0.0018892288,0.00045323372,0.00063943863,-0.030902522,0.057480104,0.023195248,0.00825,0.004399911,1.0,,,,,,,,,,,,,,,,,,,,,,,,,,,,,,,,,,,,,,,,,,,
23.0,-0.002567692960480782,0.010223214514553547,0.0005905628204345703,0.9474368095397949,0.0,7.959063e-06,-2.5727339e-05,1.0005902,0.00020420949,-0.0008493057,0.00010151093,0.0022187233,0.00023460388,0.0006136894,0.07914348,-0.05239674,-0.0062286886,0.008625,0.0045998986,1.0,,,,,,,,,,,,,,,,,,,,,,,,,,,,,,,,,,,,,,,,,,,
24.0,-0.002568961303975813,0.010648691095411777,0.0005910396575927734,0.9469516277313232,0.0,8.84996e-06,-2.9643234e-05,1.0005906,0.00021381538,-0.0009398146,0.000100311445,0.0020902157,0.00047421455,0.00071024895,-0.030923344,0.057467997,0.023203699,0.009,0.0047998847,1.0,,,,,,,,,,,,,,,,,,,,,,,,,,,,,,,,,,,,,,,,,,,
25.0,-0.0025724927871604453,0.011074354872107506,0.0005913972854614258,0.9464496970176697,0.0,9.82169e-06,-3.3914224e-05,1.000591,0.0002332152,-0.0010250376,9.949713e-05,0.0018246174,0.00025558472,0.00068449974,-0.06369908,-0.052496612,-0.0061769066,0.009375,0.00499987,1.0,,,,,,,,,,,,,,,,,,,,,,,,,,,,,,,,,,,,,,,,,,,
26.0,-0.0025737781956009713,0.011500143446028233,0.0005917549133300781,0.9459310173988342,0.0,1.0836974e-05,-3.849503e-05,1.0005914,0.00024366814,-0.0010993937,9.824109e-05,0.002017498,0.0004951954,0.00078105927,0.046233386,0.05752559,0.023158185,0.00975,0.0051998533,1.0,,,,,,,,,,,,,,,,,,,,,,,,,,,,,,,,,,,,,,,,,,,
27.0,-0.0025773270319165045,0.011926083825528622,0.0005922317504882812,0.9453957080841064,0.0,1.1936656e-05,-4.3418397e-05,1.0005918,0.00026392372,-0.0011816076,9.741337e-05,0.0017518997,0.00027680397,0.00075531006,-0.063697584,-0.05249727,-0.006175544,0.010125,0.0053998358,1.0,,,,,,,,,,,,,,,,,,,,,,,,,,,,,,,,,,,,,,,,,,,
28.0,-0.00257862877181724,0.012352108024060726,0.0005925893783569336,0.9448439478874207,0.0,1.3083458e-05,-4.8639045e-05,1.0005922,0.0002752323,-0.0012529563,9.6527816e-05,0.0019445419,0.0005161762,0.0008518696,0.046227712,0.057534847,0.023149237,0.0105,0.0055998173,1.0,,,,,,,,,,,,,,,,,,,,,,,,,,,,,,,,,,,,,,,,,,,
29.0,-0.002582194673894265,0.012778286822140217,0.0005929470062255859,0.9442762136459351,0.0,1.4318225e-05,-5.4189717e-05,1.0005926,0.00029634428,-0.0013321609,9.524555e-05,0.0016789436,0.0002977848,0.00082588196,-0.063696094,-0.052497927,-0.0061741774,0.010875,0.005799797,1.0,,,,,,,,,,,,,,,,,,,,,,,,,,,,,,,,,,,,,,,,,,,
30.0,-0.0025835131552572423,0.013204546645283699,0.0005934238433837891,0.9436922669410706,0.0,1.560368e-05,-6.002514e-05,1.000593,0.00030850933,-0.0014005022,9.4466115e-05,0.0018718243,0.0005373955,0.0009224415,0.04622204,0.057544097,0.023140287,0.01125,0.005999775,1.0,,,,,,,,,,,,,,,,,,,,,,,,,,,,,,,,,,,,,,,,,,,
31.0,-0.0025870958370876906,0.013630934059619904,0.0005937814712524414,0.9430925846099854,0.0,1.6980677e-05,-6.617806e-05,1.0005934,0.00033047906,-0.0014766993,9.352723e-05,0.001606226,0.00031876564,0.0008966923,-0.063694604,-0.052498583,-0.0061728056,0.011625,0.0061997515,1.0,,,,,,,,,,,,,,,,,,,,,,,,,,,,,,,,,,,,,,,,,,,
32.0,-0.0025884312094269263,0.014057397842407227,0.0005941390991210938,0.9424772262573242,0.0,1.8411933e-05,-7.2603194e-05,1.0005938,0.0003435013,-0.0015420327,9.2298644e-05,0.0017991066,0.0005583763,0.0009930134,0.046216365,0.057553343,0.023131335,0.012,0.006399727,1.0,,,,,,,,,,,,,,,,,,,,,,,,,,,,,,,,,,,,,,,,,,,
33.0,-0.0025920297311236946,0.014483931474387646,0.0005944967269897461,0.9418463706970215,0.0,1.9938305e-05,-7.933329e-05,1.0005941,0.0003663295,-0.0016152224,9.1465576e-05,0.0015335083,0.0003399849,0.0009672642,-0.06369311,-0.052499242,-0.006171429,0.012375,0.0065997005,1.0,,,,,,,,,,,,,,,,,,,,,,,,,,,,,,,,,,,,,,,,,,,
34.0,-0.0025933809964604738,0.014910575933754444,0.0005948543548583984,0.9412001371383667,0.0,2.1522514e-05,-8.6323074e-05,1.0005945,0.00038021008,-0.0016775498,9.057948e-05,0.0017261505,0.00057959557,0.0010635853,0.046210695,0.057562586,0.023122381,0.01275,0.0067996723,1.0,,,,,,,,,,,,,,,,,,,,,,,,,,,,,,,,,,,,,,,,,,,
35.0,-0.002596997141393878,0.015337273478507996,0.0005953311920166016,0.9405389428138733,0.0,2.320542e-05,-9.36053e-05,1.0005949,0.00040389757,-0.0017477323,8.966637e-05,0.0014605522,0.00036120415,0.0010378361,-0.06369162,-0.052499898,-0.006170048,0.013125,0.0069996426,1.0,,,,,,,,,,,,,,,,,,,,,,,,,,,,,,,,,,,,,,,,,,,
36.0,-0.0025983648896897686,0.015764061361551285,0.0005956888198852539,0.9398626089096069,0.0,2.4949743e-05,-0.00010113468,1.0005953,0.00041863724,-0.0018070535,8.879846e-05,0.0016534328,0.0006008148,0.0011341572,0.04620503,0.057571825,0.023113426,0.0135,0.007199611,1.0,,,,,,,,,,,,,,,,,,,,,,,,,,,,,,,,,,,,,,,,,,,
37.0,-0.002601996200107537,0.01619088649749756,0.0005960464477539062,0.9391714930534363,0.0,2.6796346e-05,-0.00010894397,1.0005957,0.00044318472,-0.0018742287,8.751352e-05,0.0013878345,0.0003824234,0.001108408,-0.06369014,-0.052500557,-0.006168662,0.013875,0.007399578,1.0,,,,,,,,,,,,,,,,,,,,,,,,,,,,,,,,,,,,,,,,,,,
38.0,-0.0026033804229553055,0.016617784276604652,0.0005964040756225586,0.9384655952453613,0.0,2.8707947e-05,-0.0001169879,1.000596,0.00045878446,-0.0019305443,8.67323e-05,0.0015804768,0.0006220341,0.0012047291,0.046199363,0.05758106,0.023104468,0.01425,0.007599543,1.0,,,,,,,,,,,,,,,,,,,,,,,,,,,,,,,,,,,,,,,,,,,
39.0,-0.0026070238836982808,0.017044726759195328,0.0005967617034912109,0.937745213508606,0.0,3.072542e-05,-0.00012529921,1.0005964,0.00048419324,-0.0019947141,8.5795305e-05,0.0013148785,0.00040364265,0.0011789799,-0.06368865,-0.052501213,-0.006167272,0.014625,0.0077995057,1.0,,,,,,,,,,,,,,,,,,,,,,,,,,,,,,,,,,,,,,,,,,,
40.0,-0.0026083669284824368,0.01747172698378563,0.0005971193313598633,0.9370104670524597,0.0,3.2811477e-05,-0.00013383264,1.0005968,0.0005006538,-0.0020480242,8.49318e-05,0.0015077591,0.0006432533,0.001275301,0.0461937,0.057590287,0.023095509,0.015,0.007999467,1.0,,,,,,,,,,,,,,,,,,,,,,,,,,,,,,,,,,,,,,,,,,,
41.0,-0.0026120040000183658,0.017898734658956528,0.0005973577499389648,0.9362614154815674,0.0,3.5006997e-05,-0.00014262093,1.0005971,0.0005269246,-0.0021091884,8.401449e-05,0.0012421608,0.0004248619,0.0012493134,-0.06368717,-0.052501872,-0.006165877,0.015375,0.008199425,1.0,,,,,,,,,,,,,,,,,,,,,,,,,,,,,,,,,,,,,,,,,,,
42.0,-0.0026133556552173287,0.018325816839933395,0.0005977153778076172,0.9354982376098633,0.0,3.727469e-05,-0.00015161882,1.0005974,0.0005442469,-0.0021594937,8.314576e-05,0.001434803,0.000664711,0.0013456345,0.04618804,0.05759951,0.02308655,0.01575,0.008399382,1.0,,,,,,,,,,,,,,,,,,,,,,,,,,,,,,,,,,,,,,,,,,,
43.0,-0.002617001074529276,0.01875291019678116,0.0005980730056762695,0.9347211122512817,0.0,3.9655446e-05,-0.00016085904,1.0005977,0.00057138084,-0.0022176532,8.259797e-05,0.0011692047,0.00044631958,0.0013198853,-0.063685685,-0.052502528,-0.006164477,0.016125,0.008599337,1.0,,,,,,,,,,,,,,,,,,,,,,,,,,,,,,,,,,,,,,,,,,,
44.0,-0.002618360521982,0.019180038943886757,0.0005984306335449219,0.9339301586151123,0.0,4.211197e-05,-0.00017029635,1.0005981,0.0005895658,-0.0022649544,8.164188e-05,0.0013618469,0.00068616867,0.0014162064,0.046182383,0.05760873,0.023077587,0.0165,0.00879929,1.0,,,,,,,,,,,,,,,,,,,,,,,,,,,,,,,,,,,,,,,,,,,
45.0,-0.0026220135831885806,0.019607186317443848,0.0005987882614135742,0.9331254363059998,0.0,4.4685148e-05,-0.00017996348,1.0005984,0.00061756326,-0.0023201087,8.074704e-05,0.0010962486,0.00046777725,0.0013902187,-0.06368421,-0.052503187,-0.0061630732,0.016875,0.008999241,1.0,,,,,,,,,,,,,,,,,,,,,,,,,,,,,,,,,,,,,,,,,,,
46.0,-0.002623379900091149,0.020034309476614,0.0005991458892822266,0.9323071241378784,0.0,4.7337697e-05,-0.00018981517,1.0005988,0.0006366118,-0.0023644061,7.987184e-05,0.0012888908,0.0007073879,0.0014865398,0.046176724,0.057617947,0.023068622,0.01725,0.009199189,1.0,,,,,,,,,,,,,,,,,,,,,,,,,,,,,,,,,,,,,,,,,,,
47.0,-0.002627041091863134,0.020461488515138626,0.0005993843078613281,0.9314752817153931,0.0,5.0110506e-05,-0.00019988415,1.0005991,0.00066547387,-0.002416556,7.8958365e-05,0.0010232925,0.0004889965,0.0014607906,-0.06368273,-0.052503847,-0.006161664,0.017625,0.009399135,1.0,,,,,,,,,,,,,,,,,,,,,,,,,,,,,,,,,,,,,,,,,,,
48.0,-0.002628415185873831,0.020888637751340866,0.0005997419357299805,0.9306301474571228,0.0,5.2966283e-05,-0.00021012519,1.0005994,0.0006853868,-0.0024578501,7.808694e-05,0.0012161732,0.0007288456,0.0015568733,0.04617107,0.05762716,0.023059657,0.018,0.009599078,1.0,,,,,,,,,,,,,,,,,,,,,,,,,,,,,,,,,,,,,,,,,,,
49.0,-0.00263208447497466,0.021315837278962135,0.0006000995635986328,0.9297716617584229,0.0,5.594593e-05,-0.00022057102,1.0005997,0.00071511464,-0.002506997,7.754087e-05,0.00095033646,0.0005104542,0.0015311241,-0.06368125,-0.052504502,-0.006160251,0.018375,0.009799019,1.0,,,,,,,,,,,,,,,,,,,,,,,,,,,,,,,,,,,,,,,,,,,
50.0,-0.002633466156973881,0.021742958575487137,0.0006003379821777344,0.928899884223938,0.0,5.901215e-05,-0.00023117638,1.0006001,0.0007358929,-0.002545288,7.658258e-05,0.0011432171,0.00075030327,0.0016272068,0.046165418,0.057636365,0.023050688,0.01875,0.009998959,1.0,,,,,,,,,,,,,,,,,,,,,,,,,,,,,,,,,,,,,,,,,,,
51.0,-0.0026371424044658877,0.022170132026076317,0.0006006956100463867,0.9280149936676025,0.0,6.220584e-05,-0.000241974,1.0006003,0.0007664869,-0.0025914311,7.568934e-05,0.0008773804,0.00053215027,0.0016014576,-0.06367978,-0.05250516,-0.006158833,0.019125,0.010198895,1.0,,,,,,,,,,,,,,,,,,,,,,,,,,,,,,,,,,,,,,,,,,,
52.0,-0.0026385317190843346,0.022597264498472214,0.0006010532379150391,0.927117109298706,0.0,6.548972e-05,-0.0002529187,1.0006007,0.00078813155,-0.0026267204,7.5179894e-05,0.001070261,0.00077199936,0.0016975403,0.046159767,0.05764557,0.02304172,0.0195,0.010398828,1.0,,,,,,,,,,,,,,,,,,,,,,,,,,,,,,,,,,,,,,,,,,,
53.0,-0.00264221484895125,0.023024383932352066,0.0006012916564941406,0.9262061715126038,0.0,6.8904694e-05,-0.0002640431,1.000601,0.00081959274,-0.0026698606,7.418165e-05,0.0008044243,0.00055360794,0.0016717911,-0.0636783,-0.05250582,-0.00615741,0.019875,0.010598759,1.0,,,,,,,,,,,,,,,,,,,,,,,,,,,,,,,,,,,,,,,,,,,
54.0,-0.0026436115006046334,0.023451458662748337,0.000601649284362793,0.92528235912323,0.0,7.2413466e-05,-0.00027530204,1.0006013,0.0008421043,-0.0027021477,7.3328316e-05,0.0009973049,0.00079345703,0.0017678738,0.04615412,0.05765477,0.02303275,0.02025,0.010798688,1.0,,,,,,,,,,,,,,,,,,,,,,,,,,,,,,,,,,,,,,,,,,,
55.0,-0.0026473024608164464,0.023878542706370354,0.0006018877029418945,0.9243457913398743,0.0,7.605694e-05,-0.00028672823,1.0006016,0.000874434,-0.002742286,7.277909e-05,0.0007314682,0.0005750656,0.0017418861,-0.06367683,-0.05250648,-0.0061559826,0.020625,0.010998613,1.0,,,,,,,,,,,,,,,,,,,,,,,,,,,,,,,,,,,,,,,,,,,
56.0,-0.0026487060008459472,0.024305548518896103,0.0006022453308105469,0.9233964681625366,0.0,7.979783e-05,-0.00029827646,1.0006019,0.0008978135,-0.0027715715,7.181975e-05,0.0009241104,0.0008151531,0.0018379688,0.046148475,0.057663962,0.023023775,0.021,0.0111985365,1.0,,,,,,,,,,,,,,,,,,,,,,,,,,,,,,,,,,,,,,,,,,,
57.0,-0.00265240357333155,0.024732515215873718,0.0006024837493896484,0.9224342703819275,0.0,8.367705e-05,-0.0003099794,1.0006022,0.00093101227,-0.0028087082,7.129577e-05,0.0006585121,0.0005967617,0.0018122196,-0.06367535,-0.05250714,-0.0061545507,0.021375,0.011398457,1.0,,,,,,,,,,,,,,,,,,,,,,,,,,,,,,,,,,,,,,,,,,,
58.0,-0.00265381484428729,0.025159459561109543,0.0006028413772583008,0.921459436416626,0.0,8.7657296e-05,-0.0003217919,1.0006025,0.00095526053,-0.002834993,7.03299e-05,0.0008511543,0.0008368492,0.0019083023,0.04614283,0.057673153,0.0230148,0.02175,0.011598374,1.0,,,,,,,,,,,,,,,,,,,,,,,,,,,,,,,,,,,,,,,,,,,
59.0,-0.0026575193164471013,0.025586340576410294,0.0006030797958374023,0.9204720258712769,0.0,9.1779504e-05,-0.00033374658,1.0006028,0.0009893293,-0.002869128,6.980783e-05,0.00058555603,0.0006184578,0.0018823147,-0.06367388,-0.0525078,-0.006153114,0.022125,0.011798289,1.0,,,,,,,,,,,,,,,,,,,,,,,,,,,,,,,,,,,,,,,,,,,
60.0,-0.002658937308076864,0.02601318620145321,0.0006033182144165039,0.9194719791412354,0.0,9.600637e-05,-0.0003457983,1.0006031,0.0010144472,-0.0028924125,6.88409e-05,0.00077819824,0.0008585453,0.0019783974,0.046137188,0.05768234,0.023005825,0.0225,0.0119982,1.0,,,,,,,,,,,,,,,,,,,,,,,,,,,,,,,,,,,,,,,,,,,
61.0,-0.002662648964127293,0.026439959183335304,0.0006036758422851562,0.9184592962265015,0.0,0.00010037881,-0.00035797973,1.0006033,0.0010493868,-0.0029235468,6.831944e-05,0.0005123615,0.0006401539,0.0019526482,-0.063672416,-0.052508455,-0.006151673,0.022875,0.012198108,1.0,,,,,,,,,,,,,,,,,,,,,,,,,,,,,,,,,,,,,,,,,,,
62.0,-0.0026643052999292937,0.026866668835282326,0.0006039142608642578,0.9174341559410095,0.0,0.000104859544,-0.0003702457,1.0006037,0.0010753756,-0.0029438313,6.7719695e-05,0.00070524216,0.0008802414,0.0020484924,0.046131548,0.05769152,0.022996845,0.02325,0.012398014,1.0,,,,,,,,,,,,,,,,,,,,,,,,,,,,,,,,,,,,,,,,,,,
63.0,-0.0026682554679763595,0.02729327604174614,0.0006041526794433594,0.91639643907547,0.0,0.00010948948,-0.00038262887,1.0006039,0.0011111863,-0.002971965,6.674446e-05,0.00043940544,0.0007531643,0.0020227432,-0.06371582,-0.03059592,-0.0061347745,0.023625,0.012597917,1.0,,,,,,,,,,,,,,,,,,,,,,,,,,,,,,,,,,,,,,,,,,,
64.0,-0.0026699190715695643,0.027719801291823387,0.0006045103073120117,0.9153461456298828,0.0,0.0001142469,-0.00039508406,1.0006042,0.0011417788,-0.0029892426,6.624802e-05,0.00063204765,0.0010845661,0.002118826,0.046084043,0.07960889,0.022993255,0.024,0.012797816,1.0,,,,,,,,,,,,,,,,,,,,,,,,,,,,,,,,,,,,,,,,,,,
65.0,-0.002673875369960257,0.028146207332611084,0.0006047487258911133,0.9142832159996033,0.0,0.000119188255,-0.0004076439,1.0006045,0.0011859249,-0.0030143613,6.561205e-05,0.00036644936,0.000957489,0.0020930767,-0.06371868,-0.030606817,-0.006123383,0.024375,0.012997712,1.0,,,,,,,,,,,,,,,,,,,,,,,,,,,,,,,,,,,,,,,,,,,
66.0,-0.0026755446566177244,0.02857249602675438,0.0006049871444702148,0.9132078289985657,0.0,0.0001242918,-0.00042026318,1.0006047,0.0012248483,-0.0030286238,6.466829e-05,0.00055909157,0.0012888908,0.002188921,0.046079393,0.079607844,0.02297413,0.02475,0.013197605,1.0,,,,,,,,,,,,,,,,,,,,,,,,,,,,,,,,,,,,,,,,,,,
67.0,-0.0026795080282578897,0.02899857796728611,0.0006052255630493164,0.9121196269989014,0.0,0.00012961397,-0.00043297454,1.000605,0.0012773238,-0.0030507268,6.413515e-05,0.00029325485,0.0011618137,0.0021631718,-0.06372152,-0.03061771,-0.0061119893,0.025125,0.013397493,1.0,,,,,,,,,,,,,,,,,,,,,,,,,,,,,,,,,,,,,,,,,,,
68.0,-0.002681183243732192,0.029424507170915604,0.0006055831909179688,0.9110189080238342,0.0,0.00013513303,-0.00044573276,1.0006052,0.0013245734,-0.0030619742,6.3535444e-05,0.00048589706,0.0014932156,0.002259016,0.046074744,0.0796068,0.022955008,0.0255,0.013597379,1.0,,,,,,,,,,,,,,,,,,,,,,,,,,,,,,,,,,,,,,,,,,,
69.0,-0.002685151922374532,0.029850250110030174,0.0006058216094970703,0.9099055528640747,0.0,0.00014090541,-0.00045857052,1.0006056,0.0013853724,-0.003081061,6.291934e-05,0.00022029877,0.0013661385,0.0022332668,-0.06372436,-0.0306286,-0.0061005936,0.025875,0.013797263,1.0,,,,,,,,,,,,,,,,,,,,,,,,,,,,,,,,,,,,,,,,,,,
70.0,-0.0026868322501347225,0.030275756493210793,0.0006060600280761719,0.9087794423103333,0.0,0.00014690933,-0.00047144256,1.0006058,0.0014409415,-0.0030892922,6.197146e-05,0.00041294098,0.0016973019,0.002329111,0.046070095,0.07960576,0.022935892,0.02625,0.013997142,1.0,,,,,,,,,,,,,,,,,,,,,,,,,,,,,,,,,,,,,,,,,,,
71.0,-0.0026908065127835123,0.030701076611876488,0.0006062984466552734,0.9076405167579651,0.0,0.00015320124,-0.00048438157,1.0006061,0.0015100584,-0.003105362,6.14349e-05,0.00014710426,0.0015702248,0.002303362,-0.06372719,-0.030639483,-0.0060891956,0.026625,0.014197018,1.0,,,,,,,,,,,,,,,,,,,,,,,,,,,,,,,,,,,,,,,,,,,
72.0,-0.0026924922344091686,0.03112609125673771,0.000606536865234375,0.9064887762069702,0.0,0.00015975934,-0.0004973423,1.0006063,0.0015739423,-0.0031105767,6.0836544e-05,0.00033974648,0.0019016266,0.0023992062,0.046065446,0.079604715,0.022916777,0.027,0.01439689,1.0,,,,,,,,,,,,,,,,,,,,,,,,,,,,,,,,,,,,,,,,,,,
73.0,-0.002696471054461791,0.03155088052153587,0.0006067752838134766,0.9053240418434143,0.0,0.00016664005,-0.00051035744,1.0006065,0.0016513712,-0.0031236287,6.021574e-05,7.390976e-05,0.0017745495,0.0023732185,-0.063730024,-0.030650362,-0.0060777953,0.027375,0.014596758,1.0,,,,,,,,,,,,,,,,,,,,,,,,,,,,,,,,,,,,,,,,,,,
74.0,-0.0026983012696557267,0.03197535499930382,0.0006070137023925781,0.9041464328765869,0.0,0.00017382157,-0.0005233817,1.0006068,0.0017235636,-0.0031258264,5.9637427e-05,0.0002667904,0.002105713,0.0024690628,0.046060797,0.07960367,0.022897668,0.02775,0.014796623,1.0,,,,,,,,,,,,,,,,,,,,,,,,,,,,,,,,,,,,,,,,,,,
75.0,-0.002702145646868643,0.03239954635500908,0.0006072521209716797,0.9029557704925537,0.0,0.00018136032,-0.0005364478,1.000607,0.001809299,-0.0031358602,5.9009733e-05,7.1525574e-07,0.0019786358,0.0024433136,-0.063732855,-0.030661236,-0.0060663926,0.028125,0.014996485,1.0,,,,,,,,,,,,,,,,,,,,,,,,,,,,,,,,,,,,,,,,,,,
76.0,-0.0027043483995905656,0.03282339125871658,0.0006074905395507812,0.9017519354820251,0.0,0.00018923446,-0.00054951047,1.0006073,0.0018897944,-0.00313504,5.8433303e-05,0.00019359589,0.0023097992,0.0025389194,0.046056148,0.07960263,0.022878561,0.0285,0.015196342,1.0,,,,,,,,,,,,,,,,,,,,,,,,,,,,,,,,,,,,,,,,,,,
77.0,-0.002707828424553227,0.03324691206216812,0.0006077289581298828,0.9005350470542908,0.0,0.00019750041,-0.00056260236,1.0006075,0.0019838305,-0.0031420554,5.7802987e-05,-7.224083e-05,0.002182722,0.0025131702,-0.06373567,-0.030672105,-0.006054988,0.028875,0.015396195,1.0,,,,,,,,,,,,,,,,,,,,,,,,,,,,,,,,,,,,,,,,,,,
78.0,-0.00271040720623876,0.03367006033658981,0.0006079673767089844,0.8993047475814819,0.0,0.00020613635,-0.00057567825,1.0006077,0.002072623,-0.0031382167,5.7227437e-05,0.00012040138,0.0025138855,0.002608776,0.0460515,0.079601586,0.02285946,0.02925,0.015596046,1.0,,,,,,,,,,,,,,,,,,,,,,,,,,,,,,,,,,,,,,,,,,,
79.0,-0.002713580312717544,0.03409283235669136,0.0006082057952880859,0.898061215877533,0.0,0.00021519866,-0.0005887708,1.000608,0.002174954,-0.0031422125,5.6594727e-05,-0.00014543533,0.00238657,0.002583027,-0.06373849,-0.03068297,-0.0060435818,0.029625,0.015795892,1.0,,,,,,,,,,,,,,,,,,,,,,,,,,,,,,,,,,,,,,,,,,,
80.0,-0.0027164736504655426,0.034515224397182465,0.0006084442138671875,0.8968042731285095,0.0,0.00022466548,-0.0006018348,1.0006082,0.0022720378,-0.0031353547,5.602001e-05,4.720688e-05,0.0027177334,0.0026786327,0.04604685,0.07960054,0.02284036,0.03,0.015995733,1.0,,,,,,,,,,,,,,,,,,,,,,,,,,,,,,,,,,,,,,,,,,,
81.0,-0.002719508440384867,0.034937165677547455,0.0006086826324462891,0.8955338001251221,0.0,0.00023459322,-0.0006149028,1.0006084,0.0023826582,-0.0031363307,5.5384917e-05,-0.00021862984,0.0025906563,0.0026528835,-0.063741304,-0.030693829,-0.006032173,0.030375,0.016195571,1.0,,,,,,,,,,,,,,,,,,,,,,,,,,,,,,,,,,,,,,,,,,,
82.0,-0.0027225471070625473,0.03535870462656021,0.0006089210510253906,0.894249677658081,0.0,0.00024495999,-0.0006279297,1.0006087,0.0024880278,-0.0031264536,5.481103e-05,-2.5987625e-05,0.0029218197,0.0027484894,0.046042204,0.0795995,0.022821266,0.03075,0.016395405,1.0,,,,,,,,,,,,,,,,,,,,,,,,,,,,,,,,,,,,,,,,,,,
83.0,-0.0027255850569243532,0.035779763013124466,0.0006091594696044922,0.8929517865180969,0.0,0.0002558222,-0.00064094807,1.0006089,0.0026069316,-0.003124409,5.4173564e-05,-0.00029182434,0.0027945042,0.0027227402,-0.063744105,-0.030704685,-0.006020762,0.031125,0.016595235,1.0,,,,,,,,,,,,,,,,,,,,,,,,,,,,,,,,,,,,,,,,,,,
84.0,-0.0027286266245788956,0.0362003818154335,0.0006093978881835938,0.8916400074958801,0.0,0.00026715797,-0.0006539127,1.0006092,0.0027205814,-0.0031115115,5.3600495e-05,-9.918213e-05,0.0031256676,0.0028181076,0.046037555,0.07959846,0.022802176,0.0315,0.016795062,1.0,,,,,,,,,,,,,,,,,,,,,,,,,,,,,,,,,,,,,,,,,,,
85.0,-0.0027316672502473304,0.03662048652768135,0.0006096363067626953,0.8903142213821411,0.0,0.00027902366,-0.00066685624,1.0006094,0.002847763,-0.0031064458,5.2960655e-05,-0.00036525726,0.0029985905,0.0027923584,-0.06374691,-0.030715534,-0.0060093487,0.031875,0.016994882,1.0,,,,,,,,,,,,,,,,,,,,,,,,,,,,,,,,,,,,,,,,,,,
86.0,-0.0027347115232427615,0.037040092051029205,0.0006097555160522461,0.8889744877815247,0.0,0.00029139736,-0.00067973346,1.0006096,0.002969687,-0.0030905276,5.2388415e-05,-0.00017237663,0.0033295155,0.0028879642,0.046032906,0.07959741,0.02278309,0.03225,0.0171947,1.0,,,,,,,,,,,,,,,,,,,,,,,,,,,,,,,,,,,,,,,,,,,
87.0,-0.00273775413488636,0.037459153681993484,0.0006099939346313477,0.8876205086708069,0.0,0.00030433544,-0.0006925769,1.0006098,0.0031051408,-0.0030824402,5.17462e-05,-0.00043845177,0.0032024384,0.0028619766,-0.06374971,-0.030726379,-0.0059979334,0.032625,0.017394513,1.0,,,,,,,,,,,,,,,,,,,,,,,,,,,,,,,,,,,,,,,,,,,
88.0,-0.0027408003418779685,0.03787771612405777,0.0006102323532104492,0.8862521648406982,0.0,0.00031781598,-0.0007053415,1.00061,0.0032353345,-0.0030635004,5.1542713e-05,-0.00024557114,0.0035333633,0.0029575825,0.04602826,0.07959637,0.022764005,0.033,0.01759432,1.0,,,,,,,,,,,,,,,,,,,,,,,,,,,,,,,,,,,,,,,,,,,
89.0,-0.0027438456747999255,0.03829566389322281,0.0006104707717895508,0.8848694562911987,0.0,0.0003318954,-0.00071805983,1.0006102,0.0033790544,-0.0030523906,5.0811745e-05,-0.00051164627,0.0034060478,0.0029315948,-0.063752495,-0.03073722,-0.0059865164,0.033375,0.017794127,1.0,,,,,,,,,,,,,,,,,,,,,,,,,,,,,,,,,,,,,,,,,,,
90.0,-0.002746892780855581,0.03871304541826248,0.0006105899810791016,0.8834721446037292,0.0,0.00034655168,-0.0007306866,1.0006105,0.0035175101,-0.0030304291,5.0261435e-05,-0.00031900406,0.0037372112,0.0030272007,0.04602361,0.07959532,0.022744926,0.03375,0.017993925,1.0,,,,,,,,,,,,,,,,,,,,,,,,,,,,,,,,,,,,,,,,,,,
91.0,-0.0027499394277458815,0.0391298308968544,0.0006108283996582031,0.882060170173645,0.0,0.00036184123,-0.0007432545,1.0006106,0.0036694908,-0.0030162963,4.960971e-05,-0.0005848408,0.0036098957,0.003001213,-0.06375528,-0.030748054,-0.005975097,0.034125,0.018193722,1.0,,,,,,,,,,,,,,,,,,,,,,,,,,,,,,,,,,,,,,,,,,,
92.0,-0.002752988781385522,0.03954600170254707,0.0006110668182373047,0.8806334137916565,0.0,0.00037774208,-0.0007557183,1.0006108,0.0038162048,-0.002991312,4.940899e-05,-0.00039219856,0.003941059,0.0030965805,0.04601896,0.07959428,0.02272585,0.0345,0.018393511,1.0,,,,,,,,,,,,,,,,,,,,,,,,,,,,,,,,,,,,,,,,,,,
93.0,-0.002756036376444042,0.03996153920888901,0.0006113052368164062,0.8791916966438293,0.0,0.00039431057,-0.0007681106,1.0006111,0.00397644,-0.0029741558,4.8673017e-05,-0.0006582737,0.0038135052,0.0030708313,-0.06375807,-0.030758886,-0.005963675,0.034875,0.018593298,1.0,,,,,,,,,,,,,,,,,,,,,,,,,,,,,,,,,,,,,,,,,,,
94.0,-0.0027590863570853674,0.040376391261816025,0.000611424446105957,0.8777348399162292,0.0,0.00041152476,-0.00078038627,1.0006113,0.0041314047,-0.0029461486,4.8124417e-05,-0.00046539307,0.0041446686,0.0031661987,0.046014316,0.079593234,0.022706779,0.03525,0.01879308,1.0,,,,,,,,,,,,,,,,,,,,,,,,,,,,,,,,,,,,,,,,,,,
95.0,-0.002762134286849642,0.04079063981771469,0.0006116628646850586,0.876262903213501,0.0,0.00042944096,-0.0007925778,1.0006114,0.00429989,-0.0029259685,4.7467936e-05,-0.0007314682,0.004017353,0.003140211,-0.06376084,-0.030769711,-0.0059522516,0.035625,0.018992856,1.0,,,,,,,,,,,,,,,,,,,,,,,,,,,,,,,,,,,,,,,,,,,
96.0,-0.0027651840783514754,0.04120413213968277,0.0006117820739746094,0.8747754693031311,0.0,0.00044803723,-0.00080464,1.0006117,0.0044631013,-0.002894937,4.726887e-05,-0.000538826,0.004348278,0.0032355785,0.046009667,0.07959219,0.02268771,0.036,0.019192629,1.0,,,,,,,,,,,,,,,,,,,,,,,,,,,,,,,,,,,,,,,,,,,
97.0,-0.002768232379119913,0.041616957634687424,0.0006120204925537109,0.8732725977897644,0.0,0.00046736986,-0.0008166056,1.0006118,0.004639829,-0.0028717322,4.6528156e-05,-0.0008049011,0.0042209625,0.0032098293,-0.06376361,-0.030780533,-0.0059408257,0.036375,0.019392395,1.0,,,,,,,,,,,,,,,,,,,,,,,,,,,,,,,,,,,,,,,,,,,
98.0,-0.002771282986088133,0.0420290045440197,0.0006122589111328125,0.8717541694641113,0.0,0.00048741684,-0.00082842924,1.000612,0.004811281,-0.0028376766,4.6349127e-05,-0.0006120205,0.0045518875,0.0033049583,0.04600502,0.07959115,0.022668647,0.03675,0.019592158,1.0,,,,,,,,,,,,,,,,,,,,,,,,,,,,,,,,,,,,,,,,,,,
99.0,-0.0027743303059995627,0.04244036227464676,0.0006123781204223633,0.8702199459075928,0.0,0.00050823455,-0.0008401436,1.0006123,0.0049962467,-0.0028114466,4.5601537e-05,-0.00087833405,0.004424572,0.0032792091,-0.06376638,-0.03079135,-0.0059293974,0.037125,0.019791916,1.0,,,,,,,,,,,,,,,,,,,,,,,,,,,,,,,,,,,,,,,,,,,
100.0,-0.00277738016092494,0.042850930243730545,0.0006126165390014648,0.868669867515564,0.0,0.00052980095,-0.00085170346,1.0006124,0.0051759314,-0.0027743662,4.5056462e-05,-0.0006854534,0.004755497,0.0033743382,0.046000376,0.0795901,0.022649586,0.0375,0.019991668,1.0,,,,,,,,,,,,,,,,,,,,,,,,,,,,,,,,,,,,,,,,,,,
101.0,-0.002780426630085656,0.043260712176561356,0.0006127357482910156,0.8671036958694458,0.0,0.0005521723,-0.0008631414,1.0006126,0.0053691315,-0.00274511,4.4760563e-05,-0.00095152855,0.004627943,0.003348589,-0.06376914,-0.03080216,-0.0059179678,0.037875,0.020191416,1.0,,,,,,,,,,,,,,,,,,,,,,,,,,,,,,,,,,,,,,,,,,,
102.0,-0.002783475408775174,0.04366970434784889,0.0006129741668701172,0.8655214309692383,0.0,0.0005753267,-0.00087441225,1.0006127,0.005557044,-0.0027050043,4.410971e-05,-0.00075888634,0.0049591064,0.003443718,0.045995727,0.079589054,0.02263053,0.03825,0.020391157,1.0,,,,,,,,,,,,,,,,,,,,,,,,,,,,,,,,,,,,,,,,,,,
103.0,-0.002786520428577379,0.044077858328819275,0.000613093376159668,0.8639229536056519,0.0,0.0005993203,-0.0008855486,1.000613,0.0057584704,-0.0026727216,4.3836473e-05,-0.0010249615,0.0048315525,0.0034177303,-0.063771896,-0.030812968,-0.0059065353,0.038625,0.020590896,1.0,,,,,,,,,,,,,,,,,,,,,,,,,,,,,,,,,,,,,,,,,,,
104.0,-0.0027895675460440418,0.04448520019650459,0.0006133317947387695,0.8623079657554626,0.0,0.0006241311,-0.0008965052,1.0006131,0.0059546055,-0.00262959,4.318057e-05,-0.00083231926,0.0051624775,0.0035128593,0.04599108,0.07958801,0.022611478,0.039,0.020790627,1.0,,,,,,,,,,,,,,,,,,,,,,,,,,,,,,,,,,,,,,,,,,,
105.0,-0.0027926107932489514,0.044891662895679474,0.0006134510040283203,0.8606764674186707,0.0,0.00064981554,-0.0009073147,1.0006133,0.006164253,-0.0025942803,4.2906344e-05,-0.0010983944,0.0050349236,0.0034871101,-0.06377465,-0.030823769,-0.005895101,0.039375,0.020990355,1.0,,,,,,,,,,,,,,,,,,,,,,,,,,,,,,,,,,,,,,,,,,,
106.0,-0.0027956553891260237,0.04529727250337601,0.0006136894226074219,0.8590283393859863,0.0,0.00067635137,-0.0009179319,1.0006135,0.0063686054,-0.002548122,4.225094e-05,-0.00090551376,0.0053658485,0.0035822392,0.045986436,0.07958696,0.02259243,0.03975,0.021190077,1.0,,,,,,,,,,,,,,,,,,,,,,,,,,,,,,,,,,,,,,,,,,,
107.0,-0.0027986963777581093,0.04570196568965912,0.0006138086318969727,0.8573634624481201,0.0,0.000703795,-0.0009283893,1.0006137,0.006586468,-0.002509785,4.1974425e-05,-0.0011718273,0.0052382946,0.0035562515,-0.0637774,-0.030834565,-0.005883665,0.040125,0.021389794,1.0,,,,,,,,,,,,,,,,,,,,,,,,,,,,,,,,,,,,,,,,,,,
108.0,-0.002801738881559539,0.0461057648062706,0.0006140470504760742,0.8556816577911377,0.0,0.0007321243,-0.00093864184,1.0006138,0.0067990315,-0.0024605994,4.131983e-05,-0.0009789467,0.0055692196,0.0036513805,0.045981787,0.07958592,0.022573384,0.0405,0.021589505,1.0,,,,,,,,,,,,,,,,,,,,,,,,,,,,,,,,,,,,,,,,,,,
109.0,-0.0028047766785031154,0.04650866612792015,0.000614166259765625,0.8539828658103943,0.0,0.00076139555,-0.00094872195,1.000614,0.0070251026,-0.002419234,4.1040956e-05,-0.0012452602,0.0054416656,0.003625393,-0.063780144,-0.030845357,-0.0058722263,0.040875,0.02178921,1.0,,,,,,,,,,,,,,,,,,,,,,,,,,,,,,,,,,,,,,,,,,,
110.0,-0.002807815388865982,0.04691058769822121,0.0006144046783447266,0.8522669672966003,0.0,0.0007915867,-0.00095858454,1.0006142,0.007245872,-0.0023670208,4.0387175e-05,-0.0010523796,0.0057725906,0.003720522,0.04597714,0.07958487,0.022554342,0.04125,0.02198891,1.0,,,,,,,,,,,,,,,,,,,,,,,,,,,,,,,,,,,,,,,,,,,
111.0,-0.002810849752793148,0.04731155186891556,0.0006145238876342773,0.8505337834358215,0.0,0.000822754,-0.00096826215,1.0006144,0.0074801473,-0.0023226268,4.0105944e-05,-0.0013186932,0.0056450367,0.0036945343,-0.06378288,-0.030856146,-0.0058607855,0.041625,0.022188606,1.0,,,,,,,,,,,,,,,,,,,,,,,,,,,,,,,,,,,,,,,,,,,
112.0,-0.0028138850057150156,0.047711532562971115,0.0006146430969238281,0.8487831950187683,0.0,0.0008548753,-0.0009777097,1.0006145,0.007709116,-0.0022673851,3.945298e-05,-0.0011258125,0.0059759617,0.0037896633,0.045972496,0.07958382,0.022535304,0.042,0.022388294,1.0,,,,,,,,,,,,,,,,,,,,,,,,,,,,,,,,,,,,,,,,,,,
113.0,-0.002816915451989139,0.04811049997806549,0.0006148815155029297,0.8470151424407959,0.0,0.0008880069,-0.0009869594,1.0006146,0.007951588,-0.002219962,3.9169394e-05,-0.0013921261,0.0058484077,0.0037636757,-0.06378561,-0.030866927,-0.005849343,0.042375,0.022587977,1.0,,,,,,,,,,,,,,,,,,,,,,,,,,,,,,,,,,,,,,,,,,,
114.0,-0.0028199463464628825,0.04850846156477928,0.0006150007247924805,0.8452296853065491,0.0,0.0009221267,-0.0009959665,1.0006149,0.008188754,-0.002161691,3.8885177e-05,-0.0011994839,0.0061790943,0.0038585663,0.04596785,0.07958278,0.022516271,0.04275,0.022787657,1.0,,,,,,,,,,,,,,,,,,,,,,,,,,,,,,,,,,,,,,,,,,,
115.0,-0.002822971651232276,0.0489053912460804,0.0006151199340820312,0.843426525592804,0.0,0.00095729093,-0.0010047633,1.000615,0.008439416,-0.0021112387,3.814493e-05,-0.001465559,0.0060515404,0.0038325787,-0.06378834,-0.030877706,-0.005837898,0.043125,0.022987328,1.0,,,,,,,,,,,,,,,,,,,,,,,,,,,,,,,,,,,,,,,,,,,
116.0,-0.002825997962995297,0.04930126667022705,0.0006153583526611328,0.8416057229042053,0.0,0.0009934775,-0.0010133047,1.0006151,0.00868477,-0.002049938,3.7968184e-05,-0.0012729168,0.0063824654,0.0039274693,0.045963205,0.07958173,0.02249724,0.0435,0.023186995,1.0,,,,,,,,,,,,,,,,,,,,,,,,,,,,,,,,,,,,,,,,,,,
117.0,-0.0028290180673308245,0.049696095287799835,0.0006154775619506836,0.8397670388221741,0.0,0.0010307425,-0.0010216233,1.0006154,0.00894362,-0.0019964548,3.7568465e-05,-0.0015392303,0.006254673,0.00390172,-0.06379106,-0.030888477,-0.005826451,0.043875,0.023386655,1.0,,,,,,,,,,,,,,,,,,,,,,,,,,,,,,,,,,,,,,,,,,,
118.0,-0.0028320386697631215,0.05008978396654129,0.0006155967712402344,0.8379104137420654,0.0,0.001069064,-0.0010296738,1.0006155,0.009197155,-0.0019321251,3.6944122e-05,-0.0013463497,0.006585598,0.0039966106,0.045958556,0.07958069,0.022478214,0.04425,0.02358631,1.0,,,,,,,,,,,,,,,,,,,,,,,,,,,,,,,,,,,,,,,,,,,
119.0,-0.0028350535538517467,0.05048240348696709,0.0006157159805297852,0.8360356688499451,0.0,0.0011084982,-0.0010374888,1.0006156,0.009464186,-0.0018756108,3.6647318e-05,-0.0016126633,0.0064578056,0.003970623,-0.06379378,-0.030899245,-0.005815002,0.044625,0.02378596,1.0,,,,,,,,,,,,,,,,,,,,,,,,,,,,,,,,,,,,,,,,,,,
120.0,-0.0028380685852548875,0.050873853266239166,0.0006159543991088867,0.8341430425643921,0.0,0.0011490227,-0.0010450232,1.0006157,0.0097258985,-0.00180825,3.6367e-05,-0.0014197826,0.0067887306,0.0040655136,0.04595391,0.07957964,0.022459192,0.045,0.023985602,1.0,,,,,,,,,,,,,,,,,,,,,,,,,,,,,,,,,,,,,,,,,,,
121.0,-0.002841077287390418,0.051264189183712006,0.0006160736083984375,0.8322321176528931,0.0,0.001190694,-0.0010523095,1.000616,0.010001104,-0.0017487045,3.5987272e-05,-0.0016860962,0.0066609383,0.004039526,-0.06379649,-0.03091001,-0.005803551,0.045375,0.02418524,1.0,,,,,,,,,,,,,,,,,,,,,,,,,,,,,,,,,,,,,,,,,,,
122.0,-0.002844085013734519,0.05165334790945053,0.0006161928176879883,0.8303031325340271,0.0,0.0012334898,-0.0010593025,1.0006161,0.010270986,-0.0016783131,3.5358767e-05,-0.001493454,0.0069918633,0.004134178,0.045949265,0.07957859,0.022440173,0.04575,0.024384871,1.0,,,,,,,,,,,,,,,,,,,,,,,,,,,,,,,,,,,,,,,,,,,
123.0,-0.002847087029861527,0.05204135179519653,0.0006163120269775391,0.8283559679985046,0.0,0.0012774663,-0.0010660347,1.0006162,0.01055436,-0.0016157356,3.5058616e-05,-0.0017597675,0.006864071,0.0041081905,-0.0637992,-0.030920766,-0.0057920977,0.046125,0.024584496,1.0,,,,,,,,,,,,,,,,,,,,,,,,,,,,,,,,,,,,,,,,,,,
124.0,-0.0028500884173013196,0.052428144961595535,0.0006165504455566406,0.8263905048370361,0.0,0.0013226013,-0.001072461,1.0006163,0.01083241,-0.0015423121,3.4779612e-05,-0.0015668869,0.0071947575,0.004203081,0.04594462,0.07957754,0.022421157,0.0465,0.024784114,1.0,,,,,,,,,,,,,,,,,,,,,,,,,,,,,,,,,,,,,,,,,,,
125.0,-0.0028530830169854384,0.05281370133161545,0.0006166696548461914,0.8244067430496216,0.0,0.001368951,-0.0010786139,1.0006166,0.011123947,-0.0014767022,3.4395256e-05,-0.0018334389,0.007066965,0.0041770935,-0.0638019,-0.030931521,-0.0057806424,0.046875,0.024983726,1.0,,,,,,,,,,,,,,,,,,,,,,,,,,,,,,,,,,,,,,,,,,,
126.0,-0.002856076239780163,0.05319805070757866,0.0006167888641357422,0.8224045038223267,0.0,0.0014164934,-0.0010844483,1.0006167,0.0114101535,-0.0014002472,3.376837e-05,-0.0016405582,0.00739789,0.0042717457,0.045939974,0.07957649,0.022402147,0.04725,0.025183333,1.0,,,,,,,,,,,,,,,,,,,,,,,,,,,,,,,,,,,,,,,,,,,
127.0,-0.002859062636913769,0.05358114093542099,0.000616908073425293,0.8203838467597961,0.0,0.0014652845,-0.0010899967,1.0006168,0.011709848,-0.0013316042,3.346351e-05,-0.0019068718,0.0072700977,0.004245758,-0.063804604,-0.030942269,-0.0057691853,0.047625,0.025382934,1.0,,,,,,,,,,,,,,,,,,,,,,,,,,,,,,,,,,,,,,,,,,,
128.0,-0.0028620477639348368,0.053962964564561844,0.0006170272827148438,0.8183449506759644,0.0,0.001515302,-0.0010952138,1.0006169,0.012004211,-0.0012521159,3.3186152e-05,-0.0017139912,0.0076007843,0.00434041,0.04593533,0.07957545,0.022383139,0.048,0.025582528,1.0,,,,,,,,,,,,,,,,,,,,,,,,,,,,,,,,,,,,,,,,,,,
129.0,-0.002865025936936993,0.05434349179267883,0.0006171464920043945,0.8162874579429626,0.0,0.0015666023,-0.0011001322,1.000617,0.0123120565,-0.0011804395,3.279709e-05,-0.0019805431,0.007472992,0.0043144226,-0.063807294,-0.030953012,-0.005757726,0.048375,0.025782114,1.0,,,,,,,,,,,,,,,,,,,,,,,,,,,,,,,,,,,,,,,,,,,
130.0,-0.002868003091142998,0.054722726345062256,0.000617337238509208,0.8142116069793701,0.0,0.001619163,-0.0011047069,1.0006171,0.012614567,-0.0010979183,3.2539756e-05,-0.0017876625,0.0078036785,0.004409075,0.045930684,0.0795744,0.022364136,0.04875,0.025981696,1.0,,,,,,,,,,,,,,,,,,,,,,,,,,,,,,,,,,,,,,,,,,,
131.0,-0.002870972363430858,0.05510061979293823,0.0006175041198730469,0.8121173977851868,0.0,0.0016730402,-0.0011089703,1.0006174,0.012930558,-0.0010232078,3.2143835e-05,-0.0020542145,0.007675886,0.004383087,-0.06380998,-0.030963752,-0.005746264,0.049125,0.02618127,1.0,,,,,,,,,,,,,,,,,,,,,,,,,,,,,,,,,,,,,,,,,,,
132.0,-0.0028739387884352263,0.05547716096043587,0.0006176233291625977,0.810004711151123,0.0,0.001728212,-0.0011128772,1.0006175,0.013241208,-0.00093765353,3.152046e-05,-0.0018613338,0.008006573,0.0044777393,0.045926042,0.079573356,0.022345135,0.0495,0.026380837,1.0,,,,,,,,,,,,,,,,,,,,,,,,,,,,,,,,,,,,,,,,,,,
133.0,-0.0028768985742074126,0.05585235357284546,0.0006177425384521484,0.8078736066818237,0.0,0.0017847342,-0.0011164602,1.0006176,0.013565339,-0.0008599084,3.1208303e-05,-0.0021276474,0.007878542,0.0044517517,-0.063812666,-0.030974487,-0.005734801,0.049875,0.026580399,1.0,,,,,,,,,,,,,,,,,,,,,,,,,,,,,,,,,,,,,,,,,,,
134.0,-0.002879855651881236,0.05622619390487671,0.0006178617477416992,0.8057240843772888,0.0,0.0018425847,-0.001119674,1.0006177,0.013884128,-0.0007713193,3.0933454e-05,-0.0019350052,0.0082092285,0.004546404,0.045921396,0.079572305,0.02232614,0.05025,0.026779953,1.0,,,,,,,,,,,,,,,,,,,,,,,,,,,,,,,,,,,,,,,,,,,
135.0,-0.0028828075710583523,0.05659859627485275,0.00061798095703125,0.8035560846328735,0.0,0.0019018197,-0.0011225513,1.0006179,0.014216392,-0.0006905393,3.0537332e-05,-0.0022013187,0.008081436,0.0045204163,-0.06381535,-0.030985216,-0.005723335,0.050625,0.026979502,1.0,,,,,,,,,,,,,,,,,,,,,,,,,,,,,,,,,,,,,,,,,,,
136.0,-0.0028857574585585,0.056969594210386276,0.0006181001663208008,0.8013697862625122,0.0,0.0019624168,-0.0011250468,1.000618,0.014543312,-0.00059891556,3.028245e-05,-0.002011776,0.008412123,0.00461483,0.045146164,0.079567775,0.022313375,0.051,0.027179042,1.0,,,,,,,,,,,,,,,,,,,,,,,,,,,,,,,,,,,,,,,,,,,
137.0,-0.0029137428104059875,0.05733919143676758,0.0006182193756103516,0.7991651892662048,0.0,0.0020244322,-0.0011271924,1.0006181,0.014883704,-0.0005149688,2.9879224e-05,-0.0022814274,0.008284092,0.0045888424,-0.06458842,-0.030999575,-0.005705286,0.051375,0.027378578,1.0,,,,,,,,,,,,,,,,,,,,,,,,,,,,,,,,,,,,,,,,,,,
138.0,-0.002983368133527528,0.0577072873711586,0.0006183385848999023,0.7969422936439514,0.0,0.0020878436,-0.0011289426,1.0006182,0.015218746,-0.00042004744,2.9625942e-05,-0.0020918846,0.0086147785,0.004683256,0.045141876,0.079566784,0.022294033,0.05175,0.027578104,1.0,,,,,,,,,,,,,,,,,,,,,,,,,,,,,,,,,,,,,,,,,,,
139.0,-0.0030535849986858504,0.0580739863216877,0.0006184577941894531,0.7947011590003967,0.0,0.0021527072,-0.0011303293,1.0006183,0.015567259,-0.0003328024,2.9220228e-05,-0.002361536,0.008486986,0.0046572685,-0.06459073,-0.031010421,-0.005693463,0.052125,0.027777625,1.0,,,,,,,,,,,,,,,,,,,,,,,,,,,,,,,,,,,,,,,,,,,
140.0,-0.0031243459518363556,0.058439143002033234,0.0006185770034790039,0.7924417853355408,0.0,0.0022190006,-0.0011313068,1.0006185,0.015910419,-0.0002345832,2.8967715e-05,-0.0021719933,0.008817434,0.0047516823,0.045137588,0.07956579,0.022274693,0.0525,0.027977139,1.0,,,,,,,,,,,,,,,,,,,,,,,,,,,,,,,,,,,,,,,,,,,
141.0,-0.00319563931684498,0.05880282074213028,0.0006186962127685547,0.7901643514633179,0.0,0.0022867802,-0.0011319069,1.0006186,0.016267046,-0.00014403957,2.8559705e-05,-0.0024416447,0.008689642,0.0047256947,-0.06459303,-0.031021263,-0.0056816386,0.052875,0.028176645,1.0,,,,,,,,,,,,,,,,,,,,,,,,,,,,,,,,,,,,,,,,,,,
142.0,-0.0032674717830537122,0.05916496366262436,0.0006188154220581055,0.787868857383728,0.0,0.002356023,-0.001132084,1.0006187,0.016618319,-4.252232e-05,2.8307917e-05,-0.002252102,0.00902009,0.0048201084,0.045133304,0.0795648,0.02225536,0.05325,0.028376145,1.0,,,,,,,,,,,,,,,,,,,,,,,,,,,,,,,,,,,,,,,,,,,
143.0,-0.0033398445968989415,0.05952554941177368,0.0006189346313476562,0.7855554819107056,0.0,0.0024267859,-0.0011318702,1.0006188,0.016983055,5.1320123e-05,2.7897628e-05,-0.0025217533,0.008892059,0.004794121,-0.06459533,-0.0310321,-0.0056698117,0.053625,0.028575638,1.0,,,,,,,,,,,,,,,,,,,,,,,,,,,,,,,,,,,,,,,,,,,
144.0,-0.0034127518812726494,0.05988456681370735,0.000619053840637207,0.7832241654396057,0.0,0.0024990458,-0.0011312197,1.0006189,0.017342431,0.00015613569,2.7646558e-05,-0.0023591518,0.009222746,0.0048885345,0.038639896,0.0795327,0.022293733,0.054,0.028775124,1.0,,,,,,,,,,,,,,,,,,,,,,,,,,,,,,,,,,,,,,,,,,,
145.0,-0.0034861843701850708,0.060242027044296265,0.0006191730499267578,0.780875027179718,0.0,0.0025728594,-0.0011301597,1.000619,0.017715268,0.00025438244,2.7231396e-05,-0.002655983,0.009094715,0.0048623085,-0.0710852,-0.031075316,-0.0055973018,0.054375,0.028974602,1.0,,,,,,,,,,,,,,,,,,,,,,,,,,,,,,,,,,,,,,,,,,,
146.0,-0.003560143880748101,0.06059783697128296,0.0006192922592163086,0.778508186340332,0.0,0.0026482043,-0.0011286401,1.0006192,0.018082732,0.0003647066,2.6978438e-05,-0.0024933815,0.009425402,0.0049567223,0.038638614,0.07953219,0.022271426,0.05475,0.029174073,1.0,,,,,,,,,,,,,,,,,,,,,,,,,,,,,,,,,,,,,,,,,,,
147.0,-0.0036346232192560534,0.06095204874873161,0.0006194114685058594,0.7761237025260925,0.0,0.0027251362,-0.0011266882,1.0006193,0.018463654,0.00046846166,2.656188e-05,-0.0027902126,0.0092971325,0.0049307346,-0.07108441,-0.031087216,-0.0055825016,0.055125,0.029373536,1.0,,,,,,,,,,,,,,,,,,,,,,,,,,,,,,,,,,,,,,,,,,,
148.0,-0.0037096255998002392,0.061304617673158646,0.0006195306777954102,0.7737216353416443,0.0,0.0028036328,-0.0011242536,1.0006194,0.018839203,0.00058429263,2.630869e-05,-0.0026276112,0.009627819,0.00502491,0.038637336,0.079531685,0.022249123,0.0555,0.029572992,1.0,,,,,,,,,,,,,,,,,,,,,,,,,,,,,,,,,,,,,,,,,,,
149.0,-0.003785135373882019,0.06165551394224167,0.0006195545429363847,0.7713022828102112,0.0,0.0028837502,-0.0011213638,1.0006195,0.019228203,0.00069355435,2.5890353e-05,-0.0029244423,0.009499788,0.0049989223,-0.07108362,-0.031099109,-0.005567701,0.055875,0.029772442,1.0,,,,,,,,,,,,,,,,,,,,,,,,,,,,,,,,,,,,,,,,,,,
150.0,-0.0038611638000284046,0.062004707753658295,0.0006196498870849609,0.7688655257225037,0.0,0.0029654664,-0.0011179685,1.0006196,0.019611828,0.00081489043,2.563702e-05,-0.0027618408,0.009830236,0.0050930977,0.03863605,0.07953118,0.022226825,0.05625,0.029971883,1.0,,,,,,,,,,,,,,,,,,,,,,,,,,,,,,,,,,,,,,,,,,,
151.0,-0.003937695959543898,0.06235221028327942,0.0006197690963745117,0.7664116024971008,0.0,0.0030488367,-0.0011140949,1.0006196,0.020008905,0.00092965696,2.521688e-05,-0.003058672,0.009702206,0.00506711,-0.07108283,-0.031110995,-0.0055529,0.056625,0.030171316,1.0,,,,,,,,,,,,,,,,,,,,,,,,,,,,,,,,,,,,,,,,,,,
152.0,-0.004014733634372914,0.06269799172878265,0.0006198883056640625,0.763940691947937,0.0,0.0031338392,-0.0011096929,1.0006198,0.020400602,0.0010564976,2.5331326e-05,-0.0028960705,0.010032654,0.005161047,0.03863477,0.079530664,0.022204533,0.057,0.030370744,1.0,,,,,,,,,,,,,,,,,,,,,,,,,,,,,,,,,,,,,,,,,,,
153.0,-0.004092270640057869,0.06304200738668442,0.0006200075149536133,0.7614527344703674,0.0,0.0032205298,-0.0011047897,1.0006199,0.020805744,0.0011767669,2.4823024e-05,-0.0031929016,0.009904623,0.0051350594,-0.07108203,-0.031122874,-0.0055380985,0.057375,0.030570162,1.0,,,,,,,,,,,,,,,,,,,,,,,,,,,,,,,,,,,,,,,,,,,
154.0,-0.004170304002127524,0.0633842721581459,0.0006201267242431641,0.7589480876922607,0.0,0.0033088862,-0.001099335,1.00062,0.021205503,0.001309108,2.4589695e-05,-0.0030300617,0.010235071,0.0052292347,0.03863348,0.07953016,0.022182245,0.05775,0.030769574,1.0,,,,,,,,,,,,,,,,,,,,,,,,,,,,,,,,,,,,,,,,,,,
155.0,-0.004248825963285032,0.06372474133968353,0.0006202459335327148,0.7564267516136169,0.0,0.003398964,-0.0010933564,1.0006201,0.021618709,0.0014348789,2.4161187e-05,-0.0033271313,0.010106802,0.005203247,-0.07108123,-0.031134745,-0.005523297,0.058125,0.030968977,1.0,,,,,,,,,,,,,,,,,,,,,,,,,,,,,,,,,,,,,,,,,,,
156.0,-0.004327840325736414,0.0640634074807167,0.0006203174707479775,0.7538888454437256,0.0,0.0034907411,-0.0010868034,1.0006202,0.022026526,0.0015727198,2.3908575e-05,-0.0031642914,0.010437489,0.005297184,0.03863219,0.07952964,0.022159962,0.0585,0.031168373,1.0,,,,,,,,,,,,,,,,,,,,,,,,,,,,,,,,,,,,,,,,,,,
157.0,-0.004407330324896552,0.06440024077892303,0.0006203651428222656,0.7513346672058105,0.0,0.0035842736,-0.0010797033,1.0006204,0.022447785,0.0017039903,2.3482758e-05,-0.0034611225,0.010309219,0.0052711964,-0.071080424,-0.03114661,-0.0055084946,0.058875,0.03136776,1.0,,,,,,,,,,,,,,,,,,,,,,,,,,,,,,,,,,,,,,,,,,,
158.0,-0.0044873031606314845,0.06473521888256073,0.0006204843521118164,0.7487642168998718,0.0,0.0036795388,-0.0010720062,1.0006204,0.022863653,0.0018473292,2.3228955e-05,-0.003298521,0.0106396675,0.0053651333,0.0386309,0.07952913,0.022137683,0.05925,0.03156714,1.0,,,,,,,,,,,,,,,,,,,,,,,,,,,,,,,,,,,,,,,,,,,
159.0,-0.004567745099561674,0.0650683343410492,0.0006206035614013672,0.7461777329444885,0.0,0.003776593,-0.0010637391,1.0006205,0.023292966,0.0019840987,2.3169494e-05,-0.0035953522,0.010511398,0.0053389072,-0.07107961,-0.031158468,-0.005493692,0.059625,0.03176651,1.0,,,,,,,,,,,,,,,,,,,,,,,,,,,,,,,,,,,,,,,,,,,
160.0,-0.004648657843784563,0.06539955735206604,0.000620722770690918,0.7435753345489502,0.0,0.0038754132,-0.0010548519,1.0006206,0.023716878,0.0021329336,2.2829152e-05,-0.0034325123,0.010842085,0.005432844,0.038629606,0.079528615,0.02211541,0.06,0.031965878,1.0,,,,,,,,,,,,,,,,,,,,,,,,,,,,,,,,,,,,,,,,,,,
161.0,-0.004730030191760763,0.06572891771793365,0.000620722770690918,0.7409572005271912,0.0,0.003976056,-0.0010453719,1.0006207,0.024154231,0.0022751978,2.242026e-05,-0.0037293434,0.010713816,0.0054068565,-0.0710788,-0.03117032,-0.0054788888,0.060375,0.032165233,1.0,,,,,,,,,,,,,,,,,,,,,,,,,,,,,,,,,,,,,,,,,,,
162.0,-0.0048118646927275315,0.0660562738776207,0.0006208419799804688,0.738323450088501,0.0,0.004078498,-0.0010352489,1.0006207,0.024586184,0.0024295275,2.2161375e-05,-0.003566742,0.011044264,0.0055007935,0.03862831,0.07952809,0.02209314,0.06075,0.03236458,1.0,,,,,,,,,,,,,,,,,,,,,,,,,,,,,,,,,,,,,,,,,,,
163.0,-0.004894149931212714,0.06638175249099731,0.0006209611892700195,0.735674262046814,0.0,0.0041827965,-0.0010245101,1.0006208,0.025031576,0.0025772871,2.2099439e-05,-0.003863573,0.010915995,0.0054745674,-0.07107798,-0.031182162,-0.0054640854,0.061125,0.03256392,1.0,,,,,,,,,,,,,,,,,,,,,,,,,,,,,,,,,,,,,,,,,,,
164.0,-0.004976885955292279,0.06670521944761276,0.0006210803985595703,0.7330098152160645,0.0,0.004288928,-0.0010131055,1.000621,0.025471559,0.0027371093,2.1758568e-05,-0.0037007332,0.011246443,0.0055685043,0.038627014,0.07952758,0.022070875,0.0615,0.032763254,1.0,,,,,,,,,,,,,,,,,,,,,,,,,,,,,,,,,,,,,,,,,,,
165.0,-0.005060062095956335,0.06702673435211182,0.0006211280706338584,0.7303302884101868,0.0,0.004396949,-0.0010010623,1.0006211,0.025924979,0.00289036,2.134614e-05,-0.0039975643,0.011117935,0.0055425167,-0.07107716,-0.031194,-0.005449281,0.061875,0.03296258,1.0,,,,,,,,,,,,,,,,,,,,,,,,,,,,,,,,,,,,,,,,,,,
166.0,-0.005143681276652494,0.06734620779752731,0.0006211996078491211,0.7276357412338257,0.0,0.004506836,-0.0009883305,1.0006211,0.02637299,0.0030556733,2.1086973e-05,-0.0038349628,0.011448622,0.005636215,0.038625713,0.07952706,0.022048615,0.06225,0.033161893,1.0,,,,,,,,,,,,,,,,,,,,,,,,,,,,,,,,,,,,,,,,,,,
167.0,-0.0052277251806120955,0.06766369193792343,0.0006213188171386719,0.7249265909194946,0.0,0.0046186466,-0.000974937,1.0006212,0.026834436,0.0032144159,2.1021442e-05,-0.004131794,0.011320114,0.005609989,-0.07107633,-0.03120583,-0.005434477,0.062625,0.0333612,1.0,,,,,,,,,,,,,,,,,,,,,,,,,,,,,,,,,,,,,,,,,,,
168.0,-0.005312201681273894,0.06797906756401062,0.0006213903543539345,0.7222027778625488,0.0,0.004732357,-0.00096083194,1.0006213,0.027290467,0.0033852179,2.0680309e-05,-0.003968954,0.011650562,0.0057036877,0.03862441,0.079526536,0.02202636,0.063,0.0335605,1.0,,,,,,,,,,,,,,,,,,,,,,,,,,,,,,,,,,,,,,,,,,,
169.0,-0.0053970934888000555,0.06829243898391724,0.0006214380264282227,0.7194646596908569,0.0,0.004848023,-0.00094604254,1.0006214,0.027759926,0.003549448,2.0264282e-05,-0.004265785,0.011522293,0.0056777,-0.07107551,-0.031217651,-0.005419672,0.063375,0.03375979,1.0,,,,,,,,,,,,,,,,,,,,,,,,,,,,,,,,,,,,,,,,,,,
170.0,-0.005482410193821945,0.06860367953777313,0.0006215572357177734,0.7167121171951294,0.0,0.004965623,-0.00093051867,1.0006214,0.028223973,0.0037257373,2.000485e-05,-0.0041029453,0.011852741,0.0057713985,0.038623106,0.079526015,0.02200411,0.06375,0.033959072,1.0,,,,,,,,,,,,,,,,,,,,,,,,,,,,,,,,,,,,,,,,,,,
171.0,-0.005568128906301761,0.06891282647848129,0.0006216764450073242,0.7139456868171692,0.0,0.005085212,-0.0009142876,1.0006216,0.028701447,0.0038954557,1.9935724e-05,-0.004400015,0.011724234,0.005745411,-0.07107467,-0.031229466,-0.0054048668,0.064125,0.034158345,1.0,,,,,,,,,,,,,,,,,,,,,,,,,,,,,,,,,,,,,,,,,,,
172.0,-0.005654256147410097,0.06921985745429993,0.0006216764450073242,0.7111653685569763,0.0,0.0052067684,-0.00089729915,1.0006217,0.029173499,0.00407723,1.9594328e-05,-0.004237175,0.012054682,0.005838871,0.038621802,0.079525486,0.021981865,0.0645,0.03435761,1.0,,,,,,,,,,,,,,,,,,,,,,,,,,,,,,,,,,,,,,,,,,,
173.0,-0.005740784350718238,0.06952472776174545,0.000621795654296875,0.7083712220191956,0.0,0.0053303475,-0.0008795807,1.0006217,0.029658975,0.0042524324,1.9174708e-05,-0.004534006,0.011926174,0.0058128834,-0.07107383,-0.031241275,-0.005390061,0.064875,0.03455687,1.0,,,,,,,,,,,,,,,,,,,,,,,,,,,,,,,,,,,,,,,,,,,
174.0,-0.0058277064469607655,0.06982746720314026,0.0006218671915121377,0.7055636644363403,0.0,0.005455927,-0.00086108193,1.0006218,0.030139033,0.0044396925,1.9282912e-05,-0.004371166,0.012256622,0.0059063435,0.03862049,0.079524964,0.021959623,0.06525,0.034756117,1.0,,,,,,,,,,,,,,,,,,,,,,,,,,,,,,,,,,,,,,,,,,,
175.0,-0.0059150155245063975,0.07012796401977539,0.0006219148635864258,0.7027426958084106,0.0,0.0055835624,-0.0008418304,1.0006219,0.030632507,0.004620377,1.8755954e-05,-0.0046679974,0.012128115,0.005880356,-0.07107299,-0.031253077,-0.005375255,0.065625,0.034955356,1.0,,,,,,,,,,,,,,,,,,,,,,,,,,,,,,,,,,,,,,,,,,,
176.0,-0.0060027148285741825,0.07042630016803741,0.0006220340728759766,0.699908435344696,0.0,0.0057132314,-0.0008217757,1.0006219,0.031120555,0.004813117,1.8520897e-05,-0.0045051575,0.012458563,0.0059735775,0.03861918,0.079524435,0.021937387,0.066,0.035154585,1.0,,,,,,,,,,,,,,,,,,,,,,,,,,,,,,,,,,,,,,,,,,,
177.0,-0.006090787095363985,0.07072237879037857,0.0006221056100912392,0.6970612406730652,0.0,0.00584499,-0.0008009454,1.000622,0.031622026,0.004999285,1.8440567e-05,-0.0048019886,0.012330055,0.00594759,-0.07107215,-0.03126487,-0.0053604487,0.066375,0.03535381,1.0,,,,,,,,,,,,,,,,,,,,,,,,,,,,,,,,,,,,,,,,,,,
178.0,-0.0061792355434640706,0.07101622223854065,0.0006221532821655273,0.6942011713981628,0.0,0.005978815,-0.0007792891,1.0006222,0.032118063,0.0051975045,1.8100143e-05,-0.0046391487,0.012660503,0.00604105,0.038617868,0.079523906,0.021915156,0.06675,0.03555302,1.0,,,,,,,,,,,,,,,,,,,,,,,,,,,,,,,,,,,,,,,,,,,
179.0,-0.006268051926595573,0.07130780071020126,0.0006222724914550781,0.6913283467292786,0.0,0.006114763,-0.0007568343,1.0006222,0.032627515,0.00538915,1.7674818e-05,-0.0049362183,0.012531757,0.0060150623,-0.0710713,-0.03127666,-0.0053456416,0.067125,0.035752226,1.0,,,,,,,,,,,,,,,,,,,,,,,,,,,,,,,,,,,,,,,,,,,
180.0,-0.006357228959063352,0.07159708440303802,0.0006223440286703408,0.6884431838989258,0.0,0.006252811,-0.0007335308,1.0006223,0.033131536,0.00559285,1.77827e-05,-0.00477314,0.0128622055,0.006108284,0.038616553,0.07952338,0.02189293,0.0675,0.03595142,1.0,,,,,,,,,,,,,,,,,,,,,,,,,,,,,,,,,,,,,,,,,,,
181.0,-0.0064467634959427785,0.07188404351472855,0.0006223917007446289,0.6855455636978149,0.0,0.006393015,-0.00070940587,1.0006224,0.033648968,0.005789973,1.725035e-05,-0.0050702095,0.012733698,0.0060822964,-0.07107044,-0.031288438,-0.0053308345,0.067875,0.036150604,1.0,,,,,,,,,,,,,,,,,,,,,,,,,,,,,,,,,,,,,,,,,,,
182.0,-0.00653665504373387,0.072168730199337,0.0006224632379598916,0.6826357245445251,0.0,0.006535352,-0.0006844094,1.0006224,0.03416096,0.0059991465,1.7014898e-05,-0.004907131,0.013064146,0.006175518,0.038615234,0.07952285,0.021870708,0.06825,0.036349785,1.0,,,,,,,,,,,,,,,,,,,,,,,,,,,,,,,,,,,,,,,,,,,
183.0,-0.006626887270511669,0.07245101779699326,0.0006225109100341797,0.6797139644622803,0.0,0.006679879,-0.0006585688,1.0006225,0.03468637,0.0062017473,1.6929187e-05,-0.0052042007,0.0129354,0.0061495304,-0.07106958,-0.03130021,-0.0053160265,0.068625,0.03654895,1.0,,,,,,,,,,,,,,,,,,,,,,,,,,,,,,,,,,,,,,,,,,,
184.0,-0.006717470881918872,0.07273095101118088,0.0006225824472494423,0.6767801642417908,0.0,0.006826572,-0.00063183386,1.0006225,0.035206333,0.006416395,1.6588372e-05,-0.0050411224,0.013265848,0.006242752,0.038613915,0.07952231,0.021848492,0.069,0.03674811,1.0,,,,,,,,,,,,,,,,,,,,,,,,,,,,,,,,,,,,,,,,,,,
185.0,-0.0068083890091853155,0.07300855219364166,0.0006226777913980186,0.6738346815109253,0.0,0.0069754873,-0.0006042319,1.0006226,0.03573971,0.0066244695,1.6525566e-05,-0.005338192,0.013137102,0.006216526,-0.07106872,-0.031311974,-0.0053012185,0.069375,0.036947258,1.0,,,,,,,,,,,,,,,,,,,,,,,,,,,,,,,,,,,,,,,,,,,
186.0,-0.006899642860525688,0.07328366488218307,0.0006227493286132812,0.6708776354789734,0.0,0.007126603,-0.00057571277,1.0006226,0.03626763,0.006844589,1.6178825e-05,-0.0051751137,0.01346755,0.0063097477,0.038612593,0.079521775,0.021826278,0.06975,0.0371464,1.0,,,,,,,,,,,,,,,,,,,,,,,,,,,,,,,,,,,,,,,,,,,
187.0,-0.006991221418439789,0.07355641573667526,0.0006228208658285439,0.6679092049598694,0.0,0.0072799735,-0.00054630387,1.0006227,0.036808968,0.0070581352,1.6115588e-05,-0.005472183,0.013338804,0.00628376,-0.071067855,-0.031323735,-0.00528641,0.070125,0.03734553,1.0,,,,,,,,,,,,,,,,,,,,,,,,,,,,,,,,,,,,,,,,,,,
188.0,-0.0070831287647302645,0.07382668554782867,0.000622868537902832,0.6649294495582581,0.0,0.007435577,-0.00051595503,1.0006229,0.037344847,0.0072837253,1.5768397e-05,-0.005309105,0.013669252,0.0063767433,0.038611267,0.07952124,0.021804072,0.0705,0.037544653,1.0,,,,,,,,,,,,,,,,,,,,,,,,,,,,,,,,,,,,,,,,,,,
189.0,-0.007175354779515812,0.07409453392028809,0.0006229400751180947,0.661938488483429,0.0,0.007593469,-0.0004846936,1.0006229,0.03789413,0.00750274,1.5335552e-05,-0.0056061745,0.013540506,0.0063507557,-0.07106698,-0.031335484,-0.005271601,0.070875,0.037743766,1.0,,,,,,,,,,,,,,,,,,,,,,,,,,,,,,,,,,,,,,,,,,,
190.0,-0.007267902426731111,0.07435984164476395,0.0006229877471923828,0.6589364409446716,0.0,0.0077536274,-0.00045246942,1.000623,0.038437966,0.0077338,1.5442432e-05,-0.005443096,0.013870716,0.006443739,0.03860994,0.0795207,0.02178187,0.07125,0.037942868,1.0,,,,,,,,,,,,,,,,,,,,,,,,,,,,,,,,,,,,,,,,,,,
191.0,-0.007360761316696165,0.07462265342473984,0.0006230592844076455,0.6559234261512756,0.0,0.007916107,-0.00041930992,1.000623,0.038995195,0.007958282,1.490122e-05,-0.0057401657,0.01374197,0.0064177513,-0.07106611,-0.03134723,-0.0052567916,0.071625,0.038141962,1.0,,,,,,,,,,,,,,,,,,,,,,,,,,,,,,,,,,,,,,,,,,,
192.0,-0.0074539303215869195,0.07488296926021576,0.0006231069564819336,0.6528996825218201,0.0,0.008080887,-0.0003851649,1.0006231,0.039546978,0.008194809,1.5032976e-05,-0.0055770874,0.014072418,0.0065107346,0.038608614,0.079520166,0.02175967,0.072,0.038341045,1.0,,,,,,,,,,,,,,,,,,,,,,,,,,,,,,,,,,,,,,,,,,,
193.0,-0.007547401806356544,0.07514075189828873,0.0006231784936971962,0.6498652696609497,0.0,0.00824802,-0.00035006172,1.0006231,0.040112145,0.008424756,1.44841115e-05,-0.0058739185,0.013943672,0.006484747,-0.07106523,-0.03135897,-0.005241982,0.072375,0.038540117,1.0,,,,,,,,,,,,,,,,,,,,,,,,,,,,,,,,,,,,,,,,,,,
194.0,-0.007641177637357818,0.07539592683315277,0.0006232261657714844,0.6468203067779541,0.0,0.008417486,-0.00031395027,1.0006232,0.040671863,0.008666748,1.461711e-05,-0.0057110786,0.014273882,0.0065774918,0.038607284,0.07951963,0.021737477,0.07275,0.038739182,1.0,,,,,,,,,,,,,,,,,,,,,,,,,,,,,,,,,,,,,,,,,,,
195.0,-0.007735246376013414,0.07564853131771088,0.000623297702986747,0.6437649726867676,0.0,0.00858934,-0.00027685796,1.0006232,0.041244965,0.0089021595,1.4066138e-05,-0.00600791,0.014145136,0.006551504,-0.071064346,-0.031370696,-0.005227172,0.073125,0.03893824,1.0,,,,,,,,,,,,,,,,,,,,,,,,,,,,,,,,,,,,,,,,,,,
196.0,-0.007829619405927546,0.07589856535196304,0.0006233453750610352,0.6406990885734558,0.0,0.008763559,-0.00023873456,1.0006233,0.04181261,0.009149614,1.41990795e-05,-0.0058448315,0.014475346,0.0066444874,0.03860595,0.079519086,0.021715289,0.0735,0.039137285,1.0,,,,,,,,,,,,,,,,,,,,,,,,,,,,,,,,,,,,,,,,,,,
197.0,-0.007924279067991794,0.07614593952894211,0.0006234169122762978,0.6376230120658875,0.0,0.008940199,-0.00019960753,1.0006233,0.04239364,0.009390487,1.3646306e-05,-0.006141901,0.0143466,0.0066184998,-0.07106346,-0.03138242,-0.0052123615,0.073875,0.03933632,1.0,,,,,,,,,,,,,,,,,,,,,,,,,,,,,,,,,,,,,,,,,,,
198.0,-0.008019234186131086,0.07639069110155106,0.0006234645843505859,0.6345366835594177,0.0,0.009119238,-0.0001594267,1.0006235,0.04296921,0.009643402,1.3779118e-05,-0.0059788227,0.014676809,0.0067112446,0.038604617,0.07951854,0.021693105,0.07425,0.039535344,1.0,,,,,,,,,,,,,,,,,,,,,,,,,,,,,,,,,,,,,,,,,,,
199.0,-0.00811446854697152,0.07663276046514511,0.0006235361215658486,0.6314404010772705,0.0,0.00930073,-0.00011821946,1.0006235,0.04355816,0.009889735,1.3224561e-05,-0.0062758923,0.014548063,0.006685257,-0.07106257,-0.031394135,-0.0051975506,0.074625,0.03973436,1.0,,,,,,,,,,,,,,,,,,,,,,,,,,,,,,,,,,,,,,,,,,,
200.0,-0.008209984787084654,0.07687216997146606,0.0006235361215658486,0.6283342838287354,0.0,0.009484654,-7.593568e-05,1.0006236,0.044141646,0.010148108,1.335724e-05,-0.006112814,0.014878273,0.0067777634,0.03860328,0.079518,0.021670926,0.075,0.039933365,1.0,,,,,,,,,,,,,,,,,,,,,,,,,,,,,,,,,,,,,,,,,,,
201.0,-0.008305784342509635,0.07710887491703033,0.0006236314657144248,0.6252180933952332,0.0,0.009671064,-3.2602762e-05,1.0006236,0.044738512,0.010399899,1.2800902e-05,-0.006409645,0.014749289,0.0067517757,-0.07106168,-0.031405848,-0.0051827393,0.075375,0.040132362,1.0,,,,,,,,,,,,,,,,,,,,,,,,,,,,,,,,,,,,,,,,,,,
202.0,-0.008401868555879726,0.07734285295009613,0.0006236553308553994,0.6220919489860535,0.0,0.009859939,1.1829439e-05,1.0006236,0.045329906,0.010663728,1.2933448e-05,-0.006246567,0.015079737,0.0068445206,0.03860194,0.079517454,0.021648752,0.07575,0.04033135,1.0,,,,,,,,,,,,,,,,,,,,,,,,,,,,,,,,,,,,,,,,,,,
203.0,-0.008498221437094144,0.07757408171892166,0.0006237506750039756,0.6189562082290649,0.0,0.010051333,5.7333516e-05,1.0006237,0.045934685,0.010920978,1.274321e-05,-0.0065436363,0.014950752,0.006818533,-0.07106078,-0.03141755,-0.0051679276,0.076125,0.040530324,1.0,,,,,,,,,,,,,,,,,,,,,,,,,,,,,,,,,,,,,,,,,,,
204.0,-0.008594855276521327,0.07780256867408752,0.0006237745401449502,0.6158106327056885,0.0,0.010245225,0.000103959595,1.0006237,0.04653398,0.011190259,1.24214275e-05,-0.006380558,0.015280962,0.0069110394,0.038600598,0.0795169,0.02162658,0.0765,0.040729288,1.0,,,,,,,,,,,,,,,,,,,,,,,,,,,,,,,,,,,,,,,,,,,
205.0,-0.008691758682190527,0.07802826166152954,0.0006238222122192383,0.6126554012298584,0.0,0.010441669,0.00015168027,1.0006238,0.04714666,0.011452963,1.2335974e-05,-0.0066776276,0.015151978,0.0068850517,-0.071059875,-0.031429242,-0.0051531154,0.076875,0.040928245,1.0,,,,,,,,,,,,,,,,,,,,,,,,,,,,,,,,,,,,,,,,,,,
206.0,-0.008788936809324395,0.07825114578008652,0.0006238937494345009,0.6094905734062195,0.0,0.010640644,0.00020054568,1.0006238,0.047753848,0.011727695,1.1989059e-05,-0.006514311,0.015482187,0.006977558,0.038599253,0.07951636,0.021604417,0.07725,0.04112719,1.0,,,,,,,,,,,,,,,,,,,,,,,,,,,,,,,,,,,,,,,,,,,
207.0,-0.008886399909352995,0.07847122848033905,0.0006238937494345009,0.6063161492347717,0.0,0.010842204,0.0002505284,1.000624,0.048374422,0.011995852,1.19076885e-05,-0.0068113804,0.015353203,0.0069515705,-0.07105897,-0.031440932,-0.005138303,0.077625,0.041326124,1.0,,,,,,,,,,,,,,,,,,,,,,,,,,,,,,,,,,,,,,,,,,,
208.0,-0.008984138184471427,0.07868845015764236,0.0006239890935830772,0.6031321883201599,0.0,0.011046327,0.00030167852,1.000624,0.0489895,0.012276035,1.1559269e-05,-0.006648302,0.015683413,0.007044077,0.038597908,0.07951581,0.021582255,0.078,0.04152505,1.0,,,,,,,,,,,,,,,,,,,,,,,,,,,,,,,,,,,,,,,,,,,
209.0,-0.009082142364447566,0.07890284061431885,0.0006240129587240517,0.599938690662384,0.0,0.011253068,0.0003539687,1.000624,0.04961796,0.012549641,1.1476438e-05,-0.0069453716,0.015554428,0.0070180893,-0.07105806,-0.03145261,-0.0051234905,0.078375,0.041723963,1.0,,,,,,,,,,,,,,,,,,,,,,,,,,,,,,,,,,,,,,,,,,,
210.0,-0.00918041900733793,0.07911434769630432,0.0006240129587240517,0.5967356562614441,0.0,0.011462405,0.000407449,1.0006241,0.05024093,0.012835274,1.1495692e-05,-0.006782055,0.015884638,0.0071105957,0.03859656,0.079515256,0.0215601,0.07875,0.041922867,1.0,,,,,,,,,,,,,,,,,,,,,,,,,,,,,,,,,,,,,,,,,,,
211.0,-0.009278957674317747,0.07932295650243759,0.0006241321680136025,0.5935232043266296,0.0,0.011674394,0.00046209202,1.0006241,0.050877266,0.013114325,1.0956915e-05,-0.0070791245,0.015755653,0.007084608,-0.07105715,-0.031464286,-0.0051086773,0.079125,0.04212176,1.0,,,,,,,,,,,,,,,,,,,,,,,,,,,,,,,,,,,,,,,,,,,
212.0,-0.00937776653871425,0.07952862232923508,0.0006241321680136025,0.5903012752532959,0.0,0.011889012,0.0005179479,1.0006242,0.05150811,0.013405405,1.1082588e-05,-0.0069158077,0.016085863,0.007176876,0.03859521,0.079514705,0.021537948,0.0795,0.042320643,1.0,,,,,,,,,,,,,,,,,,,,,,,,,,,,,,,,,,,,,,,,,,,
213.0,-0.009476841303016952,0.07973140478134155,0.0006242275121621788,0.5870698094367981,0.0,0.012106312,0.0005749891,1.0006242,0.05215232,0.013689901,1.0517036e-05,-0.0072128773,0.015956879,0.0071508884,-0.07105623,-0.031475954,-0.0050938637,0.079875,0.042519517,1.0,,,,,,,,,,,,,,,,,,,,,,,,,,,,,,,,,,,,,,,,,,,
214.0,-0.009576182397787313,0.07993119955062866,0.0006242513773031533,0.5838289856910706,0.0,0.012326275,0.0006332659,1.0006242,0.052791037,0.0139864255,1.0648441e-05,-0.007049799,0.01628685,0.0072431564,0.03859386,0.079514146,0.021515803,0.08025,0.042718377,1.0,,,,,,,,,,,,,,,,,,,,,,,,,,,,,,,,,,,,,,,,,,,
215.0,-0.009675790495137202,0.0801280289888382,0.0006242513773031533,0.5805785655975342,0.0,0.012548955,0.0006927508,1.0006243,0.053443115,0.014276367,1.044761e-05,-0.0073468685,0.016157866,0.007217169,-0.07105531,-0.031487614,-0.0050790496,0.080625,0.04291723,1.0,,,,,,,,,,,,,,,,,,,,,,,,,,,,,,,,,,,,,,,,,,,
216.0,-0.009775670060562174,0.08032183349132538,0.0006243467214517295,0.5773186087608337,0.0,0.012774329,0.0007534938,1.0006243,0.054089688,0.01457833,1.01250325e-05,-0.007183552,0.016488075,0.007309437,0.038592502,0.079513595,0.021493662,0.081,0.043116067,1.0,,,,,,,,,,,,,,,,,,,,,,,,,,,,,,,,,,,,,,,,,,,
217.0,-0.009875812143149379,0.0805126279592514,0.0006243705865927041,0.574049174785614,0.0,0.013002452,0.0008154676,1.0006243,0.054749634,0.014873714,1.0028896e-05,-0.0074806213,0.016358852,0.007283449,-0.071054384,-0.031499267,-0.0050642355,0.081375,0.043314897,1.0,,,,,,,,,,,,,,,,,,,,,,,,,,,,,,,,,,,,,,,,,,,
218.0,-0.009976223512879388,0.08070040494203568,0.0006243705865927041,0.570770263671875,0.0,0.013233302,0.0008787223,1.0006244,0.055404067,0.015181119,1.0049082e-05,-0.0073173046,0.016689062,0.0073754787,0.038591146,0.079513036,0.021471525,0.08175,0.043513715,1.0,,,,,,,,,,,,,,,,,,,,,,,,,,,,,,,,,,,,,,,,,,,
219.0,-0.01007690210210272,0.080885149538517,0.0006244182586669922,0.5674817562103271,0.0,0.013466936,0.00094323035,1.0006244,0.056071855,0.015481939,9.502861e-06,-0.007614374,0.01655984,0.007349491,-0.07105345,-0.031510912,-0.0050494205,0.082125,0.043712523,1.0,,,,,,,,,,,,,,,,,,,,,,,,,,,,,,,,,,,,,,,,,,,
220.0,-0.010177854983117686,0.0810668021440506,0.0006244897958822548,0.5641835927963257,0.0,0.013703328,0.0010090419,1.0006244,0.05673414,0.015794782,9.628083e-06,-0.0074510574,0.016890049,0.007441759,0.038589787,0.07951248,0.021449393,0.0825,0.04391132,1.0,,,,,,,,,,,,,,,,,,,,,,,,,,,,,,,,,,,,,,,,,,,
221.0,-0.010278825325184933,0.08124534785747528,0.0006244897958822548,0.5608758926391602,0.0,0.013942535,0.0010761296,1.0006245,0.057409782,0.016101042,9.423285e-06,-0.007748127,0.016760826,0.0074157715,-0.071052514,-0.03152255,-0.0050346055,0.082875,0.044110104,1.0,,,,,,,,,,,,,,,,,,,,,,,,,,,,,,,,,,,,,,,,,,,
222.0,-0.01038007341518487,0.08142082393169403,0.000624537467956543,0.5575584173202515,0.0,0.014184535,0.0011445434,1.0006245,0.058079902,0.016419316,9.100001e-06,-0.0075850487,0.017091036,0.007507801,0.038588427,0.07951192,0.021427264,0.08325,0.044308882,1.0,,,,,,,,,,,,,,,,,,,,,,,,,,,,,,,,,,,,,,,,,,,
223.0,-0.010481587037644919,0.08159317076206207,0.0006246090051718056,0.5542313456535339,0.0,0.014429382,0.001214256,1.0006245,0.058763385,0.01673101,8.998607e-06,-0.007882118,0.016961813,0.0074818134,-0.07105158,-0.03153418,-0.0050197905,0.083625,0.044507645,1.0,,,,,,,,,,,,,,,,,,,,,,,,,,,,,,,,,,,,,,,,,,,
224.0,-0.010583377009058448,0.0817624181509018,0.0006246090051718056,0.5508944988250732,0.0,0.014677054,0.0012853174,1.0006247,0.059441347,0.017054722,9.018389e-06,-0.0077188015,0.017292023,0.007573843,0.038587064,0.07951136,0.021405142,0.084,0.044706397,1.0,,,,,,,,,,,,,,,,,,,,,,,,,,,,,,,,,,,,,,,,,,,
225.0,-0.010685431131274356,0.0819285660982132,0.0006246566772460938,0.5475481152534485,0.0,0.014927607,0.0013577,1.0006247,0.060132656,0.017371846,8.466851e-06,-0.008015871,0.0171628,0.0075478554,-0.07105064,-0.031545807,-0.0050049745,0.084375,0.044905137,1.0,,,,,,,,,,,,,,,,,,,,,,,,,,,,,,,,,,,,,,,,,,,
226.0,-0.010787763444548166,0.08209158480167389,0.0006247282144613564,0.5441918969154358,0.0,0.015181017,0.0014314542,1.0006247,0.06081845,0.017700989,8.591677e-06,-0.007852554,0.017492771,0.0076396465,0.0385857,0.07951079,0.021383025,0.08475,0.045103867,1.0,,,,,,,,,,,,,,,,,,,,,,,,,,,,,,,,,,,,,,,,,,,
227.0,-0.010890142947176256,0.08225148916244507,0.0006247282144613564,0.5408259630203247,0.0,0.01543734,0.0015065522,1.0006248,0.06151759,0.018023547,8.38156e-06,-0.008149624,0.017363548,0.007613659,-0.07104969,-0.031557426,-0.0049901586,0.085125,0.04530259,1.0,,,,,,,,,,,,,,,,,,,,,,,,,,,,,,,,,,,,,,,,,,,
228.0,-0.010992804231280765,0.08240825682878494,0.0006247758865356445,0.5374500751495361,0.0,0.015696554,0.0015830444,1.0006248,0.062211193,0.018358115,8.05789e-06,-0.007986307,0.017546654,0.0077068806,0.03885773,0.044257868,0.021648174,0.0855,0.045501295,1.0,,,,,,,,,,,,,,,,,,,,,,,,,,,,,,,,,,,,,,,,,,,
229.0,-0.01109573672629178,0.08256195485591888,0.0006247758865356445,0.5340643525123596,0.0,0.015958687,0.001660903,1.0006248,0.06291215,0.018686054,8.056982e-06,-0.008283377,0.017270565,0.007682085,-0.07076823,-0.0668132,-0.0047042975,0.085875,0.04569999,1.0,,,,,,,,,,,,,,,,,,,,,,,,,,,,,,,,,,,,,,,,,,,
230.0,-0.011198949701778173,0.08271251618862152,0.0006248474237509072,0.5306687355041504,0.0,0.016223693,0.0017401777,1.0006248,0.06360157,0.019025957,8.154916e-06,-0.008119822,0.017453909,0.0077750683,0.03885486,0.044273876,0.021642273,0.08625,0.045898676,1.0,,,,,,,,,,,,,,,,,,,,,,,,,,,,,,,,,,,,,,,,,,,
231.0,-0.011302436181232264,0.08286000788211823,0.0006248950958251953,0.5272632241249084,0.0,0.016491603,0.0018208412,1.0006249,0.06429833,0.019359227,8.056663e-06,-0.008416891,0.01717782,0.0077502728,-0.07076079,-0.06680844,-0.0047057257,0.086625,0.04609735,1.0,,,,,,,,,,,,,,,,,,,,,,,,,,,,,,,,,,,,,,,,,,,
232.0,-0.011406204166665554,0.08300439268350601,0.0006248950958251953,0.523847758769989,0.0,0.016762368,0.0019029431,1.0006249,0.064983554,0.019704457,7.806872e-06,-0.008253574,0.017360926,0.007843256,0.03885199,0.04428988,0.021636367,0.087,0.04629601,1.0,,,,,,,,,,,,,,,,,,,,,,,,,,,,,,,,,,,,,,,,,,,
233.0,-0.011510255481168978,0.08314575254917145,0.000624966633040458,0.520422101020813,0.0,0.017036019,0.0019864559,1.0006249,0.06567613,0.020043055,7.791733e-06,-0.008550644,0.017085075,0.00781846,-0.07075334,-0.06680367,-0.0047071483,0.087375,0.04649466,1.0,,,,,,,,,,,,,,,,,,,,,,,,,,,,,,,,,,,,,,,,,,,
234.0,-0.011614593007745384,0.08328399807214737,0.000624966633040458,0.5169863104820251,0.0,0.017312508,0.0020714293,1.000625,0.06635717,0.02039361,7.887615e-06,-0.008387327,0.01726842,0.007911444,0.038849123,0.044305872,0.021630457,0.08775,0.0466933,1.0,,,,,,,,,,,,,,,,,,,,,,,,,,,,,,,,,,,,,,,,,,,
235.0,-0.011719213537573882,0.08341920375823975,0.0006250143051147461,0.5135403275489807,0.0,0.017591864,0.0021578355,1.000625,0.06704556,0.020737527,7.42508e-06,-0.008684397,0.01699233,0.007886648,-0.07074591,-0.06679891,-0.004708566,0.088125,0.046891924,1.0,,,,,,,,,,,,,,,,,,,,,,,,,,,,,,,,,,,,,,,,,,,
236.0,-0.011824126638692478,0.0835513100028038,0.0006250143051147461,0.5100840330123901,0.0,0.017874042,0.002245725,1.000625,0.067722425,0.021093404,7.6232127e-06,-0.00852108,0.017175674,0.007979631,0.038846254,0.04432186,0.02162454,0.0885,0.04709054,1.0,,,,,,,,,,,,,,,,,,,,,,,,,,,,,,,,,,,,,,,,,,,
237.0,-0.011929324327659032,0.08368045091629028,0.0006250858423300087,0.5066174864768982,0.0,0.01815907,0.0023350692,1.000625,0.068406634,0.021442642,7.5061034e-06,-0.008817911,0.016899824,0.007955074,-0.07073848,-0.06679415,-0.0047099777,0.088875,0.047289144,1.0,,,,,,,,,,,,,,,,,,,,,,,,,,,,,,,,,,,,,,,,,,,
238.0,-0.012034823010862141,0.08380649238824844,0.0006250858423300087,0.5031403303146362,0.0,0.018446898,0.0024259184,1.0006251,0.06907932,0.021803837,7.620521e-06,-0.008654594,0.017083168,0.008047819,0.038843386,0.044337843,0.021618621,0.08925,0.047487736,1.0,,,,,,,,,,,,,,,,,,,,,,,,,,,,,,,,,,,,,,,,,,,
239.0,-0.012140612766347961,0.08392949402332306,0.0006251335144042969,0.4996527135372162,0.0,0.018737562,0.002518245,1.0006251,0.069759354,0.022158388,7.1567333e-06,-0.008951664,0.016807318,0.008023262,-0.07073105,-0.066789396,-0.0047113844,0.089625,0.047686316,1.0,,,,,,,,,,,,,,,,,,,,,,,,,,,,,,,,,,,,,,,,,,,
240.0,-0.012246702615315703,0.08404950797557831,0.000625181186478585,0.4961545169353485,0.0,0.019031012,0.0026120988,1.0006251,0.070427865,0.022524895,7.3497813e-06,-0.008788347,0.0169909,0.008116007,0.038840517,0.044353813,0.021612698,0.09,0.04788488,1.0,,,,,,,,,,,,,,,,,,,,,,,,,,,,,,,,,,,,,,,,,,,
241.0,-0.012353092346111096,0.08416648954153061,0.0006252050516195595,0.49264559149742126,0.0,0.019327277,0.002707452,1.0006251,0.07110373,0.02288476,7.2369594e-06,-0.009085178,0.016714811,0.008091211,-0.07072363,-0.066784635,-0.0047127856,0.090375,0.04808344,1.0,,,,,,,,,,,,,,,,,,,,,,,,,,,,,,,,,,,,,,,,,,,
242.0,-0.01245978634125146,0.08428047597408295,0.0006252527236938477,0.48912593722343445,0.0,0.019626312,0.0028043543,1.0006253,0.07176807,0.023256574,7.344996e-06,-0.008921862,0.016898394,0.008184195,0.03883765,0.04436978,0.02160677,0.09075,0.048281983,1.0,,,,,,,,,,,,,,,,,,,,,,,,,,,,,,,,,,,,,,,,,,,
243.0,-0.012566781274166905,0.08439144492149353,0.0006252527236938477,0.4855954945087433,0.0,0.019928144,0.0029027783,1.0006253,0.07243977,0.023621745,6.8857994e-06,-0.009218931,0.016622543,0.008159399,-0.07071622,-0.06677988,-0.004714181,0.091125,0.048480514,1.0,,,,,,,,,,,,,,,,,,,,,,,,,,,,,,,,,,,,,,,,,,,
244.0,-0.012674088655421838,0.08449944108724594,0.0006253003957681358,0.48205405473709106,0.0,0.020232728,0.0030027735,1.0006253,0.07309994,0.023998866,7.0723977e-06,-0.0090556145,0.016806126,0.008252144,0.038834784,0.04438574,0.021600837,0.0915,0.048679035,1.0,,,,,,,,,,,,,,,,,,,,,,,,,,,,,,,,,,,,,,,,,,,
245.0,-0.012781702863587851,0.0846044272184372,0.0006253242609091103,0.47850164771080017,0.0,0.020540092,0.0031043126,1.0006253,0.07376748,0.024369342,6.964183e-06,-0.009352446,0.016530514,0.008227587,-0.07070881,-0.066775136,-0.0047155716,0.091875,0.04887754,1.0,,,,,,,,,,,,,,,,,,,,,,,,,,,,,,,,,,,,,,,,,,,
246.0,-0.012889636409796987,0.08470644801855087,0.0006253719329833984,0.4749380052089691,0.0,0.020850189,0.003207445,1.0006254,0.07442349,0.024751764,7.065769e-06,-0.009189129,0.016714096,0.008320332,0.038831916,0.04440169,0.0215949,0.09225,0.049076036,1.0,,,,,,,,,,,,,,,,,,,,,,,,,,,,,,,,,,,,,,,,,,,
247.0,-0.012997882782293173,0.08480547368526459,0.0006253719329833984,0.47136321663856506,0.0,0.021163052,0.003312143,1.0006254,0.07508687,0.025127538,6.6111793e-06,-0.00948596,0.016438246,0.008295774,-0.070701405,-0.06677038,-0.004716957,0.092625,0.04927452,1.0,,,,,,,,,,,,,,,,,,,,,,,,,,,,,,,,,,,,,,,,,,,
248.0,-0.013106449376215721,0.0849015861749649,0.0006254196050576866,0.46777716279029846,0.0,0.021478629,0.0034184565,1.0006254,0.07573873,0.025515256,6.7913306e-06,-0.009322643,0.016622066,0.008388281,0.038829047,0.044417635,0.021588959,0.093,0.049472988,1.0,,,,,,,,,,,,,,,,,,,,,,,,,,,,,,,,,,,,,,,,,,,
249.0,-0.013215339369887266,0.08499467372894287,0.0006254434701986611,0.4641795754432678,0.0,0.021796955,0.003526358,1.0006254,0.076397955,0.02589633,6.687721e-06,-0.009619474,0.016346455,0.008363724,-0.07069401,-0.066765636,-0.0047183367,0.093375,0.04967145,1.0,,,,,,,,,,,,,,,,,,,,,,,,,,,,,,,,,,,,,,,,,,,
250.0,-0.013324558115570508,0.08508481830358505,0.0006254911422729492,0.46057045459747314,0.0,0.022117978,0.0036358968,1.0006255,0.077045664,0.02628934,6.782864e-06,-0.009456158,0.016530037,0.008456469,0.038826182,0.04443357,0.021583011,0.09375,0.049869895,1.0,,,,,,,,,,,,,,,,,,,,,,,,,,,,,,,,,,,,,,,,,,,
251.0,-0.013434103899427476,0.08517206460237503,0.0006254911422729492,0.45694971084594727,0.0,0.02244173,0.0037470455,1.0006255,0.077700734,0.026675701,6.3328766e-06,-0.009753227,0.016254425,0.0084319115,-0.070686616,-0.06676089,-0.0047197114,0.094125,0.050068326,1.0,,,,,,,,,,,,,,,,,,,,,,,,,,,,,,,,,,,,,,,,,,,
252.0,-0.01354397938194107,0.08525635302066803,0.0006255388143472373,0.4533173739910126,0.0,0.022768166,0.0038598538,1.0006255,0.07834429,0.027074004,6.5065906e-06,-0.0095899105,0.016438246,0.008524418,0.038823314,0.0444495,0.021577062,0.0945,0.050266746,1.0,,,,,,,,,,,,,,,,,,,,,,,,,,,,,,,,,,,,,,,,,,,
253.0,-0.013654183658545357,0.08533771336078644,0.0006255388143472373,0.4496733546257019,0.0,0.023097312,0.0039742943,1.0006255,0.07899523,0.027465656,6.4075816e-06,-0.009886742,0.016162634,0.008500099,-0.070679225,-0.066756144,-0.0047210804,0.094875,0.050465155,1.0,,,,,,,,,,,,,,,,,,,,,,,,,,,,,,,,,,,,,,,,,,,
254.0,-0.01376473015392253,0.08541614562273026,0.0006256103515625,0.446017324924469,0.0,0.023429124,0.004090416,1.0006255,0.079634644,0.027869243,6.4962887e-06,-0.009723425,0.016346455,0.008592606,0.038820446,0.044465426,0.021571107,0.09525,0.05066355,1.0,,,,,,,,,,,,,,,,,,,,,,,,,,,,,,,,,,,,,,,,,,,
255.0,-0.013875614566048227,0.08549167215824127,0.0006256103515625,0.44234931468963623,0.0,0.023763629,0.0042081918,1.0006256,0.08028144,0.02826618,6.4187657e-06,-0.010020256,0.016070843,0.0085680485,-0.07067184,-0.066751406,-0.0047224443,0.095625,0.050861932,1.0,,,,,,,,,,,,,,,,,,,,,,,,,,,,,,,,,,,,,,,,,,,
256.0,-0.013986840693464458,0.0855642706155777,0.0006256580236367881,0.4386693239212036,0.0,0.024100782,0.004327671,1.0006256,0.0809167,0.028675044,6.1318933e-06,-0.009856939,0.016254902,0.008660555,0.03881758,0.04448134,0.021565147,0.096,0.051060304,1.0,,,,,,,,,,,,,,,,,,,,,,,,,,,,,,,,,,,,,,,,,,,
257.0,-0.014098410672787465,0.08563397824764252,0.0006256580236367881,0.43497714400291443,0.0,0.024440613,0.0044488264,1.0006256,0.08155936,0.029077264,6.1440155e-06,-0.01015377,0.01597929,0.008635998,-0.070664465,-0.06674667,-0.0047238027,0.096375,0.05125866,1.0,,,,,,,,,,,,,,,,,,,,,,,,,,,,,,,,,,,,,,,,,,,
258.0,-0.014210329244987297,0.08570078760385513,0.0006257056957110763,0.4312727749347687,0.0,0.024783073,0.004571707,1.0006256,0.0821905,0.029491408,6.201305e-06,-0.009990454,0.01616335,0.008728504,0.038814384,0.044497035,0.021538503,0.09675,0.051457006,1.0,,,,,,,,,,,,,,,,,,,,,,,,,,,,,,,,,,,,,,,,,,,
259.0,-0.014322591754959002,0.08576474338769913,0.0006257295608520508,0.42755618691444397,0.0,0.025128193,0.004696286,1.0006256,0.08282902,0.029898902,6.1342403e-06,-0.010287285,0.015887737,0.008703947,-0.070657425,-0.06674213,-0.004745832,0.097125,0.051655337,1.0,,,,,,,,,,,,,,,,,,,,,,,,,,,,,,,,,,,,,,,,,,,
260.0,-0.014435213801065109,0.08582577854394913,0.0006257772329263389,0.42382705211639404,0.0,0.025475927,0.0048226123,1.0006257,0.08345603,0.030318322,6.2074328e-06,-0.010123968,0.016071796,0.008795738,0.038809523,0.04451161,0.021405661,0.0975,0.051853657,1.0,,,,,,,,,,,,,,,,,,,,,,,,,,,,,,,,,,,,,,,,,,,
261.0,-0.014548186018601247,0.0858839601278305,0.0006257772329263389,0.42008551955223083,0.0,0.025826305,0.0049506584,1.0006257,0.08409043,0.030731086,5.7703182e-06,-0.010420799,0.015796423,0.008770704,-0.07065211,-0.066738665,-0.004874024,0.097875,0.05205196,1.0,,,,,,,,,,,,,,,,,,,,,,,,,,,,,,,,,,,,,,,,,,,
262.0,-0.014661369639389502,0.08593926578760147,0.0006257772329263389,0.41633141040802,0.0,0.026179276,0.005080474,1.0006257,0.08471331,0.031155774,5.9276435e-06,-0.0102574825,0.015980482,0.008862495,0.038806714,0.044527452,0.021399755,0.09825,0.052250255,1.0,,,,,,,,,,,,,,,,,,,,,,,,,,,,,,,,,,,,,,,,,,,
263.0,-0.014774908540474623,0.08599172532558441,0.0006258487701416016,0.412564754486084,0.0,0.026534874,0.005212032,1.0006257,0.08534358,0.03157381,5.840201e-06,-0.010554314,0.015705109,0.0088374615,-0.070644826,-0.06673385,-0.0048752995,0.098625,0.052448537,1.0,,,,,,,,,,,,,,,,,,,,,,,,,,,,,,,,,,,,,,,,,,,
264.0,-0.014888801598796889,0.08604135364294052,0.0006258964422158897,0.40878570079803467,0.0,0.026893051,0.005345381,1.0006258,0.08596234,0.032003764,5.912833e-06,-0.010390997,0.015889168,0.008929014,0.038803905,0.044543292,0.021393845,0.099,0.0526468,1.0,,,,,,,,,,,,,,,,,,,,,,,,,,,,,,,,,,,,,,,,,,,
265.0,-0.015003055925135792,0.08608811348676682,0.0006258964422158897,0.40499386191368103,0.0,0.027253836,0.0054804934,1.0006258,0.08658849,0.03242706,5.478938e-06,-0.010687828,0.015613794,0.008904219,-0.07063755,-0.06672903,-0.0048765694,0.099375,0.052845057,1.0,,,,,,,,,,,,,,,,,,,,,,,,,,,,,,,,,,,,,,,,,,,
266.0,-0.015117675290205957,0.08613209426403046,0.0006258964422158897,0.40118929743766785,0.0,0.027617183,0.0056174197,1.0006258,0.08720313,0.03286228,5.6301706e-06,-0.010524273,0.015798092,0.008995771,0.038801096,0.044559125,0.02138793,0.09975,0.053043295,1.0,,,,,,,,,,,,,,,,,,,,,,,,,,,,,,,,,,,,,,,,,,,
267.0,-0.015232650814589726,0.08617325872182846,0.0006259441142901778,0.39737212657928467,0.0,0.027983122,0.0057561314,1.0006258,0.08782517,0.03329084,5.5472437e-06,-0.010821104,0.015522718,0.008970737,-0.070630275,-0.06672422,-0.004877834,0.100125,0.053241525,1.0,,,,,,,,,,,,,,,,,,,,,,,,,,,,,,,,,,,,,,,,,,,
268.0,-0.015347994421639307,0.08621165156364441,0.0006259441142901778,0.3935421109199524,0.0,0.028351603,0.0058966787,1.0006258,0.0884357,0.033731315,5.6134836e-06,-0.010657787,0.015706778,0.009062529,0.038798288,0.044574946,0.02138201,0.1005,0.053439736,1.0,,,,,,,,,,,,,,,,,,,,,,,,,,,,,,,,,,,,,,,,,,,
269.0,-0.01546369755302211,0.08624722808599472,0.0006260156515054405,0.38969939947128296,0.0,0.02872266,0.006039033,1.0006258,0.08905363,0.034165133,5.5520363e-06,-0.010954618,0.0154316425,0.009037495,-0.070623,-0.066719405,-0.0048790937,0.100875,0.053637937,1.0,,,,,,,,,,,,,,,,,,,,,,,,,,,,,,,,,,,,,,,,,,,
270.0,-0.015579771641168453,0.08628006279468536,0.0006260156515054405,0.3858437240123749,0.0,0.029096244,0.006183245,1.000626,0.08966005,0.034610864,5.610573e-06,-0.010791302,0.01561594,0.009128809,0.038794078,0.04458975,0.021284612,0.10125,0.053836126,1.0,,,,,,,,,,,,,,,,,,,,,,,,,,,,,,,,,,,,,,,,,,,
271.0,-0.015696207073482515,0.08631014823913574,0.0006260156515054405,0.38197532296180725,0.0,0.029472385,0.006329287,1.000626,0.090273865,0.03504993,5.184612e-06,-0.011088133,0.015340567,0.009103537,-0.07061717,-0.066715576,-0.0049718013,0.101625,0.054034296,1.0,,,,,,,,,,,,,,,,,,,,,,,,,,,,,,,,,,,,,,,,,,,
272.0,-0.01581300768431229,0.08633746206760406,0.0006260633235797286,0.3780941367149353,0.0,0.029851036,0.006477207,1.000626,0.090876184,0.03550091,5.325991e-06,-0.010924816,0.015524864,0.0091946125,0.038791306,0.04460553,0.021278724,0.102,0.05423246,1.0,,,,,,,,,,,,,,,,,,,,,,,,,,,,,,,,,,,,,,,,,,,
273.0,-0.015930171391901584,0.0863620787858963,0.0006261110538616776,0.37420016527175903,0.0,0.030232226,0.006626979,1.000626,0.0914859,0.03594523,5.2500027e-06,-0.011221647,0.015249729,0.00916934,-0.07060996,-0.06671072,-0.0049730088,0.102375,0.054430604,1.0,,,,,,,,,,,,,,,,,,,,,,,,,,,,,,,,,,,,,,,,,,,
274.0,-0.016047701245895017,0.08638393878936768,0.0006261348607949913,0.37029337882995605,0.0,0.03061591,0.006778652,1.000626,0.09208412,0.036401454,5.3066265e-06,-0.011058092,0.015434027,0.009260416,0.038788535,0.044621304,0.021272833,0.10275,0.054628737,1.0,,,,,,,,,,,,,,,,,,,,,,,,,,,,,,,,,,,,,,,,,,,
275.0,-0.016165592604564544,0.08640311658382416,0.0006261348607949913,0.36637386679649353,0.0,0.031002117,0.0069321976,1.0006261,0.09268974,0.03685102,5.2520613e-06,-0.011354923,0.015158892,0.009235144,-0.07060275,-0.06670585,-0.004974211,0.103125,0.054826856,1.0,,,,,,,,,,,,,,,,,,,,,,,,,,,,,,,,,,,,,,,,,,,
276.0,-0.016283849671947227,0.08641958236694336,0.0006261348607949913,0.3624415695667267,0.0,0.0313908,0.007087666,1.0006261,0.093283854,0.03731248,4.9331356e-06,-0.0111916065,0.015343428,0.00932622,0.038785763,0.04463707,0.021266935,0.1035,0.055024963,1.0,,,,,,,,,,,,,,,,,,,,,,,,,,,,,,,,,,,,,,,,,,,
277.0,-0.016402466153597747,0.08643338829278946,0.0006262302631512284,0.35849660634994507,0.0,0.03178199,0.00724503,1.0006261,0.093885385,0.037767287,4.968207e-06,-0.011488438,0.015068293,0.009301186,-0.070595555,-0.066700995,-0.0049754083,0.103875,0.055223055,1.0,,,,,,,,,,,,,,,,,,,,,,,,,,,,,,,,,,,,,,,,,,,
278.0,-0.01652144215021483,0.08644451946020126,0.0006262302631512284,0.35453906655311584,0.0,0.032175638,0.007404338,1.0006261,0.09447541,0.038233995,4.9934606e-06,-0.011325121,0.015252829,0.009391069,0.038779046,0.04464976,0.020997308,0.10425,0.055421133,1.0,,,,,,,,,,,,,,,,,,,,,,,,,,,,,,,,,,,,,,,,,,,
279.0,-0.01664077824509277,0.08645300567150116,0.0006262302631512284,0.35056883096694946,0.0,0.032571774,0.0075655635,1.0006261,0.09507285,0.03869404,4.9493374e-06,-0.011621714,0.014977694,0.009364605,-0.07059238,-0.066699125,-0.0052402667,0.104625,0.055619195,1.0,,,,,,,,,,,,,,,,,,,,,,,,,,,,,,,,,,,,,,,,,,,
280.0,-0.01676046998233079,0.08645882457494736,0.000626254070084542,0.3465861678123474,0.0,0.032970354,0.007728755,1.0006261,0.095658794,0.039165977,4.990511e-06,-0.011458397,0.01516223,0.009454727,0.03877638,0.044665426,0.020991523,0.105,0.055817246,1.0,,,,,,,,,,,,,,,,,,,,,,,,,,,,,,,,,,,,,,,,,,,
281.0,-0.016880513318969954,0.08646202087402344,0.0006263017421588302,0.3425910770893097,0.0,0.033371404,0.0078938855,1.0006262,0.09625215,0.039631255,4.944194e-06,-0.011755228,0.0148870945,0.009428263,-0.07058533,-0.06669412,-0.005241334,0.105375,0.056015283,1.0,,,,,,,,,,,,,,,,,,,,,,,,,,,,,,,,,,,,,,,,,,,
282.0,-0.01700091271083075,0.0864625796675682,0.0006263494724407792,0.3385835587978363,0.0,0.03377488,0.008061004,1.0006262,0.096834004,0.04010842,4.6153637e-06,-0.011591911,0.0150716305,0.0095181465,0.03877371,0.044681083,0.020985732,0.10575,0.056213304,1.0,,,,,,,,,,,,,,,,,,,,,,,,,,,,,,,,,,,,,,,,,,,
283.0,-0.017121656951097387,0.08646054565906525,0.0006263494724407792,0.33456385135650635,0.0,0.03418081,0.008230083,1.0006262,0.09742328,0.040578928,4.6573814e-06,-0.011888742,0.014796734,0.0094919205,-0.07057829,-0.06668911,-0.0052423957,0.106125,0.05641131,1.0,,,,,,,,,,,,,,,,,,,,,,,,,,,,,,,,,,,,,,,,,,,
284.0,-0.017242746692456196,0.08645592629909515,0.0006263494724407792,0.330532044172287,0.0,0.034589145,0.008401171,1.0006262,0.098001055,0.041061323,4.6730393e-06,-0.011725426,0.01498127,0.009581804,0.038771044,0.044696737,0.020979935,0.1065,0.056609306,1.0,,,,,,,,,,,,,,,,,,,,,,,,,,,,,,,,,,,,,,,,,,,
285.0,-0.017364180147890013,0.08644868433475494,0.0006263494724407792,0.32648807764053345,0.0,0.034999922,0.008574243,1.0006262,0.09858626,0.041537054,4.6357886e-06,-0.012022018,0.014706373,0.009555578,-0.07057125,-0.06668411,-0.0052434527,0.106875,0.056807287,1.0,,,,,,,,,,,,,,,,,,,,,,,,,,,,,,,,,,,,,,,,,,,
286.0,-0.017485953730089796,0.08643890917301178,0.000626420951448381,0.3224322199821472,0.0,0.03541309,0.008749345,1.0006262,0.09915996,0.042024676,4.6673886e-06,-0.011858702,0.014891148,0.009645462,0.038768377,0.04471238,0.020974135,0.10725,0.057005253,1.0,,,,,,,,,,,,,,,,,,,,,,,,,,,,,,,,,,,,,,,,,,,
287.0,-0.017608060556324086,0.08642655611038208,0.00062646868173033,0.31836459040641785,0.0,0.035828676,0.008926452,1.0006263,0.099741094,0.042505626,4.627939e-06,-0.012155294,0.014616013,0.009619236,-0.07056422,-0.06667911,-0.005244504,0.107625,0.057203203,1.0,,,,,,,,,,,,,,,,,,,,,,,,,,,,,,,,,,,,,,,,,,,
288.0,-0.017730496133349608,0.08641166985034943,0.00062646868173033,0.31428539752960205,0.0,0.03624664,0.0091056125,1.0006263,0.10031072,0.04299846,4.2895404e-06,-0.011991978,0.014800787,0.009708881,0.03876571,0.04472802,0.020968331,0.108,0.05740114,1.0,,,,,,,,,,,,,,,,,,,,,,,,,,,,,,,,,,,,,,,,,,,
289.0,-0.017853254609676107,0.08639424294233322,0.00062646868173033,0.31019479036331177,0.0,0.036667004,0.009286799,1.0006263,0.10088778,0.04348463,4.338422e-06,-0.012288809,0.01452589,0.009682655,-0.07055719,-0.06667411,-0.0052455505,0.108375,0.057599064,1.0,,,,,,,,,,,,,,,,,,,,,,,,,,,,,,,,,,,,,,,,,,,
290.0,-0.017976333956998453,0.08637429773807526,0.0006265163538046181,0.30609288811683655,0.0,0.037089724,0.00947006,1.0006263,0.10145336,0.04398268,4.3445184e-06,-0.012125492,0.014710903,0.009772539,0.038763043,0.04474365,0.020962521,0.10875,0.057796974,1.0,,,,,,,,,,,,,,,,,,,,,,,,,,,,,,,,,,,,,,,,,,,
291.0,-0.018099724217674567,0.08635181933641434,0.0006265163538046181,0.3019799590110779,0.0,0.037514836,0.009655368,1.0006263,0.10202636,0.044474065,4.3141295e-06,-0.012422085,0.014435768,0.009746313,-0.070550166,-0.066669114,-0.0052465918,0.109125,0.057994865,1.0,,,,,,,,,,,,,,,,,,,,,,,,,,,,,,,,,,,,,,,,,,,
292.0,-0.01822342177777059,0.08632688224315643,0.0006265401607379317,0.2978562116622925,0.0,0.037942287,0.009842774,1.0006263,0.102587864,0.04497733,4.336173e-06,-0.012258768,0.014620781,0.0098359585,0.038760375,0.044759274,0.020956708,0.1095,0.058192745,1.0,,,,,,,,,,,,,,,,,,,,,,,,,,,,,,,,,,,,,,,,,,,
293.0,-0.018347419898194633,0.08629941195249557,0.0006265878910198808,0.2937217950820923,0.0,0.038372107,0.010032248,1.0006264,0.103156805,0.04547392,4.303582e-06,-0.012555361,0.014345884,0.009809732,-0.07054315,-0.06666412,-0.0052476274,0.109875,0.05839061,1.0,,,,,,,,,,,,,,,,,,,,,,,,,,,,,,,,,,,,,,,,,,,
294.0,-0.018471713151401378,0.08626947551965714,0.0006266355630941689,0.2895769476890564,0.0,0.038804248,0.010223841,1.0006264,0.10371426,0.045982387,3.9556335e-06,-0.012392044,0.014530897,0.009899378,0.038757708,0.04477489,0.02095089,0.11025,0.05858846,1.0,,,,,,,,,,,,,,,,,,,,,,,,,,,,,,,,,,,,,,,,,,,
295.0,-0.01859629305263207,0.0862371027469635,0.0006266355630941689,0.2854219079017639,0.0,0.039238743,0.010417526,1.0006264,0.104279146,0.046484184,4.011372e-06,-0.012688875,0.0142560005,0.00987339,-0.07053613,-0.06665913,-0.0052486584,0.110625,0.058786295,1.0,,,,,,,,,,,,,,,,,,,,,,,,,,,,,,,,,,,,,,,,,,,
296.0,-0.018721149243413174,0.08620224893093109,0.0006266355630941689,0.2812570631504059,0.0,0.039675545,0.01061335,1.0006264,0.104832545,0.046997856,4.0079226e-06,-0.0125255585,0.014441013,0.009962797,0.03875504,0.0447905,0.020945067,0.111,0.058984116,1.0,,,,,,,,,,,,,,,,,,,,,,,,,,,,,,,,,,,,,,,,,,,
297.0,-0.018846272041850784,0.08616498857736588,0.0006266355630941689,0.2770826816558838,0.0,0.040114686,0.010811287,1.0006264,0.10539339,0.047504853,3.984388e-06,-0.012822151,0.014166355,0.00993681,-0.070529126,-0.06665414,-0.005249684,0.111375,0.059181925,1.0,,,,,,,,,,,,,,,,,,,,,,,,,,,,,,,,,,,,,,,,,,,
298.0,-0.018971657556718972,0.08612526953220367,0.000626683235168457,0.27289897203445435,0.0,0.040556114,0.011011385,1.0006264,0.10594274,0.048023727,3.996892e-06,-0.012658834,0.014351368,0.010026455,0.038752377,0.0448061,0.02093924,0.11175,0.059379715,1.0,,,,,,,,,,,,,,,,,,,,,,,,,,,,,,,,,,,,,,,,,,,
299.0,-0.019097291988006512,0.08608315140008926,0.0006267547723837197,0.2687063217163086,0.0,0.040999863,0.011213618,1.0006264,0.10649953,0.04853592,3.9711526e-06,-0.012955427,0.01407671,0.010000229,-0.07052212,-0.066649154,-0.0052507045,0.112125,0.05957749,1.0,,,,,,,,,,,,,,,,,,,,,,,,,,,,,,,,,,,,,,,,,,,
300.0,-0.019223167020356643,0.08603863418102264,0.0006267547723837197,0.2645050585269928,0.0,0.04144588,0.011418035,1.0006266,0.107044846,0.049059987,3.981533e-06,-0.01279211,0.014261723,0.010088682,0.038745835,0.044818055,0.020655459,0.1125,0.059775252,1.0,,,,,,,,,,,,,,,,,,,,,,,,,,,,,,,,,,,,,,,,,,,
301.0,-0.019349271568134735,0.08599173277616501,0.0006267547723837197,0.2602955102920532,0.0,0.041894205,0.011624607,1.0006266,0.10759759,0.04957737,3.5899668e-06,-0.013088703,0.013987064,0.010061502,-0.070519075,-0.06664772,-0.005529608,0.112875,0.059973,1.0,,,,,,,,,,,,,,,,,,,,,,,,,,,,,,,,,,,,,,,,,,,
302.0,-0.019475405438316558,0.08594246208667755,0.0006267547723837197,0.25607815384864807,0.0,0.042344783,0.011833386,1.0006266,0.10813887,0.05010663,3.6835218e-06,-0.012925386,0.014172077,0.010149717,0.038743276,0.044833552,0.020649748,0.11325,0.060170732,1.0,,,,,,,,,,,,,,,,,,,,,,,,,,,,,,,,,,,,,,,,,,,
303.0,-0.0196015824243038,0.08589080721139908,0.0006268024444580078,0.2518532872200012,0.0,0.042797647,0.01204434,1.0006266,0.10868759,0.050629206,3.6418444e-06,-0.01284647,0.013897419,0.010122538,0.019582579,-0.065728106,-0.006807482,0.113625,0.06036845,1.0,,,,,,,,,,,,,,,,,,,,,,,,,,,,,,,,,,,,,,,,,,,
304.0,-0.019727952447517422,0.08583684265613556,0.0006268024444580078,0.24762140214443207,0.0,0.04325275,0.012257459,1.0006266,0.10922498,0.051148303,3.850727e-06,-0.012307882,0.013757229,0.010215044,0.12962037,-0.032356177,0.020412166,0.114,0.06056615,1.0,,,,,,,,,,,,,,,,,,,,,,,,,,,,,,,,,,,,,,,,,,,
305.0,-0.01985443376628123,0.0857805535197258,0.0006268501165322959,0.24338296055793762,0.0,0.04371007,0.012472646,1.0006266,0.10975667,0.051645238,4.158006e-06,-0.012228966,0.013157129,0.010191441,0.020366017,-0.1437973,-0.005882443,0.114375,0.060763836,1.0,,,,,,,,,,,,,,,,,,,,,,,,,,,,,,,,,,,,,,,,,,,
306.0,-0.01998108187550711,0.08572201430797577,0.0006268501165322959,0.2391383796930313,0.0,0.044169504,0.01268989,1.0006266,0.11026375,0.052138567,4.4554654e-06,-0.011690617,0.013016939,0.010283947,0.12957051,-0.03230929,0.020483531,0.11475,0.060961507,1.0,,,,,,,,,,,,,,,,,,,,,,,,,,,,,,,,,,,,,,,,,,,
307.0,-0.02010787801510992,0.08566124737262726,0.0006269216537475586,0.2348882406949997,0.0,0.044631027,0.012909098,1.0006266,0.11076514,0.05260974,4.723923e-06,-0.0116119385,0.012417316,0.010260105,0.020342277,-0.14374058,-0.005960854,0.115125,0.061159164,1.0,,,,,,,,,,,,,,,,,,,,,,,,,,,,,,,,,,,,,,,,,,,
308.0,-0.02023480448830492,0.08559824526309967,0.0006269216537475586,0.23063315451145172,0.0,0.045094535,0.013130253,1.0006267,0.11124192,0.05307732,5.010158e-06,-0.011073589,0.012277365,0.010352373,0.12952062,-0.032262478,0.020554854,0.1155,0.061356805,1.0,,,,,,,,,,,,,,,,,,,,,,,,,,,,,,,,,,,,,,,,,,,
309.0,-0.02036184587735436,0.08553307503461838,0.0006269216537475586,0.22637362778186798,0.0,0.045560006,0.013353265,1.0006267,0.11171303,0.05352276,4.8953584e-06,-0.01099515,0.011677742,0.010328293,0.020318598,-0.14368385,-0.006039204,0.115875,0.06155443,1.0,,,,,,,,,,,,,,,,,,,,,,,,,,,,,,,,,,,,,,,,,,,
310.0,-0.020489224665185955,0.08546578139066696,0.0006269216537475586,0.22211018204689026,0.0,0.046027336,0.013578118,1.0006267,0.112159565,0.053964615,5.2512205e-06,-0.010457039,0.011538029,0.010420322,0.12947069,-0.03221574,0.020626128,0.11625,0.06175204,1.0,,,,,,,,,,,,,,,,,,,,,,,,,,,,,,,,,,,,,,,,,,,
311.0,-0.020616679299052473,0.08539637178182602,0.0006269693258218467,0.21784360706806183,0.0,0.046496507,0.013804719,1.0006267,0.112600446,0.054384343,5.4699826e-06,-0.010378838,0.010938644,0.010395765,0.020294977,-0.1436271,-0.006117494,0.116625,0.061949633,1.0,,,,,,,,,,,,,,,,,,,,,,,,,,,,,,,,,,,,,,,,,,,
312.0,-0.020744195275903782,0.08532486855983734,0.0006270408630371094,0.21357442438602448,0.0,0.04696741,0.014033054,1.0006267,0.113016754,0.0548005,5.7273146e-06,-0.009840965,0.010798931,0.010487795,0.12942074,-0.03216908,0.020697355,0.117,0.062147215,1.0,,,,,,,,,,,,,,,,,,,,,,,,,,,,,,,,,,,,,,,,,,,
313.0,-0.02087190497508141,0.08525123447179794,0.0006270408630371094,0.20930343866348267,0.0,0.047440022,0.014263032,1.0006268,0.11342744,0.05519454,5.951249e-06,-0.009762764,0.010200024,0.010462761,0.020271419,-0.14357035,-0.0061957226,0.117375,0.06234478,1.0,,,,,,,,,,,,,,,,,,,,,,,,,,,,,,,,,,,,,,,,,,,
314.0,-0.020999630199141986,0.0851755440235138,0.0006270408630371094,0.2050313651561737,0.0,0.047914244,0.014494636,1.0006268,0.113813564,0.055585016,5.8192422e-06,-0.009539604,0.010060549,0.0105547905,0.053885963,-0.032912306,0.021538548,0.11775,0.06254233,1.0,,,,,,,,,,,,,,,,,,,,,,,,,,,,,,,,,,,,,,,,,,,
315.0,-0.02112734431115846,0.08509780466556549,0.0006270408630371094,0.20075908303260803,0.0,0.048390053,0.014727829,1.0006268,0.114193946,0.055966254,5.9959875e-06,-0.009776115,0.009461641,0.010529757,-0.05521774,-0.14431858,-0.0054690223,0.118125,0.06273986,1.0,,,,,,,,,,,,,,,,,,,,,,,,,,,,,,,,,,,,,,,,,,,
316.0,-0.02125502512732976,0.08501797914505005,0.0006270408630371094,0.19648735225200653,0.0,0.048867345,0.014962649,1.0006268,0.11454966,0.05635679,6.100123e-06,-0.009552956,0.009322405,0.010621548,0.0538716,-0.03286144,0.021502975,0.1185,0.06293737,1.0,,,,,,,,,,,,,,,,,,,,,,,,,,,,,,,,,,,,,,,,,,,
317.0,-0.021382641838492464,0.08493618667125702,0.000627112400252372,0.19221721589565277,0.0,0.049346093,0.015199058,1.0006268,0.11489964,0.056738086,6.217259e-06,-0.009789467,0.008723736,0.010596037,-0.05520471,-0.14427516,-0.005584492,0.118875,0.06313487,1.0,,,,,,,,,,,,,,,,,,,,,,,,,,,,,,,,,,,,,,,,,,,
318.0,-0.021510163844634143,0.08485234528779984,0.0006271600723266602,0.18794965744018555,0.0,0.049826197,0.015437094,1.0006269,0.115224965,0.05712868,6.31712e-06,-0.0095665455,0.008584499,0.010687828,0.05385787,-0.03280992,0.021539424,0.11925,0.06333236,1.0,,,,,,,,,,,,,,,,,,,,,,,,,,,,,,,,,,,,,,,,,,,
319.0,-0.02163755908858466,0.0847664326429367,0.0006271600723266602,0.183685764670372,0.0,0.05030763,0.015676718,1.0006269,0.11554457,0.05751003,6.063183e-06,-0.009802818,0.007986069,0.010662317,-0.055191036,-0.14423105,-0.005627893,0.119625,0.06352983,1.0,,,,,,,,,,,,,,,,,,,,,,,,,,,,,,,,,,,,,,,,,,,
320.0,-0.02176519368531788,0.08467857539653778,0.0006271600723266602,0.17942675948143005,0.0,0.0507903,0.015917972,1.0006269,0.11583954,0.05790068,6.2318927e-06,-0.009579897,0.007847071,0.01075387,0.05384411,-0.032758426,0.021575844,0.12,0.06372728,1.0,,,,,,,,,,,,,,,,,,,,,,,,,,,,,,,,,,,,,,,,,,,
321.0,-0.021892167735630578,0.08458872139453888,0.0006271839374676347,0.17517395317554474,0.0,0.051274166,0.016160814,1.0006269,0.11612881,0.05828209,6.3255343e-06,-0.009816408,0.008053064,0.01072073,-0.057267092,0.04878038,-0.0075199916,0.120375,0.06392472,1.0,,,,,,,,,,,,,,,,,,,,,,,,,,,,,,,,,,,,,,,,,,,
322.0,-0.022019354993320125,0.08449684083461761,0.0006272316095419228,0.17092876136302948,0.0,0.051759277,0.016405284,1.000627,0.11642633,0.058673143,6.1429523e-06,-0.009593487,0.007801771,0.010813475,0.054143757,-0.059736468,0.021834414,0.12075,0.06412214,1.0,,,,,,,,,,,,,,,,,,,,,,,,,,,,,,,,,,,,,,,,,,,
323.0,-0.022145798340624835,0.08440296351909637,0.0006272316095419228,0.1666925698518753,0.0,0.052245583,0.016651347,1.000627,0.116713546,0.059054907,5.9877684e-06,-0.009829998,0.008007526,0.0107803345,-0.0572629,0.04878532,-0.0075265886,0.121125,0.06431954,1.0,,,,,,,,,,,,,,,,,,,,,,,,,,,,,,,,,,,,,,,,,,,
324.0,-0.0222723567390947,0.08430710434913635,0.0006272792816162109,0.16246727108955383,0.0,0.05273312,0.01689904,1.000627,0.117009014,0.05944632,5.863841e-06,-0.009606838,0.007756233,0.010873079,0.054153077,-0.059724506,0.021834312,0.1215,0.06451694,1.0,,,,,,,,,,,,,,,,,,,,,,,,,,,,,,,,,,,,,,,,,,,
325.0,-0.022398062756170383,0.08420923352241516,0.0006272792816162109,0.15825457870960236,0.0,0.053221848,0.017148325,1.000627,0.11729419,0.059828445,6.062447e-06,-0.009843349,0.007961988,0.010839701,-0.057258714,0.04879026,-0.0075331773,0.121875,0.06471431,1.0,,,,,,,,,,,,,,,,,,,,,,,,,,,,,,,,,,,,,,,,,,,
326.0,-0.02252377165113269,0.084109365940094,0.0006273031467571855,0.15405651926994324,0.0,0.053711794,0.017399242,1.000627,0.11758761,0.06022021,5.855735e-06,-0.009620428,0.0077109337,0.0109324455,0.05416239,-0.059712548,0.021834202,0.12225,0.06491166,1.0,,,,,,,,,,,,,,,,,,,,,,,,,,,,,,,,,,,,,,,,,,,
327.0,-0.02264850007437981,0.08400754630565643,0.0006273508188314736,0.14987535774707794,0.0,0.05420292,0.017651754,1.0006272,0.11787075,0.060602687,6.0734246e-06,-0.009856701,0.007916689,0.010899305,-0.05725453,0.0487952,-0.007539757,0.122625,0.06510901,1.0,,,,,,,,,,,,,,,,,,,,,,,,,,,,,,,,,,,,,,,,,,,
328.0,-0.022773092202875937,0.08390368521213531,0.0006273508188314736,0.14571347832679749,0.0,0.054695264,0.017905898,1.0006272,0.118162125,0.060994804,5.4945863e-06,-0.0096337795,0.007665634,0.01099205,0.054171704,-0.059700597,0.021834088,0.123,0.065306336,1.0,,,,,,,,,,,,,,,,,,,,,,,,,,,,,,,,,,,,,,,,,,,
329.0,-0.022896548365981678,0.083797886967659,0.0006273508188314736,0.14157366752624512,0.0,0.05518878,0.01816164,1.0006272,0.11844322,0.06137763,5.799271e-06,-0.009870052,0.007871389,0.010958672,-0.057250347,0.048800137,-0.0075463285,0.123375,0.06550364,1.0,,,,,,,,,,,,,,,,,,,,,,,,,,,,,,,,,,,,,,,,,,,
330.0,-0.023019698952451265,0.08369005471467972,0.0006273508188314736,0.13745880126953125,0.0,0.055683497,0.018419014,1.0006272,0.118732564,0.0617701,5.568168e-06,-0.009646893,0.0076203346,0.011051416,0.05418101,-0.05968865,0.02183397,0.12375,0.06570093,1.0,,,,,,,,,,,,,,,,,,,,,,,,,,,,,,,,,,,,,,,,,,,
331.0,-0.023141522310248665,0.08358025550842285,0.0006274223560467362,0.13337238132953644,0.0,0.05617938,0.018677987,1.0006272,0.11901163,0.062153272,5.7908924e-06,-0.009883165,0.007826328,0.011018038,-0.057246167,0.048805073,-0.007552891,0.124125,0.06589821,1.0,,,,,,,,,,,,,,,,,,,,,,,,,,,,,,,,,,,,,,,,,,,
332.0,-0.02326282456342947,0.083468496799469,0.0006274223560467362,0.12931807339191437,0.0,0.05667646,0.018938595,1.0006273,0.11929894,0.06254609,5.5792793e-06,-0.009660244,0.007575035,0.011110783,0.05419031,-0.059676707,0.021833844,0.1245,0.066095464,1.0,,,,,,,,,,,,,,,,,,,,,,,,,,,,,,,,,,,,,,,,,,,
333.0,-0.02338256720307295,0.08335474133491516,0.0006274700281210244,0.12529999017715454,0.0,0.05717469,0.019200802,1.0006273,0.11957597,0.0629296,5.4291822e-06,-0.009896517,0.007781267,0.011077404,-0.057241995,0.04881001,-0.007559445,0.124875,0.06629271,1.0,,,,,,,,,,,,,,,,,,,,,,,,,,,,,,,,,,,,,,,,,,,
334.0,-0.023501524661357326,0.08323906362056732,0.0006274700281210244,0.12132282555103302,0.0,0.057674114,0.019464647,1.0006273,0.11986125,0.06332276,5.305328e-06,-0.009673357,0.007529974,0.011170149,0.05419961,-0.05966477,0.021833714,0.12525,0.066489935,1.0,,,,,,,,,,,,,,,,,,,,,,,,,,,,,,,,,,,,,,,,,,,
335.0,-0.023618625759023192,0.08312134444713593,0.0006274700281210244,0.11739175766706467,0.0,0.05817468,0.019730091,1.0006273,0.12013626,0.06370662,5.502191e-06,-0.00990963,0.007736206,0.01113677,-0.05723782,0.048814945,-0.0075659906,0.125625,0.066687144,1.0,,,,,,,,,,,,,,,,,,,,,,,,,,,,,,,,,,,,,,,,,,,
336.0,-0.023734611161354068,0.08300168812274933,0.000627493835054338,0.11351265758275986,0.0,0.05867643,0.019997174,1.0006273,0.12041952,0.06410012,5.2971554e-06,-0.00968647,0.007484913,0.011229515,0.0542089,-0.05965284,0.02183358,0.126,0.06688434,1.0,,,,,,,,,,,,,,,,,,,,,,,,,,,,,,,,,,,,,,,,,,,
337.0,-0.02384836374011034,0.08288004249334335,0.000627493835054338,0.10969220846891403,0.0,0.059179313,0.020265859,1.0006274,0.1206925,0.06448432,5.5127284e-06,-0.009922743,0.007691145,0.0111961365,-0.05723365,0.048819877,-0.0075725275,0.126375,0.06708151,1.0,,,,,,,,,,,,,,,,,,,,,,,,,,,,,,,,,,,,,,,,,,,
338.0,-0.02396057870203518,0.08275643736124039,0.000627541565336287,0.10593778640031815,0.0,0.05968337,0.020536184,1.0006274,0.12097373,0.06487815,4.935654e-06,-0.009699583,0.00744009,0.011288881,0.054218188,-0.059640914,0.02183344,0.12675,0.06727867,1.0,,,,,,,,,,,,,,,,,,,,,,,,,,,,,,,,,,,,,,,,,,,
339.0,-0.10406506685226488,0.08266033232212067,0.0006051063537597656,0.1024077832698822,1.0,0.060188558,0.020808114,1.0006274,0.12124469,0.06526268,5.2382047e-06,-0.009935856,0.007646084,0.011255503,-0.057229485,0.048824813,-0.0075790556,0.127125,0.06747581,1.0,,,,,,,,,,,,,,,,,,,,,,,,,,,,,,,,,,,,,,,,,,,
