step,reward,mean_form_error_m,mean_z_error_m,min_dyn_distance_m,collision_flag,x_m,y_m,z_m,vx_mps,vy_mps,vz_mps,roll_rad,pitch_rad,yaw_rad,wx_rps,wy_rps,wz_rps,x_des_m,y_des_m,z_des_m,ic_pos_jitter_d0_x_m,ic_pos_jitter_d0_y_m,ic_pos_jitter_d0_z_m,ic_yaw_jitter_d0_rad,ic_vel_jitter_d0_x_mps,ic_vel_jitter_d0_y_mps,ic_vel_jitter_d0_z_mps,ic_pos_jitter_d1_x_m,ic_pos_jitter_d1_y_m,ic_pos_jitter_d1_z_m,ic_yaw_jitter_d1_rad,ic_vel_jitter_d1_x_mps,ic_vel_jitter_d1_y_mps,ic_vel_jitter_d1_z_mps,ic_pos_jitter_d2_x_m,ic_pos_jitter_d2_y_m,ic_pos_jitter_d2_z_m,ic_yaw_jitter_d2_rad,ic_vel_jitter_d2_x_mps,ic_vel_jitter_d2_y_mps,ic_vel_jitter_d2_z_mps,ic_pos_jitter_d3_x_m,ic_pos_jitter_d3_y_m,ic_pos_jitter_d3_z_m,ic_yaw_jitter_d3_rad,ic_vel_jitter_d3_x_mps,ic_vel_jitter_d3_y_mps,ic_vel_jitter_d3_z_mps,ic_pos_jitter_d4_x_m,ic_pos_jitter_d4_y_m,ic_pos_jitter_d4_z_m,ic_yaw_jitter_d4_rad,ic_vel_jitter_d4_x_mps,ic_vel_jitter_d4_y_mps,ic_vel_jitter_d4_z_mps,ic_obstacle_jitter_x_m,ic_obstacle_jitter_y_m,ic_obstacle_jitter_z_m,ic_dynamic_jitter_x_m,ic_dynamic_jitter_y_m,ic_dynamic_jitter_z_m,ic_disable_dynamic_flag,ic_chase_mode
,,,,,,,,,,,,,,,,,,,,,0.17946377521712786,0.00626521550596143,-0.0908538799957199,0.1839503837054518,-0.1564081031786147,-0.0005601131683536098,-0.07938227095186226,0.0675319173882768,0.06148242308138541,0.1088685170657584,-0.08595188977514656,-0.060009704641411726,0.15965978724301017,0.031081912033216946,-0.26127594193319226,-0.10374534565409568,0.0926712190767624,0.02235622967741807,-0.14109452246921214,-0.09726084153975534,-0.15852615317002955,0.03255688389026801,0.1425573263354959,0.1756205555860283,-0.3225820991986769,0.18775997588421162,0.035363146066064666,-0.06863047073019973,0.07218253718589951,-0.2894929438747286,-0.1104809550834484,-0.11299229140065331,0.1871604887781892,-0.07080160949934686,0.0003350760812190212,0.27406450886507006,-0.09018495471249216,0.029010583954090063,-0.2641223706690292,-0.13049289315603296,0.22703295943960977,0.0,random
0.0,-0.002218375372835882,0.0004959194920957088,0.000255584716796875,0.9543001651763916,0.0,0.0,0.0,1.0002553,0.0,0.0,5.7008616e-05,0.0,0.0,0.0,0.0,0.0,0.0,0.0,0.0,1.0,,,,,,,,,,,,,,,,,,,,,,,,,,,,,,,,,,,,,,,,,,,
1.0,-0.002221495376376091,0.0008876658976078033,0.00025582313537597656,0.9542748332023621,0.0,0.0,0.0,1.0002556,0.0,0.0,5.6412668e-05,0.0,0.0,0.0,0.0,0.0,0.0,0.000375,0.0002,1.0,,,,,,,,,,,,,,,,,,,,,,,,,,,,,,,,,,,,,,,,,,,
2.0,-0.002223457302630199,0.001300399424508214,0.0002560615539550781,0.9542366862297058,0.0,0.0,0.0,1.0002558,0.0,0.0,5.581672e-05,-0.00012803078,0.00023984909,0.0,-0.030714178,0.057589088,0.0,0.00075,0.00039999993,1.0,,,,,,,,,,,,,,,,,,,,,,,,,,,,,,,,,,,,,,,,,,,
3.0,-0.0022260963811132125,0.0017191499937325716,0.0002562999725341797,0.954185962677002,0.0,4.086667e-08,2.1795557e-08,1.0002561,9.808001e-06,5.2309338e-06,5.5219265e-05,0.00020241737,2.1457672e-05,0.0,0.07927969,-0.052410748,-1.2316217e-05,0.001125,0.0005999998,1.0,,,,,,,,,,,,,,,,,,,,,,,,,,,,,,,,,,,,,,,,,,,
4.0,-0.0022287522398835792,0.0021402710117399693,0.00025653839111328125,0.9541222453117371,0.0,8.5399506e-08,9.123255e-09,1.0002563,1.0687881e-05,-3.0413523e-06,5.462434e-05,7.43866e-05,0.00026154518,1.1920929e-06,-0.03072544,0.05758821,0.00028527447,0.0015,0.00079999946,1.0,,,,,,,,,,,,,,,,,,,,,,,,,,,,,,,,,,,,,,,,,,,
5.0,-0.0022314196669320618,0.0025627105496823788,0.0002567768096923828,0.9540456533432007,0.0,1.7446382e-07,-1.6206144e-08,1.0002565,2.1375436e-05,-6.0790558e-06,5.402749e-05,0.00040459633,4.3153763e-05,-2.4080276e-05,0.07926684,-0.05241106,-0.0060845534,0.001875,0.000999999,1.0,,,,,,,,,,,,,,,,,,,,,,,,,,,,,,,,,,,,,,,,,,,
6.0,-0.002234094624497539,0.00298581481911242,0.0002568960189819336,0.9539562463760376,0.0,2.708571e-07,-1.1044042e-07,1.0002568,2.3134384e-05,-2.2616225e-05,5.342988e-05,0.00027656555,0.00028300285,7.224083e-05,-0.030735558,0.05757703,0.023127267,0.00225,0.0011999982,1.0,,,,,,,,,,,,,,,,,,,,,,,,,,,,,,,,,,,,,,,,,,,
7.0,-0.002236777365738545,0.003409427823498845,0.00025713443756103516,0.9538540244102478,0.0,4.154415e-07,-2.517518e-07,1.0002569,3.4700257e-05,-3.391473e-05,5.2834508e-05,0.0006067753,6.4611435e-05,4.673004e-05,0.07925311,-0.052409466,-0.0061006187,0.002625,0.0013999972,1.0,,,,,,,,,,,,,,,,,,,,,,,,,,,,,,,,,,,,,,,,,,,
8.0,-0.002239465832907263,0.003833350259810686,0.0002573728561401367,0.9537388682365417,0.0,5.710141e-07,-4.9637214e-07,1.0002571,3.7337424e-05,-5.8708887e-05,5.2601947e-05,0.0004787445,0.00030446053,0.00014328957,-0.030756464,0.057564907,0.023135802,0.003,0.0015999958,1.0,,,,,,,,,,,,,,,,,,,,,,,,,,,,,,,,,,,,,,,,,,,
9.0,-0.002242160007797611,0.004257525317370892,0.0002576112747192383,0.9536106586456299,0.0,7.784308e-07,-8.224503e-07,1.0002574,4.9780014e-05,-7.825875e-05,5.192172e-05,0.0008087158,8.606911e-05,0.00011777878,0.079239376,-0.052407872,-0.006116672,0.003375,0.0017999939,1.0,,,,,,,,,,,,,,,,,,,,,,,,,,,,,,,,,,,,,,,,,,,
10.0,-0.002244859403948613,0.004681860096752644,0.00025784969329833984,0.9534693956375122,0.0,1.0004882e-06,-1.2862006e-06,1.0002576,5.3293777e-05,-0.00011130007,5.1338622e-05,0.00068068504,0.0003259182,0.00021409988,-0.030777361,0.05755279,0.023144327,0.00375,0.0019999917,1.0,,,,,,,,,,,,,,,,,,,,,,,,,,,,,,,,,,,,,,,,,,,
11.0,-0.002247563354960039,0.005106356460601091,0.0002579689025878906,0.9533151388168335,0.0,1.2780364e-06,-1.8657505e-06,1.0002578,6.661157e-05,-0.00013909198,5.074154e-05,0.0010106564,0.00010752678,0.0001885891,0.07922566,-0.052406278,-0.006132712,0.004125,0.0021999888,1.0,,,,,,,,,,,,,,,,,,,,,,,,,,,,,,,,,,,,,,,,,,,
12.0,-0.0022502720902051816,0.005530980881303549,0.0002582073211669922,0.9531477093696594,0.0,1.5738713e-06,-2.6172975e-06,1.000258,7.100038e-05,-0.00018037125,5.0136387e-05,0.00088238716,0.00034737587,0.00028514862,-0.030798247,0.057540674,0.02315284,0.0045,0.0023999857,1.0,,,,,,,,,,,,,,,,,,,,,,,,,,,,,,,,,,,,,,,,,,,
13.0,-0.0022529866058583164,0.005955735687166452,0.00025844573974609375,0.9529672265052795,0.0,1.9288375e-06,-3.5189478e-06,1.0002582,8.5191896e-05,-0.0002163961,4.9913266e-05,0.0012123585,0.00012874603,0.00025963783,0.07921194,-0.052404687,-0.0061487397,0.004875,0.0025999816,1.0,,,,,,,,,,,,,,,,,,,,,,,,,,,,,,,,,,,,,,,,,,,
14.0,-0.0022557047213165797,0.006380598060786724,0.0002586841583251953,0.9527735710144043,0.0,2.3057298e-06,-4.6268806e-06,1.0002584,9.0454174e-05,-0.00026590386,4.921779e-05,0.0010840893,0.00036859512,0.00035619736,-0.030819124,0.05752856,0.023161342,0.00525,0.002799977,1.0,,,,,,,,,,,,,,,,,,,,,,,,,,,,,,,,,,,,,,,,,,,
15.0,-0.002258428183333673,0.006805581506341696,0.0002588033676147461,0.9525666832923889,0.0,2.7453866e-06,-5.9191793e-06,1.0002587,0.000105517596,-0.00031015163,4.8648795e-05,0.0014138222,0.0001502037,0.00033044815,0.079198234,-0.052403096,-0.0061647547,0.005625,0.0029999719,1.0,,,,,,,,,,,,,,,,,,,,,,,,,,,,,,,,,,,,,,,,,,,
16.0,-0.0022611561659032307,0.0072306557558476925,0.00025904178619384766,0.9523465633392334,0.0,3.2106022e-06,-7.452007e-06,1.0002588,0.00011165178,-0.0003678787,4.8031994e-05,0.001285553,0.00038981438,0.00042700768,-0.030839989,0.057516444,0.023169836,0.006,0.003199966,1.0,,,,,,,,,,,,,,,,,,,,,,,,,,,,,,,,,,,,,,,,,,,
17.0,-0.0022638894592564617,0.0076558589935302734,0.0002592802047729492,0.952113151550293,0.0,3.7422099e-06,-9.203427e-06,1.000259,0.0001275858,-0.0004203408,4.7813315e-05,0.0016152859,0.00017142296,0.00040125847,0.07918454,-0.052401505,-0.0061807567,0.006375,0.003399959,1.0,,,,,,,,,,,,,,,,,,,,,,,,,,,,,,,,,,,,,,,,,,,
18.0,-0.0022666268329747255,0.008081154897809029,0.0002593994140625,0.9518663287162781,0.0,4.3030027e-06,-1.1229584e-05,1.0002593,0.00013459029,-0.00048627754,4.7111742e-05,0.0014867783,0.00041103363,0.000497818,-0.030860843,0.05750433,0.023178317,0.00675,0.0035999515,1.0,,,,,,,,,,,,,,,,,,,,,,,,,,,,,,,,,,,,,,,,,,,
19.0,-0.0022693692793000087,0.00850658304989338,0.00025963783264160156,0.9516061544418335,0.0,4.933807e-06,-1.3508516e-05,1.0002594,0.00015139305,-0.0005469437,4.654589e-05,0.0018167496,0.00019264221,0.0004720688,0.079170845,-0.052399915,-0.0061967466,0.007125,0.0037999428,1.0,,,,,,,,,,,,,,,,,,,,,,,,,,,,,,,,,,,,,,,,,,,
20.0,-0.002272116062052375,0.008932111784815788,0.00025975704193115234,0.9513325691223145,0.0,5.597417e-06,-1.6096355e-05,1.0002596,0.00015926638,-0.0006210817,4.629124e-05,0.0016880035,0.00043225288,0.0005686283,-0.030881688,0.05749222,0.023186788,0.0075,0.003999933,1.0,,,,,,,,,,,,,,,,,,,,,,,,,,,,,,,,,,,,,,,,,,,
21.0,-0.002274848654879407,0.009357767179608345,0.0002599954605102539,0.951045572757721,0.0,6.334652e-06,-1.8971117e-05,1.0002598,0.00017693639,-0.0006899428,4.562131e-05,0.0020177364,0.00021362305,0.0005428791,0.07915716,-0.052398328,-0.006212724,0.007875,0.004199923,1.0,,,,,,,,,,,,,,,,,,,,,,,,,,,,,,,,,,,,,,,,,,,
22.0,-0.0022776028726136247,0.009783533401787281,0.00026023387908935547,0.9507449865341187,0.0,7.1083055e-06,-2.2188917e-05,1.00026,0.00018567691,-0.000772272,4.538858e-05,0.0018892288,0.00045323372,0.00063943863,-0.030902522,0.057480104,0.023195248,0.00825,0.004399911,1.0,,,,,,,,,,,,,,,,,,,,,,,,,,,,,,,,,,,,,,,,,,,
23.0,-0.0022803032123254537,0.0102094616740942,0.00026035308837890625,0.9504308700561523,0.0,7.959192e-06,-2.5727746e-05,1.0002602,0.00020421264,-0.0008493188,4.471436e-05,0.0022187233,0.00023460388,0.0006136894,0.07914348,-0.05239674,-0.0062286886,0.008625,0.0045998986,1.0,,,,,,,,,,,,,,,,,,,,,,,,,,,,,,,,,,,,,,,,,,,
24.0,-0.002281572625570335,0.010635469108819962,0.0002605915069580078,0.950103223323822,0.0,8.850103e-06,-2.9643701e-05,1.0002604,0.00021381868,-0.00093982904,4.411219e-05,0.0020902157,0.00047421455,0.00071024895,-0.030923344,0.057467997,0.023203699,0.009,0.0047998847,1.0,,,,,,,,,,,,,,,,,,,,,,,,,,,,,,,,,,,,,,,,,,,
25.0,-0.002285104883384702,0.011061626486480236,0.0002607107162475586,0.9497618675231934,0.0,9.821848e-06,-3.3914755e-05,1.0002606,0.00023321877,-0.0010250532,4.38935e-05,0.0018246174,0.00025558472,0.00068449974,-0.063700296,-0.052496616,-0.006176906,0.009375,0.00499987,1.0,,,,,,,,,,,,,,,,,,,,,,,,,,,,,,,,,,,,,,,,,,,
26.0,-0.0022863916232698104,0.011487873271107674,0.00026094913482666016,0.9494068026542664,0.0,1.0837147e-05,-3.849563e-05,1.0002607,0.00024367186,-0.0010994102,4.3233485e-05,0.0020172596,0.0004951954,0.00078105927,0.04623217,0.05752559,0.023158185,0.00975,0.0051998533,1.0,,,,,,,,,,,,,,,,,,,,,,,,,,,,,,,,,,,,,,,,,,,
27.0,-0.002289939837489512,0.01191423088312149,0.00026106834411621094,0.949038028717041,0.0,1.1936846e-05,-4.341907e-05,1.000261,0.00026392774,-0.0011816248,4.3001695e-05,0.0017518997,0.00027680397,0.00075531006,-0.063698806,-0.05249727,-0.006175543,0.010125,0.0053998358,1.0,,,,,,,,,,,,,,,,,,,,,,,,,,,,,,,,,,,,,,,,,,,
28.0,-0.002291241809842905,0.012340651825070381,0.0002613067626953125,0.948655366897583,0.0,1.3083664e-05,-4.863979e-05,1.0002611,0.00027523638,-0.0012529733,4.234416e-05,0.0019445419,0.0005161762,0.0008518696,0.046226494,0.057534847,0.023149235,0.0105,0.0055998173,1.0,,,,,,,,,,,,,,,,,,,,,,,,,,,,,,,,,,,,,,,,,,,
29.0,-0.002294807401340222,0.012767198495566845,0.0002614259719848633,0.9482587575912476,0.0,1.4318452e-05,-5.4190536e-05,1.0002613,0.0002963489,-0.0013321791,4.211216e-05,0.0016789436,0.0002977848,0.00082588196,-0.06369731,-0.052497927,-0.0061741755,0.010875,0.005799797,1.0,,,,,,,,,,,,,,,,,,,,,,,,,,,,,,,,,,,,,,,,,,,
30.0,-0.0022961246978295095,0.013193801045417786,0.00026166439056396484,0.9478482604026794,0.0,1.5603926e-05,-6.0026035e-05,1.0002614,0.000308514,-0.0014005195,4.1454066e-05,0.0018718243,0.0005373955,0.0009224415,0.046220824,0.057544097,0.023140285,0.01125,0.005999775,1.0,,,,,,,,,,,,,,,,,,,,,,,,,,,,,,,,,,,,,,,,,,,
31.0,-0.0022997064641516775,0.013620510697364807,0.0002617835998535156,0.9474236965179443,0.0,1.6980943e-05,-6.617902e-05,1.0002617,0.00033048406,-0.0014767167,4.1222564e-05,0.001606226,0.00031876564,0.0008966923,-0.06369582,-0.052498586,-0.006172803,0.011625,0.0061997515,1.0,,,,,,,,,,,,,,,,,,,,,,,,,,,,,,,,,,,,,,,,,,,
32.0,-0.002301040200560238,0.014047278091311455,0.0002619028091430664,0.9469851851463318,0.0,1.841222e-05,-7.260423e-05,1.0002618,0.0003435065,-0.0015420496,4.0563755e-05,0.0017991066,0.0005583763,0.0009930134,0.04621515,0.057553343,0.023131333,0.012,0.006399727,1.0,,,,,,,,,,,,,,,,,,,,,,,,,,,,,,,,,,,,,,,,,,,
33.0,-0.0023046376298356346,0.01447409950196743,0.00026214122772216797,0.9465324878692627,0.0,1.9938616e-05,-7.9334386e-05,1.0002619,0.00036633504,-0.0016152387,4.0332783e-05,0.0015332699,0.0003399849,0.0009672642,-0.06369433,-0.052499242,-0.0061714263,0.012375,0.0065997005,1.0,,,,,,,,,,,,,,,,,,,,,,,,,,,,,,,,,,,,,,,,,,,
34.0,-0.002305987076688689,0.014901014044880867,0.00026226043701171875,0.9460656642913818,0.0,2.1522848e-05,-8.6324246e-05,1.0002621,0.0003802158,-0.001677565,4.004118e-05,0.0017261505,0.00057959557,0.0010635853,0.046209484,0.057562586,0.02312238,0.01275,0.0067996723,1.0,,,,,,,,,,,,,,,,,,,,,,,,,,,,,,,,,,,,,,,,,,,
35.0,-0.0023096010266592222,0.015327963046729565,0.0002624988555908203,0.9455845952033997,0.0,2.320578e-05,-9.360652e-05,1.0002623,0.0004039034,-0.0017477459,3.9356437e-05,0.0014605522,0.00036120415,0.0010378361,-0.06369284,-0.0524999,-0.0061700447,0.013125,0.0069996426,1.0,,,,,,,,,,,,,,,,,,,,,,,,,,,,,,,,,,,,,,,,,,,
36.0,-0.002310966128706791,0.01575499027967453,0.0002626180648803711,0.9450892806053162,0.0,2.4950126e-05,-0.000101135956,1.0002625,0.00041864332,-0.0018070657,3.9170765e-05,0.0016534328,0.0006008148,0.0011341572,0.046203814,0.057571825,0.023113424,0.0135,0.007199611,1.0,,,,,,,,,,,,,,,,,,,,,,,,,,,,,,,,,,,,,,,,,,,
37.0,-0.0023145949482815966,0.01618204452097416,0.0002627372741699219,0.944579541683197,0.0,2.6796757e-05,-0.000108945285,1.0002626,0.00044319115,-0.0018742394,3.846152e-05,0.0013875961,0.0003824234,0.001108408,-0.063691355,-0.052500557,-0.0061686584,0.013875,0.007399578,1.0,,,,,,,,,,,,,,,,,,,,,,,,,,,,,,,,,,,,,,,,,,,
38.0,-0.0023159764364079904,0.016609160229563713,0.00026297569274902344,0.9440553784370422,0.0,2.8708386e-05,-0.00011698926,1.0002627,0.0004587911,-0.0019305531,3.8281e-05,0.0015804768,0.0006220341,0.0012047291,0.046198152,0.057581056,0.023104465,0.01425,0.007599543,1.0,,,,,,,,,,,,,,,,,,,,,,,,,,,,,,,,,,,,,,,,,,,
39.0,-0.002319620459919866,0.017036309465765953,0.0002630949020385742,0.9435167908668518,0.0,3.0725885e-05,-0.00012530059,1.000263,0.00048420022,-0.001994721,3.7938837e-05,0.0013148785,0.00040364265,0.0011789799,-0.063689865,-0.052501217,-0.0061672674,0.014625,0.0077995057,1.0,,,,,,,,,,,,,,,,,,,,,,,,,,,,,,,,,,,,,,,,,,,
40.0,-0.0023209958150226242,0.017463505268096924,0.000263214111328125,0.9429636597633362,0.0,3.2811975e-05,-0.00013383405,1.0002631,0.0005006609,-0.0020480284,3.7303605e-05,0.0015075207,0.0006432533,0.001275301,0.04619249,0.057590287,0.023095505,0.015,0.007999467,1.0,,,,,,,,,,,,,,,,,,,,,,,,,,,,,,,,,,,,,,,,,,,
41.0,-0.002324634311354036,0.017890702933073044,0.0002633333206176758,0.9423959851264954,0.0,3.5007524e-05,-0.00014262235,1.0002632,0.0005269321,-0.0021091902,3.7068567e-05,0.0012419224,0.0004248619,0.0012493134,-0.06368838,-0.052501872,-0.006165872,0.015375,0.008199425,1.0,,,,,,,,,,,,,,,,,,,,,,,,,,,,,,,,,,,,,,,,,,,
42.0,-0.002325986135174772,0.018317963927984238,0.00026357173919677734,0.9418137073516846,0.0,3.727525e-05,-0.00015162023,1.0002633,0.00054425467,-0.0021594928,3.677551e-05,0.001434803,0.000664711,0.0013456345,0.046186827,0.05759951,0.023086544,0.01575,0.008399382,1.0,,,,,,,,,,,,,,,,,,,,,,,,,,,,,,,,,,,,,,,,,,,
43.0,-0.002329631669455581,0.01874522492289543,0.0002636909484863281,0.941216766834259,0.0,3.965604e-05,-0.00016086044,1.0002636,0.00057138875,-0.0022176488,3.6460504e-05,0.0011689663,0.00044631958,0.0013198853,-0.0636869,-0.05250253,-0.0061644716,0.016125,0.008599337,1.0,,,,,,,,,,,,,,,,,,,,,,,,,,,,,,,,,,,,,,,,,,,
44.0,-0.0023309913110192123,0.019172517582774162,0.0002638101577758789,0.940605103969574,0.0,4.2112595e-05,-0.0001702977,1.0002637,0.0005895738,-0.0022649465,3.581769e-05,0.0013618469,0.00068616867,0.0014162064,0.046181172,0.05760873,0.023077581,0.0165,0.00879929,1.0,,,,,,,,,,,,,,,,,,,,,,,,,,,,,,,,,,,,,,,,,,,
45.0,-0.002334644511964924,0.01959981769323349,0.0002639293670654297,0.9399785399436951,0.0,4.468581e-05,-0.00017996479,1.0002638,0.0006175717,-0.0023200975,3.558516e-05,0.0010962486,0.00046777725,0.0013902187,-0.06368542,-0.05250319,-0.006163067,0.016875,0.008999241,1.0,,,,,,,,,,,,,,,,,,,,,,,,,,,,,,,,,,,,,,,,,,,
46.0,-0.0023360116864758872,0.02002709172666073,0.00026416778564453125,0.9393371343612671,0.0,4.7338395e-05,-0.0001898164,1.0002639,0.0006366205,-0.002364391,3.529032e-05,0.0012888908,0.0007073879,0.0014865398,0.046175513,0.057617947,0.023068618,0.01725,0.009199189,1.0,,,,,,,,,,,,,,,,,,,,,,,,,,,,,,,,,,,,,,,,,,,
47.0,-0.002339672608929755,0.020454416051506996,0.00026428699493408203,0.93868088722229,0.0,5.0111244e-05,-0.00019988531,1.0002642,0.00066548295,-0.0024165374,3.4976456e-05,0.0010232925,0.0004889965,0.0014607906,-0.06368394,-0.052503847,-0.0061616576,0.017625,0.009399135,1.0,,,,,,,,,,,,,,,,,,,,,,,,,,,,,,,,,,,,,,,,,,,
48.0,-0.002341047105440607,0.02088170126080513,0.0002644062042236328,0.9380096197128296,0.0,5.2967058e-05,-0.00021012627,1.0002643,0.000685396,-0.0024578269,3.4332177e-05,0.0012159348,0.0007288456,0.0015568733,0.046169862,0.05762716,0.023059651,0.018,0.009599078,1.0,,,,,,,,,,,,,,,,,,,,,,,,,,,,,,,,,,,,,,,,,,,
49.0,-0.002344715803061379,0.021309033036231995,0.0002645254135131836,0.9373233318328857,0.0,5.5946744e-05,-0.00022057196,1.0002644,0.00071512413,-0.002506969,3.4100718e-05,0.00095033646,0.0005104542,0.0015311241,-0.06368246,-0.052504506,-0.0061602434,0.018375,0.009799019,1.0,,,,,,,,,,,,,,,,,,,,,,,,,,,,,,,,,,,,,,,,,,,
50.0,-0.0023460978483113275,0.021736282855272293,0.0002646446228027344,0.9366218447685242,0.0,5.9013004e-05,-0.0002311772,1.0002645,0.00073590263,-0.0025452557,3.3804423e-05,0.0011429787,0.00075030327,0.0016272068,0.046164207,0.057636365,0.023050683,0.01875,0.009998959,1.0,,,,,,,,,,,,,,,,,,,,,,,,,,,,,,,,,,,,,,,,,,,
51.0,-0.0023497744248890777,0.022163573652505875,0.00026488304138183594,0.9359053373336792,0.0,6.2206745e-05,-0.00024197467,1.0002646,0.0007664971,-0.0025913941,3.3491633e-05,0.0008773804,0.00053215027,0.0016014576,-0.063680984,-0.052505165,-0.006158825,0.019125,0.010198895,1.0,,,,,,,,,,,,,,,,,,,,,,,,,,,,,,,,,,,,,,,,,,,
52.0,-0.002351163550454862,0.022590825334191322,0.0002650022506713867,0.9351735711097717,0.0,6.549067e-05,-0.00025291916,1.0002649,0.00078814186,-0.002626678,3.3213826e-05,0.0010700226,0.00077199936,0.0016975403,0.04615856,0.05764557,0.023041712,0.0195,0.010398828,1.0,,,,,,,,,,,,,,,,,,,,,,,,,,,,,,,,,,,,,,,,,,,
53.0,-0.0023548464945054607,0.023018058389425278,0.0002651214599609375,0.9344266057014465,0.0,6.890568e-05,-0.0002640434,1.000265,0.0008196033,-0.0026698126,3.252913e-05,0.0008044243,0.00055360794,0.0016717911,-0.06367951,-0.052505825,-0.0061574015,0.019875,0.010598759,1.0,,,,,,,,,,,,,,,,,,,,,,,,,,,,,,,,,,,,,,,,,,,
54.0,-0.002356243509467785,0.023445241153240204,0.0002652406692504883,0.9336643815040588,0.0,7.241449e-05,-0.0002753021,1.0002651,0.0008421152,-0.0027020944,3.233804e-05,0.0009970665,0.00079345703,0.0017678738,0.046152912,0.05765477,0.02303274,0.02025,0.010798688,1.0,,,,,,,,,,,,,,,,,,,,,,,,,,,,,,,,,,,,,,,,,,,
55.0,-0.0023599342293692672,0.023872431367635727,0.00026535987854003906,0.9328868389129639,0.0,7.6058015e-05,-0.00028672806,1.0002652,0.0008744451,-0.0027422267,3.2001277e-05,0.0007312298,0.0005750656,0.0017418861,-0.06367803,-0.052506484,-0.0061559738,0.020625,0.010998613,1.0,,,,,,,,,,,,,,,,,,,,,,,,,,,,,,,,,,,,,,,,,,,
56.0,-0.0023613377348758046,0.024299535900354385,0.00026547908782958984,0.9320937395095825,0.0,7.979895e-05,-0.000298276,1.0002654,0.0008978249,-0.0027715063,3.17279e-05,0.0009241104,0.0008151531,0.0018379688,0.046147265,0.057663962,0.023023767,0.021,0.0111985365,1.0,,,,,,,,,,,,,,,,,,,,,,,,,,,,,,,,,,,,,,,,,,,
57.0,-0.0023650350253336485,0.02472660318017006,0.0002655982971191406,0.9312852025032043,0.0,8.367822e-05,-0.00030997864,1.0002655,0.00093102385,-0.0028086365,3.141082e-05,0.0006582737,0.0005967617,0.0018122196,-0.06367656,-0.052507143,-0.006154541,0.021375,0.011398457,1.0,,,,,,,,,,,,,,,,,,,,,,,,,,,,,,,,,,,,,,,,,,,
58.0,-0.0023664457433224327,0.025153642520308495,0.0002657175064086914,0.930461049079895,0.0,8.765852e-05,-0.0003217908,1.0002656,0.00095527247,-0.002834915,3.1132222e-05,0.0008511543,0.0008368492,0.0019083023,0.046141624,0.057673153,0.023014791,0.02175,0.011598374,1.0,,,,,,,,,,,,,,,,,,,,,,,,,,,,,,,,,,,,,,,,,,,
59.0,-0.0023701502479621145,0.02558061107993126,0.0002658367156982422,0.9296213388442993,0.0,9.178078e-05,-0.00033374515,1.0002657,0.0009893414,-0.0028690433,3.0816725e-05,0.0005853176,0.0006184578,0.0018823147,-0.06367509,-0.052507803,-0.006153104,0.022125,0.011798289,1.0,,,,,,,,,,,,,,,,,,,,,,,,,,,,,,,,,,,,,,,,,,,
60.0,-0.0023715679036347206,0.026007551699876785,0.00026595592498779297,0.9287661910057068,0.0,9.6007694e-05,-0.0003457965,1.0002658,0.0010144598,-0.0028923207,3.053716e-05,0.0007779598,0.0008585453,0.0019783974,0.04613598,0.05768234,0.023005815,0.0225,0.0119982,1.0,,,,,,,,,,,,,,,,,,,,,,,,,,,,,,,,,,,,,,,,,,,
61.0,-0.0023752791920688444,0.02643440291285515,0.00026607513427734375,0.9278953671455383,0.0,0.00010038019,-0.00035797752,1.000266,0.0010493995,-0.0029234479,3.0222252e-05,0.0005123615,0.0006401539,0.0019526482,-0.06367362,-0.052508462,-0.006151662,0.022875,0.012198108,1.0,,,,,,,,,,,,,,,,,,,,,,,,,,,,,,,,,,,,,,,,,,,
62.0,-0.0023769359898942253,0.02686118707060814,0.0002663135528564453,0.9270086288452148,0.0,0.00010486097,-0.00037024304,1.0002661,0.0010753884,-0.0029437249,2.9941948e-05,0.00070500374,0.0008802414,0.0020484924,0.046130344,0.05769152,0.022996835,0.02325,0.012398014,1.0,,,,,,,,,,,,,,,,,,,,,,,,,,,,,,,,,,,,,,,,,,,
63.0,-0.002380885668333302,0.027287885546684265,0.0002664327621459961,0.9261062741279602,0.0,0.000109490975,-0.00038262576,1.0002663,0.0011111998,-0.0029718513,2.9627576e-05,0.00043916702,0.0007531643,0.0020227432,-0.06371702,-0.030597068,-0.0061347685,0.023625,0.012597917,1.0,,,,,,,,,,,,,,,,,,,,,,,,,,,,,,,,,,,,,,,,,,,
64.0,-0.0023825485042896946,0.02771448716521263,0.0002665519714355469,0.9251880049705505,0.0,0.00011424844,-0.00039508042,1.0002664,0.0011417918,-0.0029891208,2.8975976e-05,0.00063180923,0.0010845661,0.002118826,0.04608284,0.07960774,0.02299324,0.024,0.012797816,1.0,,,,,,,,,,,,,,,,,,,,,,,,,,,,,,,,,,,,,,,,,,,
65.0,-0.002386504992146318,0.028140973299741745,0.00026667118072509766,0.9242537617683411,0.0,0.00011918985,-0.00040763972,1.0002666,0.001185938,-0.0030142316,2.8744365e-05,0.00036621094,0.000957489,0.0020930767,-0.063719876,-0.030607967,-0.006123377,0.024375,0.012997712,1.0,,,,,,,,,,,,,,,,,,,,,,,,,,,,,,,,,,,,,,,,,,,
66.0,-0.0023881742161141447,0.02856733277440071,0.00026679039001464844,0.9233036041259766,0.0,0.00012429344,-0.0004202584,1.0002667,0.0012248614,-0.003028486,2.8441531e-05,0.00055885315,0.0012888908,0.002188921,0.04607819,0.0796067,0.022974115,0.02475,0.013197605,1.0,,,,,,,,,,,,,,,,,,,,,,,,,,,,,,,,,,,,,,,,,,,
67.0,-0.0023921363122498384,0.02899348735809326,0.00026679039001464844,0.9223374724388123,0.0,0.00012961567,-0.00043296916,1.0002668,0.0012773364,-0.0030505804,2.8125847e-05,0.00029301643,0.0011618137,0.0021631718,-0.06372272,-0.03061886,-0.006111983,0.025125,0.013397493,1.0,,,,,,,,,,,,,,,,,,,,,,,,,,,,,,,,,,,,,,,,,,,
68.0,-0.002393810470195709,0.02941948175430298,0.0002669095993041992,0.921355128288269,0.0,0.00013513477,-0.00044572674,1.0002668,0.0013245853,-0.003061819,2.7843022e-05,0.00048565865,0.0014932156,0.002259016,0.04607354,0.07960566,0.022954993,0.0255,0.013597379,1.0,,,,,,,,,,,,,,,,,,,,,,,,,,,,,,,,,,,,,,,,,,,
69.0,-0.0023977785611211055,0.02984529361128807,0.00026702880859375,0.9203565716743469,0.0,0.00014090721,-0.0004585638,1.0002669,0.0013853841,-0.003080897,2.7888378e-05,0.00022006035,0.0013661385,0.0022332668,-0.06372556,-0.030629748,-0.006100587,0.025875,0.013797263,1.0,,,,,,,,,,,,,,,,,,,,,,,,,,,,,,,,,,,,,,,,,,,
70.0,-0.002399458545630724,0.030270863324403763,0.0002671480178833008,0.9193418622016907,0.0,0.00014691117,-0.00047143514,1.000267,0.0014409525,-0.003089119,2.7521059e-05,0.00041270256,0.0016973019,0.002329111,0.046068892,0.07960462,0.022935877,0.02625,0.013997142,1.0,,,,,,,,,,,,,,,,,,,,,,,,,,,,,,,,,,,,,,,,,,,
71.0,-0.002403432576112432,0.03069625236093998,0.00026726722717285156,0.9183110594749451,0.0,0.00015320313,-0.0004843734,1.0002671,0.0015100683,-0.0031051794,2.7216136e-05,0.00014686584,0.0015702248,0.002303362,-0.0637284,-0.030640632,-0.006089189,0.026625,0.014197018,1.0,,,,,,,,,,,,,,,,,,,,,,,,,,,,,,,,,,,,,,,,,,,
72.0,-0.0024051174352926427,0.031121324747800827,0.00026738643646240234,0.9172638058662415,0.0,0.00015976126,-0.0004973333,1.0002673,0.0015739509,-0.0031103846,2.6931319e-05,0.00033950806,0.0019013882,0.0023992062,0.046064243,0.079603575,0.022916762,0.027,0.01439689,1.0,,,,,,,,,,,,,,,,,,,,,,,,,,,,,,,,,,,,,,,,,,,
73.0,-0.0024090958832120525,0.031546175479888916,0.0002675056457519531,0.9162003397941589,0.0,0.000166642,-0.0005103476,1.0002674,0.0016513783,-0.003123427,2.660484e-05,7.367134e-05,0.0017743111,0.0023732185,-0.06373122,-0.03065151,-0.006077789,0.027375,0.014596758,1.0,,,,,,,,,,,,,,,,,,,,,,,,,,,,,,,,,,,,,,,,,,,
74.0,-0.0024109255738268944,0.03197070583701134,0.0002676248550415039,0.9151203036308289,0.0,0.00017382354,-0.000523371,1.0002675,0.0017235692,-0.0031256145,2.6325351e-05,0.00026631355,0.002105713,0.0024690628,0.046059597,0.07960253,0.022897653,0.02775,0.014796623,1.0,,,,,,,,,,,,,,,,,,,,,,,,,,,,,,,,,,,,,,,,,,,
75.0,-0.0024147685929153946,0.032394956797361374,0.0002677440643310547,0.9140238165855408,0.0,0.00018136231,-0.00053643616,1.0002676,0.0018093028,-0.0031356383,2.5995434e-05,4.7683716e-07,0.0019786358,0.0024433136,-0.063734055,-0.030662384,-0.0060663866,0.028125,0.014996485,1.0,,,,,,,,,,,,,,,,,,,,,,,,,,,,,,,,,,,,,,,,,,,
76.0,-0.002416971886770786,0.03281884267926216,0.00026786327362060547,0.9129108786582947,0.0,0.00018923645,-0.00054949784,1.0002677,0.0018897962,-0.0031348076,2.5717021e-05,0.00019335747,0.0023097992,0.0025389194,0.046054948,0.07960149,0.022878546,0.0285,0.015196342,1.0,,,,,,,,,,,,,,,,,,,,,,,,,,,,,,,,,,,,,,,,,,,
77.0,-0.002420449726990229,0.03324243053793907,0.00026798248291015625,0.911781370639801,0.0,0.0001975024,-0.00056258874,1.0002679,0.00198383,-0.0031418123,2.5384667e-05,-7.271767e-05,0.0021824837,0.0025131702,-0.06373687,-0.030673254,-0.006054982,0.028875,0.015396195,1.0,,,,,,,,,,,,,,,,,,,,,,,,,,,,,,,,,,,,,,,,,,,
78.0,-0.002423029015874005,0.033665627241134644,0.00026810169219970703,0.9106351733207703,0.0,0.00020613833,-0.0005756636,1.000268,0.0020726204,-0.0031379627,2.5107094e-05,0.000120162964,0.002513647,0.002608776,0.0460503,0.079600446,0.022859445,0.02925,0.015596046,1.0,,,,,,,,,,,,,,,,,,,,,,,,,,,,,,,,,,,,,,,,,,,
79.0,-0.0024261994324836665,0.03408845514059067,0.00026810169219970703,0.9094724655151367,0.0,0.00021520062,-0.000588755,1.0002681,0.0021749488,-0.0031419476,2.4772358e-05,-0.00014591217,0.00238657,0.002583027,-0.06373969,-0.030684117,-0.0060435752,0.029625,0.015795892,1.0,,,,,,,,,,,,,,,,,,,,,,,,,,,,,,,,,,,,,,,,,,,
80.0,-0.002429092680650087,0.03451089933514595,0.0002682209014892578,0.9082930088043213,0.0,0.00022466741,-0.00060181785,1.0002681,0.0022720303,-0.0031350786,2.449561e-05,4.696846e-05,0.0027177334,0.0026786327,0.04604565,0.0795994,0.022840345,0.03,0.015995733,1.0,,,,,,,,,,,,,,,,,,,,,,,,,,,,,,,,,,,,,,,,,,,
81.0,-0.0024321261910369265,0.034932881593704224,0.0002683401107788086,0.907096803188324,0.0,0.0002345951,-0.0006148847,1.0002682,0.0023826486,-0.0031360432,2.4526427e-05,-0.00021910667,0.0025906563,0.0026528835,-0.063742496,-0.030694976,-0.0060321665,0.030375,0.016195571,1.0,,,,,,,,,,,,,,,,,,,,,,,,,,,,,,,,,,,,,,,,,,,
82.0,-0.0024351633355726553,0.03535447269678116,0.0002684593200683594,0.9058839082717896,0.0,0.00024496185,-0.00062791037,1.0002683,0.0024880152,-0.0031261542,2.4164126e-05,-2.6226044e-05,0.0029218197,0.0027484894,0.046041004,0.07959836,0.022821251,0.03075,0.016395405,1.0,,,,,,,,,,,,,,,,,,,,,,,,,,,,,,,,,,,,,,,,,,,
83.0,-0.0024381999801976893,0.0357755646109581,0.00026857852935791016,0.9046540260314941,0.0,0.000255824,-0.0006409274,1.0002685,0.002606916,-0.0031240978,2.3844916e-05,-0.00029230118,0.0027945042,0.0027227402,-0.063745305,-0.030705832,-0.0060207555,0.031125,0.016595235,1.0,,,,,,,,,,,,,,,,,,,,,,,,,,,,,,,,,,,,,,,,,,,
84.0,-0.002441239768362551,0.036196235567331314,0.00026869773864746094,0.9034074544906616,0.0,0.00026715966,-0.0006538907,1.0002686,0.0027205625,-0.003111188,2.356506e-05,-9.942055e-05,0.0031256676,0.0028181076,0.046036355,0.07959732,0.022802161,0.0315,0.016795062,1.0,,,,,,,,,,,,,,,,,,,,,,,,,,,,,,,,,,,,,,,,,,,
85.0,-0.0024442787036684614,0.03661636635661125,0.00026869773864746094,0.9021438956260681,0.0,0.00027902526,-0.00066683284,1.0002687,0.0028477407,-0.0031061103,2.3224313e-05,-0.00036549568,0.002998352,0.0027923584,-0.06374811,-0.030716682,-0.006009342,0.031875,0.016994882,1.0,,,,,,,,,,,,,,,,,,,,,,,,,,,,,,,,,,,,,,,,,,,
86.0,-0.0024473213576063557,0.03703603893518448,0.0002688169479370117,0.9008634686470032,0.0,0.00029139884,-0.00067970855,1.0002687,0.0029696613,-0.0030901793,2.294978e-05,-0.00017285347,0.0033295155,0.0028879642,0.04603171,0.07959627,0.022783075,0.03225,0.0171947,1.0,,,,,,,,,,,,,,,,,,,,,,,,,,,,,,,,,,,,,,,,,,,
87.0,-0.002450362766144137,0.03745514526963234,0.0002689361572265625,0.8995659351348877,0.0,0.0003043368,-0.00069255056,1.0002688,0.0031051124,-0.003082079,2.297353e-05,-0.0004386902,0.0032022,0.0028619766,-0.0637509,-0.030727526,-0.005997927,0.032625,0.017394513,1.0,,,,,,,,,,,,,,,,,,,,,,,,,,,,,,,,,,,,,,,,,,,
88.0,-0.002453407261260312,0.037873733788728714,0.0002690553665161133,0.8982515335083008,0.0,0.00031781723,-0.0007053136,1.0002689,0.0032353008,-0.0030631265,2.2613693e-05,-0.00024604797,0.0035333633,0.0029575825,0.04602706,0.07959523,0.02276399,0.033,0.01759432,1.0,,,,,,,,,,,,,,,,,,,,,,,,,,,,,,,,,,,,,,,,,,,
89.0,-0.002456449719841441,0.038291722536087036,0.00026917457580566406,0.8969200849533081,0.0,0.00033189647,-0.00071803026,1.000269,0.0033790169,-0.0030520037,2.2287364e-05,-0.0005121231,0.0034060478,0.0029315948,-0.06375369,-0.030738367,-0.0059865094,0.033375,0.017794127,1.0,,,,,,,,,,,,,,,,,,,,,,,,,,,,,,,,,,,,,,,,,,,
90.0,-0.002459495277573039,0.03870915621519089,0.00026917457580566406,0.8955715894699097,0.0,0.00034655258,-0.0007306554,1.0002692,0.0035174682,-0.0030300287,2.2009981e-05,-0.00031924248,0.0037369728,0.0030272007,0.046022415,0.07959419,0.02274491,0.03375,0.017993925,1.0,,,,,,,,,,,,,,,,,,,,,,,,,,,,,,,,,,,,,,,,,,,
91.0,-0.0024625396499291237,0.03912597522139549,0.00026929378509521484,0.8942059278488159,0.0,0.00036184193,-0.00074322155,1.0002692,0.0036694445,-0.0030158826,2.1662116e-05,-0.0005853176,0.0036096573,0.003001213,-0.06375647,-0.030749202,-0.00597509,0.034125,0.018193722,1.0,,,,,,,,,,,,,,,,,,,,,,,,,,,,,,,,,,,,,,,,,,,
92.0,-0.0024655871492126743,0.03954217582941055,0.0002694129943847656,0.8928232789039612,0.0,0.00037774257,-0.0007556836,1.0002693,0.003816154,-0.0029908842,2.1757982e-05,-0.00039243698,0.0039408207,0.0030965805,0.046017766,0.079593144,0.022725835,0.0345,0.018393511,1.0,,,,,,,,,,,,,,,,,,,,,,,,,,,,,,,,,,,,,,,,,,,
93.0,-0.0024686318653200042,0.03995776176452637,0.0002695322036743164,0.8914234638214111,0.0,0.00039431086,-0.00076807407,1.0002694,0.0039763846,-0.0029737141,2.1320315e-05,-0.0006585121,0.0038135052,0.0030708313,-0.06375926,-0.030760031,-0.005963668,0.034875,0.018593298,1.0,,,,,,,,,,,,,,,,,,,,,,,,,,,,,,,,,,,,,,,,,,,
94.0,-0.002471679408108012,0.04037265479564667,0.0002695322036743164,0.8900065422058105,0.0,0.0004115248,-0.0007803478,1.0002695,0.004131344,-0.0029456925,2.1069603e-05,-0.0004658699,0.00414443,0.0031661987,0.04601312,0.0795921,0.022706764,0.03525,0.01879308,1.0,,,,,,,,,,,,,,,,,,,,,,,,,,,,,,,,,,,,,,,,,,,
95.0,-0.0024747245510178444,0.040786921977996826,0.0002696514129638672,0.8885724544525146,0.0,0.00042944073,-0.00079253735,1.0002695,0.004299824,-0.002925498,2.0711124e-05,-0.00073194504,0.0040171146,0.003140211,-0.06376203,-0.030770857,-0.0059522446,0.035625,0.018992856,1.0,,,,,,,,,,,,,,,,,,,,,,,,,,,,,,,,,,,,,,,,,,,
96.0,-0.002477772743916096,0.04120045155286789,0.00026977062225341797,0.8871212005615234,0.0,0.00044803668,-0.00080459757,1.0002697,0.0044630305,-0.0028944518,2.0810015e-05,-0.0005390644,0.0043480396,0.0032355785,0.046008475,0.07959105,0.022687696,0.036,0.019192629,1.0,,,,,,,,,,,,,,,,,,,,,,,,,,,,,,,,,,,,,,,,,,,
97.0,-0.002480817388987316,0.04161330312490463,0.00026977062225341797,0.8856527805328369,0.0,0.00046736898,-0.00081656105,1.0002698,0.004639753,-0.0028712323,2.0367286e-05,-0.00080537796,0.004220724,0.0032098293,-0.0637648,-0.030781677,-0.0059408187,0.036375,0.019392395,1.0,,,,,,,,,,,,,,,,,,,,,,,,,,,,,,,,,,,,,,,,,,,
98.0,-0.002483864977410662,0.042025402188301086,0.00026988983154296875,0.8841670155525208,0.0,0.00048741564,-0.00082838256,1.0002698,0.0048111975,-0.0028371618,2.0118297e-05,-0.00061249733,0.004551649,0.0033049583,0.046003826,0.07959001,0.022668632,0.03675,0.019592158,1.0,,,,,,,,,,,,,,,,,,,,,,,,,,,,,,,,,,,,,,,,,,,
99.0,-0.0024869094885350525,0.04243677109479904,0.00027000904083251953,0.882664144039154,0.0,0.000508233,-0.0008400947,1.0002699,0.0049961596,-0.0028109162,2.0122992e-05,-0.00087857246,0.0044243336,0.0032792091,-0.06376757,-0.030792493,-0.005929391,0.037125,0.019791916,1.0,,,,,,,,,,,,,,,,,,,,,,,,,,,,,,,,,,,,,,,,,,,
100.0,-0.0024899556479956496,0.04284738376736641,0.0002700805780477822,0.8811440467834473,0.0,0.00052979897,-0.0008516523,1.00027,0.005175838,-0.0027738204,1.976923e-05,-0.00068593025,0.0047552586,0.0033743382,0.04599918,0.079588965,0.022649571,0.0375,0.019991668,1.0,,,,,,,,,,,,,,,,,,,,,,,,,,,,,,,,,,,,,,,,,,,
101.0,-0.0024929991314642905,0.04325718805193901,0.0002701282501220703,0.8796066045761108,0.0,0.0005521699,-0.0008630879,1.0002701,0.0053690304,-0.0027445487,1.9428422e-05,-0.0009520054,0.004627943,0.003348589,-0.06377033,-0.030803304,-0.005917961,0.037875,0.020191416,1.0,,,,,,,,,,,,,,,,,,,,,,,,,,,,,,,,,,,,,,,,,,,
102.0,-0.0024960446174046367,0.043666210025548935,0.0002702474594116211,0.8780521154403687,0.0,0.0005753238,-0.00087435637,1.0002701,0.005556937,-0.002704427,1.9156038e-05,-0.00075912476,0.004958868,0.003443718,0.045994535,0.07958792,0.022630515,0.03825,0.020391157,1.0,,,,,,,,,,,,,,,,,,,,,,,,,,,,,,,,,,,,,,,,,,,
103.0,-0.0024990861069587355,0.044074393808841705,0.0002702474594116211,0.876480221748352,0.0,0.00059931696,-0.0008854902,1.0002702,0.0057583572,-0.0026721284,1.916188e-05,-0.0010254383,0.004831314,0.0034177303,-0.06377309,-0.030814111,-0.0059065283,0.038625,0.020590896,1.0,,,,,,,,,,,,,,,,,,,,,,,,,,,,,,,,,,,,,,,,,,,
104.0,-0.0025021292172005185,0.04448176175355911,0.0002703666687011719,0.8748911023139954,0.0,0.00062412734,-0.0008964443,1.0002702,0.005954486,-0.0026289802,1.880838e-05,-0.0008325577,0.005162239,0.0035128593,0.04598989,0.07958688,0.022611462,0.039,0.020790627,1.0,,,,,,,,,,,,,,,,,,,,,,,,,,,,,,,,,,,,,,,,,,,
105.0,-0.0025051685522451744,0.04488825052976608,0.00027048587799072266,0.8732848167419434,0.0,0.0006498112,-0.0009072512,1.0002704,0.0061641266,-0.0025936542,1.8831095e-05,-0.0010988712,0.005034685,0.0034871101,-0.06377584,-0.030824913,-0.005895094,0.039375,0.020990355,1.0,,,,,,,,,,,,,,,,,,,,,,,,,,,,,,,,,,,,,,,,,,,
106.0,-0.002508209238919025,0.045293889939785004,0.00027048587799072266,0.8716612458229065,0.0,0.0006763465,-0.0009178657,1.0002705,0.0063684722,-0.002547479,1.8473904e-05,-0.0009059906,0.00536561,0.0035822392,0.04598524,0.07958583,0.022592412,0.03975,0.021190077,1.0,,,,,,,,,,,,,,,,,,,,,,,,,,,,,,,,,,,,,,,,,,,
107.0,-0.002511246124190428,0.0456986203789711,0.00027060508728027344,0.8700205087661743,0.0,0.0007037895,-0.0009283204,1.0002705,0.0065863254,-0.0025091253,1.8127386e-05,-0.0011723042,0.005238056,0.0035562515,-0.06377859,-0.030835709,-0.005883658,0.040125,0.021389794,1.0,,,,,,,,,,,,,,,,,,,,,,,,,,,,,,,,,,,,,,,,,,,
108.0,-0.002514284019854273,0.046102460473775864,0.0002707242965698242,0.8683624267578125,0.0,0.0007321182,-0.00093857007,1.0002706,0.0067988844,-0.0024599219,1.8225068e-05,-0.0009794235,0.005568981,0.0036513805,0.045980595,0.079584785,0.022573369,0.0405,0.021589505,1.0,,,,,,,,,,,,,,,,,,,,,,,,,,,,,,,,,,,,,,,,,,,
109.0,-0.002517316904746844,0.04650535434484482,0.0002707242965698242,0.8666871190071106,0.0,0.0007613888,-0.0009486473,1.0002707,0.0070249457,-0.0024185397,1.7769598e-05,-0.0012457371,0.005441427,0.003625393,-0.06378133,-0.0308465,-0.0058722193,0.040875,0.02178921,1.0,,,,,,,,,,,,,,,,,,,,,,,,,,,,,,,,,,,,,,,,,,,
110.0,-0.0025203516963367453,0.04690731316804886,0.000270843505859375,0.8649947047233582,0.0,0.00079157925,-0.00095850695,1.0002707,0.0072457083,-0.0023663088,1.7525197e-05,-0.0010528564,0.005772352,0.003720522,0.04597595,0.07958374,0.022554327,0.04125,0.02198891,1.0,,,,,,,,,,,,,,,,,,,,,,,,,,,,,,,,,,,,,,,,,,,
111.0,-0.002523381442697201,0.047308292239904404,0.0002709627151489258,0.8632850050926208,0.0,0.00082274585,-0.0009681815,1.0002708,0.007479975,-0.002321897,1.7515791e-05,-0.00131917,0.0056447983,0.0036945343,-0.06378406,-0.030857287,-0.0058607785,0.041625,0.022188606,1.0,,,,,,,,,,,,,,,,,,,,,,,,,,,,,,,,,,,,,,,,,,,
112.0,-0.002526411574462414,0.04770829901099205,0.0002709627151489258,0.8615581393241882,0.0,0.0008548664,-0.0009776258,1.000271,0.0077089365,-0.0022666375,1.716694e-05,-0.0011262894,0.0059757233,0.0037896633,0.045971304,0.07958269,0.022535289,0.042,0.022388294,1.0,,,,,,,,,,,,,,,,,,,,,,,,,,,,,,,,,,,,,,,,,,,
113.0,-0.002529436834596327,0.0481073223054409,0.00027108192443847656,0.8598142266273499,0.0,0.0008879972,-0.0009868725,1.000271,0.007951399,-0.0022191964,1.6811964e-05,-0.0013926029,0.0058481693,0.0037636757,-0.0637868,-0.03086807,-0.005849336,0.042375,0.022587977,1.0,,,,,,,,,,,,,,,,,,,,,,,,,,,,,,,,,,,,,,,,,,,
114.0,-0.002532461967070566,0.04850528761744499,0.00027108192443847656,0.8580529689788818,0.0,0.0009221162,-0.0009958763,1.0002711,0.008188557,-0.002160907,1.6912425e-05,-0.0011997223,0.006178856,0.0038585663,0.04596666,0.07958165,0.022516254,0.04275,0.022787657,1.0,,,,,,,,,,,,,,,,,,,,,,,,,,,,,,,,,,,,,,,,,,,
115.0,-0.002535482409893824,0.0489022433757782,0.00027120113372802734,0.8562746047973633,0.0,0.0009572796,-0.0010046697,1.0002711,0.00843921,-0.0021104359,1.6449807e-05,-0.0014660358,0.006051302,0.0038325787,-0.063789524,-0.030878847,-0.005837891,0.043125,0.022987328,1.0,,,,,,,,,,,,,,,,,,,,,,,,,,,,,,,,,,,,,,,,,,,
116.0,-0.002538502882799799,0.04929813742637634,0.00027120113372802734,0.8544792532920837,0.0,0.0009934652,-0.0010132077,1.0002712,0.008684556,-0.0020491164,1.6575803e-05,-0.0012733936,0.006382227,0.0039274693,0.045962013,0.079580605,0.022497226,0.0435,0.023186995,1.0,,,,,,,,,,,,,,,,,,,,,,,,,,,,,,,,,,,,,,,,,,,
117.0,-0.0025415175909828404,0.049692973494529724,0.0002713203430175781,0.8526667356491089,0.0,0.0010307294,-0.0010215228,1.0002712,0.008943395,-0.0019956147,1.6105027e-05,-0.0015397072,0.0062544346,0.00390172,-0.06379224,-0.03088962,-0.005826444,0.043875,0.023386655,1.0,,,,,,,,,,,,,,,,,,,,,,,,,,,,,,,,,,,,,,,,,,,
118.0,-0.0025445323551169024,0.05008668452501297,0.0002714395523071289,0.8508371710777283,0.0,0.0010690499,-0.0010295698,1.0002713,0.009196923,-0.0019312649,1.6233202e-05,-0.0013468266,0.0065853596,0.0039966106,0.045957368,0.079579554,0.022478199,0.04425,0.02358631,1.0,,,,,,,,,,,,,,,,,,,,,,,,,,,,,,,,,,,,,,,,,,,
119.0,-0.002547540926887395,0.050479333847761154,0.0002714395523071289,0.8489906191825867,0.0,0.001108483,-0.0010373811,1.0002714,0.009463942,-0.0018747319,1.5759751e-05,-0.0016131401,0.006457567,0.003970623,-0.06379496,-0.030900387,-0.0058149947,0.044625,0.02378596,1.0,,,,,,,,,,,,,,,,,,,,,,,,,,,,,,,,,,,,,,,,,,,
120.0,-0.002550549665622693,0.05087081715464592,0.0002715587615966797,0.8471270799636841,0.0,0.0011490065,-0.0010449117,1.0002714,0.009725644,-0.0018073517,1.5520898e-05,-0.0014202595,0.006788492,0.0040655136,0.045952722,0.07957851,0.022459175,0.045,0.023985602,1.0,,,,,,,,,,,,,,,,,,,,,,,,,,,,,,,,,,,,,,,,,,,
121.0,-0.0025535514343875392,0.05126117914915085,0.0002715587615966797,0.8452464938163757,0.0,0.0011906767,-0.0010521942,1.0002716,0.010000841,-0.0017477862,1.5499367e-05,-0.001686573,0.0066607,0.004039526,-0.063797675,-0.03091115,-0.0058035436,0.045375,0.02418524,1.0,,,,,,,,,,,,,,,,,,,,,,,,,,,,,,,,,,,,,,,,,,,
122.0,-0.002556553184620809,0.05165036395192146,0.00027167797088623047,0.8433489203453064,0.0,0.0012334713,-0.0010591833,1.0002716,0.010270713,-0.0016773748,1.515469e-05,-0.0014939308,0.0069913864,0.004134178,0.045948077,0.07957746,0.022440158,0.04575,0.024384871,1.0,,,,,,,,,,,,,,,,,,,,,,,,,,,,,,,,,,,,,,,,,,,
123.0,-0.002559547691261979,0.05203836411237717,0.00027167797088623047,0.8414344787597656,0.0,0.0012774466,-0.0010659115,1.0002717,0.010554078,-0.0016147769,1.515584e-05,-0.0017602444,0.0068638325,0.0041081905,-0.06380038,-0.030921908,-0.0057920907,0.046125,0.024584496,1.0,,,,,,,,,,,,,,,,,,,,,,,,,,,,,,,,,,,,,,,,,,,
124.0,-0.002562542220931204,0.052425168454647064,0.00027179718017578125,0.8395031690597534,0.0,0.0013225805,-0.0010723337,1.0002717,0.010832115,-0.0015413336,1.4806106e-05,-0.0015673637,0.007194519,0.004203081,0.04594343,0.07957642,0.022421142,0.0465,0.024784114,1.0,,,,,,,,,,,,,,,,,,,,,,,,,,,,,,,,,,,,,,,,,,,
125.0,-0.0025655289576218595,0.052810750901699066,0.00027179718017578125,0.8375552296638489,0.0,0.0013689289,-0.0010784825,1.0002718,0.011123642,-0.0014757029,1.4806281e-05,-0.0018339157,0.0070667267,0.0041770935,-0.063803084,-0.030932661,-0.0057806354,0.046875,0.024983726,1.0,,,,,,,,,,,,,,,,,,,,,,,,,,,,,,,,,,,,,,,,,,,
126.0,-0.002568515158033809,0.05319514125585556,0.00027191638946533203,0.8355904817581177,0.0,0.0014164699,-0.0010843126,1.0002718,0.011409839,-0.001399227,1.4457042e-05,-0.0016410351,0.0073974133,0.0042717457,0.04593879,0.07957537,0.022402132,0.04725,0.025183333,1.0,,,,,,,,,,,,,,,,,,,,,,,,,,,,,,,,,,,,,,,,,,,
127.0,-0.0025714942402117105,0.05357822775840759,0.00027191638946533203,0.8336091041564941,0.0,0.0014652596,-0.0010898566,1.0002719,0.011709523,-0.0013305628,1.445494e-05,-0.0019073486,0.007269621,0.004245758,-0.06380578,-0.030943409,-0.005769178,0.047625,0.025382934,1.0,,,,,,,,,,,,,,,,,,,,,,,,,,,,,,,,,,,,,,,,,,,
128.0,-0.0025744716107829403,0.05396006256341934,0.0002720355987548828,0.8316107988357544,0.0,0.0015152758,-0.0010950693,1.0002719,0.0120038735,-0.001251054,1.4106502e-05,-0.0017147064,0.007600546,0.00434041,0.045934144,0.079574324,0.022383124,0.048,0.025582528,1.0,,,,,,,,,,,,,,,,,,,,,,,,,,,,,,,,,,,,,,,,,,,
129.0,-0.0025774414195292856,0.05434062331914902,0.0002720355987548828,0.8295961022377014,0.0,0.0015665746,-0.0010999833,1.000272,0.012311708,-0.0011793559,1.4102055e-05,-0.00198102,0.007472515,0.0043144226,-0.06380847,-0.030954152,-0.0057577183,0.048375,0.025782114,1.0,,,,,,,,,,,,,,,,,,,,,,,,,,,,,,,,,,,,,,,,,,,
130.0,-0.0025804098775585893,0.05471985414624214,0.0002721548080444336,0.8275647163391113,0.0,0.0016191337,-0.0011045533,1.000272,0.0126142055,-0.0010968135,1.3754431e-05,-0.0017881393,0.00780344,0.004409075,0.0459295,0.07957327,0.022364119,0.04875,0.025981696,1.0,,,,,,,,,,,,,,,,,,,,,,,,,,,,,,,,,,,,,,,,,,,
131.0,-0.0025833702158553277,0.055097758769989014,0.0002721548080444336,0.8255168795585632,0.0,0.0016730095,-0.001108812,1.0002722,0.012930186,-0.0010220809,1.37476345e-05,-0.0020546913,0.0076754093,0.004383087,-0.06381116,-0.03096489,-0.005746257,0.049125,0.02618127,1.0,,,,,,,,,,,,,,,,,,,,,,,,,,,,,,,,,,,,,,,,,,,
132.0,-0.002586328901148669,0.05547434091567993,0.0002722740173339844,0.8234525918960571,0.0,0.0017281796,-0.0011127142,1.0002722,0.013240825,-0.00093650457,1.340083e-05,-0.0018618107,0.008006096,0.0044777393,0.045924854,0.07957223,0.02234512,0.0495,0.026380837,1.0,,,,,,,,,,,,,,,,,,,,,,,,,,,,,,,,,,,,,,,,,,,
133.0,-0.0025892791275695256,0.05584956333041191,0.0002722740173339844,0.821371853351593,0.0,0.0017847002,-0.0011162922,1.0002723,0.013564945,-0.00085873704,1.3391683e-05,-0.0021283627,0.0078783035,0.0044517517,-0.06381384,-0.030975625,-0.0057347934,0.049875,0.026580399,1.0,,,,,,,,,,,,,,,,,,,,,,,,,,,,,,,,,,,,,,,,,,,
134.0,-0.0025922274955630514,0.05622338503599167,0.000272345554549247,0.8192746639251709,0.0,0.0018425491,-0.0011195011,1.0002723,0.013883719,-0.0007701261,1.3045696e-05,-0.001935482,0.00820899,0.004546404,0.04592021,0.07957118,0.022326123,0.05025,0.026779953,1.0,,,,,,,,,,,,,,,,,,,,,,,,,,,,,,,,,,,,,,,,,,,
135.0,-0.002595167908108423,0.056595832109451294,0.00027239322662353516,0.8171613812446594,0.0,0.0019017822,-0.0011223733,1.0002724,0.014215973,-0.00068932323,1.30342005e-05,-0.002202034,0.008080959,0.0045204163,-0.06381652,-0.030986354,-0.0057233274,0.050625,0.026979502,1.0,,,,,,,,,,,,,,,,,,,,,,,,,,,,,,,,,,,,,,,,,,,
136.0,-0.0025981054640145935,0.056966833770275116,0.00027239322662353516,0.8150317072868347,0.0,0.0019623777,-0.0011248635,1.0002724,0.014542878,-0.00059767725,1.268903e-05,-0.0020103455,0.008411646,0.00461483,0.045644384,0.07956891,0.022309324,0.051,0.027179042,1.0,,,,,,,,,,,,,,,,,,,,,,,,,,,,,,,,,,,,,,,,,,,
137.0,-0.0026011016804602994,0.05733645707368851,0.00027251243591308594,0.8128860592842102,0.0,0.0020243912,-0.0011270044,1.0002724,0.014883259,-0.0005137922,1.2675096e-05,-0.002277851,0.0082838535,0.0045888424,-0.06409031,-0.030998357,-0.005709544,0.051375,0.027378578,1.0,,,,,,,,,,,,,,,,,,,,,,,,,,,,,,,,,,,,,,,,,,,
138.0,-0.0026040946882984585,0.057704560458660126,0.00027251243591308594,0.810724139213562,0.0,0.0020878008,-0.0011287503,1.0002725,0.0152182905,-0.00041901754,1.2698562e-05,-0.0020878315,0.00861454,0.004683256,0.045261994,0.07956614,0.02229334,0.05175,0.027578104,1.0,,,,,,,,,,,,,,,,,,,,,,,,,,,,,,,,,,,,,,,,,,,
139.0,-0.0026070786378843895,0.05807127431035042,0.0002726316452026367,0.8085463643074036,0.0,0.0021526623,-0.0011301334,1.0002725,0.015566789,-0.00033194036,1.2227907e-05,-0.002357006,0.008486509,0.0046572685,-0.064470634,-0.03101093,-0.005694646,0.052125,0.027777625,1.0,,,,,,,,,,,,,,,,,,,,,,,,,,,,,,,,,,,,,,,,,,,
140.0,-0.002610059543264887,0.05843643099069595,0.0002726316452026367,0.8063525557518005,0.0,0.0022189538,-0.0011311079,1.0002726,0.015909938,-0.00023390845,1.2358649e-05,-0.0021669865,0.008817196,0.0047516823,0.04525765,0.079565145,0.022274058,0.0525,0.027977139,1.0,,,,,,,,,,,,,,,,,,,,,,,,,,,,,,,,,,,,,,,,,,,
141.0,-0.002613040997083447,0.0588001012802124,0.00027270318241789937,0.8041427731513977,0.0,0.002286731,-0.0011317062,1.0002726,0.01626655,-0.00014357359,1.1860695e-05,-0.002436161,0.008689165,0.0047256947,-0.06447299,-0.031021751,-0.005682877,0.052875,0.028176645,1.0,,,,,,,,,,,,,,,,,,,,,,,,,,,,,,,,,,,,,,,,,,,
142.0,-0.002616018496700799,0.059162210673093796,0.0002727508544921875,0.8019171357154846,0.0,0.0023559718,-0.0011318824,1.0002728,0.016617812,-4.228435e-05,1.1998039e-05,-0.0022649765,0.009019852,0.0048201084,0.040714156,0.0795427,0.022294221,0.05325,0.028376145,1.0,,,,,,,,,,,,,,,,,,,,,,,,,,,,,,,,,,,,,,,,,,,
143.0,-0.002628706180851596,0.05952281877398491,0.0002727508544921875,0.7996760010719299,0.0,0.0024267326,-0.0011316653,1.0002728,0.01698253,5.2081632e-05,1.1494677e-05,-0.0025529861,0.008891821,0.004794121,-0.069013424,-0.031054908,-0.00562958,0.053625,0.028575638,1.0,,,,,,,,,,,,,,,,,,,,,,,,,,,,,,,,,,,,,,,,,,,
144.0,-0.0026993838997791363,0.059881798923015594,0.0002728700637817383,0.7974188923835754,0.0,0.0024989904,-0.0011310063,1.0002728,0.01734189,0.00015817437,1.1631312e-05,-0.0023818016,0.009222269,0.0048885345,0.040711917,0.07954204,0.022272862,0.054,0.028775124,1.0,,,,,,,,,,,,,,,,,,,,,,,,,,,,,,,,,,,,,,,,,,,
145.0,-0.0027705140783612675,0.06023923307657242,0.0002728700637817383,0.7951463460922241,0.0,0.0025728017,-0.001129934,1.0002729,0.017714705,0.00025734477,1.1494118e-05,-0.0026700497,0.009094238,0.0048623085,-0.06901362,-0.031066472,-0.005615729,0.054375,0.028974602,1.0,,,,,,,,,,,,,,,,,,,,,,,,,,,,,,,,,,,,,,,,,,,
146.0,-0.002842108920865887,0.06059502437710762,0.00027294160099700093,0.7928581833839417,0.0,0.002648144,-0.0011283997,1.0002729,0.018082153,0.00036823866,1.1176582e-05,-0.0024988651,0.009424925,0.0049567223,0.040709674,0.07954138,0.022251507,0.05475,0.029174073,1.0,,,,,,,,,,,,,,,,,,,,,,,,,,,,,,,,,,,,,,,,,,,
147.0,-0.002914155119602732,0.0609491765499115,0.00027298927307128906,0.7905546426773071,0.0,0.0027250734,-0.0011264322,1.000273,0.01846306,0.00047221177,1.1144081e-05,-0.0027871132,0.009296894,0.0049307346,-0.06901382,-0.031078028,-0.0056018773,0.055125,0.029373536,1.0,,,,,,,,,,,,,,,,,,,,,,,,,,,,,,,,,,,,,,,,,,,
148.0,-0.002986659574014789,0.06130169704556465,0.00027298927307128906,0.7882356643676758,0.0,0.0028035676,-0.0011239826,1.000273,0.018838592,0.00058790686,1.0801665e-05,-0.0026156902,0.009627342,0.00502491,0.040707435,0.079540715,0.022230158,0.0555,0.029572992,1.0,,,,,,,,,,,,,,,,,,,,,,,,,,,,,,,,,,,,,,,,,,,
149.0,-0.003059611963423916,0.061652522534132004,0.00027310848236083984,0.7859014272689819,0.0,0.0028836825,-0.0011210797,1.000273,0.019227583,0.0006966813,1.0773091e-05,-0.0029039383,0.009499311,0.0049989223,-0.069014005,-0.031089578,-0.005588025,0.055875,0.029772442,1.0,,,,,,,,,,,,,,,,,,,,,,,,,,,,,,,,,,,,,,,,,,,
150.0,-0.0031330164915846087,0.06200167536735535,0.00027310848236083984,0.7835519313812256,0.0,0.0029653958,-0.0011176748,1.0002731,0.019611198,0.0008171776,1.0797359e-05,-0.0027327538,0.00982976,0.0050930977,0.040705193,0.07954005,0.022208812,0.05625,0.029971883,1.0,,,,,,,,,,,,,,,,,,,,,,,,,,,,,,,,,,,,,,,,,,,
151.0,-0.003206864201276231,0.0623490996658802,0.00027310848236083984,0.7811872959136963,0.0,0.0030487634,-0.0011137967,1.0002731,0.020008262,0.00093075103,1.0312895e-05,-0.0030210018,0.009701729,0.00506711,-0.06901419,-0.03110112,-0.0055741714,0.056625,0.030171316,1.0,,,,,,,,,,,,,,,,,,,,,,,,,,,,,,,,,,,,,,,,,,,
152.0,-0.0032811564862206184,0.06269477307796478,0.0002732276916503906,0.7788076996803284,0.0,0.0031337633,-0.0011093965,1.0002731,0.02039995,0.0010560467,1.044386e-05,-0.0028495789,0.010032177,0.005161047,0.040702946,0.07953939,0.02218747,0.057,0.030370744,1.0,,,,,,,,,,,,,,,,,,,,,,,,,,,,,,,,,,,,,,,,,,,
153.0,-0.0033558859233144716,0.06303869187831879,0.0002732276916503906,0.7764131426811218,0.0,0.003220451,-0.001104503,1.0002732,0.020805089,0.0011744201,1.0300355e-05,-0.003137827,0.009904146,0.0051350594,-0.06901438,-0.031112658,-0.005560317,0.057375,0.030570162,1.0,,,,,,,,,,,,,,,,,,,,,,,,,,,,,,,,,,,,,,,,,,,
154.0,-0.003431058295301403,0.06338085979223251,0.0002732276916503906,0.7740036249160767,0.0,0.0033088047,-0.0010990676,1.0002732,0.021204842,0.0013045123,9.983074e-06,-0.0029666424,0.010234594,0.0052292347,0.0407007,0.079538725,0.022166133,0.05775,0.030769574,1.0,,,,,,,,,,,,,,,,,,,,,,,,,,,,,,,,,,,,,,,,,,,
155.0,-0.003506663214455258,0.06372120976448059,0.0002733469009399414,0.7715793251991272,0.0,0.00339888,-0.0010931189,1.0002732,0.021618046,0.001427684,9.94287e-06,-0.0032548904,0.010106564,0.005203247,-0.06901456,-0.031124188,-0.005546462,0.058125,0.030968977,1.0,,,,,,,,,,,,,,,,,,,,,,,,,,,,,,,,,,,,,,,,,,,
156.0,-0.0035827032635989985,0.06405974924564362,0.0002733469009399414,0.7691403031349182,0.0,0.0034906543,-0.0010866082,1.0002733,0.022025863,0.001562574,9.968945e-06,-0.0030834675,0.010437012,0.005297184,0.040698454,0.07953806,0.0221448,0.0585,0.031168373,1.0,,,,,,,,,,,,,,,,,,,,,,,,,,,,,,,,,,,,,,,,,,,
157.0,-0.0036591680179908345,0.0643964409828186,0.0002733469009399414,0.766686737537384,0.0,0.003584184,-0.0010795642,1.0002733,0.022447122,0.001690541,9.478335e-06,-0.0033717155,0.0103087425,0.0052711964,-0.06901473,-0.031135712,-0.0055326056,0.058875,0.03136776,1.0,,,,,,,,,,,,,,,,,,,,,,,,,,,,,,,,,,,,,,,,,,,
158.0,-0.0037360631657724188,0.06473126262426376,0.0002734661102294922,0.7642186284065247,0.0,0.0036794464,-0.0010719383,1.0002733,0.022862995,0.001830227,9.609818e-06,-0.0032002926,0.010639191,0.0053651333,0.040696204,0.07953739,0.022123473,0.05925,0.03156714,1.0,,,,,,,,,,,,,,,,,,,,,,,,,,,,,,,,,,,,,,,,,,,
159.0,-0.0038133752841127124,0.06506425142288208,0.0002734661102294922,0.7617362141609192,0.0,0.0037764977,-0.0010637592,1.0002735,0.02329231,0.001962991,9.46047e-06,-0.0034885406,0.0105109215,0.0053391457,-0.0690149,-0.03114723,-0.0055187484,0.059625,0.03176651,1.0,,,,,,,,,,,,,,,,,,,,,,,,,,,,,,,,,,,,,,,,,,,
160.0,-0.0038911131801305766,0.0653953030705452,0.0002734661102294922,0.7592393755912781,0.0,0.0038753154,-0.0010549781,1.0002735,0.023716228,0.0021074696,9.14364e-06,-0.003317356,0.010841608,0.0054330826,0.040693954,0.07953672,0.02210215,0.06,0.031965878,1.0,,,,,,,,,,,,,,,,,,,,,,,,,,,,,,,,,,,,,,,,,,,
161.0,-0.003969266565313393,0.0657244473695755,0.00027358531951904297,0.7567282915115356,0.0,0.0039759553,-0.0010456238,1.0002735,0.02415359,0.0022450283,9.09761e-06,-0.0036056042,0.010713339,0.0054068565,-0.06901506,-0.031158742,-0.005504891,0.060375,0.032165233,1.0,,,,,,,,,,,,,,,,,,,,,,,,,,,,,,,,,,,,,,,,,,,
162.0,-0.0040478326144049335,0.06605164706707001,0.00027358531951904297,0.754203200340271,0.0,0.004078395,-0.0010356476,1.0002736,0.024585554,0.0023943018,9.124131e-06,-0.0034341812,0.011043787,0.0055007935,0.0406917,0.07953606,0.022080831,0.06075,0.03236458,1.0,,,,,,,,,,,,,,,,,,,,,,,,,,,,,,,,,,,,,,,,,,,
163.0,-0.004126808307963307,0.06637688726186752,0.00027358531951904297,0.7516640424728394,0.0,0.0041826908,-0.0010250781,1.0002736,0.02503095,0.0025366521,8.627705e-06,-0.0037224293,0.010915518,0.005474806,-0.06901523,-0.031170245,-0.005491032,0.061125,0.03256392,1.0,,,,,,,,,,,,,,,,,,,,,,,,,,,,,,,,,,,,,,,,,,,
164.0,-0.004206194961595599,0.06670014560222626,0.0002736568567343056,0.7491109371185303,0.0,0.0042888196,-0.0010138669,1.0002736,0.025470952,0.002690718,8.759627e-06,-0.0035510063,0.011245966,0.0055685043,0.040689446,0.07953539,0.022059515,0.0615,0.032763254,1.0,,,,,,,,,,,,,,,,,,,,,,,,,,,,,,,,,,,,,,,,,,,
165.0,-0.00428598291351314,0.06702142208814621,0.00027370452880859375,0.7465440034866333,0.0,0.004396838,-0.0010020424,1.0002737,0.025924388,0.002837862,8.604464e-06,-0.0038394928,0.011117458,0.0055425167,-0.06901538,-0.031181743,-0.0054771723,0.061875,0.03296258,1.0,,,,,,,,,,,,,,,,,,,,,,,,,,,,,,,,,,,,,,,,,,,
166.0,-0.004366173488635363,0.0673406571149826,0.00027370452880859375,0.7439634203910828,0.0,0.004506723,-0.0009895561,1.0002737,0.026372414,0.0029967169,8.288082e-06,-0.0036680698,0.0114479065,0.005636215,0.040687192,0.07953472,0.022038206,0.06225,0.033161893,1.0,,,,,,,,,,,,,,,,,,,,,,,,,,,,,,,,,,,,,,,,,,,
167.0,-0.004446765933573112,0.06765787303447723,0.0002737760660238564,0.7413691282272339,0.0,0.004618531,-0.0009764367,1.0002737,0.026833879,0.003148652,8.23623e-06,-0.003956318,0.011319637,0.0056102276,-0.06901554,-0.031193236,-0.005463312,0.062625,0.0333612,1.0,,,,,,,,,,,,,,,,,,,,,,,,,,,,,,,,,,,,,,,,,,,
168.0,-0.00452775056006268,0.06797300279140472,0.00027382373809814453,0.7387614846229553,0.0,0.004732239,-0.00096263544,1.0002738,0.027289933,0.003312298,8.263201e-06,-0.003784895,0.011650085,0.005703926,0.040684935,0.07953405,0.0220169,0.063,0.0335605,1.0,,,,,,,,,,,,,,,,,,,,,,,,,,,,,,,,,,,,,,,,,,,
169.0,-0.004609122154094171,0.06828606873750687,0.00027382373809814453,0.7361404895782471,0.0,0.0048479033,-0.0009481812,1.0002738,0.027759414,0.0034690213,7.760963e-06,-0.004073143,0.011521578,0.0056779385,-0.06901569,-0.031204721,-0.0054494506,0.063375,0.03375979,1.0,,,,,,,,,,,,,,,,,,,,,,,,,,,,,,,,,,,,,,,,,,,
170.0,-0.004690887937021537,0.06859702616930008,0.00027382373809814453,0.7335060834884644,0.0,0.004965501,-0.00093302515,1.0002738,0.028223488,0.0036374563,7.893327e-06,-0.00390172,0.011852026,0.005771637,0.040682677,0.07953337,0.021995598,0.06375,0.033959072,1.0,,,,,,,,,,,,,,,,,,,,,,,,,,,,,,,,,,,,,,,,,,,
171.0,-0.004773032921811664,0.06890584528446198,0.0002738952753134072,0.730858564376831,0.0,0.0050850883,-0.0009171961,1.0002738,0.028700987,0.0037989693,7.732356e-06,-0.0041902065,0.011723757,0.005745411,-0.06901583,-0.0312162,-0.0054355883,0.064125,0.034158345,1.0,,,,,,,,,,,,,,,,,,,,,,,,,,,,,,,,,,,,,,,,,,,
172.0,-0.004855562583346935,0.06921255588531494,0.0002739429473876953,0.7281979322433472,0.0,0.005206643,-0.0009006453,1.000274,0.029173072,0.0039721914,7.784323e-06,-0.0040187836,0.012054205,0.0058391094,0.040680416,0.0795327,0.021974303,0.0645,0.03435761,1.0,,,,,,,,,,,,,,,,,,,,,,,,,,,,,,,,,,,,,,,,,,,
173.0,-0.004938465943360453,0.06951707601547241,0.0002739429473876953,0.725524365901947,0.0,0.0053302203,-0.0008834016,1.000274,0.029658576,0.00413849,7.2724188e-06,-0.0043070316,0.011925697,0.005813122,-0.06901597,-0.031227674,-0.005421725,0.064875,0.03455687,1.0,,,,,,,,,,,,,,,,,,,,,,,,,,,,,,,,,,,,,,,,,,,
174.0,-0.00502174255423729,0.06981943547725677,0.0002739429473876953,0.7228380441665649,0.0,0.005455798,-0.0008654162,1.000274,0.030138666,0.004316499,7.4064383e-06,-0.0041356087,0.0122561455,0.005906582,0.040678155,0.07953202,0.021953011,0.06525,0.034756117,1.0,,,,,,,,,,,,,,,,,,,,,,,,,,,,,,,,,,,,,,,,,,,
175.0,-0.005105387066000197,0.07011956721544266,0.00027401448460295796,0.7201389670372009,0.0,0.005583432,-0.0008467179,1.000274,0.030632177,0.0044875853,7.2412795e-06,-0.004424095,0.012127638,0.0058805943,-0.06901611,-0.03123914,-0.0054078614,0.065625,0.034955356,1.0,,,,,,,,,,,,,,,,,,,,,,,,,,,,,,,,,,,,,,,,,,,
176.0,-0.005189399957604654,0.07041750103235245,0.0002740621566772461,0.7174273133277893,0.0,0.0057131,-0.000827258,1.0002741,0.031120267,0.0046703783,7.2936177e-06,-0.004252434,0.012457848,0.0059740543,0.040675893,0.07953135,0.021931723,0.066,0.035154585,1.0,,,,,,,,,,,,,,,,,,,,,,,,,,,,,,,,,,,,,,,,,,,
177.0,-0.005273772793474733,0.07071316987276077,0.0002740621566772461,0.7147031426429749,0.0,0.0058448575,-0.0008070653,1.0002741,0.03162177,0.0048462483,6.777832e-06,-0.0045409203,0.01232934,0.0059480667,-0.06901624,-0.0312506,-0.0053939964,0.066375,0.03535381,1.0,,,,,,,,,,,,,,,,,,,,,,,,,,,,,,,,,,,,,,,,,,,
178.0,-0.005358507980111413,0.07100659608840942,0.0002740621566772461,0.7119665741920471,0.0,0.0059786816,-0.000786091,1.0002741,0.03211785,0.0050338255,6.9121484e-06,-0.0043694973,0.012659788,0.006041527,0.04067363,0.07953067,0.02191044,0.06675,0.03555302,1.0,,,,,,,,,,,,,,,,,,,,,,,,,,,,,,,,,,,,,,,,,,,
179.0,-0.005443600512304213,0.07129771262407303,0.00027413369389250875,0.7092176079750061,0.0,0.006114629,-0.000764364,1.0002741,0.03262735,0.00521448,6.743125e-06,-0.0046577454,0.0125312805,0.0060153008,-0.06901637,-0.031262055,-0.005380131,0.067125,0.035752226,1.0,,,,,,,,,,,,,,,,,,,,,,,,,,,,,,,,,,,,,,,,,,,
180.0,-0.005529044673908109,0.07158652693033218,0.00027413369389250875,0.7064565420150757,0.0,0.0062526767,-0.0007418355,1.0002742,0.033131417,0.0054068393,6.7957585e-06,-0.0044863224,0.012861729,0.006108761,0.040671363,0.07952999,0.021889161,0.0675,0.03595142,1.0,,,,,,,,,,,,,,,,,,,,,,,,,,,,,,,,,,,,,,,,,,,
181.0,-0.0056148350005237315,0.07187303155660629,0.0002741813659667969,0.7036834359169006,0.0,0.0063928803,-0.00071853434,1.0002742,0.033648893,0.005592275,6.276113e-06,-0.0047745705,0.012732983,0.006082773,-0.06901649,-0.031273503,-0.0053662644,0.067875,0.036150604,1.0,,,,,,,,,,,,,,,,,,,,,,,,,,,,,,,,,,,,,,,,,,,
182.0,-0.0057009720391598085,0.07215718924999237,0.0002741813659667969,0.7008984088897705,0.0,0.0065352176,-0.0006944118,1.0002742,0.03416094,0.0057894154,6.4107217e-06,-0.0046031475,0.013063431,0.006175995,0.040669095,0.079529315,0.021867886,0.06825,0.036349785,1.0,,,,,,,,,,,,,,,,,,,,,,,,,,,,,,,,,,,,,,,,,,,
183.0,-0.005787443522023963,0.07243897020816803,0.000274229038041085,0.6981016993522644,0.0,0.0066797445,-0.00066949666,1.0002742,0.0346864,0.005979634,6.2378385e-06,-0.004891634,0.012934923,0.0061500072,-0.069016606,-0.031284943,-0.005352397,0.068625,0.03654895,1.0,,,,,,,,,,,,,,,,,,,,,,,,,,,,,,,,,,,,,,,,,,,
184.0,-0.005874255071167452,0.07271834462881088,0.0002742529031820595,0.6952933073043823,0.0,0.0068264375,-0.0006437402,1.0002742,0.035206422,0.006181554,6.290768e-06,-0.0047199726,0.013265133,0.006243229,0.040666826,0.07952863,0.021846617,0.069,0.03674811,1.0,,,,,,,,,,,,,,,,,,,,,,,,,,,,,,,,,,,,,,,,,,,
185.0,-0.005961394852677232,0.07299534976482391,0.0002742529031820595,0.6924734115600586,0.0,0.0069753537,-0.00061717123,1.0002743,0.035739854,0.0063765524,6.135158e-06,-0.005008459,0.013136625,0.0062172413,-0.069016725,-0.031296376,-0.0053385287,0.069375,0.036947258,1.0,,,,,,,,,,,,,,,,,,,,,,,,,,,,,,,,,,,,,,,,,,,
186.0,-0.006048870329956145,0.07326991111040115,0.00027430057525634766,0.6896419525146484,0.0,0.0071264696,-0.000589741,1.0002743,0.036267836,0.006583249,5.8158353e-06,-0.004837036,0.013466835,0.006310463,0.040664557,0.07952795,0.02182535,0.06975,0.0371464,1.0,,,,,,,,,,,,,,,,,,,,,,,,,,,,,,,,,,,,,,,,,,,
187.0,-0.006136667250854595,0.0735420361161232,0.00027430057525634766,0.6867992281913757,0.0,0.0072798417,-0.00056147843,1.0002743,0.036809232,0.0067830263,5.745685e-06,-0.005125284,0.013338089,0.0062844753,-0.06901683,-0.031307805,-0.00532466,0.070125,0.03734553,1.0,,,,,,,,,,,,,,,,,,,,,,,,,,,,,,,,,,,,,,,,,,,
188.0,-0.006224790802151058,0.07381168007850647,0.0002743482473306358,0.6839452385902405,0.0,0.0074354466,-0.00053233467,1.0002743,0.03734518,0.006994502,5.7738976e-06,-0.0049538612,0.013668537,0.0063774586,0.040662285,0.079527274,0.02180409,0.0705,0.037544653,1.0,,,,,,,,,,,,,,,,,,,,,,,,,,,,,,,,,,,,,,,,,,,
189.0,-0.006313226103461589,0.07407884299755096,0.0002743721124716103,0.6810802817344666,0.0,0.0075933402,-0.0005023386,1.0002743,0.037894532,0.007199056,5.620301e-06,-0.0052423477,0.013539791,0.006351471,-0.06901694,-0.031319227,-0.0053107897,0.070875,0.037743766,1.0,,,,,,,,,,,,,,,,,,,,,,,,,,,,,,,,,,,,,,,,,,,
190.0,-0.006401978554446079,0.0743434876203537,0.0002743721124716103,0.678204357624054,0.0,0.0077535002,-0.00047144145,1.0002744,0.038438436,0.007415308,5.667791e-06,-0.0050706863,0.013870001,0.0064446926,0.04066001,0.07952659,0.021782832,0.07125,0.037942868,1.0,,,,,,,,,,,,,,,,,,,,,,,,,,,,,,,,,,,,,,,,,,,
191.0,-0.00649103655620636,0.07460560649633408,0.0002743721124716103,0.675317645072937,0.0,0.007915983,-0.00043967215,1.0002744,0.038995735,0.007624636,5.139889e-06,-0.005359173,0.013741493,0.0064184666,-0.06901704,-0.03133064,-0.005296919,0.071625,0.038141962,1.0,,,,,,,,,,,,,,,,,,,,,,,,,,,,,,,,,,,,,,,,,,,
192.0,-0.006580407069887284,0.0748651847243309,0.00027441978454589844,0.6724201440811157,0.0,0.008080765,-0.00040698188,1.0002744,0.03954759,0.0078456625,5.274905e-06,-0.0051875114,0.014071703,0.006511688,0.040657736,0.0795259,0.021761581,0.072,0.038341045,1.0,,,,,,,,,,,,,,,,,,,,,,,,,,,,,,,,,,,,,,,,,,,
193.0,-0.006670075172877312,0.07512222230434418,0.00027441978454589844,0.6695120930671692,0.0,0.008247901,-0.00037339953,1.0002744,0.04011284,0.008059767,5.092464e-06,-0.005475998,0.013942957,0.006485462,-0.069017135,-0.031342052,-0.0052830474,0.072375,0.038540117,1.0,,,,,,,,,,,,,,,,,,,,,,,,,,,,,,,,,,,,,,,,,,,
194.0,-0.006760042755645344,0.07537663727998734,0.0002744913217611611,0.6665936708450317,0.0,0.008417371,-0.00033887633,1.0002744,0.04067263,0.008285567,5.1461134e-06,-0.0053043365,0.014273167,0.006578684,0.04065546,0.07952522,0.021740332,0.07275,0.038739182,1.0,,,,,,,,,,,,,,,,,,,,,,,,,,,,,,,,,,,,,,,,,,,
195.0,-0.006850301250989047,0.07562844455242157,0.0002744913217611611,0.6636649370193481,0.0,0.008589228,-0.00030344113,1.0002745,0.04124582,0.008504445,4.9808755e-06,-0.005592823,0.014144421,0.006552458,-0.06901723,-0.031353455,-0.005269175,0.073125,0.03893824,1.0,,,,,,,,,,,,,,,,,,,,,,,,,,,,,,,,,,,,,,,,,,,
196.0,-0.006940856201289473,0.07587764412164688,0.0002744913217611611,0.6607258915901184,0.0,0.008763451,-0.00026704525,1.0002745,0.04181354,0.008735015,4.662296e-06,-0.0054214,0.01447463,0.006645441,0.04065318,0.07952453,0.02171909,0.0735,0.039137285,1.0,,,,,,,,,,,,,,,,,,,,,,,,,,,,,,,,,,,,,,,,,,,
197.0,-0.0070316927197003765,0.0761241540312767,0.0002744913217611611,0.6577768325805664,0.0,0.008940095,-0.00022971748,1.0002745,0.042394664,0.008958665,4.5825095e-06,-0.005709648,0.014345884,0.0066194534,-0.06901732,-0.03136485,-0.005255302,0.073875,0.03933632,1.0,,,,,,,,,,,,,,,,,,,,,,,,,,,,,,,,,,,,,,,,,,,
198.0,-0.007122813027888149,0.07636804133653641,0.0002744913217611611,0.6548178791999817,0.0,0.009119138,-0.00019140911,1.0002745,0.04297032,0.009194007,4.6114637e-06,-0.005538225,0.014676094,0.0067124367,0.0406509,0.07952385,0.02169785,0.07425,0.039535344,1.0,,,,,,,,,,,,,,,,,,,,,,,,,,,,,,,,,,,,,,,,,,,
199.0,-0.007214205881864684,0.07660920917987823,0.0002745389938354492,0.6518492102622986,0.0,0.009300636,-0.000152149,1.0002745,0.043559365,0.009422427,4.448243e-06,-0.0058267117,0.014547348,0.0066862106,-0.0690174,-0.03137624,-0.005241428,0.074625,0.03973436,1.0,,,,,,,,,,,,,,,,,,,,,,,,,,,,,,,,,,,,,,,,,,,
200.0,-0.00730588106773204,0.07684768736362457,0.00027461053105071187,0.6488707065582275,0.0,0.009484565,-0.00011188842,1.0002745,0.044142943,0.009662539,4.49647e-06,-0.0056550503,0.014877558,0.006779194,0.04064862,0.07952315,0.021676617,0.075,0.039933365,1.0,,,,,,,,,,,,,,,,,,,,,,,,,,,,,,,,,,,,,,,,,,,
201.0,-0.0073978180212147275,0.07708342373371124,0.00027461053105071187,0.645882785320282,0.0,0.009670981,-7.065622e-05,1.0002747,0.04473991,0.009895728,4.3268396e-06,-0.0059435368,0.014748573,0.006752968,-0.069017485,-0.031387623,-0.0052275527,0.075375,0.040132362,1.0,,,,,,,,,,,,,,,,,,,,,,,,,,,,,,,,,,,,,,,,,,,
202.0,-0.007490023394308816,0.07731641829013824,0.00027461053105071187,0.6428855061531067,0.0,0.009859862,-2.8403696e-05,1.0002747,0.045331396,0.010140605,4.008384e-06,-0.0057718754,0.015078783,0.006845951,0.040646337,0.07952247,0.021655386,0.07575,0.04033135,1.0,,,,,,,,,,,,,,,,,,,,,,,,,,,,,,,,,,,,,,,,,,,
203.0,-0.007582487194832383,0.07754664123058319,0.00027461053105071187,0.6398789286613464,0.0,0.010051263,1.4840316e-05,1.0002747,0.045936275,0.010378563,3.9229017e-06,-0.006060362,0.014950037,0.006819725,-0.06901757,-0.031399,-0.0052136774,0.076125,0.040530324,1.0,,,,,,,,,,,,,,,,,,,,,,,,,,,,,,,,,,,,,,,,,,,
204.0,-0.007675210137005763,0.07777407765388489,0.00027461053105071187,0.6368632316589355,0.0,0.010245162,5.9124523e-05,1.0002747,0.04653568,0.010628209,3.9522824e-06,-0.0058887005,0.015280247,0.00691247,0.040644053,0.079521775,0.021634161,0.0765,0.040729288,1.0,,,,,,,,,,,,,,,,,,,,,,,,,,,,,,,,,,,,,,,,,,,
205.0,-0.007768184011651025,0.07799871265888214,0.00027461053105071187,0.6338385343551636,0.0,0.010441613,0.000104420076,1.0002747,0.047148462,0.010870933,3.7833017e-06,-0.006177187,0.015151262,0.0068864822,-0.069017634,-0.031410374,-0.0051998007,0.076875,0.040928245,1.0,,,,,,,,,,,,,,,,,,,,,,,,,,,,,,,,,,,,,,,,,,,
206.0,-0.007861408958709524,0.07822047173976898,0.00027461053105071187,0.6308049559593201,0.0,0.010640596,0.00015077567,1.0002747,0.047755767,0.011125344,3.8319704e-06,-0.0060055256,0.015481472,0.006979227,0.040641766,0.07952108,0.02161294,0.07725,0.04112719,1.0,,,,,,,,,,,,,,,,,,,,,,,,,,,,,,,,,,,,,,,,,,,
207.0,-0.00795487317983416,0.07843945920467377,0.000274658203125,0.6277627348899841,0.0,0.010842164,0.00019816247,1.0002747,0.048376452,0.011372832,3.6565798e-06,-0.006294012,0.015352488,0.006953001,-0.06901771,-0.031421736,-0.005185923,0.077625,0.041326124,1.0,,,,,,,,,,,,,,,,,,,,,,,,,,,,,,,,,,,,,,,,,,,
208.0,-0.008048585990312862,0.07865550369024277,0.00027472974034026265,0.6247117519378662,0.0,0.011046296,0.00024662918,1.0002747,0.04899165,0.011632007,3.706449e-06,-0.0061223507,0.015682697,0.007045746,0.04063948,0.0795204,0.021591723,0.078,0.04152505,1.0,,,,,,,,,,,,,,,,,,,,,,,,,,,,,,,,,,,,,,,,,,,
209.0,-0.00814252768706753,0.07886870205402374,0.00027472974034026265,0.6216524243354797,0.0,0.011253048,0.0002961469,1.0002748,0.049620226,0.011884259,3.5288929e-06,-0.006410837,0.015553713,0.007019758,-0.06901777,-0.031433094,-0.005172045,0.078375,0.041723963,1.0,,,,,,,,,,,,,,,,,,,,,,,,,,,,,,,,,,,,,,,,,,,
210.0,-0.008236704785011381,0.07907897979021072,0.00027472974034026265,0.6185847520828247,0.0,0.011462394,0.0003467644,1.0002748,0.05024331,0.012148194,3.2110895e-06,-0.006239176,0.015883923,0.0071122646,0.04063719,0.0795197,0.021570511,0.07875,0.041922867,1.0,,,,,,,,,,,,,,,,,,,,,,,,,,,,,,,,,,,,,,,,,,,
211.0,-0.008331103687064948,0.07928633689880371,0.00027472974034026265,0.6155089735984802,0.0,0.011674394,0.00039845274,1.0002748,0.050879776,0.012405208,3.1179104e-06,-0.0065279007,0.015754938,0.007086277,-0.06901783,-0.031444445,-0.005158166,0.079125,0.04212176,1.0,,,,,,,,,,,,,,,,,,,,,,,,,,,,,,,,,,,,,,,,,,,
212.0,-0.008425732653996446,0.07949073612689972,0.00027472974034026265,0.6124250292778015,0.0,0.011889022,0.00045126068,1.0002748,0.051510748,0.012673906,3.1478867e-06,-0.006356001,0.01608491,0.0071787834,0.0406349,0.079519,0.021549303,0.0795,0.042320643,1.0,,,,,,,,,,,,,,,,,,,,,,,,,,,,,,,,,,,,,,,,,,,
213.0,-0.008520575839601785,0.07969217002391815,0.00027472974034026265,0.6093332171440125,0.0,0.012106335,0.0005051594,1.0002748,0.05215509,0.01293568,2.9712326e-06,-0.006644726,0.015955925,0.0071525574,-0.06901789,-0.031455792,-0.0051442864,0.079875,0.042519517,1.0,,,,,,,,,,,,,,,,,,,,,,,,,,,,,,,,,,,,,,,,,,,
214.0,-0.008615634204406178,0.07989060133695602,0.00027472974034026265,0.6062337160110474,0.0,0.012326309,0.00056019746,1.0002748,0.052793935,0.013209138,3.0204899e-06,-0.006472826,0.016286135,0.007245064,0.04063261,0.07951831,0.021528099,0.08025,0.042718377,1.0,,,,,,,,,,,,,,,,,,,,,,,,,,,,,,,,,,,,,,,,,,,
215.0,-0.008710899738222384,0.08008605241775513,0.0002747774124145508,0.603126585483551,0.0,0.012549002,0.0006163461,1.0002748,0.05344615,0.013475671,2.8374313e-06,-0.006761551,0.016156912,0.007219076,-0.06901794,-0.031467132,-0.0051304055,0.080625,0.04291723,1.0,,,,,,,,,,,,,,,,,,,,,,,,,,,,,,,,,,,,,,,,,,,
216.0,-0.008806374133441194,0.0802784413099289,0.0002747774124145508,0.600011944770813,0.0,0.012774388,0.0006736539,1.0002748,0.054092865,0.013753886,2.8878887e-06,-0.0065898895,0.016487122,0.0073115826,0.040630314,0.07951761,0.0215069,0.081,0.043116067,1.0,,,,,,,,,,,,,,,,,,,,,,,,,,,,,,,,,,,,,,,,,,,
217.0,-0.008902046602665512,0.08046777546405792,0.00027480124845169485,0.5968899726867676,0.0,0.013002526,0.0007320922,1.0002748,0.05475295,0.014025178,2.7026683e-06,-0.006878376,0.016358137,0.0072853565,-0.069017984,-0.031478465,-0.005116524,0.081375,0.043314897,1.0,,,,,,,,,,,,,,,,,,,,,,,,,,,,,,,,,,,,,,,,,,,
218.0,-0.008997918818878903,0.08065406233072281,0.00027480124845169485,0.5937607884407043,0.0,0.013233391,0.00079170946,1.0002749,0.055407528,0.014308149,2.7533306e-06,-0.0067067146,0.016688108,0.007377863,0.04062802,0.07951692,0.021485705,0.08175,0.043513715,1.0,,,,,,,,,,,,,,,,,,,,,,,,,,,,,,,,,,,,,,,,,,,
219.0,-0.009093987663438906,0.08083727210760117,0.00027480124845169485,0.5906246900558472,0.0,0.013467038,0.0008524769,1.0002749,0.05607546,0.014584195,2.1983121e-06,-0.006995201,0.016559124,0.007351637,-0.06901803,-0.03148979,-0.005102642,0.082125,0.043712523,1.0,,,,,,,,,,,,,,,,,,,,,,,,,,,,,,,,,,,,,,,,,,,
220.0,-0.009190255877180597,0.08101736009120941,0.00027480124845169485,0.5874816179275513,0.0,0.013703446,0.0009144433,1.0002749,0.056737896,0.014871921,2.335423e-06,-0.0068235397,0.016889095,0.0074441433,0.040625725,0.07951622,0.021464515,0.0825,0.04391132,1.0,,,,,,,,,,,,,,,,,,,,,,,,,,,,,,,,,,,,,,,,,,,
221.0,-0.00928647177943066,0.08119431883096695,0.00027480124845169485,0.5843318104743958,0.0,0.01394267,0.0009775796,1.0002749,0.05741369,0.0151527235,2.1261164e-06,-0.007112026,0.016759872,0.0074179173,-0.069018066,-0.03150111,-0.0050887587,0.082875,0.044110104,1.0,,,,,,,,,,,,,,,,,,,,,,,,,,,,,,,,,,,,,,,,,,,
222.0,-0.009382865994524169,0.08136813342571259,0.00027480124845169485,0.5811755061149597,0.0,0.014184686,0.0010419346,1.0002749,0.058083974,0.0154452035,2.1818253e-06,-0.006940365,0.017090082,0.0075101852,0.040623426,0.07951552,0.02144333,0.08325,0.044308882,1.0,,,,,,,,,,,,,,,,,,,,,,,,,,,,,,,,,,,,,,,,,,,
223.0,-0.00947943145180803,0.08153883367776871,0.00027484894962981343,0.5780127644538879,0.0,0.014429552,0.0011074794,1.0002749,0.058767613,0.01573076,1.989737e-06,-0.0072288513,0.01696086,0.0074841976,-0.0690181,-0.031512424,-0.005074875,0.083625,0.044507645,1.0,,,,,,,,,,,,,,,,,,,,,,,,,,,,,,,,,,,,,,,,,,,
224.0,-0.009576166850975476,0.08170635998249054,0.00027484894962981343,0.5748437643051147,0.0,0.014677242,0.0011742627,1.0002749,0.059445735,0.01602799,2.0411048e-06,-0.00705719,0.01729083,0.0075764656,0.040621128,0.07951482,0.021422148,0.084,0.044706397,1.0,,,,,,,,,,,,,,,,,,,,,,,,,,,,,,,,,,,,,,,,,,,
225.0,-0.009673054905207867,0.08187074959278107,0.00027484894962981343,0.5716689229011536,0.0,0.014927814,0.0012422557,1.0002749,0.060137216,0.016318297,1.8481584e-06,-0.0073456764,0.017161846,0.0075502396,-0.06901813,-0.03152373,-0.0050609903,0.084375,0.044905137,1.0,,,,,,,,,,,,,,,,,,,,,,,,,,,,,,,,,,,,,,,,,,,
226.0,-0.009770102088907153,0.0820319652557373,0.00027484894962981343,0.5684881806373596,0.0,0.015181243,0.0013115068,1.0002749,0.060823176,0.016620278,1.8994256e-06,-0.007174015,0.017491817,0.0076425076,0.040618826,0.079514116,0.021400971,0.08475,0.045103867,1.0,,,,,,,,,,,,,,,,,,,,,,,,,,,,,,,,,,,,,,,,,,,
227.0,-0.009867072642745753,0.08219002187252045,0.00027489662170410156,0.5653019547462463,0.0,0.015437587,0.0013819874,1.0002749,0.061522488,0.016915336,1.704627e-06,-0.0074625015,0.017362595,0.00761652,-0.069018155,-0.03153503,-0.005047105,0.085125,0.04530259,1.0,,,,,,,,,,,,,,,,,,,,,,,,,,,,,,,,,,,,,,,,,,,
228.0,-0.009964190527350272,0.0823449119925499,0.00027489662170410156,0.562110185623169,0.0,0.015696822,0.001453746,1.0002749,0.062216274,0.017222067,1.756027e-06,-0.0072906017,0.017540455,0.007709503,0.04089909,0.043035213,0.02165199,0.0855,0.045501295,1.0,,,,,,,,,,,,,,,,,,,,,,,,,,,,,,,,,,,,,,,,,,,
229.0,-0.010061439005003699,0.08249667286872864,0.00027489662170410156,0.5589132905006409,0.0,0.015958976,0.0015267537,1.0002749,0.062917195,0.017521825,1.6687868e-06,-0.0075793266,0.01725936,0.0076847076,-0.068728246,-0.068016045,-0.004777807,0.085875,0.04569999,1.0,,,,,,,,,,,,,,,,,,,,,,,,,,,,,,,,,,,,,,,,,,,
230.0,-0.010158820104758378,0.08264525234699249,0.00027489662170410156,0.5557113885879517,0.0,0.016224002,0.0016010586,1.0002749,0.06360638,0.017833205,1.8015536e-06,-0.007407427,0.017437458,0.0077779293,0.040895242,0.04305164,0.021647602,0.08625,0.045898676,1.0,,,,,,,,,,,,,,,,,,,,,,,,,,,,,,,,,,,,,,,,,,,
231.0,-0.010256324257116343,0.08279071748256683,0.00027489662170410156,0.5525045990943909,0.0,0.016491931,0.001676632,1.0002749,0.064302705,0.018137611,1.6967566e-06,-0.0076961517,0.017156363,0.0077528954,-0.06872153,-0.06801038,-0.0047807195,0.086625,0.04609735,1.0,,,,,,,,,,,,,,,,,,,,,,,,,,,,,,,,,,,,,,,,,,,
232.0,-0.010353948115105358,0.08293302357196808,0.00027492045774124563,0.5492932200431824,0.0,0.016762711,0.0017535222,1.0002749,0.06498729,0.018453639,1.8310513e-06,-0.007524252,0.017334461,0.007846117,0.040891394,0.043068063,0.02164321,0.087,0.04629601,1.0,,,,,,,,,,,,,,,,,,,,,,,,,,,,,,,,,,,,,,,,,,,
233.0,-0.010451684598573976,0.08307226002216339,0.00027492045774124563,0.546077311038971,0.0,0.017036375,0.0018317001,1.000275,0.06567901,0.01876269,1.7274249e-06,-0.007812738,0.017053366,0.0078213215,-0.068714835,-0.068004735,-0.004783626,0.087375,0.04649466,1.0,,,,,,,,,,,,,,,,,,,,,,,,,,,,,,,,,,,,,,,,,,,
234.0,-0.010549528124533221,0.08320831507444382,0.00027492045774124563,0.5428572297096252,0.0,0.01731287,0.001911214,1.000275,0.06635898,0.019083356,1.4909913e-06,-0.007641077,0.017231464,0.007914305,0.040887546,0.043084476,0.021638812,0.08775,0.0466933,1.0,,,,,,,,,,,,,,,,,,,,,,,,,,,,,,,,,,,,,,,,,,,
235.0,-0.010647470572061588,0.08334126323461533,0.00027492045774124563,0.5396330952644348,0.0,0.017592229,0.001992035,1.000275,0.06704612,0.019397052,1.4758564e-06,-0.0079295635,0.016950369,0.007889509,-0.06870814,-0.06799908,-0.0047865272,0.088125,0.046891924,1.0,,,,,,,,,,,,,,,,,,,,,,,,,,,,,,,,,,,,,,,,,,,
236.0,-0.010745506671828844,0.08347110450267792,0.00027492045774124563,0.5364052057266235,0.0,0.017874401,0.0020742116,1.000275,0.067721516,0.019722361,1.5839433e-06,-0.007757902,0.017128706,0.007982492,0.040883698,0.043100882,0.02163441,0.0885,0.04709054,1.0,,,,,,,,,,,,,,,,,,,,,,,,,,,,,,,,,,,,,,,,,,,
237.0,-0.010843628590356038,0.08359785377979279,0.00027492045774124563,0.533173680305481,0.0,0.01815942,0.0021577145,1.000275,0.068404056,0.020040693,1.4895215e-06,-0.008046389,0.01684761,0.007957697,-0.068701446,-0.06799343,-0.004789422,0.088875,0.047289144,1.0,,,,,,,,,,,,,,,,,,,,,,,,,,,,,,,,,,,,,,,,,,,
238.0,-0.010941835176714052,0.08372148871421814,0.00027492045774124563,0.5299387574195862,0.0,0.018447232,0.0022425922,1.000275,0.06907486,0.02037064,1.6136217e-06,-0.007874489,0.017025948,0.00805068,0.040879853,0.043117285,0.02163,0.08925,0.047487736,1.0,,,,,,,,,,,,,,,,,,,,,,,,,,,,,,,,,,,,,,,,,,,
239.0,-0.011040112483677929,0.08384203910827637,0.00027492045774124563,0.5267006754875183,0.0,0.018737867,0.0023288154,1.000275,0.06975282,0.020693608,1.5169719e-06,-0.008162975,0.016744852,0.008025885,-0.068694755,-0.06798779,-0.0047923103,0.089625,0.047686316,1.0,,,,,,,,,,,,,,,,,,,,,,,,,,,,,,,,,,,,,,,,,,,
240.0,-0.011138463242003311,0.08395949751138687,0.00027492045774124563,0.5234595537185669,0.0,0.01903128,0.0024164328,1.000275,0.07041904,0.021028187,1.639011e-06,-0.007991314,0.01692319,0.008118868,0.040876005,0.043133676,0.021625588,0.09,0.04788488,1.0,,,,,,,,,,,,,,,,,,,,,,,,,,,,,,,,,,,,,,,,,,,
241.0,-0.011236869698638437,0.08407390862703323,0.00027492045774124563,0.5202158093452454,0.0,0.019327499,0.0025054154,1.000275,0.07109243,0.021355787,1.5443723e-06,-0.0082798,0.016642332,0.008094072,-0.06868807,-0.067982145,-0.0047951927,0.090375,0.04808344,1.0,,,,,,,,,,,,,,,,,,,,,,,,,,,,,,,,,,,,,,,,,,,
242.0,-0.011335336231132795,0.08418522775173187,0.00027492045774124563,0.5169694423675537,0.0,0.019626474,0.0025958112,1.000275,0.071754076,0.021694997,1.6633577e-06,-0.008108139,0.01682067,0.008187056,0.04087216,0.04315006,0.02162117,0.09075,0.048281983,1.0,,,,,,,,,,,,,,,,,,,,,,,,,,,,,,,,,,,,,,,,,,,
243.0,-0.011433850023391012,0.08429346978664398,0.0002749681589193642,0.5137207508087158,0.0,0.019928236,0.0026875914,1.000275,0.07242288,0.022027226,1.5709629e-06,-0.0083966255,0.016539812,0.00816226,-0.0686814,-0.06797651,-0.0047980696,0.091125,0.048480514,1.0,,,,,,,,,,,,,,,,,,,,,,,,,,,,,,,,,,,,,,,,,,,
244.0,-0.011532406328377967,0.08439867198467255,0.00027501583099365234,0.5104700326919556,0.0,0.020232735,0.0027808042,1.000275,0.07307995,0.022371063,1.6868416e-06,-0.008224726,0.016718388,0.008255005,0.040868316,0.04316644,0.021616748,0.0915,0.048679035,1.0,,,,,,,,,,,,,,,,,,,,,,,,,,,,,,,,,,,,,,,,,,,
245.0,-0.011630989181583824,0.08450078964233398,0.00027501583099365234,0.5072176456451416,0.0,0.020540003,0.0028754205,1.000275,0.07374419,0.022707919,1.5967026e-06,-0.008513212,0.01643753,0.008230209,-0.06867472,-0.06797087,-0.00480094,0.091875,0.04887754,1.0,,,,,,,,,,,,,,,,,,,,,,,,,,,,,,,,,,,,,,,,,,,
246.0,-0.01172953448319612,0.08459987491369247,0.00027501583099365234,0.5039634704589844,0.0,0.02084999,0.0029714887,1.000275,0.0743967,0.023056379,1.7094736e-06,-0.008341551,0.016615868,0.008323193,0.04086447,0.04318281,0.021612318,0.09225,0.049076036,1.0,,,,,,,,,,,,,,,,,,,,,,,,,,,,,,,,,,,,,,,,,,,
247.0,-0.011828094134383585,0.08469592034816742,0.00027501583099365234,0.5007080435752869,0.0,0.021162724,0.0030689798,1.000275,0.07505637,0.023397855,1.6215907e-06,-0.008630037,0.016335249,0.008298397,-0.06866805,-0.06796524,-0.0048038047,0.092625,0.04927452,1.0,,,,,,,,,,,,,,,,,,,,,,,,,,,,,,,,,,,,,,,,,,,
248.0,-0.011926672227375708,0.08478894084692001,0.00027501583099365234,0.49745139479637146,0.0,0.02147816,0.003167942,1.000275,0.075704314,0.023750937,1.7312553e-06,-0.0084581375,0.016513824,0.00839138,0.040860627,0.043199174,0.021607885,0.093,0.049472988,1.0,,,,,,,,,,,,,,,,,,,,,,,,,,,,,,,,,,,,,,,,,,,
249.0,-0.012025250705102497,0.08487892150878906,0.00027501583099365234,0.494193971157074,0.0,0.021796323,0.0032683462,1.000275,0.07635942,0.024097033,1.6456277e-06,-0.008746624,0.016232967,0.008366585,-0.068661384,-0.06795961,-0.004806663,0.093375,0.04967145,1.0,,,,,,,,,,,,,,,,,,,,,,,,,,,,,,,,,,,,,,,,,,,
250.0,-0.012123827287333258,0.08496586978435516,0.0002750396670307964,0.4909359812736511,0.0,0.022117168,0.003370241,1.000275,0.07700281,0.024454731,1.752188e-06,-0.008574963,0.016411543,0.00845933,0.040856782,0.043215528,0.021603446,0.09375,0.049869895,1.0,,,,,,,,,,,,,,,,,,,,,,,,,,,,,,,,,,,,,,,,,,,
251.0,-0.012222394577981462,0.08504986017942429,0.0002750396670307964,0.48767757415771484,0.0,0.022440724,0.003473597,1.0002751,0.07765336,0.024805443,1.6688148e-06,-0.008863449,0.016130924,0.008434534,-0.06865473,-0.06795398,-0.0048095156,0.094125,0.050068326,1.0,,,,,,,,,,,,,,,,,,,,,,,,,,,,,,,,,,,,,,,,,,,
252.0,-0.012320943139530438,0.08513084053993225,0.0002750396670307964,0.48441916704177856,0.0,0.022766942,0.0035784626,1.0002751,0.07829219,0.025167752,1.4044051e-06,-0.008691788,0.0163095,0.008527517,0.040852938,0.04323188,0.021599004,0.0945,0.050266746,1.0,,,,,,,,,,,,,,,,,,,,,,,,,,,,,,,,,,,,,,,,,,,
253.0,-0.012419466660901768,0.08520881831645966,0.0002750396670307964,0.48116081953048706,0.0,0.02309585,0.0036848087,1.0002751,0.0789382,0.025523078,1.4095815e-06,-0.008980274,0.016028881,0.008502722,-0.06864808,-0.067948356,-0.004812362,0.094875,0.050465155,1.0,,,,,,,,,,,,,,,,,,,,,,,,,,,,,,,,,,,,,,,,,,,
254.0,-0.012517956865016116,0.08528382331132889,0.0002750396670307964,0.47790297865867615,0.0,0.023427403,0.0037926838,1.0002751,0.079572484,0.02589,1.4896951e-06,-0.008808374,0.016207695,0.008595467,0.040849097,0.04324822,0.021594556,0.09525,0.05066355,1.0,,,,,,,,,,,,,,,,,,,,,,,,,,,,,,,,,,,,,,,,,,,
255.0,-0.012616402130792053,0.08535585552453995,0.0002750396670307964,0.4746458828449249,0.0,0.023761626,0.0039020586,1.0002751,0.08021395,0.026249936,1.4155776e-06,-0.009096861,0.015927076,0.008570671,-0.068641424,-0.06794273,-0.0048152027,0.095625,0.050861932,1.0,,,,,,,,,,,,,,,,,,,,,,,,,,,,,,,,,,,,,,,,,,,
256.0,-0.01271479738191272,0.08542491495609283,0.0002750396670307964,0.4713898301124573,0.0,0.024098476,0.0040129814,1.0002751,0.08084369,0.026621465,1.511722e-06,-0.0089251995,0.01610589,0.008663416,0.040845253,0.043264553,0.021590102,0.096,0.051060304,1.0,,,,,,,,,,,,,,,,,,,,,,,,,,,,,,,,,,,,,,,,,,,
257.0,-0.012813129823420333,0.08549103140830994,0.0002750396670307964,0.46813511848449707,0.0,0.024437979,0.004125423,1.0002751,0.08148061,0.026986005,1.4353693e-06,-0.009213448,0.015825272,0.008638859,-0.06863478,-0.067937106,-0.004818037,0.096375,0.05125866,1.0,,,,,,,,,,,,,,,,,,,,,,,,,,,,,,,,,,,,,,,,,,,
258.0,-0.012911397681640407,0.08555418998003006,0.0002750396670307964,0.464881956577301,0.0,0.024780085,0.004239432,1.0002751,0.08210581,0.027362138,1.5294692e-06,-0.009041786,0.016004086,0.008731365,0.04084141,0.04328088,0.021585643,0.09675,0.051457006,1.0,,,,,,,,,,,,,,,,,,,,,,,,,,,,,,,,,,,,,,,,,,,
259.0,-0.013009587870048314,0.08561442792415619,0.000275087368208915,0.461630642414093,0.0,0.02512483,0.004354979,1.0002751,0.08273819,0.027731283,1.4551213e-06,-0.009330273,0.015723467,0.008706808,-0.06862814,-0.067931496,-0.0048208656,0.097125,0.051655337,1.0,,,,,,,,,,,,,,,,,,,,,,,,,,,,,,,,,,,,,,,,,,,
260.0,-0.01310768810233077,0.08567172288894653,0.000275087368208915,0.45838168263435364,0.0,0.025472157,0.0044721123,1.0002751,0.08335886,0.028112015,1.5461839e-06,-0.009158611,0.01590252,0.0087993145,0.040837567,0.0432972,0.02158118,0.0975,0.051853657,1.0,,,,,,,,,,,,,,,,,,,,,,,,,,,,,,,,,,,,,,,,,,,
261.0,-0.013205694370622292,0.08572609722614288,0.0002751350402832031,0.45513513684272766,0.0,0.025822101,0.004590803,1.0002751,0.083986714,0.02848576,1.4740732e-06,-0.009446859,0.015621901,0.008774757,-0.06862151,-0.06792588,-0.004823688,0.097875,0.05205196,1.0,,,,,,,,,,,,,,,,,,,,,,,,,,,,,,,,,,,,,,,,,,,
262.0,-0.013303597973759726,0.08577756583690643,0.0002751350402832031,0.45189136266708374,0.0,0.026174614,0.004711099,1.0002751,0.08460285,0.028871091,1.5620456e-06,-0.009275198,0.015800953,0.008867264,0.040833727,0.043313514,0.021576712,0.09825,0.052250255,1.0,,,,,,,,,,,,,,,,,,,,,,,,,,,,,,,,,,,,,,,,,,,
263.0,-0.013401386522649595,0.08582611382007599,0.0002751350402832031,0.4486507177352905,0.0,0.026529722,0.004832972,1.0002751,0.08522618,0.029249432,1.4921844e-06,-0.009563684,0.015520573,0.008842707,-0.06861488,-0.06792027,-0.0048265043,0.098625,0.052448537,1.0,,,,,,,,,,,,,,,,,,,,,,,,,,,,,,,,,,,,,,,,,,,
264.0,-0.013499048389938007,0.08587178587913513,0.0002751350402832031,0.44541364908218384,0.0,0.02688738,0.004956469,1.0002751,0.08583779,0.029639356,1.5770652e-06,-0.009391785,0.015699387,0.008935213,0.040829886,0.043329816,0.021572238,0.099,0.0526468,1.0,,,,,,,,,,,,,,,,,,,,,,,,,,,,,,,,,,,,,,,,,,,
265.0,-0.013596571988663094,0.08591456711292267,0.0002751350402832031,0.44218045473098755,0.0,0.027247615,0.005081562,1.0002751,0.0864566,0.03002229,1.5094535e-06,-0.009680271,0.015419006,0.008910656,-0.06860825,-0.06791466,-0.004829315,0.099375,0.052845057,1.0,,,,,,,,,,,,,,,,,,,,,,,,,,,,,,,,,,,,,,,,,,,
266.0,-0.013693749385892809,0.08595447242259979,0.0002751350402832031,0.4389512240886688,0.0,0.027610382,0.0052082986,1.0002751,0.087063685,0.030416803,1.5912445e-06,-0.00950861,0.015598059,0.009002924,0.04082474,0.04334528,0.0214827,0.09975,0.053043295,1.0,,,,,,,,,,,,,,,,,,,,,,,,,,,,,,,,,,,,,,,,,,,
267.0,-0.013790770010666484,0.0859915167093277,0.0002751350402832031,0.43572649359703064,0.0,0.027975706,0.00533665,1.0002751,0.08767798,0.030804329,1.5258815e-06,-0.009796858,0.015317678,0.00897789,-0.06860296,-0.06790986,-0.00491716,0.100125,0.053241525,1.0,,,,,,,,,,,,,,,,,,,,,,,,,,,,,,,,,,,,,,,,,,,
268.0,-0.013887625624231079,0.08602569252252579,0.0002751350402832031,0.43250662088394165,0.0,0.028343542,0.005466664,1.0002751,0.08828055,0.03120343,1.6045846e-06,-0.009625196,0.015496969,0.009070158,0.040820934,0.04336154,0.021478254,0.1005,0.053439736,1.0,,,,,,,,,,,,,,,,,,,,,,,,,,,,,,,,,,,,,,,,,,,
269.0,-0.013984296125699416,0.08605705201625824,0.0002751588763203472,0.4292922019958496,0.0,0.028713917,0.0055983122,1.0002751,0.08889033,0.03159554,1.5414695e-06,-0.009913683,0.015216589,0.009045124,-0.068596385,-0.067904204,-0.00491992,0.100875,0.053637937,1.0,,,,,,,,,,,,,,,,,,,,,,,,,,,,,,,,,,,,,,,,,,,
270.0,-0.01408077933836901,0.08608560264110565,0.0002751588763203472,0.42608338594436646,0.0,0.029086787,0.0057316427,1.0002753,0.0894884,0.031999227,1.6170862e-06,-0.009741783,0.015395641,0.009137154,0.040817127,0.043377798,0.021473804,0.10125,0.053836126,1.0,,,,,,,,,,,,,,,,,,,,,,,,,,,,,,,,,,,,,,,,,,,
271.0,-0.01417705943815313,0.08611135184764862,0.0002751588763203472,0.422880619764328,0.0,0.029462177,0.0058666253,1.0002753,0.090093665,0.032395918,1.1883498e-06,-0.01003027,0.0151154995,0.009112358,-0.06858982,-0.06789856,-0.004922674,0.101625,0.054034296,1.0,,,,,,,,,,,,,,,,,,,,,,,,,,,,,,,,,,,,,,,,,,,
272.0,-0.014273124088540728,0.08613429963588715,0.0002751588763203472,0.41968441009521484,0.0,0.029840041,0.0060033095,1.0002753,0.09068723,0.032804184,1.3471807e-06,-0.009858608,0.01529479,0.009204388,0.04081332,0.043394044,0.021469349,0.102,0.05423246,1.0,,,,,,,,,,,,,,,,,,,,,,,,,,,,,,,,,,,,,,,,,,,
273.0,-0.014368964396322282,0.08615449070930481,0.0002751588763203472,0.4164949655532837,0.0,0.030220406,0.006141666,1.0002753,0.09128799,0.033205457,1.2683147e-06,-0.010146856,0.01501441,0.009179592,-0.068583265,-0.06789291,-0.004925422,0.102375,0.054430604,1.0,,,,,,,,,,,,,,,,,,,,,,,,,,,,,,,,,,,,,,,,,,,
274.0,-0.014464561899051005,0.08617192506790161,0.0002752065774984658,0.41331297159194946,0.0,0.030603228,0.006281742,1.0002753,0.09187706,0.033618305,1.3425134e-06,-0.009975195,0.015193701,0.009270191,0.04080492,0.043407116,0.021157077,0.10275,0.054628737,1.0,,,,,,,,,,,,,,,,,,,,,,,,,,,,,,,,,,,,,,,,,,,
275.0,-0.014559906618370633,0.08618663251399994,0.0002752065774984658,0.41013869643211365,0.0,0.030988533,0.006423509,1.0002753,0.09247333,0.034024153,1.2850243e-06,-0.010263681,0.014913559,0.009244204,-0.068581395,-0.06789034,-0.0052359058,0.103125,0.054826856,1.0,,,,,,,,,,,,,,,,,,,,,,,,,,,,,,,,,,,,,,,,,,,
276.0,-0.014654987493293612,0.0861986055970192,0.0002752542495727539,0.40697258710861206,0.0,0.031376276,0.006567016,1.0002753,0.09305789,0.03444157,1.3516536e-06,-0.01009202,0.01509285,0.009334803,0.04080123,0.043423243,0.02115275,0.1035,0.055024963,1.0,,,,,,,,,,,,,,,,,,,,,,,,,,,,,,,,,,,,,,,,,,,
277.0,-0.014749785625777261,0.08620791137218475,0.0002752542495727539,0.4038151800632477,0.0,0.03176648,0.0067122323,1.0002753,0.09364967,0.034851994,1.297463e-06,-0.010380268,0.014812708,0.009308577,-0.06857501,-0.06788452,-0.0052385023,0.103875,0.055223055,1.0,,,,,,,,,,,,,,,,,,,,,,,,,,,,,,,,,,,,,,,,,,,
278.0,-0.014844289326186508,0.08621449023485184,0.0002752542495727539,0.4006669819355011,0.0,0.032159105,0.0068592075,1.0002753,0.09422975,0.035273984,1.3607653e-06,-0.010208607,0.014991999,0.009399414,0.040797543,0.043439366,0.021148417,0.10425,0.055421133,1.0,,,,,,,,,,,,,,,,,,,,,,,,,,,,,,,,,,,,,,,,,,,
279.0,-0.014938481972672574,0.08621843159198761,0.0002752542495727539,0.39752843976020813,0.0,0.032554176,0.0070079113,1.0002753,0.09481704,0.035688978,1.3088775e-06,-0.010497093,0.014711857,0.009373188,-0.06856863,-0.06787871,-0.0052410928,0.104625,0.055619195,1.0,,,,,,,,,,,,,,,,,,,,,,,,,,,,,,,,,,,,,,,,,,,
280.0,-0.015032351444515146,0.0862196832895279,0.0002752542495727539,0.394400030374527,0.0,0.032951646,0.007158393,1.0002753,0.09539263,0.03611554,1.3690878e-06,-0.010325432,0.014891386,0.009463787,0.04079386,0.043455478,0.02114408,0.105,0.055817246,1.0,,,,,,,,,,,,,,,,,,,,,,,,,,,,,,,,,,,,,,,,,,,
281.0,-0.015125879833434146,0.08621831238269806,0.0002752542495727539,0.3912822902202606,0.0,0.033351544,0.0073106224,1.0002753,0.09597544,0.036535095,1.3194475e-06,-0.01061368,0.014611244,0.009437799,-0.068562254,-0.0678729,-0.005243677,0.105375,0.056015283,1.0,,,,,,,,,,,,,,,,,,,,,,,,,,,,,,,,,,,,,,,,,,,
282.0,-0.015219058779128682,0.08621428161859512,0.0002752542495727539,0.3881755769252777,0.0,0.03375382,0.007464648,1.0002753,0.09654655,0.03696622,1.3765806e-06,-0.0104420185,0.014790773,0.0095283985,0.04079017,0.043471582,0.02113974,0.10575,0.056213304,1.0,,,,,,,,,,,,,,,,,,,,,,,,,,,,,,,,,,,,,,,,,,,
283.0,-0.01531186088832251,0.08620766550302505,0.00027530192164704204,0.3850807249546051,0.0,0.03415851,0.0076204413,1.0002753,0.09712488,0.03739034,1.329184e-06,-0.010730267,0.01451087,0.0095021725,-0.068555884,-0.06786709,-0.005246256,0.106125,0.05641131,1.0,,,,,,,,,,,,,,,,,,,,,,,,,,,,,,,,,,,,,,,,,,,
284.0,-0.01540427885638069,0.08619846403598785,0.00027530192164704204,0.38199806213378906,0.0,0.034565557,0.00777805,1.0002753,0.09769151,0.037826024,1.3832422e-06,-0.010558605,0.014690399,0.0095927715,0.040786486,0.043487683,0.021135392,0.1065,0.056609306,1.0,,,,,,,,,,,,,,,,,,,,,,,,,,,,,,,,,,,,,,,,,,,
285.0,-0.015496291685132977,0.08618664741516113,0.00027530192164704204,0.37892818450927734,0.0,0.034974996,0.007937444,1.0002753,0.09826537,0.038254708,1.3380886e-06,-0.010847092,0.014410257,0.009566784,-0.06854952,-0.06786129,-0.005248829,0.106875,0.056807287,1.0,,,,,,,,,,,,,,,,,,,,,,,,,,,,,,,,,,,,,,,,,,,
286.0,-0.015587886273050616,0.08617232739925385,0.00027530192164704204,0.3758716583251953,0.0,0.035386775,0.008098673,1.0002753,0.09882754,0.038694948,1.3890738e-06,-0.01067543,0.014590025,0.009657383,0.040782798,0.043503772,0.021131039,0.10725,0.057005253,1.0,,,,,,,,,,,,,,,,,,,,,,,,,,,,,,,,,,,,,,,,,,,
287.0,-0.01567903655111111,0.08615540713071823,0.00027530192164704204,0.37282922863960266,0.0,0.03580093,0.008261708,1.0002753,0.09939693,0.039128188,1.3461622e-06,-0.010963678,0.014309883,0.009631395,-0.06854316,-0.067855485,-0.0052513955,0.107625,0.057203203,1.0,,,,,,,,,,,,,,,,,,,,,,,,,,,,,,,,,,,,,,,,,,,
288.0,-0.015769733579340032,0.08613597601652145,0.00027530192164704204,0.36980128288269043,0.0,0.036217406,0.0084265955,1.0002753,0.09995463,0.039572984,1.3940763e-06,-0.010792017,0.014489651,0.009721756,0.040779114,0.04351986,0.021126682,0.108,0.05740114,1.0,,,,,,,,,,,,,,,,,,,,,,,,,,,,,,,,,,,,,,,,,,,
289.0,-0.015859954214786105,0.08611403405666351,0.00027530192164704204,0.3667885363101959,0.0,0.03663624,0.008593307,1.0002753,0.10051955,0.04001078,1.3534061e-06,-0.011080265,0.014209747,0.009695768,-0.0685368,-0.06784969,-0.0052539567,0.108375,0.057599064,1.0,,,,,,,,,,,,,,,,,,,,,,,,,,,,,,,,,,,,,,,,,,,
290.0,-0.015949683384419905,0.08608957380056381,0.00027532578678801656,0.3637915551662445,0.0,0.037057377,0.00876189,1.0002753,0.10107279,0.040460125,1.3982508e-06,-0.010908604,0.014389515,0.009786129,0.04077543,0.043535937,0.021122318,0.10875,0.057796974,1.0,,,,,,,,,,,,,,,,,,,,,,,,,,,,,,,,,,,,,,,,,,,
291.0,-0.01603889949083314,0.08606264740228653,0.0002753734588623047,0.3608109951019287,0.0,0.037480846,0.008932318,1.0002754,0.10163326,0.04090247,1.3598212e-06,-0.01119709,0.0141096115,0.009760141,-0.068530455,-0.06784389,-0.0052565117,0.109125,0.057994865,1.0,,,,,,,,,,,,,,,,,,,,,,,,,,,,,,,,,,,,,,,,,,,
292.0,-0.016127581323823414,0.08603323996067047,0.0002753734588623047,0.3578476309776306,0.0,0.037906606,0.009104636,1.0002754,0.10218204,0.04135636,1.0337283e-06,-0.011025429,0.014289379,0.00985074,0.040771745,0.043552004,0.021117952,0.1095,0.058192745,1.0,,,,,,,,,,,,,,,,,,,,,,,,,,,,,,,,,,,,,,,,,,,
293.0,-0.01621570849906848,0.08600138127803802,0.0002753734588623047,0.354902058839798,0.0,0.038334683,0.009278816,1.0002754,0.10273805,0.041803252,1.0838404e-06,-0.011313677,0.014009476,0.009824753,-0.06852411,-0.0678381,-0.005259061,0.109875,0.05839061,1.0,,,,,,,,,,,,,,,,,,,,,,,,,,,,,,,,,,,,,,,,,,,
294.0,-0.016303263206292103,0.085967056453228,0.0002753734588623047,0.3519749641418457,0.0,0.038765024,0.009454906,1.0002754,0.103282385,0.04226169,1.1023056e-06,-0.011142015,0.014189482,0.009915113,0.04076806,0.043568067,0.021113578,0.11025,0.05858846,1.0,,,,,,,,,,,,,,,,,,,,,,,,,,,,,,,,,,,,,,,,,,,
295.0,-0.01639021984268693,0.08593034744262695,0.0002754211309365928,0.3490671217441559,0.0,0.039197665,0.009632877,1.0002754,0.10383395,0.042713124,1.0731048e-06,-0.0114302635,0.013909578,0.009889126,-0.06851777,-0.06783231,-0.0052616047,0.110625,0.058786295,1.0,,,,,,,,,,,,,,,,,,,,,,,,,,,,,,,,,,,,,,,,,,,
296.0,-0.01647655941233052,0.0858912244439125,0.0002754211309365928,0.3461792469024658,0.0,0.03963256,0.009812778,1.0002754,0.104373835,0.043176103,1.1076382e-06,-0.011258602,0.014089584,0.009979486,0.040764377,0.043584123,0.021109201,0.111,0.058984116,1.0,,,,,,,,,,,,,,,,,,,,,,,,,,,,,,,,,,,,,,,,,,,
297.0,-0.016562109594922325,0.08584970235824585,0.0002754211309365928,0.34331214427948,0.0,0.04006973,0.009994579,1.0002754,0.10492096,0.04363208,1.0761875e-06,-0.01154685,0.013809681,0.009953499,-0.06851143,-0.067826524,-0.0052641425,0.111375,0.059181925,1.0,,,,,,,,,,,,,,,,,,,,,,,,,,,,,,,,,,,,,,,,,,,
298.0,-0.01664700066987598,0.08580580353736877,0.0002754688321147114,0.3404664397239685,0.0,0.04050913,0.010178327,1.0002754,0.1054564,0.044099595,1.1087116e-06,-0.011375189,0.013989687,0.0100438595,0.040760696,0.04360017,0.021104818,0.11175,0.059379715,1.0,,,,,,,,,,,,,,,,,,,,,,,,,,,,,,,,,,,,,,,,,,,
299.0,-0.016731201674331852,0.08575955778360367,0.0002754688321147114,0.3376430571079254,0.0,0.040950794,0.010363993,1.0002754,0.10599909,0.04456011,1.0792515e-06,-0.011663437,0.013710022,0.010017872,-0.06850509,-0.067820735,-0.0052666743,0.112125,0.05957749,1.0,,,,,,,,,,,,,,,,,,,,,,,,,,,,,,,,,,,,,,,,,,,
300.0,-0.016814692480038366,0.08571097999811172,0.0002754688321147114,0.3348427414894104,0.0,0.04139467,0.010551628,1.0002754,0.10653009,0.04503216,1.1087733e-06,-0.0114917755,0.013890028,0.010107756,0.040755946,0.04361529,0.021022025,0.1125,0.059775252,1.0,,,,,,,,,,,,,,,,,,,,,,,,,,,,,,,,,,,,,,,,,,,
301.0,-0.016897446463059625,0.08566015213727951,0.0002754688321147114,0.3320663273334503,0.0,0.041840784,0.010741199,1.0002754,0.107068345,0.045497205,1.0815365e-06,-0.011780262,0.013610363,0.01008153,-0.068499856,-0.067815855,-0.0053475867,0.112875,0.059973,1.0,,,,,,,,,,,,,,,,,,,,,,,,,,,,,,,,,,,,,,,,,,,
302.0,-0.01697943900917608,0.08560700714588165,0.0002754688321147114,0.3293147087097168,0.0,0.042289097,0.010932757,1.0002754,0.10759492,0.04597379,1.108003e-06,-0.011608601,0.013790369,0.010171413,0.040752295,0.043631297,0.021017669,0.11325,0.060170732,1.0,,,,,,,,,,,,,,,,,,,,,,,,,,,,,,,,,,,,,,,,,,,
303.0,-0.01706064390806969,0.08555160462856293,0.0002754688321147114,0.3265886902809143,0.0,0.042739633,0.0111262705,1.0002754,0.10812874,0.04644336,1.0830016e-06,-0.011896849,0.013510704,0.010145187,-0.068493575,-0.067810036,-0.005350071,0.113625,0.06036845,1.0,,,,,,,,,,,,,,,,,,,,,,,,,,,,,,,,,,,,,,,,,,,
304.0,-0.017141034163802943,0.08549398183822632,0.00027551650418899953,0.32388925552368164,0.0,0.043192346,0.01132179,1.0002754,0.10865089,0.046924476,1.1064113e-06,-0.011725187,0.0136909485,0.010235071,0.040748645,0.043647297,0.021013305,0.114,0.06056615,1.0,,,,,,,,,,,,,,,,,,,,,,,,,,,,,,,,,,,,,,,,,,,
305.0,-0.01722058386529061,0.08543414622545242,0.00027551650418899953,0.32121720910072327,0.0,0.043647263,0.011519284,1.0002754,0.109180294,0.047398575,1.0836455e-06,-0.012013435,0.0134112835,0.010208845,-0.068487294,-0.06780422,-0.00535255,0.114375,0.060763836,1.0,,,,,,,,,,,,,,,,,,,,,,,,,,,,,,,,,,,,,,,,,,,
306.0,-0.017299267157980965,0.08537214994430542,0.00027551650418899953,0.3185734748840332,0.0,0.044104338,0.011718801,1.0002754,0.10969802,0.04788421,1.1039999e-06,-0.011841774,0.013591528,0.010298729,0.040744994,0.04366329,0.021008937,0.11475,0.060961507,1.0,,,,,,,,,,,,,,,,,,,,,,,,,,,,,,,,,,,,,,,,,,,
307.0,-0.017377051568407798,0.08530797064304352,0.00027551650418899953,0.31595906615257263,0.0,0.044563603,0.011920313,1.0002754,0.110223,0.048362836,1.0834692e-06,-0.012130022,0.013312101,0.010272503,-0.06848103,-0.0677984,-0.005355023,0.115125,0.061159164,1.0,,,,,,,,,,,,,,,,,,,,,,,,,,,,,,,,,,,,,,,,,,,
308.0,-0.01745390871628765,0.0852416604757309,0.00027551650418899953,0.31337499618530273,0.0,0.045025002,0.012123867,1.0002754,0.11073632,0.048852995,1.1007701e-06,-0.011958361,0.013492107,0.010360956,0.040736753,0.043675005,0.020656627,0.1155,0.061356805,1.0,,,,,,,,,,,,,,,,,,,,,,,,,,,,,,,,,,,,,,,,,,,
309.0,-0.017529811818581993,0.08517321944236755,0.00027551650418899953,0.31082212924957275,0.0,0.045488574,0.012329434,1.0002754,0.11125688,0.04933614,1.0824735e-06,-0.012246609,0.013212681,0.0103333,-0.06847945,-0.067796744,-0.005705351,0.115875,0.06155443,1.0,,,,,,,,,,,,,,,,,,,,,,,,,,,,,,,,,,,,,,,,,,,
310.0,-0.017604727759531397,0.08510272204875946,0.00027551650418899953,0.3083016276359558,0.0,0.045954265,0.012537063,1.0002754,0.11176578,0.049830817,1.0967225e-06,-0.012074947,0.013392925,0.010421753,0.040733237,0.043690868,0.020652404,0.11625,0.06175204,1.0,,,,,,,,,,,,,,,,,,,,,,,,,,,,,,,,,,,,,,,,,,,
311.0,-0.017678628758239213,0.08503011614084244,0.00027561187744140625,0.30581435561180115,0.0,0.046422105,0.012746723,1.0002754,0.11228194,0.050318476,1.0806597e-06,-0.012363195,0.013113499,0.010394096,-0.06847338,-0.06779074,-0.005707655,0.116625,0.061949633,1.0,,,,,,,,,,,,,,,,,,,,,,,,,,,,,,,,,,,,,,,,,,,
312.0,-0.01775148183154929,0.08495549112558365,0.00027561187744140625,0.3033614754676819,0.0,0.04689205,0.012958463,1.0002754,0.112786435,0.05081767,1.0918578e-06,-0.012191772,0.013293743,0.010482311,0.04072972,0.043706723,0.02064818,0.117,0.062147215,1.0,,,,,,,,,,,,,,,,,,,,,,,,,,,,,,,,,,,,,,,,,,,
313.0,-0.017823137527846485,0.0848788246512413,0.00027561187744140625,0.3009440302848816,0.0,0.047364127,0.013172254,1.0002754,0.11329819,0.051309843,1.0780283e-06,-0.0124800205,0.013014317,0.010454893,-0.068467304,-0.067784734,-0.0057099536,0.117375,0.06234478,1.0,,,,,,,,,,,,,,,,,,,,,,,,,,,,,,,,,,,,,,,,,,,
314.0,-0.01789368199725391,0.08480019122362137,0.00027561187744140625,0.2985630929470062,0.0,0.047838286,0.013388144,1.0002754,0.11379828,0.051813543,1.0861771e-06,-0.012308359,0.0129618645,0.010545969,0.04131977,-0.012181041,0.021341637,0.11775,0.06254233,1.0,,,,,,,,,,,,,,,,,,,,,,,,,,,,,,,,,,,,,,,,,,,
315.0,-0.017963079588488473,0.08471955358982086,0.00027561187744140625,0.2962197959423065,0.0,0.04831452,0.013606103,1.0002754,0.11429612,0.05231013,1.1991277e-06,-0.012596369,0.012449503,0.010521412,-0.06785674,-0.12367019,-0.00504041,0.118125,0.06273986,1.0,,,,,,,,,,,,,,,,,,,,,,,,,,,,,,,,,,,,,,,,,,,
316.0,-0.018031299428506693,0.08463698625564575,0.0002756357134785503,0.2939152419567108,0.0,0.04879274,0.013826178,1.0002754,0.114772774,0.052818134,1.2920117e-06,-0.012425423,0.012396574,0.01057291,0.041196253,-0.012259535,0.011866206,0.1185,0.06293737,1.0,,,,,,,,,,,,,,,,,,,,,,,,,,,,,,,,,,,,,,,,,,,
317.0,-0.018098304638689024,0.08455254137516022,0.0002756834146566689,0.2916506230831146,0.0,0.049272936,0.014048341,1.0002755,0.11524718,0.053319022,1.3845886e-06,-0.012713909,0.011883974,0.010508776,-0.06796251,-0.12375615,-0.0145631805,0.118875,0.06313487,1.0,,,,,,,,,,,,,,,,,,,,,,,,,,,,,,,,,,,,,,,,,,,
318.0,-0.018164060544694757,0.08446621894836426,0.0002756834146566689,0.28942710161209106,0.0,0.04975502,0.014272639,1.0002755,0.115700416,0.053831324,1.1011008e-06,-0.012542963,0.011831284,0.010560274,0.04118942,-0.01222047,0.011891802,0.11925,0.06333236,1.0,,,,,,,,,,,,,,,,,,,,,,,,,,,,,,,,,,,,,,,,,,,
319.0,-0.018228533466606408,0.08437801897525787,0.0002756834146566689,0.28724581003189087,0.0,0.050238986,0.01449904,1.0002755,0.11615142,0.05433651,1.2814854e-06,-0.0128314495,0.011318684,0.0104961395,-0.067955606,-0.12371882,-0.014586991,0.119625,0.06352983,1.0,,,,,,,,,,,,,,,,,,,,,,,,,,,,,,,,,,,,,,,,,,,
320.0,-0.018291476459683965,0.08428798615932465,0.0002756834146566689,0.28510791063308716,0.0,0.05072474,0.014727595,1.0002755,0.11658126,0.054853115,1.3319849e-06,-0.012660503,0.011266232,0.010547638,0.041182578,-0.01218142,0.011917371,0.12,0.06372728,1.0,,,,,,,,,,,,,,,,,,,,,,,,,,,,,,,,,,,,,,,,,,,
321.0,-0.018353064211484665,0.08419621735811234,0.0002756834146566689,0.2830146551132202,0.0,0.051212277,0.014958273,1.0002755,0.11700889,0.0553626,1.4335237e-06,-0.012523174,0.01075387,0.010483503,0.034212213,-0.122603916,-0.015761865,0.120375,0.06392472,1.0,,,,,,,,,,,,,,,,,,,,,,,,,,,,,,,,,,,,,,,,,,,
322.0,-0.018413259433689655,0.08410264551639557,0.0002756834146566689,0.2809672951698303,0.0,0.05170151,0.015191048,1.0002755,0.117415555,0.0558661,1.7108819e-06,-0.011926651,0.010701418,0.01053524,0.14331312,-0.011083596,0.010839118,0.12075,0.06412214,1.0,,,,,,,,,,,,,,,,,,,,,,,,,,,,,,,,,,,,,,,,,,,
323.0,-0.018472027978647703,0.08400742709636688,0.00027577875880524516,0.2789669930934906,0.0,0.052192427,0.015425819,1.0002755,0.11782019,0.05634508,1.9669644e-06,-0.01178956,0.010189295,0.010470629,0.034169126,-0.12255717,-0.015832333,0.121125,0.06431954,1.0,,,,,,,,,,,,,,,,,,,,,,,,,,,,,,,,,,,,,,,,,,,
324.0,-0.01852933307171525,0.08391048014163971,0.00027577875880524516,0.27701497077941895,0.0,0.05268494,0.015662562,1.0002755,0.11820388,0.05681809,2.1919482e-06,-0.011193037,0.010137081,0.010522127,0.14325751,-0.011058837,0.010911862,0.1215,0.06451694,1.0,,,,,,,,,,,,,,,,,,,,,,,,,,,,,,,,,,,,,,,,,,,
325.0,-0.01858559300340226,0.0838119238615036,0.00027577875880524516,0.2751125395298004,0.0,0.053179048,0.015901173,1.0002755,0.11858555,0.0572666,2.4410556e-06,-0.011056185,0.009624958,0.010457277,0.034126103,-0.122510396,-0.01590275,0.121875,0.06471431,1.0,,,,,,,,,,,,,,,,,,,,,,,,,,,,,,,,,,,,,,,,,,,
326.0,-0.01863985605128628,0.08371172845363617,0.00027577875880524516,0.2732609212398529,0.0,0.053674657,0.016141627,1.0002755,0.118946284,0.057709154,2.6515909e-06,-0.011376619,0.009572983,0.010508776,-0.07675002,-0.013334308,0.013101789,0.12225,0.06491166,1.0,,,,,,,,,,,,,,,,,,,,,,,,,,,,,,,,,,,,,,,,,,,
327.0,-0.018692665666885433,0.08361000567674637,0.00027577875880524516,0.2714613378047943,0.0,0.05417176,0.01638398,1.0002755,0.11930462,0.05816469,2.47578e-06,-0.011239767,0.009061098,0.010443926,0.03413586,-0.12248743,-0.01586076,0.122625,0.06510901,1.0,,,,,,,,,,,,,,,,,,,,,,,,,,,,,,,,,,,,,,,,,,,
328.0,-0.018743860436691743,0.08350666612386703,0.00027577875880524516,0.2697151005268097,0.0,0.05467027,0.016628206,1.0002755,0.11964203,0.058614273,2.7752365e-06,-0.010888815,0.009008884,0.010495424,0.084336005,-0.011622435,0.0116018625,0.123,0.065306336,1.0,,,,,,,,,,,,,,,,,,,,,,,,,,,,,,,,,,,,,,,,,,,
329.0,-0.018793404833366275,0.08340185135602951,0.00027582645998336375,0.26802343130111694,0.0,0.055170175,0.016874244,1.0002755,0.11997734,0.059049398,2.8829008e-06,-0.010997295,0.008497238,0.010430336,-0.024753366,-0.12306493,-0.015370666,0.123375,0.06550364,1.0,,,,,,,,,,,,,,,,,,,,,,,,,,,,,,,,,,,,,,,,,,,
330.0,-0.01884126172981078,0.08329550921916962,0.0002758502960205078,0.2663875222206116,0.0,0.05567139,0.017122114,1.0002755,0.120291635,0.059488602,2.9921682e-06,-0.010646582,0.008445263,0.010481834,0.08430888,-0.011589787,0.011647278,0.12375,0.06570093,1.0,,,,,,,,,,,,,,,,,,,,,,,,,,,,,,,,,,,,,,,,,,,
331.0,-0.018887393603021066,0.08318774402141571,0.0002758502960205078,0.26480865478515625,0.0,0.056173906,0.017371753,1.0002756,0.12060384,0.059913352,3.139689e-06,-0.010755062,0.007933855,0.010416746,-0.02476707,-0.12302388,-0.015414107,0.124125,0.06589821,1.0,,,,,,,,,,,,,,,,,,,,,,,,,,,,,,,,,,,,,,,,,,,
332.0,-0.018931762518120333,0.08307857066392899,0.0002758502960205078,0.26328808069229126,0.0,0.056677636,0.017623179,1.0002756,0.120895036,0.06034219,2.8609136e-06,-0.010404587,0.007882118,0.010468245,0.084281735,-0.011557164,0.01169266,0.1245,0.066095464,1.0,,,,,,,,,,,,,,,,,,,,,,,,,,,,,,,,,,,,,,,,,,,
333.0,-0.018974334139193708,0.08296795934438705,0.0002758502960205078,0.2618269622325897,0.0,0.05718257,0.01787633,1.0002756,0.12118416,0.060756583,3.0947413e-06,-0.010513067,0.0073707104,0.010403156,-0.024780743,-0.122982845,-0.015457518,0.124875,0.06629271,1.0,,,,,,,,,,,,,,,,,,,,,,,,,,,,,,,,,,,,,,,,,,,
334.0,-0.0190150715944455,0.08285605162382126,0.0002758502960205078,0.2604265511035919,0.0,0.05768862,0.018131228,1.0002756,0.12145229,0.06117507,3.1528302e-06,-0.010162592,0.0073189735,0.010454655,0.08425459,-0.011524566,0.011738007,0.12525,0.066489935,1.0,,,,,,,,,,,,,,,,,,,,,,,,,,,,,,,,,,,,,,,,,,,
335.0,-0.019054202497210557,0.08274277299642563,0.00027589796809479594,0.25908806920051575,0.0,0.05819578,0.018387808,1.0002756,0.121718355,0.06157912,3.302845e-06,-0.010271311,0.006807804,0.01038909,-0.024794383,-0.122941814,-0.015500903,0.125625,0.066687144,1.0,,,,,,,,,,,,,,,,,,,,,,,,,,,,,,,,,,,,,,,,,,,
336.0,-0.019091431592369715,0.08262819051742554,0.00027594566927291453,0.2578125596046448,0.0,0.05870396,0.018646087,1.0002756,0.121963434,0.06198727,3.3698427e-06,-0.0099208355,0.0067563057,0.010440588,0.08422743,-0.011491993,0.011783321,0.126,0.06688434,1.0,,,,,,,,,,,,,,,,,,,,,,,,,,,,,,,,,,,,,,,,,,,
337.0,-0.01912672489577276,0.08251234143972397,0.00027594566927291453,0.25660112500190735,0.0,0.059213154,0.018906008,1.0002756,0.12220647,0.062380984,3.5130256e-06,-0.010029554,0.0062453747,0.010375261,-0.024807991,-0.1229008,-0.015544259,0.126375,0.06708151,1.0,,,,,,,,,,,,,,,,,,,,,,,,,,,,,,,,,,,,,,,,,,,
338.0,-0.01916029693427445,0.08239518851041794,0.0002759695053100586,0.2554548978805542,0.0,0.059723273,0.019167587,1.0002756,0.12242853,0.06277881,3.57088e-06,-0.009679079,0.0061938763,0.01042676,0.08420026,-0.011459446,0.011828601,0.12675,0.06727867,1.0,,,,,,,,,,,,,,,,,,,,,,,,,,,,,,,,,,,,,,,,,,,
339.0,-0.019191873920540777,0.0822768360376358,0.0002759695053100586,0.25437477231025696,0.0,0.06023431,0.019430762,1.0002757,0.12264856,0.06316221,3.71148e-06,-0.009787798,0.0056831837,0.010361195,-0.024821568,-0.12285978,-0.015587586,0.127125,0.06747581,1.0,,,,,,,,,,,,,,,,,,,,,,,,,,,,,,,,,,,,,,,,,,,
340.0,-0.019221425000280602,0.08215723931789398,0.0002759695053100586,0.2533617913722992,0.0,0.060746174,0.019695552,1.0002757,0.122847624,0.06354971,3.3913018e-06,-0.009437561,0.0056319237,0.010412455,0.08417308,-0.011426924,0.011873848,0.1275,0.06767294,1.0,,,,,,,,,,,,,,,,,,,,,,,,,,,,,,,,,,,,,,,,,,,
341.0,-0.01924891994202083,0.08203636854887009,0.0002759695053100586,0.2524169385433197,0.0,0.06125886,0.019961897,1.0002757,0.12304467,0.0639228,3.615919e-06,-0.009546518,0.005121231,0.0103468895,-0.024835113,-0.12281878,-0.015630886,0.127875,0.06787005,1.0,,,,,,,,,,,,,,,,,,,,,,,,,,,,,,,,,,,,,,,,,,,
342.0,-0.019274330780254992,0.08191428333520889,0.0002759695053100586,0.2515411376953125,0.0,0.06177228,0.020229815,1.0002757,0.123220764,0.06430001,3.6332083e-06,-0.009196281,0.0050702095,0.0103981495,0.084145896,-0.011394427,0.01191906,0.12825,0.06806714,1.0,,,,,,,,,,,,,,,,,,,,,,,,,,,,,,,,,,,,,,,,,,,
343.0,-0.019297636028239713,0.081790991127491,0.0002760171773843467,0.25073516368865967,0.0,0.062286425,0.020499242,1.0002757,0.12339485,0.0646628,3.7739078e-06,-0.009305239,0.0045597553,0.010332346,-0.024848627,-0.12277779,-0.015674157,0.128625,0.068264216,1.0,,,,,,,,,,,,,,,,,,,,,,,,,,,,,,,,,,,,,,,,,,,
344.0,-0.019318807791929272,0.08166643977165222,0.0002760171773843467,0.24999989569187164,0.0,0.06280121,0.0207702,1.0002757,0.12354799,0.065029725,3.8001922e-06,-0.00895524,0.0045087337,0.010383844,0.084118694,-0.011361955,0.011964238,0.129,0.06846127,1.0,,,,,,,,,,,,,,,,,,,,,,,,,,,,,,,,,,,,,,,,,,,
345.0,-0.0193378258372446,0.08154074102640152,0.0002760171773843467,0.24933606386184692,0.0,0.06331662,0.021042626,1.0002757,0.12369914,0.065382235,3.9340866e-06,-0.009063959,0.0039982796,0.010317802,-0.024862107,-0.122736804,-0.0157174,0.129375,0.068658315,1.0,,,,,,,,,,,,,,,,,,,,,,,,,,,,,,,,,,,,,,,,,,,
346.0,-0.01935466521573019,0.08141379058361053,0.0002760887145996094,0.24874447286128998,0.0,0.06383257,0.021316538,1.0002757,0.12382937,0.06573888,3.9512806e-06,-0.008714199,0.0039474964,0.010369301,0.084091485,-0.011329508,0.012009383,0.12975,0.06885534,1.0,,,,,,,,,,,,,,,,,,,,,,,,,,,,,,,,,,,,,,,,,,,
347.0,-0.019369307155959886,0.08128569275140762,0.0002760887145996094,0.24822574853897095,0.0,0.06434907,0.021591876,1.0002759,0.12395761,0.06608113,4.082627e-06,-0.008823156,0.003437519,0.010303259,-0.024875555,-0.12269583,-0.015760615,0.130125,0.06905234,1.0,,,,,,,,,,,,,,,,,,,,,,,,,,,,,,,,,,,,,,,,,,,
348.0,-0.019381732602010336,0.08115637302398682,0.0002760887145996094,0.24778051674365997,0.0,0.06486601,0.021868657,1.0002759,0.12406494,0.06642751,3.7218326e-06,-0.008473396,0.003386736,0.010354757,0.08406427,-0.011297086,0.012054495,0.1305,0.06924933,1.0,,,,,,,,,,,,,,,,,,,,,,,,,,,,,,,,,,,,,,,,,,,
349.0,-0.019391928264336823,0.0810258612036705,0.0002760887145996094,0.24740928411483765,0.0,0.06538338,0.022146823,1.0002759,0.124170296,0.0667595,3.937242e-06,-0.008582354,0.0028767586,0.010288477,-0.024888972,-0.12265487,-0.015803803,0.130875,0.0694463,1.0,,,,,,,,,,,,,,,,,,,,,,,,,,,,,,,,,,,,,,,,,,,
350.0,-0.019399877359387804,0.08089420944452286,0.0002761363866738975,0.24711255729198456,0.0,0.06590111,0.022426387,1.0002759,0.124254756,0.06709563,3.9139677e-06,-0.008232594,0.0028262138,0.010339975,0.084037036,-0.01126469,0.0120995715,0.13125,0.06964325,1.0,,,,,,,,,,,,,,,,,,,,,,,,,,,,,,,,,,,,,,,,,,,
351.0,-0.019405568361987938,0.08076141774654388,0.0002761363866738975,0.24689075350761414,0.0,0.066419184,0.022707293,1.0002759,0.12433725,0.067417376,4.045486e-06,-0.008341789,0.002316475,0.010273695,-0.024902359,-0.122613914,-0.01584696,0.131625,0.06984019,1.0,,,,,,,,,,,,,,,,,,,,,,,,,,,,,,,,,,,,,,,,,,,
352.0,-0.019409343103000447,0.0806274488568306,0.0002761363866738975,0.2467442899942398,0.0,0.066937506,0.022989556,1.0002759,0.12439886,0.06774327,4.0312616e-06,-0.007992029,0.0022659302,0.010324955,0.084009804,-0.011232318,0.012144615,0.132,0.07003711,1.0,,,,,,,,,,,,,,,,,,,,,,,,,,,,,,,,,,,,,,,,,,,
353.0,-0.019410383830062643,0.0804922953248024,0.000276160251814872,0.2466733753681183,0.0,0.06745609,0.023273118,1.0002759,0.124458514,0.06805479,4.156009e-06,-0.008101225,0.0024666786,0.010252953,-0.026678953,0.047895756,-0.0172526,0.132375,0.070234016,1.0,,,,,,,,,,,,,,,,,,,,,,,,,,,,,,,,,,,,,,,,,,,
354.0,-0.019409596313372936,0.08035601675510406,0.000276160251814872,0.24667832255363464,0.0,0.06797495,0.023557996,1.000276,0.12452633,0.06837076,4.0714244e-06,-0.0077517033,0.0022101402,0.0103058815,0.08451019,-0.060726147,0.012531035,0.13275,0.0704309,1.0,,,,,,,,,,,,,,,,,,,,,,,,,,,,,,,,,,,,,,,,,,,
355.0,-0.019406061378582515,0.08021853119134903,0.000276160251814872,0.24675925076007843,0.0,0.068494044,0.02384413,1.000276,0.12458377,0.06867226,3.8611342e-06,-0.007860899,0.0024108887,0.010233879,-0.026684916,0.04790934,-0.017241625,0.133125,0.070627764,1.0,,,,,,,,,,,,,,,,,,,,,,,,,,,,,,,,,,,,,,,,,,,
356.0,-0.019400691424970185,0.08007992058992386,0.000276160251814872,0.246916264295578,0.0,0.06901342,0.02413154,1.000276,0.124649376,0.068978235,3.856721e-06,-0.0075113773,0.0021541119,0.010286808,0.08450051,-0.060721923,0.012521777,0.1335,0.07082461,1.0,,,,,,,,,,,,,,,,,,,,,,,,,,,,,,,,,,,,,,,,,,,
357.0,-0.019392572501514407,0.07994013279676437,0.00027620792388916016,0.24714933335781097,0.0,0.06953302,0.024420165,1.000276,0.1247046,0.06926975,3.991494e-06,-0.007620573,0.0023550987,0.010214806,-0.026690878,0.04792292,-0.017230647,0.133875,0.071021445,1.0,,,,,,,,,,,,,,,,,,,,,,,,,,,,,,,,,,,,,,,,,,,
358.0,-0.01938262030573326,0.07979921996593475,0.00027620792388916016,0.24745844304561615,0.0,0.070052885,0.024710022,1.000276,0.12476799,0.06956571,3.9075885e-06,-0.0072710514,0.0020985603,0.0102677345,0.08449083,-0.0607177,0.012512519,0.13425,0.07121826,1.0,,,,,,,,,,,,,,,,,,,,,,,,,,,,,,,,,,,,,,,,,,,
359.0,-0.01936992343199604,0.07965711504220963,0.0002762555959634483,0.24784347414970398,0.0,0.07057297,0.02500105,1.000276,0.124821,0.06984723,4.056993e-06,-0.007380247,0.0022993088,0.010195732,-0.026696837,0.047936488,-0.017219665,0.134625,0.07141505,1.0,,,,,,,,,,,,,,,,,,,,,,,,,,,,,,,,,,,,,,,,,,,
360.0,-0.019355399574772607,0.07951384782791138,0.0002762794611044228,0.2483043223619461,0.0,0.07109331,0.025293274,1.000276,0.12488218,0.07013322,3.971168e-06,-0.007030964,0.0020427704,0.010248423,0.08448115,-0.060713474,0.012503261,0.135,0.07161183,1.0,,,,,,,,,,,,,,,,,,,,,,,,,,,,,,,,,,,,,,,,,,,
361.0,-0.019338144538337976,0.07936946302652359,0.0002762794611044228,0.24884067475795746,0.0,0.07161387,0.025586626,1.0002761,0.12493298,0.07040475,4.116995e-06,-0.0071401596,0.0022437572,0.010176659,-0.026702793,0.04795005,-0.017208679,0.135375,0.07180859,1.0,,,,,,,,,,,,,,,,,,,,,,,,,,,,,,,,,,,,,,,,,,,
362.0,-0.0193188169863466,0.07922389358282089,0.0002762794611044228,0.24945226311683655,0.0,0.07213467,0.025881128,1.0002761,0.12499196,0.07068075,3.6656065e-06,-0.0067908764,0.0019872189,0.010229349,0.08447149,-0.060709246,0.012494002,0.13575,0.07200533,1.0,,,,,,,,,,,,,,,,,,,,,,,,,,,,,,,,,,,,,,,,,,,
363.0,-0.019296778779167915,0.07907719910144806,0.0002762794611044228,0.25013867020606995,0.0,0.07265567,0.026176723,1.0002761,0.12504056,0.070942305,3.893232e-06,-0.006900072,0.0021882057,0.010157585,-0.026708746,0.047963604,-0.01719769,0.136125,0.07220206,1.0,,,,,,,,,,,,,,,,,,,,,,,,,,,,,,,,,,,,,,,,,,,
364.0,-0.019272953480388415,0.07892931997776031,0.0002762794611044228,0.2508995532989502,0.0,0.07317691,0.026473423,1.0002761,0.12509733,0.07120834,3.7920745e-06,-0.006550789,0.0019316673,0.010210276,0.08446182,-0.06070502,0.012484742,0.1365,0.07239876,1.0,,,,,,,,,,,,,,,,,,,,,,,,,,,,,,,,,,,,,,,,,,,
365.0,-0.019246448389944614,0.07878036797046661,0.0002762794611044228,0.25173428654670715,0.0,0.07369834,0.026771173,1.0002761,0.12514374,0.07145993,3.933453e-06,-0.0066599846,0.0021326542,0.010138512,-0.0267147,0.04797715,-0.0171867,0.136875,0.07259545,1.0,,,,,,,,,,,,,,,,,,,,,,,,,,,,,,,,,,,,,,,,,,,
366.0,-0.019218186606601025,0.07863026112318039,0.0002762794611044228,0.25264251232147217,0.0,0.07422,0.02706999,1.0002761,0.12519832,0.071715996,3.8540593e-06,-0.0063107014,0.0018761158,0.010190964,0.08445217,-0.060700797,0.012475482,0.13725,0.07279212,1.0,,,,,,,,,,,,,,,,,,,,,,,,,,,,,,,,,,,,,,,,,,,
367.0,-0.019187277730204202,0.0784791111946106,0.0002762794611044228,0.25362348556518555,0.0,0.07474185,0.027369814,1.0002761,0.12524253,0.07195762,3.986308e-06,-0.006419897,0.002077341,0.0101192,-0.026720649,0.04799069,-0.017175704,0.137625,0.07298877,1.0,,,,,,,,,,,,,,,,,,,,,,,,,,,,,,,,,,,,,,,,,,,
368.0,-0.019154652068824544,0.07832683622837067,0.00027630329714156687,0.2546766698360443,0.0,0.07526391,0.027670663,1.0002761,0.12529491,0.072203726,3.9105735e-06,-0.006070614,0.0018208027,0.01017189,0.08444252,-0.060696572,0.012466222,0.138,0.0731854,1.0,,,,,,,,,,,,,,,,,,,,,,,,,,,,,,,,,,,,,,,,,,,
369.0,-0.01911941969133676,0.07817349582910538,0.000276350969215855,0.255801260471344,0.0,0.07578614,0.027972477,1.0002762,0.12533693,0.072435394,4.0379446e-06,-0.006180048,0.002022028,0.010100126,-0.026726596,0.04800422,-0.017164707,0.138375,0.07338202,1.0,,,,,,,,,,,,,,,,,,,,,,,,,,,,,,,,,,,,,,,,,,,
370.0,-0.019082513920792032,0.07801908999681473,0.0002763986703939736,0.25699663162231445,0.0,0.07630859,0.028275274,1.0002762,0.12538713,0.07267155,3.5969488e-06,-0.005830765,0.0017654896,0.010152817,0.08443288,-0.060692348,0.012456962,0.13875,0.07357861,1.0,,,,,,,,,,,,,,,,,,,,,,,,,,,,,,,,,,,,,,,,,,,
371.0,-0.019043045665626507,0.07786363363265991,0.0002763986703939736,0.25826194882392883,0.0,0.07683121,0.028578997,1.0002762,0.12542696,0.07289328,3.8060614e-06,-0.005940199,0.0019667149,0.010081053,-0.026732543,0.048017744,-0.017153706,0.139125,0.073775195,1.0,,,,,,,,,,,,,,,,,,,,,,,,,,,,,,,,,,,,,,,,,,,
372.0,-0.0190019547590813,0.07770711183547974,0.0002763986703939736,0.2595963776111603,0.0,0.07735402,0.02888366,1.0002762,0.12547497,0.07311949,3.7153109e-06,-0.0055909157,0.0017101765,0.010133505,0.08442324,-0.060688123,0.012447701,0.1395,0.07397175,1.0,,,,,,,,,,,,,,,,,,,,,,,,,,,,,,,,,,,,,,,,,,,
373.0,-0.018958351053927913,0.07754962146282196,0.0002763986703939736,0.2609991133213043,0.0,0.077876985,0.029189209,1.0002762,0.12551263,0.073331274,3.83818e-06,-0.00570035,0.0019114017,0.010061979,-0.026738485,0.04803126,-0.017142702,0.139875,0.074168295,1.0,,,,,,,,,,,,,,,,,,,,,,,,,,,,,,,,,,,,,,,,,,,
374.0,-0.018913175460742355,0.07739103585481644,0.0002763986703939736,0.2624692916870117,0.0,0.07840015,0.029495656,1.0002762,0.12555847,0.07354756,3.7691932e-06,-0.005351305,0.0016551018,0.010114431,0.08441361,-0.0606839,0.01243844,0.14025,0.07436481,1.0,,,,,,,,,,,,,,,,,,,,,,,,,,,,,,,,,,,,,,,,,,,
375.0,-0.01886497002195505,0.07723147422075272,0.00027642250643111765,0.2640059292316437,0.0,0.07892346,0.029802945,1.0002762,0.12559393,0.07374941,3.882942e-06,-0.0054605007,0.001856327,0.010042906,-0.026744427,0.048044764,-0.017131694,0.140625,0.07456132,1.0,,,,,,,,,,,,,,,,,,,,,,,,,,,,,,,,,,,,,,,,,,,
376.0,-0.018816646958206368,0.07707097381353378,0.00027642250643111765,0.26560816168785095,0.0,0.07944695,0.030111095,1.0002763,0.12563759,0.07395576,3.8176117e-06,-0.005111456,0.0016000271,0.0100951195,0.084403984,-0.060679674,0.012429178,0.141,0.07475781,1.0,,,,,,,,,,,,,,,,,,,,,,,,,,,,,,,,,,,,,,,,,,,
377.0,-0.018764315704883405,0.07690948992967606,0.00027642250643111765,0.26727494597435,0.0,0.079970576,0.030420043,1.0002763,0.1256709,0.074147694,3.5585697e-06,-0.00522089,0.0018014908,0.010023594,-0.026750367,0.048058264,-0.017120684,0.141375,0.07495427,1.0,,,,,,,,,,,,,,,,,,,,,,,,,,,,,,,,,,,,,,,,,,,
378.0,-0.01871236170607525,0.07674707472324371,0.0002764701785054058,0.2690053880214691,0.0,0.080494374,0.03072981,1.0002763,0.12571238,0.07434412,3.5822818e-06,-0.0048718452,0.0015451908,0.010076046,0.084394366,-0.06067545,0.012419916,0.14175,0.07515072,1.0,,,,,,,,,,,,,,,,,,,,,,,,,,,,,,,,,,,,,,,,,,,
379.0,-0.01865623200432948,0.07658378034830093,0.0002764701785054058,0.2707984745502472,0.0,0.08101831,0.031040335,1.0002763,0.12574351,0.07452614,3.6662527e-06,-0.0049812794,0.0017464161,0.01000452,-0.026756303,0.048071757,-0.01710967,0.142125,0.07534715,1.0,,,,,,,,,,,,,,,,,,,,,,,,,,,,,,,,,,,,,,,,,,,
380.0,-0.018600540288071957,0.07641960680484772,0.0002764701785054058,0.272653192281723,0.0,0.0815424,0.031351637,1.0002763,0.12578283,0.07471266,3.6109438e-06,-0.0046322346,0.0014901161,0.010056734,0.08438475,-0.060671225,0.012410653,0.1425,0.07554356,1.0,,,,,,,,,,,,,,,,,,,,,,,,,,,,,,,,,,,,,,,,,,,
381.0,-0.018540732727259073,0.07625453919172287,0.0002764701785054058,0.2745685875415802,0.0,0.08206662,0.03166366,1.0002763,0.1258118,0.074884765,3.7094658e-06,-0.0047416687,0.0016915798,0.009985447,-0.026762238,0.04808524,-0.017098652,0.142875,0.07573995,1.0,,,,,,,,,,,,,,,,,,,,,,,,,,,,,,,,,,,,,,,,,,,
382.0,-0.018481426055322176,0.07608865201473236,0.0002764701785054058,0.276543527841568,0.0,0.08259099,0.031976413,1.0002763,0.12584895,0.07506138,3.652255e-06,-0.004392624,0.0014352798,0.010037661,0.08437514,-0.060667,0.01240139,0.14325,0.075936325,1.0,,,,,,,,,,,,,,,,,,,,,,,,,,,,,,,,,,,,,,,,,,,
383.0,-0.018418065777939547,0.0759219080209732,0.00027649401454254985,0.2785770893096924,0.0,0.08311547,0.032289844,1.0002763,0.12587576,0.07522359,3.747223e-06,-0.0045022964,0.001636982,0.009966373,-0.026768172,0.048098717,-0.017087633,0.143625,0.07613268,1.0,,,,,,,,,,,,,,,,,,,,,,,,,,,,,,,,,,,,,,,,,,,
384.0,-0.01835526670792632,0.07575441896915436,0.00027649401454254985,0.2806682288646698,0.0,0.0836401,0.03260397,1.0002764,0.12591076,0.0753903,3.6923616e-06,-0.0041532516,0.001380682,0.010018349,0.08436554,-0.06066278,0.012392126,0.144,0.07632901,1.0,,,,,,,,,,,,,,,,,,,,,,,,,,,,,,,,,,,,,,,,,,,
385.0,-0.018288479762597027,0.07558614760637283,0.00027654171572066844,0.2828158140182495,0.0,0.08416483,0.032918733,1.0002764,0.1259354,0.075542614,3.4148538e-06,-0.004262924,0.0015821457,0.009947062,-0.026774103,0.048112184,-0.01707661,0.144375,0.07652532,1.0,,,,,,,,,,,,,,,,,,,,,,,,,,,,,,,,,,,,,,,,,,,
386.0,-0.018222316340625426,0.07541711628437042,0.00027654171572066844,0.2850188910961151,0.0,0.0846897,0.033234145,1.0002764,0.12596825,0.07569945,3.4489622e-06,-0.0039138794,0.0013258457,0.009999275,0.08435595,-0.060658555,0.012382863,0.14475,0.07672162,1.0,,,,,,,,,,,,,,,,,,,,,,,,,,,,,,,,,,,,,,,,,,,
387.0,-0.018152225628103476,0.0752473846077919,0.00027658938779495656,0.2872764468193054,0.0,0.08521466,0.033550154,1.0002764,0.12599075,0.075841874,3.514496e-06,-0.004023552,0.0015275478,0.009927988,-0.02678003,0.048125643,-0.017065583,0.145125,0.0769179,1.0,,,,,,,,,,,,,,,,,,,,,,,,,,,,,,,,,,,,,,,,,,,
388.0,-0.018082820772463017,0.07507693767547607,0.00027658938779495656,0.28958743810653687,0.0,0.08573975,0.033866774,1.0002764,0.12602144,0.07598882,3.4695745e-06,-0.0036745071,0.0012712479,0.009979963,0.08434636,-0.06065433,0.012373598,0.1455,0.07711416,1.0,,,,,,,,,,,,,,,,,,,,,,,,,,,,,,,,,,,,,,,,,,,
389.0,-0.018009548682719107,0.07490576803684235,0.00027658938779495656,0.29195088148117065,0.0,0.08626492,0.03418395,1.0002764,0.12604178,0.07612137,3.5496714e-06,-0.0037841797,0.00147295,0.009908915,-0.026785957,0.0481391,-0.017054552,0.145875,0.0773104,1.0,,,,,,,,,,,,,,,,,,,,,,,,,,,,,,,,,,,,,,,,,,,
390.0,-0.017937026869086985,0.07473398745059967,0.00027658938779495656,0.29436567425727844,0.0,0.08679022,0.03450169,1.0002764,0.12607034,0.07625844,3.5028447e-06,-0.0034353733,0.0012168884,0.00996089,0.08433677,-0.06065011,0.012364334,0.14625,0.07750662,1.0,,,,,,,,,,,,,,,,,,,,,,,,,,,,,,,,,,,,,,,,,,,
391.0,-0.01786070024995918,0.07456157356500626,0.00027661322383210063,0.2968308627605438,0.0,0.08731558,0.034819946,1.0002764,0.12608854,0.076381125,3.579399e-06,-0.0035448074,0.0014185905,0.009889603,-0.026791882,0.048152544,-0.01704352,0.146625,0.07770281,1.0,,,,,,,,,,,,,,,,,,,,,,,,,,,,,,,,,,,,,,,,,,,
392.0,-0.01778506496414707,0.0743885263800621,0.00027661322383210063,0.2993454933166504,0.0,0.087841064,0.03513873,1.0002766,0.12611495,0.07650833,3.5349178e-06,-0.003196001,0.001162529,0.009941578,0.0843272,-0.060645886,0.012355069,0.147,0.077898994,1.0,,,,,,,,,,,,,,,,,,,,,,,,,,,,,,,,,,,,,,,,,,,
393.0,-0.017705685846015493,0.0742148831486702,0.00027661322383210063,0.3019085228443146,0.0,0.08836661,0.035457984,1.0002766,0.12613101,0.076621145,3.2390064e-06,-0.0033056736,0.0013642311,0.009870529,-0.026797803,0.04816598,-0.017032484,0.147375,0.07809515,1.0,,,,,,,,,,,,,,,,,,,,,,,,,,,,,,,,,,,,,,,,,,,
394.0,-0.017627175793929303,0.07404066622257233,0.00027661322383210063,0.3045189678668976,0.0,0.08889226,0.03577773,1.0002766,0.12615529,0.07673849,3.283494e-06,-0.0029568672,0.0011081696,0.009922266,0.084317625,-0.06064166,0.012345804,0.14775,0.0782913,1.0,,,,,,,,,,,,,,,,,,,,,,,,,,,,,,,,,,,,,,,,,,,
395.0,-0.017544977854594995,0.07386588305234909,0.00027661322383210063,0.30717596411705017,0.0,0.089417964,0.036097903,1.0002766,0.1261692,0.07684145,3.3306353e-06,-0.0030665398,0.0013098717,0.009851217,-0.026803723,0.04817941,-0.017021446,0.148125,0.07848742,1.0,,,,,,,,,,,,,,,,,,,,,,,,,,,,,,,,,,,,,,,,,,,
396.0,-0.017463704726368143,0.07369054853916168,0.0002766609250102192,0.30987849831581116,0.0,0.08994376,0.036418524,1.0002766,0.12619135,0.07694895,3.296088e-06,-0.0027179718,0.0010538101,0.0099031925,0.08430806,-0.06063744,0.012336538,0.1485,0.07868352,1.0,,,,,,,,,,,,,,,,,,,,,,,,,,,,,,,,,,,,,,,,,,,
397.0,-0.01737879997104681,0.0735146552324295,0.0002766609250102192,0.3126257359981537,0.0,0.090469606,0.036739532,1.0002766,0.12620313,0.077042066,3.3578042e-06,-0.0028276443,0.0012557507,0.009832144,-0.02680964,0.04819283,-0.017010402,0.148875,0.0788796,1.0,,,,,,,,,,,,,,,,,,,,,,,,,,,,,,,,,,,,,,,,,,,
398.0,-0.01729487736086948,0.0733383372426033,0.0002766609250102192,0.3154166340827942,0.0,0.090995535,0.037060946,1.0002766,0.12622315,0.07713971,3.3213485e-06,-0.002478838,0.0009996891,0.009883881,0.0842985,-0.060633216,0.0123272715,0.14925,0.079075664,1.0,,,,,,,,,,,,,,,,,,,,,,,,,,,,,,,,,,,,,,,,,,,
399.0,-0.01720737734547573,0.07316144555807114,0.0002766609250102192,0.3182504177093506,0.0,0.0915215,0.037382707,1.0002766,0.12623282,0.07722299,3.3795325e-06,-0.0025885105,0.0012016296,0.009812832,-0.026815556,0.048206244,-0.016999356,0.149625,0.07927171,1.0,,,,,,,,,,,,,,,,,,,,,,,,,,,,,,,,,,,,,,,,,,,
400.0,-0.017120910053953255,0.07298409193754196,0.0002766847610473633,0.32112619280815125,0.0,0.09204755,0.037704837,1.0002766,0.1262507,0.07731081,3.3454198e-06,-0.0022399426,0.0009455681,0.009864569,0.08428895,-0.060628995,0.012318005,0.15,0.07946773,1.0,,,,,,,,,,,,,,,,,,,,,,,,,,,,,,,,,,,,,,,,,,,
401.0,-0.017030916597113255,0.07280624657869339,0.0002766847610473633,0.3240431547164917,0.0,0.09257363,0.03802727,1.0002767,0.12625824,0.07738425,3.3990761e-06,-0.002349615,0.0011475086,0.009793758,-0.02682147,0.04821965,-0.01698831,0.150375,0.07966374,1.0,,,,,,,,,,,,,,,,,,,,,,,,,,,,,,,,,,,,,,,,,,,
402.0,-0.016942009520385933,0.0726279690861702,0.0002766847610473633,0.32700031995773315,0.0,0.093099765,0.03835003,1.0002767,0.126274,0.07746223,2.999611e-06,-0.0020010471,0.00089144707,0.009845257,0.0842794,-0.06062477,0.012308738,0.15075,0.07985972,1.0,,,,,,,,,,,,,,,,,,,,,,,,,,,,,,,,,,,,,,,,,,,
403.0,-0.01684962803680012,0.07244926691055298,0.0002767324331216514,0.3299970030784607,0.0,0.09362593,0.038673054,1.0002767,0.12627943,0.077525854,3.1350785e-06,-0.0021107197,0.001093626,0.0097744465,-0.02682738,0.048233047,-0.016977256,0.151125,0.080055684,1.0,,,,,,,,,,,,,,,,,,,,,,,,,,,,,,,,,,,,,,,,,,,
404.0,-0.016758377521322382,0.07227015495300293,0.0002767324331216514,0.33303239941596985,0.0,0.09415215,0.038996365,1.0002767,0.12629308,0.07759402,3.085846e-06,-0.0017621517,0.00083756447,0.009825945,0.08426986,-0.06062055,0.012299471,0.1515,0.08025163,1.0,,,,,,,,,,,,,,,,,,,,,,,,,,,,,,,,,,,,,,,,,,,
405.0,-0.016663881586078347,0.07209064066410065,0.0002767324331216514,0.33610567450523376,0.0,0.09467839,0.039319895,1.0002767,0.12629639,0.07764782,3.135105e-06,-0.0018720627,0.001039505,0.009755373,-0.02683329,0.04824644,-0.016966201,0.151875,0.08044755,1.0,,,,,,,,,,,,,,,,,,,,,,,,,,,,,,,,,,,,,,,,,,,
406.0,-0.01657056468503818,0.07191073149442673,0.00027678013429977,0.33921608328819275,0.0,0.09520467,0.03964367,1.0002767,0.12630792,0.07770617,3.1076274e-06,-0.0015234947,0.00078368187,0.009806871,0.08426032,-0.060616326,0.012290203,0.15225,0.08064345,1.0,,,,,,,,,,,,,,,,,,,,,,,,,,,,,,,,,,,,,,,,,,,
407.0,-0.01647386755412464,0.07173041999340057,0.00027678013429977,0.3423628807067871,0.0,0.09573096,0.03996763,1.0002767,0.12630913,0.07775017,3.1478085e-06,-0.0016331673,0.0009858608,0.009736061,-0.026839197,0.04825982,-0.016955145,0.152625,0.080839336,1.0,,,,,,,,,,,,,,,,,,,,,,,,,,,,,,,,,,,,,,,,,,,
408.0,-0.016378392597897792,0.07154975086450577,0.00027678013429977,0.34554538130760193,0.0,0.096257284,0.040291794,1.0002767,0.12631854,0.07779872,3.1239756e-06,-0.0012845993,0.00072979927,0.0097875595,0.08425079,-0.060612105,0.012280935,0.153,0.0810352,1.0,,,,,,,,,,,,,,,,,,,,,,,,,,,,,,,,,,,,,,,,,,,
409.0,-0.016279579880505105,0.0713687315583229,0.00027680397033691406,0.3487628400325775,0.0,0.09678361,0.040616095,1.0002767,0.12631765,0.07783291,3.1593333e-06,-0.0013945103,0.0009319782,0.009716749,-0.026845101,0.048273195,-0.016944082,0.153375,0.08123104,1.0,,,,,,,,,,,,,,,,,,,,,,,,,,,,,,,,,,,,,,,,,,,
410.0,-0.016181822386477612,0.07118736207485199,0.00027680397033691406,0.35201460123062134,0.0,0.09730996,0.04094056,1.0002768,0.12632497,0.07787166,3.1381455e-06,-0.0010459423,0.0006761551,0.009768248,0.08424127,-0.060607884,0.012271667,0.15375,0.08142687,1.0,,,,,,,,,,,,,,,,,,,,,,,,,,,,,,,,,,,,,,,,,,,
411.0,-0.01608076872384163,0.07100561261177063,0.00027680397033691406,0.3552999496459961,0.0,0.09783631,0.04126513,1.0002768,0.12632196,0.07789605,2.8009879e-06,-0.0011560917,0.00087833405,0.009697676,-0.026851004,0.048286565,-0.016933018,0.154125,0.08162267,1.0,,,,,,,,,,,,,,,,,,,,,,,,,,,,,,,,,,,,,,,,,,,
412.0,-0.015981020944394096,0.0708235651254654,0.00027680397033691406,0.35861819982528687,0.0,0.09836267,0.041589815,1.0002768,0.12632719,0.07792501,2.8687816e-06,-0.0008075237,0.0006225109,0.009748936,0.08423176,-0.06060366,0.012262397,0.1545,0.08181845,1.0,,,,,,,,,,,,,,,,,,,,,,,,,,,,,,,,,,,,,,,,,,,
413.0,-0.015878016266899615,0.07064123451709747,0.00027680397033691406,0.3619687259197235,0.0,0.09888901,0.041914564,1.0002768,0.12632208,0.077939615,2.8746972e-06,-0.0009174347,0.00082468987,0.009678364,-0.026856905,0.048299924,-0.01692195,0.154875,0.08201421,1.0,,,,,,,,,,,,,,,,,,,,,,,,,,,,,,,,,,,,,,,,,,,
414.0,-0.01577636026455234,0.07045865803956985,0.00027680397033691406,0.36535078287124634,0.0,0.09941536,0.042239394,1.0002768,0.1263252,0.07795879,2.8634483e-06,-0.00056886673,0.00056886673,0.009729624,0.08422224,-0.06059944,0.012253129,0.15525,0.08220995,1.0,,,,,,,,,,,,,,,,,,,,,,,,,,,,,,,,,,,,,,,,,,,
415.0,-0.01567148346495328,0.07027579098939896,0.00027680397033691406,0.36876389384269714,0.0,0.09994169,0.04256424,1.0002768,0.12631801,0.07796362,2.8839636e-06,-0.0006790161,0.0007712841,0.009659052,-0.026862804,0.048313275,-0.01691088,0.155625,0.08240567,1.0,,,,,,,,,,,,,,,,,,,,,,,,,,,,,,,,,,,,,,,,,,,
416.0,-0.01556799065165965,0.07009273767471313,0.0002768516424112022,0.372207373380661,0.0,0.10046802,0.04288913,1.0002768,0.12631904,0.07797302,2.8707987e-06,-0.00033044815,0.00051546097,0.009710312,0.084212735,-0.060595218,0.012243859,0.156,0.08260137,1.0,,,,,,,,,,,,,,,,,,,,,,,,,,,,,,,,,,,,,,,,,,,
417.0,-0.01546131578415382,0.0699094608426094,0.0002768516424112022,0.3756806254386902,0.0,0.10099431,0.043213997,1.0002768,0.12630975,0.07796808,2.8878064e-06,-0.00044059753,0.00071787834,0.009639978,-0.0268687,0.04832662,-0.016899807,0.156375,0.08279705,1.0,,,,,,,,,,,,,,,,,,,,,,,,,,,,,,,,,,,,,,,,,,,
418.0,-0.015356060683930495,0.06972599029541016,0.0002768516424112022,0.3791830241680145,0.0,0.1015206,0.04353886,1.0002768,0.1263087,0.07796772,2.8769773e-06,-9.202957e-05,0.0004620552,0.009691,0.084203236,-0.060590997,0.012234589,0.15675,0.0829927,1.0,,,,,,,,,,,,,,,,,,,,,,,,,,,,,,,,,,,,,,,,,,,
419.0,-0.015247804763022284,0.06954234093427658,0.0002768755075521767,0.38271406292915344,0.0,0.10204683,0.043863665,1.0002768,0.12629732,0.07795301,2.8894815e-06,-0.00020217896,0.0006644726,0.0096206665,-0.026874594,0.04833995,-0.01688873,0.157125,0.08318834,1.0,,,,,,,,,,,,,,,,,,,,,,,,,,,,,,,,,,,,,,,,,,,
420.0,-0.015140743924567665,0.06935859471559525,0.0002768755075521767,0.38627320528030396,0.0,0.10257306,0.04418843,1.0002769,0.12629418,0.077942885,2.8812221e-06,0.00014615059,0.00040864944,0.009671688,0.084193744,-0.060586777,0.012225319,0.1575,0.08338396,1.0,,,,,,,,,,,,,,,,,,,,,,,,,,,,,,,,,,,,,,,,,,,
421.0,-0.015031029303480183,0.06917471438646317,0.00027692317962646484,0.3898598253726959,0.0,0.103099234,0.044513088,1.0002769,0.12628073,0.07791842,2.5212405e-06,3.6239624e-05,0.00061130524,0.009601355,-0.026880486,0.04835328,-0.016877651,0.157875,0.083579555,1.0,,,,,,,,,,,,,,,,,,,,,,,,,,,,,,,,,,,,,,,,,,,
422.0,-0.014922341371668382,0.06899075210094452,0.00027692317962646484,0.39347341656684875,0.0,0.10362538,0.044837665,1.0002769,0.12627551,0.07789854,2.6019554e-06,0.00038456917,0.0003554821,0.009652376,0.08418426,-0.060582556,0.012216047,0.15825,0.08377513,1.0,,,,,,,,,,,,,,,,,,,,,,,,,,,,,,,,,,,,,,,,,,,
423.0,-0.014811028288801755,0.06880667060613632,0.00027692317962646484,0.397113561630249,0.0,0.104151465,0.0451621,1.0002769,0.12625998,0.077864334,2.5850618e-06,0.00027441978,0.0005578995,0.009582043,-0.026886376,0.048366603,-0.016866567,0.158625,0.08397068,1.0,,,,,,,,,,,,,,,,,,,,,,,,,,,,,,,,,,,,,,,,,,,
424.0,-0.014700772949104362,0.06862257421016693,0.00027692317962646484,0.4007796347141266,0.0,0.10467751,0.04548641,1.0002769,0.1262527,0.0778347,2.5867287e-06,0.0006227493,0.00030231476,0.009633064,0.084174775,-0.060578335,0.012206776,0.159,0.084166214,1.0,,,,,,,,,,,,,,,,,,,,,,,,,,,,,,,,,,,,,,,,,,,
425.0,-0.014587921295226286,0.06843842566013336,0.00027692317962646484,0.4044713079929352,0.0,0.105203494,0.04581054,1.0002769,0.12623508,0.07779075,2.5844488e-06,0.00051259995,0.00050497055,0.009562969,-0.026892263,0.048379913,-0.016855482,0.159375,0.08436173,1.0,,,,,,,,,,,,,,,,,,,,,,,,,,,,,,,,,,,,,,,,,,,
426.0,-0.01447615531870606,0.06825428456068039,0.00027692317962646484,0.40818798542022705,0.0,0.10572944,0.0461345,1.0002769,0.12622572,0.07775139,2.584196e-06,0.0008609295,0.00024914742,0.009613752,0.0841653,-0.06057411,0.012197505,0.15975,0.08455722,1.0,,,,,,,,,,,,,,,,,,,,,,,,,,,,,,,,,,,,,,,,,,,
427.0,-0.014361822846888802,0.06807012856006622,0.000276970851700753,0.41192927956581116,0.0,0.10625529,0.046458244,1.0002769,0.12620606,0.07769771,2.5784216e-06,0.0007507801,0.0004518032,0.009543657,-0.02689815,0.04839322,-0.016844392,0.160125,0.08475269,1.0,,,,,,,,,,,,,,,,,,,,,,,,,,,,,,,,,,,,,,,,,,,
428.0,-0.01424860507675726,0.06788603961467743,0.000276970851700753,0.41569462418556213,0.0,0.1067811,0.04678178,1.0002769,0.12619463,0.07764861,2.580501e-06,0.0010988712,0.00019621849,0.00959444,0.08415583,-0.06056989,0.0121882325,0.1605,0.08494814,1.0,,,,,,,,,,,,,,,,,,,,,,,,,,,,,,,,,,,,,,,,,,,
429.0,-0.014133630653768912,0.06770196557044983,0.000276970851700753,0.4194575846195221,0.0,0.10730682,0.04710505,1.0002769,0.12617289,0.0775852,2.5702363e-06,0.0009887218,0.00039887428,0.009524345,-0.026904033,0.048406515,-0.0168333,0.160875,0.085143566,1.0,,,,,,,,,,,,,,,,,,,,,,,,,,,,,,,,,,,,,,,,,,,
430.0,-0.014019798408214434,0.06751799583435059,0.0002769947168417275,0.4232437014579773,0.0,0.10783249,0.04742808,1.0002769,0.1261594,0.07752638,2.5748811e-06,0.001336813,0.00014328957,0.009575129,0.084146366,-0.060565673,0.01217896,0.16125,0.08533897,1.0,,,,,,,,,,,,,,,,,,,,,,,,,,,,,,,,,,,,,,,,,,,
431.0,-0.013903267056160578,0.0673341304063797,0.0002769947168417275,0.4270588457584381,0.0,0.108358055,0.0477508,1.000277,0.12613559,0.077453256,2.560074e-06,0.0012266636,0.00034594536,0.0095050335,-0.026909914,0.048419807,-0.016822204,0.161625,0.08553436,1.0,,,,,,,,,,,,,,,,,,,,,,,,,,,,,,,,,,,,,,,,,,,
432.0,-0.013787728023244383,0.06715038418769836,0.0002769947168417275,0.4309021234512329,0.0,0.10888355,0.048073236,1.000277,0.12612005,0.077384725,2.1993674e-06,0.0015747547,9.036064e-05,0.009555817,0.08413691,-0.060561452,0.012169688,0.162,0.08572972,1.0,,,,,,,,,,,,,,,,,,,,,,,,,,,,,,,,,,,,,,,,,,,
433.0,-0.013669540057642256,0.06696677207946777,0.0002769947168417275,0.434772789478302,0.0,0.109408945,0.04839533,1.000277,0.12609419,0.07730188,2.266409e-06,0.0014646053,0.00029325485,0.009485722,-0.026915794,0.048433088,-0.016811106,0.162375,0.08592506,1.0,,,,,,,,,,,,,,,,,,,,,,,,,,,,,,,,,,,,,,,,,,,
434.0,-0.01355239236424061,0.06678329408168793,0.0002769947168417275,0.43867000937461853,0.0,0.10993426,0.048717093,1.000277,0.1260766,0.07722364,2.2559243e-06,0.0018126965,3.7670135e-05,0.009536505,0.084127456,-0.06055723,0.012160415,0.16275,0.08612038,1.0,,,,,,,,,,,,,,,,,,,,,,,,,,,,,,,,,,,,,,,,,,,
435.0,-0.013432663889987475,0.06660003960132599,0.0002769947168417275,0.4425928294658661,0.0,0.11045947,0.049038474,1.000277,0.12604868,0.0771311,2.236797e-06,0.0017025471,0.00024056435,0.00946641,-0.02692167,0.04844636,-0.016800005,0.163125,0.08631568,1.0,,,,,,,,,,,,,,,,,,,,,,,,,,,,,,,,,,,,,,,,,,,
436.0,-0.013313995819958933,0.06641699373722076,0.0002769947168417275,0.4465405344963074,0.0,0.110984586,0.049359486,1.000277,0.12602903,0.07704316,2.2480558e-06,0.0020506382,-1.5258789e-05,0.009517193,0.08411801,-0.06055301,0.012151141,0.1635,0.08651096,1.0,,,,,,,,,,,,,,,,,,,,,,,,,,,,,,,,,,,,,,,,,,,
437.0,-0.01327730932320608,0.06623417884111404,0.0002770423889160156,0.44769737124443054,0.0,0.111509584,0.049680073,1.000277,0.12599906,0.076940924,2.2198903e-06,0.0019402504,0.00018787384,0.009447098,-0.026927546,0.048459627,-0.0167889,0.163875,0.08670621,1.0,,,,,,,,,,,,,,,,,,,,,,,,,,,,,,,,,,,,,,,,,,,
438.0,-0.013417341161252924,0.06605158746242523,0.0002770423889160156,0.4430203139781952,0.0,0.11203449,0.050000254,1.000277,0.12597737,0.07684329,2.234782e-06,0.0022883415,-6.771088e-05,0.009497881,0.08410857,-0.06054879,0.012141868,0.16425,0.08690145,1.0,,,,,,,,,,,,,,,,,,,,,,,,,,,,,,,,,,,,,,,,,,,
439.0,-0.013555359676583226,0.06586930900812149,0.0002770423889160156,0.4383557438850403,0.0,0.11255927,0.050319966,1.000277,0.12594537,0.07673136,2.201833e-06,0.0021779537,0.00013518333,0.009427786,-0.026933419,0.048472885,-0.016777793,0.164625,0.08709666,1.0,,,,,,,,,,,,,,,,,,,,,,,,,,,,,,,,,,,,,,,,,,,
440.0,-0.013694586467942874,0.06568731367588043,0.0002770423889160156,0.43370410799980164,0.0,0.113083936,0.050639234,1.000277,0.12592164,0.07662404,2.2193587e-06,0.0025260448,-0.00012040138,0.009478331,0.08409914,-0.06054457,0.0121325925,0.165,0.08729185,1.0,,,,,,,,,,,,,,,,,,,,,,,,,,,,,,,,,,,,,,,,,,,
441.0,-0.01383187599208659,0.06550561636686325,0.00027709006099030375,0.4290659427642822,0.0,0.11360847,0.050957993,1.000277,0.12588759,0.076502435,2.1818637e-06,0.002415657,8.273125e-05,0.009408474,-0.02693929,0.048486136,-0.016766682,0.165375,0.08748702,1.0,,,,,,,,,,,,,,,,,,,,,,,,,,,,,,,,,,,,,,,,,,,
442.0,-0.013970236653651935,0.06532428413629532,0.00027709006099030375,0.42444178462028503,0.0,0.114132896,0.051276267,1.000277,0.12586181,0.07638544,2.201967e-06,0.0027637482,-0.00017285347,0.009459019,0.08408971,-0.06054035,0.012123318,0.16575,0.087682165,1.0,,,,,,,,,,,,,,,,,,,,,,,,,,,,,,,,,,,,,,,,,,,
443.0,-0.01410673651129489,0.06514330208301544,0.0002771139261312783,0.4198320209980011,0.0,0.11465716,0.051593993,1.000277,0.12582573,0.07625416,2.1599412e-06,0.0026533604,3.027916e-05,0.009389162,-0.026945159,0.04849938,-0.016755568,0.166125,0.08787729,1.0,,,,,,,,,,,,,,,,,,,,,,,,,,,,,,,,,,,,,,,,,,,
444.0,-0.01424419591960448,0.0649627298116684,0.0002771139261312783,0.41523727774620056,0.0,0.11518133,0.05191119,1.0002772,0.12579793,0.07612749,2.1826188e-06,0.003001213,-0.00022506714,0.009439707,0.08408029,-0.06053613,0.012114043,0.1665,0.08807239,1.0,,,,,,,,,,,,,,,,,,,,,,,,,,,,,,,,,,,,,,,,,,,
445.0,-0.014379822448561414,0.06478251516819,0.0002771139261312783,0.4106580317020416,0.0,0.115705326,0.0522278,1.0002772,0.12575983,0.07598654,1.7681374e-06,0.0028908253,-2.193451e-05,0.00936985,-0.026951026,0.048512615,-0.01674445,0.166875,0.088267475,1.0,,,,,,,,,,,,,,,,,,,,,,,,,,,,,,,,,,,,,,,,,,,
446.0,-0.014516342991936135,0.06460276246070862,0.0002771139261312783,0.4060949385166168,0.0,0.1162292,0.05254384,1.0002772,0.12572998,0.07585022,1.879778e-06,0.0032389164,-0.00027751923,0.009420395,0.08407087,-0.06053191,0.012104767,0.16725,0.08846253,1.0,,,,,,,,,,,,,,,,,,,,,,,,,,,,,,,,,,,,,,,,,,,
447.0,-0.014651586750934965,0.06442347168922424,0.0002771139261312783,0.40154850482940674,0.0,0.11675291,0.052859258,1.0002772,0.12568985,0.075699605,1.808416e-06,0.0031282902,-7.414818e-05,0.009350538,-0.02695689,0.048525844,-0.01673333,0.167625,0.088657565,1.0,,,,,,,,,,,,,,,,,,,,,,,,,,,,,,,,,,,,,,,,,,,
448.0,-0.014787037068031899,0.06424465030431747,0.0002771139261312783,0.3970194458961487,0.0,0.11727648,0.053174064,1.0002772,0.12565798,0.075553626,1.8410016e-06,0.0034763813,-0.0003297329,0.009400845,0.08406146,-0.06052769,0.012095491,0.168,0.088852584,1.0,,,,,,,,,,,,,,,,,,,,,,,,,,,,,,,,,,,,,,,,,,,
449.0,-0.01492150134652875,0.06406630575656891,0.0002771139261312783,0.39250823855400085,0.0,0.11779988,0.053488202,1.0002772,0.12561582,0.075393364,1.7842838e-06,0.003365755,-0.00012636185,0.009331226,-0.026962752,0.04853906,-0.016722208,0.168375,0.08904757,1.0,,,,,,,,,,,,,,,,,,,,,,,,,,,,,,,,,,,,,,,,,,,
450.0,-0.01505562630089553,0.06388852000236511,0.0002771139261312783,0.38801565766334534,0.0,0.11832314,0.053801693,1.0002772,0.12558194,0.075237736,1.8149407e-06,0.0037136078,-0.00038194656,0.009381533,0.084052056,-0.060523473,0.012086215,0.16875,0.08924255,1.0,,,,,,,,,,,,,,,,,,,,,,,,,,,,,,,,,,,,,,,,,,,
451.0,-0.015188723480997987,0.06371121108531952,0.0002771139261312783,0.38354232907295227,0.0,0.118846215,0.054114476,1.0002772,0.12553775,0.07506783,1.7547601e-06,0.00360322,-0.00017857552,0.009311914,-0.026968613,0.048552275,-0.01671108,0.169125,0.08943749,1.0,,,,,,,,,,,,,,,,,,,,,,,,,,,,,,,,,,,,,,,,,,,
452.0,-0.015321682483088402,0.06353448331356049,0.0002771615982055664,0.37908902764320374,0.0,0.119369134,0.05442657,1.0002772,0.12550184,0.07490256,1.7877397e-06,0.0039510727,-0.0004339218,0.009362221,0.08404265,-0.060519252,0.012076939,0.1695,0.089632414,1.0,,,,,,,,,,,,,,,,,,,,,,,,,,,,,,,,,,,,,,,,,,,
453.0,-0.015453568534350055,0.06335828453302383,0.0002771615982055664,0.37465646862983704,0.0,0.11989187,0.054737918,1.0002772,0.12545565,0.07472302,1.7231008e-06,0.0038404465,-0.00023055077,0.009292603,-0.026974471,0.048565477,-0.016699951,0.169875,0.08982732,1.0,,,,,,,,,,,,,,,,,,,,,,,,,,,,,,,,,,,,,,,,,,,
454.0,-0.015585198717164512,0.06318266689777374,0.0002771615982055664,0.3702453672885895,0.0,0.12041444,0.055048533,1.0002772,0.12541774,0.07454812,1.7586365e-06,0.004188299,-0.00048589706,0.009342909,0.08403326,-0.060515035,0.012067663,0.17025,0.0900222,1.0,,,,,,,,,,,,,,,,,,,,,,,,,,,,,,,,,,,,,,,,,,,
455.0,-0.015715578331102053,0.06300757825374603,0.0002771615982055664,0.36585649847984314,0.0,0.12093682,0.05535836,1.0002772,0.12536953,0.07435894,1.6894869e-06,0.004077673,-0.00028252602,0.009273291,-0.026980327,0.048578676,-0.01668882,0.170625,0.09021706,1.0,,,,,,,,,,,,,,,,,,,,,,,,,,,,,,,,,,,,,,,,,,,
456.0,-0.015845725743426103,0.06283306330442429,0.0002771615982055664,0.36149078607559204,0.0,0.12145902,0.055667423,1.0002772,0.1253296,0.07417441,1.7275909e-06,0.004159689,-0.0005378723,0.009323359,0.020220747,-0.0611025,0.012040359,0.171,0.090411894,1.0,,,,,,,,,,,,,,,,,,,,,,,,,,,,,,,,,,,,,,,,,,,
457.0,-0.015974706646002507,0.06265915185213089,0.0002771615982055664,0.3571489155292511,0.0,0.12198102,0.0559757,1.0002772,0.12527929,0.073986486,1.7005776e-06,0.003783226,-0.00033450127,0.009253979,-0.09077436,0.0479893,-0.016724896,0.171375,0.090606704,1.0,,,,,,,,,,,,,,,,,,,,,,,,,,,,,,,,,,,,,,,,,,,
458.0,-0.016103404594909398,0.06248583272099495,0.00027720927027985454,0.3528319001197815,0.0,0.12250284,0.056283258,1.0002772,0.12523715,0.07381407,1.7716422e-06,0.003865242,-0.00058984756,0.009304047,0.020241043,-0.06109025,0.012060622,0.17175,0.0908015,1.0,,,,,,,,,,,,,,,,,,,,,,,,,,,,,,,,,,,,,,,,,,,
459.0,-0.016230880508217253,0.06231310963630676,0.00027723313542082906,0.3485405743122101,0.0,0.12302444,0.056590084,1.0002772,0.12518464,0.073638245,1.7373206e-06,0.0034890175,-0.0003862381,0.009234667,-0.09075037,0.047995247,-0.016742751,0.172125,0.090996265,1.0,,,,,,,,,,,,,,,,,,,,,,,,,,,,,,,,,,,,,,,,,,,
460.0,-0.016358020090433047,0.06214096397161484,0.00027723313542082906,0.3442758619785309,0.0,0.12354586,0.056896243,1.0002773,0.1251403,0.073477924,1.8059906e-06,0.0035710335,-0.0006415844,0.009284735,0.02026133,-0.06107801,0.012080869,0.1725,0.09119101,1.0,,,,,,,,,,,,,,,,,,,,,,,,,,,,,,,,,,,,,,,,,,,
461.0,-0.01648388046803057,0.06196944788098335,0.00027723313542082906,0.3400387465953827,0.0,0.12406705,0.057201717,1.0002773,0.12508558,0.07331419,1.4047368e-06,0.003194809,-0.00043797493,0.0092151165,-0.09072639,0.048001185,-0.016760593,0.172875,0.09138573,1.0,,,,,,,,,,,,,,,,,,,,,,,,,,,,,,,,,,,,,,,,,,,
462.0,-0.016609343722659244,0.061798542737960815,0.00027723313542082906,0.3358302712440491,0.0,0.12458805,0.057506576,1.0002773,0.12503904,0.07316595,1.5554559e-06,0.0032770634,-0.0006933212,0.009265661,0.020281607,-0.061065763,0.012101097,0.17325,0.09158043,1.0,,,,,,,,,,,,,,,,,,,,,,,,,,,,,,,,,,,,,,,,,,,
463.0,-0.016733192163021524,0.06162821128964424,0.00027723313542082906,0.3316514194011688,0.0,0.12510881,0.057810802,1.0002773,0.124982126,0.0730143,1.5033002e-06,0.0029010773,-0.00048971176,0.009195805,-0.09070243,0.048007116,-0.016778423,0.173625,0.091775104,1.0,,,,,,,,,,,,,,,,,,,,,,,,,,,,,,,,,,,,,,,,,,,
464.0,-0.016856580143463636,0.06145854666829109,0.00027723313542082906,0.32750335335731506,0.0,0.12562937,0.05811446,1.0002773,0.12493339,0.07287812,1.56795e-06,0.0029833317,-0.00074481964,0.009246349,0.020301877,-0.061053522,0.012121309,0.174,0.09196976,1.0,,,,,,,,,,,,,,,,,,,,,,,,,,,,,,,,,,,,,,,,,,,
465.0,-0.01697855862034576,0.061289478093385696,0.00027723313542082906,0.3233872056007385,0.0,0.12614967,0.05841754,1.0002773,0.12487428,0.07273853,1.5364416e-06,0.0026073456,-0.0005414486,0.009176731,-0.090678476,0.04801304,-0.016796239,0.174375,0.09216439,1.0,,,,,,,,,,,,,,,,,,,,,,,,,,,,,,,,,,,,,,,,,,,
466.0,-0.017100006192797085,0.06112096458673477,0.00027723313542082906,0.31930413842201233,0.0,0.12666976,0.0587201,1.0002773,0.124823354,0.07261442,1.5921465e-06,0.0026896,-0.0007965565,0.009227037,0.020322135,-0.06104128,0.012141502,0.17475,0.092359,1.0,,,,,,,,,,,,,,,,,,,,,,,,,,,,,,,,,,,,,,,,,,,
467.0,-0.01721997394348373,0.0609530508518219,0.00027723313542082906,0.31525537371635437,0.0,0.1271896,0.05902213,1.0002773,0.12476205,0.07248687,1.5631791e-06,0.002313614,-0.000592947,0.009157419,-0.09065453,0.048018955,-0.016814042,0.175125,0.09255358,1.0,,,,,,,,,,,,,,,,,,,,,,,,,,,,,,,,,,,,,,,,,,,
468.0,-0.017339334995788797,0.060785699635744095,0.00027723313542082906,0.3112421929836273,0.0,0.12770922,0.05932369,1.0002773,0.12470894,0.0723748,1.6141954e-06,0.0023961067,-0.0008480549,0.009207964,0.020342385,-0.06102904,0.01216168,0.1755,0.09274814,1.0,,,,,,,,,,,,,,,,,,,,,,,,,,,,,,,,,,,,,,,,,,,
469.0,-0.01745725447905111,0.06061889976263046,0.00027723313542082906,0.307265967130661,0.0,0.12822859,0.05962477,1.0002773,0.12464546,0.072259285,1.5867719e-06,0.002020359,-0.0006444454,0.009138107,-0.09063059,0.04802486,-0.016831832,0.175875,0.09294268,1.0,,,,,,,,,,,,,,,,,,,,,,,,,,,,,,,,,,,,,,,,,,,
470.0,-0.01757424709183588,0.0604526624083519,0.00027723313542082906,0.30332809686660767,0.0,0.12874772,0.059925433,1.0002773,0.124590166,0.072159246,1.6333383e-06,0.0021028519,-0.0008993149,0.00918889,0.020362625,-0.0610168,0.012181839,0.17625,0.0931372,1.0,,,,,,,,,,,,,,,,,,,,,,,,,,,,,,,,,,,,,,,,,,,
471.0,-0.01768997909286195,0.06028695032000542,0.0002772808074951172,0.29942992329597473,0.0,0.12926656,0.060225666,1.0002773,0.1245245,0.07205576,1.6074052e-06,0.0017271042,-0.00069594383,0.009118795,-0.09060667,0.048030756,-0.01684961,0.176625,0.09333169,1.0,,,,,,,,,,,,,,,,,,,,,,,,,,,,,,,,,,,,,,,,,,,
472.0,-0.017804405909489746,0.06012176722288132,0.0002772808074951172,0.29557305574417114,0.0,0.12978518,0.06052553,1.0002773,0.12446702,0.07196773,1.6495388e-06,0.0018098354,-0.0009508133,0.009169579,0.020382857,-0.061004564,0.012201981,0.177,0.093526155,1.0,,,,,,,,,,,,,,,,,,,,,,,,,,,,,,,,,,,,,,,,,,,
473.0,-0.017917768299793215,0.05995706841349602,0.0002772808074951172,0.2917589545249939,0.0,0.1303035,0.060825016,1.0002773,0.124399185,0.07187626,1.6250948e-06,0.0014340878,-0.0007472038,0.009099722,-0.09058276,0.048036646,-0.016867371,0.177375,0.0937206,1.0,,,,,,,,,,,,,,,,,,,,,,,,,,,,,,,,,,,,,,,,,,,
474.0,-0.01802946457041526,0.05979286879301071,0.0002772808074951172,0.2879892885684967,0.0,0.13082159,0.061124183,1.0002773,0.124339536,0.07180023,1.6628006e-06,0.001516819,-0.0010020733,0.009150505,0.020403078,-0.06099233,0.012222106,0.17775,0.093915015,1.0,,,,,,,,,,,,,,,,,,,,,,,,,,,,,,,,,,,,,,,,,,,
475.0,-0.01814024232265265,0.059629179537296295,0.0002773284795694053,0.2842656970024109,0.0,0.13133939,0.06142302,1.0002773,0.124269515,0.07172075,1.6398467e-06,0.0011413097,-0.0007984638,0.009080648,-0.09055886,0.04804253,-0.016885122,0.178125,0.094109416,1.0,,,,,,,,,,,,,,,,,,,,,,,,,,,,,,,,,,,,,,,,,,,
476.0,-0.018249128546330033,0.059466004371643066,0.00027735234471037984,0.2805899679660797,0.0,0.13185692,0.06172159,1.0002773,0.1242077,0.07165671,1.6731291e-06,0.0012242794,-0.0010533333,0.009131432,0.020423291,-0.060980093,0.012242214,0.1785,0.094303794,1.0,,,,,,,,,,,,,,,,,,,,,,,,,,,,,,,,,,,,,,,,,,,
477.0,-0.018356990314141196,0.05930325388908386,0.00027735234471037984,0.27696382999420166,0.0,0.13237414,0.062019877,1.0002774,0.12413552,0.07158922,1.6516669e-06,0.00084877014,-0.0008497238,0.0090613365,-0.09053496,0.0480484,-0.016902858,0.178875,0.09449814,1.0,,,,,,,,,,,,,,,,,,,,,,,,,,,,,,,,,,,,,,,,,,,
478.0,-0.018462849343940296,0.059140969067811966,0.00027735234471037984,0.2733892500400543,0.0,0.1328911,0.06231795,1.0002774,0.12407153,0.07153715,1.3126006e-06,0.0009317398,-0.0011045933,0.009112358,0.020443495,-0.06096786,0.012262304,0.17925,0.09469247,1.0,,,,,,,,,,,,,,,,,,,,,,,,,,,,,,,,,,,,,,,,,,,
479.0,-0.01856757059929805,0.05897914618253708,0.00027735234471037984,0.26986801624298096,0.0,0.13340776,0.06261579,1.0002774,0.12399718,0.07148162,1.3790232e-06,0.00055646896,-0.0009009838,0.009042263,-0.09051108,0.048054267,-0.016920583,0.179625,0.09488677,1.0,,,,,,,,,,,,,,,,,,,,,,,,,,,,,,,,,,,,,,,,,,,
480.0,-0.018670172332083443,0.058817703276872635,0.00027735234471037984,0.2664022445678711,0.0,0.13392414,0.06291346,1.0002774,0.123931035,0.07144153,1.3831865e-06,0.00063943863,-0.0011556149,0.009093285,0.020463688,-0.06095563,0.012282377,0.18,0.09508105,1.0,,,,,,,,,,,,,,,,,,,,,,,,,,,,,,,,,,,,,,,,,,,
481.0,-0.018771512957336655,0.05865674465894699,0.00027735234471037984,0.2629939317703247,0.0,0.1344402,0.06321096,1.0002774,0.123854525,0.07139795,1.3694748e-06,0.0002641678,-0.0009520054,0.00902319,-0.09048721,0.048060123,-0.016938293,0.180375,0.095275305,1.0,,,,,,,,,,,,,,,,,,,,,,,,,,,,,,,,,,,,,,,,,,,
482.0,-0.018870636725518947,0.05849616602063179,0.00027735234471037984,0.2596452236175537,0.0,0.13495597,0.063508324,1.0002774,0.123786226,0.071369804,1.3883946e-06,0.00034713745,-0.0012066364,0.00907445,0.020483874,-0.0609434,0.012302433,0.18075,0.09546954,1.0,,,,,,,,,,,,,,,,,,,,,,,,,,,,,,,,,,,,,,,,,,,
483.0,-0.018968468567786025,0.058336012065410614,0.00027735234471037984,0.2563583552837372,0.0,0.13547143,0.06380557,1.0002774,0.123707555,0.07133818,1.3716783e-06,-2.7894974e-05,-0.001003027,0.009004116,-0.090463355,0.04806597,-0.01695599,0.181125,0.09566375,1.0,,,,,,,,,,,,,,,,,,,,,,,,,,,,,,,,,,,,,,,,,,,
484.0,-0.01906395662695327,0.058176249265670776,0.00027735234471037984,0.2531355619430542,0.0,0.13598658,0.06410275,1.0002774,0.1236371,0.071321964,1.3872486e-06,5.531311e-05,-0.001257658,0.009055376,0.02050405,-0.06093117,0.0123224715,0.1815,0.09585793,1.0,,,,,,,,,,,,,,,,,,,,,,,,,,,,,,,,,,,,,,,,,,,
485.0,-0.01915823205614261,0.058016788214445114,0.00027735234471037984,0.24997910857200623,0.0,0.1365014,0.06439984,1.0002774,0.123556286,0.071302265,1.3717817e-06,-0.00031971931,-0.0010540485,0.008985043,-0.090439506,0.048071813,-0.016973674,0.181875,0.09605209,1.0,,,,,,,,,,,,,,,,,,,,,,,,,,,,,,,,,,,,,,,,,,,
486.0,-0.01924962800860003,0.05785777047276497,0.00027735234471037984,0.24689143896102905,0.0,0.13701591,0.064696915,1.0002774,0.12348367,0.07129797,1.3830082e-06,-0.00023651123,-0.0013084412,0.009036541,0.020524217,-0.06091894,0.012342493,0.18225,0.09624623,1.0,,,,,,,,,,,,,,,,,,,,,,,,,,,,,,,,,,,,,,,,,,,
487.0,-0.019340241114793752,0.05769909545779228,0.00027735234471037984,0.24387499690055847,0.0,0.13753009,0.064993955,1.0002774,0.12340071,0.07129019,1.3690262e-06,-0.00061154366,-0.0011048317,0.008965969,-0.090415664,0.048077647,-0.016991345,0.182625,0.09644034,1.0,,,,,,,,,,,,,,,,,,,,,,,,,,,,,,,,,,,,,,,,,,,
488.0,-0.019427137415952894,0.05754074454307556,0.00027735234471037984,0.24093228578567505,0.0,0.13804394,0.06529103,1.0002774,0.12332596,0.07129781,1.3758587e-06,-0.00052809715,-0.0013594627,0.0090174675,0.020544374,-0.060906712,0.012362497,0.183,0.096634425,1.0,,,,,,,,,,,,,,,,,,,,,,,,,,,,,,,,,,,,,,,,,,,
489.0,-0.01951358208848269,0.057382725179195404,0.00027735234471037984,0.23806583881378174,0.0,0.13855745,0.065588124,1.0002774,0.12324084,0.07130192,1.3633759e-06,-0.00090289116,-0.0011556149,0.008947134,-0.09039184,0.04808347,-0.017009003,0.183375,0.09682849,1.0,,,,,,,,,,,,,,,,,,,,,,,,,,,,,,,,,,,,,,,,,,,
490.0,-0.01959575637965536,0.0572250559926033,0.00027735234471037984,0.23527829349040985,0.0,0.13907063,0.06588529,1.0002774,0.12316395,0.07132144,1.3658153e-06,-0.0008196831,-0.0014100075,0.008998632,0.020564523,-0.060894486,0.012382484,0.18375,0.09702253,1.0,,,,,,,,,,,,,,,,,,,,,,,,,,,,,,,,,,,,,,,,,,,
491.0,-0.019677321234854665,0.05706766992807388,0.00027735234471037984,0.2325722575187683,0.0,0.13958345,0.06618253,1.0002774,0.1230767,0.07133745,1.354834e-06,-0.0010511875,-0.001206398,0.0089280605,-0.05600526,0.04839851,-0.016978191,0.184125,0.09721655,1.0,,,,,,,,,,,,,,,,,,,,,,,,,,,,,,,,,,,,,,,,,,,
492.0,-0.019754525891535108,0.05691063404083252,0.00027740001678466797,0.22995048761367798,0.0,0.14009593,0.06647988,1.0002774,0.12299772,0.071362995,1.3594554e-06,-0.00082445145,-0.0014607906,0.008979559,0.05493927,-0.06057916,0.01243506,0.1845,0.09741054,1.0,,,,,,,,,,,,,,,,,,,,,,,,,,,,,,,,,,,,,,,,,,,
493.0,-0.019830958139387622,0.05675387382507324,0.0002774476888589561,0.22741565108299255,0.0,0.14060806,0.06677729,1.0002774,0.12290844,0.07137918,1.3531877e-06,-0.0010559559,-0.0012569427,0.008909225,-0.055997558,0.048408296,-0.016980242,0.184875,0.097604506,1.0,,,,,,,,,,,,,,,,,,,,,,,,,,,,,,,,,,,,,,,,,,,
494.0,-0.019902866162016836,0.05659741163253784,0.0002774476888589561,0.22497053444385529,0.0,0.14111984,0.06707481,1.0002774,0.12282743,0.0714049,1.3570813e-06,-0.0008292198,-0.0015115738,0.008960724,0.05494342,-0.06057135,0.012439116,0.18525,0.097798444,1.0,,,,,,,,,,,,,,,,,,,,,,,,,,,,,,,,,,,,,,,,,,,
495.0,-0.019973836916511938,0.05644122511148453,0.0002774476888589561,0.22261784970760345,0.0,0.14163125,0.067372404,1.0002774,0.122736126,0.07142125,1.3505055e-06,-0.0010607243,-0.0013077259,0.00889039,-0.055989858,0.048418075,-0.016982287,0.185625,0.09799236,1.0,,,,,,,,,,,,,,,,,,,,,,,,,,,,,,,,,,,,,,,,,,,
496.0,-0.020040116087406933,0.05628538876771927,0.0002774476888589561,0.22036047279834747,0.0,0.1421423,0.0676701,1.0002774,0.12265309,0.07144714,1.3548506e-06,-0.0008342266,-0.0015621185,0.008941889,0.054947566,-0.060563542,0.012443163,0.186,0.098186255,1.0,,,,,,,,,,,,,,,,,,,,,,,,,,,,,,,,,,,,,,,,,,,
497.0,-0.020105292993388778,0.05612976476550102,0.0002774715539999306,0.21820101141929626,0.0,0.14265296,0.06796786,1.0002774,0.122559756,0.07146367,1.3476903e-06,-0.0010654926,-0.0013582706,0.008871317,-0.05598216,0.04842785,-0.016984327,0.186375,0.098380126,1.0,,,,,,,,,,,,,,,,,,,,,,,,,,,,,,,,,,,,,,,,,,,
498.0,-0.020165616509712526,0.05597445368766785,0.0002774715539999306,0.21614225208759308,0.0,0.14316326,0.068265736,1.0002775,0.1224747,0.07148973,1.3525517e-06,-0.00083875656,-0.0016124249,0.008922815,0.054951712,-0.06055574,0.012447204,0.18675,0.09857397,1.0,,,,,,,,,,,,,,,,,,,,,,,,,,,,,,,,,,,,,,,,,,,
499.0,-0.02022426856102302,0.05581935495138168,0.0002774715539999306,0.21418683230876923,0.0,0.14367318,0.06856368,1.0002775,0.122379355,0.07150642,9.768629e-07,-0.001070261,-0.001408577,0.008852482,-0.05597447,0.04843762,-0.016986359,0.187125,0.09876779,1.0,,,,,,,,,,,,,,,,,,,,,,,,,,,,,,,,,,,,,,,,,,,
500.0,-0.020277907999081527,0.05566457659006119,0.0002774715539999306,0.2123374044895172,0.0,0.14418274,0.06886173,1.0002775,0.12229228,0.07153265,1.0686355e-06,-0.00084352493,-0.0016629696,0.00890398,0.054955855,-0.060547944,0.012451239,0.1875,0.098961584,1.0,,,,,,,,,,,,,,,,,,,,,,,,,,,,,,,,,,,,,,,,,,,
501.0,-0.020330127218546115,0.055510085076093674,0.0002774715539999306,0.21059650182724,0.0,0.14469188,0.06915986,1.0002775,0.122194916,0.071549505,1.0399912e-06,-0.0010750294,-0.0014591217,0.008833647,-0.05596678,0.04844739,-0.016988384,0.187875,0.09915535,1.0,,,,,,,,,,,,,,,,,,,,,,,,,,,,,,,,,,,,,,,,,,,
502.0,-0.02037718082601323,0.05535587668418884,0.0002774715539999306,0.2089666873216629,0.0,0.14520065,0.06945809,1.0002775,0.12210584,0.0715759,1.0506556e-06,-0.0008482933,-0.0017132759,0.008885145,0.05496,-0.06054015,0.012455266,0.18825,0.0993491,1.0,,,,,,,,,,,,,,,,,,,,,,,,,,,,,,,,,,,,,,,,,,,
503.0,-0.020422670412998018,0.05520201846957207,0.0002774715539999306,0.20745021104812622,0.0,0.14570901,0.06975639,1.0002775,0.12200646,0.07159293,1.0405787e-06,-0.0010795593,-0.001509428,0.008814812,-0.055959094,0.048457153,-0.016990403,0.188625,0.09954282,1.0,,,,,,,,,,,,,,,,,,,,,,,,,,,,,,,,,,,,,,,,,,,
504.0,-0.020463844612327375,0.05504850670695305,0.0002774715539999306,0.206049382686615,0.0,0.14621699,0.07005481,1.0002775,0.12191536,0.07161948,1.0472627e-06,-0.00085282326,-0.0017635822,0.00886631,0.054964144,-0.06053236,0.012459286,0.189,0.09973651,1.0,,,,,,,,,,,,,,,,,,,,,,,,,,,,,,,,,,,,,,,,,,,
505.0,-0.020502150847886338,0.05489533022046089,0.0002774715539999306,0.20476625859737396,0.0,0.14672455,0.07035329,1.0002775,0.12181398,0.07163667,1.0376435e-06,-0.0010840893,-0.0015594959,0.008795738,-0.05595141,0.048466913,-0.016992414,0.189375,0.09993019,1.0,,,,,,,,,,,,,,,,,,,,,,,,,,,,,,,,,,,,,,,,,,,
506.0,-0.02053662835463165,0.054742563515901566,0.0002774715539999306,0.20360291004180908,0.0,0.14723173,0.07065189,1.0002775,0.12172089,0.07166339,1.0445993e-06,-0.0008573532,-0.0018136501,0.008847475,0.054968286,-0.06052458,0.012463299,0.18975,0.10012383,1.0,,,,,,,,,,,,,,,,,,,,,,,,,,,,,,,,,,,,,,,,,,,
507.0,-0.020567481026229236,0.0545901283621788,0.0002774715539999306,0.20256106555461884,0.0,0.14773846,0.07095056,1.0002775,0.1216175,0.07168073,1.0344403e-06,-0.0010886192,-0.0016098022,0.008776903,-0.05594373,0.048476666,-0.01699442,0.190125,0.100317456,1.0,,,,,,,,,,,,,,,,,,,,,,,,,,,,,,,,,,,,,,,,,,,
508.0,-0.02059464315228488,0.05443807691335678,0.0002774715539999306,0.20164233446121216,0.0,0.14824481,0.07124934,1.0002775,0.121522404,0.07170761,1.041902e-06,-0.00086188316,-0.0018639565,0.00882864,0.05497243,-0.060516797,0.012467305,0.1905,0.100511044,1.0,,,,,,,,,,,,,,,,,,,,,,,,,,,,,,,,,,,,,,,,,,,
509.0,-0.02061807417939499,0.05428644269704819,0.0002774715539999306,0.2008480727672577,0.0,0.14875071,0.07154819,1.0002775,0.121417016,0.071725115,1.0311484e-06,-0.0010931492,-0.0016598701,0.008758068,-0.055936057,0.04848642,-0.016996419,0.190875,0.10070462,1.0,,,,,,,,,,,,,,,,,,,,,,,,,,,,,,,,,,,,,,,,,,,
510.0,-0.020637733553997718,0.05413518473505974,0.0002774715539999306,0.20017962157726288,0.0,0.14925621,0.07184716,1.0002775,0.12131992,0.071752146,1.039129e-06,-0.0008661747,-0.0019140244,0.0088095665,0.054976568,-0.060509022,0.012471304,0.19125,0.10089816,1.0,,,,,,,,,,,,,,,,,,,,,,,,,,,,,,,,,,,,,,,,,,,
511.0,-0.020653596702131478,0.053984273225069046,0.0002774715539999306,0.19963783025741577,0.0,0.14976126,0.07214621,1.0002775,0.12121254,0.07176981,1.0277781e-06,-0.0010974407,-0.001709938,0.008739233,-0.055928387,0.048496168,-0.01699841,0.191625,0.10109168,1.0,,,,,,,,,,,,,,,,,,,,,,,,,,,,,,,,,,,,,,,,,,,
512.0,-0.02066563713946398,0.053833819925785065,0.00027751922607421875,0.19922353327274323,0.0,0.1502659,0.072445355,1.0002775,0.12111346,0.071797,1.0362785e-06,-0.00087070465,-0.0019638538,0.008790731,0.054980706,-0.06050125,0.012475296,0.192,0.10128518,1.0,,,,,,,,,,,,,,,,,,,,,,,,,,,,,,,,,,,,,,,,,,,
513.0,-0.020673843297701573,0.05368373915553093,0.00027751922607421875,0.19893720746040344,0.0,0.15077008,0.072744586,1.0002775,0.12100408,0.07181481,1.0243305e-06,-0.0011017323,-0.0017597675,0.008720398,-0.05592072,0.04850591,-0.017000396,0.192375,0.10147865,1.0,,,,,,,,,,,,,,,,,,,,,,,,,,,,,,,,,,,,,,,,,,,
514.0,-0.02067780526506258,0.053534042090177536,0.00027751922607421875,0.19877909123897552,0.0,0.15127385,0.07304393,1.0002775,0.12090301,0.07184216,1.0333505e-06,-0.0008749962,-0.0020139217,0.008771896,0.054984845,-0.060493488,0.012479281,0.19275,0.10167209,1.0,,,,,,,,,,,,,,,,,,,,,,,,,,,,,,,,,,,,,,,,,,,
515.0,-0.02067802807454282,0.05338476970791817,0.00027751922607421875,0.19874919950962067,0.0,0.15177715,0.073343344,1.0002775,0.12079165,0.07186012,1.0208059e-06,-0.0011062622,-0.001809597,0.008701563,-0.055913057,0.04851565,-0.017002376,0.193125,0.10186551,1.0,,,,,,,,,,,,,,,,,,,,,,,,,,,,,,,,,,,,,,,,,,,
516.0,-0.02067449876056499,0.05323600769042969,0.00027751922607421875,0.19884732365608215,0.0,0.15228002,0.07364288,1.0002775,0.12068859,0.07188762,1.0303454e-06,-0.0008792877,-0.0020637512,0.008753061,0.054988984,-0.060485724,0.01248326,0.1935,0.1020589,1.0,,,,,,,,,,,,,,,,,,,,,,,,,,,,,,,,,,,,,,,,,,,
517.0,-0.02066806467659353,0.05308767408132553,0.00027751922607421875,0.1990729570388794,0.0,0.15278241,0.07394248,1.0002775,0.12057525,0.07190573,1.0172049e-06,-0.0011103153,-0.0018594265,0.008682728,-0.055905398,0.048525386,-0.017004346,0.193875,0.102252275,1.0,,,,,,,,,,,,,,,,,,,,,,,,,,,,,,,,,,,,,,,,,,,
518.0,-0.02065691398887957,0.052939899265766144,0.00027751922607421875,0.1994253396987915,0.0,0.15328437,0.074242204,1.0002775,0.1204702,0.07193338,1.0272637e-06,-0.00088357925,-0.0021133423,0.008734226,0.05499312,-0.06047797,0.012487231,0.19425,0.10244561,1.0,,,,,,,,,,,,,,,,,,,,,,,,,,,,,,,,,,,,,,,,,,,
519.0,-0.02064290915023248,0.05279263108968735,0.00027751922607421875,0.19990354776382446,0.0,0.15378585,0.07454201,1.0002775,0.12035489,0.07195164,1.0135276e-06,-0.0011146069,-0.001909256,0.008663893,-0.055897743,0.04853512,-0.017006313,0.194625,0.10263893,1.0,,,,,,,,,,,,,,,,,,,,,,,,,,,,,,,,,,,,,,,,,,,
520.0,-0.020624251136924433,0.05264599248766899,0.00027751922607421875,0.20050637423992157,0.0,0.15428689,0.074841924,1.0002775,0.12024787,0.07197943,1.0241057e-06,-0.00088763237,-0.0021631718,0.00871563,0.054997254,-0.060470212,0.0124911945,0.195,0.10283222,1.0,,,,,,,,,,,,,,,,,,,,,,,,,,,,,,,,,,,,,,,,,,,
521.0,-0.020601922758932596,0.052499908953905106,0.0002775668981485069,0.20123235881328583,0.0,0.15478742,0.075141914,1.0002775,0.120130576,0.07199785,1.0097745e-06,-0.00111866,-0.001958847,0.008645058,-0.05589009,0.048544846,-0.017008271,0.195375,0.10302549,1.0,,,,,,,,,,,,,,,,,,,,,,,,,,,,,,,,,,,,,,,,,,,
522.0,-0.0205759506963268,0.052354417741298676,0.0002775668981485069,0.2020798921585083,0.0,0.15528752,0.075442016,1.0002775,0.12002158,0.07202578,1.020872e-06,-0.0008916855,-0.0022127628,0.0086967945,0.05500139,-0.060462464,0.012495152,0.19575,0.10321873,1.0,,,,,,,,,,,,,,,,,,,,,,,,,,,,,,,,,,,,,,,,,,,
523.0,-0.020546392389718587,0.05220954865217209,0.0002775668981485069,0.20304714143276215,0.0,0.15578711,0.07574221,1.0002775,0.11990232,0.07204434,1.0059458e-06,-0.0011229515,-0.002008438,0.008626461,-0.05588244,0.04855457,-0.017010225,0.196125,0.103411935,1.0,,,,,,,,,,,,,,,,,,,,,,,,,,,,,,,,,,,,,,,,,,,
524.0,-0.020513305673147988,0.05206524580717087,0.0002775668981485069,0.2041321098804474,0.0,0.15628624,0.0760425,1.0002775,0.11979136,0.072072424,1.0175626e-06,-0.000895977,-0.002262354,0.008677959,0.055005524,-0.060454722,0.012499101,0.1965,0.10360513,1.0,,,,,,,,,,,,,,,,,,,,,,,,,,,,,,,,,,,,,,,,,,,
525.0,-0.02047679588340707,0.051921546459198,0.0002775907632894814,0.20533256232738495,0.0,0.15678486,0.07634289,1.0002775,0.11967012,0.072091125,1.0020423e-06,-0.0011270046,-0.0020580292,0.008607626,-0.055874795,0.04856429,-0.01701217,0.196875,0.103798285,1.0,,,,,,,,,,,,,,,,,,,,,,,,,,,,,,,,,,,,,,,,,,,
526.0,-0.020436890960288476,0.05177842825651169,0.0002775907632894814,0.20664629340171814,0.0,0.15728302,0.076643385,1.0002776,0.1195572,0.07211934,1.014178e-06,-0.0008997917,-0.0023117065,0.008659124,0.055009656,-0.06044698,0.012503045,0.19725,0.10399143,1.0,,,,,,,,,,,,,,,,,,,,,,,,,,,,,,,,,,,,,,,,,,,
527.0,-0.02039366996484169,0.051635921001434326,0.0002775907632894814,0.20807074010372162,0.0,0.15778066,0.07694396,1.0002776,0.11943401,0.07213818,6.301351e-07,-0.0011308193,-0.0021073818,0.008588791,-0.055867154,0.048574004,-0.017014109,0.197625,0.10418453,1.0,,,,,,,,,,,,,,,,,,,,,,,,,,,,,,,,,,,,,,,,,,,
528.0,-0.02034720529474307,0.05149400234222412,0.0002775907632894814,0.2096034288406372,0.0,0.15827782,0.077244654,1.0002776,0.11931912,0.07216654,7.291803e-07,-0.00090384483,-0.0023610592,0.008640289,0.055013787,-0.060439244,0.012506981,0.198,0.10437762,1.0,,,,,,,,,,,,,,,,,,,,,,,,,,,,,,,,,,,,,,,,,,,
529.0,-0.020297579827314984,0.05135270208120346,0.0002775907632894814,0.21124166250228882,0.0,0.15877447,0.07754543,1.0002776,0.11919396,0.072185524,6.921881e-07,-0.0011348724,-0.0021567345,0.008569956,-0.055859517,0.04858372,-0.017016042,0.198375,0.10457068,1.0,,,,,,,,,,,,,,,,,,,,,,,,,,,,,,,,,,,,,,,,,,,
530.0,-0.020244873537022798,0.05121200159192085,0.0002775907632894814,0.21298271417617798,0.0,0.15927063,0.07784632,1.0002776,0.11907712,0.072214015,7.101248e-07,-0.00090789795,-0.0024104118,0.008621693,0.05501792,-0.060431514,0.012510911,0.19875,0.10476371,1.0,,,,,,,,,,,,,,,,,,,,,,,,,,,,,,,,,,,,,,,,,,,
531.0,-0.020189172301761937,0.051071904599666595,0.0002775907632894814,0.21482379734516144,0.0,0.15976624,0.078147285,1.0002776,0.11895002,0.07223313,6.91706e-07,-0.0011386871,-0.002206087,0.008551121,-0.05585188,0.048593428,-0.017017968,0.199125,0.10495672,1.0,,,,,,,,,,,,,,,,,,,,,,,,,,,,,,,,,,,,,,,,,,,
532.0,-0.020130559169113806,0.050932399928569794,0.0002775907632894814,0.21676206588745117,0.0,0.16026138,0.07844838,1.0002776,0.11883122,0.072261766,7.056613e-07,-0.00091171265,-0.0024597645,0.008602858,0.055022046,-0.060423788,0.012514832,0.1995,0.105149694,1.0,,,,,,,,,,,,,,,,,,,,,,,,,,,,,,,,,,,,,,,,,,,
533.0,-0.020069122930984666,0.050793539732694626,0.0002775907632894814,0.21879462897777557,0.0,0.16075598,0.07874955,1.0002776,0.11870216,0.07228102,6.8770674e-07,-0.0011427402,-0.0022552013,0.008532524,-0.05584425,0.04860313,-0.017019887,0.199875,0.10534264,1.0,,,,,,,,,,,,,,,,,,,,,,,,,,,,,,,,,,,,,,,,,,,
534.0,-0.020004949743733413,0.050655297935009,0.0002775907632894814,0.22091858088970184,0.0,0.16125005,0.07905084,1.0002776,0.118581414,0.072309785,7.019328e-07,-0.00091552734,-0.0025088787,0.0085840225,0.055026177,-0.060416065,0.012518748,0.20025,0.105535574,1.0,,,,,,,,,,,,,,,,,,,,,,,,,,,,,,,,,,,,,,,,,,,
535.0,-0.019938274755388376,0.05051767826080322,0.0002775907632894814,0.22313104569911957,0.0,0.1617436,0.079352215,1.0002776,0.1184504,0.07232916,6.834444e-07,-0.0011463165,-0.0023043156,0.008513689,-0.055836625,0.04861283,-0.0170218,0.200625,0.10572847,1.0,,,,,,,,,,,,,,,,,,,,,,,,,,,,,,,,,,,,,,,,,,,
536.0,-0.01986903432080326,0.05038062483072281,0.0002775907632894814,0.22542916238307953,0.0,0.16223663,0.0796537,1.0002776,0.118327715,0.07235806,6.981754e-07,-0.00091934204,-0.002557993,0.008565426,0.055030305,-0.060408346,0.0125226565,0.201,0.10592134,1.0,,,,,,,,,,,,,,,,,,,,,,,,,,,,,,,,,,,,,,,,,,,
537.0,-0.01979731928761703,0.050244271755218506,0.0002775907632894814,0.22780998051166534,0.0,0.16272911,0.07995528,1.0002776,0.11819477,0.07237758,6.790988e-07,-0.0011501312,-0.0023534298,0.008495092,-0.055829003,0.048622526,-0.017023705,0.201375,0.106114194,1.0,,,,,,,,,,,,,,,,,,,,,,,,,,,,,,,,,,,,,,,,,,,
538.0,-0.019723211442776487,0.05010855197906494,0.0002775907632894814,0.23027068376541138,0.0,0.16322108,0.08025697,1.0002776,0.11807013,0.0724066,6.9434765e-07,-0.0009229183,-0.0026071072,0.008546591,0.055034433,-0.060400635,0.012526558,0.20175,0.106307015,1.0,,,,,,,,,,,,,,,,,,,,,,,,,,,,,,,,,,,,,,,,,,,
539.0,-0.019646797808572956,0.0499735102057457,0.0002775907632894814,0.232808455824852,0.0,0.16371247,0.08055875,1.0002776,0.11793524,0.072426245,6.7468005e-07,-0.0011539459,-0.002402544,0.008476257,-0.05582138,0.04863222,-0.017025605,0.202125,0.106499806,1.0,,,,,,,,,,,,,,,,,,,,,,,,,,,,,,,,,,,,,,,,,,,
540.0,-0.019568160482756506,0.04983913153409958,0.0002775907632894814,0.23542049527168274,0.0,0.16420335,0.080860645,1.0002776,0.11780868,0.0724554,6.904475e-07,-0.000926733,-0.002655983,0.008527994,0.055038556,-0.060392924,0.012530453,0.2025,0.106692575,1.0,,,,,,,,,,,,,,,,,,,,,,,,,,,,,,,,,,,,,,,,,,,
541.0,-0.01948738189415417,0.04970545694231987,0.0002775907632894814,0.23810413479804993,0.0,0.16469364,0.081162624,1.0002776,0.11767185,0.072475165,6.7018914e-07,-0.0011575222,-0.0024514198,0.008457422,-0.055813767,0.04864191,-0.017027497,0.202875,0.106885314,1.0,,,,,,,,,,,,,,,,,,,,,,,,,,,,,,,,,,,,,,,,,,,
542.0,-0.019404540378192545,0.04957246035337448,0.0002775907632894814,0.24085667729377747,0.0,0.1651834,0.08146473,1.0002776,0.11754335,0.072504446,6.864751e-07,-0.0009303093,-0.0027050972,0.008509159,0.055042684,-0.06038522,0.01253434,0.20325,0.10707803,1.0,,,,,,,,,,,,,,,,,,,,,,,,,,,,,,,,,,,,,,,,,,,
543.0,-0.01931971733924711,0.0494401678442955,0.00027763843536376953,0.24367548525333405,0.0,0.16567259,0.08176691,1.0002776,0.11740459,0.07252434,6.6562654e-07,-0.0011610985,-0.0025002956,0.008438826,-0.055806156,0.04865159,-0.017029384,0.203625,0.10727072,1.0,,,,,,,,,,,,,,,,,,,,,,,,,,,,,,,,,,,,,,,,,,,
544.0,-0.01923298603033145,0.04930860921740532,0.00027763843536376953,0.2465580701828003,0.0,0.16616122,0.08206922,1.0002776,0.11727416,0.07255374,6.824309e-07,-0.0009338856,-0.0027537346,0.008490562,0.055046808,-0.06037752,0.012538221,0.204,0.107463375,1.0,,,,,,,,,,,,,,,,,,,,,,,,,,,,,,,,,,,,,,,,,,,
545.0,-0.01914442273748755,0.04917778819799423,0.00027763843536376953,0.24950192868709564,0.0,0.16664928,0.08237161,1.0002776,0.117133476,0.07257376,6.6099255e-07,-0.0011646748,-0.0025491714,0.008420229,-0.055798545,0.048661273,-0.017031264,0.204375,0.10765601,1.0,,,,,,,,,,,,,,,,,,,,,,,,,,,,,,,,,,,,,,,,,,,
546.0,-0.019054098906423317,0.049047745764255524,0.00027763843536376953,0.2525046467781067,0.0,0.16713679,0.08267412,1.0002776,0.11700112,0.07260328,6.7831525e-07,-0.00093746185,-0.0028026104,0.008471727,0.055050932,-0.060369823,0.012542094,0.20475,0.107848614,1.0,,,,,,,,,,,,,,,,,,,,,,,,,,,,,,,,,,,,,,,,,,,
547.0,-0.018962086288485443,0.048918429762125015,0.00027763843536376953,0.255563884973526,0.0,0.1676237,0.08297672,1.0002776,0.11685851,0.07262342,6.562875e-07,-0.001168251,-0.0025978088,0.008401394,-0.055790942,0.048670948,-0.017033137,0.205125,0.1080412,1.0,,,,,,,,,,,,,,,,,,,,,,,,,,,,,,,,,,,,,,,,,,,
548.0,-0.018868451798986465,0.04878982529044151,0.00027763843536376953,0.25867733359336853,0.0,0.16811006,0.08327944,1.0002776,0.11672423,0.072653055,6.741284e-07,-0.0009407997,-0.0028512478,0.008453131,0.055055052,-0.06036213,0.012545961,0.2055,0.10823375,1.0,,,,,,,,,,,,,,,,,,,,,,,,,,,,,,,,,,,,,,,,,,,
549.0,-0.018773262568014256,0.048662103712558746,0.00027763843536376953,0.26184287667274475,0.0,0.1685958,0.083582245,1.0002776,0.116579704,0.07267331,6.5151187e-07,-0.0011715889,-0.0026464462,0.008382797,-0.055783343,0.048680622,-0.017035004,0.205875,0.10842627,1.0,,,,,,,,,,,,,,,,,,,,,,,,,,,,,,,,,,,,,,,,,,,
550.0,-0.018676580278860457,0.04853510111570358,0.00027763843536376953,0.26505833864212036,0.0,0.16908099,0.08388518,1.0002776,0.11644351,0.07270308,6.698709e-07,-0.000944376,-0.0028998852,0.008434296,0.055059176,-0.060354445,0.01254982,0.20625,0.10861877,1.0,,,,,,,,,,,,,,,,,,,,,,,,,,,,,,,,,,,,,,,,,,,
551.0,-0.018578469610695904,0.04840891808271408,0.00027763843536376953,0.2683216631412506,0.0,0.16956556,0.08418819,1.0002776,0.116297066,0.07272345,6.4666585e-07,-0.0011749268,-0.0026950836,0.008363962,-0.055775743,0.04869029,-0.017036865,0.206625,0.108811244,1.0,,,,,,,,,,,,,,,,,,,,,,,,,,,,,,,,,,,,,,,,,,,
552.0,-0.018478986230688683,0.04828355461359024,0.00027763843536376953,0.2716309130191803,0.0,0.17004955,0.08449133,1.0002776,0.116158955,0.072753325,6.65543e-07,-0.00094771385,-0.0029482841,0.008415699,0.055063296,-0.06034676,0.012553673,0.207,0.10900369,1.0,,,,,,,,,,,,,,,,,,,,,,,,,,,,,,,,,,,,,,,,,,,
553.0,-0.018378190753273883,0.04815904051065445,0.00027763843536376953,0.2749841511249542,0.0,0.17053293,0.08479455,1.0002776,0.11601061,0.072773814,6.417499e-07,-0.0011782646,-0.0027434826,0.0083453655,-0.05576815,0.048699956,-0.017038718,0.207375,0.109196104,1.0,,,,,,,,,,,,,,,,,,,,,,,,,,,,,,,,,,,,,,,,,,,
554.0,-0.018276137327370635,0.048035308718681335,0.00027763843536376953,0.27837949991226196,0.0,0.17101572,0.0850979,1.0002776,0.11587058,0.0728038,6.61145e-07,-0.0009510517,-0.0029969215,0.008397102,0.055067413,-0.060339082,0.01255752,0.20775,0.1093885,1.0,,,,,,,,,,,,,,,,,,,,,,,,,,,,,,,,,,,,,,,,,,,
555.0,-0.018172880004827675,0.047912437468767166,0.00027763843536376953,0.28181523084640503,0.0,0.1714979,0.08540134,1.0002776,0.115720324,0.0728244,6.3676447e-07,-0.0011816025,-0.0027918816,0.008326769,-0.05576056,0.048709616,-0.017040564,0.208125,0.10958086,1.0,,,,,,,,,,,,,,,,,,,,,,,,,,,,,,,,,,,,,,,,,,,
556.0,-0.01806846863652627,0.04779043048620224,0.00027763843536376953,0.28528961539268494,0.0,0.17197947,0.0857049,1.0002776,0.1155784,0.072854504,6.566774e-07,-0.0009543896,-0.0030453205,0.008378267,0.055071533,-0.060331408,0.0125613585,0.2085,0.1097732,1.0,,,,,,,,,,,,,,,,,,,,,,,,,,,,,,,,,,,,,,,,,,,
557.0,-0.017962954800447916,0.04766932129859924,0.00027763843536376953,0.28880101442337036,0.0,0.1724604,0.08600855,1.0002776,0.11542623,0.07287522,6.3170967e-07,-0.0011849403,-0.0028402805,0.008308172,-0.055752974,0.048719272,-0.017042404,0.208875,0.1099655,1.0,,,,,,,,,,,,,,,,,,,,,,,,,,,,,,,,,,,,,,,,,,,
558.0,-0.017855720707398725,0.047549039125442505,0.00027763843536376953,0.29234784841537476,0.0,0.17294075,0.08631232,1.0002776,0.1152824,0.07290542,6.521405e-07,-0.000957489,-0.003093481,0.008359671,0.05507565,-0.060323738,0.01256519,0.20925,0.11015778,1.0,,,,,,,,,,,,,,,,,,,,,,,,,,,,,,,,,,,,,,,,,,,
559.0,-0.017742255794292033,0.047429658472537994,0.00027763843536376953,0.29592862725257874,0.0,0.17342046,0.08661618,1.0002776,0.11512834,0.072926246,6.265861e-07,-0.0011880398,-0.0028886795,0.008289337,-0.05574539,0.048728928,-0.017044239,0.209625,0.110350035,1.0,,,,,,,,,,,,,,,,,,,,,,,,,,,,,,,,,,,,,,,,,,,
560.0,-0.017627979908239107,0.0473112091422081,0.00027763843536376953,0.2995418310165405,0.0,0.17389955,0.086920165,1.0002776,0.11498261,0.07295656,6.4753465e-07,-0.00096058846,-0.00314188,0.008341074,0.05507977,-0.06031607,0.012569016,0.21,0.11054226,1.0,,,,,,,,,,,,,,,,,,,,,,,,,,,,,,,,,,,,,,,,,,,
561.0,-0.01751303877075825,0.04719366505742073,0.00027763843536376953,0.3031860888004303,0.0,0.174378,0.08722424,1.0002776,0.11482665,0.07297749,6.21394e-07,-0.0011911392,-0.00293684,0.0082707405,-0.055737812,0.048738576,-0.017046066,0.210375,0.110734455,1.0,,,,,,,,,,,,,,,,,,,,,,,,,,,,,,,,,,,,,,,,,,,
562.0,-0.017397356355053673,0.04707703739404678,0.00027763843536376953,0.3068600594997406,0.0,0.17485583,0.08752844,1.0002776,0.11467903,0.07300791,6.4286013e-07,-0.0009636879,-0.0031900406,0.008322477,0.055083882,-0.06030841,0.012572834,0.21075,0.11092663,1.0,,,,,,,,,,,,,,,,,,,,,,,,,,,,,,,,,,,,,,,,,,,
563.0,-0.017281078063677888,0.04696134477853775,0.00027763843536376953,0.3105624318122864,0.0,0.175333,0.08783272,1.0002776,0.114521176,0.073028944,6.161338e-07,-0.0011942387,-0.0029850006,0.008252144,-0.055730235,0.04874822,-0.017047886,0.211125,0.11111877,1.0,,,,,,,,,,,,,,,,,,,,,,,,,,,,,,,,,,,,,,,,,,,
564.0,-0.017164124856117634,0.04684660583734512,0.00027763843536376953,0.31429192423820496,0.0,0.17580955,0.088137135,1.0002776,0.114371665,0.07305948,6.3811746e-07,-0.00096678734,-0.0032382011,0.008303881,0.055088,-0.060300753,0.012576645,0.2115,0.111310884,1.0,,,,,,,,,,,,,,,,,,,,,,,,,,,,,,,,,,,,,,,,,,,
565.0,-0.01704663807727957,0.04673279449343681,0.00027763843536376953,0.3180473744869232,0.0,0.17628543,0.08844164,1.0002776,0.11421192,0.07308061,6.1080567e-07,-0.0011973381,-0.0030331612,0.008233547,-0.055722665,0.048757862,-0.0170497,0.211875,0.11150297,1.0,,,,,,,,,,,,,,,,,,,,,,,,,,,,,,,,,,,,,,,,,,,
566.0,-0.016928534183528975,0.046619974076747894,0.00027763843536376953,0.3218276798725128,0.0,0.17676067,0.08874627,1.0002776,0.11406052,0.07311124,6.3330685e-07,-0.0009698868,-0.0032861233,0.008285284,0.05509211,-0.0602931,0.01258045,0.21225,0.11169503,1.0,,,,,,,,,,,,,,,,,,,,,,,,,,,,,,,,,,,,,,,,,,,
567.0,-0.01680995460526447,0.046508148312568665,0.00027763843536376953,0.32563164830207825,0.0,0.17723526,0.089050986,1.0002776,0.113898896,0.07313248,6.0541015e-07,-0.0012004375,-0.0030810833,0.008214951,-0.055715095,0.0487675,-0.017051509,0.212625,0.11188706,1.0,,,,,,,,,,,,,,,,,,,,,,,,,,,,,,,,,,,,,,,,,,,
568.0,-0.01669081594395721,0.04639729484915733,0.0002776622714009136,0.32945820689201355,0.0,0.17770919,0.089355834,1.0002776,0.113745615,0.073163204,6.284287e-07,-0.0009729862,-0.0033340454,0.008266687,0.055096224,-0.060285453,0.012584247,0.213,0.11207906,1.0,,,,,,,,,,,,,,,,,,,,,,,,,,,,,,,,,,,,,,,,,,,
569.0,-0.01657125279443117,0.04628745838999748,0.0002776622714009136,0.33330637216567993,0.0,0.17818245,0.08966077,1.0002778,0.113582104,0.07318454,5.9994755e-07,-0.0012032986,-0.0031290054,0.008196354,-0.055707533,0.048777133,-0.01705331,0.213375,0.11227103,1.0,,,,,,,,,,,,,,,,,,,,,,,,,,,,,,,,,,,,,,,,,,,
570.0,-0.016451178929581877,0.04617857187986374,0.0002776622714009136,0.337175190448761,0.0,0.17865507,0.089965835,1.0002778,0.11342695,0.07321537,2.5555562e-07,-0.00097584724,-0.0033819675,0.008248091,0.055100337,-0.06027781,0.012588038,0.21375,0.11246298,1.0,,,,,,,,,,,,,,,,,,,,,,,,,,,,,,,,,,,,,,,,,,,
571.0,-0.016330728767067197,0.04607077315449715,0.0002776622714009136,0.3410637080669403,0.0,0.179127,0.09027099,1.0002778,0.113261566,0.0732368,3.128788e-07,-0.0012061596,-0.0031769276,0.008177757,-0.05569997,0.048786763,-0.017055104,0.214125,0.1126549,1.0,,,,,,,,,,,,,,,,,,,,,,,,,,,,,,,,,,,,,,,,,,,
572.0,-0.016209815532790165,0.04596399515867233,0.0002776622714009136,0.3449709415435791,0.0,0.17959826,0.09057627,1.0002778,0.11310453,0.07326773,3.1664817e-07,-0.0009787083,-0.0034298897,0.008229494,0.05510445,-0.06027017,0.012591821,0.2145,0.11284679,1.0,,,,,,,,,,,,,,,,,,,,,,,,,,,,,,,,,,,,,,,,,,,
573.0,-0.016088570299860657,0.045858219265937805,0.0002776622714009136,0.3488960862159729,0.0,0.18006884,0.090881646,1.0002778,0.11293727,0.07328925,2.9176186e-07,-0.0012090206,-0.0032246113,0.008159161,-0.055692416,0.04879639,-0.017056892,0.214875,0.11303865,1.0,,,,,,,,,,,,,,,,,,,,,,,,,,,,,,,,,,,,,,,,,,,
574.0,-0.015966905075231626,0.04575353115797043,0.0002776622714009136,0.3528382480144501,0.0,0.18053874,0.09118714,1.0002778,0.11277837,0.07332027,3.152139e-07,-0.0009815693,-0.0034775734,0.008210897,0.05510856,-0.060262535,0.012595599,0.21525,0.11323048,1.0,,,,,,,,,,,,,,,,,,,,,,,,,,,,,,,,,,,,,,,,,,,
575.0,-0.015844948489827586,0.04564995318651199,0.0002776622714009136,0.35679665207862854,0.0,0.18100795,0.091492735,1.0002778,0.112609245,0.07334189,2.8524437e-07,-0.0012118816,-0.003272295,0.008140564,-0.05568486,0.048806008,-0.017058672,0.215625,0.11342229,1.0,,,,,,,,,,,,,,,,,,,,,,,,,,,,,,,,,,,,,,,,,,,
576.0,-0.015722608750392105,0.04554736614227295,0.0002776622714009136,0.3607705533504486,0.0,0.18147647,0.091798455,1.0002778,0.11244847,0.073373005,3.1027002e-07,-0.0009841919,-0.003525257,0.008192301,0.055112667,-0.060254905,0.012599369,0.216,0.11361407,1.0,,,,,,,,,,,,,,,,,,,,,,,,,,,,,,,,,,,,,,,,,,,
577.0,-0.015600018843914954,0.04544588550925255,0.0002776622714009136,0.36475905776023865,0.0,0.18194431,0.09210426,1.0002778,0.11227748,0.073394716,2.794697e-07,-0.0012145042,-0.0033199787,0.008121967,-0.05567731,0.048815627,-0.017060447,0.216375,0.113805816,1.0,,,,,,,,,,,,,,,,,,,,,,,,,,,,,,,,,,,,,,,,,,,
578.0,-0.015476730997403867,0.04534554481506348,0.00027761459932662547,0.3687615692615509,0.0,0.18241145,0.09241021,1.0002778,0.11211485,0.07342591,3.0507053e-07,-0.0009870529,-0.0035729408,0.008173704,0.055116776,-0.06024728,0.012603131,0.21675,0.113997534,1.0,,,,,,,,,,,,,,,,,,,,,,,,,,,,,,,,,,,,,,,,,,,
579.0,-0.015353206584516377,0.04524628445506096,0.00027761459932662547,0.3727773427963257,0.0,0.18287787,0.09271624,1.0002778,0.11194199,0.07344772,2.7367426e-07,-0.0012173653,-0.0033676624,0.008103371,-0.055669766,0.04882524,-0.017062217,0.217125,0.11418923,1.0,,,,,,,,,,,,,,,,,,,,,,,,,,,,,,,,,,,,,,,,,,,
580.0,-0.015229354117465118,0.04514806345105171,0.00027761459932662547,0.3768056631088257,0.0,0.18334362,0.093022406,1.0002778,0.1117775,0.073479004,2.9979515e-07,-0.0009896755,-0.0036203861,0.0081551075,0.055120885,-0.060239654,0.012606887,0.2175,0.11438089,1.0,,,,,,,,,,,,,,,,,,,,,,,,,,,,,,,,,,,,,,,,,,,
581.0,-0.015105296736312815,0.045050930231809616,0.00027761459932662547,0.38084590435028076,0.0,0.18380862,0.093328655,1.0002778,0.11160278,0.073500894,2.6781626e-07,-0.0012199879,-0.0034151077,0.008084774,-0.055662222,0.048834853,-0.017063979,0.217875,0.114572525,1.0,,,,,,,,,,,,,,,,,,,,,,,,,,,,,,,,,,,,,,,,,,,
582.0,-0.014980939455294722,0.04495488107204437,0.00027761459932662547,0.38489747047424316,0.0,0.18427294,0.09363504,1.0002778,0.111436434,0.07353227,2.9445408e-07,-0.0009922981,-0.0036678314,0.008136511,0.05512499,-0.06023204,0.012610637,0.21825,0.11476413,1.0,,,,,,,,,,,,,,,,,,,,,,,,,,,,,,,,,,,,,,,,,,,
583.0,-0.014856407666404997,0.04485985264182091,0.00027761459932662547,0.388959676027298,0.0,0.18473652,0.09394152,1.0002778,0.11125987,0.07355424,2.6189375e-07,-0.0012226105,-0.003462553,0.008066177,-0.055654682,0.048844457,-0.017065734,0.218625,0.11495571,1.0,,,,,,,,,,,,,,,,,,,,,,,,,,,,,,,,,,,,,,,,,,,
584.0,-0.014731603892007481,0.04476584494113922,0.00027761459932662547,0.3930320143699646,0.0,0.18519941,0.09424812,1.0002778,0.11109167,0.073585704,2.8904827e-07,-0.0009949207,-0.0037152767,0.008117914,0.055129096,-0.060224425,0.012614379,0.219,0.115147255,1.0,,,,,,,,,,,,,,,,,,,,,,,,,,,,,,,,,,,,,,,,,,,
585.0,-0.014606654499992874,0.0446728840470314,0.00027761459932662547,0.3971138000488281,0.0,0.18566154,0.09455483,1.0002778,0.110913254,0.07360776,2.5590688e-07,-0.0012249947,-0.00350976,0.008047819,-0.055647146,0.04885406,-0.017067483,0.219375,0.11533877,1.0,,,,,,,,,,,,,,,,,,,,,,,,,,,,,,,,,,,,,,,,,,,
586.0,-0.014481460413123934,0.04458094760775566,0.00027761459932662547,0.40120455622673035,0.0,0.18612298,0.09486166,1.0002778,0.1107432,0.0736393,2.8357803e-07,-0.0009973049,-0.003762722,0.008099556,0.0551332,-0.060216814,0.012618114,0.21975,0.11553027,1.0,,,,,,,,,,,,,,,,,,,,,,,,,,,,,,,,,,,,,,,,,,,
587.0,-0.014356148013283384,0.0444900318980217,0.00027761459932662547,0.40530362725257874,0.0,0.18658365,0.095168576,1.0002778,0.11056294,0.07366144,2.498561e-07,-0.0012276173,-0.0035572052,0.0080292225,-0.055639617,0.048863657,-0.017069224,0.220125,0.115721725,1.0,,,,,,,,,,,,,,,,,,,,,,,,,,,,,,,,,,,,,,,,,,,
588.0,-0.01423053498024165,0.044400036334991455,0.00027761459932662547,0.409410685300827,0.0,0.18704362,0.09547563,1.0002778,0.11039105,0.07369306,2.7804373e-07,-0.0009999275,-0.003809929,0.008080959,0.055137306,-0.06020921,0.012621843,0.2205,0.11591316,1.0,,,,,,,,,,,,,,,,,,,,,,,,,,,,,,,,,,,,,,,,,,,
589.0,-0.014104675095292623,0.044311124831438065,0.00027761459932662547,0.4135250747203827,0.0,0.18750282,0.09578278,1.0002778,0.11020894,0.073715284,2.4374165e-07,-0.001073122,-0.003604412,0.008010626,-0.01798052,0.04917752,-0.016927507,0.220875,0.116104566,1.0,,,,,,,,,,,,,,,,,,,,,,,,,,,,,,,,,,,,,,,,,,,
590.0,-0.013978623487420192,0.044223129749298096,0.00027761459932662547,0.4176463782787323,0.0,0.1879613,0.096090026,1.0002778,0.11003526,0.07374057,2.798312e-07,-0.00068855286,-0.0038571358,0.008062363,0.092784576,-0.059904125,0.012751664,0.22125,0.11629594,1.0,,,,,,,,,,,,,,,,,,,,,,,,,,,,,,,,,,,,,,,,,,,
591.0,-0.01385250053509808,0.044136133044958115,0.00027761459932662547,0.42177414894104004,0.0,0.18841901,0.096397325,1.0002778,0.10985143,0.07375004,2.4666883e-07,-0.00076174736,-0.003651619,0.007992268,-0.017990652,0.049191516,-0.016912198,0.221625,0.11648729,1.0,,,,,,,,,,,,,,,,,,,,,,,,,,,,,,,,,,,,,,,,,,,
592.0,-0.013726208190613761,0.04405006021261215,0.00027761459932662547,0.4259078800678253,0.0,0.188876,0.09670467,1.0002778,0.10967601,0.073762596,2.8382667e-07,-0.0003774166,-0.0039041042,0.008043766,0.09277123,-0.059901297,0.012737923,0.222,0.1166786,1.0,,,,,,,,,,,,,,,,,,,,,,,,,,,,,,,,,,,,,,,,,,,
593.0,-0.013600660705225528,0.043964970856904984,0.00027761459932662547,0.43004724383354187,0.0,0.18933222,0.097012,1.0002778,0.10949044,0.07375933,2.450357e-07,-0.0004506111,-0.0036985874,0.007973671,-0.01800078,0.0492055,-0.016896885,0.222375,0.11686989,1.0,,,,,,,,,,,,,,,,,,,,,,,,,,,,,,,,,,,,,,,,,,,
594.0,-0.013474092727340759,0.04388086870312691,0.00027761459932662547,0.43419167399406433,0.0,0.18978769,0.09731933,1.0002778,0.109313294,0.07375915,2.848515e-07,-6.6280365e-05,-0.003951311,0.008025169,0.09275789,-0.05989847,0.012724184,0.22275,0.117061146,1.0,,,,,,,,,,,,,,,,,,,,,,,,,,,,,,,,,,,,,,,,,,,
595.0,-0.013348649677922732,0.04379771277308464,0.00027761459932662547,0.43834081292152405,0.0,0.19024238,0.09762659,1.0002778,0.109125994,0.073743165,2.4006226e-07,-0.00013947487,-0.0037455559,0.007955313,-0.018010905,0.049219478,-0.016881572,0.223125,0.11725238,1.0,,,,,,,,,,,,,,,,,,,,,,,,,,,,,,,,,,,,,,,,,,,
596.0,-0.013221884786341984,0.043715573847293854,0.00027761459932662547,0.44249430298805237,0.0,0.19069631,0.0979338,1.0002778,0.10894712,0.07373027,2.8262326e-07,0.00024485588,-0.0039982796,0.008006573,0.09274456,-0.05989564,0.0127104465,0.2235,0.11744358,1.0,,,,,,,,,,,,,,,,,,,,,,,,,,,,,,,,,,,,,,,,,,,
597.0,-0.01309647875605697,0.04363441839814186,0.00027761459932662547,0.4466516673564911,0.0,0.19114947,0.09824089,1.0002778,0.1087581,0.07370157,2.3181902e-07,0.00017142296,-0.0037925243,0.007936716,-0.018021027,0.049233444,-0.016866256,0.223875,0.11763475,1.0,,,,,,,,,,,,,,,,,,,,,,,,,,,,,,,,,,,,,,,,,,,
598.0,-0.012969632639374323,0.04355432465672493,0.00027761459932662547,0.45081254839897156,0.0,0.19160189,0.09854787,1.0002778,0.108577505,0.07367596,2.7712954e-07,0.0005557537,-0.0040450096,0.007987976,0.09273123,-0.059892803,0.0126967095,0.22425,0.11782589,1.0,,,,,,,,,,,,,,,,,,,,,,,,,,,,,,,,,,,,,,,,,,,
599.0,-0.012844162574876467,0.04347517713904381,0.00027761459932662547,0.4549765884876251,0.0,0.1920535,0.09885468,1.0002778,0.10838676,0.07363456,2.2031293e-07,0.0004823208,-0.0038392544,0.007918119,-0.018031143,0.0492474,-0.016850937,0.224625,0.118017,1.0,,,,,,,,,,,,,,,,,,,,,,,,,,,,,,,,,,,,,,,,,,,
600.0,-0.012717271473103758,0.043397143483161926,0.00027761459932662547,0.45914337038993835,0.0,0.19250435,0.099161334,1.0002778,0.10820445,0.073596254,2.683728e-07,0.00086665154,-0.004091978,0.007969379,0.092717916,-0.059889965,0.012682975,0.225,0.11820808,1.0,,,,,,,,,,,,,,,,,,,,,,,,,,,,,,,,,,,,,,,,,,,
601.0,-0.01259177562033292,0.04332013055682182,0.00027761459932662547,0.463312566280365,0.0,0.19295439,0.09946776,1.0002778,0.10801199,0.073542155,2.0554755e-07,0.0007929802,-0.0038859844,0.007899523,-0.018041257,0.049261346,-0.016835617,0.225375,0.118399136,1.0,,,,,,,,,,,,,,,,,,,,,,,,,,,,,,,,,,,,,,,,,,,
602.0,-0.01246487392144991,0.0432441420853138,0.00027761459932662547,0.46748384833335876,0.0,0.19340368,0.09977397,1.0002778,0.10782796,0.07349116,2.563563e-07,0.001177311,-0.004138708,0.007950783,0.0927046,-0.059887126,0.012669241,0.22575,0.11859016,1.0,,,,,,,,,,,,,,,,,,,,,,,,,,,,,,,,,,,,,,,,,,,
603.0,-0.012339385701779613,0.04316924139857292,0.00027761459932662547,0.47165682911872864,0.0,0.19385216,0.10007991,1.0002778,0.107633784,0.073424384,1.8752617e-07,0.001103878,-0.0039327145,0.007881165,-0.018051365,0.04927528,-0.016820293,0.226125,0.11878115,1.0,,,,,,,,,,,,,,,,,,,,,,,,,,,,,,,,,,,,,,,,,,,
604.0,-0.012212512351082843,0.043095462024211884,0.00027761459932662547,0.47583112120628357,0.0,0.19429986,0.10038558,1.0002778,0.10744805,0.07336071,2.4108334e-07,0.0014879704,-0.0041851997,0.007932186,0.0926913,-0.059884284,0.01265551,0.2265,0.118972115,1.0,,,,,,,,,,,,,,,,,,,,,,,,,,,,,,,,,,,,,,,,,,,
605.0,-0.012087068416707553,0.043022725731134415,0.00027761459932662547,0.4800064265727997,0.0,0.19474673,0.100690916,1.0002778,0.107252166,0.073281266,1.6625214e-07,0.001414299,-0.0039794445,0.007862568,-0.01806147,0.049289204,-0.016804969,0.226875,0.11916305,1.0,,,,,,,,,,,,,,,,,,,,,,,,,,,,,,,,,,,,,,,,,,,
606.0,-0.01196025503866622,0.04295109957456589,0.00027761459932662547,0.4841824471950531,0.0,0.19519284,0.100995935,1.0002778,0.107064724,0.07320492,2.2255723e-07,0.0017986298,-0.00423193,0.0079135895,0.09267801,-0.059881438,0.012641779,0.22725,0.11935395,1.0,,,,,,,,,,,,,,,,,,,,,,,,,,,,,,,,,,,,,,,,,,,
607.0,-0.011834888452558883,0.0428805947303772,0.00027761459932662547,0.4883587956428528,0.0,0.19563812,0.101300575,1.0002778,0.106867135,0.07311281,1.4172872e-07,0.0017249584,-0.004025936,0.007843971,-0.018071571,0.049303122,-0.016789641,0.227625,0.11954483,1.0,,,,,,,,,,,,,,,,,,,,,,,,,,,,,,,,,,,,,,,,,,,
608.0,-0.011708168284688512,0.04281122237443924,0.00027761459932662547,0.49253523349761963,0.0,0.1960826,0.10160484,1.0002778,0.10667799,0.07302381,2.0078129e-07,0.0021090508,-0.0042784214,0.007894993,0.092664726,-0.05987859,0.01262805,0.228,0.11973567,1.0,,,,,,,,,,,,,,,,,,,,,,,,,,,,,,,,,,,,,,,,,,,
609.0,-0.011582910217674363,0.042742952704429626,0.00027761459932662547,0.4967113733291626,0.0,0.19652627,0.10190867,1.0002778,0.10647869,0.07291905,1.1395923e-07,0.0020353794,-0.0040724277,0.007825375,-0.018081669,0.04931703,-0.016774312,0.228375,0.11992648,1.0,,,,,,,,,,,,,,,,,,,,,,,,,,,,,,,,,,,,,,,,,,,
610.0,-0.011456315985938275,0.04267583787441254,0.00027761459932662547,0.5008869171142578,0.0,0.19696914,0.10221207,1.0002778,0.106287844,0.0728174,1.757588e-07,0.0024194717,-0.004324913,0.007876396,0.09265144,-0.05987574,0.012614323,0.22875,0.12011727,1.0,,,,,,,,,,,,,,,,,,,,,,,,,,,,,,,,,,,,,,,,,,,
611.0,-0.01133119984421028,0.04260987788438797,0.00027761459932662547,0.5050615668296814,0.0,0.19741116,0.10251499,1.0002778,0.10608686,0.072699994,8.294694e-08,0.002345562,-0.004118681,0.007806778,-0.018091762,0.049330924,-0.01675898,0.229125,0.12030803,1.0,,,,,,,,,,,,,,,,,,,,,,,,,,,,,,,,,,,,,,,,,,,
612.0,-0.011204762924051466,0.042545150965452194,0.0002775668981485069,0.5092350244522095,0.0,0.1978524,0.10281743,1.0002778,0.10589431,0.07258571,1.4749304e-07,0.0027296543,-0.004371166,0.0078577995,0.09263817,-0.059872888,0.012600596,0.2295,0.12049875,1.0,,,,,,,,,,,,,,,,,,,,,,,,,,,,,,,,,,,,,,,,,,,
613.0,-0.011079822578008316,0.04248154163360596,0.0002775668981485069,0.5134068727493286,0.0,0.19829278,0.10311933,1.0002778,0.10569163,0.072455674,4.869517e-08,0.0026557446,-0.004164934,0.0077881813,-0.018101852,0.049344808,-0.016743647,0.229875,0.120689444,1.0,,,,,,,,,,,,,,,,,,,,,,,,,,,,,,,,,,,,,,,,,,,
614.0,-0.010953573568384311,0.04241909831762314,0.0002775668981485069,0.517577052116394,0.0,0.19873235,0.1034207,1.0002778,0.10549739,0.07232876,1.159873e-07,0.0030398369,-0.0044174194,0.007838964,0.09262491,-0.05987003,0.012586872,0.23025,0.120880105,1.0,,,,,,,,,,,,,,,,,,,,,,,,,,,,,,,,,,,,,,,,,,,
615.0,-0.010828836755024534,0.042357902973890305,0.0002775668981485069,0.5217450261116028,0.0,0.19917107,0.10372148,1.0002778,0.10529302,0.072186105,1.1207179e-08,0.0029659271,-0.0042111874,0.0077695847,-0.018111939,0.04935868,-0.016728312,0.230625,0.12107074,1.0,,,,,,,,,,,,,,,,,,,,,,,,,,,,,,,,,,,,,,,,,,,
616.0,-0.010702808182001903,0.04229789599776268,0.0002775668981485069,0.5259106755256653,0.0,0.19960898,0.10402167,1.0002778,0.10509709,0.07204658,8.1244856e-08,0.003349781,-0.0044636726,0.007820368,0.092611656,-0.059867173,0.012573149,0.231,0.12126134,1.0,,,,,,,,,,,,,,,,,,,,,,,,,,,,,,,,,,,,,,,,,,,
617.0,-0.010578301856966574,0.04223909229040146,0.0002775668981485069,0.5300737023353577,0.0,0.20004602,0.10432122,1.0002778,0.10489103,0.07189131,-2.9513755e-08,0.0032758713,-0.0042574406,0.007750988,-0.01812202,0.049372546,-0.016712973,0.231375,0.121451914,1.0,,,,,,,,,,,,,,,,,,,,,,,,,,,,,,,,,,,,,,,,,,,
618.0,-0.010452525443882772,0.042181555181741714,0.0002775668981485069,0.5342336297035217,0.0,0.20048225,0.10462013,1.0002778,0.10469342,0.07173917,4.3268983e-08,0.0036597252,-0.0045096874,0.007801771,0.09259841,-0.059864312,0.012559427,0.23175,0.12164246,1.0,,,,,,,,,,,,,,,,,,,,,,,,,,,,,,,,,,,,,,,,,,,
619.0,-0.01032828600824578,0.042125266045331955,0.0002775668981485069,0.5383903980255127,0.0,0.2009176,0.104918346,1.0002778,0.104485676,0.0715713,-7.3464356e-08,0.0035858154,-0.0043034554,0.0077323914,-0.018132096,0.049386404,-0.016697634,0.232125,0.121832974,1.0,,,,,,,,,,,,,,,,,,,,,,,,,,,,,,,,,,,,,,,,,,,
620.0,-0.010202787480597181,0.042070236057043076,0.0002775668981485069,0.5425435900688171,0.0,0.20135213,0.10521587,1.0002778,0.10428639,0.071406566,2.0629505e-09,0.0039696693,-0.0045559406,0.0077831745,0.09258517,-0.059861448,0.012545707,0.2325,0.122023456,1.0,,,,,,,,,,,,,,,,,,,,,,,,,,,,,,,,,,,,,,,,,,,
621.0,-0.010078841770133296,0.042016446590423584,0.0002775668981485069,0.5466930270195007,0.0,0.20178579,0.10551265,1.0002778,0.10407697,0.0712261,-1.2064137e-07,0.0038957596,-0.00434947,0.0077137947,-0.018142171,0.049400248,-0.016682291,0.232875,0.12221391,1.0,,,,,,,,,,,,,,,,,,,,,,,,,,,,,,,,,,,,,,,,,,,
622.0,-0.009953651679061296,0.04196394979953766,0.0002775668981485069,0.5508383512496948,0.0,0.20221859,0.10580868,1.0002778,0.103875995,0.07104878,-4.2369972e-08,0.0042796135,-0.004601717,0.0077643394,0.09257194,-0.059858583,0.012531988,0.23325,0.12240433,1.0,,,,,,,,,,,,,,,,,,,,,,,,,,,,,,,,,,,,,,,,,,,
623.0,-0.009916903643067783,0.041912741959095,0.0002775668981485069,0.5520835518836975,0.0,0.20265053,0.10610391,1.0002778,0.1036649,0.07085574,-1.7104152e-07,0.0042054653,-0.0043952465,0.007695198,-0.01815224,0.049414083,-0.016666947,0.233625,0.122594714,1.0,,,,,,,,,,,,,,,,,,,,,,,,,,,,,,,,,,,,,,,,,,,
624.0,-0.009920492783075316,0.041862815618515015,0.0002775668981485069,0.551938533782959,0.0,0.20308162,0.10639836,1.0002778,0.10346226,0.070665844,-9.002655e-08,0.004589081,-0.004647732,0.007745743,0.09255871,-0.059855714,0.012518271,0.234,0.12278508,1.0,,,,,,,,,,,,,,,,,,,,,,,,,,,,,,,,,,,,,,,,,,,
625.0,-0.009925234260271101,0.041814230382442474,0.0002775668981485069,0.5518029928207397,0.0,0.20351183,0.10669194,1.0002778,0.10324948,0.07046022,-2.2466156e-07,0.004515171,-0.0044412613,0.0076766014,-0.018162306,0.049427908,-0.016651602,0.234375,0.12297541,1.0,,,,,,,,,,,,,,,,,,,,,,,,,,,,,,,,,,,,,,,,,,,
626.0,-0.009928315972829298,0.04176698625087738,0.0002775668981485069,0.5516770482063293,0.0,0.2039412,0.10698468,1.0002778,0.103045166,0.07025776,-1.4090351e-07,0.0048987865,-0.004693508,0.0077269077,0.0925455,-0.059852842,0.012504555,0.23475,0.123165704,1.0,,,,,,,,,,,,,,,,,,,,,,,,,,,,,,,,,,,,,,,,,,,
627.0,-0.00993254122259532,0.04172103852033615,0.0002775668981485069,0.5515608191490173,0.0,0.20436965,0.107276514,1.0002778,0.10283073,0.070039585,-2.8149825e-07,0.0048246384,-0.0044870377,0.0076580048,-0.018172368,0.049441725,-0.016636252,0.235125,0.12335597,1.0,,,,,,,,,,,,,,,,,,,,,,,,,,,,,,,,,,,,,,,,,,,
628.0,-0.009935099171260665,0.04167644679546356,0.0002775668981485069,0.5514544248580933,0.0,0.20479725,0.107567444,1.0002778,0.10262475,0.06982457,-1.9499763e-07,0.005208254,-0.0047392845,0.007708311,0.09253229,-0.059849966,0.012490841,0.2355,0.123546205,1.0,,,,,,,,,,,,,,,,,,,,,,,,,,,,,,,,,,,,,,,,,,,
629.0,-0.009938796908024235,0.04163319617509842,0.0002775668981485069,0.5513578057289124,0.0,0.20522396,0.10785742,1.0002778,0.10240864,0.06959383,-3.4154831e-07,0.0051341057,-0.0045325756,0.007639408,-0.018182427,0.04945553,-0.016620902,0.235875,0.12373641,1.0,,,,,,,,,,,,,,,,,,,,,,,,,,,,,,,,,,,,,,,,,,,
630.0,-0.00994081854196702,0.04159135743975639,0.0002775668981485069,0.5512712597846985,0.0,0.2056498,0.10814645,1.0002778,0.102201,0.06936627,-2.5230563e-07,0.005517721,-0.004785061,0.007689476,0.09251909,-0.05984709,0.012477128,0.23625,0.12392659,1.0,,,,,,,,,,,,,,,,,,,,,,,,,,,,,,,,,,,,,,,,,,,
631.0,-0.009943967713933672,0.04155084863305092,0.0002775668981485069,0.5511948466300964,0.0,0.20607473,0.10843446,1.0002778,0.101983234,0.069123,-4.0480856e-07,0.005443573,-0.004578352,0.0076208115,-0.018192481,0.049469326,-0.01660555,0.236625,0.12411673,1.0,,,,,,,,,,,,,,,,,,,,,,,,,,,,,,,,,,,,,,,,,,,
632.0,-0.009945439190987239,0.04151175543665886,0.0002775668981485069,0.5511285066604614,0.0,0.20649879,0.10872147,1.0002778,0.10177393,0.0688829,-3.1282426e-07,0.00582695,-0.004830599,0.0076708794,0.092505895,-0.05984421,0.012463417,0.237,0.12430684,1.0,,,,,,,,,,,,,,,,,,,,,,,,,,,,,,,,,,,,,,,,,,,
633.0,-0.009947841689704367,0.041474051773548126,0.0002775668981485069,0.5510724782943726,0.0,0.20692192,0.10900742,1.0002778,0.101554506,0.0686271,-4.7127574e-07,0.005752802,-0.00462389,0.0076019764,-0.01820253,0.04948311,-0.016590195,0.237375,0.12449693,1.0,,,,,,,,,,,,,,,,,,,,,,,,,,,,,,,,,,,,,,,,,,,
634.0,-0.009948549792710402,0.04143776744604111,0.0002775668981485069,0.5510267019271851,0.0,0.20734419,0.10929231,1.0002778,0.10134355,0.06837446,-3.7655036e-07,0.006136179,-0.004876137,0.0076520443,0.092492715,-0.05984133,0.012449707,0.23775,0.12468698,1.0,,,,,,,,,,,,,,,,,,,,,,,,,,,,,,,,,,,,,,,,,,,
635.0,-0.00995036165764177,0.04140288010239601,0.0002775668981485069,0.550991415977478,0.0,0.20776553,0.10957609,1.0002778,0.10112247,0.06810614,-5.4094653e-07,0.0060617924,-0.0046691895,0.0075833797,-0.018212577,0.049496885,-0.01657484,0.238125,0.124877,1.0,,,,,,,,,,,,,,,,,,,,,,,,,,,,,,,,,,,,,,,,,,,
636.0,-0.009950471536509577,0.04136935621500015,0.0002775668981485069,0.5509665608406067,0.0,0.20818599,0.10985876,1.0002778,0.10090986,0.06784099,-4.434807e-07,0.006445408,-0.0049214363,0.0076334476,0.092479534,-0.059838444,0.012435999,0.2385,0.12506698,1.0,,,,,,,,,,,,,,,,,,,,,,,,,,,,,,,,,,,,,,,,,,,
637.0,-0.009951680148129527,0.0413372740149498,0.0002775668981485069,0.5509523153305054,0.0,0.20860553,0.11014026,1.0002778,0.10068713,0.06756016,-6.1381786e-07,0.0063710213,-0.0047147274,0.007564783,-0.018222619,0.04951065,-0.01655948,0.238875,0.12525694,1.0,,,,,,,,,,,,,,,,,,,,,,,,,,,,,,,,,,,,,,,,,,,
638.0,-0.009951179696993497,0.041306592524051666,0.0002775668981485069,0.5509486794471741,0.0,0.20902416,0.11042061,1.0002778,0.100472875,0.067282505,-5.1361195e-07,0.0067543983,-0.0049669743,0.0076146126,0.09246637,-0.059835557,0.012422292,0.23925,0.12544687,1.0,,,,,,,,,,,,,,,,,,,,,,,,,,,,,,,,,,,,,,,,,,,
639.0,-0.009951771720882244,0.041277267038822174,0.0002775668981485069,0.5509558320045471,0.0,0.20944186,0.11069973,1.0002778,0.1002485,0.06698917,-6.898864e-07,0.0066800117,-0.004760027,0.0075461864,-0.018232659,0.049524404,-0.016544119,0.239625,0.12563676,1.0,,,,,,,,,,,,,,,,,,,,,,,,,,,,,,,,,,,,,,,,,,,
640.0,-0.009950650899020549,0.041249338537454605,0.0002775668981485069,0.550973653793335,0.0,0.20985867,0.110977635,1.0002778,0.1000326,0.06669902,-5.8694104e-07,0.0070631504,-0.005012274,0.007596016,0.092453204,-0.05983267,0.012408586,0.24,0.12582663,1.0,,,,,,,,,,,,,,,,,,,,,,,,,,,,,,,,,,,,,,,,,,,
641.0,-0.009950616171401637,0.04122284799814224,0.0002775668981485069,0.5510024428367615,0.0,0.21027452,0.111254275,1.0002778,0.09980658,0.06639319,-7.69149e-07,0.006988764,-0.004805088,0.0075273514,-0.018242693,0.04953815,-0.016528757,0.240375,0.12601645,1.0,,,,,,,,,,,,,,,,,,,,,,,,,,,,,,,,,,,,,,,,,,,
642.0,-0.009948864242806305,0.041197724640369415,0.0002775668981485069,0.5510420203208923,0.0,0.21068949,0.111529656,1.0002778,0.099589035,0.06609055,-6.634646e-07,0.007372141,-0.005057335,0.007577181,0.092440054,-0.059829775,0.012394882,0.24075,0.12620625,1.0,,,,,,,,,,,,,,,,,,,,,,,,,,,,,,,,,,,,,,,,,,,
643.0,-0.00994819626038807,0.041174013167619705,0.0002775668981485069,0.5510925650596619,0.0,0.21110348,0.1118037,1.0002778,0.099361375,0.065772235,-8.516024e-07,0.007297516,-0.0048503876,0.0075087547,-0.018252723,0.049551886,-0.01651339,0.241125,0.12639603,1.0,,,,,,,,,,,,,,,,,,,,,,,,,,,,,,,,,,,,,,,,,,,
644.0,-0.009945804520246022,0.04115166515111923,0.0002775668981485069,0.5511540770530701,0.0,0.21151657,0.11207644,1.0002778,0.099142194,0.06545712,-7.4317956e-07,0.007680893,-0.0051026344,0.007558346,0.0924269,-0.05982688,0.012381179,0.2415,0.12658577,1.0,,,,,,,,,,,,,,,,,,,,,,,,,,,,,,,,,,,,,,,,,,,
645.0,-0.00994449392411698,0.041130729019641876,0.0002775430621113628,0.5512266159057617,0.0,0.21192871,0.112347804,1.0002778,0.098912895,0.06512634,-9.3724344e-07,0.007606268,-0.0048954487,0.007490158,-0.01826275,0.04956561,-0.016498024,0.241875,0.12677546,1.0,,,,,,,,,,,,,,,,,,,,,,,,,,,,,,,,,,,,,,,,,,,
646.0,-0.00994145688147255,0.041111163794994354,0.0002775430621113628,0.5513101816177368,0.0,0.21233994,0.1126178,1.0002776,0.09869208,0.06479875,-8.2608267e-07,0.007989407,-0.0051476955,0.007539749,0.09241377,-0.059823982,0.012367479,0.24225,0.12696514,1.0,,,,,,,,,,,,,,,,,,,,,,,,,,,,,,,,,,,,,,,,,,,
647.0,-0.009939497767468858,0.041093021631240845,0.0002775430621113628,0.5514048337936401,0.0,0.21275018,0.11288636,1.0002776,0.09846115,0.0644555,-6.581556e-07,0.007914782,-0.00494051,0.007471323,-0.018272772,0.049579326,-0.016482655,0.242625,0.12715478,1.0,,,,,,,,,,,,,,,,,,,,,,,,,,,,,,,,,,,,,,,,,,,
648.0,-0.009935811164985353,0.04107626900076866,0.0002775430621113628,0.5515105128288269,0.0,0.21315952,0.11315351,1.0002776,0.0982387,0.064115465,-6.3062333e-07,0.00829792,-0.0051925182,0.007520914,0.09240063,-0.05982108,0.012353779,0.243,0.12734438,1.0,,,,,,,,,,,,,,,,,,,,,,,,,,,,,,,,,,,,,,,,,,,
649.0,-0.009933199396776038,0.04106088727712631,0.0002775430621113628,0.5516273379325867,0.0,0.21356787,0.113419175,1.0002776,0.098006144,0.06375976,-8.162542e-07,0.008223295,-0.0049853325,0.0074527264,-0.018282792,0.04959303,-0.016467284,0.243375,0.12753397,1.0,,,,,,,,,,,,,,,,,,,,,,,,,,,,,,,,,,,,,,,,,,,
650.0,-0.009928860811573396,0.04104689508676529,0.0002775430621113628,0.5517551302909851,0.0,0.2139753,0.11368337,1.0002776,0.09778207,0.06340727,-7.043782e-07,0.008606434,-0.0052375793,0.007502079,0.09238751,-0.05981818,0.012340081,0.24375,0.12772352,1.0,,,,,,,,,,,,,,,,,,,,,,,,,,,,,,,,,,,,,,,,,,,
651.0,-0.009925259192605881,0.041034262627363205,0.0002775430621113628,0.5518940687179565,0.0,0.21438175,0.113946036,1.0002776,0.09754789,0.063039124,-9.150809e-07,0.008531809,-0.005030155,0.0074338913,-0.018292807,0.049606726,-0.01645191,0.244125,0.12791303,1.0,,,,,,,,,,,,,,,,,,,,,,,,,,,,,,,,,,,,,,,,,,,
652.0,-0.009920408054706788,0.041023075580596924,0.0002775430621113628,0.5520439743995667,0.0,0.21478726,0.11420718,1.0002776,0.09732219,0.0626742,-7.9597163e-07,0.008239746,-0.005282402,0.0074834824,-0.069610365,-0.061019484,0.011511535,0.2445,0.12810251,1.0,,,,,,,,,,,,,,,,,,,,,,,,,,,,,,,,,,,,,,,,,,,
653.0,-0.00991616455383628,0.04101318493485451,0.0002775430621113628,0.5522050261497498,0.0,0.21519178,0.114466846,1.0002776,0.09708618,0.06232121,-7.769913e-07,0.0084068775,-0.005074978,0.0074152946,0.039715108,0.050035927,-0.016163655,0.244875,0.12829196,1.0,,,,,,,,,,,,,,,,,,,,,,,,,,,,,,,,,,,,,,,,,,,
654.0,-0.009910672205899756,0.04100469499826431,0.0002775430621113628,0.5523769855499268,0.0,0.21559536,0.11472502,1.0002776,0.096858725,0.061961554,-7.944051e-07,0.008115053,-0.0053272247,0.0074646473,-0.06959917,-0.061019547,0.0115169,0.24525,0.12848137,1.0,,,,,,,,,,,,,,,,,,,,,,,,,,,,,,,,,,,,,,,,,,,
655.0,-0.009905789418884526,0.04099758714437485,0.0002775430621113628,0.552560031414032,0.0,0.21599795,0.11498175,1.0002776,0.09662096,0.061613835,-7.4534825e-07,0.008282185,-0.0051198006,0.0073964596,0.039729726,0.050030302,-0.016167114,0.245625,0.12867077,1.0,,,,,,,,,,,,,,,,,,,,,,,,,,,,,,,,,,,,,,,,,,,
656.0,-0.009899657920976463,0.040991827845573425,0.0002775430621113628,0.5527539253234863,0.0,0.21639958,0.115237,1.0002776,0.09639176,0.061259445,-7.686135e-07,0.007990122,-0.0053720474,0.0074460506,-0.06958797,-0.061019614,0.011522256,0.246,0.12886012,1.0,,,,,,,,,,,,,,,,,,,,,,,,,,,,,,,,,,,,,,,,,,,
657.0,-0.009894136510453247,0.04098743200302124,0.0002775430621113628,0.5529588460922241,0.0,0.21680021,0.11549082,1.0002776,0.09615224,0.060916986,-7.2015246e-07,0.008157492,-0.0051648617,0.007377863,0.039744336,0.050024677,-0.016170565,0.246375,0.12904944,1.0,,,,,,,,,,,,,,,,,,,,,,,,,,,,,,,,,,,,,,,,,,,
658.0,-0.009887369454753936,0.0409843735396862,0.0002775430621113628,0.5531744956970215,0.0,0.21719989,0.11574318,1.0002776,0.09592128,0.06056786,-7.420691e-07,0.007865667,-0.00541687,0.007427454,-0.069576785,-0.061019678,0.011527605,0.24675,0.12923872,1.0,,,,,,,,,,,,,,,,,,,,,,,,,,,,,,,,,,,,,,,,,,,
659.0,-0.009881217269461196,0.0409826822578907,0.0002775430621113628,0.553400993347168,0.0,0.21759856,0.11599414,1.0002776,0.095680006,0.060230657,-6.958925e-07,0.008032799,-0.0052096844,0.007359028,0.03975894,0.050019052,-0.01617401,0.247125,0.12942798,1.0,,,,,,,,,,,,,,,,,,,,,,,,,,,,,,,,,,,,,,,,,,,
660.0,-0.009873819321209888,0.04098235443234444,0.0002775430621113628,0.553638219833374,0.0,0.21799625,0.11624367,1.0002776,0.09544729,0.05988678,-7.160642e-07,0.0077409744,-0.005461931,0.007408619,-0.0695656,-0.061019745,0.011532947,0.2475,0.12961721,1.0,,,,,,,,,,,,,,,,,,,,,,,,,,,,,,,,,,,,,,,,,,,
661.0,-0.009867041467795209,0.040983326733112335,0.0002775430621113628,0.5538860559463501,0.0,0.21839294,0.11649182,1.0002776,0.095204264,0.059554823,-6.722634e-07,0.007908344,-0.0052547455,0.007340431,0.03977354,0.05001343,-0.016177444,0.247875,0.1298064,1.0,,,,,,,,,,,,,,,,,,,,,,,,,,,,,,,,,,,,,,,,,,,
662.0,-0.009859018392725558,0.04098568111658096,0.0002775430621113628,0.554144561290741,0.0,0.21878864,0.11673855,1.0002776,0.094969794,0.05921619,-6.906688e-07,0.0076167583,-0.005506754,0.0073900223,-0.06955442,-0.061019808,0.011538283,0.24825,0.12999557,1.0,,,,,,,,,,,,,,,,,,,,,,,,,,,,,,,,,,,,,,,,,,,
663.0,-0.009851621470029204,0.04098934680223465,0.0002775430621113628,0.5544134974479675,0.0,0.21918333,0.11698392,1.0002776,0.094725005,0.05888948,-6.492474e-07,0.00778389,-0.005299568,0.007321596,0.039788134,0.050007813,-0.016180871,0.248625,0.1301847,1.0,,,,,,,,,,,,,,,,,,,,,,,,,,,,,,,,,,,,,,,,,,,
664.0,-0.00984285042525444,0.04099434241652489,0.0002774953900370747,0.5546929240226746,0.0,0.21957703,0.117227904,1.0002776,0.094488785,0.058556084,-6.658856e-07,0.007492304,-0.005551815,0.0073714256,-0.06954325,-0.06101988,0.011543611,0.249,0.13037379,1.0,,,,,,,,,,,,,,,,,,,,,,,,,,,,,,,,,,,,,,,,,,,
665.0,-0.009834702384076082,0.041000641882419586,0.0002774953900370747,0.554982602596283,0.0,0.2199697,0.11747055,1.0002776,0.094242245,0.058234602,-6.2684217e-07,0.0076596737,-0.0053446293,0.0073029995,0.03980272,0.050002195,-0.01618429,0.249375,0.13056284,1.0,,,,,,,,,,,,,,,,,,,,,,,,,,,,,,,,,,,,,,,,,,,
666.0,-0.009825317414484745,0.04100826010107994,0.0002774953900370747,0.5552824139595032,0.0,0.2203614,0.11771183,1.0002776,0.094004266,0.057906438,-6.417135e-07,0.007368088,-0.0055966377,0.007352829,-0.06953208,-0.061019946,0.011548932,0.24975,0.13075188,1.0,,,,,,,,,,,,,,,,,,,,,,,,,,,,,,,,,,,,,,,,,,,
667.0,-0.009816557768553322,0.04101718217134476,0.0002774953900370747,0.5555923581123352,0.0,0.22075205,0.11795179,1.0002776,0.09375597,0.057590187,-6.050466e-07,0.0075354576,-0.0053896904,0.007284403,0.0398173,0.04999658,-0.016187701,0.250125,0.13094087,1.0,,,,,,,,,,,,,,,,,,,,,,,,,,,,,,,,,,,,,,,,,,,
668.0,-0.009806578919749884,0.04102736711502075,0.0002774953900370747,0.5559123158454895,0.0,0.2211417,0.1181904,1.0002776,0.09351623,0.057267245,-6.181513e-07,0.00724411,-0.005641699,0.0073342323,-0.06952093,-0.061020013,0.011554246,0.2505,0.13112983,1.0,,,,,,,,,,,,,,,,,,,,,,,,,,,,,,,,,,,,,,,,,,,
669.0,-0.009797203183326931,0.04103882983326912,0.0002774953900370747,0.5562421679496765,0.0,0.2215303,0.118427716,1.0002776,0.09326618,0.056956213,-5.8385933e-07,0.00741148,-0.0054347515,0.007265806,0.039831877,0.049990967,-0.016191103,0.250875,0.13131876,1.0,,,,,,,,,,,,,,,,,,,,,,,,,,,,,,,,,,,,,,,,,,,
670.0,-0.009787136690474292,0.041051559150218964,0.0002774953900370747,0.5565816760063171,0.0,0.22191791,0.11866371,1.0002776,0.09302469,0.05663849,-5.9519783e-07,0.0071201324,-0.00568676,0.0073156357,-0.069509774,-0.061020084,0.0115595525,0.25125,0.13150766,1.0,,,,,,,,,,,,,,,,,,,,,,,,,,,,,,,,,,,,,,,,,,,
671.0,-0.009776981765247912,0.0410655178129673,0.0002774953900370747,0.5569308996200562,0.0,0.22230446,0.11889843,1.0002776,0.092772886,0.05633267,-5.632792e-07,0.0072875023,-0.0054798126,0.0072472095,0.039846446,0.049985357,-0.016194498,0.251625,0.13169654,1.0,,,,,,,,,,,,,,,,,,,,,,,,,,,,,,,,,,,,,,,,,,,
672.0,-0.00976652885272488,0.041080720722675323,0.0002774953900370747,0.5572894811630249,0.0,0.22269,0.11913185,1.0002776,0.09252963,0.056020156,-5.728519e-07,0.006996155,-0.005731821,0.007297039,-0.06949863,-0.06102015,0.011564853,0.252,0.13188536,1.0,,,,,,,,,,,,,,,,,,,,,,,,,,,,,,,,,,,,,,,,,,,
673.0,-0.009755545230007557,0.041097111999988556,0.0002774953900370747,0.5576574802398682,0.0,0.22307448,0.119364016,1.0002776,0.092276074,0.055719543,-5.433049e-07,0.007163763,-0.0055248737,0.007228613,0.03986101,0.049979746,-0.016197883,0.252375,0.13207416,1.0,,,,,,,,,,,,,,,,,,,,,,,,,,,,,,,,,,,,,,,,,,,
674.0,-0.009744285608833163,0.04111473634839058,0.0002774953900370747,0.5580345988273621,0.0,0.22345795,0.119594894,1.0002776,0.09203107,0.055412233,-5.511122e-07,0.0068724155,-0.0057771206,0.0072784424,-0.06948748,-0.06102022,0.011570144,0.25275,0.13226293,1.0,,,,,,,,,,,,,,,,,,,,,,,,,,,,,,,,,,,,,,,,,,,
675.0,-0.009732778213924032,0.04113350808620453,0.0002774953900370747,0.5584208369255066,0.0,0.22384034,0.11982455,1.0002776,0.091775745,0.055116817,-5.239353e-07,0.007040024,-0.005569935,0.007209778,0.039875563,0.04997414,-0.016201261,0.253125,0.13245167,1.0,,,,,,,,,,,,,,,,,,,,,,,,,,,,,,,,,,,,,,,,,,,
676.0,-0.009721003165039294,0.041153423488140106,0.0002774953900370747,0.5588158965110779,0.0,0.22422172,0.12005295,1.0002776,0.09152899,0.0548147,-5.2997757e-07,0.0067486763,-0.0058221817,0.0072598457,-0.06947635,-0.061020292,0.01157543,0.2535,0.13264036,1.0,,,,,,,,,,,,,,,,,,,,,,,,,,,,,,,,,,,,,,,,,,,
677.0,-0.009708988726598183,0.041174497455358505,0.0002774953900370747,0.5592197775840759,0.0,0.22460201,0.12028013,1.0002776,0.09127191,0.05452448,-5.0516917e-07,0.006916523,-0.0056152344,0.0071914196,0.039890114,0.049968537,-0.016204631,0.253875,0.13282904,1.0,,,,,,,,,,,,,,,,,,,,,,,,,,,,,,,,,,,,,,,,,,,
678.0,-0.009696713229076706,0.04119671508669853,0.0002774953900370747,0.5596322417259216,0.0,0.22498128,0.12050608,1.0002776,0.09102339,0.054227553,-5.094467e-07,0.0066251755,-0.005867243,0.007241249,-0.06946522,-0.061020367,0.011580708,0.25425,0.13301767,1.0,,,,,,,,,,,,,,,,,,,,,,,,,,,,,,,,,,,,,,,,,,,
679.0,-0.009684208954625503,0.041220035403966904,0.0002774953900370747,0.5600531697273254,0.0,0.22535947,0.12073084,1.0002776,0.09076456,0.053942516,-4.8700525e-07,0.006793022,-0.0056602955,0.007172823,0.03990466,0.049962934,-0.016207991,0.254625,0.13320626,1.0,,,,,,,,,,,,,,,,,,,,,,,,,,,,,,,,,,,,,,,,,,,
680.0,-0.0096714515494401,0.04124442860484123,0.0002774953900370747,0.560482382774353,0.0,0.2257366,0.12095439,1.0002776,0.09051428,0.05365077,-4.895185e-07,0.0065016747,-0.0059125423,0.0072226524,-0.069454096,-0.061020438,0.01158598,0.255,0.13339484,1.0,,,,,,,,,,,,,,,,,,,,,,,,,,,,,,,,,,,,,,,,,,,
681.0,-0.009658474895391556,0.04126986861228943,0.0002774953900370747,0.5609197020530701,0.0,0.22611266,0.121176764,1.0002776,0.09025369,0.05337091,-4.6944234e-07,0.0066695213,-0.005705595,0.0071542263,0.039919198,0.04995733,-0.016211346,0.255375,0.13358337,1.0,,,,,,,,,,,,,,,,,,,,,,,,,,,,,,,,,,,,,,,,,,,
682.0,-0.009645256143780718,0.04129637032747269,0.0002774953900370747,0.5613649487495422,0.0,0.22648767,0.12139795,1.0002776,0.09000166,0.05308434,-4.7019168e-07,0.0063784122,-0.0059576035,0.007204056,-0.06944298,-0.061020512,0.011591244,0.25575,0.13377187,1.0,,,,,,,,,,,,,,,,,,,,,,,,,,,,,,,,,,,,,,,,,,,
683.0,-0.009631829134990404,0.04132389277219772,0.0002774953900370747,0.5618179440498352,0.0,0.22686158,0.12161799,1.0002776,0.08973931,0.052809652,-4.5247924e-07,0.006546259,-0.005750656,0.0071356297,0.039933734,0.049951736,-0.016214691,0.256125,0.13396034,1.0,,,,,,,,,,,,,,,,,,,,,,,,,,,,,,,,,,,,,,,,,,,
684.0,-0.009618179412814063,0.04135243967175484,0.0002774953900370747,0.5622783899307251,0.0,0.22723444,0.121836856,1.0002776,0.08948551,0.052528247,-4.5146507e-07,0.00625515,-0.006002903,0.0071856976,-0.06943187,-0.061020583,0.011596501,0.2565,0.13414878,1.0,,,,,,,,,,,,,,,,,,,,,,,,,,,,,,,,,,,,,,,,,,,
685.0,-0.009604339169738525,0.04138195514678955,0.0002774953900370747,0.5627462863922119,0.0,0.22760619,0.1220546,1.0002776,0.08922141,0.052258726,-4.3611473e-07,0.0064229965,-0.0057959557,0.007117033,0.03994826,0.049946137,-0.016218027,0.256875,0.13433717,1.0,,,,,,,,,,,,,,,,,,,,,,,,,,,,,,,,,,,,,,,,,,,
686.0,-0.009590277587472522,0.041412465274333954,0.0002774953900370747,0.5632213354110718,0.0,0.22797689,0.122271195,1.0002776,0.088965856,0.051982485,-4.3333742e-07,0.0061318874,-0.0060482025,0.007167101,-0.06942077,-0.061020657,0.011601751,0.25725,0.13452554,1.0,,,,,,,,,,,,,,,,,,,,,,,,,,,,,,,,,,,,,,,,,,,
687.0,-0.00957602962047604,0.04144385829567909,0.0002774953900370747,0.5637033581733704,0.0,0.22834647,0.12248669,1.0002776,0.08869999,0.05171812,-4.2034756e-07,0.0062999725,-0.005841255,0.007098675,0.03996278,0.04994054,-0.016221356,0.257625,0.13471387,1.0,,,,,,,,,,,,,,,,,,,,,,,,,,,,,,,,,,,,,,,,,,,
688.0,-0.009561570748454689,0.04147624224424362,0.0002775430621113628,0.5641921758651733,0.0,0.22871499,0.12270105,1.0002776,0.08844268,0.05144703,-4.1580753e-07,0.0060088634,-0.006093502,0.0071487427,-0.06940967,-0.061020736,0.011606993,0.258,0.13490218,1.0,,,,,,,,,,,,,,,,,,,,,,,,,,,,,,,,,,,,,,,,,,,
689.0,-0.009546942070050137,0.041509516537189484,0.0002775907632894814,0.5646874308586121,0.0,0.22908238,0.12291433,1.0002776,0.08817506,0.051187817,-4.0517662e-07,0.0061769485,-0.0058865547,0.007080078,0.039977293,0.04993495,-0.016224677,0.258375,0.13509044,1.0,,,,,,,,,,,,,,,,,,,,,,,,,,,,,,,,,,,,,,,,,,,
690.0,-0.009532114172034927,0.041543684899806976,0.0002775907632894814,0.5651890635490417,0.0,0.22944869,0.12312651,1.0002776,0.087915994,0.050921876,-3.988742e-07,0.005886078,-0.0061388016,0.007130146,-0.069398575,-0.06102081,0.011612229,0.25875,0.13527867,1.0,,,,,,,,,,,,,,,,,,,,,,,,,,,,,,,,,,,,,,,,,,,
691.0,-0.009517125138336998,0.04157872870564461,0.0002775907632894814,0.5656968355178833,0.0,0.22981389,0.12333762,1.0002776,0.08764661,0.050667804,-3.9060063e-07,0.006054163,-0.0059318542,0.0070614815,0.039991803,0.04992936,-0.016227989,0.259125,0.13546687,1.0,,,,,,,,,,,,,,,,,,,,,,,,,,,,,,,,,,,,,,,,,,,
692.0,-0.009501952056387384,0.041614651679992676,0.0002775907632894814,0.5662104487419128,0.0,0.230178,0.12354765,1.0002776,0.08738578,0.050407004,-3.8253623e-07,0.0057632923,-0.006184101,0.007111788,-0.06938749,-0.06102089,0.0116174575,0.2595,0.13565503,1.0,,,,,,,,,,,,,,,,,,,,,,,,,,,,,,,,,,,,,,,,,,,
693.0,-0.009486631474550087,0.0416514053940773,0.0002775668981485069,0.566729724407196,0.0,0.23054098,0.12375664,1.0002776,0.08711464,0.05015807,-3.7661837e-07,0.0059313774,-0.005977392,0.0070431232,0.040006306,0.04992377,-0.016231293,0.259875,0.13584316,1.0,,,,,,,,,,,,,,,,,,,,,,,,,,,,,,,,,,,,,,,,,,,
694.0,-0.009471139478211264,0.041688960045576096,0.0002775668981485069,0.5672544240951538,0.0,0.23090287,0.12396457,1.0002775,0.08685205,0.049902402,-3.667924e-07,0.0056405067,-0.006229639,0.007093191,-0.06937641,-0.061020963,0.011622679,0.26025,0.13603126,1.0,,,,,,,,,,,,,,,,,,,,,,,,,,,,,,,,,,,,,,,,,,,
695.0,-0.009455512002436446,0.041727304458618164,0.0002775668981485069,0.5677843689918518,0.0,0.23126361,0.12417148,1.0002775,0.08657915,0.049658597,4.688194e-09,0.0058088303,-0.0060226917,0.0070245266,0.040020805,0.049918186,-0.016234588,0.260625,0.13621932,1.0,,,,,,,,,,,,,,,,,,,,,,,,,,,,,,,,,,,,,,,,,,,
696.0,-0.00943972633236699,0.0417664460837841,0.0002775668981485069,0.5683192610740662,0.0,0.23162325,0.12437735,1.0002775,0.086314805,0.049408056,-7.009439e-08,0.0055179596,-0.0062749386,0.007074833,-0.06936534,-0.06102104,0.011627894,0.261,0.13640735,1.0,,,,,,,,,,,,,,,,,,,,,,,,,,,,,,,,,,,,,,,,,,,
697.0,-0.009423822934930652,0.04180636256933212,0.0002775668981485069,0.568858802318573,0.0,0.23198175,0.124582216,1.0002775,0.08604015,0.049169373,-4.8607625e-08,0.005686283,-0.0060682297,0.0070061684,0.040035296,0.0499126,-0.016237875,0.261375,0.13659534,1.0,,,,,,,,,,,,,,,,,,,,,,,,,,,,,,,,,,,,,,,,,,,
698.0,-0.009407776061016195,0.04184696078300476,0.0002775668981485069,0.569402813911438,0.0,0.23233914,0.12478607,1.0002775,0.08577404,0.04892395,-4.001937e-08,0.0053954124,-0.0063204765,0.0070564747,-0.069354266,-0.06102112,0.011633101,0.26175,0.1367833,1.0,,,,,,,,,,,,,,,,,,,,,,,,,,,,,,,,,,,,,,,,,,,
699.0,-0.009391620103274182,0.04188833385705948,0.0002775668981485069,0.5699511766433716,0.0,0.23269539,0.12498894,1.0002775,0.08549762,0.04869039,-4.0041858e-08,0.005563736,-0.006113529,0.00698781,0.04004978,0.049907017,-0.016241156,0.262125,0.13697124,1.0,,,,,,,,,,,,,,,,,,,,,,,,,,,,,,,,,,,,,,,,,,,
700.0,-0.009375335667765468,0.04193040356040001,0.0002775668981485069,0.5705034732818604,0.0,0.23305051,0.12519082,1.0002775,0.085229754,0.04845008,-2.519569e-08,0.0052731037,-0.006365776,0.0070381165,-0.0693432,-0.061021198,0.011638301,0.2625,0.13715912,1.0,,,,,,,,,,,,,,,,,,,,,,,,,,,,,,,,,,,,,,,,,,,
701.0,-0.00935896103045525,0.04197315871715546,0.0002775668981485069,0.5710594654083252,0.0,0.23340447,0.12539175,1.0002775,0.08495157,0.048221625,-2.8623386e-08,0.005441427,-0.006159067,0.0069692135,0.040064257,0.04990144,-0.016244426,0.262875,0.13734698,1.0,,,,,,,,,,,,,,,,,,,,,,,,,,,,,,,,,,,,,,,,,,,
702.0,-0.009342470520192003,0.042016543447971344,0.0002775668981485069,0.5716189742088318,0.0,0.23375732,0.12559168,1.0002775,0.08468195,0.04798642,-1.1769318e-08,0.005150795,-0.006411314,0.00701952,-0.069332145,-0.06102128,0.0116434945,0.26325,0.1375348,1.0,,,,,,,,,,,,,,,,,,,,,,,,,,,,,,,,,,,,,,,,,,,
703.0,-0.009325900627474768,0.042060621082782745,0.0002775668981485069,0.5721818208694458,0.0,0.23410898,0.1257907,1.0002775,0.08440201,0.04776307,-1.7603027e-08,0.005319357,-0.006204605,0.0069508553,0.040078733,0.04989586,-0.01624769,0.263625,0.1377226,1.0,,,,,,,,,,,,,,,,,,,,,,,,,,,,,,,,,,,,,,,,,,,
704.0,-0.009309867448847946,0.04210532829165459,0.0002775668981485069,0.572747528553009,0.0,0.23445953,0.12598875,1.0002775,0.08413062,0.047532964,1.0243627e-09,0.0050287247,-0.006456852,0.0070011616,-0.069321096,-0.06102136,0.011648681,0.264,0.13791035,1.0,,,,,,,,,,,,,,,,,,,,,,,,,,,,,,,,,,,,,,,,,,,
705.0,-0.009293053474755291,0.04215061664581299,0.0002775668981485069,0.5733160376548767,0.0,0.2348089,0.1261859,1.0002775,0.083848916,0.04731471,-7.1588e-09,0.0051972866,-0.006250143,0.006932497,0.0400932,0.049890283,-0.016250946,0.264375,0.13809806,1.0,,,,,,,,,,,,,,,,,,,,,,,,,,,,,,,,,,,,,,,,,,,
706.0,-0.00927653389763946,0.042196519672870636,0.0002775668981485069,0.5738869905471802,0.0,0.23515713,0.12638211,1.0002775,0.08357577,0.047089696,1.3228612e-08,0.0049066544,-0.00650239,0.0069828033,-0.069310054,-0.06102144,0.01165386,0.26475,0.13828576,1.0,,,,,,,,,,,,,,,,,,,,,,,,,,,,,,,,,,,,,,,,,,,
707.0,-0.009259936775930693,0.04224303364753723,0.0002775668981485069,0.5744601488113403,0.0,0.23550418,0.12657742,1.0002775,0.083292305,0.04687653,2.7006042e-09,0.0050752163,-0.006295681,0.006914139,0.04010766,0.04988471,-0.016254192,0.265125,0.1384734,1.0,,,,,,,,,,,,,,,,,,,,,,,,,,,,,,,,,,,,,,,,,,,
708.0,-0.00924330211539782,0.04229012876749039,0.0002775668981485069,0.5750351548194885,0.0,0.2358501,0.12677182,1.0002775,0.0830174,0.046656605,2.4846939e-08,0.004784584,-0.006547928,0.006964445,-0.06929902,-0.06102152,0.011659032,0.2655,0.13866101,1.0,,,,,,,,,,,,,,,,,,,,,,,,,,,,,,,,,,,,,,,,,,,
709.0,-0.009226606904489018,0.042337775230407715,0.0002775668981485069,0.5756117701530457,0.0,0.2361948,0.12696536,1.0002775,0.08273218,0.04644852,1.1975829e-08,0.0049533844,-0.006341219,0.006895542,0.040122114,0.049879137,-0.016257431,0.265875,0.1388486,1.0,,,,,,,,,,,,,,,,,,,,,,,,,,,,,,,,,,,,,,,,,,,
710.0,-0.009209886994900445,0.04238595440983772,0.0002775668981485069,0.5761897563934326,0.0,0.23653838,0.127158,1.0002775,0.08245551,0.046233673,3.5880657e-08,0.004662752,-0.006593466,0.006946087,-0.069287986,-0.061021604,0.011664197,0.26625,0.13903615,1.0,,,,,,,,,,,,,,,,,,,,,,,,,,,,,,,,,,,,,,,,,,,
711.0,-0.009193122619135831,0.04243472218513489,0.0002775668981485069,0.5767688751220703,0.0,0.23688075,0.1273498,1.0002775,0.08216852,0.046030663,2.066803e-08,0.0048315525,-0.006386757,0.006877184,0.040136565,0.049873568,-0.016260663,0.266625,0.13922366,1.0,,,,,,,,,,,,,,,,,,,,,,,,,,,,,,,,,,,,,,,,,,,
712.0,-0.009176352465217499,0.04248397424817085,0.0002775668981485069,0.5773487091064453,0.0,0.23722196,0.12754072,1.0002775,0.08189009,0.045820888,4.6330957e-08,0.0045411587,-0.0066390038,0.0069277287,-0.06927696,-0.06102169,0.0116693545,0.267,0.13941114,1.0,,,,,,,,,,,,,,,,,,,,,,,,,,,,,,,,,,,,,,,,,,,
713.0,-0.009159551888691206,0.04253380745649338,0.0002775668981485069,0.5779291987419128,0.0,0.23756196,0.12773082,1.0002775,0.081601344,0.04562295,2.8778391e-08,0.0047097206,-0.0064325333,0.0068588257,0.040151007,0.049868003,-0.016263885,0.267375,0.13959858,1.0,,,,,,,,,,,,,,,,,,,,,,,,,,,,,,,,,,,,,,,,,,,
714.0,-0.009142761236817752,0.0425841324031353,0.0002775668981485069,0.5785098671913147,0.0,0.2379008,0.12792006,1.0002775,0.08132115,0.045418236,5.6199024e-08,0.004419565,-0.00668478,0.0069093704,-0.06926594,-0.06102177,0.011674506,0.26775,0.13978599,1.0,,,,,,,,,,,,,,,,,,,,,,,,,,,,,,,,,,,,,,,,,,,
715.0,-0.009125959351331404,0.04263494163751602,0.0002775668981485069,0.5790905356407166,0.0,0.23823842,0.1281085,1.0002775,0.081030644,0.04522536,3.630809e-08,0.004588127,-0.006478071,0.006840706,0.040165443,0.049862437,-0.0162671,0.268125,0.13997336,1.0,,,,,,,,,,,,,,,,,,,,,,,,,,,,,,,,,,,,,,,,,,,
716.0,-0.009109178720136698,0.04268624633550644,0.0002775907632894814,0.5796710252761841,0.0,0.23857488,0.1282961,1.0002775,0.080748685,0.04502571,6.5486034e-08,0.0042979717,-0.006730318,0.0068912506,-0.06925493,-0.061021857,0.011679649,0.2685,0.1401607,1.0,,,,,,,,,,,,,,,,,,,,,,,,,,,,,,,,,,,,,,,,,,,
717.0,-0.009092408064450866,0.04273800551891327,0.0002775668981485069,0.5802507996559143,0.0,0.23891011,0.12848292,1.0002776,0.08045641,0.04483789,4.325831e-08,0.004466772,-0.0065238476,0.0068223476,0.040179875,0.04985687,-0.016270306,0.268875,0.140348,1.0,,,,,,,,,,,,,,,,,,,,,,,,,,,,,,,,,,,,,,,,,,,
718.0,-0.009075672639386904,0.04279023036360741,0.0002775668981485069,0.580829918384552,0.0,0.23924416,0.12866893,1.0002775,0.080172695,0.044643287,-2.9372524e-07,0.0041766167,-0.0067760944,0.0068728924,-0.069243915,-0.061021943,0.0116847865,0.26925,0.14053527,1.0,,,,,,,,,,,,,,,,,,,,,,,,,,,,,,,,,,,,,,,,,,,
719.0,-0.0090589573895988,0.04284290224313736,0.0002775668981485069,0.5814079642295837,0.0,0.239577,0.1288542,1.0002775,0.079878666,0.044460513,1.3600138e-07,0.004345417,-0.006569624,0.0068039894,0.0401943,0.04985131,-0.016273504,0.269625,0.1407225,1.0,,,,,,,,,,,,,,,,,,,,,,,,,,,,,,,,,,,,,,,,,,,
720.0,-0.009042300600479941,0.042896006256341934,0.0002775668981485069,0.5819845795631409,0.0,0.23990864,0.12903866,1.0002775,0.07959318,0.044270955,6.204538e-08,0.0040552616,-0.006821871,0.006854534,-0.06923292,-0.06102203,0.011689916,0.27,0.14090969,1.0,,,,,,,,,,,,,,,,,,,,,,,,,,,,,,,,,,,,,,,,,,,
721.0,-0.00902567886652105,0.04294951260089874,0.0002775907632894814,0.5825596451759338,0.0,0.24023904,0.12922238,1.0002775,0.079297386,0.044093225,6.018498e-08,0.004224062,-0.006615162,0.006785631,0.04020872,0.04984575,-0.016276695,0.270375,0.14109686,1.0,,,,,,,,,,,,,,,,,,,,,,,,,,,,,,,,,,,,,,,,,,,
722.0,-0.009009127124139924,0.04300347715616226,0.0002775668981485069,0.5831328630447388,0.0,0.24056825,0.12940533,1.0002776,0.079010144,0.043908708,8.8755094e-08,0.0039339066,-0.006867647,0.0068364143,-0.06922192,-0.061022114,0.0116950385,0.27075,0.14128399,1.0,,,,,,,,,,,,,,,,,,,,,,,,,,,,,,,,,,,,,,,,,,,
723.0,-0.008992417247320555,0.04305781051516533,0.0002775668981485069,0.5837039351463318,0.0,0.24089621,0.12958756,1.0002775,0.07871258,0.043736015,-3.0701221e-07,0.0041029453,-0.0066609383,0.006767273,0.040223133,0.049840193,-0.016279878,0.271125,0.14147107,1.0,,,,,,,,,,,,,,,,,,,,,,,,,,,,,,,,,,,,,,,,,,,
724.0,-0.0089757827623238,0.04311252385377884,0.0002775907632894814,0.584272563457489,0.0,0.24122298,0.12976904,1.0002775,0.078423575,0.043556526,1.8315701e-07,0.00381279,-0.0069134235,0.006818056,-0.06921093,-0.061022203,0.011700154,0.2715,0.14165813,1.0,,,,,,,,,,,,,,,,,,,,,,,,,,,,,,,,,,,,,,,,,,,
725.0,-0.008959201458514874,0.04316765069961548,0.0002775668981485069,0.5848385691642761,0.0,0.2415485,0.12994984,1.0002776,0.078124255,0.04338886,4.502606e-08,0.003982067,-0.006706953,0.006749153,0.040237542,0.04983464,-0.016283052,0.271875,0.14184515,1.0,,,,,,,,,,,,,,,,,,,,,,,,,,,,,,,,,,,,,,,,,,,
726.0,-0.00894271116424934,0.04322315752506256,0.0002775668981485069,0.5854015946388245,0.0,0.2418728,0.13012989,1.0002775,0.07783348,0.0432144,-2.5991562e-07,0.0036919117,-0.0069592,0.0067999363,-0.06919994,-0.061022293,0.0117052635,0.27225,0.14203213,1.0,,,,,,,,,,,,,,,,,,,,,,,,,,,,,,,,,,,,,,,,,,,
727.0,-0.008926290238582444,0.04327898472547531,0.0002775668981485069,0.5859614610671997,0.0,0.24219586,0.13030928,1.0002775,0.077532396,0.04305175,1.5461298e-07,0.0038609505,-0.0067527294,0.006730795,0.040251944,0.049829084,-0.016286217,0.272625,0.14221908,1.0,,,,,,,,,,,,,,,,,,,,,,,,,,,,,,,,,,,,,,,,,,,
728.0,-0.008909973684661966,0.0433352068066597,0.0002775907632894814,0.5865179300308228,0.0,0.2425177,0.13048795,1.0002775,0.07723986,0.04288231,8.905771e-08,0.0035710335,-0.0070049763,0.006781578,-0.06918897,-0.06102238,0.011710364,0.273,0.142406,1.0,,,,,,,,,,,,,,,,,,,,,,,,,,,,,,,,,,,,,,,,,,,
729.0,-0.008893741926284567,0.043391816318035126,0.0002775668981485069,0.5870707035064697,0.0,0.24283826,0.13066597,1.0002776,0.07693701,0.042724676,7.755474e-08,0.0037403107,-0.006798506,0.006712675,0.04026634,0.049823534,-0.016289376,0.273375,0.14259288,1.0,,,,,,,,,,,,,,,,,,,,,,,,,,,,,,,,,,,,,,,,,,,
730.0,-0.008877630798531756,0.043448761105537415,0.0002775668981485069,0.5876195430755615,0.0,0.24315761,0.13084331,1.0002775,0.076642714,0.042560246,-2.5469743e-07,0.0034501553,-0.0070507526,0.0067634583,-0.06917799,-0.061022468,0.01171546,0.27375,0.14277972,1.0,,,,,,,,,,,,,,,,,,,,,,,,,,,,,,,,,,,,,,,,,,,
731.0,-0.00886161915403136,0.04350605607032776,0.0002775907632894814,0.588164210319519,0.0,0.24347568,0.13102001,1.0002775,0.0763381,0.042407624,1.6241326e-07,0.0036194324,-0.006844282,0.006694317,0.040280726,0.049817987,-0.016292525,0.274125,0.14296652,1.0,,,,,,,,,,,,,,,,,,,,,,,,,,,,,,,,,,,,,,,,,,,
732.0,-0.008845741992400872,0.04356364160776138,0.0002775668981485069,0.5887044668197632,0.0,0.24379252,0.13119604,1.0002776,0.076042034,0.042248197,9.866815e-08,0.0033295155,-0.0070967674,0.0067451,-0.069167025,-0.06102256,0.011720547,0.2745,0.1431533,1.0,,,,,,,,,,,,,,,,,,,,,,,,,,,,,,,,,,,,,,,,,,,
733.0,-0.008829980391152641,0.043621599674224854,0.0002775668981485069,0.5892400145530701,0.0,0.24410808,0.13137145,1.0002775,0.07573566,0.04210058,-2.8500477e-07,0.0034987926,-0.006890297,0.006676197,0.040295113,0.04981244,-0.016295666,0.274875,0.14334004,1.0,,,,,,,,,,,,,,,,,,,,,,,,,,,,,,,,,,,,,,,,,,,
734.0,-0.00881410953859304,0.0436798520386219,0.0002775907632894814,0.5897706747055054,0.0,0.2444224,0.13154623,1.0002775,0.07543783,0.041946147,2.0836643e-07,0.003209114,-0.007142544,0.00672698,-0.069156066,-0.06102265,0.011725628,0.27525,0.14352673,1.0,,,,,,,,,,,,,,,,,,,,,,,,,,,,,,,,,,,,,,,,,,,
735.0,-0.008798381801862707,0.043738462030887604,0.0002775668981485069,0.5902961492538452,0.0,0.24473545,0.13172042,1.0002776,0.07512969,0.04180352,5.991402e-08,0.0033783913,-0.0069360733,0.006657839,0.04030949,0.049806893,-0.0162988,0.275625,0.1437134,1.0,,,,,,,,,,,,,,,,,,,,,,,,,,,,,,,,,,,,,,,,,,,
736.0,-0.008782832273129317,0.043797414749860764,0.0002775668981485069,0.5908161997795105,0.0,0.24504724,0.13189398,1.0002775,0.07483009,0.041654088,-2.3656413e-07,0.0030884743,-0.0071885586,0.0067088604,-0.06914511,-0.061022744,0.011730702,0.276,0.14390002,1.0,,,,,,,,,,,,,,,,,,,,,,,,,,,,,,,,,,,,,,,,,,,
737.0,-0.008767441172625696,0.04385673254728317,0.0002775907632894814,0.5913305878639221,0.0,0.24535774,0.13206697,1.0002775,0.074520186,0.04151645,1.6641536e-07,0.0032579899,-0.006982088,0.006639719,0.04032386,0.04980135,-0.016301926,0.276375,0.14408661,1.0,,,,,,,,,,,,,,,,,,,,,,,,,,,,,,,,,,,,,,,,,,,
738.0,-0.008752247576670199,0.043916404247283936,0.0002775668981485069,0.5918388962745667,0.0,0.245667,0.13223934,1.0002776,0.074218825,0.041371997,1.09611996e-07,0.0029683113,-0.0072345734,0.0066907406,-0.06913417,-0.061022833,0.011735768,0.27675,0.14427318,1.0,,,,,,,,,,,,,,,,,,,,,,,,,,,,,,,,,,,,,,,,,,,
739.0,-0.008737227489985526,0.04397641867399216,0.00027763843536376953,0.5923410654067993,0.0,0.24597493,0.13241118,1.0002775,0.07390716,0.04123934,-2.8141923e-07,0.0031375885,-0.007028103,0.006621599,0.040338226,0.04979581,-0.016305042,0.277125,0.1444597,1.0,,,,,,,,,,,,,,,,,,,,,,,,,,,,,,,,,,,,,,,,,,,
740.0,-0.008722420309455631,0.044036850333213806,0.00027761459932662547,0.5928366780281067,0.0,0.24628162,0.13258243,1.0002776,0.07360403,0.04109987,2.1730351e-07,0.00284791,-0.0072803497,0.0066723824,-0.06912322,-0.061022926,0.011740827,0.2775,0.14464617,1.0,,,,,,,,,,,,,,,,,,,,,,,,,,,,,,,,,,,,,,,,,,,
741.0,-0.008707802697246372,0.0440976619720459,0.00027761459932662547,0.5933256149291992,0.0,0.246587,0.13275315,1.0002775,0.073290594,0.040972188,-3.06048e-07,0.0030174255,-0.0070741177,0.006603241,0.040352587,0.04979027,-0.016308153,0.277875,0.14483263,1.0,,,,,,,,,,,,,,,,,,,,,,,,,,,,,,,,,,,,,,,,,,,
742.0,-0.008693416821324356,0.04415886849164963,0.00027763843536376953,0.5938073992729187,0.0,0.2468911,0.1329233,1.0002775,0.0729857,0.040837687,2.2494572e-07,0.002727747,-0.0073263645,0.0066542625,-0.069112286,-0.061023023,0.011745879,0.27825,0.14501902,1.0,,,,,,,,,,,,,,,,,,,,,,,,,,,,,,,,,,,,,,,,,,,
743.0,-0.008679232729040816,0.04422048479318619,0.00027761459932662547,0.5942820906639099,0.0,0.2471939,0.13309294,1.0002776,0.0726705,0.04071497,6.0031894e-08,0.0028972626,-0.0071201324,0.006585121,0.04036694,0.049784735,-0.016311254,0.278625,0.14520541,1.0,,,,,,,,,,,,,,,,,,,,,,,,,,,,,,,,,,,,,,,,,,,
744.0,-0.008665294980832553,0.044282495975494385,0.00027761459932662547,0.5947491526603699,0.0,0.24749541,0.13326205,1.0002775,0.072363846,0.040585436,-2.2774996e-07,0.0026078224,-0.0073726177,0.0066361427,-0.069101356,-0.061023116,0.011750925,0.279,0.14539175,1.0,,,,,,,,,,,,,,,,,,,,,,,,,,,,,,,,,,,,,,,,,,,
745.0,-0.00865158151403448,0.04434497281908989,0.00027763843536376953,0.5952084064483643,0.0,0.24779561,0.13343066,1.0002775,0.072046876,0.040467687,1.6556437e-07,0.002777338,-0.007166147,0.0065670013,0.04038129,0.049779203,-0.016314348,0.279375,0.14557804,1.0,,,,,,,,,,,,,,,,,,,,,,,,,,,,,,,,,,,,,,,,,,,
746.0,-0.008638121674732976,0.04440786689519882,0.00027761459932662547,0.5956597924232483,0.0,0.24809451,0.13359876,1.0002776,0.07173845,0.04034311,1.1586203e-07,0.0024878979,-0.0074186325,0.006618023,-0.06909043,-0.06102321,0.011755964,0.27975,0.1457643,1.0,,,,,,,,,,,,,,,,,,,,,,,,,,,,,,,,,,,,,,,,,,,
747.0,-0.008624897635943492,0.044471219182014465,0.00027763843536376953,0.5961030125617981,0.0,0.2483921,0.13376638,1.0002775,0.07141972,0.040230315,-2.8445396e-07,0.0026574135,-0.0072124004,0.0065488815,0.040395632,0.04977367,-0.016317433,0.280125,0.14595054,1.0,,,,,,,,,,,,,,,,,,,,,,,,,,,,,,,,,,,,,,,,,,,
748.0,-0.008611949282725257,0.04453502595424652,0.00027761459932662547,0.5965376496315002,0.0,0.24868838,0.13393351,1.0002776,0.071109526,0.04011069,2.2128e-07,0.0023679733,-0.0074646473,0.006599903,-0.06907952,-0.061023306,0.011760996,0.2805,0.14613673,1.0,,,,,,,,,,,,,,,,,,,,,,,,,,,,,,,,,,,,,,,,,,,
749.0,-0.008599188029228391,0.044599276036024094,0.00027761459932662547,0.5969637632369995,0.0,0.24898334,0.1341002,1.0002775,0.07078903,0.04000284,-3.113291e-07,0.0025377274,-0.007258415,0.0065307617,0.040409967,0.04976814,-0.01632051,0.280875,0.14632289,1.0,,,,,,,,,,,,,,,,,,,,,,,,,,,,,,,,,,,,,,,,,,,
750.0,-0.008586712923558663,0.044664010405540466,0.00027763843536376953,0.5973808765411377,0.0,0.249277,0.13426639,1.0002775,0.07047707,0.039888162,2.266692e-07,0.0022482872,-0.007392168,0.00658226,-0.069254935,-0.032572582,0.011838221,0.28125,0.146509,1.0,,,,,,,,,,,,,,,,,,,,,,,,,,,,,,,,,,,,,,,,,,,
751.0,-0.008574496055634519,0.04472922533750534,0.00027761459932662547,0.5977889895439148,0.0,0.24956933,0.13443217,1.0002776,0.07015965,0.03978529,8.861288e-08,0.0024180412,-0.007067442,0.0065131187,0.040233117,0.07820685,-0.016264431,0.281625,0.14669509,1.0,,,,,,,,,,,,,,,,,,,,,,,,,,,,,,,,,,,,,,,,,,,
752.0,-0.008562577622834217,0.04479493573307991,0.00027763843536376953,0.5981876850128174,0.0,0.24986039,0.13459748,1.0002775,0.069855615,0.039675612,-1.671142e-07,0.002128601,-0.007201433,0.006564617,-0.06924055,-0.032585964,0.011856389,0.282,0.14688115,1.0,,,,,,,,,,,,,,,,,,,,,,,,,,,,,,,,,,,,,,,,,,,
753.0,-0.00855093081117957,0.04486110806465149,0.00027761459932662547,0.5985769629478455,0.0,0.25015017,0.13476239,1.0002776,0.06954611,0.039577737,2.4868677e-07,0.0022985935,-0.006876707,0.006495714,0.0402442,0.078188054,-0.016280463,0.282375,0.14706714,1.0,,,,,,,,,,,,,,,,,,,,,,,,,,,,,,,,,,,,,,,,,,,
754.0,-0.008539594038982615,0.04492775350809097,0.00027763843536376953,0.5989564657211304,0.0,0.25043872,0.13492686,1.0002775,0.069249995,0.039473057,-1.3879213e-07,0.0020091534,-0.0070106983,0.0065472126,-0.06922616,-0.03259934,0.011874543,0.28275,0.14725313,1.0,,,,,,,,,,,,,,,,,,,,,,,,,,,,,,,,,,,,,,,,,,,
755.0,-0.008528545323239087,0.044994909316301346,0.00027763843536376953,0.5993260145187378,0.0,0.25072598,0.13509095,1.0002776,0.068948396,0.039380174,3.0754708e-07,0.0021789074,-0.006685972,0.006478071,0.04025527,0.07816927,-0.016296484,0.283125,0.14743906,1.0,,,,,,,,,,,,,,,,,,,,,,,,,,,,,,,,,,,,,,,,,,,
756.0,-0.008517829968007573,0.045062560588121414,0.00027763843536376953,0.5996854305267334,0.0,0.2510121,0.1352546,1.0002776,0.06866018,0.03928048,-8.882842e-08,0.0018897057,-0.0068199635,0.0065295696,-0.06921178,-0.03261271,0.011892681,0.2835,0.14762495,1.0,,,,,,,,,,,,,,,,,,,,,,,,,,,,,,,,,,,,,,,,,,,
757.0,-0.008507389716825858,0.04513075202703476,0.00027763843536376953,0.6000345349311829,0.0,0.25129694,0.13541792,1.0002776,0.06836648,0.039192587,-8.710957e-09,0.002059698,-0.006495476,0.0064604282,0.040266335,0.078150496,-0.01631249,0.283875,0.14781082,1.0,,,,,,,,,,,,,,,,,,,,,,,,,,,,,,,,,,,,,,,,,,,
758.0,-0.008497597421927641,0.0451994314789772,0.00027763843536376953,0.6003731489181519,0.0,0.25158063,0.13558082,1.0002776,0.068086155,0.039097875,4.7085226e-08,0.0017704964,-0.006629467,0.0065119267,-0.06919741,-0.03262607,0.011910805,0.28425,0.14799665,1.0,,,,,,,,,,,,,,,,,,,,,,,,,,,,,,,,,,,,,,,,,,,
759.0,-0.008487510401966577,0.045268647372722626,0.00027763843536376953,0.6007010340690613,0.0,0.25186312,0.13574338,1.0002776,0.06780035,0.039014958,2.0660877e-08,0.0019404888,-0.0063052177,0.0064427853,0.040277388,0.07813172,-0.016328484,0.284625,0.14818244,1.0,,,,,,,,,,,,,,,,,,,,,,,,,,,,,,,,,,,,,,,,,,,
760.0,-0.008478667098115695,0.04533836990594864,0.00027763843536376953,0.6010180115699768,0.0,0.25214452,0.13590558,1.0002776,0.06752791,0.038925223,9.9748426e-08,0.0016512871,-0.006439209,0.0064942837,-0.06918304,-0.032639425,0.011928913,0.285,0.1483682,1.0,,,,,,,,,,,,,,,,,,,,,,,,,,,,,,,,,,,,,,,,,,,
761.0,-0.00846936583013012,0.04540858790278435,0.00027763843536376953,0.6013240814208984,0.0,0.25242472,0.13606744,1.0002776,0.06724998,0.03884728,6.7469095e-08,0.0018212795,-0.0061149597,0.0064251423,0.040288437,0.07811295,-0.016344465,0.285375,0.14855391,1.0,,,,,,,,,,,,,,,,,,,,,,,,,,,,,,,,,,,,,,,,,,,
762.0,-0.008461164806590388,0.04547939449548721,0.00027763843536376953,0.601618766784668,0.0,0.25270382,0.13622895,1.0002776,0.06698542,0.03876251,1.4621325e-07,0.0015320778,-0.006248951,0.006476879,-0.06916867,-0.032652773,0.011947008,0.28575,0.14873958,1.0,,,,,,,,,,,,,,,,,,,,,,,,,,,,,,,,,,,,,,,,,,,
763.0,-0.008453294807541535,0.04555074870586395,0.00027763843536376953,0.6019021272659302,0.0,0.2529818,0.13639015,1.0002776,0.06671536,0.038689528,1.13629554e-07,0.0017020702,-0.0059247017,0.0064074993,0.040299475,0.0780942,-0.016360434,0.286125,0.14892522,1.0,,,,,,,,,,,,,,,,,,,,,,,,,,,,,,,,,,,,,,,,,,,
764.0,-0.00844579216703096,0.04562259837985039,0.00027763843536376953,0.6021738648414612,0.0,0.2532587,0.13655102,1.0002776,0.066458665,0.03860972,1.9072989e-07,0.0014131069,-0.0060589314,0.006459236,-0.06915431,-0.032666113,0.011965087,0.2865,0.14911082,1.0,,,,,,,,,,,,,,,,,,,,,,,,,,,,,,,,,,,,,,,,,,,
765.0,-0.008438632015092665,0.045695025473833084,0.00027763843536376953,0.6024339199066162,0.0,0.25353453,0.13671161,1.0002776,0.06619647,0.038541697,1.5814916e-07,0.0015830994,-0.005734682,0.0063898563,0.040310506,0.078075446,-0.01637639,0.286875,0.14929639,1.0,,,,,,,,,,,,,,,,,,,,,,,,,,,,,,,,,,,,,,,,,,,
766.0,-0.00843184701117789,0.04576800763607025,0.00027763843536376953,0.6026821136474609,0.0,0.2538093,0.1368719,1.0002776,0.06594763,0.038466845,2.3353621e-07,0.001294136,-0.00586915,0.006441593,-0.06913995,-0.03267945,0.011983151,0.28725,0.14948192,1.0,,,,,,,,,,,,,,,,,,,,,,,,,,,,,,,,,,,,,,,,,,,
767.0,-0.008425037629771396,0.0458415225148201,0.00027763843536376953,0.6029181480407715,0.0,0.25408304,0.13703191,1.0002776,0.06569328,0.03840377,2.0097677e-07,0.0014643669,-0.005544901,0.0063722134,0.04032153,0.0780567,-0.016392332,0.287625,0.14966741,1.0,,,,,,,,,,,,,,,,,,,,,,,,,,,,,,,,,,,,,,,,,,,
768.0,-0.00841859033570836,0.04591557756066322,0.00027763843536376953,0.6031421422958374,0.0,0.25435576,0.13719164,1.0002776,0.06545229,0.038333867,2.746489e-07,0.0011754036,-0.005679369,0.00642395,-0.06912559,-0.032692775,0.012001201,0.288,0.14985286,1.0,,,,,,,,,,,,,,,,,,,,,,,,,,,,,,,,,,,,,,,,,,,
769.0,-0.008412484011964627,0.04599018022418022,0.00027763843536376953,0.6033539175987244,0.0,0.25462744,0.13735113,1.0002776,0.06520579,0.038275737,2.4211315e-07,0.0013456345,-0.0053551197,0.0063545704,0.040332545,0.07803796,-0.016408263,0.288375,0.15003827,1.0,,,,,,,,,,,,,,,,,,,,,,,,,,,,,,,,,,,,,,,,,,,
770.0,-0.008406748648107169,0.04606528952717781,0.00027763843536376953,0.6035533547401428,0.0,0.25489816,0.13751033,1.0002776,0.06497264,0.038210772,3.1407248e-07,0.0010566711,-0.005489588,0.006406307,-0.06911125,-0.032706097,0.012019236,0.28875,0.15022366,1.0,,,,,,,,,,,,,,,,,,,,,,,,,,,,,,,,,,,,,,,,,,,
771.0,-0.008401356198930081,0.04614086076617241,0.00027768610743805766,0.6037405133247375,0.0,0.25516787,0.13766932,1.0002776,0.06473397,0.038157582,2.8156188e-07,0.001226902,-0.005165577,0.0063369274,0.040343553,0.07801924,-0.01642418,0.289125,0.150409,1.0,,,,,,,,,,,,,,,,,,,,,,,,,,,,,,,,,,,,,,,,,,,
772.0,-0.008396705901879615,0.04621691629290581,0.00027768610743805766,0.6039151549339294,0.0,0.25543666,0.13782807,1.0002776,0.06450865,0.03809755,3.5181077e-07,0.0009381771,-0.005300045,0.0063886642,-0.0690969,-0.032719407,0.012037256,0.2895,0.1505943,1.0,,,,,,,,,,,,,,,,,,,,,,,,,,,,,,,,,,,,,,,,,,,
773.0,-0.008391927769605538,0.046293437480926514,0.00027768610743805766,0.6040773987770081,0.0,0.2557045,0.1379866,1.0002776,0.064277805,0.038049288,3.1932683e-07,0.001108408,-0.0049762726,0.0063192844,0.04035455,0.07800051,-0.016440084,0.289875,0.15077956,1.0,,,,,,,,,,,,,,,,,,,,,,,,,,,,,,,,,,,,,,,,,,,
774.0,-0.00838844598930773,0.04637039080262184,0.00027768610743805766,0.6042270064353943,0.0,0.2559714,0.13814491,1.0002776,0.06406029,0.03799418,3.878675e-07,0.0008196831,-0.0051107407,0.006370783,-0.069082566,-0.032732714,0.012055261,0.29025,0.1509648,1.0,,,,,,,,,,,,,,,,,,,,,,,,,,,,,,,,,,,,,,,,,,,
775.0,-0.008384400505854865,0.046447716653347015,0.00027768610743805766,0.6043639779090881,0.0,0.2562374,0.13830304,1.0002776,0.06383727,0.037950844,3.5541174e-07,0.0009899139,-0.004786968,0.006301403,0.04036554,0.07798179,-0.016455974,0.290625,0.15114999,1.0,,,,,,,,,,,,,,,,,,,,,,,,,,,,,,,,,,,,,,,,,,,
776.0,-0.008381653744627694,0.046525441110134125,0.00027768610743805766,0.6044882535934448,0.0,0.2565025,0.13846096,1.0002776,0.06362757,0.03790066,4.222465e-07,0.00070118904,-0.0049214363,0.00635314,-0.06906822,-0.032746013,0.012073251,0.291,0.15133514,1.0,,,,,,,,,,,,,,,,,,,,,,,,,,,,,,,,,,,,,,,,,,,
777.0,-0.008378344610833303,0.04660355672240257,0.00027768610743805766,0.6045998334884644,0.0,0.25676674,0.13861872,1.0002776,0.06341235,0.037862238,3.8982034e-07,0.0008714199,-0.004597664,0.00628376,0.040376525,0.077963084,-0.016471853,0.291375,0.15152025,1.0,,,,,,,,,,,,,,,,,,,,,,,,,,,,,,,,,,,,,,,,,,,
778.0,-0.008376337250379586,0.046681977808475494,0.00027768610743805766,0.6046985983848572,0.0,0.2570301,0.13877629,1.0002776,0.06321046,0.037816964,4.5495153e-07,0.0005829334,-0.0047323704,0.006335497,-0.069053896,-0.032759305,0.012091228,0.29175,0.15170532,1.0,,,,,,,,,,,,,,,,,,,,,,,,,,,,,,,,,,,,,,,,,,,
779.0,-0.008373771147761,0.04676079750061035,0.00027768610743805766,0.6047845482826233,0.0,0.25729263,0.13893372,1.0002776,0.06300303,0.037783455,4.2255647e-07,0.0007531643,-0.0044088364,0.0062658787,0.0403875,0.07794438,-0.01648772,0.292125,0.15189037,1.0,,,,,,,,,,,,,,,,,,,,,,,,,,,,,,,,,,,,,,,,,,,
780.0,-0.00837250941168386,0.04683994501829147,0.00027768610743805766,0.6048576235771179,0.0,0.25755432,0.13909099,1.0002776,0.06280893,0.037743088,4.859864e-07,0.0004646778,-0.004543543,0.0063176155,-0.06903957,-0.03277259,0.012109188,0.2925,0.15207537,1.0,,,,,,,,,,,,,,,,,,,,,,,,,,,,,,,,,,,,,,,,,,,
781.0,-0.008370691896093923,0.046919383108615875,0.00027768610743805766,0.6049177646636963,0.0,0.2578152,0.13924812,1.0002776,0.06260929,0.03771448,4.536238e-07,0.0006351471,-0.0042197704,0.0062482357,0.040398464,0.07792569,-0.016503572,0.292875,0.15226033,1.0,,,,,,,,,,,,,,,,,,,,,,,,,,,,,,,,,,,,,,,,,,,
782.0,-0.008369769331905265,0.04699910059571266,0.00027768610743805766,0.6049649715423584,0.0,0.2580753,0.13940512,1.0002776,0.062422976,0.037679013,5.1535477e-07,0.0003466606,-0.0043547153,0.0062999725,-0.06902525,-0.03278587,0.012127135,0.29325,0.15244526,1.0,,,,,,,,,,,,,,,,,,,,,,,,,,,,,,,,,,,,,,,,,,,
783.0,-0.008368314505612219,0.04707906395196915,0.00027768610743805766,0.6049991250038147,0.0,0.25833458,0.13956201,1.0002776,0.062231116,0.0376553,4.830262e-07,0.0005171299,-0.0040311813,0.0062303543,0.040409423,0.077906996,-0.016519412,0.293625,0.15263014,1.0,,,,,,,,,,,,,,,,,,,,,,,,,,,,,,,,,,,,,,,,,,,
784.0,-0.008368194088399106,0.04715938866138458,0.00027768610743805766,0.6050200462341309,0.0,0.25859314,0.13971879,1.0002776,0.06205257,0.037624728,5.430605e-07,0.00022864342,-0.004165888,0.0062823296,-0.06901093,-0.03279914,0.012145067,0.294,0.15281498,1.0,,,,,,,,,,,,,,,,,,,,,,,,,,,,,,,,,,,,,,,,,,,
785.0,-0.008367544138726226,0.0472399927675724,0.00027768610743805766,0.6050278544425964,0.0,0.25885093,0.13987547,1.0002776,0.061868485,0.037605904,5.107674e-07,0.0003991127,-0.0038425922,0.0062127113,0.040420376,0.07788832,-0.016535241,0.294375,0.1529998,1.0,,,,,,,,,,,,,,,,,,,,,,,,,,,,,,,,,,,,,,,,,,,
786.0,-0.008368236163752955,0.04732087254524231,0.00027768610743805766,0.6050221920013428,0.0,0.259108,0.14003207,1.0002776,0.061697703,0.037580214,5.691072e-07,0.00011062622,-0.0039772987,0.006264448,-0.068996616,-0.032812405,0.012162983,0.29475,0.15318458,1.0,,,,,,,,,,,,,,,,,,,,,,,,,,,,,,,,,,,,,,,,,,,
787.0,-0.00836841560343819,0.047402121126651764,0.00027768610743805766,0.6050031185150146,0.0,0.25936434,0.14018859,1.0002776,0.061521374,0.037566274,5.36851e-07,0.0002810955,-0.0036540031,0.00619483,0.040431317,0.07786964,-0.016551055,0.295125,0.15336931,1.0,,,,,,,,,,,,,,,,,,,,,,,,,,,,,,,,,,,,,,,,,,,
788.0,-0.008369925025100021,0.04748367890715599,0.00027768610743805766,0.6049705147743225,0.0,0.25962,0.14034502,1.0002776,0.061358348,0.037545465,5.9349884e-07,-7.1525574e-06,-0.003788948,0.006246567,-0.0689823,-0.032825664,0.012180886,0.2955,0.153554,1.0,,,,,,,,,,,,,,,,,,,,,,,,,,,,,,,,,,,,,,,,,,,
789.0,-0.008371698758912317,0.047565557062625885,0.00027768610743805766,0.6049242615699768,0.0,0.25987497,0.14050142,1.0002776,0.06118977,0.0375364,5.612809e-07,0.00016355515,-0.0034656525,0.0061769485,0.04044225,0.077850975,-0.016566858,0.295875,0.15373866,1.0,,,,,,,,,,,,,,,,,,,,,,,,,,,,,,,,,,,,,,,,,,,
790.0,-0.008373843340298481,0.04764775186777115,0.00027768610743805766,0.6048642992973328,0.0,0.26012927,0.14065777,1.0002776,0.061034493,0.037520465,6.16239e-07,-0.00012469292,-0.0036005974,0.006228924,-0.068968,-0.032838915,0.012198773,0.29625,0.15392327,1.0,,,,,,,,,,,,,,,,,,,,,,,,,,,,,,,,,,,,,,,,,,,
791.0,-0.008376983063271838,0.047730326652526855,0.00027768610743805766,0.6047927141189575,0.0,0.26038292,0.14081408,1.0002776,0.060873657,0.03751627,5.840608e-07,4.5776367e-05,-0.0032775402,0.006159067,0.040453177,0.07783231,-0.016582645,0.296625,0.15410785,1.0,,,,,,,,,,,,,,,,,,,,,,,,,,,,,,,,,,,,,,,,,,,
792.0,-0.00837951738141601,0.04781322926282883,0.00027768610743805766,0.6047093868255615,0.0,0.26063594,0.14097035,1.0002776,0.060726114,0.0375052,6.3733137e-07,-0.00024223328,-0.0034124851,0.0062110424,-0.0689537,-0.032852158,0.012216646,0.297,0.15429239,1.0,,,,,,,,,,,,,,,,,,,,,,,,,,,,,,,,,,,,,,,,,,,
793.0,-0.008383691996421477,0.04789646342396736,0.00027768610743805766,0.6046140193939209,0.0,0.2608883,0.14112663,1.0002776,0.06057301,0.037505865,6.051944e-07,-7.176399e-05,-0.003089428,0.006141424,0.040464096,0.077813655,-0.016598422,0.297375,0.1544769,1.0,,,,,,,,,,,,,,,,,,,,,,,,,,,,,,,,,,,,,,,,,,,
794.0,-0.008386907522010007,0.047980040311813354,0.00027768610743805766,0.6045067310333252,0.0,0.26114014,0.14128287,1.0002776,0.060433198,0.03749965,6.567798e-07,-0.00035977364,-0.0032246113,0.006193161,-0.0689394,-0.032865394,0.012234504,0.29775,0.15466136,1.0,,,,,,,,,,,,,,,,,,,,,,,,,,,,,,,,,,,,,,,,,,,
795.0,-0.008391851466769368,0.048063986003398895,0.00027768610743805766,0.6043873429298401,0.0,0.2613913,0.14143915,1.0002776,0.060287822,0.037505176,6.2468547e-07,-0.00018930435,-0.002901554,0.006123543,0.040475007,0.077795014,-0.016614186,0.298125,0.15484579,1.0,,,,,,,,,,,,,,,,,,,,,,,,,,,,,,,,,,,,,,,,,,,
796.0,-0.008395805529729478,0.048148270696401596,0.00027768610743805766,0.6042556762695312,0.0,0.26164198,0.14159541,1.0002776,0.060155727,0.037503812,6.745879e-07,-0.000477314,-0.0030367374,0.0061752796,-0.06892511,-0.032878626,0.012252348,0.2985,0.15503018,1.0,,,,,,,,,,,,,,,,,,,,,,,,,,,,,,,,,,,,,,,,,,,
797.0,-0.008401707978573179,0.04823289439082146,0.00027773380861617625,0.6041118502616882,0.0,0.26189205,0.14175172,1.0002776,0.060018063,0.037514184,6.425376e-07,-0.0003066063,-0.0027136803,0.0061056614,0.04048591,0.07777637,-0.016629936,0.298875,0.15521452,1.0,,,,,,,,,,,,,,,,,,,,,,,,,,,,,,,,,,,,,,,,,,,
798.0,-0.008407250232911612,0.048317860811948776,0.00027773380861617625,0.6039555668830872,0.0,0.26214162,0.14190805,1.0002776,0.05989368,0.03751767,6.907595e-07,-0.00059461594,-0.0028488636,0.0061576366,-0.06891082,-0.032891847,0.012270177,0.29925,0.15539883,1.0,,,,,,,,,,,,,,,,,,,,,,,,,,,,,,,,,,,,,,,,,,,
799.0,-0.008414528350333423,0.048403192311525345,0.00027773380861617625,0.6037868857383728,0.0,0.2623906,0.14206444,1.0002776,0.059763722,0.037532885,6.587547e-07,-0.00042366982,-0.0025260448,0.00608778,0.040496804,0.07775774,-0.016645676,0.299625,0.1555831,1.0,,,,,,,,,,,,,,,,,,,,,,,,,,,,,,,,,,,,,,,,,,,
800.0,-0.00842082590520222,0.048488885164260864,0.00027773380861617625,0.6036055684089661,0.0,0.26263916,0.14222085,1.0002776,0.05964704,0.037541203,7.0529825e-07,-0.00071167946,-0.0026612282,0.0061397552,-0.06889654,-0.032905065,0.012287991,0.3,0.15576734,1.0,,,,,,,,,,,,,,,,,,,,,,,,,,,,,,,,,,,,,,,,,,,
801.0,-0.008428863485604962,0.04857487231492996,0.00027773380861617625,0.6034116744995117,0.0,0.26288718,0.14237736,1.0002776,0.059524775,0.037561253,6.7334037e-07,-0.00054097176,-0.0023384094,0.0060698986,0.040507693,0.07773911,-0.0166614,0.300375,0.15595153,1.0,,,,,,,,,,,,,,,,,,,,,,,,,,,,,,,,,,,,,,,,,,,
802.0,-0.008435922067936918,0.04866126924753189,0.00027773380861617625,0.6032050848007202,0.0,0.26313475,0.14253393,1.0002776,0.059415784,0.037574407,7.1820773e-07,-0.000828743,-0.0024738312,0.006121874,-0.06888226,-0.032918274,0.012305791,0.30075,0.15613568,1.0,,,,,,,,,,,,,,,,,,,,,,,,,,,,,,,,,,,,,,,,,,,
803.0,-0.008444727155113652,0.04874802753329277,0.00027773380861617625,0.6029857397079468,0.0,0.26338184,0.14269058,1.0002776,0.059301212,0.037599288,6.8629834e-07,-0.0006580353,-0.0021510124,0.006051779,0.04051857,0.07772049,-0.016677113,0.301125,0.1563198,1.0,,,,,,,,,,,,,,,,,,,,,,,,,,,,,,,,,,,,,,,,,,,
804.0,-0.008452556740623552,0.048835188150405884,0.00027773380861617625,0.6027535796165466,0.0,0.26362848,0.14284733,1.0002776,0.059199903,0.037617266,7.294919e-07,-0.0009458065,-0.0022864342,0.0061039925,-0.06886799,-0.032931477,0.012323575,0.3015,0.15650387,1.0,,,,,,,,,,,,,,,,,,,,,,,,,,,,,,,,,,,,,,,,,,,
805.0,-0.008462004274173889,0.04892263561487198,0.00027773380861617625,0.6025084853172302,0.0,0.2638747,0.1430042,1.0002776,0.05909301,0.037646964,6.976323e-07,-0.0007748604,-0.0019638538,0.0060338974,0.04052944,0.077701874,-0.016692813,0.301875,0.15668792,1.0,,,,,,,,,,,,,,,,,,,,,,,,,,,,,,,,,,,,,,,,,,,
806.0,-0.00847047402149292,0.04901048541069031,0.00027773380861617625,0.6022504568099976,0.0,0.26412055,0.14316115,1.0002776,0.058999375,0.037669763,7.3915425e-07,-0.0010626316,-0.0020992756,0.0060858727,-0.06885371,-0.03294467,0.012341346,0.30225,0.15687191,1.0,,,,,,,,,,,,,,,,,,,,,,,,,,,,,,,,,,,,,,,,,,,
807.0,-0.008480686901387164,0.049098674207925797,0.00027768610743805766,0.6019795536994934,0.0,0.26436597,0.14331825,1.0002776,0.05890015,0.037704278,7.0734586e-07,-0.0008916855,-0.0017766953,0.006016016,0.040540304,0.07768327,-0.0167085,0.302625,0.15705587,1.0,,,,,,,,,,,,,,,,,,,,,,,,,,,,,,,,,,,,,,,,,,,
808.0,-0.008489999753105078,0.049187202006578445,0.0002777814806904644,0.6016955971717834,0.0,0.264611,0.14347546,1.0002776,0.05881418,0.037731886,7.471986e-07,-0.0011794567,-0.0019123554,0.0060679913,-0.06883945,-0.032957863,0.012359101,0.303,0.15723978,1.0,,,,,,,,,,,,,,,,,,,,,,,,,,,,,,,,,,,,,,,,,,,
809.0,-0.00850091199994313,0.04927606135606766,0.00027773380861617625,0.6013986468315125,0.0,0.2648557,0.14363284,1.0002776,0.058722615,0.03777121,7.1544275e-07,-0.0010085106,-0.0015897751,0.0059981346,0.04055116,0.07766467,-0.016724175,0.303375,0.15742366,1.0,,,,,,,,,,,,,,,,,,,,,,,,,,,,,,,,,,,,,,,,,,,
810.0,-0.008511137191794844,0.04936530441045761,0.0002777814806904644,0.6010885238647461,0.0,0.26510006,0.14379035,1.0002776,0.058644302,0.037803624,7.5362857e-07,-0.0012960434,-0.0017254353,0.00605011,-0.06882519,-0.032971043,0.012376842,0.30375,0.15760751,1.0,,,,,,,,,,,,,,,,,,,,,,,,,,,,,,,,,,,,,,,,,,,
811.0,-0.008522582807280561,0.04945484548807144,0.00027773380861617625,0.6007654666900635,0.0,0.26534405,0.14394805,1.0002776,0.05856039,0.037847746,7.2192677e-07,-0.0011250973,-0.0014028549,0.005980015,0.040562008,0.077646084,-0.016739836,0.304125,0.1577913,1.0,,,,,,,,,,,,,,,,,,,,,,,,,,,,,,,,,,,,,,,,,,,
812.0,-0.008533779847659026,0.04954465478658676,0.0002777814806904644,0.6004292368888855,0.0,0.26558775,0.14410591,1.0002776,0.058489725,0.037884958,7.5844775e-07,-0.0014126301,-0.0015385151,0.0060322285,-0.06881093,-0.03298422,0.012394569,0.3045,0.15797506,1.0,,,,,,,,,,,,,,,,,,,,,,,,,,,,,,,,,,,,,,,,,,,
813.0,-0.008545912070393388,0.049634821712970734,0.0002777814806904644,0.6000799536705017,0.0,0.26583114,0.14426397,1.0002776,0.058413453,0.03793388,7.2680155e-07,-0.001241684,-0.0012161732,0.0059621334,0.04057285,0.077627495,-0.016755486,0.304875,0.1581588,1.0,,,,,,,,,,,,,,,,,,,,,,,,,,,,,,,,,,,,,,,,,,,
814.0,-0.008557993212830118,0.04972528666257858,0.0002777576446533203,0.5997174978256226,0.0,0.26607427,0.1444222,1.0002776,0.058350425,0.037975885,7.616599e-07,-0.0015292168,-0.0013518333,0.0060141087,-0.06879668,-0.03299739,0.01241228,0.30525,0.15834247,1.0,,,,,,,,,,,,,,,,,,,,,,,,,,,,,,,,,,,,,,,,,,,
815.0,-0.008570910856162302,0.04981603845953941,0.00027780531672760844,0.5993419885635376,0.0,0.26631713,0.14458066,1.0002778,0.05828179,0.038029592,7.300706e-07,-0.0013580322,-0.0010294914,0.0059440136,0.040583678,0.07760892,-0.016771121,0.305625,0.15852611,1.0,,,,,,,,,,,,,,,,,,,,,,,,,,,,,,,,,,,,,,,,,,,
816.0,-0.008583780570555975,0.04990709200501442,0.0002777576446533203,0.5989531874656677,0.0,0.26655972,0.14473931,1.0002778,0.05822639,0.03807638,3.9533947e-07,-0.001645565,-0.00116539,0.0059962273,-0.068782434,-0.03301055,0.012429978,0.306,0.15870972,1.0,,,,,,,,,,,,,,,,,,,,,,,,,,,,,,,,,,,,,,,,,,,
817.0,-0.008597488767152757,0.04999842494726181,0.00027780531672760844,0.5985512733459473,0.0,0.26680207,0.1448982,1.0002778,0.05816538,0.03813487,4.5019405e-07,-0.0014743805,-0.0008430481,0.005926132,0.040594503,0.07759035,-0.016786745,0.306375,0.15889327,1.0,,,,,,,,,,,,,,,,,,,,,,,,,,,,,,,,,,,,,,,,,,,
818.0,-0.008611146958202517,0.0500900074839592,0.0002777576446533203,0.5981361269950867,0.0,0.26704425,0.14505732,1.0002778,0.058117602,0.03818644,4.6145192e-07,-0.0017619133,-0.0009789467,0.005978346,-0.068768196,-0.033023704,0.01244766,0.30675,0.15907681,1.0,,,,,,,,,,,,,,,,,,,,,,,,,,,,,,,,,,,,,,,,,,,
819.0,-0.008625643922824385,0.05018187686800957,0.00027780531672760844,0.5977078676223755,0.0,0.26728618,0.14521669,1.0002778,0.058064207,0.0382497,4.3474262e-07,-0.0015907288,-0.0006568432,0.0059080124,0.040605318,0.07757178,-0.016802356,0.307125,0.15926029,1.0,,,,,,,,,,,,,,,,,,,,,,,,,,,,,,,,,,,,,,,,,,,
820.0,-0.008640090982587573,0.05027397722005844,0.0002777576446533203,0.5972663760185242,0.0,0.26752794,0.1453763,1.0002778,0.058024038,0.03830604,4.6350902e-07,-0.0018780231,-0.0007927418,0.005960226,-0.06875395,-0.033036854,0.012465328,0.3075,0.15944374,1.0,,,,,,,,,,,,,,,,,,,,,,,,,,,,,,,,,,,,,,,,,,,
821.0,-0.008655377967606912,0.05036636069417,0.00027780531672760844,0.5968117117881775,0.0,0.26776952,0.14553618,1.0002778,0.05797825,0.038374074,4.3236125e-07,-0.0017068386,-0.00047063828,0.005890131,0.040616125,0.07755323,-0.016817955,0.307875,0.15962714,1.0,,,,,,,,,,,,,,,,,,,,,,,,,,,,,,,,,,,,,,,,,,,
822.0,-0.008670613866058559,0.050458986312150955,0.0002777576446533203,0.5963438749313354,0.0,0.26801094,0.14569634,1.0002778,0.057945687,0.038435176,4.605306e-07,-0.001994133,-0.00060653687,0.0059421062,-0.06873972,-0.033049993,0.012482981,0.30825,0.1598105,1.0,,,,,,,,,,,,,,,,,,,,,,,,,,,,,,,,,,,,,,,,,,,
823.0,-0.00868668849463793,0.05055177956819534,0.0002777576446533203,0.595862865447998,0.0,0.26825222,0.14585678,1.0002778,0.057907496,0.038507972,4.291973e-07,-0.0018229485,-0.00028467178,0.005872011,0.04062693,0.077534676,-0.01683354,0.308625,0.15999383,1.0,,,,,,,,,,,,,,,,,,,,,,,,,,,,,,,,,,,,,,,,,,,
824.0,-0.008702717195256629,0.050644852221012115,0.00027780531672760844,0.5953685641288757,0.0,0.2684934,0.1460175,1.0002778,0.057882525,0.03857383,4.5577366e-07,-0.0021100044,-0.00042057037,0.005924225,-0.06872549,-0.03306313,0.01250062,0.309,0.16017711,1.0,,,,,,,,,,,,,,,,,,,,,,,,,,,,,,,,,,,,,,,,,,,
825.0,-0.008719582666191493,0.0507381334900856,0.0002777576446533203,0.5948611497879028,0.0,0.26873446,0.14617856,1.0002778,0.05785192,0.038651384,4.2449057e-07,-0.0019388199,-9.870529e-05,0.0058538914,0.04063772,0.07751613,-0.016849114,0.309375,0.16036035,1.0,,,,,,,,,,,,,,,,,,,,,,,,,,,,,,,,,,,,,,,,,,,
826.0,-0.008736485987138805,0.0508316271007061,0.0002777576446533203,0.5943405032157898,0.0,0.26897544,0.1463399,1.0002778,0.057834536,0.038721994,4.494211e-07,-0.0022258759,-0.0002348423,0.005906105,-0.068711266,-0.033076257,0.012518245,0.30975,0.16054356,1.0,,,,,,,,,,,,,,,,,,,,,,,,,,,,,,,,,,,,,,,,,,,
827.0,-0.008754054378129879,0.05092530697584152,0.00027780531672760844,0.5938066840171814,0.0,0.26921633,0.14650159,1.0002778,0.057811514,0.038804293,4.182026e-07,-0.0020546913,8.702278e-05,0.0058357716,0.040648505,0.077497594,-0.016864672,0.310125,0.16072673,1.0,,,,,,,,,,,,,,,,,,,,,,,,,,,,,,,,,,,,,,,,,,,
828.0,-0.00877193008862014,0.05101922154426575,0.0002777576446533203,0.5932597517967224,0.0,0.26945716,0.14666358,1.0002778,0.0578017,0.03887965,4.4148652e-07,-0.0023417473,-4.9114227e-05,0.005887985,-0.06869704,-0.033089377,0.012535854,0.3105,0.16090985,1.0,,,,,,,,,,,,,,,,,,,,,,,,,,,,,,,,,,,,,,,,,,,
829.0,-0.008790234412796418,0.051113300025463104,0.0002777576446533203,0.5926997065544128,0.0,0.26969793,0.14682594,1.0002778,0.057786252,0.038966693,4.1033468e-07,-0.0021703243,0.00027275085,0.0058176517,0.040659282,0.077479064,-0.016880222,0.310875,0.16109292,1.0,,,,,,,,,,,,,,,,,,,,,,,,,,,,,,,,,,,,,,,,,,,
830.0,-0.008808947287570484,0.05120755359530449,0.00027780531672760844,0.5921264290809631,0.0,0.2699387,0.14698863,1.0002778,0.05778401,0.039046787,4.3197406e-07,-0.0024573803,0.00013661385,0.005870104,-0.06868283,-0.033102494,0.01255345,0.31125,0.16127597,1.0,,,,,,,,,,,,,,,,,,,,,,,,,,,,,,,,,,,,,,,,,,,
831.0,-0.008828039847470428,0.05130200460553169,0.0002777576446533203,0.5915400385856628,0.0,0.27017945,0.14715171,1.0002778,0.05777612,0.039138563,4.0089031e-07,-0.0022859573,0.0004582405,0.0057997704,0.04067005,0.07746054,-0.016895756,0.311625,0.16145897,1.0,,,,,,,,,,,,,,,,,,,,,,,,,,,,,,,,,,,,,,,,,,,
832.0,-0.00884753943339747,0.05139661952853203,0.0002777576446533203,0.5909404754638672,0.0,0.2704202,0.14731514,1.0002778,0.057781436,0.039223388,4.208874e-07,-0.0025730133,0.00032186508,0.005851984,-0.06866862,-0.0331156,0.01257103,0.312,0.16164194,1.0,,,,,,,,,,,,,,,,,,,,,,,,,,,,,,,,,,,,,,,,,,,
833.0,-0.008867414391882269,0.05149135738611221,0.0002777576446533203,0.5903279185295105,0.0,0.27066094,0.14747898,1.0002778,0.0577811,0.03931989,3.8987307e-07,-0.0024015903,0.00064373016,0.0057816505,0.04068081,0.07744203,-0.016911278,0.312375,0.16182487,1.0,,,,,,,,,,,,,,,,,,,,,,,,,,,,,,,,,,,,,,,,,,,
834.0,-0.008887696763799616,0.051586300134658813,0.00027780531672760844,0.5897021889686584,0.0,0.27090177,0.14764318,1.0002778,0.057793964,0.039409444,4.0823016e-07,-0.002688408,0.00050735474,0.005833864,-0.06865441,-0.0331287,0.012588596,0.31275,0.16200775,1.0,,,,,,,,,,,,,,,,,,,,,,,,,,,,,,,,,,,,,,,,,,,
835.0,-0.00890835784295414,0.05168129876255989,0.0002777576446533203,0.5890633463859558,0.0,0.2711426,0.1478078,1.0002778,0.057801172,0.03951067,3.7728665e-07,-0.002516985,0.0008289814,0.0057635307,0.040691566,0.07742352,-0.016926788,0.313125,0.16219059,1.0,,,,,,,,,,,,,,,,,,,,,,,,,,,,,,,,,,,,,,,,,,,
836.0,-0.008929420490509439,0.05177648738026619,0.0002777576446533203,0.5884115099906921,0.0,0.27138352,0.14797284,1.0002778,0.057821576,0.03960494,3.940059e-07,-0.0028038025,0.00069236755,0.0058157444,-0.06864021,-0.033141796,0.012606148,0.3135,0.16237338,1.0,,,,,,,,,,,,,,,,,,,,,,,,,,,,,,,,,,,,,,,,,,,
837.0,-0.008950858890013843,0.05187179893255234,0.0002777576446533203,0.5877466797828674,0.0,0.2716245,0.1481383,1.0002778,0.05783632,0.03971088,3.6313466e-07,-0.0026323795,0.0010139942,0.0057451725,0.04070231,0.07740501,-0.016942285,0.313875,0.16255614,1.0,,,,,,,,,,,,,,,,,,,,,,,,,,,,,,,,,,,,,,,,,,,
838.0,-0.00897251718347543,0.05196725204586983,0.0002777576446533203,0.5870687961578369,0.0,0.2718656,0.14830416,1.0002778,0.057864256,0.03980986,3.7821823e-07,-0.002919197,0.0008773804,0.0057976246,-0.06862601,-0.033154882,0.0126236845,0.31425,0.16273886,1.0,,,,,,,,,,,,,,,,,,,,,,,,,,,,,,,,,,,,,,,,,,,
839.0,-0.00899456548457347,0.052062809467315674,0.00027780531672760844,0.5863778591156006,0.0,0.2721068,0.1484705,1.0002778,0.05788653,0.039920513,3.4742064e-07,-0.0027475357,0.001199007,0.0057270527,0.04071305,0.07738652,-0.01695777,0.314625,0.16292155,1.0,,,,,,,,,,,,,,,,,,,,,,,,,,,,,,,,,,,,,,,,,,,
840.0,-0.009017025875125184,0.052158456295728683,0.0002777576446533203,0.585673987865448,0.0,0.27234814,0.14863726,1.0002778,0.057921983,0.0400242,3.6087084e-07,-0.0030343533,0.0010623932,0.005779505,-0.068611816,-0.033167966,0.012641207,0.315,0.16310418,1.0,,,,,,,,,,,,,,,,,,,,,,,,,,,,,,,,,,,,,,,,,,,
841.0,-0.009039874902883459,0.05225418880581856,0.0002777576446533203,0.5849571228027344,0.0,0.2725896,0.14880452,1.0002778,0.057951774,0.04013955,3.3014825e-07,-0.0028626919,0.0013837814,0.005708933,0.04072378,0.077368036,-0.01697324,0.315375,0.16328678,1.0,,,,,,,,,,,,,,,,,,,,,,,,,,,,,,,,,,,,,,,,,,,
842.0,-0.009063135878284086,0.052349984645843506,0.00027780531672760844,0.5842273235321045,0.0,0.27283126,0.14897221,1.0002778,0.057994746,0.040247932,3.4196722e-07,-0.003149271,0.0012471676,0.005761385,-0.06859763,-0.033181038,0.012658715,0.31575,0.16346933,1.0,,,,,,,,,,,,,,,,,,,,,,,,,,,,,,,,,,,,,,,,,,,
843.0,-0.009086677828336907,0.05244582146406174,0.0002777576446533203,0.5834845304489136,0.0,0.27307305,0.14914042,1.0002778,0.058032043,0.04036798,3.1132106e-07,-0.002977848,0.0015685558,0.005690813,0.0407345,0.07734955,-0.0169887,0.316125,0.16365185,1.0,,,,,,,,,,,,,,,,,,,,,,,,,,,,,,,,,,,,,,,,,,,
844.0,-0.009110622438509382,0.05254174396395683,0.00027780531672760844,0.582728922367096,0.0,0.27331507,0.14930908,1.0002778,0.058082517,0.040481057,3.2151104e-07,-0.0030515194,0.0014317036,0.005743265,-0.017493002,-0.03290336,0.012596073,0.3165,0.16383432,1.0,,,,,,,,,,,,,,,,,,,,,,,,,,,,,,,,,,,,,,,,,,,
845.0,-0.009134943506390483,0.05263765901327133,0.0002777576446533203,0.5819604396820068,0.0,0.27355725,0.14947824,1.0002778,0.05812737,0.04059709,3.1842163e-07,-0.0026669502,0.0017530918,0.0056726933,0.09182404,0.07763013,-0.017060777,0.316875,0.16401675,1.0,,,,,,,,,,,,,,,,,,,,,,,,,,,,,,,,,,,,,,,,,,,
846.0,-0.009159670069209461,0.052733611315488815,0.00027780531672760844,0.5811790227890015,0.0,0.2737997,0.14964782,1.0002778,0.05818544,0.04069745,3.4316562e-07,-0.00274086,0.0016162395,0.0057251453,-0.01750263,-0.03292441,0.012590408,0.31725,0.16419916,1.0,,,,,,,,,,,,,,,,,,,,,,,,,,,,,,,,,,,,,,,,,,,
847.0,-0.009184773028210112,0.05282958224415779,0.00027780531672760844,0.5803847312927246,0.0,0.27404237,0.14981782,1.0002778,0.05823788,0.040800776,3.3862779e-07,-0.0023562908,0.0019376278,0.0056545734,0.09181095,0.07761623,-0.017052576,0.317625,0.1643815,1.0,,,,,,,,,,,,,,,,,,,,,,,,,,,,,,,,,,,,,,,,,,,
848.0,-0.009210277958439112,0.05292556807398796,0.0002777576446533203,0.579577624797821,0.0,0.2742853,0.14998819,1.0002778,0.058303535,0.040888436,3.5640429e-07,-0.0024302006,0.0018007755,0.0057070255,-0.017512258,-0.03294545,0.012584735,0.318,0.16456382,1.0,,,,,,,,,,,,,,,,,,,,,,,,,,,,,,,,,,,,,,,,,,,
849.0,-0.009236157690055188,0.053021520376205444,0.00027780531672760844,0.5787577033042908,0.0,0.27452847,0.15015894,1.0002778,0.058363557,0.040979058,3.554722e-07,-0.0020458698,0.0021219254,0.005636692,0.091797866,0.077602334,-0.017044375,0.318375,0.16474609,1.0,,,,,,,,,,,,,,,,,,,,,,,,,,,,,,,,,,,,,,,,,,,
850.0,-0.00926243686928283,0.05311749130487442,0.00027780531672760844,0.5779250264167786,0.0,0.27477196,0.15032999,1.0002778,0.05843679,0.04105402,3.6510025e-07,-0.0021195412,0.0019848347,0.0056889057,-0.017521884,-0.03296648,0.012579054,0.31875,0.16492832,1.0,,,,,,,,,,,,,,,,,,,,,,,,,,,,,,,,,,,,,,,,,,,
851.0,-0.009289091789232045,0.05321342870593071,0.00027780531672760844,0.5770795345306396,0.0,0.2750157,0.15050137,1.0002778,0.058504384,0.04113196,3.680524e-07,-0.0017352104,0.0023059845,0.0056188107,0.09178479,0.07758845,-0.017036173,0.319125,0.1651105,1.0,,,,,,,,,,,,,,,,,,,,,,,,,,,,,,,,,,,,,,,,,,,
852.0,-0.009316144484505642,0.05330931022763252,0.00027780531672760844,0.5762213468551636,0.0,0.27525982,0.15067302,1.0002778,0.05858518,0.041194234,3.6947225e-07,-0.0018091202,0.0021688938,0.0056710243,-0.017531507,-0.032987494,0.012573364,0.3195,0.16529265,1.0,,,,,,,,,,,,,,,,,,,,,,,,,,,,,,,,,,,,,,,,,,,
853.0,-0.009343567614100542,0.05340512469410896,0.00027780531672760844,0.5753504633903503,0.0,0.27550426,0.15084493,1.0002778,0.05866034,0.04125949,3.7632398e-07,-0.0014250278,0.0024900436,0.0056009293,0.09177172,0.07757456,-0.017027972,0.319875,0.16547476,1.0,,,,,,,,,,,,,,,,,,,,,,,,,,,,,,,,,,,,,,,,,,,
854.0,-0.009371392994985583,0.053500909358263016,0.00027780531672760844,0.5744667649269104,0.0,0.27574903,0.15101705,1.0002778,0.058748696,0.04130909,3.6953773e-07,-0.0014986992,0.002352953,0.005653143,-0.01754113,-0.0330085,0.012567666,0.32025,0.16565682,1.0,,,,,,,,,,,,,,,,,,,,,,,,,,,,,,,,,,,,,,,,,,,
855.0,-0.009399585784268858,0.0535966232419014,0.00027780531672760844,0.5735704898834229,0.0,0.27599415,0.1511894,1.0002778,0.058831405,0.04136167,3.8028972e-07,-0.0011146069,0.0026738644,0.0055832863,0.09175866,0.077560686,-0.017019771,0.320625,0.16583884,1.0,,,,,,,,,,,,,,,,,,,,,,,,,,,,,,,,,,,,,,,,,,,
856.0,-0.009428177902746757,0.05369223281741142,0.0002777576446533203,0.5726614594459534,0.0,0.2762397,0.1513619,1.0002778,0.05892731,0.041398607,3.653029e-07,-0.0011885166,0.0025367737,0.0056352615,-0.017550748,-0.033029497,0.01256196,0.321,0.16602081,1.0,,,,,,,,,,,,,,,,,,,,,,,,,,,,,,,,,,,,,,,,,,,
857.0,-0.009457135959002336,0.053787730634212494,0.00027780531672760844,0.571739912033081,0.0,0.2764856,0.15153456,1.0002778,0.059017565,0.041438527,3.7995503e-07,-0.0008044243,0.002857685,0.005565405,0.09174561,0.077546805,-0.01701157,0.321375,0.16620275,1.0,,,,,,,,,,,,,,,,,,,,,,,,,,,,,,,,,,,,,,,,,,,
858.0,-0.009486491960643618,0.053883153945207596,0.00027780531672760844,0.5708056688308716,0.0,0.27673194,0.1517073,1.0002778,0.059121005,0.041462805,3.5677334e-07,-0.00087833405,0.002720356,0.0056176186,-0.017560365,-0.033050478,0.0125562465,0.32175,0.16638465,1.0,,,,,,,,,,,,,,,,,,,,,,,,,,,,,,,,,,,,,,,,,,,
859.0,-0.009516217311911171,0.05397845059633255,0.00027780531672760844,0.5698587894439697,0.0,0.27697867,0.15188019,1.0002778,0.059218794,0.041490074,3.7532553e-07,-0.00049448013,0.0030412674,0.005547762,0.09173256,0.07753294,-0.017003367,0.322125,0.1665665,1.0,,,,,,,,,,,,,,,,,,,,,,,,,,,,,,,,,,,,,,,,,,,
860.0,-0.009546333471030087,0.054073624312877655,0.00027780531672760844,0.5688994526863098,0.0,0.27722588,0.15205312,1.0002778,0.059329763,0.0415017,3.4395464e-07,-0.0005683899,0.0029039383,0.0055999756,-0.01756998,-0.033071447,0.012550524,0.3225,0.16674832,1.0,,,,,,,,,,,,,,,,,,,,,,,,,,,,,,,,,,,,,,,,,,,
861.0,-0.00957681607357554,0.05416864901781082,0.00027780531672760844,0.5679275393486023,0.0,0.27747354,0.15222609,1.0002778,0.059435073,0.041516326,3.6640677e-07,-0.00018453598,0.0032248497,0.0055303574,0.09171952,0.07751908,-0.016995165,0.322875,0.1669301,1.0,,,,,,,,,,,,,,,,,,,,,,,,,,,,,,,,,,,,,,,,,,,
862.0,-0.009607818124676853,0.05426355078816414,0.00027780531672760844,0.5669431090354919,0.0,0.27772167,0.15239908,1.0002778,0.059553564,0.041515317,3.268524e-07,-0.00025844574,0.0030872822,0.0055823326,-0.017579593,-0.03309241,0.012544795,0.32325,0.16711183,1.0,,,,,,,,,,,,,,,,,,,,,,,,,,,,,,,,,,,,,,,,,,,
863.0,-0.00963920127939273,0.05435828119516373,0.00027780531672760844,0.5659461617469788,0.0,0.27797028,0.15257207,1.0002778,0.05966639,0.04151731,3.5320423e-07,0.00012540817,0.0034081936,0.0055127144,0.0917065,0.07750522,-0.016986962,0.323625,0.16729352,1.0,,,,,,,,,,,,,,,,,,,,,,,,,,,,,,,,,,,,,,,,,,,
864.0,-0.009671085991419753,0.054452817887067795,0.00027780531672760844,0.5649366974830627,0.0,0.27821943,0.152745,1.0002778,0.059792392,0.04150367,3.054721e-07,5.1498413e-05,0.003270626,0.005564928,-0.017589204,-0.033113357,0.012539056,0.324,0.16747516,1.0,,,,,,,,,,,,,,,,,,,,,,,,,,,,,,,,,,,,,,,,,,,
865.0,-0.009703794731080781,0.05454719066619873,0.00027780531672760844,0.5639147758483887,0.0,0.27846906,0.15291789,1.0002778,0.059912723,0.041493036,3.357236e-07,0.00043535233,0.003591299,0.00549531,0.091693476,0.07749137,-0.01697876,0.324375,0.16765676,1.0,,,,,,,,,,,,,,,,,,,,,,,,,,,,,,,,,,,,,,,,,,,
866.0,-0.009736434168557026,0.05464134365320206,0.00027780531672760844,0.5628803968429565,0.0,0.27871925,0.15309067,1.0002778,0.060046222,0.041466776,2.798193e-07,0.00036120415,0.0034537315,0.005547285,-0.017598813,-0.033134293,0.012533311,0.32475,0.16783834,1.0,,,,,,,,,,,,,,,,,,,,,,,,,,,,,,,,,,,,,,,,,,,
867.0,-0.009769894352100893,0.05473531410098076,0.00027780531672760844,0.5618336200714111,0.0,0.27896997,0.15326335,1.0002778,0.060174048,0.04144353,3.1397028e-07,0.00074481964,0.0037744045,0.0054781437,0.09168047,0.07747753,-0.016970556,0.325125,0.16801985,1.0,,,,,,,,,,,,,,,,,,,,,,,,,,,,,,,,,,,,,,,,,,,
868.0,-0.009803282218375899,0.05482904985547066,0.00027780531672760844,0.5607745051383972,0.0,0.2792213,0.15343587,1.0002778,0.06031504,0.04140466,2.4989956e-07,0.0006709099,0.0036365986,0.0055298805,-0.01760842,-0.033155218,0.012527556,0.3255,0.16820133,1.0,,,,,,,,,,,,,,,,,,,,,,,,,,,,,,,,,,,,,,,,,,,
869.0,-0.009837490478780093,0.05492253974080086,0.00027780531672760844,0.55970299243927,0.0,0.27947316,0.15360823,1.0002778,0.060450353,0.041368805,2.8794986e-07,0.0010545254,0.0039572716,0.005460739,0.09166746,0.07746369,-0.016962353,0.325875,0.16838276,1.0,,,,,,,,,,,,,,,,,,,,,,,,,,,,,,,,,,,,,,,,,,,
870.0,-0.00987162845633102,0.05501582473516464,0.00027780531672760844,0.5586190819740295,0.0,0.27972567,0.15378039,1.0002778,0.060598824,0.041317336,2.1571839e-07,0.0009803772,0.0038194656,0.0055127144,-0.017618025,-0.033176128,0.012521794,0.32625,0.16856416,1.0,,,,,,,,,,,,,,,,,,,,,,,,,,,,,,,,,,,,,,,,,,,
871.0,-0.009906586586129562,0.055108845233917236,0.00027780531672760844,0.5575227737426758,0.0,0.27997875,0.15395235,1.0002778,0.060741615,0.041268885,2.5766784e-07,0.0013639927,0.0041401386,0.005443573,0.091654465,0.07744986,-0.016954152,0.326625,0.16874552,1.0,,,,,,,,,,,,,,,,,,,,,,,,,,,,,,,,,,,,,,,,,,,
872.0,-0.00994146715166535,0.05520160123705864,0.00027780531672760844,0.5564143061637878,0.0,0.2802325,0.15412404,1.0002778,0.06089756,0.041204825,1.772813e-07,0.0012898445,0.0040020943,0.00549531,-0.017627629,-0.03319703,0.012516024,0.327,0.16892682,1.0,,,,,,,,,,,,,,,,,,,,,,,,,,,,,,,,,,,,,,,,,,,
873.0,-0.009977168038084712,0.055294085294008255,0.00027780531672760844,0.5552934408187866,0.0,0.28048685,0.15429546,1.0002778,0.06104782,0.041143786,2.2312973e-07,0.00167346,0.0043227673,0.005426407,0.09164147,0.07743603,-0.016945947,0.327375,0.1691081,1.0,,,,,,,,,,,,,,,,,,,,,,,,,,,,,,,,,,,,,,,,,,,
874.0,-0.010012796554956734,0.0553862564265728,0.00027780531672760844,0.5541602373123169,0.0,0.2807419,0.15446657,1.0002778,0.061211225,0.041067142,1.3459376e-07,0.0015990734,0.004184723,0.0054781437,-0.017637229,-0.03321792,0.012510246,0.32775,0.16928932,1.0,,,,,,,,,,,,,,,,,,,,,,,,,,,,,,,,,,,,,,,,,,,
875.0,-0.010049240155097143,0.05547817423939705,0.0002777576446533203,0.5530148148536682,0.0,0.2809976,0.15463738,1.0002778,0.06136894,0.040993527,1.8434105e-07,0.001982689,0.0045051575,0.0054092407,0.09162849,0.07742221,-0.016937744,0.328125,0.1694705,1.0,,,,,,,,,,,,,,,,,,,,,,,,,,,,,,,,,,,,,,,,,,,
876.0,-0.010085607745742893,0.055569760501384735,0.00027780531672760844,0.5518571734428406,0.0,0.28125402,0.15480782,1.0002778,0.0615398,0.04090431,8.766133e-08,0.0019085407,0.004367113,0.0054609776,-0.017646827,-0.0332388,0.012504458,0.3285,0.16965164,1.0,,,,,,,,,,,,,,,,,,,,,,,,,,,,,,,,,,,,,,,,,,,
877.0,-0.010122792393109195,0.05566103383898735,0.00027780531672760844,0.5506872534751892,0.0,0.28151113,0.15497789,1.0002778,0.06170496,0.040818125,1.4130724e-07,0.0022919178,0.0046875477,0.005392313,0.09161552,0.07740839,-0.01692954,0.328875,0.16983274,1.0,,,,,,,,,,,,,,,,,,,,,,,,,,,,,,,,,,,,,,,,,,,
878.0,-0.01015990004072919,0.055751968175172806,0.0002777576446533203,0.5495051145553589,0.0,0.28176898,0.15514754,1.0002778,0.061883263,0.040716346,3.6489457e-08,0.0022175312,0.0045495033,0.00544405,-0.017656423,-0.033259664,0.012498665,0.32925,0.1700138,1.0,,,,,,,,,,,,,,,,,,,,,,,,,,,,,,,,,,,,,,,,,,,
879.0,-0.010197818551766252,0.055842529982328415,0.00027780531672760844,0.5483108758926392,0.0,0.28202754,0.15531678,1.0002778,0.062055867,0.040617604,9.403383e-08,0.0026009083,0.004869938,0.005375147,0.09160256,0.07739458,-0.016921338,0.329625,0.17019482,1.0,,,,,,,,,,,,,,,,,,,,,,,,,,,,,,,,,,,,,,,,,,,
880.0,-0.010235662873141338,0.055932749062776566,0.0002777576446533203,0.5471043586730957,0.0,0.28228688,0.15548554,1.0002778,0.062241603,0.040503267,-1.8916387e-08,0.00252676,0.004731655,0.0054268837,-0.017666018,-0.03328052,0.012492862,0.33,0.17037578,1.0,,,,,,,,,,,,,,,,,,,,,,,,,,,,,,,,,,,,,,,,,,,
881.0,-0.010274319104442113,0.05602260306477547,0.00027780531672760844,0.5458857417106628,0.0,0.28254697,0.15565385,1.0002778,0.062421635,0.040391974,4.2526274e-08,0.0029098988,0.0050518513,0.0053584576,0.09158959,0.07738078,-0.016913133,0.330375,0.17055671,1.0,,,,,,,,,,,,,,,,,,,,,,,,,,,,,,,,,,,,,,,,,,,
882.0,-0.010312896607442962,0.056112099438905716,0.0002777576446533203,0.5446549654006958,0.0,0.28280786,0.15582162,1.0002778,0.0626148,0.040265094,-7.855072e-08,0.0028355122,0.0049135685,0.005409956,-0.01767561,-0.033301365,0.012487052,0.33075,0.1707376,1.0,,,,,,,,,,,,,,,,,,,,,,,,,,,,,,,,,,,,,,,,,,,
883.0,-0.01035208176288652,0.056201182305812836,0.00027780531672760844,0.5434120893478394,0.0,0.28306955,0.15598887,1.0002778,0.06280225,0.040141262,-1.3209973e-08,0.0032188892,0.0052337646,0.00534153,0.09157664,0.07736698,-0.01690493,0.331125,0.17091845,1.0,,,,,,,,,,,,,,,,,,,,,,,,,,,,,,,,,,,,,,,,,,,
884.0,-0.010391181422089724,0.056289881467819214,0.0002777576446533203,0.542156994342804,0.0,0.28333205,0.15615554,1.0002778,0.063002825,0.040001843,-1.424081e-07,0.0031445026,0.005095482,0.0053930283,-0.017685201,-0.033322196,0.012481233,0.3315,0.17109925,1.0,,,,,,,,,,,,,,,,,,,,,,,,,,,,,,,,,,,,,,,,,,,
885.0,-0.010431078071333833,0.056378114968538284,0.00027780531672760844,0.5408900380134583,0.0,0.28359538,0.15632166,1.0002778,0.06319769,0.03986548,-7.316944e-08,0.0035276413,0.005415678,0.0053248405,0.0915637,0.07735318,-0.016896725,0.331875,0.17128001,1.0,,,,,,,,,,,,,,,,,,,,,,,,,,,,,,,,,,,,,,,,,,,
886.0,-0.010470885320049276,0.05646589398384094,0.0002777576446533203,0.5396109819412231,0.0,0.28385958,0.15648712,1.0002778,0.06340567,0.039713535,-2.1048305e-07,0.0034532547,0.005277157,0.005376339,-0.01769479,-0.033343017,0.012475407,0.33225,0.17146072,1.0,,,,,,,,,,,,,,,,,,,,,,,,,,,,,,,,,,,,,,,,,,,
887.0,-0.010511489050214732,0.056553177535533905,0.0002777576446533203,0.5383200645446777,0.0,0.2841246,0.15665197,1.0002778,0.06360793,0.03956465,-1.3734672e-07,0.0038363934,0.005597353,0.0053081512,0.09155077,0.077339396,-0.016888522,0.332625,0.1716414,1.0,,,,,,,,,,,,,,,,,,,,,,,,,,,,,,,,,,,,,,,,,,,
888.0,-0.010551851891834305,0.056639980524778366,0.0002777576446533203,0.5370172262191772,0.0,0.28439054,0.15681615,1.0002778,0.06382331,0.03940019,-2.8277015e-07,0.0037620068,0.005458832,0.0053596497,-0.017704377,-0.033363827,0.012469572,0.333,0.17182203,1.0,,,,,,,,,,,,,,,,,,,,,,,,,,,,,,,,,,,,,,,,,,,
889.0,-0.010593019091052702,0.056726206094026566,0.00027780531672760844,0.5357025861740112,0.0,0.28465733,0.15697964,1.0002778,0.064032964,0.039238792,-2.0573633e-07,0.0038511753,0.0057787895,0.005291462,0.020986928,0.07694748,-0.016495189,0.333375,0.17200261,1.0,,,,,,,,,,,,,,,,,,,,,,,,,,,,,,,,,,,,,,,,,,,
890.0,-0.010634101175549224,0.05681188032031059,0.0002777576446533203,0.5343760848045349,0.0,0.28492507,0.15714245,1.0002778,0.06425567,0.03907384,-3.112204e-07,0.0034825802,0.0056402683,0.0053429604,-0.08824811,-0.033749238,0.012881015,0.33375,0.17218316,1.0,,,,,,,,,,,,,,,,,,,,,,,,,,,,,,,,,,,,,,,,,,,
891.0,-0.010675986300056686,0.05689697340130806,0.00027780531672760844,0.5330378413200378,0.0,0.2851937,0.15730463,1.0002778,0.06447258,0.038923964,-1.9887047e-07,0.0035719872,0.005960226,0.005274534,0.021006815,0.076927535,-0.016519802,0.334125,0.17236365,1.0,,,,,,,,,,,,,,,,,,,,,,,,,,,,,,,,,,,,,,,,,,,
892.0,-0.010717780951678652,0.05698145180940628,0.0002777576446533203,0.5316879153251648,0.0,0.2854633,0.15746617,1.0002778,0.06470253,0.038770527,-3.1399387e-07,0.0032036304,0.0058214664,0.005326271,-0.08822461,-0.033759296,0.012907068,0.3345,0.1725441,1.0,,,,,,,,,,,,,,,,,,,,,,,,,,,,,,,,,,,,,,,,,,,
893.0,-0.010760104650969517,0.057065270841121674,0.0002777576446533203,0.5303263664245605,0.0,0.28573382,0.15762715,1.0002778,0.06492669,0.038632166,-2.0255949e-07,0.003292799,0.006141424,0.005257845,0.021026688,0.07690759,-0.016544396,0.334875,0.17272453,1.0,,,,,,,,,,,,,,,,,,,,,,,,,,,,,,,,,,,,,,,,,,,
894.0,-0.010802319402670037,0.05714844912290573,0.0002777576446533203,0.5289531350135803,0.0,0.28600535,0.15778752,1.0002778,0.06516388,0.038490232,-3.1881225e-07,0.0029246807,0.0060026646,0.0053095818,-0.08820113,-0.033769343,0.0129331015,0.33525,0.1729049,1.0,,,,,,,,,,,,,,,,,,,,,,,,,,,,,,,,,,,,,,,,,,,
895.0,-0.010845308767931057,0.05723094940185547,0.00027780531672760844,0.5275684595108032,0.0,0.28627783,0.15794736,1.0002778,0.06539528,0.038363367,-2.1028633e-07,0.0030138493,0.0063226223,0.005240917,0.021046547,0.076887645,-0.016568972,0.335625,0.17308523,1.0,,,,,,,,,,,,,,,,,,,,,,,,,,,,,,,,,,,,,,,,,,,
896.0,-0.010888186743515691,0.057312726974487305,0.0002777576446533203,0.5261721611022949,0.0,0.28655133,0.15810667,1.0002778,0.065639704,0.038232926,-3.2719655e-07,0.002645731,0.0061838627,0.005292654,-0.08817764,-0.033779383,0.012959117,0.336,0.1732655,1.0,,,,,,,,,,,,,,,,,,,,,,,,,,,,,,,,,,,,,,,,,,,
897.0,-0.010931837521363197,0.05739381164312363,0.00027780531672760844,0.5247644782066345,0.0,0.2868258,0.1582655,1.0002778,0.06587833,0.038117547,-2.2168499e-07,0.0027353764,0.006503582,0.0052239895,0.021066392,0.0768677,-0.016593529,0.336375,0.17344575,1.0,,,,,,,,,,,,,,,,,,,,,,,,,,,,,,,,,,,,,,,,,,,
898.0,-0.010975372206851172,0.05747418850660324,0.0002777576446533203,0.5233453512191772,0.0,0.28710136,0.15842383,1.0002778,0.06612998,0.037998583,-3.3922376e-07,0.002367258,0.0063648224,0.0052757263,-0.08815417,-0.03378941,0.012985114,0.33675,0.17362595,1.0,,,,,,,,,,,,,,,,,,,,,,,,,,,,,,,,,,,,,,,,,,,
899.0,-0.011019676815419373,0.05755377933382988,0.00027780531672760844,0.5219148993492126,0.0,0.28737792,0.15858172,1.0002778,0.06637583,0.037894674,-2.3672843e-07,0.002456665,0.0066845417,0.0052073,0.021086223,0.07684776,-0.01661807,0.337125,0.1738061,1.0,,,,,,,,,,,,,,,,,,,,,,,,,,,,,,,,,,,,,,,,,,,
900.0,-0.011063864164718327,0.057632625102996826,0.00027780531672760844,0.520473062992096,0.0,0.28765556,0.15873916,1.0002778,0.06663469,0.037787177,-3.5489128e-07,0.0020887852,0.0065455437,0.005259037,-0.0881307,-0.03379943,0.013011091,0.3375,0.17398621,1.0,,,,,,,,,,,,,,,,,,,,,,,,,,,,,,,,,,,,,,,,,,,
901.0,-0.011108816111437774,0.0577106848359108,0.00027780531672760844,0.5190200805664062,0.0,0.28793427,0.15889622,1.0002778,0.06688775,0.03769473,-2.5540834e-07,0.0021784306,0.006865263,0.005190134,0.021106042,0.076827824,-0.01664259,0.337875,0.17416628,1.0,,,,,,,,,,,,,,,,,,,,,,,,,,,,,,,,,,,,,,,,,,,
902.0,-0.011153649886584028,0.05778791755437851,0.00027780531672760844,0.5175557136535645,0.0,0.28821406,0.15905288,1.0002778,0.06715383,0.037598684,-3.7419218e-07,0.0018105507,0.006726265,0.0052421093,-0.088107236,-0.033809435,0.013037051,0.33825,0.17434631,1.0,,,,,,,,,,,,,,,,,,,,,,,,,,,,,,,,,,,,,,,,,,,
903.0,-0.011199245323709694,0.057864315807819366,0.00027780531672760844,0.5160803198814392,0.0,0.28849497,0.1592092,1.0002778,0.06741409,0.03751768,-2.7771748e-07,0.0019001961,0.0070459843,0.0051732063,0.021125846,0.07680789,-0.01666709,0.338625,0.17452629,1.0,,,,,,,,,,,,,,,,,,,,,,,,,,,,,,,,,,,,,,,,,,,
904.0,-0.011245276743083744,0.057939909398555756,0.00027780531672760844,0.514593780040741,0.0,0.288777,0.15936518,1.0002778,0.06768737,0.03743308,-3.971192e-07,0.0015325546,0.0069069862,0.0052251816,-0.08808378,-0.03381943,0.013062992,0.339,0.17470622,1.0,,,,,,,,,,,,,,,,,,,,,,,,,,,,,,,,,,,,,,,,,,,
905.0,-0.011291417641533555,0.058014631271362305,0.00027780531672760844,0.5130962133407593,0.0,0.28906015,0.15952086,1.0002778,0.06795482,0.03736351,-3.0364865e-07,0.0016222,0.007226467,0.00515604,0.021145638,0.076787956,-0.016691575,0.339375,0.17488612,1.0,,,,,,,,,,,,,,,,,,,,,,,,,,,,,,,,,,,,,,,,,,,
906.0,-0.0113383498227573,0.0580885112285614,0.00027780531672760844,0.5115875005722046,0.0,0.28934446,0.15967624,1.0002778,0.068235286,0.037290335,-4.2366526e-07,0.0012545586,0.0070872307,0.0052080154,-0.08806034,-0.033829417,0.013088915,0.33975,0.17506596,1.0,,,,,,,,,,,,,,,,,,,,,,,,,,,,,,,,,,,,,,,,,,,
907.0,-0.0113851240845077,0.05816149711608887,0.0002777576446533203,0.510067880153656,0.0,0.2896299,0.15983137,1.0002778,0.06850993,0.037232187,-3.331946e-07,0.0013444424,0.0074067116,0.0051391125,0.021165416,0.076768026,-0.01671604,0.340125,0.17524578,1.0,,,,,,,,,,,,,,,,,,,,,,,,,,,,,,,,,,,,,,,,,,,
908.0,-0.011432680973680909,0.05823352187871933,0.0002777576446533203,0.5085373520851135,0.0,0.28991657,0.15998624,1.0002778,0.06879758,0.037170425,-4.5382305e-07,0.0009768009,0.0072677135,0.0051910877,-0.0880369,-0.033839393,0.013114819,0.3405,0.17542553,1.0,,,,,,,,,,,,,,,,,,,,,,,,,,,,,,,,,,,,,,,,,,,
909.0,-0.011479815290877014,0.05830467864871025,0.0002777576446533203,0.5069958567619324,0.0,0.2902044,0.16014093,1.0002778,0.0690794,0.037123688,-3.6634825e-07,0.0010669231,0.007586956,0.0051219463,0.021185178,0.076748095,-0.016740486,0.340875,0.17560525,1.0,,,,,,,,,,,,,,,,,,,,,,,,,,,,,,,,,,,,,,,,,,,
910.0,-0.011527738080386919,0.05837487429380417,0.0002777576446533203,0.5054436326026917,0.0,0.29049346,0.1602954,1.0002778,0.069374226,0.037073325,-4.8758545e-07,0.0006992817,0.0074477196,0.0051739216,-0.08801347,-0.033849362,0.0131407045,0.34125,0.17578493,1.0,,,,,,,,,,,,,,,,,,,,,,,,,,,,,,,,,,,,,,,,,,,
911.0,-0.011575509951854475,0.05844416096806526,0.0002777576446533203,0.5038806200027466,0.0,0.29078373,0.16044973,1.0002778,0.06966321,0.037037984,-4.0310235e-07,0.0007894039,0.007766962,0.00510478,0.02120493,0.076728165,-0.016764915,0.341625,0.17596455,1.0,,,,,,,,,,,,,,,,,,,,,,,,,,,,,,,,,,,,,,,,,,,
912.0,-0.011624073445422257,0.05851250886917114,0.0002777576446533203,0.5023067593574524,0.0,0.29107523,0.1606039,1.0002778,0.0699652,0.03699901,-5.2494534e-07,0.00042200089,0.007627964,0.0051567554,-0.087990046,-0.033859316,0.013166572,0.342,0.17614414,1.0,,,,,,,,,,,,,,,,,,,,,,,,,,,,,,,,,,,,,,,,,,,
913.0,-0.01167248274196536,0.05857992172241211,0.0002777576446533203,0.5007222294807434,0.0,0.291368,0.16075796,1.0002778,0.07026135,0.03697505,-4.4344978e-07,0.0005121231,0.007946968,0.005087614,0.021224666,0.07670824,-0.016789325,0.342375,0.17632368,1.0,,,,,,,,,,,,,,,,,,,,,,,,,,,,,,,,,,,,,,,,,,,
914.0,-0.011721681051591442,0.058646369725465775,0.0002777576446533203,0.49912697076797485,0.0,0.29166204,0.1609119,1.0002778,0.07057049,0.036947455,-5.6589556e-07,0.0001449585,0.0078077316,0.0051395893,-0.08796663,-0.033869263,0.013192421,0.34275,0.17650318,1.0,,,,,,,,,,,,,,,,,,,,,,,,,,,,,,,,,,,,,,,,,,,
915.0,-0.011770849729093608,0.05871186777949333,0.0002777576446533203,0.4975212514400482,0.0,0.29195735,0.1610658,1.0002778,0.0708738,0.036934864,-4.873833e-07,0.00023508072,0.008126974,0.0050702095,0.02124439,0.07668832,-0.016813716,0.343125,0.17668264,1.0,,,,,,,,,,,,,,,,,,,,,,,,,,,,,,,,,,,,,,,,,,,
916.0,-0.011820585469427897,0.05877644568681717,0.0002777576446533203,0.4959048330783844,0.0,0.29225397,0.16121963,1.0002778,0.07119009,0.036918633,-6.104289e-07,-0.0001320839,0.007987499,0.005122423,-0.08794322,-0.0338792,0.013218251,0.3435,0.17686205,1.0,,,,,,,,,,,,,,,,,,,,,,,,,,,,,,,,,,,,,,,,,,,
917.0,-0.011870617510959712,0.058840084820985794,0.0002777576446533203,0.4942779541015625,0.0,0.2925519,0.16137345,1.0002778,0.07150053,0.0369174,-5.3489595e-07,-4.196167e-05,0.008306503,0.0050530434,0.021264099,0.076668404,-0.016838089,0.343875,0.17704141,1.0,,,,,,,,,,,,,,,,,,,,,,,,,,,,,,,,,,,,,,,,,,,
918.0,-0.011920975757437556,0.05890274792909622,0.0002777576446533203,0.49264055490493774,0.0,0.29285115,0.16152725,1.0002778,0.07182396,0.03691252,-6.5853834e-07,-0.00040888786,0.008167267,0.0051050186,-0.08791982,-0.033889126,0.013244063,0.34425,0.17722073,1.0,,,,,,,,,,,,,,,,,,,,,,,,,,,,,,,,,,,,,,,,,,,
919.0,-0.01197162906581689,0.05896443873643875,0.0002777576446533203,0.4909927546977997,0.0,0.29315174,0.16168109,1.0002778,0.07214155,0.03692263,-5.859805e-07,-0.00031876564,0.0084860325,0.005035639,0.021283796,0.07664848,-0.016862443,0.344625,0.17740001,1.0,,,,,,,,,,,,,,,,,,,,,,,,,,,,,,,,,,,,,,,,,,,
920.0,-0.012022606081943015,0.05902520939707756,0.0002777576446533203,0.4893345236778259,0.0,0.29345372,0.16183497,1.0002778,0.07247211,0.036929086,-7.102166e-07,-0.00068569183,0.008346796,0.0050878525,-0.08789643,-0.033899043,0.013269856,0.345,0.17757924,1.0,,,,,,,,,,,,,,,,,,,,,,,,,,,,,,,,,,,,,,,,,,,
921.0,-0.012073874019175857,0.05908500403165817,0.0002777576446533203,0.4876660406589508,0.0,0.29375702,0.16198893,1.0002778,0.072796814,0.03695053,-6.406299e-07,-0.0005953312,0.008665562,0.0050182343,0.021303479,0.076628566,-0.016886778,0.345375,0.17775843,1.0,,,,,,,,,,,,,,,,,,,,,,,,,,,,,,,,,,,,,,,,,,,
922.0,-0.012125462911478828,0.05914383381605148,0.0002777576446533203,0.48598721623420715,0.0,0.29406175,0.16214296,1.0002778,0.0731345,0.036968313,-7.654568e-07,-0.00096201897,0.008526087,0.005070448,-0.08787304,-0.03390895,0.013295631,0.34575,0.17793758,1.0,,,,,,,,,,,,,,,,,,,,,,,,,,,,,,,,,,,,,,,,,,,
923.0,-0.012177342021131337,0.0592016763985157,0.0002777576446533203,0.4842981696128845,0.0,0.29436788,0.16229713,1.0002778,0.07346632,0.037001073,-6.988369e-07,-0.0008716583,0.008844852,0.0050008297,0.021323148,0.07660865,-0.016911097,0.346125,0.17811668,1.0,,,,,,,,,,,,,,,,,,,,,,,,,,,,,,,,,,,,,,,,,,,
924.0,-0.012229540011949576,0.05925856903195381,0.0002777576446533203,0.4825988709926605,0.0,0.2946754,0.16245142,1.0002778,0.07381112,0.03703017,-8.2425163e-07,-0.0012383461,0.008705378,0.0050530434,-0.08784966,-0.033918846,0.013321388,0.3465,0.17829573,1.0,,,,,,,,,,,,,,,,,,,,,,,,,,,,,,,,,,,,,,,,,,,
925.0,-0.012282025324471034,0.05931447073817253,0.0002777576446533203,0.4808894395828247,0.0,0.29498437,0.1626059,1.0002778,0.074150056,0.037074238,-7.605946e-07,-0.0011479855,0.009024143,0.004983425,0.021342805,0.07658874,-0.016935395,0.346875,0.17847474,1.0,,,,,,,,,,,,,,,,,,,,,,,,,,,,,,,,,,,,,,,,,,,
926.0,-0.012334825435673703,0.05936935544013977,0.0002777576446533203,0.47916990518569946,0.0,0.2952948,0.16276054,1.0002778,0.07450196,0.037114635,-8.865941e-07,-0.0015144348,0.00888443,0.005035639,-0.08782629,-0.033928733,0.013347126,0.34725,0.1786537,1.0,,,,,,,,,,,,,,,,,,,,,,,,,,,,,,,,,,,,,,,,,,,
927.0,-0.012387912399557902,0.05942331627011299,0.0002777576446533203,0.4774402976036072,0.0,0.29560667,0.16291542,1.0002778,0.074847996,0.037169997,-8.258958e-07,-0.0014238358,0.009203196,0.004965782,0.021362446,0.076568834,-0.016959677,0.347625,0.17883262,1.0,,,,,,,,,,,,,,,,,,,,,,,,,,,,,,,,,,,,,,,,,,,
928.0,-0.012441294736286364,0.059476278722286224,0.0002777576446533203,0.4757006764411926,0.0,0.29592004,0.16307051,1.0002778,0.075206995,0.037221678,-9.5247714e-07,-0.0017905235,0.009063482,0.0050182343,-0.087802924,-0.03393861,0.013372845,0.348,0.17901151,1.0,,,,,,,,,,,,,,,,,,,,,,,,,,,,,,,,,,,,,,,,,,,
929.0,-0.012494771525272882,0.059528250247240067,0.0002777576446533203,0.4739510715007782,0.0,0.29623488,0.16322587,1.0002778,0.07556012,0.037288323,-8.9473355e-07,-0.0016999245,0.009349108,0.0049483776,0.021421771,0.0686641,-0.016969822,0.348375,0.17919034,1.0,,,,,,,,,,,,,,,,,,,,,,,,,,,,,,,,,,,,,,,,,,,
930.0,-0.012548207613014168,0.05957920104265213,0.00027768610743805766,0.47219160199165344,0.0,0.29655123,0.1633815,1.0002778,0.075924866,0.037351273,-1.0093161e-06,-0.0016858578,0.009176731,0.0050008297,0.0035842417,-0.041379526,0.012555178,0.34875,0.17936912,1.0,,,,,,,,,,,,,,,,,,,,,,,,,,,,,,,,,,,,,,,,,,,
931.0,-0.012601927706627977,0.05962921306490898,0.00027773380861617625,0.4704221487045288,0.0,0.29686907,0.1635374,1.0002776,0.07628247,0.037413616,-9.161356e-07,-0.0012145042,0.009462357,0.004930973,0.11274736,0.06911464,-0.017802194,0.349125,0.17954786,1.0,,,,,,,,,,,,,,,,,,,,,,,,,,,,,,,,,,,,,,,,,,,
932.0,-0.012655955474663643,0.05967827886343002,0.00027768610743805766,0.46864280104637146,0.0,0.29718843,0.16369347,1.0002776,0.07665177,0.03745671,-6.509781e-07,-0.0012004375,0.0092897415,0.004983425,0.0035635429,-0.041399788,0.012536135,0.3495,0.17972656,1.0,,,,,,,,,,,,,,,,,,,,,,,,,,,,,,,,,,,,,,,,,,,
933.0,-0.01271026495077531,0.05972640588879585,0.00027773380861617625,0.466853529214859,0.0,0.29750934,0.16384971,1.0002776,0.07701392,0.037499208,-6.4639084e-07,-0.00072932243,0.009575367,0.0049135685,0.11272558,0.06910669,-0.017780295,0.349875,0.1799052,1.0,,,,,,,,,,,,,,,,,,,,,,,,,,,,,,,,,,,,,,,,,,,
934.0,-0.012764884797794368,0.059773653745651245,0.00027773380861617625,0.4650542736053467,0.0,0.29783177,0.16400605,1.0002776,0.07738775,0.037522465,-7.390097e-07,-0.00071549416,0.009402752,0.0049660206,0.0035428503,-0.041420028,0.012517085,0.35025,0.18008381,1.0,,,,,,,,,,,,,,,,,,,,,,,,,,,,,,,,,,,,,,,,,,,
935.0,-0.01281978615829139,0.05982000380754471,0.00027773380861617625,0.46324509382247925,0.0,0.29815575,0.1641625,1.0002776,0.07775444,0.03754513,-6.49889e-07,-0.00024437904,0.009688377,0.0048964024,0.112703815,0.06909874,-0.0177584,0.350625,0.18026239,1.0,,,,,,,,,,,,,,,,,,,,,,,,,,,,,,,,,,,,,,,,,,,
936.0,-0.012875482772179387,0.05986548587679863,0.00027773380861617625,0.4614259600639343,0.0,0.29848132,0.16431895,1.0002776,0.07813281,0.037548564,-7.7300183e-07,-0.00023055077,0.009515524,0.004948616,0.0035221635,-0.041440252,0.012498032,0.351,0.1804409,1.0,,,,,,,,,,,,,,,,,,,,,,,,,,,,,,,,,,,,,,,,,,,
937.0,-0.01293074577223197,0.059910111129283905,0.00027768610743805766,0.4595968723297119,0.0,0.29880843,0.16447541,1.0002776,0.07850403,0.037551414,-6.761701e-07,0.00024032593,0.009801149,0.004879236,0.11268207,0.06909078,-0.017736511,0.351375,0.18061937,1.0,,,,,,,,,,,,,,,,,,,,,,,,,,,,,,,,,,,,,,,,,,,
938.0,-0.01298757027462998,0.0599539689719677,0.00027773380861617625,0.457757830619812,0.0,0.29913712,0.16463181,1.0002776,0.07888693,0.03753504,-8.11735e-07,0.0002541542,0.009628296,0.00493145,0.003501483,-0.041460454,0.012478974,0.35175,0.1807978,1.0,,,,,,,,,,,,,,,,,,,,,,,,,,,,,,,,,,,,,,,,,,,
939.0,-0.013043308676205928,0.059997010976076126,0.00027773380861617625,0.455908864736557,0.0,0.29946738,0.16478813,1.0002776,0.07926268,0.037518095,-7.1142387e-07,0.00066304207,0.009732962,0.00486207,0.09803462,0.02556535,-0.017582774,0.352125,0.18097618,1.0,,,,,,,,,,,,,,,,,,,,,,,,,,,,,,,,,,,,,,,,,,,
940.0,-0.013100734176212792,0.06003926321864128,0.00027773380861617625,0.4540499746799469,0.0,0.2997992,0.16494432,1.0002776,0.07964269,0.037484426,-7.839966e-07,0.0006148815,0.00937891,0.0049140453,-0.011148907,-0.08498499,0.012578593,0.3525,0.18115452,1.0,,,,,,,,,,,,,,,,,,,,,,,,,,,,,,,,,,,,,,,,,,,
941.0,-0.013157075496800466,0.06008078530430794,0.00027773380861617625,0.4521811008453369,0.0,0.30013257,0.16510037,1.0002776,0.080008134,0.03745268,-6.274758e-07,0.0010237694,0.009483576,0.004844904,0.098024994,0.025576483,-0.017548118,0.352875,0.18133281,1.0,,,,,,,,,,,,,,,,,,,,,,,,,,,,,,,,,,,,,,,,,,,
942.0,-0.013215104303749833,0.06012163683772087,0.00027773380861617625,0.4503023028373718,0.0,0.3004675,0.16525622,1.0002776,0.08037785,0.037404213,-7.1822956e-07,0.0009756088,0.009129763,0.004896641,-0.011168282,-0.08498249,0.012546202,0.35325,0.18151104,1.0,,,,,,,,,,,,,,,,,,,,,,,,,,,,,,,,,,,,,,,,,,,
943.0,-0.013272046411930208,0.060161758214235306,0.00027773380861617625,0.448413610458374,0.0,0.30080387,0.16541187,1.0002776,0.080732994,0.037357677,-5.603372e-07,0.0013844967,0.009234428,0.0048274994,0.09801537,0.0255876,-0.017513469,0.353625,0.18168925,1.0,,,,,,,,,,,,,,,,,,,,,,,,,,,,,,,,,,,,,,,,,,,
944.0,-0.013330677581264905,0.060201246291399,0.00027773380861617625,0.44651493430137634,0.0,0.30114177,0.16556728,1.0002776,0.08109241,0.037294433,-6.563954e-07,0.0013360977,0.008880377,0.004879236,-0.011187639,-0.08497999,0.012513817,0.354,0.1818674,1.0,,,,,,,,,,,,,,,,,,,,,,,,,,,,,,,,,,,,,,,,,,,
945.0,-0.013388219960443894,0.06024006009101868,0.00027773380861617625,0.44460639357566833,0.0,0.3014811,0.16572241,1.0002776,0.08143727,0.03723312,-5.0015103e-07,0.0017449856,0.008985281,0.004810095,0.09800574,0.025598701,-0.017478831,0.354375,0.18204552,1.0,,,,,,,,,,,,,,,,,,,,,,,,,,,,,,,,,,,,,,,,,,,
946.0,-0.013447707557497782,0.060278307646512985,0.00027773380861617625,0.4426879584789276,0.0,0.30182186,0.16587722,1.0002776,0.0817864,0.037155103,-6.008007e-07,0.0016965866,0.008631229,0.0048615932,-0.011206981,-0.08497747,0.012481437,0.35475,0.18222357,1.0,,,,,,,,,,,,,,,,,,,,,,,,,,,,,,,,,,,,,,,,,,,
947.0,-0.013505198869058955,0.060315899550914764,0.00027773380861617625,0.4407596290111542,0.0,0.30216405,0.16603172,1.0002776,0.08212098,0.03707903,-4.4636863e-07,0.0021054745,0.008736134,0.004792452,0.09799611,0.025609786,-0.017444199,0.355125,0.1824016,1.0,,,,,,,,,,,,,,,,,,,,,,,,,,,,,,,,,,,,,,,,,,,
948.0,-0.013565176233529565,0.060352861881256104,0.00027773380861617625,0.438821405172348,0.0,0.3025076,0.16618583,1.0002776,0.08245983,0.036986254,-5.5156715e-07,0.0020570755,0.00838232,0.0048439503,-0.011226306,-0.084974945,0.012449063,0.3555,0.18257958,1.0,,,,,,,,,,,,,,,,,,,,,,,,,,,,,,,,,,,,,,,,,,,
949.0,-0.013624086011047623,0.060389209538698196,0.00027773380861617625,0.43687331676483154,0.0,0.30285254,0.16633956,1.0002776,0.08278414,0.03689543,-3.989543e-07,0.002152443,0.008486986,0.004774809,0.022773484,0.025256528,-0.016779102,0.355875,0.1827575,1.0,,,,,,,,,,,,,,,,,,,,,,,,,,,,,,,,,,,,,,,,,,,
950.0,-0.013684664171467738,0.06042500212788582,0.00027773380861617625,0.43491536378860474,0.0,0.30319884,0.1664929,1.0002776,0.08311266,0.03680072,-4.791117e-07,0.0017905235,0.008133173,0.0048263073,-0.086440794,-0.08532262,0.013081297,0.35625,0.18293537,1.0,,,,,,,,,,,,,,,,,,,,,,,,,,,,,,,,,,,,,,,,,,,
951.0,-0.013743797844555958,0.06046014279127121,0.00027773380861617625,0.43294757604599,0.0,0.30354646,0.1666459,1.0002776,0.08342657,0.03672077,-3.109598e-07,0.0018861294,0.008238077,0.004757166,0.02279885,0.025260804,-0.016779587,0.356625,0.18311322,1.0,,,,,,,,,,,,,,,,,,,,,,,,,,,,,,,,,,,,,,,,,,,
952.0,-0.013804928413423841,0.06049473211169243,0.00027773380861617625,0.43097004294395447,0.0,0.3038954,0.16679855,1.0002776,0.083744705,0.036636934,-3.9267425e-07,0.00152421,0.007884264,0.0048086643,-0.08642461,-0.085308746,0.013082806,0.357,0.183291,1.0,,,,,,,,,,,,,,,,,,,,,,,,,,,,,,,,,,,,,,,,,,,
953.0,-0.013864752510820838,0.06052868813276291,0.00027773380861617625,0.4289826452732086,0.0,0.3042456,0.16695093,1.0002776,0.08404824,0.03656785,-2.317187e-07,0.0016198158,0.007989168,0.004739523,0.022824202,0.025265077,-0.016780058,0.357375,0.18346874,1.0,,,,,,,,,,,,,,,,,,,,,,,,,,,,,,,,,,,,,,,,,,,
954.0,-0.01392718272178936,0.06056209281086922,0.00027773380861617625,0.42698559165000916,0.0,0.30459708,0.16710298,1.0002776,0.084355995,0.036494866,-3.0965145e-07,0.0012581348,0.007635355,0.0047912598,-0.08640844,-0.08529488,0.013084308,0.35775,0.18364644,1.0,,,,,,,,,,,,,,,,,,,,,,,,,,,,,,,,,,,,,,,,,,,
955.0,-0.013987916574875272,0.0605948381125927,0.00027773380861617625,0.42497876286506653,0.0,0.3049498,0.1672548,1.0002776,0.08464915,0.036436636,-1.5713931e-07,0.0013537407,0.007740259,0.0047221184,0.022849545,0.025269348,-0.01678052,0.358125,0.18382409,1.0,,,,,,,,,,,,,,,,,,,,,,,,,,,,,,,,,,,,,,,,,,,
956.0,-0.014051248391680201,0.0606270357966423,0.00027773380861617625,0.4229622483253479,0.0,0.30530372,0.16740637,1.0002776,0.08494654,0.036374502,-2.3099585e-07,0.0009920597,0.0073866844,0.004773855,-0.08639227,-0.08528102,0.013085807,0.3585,0.1840017,1.0,,,,,,,,,,,,,,,,,,,,,,,,,,,,,,,,,,,,,,,,,,,
957.0,-0.014112604516285137,0.06065857410430908,0.00027773380861617625,0.4209361970424652,0.0,0.30565885,0.16755772,1.0002776,0.08522934,0.03632711,-8.69899e-08,0.001087904,0.0074915886,0.004704714,0.022874877,0.025273615,-0.01678097,0.358875,0.18417926,1.0,,,,,,,,,,,,,,,,,,,,,,,,,,,,,,,,,,,,,,,,,,,
958.0,-0.014176552346756582,0.06068949028849602,0.00027773380861617625,0.41890063881874084,0.0,0.30601516,0.16770887,1.0002776,0.08551636,0.036275808,-1.5675377e-07,0.0007264614,0.007138014,0.0047564507,-0.08637611,-0.08526717,0.013087299,0.35925,0.18435678,1.0,,,,,,,,,,,,,,,,,,,,,,,,,,,,,,,,,,,,,,,,,,,
959.0,-0.014238521014281288,0.060719698667526245,0.00027773380861617625,0.41685566306114197,0.0,0.3063726,0.16785987,1.0002776,0.085788794,0.036239248,-2.1251614e-08,0.0008223057,0.007242918,0.0046873093,0.0229002,0.025277881,-0.016781412,0.359625,0.18453425,1.0,,,,,,,,,,,,,,,,,,,,,,,,,,,,,,,,,,,,,,,,,,,
960.0,-0.014303072609799714,0.06074923276901245,0.00027773380861617625,0.4148014485836029,0.0,0.30673122,0.1680107,1.0002776,0.08606546,0.03619877,-8.6921666e-08,0.0004608631,0.0068893433,0.0047392845,-0.086359955,-0.08525333,0.013088786,0.36,0.18471166,1.0,,,,,,,,,,,,,,,,,,,,,,,,,,,,,,,,,,,,,,,,,,,
961.0,-0.014365639057275986,0.06077810004353523,0.00027773380861617625,0.41273802518844604,0.0,0.30709094,0.16816142,1.0002776,0.08632755,0.036173023,4.0082725e-08,0.0005567074,0.0069942474,0.004670143,0.022925511,0.025282145,-0.016781842,0.360375,0.18488905,1.0,,,,,,,,,,,,,,,,,,,,,,,,,,,,,,,,,,,,,,,,,,,
962.0,-0.014430489043688068,0.060806237161159515,0.00027773380861617625,0.4106654226779938,0.0,0.30745173,0.16831201,1.0002776,0.08659388,0.03614336,-2.1493225e-08,0.00019526482,0.0066406727,0.0047221184,-0.08634382,-0.08523949,0.013090269,0.36075,0.18506637,1.0,,,,,,,,,,,,,,,,,,,,,,,,,,,,,,,,,,,,,,,,,,,
963.0,-0.014493393271523386,0.06083367392420769,0.00027773380861617625,0.4085838794708252,0.0,0.30781358,0.16846254,1.0002776,0.08684562,0.03612842,9.701961e-08,0.00029158592,0.006745577,0.0046527386,0.022950811,0.025286404,-0.016782261,0.361125,0.18524367,1.0,,,,,,,,,,,,,,,,,,,,,,,,,,,,,,,,,,,,,,,,,,,
964.0,-0.014558707806511303,0.06086038425564766,0.00027773380861617625,0.4064934551715851,0.0,0.30817652,0.168613,1.0002776,0.08710161,0.03610955,3.9538e-08,-6.9856644e-05,0.0063922405,0.0047049522,-0.08632768,-0.085225664,0.013091746,0.3615,0.1854209,1.0,,,,,,,,,,,,,,,,,,,,,,,,,,,,,,,,,,,,,,,,,,,
965.0,-0.014622405832478763,0.06088634580373764,0.00027773380861617625,0.4043942987918854,0.0,0.30854043,0.16876344,1.0002776,0.08734302,0.036105406,1.495655e-07,2.6226044e-05,0.0064971447,0.004635811,0.0229761,0.02529066,-0.01678267,0.361875,0.18559809,1.0,,,,,,,,,,,,,,,,,,,,,,,,,,,,,,,,,,,,,,,,,,,
966.0,-0.014688215167677121,0.060911618173122406,0.00027773380861617625,0.40228649973869324,0.0,0.3089054,0.16891386,1.0002776,0.08758868,0.03609733,9.6178454e-08,-0.0003349781,0.0061438084,0.0046880245,-0.08631156,-0.08521184,0.013093217,0.36225,0.18577524,1.0,,,,,,,,,,,,,,,,,,,,,,,,,,,,,,,,,,,,,,,,,,,
967.0,-0.014752452251609066,0.06093605235219002,0.00027773380861617625,0.400170236825943,0.0,0.3092713,0.16906428,1.0002776,0.08781977,0.036103964,1.9772682e-07,-0.000238657,0.0062487125,0.0046186447,0.023001378,0.025294915,-0.016783068,0.362625,0.18595234,1.0,,,,,,,,,,,,,,,,,,,,,,,,,,,,,,,,,,,,,,,,,,,
968.0,-0.014818767155558455,0.0609598234295845,0.00027773380861617625,0.3980455696582794,0.0,0.3096382,0.16921473,1.0002776,0.088055104,0.03610666,1.484346e-07,-0.00059986115,0.005895376,0.004671097,-0.08629544,-0.08519803,0.013094684,0.363,0.18612938,1.0,,,,,,,,,,,,,,,,,,,,,,,,,,,,,,,,,,,,,,,,,,,
969.0,-0.01488350056361851,0.060982752591371536,0.00027773380861617625,0.395912766456604,0.0,0.31000602,0.16936524,1.0002776,0.08827587,0.036124066,2.4151e-07,-0.0005033016,0.0060002804,0.004601717,0.023026647,0.025299167,-0.016783457,0.363375,0.18630639,1.0,,,,,,,,,,,,,,,,,,,,,,,,,,,,,,,,,,,,,,,,,,,
970.0,-0.014950302377206025,0.06100495904684067,0.00027773380861617625,0.39377185702323914,0.0,0.3103748,0.16951582,1.0002776,0.0885009,0.03613753,1.9631283e-07,-0.00086450577,0.0056471825,0.004654169,-0.086279325,-0.085184224,0.013096145,0.36375,0.18648334,1.0,,,,,,,,,,,,,,,,,,,,,,,,,,,,,,,,,,,,,,,,,,,
971.0,-0.015015513532221303,0.06102638319134712,0.00027773380861617625,0.3916231095790863,0.0,0.3107444,0.16966651,1.0002776,0.08871136,0.036165692,2.809215e-07,-0.00076794624,0.0057520866,0.0045847893,0.023051905,0.025303416,-0.016783835,0.364125,0.18666026,1.0,,,,,,,,,,,,,,,,,,,,,,,,,,,,,,,,,,,,,,,,,,,
972.0,-0.015082782819514978,0.061047036200761795,0.00027773380861617625,0.38946661353111267,0.0,0.31111494,0.1698173,1.0002776,0.08892608,0.036189906,2.3981954e-07,-0.0011291504,0.0053987503,0.0046372414,-0.086263224,-0.085170425,0.013097602,0.3645,0.18683712,1.0,,,,,,,,,,,,,,,,,,,,,,,,,,,,,,,,,,,,,,,,,,,
973.0,-0.01514845206215141,0.0610668770968914,0.00027773380861617625,0.38730257749557495,0.0,0.3114863,0.16996826,1.0002776,0.08912624,0.036228817,3.1596772e-07,-0.0010323524,0.005503893,0.0045678616,0.02307715,0.025307663,-0.016784202,0.364875,0.18701394,1.0,,,,,,,,,,,,,,,,,,,,,,,,,,,,,,,,,,,,,,,,,,,
974.0,-0.015216168859824391,0.06108592823147774,0.00027773380861617625,0.3851311504840851,0.0,0.3118585,0.17011936,1.0002776,0.08933066,0.03626377,2.7896118e-07,-0.0013933182,0.005150795,0.004620552,-0.08624713,-0.085156634,0.013099053,0.36525,0.18719071,1.0,,,,,,,,,,,,,,,,,,,,,,,,,,,,,,,,,,,,,,,,,,,
975.0,-0.015282277046988386,0.0611041896045208,0.00027773380861617625,0.382952481508255,0.0,0.3122315,0.17027067,1.0002776,0.08952053,0.03631342,3.4665504e-07,-0.0012967587,0.005255699,0.0045511723,0.023102388,0.025311906,-0.016784558,0.365625,0.18736744,1.0,,,,,,,,,,,,,,,,,,,,,,,,,,,,,,,,,,,,,,,,,,,
976.0,-0.015350417327805921,0.06112165376543999,0.00027773380861617625,0.380766898393631,0.0,0.31260532,0.17042215,1.0002776,0.08971466,0.0363591,3.1374412e-07,-0.001657486,0.0049026012,0.0046038628,-0.08623105,-0.08514286,0.013100499,0.366,0.1875441,1.0,,,,,,,,,,,,,,,,,,,,,,,,,,,,,,,,,,,,,,,,,,,
977.0,-0.015416938579844284,0.06113826110959053,0.00027773380861617625,0.3785744607448578,0.0,0.31297988,0.1705739,1.0002776,0.08989424,0.036419474,3.7298983e-07,-0.001560688,0.005007744,0.004534483,0.023127614,0.025316147,-0.016784905,0.366375,0.18772075,1.0,,,,,,,,,,,,,,,,,,,,,,,,,,,,,,,,,,,,,,,,,,,
978.0,-0.015485479730638328,0.0611540786921978,0.00027773380861617625,0.3763754963874817,0.0,0.3133552,0.17072588,1.0002776,0.0900781,0.036475874,3.4417477e-07,-0.0019216537,0.004654646,0.0045871735,-0.086214975,-0.08512908,0.01310194,0.36675,0.18789732,1.0,,,,,,,,,,,,,,,,,,,,,,,,,,,,,,,,,,,,,,,,,,,
979.0,-0.0155523867133943,0.06116903945803642,0.00027773380861617625,0.374170184135437,0.0,0.31373125,0.17087817,1.0002776,0.0902474,0.036546953,3.9497854e-07,-0.0018246174,0.00475955,0.0045177937,0.023152828,0.025320385,-0.01678524,0.367125,0.18807386,1.0,,,,,,,,,,,,,,,,,,,,,,,,,,,,,,,,,,,,,,,,,,,
980.0,-0.015621303664019435,0.06118321418762207,0.00027773380861617625,0.3719586730003357,0.0,0.31410798,0.17103073,1.0002776,0.090420984,0.03661406,3.7025944e-07,-0.0021853447,0.0044066906,0.0045707226,-0.0861989,-0.08511531,0.013103376,0.3675,0.18825035,1.0,,,,,,,,,,,,,,,,,,,,,,,,,,,,,,,,,,,,,,,,,,,
981.0,-0.01568857109413293,0.06119650602340698,0.00027773380861617625,0.3697413206100464,0.0,0.3144854,0.17118363,1.0002776,0.09058002,0.03669584,4.1262746e-07,-0.0020883083,0.004511595,0.0045011044,0.023178032,0.02532462,-0.016785566,0.367875,0.1884268,1.0,,,,,,,,,,,,,,,,,,,,,,,,,,,,,,,,,,,,,,,,,,,
982.0,-0.01575783256610412,0.06120891124010086,0.00027773380861617625,0.3675183057785034,0.0,0.3148635,0.17133684,1.0002776,0.09074333,0.03677364,3.9200455e-07,-0.0024490356,0.0041587353,0.0045542717,-0.08618285,-0.08510155,0.013104807,0.36825,0.1886032,1.0,,,,,,,,,,,,,,,,,,,,,,,,,,,,,,,,,,,,,,,,,,,
983.0,-0.01582533889869228,0.06122048944234848,0.00027773380861617625,0.3652898967266083,0.0,0.31524223,0.17149046,1.0002776,0.090892114,0.03686611,4.2594303e-07,-0.0023519993,0.004263878,0.0044846535,0.023203226,0.025328854,-0.01678588,0.368625,0.18877955,1.0,,,,,,,,,,,,,,,,,,,,,,,,,,,,,,,,,,,,,,,,,,,
984.0,-0.01589481529481418,0.06123121455311775,0.00027773380861617625,0.36305639147758484,0.0,0.31562158,0.17164443,1.0002776,0.09104517,0.036954593,4.094164e-07,-0.0025274754,0.0039110184,0.004537821,-0.041769773,-0.0848887,0.012916927,0.369,0.18895584,1.0,,,,,,,,,,,,,,,,,,,,,,,,,,,,,,,,,,,,,,,,,,,
985.0,-0.015962188888583115,0.061241038143634796,0.00027773380861617625,0.3608180284500122,0.0,0.3160015,0.17179881,1.0002776,0.09118373,0.037050176,4.5474386e-07,-0.0022454262,0.004016161,0.0044682026,0.067614876,0.025539182,-0.016955048,0.369375,0.1891321,1.0,,,,,,,,,,,,,,,,,,,,,,,,,,,,,,,,,,,,,,,,,,,
986.0,-0.016030618477630924,0.06125003099441528,0.00027773380861617625,0.35857513546943665,0.0,0.31638205,0.17195353,1.0002776,0.09132661,0.03713421,4.5459575e-07,-0.0024209023,0.0036633015,0.00452137,-0.041774496,-0.08488181,0.0128983,0.36975,0.1893083,1.0,,,,,,,,,,,,,,,,,,,,,,,,,,,,,,,,,,,,,,,,,,,
987.0,-0.016097335201704848,0.061258137226104736,0.00027773380861617625,0.35632801055908203,0.0,0.3167631,0.17210864,1.0002776,0.09145499,0.037225347,4.932634e-07,-0.002138853,0.003768444,0.0044517517,0.06761939,0.025547434,-0.016934738,0.370125,0.18948446,1.0,,,,,,,,,,,,,,,,,,,,,,,,,,,,,,,,,,,,,,,,,,,
988.0,-0.01616599473908136,0.061265360563993454,0.00027773380861617625,0.35407695174217224,0.0,0.31714472,0.17226408,1.0002776,0.0915877,0.037304934,4.9450995e-07,-0.0023143291,0.0034155846,0.004504919,-0.041779213,-0.08487493,0.012879674,0.3705,0.18966058,1.0,,,,,,,,,,,,,,,,,,,,,,,,,,,,,,,,,,,,,,,,,,,
989.0,-0.016232921083522527,0.06127166748046875,0.00027773380861617625,0.3518223166465759,0.0,0.31752682,0.17241988,1.0002776,0.09170592,0.037391625,5.300374e-07,-0.00203228,0.0035207272,0.004435301,0.067623906,0.02555568,-0.01691443,0.370875,0.18983664,1.0,,,,,,,,,,,,,,,,,,,,,,,,,,,,,,,,,,,,,,,,,,,
990.0,-0.01630177226481392,0.061277132481336594,0.00027773380861617625,0.3495643436908722,0.0,0.31790945,0.172576,1.0002776,0.09182846,0.03746677,5.318526e-07,-0.002207756,0.0031678677,0.004488468,-0.04178392,-0.08486805,0.012861052,0.37125,0.19001266,1.0,,,,,,,,,,,,,,,,,,,,,,,,,,,,,,,,,,,,,,,,,,,
991.0,-0.01636886739681286,0.06128165125846863,0.00027773380861617625,0.347303569316864,0.0,0.3182925,0.17273244,1.0002776,0.091936514,0.037549015,5.6443537e-07,-0.0019257069,0.0032732487,0.00441885,0.06762842,0.025563922,-0.016894123,0.371625,0.19018863,1.0,,,,,,,,,,,,,,,,,,,,,,,,,,,,,,,,,,,,,,,,,,,
992.0,-0.016437863569471304,0.06128527969121933,0.00027773380861617625,0.3450402319431305,0.0,0.31867605,0.17288919,1.0002776,0.0920489,0.037619714,5.6677356e-07,-0.002101183,0.0029203892,0.004471779,-0.041788623,-0.08486117,0.012842433,0.372,0.19036455,1.0,,,,,,,,,,,,,,,,,,,,,,,,,,,,,,,,,,,,,,,,,,,
993.0,-0.016505084734212506,0.06128799170255661,0.00027773380861617625,0.34277471899986267,0.0,0.31906,0.17304626,1.0002776,0.0921468,0.037697524,5.964241e-07,-0.0018191338,0.0030255318,0.004402399,0.06763292,0.025572157,-0.016873818,0.372375,0.19054043,1.0,,,,,,,,,,,,,,,,,,,,,,,,,,,,,,,,,,,,,,,,,,,
994.0,-0.016574183660799463,0.061289817094802856,0.00027773380861617625,0.3405074179172516,0.0,0.31944436,0.17320362,1.0002776,0.092249036,0.037763786,5.9928266e-07,-0.0019948483,0.0026729107,0.004455328,-0.04179332,-0.08485429,0.012823815,0.37275,0.19071625,1.0,,,,,,,,,,,,,,,,,,,,,,,,,,,,,,,,,,,,,,,,,,,
995.0,-0.016641480386765762,0.06129070371389389,0.00027773380861617625,0.3382388651371002,0.0,0.3198291,0.17336127,1.0002776,0.09233679,0.037837155,6.260031e-07,-0.0017123222,0.0027782917,0.004385948,0.06763742,0.025580388,-0.016853515,0.373125,0.19089204,1.0,,,,,,,,,,,,,,,,,,,,,,,,,,,,,,,,,,,,,,,,,,,
996.0,-0.016710630717758978,0.0612906888127327,0.00027773380861617625,0.33596929907798767,0.0,0.3202142,0.17351918,1.0002776,0.092428885,0.037898976,6.2938204e-07,-0.0018880367,0.0024254322,0.004438877,-0.04179801,-0.08484742,0.012805201,0.3735,0.19106777,1.0,,,,,,,,,,,,,,,,,,,,,,,,,,,,,,,,,,,,,,,,,,,
997.0,-0.0167779531527769,0.0612897165119648,0.00027773380861617625,0.3336993157863617,0.0,0.32059968,0.17367738,1.0002776,0.0925065,0.037967913,6.531739e-07,-0.0016057491,0.0025308132,0.004369259,0.06764191,0.025588613,-0.016833214,0.373875,0.19124345,1.0,,,,,,,,,,,,,,,,,,,,,,,,,,,,,,,,,,,,,,,,,,,
998.0,-0.01684710075187977,0.06128783896565437,0.0002777099725790322,0.33142930269241333,0.0,0.32098544,0.17383581,1.0002776,0.09258846,0.0380253,6.5707303e-07,-0.0017814636,0.0021781921,0.004422188,-0.041802697,-0.08484054,0.01278659,0.37425,0.19141908,1.0,,,,,,,,,,,,,,,,,,,,,,,,,,,,,,,,,,,,,,,,,,,
999.0,-0.01691439157289715,0.06128498911857605,0.0002777099725790322,0.32915982604026794,0.0,0.32137153,0.17399453,1.0002778,0.09265595,0.0380898,6.779381e-07,-0.001499176,0.0022835732,0.004352808,0.06764639,0.025596833,-0.016812915,0.374625,0.19159468,1.0,,,,,,,,,,,,,,,,,,,,,,,,,,,,,,,,,,,,,,,,,,,
1000.0,-0.01698303121525387,0.06128125637769699,0.0002777099725790322,0.3268912434577942,0.0,0.32175788,0.17415345,1.0002778,0.09272778,0.03814276,3.1442895e-07,-0.0016748905,0.0019307137,0.0044054985,-0.041807376,-0.084833674,0.012767981,0.375,0.19177021,1.0,,,,,,,,,,,,,,,,,,,,,,,,,,,,,,,,,,,,,,,,,,,
1001.0,-0.017050126377354174,0.06127656623721123,0.0002777099725790322,0.32462406158447266,0.0,0.32214448,0.17431264,1.0002778,0.09278514,0.03820283,4.1875555e-07,-0.0013926029,0.002036333,0.0043361187,0.06765088,0.025605047,-0.016792618,0.375375,0.1919457,1.0,,,,,,,,,,,,,,,,,,,,,,,,,,,,,,,,,,,,,,,,,,,
1002.0,-0.017118986141850475,0.061271000653505325,0.0002777099725790322,0.3223588466644287,0.0,0.32253134,0.17447202,1.0002778,0.092846856,0.038251355,4.0341203e-07,-0.0015683174,0.0016834736,0.0043890476,-0.041812047,-0.084826805,0.012749375,0.37575,0.19212115,1.0,,,,,,,,,,,,,,,,,,,,,,,,,,,,,,,,,,,,,,,,,,,
1003.0,-0.017185931499092113,0.06126449257135391,0.0002777099725790322,0.32009607553482056,0.0,0.32291842,0.17463163,1.0002778,0.09289411,0.038306996,4.2319047e-07,-0.0012860298,0.001789093,0.004319668,0.06765535,0.025613256,-0.016772322,0.376125,0.19229655,1.0,,,,,,,,,,,,,,,,,,,,,,,,,,,,,,,,,,,,,,,,,,,
1004.0,-0.017254610839404633,0.06125706434249878,0.0002777099725790322,0.31783628463745117,0.0,0.3233057,0.17479143,1.0002778,0.09294571,0.038351096,4.275319e-07,-0.0014617443,0.0014364719,0.0043723583,-0.04181671,-0.084819935,0.012730771,0.3765,0.19247189,1.0,,,,,,,,,,,,,,,,,,,,,,,,,,,,,,,,,,,,,,,,,,,
1005.0,-0.01732150827376245,0.061248697340488434,0.0002777099725790322,0.3155801594257355,0.0,0.3236931,0.17495143,1.0002778,0.09298285,0.03840231,4.3988848e-07,-0.0011794567,0.001541853,0.0043029785,0.06765982,0.025621459,-0.016752029,0.376875,0.1926472,1.0,,,,,,,,,,,,,,,,,,,,,,,,,,,,,,,,,,,,,,,,,,,
1006.0,-0.017389766686044826,0.06123946234583855,0.0002777099725790322,0.31332817673683167,0.0,0.3240807,0.1751116,1.0002778,0.09302435,0.038441986,4.4580648e-07,-0.0013551712,0.0011892319,0.004355669,-0.04182137,-0.084813066,0.01271217,0.37725,0.19282246,1.0,,,,,,,,,,,,,,,,,,,,,,,,,,,,,,,,,,,,,,,,,,,
1007.0,-0.017456580932964063,0.06122931092977524,0.0002777099725790322,0.3110809922218323,0.0,0.32446843,0.17527197,1.0002778,0.09305139,0.03848878,4.549946e-07,-0.0010728836,0.0012948513,0.004286289,0.06766427,0.025629658,-0.016731737,0.377625,0.19299765,1.0,,,,,,,,,,,,,,,,,,,,,,,,,,,,,,,,,,,,,,,,,,,
1008.0,-0.017524324933953176,0.061218272894620895,0.0002777099725790322,0.3088392913341522,0.0,0.32485628,0.17543249,1.0002778,0.09308279,0.03852403,4.6149074e-07,-0.0012485981,0.0009422302,0.0043389797,-0.041826025,-0.084806204,0.012693573,0.378,0.19317281,1.0,,,,,,,,,,,,,,,,,,,,,,,,,,,,,,,,,,,,,,,,,,,
1009.0,-0.017590961324737874,0.061206329613924026,0.0002777099725790322,0.30660372972488403,0.0,0.3252442,0.17559318,1.0002778,0.093099736,0.038566403,4.6774645e-07,-0.0009663105,0.0010478497,0.0042696,0.067668736,0.02563785,-0.016711447,0.378375,0.19334792,1.0,,,,,,,,,,,,,,,,,,,,,,,,,,,,,,,,,,,,,,,,,,,
1010.0,-0.017658300662967304,0.06119348481297493,0.0002777099725790322,0.30437490344047546,0.0,0.32563218,0.17575401,1.0002778,0.09312105,0.038597234,4.747657e-07,-0.001142025,0.0006952286,0.0043222904,-0.041830674,-0.08479934,0.012674977,0.37875,0.19352297,1.0,,,,,,,,,,,,,,,,,,,,,,,,,,,,,,,,,,,,,,,,,,,
1011.0,-0.017724488324398772,0.06117969751358032,0.0002777099725790322,0.30215367674827576,0.0,0.3260202,0.17591499,1.0002778,0.093127914,0.038635187,4.781034e-07,-0.000859499,0.000800848,0.0042529106,0.067673184,0.025646038,-0.01669116,0.379125,0.19369799,1.0,,,,,,,,,,,,,,,,,,,,,,,,,,,,,,,,,,,,,,,,,,,
1012.0,-0.01779133365370435,0.061165083199739456,0.0002776622714009136,0.29994070529937744,0.0,0.3264083,0.17607608,1.0002778,0.09313914,0.0386616,4.856427e-07,-0.0010354519,0.00044846535,0.004305601,-0.04183531,-0.08479248,0.012656385,0.3795,0.19387294,1.0,,,,,,,,,,,,,,,,,,,,,,,,,,,,,,,,,,,,,,,,,,,
1013.0,-0.017856984297354942,0.06114953011274338,0.0002776622714009136,0.2977367639541626,0.0,0.32679638,0.17623731,1.0002778,0.09313593,0.038695134,4.8606483e-07,-0.0007529259,0.0005540848,0.0042362213,0.067677625,0.025654221,-0.016670873,0.379875,0.19404787,1.0,,,,,,,,,,,,,,,,,,,,,,,,,,,,,,,,,,,,,,,,,,,
1014.0,-0.017923245697991665,0.061133094131946564,0.0002776622714009136,0.2955426275730133,0.0,0.32718444,0.17639863,1.0002778,0.093137085,0.038717136,4.9412387e-07,-0.0009288788,0.0002014637,0.004288912,-0.041839946,-0.08478562,0.012637795,0.38025,0.19422273,1.0,,,,,,,,,,,,,,,,,,,,,,,,,,,,,,,,,,,,,,,,,,,
1015.0,-0.017988308095191318,0.06111577898263931,0.0002776622714009136,0.2933591902256012,0.0,0.32757246,0.17656007,1.0002778,0.0931238,0.038746256,4.91632e-07,-0.00064635277,0.00030732155,0.004219532,0.067682065,0.025662398,-0.01665059,0.380625,0.19439754,1.0,,,,,,,,,,,,,,,,,,,,,,,,,,,,,,,,,,,,,,,,,,,
1016.0,-0.018053841580783048,0.06109759211540222,0.0002776622714009136,0.29118719696998596,0.0,0.32796043,0.17672159,1.0002778,0.09311489,0.038763843,5.002108e-07,-0.0008223057,-4.529953e-05,0.0042722225,-0.041844577,-0.08477876,0.012619208,0.381,0.19457231,1.0,,,,,,,,,,,,,,,,,,,,,,,,,,,,,,,,,,,,,,,,,,,
1017.0,-0.018118415662390912,0.06107845902442932,0.0002776622714009136,0.289027601480484,0.0,0.3283483,0.1768832,1.0002778,0.09309155,0.038788553,4.9480656e-07,-0.00053977966,6.055832e-05,0.0042028427,0.0676865,0.02567057,-0.016630307,0.381375,0.19474703,1.0,,,,,,,,,,,,,,,,,,,,,,,,,,,,,,,,,,,,,,,,,,,
1018.0,-0.018183099645198313,0.06105849891901016,0.0002776622714009136,0.2868812680244446,0.0,0.32873613,0.17704488,1.0002778,0.09307258,0.03880173,5.03905e-07,-0.00071549416,-0.00029182434,0.004255295,-0.041849196,-0.0847719,0.012600623,0.38175,0.1949217,1.0,,,,,,,,,,,,,,,,,,,,,,,,,,,,,,,,,,,,,,,,,,,
1019.0,-0.01824689064395716,0.061037641018629074,0.0002776622714009136,0.28474918007850647,0.0,0.3291238,0.17720664,1.0002778,0.09303918,0.03882203,4.9559003e-07,-0.00043320656,-0.00018620491,0.0041861534,0.067690924,0.025678735,-0.016610026,0.382125,0.19509633,1.0,,,,,,,,,,,,,,,,,,,,,,,,,,,,,,,,,,,,,,,,,,,
1020.0,-0.0183106729670697,0.061015933752059937,0.0002776622714009136,0.2826322615146637,0.0,0.3295113,0.17736843,1.0002778,0.09301016,0.038830794,5.0520805e-07,-0.00060892105,-0.00053858757,0.0042386055,-0.04185381,-0.084765054,0.012582041,0.3825,0.1952709,1.0,,,,,,,,,,,,,,,,,,,,,,,,,,,,,,,,,,,,,,,,,,,
1021.0,-0.018373504702816356,0.060993295162916183,0.0002776622714009136,0.28053149580955505,0.0,0.3298987,0.17753029,1.0002778,0.092966706,0.03884669,4.9398386e-07,-0.00032639503,-0.00043272972,0.0041692257,0.06769534,0.025686897,-0.016589748,0.382875,0.19544542,1.0,,,,,,,,,,,,,,,,,,,,,,,,,,,,,,,,,,,,,,,,,,,
1022.0,-0.018436267770133418,0.06096985191106796,0.0002776622714009136,0.2784478962421417,0.0,0.33028588,0.17769217,1.0002778,0.09292764,0.038851053,5.0412143e-07,-0.00050234795,-0.0007851124,0.004221916,-0.041858424,-0.0847582,0.012563462,0.38325,0.1956199,1.0,,,,,,,,,,,,,,,,,,,,,,,,,,,,,,,,,,,,,,,,,,,
1023.0,-0.018498015545182718,0.060945481061935425,0.0002776622714009136,0.2763826251029968,0.0,0.33067286,0.1778541,1.0002778,0.092874154,0.03886254,4.899897e-07,-0.00021982193,-0.00067925453,0.0041525364,0.06769975,0.025695052,-0.016569471,0.383625,0.19579433,1.0,,,,,,,,,,,,,,,,,,,,,,,,,,,,,,,,,,,,,,,,,,,
1024.0,-0.018559631793717567,0.06092030927538872,0.0002776622714009136,0.2743366062641144,0.0,0.33105963,0.17801604,1.0002778,0.092825055,0.0388625,5.006468e-07,-0.00039577484,-0.0010316372,0.0042049885,-0.041863024,-0.084751345,0.012544886,0.384,0.1959687,1.0,,,,,,,,,,,,,,,,,,,,,,,,,,,,,,,,,,,,,,,,,,,
1025.0,-0.018619938050852217,0.060894209891557693,0.0002776622714009136,0.27231112122535706,0.0,0.33144614,0.17817798,1.0002778,0.09276153,0.038869586,4.83609e-07,-0.000113248825,-0.00092577934,0.004135847,0.06770416,0.025703203,-0.016549196,0.384375,0.19614303,1.0,,,,,,,,,,,,,,,,,,,,,,,,,,,,,,,,,,,,,,,,,,,
1026.0,-0.01868024061586257,0.060867249965667725,0.0002776622714009136,0.27030718326568604,0.0,0.3318324,0.17833993,1.0002778,0.0927024,0.038865145,4.947855e-07,-0.00028920174,-0.0008223057,0.0041880608,-0.042319935,0.024624282,0.012513933,0.38475,0.19631732,1.0,,,,,,,,,,,,,,,,,,,,,,,,,,,,,,,,,,,,,,,,,,,
1027.0,-0.01873939201379326,0.06083942577242851,0.0002776622714009136,0.268326073884964,0.0,0.33221844,0.17850187,1.0002778,0.092647485,0.03886791,4.9440706e-07,-6.67572e-06,-0.00065255165,0.0041189194,0.06763124,0.041072477,-0.016564153,0.385125,0.19649154,1.0,,,,,,,,,,,,,,,,,,,,,,,,,,,,,,,,,,,,,,,,,,,
1028.0,-0.018798370446886113,0.060810692608356476,0.0002776622714009136,0.26636892557144165,0.0,0.33260426,0.17866379,1.0002778,0.09259957,0.03885916,5.013263e-07,-0.00018262863,-0.0009407997,0.004171133,-0.041933585,-0.06937994,0.012529722,0.3855,0.19666572,1.0,,,,,,,,,,,,,,,,,,,,,,,,,,,,,,,,,,,,,,,,,,,
1029.0,-0.01885592300711869,0.060781098902225494,0.0002776622714009136,0.26443710923194885,0.0,0.33298984,0.17882569,1.0002778,0.092539854,0.03885755,4.896322e-07,9.9897385e-05,-0.00077080727,0.0041019917,0.06763384,0.04107342,-0.016550869,0.385875,0.19683985,1.0,,,,,,,,,,,,,,,,,,,,,,,,,,,,,,,,,,,,,,,,,,,
1030.0,-0.018913434719839278,0.06075067073106766,0.0002776622714009136,0.26253175735473633,0.0,0.33337522,0.17898755,1.0002778,0.09248716,0.038844425,4.988003e-07,-7.581711e-05,-0.0010592937,0.0041542053,-0.041936267,-0.069380276,0.012518256,0.38625,0.19701394,1.0,,,,,,,,,,,,,,,,,,,,,,,,,,,,,,,,,,,,,,,,,,,
1031.0,-0.018969261301092773,0.0607193186879158,0.0002776622714009136,0.2606542706489563,0.0,0.3337603,0.17914937,1.0002778,0.09242264,0.038838442,4.859491e-07,0.00020670891,-0.0008893013,0.004085064,0.06763644,0.041074358,-0.016537584,0.386625,0.19718798,1.0,,,,,,,,,,,,,,,,,,,,,,,,,,,,,,,,,,,,,,,,,,,
1032.0,-0.019025118468778603,0.06068713217973709,0.0002776622714009136,0.25880590081214905,0.0,0.33414516,0.17931113,1.0002778,0.092365146,0.03882095,4.9498084e-07,3.0755997e-05,-0.0011775494,0.0041372776,-0.04193895,-0.069380604,0.0125067895,0.387,0.19736196,1.0,,,,,,,,,,,,,,,,,,,,,,,,,,,,,,,,,,,,,,,,,,,
1033.0,-0.019079132934049267,0.060654036700725555,0.0002776622714009136,0.25698813796043396,0.0,0.33452973,0.17947283,1.0002778,0.09229585,0.038810596,4.8153265e-07,0.000313282,-0.0010075569,0.004068136,0.06763903,0.041075297,-0.0165243,0.387375,0.19753589,1.0,,,,,,,,,,,,,,,,,,,,,,,,,,,,,,,,,,,,,,,,,,,
1034.0,-0.019132711799390384,0.06062008813023567,0.0002776622714009136,0.2552022337913513,0.0,0.33491403,0.17963445,1.0002778,0.09223356,0.038788732,4.902964e-07,0.0001373291,-0.0012960434,0.0041205883,-0.04194163,-0.06938094,0.012495322,0.38775,0.19770978,1.0,,,,,,,,,,,,,,,,,,,,,,,,,,,,,,,,,,,,,,,,,,,
1035.0,-0.01918436336447376,0.060585297644138336,0.0002776622714009136,0.2534497380256653,0.0,0.33529803,0.17979601,1.0002778,0.09215947,0.038774014,4.7628225e-07,0.00041985512,-0.001126051,0.004051447,0.06764162,0.041076235,-0.016511017,0.388125,0.19788362,1.0,,,,,,,,,,,,,,,,,,,,,,,,,,,,,,,,,,,,,,,,,,,
1036.0,-0.019235875163340462,0.06054963916540146,0.0002776622714009136,0.2517320513725281,0.0,0.33568174,0.17995746,1.0002778,0.0920924,0.038747784,4.8477074e-07,0.0002439022,-0.001414299,0.0041036606,-0.04194431,-0.06938127,0.012483854,0.3885,0.1980574,1.0,,,,,,,,,,,,,,,,,,,,,,,,,,,,,,,,,,,,,,,,,,,
1037.0,-0.019285374643283285,0.06051316857337952,0.0002776622714009136,0.2500506341457367,0.0,0.33606514,0.18011883,1.0002778,0.09201353,0.0387287,4.7019236e-07,0.0005264282,-0.0012443066,0.004034519,0.067644216,0.04107717,-0.016497733,0.388875,0.19823115,1.0,,,,,,,,,,,,,,,,,,,,,,,,,,,,,,,,,,,,,,,,,,,
1038.0,-0.019334645837706922,0.060475923120975494,0.0002776622714009136,0.2484070062637329,0.0,0.33644822,0.18028007,1.0002778,0.09194167,0.038698107,4.784052e-07,0.0003504753,-0.001532793,0.004086733,-0.041946985,-0.0693816,0.012472386,0.38925,0.19840483,1.0,,,,,,,,,,,,,,,,,,,,,,,,,,,,,,,,,,,,,,,,,,,
1039.0,-0.019381811911045228,0.060437850654125214,0.0002776622714009136,0.24680271744728088,0.0,0.33683097,0.18044122,1.0002778,0.091858014,0.03867466,4.6326275e-07,0.0006330013,-0.0013628006,0.0040175915,0.0676468,0.041078106,-0.01648445,0.389625,0.19857846,1.0,,,,,,,,,,,,,,,,,,,,,,,,,,,,,,,,,,,,,,,,,,,
1040.0,-0.01942865864027408,0.06039903312921524,0.0002776622714009136,0.2452392876148224,0.0,0.3372134,0.18060222,1.0002778,0.09178137,0.038639702,4.7119977e-07,0.00045704842,-0.0016510487,0.004069805,-0.04194966,-0.06938193,0.012460916,0.39,0.19875206,1.0,,,,,,,,,,,,,,,,,,,,,,,,,,,,,,,,,,,,,,,,,,,
1041.0,-0.019473308962933155,0.06035944074392319,0.0002776622714009136,0.2437182515859604,0.0,0.33759543,0.1807631,1.0002778,0.09169294,0.038611893,4.5549345e-07,0.00073957443,-0.0014810562,0.0040006638,0.067649394,0.04107904,-0.016471168,0.390375,0.1989256,1.0,,,,,,,,,,,,,,,,,,,,,,,,,,,,,,,,,,,,,,,,,,,
1042.0,-0.019517546496294384,0.06031915545463562,0.0002776622714009136,0.24224120378494263,0.0,0.33797717,0.18092382,1.0002778,0.09161152,0.038572576,4.631546e-07,0.0005636215,-0.0017695427,0.0040528774,-0.041952334,-0.06938226,0.012449446,0.39075,0.19909908,1.0,,,,,,,,,,,,,,,,,,,,,,,,,,,,,,,,,,,,,,,,,,,
1043.0,-0.019559491420346967,0.06027811020612717,0.0002776622714009136,0.24080978333950043,0.0,0.3383585,0.18108441,1.0002778,0.0915183,0.03854041,4.4688446e-07,0.00084614754,-0.0015993118,0.003983736,0.06765198,0.041079972,-0.016457884,0.391125,0.19927253,1.0,,,,,,,,,,,,,,,,,,,,,,,,,,,,,,,,,,,,,,,,,,,
1044.0,-0.01960092319407959,0.06023641675710678,0.0002776622714009136,0.23942549526691437,0.0,0.33873945,0.1812448,1.0002778,0.0914321,0.038496736,4.542697e-07,0.0006701946,-0.0018877983,0.0040359497,-0.041955005,-0.06938259,0.012437976,0.3915,0.19944592,1.0,,,,,,,,,,,,,,,,,,,,,,,,,,,,,,,,,,,,,,,,,,,
1045.0,-0.019640394399944125,0.06019400805234909,0.0002776622714009136,0.23809005320072174,0.0,0.33912,0.18140507,1.0002778,0.09133411,0.038460214,4.3743577e-07,0.00095272064,-0.0017178059,0.0039668083,0.067654565,0.041080907,-0.016444601,0.391875,0.19961925,1.0,,,,,,,,,,,,,,,,,,,,,,,,,,,,,,,,,,,,,,,,,,,
1046.0,-0.019678804519966075,0.060150932520627975,0.0002776622714009136,0.23680494725704193,0.0,0.3395002,0.1815651,1.0002778,0.09124314,0.03841218,4.445451e-07,0.00077676773,-0.002006054,0.004019022,-0.041957673,-0.06938292,0.012426505,0.39225,0.19979255,1.0,,,,,,,,,,,,,,,,,,,,,,,,,,,,,,,,,,,,,,,,,,,
1047.0,-0.01971518798793859,0.060107193887233734,0.0002776622714009136,0.23557192087173462,0.0,0.33987993,0.181725,1.0002778,0.091140375,0.038371306,4.2714748e-07,0.0010595322,-0.0018360615,0.003950119,0.06765714,0.04108184,-0.016431319,0.392625,0.19996578,1.0,,,,,,,,,,,,,,,,,,,,,,,,,,,,,,,,,,,,,,,,,,,
1048.0,-0.019750411617750256,0.06006275489926338,0.0002776622714009136,0.23439250886440277,0.0,0.34025928,0.18188465,1.0002778,0.091044635,0.03831892,4.3398077e-07,0.00088334084,-0.002124548,0.0040020943,-0.04196034,-0.06938324,0.012415033,0.393,0.20013897,1.0,,,,,,,,,,,,,,,,,,,,,,,,,,,,,,,,,,,,,,,,,,,
1049.0,-0.01978346752828511,0.06001770496368408,0.0002776622714009136,0.23326829075813293,0.0,0.3406382,0.18204413,1.0002778,0.09093709,0.038273692,4.1601962e-07,0.0011661053,-0.0019545555,0.0039331913,0.06765973,0.041082766,-0.016418036,0.393375,0.20031211,1.0,,,,,,,,,,,,,,,,,,,,,,,,,,,,,,,,,,,,,,,,,,,
1050.0,-0.019815266758690636,0.05997202545404434,0.0002776622714009136,0.23220095038414001,0.0,0.34101668,0.18220337,1.0002778,0.090836585,0.038216956,4.2257685e-07,0.0009901524,-0.0022428036,0.0039851665,-0.041963004,-0.06938357,0.012403561,0.39375,0.2004852,1.0,,,,,,,,,,,,,,,,,,,,,,,,,,,,,,,,,,,,,,,,,,,
1051.0,-0.019844849479240294,0.0599256232380867,0.0002776622714009136,0.2311919927597046,0.0,0.3413947,0.18236239,1.0002778,0.090724275,0.038167376,4.0405217e-07,0.0012726784,-0.0020728111,0.0039162636,0.067662306,0.041083694,-0.016404754,0.394125,0.20065825,1.0,,,,,,,,,,,,,,,,,,,,,,,,,,,,,,,,,,,,,,,,,,,
1052.0,-0.019872999254034768,0.05987868830561638,0.0002776622714009136,0.23024293780326843,0.0,0.3417723,0.18252116,1.0002778,0.090619,0.03810629,4.1033329e-07,0.0010967255,-0.0023612976,0.003968239,-0.041965667,-0.0693839,0.012392088,0.3945,0.20083123,1.0,,,,,,,,,,,,,,,,,,,,,,,,,,,,,,,,,,,,,,,,,,,
1053.0,-0.019898838570244336,0.05983106046915054,0.0002776622714009136,0.22935539484024048,0.0,0.34214938,0.18267973,1.0002778,0.09050193,0.038052365,3.912452e-07,0.0013792515,-0.0021910667,0.0038993359,0.067664884,0.04108462,-0.016391471,0.394875,0.20100418,1.0,,,,,,,,,,,,,,,,,,,,,,,,,,,,,,,,,,,,,,,,,,,
1054.0,-0.019923241229020644,0.05978291109204292,0.0002776622714009136,0.22853074967861176,0.0,0.34252602,0.18283801,1.0002778,0.09039188,0.03798693,3.9725012e-07,0.0012032986,-0.0024795532,0.003951311,-0.04196833,-0.06938422,0.012380614,0.39525,0.20117706,1.0,,,,,,,,,,,,,,,,,,,,,,,,,,,,,,,,,,,,,,,,,,,
1055.0,-0.019945180354132938,0.05973409488797188,0.0002776622714009136,0.22777053713798523,0.0,0.34290212,0.18299603,1.0002778,0.09027004,0.03792866,3.7759875e-07,0.0014858246,-0.0023095608,0.0038824081,0.067667454,0.04108555,-0.01637819,0.395625,0.2013499,1.0,,,,,,,,,,,,,,,,,,,,,,,,,,,,,,,,,,,,,,,,,,,
1056.0,-0.019965471680870907,0.05968475341796875,0.0002776622714009136,0.2270761877298355,0.0,0.34327778,0.18315378,1.0002778,0.09015524,0.03785888,3.8332743e-07,0.0013098717,-0.0024650097,0.003934622,-0.042094976,-0.037476897,0.012416551,0.396,0.2015227,1.0,,,,,,,,,,,,,,,,,,,,,,,,,,,,,,,,,,,,,,,,,,,
1057.0,-0.019983282205465552,0.05963481217622757,0.0002776622714009136,0.22644907236099243,0.0,0.3436529,0.18331127,1.0002778,0.090034075,0.03779629,3.7686902e-07,0.0015923977,-0.0021619797,0.0038657188,0.067540534,0.07298674,-0.01633208,0.396375,0.20169543,1.0,,,,,,,,,,,,,,,,,,,,,,,,,,,,,,,,,,,,,,,,,,,
1058.0,-0.019999486971463375,0.059584300965070724,0.0002776622714009136,0.22589048743247986,0.0,0.3440276,0.18346845,1.0002778,0.08992537,0.03772221,3.9027543e-07,0.0014164448,-0.0023174286,0.0039179325,-0.042093758,-0.037492096,0.012419818,0.39675,0.20186812,1.0,,,,,,,,,,,,,,,,,,,,,,,,,,,,,,,,,,,,,,,,,,,
1059.0,-0.020013133274727084,0.0595332495868206,0.0002776622714009136,0.22540175914764404,0.0,0.3444018,0.18362534,1.0002778,0.08981031,0.037655316,3.8371215e-07,0.0016989708,-0.0020143986,0.003849268,0.067539304,0.072972804,-0.016333317,0.397125,0.20204075,1.0,,,,,,,,,,,,,,,,,,,,,,,,,,,,,,,,,,,,,,,,,,,
1060.0,-0.020025101986898334,0.059481699019670486,0.0002776622714009136,0.22498396039009094,0.0,0.3447756,0.1837819,1.0002778,0.0897077,0.03757694,3.9408144e-07,0.0015230179,-0.002170086,0.0039014816,-0.04209254,-0.037507284,0.012423077,0.3975,0.20221333,1.0,,,,,,,,,,,,,,,,,,,,,,,,,,,,,,,,,,,,,,,,,,,
1061.0,-0.020034444257371616,0.059429626911878586,0.00027768610743805766,0.22463829815387726,0.0,0.34514892,0.18393819,1.0002778,0.08959874,0.03750575,3.89929e-07,0.0018055439,-0.0018670559,0.003832817,0.067538075,0.07295888,-0.016334547,0.397875,0.20238587,1.0,,,,,,,,,,,,,,,,,,,,,,,,,,,,,,,,,,,,,,,,,,,
1062.0,-0.02004204068836516,0.05937701463699341,0.00027768610743805766,0.22436586022377014,0.0,0.34552187,0.18409412,1.0002779,0.08950222,0.037423078,3.9667273e-07,0.001629591,-0.0020227432,0.0038847923,-0.04209132,-0.03752247,0.012426325,0.39825,0.20255835,1.0,,,,,,,,,,,,,,,,,,,,,,,,,,,,,,,,,,,,,,,,,,,
1063.0,-0.020046946175366613,0.059323959052562714,0.00027768610743805766,0.22416768968105316,0.0,0.34589434,0.18424973,1.0002779,0.089399345,0.037347592,2.7140594e-08,0.0019123554,-0.0017199516,0.0038163662,0.067536846,0.07294496,-0.016335772,0.398625,0.20273079,1.0,,,,,,,,,,,,,,,,,,,,,,,,,,,,,,,,,,,,,,,,,,,
1064.0,-0.020050051641704706,0.05927042290568352,0.00027768610743805766,0.2240445911884308,0.0,0.34626648,0.18440498,1.0002779,0.08930891,0.03726063,1.1661543e-07,0.0017361641,-0.001875639,0.0038683414,-0.042090107,-0.037537646,0.012429565,0.399,0.20290318,1.0,,,,,,,,,,,,,,,,,,,,,,,,,,,,,,,,,,,,,,,,,,,
1065.0,-0.020050414965470918,0.05921640992164612,0.00027768610743805766,0.22399748861789703,0.0,0.3466382,0.1845599,1.0002779,0.089212105,0.03718085,9.7284975e-08,0.0020189285,-0.0015728474,0.0037999153,0.06753562,0.07293105,-0.016336994,0.399375,0.20307551,1.0,,,,,,,,,,,,,,,,,,,,,,,,,,,,,,,,,,,,,,,,,,,
1066.0,-0.020048932250313196,0.05916197970509529,0.00027768610743805766,0.22402697801589966,0.0,0.34700954,0.18471444,1.0002779,0.08912774,0.03708959,1.0148016e-07,0.0018429756,-0.0017287731,0.0038518906,-0.04208889,-0.03755282,0.012432797,0.39975,0.2032478,1.0,,,,,,,,,,,,,,,,,,,,,,,,,,,,,,,,,,,,,,,,,,,
1067.0,-0.02004466420989284,0.059107132256031036,0.00027768610743805766,0.2241339087486267,0.0,0.34738055,0.18486863,1.0002779,0.089037016,0.037005518,1.03870335e-07,0.0021255016,-0.0014259815,0.0037834644,0.06753439,0.07291715,-0.01633821,0.400125,0.20342003,1.0,,,,,,,,,,,,,,,,,,,,,,,,,,,,,,,,,,,,,,,,,,,
1068.0,-0.0200385136547744,0.05905184894800186,0.00027768610743805766,0.22431868314743042,0.0,0.3477512,0.18502243,1.0002779,0.08895872,0.036909968,9.9912924e-08,0.0019495487,-0.0015819073,0.0038354397,-0.042087678,-0.037567984,0.012436019,0.4005,0.20359221,1.0,,,,,,,,,,,,,,,,,,,,,,,,,,,,,,,,,,,,,,,,,,,
1069.0,-0.02002954800343323,0.05899617075920105,0.00027768610743805766,0.22458189725875854,0.0,0.34812152,0.18517585,1.0002779,0.08887405,0.036821608,1.0591482e-07,0.0022320747,-0.0012791157,0.0037670135,0.067533165,0.07290325,-0.016339421,0.400875,0.20376433,1.0,,,,,,,,,,,,,,,,,,,,,,,,,,,,,,,,,,,,,,,,,,,
1070.0,-0.020018481324515964,0.0589400939643383,0.00027768610743805766,0.22492386400699615,0.0,0.34849152,0.18532886,1.0002779,0.08880181,0.03672177,9.8058905e-08,0.0020561218,-0.0014350414,0.0038189888,-0.042086463,-0.037583143,0.012439232,0.40125,0.20393641,1.0,,,,,,,,,,,,,,,,,,,,,,,,,,,,,,,,,,,,,,,,,,,
1071.0,-0.020004582021043646,0.0588836595416069,0.00027768610743805766,0.22534488141536713,0.0,0.3488612,0.18548147,1.0002779,0.0887232,0.036629118,1.06673646e-07,0.0023386478,-0.0011324883,0.0037505627,0.067531936,0.07288937,-0.016340628,0.401625,0.20410845,1.0,,,,,,,,,,,,,,,,,,,,,,,,,,,,,,,,,,,,,,,,,,,
1072.0,-0.019988762528175177,0.05882691591978073,0.00027768610743805766,0.22584499418735504,0.0,0.34923062,0.18563366,1.0002779,0.08865701,0.036524992,9.5156e-08,0.002162695,-0.001288414,0.0038027763,-0.042085253,-0.037598297,0.012442437,0.402,0.20428042,1.0,,,,,,,,,,,,,,,,,,,,,,,,,,,,,,,,,,,,,,,,,,,
1073.0,-0.01997010271325253,0.05876981094479561,0.00027768610743805766,0.2264244109392166,0.0,0.34959972,0.18578544,1.0002779,0.08858444,0.036428057,1.0632794e-07,0.002445221,-0.0009858608,0.0037343502,0.067530714,0.07287549,-0.01634183,0.402375,0.20445235,1.0,,,,,,,,,,,,,,,,,,,,,,,,,,,,,,,,,,,,,,,,,,,
1074.0,-0.019949521522979012,0.058712463825941086,0.00027768610743805766,0.2270829826593399,0.0,0.34996855,0.18593678,1.0002779,0.08852429,0.036319647,9.116384e-08,0.002269268,-0.001142025,0.0037863255,-0.042084042,-0.037613444,0.012445632,0.40275,0.20462422,1.0,,,,,,,,,,,,,,,,,,,,,,,,,,,,,,,,,,,,,,,,,,,
1075.0,-0.019926106415790037,0.05865486338734627,0.00027768610743805766,0.22782067954540253,0.0,0.35033712,0.18608768,1.0002779,0.08845776,0.036218427,1.04889345e-07,0.002551794,-0.0008394718,0.0037178993,0.067529485,0.07286162,-0.016343027,0.403125,0.20479605,1.0,,,,,,,,,,,,,,,,,,,,,,,,,,,,,,,,,,,,,,,,,,,
1076.0,-0.01990077949492643,0.058597058057785034,0.00027768610743805766,0.2286372184753418,0.0,0.35070547,0.18623812,1.0002779,0.08840365,0.03610573,8.608191e-08,0.0023758411,-0.0009953976,0.0037698746,-0.042082835,-0.037628587,0.012448819,0.4035,0.20496781,1.0,,,,,,,,,,,,,,,,,,,,,,,,,,,,,,,,,,,,,,,,,,,
1077.0,-0.019872633360210515,0.058538973331451416,0.00027768610743805766,0.229532390832901,0.0,0.35107356,0.18638813,1.0002779,0.08834315,0.036000226,1.0236018e-07,0.0026583672,-0.0006930828,0.0037016869,0.06752826,0.072847754,-0.01634422,0.403875,0.20513955,1.0,,,,,,,,,,,,,,,,,,,,,,,,,,,,,,,,,,,,,,,,,,,
1078.0,-0.019842597964681956,0.05848076939582825,0.00027768610743805766,0.23050567507743835,0.0,0.35144147,0.18653764,1.0002779,0.088295065,0.035883248,7.9911814e-08,0.0024824142,-0.000849247,0.003753662,-0.042081624,-0.03764372,0.012451997,0.40425,0.20531121,1.0,,,,,,,,,,,,,,,,,,,,,,,,,,,,,,,,,,,,,,,,,,,
1079.0,-0.01980977054953346,0.058422405272722244,0.00027768610743805766,0.2315567135810852,0.0,0.35180914,0.1866867,1.0002779,0.088240586,0.035773464,9.874224e-08,0.0027649403,-0.0005466938,0.0036854744,0.06752704,0.072833896,-0.016345406,0.404625,0.20548283,1.0,,,,,,,,,,,,,,,,,,,,,,,,,,,,,,,,,,,,,,,,,,,
1080.0,-0.019775084059033637,0.0583638958632946,0.00027768610743805766,0.23268486559391022,0.0,0.35217664,0.18683524,1.0002779,0.08819851,0.03565221,7.265533e-08,0.0025889874,-0.0007030964,0.0037374496,-0.04208042,-0.03765885,0.012455165,0.405,0.2056544,1.0,,,,,,,,,,,,,,,,,,,,,,,,,,,,,,,,,,,,,,,,,,,
1081.0,-0.019737964756972363,0.0583052933216095,0.00027768610743805766,0.23388952016830444,0.0,0.35254392,0.18698333,1.0002779,0.088150054,0.035538144,9.403729e-08,0.0028715134,-0.00040078163,0.0036690235,0.06752582,0.072820045,-0.016346589,0.405375,0.20582591,1.0,,,,,,,,,,,,,,,,,,,,,,,,,,,,,,,,,,,,,,,,,,,
1082.0,-0.01969869007275329,0.05824661999940872,0.00027768610743805766,0.2351699024438858,0.0,0.35291106,0.18713088,1.0002779,0.08811399,0.035412606,6.43142e-08,0.0026955605,-0.0005569458,0.0037209988,-0.042079214,-0.037673973,0.012458325,0.40575,0.20599738,1.0,,,,,,,,,,,,,,,,,,,,,,,,,,,,,,,,,,,,,,,,,,,
1083.0,-0.019657161794149763,0.05818788334727287,0.00027768610743805766,0.23652537167072296,0.0,0.35327804,0.18727794,1.0002779,0.08807154,0.035294265,8.824708e-08,0.0029780865,-0.00025463104,0.003652811,0.0675246,0.0728062,-0.016347768,0.406125,0.20616879,1.0,,,,,,,,,,,,,,,,,,,,,,,,,,,,,,,,,,,,,,,,,,,
1084.0,-0.01961340746413362,0.05812915042042732,0.00027768610743805766,0.23795494437217712,0.0,0.35364488,0.18742445,1.0002779,0.088041484,0.035164453,5.4890187e-08,0.0028021336,-0.00041103363,0.0037047863,-0.04207801,-0.03768909,0.012461477,0.4065,0.20634015,1.0,,,,,,,,,,,,,,,,,,,,,,,,,,,,,,,,,,,,,,,,,,,
1085.0,-0.019567453119462976,0.0580703429877758,0.00027768610743805766,0.2394578605890274,0.0,0.35401157,0.18757047,1.0002779,0.08800502,0.035041835,8.137337e-08,0.0030844212,-0.00010871887,0.0036365986,0.067523375,0.072792366,-0.01634894,0.406875,0.20651147,1.0,,,,,,,,,,,,,,,,,,,,,,,,,,,,,,,,,,,,,,,,,,,
1086.0,-0.019519398035578527,0.058011628687381744,0.0002777099725790322,0.24103295803070068,0.0,0.35437813,0.18771592,1.0002779,0.08798096,0.034907747,4.438504e-08,0.0029087067,-0.00026535988,0.0036885738,-0.042076807,-0.037704203,0.012464618,0.40725,0.20668273,1.0,,,,,,,,,,,,,,,,,,,,,,,,,,,,,,,,,,,,,,,,,,,
1087.0,-0.019469067358098988,0.05795292183756828,0.0002777099725790322,0.24267937242984772,0.0,0.3547446,0.18786083,1.0002779,0.08795049,0.034780856,7.3417915e-08,0.0031909943,3.695488e-05,0.0036203861,0.06752215,0.07277854,-0.016350107,0.407625,0.20685393,1.0,,,,,,,,,,,,,,,,,,,,,,,,,,,,,,,,,,,,,,,,,,,
1088.0,-0.019417245718447888,0.05789431184530258,0.00027773380861617625,0.24439586699008942,0.0,0.355111,0.18800518,1.0002779,0.08793242,0.034642495,3.2800514e-08,0.0030152798,-0.00011968613,0.0036723614,-0.042075604,-0.037719306,0.012467752,0.408,0.20702508,1.0,,,,,,,,,,,,,,,,,,,,,,,,,,,,,,,,,,,,,,,,,,,
1089.0,-0.01936263557820671,0.057835839688777924,0.00027773380861617625,0.246181458234787,0.0,0.35547727,0.18814898,1.0002779,0.08790793,0.034511335,6.438246e-08,0.0032975674,0.00018262863,0.003604412,0.06752094,0.07276472,-0.016351271,0.408375,0.20719619,1.0,,,,,,,,,,,,,,,,,,,,,,,,,,,,,,,,,,,,,,,,,,,
1090.0,-0.019306572136449998,0.057777464389801025,0.00027773380861617625,0.24803496897220612,0.0,0.3558435,0.18829218,1.0002779,0.08789584,0.0343687,2.0138359e-08,0.0031218529,2.5987625e-05,0.003656149,-0.042074405,-0.037734408,0.012470876,0.40875,0.20736724,1.0,,,,,,,,,,,,,,,,,,,,,,,,,,,,,,,,,,,,,,,,,,,
1091.0,-0.019248235087642708,0.057719238102436066,0.00027773380861617625,0.24995525181293488,0.0,0.35620967,0.18843481,1.0002779,0.087877326,0.03423327,5.4268753e-08,0.0034041405,0.00032806396,0.0035881996,0.06751972,0.0727509,-0.01635243,0.409125,0.20753823,1.0,,,,,,,,,,,,,,,,,,,,,,,,,,,,,,,,,,,,,,,,,,,
1092.0,-0.019187981777361758,0.05766116455197334,0.00027773380861617625,0.2519410252571106,0.0,0.3565758,0.18857685,1.0002779,0.0878712,0.034086365,6.40032e-09,0.003228426,0.00017142296,0.0036401749,-0.042073205,-0.0377495,0.012473992,0.4095,0.20770918,1.0,,,,,,,,,,,,,,,,,,,,,,,,,,,,,,,,,,,,,,,,,,,
1093.0,-0.019125765263679526,0.05760329216718674,0.00027773380861617625,0.25399094820022583,0.0,0.35694188,0.18871829,1.0002779,0.08785866,0.033946663,4.307854e-08,0.0035107136,0.0004734993,0.0035719872,0.0675185,0.072737105,-0.016353583,0.409875,0.20788008,1.0,,,,,,,,,,,,,,,,,,,,,,,,,,,,,,,,,,,,,,,,,,,
1094.0,-0.01906165552591856,0.05754562467336655,0.00027773380861617625,0.2561039626598358,0.0,0.35730794,0.1888591,1.0002779,0.0878585,0.033795495,-8.411863e-09,0.0033347607,0.0003168583,0.0036239624,-0.042072006,-0.037764587,0.012477098,0.41025,0.20805092,1.0,,,,,,,,,,,,,,,,,,,,,,,,,,,,,,,,,,,,,,,,,,,
1095.0,-0.018995698436570868,0.05748812481760979,0.00027773380861617625,0.25827860832214355,0.0,0.357674,0.18899931,1.0002779,0.08785191,0.033651523,3.0813563e-08,0.0036172867,0.0006186962,0.003556013,0.06751729,0.07272331,-0.016354732,0.410625,0.20822172,1.0,,,,,,,,,,,,,,,,,,,,,,,,,,,,,,,,,,,,,,,,,,,
1096.0,-0.018927926886624712,0.05743086338043213,0.00027773380861617625,0.2605137228965759,0.0,0.35804006,0.18913889,1.0002779,0.08785771,0.03349609,-2.4296453e-08,0.0034413338,0.0004620552,0.00360775,-0.04207081,-0.037779666,0.012480197,0.411,0.20839246,1.0,,,,,,,,,,,,,,,,,,,,,,,,,,,,,,,,,,,,,,,,,,,
1097.0,-0.018858197386942176,0.05737382173538208,0.00027773380861617625,0.2628079056739807,0.0,0.35840616,0.18927783,1.0002779,0.087857075,0.033347853,1.7475564e-08,0.0037238598,0.0007638931,0.0035398006,0.067516066,0.072709516,-0.016355876,0.411375,0.20856315,1.0,,,,,,,,,,,,,,,,,,,,,,,,,,,,,,,,,,,,,,,,,,,
1098.0,-0.018786754136978518,0.05731707066297531,0.00027773380861617625,0.26515984535217285,0.0,0.35877228,0.18941611,1.0002779,0.08786882,0.033188153,-4.1251706e-08,0.0035479069,0.0006070137,0.003591776,-0.042069614,-0.037794743,0.012483285,0.41175,0.20873378,1.0,,,,,,,,,,,,,,,,,,,,,,,,,,,,,,,,,,,,,,,,,,,
1099.0,-0.018713649520611175,0.05726055055856705,0.00027773380861617625,0.26756829023361206,0.0,0.3591384,0.18955377,1.0002779,0.08787413,0.03303566,3.066272e-09,0.003830433,0.00090909004,0.0035238266,0.06751485,0.07269573,-0.016357016,0.412125,0.20890436,1.0,,,,,,,,,,,,,,,,,,,,,,,,,,,,,,,,,,,,,,,,,,,
1100.0,-0.018638895021019383,0.05720430612564087,0.00027773380861617625,0.27003178000450134,0.0,0.3595046,0.18969072,1.0002779,0.08789181,0.032871693,-5.9275887e-08,0.00365448,0.0007519722,0.0035758018,-0.042068418,-0.03780981,0.012486365,0.4125,0.20907488,1.0,,,,,,,,,,,,,,,,,,,,,,,,,,,,,,,,,,,,,,,,,,,
1101.0,-0.018562721964844108,0.05714831501245499,0.0002777814806904644,0.2725491523742676,0.0,0.35987088,0.18982704,1.0002779,0.08790305,0.032714933,-1.2412574e-08,0.003937006,0.0010538101,0.0035078526,0.06751364,0.072681956,-0.01635815,0.412875,0.20924537,1.0,,,,,,,,,,,,,,,,,,,,,,,,,,,,,,,,,,,,,,,,,,,
1102.0,-0.01848478938862795,0.057092584669589996,0.0002777814806904644,0.27511894702911377,0.0,0.36023724,0.18996266,1.0002779,0.08792666,0.03254671,-7.836727e-08,0.003761053,0.0008969307,0.0035595894,-0.042067226,-0.037824873,0.012489436,0.41325,0.2094158,1.0,,,,,,,,,,,,,,,,,,,,,,,,,,,,,,,,,,,,,,,,,,,
1103.0,-0.01840612602247907,0.057037126272916794,0.0002777814806904644,0.2777400612831116,0.0,0.3606037,0.1900976,1.0002779,0.08794384,0.032385692,-2.8959239e-08,0.0040433407,0.0011987686,0.0034918785,0.06751242,0.07266819,-0.016359279,0.413625,0.20958617,1.0,,,,,,,,,,,,,,,,,,,,,,,,,,,,,,,,,,,,,,,,,,,
1104.0,-0.018325463944195715,0.05698201060295105,0.0002777814806904644,0.2804109454154968,0.0,0.36097023,0.19023181,1.0002779,0.08797337,0.03221321,-9.8524126e-08,0.0038676262,0.0010416508,0.0035436153,-0.042066034,-0.03783993,0.012492498,0.414,0.2097565,1.0,,,,,,,,,,,,,,,,,,,,,,,,,,,,,,,,,,,,,,,,,,,
1105.0,-0.018243799023431033,0.056927114725112915,0.0002777814806904644,0.28313055634498596,0.0,0.3613369,0.19036534,1.0002779,0.08799647,0.03204793,-4.6572e-08,0.0040535927,0.0013434887,0.0034759045,0.044412095,0.07257257,-0.016336342,0.414375,0.20992677,1.0,,,,,,,,,,,,,,,,,,,,,,,,,,,,,,,,,,,,,,,,,,,
1106.0,-0.01816035550818192,0.05687256529927254,0.0002777814806904644,0.2858973741531372,0.0,0.3617037,0.19049816,1.0002779,0.0880319,0.031875126,-1.03607505e-07,0.003781557,0.0011863708,0.0035276413,-0.06515854,-0.037932433,0.012530164,0.41475,0.21009699,1.0,,,,,,,,,,,,,,,,,,,,,,,,,,,,,,,,,,,,,,,,,,,
1107.0,-0.018075955614038096,0.05681823939085007,0.0002777814806904644,0.28871023654937744,0.0,0.36207062,0.1906303,1.0002779,0.088060886,0.03171346,-3.8529855e-08,0.003967762,0.0014879704,0.0034599304,0.044421643,0.07255678,-0.016348163,0.415125,0.21026714,1.0,,,,,,,,,,,,,,,,,,,,,,,,,,,,,,,,,,,,,,,,,,,
1108.0,-0.017989930303279018,0.056764304637908936,0.0002777814806904644,0.2915678918361664,0.0,0.3624377,0.19076173,1.0002779,0.0881022,0.03154426,-9.977895e-08,0.0036957264,0.0013308525,0.0035116673,-0.06514658,-0.03794398,0.012543698,0.4155,0.21043725,1.0,,,,,,,,,,,,,,,,,,,,,,,,,,,,,,,,,,,,,,,,,,,
1109.0,-0.017903060434003283,0.056710630655288696,0.0002777814806904644,0.29446908831596375,0.0,0.36280495,0.19089252,1.0002779,0.08813706,0.0313862,-3.3743877e-08,0.0038819313,0.001632452,0.003443718,0.044431187,0.072541,-0.016359974,0.415875,0.21060732,1.0,,,,,,,,,,,,,,,,,,,,,,,,,,,,,,,,,,,,,,,,,,,
1110.0,-0.0178140445861191,0.056657303124666214,0.0002777814806904644,0.29741260409355164,0.0,0.36317238,0.1910226,1.0002779,0.08818425,0.031220604,-9.634792e-08,0.0036101341,0.0014753342,0.0034956932,-0.06513463,-0.037955526,0.01255722,0.41625,0.21077733,1.0,,,,,,,,,,,,,,,,,,,,,,,,,,,,,,,,,,,,,,,,,,,
1111.0,-0.017724709400954452,0.056604303419589996,0.0002777814806904644,0.3003973364830017,0.0,0.36353996,0.19115204,1.0002779,0.08822498,0.03106614,-3.002536e-08,0.003796339,0.0017766953,0.003427744,0.044440724,0.072525226,-0.016371774,0.416625,0.21094728,1.0,,,,,,,,,,,,,,,,,,,,,,,,,,,,,,,,,,,,,,,,,,,
1112.0,-0.017633259929323426,0.05655166506767273,0.0002777814806904644,0.3034219741821289,0.0,0.36390778,0.19128081,1.0002779,0.08827803,0.03090414,-9.382531e-08,0.0035243034,0.0016195774,0.0034797192,-0.06512268,-0.037967063,0.012570729,0.417,0.21111718,1.0,,,,,,,,,,,,,,,,,,,,,,,,,,,,,,,,,,,,,,,,,,,
1113.0,-0.01754156601096611,0.056499384343624115,0.0002777814806904644,0.3064853250980377,0.0,0.3642758,0.19140895,1.0002779,0.08832462,0.030753272,-2.7251394e-08,0.0037105083,0.0019209385,0.0034117699,0.044450253,0.07250946,-0.016383562,0.417375,0.21128702,1.0,,,,,,,,,,,,,,,,,,,,,,,,,,,,,,,,,,,,,,,,,,,
1114.0,-0.017447824241062348,0.056447453796863556,0.0002777814806904644,0.3095863461494446,0.0,0.36464408,0.19153643,1.0002779,0.08838353,0.030594861,-9.2237016e-08,0.0034387112,0.0017635822,0.0034637451,-0.065110736,-0.037978597,0.012584226,0.41775,0.21145682,1.0,,,,,,,,,,,,,,,,,,,,,,,,,,,,,,,,,,,,,,,,,,,
1115.0,-0.017353902894652155,0.05639590695500374,0.0002777814806904644,0.31272393465042114,0.0,0.36501256,0.1916633,1.0002779,0.08843598,0.03044758,-2.5412948e-08,0.0036251545,0.0020651817,0.0033957958,0.04445978,0.072493695,-0.016395342,0.418125,0.21162656,1.0,,,,,,,,,,,,,,,,,,,,,,,,,,,,,,,,,,,,,,,,,,,
1116.0,-0.017257875724400584,0.056344788521528244,0.0002777814806904644,0.3158969283103943,0.0,0.36538133,0.19178951,1.0002779,0.088500746,0.030292757,-9.158221e-08,0.0033533573,0.0019078255,0.003447771,-0.0650988,-0.037990127,0.012597711,0.4185,0.21179625,1.0,,,,,,,,,,,,,,,,,,,,,,,,,,,,,,,,,,,,,,,,,,,
1117.0,-0.017161736316629803,0.056294046342372894,0.0002777814806904644,0.3191041946411133,0.0,0.3657503,0.19191512,1.0002779,0.08855903,0.030149058,-2.4507258e-08,0.0035395622,0.0022091866,0.0033798218,0.044469297,0.072477944,-0.01640711,0.418875,0.21196589,1.0,,,,,,,,,,,,,,,,,,,,,,,,,,,,,,,,,,,,,,,,,,,
1118.0,-0.017063996076845424,0.05624377727508545,0.0002777814806904644,0.3223448693752289,0.0,0.3661196,0.19204012,1.0002779,0.08862964,0.029997813,-9.185859e-08,0.003267765,0.0020515919,0.003431797,-0.065086864,-0.03800165,0.012611182,0.41925,0.21213546,1.0,,,,,,,,,,,,,,,,,,,,,,,,,,,,,,,,,,,,,,,,,,,
1119.0,-0.016965822719906806,0.05619392544031143,0.0002777814806904644,0.3256177306175232,0.0,0.36648917,0.19216453,1.0002779,0.08869377,0.029857693,-2.453192e-08,0.0034542084,0.002352953,0.0033636093,0.04447881,0.07246219,-0.016418865,0.419625,0.212305,1.0,,,,,,,,,,,,,,,,,,,,,,,,,,,,,,,,,,,,,,,,,,,
1120.0,-0.016866644679878324,0.056144606322050095,0.0002777814806904644,0.32892173528671265,0.0,0.36685905,0.19228832,1.0002779,0.08877022,0.029710023,-9.306377e-08,0.0031826496,0.0021955967,0.0034155846,-0.065074936,-0.038013168,0.012624643,0.42,0.21247448,1.0,,,,,,,,,,,,,,,,,,,,,,,,,,,,,,,,,,,,,,,,,,,
1121.0,-0.0167667327524723,0.05609570071101189,0.0002777814806904644,0.33225613832473755,0.0,0.3672292,0.19241154,1.0002779,0.08884018,0.029573474,-2.5484546e-08,0.0033688545,0.0024967194,0.0033476353,0.04448832,0.07244645,-0.016430613,0.420375,0.2126439,1.0,,,,,,,,,,,,,,,,,,,,,,,,,,,,,,,,,,,,,,,,,,,
1122.0,-0.0166664042791091,0.05604732781648636,0.0002777814806904644,0.33561971783638,0.0,0.36759973,0.19253416,1.0002779,0.08892245,0.029429372,-9.519537e-08,0.0030972958,0.0023391247,0.0033996105,-0.065063015,-0.03802468,0.01263809,0.42075,0.21281327,1.0,,,,,,,,,,,,,,,,,,,,,,,,,,,,,,,,,,,,,,,,,,,
1123.0,-0.016564766571450597,0.05599945783615112,0.00027780531672760844,0.33901163935661316,0.0,0.36797056,0.19265623,1.0002779,0.088998236,0.02929639,-2.7362761e-08,0.003283739,0.0026404858,0.0033316612,0.04449782,0.072430715,-0.016442347,0.421125,0.2129826,1.0,,,,,,,,,,,,,,,,,,,,,,,,,,,,,,,,,,,,,,,,,,,
1124.0,-0.016462762740504632,0.05595209449529648,0.00027780531672760844,0.34243103861808777,0.0,0.36834174,0.19277772,1.0002779,0.08908633,0.029155852,-9.8251014e-08,0.0030121803,0.002482891,0.0033836365,-0.06505109,-0.038036186,0.012651526,0.4215,0.21315186,1.0,,,,,,,,,,,,,,,,,,,,,,,,,,,,,,,,,,,,,,,,,,,
1125.0,-0.01635951275374854,0.055905263870954514,0.00027780531672760844,0.3458770215511322,0.0,0.36871326,0.19289866,1.0002779,0.08916793,0.02902643,-3.0164177e-08,0.0031986237,0.0027840137,0.0033154488,0.044507317,0.07241499,-0.01645407,0.421875,0.21332107,1.0,,,,,,,,,,,,,,,,,,,,,,,,,,,,,,,,,,,,,,,,,,,
1126.0,-0.016255671908940467,0.05585895851254463,0.00027780531672760844,0.3493484854698181,0.0,0.3690852,0.19301903,1.0002779,0.08926184,0.028889451,-1.02228334e-07,0.002927065,0.0026261806,0.0033676624,-0.06503918,-0.03804769,0.0126649495,0.42225,0.21349023,1.0,,,,,,,,,,,,,,,,,,,,,,,,,,,,,,,,,,,,,,,,,,,
1127.0,-0.01615108551375971,0.05581316351890564,0.00027780531672760844,0.352844774723053,0.0,0.36945748,0.19313888,1.0002779,0.08934925,0.028763585,-3.388643e-08,0.0031135082,0.0029273033,0.0032994747,0.044516806,0.072399266,-0.016465785,0.422625,0.21365933,1.0,,,,,,,,,,,,,,,,,,,,,,,,,,,,,,,,,,,,,,,,,,,
1128.0,-0.01604577980013825,0.055767904967069626,0.00027780531672760844,0.3563649356365204,0.0,0.3698302,0.19325817,1.0002779,0.089448966,0.028630158,-1.0712494e-07,0.0028421879,0.0027697086,0.00335145,-0.065027274,-0.038059186,0.012678361,0.423,0.21382838,1.0,,,,,,,,,,,,,,,,,,,,,,,,,,,,,,,,,,,,,,,,,,,
1129.0,-0.01593978018608805,0.0557231605052948,0.00027780531672760844,0.35990822315216064,0.0,0.3702033,0.19337696,1.0002779,0.08954218,0.028507842,-3.8527155e-08,0.0030286312,0.0030705929,0.0032835007,0.04452629,0.072383545,-0.016477488,0.423375,0.21399738,1.0,,,,,,,,,,,,,,,,,,,,,,,,,,,,,,,,,,,,,,,,,,,
1130.0,-0.015833022340297567,0.05567895248532295,0.00027780531672760844,0.3634737432003021,0.0,0.3705768,0.1934952,1.0002779,0.08964769,0.028377961,-1.1293849e-07,0.0027573109,0.0029129982,0.003335476,-0.06501537,-0.03807068,0.012691759,0.42375,0.21416633,1.0,,,,,,,,,,,,,,,,,,,,,,,,,,,,,,,,,,,,,,,,,,,
1131.0,-0.01572561959408098,0.05563526228070259,0.00027780531672760844,0.36706075072288513,0.0,0.37095076,0.19361295,1.0002779,0.0897467,0.02825919,-4.4083972e-08,0.0029437542,0.0032138824,0.0032672882,0.04453577,0.07236784,-0.016489182,0.424125,0.21433522,1.0,,,,,,,,,,,,,,,,,,,,,,,,,,,,,,,,,,,,,,,,,,,
1132.0,-0.015617591444274992,0.05559210851788521,0.00027782918186858296,0.37066859006881714,0.0,0.37132517,0.19373016,1.0002779,0.089857996,0.028132852,-1.196666e-07,0.0026724339,0.0030560493,0.0033195019,-0.06500346,-0.038082164,0.012705145,0.4245,0.21450405,1.0,,,,,,,,,,,,,,,,,,,,,,,,,,,,,,,,,,,,,,,,,,,
1133.0,-0.015508964263587702,0.055549491196870804,0.00027782918186858296,0.3742963671684265,0.0,0.37170002,0.19384691,1.0002779,0.089962795,0.02801762,-5.0554526e-08,0.0028588772,0.0033569336,0.0032513142,0.04454524,0.07235213,-0.016500862,0.424875,0.21467283,1.0,,,,,,,,,,,,,,,,,,,,,,,,,,,,,,,,,,,,,,,,,,,
1134.0,-0.015399757405473485,0.055507369339466095,0.00027782918186858296,0.3779434561729431,0.0,0.37207535,0.19396313,1.0002779,0.09007988,0.027894817,-1.2730692e-07,0.0025875568,0.0031991005,0.0033035278,-0.06499157,-0.038093645,0.01271852,0.42525,0.21484157,1.0,,,,,,,,,,,,,,,,,,,,,,,,,,,,,,,,,,,,,,,,,,,
1135.0,-0.015289994364065949,0.05546578764915466,0.00027782918186858296,0.3816090226173401,0.0,0.37245113,0.19407889,1.0002779,0.090190455,0.027783118,-5.7936457e-08,0.0027742386,0.0034997463,0.0032353401,0.04455471,0.07233644,-0.016512534,0.425625,0.21501024,1.0,,,,,,,,,,,,,,,,,,,,,,,,,,,,,,,,,,,,,,,,,,,
1136.0,-0.015179694168063465,0.055424682796001434,0.00027780531672760844,0.38529250025749207,0.0,0.37282744,0.19419417,1.0002779,0.090313315,0.027663847,-1.3585708e-07,0.0025029182,0.0033419132,0.0032873154,-0.06497968,-0.03810512,0.012731882,0.426,0.21517886,1.0,,,,,,,,,,,,,,,,,,,,,,,,,,,,,,,,,,,,,,,,,,,
1137.0,-0.015068876525122166,0.05538410693407059,0.00027782918186858296,0.38899317383766174,0.0,0.37320423,0.19430898,1.0002778,0.09042966,0.027555678,-6.622742e-08,0.0026896,0.0036427975,0.0032191277,0.04456417,0.07232075,-0.016524194,0.426375,0.21534744,1.0,,,,,,,,,,,,,,,,,,,,,,,,,,,,,,,,,,,,,,,,,,,
1138.0,-0.014957561817743251,0.055344026535749435,0.00027782918186858296,0.3927103877067566,0.0,0.37358156,0.1944233,1.0002779,0.09055829,0.027439931,2.2261139e-07,0.002418518,0.003484726,0.0032713413,-0.06496779,-0.038116593,0.012745231,0.42675,0.21551596,1.0,,,,,,,,,,,,,,,,,,,,,,,,,,,,,,,,,,,,,,,,,,,
1139.0,-0.014845768329920725,0.05530446022748947,0.00027780531672760844,0.39644351601600647,0.0,0.3739594,0.19453721,1.0002779,0.0906804,0.027335284,-1.6180853e-07,0.0026051998,0.0037853718,0.0032031536,0.044573627,0.07230507,-0.016535845,0.427125,0.21568441,1.0,,,,,,,,,,,,,,,,,,,,,,,,,,,,,,,,,,,,,,,,,,,
1140.0,-0.01478160433920998,0.0552653893828392,0.00027782918186858296,0.39858895540237427,0.0,0.3743378,0.19465064,1.0002778,0.09081479,0.027223058,-1.3539618e-07,0.002334118,0.0036275387,0.0032551289,-0.064955905,-0.038128056,0.012758569,0.4275,0.21585283,1.0,,,,,,,,,,,,,,,,,,,,,,,,,,,,,,,,,,,,,,,,,,,
1141.0,-0.014865598955165479,0.05522684380412102,0.00027780531672760844,0.3957957327365875,0.0,0.3747167,0.19476365,1.0002779,0.09094266,0.027121928,2.776377e-07,0.0025207996,0.003927946,0.0031869411,0.044583075,0.07228939,-0.016547482,0.427875,0.21602117,1.0,,,,,,,,,,,,,,,,,,,,,,,,,,,,,,,,,,,,,,,,,,,
1142.0,-0.0149483677191314,0.05518876761198044,0.00027782918186858296,0.39304330945014954,0.0,0.37509623,0.1948762,1.0002778,0.091082804,0.027013218,-2.5220788e-07,0.0022497177,0.003770113,0.0032391548,-0.06494403,-0.03813952,0.012771894,0.42825,0.21618947,1.0,,,,,,,,,,,,,,,,,,,,,,,,,,,,,,,,,,,,,,,,,,,
1143.0,-0.015029873748883916,0.055151164531707764,0.00027780531672760844,0.3903329372406006,0.0,0.3754763,0.19498836,1.0002779,0.09121642,0.0269156,2.914142e-07,0.0024363995,0.0040705204,0.003170967,0.04459252,0.072273724,-0.016559111,0.428625,0.21635772,1.0,,,,,,,,,,,,,,,,,,,,,,,,,,,,,,,,,,,,,,,,,,,
1144.0,-0.015110425987437111,0.055114079266786575,0.00027782918186858296,0.3876657485961914,0.0,0.37585697,0.19510005,1.0002778,0.091362305,0.0268104,-2.7019183e-07,0.0021653175,0.003912449,0.0032231808,-0.06493216,-0.03815097,0.0127852075,0.429,0.21652591,1.0,,,,,,,,,,,,,,,,,,,,,,,,,,,,,,,,,,,,,,,,,,,
1145.0,-0.015189148930453578,0.05507749319076538,0.00027780531672760844,0.38504278659820557,0.0,0.37623823,0.19521138,1.0002779,0.09150167,0.026716288,2.8087643e-07,0.0023522377,0.0042128563,0.0031547546,0.04460196,0.072258055,-0.016570728,0.429375,0.21669404,1.0,,,,,,,,,,,,,,,,,,,,,,,,,,,,,,,,,,,,,,,,,,,
1146.0,-0.015266966320586065,0.05504138022661209,0.00027782918186858296,0.3824652433395386,0.0,0.3766201,0.19532228,1.0002778,0.091653295,0.026614591,-2.8357653e-07,0.0020811558,0.004054785,0.0032069683,-0.06492029,-0.03816242,0.012798509,0.42975,0.21686213,1.0,,,,,,,,,,,,,,,,,,,,,,,,,,,,,,,,,,,,,,,,,,,
1147.0,-0.015342926444085903,0.05500578135251999,0.00027780531672760844,0.37993425130844116,0.0,0.3770026,0.19543278,1.0002779,0.091798395,0.026523981,2.681506e-07,0.002268076,0.004355192,0.0031387806,0.04461139,0.0722424,-0.016582334,0.430125,0.21703015,1.0,,,,,,,,,,,,,,,,,,,,,,,,,,,,,,,,,,,,,,,,,,,
1148.0,-0.015417912895676298,0.05497073382139206,0.00027782918186858296,0.37745094299316406,0.0,0.37738577,0.19554289,1.0002778,0.09195575,0.026425783,-2.975539e-07,0.001996994,0.0041968822,0.0031909943,-0.06490842,-0.038173866,0.012811798,0.4305,0.21719813,1.0,,,,,,,,,,,,,,,,,,,,,,,,,,,,,,,,,,,,,,,,,,,
1149.0,-0.015490973668276415,0.05493615195155144,0.00027780531672760844,0.375016450881958,0.0,0.37776953,0.19565263,1.0002779,0.09210657,0.026338669,2.5445863e-07,0.0021839142,0.0044972897,0.0031225681,0.04462082,0.07222675,-0.016593931,0.430875,0.21736605,1.0,,,,,,,,,,,,,,,,,,,,,,,,,,,,,,,,,,,,,,,,,,,
1150.0,-0.015562994697414434,0.05490206554532051,0.00027782918186858296,0.37263184785842896,0.0,0.37815398,0.195762,1.0002778,0.09226965,0.026243964,-3.1240805e-07,0.0019130707,0.004339218,0.0031747818,-0.06489657,-0.038185306,0.012825074,0.43125,0.21753392,1.0,,,,,,,,,,,,,,,,,,,,,,,,,,,,,,,,,,,,,,,,,,,
1151.0,-0.015633423696656476,0.05486850067973137,0.00027780531672760844,0.37028494477272034,0.0,0.37853912,0.195871,1.0002779,0.092426196,0.02616034,2.398701e-07,0.0020999908,0.004639387,0.003106594,0.04463024,0.0722111,-0.016605517,0.431625,0.21770173,1.0,,,,,,,,,,,,,,,,,,,,,,,,,,,,,,,,,,,,,,,,,,,
1152.0,-0.015702753773433734,0.054835449904203415,0.0002777576446533203,0.3679898977279663,0.0,0.3789249,0.19597961,1.0002778,0.092594996,0.026069123,-3.281524e-07,0.0018291473,0.004481077,0.0031588078,-0.064884715,-0.03819674,0.0128383385,0.432,0.21786949,1.0,,,,,,,,,,,,,,,,,,,,,,,,,,,,,,,,,,,,,,,,,,,
1153.0,-0.015770031494680644,0.054802872240543365,0.00027780531672760844,0.36574786901474,0.0,0.3793114,0.1960879,1.0002778,0.09275725,0.025988985,2.2439104e-07,0.0020160675,0.004781246,0.0030903816,0.044639654,0.07219547,-0.016617091,0.432375,0.21803719,1.0,,,,,,,,,,,,,,,,,,,,,,,,,,,,,,,,,,,,,,,,,,,
1154.0,-0.015836141601066358,0.05477084591984749,0.0002777814806904644,0.3635599911212921,0.0,0.3796986,0.19619583,1.0002778,0.092931755,0.02590125,2.3139481e-08,0.001745224,0.0046229362,0.0031425953,-0.06487286,-0.038208168,0.01285159,0.43275,0.21820484,1.0,,,,,,,,,,,,,,,,,,,,,,,,,,,,,,,,,,,,,,,,,,,
1155.0,-0.015900131375589537,0.054739344865083694,0.00027780531672760844,0.3614274263381958,0.0,0.38008654,0.19630343,1.0002779,0.09309971,0.025824593,1.2164206e-07,0.0019321442,0.0049231052,0.0030741692,0.044649065,0.07217984,-0.016628657,0.433125,0.21837243,1.0,,,,,,,,,,,,,,,,,,,,,,,,,,,,,,,,,,,,,,,,,,,
1156.0,-0.015962898253780534,0.05470838397741318,0.0002777576446533203,0.35935115814208984,0.0,0.3804752,0.19641067,1.0002778,0.09327992,0.025740335,-3.4202432e-07,0.0016613007,0.0047647953,0.0031266212,-0.064861014,-0.03821959,0.012864831,0.4335,0.21853997,1.0,,,,,,,,,,,,,,,,,,,,,,,,,,,,,,,,,,,,,,,,,,,
1157.0,-0.016023457087346926,0.05467789247632027,0.00027780531672760844,0.3573324382305145,0.0,0.3808646,0.19651762,1.0002778,0.09345358,0.025667151,1.8600966e-07,0.0018484592,0.005064726,0.003058195,0.044658467,0.07216421,-0.01664021,0.433875,0.21870746,1.0,,,,,,,,,,,,,,,,,,,,,,,,,,,,,,,,,,,,,,,,,,,
1158.0,-0.016082876114766304,0.054647915065288544,0.0002777814806904644,0.35537225008010864,0.0,0.38125476,0.19662423,1.0002778,0.09363948,0.025586365,-1.166621e-08,0.0015776157,0.004906416,0.0031104088,-0.064849176,-0.03823101,0.0128780585,0.43425,0.21887489,1.0,,,,,,,,,,,,,,,,,,,,,,,,,,,,,,,,,,,,,,,,,,,
1159.0,-0.016139742859470518,0.05461850017309189,0.00027780531672760844,0.3534717559814453,0.0,0.38164568,0.19673055,1.0002779,0.09381883,0.025516652,8.599121e-08,0.0017647743,0.0052063465,0.0030419827,0.044667866,0.07214859,-0.016651753,0.434625,0.21904226,1.0,,,,,,,,,,,,,,,,,,,,,,,,,,,,,,,,,,,,,,,,,,,
1160.0,-0.016195688960116243,0.054589591920375824,0.0002777576446533203,0.3516317903995514,0.0,0.38203737,0.19683655,1.0002778,0.09401041,0.025439331,-3.7965214e-07,0.0014941692,0.005047798,0.0030944347,-0.064837344,-0.038242422,0.012891274,0.435,0.21920958,1.0,,,,,,,,,,,,,,,,,,,,,,,,,,,,,,,,,,,,,,,,,,,
1161.0,-0.016248740370919678,0.054561205208301544,0.0002777576446533203,0.34985363483428955,0.0,0.38242987,0.19694227,1.0002778,0.09419545,0.02537308,1.4884193e-07,0.0016810894,0.005347967,0.0030257702,0.04467726,0.07213298,-0.016663285,0.435375,0.21937685,1.0,,,,,,,,,,,,,,,,,,,,,,,,,,,,,,,,,,,,,,,,,,,
1162.0,-0.016301086720031027,0.05453336238861084,0.00027780531672760844,0.34813815355300903,0.0,0.38282317,0.19704768,1.0002778,0.09439271,0.025299223,-5.1113812e-08,0.0014104843,0.005189419,0.0030782223,-0.06482551,-0.038253833,0.012904477,0.43575,0.21954405,1.0,,,,,,,,,,,,,,,,,,,,,,,,,,,,,,,,,,,,,,,,,,,
1163.0,-0.016350242329896448,0.05450602248311043,0.0002777576446533203,0.346486359834671,0.0,0.38321725,0.19715284,1.0002778,0.094583414,0.025236432,4.7077847e-08,0.0015976429,0.0054893494,0.0030097961,0.04468665,0.07211737,-0.016674807,0.436125,0.2197112,1.0,,,,,,,,,,,,,,,,,,,,,,,,,,,,,,,,,,,,,,,,,,,
1164.0,-0.01639882859143063,0.05447924882173538,0.0002777576446533203,0.3448992669582367,0.0,0.38361222,0.1972577,1.0002778,0.09478635,0.025166027,-5.293558e-08,0.0013270378,0.0053305626,0.0030620098,-0.06481369,-0.038265236,0.012917669,0.4365,0.2198783,1.0,,,,,,,,,,,,,,,,,,,,,,,,,,,,,,,,,,,,,,,,,,,
1165.0,-0.016444068640713613,0.054452985525131226,0.00027780531672760844,0.3433777987957001,0.0,0.38400796,0.1973623,1.0002778,0.09498272,0.02510669,2.1793163e-08,0.0015141964,0.005630493,0.0029935837,0.04469603,0.07210178,-0.016686318,0.436875,0.22004536,1.0,,,,,,,,,,,,,,,,,,,,,,,,,,,,,,,,,,,,,,,,,,,
1166.0,-0.016488684461291633,0.05442723631858826,0.0002777576446533203,0.3419228494167328,0.0,0.3844046,0.19746664,1.0002778,0.09519132,0.025039736,-7.3793665e-08,0.0012438297,0.0054717064,0.0030460358,-0.064801864,-0.03827663,0.012930849,0.43725,0.22021234,1.0,,,,,,,,,,,,,,,,,,,,,,,,,,,,,,,,,,,,,,,,,,,
1167.0,-0.016529820314898372,0.05440206453204155,0.0002777576446533203,0.3405352532863617,0.0,0.38480207,0.19757074,1.0002778,0.09539336,0.024983848,-1.0173717e-10,0.0014309883,0.005771637,0.0029773712,0.044705406,0.072086185,-0.016697818,0.437625,0.22037928,1.0,,,,,,,,,,,,,,,,,,,,,,,,,,,,,,,,,,,,,,,,,,,
1168.0,-0.0165702792459374,0.05437740683555603,0.0002777576446533203,0.3392159342765808,0.0,0.38520044,0.19767457,1.0002778,0.095607616,0.024920339,-9.652544e-08,0.0011606216,0.00561285,0.0030298233,-0.06479005,-0.038288023,0.012944016,0.438,0.22054616,1.0,,,,,,,,,,,,,,,,,,,,,,,,,,,,,,,,,,,,,,,,,,,
1169.0,-0.016607289839997614,0.05435328558087349,0.0002777576446533203,0.33796563744544983,0.0,0.38559967,0.19777818,1.0002778,0.0958153,0.024867892,-2.2633442e-08,0.0013477802,0.0059125423,0.0029613972,0.044714775,0.0720706,-0.016709307,0.438375,0.22071299,1.0,,,,,,,,,,,,,,,,,,,,,,,,,,,,,,,,,,,,,,,,,,,
1170.0,-0.0166435773642309,0.054329704493284225,0.00027780531672760844,0.33678513765335083,0.0,0.3859998,0.19788155,1.0002778,0.096035205,0.024807824,-1.2018273e-07,0.0010774136,0.0057537556,0.0030136108,-0.06477823,-0.03829941,0.012957171,0.43875,0.22087975,1.0,,,,,,,,,,,,,,,,,,,,,,,,,,,,,,,,,,,,,,,,,,,
1171.0,-0.016676373602066183,0.054306648671627045,0.0002777576446533203,0.33567509055137634,0.0,0.38640085,0.19798471,1.0002778,0.09624854,0.024758814,-4.6021714e-08,0.0012645721,0.0060534477,0.0029451847,0.04472414,0.07205502,-0.016720787,0.439125,0.22104646,1.0,,,,,,,,,,,,,,,,,,,,,,,,,,,,,,,,,,,,,,,,,,,
1172.0,-0.016708403850677497,0.054284095764160156,0.0002777576446533203,0.33463627099990845,0.0,0.38680282,0.19808763,1.0002778,0.09647408,0.02470218,-1.447111e-07,0.0009942055,0.005894661,0.0029976368,-0.06476643,-0.038310796,0.012970313,0.4395,0.22121313,1.0,,,,,,,,,,,,,,,,,,,,,,,,,,,,,,,,,,,,,,,,,,,
1173.0,-0.016736900523663646,0.05426206439733505,0.0002777576446533203,0.3336693048477173,0.0,0.38720572,0.19819038,1.0002778,0.096693054,0.024656601,-7.0276535e-08,0.0011816025,0.006194353,0.0029289722,0.0447335,0.07203945,-0.016732255,0.439875,0.22137973,1.0,,,,,,,,,,,,,,,,,,,,,,,,,,,,,,,,,,,,,,,,,,,
1174.0,-0.016764560907889067,0.054240547120571136,0.0002777576446533203,0.3327747881412506,0.0,0.38760957,0.1982929,1.0002778,0.09692423,0.024603397,-1.7010538e-07,0.0009112358,0.006035328,0.0029814243,-0.06475462,-0.038322173,0.012983444,0.44025,0.22154628,1.0,,,,,,,,,,,,,,,,,,,,,,,,,,,,,,,,,,,,,,,,,,,
1175.0,-0.01678865431943432,0.054219573736190796,0.0002777576446533203,0.331953227519989,0.0,0.38801435,0.19839522,1.0002778,0.097148836,0.024561245,-9.539625e-08,0.0010986328,0.0062680244,0.0029127598,0.0447907,0.055945408,-0.016758366,0.440625,0.22171277,1.0,,,,,,,,,,,,,,,,,,,,,,,,,,,,,,,,,,,,,,,,,,,
1176.0,-0.016811914840622014,0.05419906973838806,0.0002777576446533203,0.3312051296234131,0.0,0.3884201,0.19849735,1.0002778,0.0973829,0.024511456,-1.791072e-07,0.00082826614,0.0060420036,0.0029652119,-0.06469785,-0.05440823,0.01297452,0.441,0.22187921,1.0,,,,,,,,,,,,,,,,,,,,,,,,,,,,,,,,,,,,,,,,,,,
1177.0,-0.01683157903285819,0.054179102182388306,0.0002777576446533203,0.33053097128868103,0.0,0.38882682,0.19859932,1.0002778,0.09760765,0.02447271,-9.197526e-08,0.0010156631,0.0062747,0.0028965473,0.04480204,0.055937346,-0.016762517,0.441375,0.2220456,1.0,,,,,,,,,,,,,,,,,,,,,,,,,,,,,,,,,,,,,,,,,,,
1178.0,-0.016850384601609224,0.054159678518772125,0.0002777576446533203,0.3299311101436615,0.0,0.38923448,0.1987011,1.0002778,0.09784187,0.024426324,-1.7802495e-07,0.0007455349,0.0060486794,0.0029489994,-0.064688064,-0.0544121,0.012980213,0.44175,0.22221193,1.0,,,,,,,,,,,,,,,,,,,,,,,,,,,,,,,,,,,,,,,,,,,
1179.0,-0.016865571143298532,0.054140735417604446,0.0002777576446533203,0.3294059634208679,0.0,0.3896431,0.19880274,1.0002778,0.098066755,0.024390979,-9.119463e-08,0.0009329319,0.0062811375,0.0028800964,0.044813372,0.055929285,-0.016766662,0.442125,0.2223782,1.0,,,,,,,,,,,,,,,,,,,,,,,,,,,,,,,,,,,,,,,,,,,
1180.0,-0.016879881219063465,0.05412231758236885,0.0002777576446533203,0.3289557099342346,0.0,0.39005268,0.19890419,1.0002778,0.09830111,0.024347989,-1.7659556e-07,0.00066280365,0.0060551167,0.0029325485,-0.06467829,-0.05441597,0.0129859,0.4425,0.2225444,1.0,,,,,,,,,,,,,,,,,,,,,,,,,,,,,,,,,,,,,,,,,,,
1181.0,-0.016890558545760635,0.05410439521074295,0.0002777576446533203,0.3285806179046631,0.0,0.3904632,0.1990055,1.0002778,0.09852615,0.024316039,-9.076746e-08,0.00085020065,0.006287575,0.002863884,0.0448247,0.055921227,-0.016770799,0.442875,0.22271056,1.0,,,,,,,,,,,,,,,,,,,,,,,,,,,,,,,,,,,,,,,,,,,
1182.0,-0.016900344388453416,0.05408700183033943,0.0002777576446533203,0.3282809257507324,0.0,0.3908747,0.19910665,1.0002778,0.09876065,0.024276443,-1.7535503e-07,0.0005800724,0.0060617924,0.002916336,-0.064668514,-0.05441984,0.012991578,0.44325,0.22287667,1.0,,,,,,,,,,,,,,,,,,,,,,,,,,,,,,,,,,,,,,,,,,,
1183.0,-0.016906487268730327,0.05407010391354561,0.0002777576446533203,0.3280567228794098,0.0,0.39128715,0.19920768,1.0002778,0.09898583,0.024247881,-9.0566964e-08,0.0007674694,0.0062942505,0.0028476715,0.044836022,0.055913173,-0.016774928,0.443625,0.22304273,1.0,,,,,,,,,,,,,,,,,,,,,,,,,,,,,,,,,,,,,,,,,,,
1184.0,-0.016911732939153993,0.054053742438554764,0.0002777576446533203,0.32790809869766235,0.0,0.39170057,0.19930857,1.0002778,0.09922047,0.024211671,-1.7433219e-07,0.0004975796,0.0060682297,0.0029001236,-0.064658746,-0.05442371,0.012997249,0.444,0.22320871,1.0,,,,,,,,,,,,,,,,,,,,,,,,,,,,,,,,,,,,,,,,,,,
1185.0,-0.01691333470267764,0.054037850350141525,0.0002777576446533203,0.3278350234031677,0.0,0.39211494,0.19940935,1.0002778,0.09944578,0.024186496,-9.0585445e-08,0.0006849766,0.0063004494,0.002831459,0.044847343,0.055905122,-0.016779048,0.444375,0.22337465,1.0,,,,,,,,,,,,,,,,,,,,,,,,,,,,,,,,,,,,,,,,,,,
1186.0,-0.01691404300984923,0.05402251332998276,0.0002777576446533203,0.32783740758895874,0.0,0.39253026,0.19950998,1.0002778,0.099680565,0.024153668,-1.7352791e-07,0.00041508675,0.0060744286,0.0028839111,-0.06464898,-0.054427575,0.013002912,0.44475,0.22354053,1.0,,,,,,,,,,,,,,,,,,,,,,,,,,,,,,,,,,,,,,,,,,,
1187.0,-0.01691110905282558,0.054007600992918015,0.0002777576446533203,0.3279152512550354,0.0,0.39294654,0.19961053,1.0002778,0.09990601,0.024131872,-9.0821814e-08,0.00060272217,0.0063068867,0.0028150082,0.044858657,0.055897076,-0.016783161,0.445125,0.22370636,1.0,,,,,,,,,,,,,,,,,,,,,,,,,,,,,,,,,,,,,,,,,,,
1188.0,-0.016907290589464087,0.05399325489997864,0.0002777576446533203,0.3280682861804962,0.0,0.39336377,0.19971097,1.0002778,0.10014093,0.024102421,-1.7294153e-07,0.00033259392,0.006080866,0.0028676987,-0.064639226,-0.054431442,0.0130085675,0.4455,0.22387213,1.0,,,,,,,,,,,,,,,,,,,,,,,,,,,,,,,,,,,,,,,,,,,
1189.0,-0.016899841323470083,0.05397941917181015,0.0002777576446533203,0.32829639315605164,0.0,0.393782,0.19981131,1.0002778,0.10036651,0.024084,-9.127527e-08,0.00052022934,0.006313324,0.0027987957,0.044869967,0.055889033,-0.016787266,0.445875,0.22403784,1.0,,,,,,,,,,,,,,,,,,,,,,,,,,,,,,,,,,,,,,,,,,,
1190.0,-0.016891271800484723,0.05396605283021927,0.0002777576446533203,0.328599214553833,0.0,0.39420116,0.19991155,1.0002778,0.10060156,0.024057921,-1.7257233e-07,0.0002503395,0.0060870647,0.0028514862,-0.06462947,-0.054435305,0.013014215,0.44625,0.2242035,1.0,,,,,,,,,,,,,,,,,,,,,,,,,,,,,,,,,,,,,,,,,,,
1191.0,-0.016879091211342897,0.05395321920514107,0.0002777576446533203,0.32897648215293884,0.0,0.39462128,0.20001173,1.0002778,0.10082728,0.024042869,-9.1945076e-08,0.00043797493,0.006319523,0.0027825832,0.044881273,0.055880994,-0.016791364,0.446625,0.22436911,1.0,,,,,,,,,,,,,,,,,,,,,,,,,,,,,,,,,,,,,,,,,,,
1192.0,-0.016866062063917525,0.05394084006547928,0.0002777576446533203,0.3294277489185333,0.0,0.39504236,0.20011182,1.0002778,0.101062454,0.024020158,-1.7241953e-07,0.0001680851,0.006093502,0.0028352737,-0.06461973,-0.054439172,0.013019856,0.447,0.22453465,1.0,,,,,,,,,,,,,,,,,,,,,,,,,,,,,,,,,,,,,,,,,,,
1193.0,-0.01684944480191189,0.05392894148826599,0.0002777576446533203,0.3299526870250702,0.0,0.3954644,0.20021185,1.0002778,0.101288304,0.024008468,-9.283051e-08,0.00035572052,0.0063257217,0.0027663708,0.044892572,0.05587296,-0.016795455,0.447375,0.22470014,1.0,,,,,,,,,,,,,,,,,,,,,,,,,,,,,,,,,,,,,,,,,,,
1194.0,-0.01683200433338734,0.05391746759414673,0.0002777576446533203,0.33055076003074646,0.0,0.3958874,0.20031181,1.0002778,0.10152361,0.023989119,-1.7248243e-07,8.583069e-05,0.006099701,0.0028190613,-0.06460998,-0.05444303,0.013025489,0.44775,0.22486557,1.0,,,,,,,,,,,,,,,,,,,,,,,,,,,,,,,,,,,,,,,,,,,
1195.0,-0.016811007287342184,0.053906433284282684,0.0002777576446533203,0.33122146129608154,0.0,0.39631137,0.20041172,1.0002778,0.101749584,0.023980789,-9.393079e-08,0.00027370453,0.0063319206,0.0027501583,0.044903867,0.055864926,-0.016799537,0.448125,0.22503094,1.0,,,,,,,,,,,,,,,,,,,,,,,,,,,,,,,,,,,,,,,,,,,
1196.0,-0.016789220665171342,0.05389579385519028,0.0002777576446533203,0.3319641649723053,0.0,0.3967363,0.20051157,1.0002778,0.10198502,0.023964794,-1.7276027e-07,3.8146973e-06,0.0061056614,0.0028028488,-0.06460025,-0.054446895,0.013031113,0.4485,0.22519627,1.0,,,,,,,,,,,,,,,,,,,,,,,,,,,,,,,,,,,,,,,,,,,
1197.0,-0.016763990227979867,0.05388559028506279,0.0002777576446533203,0.33277833461761475,0.0,0.3971622,0.20061141,1.0002778,0.10221112,0.02395982,-9.5245206e-08,0.00019168854,0.006337881,0.0027339458,0.04491516,0.0558569,-0.016803611,0.448875,0.22536154,1.0,,,,,,,,,,,,,,,,,,,,,,,,,,,,,,,,,,,,,,,,,,,
1198.0,-0.016737852100319833,0.05387572571635246,0.0002777576446533203,0.3336632549762726,0.0,0.39758906,0.20071119,1.0002778,0.102446675,0.023947176,-1.732523e-07,-7.7962875e-05,0.0061118603,0.0027866364,-0.06459052,-0.054450754,0.013036731,0.44925,0.22552674,1.0,,,,,,,,,,,,,,,,,,,,,,,,,,,,,,,,,,,,,,,,,,,
1199.0,-0.016708471308153824,0.05386627838015556,0.0002777576446533203,0.3346182703971863,0.0,0.39801684,0.20081097,1.0002778,0.102672905,0.02394555,-9.6773014e-08,0.00010967255,0.00634408,0.0027177334,0.044926446,0.05584887,-0.016807677,0.449625,0.2256919,1.0,,,,,,,,,,,,,,,,,,,,,,,,,,,,,,,,,,,,,,,,,,,
1200.0,-0.016678059864149056,0.05385720729827881,0.0002777576446533203,0.33564266562461853,0.0,0.39844564,0.2009107,1.0002778,0.10290858,0.023936253,-1.739578e-07,-0.00015997887,0.0061178207,0.002770424,-0.06458079,-0.054454617,0.013042341,0.45,0.22585699,1.0,,,,,,,,,,,,,,,,,,,,,,,,,,,,,,,,,,,,,,,,,,,
1201.0,-0.01664461577695147,0.05384845659136772,0.00027780531672760844,0.3367356061935425,0.0,0.39887536,0.20101044,1.0002778,0.10313493,0.02393797,-9.8513475e-08,2.7894974e-05,0.0063500404,0.002701521,0.044937726,0.05584085,-0.016811736,0.450375,0.22602203,1.0,,,,,,,,,,,,,,,,,,,,,,,,,,,,,,,,,,,,,,,,,,,
1202.0,-0.016610078855869688,0.0538400337100029,0.00027780531672760844,0.33789634704589844,0.0,0.3993061,0.20111015,1.0002778,0.10337073,0.023932014,-1.7487604e-07,-0.00024175644,0.006123781,0.0027542114,-0.064571075,-0.054458473,0.013047943,0.45075,0.226187,1.0,,,,,,,,,,,,,,,,,,,,,,,,,,,,,,,,,,,,,,,,,,,
1203.0,-0.016572611302988483,0.053831953555345535,0.00027780531672760844,0.33912408351898193,0.0,0.39973775,0.20120989,1.0002778,0.103597194,0.02393707,-1.0046583e-07,-5.38826e-05,0.006356001,0.0026853085,0.044949003,0.055832833,-0.016815787,0.451125,0.22635193,1.0,,,,,,,,,,,,,,,,,,,,,,,,,,,,,,,,,,,,,,,,,,,
1204.0,-0.016534075997441142,0.05382418632507324,0.00027780531672760844,0.34041786193847656,0.0,0.40017036,0.20130962,1.0002778,0.10383312,0.02393445,-1.7600625e-07,-0.000323534,0.0061297417,0.002737999,-0.06456136,-0.054462332,0.013053537,0.4515,0.22651681,1.0,,,,,,,,,,,,,,,,,,,,,,,,,,,,,,,,,,,,,,,,,,,
1205.0,-0.016492664587593395,0.05381666496396065,0.00027780531672760844,0.3417768180370331,0.0,0.40060395,0.20140938,1.0002778,0.104059696,0.02394284,-1.0262939e-07,-0.00013542175,0.0063619614,0.002669096,0.044960275,0.055824816,-0.01681983,0.451875,0.22668162,1.0,,,,,,,,,,,,,,,,,,,,,,,,,,,,,,,,,,,,,,,,,,,
1206.0,-0.016450235891766897,0.05380944162607193,0.00027780531672760844,0.34320011734962463,0.0,0.40103853,0.20150915,1.0002778,0.10429573,0.023943549,-1.7734774e-07,-0.00040507317,0.006135702,0.0027217865,-0.06455165,-0.054466188,0.013059124,0.45225,0.22684637,1.0,,,,,,,,,,,,,,,,,,,,,,,,,,,,,,,,,,,,,,,,,,,
1207.0,-0.0164049856766731,0.0538024827837944,0.00027780531672760844,0.3446867763996124,0.0,0.40147403,0.20160896,1.0002778,0.10452243,0.023955267,-1.0500339e-07,-0.0002169609,0.0063676834,0.0026528835,0.044971544,0.055816807,-0.016823865,0.452625,0.22701107,1.0,,,,,,,,,,,,,,,,,,,,,,,,,,,,,,,,,,,,,,,,,,,
1208.0,-0.016358747519198552,0.05379578471183777,0.00027780531672760844,0.34623581171035767,0.0,0.4019105,0.2017088,1.0002778,0.104758576,0.023959303,-1.7889974e-07,-0.00048661232,0.006141424,0.002705574,-0.06454194,-0.054470044,0.013064704,0.453,0.22717571,1.0,,,,,,,,,,,,,,,,,,,,,,,,,,,,,,,,,,,,,,,,,,,
1209.0,-0.016309789340460158,0.053789325058460236,0.00027780531672760844,0.3478463292121887,0.0,0.40234795,0.20180869,1.0002778,0.10498539,0.023974344,-1.0758712e-07,-0.00029850006,0.006313324,0.002636671,0.045022,0.04133843,-0.016820852,0.453375,0.2273403,1.0,,,,,,,,,,,,,,,,,,,,,,,,,,,,,,,,,,,,,,,,,,,
1210.0,-0.016259840163473385,0.05378303676843643,0.00027780531672760844,0.349517285823822,0.0,0.40278637,0.2019086,1.0002778,0.105219185,0.023981694,-1.6502818e-07,-0.00056791306,0.006026745,0.0026896,-0.064495645,-0.06894095,0.013070664,0.45375,0.22750483,1.0,,,,,,,,,,,,,,,,,,,,,,,,,,,,,,,,,,,,,,,,,,,
1211.0,-0.016207321090596454,0.053777001798152924,0.00027780531672760844,0.35124778747558594,0.0,0.40322572,0.2020086,1.0002778,0.10544118,0.02400004,-8.405078e-08,-0.0003798008,0.006198406,0.0026204586,0.045035064,0.04133717,-0.016818315,0.454125,0.2276693,1.0,,,,,,,,,,,,,,,,,,,,,,,,,,,,,,,,,,,,,,,,,,,
1212.0,-0.01615377855612169,0.05377114936709404,0.00027780531672760844,0.3530367314815521,0.0,0.403666,0.20210865,1.0002778,0.10567016,0.024010692,-1.4232762e-07,-0.0006494522,0.005911827,0.0026733875,-0.06448775,-0.06893808,0.013069548,0.4545,0.22783372,1.0,,,,,,,,,,,,,,,,,,,,,,,,,,,,,,,,,,,,,,,,,,,
1213.0,-0.01609783481885097,0.05376550555229187,0.00027780531672760844,0.3548831343650818,0.0,0.4041072,0.20220879,1.0002778,0.10588734,0.024032338,-6.339601e-08,-0.00046133995,0.006083727,0.0026044846,0.045048118,0.04133591,-0.016815772,0.454875,0.22799808,1.0,,,,,,,,,,,,,,,,,,,,,,,,,,,,,,,,,,,,,,,,,,,
1214.0,-0.01604083876697914,0.053760040551424026,0.00027780531672760844,0.35678598284721375,0.0,0.40454933,0.20230898,1.0002778,0.106111504,0.024046289,-1.1975969e-07,-0.00073075294,0.0057971478,0.0026574135,-0.06447985,-0.06893521,0.013068426,0.45525,0.22816238,1.0,,,,,,,,,,,,,,,,,,,,,,,,,,,,,,,,,,,,,,,,,,,
1215.0,-0.015981578714200077,0.05375472828745842,0.00027780531672760844,0.3587442934513092,0.0,0.40499234,0.20240928,1.0002778,0.10632387,0.02407123,-4.351785e-08,-0.00054240227,0.005968809,0.002588272,0.045061167,0.041334655,-0.016813224,0.455625,0.22832662,1.0,,,,,,,,,,,,,,,,,,,,,,,,,,,,,,,,,,,,,,,,,,,
1216.0,-0.015921232250552385,0.05374957248568535,0.00027780531672760844,0.360757052898407,0.0,0.40543628,0.20250964,1.0002778,0.10654323,0.024088472,-9.781757e-08,-0.00081181526,0.00568223,0.002641201,-0.06447196,-0.06893234,0.013067301,0.456,0.22849081,1.0,,,,,,,,,,,,,,,,,,,,,,,,,,,,,,,,,,,,,,,,,,,
1217.0,-0.015858773809185735,0.05374455451965332,0.00027780531672760844,0.3628232777118683,0.0,0.40588108,0.20261014,1.0002778,0.10675079,0.024116702,-2.429957e-08,-0.0006234646,0.00585413,0.002572298,0.045074213,0.041333396,-0.016810669,0.456375,0.22865494,1.0,,,,,,,,,,,,,,,,,,,,,,,,,,,,,,,,,,,,,,,,,,,
1218.0,-0.015795220043962038,0.05373965576291084,0.00027780531672760844,0.36494192481040955,0.0,0.40632677,0.2027107,1.0002778,0.106965326,0.024137232,-7.652772e-08,-0.0008928776,0.0055675507,0.002625227,-0.06446408,-0.06892947,0.013066173,0.45675,0.22881901,1.0,,,,,,,,,,,,,,,,,,,,,,,,,,,,,,,,,,,,,,,,,,,
1219.0,-0.015730273116025092,0.05373488739132881,0.00027780531672760844,0.3671119809150696,0.0,0.4067733,0.2028114,1.0002778,0.10716808,0.024168748,-5.7339884e-09,-0.0007045269,0.005739212,0.002556324,0.04508725,0.04133214,-0.01680811,0.457125,0.22898303,1.0,,,,,,,,,,,,,,,,,,,,,,,,,,,,,,,,,,,,,,,,,,,
1220.0,-0.015663540091143843,0.053730178624391556,0.00027780531672760844,0.3693324625492096,0.0,0.4072207,0.20291221,1.0002778,0.10737782,0.02419256,-5.5890872e-08,-0.0009739399,0.0054528713,0.002609253,-0.064456195,-0.0689266,0.013065039,0.4575,0.22914699,1.0,,,,,,,,,,,,,,,,,,,,,,,,,,,,,,,,,,,,,,,,,,,
1221.0,-0.015596668675766706,0.053725581616163254,0.00027780531672760844,0.37157273292541504,0.0,0.40766895,0.20301315,1.0002778,0.10757577,0.024227357,1.2180035e-08,-0.0007855892,0.0056245327,0.0025401115,0.045100287,0.041330885,-0.016805544,0.457875,0.22931089,1.0,,,,,,,,,,,,,,,,,,,,,,,,,,,,,,,,,,,,,,,,,,,
1222.0,-0.01552878157750238,0.053721070289611816,0.00027780531672760844,0.37383145093917847,0.0,0.408118,0.20311421,1.0002778,0.10778071,0.024254447,-3.5906325e-08,-0.0010547638,0.0053379536,0.0025930405,-0.06444832,-0.06892374,0.013063902,0.45825,0.22947472,1.0,,,,,,,,,,,,,,,,,,,,,,,,,,,,,,,,,,,,,,,,,,,
1223.0,-0.015460362693806021,0.05371662974357605,0.00027780531672760844,0.3761230707168579,0.0,0.4085679,0.20321544,1.0002778,0.10797385,0.02429252,2.9443285e-08,-0.0008664131,0.005509615,0.0025241375,0.045113314,0.041329633,-0.016802972,0.458625,0.22963852,1.0,,,,,,,,,,,,,,,,,,,,,,,,,,,,,,,,,,,,,,,,,,,
1224.0,-0.015390549668364112,0.05371216684579849,0.00027782918186858296,0.3784457743167877,0.0,0.40901864,0.20331678,1.0002778,0.10817399,0.02432288,-1.6573306e-08,-0.0011355877,0.005223274,0.0025770664,-0.064440444,-0.06892089,0.013062761,0.459,0.22980225,1.0,,,,,,,,,,,,,,,,,,,,,,,,,,,,,,,,,,,,,,,,,,,
1225.0,-0.015320259483970769,0.0537077859044075,0.00027782918186858296,0.380797803401947,0.0,0.40947014,0.2034183,1.0002778,0.10836234,0.024364222,4.605654e-08,-0.000947237,0.0053949356,0.0025081635,0.045126338,0.04132838,-0.016800396,0.459375,0.22996591,1.0,,,,,,,,,,,,,,,,,,,,,,,,,,,,,,,,,,,,,,,,,,,
1226.0,-0.015248678537740673,0.053703419864177704,0.00027782918186858296,0.3831774592399597,0.0,0.40992248,0.20351996,1.0002778,0.10855768,0.024397852,2.1089552e-09,-0.0012164116,0.005108595,0.0025610924,-0.06443257,-0.06891803,0.013061616,0.45975,0.23012953,1.0,,,,,,,,,,,,,,,,,,,,,,,,,,,,,,,,,,,,,,,,,,,
1227.0,-0.015176771682481197,0.053699053823947906,0.00027782918186858296,0.38558313250541687,0.0,0.41037557,0.2036218,1.0002778,0.10874123,0.024442459,6.2020575e-08,-0.0010278225,0.0052802563,0.0024921894,0.045139354,0.041327126,-0.016797813,0.460125,0.23029308,1.0,,,,,,,,,,,,,,,,,,,,,,,,,,,,,,,,,,,,,,,,,,,
1228.0,-0.015103794148135789,0.05369468778371811,0.00027782918186858296,0.38801315426826477,0.0,0.41082945,0.2037238,1.0002778,0.10893177,0.024479352,2.0141238e-08,-0.0012969971,0.004993677,0.0025451183,-0.06442471,-0.06891517,0.013060466,0.4605,0.23045659,1.0,,,,,,,,,,,,,,,,,,,,,,,,,,,,,,,,,,,,,,,,,,,
1229.0,-0.015030877068945486,0.05369029566645622,0.00027782918186858296,0.39046597480773926,0.0,0.41128406,0.203826,1.0002778,0.109110534,0.024527218,7.733616e-08,-0.001108408,0.005165577,0.0024762154,0.045152366,0.04132588,-0.016795224,0.460875,0.23062003,1.0,,,,,,,,,,,,,,,,,,,,,,,,,,,,,,,,,,,,,,,,,,,
1230.0,-0.014956859953766981,0.05368586257100105,0.00027782918186858296,0.39294010400772095,0.0,0.41173947,0.20392835,1.0002778,0.109296285,0.02456737,3.7524313e-08,-0.0013775826,0.004878998,0.0025291443,-0.06441685,-0.06891233,0.013059313,0.46125,0.2307834,1.0,,,,,,,,,,,,,,,,,,,,,,,,,,,,,,,,,,,,,,,,,,,
1231.0,-0.014882701512122187,0.053681425750255585,0.00027782918186858296,0.3954341411590576,0.0,0.4121956,0.20403093,1.0002778,0.109470256,0.024618492,9.200407e-08,-0.0011889935,0.005050659,0.0024602413,0.04516537,0.041324627,-0.016792629,0.461625,0.23094673,1.0,,,,,,,,,,,,,,,,,,,,,,,,,,,,,,,,,,,,,,,,,,,
1232.0,-0.014807530190836771,0.05367686599493027,0.00027782918186858296,0.3979465663433075,0.0,0.4126525,0.20413369,1.0002778,0.109651215,0.024661895,5.4258937e-08,-0.001458168,0.0047643185,0.0025131702,-0.06440899,-0.06890947,0.013058156,0.462,0.23111,1.0,,,,,,,,,,,,,,,,,,,,,,,,,,,,,,,,,,,,,,,,,,,
1233.0,-0.014732301643085888,0.05367230623960495,0.00027782918186858296,0.4004760980606079,0.0,0.41311008,0.20423667,1.0002778,0.109820396,0.024716267,1.0602508e-07,-0.0012693405,0.00493598,0.0024442673,0.045178372,0.041323375,-0.01679003,0.462375,0.23127322,1.0,,,,,,,,,,,,,,,,,,,,,,,,,,,,,,,,,,,,,,,,,,,
1234.0,-0.01465613765403232,0.053667642176151276,0.00027782918186858296,0.4030214250087738,0.0,0.41356838,0.20433986,1.0002778,0.10999657,0.024762917,7.03459e-08,-0.0015385151,0.004649639,0.0024971962,-0.064401135,-0.06890663,0.013056994,0.46275,0.23143637,1.0,,,,,,,,,,,,,,,,,,,,,,,,,,,,,,,,,,,,,,,,,,,
1235.0,-0.014579898596420574,0.05366288870573044,0.00027782918186858296,0.4055813252925873,0.0,0.4140274,0.20444328,1.0002778,0.11016097,0.024820536,1.1939994e-07,-0.0013496876,0.0048213005,0.0024282932,0.045191366,0.041322127,-0.016787423,0.463125,0.23159947,1.0,,,,,,,,,,,,,,,,,,,,,,,,,,,,,,,,,,,,,,,,,,,
1236.0,-0.014502803048184071,0.05365808680653572,0.00027782918186858296,0.4081544280052185,0.0,0.4144871,0.2045469,1.0002778,0.11033236,0.02487043,8.5785956e-08,-0.0016186237,0.0045347214,0.0024814606,-0.06439329,-0.06890379,0.013055829,0.4635,0.2317625,1.0,,,,,,,,,,,,,,,,,,,,,,,,,,,,,,,,,,,,,,,,,,,
1237.0,-0.014425797290805894,0.053653158247470856,0.00027782918186858296,0.4107396900653839,0.0,0.41494748,0.20465079,1.0002778,0.11049197,0.024931287,1.3212941e-07,-0.0014300346,0.004706621,0.0024123192,0.045204356,0.04132088,-0.016784811,0.463875,0.23192547,1.0,,,,,,,,,,,,,,,,,,,,,,,,,,,,,,,,,,,,,,,,,,,
1238.0,-0.014348001445304182,0.05364813283085823,0.00027782918186858296,0.4133358895778656,0.0,0.41540855,0.20475489,1.0002778,0.110658586,0.02498442,1.00579896e-07,-0.0016989708,0.004420042,0.0024654865,-0.064385444,-0.06890094,0.01305466,0.46425,0.2320884,1.0,,,,,,,,,,,,,,,,,,,,,,,,,,,,,,,,,,,,,,,,,,,
1239.0,-0.014270364180008075,0.05364295840263367,0.00027782918186858296,0.4159419536590576,0.0,0.41587028,0.20485926,1.0002778,0.11081342,0.025048513,1.442143e-07,-0.0015101433,0.0045917034,0.0023963451,0.045217343,0.041319635,-0.016782194,0.464625,0.23225126,1.0,,,,,,,,,,,,,,,,,,,,,,,,,,,,,,,,,,,,,,,,,,,
1240.0,-0.014303843196524396,0.05363769456744194,0.00027782918186858296,0.41482874751091003,0.0,0.4163327,0.20496386,1.0002778,0.11097524,0.025104877,1.14728444e-07,-0.0017790794,0.0043053627,0.0024495125,-0.064377606,-0.068898104,0.013053486,0.465,0.23241407,1.0,,,,,,,,,,,,,,,,,,,,,,,,,,,,,,,,,,,,,,,,,,,
1241.0,-0.014417424921197016,0.053632330149412155,0.00027782918186858296,0.4110606014728546,0.0,0.4167957,0.20506874,1.0002778,0.1111253,0.025172202,1.5565533e-07,-0.0015902519,0.004477024,0.0023806095,0.04523032,0.041318387,-0.016779572,0.465375,0.23257682,1.0,,,,,,,,,,,,,,,,,,,,,,,,,,,,,,,,,,,,,,,,,,,
1242.0,-0.014529739819968749,0.05362677574157715,0.00027782918186858296,0.4073192775249481,0.0,0.4172594,0.20517388,1.0002778,0.111282356,0.025231794,1.282324e-07,-0.0018589497,0.0041906834,0.0024337769,-0.06436977,-0.06889527,0.013052309,0.46575,0.2327395,1.0,,,,,,,,,,,,,,,,,,,,,,,,,,,,,,,,,,,,,,,,,,,
1243.0,-0.014641713434938178,0.053621143102645874,0.00027782918186858296,0.4036044776439667,0.0,0.41772366,0.2052793,1.0002778,0.111427635,0.025302343,1.6645329e-07,-0.0016701221,0.0043623447,0.0023646355,0.045243293,0.041317143,-0.016776944,0.466125,0.23290212,1.0,,,,,,,,,,,,,,,,,,,,,,,,,,,,,,,,,,,,,,,,,,,
1244.0,-0.0147524298708855,0.05361530929803848,0.00027782918186858296,0.3999161422252655,0.0,0.41818857,0.20538498,1.0002778,0.11157992,0.025365159,1.4109249e-07,-0.0019390583,0.004076004,0.0024178028,-0.06436194,-0.06889244,0.013051127,0.4665,0.2330647,1.0,,,,,,,,,,,,,,,,,,,,,,,,,,,,,,,,,,,,,,,,,,,
1245.0,-0.014862813721529167,0.05360936373472214,0.00027782918186858296,0.3962540626525879,0.0,0.41865408,0.20549098,1.0002778,0.11172043,0.025438929,1.7660894e-07,-0.0017499924,0.0042476654,0.0023488998,0.04525626,0.0413159,-0.016774308,0.466875,0.23322721,1.0,,,,,,,,,,,,,,,,,,,,,,,,,,,,,,,,,,,,,,,,,,,
1246.0,-0.014971957374895284,0.05360325425863266,0.00027782918186858296,0.3926179111003876,0.0,0.4191202,0.20559725,1.0002778,0.11186794,0.025504962,1.5330951e-07,-0.0020189285,0.0039613247,0.0024020672,-0.06435411,-0.06888961,0.0130499415,0.46725,0.23338968,1.0,,,,,,,,,,,,,,,,,,,,,,,,,,,,,,,,,,,,,,,,,,,
1247.0,-0.015080770472109544,0.05359698086977005,0.00027782918186858296,0.38900789618492126,0.0,0.41958687,0.20570384,1.0002778,0.11200368,0.025581948,1.86123e-07,-0.0018298626,0.004132986,0.0023329258,0.04526922,0.041314654,-0.016771669,0.467625,0.23355207,1.0,,,,,,,,,,,,,,,,,,,,,,,,,,,,,,,,,,,,,,,,,,,
1248.0,-0.01518835177186302,0.05359053611755371,0.00027782918186858296,0.38542354106903076,0.0,0.42005417,0.20581073,1.0002778,0.11214642,0.025651194,1.6488421e-07,-0.0020985603,0.0038466454,0.0023863316,-0.06434628,-0.06888678,0.013048752,0.468,0.2337144,1.0,,,,,,,,,,,,,,,,,,,,,,,,,,,,,,,,,,,,,,,,,,,
1249.0,-0.01529561824760713,0.05358389765024185,0.00027782918186858296,0.3818647861480713,0.0,0.42052197,0.20591794,1.0002778,0.112277396,0.025731392,1.9499629e-07,-0.0019094944,0.0040183067,0.0023171902,0.045282178,0.041313414,-0.016769022,0.468375,0.23387669,1.0,,,,,,,,,,,,,,,,,,,,,,,,,,,,,,,,,,,,,,,,,,,
1250.0,-0.015401660667733453,0.05357712507247925,0.00027782918186858296,0.37833142280578613,0.0,0.42099038,0.20602545,1.0002778,0.11241537,0.025803845,1.7581735e-07,-0.0021781921,0.0037317276,0.0023703575,-0.06433846,-0.068883955,0.013047559,0.46875,0.2340389,1.0,,,,,,,,,,,,,,,,,,,,,,,,,,,,,,,,,,,,,,,,,,,
1251.0,-0.015507393673527626,0.05357012897729874,0.00027782918186858296,0.3748234808444977,0.0,0.4214593,0.20613332,1.0002778,0.11254158,0.025887249,2.0322952e-07,-0.0019891262,0.0039036274,0.0023012161,0.04529513,0.041312173,-0.016766371,0.469125,0.23420107,1.0,,,,,,,,,,,,,,,,,,,,,,,,,,,,,,,,,,,,,,,,,,,
1252.0,-0.01561191253823381,0.053562939167022705,0.00027782918186858296,0.3713406026363373,0.0,0.4219288,0.2062415,1.0002778,0.112674795,0.025962906,1.8610967e-07,-0.002257824,0.0036170483,0.002354622,-0.064330645,-0.06888113,0.0130463615,0.4695,0.23436318,1.0,,,,,,,,,,,,,,,,,,,,,,,,,,,,,,,,,,,,,,,,,,,
1253.0,-0.015716136143938457,0.05355557054281235,0.00027782918186858296,0.3678826689720154,0.0,0.42239878,0.20635004,1.0002778,0.11279624,0.02604951,2.1082347e-07,-0.002068758,0.003788948,0.0022854805,0.045308076,0.041310932,-0.016763713,0.469875,0.23452522,1.0,,,,,,,,,,,,,,,,,,,,,,,,,,,,,,,,,,,,,,,,,,,
1254.0,-0.015819149495993043,0.0535479411482811,0.0002777814806904644,0.3644496500492096,0.0,0.4228693,0.20645891,1.0002778,0.112924695,0.026128365,1.9576194e-07,-0.0023374557,0.003502369,0.0023388863,-0.06432284,-0.06887831,0.01304516,0.47025,0.23468721,1.0,,,,,,,,,,,,,,,,,,,,,,,,,,,,,,,,,,,,,,,,,,,
1255.0,-0.015921878392057626,0.053540121763944626,0.00027782918186858296,0.36104121804237366,0.0,0.4233403,0.20656815,1.0002778,0.113041386,0.026218165,2.1777889e-07,-0.0021481514,0.0036742687,0.0022697449,0.045321014,0.041309692,-0.01676105,0.470625,0.23484914,1.0,,,,,,,,,,,,,,,,,,,,,,,,,,,,,,,,,,,,,,,,,,,
1256.0,-0.016023409014464415,0.053532082587480545,0.0002777814806904644,0.3576572835445404,0.0,0.42381182,0.20667773,1.0002778,0.11316509,0.026300214,2.0477492e-07,-0.0024168491,0.0033876896,0.0023231506,-0.06431503,-0.06887549,0.013043954,0.471,0.23501101,1.0,,,,,,,,,,,,,,,,,,,,,,,,,,,,,,,,,,,,,,,,,,,
1257.0,-0.016124659430487014,0.05352382734417915,0.0002777814806904644,0.35429778695106506,0.0,0.4242838,0.2067877,1.0002778,0.11327702,0.026393205,2.2409652e-07,-0.0022275448,0.0035595894,0.0022540092,0.045333948,0.041308455,-0.01675838,0.471375,0.23517282,1.0,,,,,,,,,,,,,,,,,,,,,,,,,,,,,,,,,,,,,,,,,,,
1258.0,-0.016224722575493615,0.053515344858169556,0.0002777814806904644,0.35096246004104614,0.0,0.4247563,0.20689803,1.0002778,0.11339596,0.026478443,2.1314936e-07,-0.002496004,0.0032730103,0.002307415,-0.06430723,-0.068872675,0.013042745,0.47175,0.23533458,1.0,,,,,,,,,,,,,,,,,,,,,,,,,,,,,,,,,,,,,,,,,,,
1259.0,-0.016324511973528025,0.05350659042596817,0.0002777814806904644,0.34765133261680603,0.0,0.42522922,0.20700876,1.0002778,0.11350314,0.02657462,2.2977713e-07,-0.0023066998,0.00344491,0.0022382736,0.04534688,0.041307215,-0.016755708,0.472125,0.23549627,1.0,,,,,,,,,,,,,,,,,,,,,,,,,,,,,,,,,,,,,,,,,,,
1260.0,-0.016423123448598018,0.05349762365221977,0.0002777814806904644,0.3443640470504761,0.0,0.4257026,0.20711985,1.0002778,0.11361733,0.02666304,2.20886e-07,-0.0025753975,0.0031585693,0.0022916794,-0.06429943,-0.06886987,0.013041532,0.4725,0.2356579,1.0,,,,,,,,,,,,,,,,,,,,,,,,,,,,,,,,,,,,,,,,,,,
1261.0,-0.016521474586884508,0.05348838493227959,0.0002777814806904644,0.3411005139350891,0.0,0.42617646,0.20723136,1.0002778,0.11371976,0.0267624,2.3482147e-07,-0.0023858547,0.0033302307,0.002222538,0.0453598,0.041305978,-0.016753027,0.472875,0.23581947,1.0,,,,,,,,,,,,,,,,,,,,,,,,,,,,,,,,,,,,,,,,,,,
1262.0,-0.016618652422191738,0.05347888916730881,0.0002777814806904644,0.337860643863678,0.0,0.42665073,0.20734325,1.0002778,0.1138292,0.026854,2.2798561e-07,-0.002654314,0.00304389,0.0022759438,-0.06429163,-0.06886706,0.0130403135,0.47325,0.235981,1.0,,,,,,,,,,,,,,,,,,,,,,,,,,,,,,,,,,,,,,,,,,,
1263.0,-0.016715575401413482,0.053469132632017136,0.0002777814806904644,0.3346443474292755,0.0,0.42712542,0.20745558,1.0002778,0.11392689,0.026956534,2.3923027e-07,-0.0024650097,0.0032155514,0.0022068024,0.04537272,0.04130474,-0.016750341,0.473625,0.23614246,1.0,,,,,,,,,,,,,,,,,,,,,,,,,,,,,,,,,,,,,,,,,,,
1264.0,-0.016811468408190013,0.05345908924937248,0.0002777814806904644,0.33145132660865784,0.0,0.42760056,0.20756829,1.0002778,0.11403158,0.027051307,2.344489e-07,-0.002733469,0.0029292107,0.0022602081,-0.06428384,-0.06886425,0.0130390925,0.474,0.23630385,1.0,,,,,,,,,,,,,,,,,,,,,,,,,,,,,,,,,,,,,,,,,,,
1265.0,-0.016906882298561323,0.05344877764582634,0.0002777814806904644,0.32828158140182495,0.0,0.4280761,0.20768145,1.0002778,0.114124514,0.027157012,2.430043e-07,-0.0025439262,0.003100872,0.0021910667,0.045385633,0.041303508,-0.01674765,0.474375,0.2364652,1.0,,,,,,,,,,,,,,,,,,,,,,,,,,,,,,,,,,,,,,,,,,,
1266.0,-0.017001602414443734,0.05343819409608841,0.00027780531672760844,0.3251347839832306,0.0,0.42855203,0.20779501,1.0002778,0.11422447,0.027254954,2.4027668e-07,-0.0028123856,0.0028145313,0.0022444725,-0.064276055,-0.06886145,0.013037867,0.47475,0.23662648,1.0,,,,,,,,,,,,,,,,,,,,,,,,,,,,,,,,,,,,,,,,,,,
1267.0,-0.017095614636549364,0.05342729762196541,0.0002777814806904644,0.32201114296913147,0.0,0.42902833,0.20790902,1.0002779,0.11431266,0.027363827,2.461443e-07,-0.0026228428,0.0029861927,0.002175331,0.04539854,0.041302275,-0.016744953,0.475125,0.23678769,1.0,,,,,,,,,,,,,,,,,,,,,,,,,,,,,,,,,,,,,,,,,,,
1268.0,-0.017188941897014958,0.053416091948747635,0.00027780531672760844,0.318910151720047,0.0,0.42950502,0.20802346,1.0002778,0.114407875,0.027464932,-1.2245735e-07,-0.002891302,0.002699852,0.0022289753,-0.06426827,-0.06885864,0.013036638,0.4755,0.23694886,1.0,,,,,,,,,,,,,,,,,,,,,,,,,,,,,,,,,,,,,,,,,,,
1269.0,-0.01728157911755516,0.05340462923049927,0.00027780531672760844,0.3158319592475891,0.0,0.42998207,0.20813836,1.0002779,0.11449133,0.027576968,3.35037e-07,-0.0027017593,0.0028715134,0.0021595955,0.04541144,0.04130104,-0.016742248,0.475875,0.23710996,1.0,,,,,,,,,,,,,,,,,,,,,,,,,,,,,,,,,,,,,,,,,,,
1270.0,-0.017373529324665654,0.053392816334962845,0.00027780531672760844,0.31277644634246826,0.0,0.4304595,0.2082537,1.0002779,0.1145818,0.027681231,-1.3818115e-07,-0.0029702187,0.0025851727,0.0022132397,-0.06426049,-0.068855844,0.013035404,0.47625,0.23727101,1.0,,,,,,,,,,,,,,,,,,,,,,,,,,,,,,,,,,,,,,,,,,,
1271.0,-0.017464541451497645,0.05338069796562195,0.00027780531672760844,0.3097432553768158,0.0,0.43093723,0.20836952,1.0002779,0.11466052,0.027796423,-2.6253627e-08,-0.0027804375,0.002756834,0.0021440983,0.045424335,0.04129981,-0.01673954,0.476625,0.23743199,1.0,,,,,,,,,,,,,,,,,,,,,,,,,,,,,,,,,,,,,,,,,,,
1272.0,-0.017554879976655138,0.05336828902363777,0.00027780531672760844,0.30673229694366455,0.0,0.43141535,0.20848578,1.0002779,0.11474626,0.027903842,-4.898765e-08,-0.0030488968,0.0024704933,0.002197504,-0.06425272,-0.06885304,0.013034166,0.477,0.23759292,1.0,,,,,,,,,,,,,,,,,,,,,,,,,,,,,,,,,,,,,,,,,,,
1273.0,-0.017644544622208925,0.053355563431978226,0.00027780531672760844,0.3037436008453369,0.0,0.43189377,0.20860255,1.0002779,0.114820234,0.028022185,-4.5031396e-08,-0.0028591156,0.0026421547,0.0021283627,0.045437228,0.041298576,-0.016736826,0.477375,0.23775378,1.0,,,,,,,,,,,,,,,,,,,,,,,,,,,,,,,,,,,,,,,,,,,
1274.0,-0.017733539712743187,0.0533425509929657,0.0002777814806904644,0.30077701807022095,0.0,0.43237254,0.20871976,1.0002779,0.114901245,0.028132753,-4.0994042e-08,-0.0031273365,0.0023560524,0.0021820068,-0.06424495,-0.06885025,0.013032924,0.47775,0.23791459,1.0,,,,,,,,,,,,,,,,,,,,,,,,,,,,,,,,,,,,,,,,,,,
1275.0,-0.017821873901062827,0.05332927033305168,0.00027780531672760844,0.29783228039741516,0.0,0.43285158,0.2088375,1.0002778,0.11497049,0.028254243,-4.5523723e-08,-0.0029375553,0.0025277138,0.002112627,0.04545011,0.041297346,-0.016734106,0.478125,0.23807533,1.0,,,,,,,,,,,,,,,,,,,,,,,,,,,,,,,,,,,,,,,,,,,
1276.0,-0.017909547438410302,0.05331568047404289,0.00027780531672760844,0.29490935802459717,0.0,0.43333092,0.20895569,1.0002779,0.11504677,0.028367957,3.2985346e-07,-0.0032060146,0.002241373,0.0021665096,-0.064237185,-0.068847455,0.013031679,0.4785,0.23823602,1.0,,,,,,,,,,,,,,,,,,,,,,,,,,,,,,,,,,,,,,,,,,,
1277.0,-0.017996562673867813,0.05330187827348709,0.00027780531672760844,0.2920082211494446,0.0,0.43381056,0.20907441,1.0002779,0.115111284,0.028492587,-1.3198972e-07,-0.0030162334,0.0024130344,0.0020971298,0.045462992,0.041296117,-0.01673138,0.478875,0.23839664,1.0,,,,,,,,,,,,,,,,,,,,,,,,,,,,,,,,,,,,,,,,,,,
1278.0,-0.018082925062608775,0.05328773707151413,0.00027780531672760844,0.2891286313533783,0.0,0.4342905,0.20919362,1.0002779,0.11518283,0.028609438,-1.574651e-08,-0.0032844543,0.0021266937,0.002150774,-0.06422942,-0.06884467,0.013030429,0.47925,0.23855722,1.0,,,,,,,,,,,,,,,,,,,,,,,,,,,,,,,,,,,,,,,,,,,
1279.0,-0.018168636436786803,0.05327339842915535,0.00027780531672760844,0.2862705886363983,0.0,0.43477067,0.20931335,1.0002779,0.11524263,0.028737208,-5.1017697e-08,-0.0030944347,0.002298355,0.0020816326,0.045475867,0.041294888,-0.016728649,0.479625,0.23871773,1.0,,,,,,,,,,,,,,,,,,,,,,,,,,,,,,,,,,,,,,,,,,,
1280.0,-0.018253701717098378,0.053258828818798065,0.00027780531672760844,0.2834339141845703,0.0,0.43525112,0.20943359,1.0002779,0.11530945,0.028857194,-3.3510556e-08,-0.0033626556,0.0020120144,0.0021352768,-0.064221665,-0.06884188,0.013029176,0.48,0.23887818,1.0,,,,,,,,,,,,,,,,,,,,,,,,,,,,,,,,,,,,,,,,,,,
1281.0,-0.018338044827605884,0.05324401333928108,0.00027780531672760844,0.2806185483932495,0.0,0.4357318,0.20955437,1.0002779,0.11536452,0.028988095,-4.7795602e-08,-0.0031728745,0.0021836758,0.002065897,0.045488734,0.04129366,-0.016725913,0.480375,0.23903857,1.0,,,,,,,,,,,,,,,,,,,,,,,,,,,,,,,,,,,,,,,,,,,
1282.0,-0.018421750942511427,0.053229011595249176,0.0002777814806904644,0.2778242528438568,0.0,0.43621275,0.20967567,1.0002779,0.11542662,0.029111212,-3.379682e-08,-0.0034410954,0.0018975735,0.0021197796,-0.06421391,-0.068839096,0.0130279185,0.48075,0.2391989,1.0,,,,,,,,,,,,,,,,,,,,,,,,,,,,,,,,,,,,,,,,,,,
1283.0,-0.01850481894665227,0.05321373790502548,0.00027780531672760844,0.2750510573387146,0.0,0.4366939,0.20979753,1.0002778,0.11547697,0.02924524,-4.9453075e-08,-0.0032510757,0.0020692348,0.0020503998,0.045501597,0.041292433,-0.016723169,0.481125,0.23935917,1.0,,,,,,,,,,,,,,,,,,,,,,,,,,,,,,,,,,,,,,,,,,,
1284.0,-0.018587252917691876,0.05319829657673836,0.00027780531672760844,0.2722988426685333,0.0,0.4371753,0.20991991,1.0002779,0.11553435,0.029371483,3.3421344e-07,-0.0035190582,0.0017828941,0.002104044,-0.06420616,-0.06883632,0.0130266575,0.4815,0.23951937,1.0,,,,,,,,,,,,,,,,,,,,,,,,,,,,,,,,,,,,,,,,,,,
1285.0,-0.018669056538803127,0.05318264290690422,0.00027780531672760844,0.2695675194263458,0.0,0.43765688,0.21004286,1.0002779,0.115579985,0.029508632,-1.3835846e-07,-0.0033290386,0.0019545555,0.0020349026,0.045514453,0.041291207,-0.016720422,0.481875,0.23967953,1.0,,,,,,,,,,,,,,,,,,,,,,,,,,,,,,,,,,,,,,,,,,,
1286.0,-0.01875023532186224,0.05316683650016785,0.00027780531672760844,0.266856849193573,0.0,0.4381387,0.21016635,1.0002779,0.115632646,0.029637994,-1.3921018e-08,-0.0035972595,0.0016682148,0.0020885468,-0.06419841,-0.06883354,0.013025392,0.48225,0.23983961,1.0,,,,,,,,,,,,,,,,,,,,,,,,,,,,,,,,,,,,,,,,,,,
1287.0,-0.0188307841932985,0.05315082147717476,0.00027780531672760844,0.26416704058647156,0.0,0.43862066,0.21029043,1.0002779,0.115673564,0.029778263,-5.9893274e-08,-0.00340724,0.0018398762,0.0020194054,0.045527305,0.04128998,-0.016717667,0.482625,0.23999965,1.0,,,,,,,,,,,,,,,,,,,,,,,,,,,,,,,,,,,,,,,,,,,
1288.0,-0.018910713406885046,0.053134649991989136,0.0002777814806904644,0.26149776577949524,0.0,0.43910283,0.21041505,1.0002779,0.11572151,0.02991074,-3.4200067e-08,-0.0036752224,0.0015537739,0.0020730495,-0.06419067,-0.06883076,0.013024122,0.483,0.24015962,1.0,,,,,,,,,,,,,,,,,,,,,,,,,,,,,,,,,,,,,,,,,,,
1289.0,-0.018990023992466926,0.053118348121643066,0.00027780531672760844,0.25884896516799927,0.0,0.43958515,0.21054028,1.0002778,0.11575771,0.03005412,-5.9178966e-08,-0.0034852028,0.0017251968,0.0020036697,0.045540154,0.04128876,-0.016714908,0.483375,0.24031952,1.0,,,,,,,,,,,,,,,,,,,,,,,,,,,,,,,,,,,,,,,,,,,
1290.0,-0.019068577977015413,0.053101856261491776,0.00027780531672760844,0.25622060894966125,0.0,0.44006765,0.21066608,1.0002779,0.115800954,0.030189708,3.3092965e-07,-0.0037531853,0.0014390945,0.0020575523,-0.06418294,-0.06882799,0.013022848,0.48375,0.24047938,1.0,,,,,,,,,,,,,,,,,,,,,,,,,,,,,,,,,,,,,,,,,,,
1291.0,-0.019146492118598143,0.053085267543792725,0.00027780531672760844,0.25361254811286926,0.0,0.4405503,0.21079247,1.0002779,0.11583244,0.030336196,-1.4972755e-07,-0.0035629272,0.0016107559,0.0019881725,0.045552995,0.041287534,-0.016712142,0.484125,0.24063917,1.0,,,,,,,,,,,,,,,,,,,,,,,,,,,,,,,,,,,,,,,,,,,
1292.0,-0.01922410296228245,0.05306858941912651,0.00027780531672760844,0.2510247230529785,0.0,0.4410331,0.21091945,1.0002779,0.115870975,0.030474888,-1.913984e-08,-0.0038309097,0.0013244152,0.0020420551,-0.0641752,-0.068825215,0.013021572,0.4845,0.24079889,1.0,,,,,,,,,,,,,,,,,,,,,,,,,,,,,,,,,,,,,,,,,,,
1293.0,-0.019300624858217274,0.05305175855755806,0.00027780531672760844,0.24845708906650543,0.0,0.441516,0.21104705,1.0002779,0.11589776,0.03062448,-7.312508e-08,-0.0036406517,0.0014960766,0.0019726753,0.04556583,0.041286312,-0.01670937,0.484875,0.24095857,1.0,,,,,,,,,,,,,,,,,,,,,,,,,,,,,,,,,,,,,,,,,,,
1294.0,-0.01937726040681537,0.05303487926721573,0.0002777814806904644,0.24590946733951569,0.0,0.44199905,0.21117525,1.0002779,0.11593158,0.030766273,-4.129971e-08,-0.003908634,0.0012099743,0.002026558,-0.06416747,-0.06882244,0.01302029,0.48525,0.24111818,1.0,,,,,,,,,,,,,,,,,,,,,,,,,,,,,,,,,,,,,,,,,,,
1295.0,-0.019452497172391853,0.05301792547106743,0.00027780531672760844,0.24338190257549286,0.0,0.44248217,0.21130408,1.0002778,0.11595366,0.030918963,-7.42834e-08,-0.0037183762,0.0013816357,0.001957178,0.04557866,0.04128509,-0.016706595,0.485625,0.24127772,1.0,,,,,,,,,,,,,,,,,,,,,,,,,,,,,,,,,,,,,,,,,,,
1296.0,-0.019528739882260927,0.05300091952085495,0.00027785301790572703,0.24087397754192352,0.0,0.44296545,0.21143351,1.0002779,0.11598278,0.031063853,3.2195408e-07,-0.0039863586,0.001095295,0.0020112991,-0.06415975,-0.06881968,0.013019005,0.486,0.24143721,1.0,,,,,,,,,,,,,,,,,,,,,,,,,,,,,,,,,,,,,,,,,,,
1297.0,-0.019602704444212034,0.052983857691287994,0.00027780531672760844,0.23838622868061066,0.0,0.44344878,0.21156359,1.0002779,0.11600016,0.031219635,-1.6670288e-07,-0.0037961006,0.0012669563,0.0019419193,0.045591485,0.041283872,-0.016703812,0.486375,0.24159664,1.0,,,,,,,,,,,,,,,,,,,,,,,,,,,,,,,,,,,,,,,,,,,
1298.0,-0.019677913907612678,0.052966732531785965,0.00027782918186858296,0.23591803014278412,0.0,0.4439322,0.21169429,1.0002779,0.116024576,0.031367615,-2.9988833e-08,-0.0040638447,0.000980854,0.001995802,-0.064152025,-0.068816915,0.013017715,0.48675,0.241756,1.0,,,,,,,,,,,,,,,,,,,,,,,,,,,,,,,,,,,,,,,,,,,
1299.0,-0.01975069526359621,0.052949629724025726,0.00027780531672760844,0.23346956074237823,0.0,0.44441572,0.21182565,1.0002778,0.11603726,0.031526487,-9.196955e-08,-0.0038735867,0.0011525154,0.0019264221,0.045604303,0.04128265,-0.016701024,0.487125,0.24191532,1.0,,,,,,,,,,,,,,,,,,,,,,,,,,,,,,,,,,,,,,,,,,,
1300.0,-0.019824720263742712,0.05293253809213638,0.00027780531672760844,0.23104067146778107,0.0,0.4448993,0.21195763,1.0002779,0.11605697,0.031677555,3.1390698e-07,-0.0041413307,0.0008661747,0.0019803047,-0.064144306,-0.06881415,0.013016422,0.4875,0.24207456,1.0,,,,,,,,,,,,,,,,,,,,,,,,,,,,,,,,,,,,,,,,,,,
1301.0,-0.01989632105182282,0.052915386855602264,0.00027780531672760844,0.2286313772201538,0.0,0.4453829,0.2120903,1.0002779,0.11606496,0.03183951,-1.8138033e-07,-0.0039510727,0.0010378361,0.0019109249,0.045617115,0.041281432,-0.016698232,0.487875,0.24223375,1.0,,,,,,,,,,,,,,,,,,,,,,,,,,,,,,,,,,,,,,,,,,,
1302.0,-0.019969175056772474,0.052898336201906204,0.00027782918186858296,0.22624139487743378,0.0,0.44586655,0.2122236,1.0002779,0.11607998,0.031993657,-4.0279627e-08,-0.0042188168,0.0007517338,0.001965046,-0.064136595,-0.068811394,0.013015125,0.48825,0.24239287,1.0,,,,,,,,,,,,,,,,,,,,,,,,,,,,,,,,,,,,,,,,,,,
1303.0,-0.020039610834653835,0.05288131162524223,0.00027780531672760844,0.22387079894542694,0.0,0.44635022,0.21235761,1.0002778,0.116083264,0.03215869,-1.076551e-07,-0.0040283203,0.00092315674,0.0018954277,0.045629922,0.041280214,-0.016695432,0.488625,0.24255194,1.0,,,,,,,,,,,,,,,,,,,,,,,,,,,,,,,,,,,,,,,,,,,
1304.0,-0.02011051112224068,0.052864331752061844,0.00027780531672760844,0.22151951491832733,0.0,0.44683394,0.21249226,1.0002779,0.1160936,0.032315917,3.0231718e-07,-0.0042960644,0.00063705444,0.0019495487,-0.06412889,-0.06880864,0.013013823,0.489,0.24271095,1.0,,,,,,,,,,,,,,,,,,,,,,,,,,,,,,,,,,,,,,,,,,,
1305.0,-0.020179915717502814,0.05284736305475235,0.00027780531672760844,0.21918751299381256,0.0,0.44731766,0.2126276,1.0002779,0.11609219,0.032484025,-1.9829363e-07,-0.004105568,0.0008087158,0.0018801689,0.045642726,0.041279,-0.016692627,0.489375,0.24286988,1.0,,,,,,,,,,,,,,,,,,,,,,,,,,,,,,,,,,,,,,,,,,,
1306.0,-0.02024965867116953,0.05283043533563614,0.0002777814806904644,0.21687470376491547,0.0,0.4478014,0.21276362,1.0002779,0.11609783,0.03264432,-5.311488e-08,-0.004373312,0.0005226135,0.0019342899,-0.06412118,-0.06880588,0.013012518,0.48975,0.24302877,1.0,,,,,,,,,,,,,,,,,,,,,,,,,,,,,,,,,,,,,,,,,,,
1307.0,-0.020318057940332257,0.05281354859471321,0.00027780531672760844,0.21458080410957336,0.0,0.44828513,0.21290036,1.0002778,0.11609174,0.032815497,-1.2580736e-07,-0.0041828156,0.0006942749,0.0018646717,0.045655522,0.04127778,-0.016689816,0.490125,0.24318759,1.0,,,,,,,,,,,,,,,,,,,,,,,,,,,,,,,,,,,,,,,,,,,
1308.0,-0.020386603047399334,0.05279665067791939,0.0002777814806904644,0.21230614185333252,0.0,0.44876885,0.21303777,1.0002779,0.11609269,0.03297886,2.882407e-07,-0.004450321,0.0004079342,0.0019187927,-0.06411348,-0.06880313,0.013011209,0.4905,0.24334636,1.0,,,,,,,,,,,,,,,,,,,,,,,,,,,,,,,,,,,,,,,,,,,
1309.0,-0.02045412446553346,0.05277978256344795,0.00027780531672760844,0.2100502848625183,0.0,0.44925252,0.21317591,1.0002778,0.116081916,0.0331531,-2.1768366e-07,-0.0042598248,0.00057959557,0.0018494129,0.045668315,0.041276567,-0.016687002,0.490875,0.24350506,1.0,,,,,,,,,,,,,,,,,,,,,,,,,,,,,,,,,,,,,,,,,,,
1310.0,-0.020521532040225065,0.05276291444897652,0.00027785301790572703,0.20781342685222626,0.0,0.44973618,0.21331474,1.0002779,0.11607818,0.033319525,2.994956e-07,-0.0045273304,0.00029349327,0.0019035339,-0.06410579,-0.06880038,0.013009896,0.49125,0.2436637,1.0,,,,,,,,,,,,,,,,,,,,,,,,,,,,,,,,,,,,,,,,,,,
1311.0,-0.02058791683786949,0.05274607613682747,0.0002777814806904644,0.20559529960155487,0.0,0.45021978,0.2134543,1.0002779,0.11606272,0.033496827,-2.3281916e-07,-0.004336834,0.00046515465,0.0018341541,0.0456811,0.041275352,-0.01668418,0.491625,0.24382228,1.0,,,,,,,,,,,,,,,,,,,,,,,,,,,,,,,,,,,,,,,,,,,
1312.0,-0.02065419593588322,0.05272918939590454,0.00027780531672760844,0.20339594781398773,0.0,0.45070332,0.21359459,1.0002778,0.116054304,0.03366631,-7.595764e-08,-0.0046043396,0.00017881393,0.0018880367,-0.06409809,-0.06879764,0.013008579,0.492,0.2439808,1.0,,,,,,,,,,,,,,,,,,,,,,,,,,,,,,,,,,,,,,,,,,,
1313.0,-0.02071944868182545,0.05271230265498161,0.0002777814806904644,0.2012154459953308,0.0,0.4511868,0.21373561,1.0002779,0.116034165,0.03384667,2.100034e-07,-0.0044136047,0.0003504753,0.0018186569,0.04569388,0.04127414,-0.016681353,0.492375,0.24413925,1.0,,,,,,,,,,,,,,,,,,,,,,,,,,,,,,,,,,,,,,,,,,,
1314.0,-0.020784600496563874,0.052695415914058685,0.00027780531672760844,0.1990535408258438,0.0,0.45167023,0.21387735,1.0002778,0.11602107,0.0340192,-1.9177097e-07,-0.004681349,6.4373016e-05,0.0018727779,-0.0640904,-0.06879489,0.013007257,0.49275,0.24429765,1.0,,,,,,,,,,,,,,,,,,,,,,,,,,,,,,,,,,,,,,,,,,,
1315.0,-0.020848786780452794,0.052678514271974564,0.0002777814806904644,0.19691014289855957,0.0,0.45215353,0.21401986,1.0002779,0.11599625,0.03420261,2.2317768e-07,-0.0044903755,0.0002360344,0.0018033981,0.04570666,0.041272927,-0.01667852,0.493125,0.24445598,1.0,,,,,,,,,,,,,,,,,,,,,,,,,,,,,,,,,,,,,,,,,,,
1316.0,-0.02091277041161357,0.05266156792640686,0.00027780531672760844,0.19478535652160645,0.0,0.45263678,0.21416311,1.0002778,0.11597847,0.034378186,-2.0746933e-07,-0.0047581196,-5.00679e-05,0.0018575191,-0.06408272,-0.06879216,0.013005932,0.4935,0.24461426,1.0,,,,,,,,,,,,,,,,,,,,,,,,,,,,,,,,,,,,,,,,,,,
1317.0,-0.020975808325284926,0.05264461785554886,0.0002777814806904644,0.1926790177822113,0.0,0.4531199,0.21430713,1.0002779,0.115948975,0.03456464,2.1208538e-07,-0.0045671463,0.000121593475,0.0017881393,0.045719426,0.041271716,-0.01667568,0.493875,0.24477246,1.0,,,,,,,,,,,,,,,,,,,,,,,,,,,,,,,,,,,,,,,,,,,
1318.0,-0.02103841688087523,0.05262760445475578,0.00027780531672760844,0.19059118628501892,0.0,0.45360294,0.2144519,1.0002778,0.11592653,0.03474326,-2.1823126e-07,-0.004834652,-0.00016474724,0.0018422604,-0.06407504,-0.068789415,0.013004603,0.49425,0.24493062,1.0,,,,,,,,,,,,,,,,,,,,,,,,,,,,,,,,,,,,,,,,,,,
1319.0,-0.021100458483197873,0.05261053517460823,0.0002777814806904644,0.18852171301841736,0.0,0.45408583,0.21459745,1.0002779,0.11589236,0.03493276,1.9907424e-07,-0.004643917,6.914139e-06,0.0017728806,0.045732193,0.041270506,-0.016672837,0.494625,0.24508871,1.0,,,,,,,,,,,,,,,,,,,,,,,,,,,,,,,,,,,,,,,,,,,
1320.0,-0.021161960012472628,0.0525934100151062,0.00027780531672760844,0.18647043406963348,0.0,0.4545686,0.21474376,1.0002778,0.115865245,0.035114415,-2.2930294e-07,-0.0049114227,-0.00027918816,0.0018270016,-0.064067364,-0.06878668,0.01300327,0.495,0.24524674,1.0,,,,,,,,,,,,,,,,,,,,,,,,,,,,,,,,,,,,,,,,,,,
1321.0,-0.021222907421570927,0.0525762140750885,0.0002777814806904644,0.18443754315376282,0.0,0.4550512,0.21489087,1.0002779,0.115826406,0.03530695,1.8537685e-07,-0.0047204494,-0.00010752678,0.0017573833,0.04574495,0.041269295,-0.016669989,0.495375,0.2454047,1.0,,,,,,,,,,,,,,,,,,,,,,,,,,,,,,,,,,,,,,,,,,,
1322.0,-0.021283310362809064,0.052558958530426025,0.00027782918186858296,0.18242277204990387,0.0,0.45553368,0.21503875,1.0002778,0.115794614,0.035491638,-2.4097287e-07,-0.0049877167,-0.00039362907,0.0018117428,-0.06405969,-0.06878395,0.013001933,0.49575,0.24556261,1.0,,,,,,,,,,,,,,,,,,,,,,,,,,,,,,,,,,,,,,,,,,,
1323.0,-0.021343167805960003,0.05254156515002251,0.00027780531672760844,0.18042606115341187,0.0,0.45601597,0.21518745,1.0002779,0.11575111,0.0356872,1.7106183e-07,-0.004796982,-0.0002219677,0.0017421246,0.045757703,0.041268088,-0.016667133,0.496125,0.24572046,1.0,,,,,,,,,,,,,,,,,,,,,,,,,,,,,,,,,,,,,,,,,,,
1324.0,-0.021402479348116323,0.05252410098910332,0.00027780531672760844,0.17844749987125397,0.0,0.45649812,0.21533692,1.0002778,0.115714654,0.03587492,-2.5325625e-07,-0.005064249,-0.0005083084,0.001796484,-0.06405202,-0.06878121,0.013000593,0.4965,0.24587825,1.0,,,,,,,,,,,,,,,,,,,,,,,,,,,,,,,,,,,,,,,,,,,
1325.0,-0.021461249381441668,0.05250651761889458,0.00027782918186858296,0.17648692429065704,0.0,0.45698008,0.21548723,1.0002778,0.11566648,0.03607351,1.5613362e-07,-0.0048732758,-0.00033664703,0.0017268658,0.04577045,0.04126688,-0.016664272,0.496875,0.24603596,1.0,,,,,,,,,,,,,,,,,,,,,,,,,,,,,,,,,,,,,,,,,,,
1326.0,-0.021519473999761795,0.05248880386352539,0.00027780531672760844,0.17454443871974945,0.0,0.45746183,0.21563834,1.0002779,0.11562536,0.036264256,1.017722e-07,-0.005140543,-0.0006227493,0.0017812252,-0.06404436,-0.068778485,0.012999248,0.49725,0.24619363,1.0,,,,,,,,,,,,,,,,,,,,,,,,,,,,,,,,,,,,,,,,,,,
1327.0,-0.02157727882379295,0.05247092992067337,0.00027780531672760844,0.17261984944343567,0.0,0.45794338,0.21579027,1.0002778,0.11557253,0.03646586,-3.1371516e-07,-0.0049495697,-0.00045108795,0.0017118454,0.045783196,0.041265674,-0.016661406,0.497625,0.24635123,1.0,,,,,,,,,,,,,,,,,,,,,,,,,,,,,,,,,,,,,,,,,,,
1328.0,-0.02163437635022601,0.05245295912027359,0.00027780531672760844,0.17071302235126495,0.0,0.45842475,0.21594302,1.0002778,0.11552675,0.03665963,1.9492737e-07,-0.005216837,-0.00073719025,0.0017659664,-0.0640367,-0.06877576,0.012997898,0.498,0.24650876,1.0,,,,,,,,,,,,,,,,,,,,,,,,,,,,,,,,,,,,,,,,,,,
1329.0,-0.021691398098781428,0.05243482440710068,0.00027782918186858296,0.16882389783859253,0.0,0.45890588,0.21609662,1.0002778,0.115469255,0.03686425,1.301472e-08,-0.005025625,-0.00056552887,0.0016965866,0.045795932,0.041264467,-0.016658533,0.498375,0.24666624,1.0,,,,,,,,,,,,,,,,,,,,,,,,,,,,,,,,,,,,,,,,,,,
1330.0,-0.021747538933347643,0.05241651087999344,0.00027780531672760844,0.1669526994228363,0.0,0.4593868,0.21625105,1.0002779,0.115418814,0.037061032,1.00300845e-07,-0.005293131,-0.00085163116,0.001750946,-0.06402904,-0.06877304,0.012996546,0.49875,0.24682365,1.0,,,,,,,,,,,,,,,,,,,,,,,,,,,,,,,,,,,,,,,,,,,
1331.0,-0.02180337330244711,0.052398037165403366,0.00027780531672760844,0.16509924829006195,0.0,0.45986745,0.21640633,1.0002778,0.11535666,0.037268665,-3.5277137e-07,-0.005101919,-0.0006799698,0.0016813278,0.04580866,0.041263264,-0.016655656,0.499125,0.24698101,1.0,,,,,,,,,,,,,,,,,,,,,,,,,,,,,,,,,,,,,,,,,,,
1332.0,-0.02185868179201916,0.052379388362169266,0.00027780531672760844,0.16326327621936798,0.0,0.46034786,0.21656245,1.0002778,0.11530157,0.037468456,1.6751218e-07,-0.0053691864,-0.0009660721,0.0017356873,-0.064021386,-0.06877032,0.012995189,0.4995,0.24713829,1.0,,,,,,,,,,,,,,,,,,,,,,,,,,,,,,,,,,,,,,,,,,,
1333.0,-0.021913456630164366,0.05236050486564636,0.00027780531672760844,0.16144496202468872,0.0,0.460828,0.21671945,1.0002778,0.11523476,0.037679095,-2.1458805e-08,-0.0051779747,-0.0007946491,0.001666069,0.045821387,0.04126206,-0.016652772,0.499875,0.24729553,1.0,,,,,,,,,,,,,,,,,,,,,,,,,,,,,,,,,,,,,,,,,,,
1334.0,-0.021967704422880523,0.05234146863222122,0.00027780531672760844,0.15964417159557343,0.0,0.4613079,0.21687728,1.0002778,0.115175016,0.03788189,7.030095e-08,-0.0054450035,-0.0010807514,0.0017204285,-0.06401374,-0.0687676,0.012993828,0.50025,0.24745269,1.0,,,,,,,,,,,,,,,,,,,,,,,,,,,,,,,,,,,,,,,,,,,
1335.0,-0.02202142479496997,0.0523221418261528,0.00027780531672760844,0.15786084532737732,0.0,0.4617875,0.21703602,1.0002778,0.11510356,0.038095534,-2.0220067e-08,-0.005253792,-0.00090909004,0.0016510487,0.04583411,0.041260857,-0.016649883,0.500625,0.2476098,1.0,,,,,,,,,,,,,,,,,,,,,,,,,,,,,,,,,,,,,,,,,,,
1336.0,-0.02207462348610461,0.05230266600847244,0.00027780531672760844,0.15609484910964966,0.0,0.46226683,0.2171956,1.0002778,0.11503916,0.038301326,4.9832913e-08,-0.005521059,-0.0011951923,0.0017054081,-0.0640061,-0.06876488,0.012992464,0.501,0.24776684,1.0,,,,,,,,,,,,,,,,,,,,,,,,,,,,,,,,,,,,,,,,,,,
1337.0,-0.022127297959031244,0.052282918244600296,0.00027780531672760844,0.15434622764587402,0.0,0.46274585,0.2173561,1.0002778,0.114963055,0.03851797,-3.7751324e-08,-0.005329609,-0.001023531,0.0016357899,0.045846824,0.041259654,-0.01664699,0.501375,0.24792382,1.0,,,,,,,,,,,,,,,,,,,,,,,,,,,,,,,,,,,,,,,,,,,
1338.0,-0.02217945302555072,0.052262961864471436,0.00027780531672760844,0.15261483192443848,0.0,0.46322456,0.21751747,1.0002778,0.114894,0.03872676,3.3019376e-08,-0.005596876,-0.0013096333,0.0016901493,-0.06399845,-0.06876217,0.012991095,0.50175,0.24808075,1.0,,,,,,,,,,,,,,,,,,,,,,,,,,,,,,,,,,,,,,,,,,,
1339.0,-0.022231082432276526,0.052242688834667206,0.00027780531672760844,0.15090085566043854,0.0,0.46370295,0.21767974,1.0002778,0.11481325,0.03894639,-5.6891704e-08,-0.005405426,-0.0011379719,0.0016207695,0.045859534,0.041258454,-0.01664409,0.502125,0.2482376,1.0,,,,,,,,,,,,,,,,,,,,,,,,,,,,,,,,,,,,,,,,,,,
1340.0,-0.022282199257357572,0.052222173660993576,0.00027780531672760844,0.14920389652252197,0.0,0.46418104,0.21784289,1.0002778,0.11473956,0.03915817,1.5832095e-08,-0.005672455,-0.0014240742,0.0016751289,-0.063990824,-0.06875946,0.012989723,0.5025,0.2483944,1.0,,,,,,,,,,,,,,,,,,,,,,,,,,,,,,,,,,,,,,,,,,,
1341.0,-0.02233279575615416,0.052201420068740845,0.00027780531672760844,0.1475241631269455,0.0,0.46465877,0.21800698,1.0002778,0.11465416,0.039380793,-7.6694576e-08,-0.005481243,-0.0012524128,0.0016055107,0.045872238,0.041257255,-0.016641185,0.502875,0.24855113,1.0,,,,,,,,,,,,,,,,,,,,,,,,,,,,,,,,,,,,,,,,,,,
1342.0,-0.02238288652747251,0.05218032747507095,0.00027780531672760844,0.14586122334003448,0.0,0.46513617,0.21817197,1.0002778,0.114575826,0.039595556,-1.9503237e-09,-0.005748272,-0.0015385151,0.0016601086,-0.06398319,-0.06875675,0.012988347,0.50325,0.2487078,1.0,,,,,,,,,,,,,,,,,,,,,,,,,,,,,,,,,,,,,,,,,,,
1343.0,-0.022432459459560596,0.052158989012241364,0.00027780531672760844,0.1442154198884964,0.0,0.4656132,0.21833788,1.0002778,0.114485785,0.039821163,-9.710711e-08,-0.005556822,-0.0013668537,0.0015904903,0.045884937,0.041256055,-0.016638273,0.503625,0.24886441,1.0,,,,,,,,,,,,,,,,,,,,,,,,,,,,,,,,,,,,,,,,,,,
1344.0,-0.02248152232795874,0.05213729292154312,0.00027780531672760844,0.14258654415607452,0.0,0.46608987,0.21850471,1.0002778,0.11440281,0.040038906,-2.0339412e-08,-0.0058238506,-0.001652956,0.0016448498,-0.06397556,-0.06875405,0.0129869655,0.504,0.24902095,1.0,,,,,,,,,,,,,,,,,,,,,,,,,,,,,,,,,,,,,,,,,,,
1345.0,-0.022530074140480246,0.05211532115936279,0.00027780531672760844,0.14097459614276886,0.0,0.46656615,0.2186725,1.0002778,0.114308126,0.040267494,-1.1812573e-07,-0.005632162,-0.0014812946,0.0015752316,0.045897633,0.041254856,-0.016635356,0.504375,0.24917744,1.0,,,,,,,,,,,,,,,,,,,,,,,,,,,,,,,,,,,,,,,,,,,
1346.0,-0.02257812194976705,0.052093010395765305,0.00027780531672760844,0.1393793672323227,0.0,0.46704206,0.2188412,1.0002778,0.114220515,0.040488213,-3.933516e-08,-0.005899191,-0.0017673969,0.0016298294,-0.063967936,-0.06875134,0.0129855815,0.50475,0.24933386,1.0,,,,,,,,,,,,,,,,,,,,,,,,,,,,,,,,,,,,,,,,,,,
1347.0,-0.022625662253735572,0.052070360630750656,0.00027780531672760844,0.137800931930542,0.0,0.46751758,0.21901086,1.0002778,0.1141212,0.04071977,-1.3974959e-07,-0.005707741,-0.0015957355,0.0015602112,0.045910317,0.04125366,-0.016632434,0.505125,0.24949022,1.0,,,,,,,,,,,,,,,,,,,,,,,,,,,,,,,,,,,,,,,,,,,
1348.0,-0.022672708852720463,0.05204739049077034,0.00027780531672760844,0.13623888790607452,0.0,0.4679927,0.21918146,1.0002778,0.11402895,0.040943462,-5.893691e-08,-0.005974531,-0.0018818378,0.001614809,-0.063960314,-0.06874864,0.012984193,0.5055,0.24964651,1.0,,,,,,,,,,,,,,,,,,,,,,,,,,,,,,,,,,,,,,,,,,,
1349.0,-0.02271925029524973,0.052024055272340775,0.00027780531672760844,0.13469354808330536,0.0,0.46846738,0.21935304,1.0002778,0.113925,0.04117799,-1.6197797e-07,-0.005783081,-0.0017101765,0.0015451908,0.045923002,0.04125246,-0.016629508,0.505875,0.24980275,1.0,,,,,,,,,,,,,,,,,,,,,,,,,,,,,,,,,,,,,,,,,,,
1350.0,-0.022765239889414268,0.05200032517313957,0.00027780531672760844,0.13316470384597778,0.0,0.46894166,0.21952556,1.0002778,0.113828115,0.04140465,-7.9143966e-08,-0.0060498714,-0.0019962788,0.0015997887,-0.0639527,-0.06874594,0.012982801,0.50625,0.24995893,1.0,,,,,,,,,,,,,,,,,,,,,,,,,,,,,,,,,,,,,,,,,,,
1351.0,-0.022810734767462423,0.051976244896650314,0.00027780531672760844,0.13165220618247986,0.0,0.4694155,0.21969907,1.0002778,0.11371954,0.04164214,-1.8481019e-07,-0.005858183,-0.0018246174,0.0015301704,0.04593568,0.041251265,-0.016626574,0.506625,0.25011504,1.0,,,,,,,,,,,,,,,,,,,,,,,,,,,,,,,,,,,,,,,,,,,
1352.0,-0.022855703769160397,0.051951754838228226,0.00027780531672760844,0.1301559954881668,0.0,0.4698889,0.21987353,1.0002778,0.11361802,0.04187176,-9.9955635e-08,-0.0061252117,-0.0021107197,0.0015847683,-0.063945085,-0.06874325,0.012981405,0.507,0.25027108,1.0,,,,,,,,,,,,,,,,,,,,,,,,,,,,,,,,,,,,,,,,,,,
1353.0,-0.02290017439793119,0.05192684382200241,0.0002777814806904644,0.12867623567581177,0.0,0.47036183,0.220049,1.0002778,0.11350482,0.042112213,-2.0824555e-07,-0.005933523,-0.0019390583,0.0015151501,0.04594835,0.041250072,-0.016623635,0.507375,0.25042707,1.0,,,,,,,,,,,,,,,,,,,,,,,,,,,,,,,,,,,,,,,,,,,
1354.0,-0.022944222993352924,0.05190160870552063,0.0002777814806904644,0.1272125244140625,0.0,0.47083434,0.22022544,1.0002778,0.11339868,0.04234479,-1.2137123e-07,-0.0062003136,-0.0022251606,0.0015697479,-0.06393748,-0.068740554,0.012980005,0.50775,0.250583,1.0,,,,,,,,,,,,,,,,,,,,,,,,,,,,,,,,,,,,,,,,,,,
1355.0,-0.022987658235594247,0.05187588930130005,0.0002777814806904644,0.12576504051685333,0.0,0.47130635,0.22040288,1.0002778,0.11328084,0.042588197,-2.3228337e-07,-0.006008625,-0.0020534992,0.0015001297,0.045961015,0.041248877,-0.01662069,0.508125,0.25073886,1.0,,,,,,,,,,,,,,,,,,,,,,,,,,,,,,,,,,,,,,,,,,,
1356.0,-0.02303084551789798,0.0518498532474041,0.0002777814806904644,0.124333456158638,0.0,0.4717779,0.22058132,1.0002778,0.11317008,0.04282373,-1.4339005e-07,-0.0062754154,-0.0023396015,0.0015547276,-0.06392988,-0.068737864,0.0129786,0.5085,0.25089464,1.0,,,,,,,,,,,,,,,,,,,,,,,,,,,,,,,,,,,,,,,,,,,
1357.0,-0.023073206388593465,0.05182322859764099,0.0002777814806904644,0.12291797250509262,0.0,0.4722489,0.22076078,1.0002778,0.113047615,0.043070085,-2.5692296e-07,-0.0060834885,-0.0021679401,0.0014851093,0.045973677,0.041247685,-0.016617741,0.508875,0.25105038,1.0,,,,,,,,,,,,,,,,,,,,,,,,,,,,,,,,,,,,,,,,,,,
1358.0,-0.023115545035183097,0.05179627984762192,0.0002777814806904644,0.12151803076267242,0.0,0.47271946,0.22094123,1.0002778,0.11293223,0.04330856,-1.6601142e-07,-0.006350279,-0.0024540424,0.0015397072,-0.06392228,-0.068735175,0.012977193,0.50925,0.25120604,1.0,,,,,,,,,,,,,,,,,,,,,,,,,,,,,,,,,,,,,,,,,,,
1359.0,-0.023156532749559484,0.05176880210638046,0.0002777814806904644,0.12013404071331024,0.0,0.47318947,0.22112271,1.0002778,0.11280515,0.043557864,-2.8216363e-07,-0.006158352,-0.002282381,0.001470089,0.045986332,0.041246492,-0.016614785,0.509625,0.25136167,1.0,,,,,,,,,,,,,,,,,,,,,,,,,,,,,,,,,,,,,,,,,,,
1360.0,-0.02319816854870424,0.05174093693494797,0.0002777814806904644,0.1187656968832016,0.0,0.473659,0.22130522,1.0002778,0.112685144,0.043799285,-1.8923464e-07,-0.0064251423,-0.0025684834,0.0015246868,-0.06391468,-0.06873249,0.012975781,0.51,0.2515172,1.0,,,,,,,,,,,,,,,,,,,,,,,,,,,,,,,,,,,,,,,,,,,
1361.0,-0.023238104572315933,0.05171259120106697,0.0002777814806904644,0.11741293221712112,0.0,0.47412798,0.22148876,1.0002778,0.11255345,0.044051528,-3.080047e-07,-0.0062332153,-0.002396822,0.0014550686,0.045998983,0.041245304,-0.016611826,0.510375,0.2516727,1.0,,,,,,,,,,,,,,,,,,,,,,,,,,,,,,,,,,,,,,,,,,,
1362.0,-0.023278861804276865,0.051683805882930756,0.0002777576446533203,0.11607566475868225,0.0,0.47459644,0.22167332,1.0002778,0.11242882,0.04429589,-2.1305902e-07,-0.0065000057,-0.0026829243,0.0015099049,-0.06390709,-0.06872981,0.012974365,0.51075,0.2518281,1.0,,,,,,,,,,,,,,,,,,,,,,,,,,,,,,,,,,,,,,,,,,,
1363.0,-0.023317797483628055,0.05165453627705574,0.0002777576446533203,0.11475382000207901,0.0,0.4750643,0.22185896,1.0002778,0.112292506,0.044551067,-3.3444547e-07,-0.0063080788,-0.002511263,0.0014400482,0.046011627,0.041244112,-0.016608858,0.511125,0.25198346,1.0,,,,,,,,,,,,,,,,,,,,,,,,,,,,,,,,,,,,,,,,,,,
1364.0,-0.02335764652716262,0.051624782383441925,0.0002777576446533203,0.11344720423221588,0.0,0.47553167,0.22204562,1.0002778,0.11216327,0.04479836,-2.3748389e-07,-0.0065746307,-0.0027971268,0.0014948845,-0.0638995,-0.06872713,0.012972945,0.5115,0.25213876,1.0,,,,,,,,,,,,,,,,,,,,,,,,,,,,,,,,,,,,,,,,,,,
1365.0,-0.10339566100384909,0.05159463360905647,0.0002777576446533203,0.11215586960315704,1.0,0.47599843,0.22223336,1.0002778,0.11202234,0.04505647,-3.6148526e-07,-0.006382704,-0.0026257038,0.0014252663,0.046024267,0.041242924,-0.016605886,0.511875,0.252294,1.0,,,,,,,,,,,,,,,,,,,,,,,,,,,,,,,,,,,,,,,,,,,
