step,reward,mean_form_error_m,mean_z_error_m,min_dyn_distance_m,collision_flag,x_m,y_m,z_m,vx_mps,vy_mps,vz_mps,roll_rad,pitch_rad,yaw_rad,wx_rps,wy_rps,wz_rps,x_des_m,y_des_m,z_des_m,ic_pos_jitter_d0_x_m,ic_pos_jitter_d0_y_m,ic_pos_jitter_d0_z_m,ic_yaw_jitter_d0_rad,ic_vel_jitter_d0_x_mps,ic_vel_jitter_d0_y_mps,ic_vel_jitter_d0_z_mps,ic_pos_jitter_d1_x_m,ic_pos_jitter_d1_y_m,ic_pos_jitter_d1_z_m,ic_yaw_jitter_d1_rad,ic_vel_jitter_d1_x_mps,ic_vel_jitter_d1_y_mps,ic_vel_jitter_d1_z_mps,ic_pos_jitter_d2_x_m,ic_pos_jitter_d2_y_m,ic_pos_jitter_d2_z_m,ic_yaw_jitter_d2_rad,ic_vel_jitter_d2_x_mps,ic_vel_jitter_d2_y_mps,ic_vel_jitter_d2_z_mps,ic_pos_jitter_d3_x_m,ic_pos_jitter_d3_y_m,ic_pos_jitter_d3_z_m,ic_yaw_jitter_d3_rad,ic_vel_jitter_d3_x_mps,ic_vel_jitter_d3_y_mps,ic_vel_jitter_d3_z_mps,ic_pos_jitter_d4_x_m,ic_pos_jitter_d4_y_m,ic_pos_jitter_d4_z_m,ic_yaw_jitter_d4_rad,ic_vel_jitter_d4_x_mps,ic_vel_jitter_d4_y_mps,ic_vel_jitter_d4_z_mps,ic_obstacle_jitter_x_m,ic_obstacle_jitter_y_m,ic_obstacle_jitter_z_m,ic_dynamic_jitter_x_m,ic_dynamic_jitter_y_m,ic_dynamic_jitter_z_m,episode,max_steps,timestamp_unix
,,,,,,,,,,,,,,,,,,,,,-0.03655413635836635,0.12574986611298833,0.22802616833033845,0.32162700453377513,0.16873338510580865,-0.08580563972537969,-0.11819602849371869,-0.09174037044307617,0.2131471411740538,-0.15875515016191116,-0.10990684351120683,-0.0950044627711789,-0.10395012070363122,-0.17946783018944773,0.07844235734914029,0.2752030696011118,0.24402172632757663,-0.11025917689576004,0.04925202031990811,-0.09611504165466284,0.048331227541254046,-0.0009842268940647991,0.01389130234402225,0.10429139201381538,0.1763745571551344,0.021106778026901946,-0.14557664787876445,0.177159348298711,-0.12748461890875942,-0.2729835059257226,0.08258457926667617,-0.2999722693544071,-0.07367554833905837,-0.1338589310502305,-0.19349788706899212,0.053780692867667956,0.004430972720572857,-0.36474266826019464,-0.03654618283604211,-0.06289407700959587,-0.35500359620264565,22.0,1000.0,1764624866.180911
0.0,-0.002145000296991543,0.0005702839116565883,0.0003802776336669922,1.232218861579895,0.0,0.0,0.0,1.0003799,0.0,0.0,8.466714e-05,0.0,0.0,0.0,0.0,0.0,0.0,0.0,0.0,1.0,,,,,,,,,,,,,,,,,,,,,,,,,,,,,,,,,,,,,,,,,,,,
1.0,-0.002147369339808387,0.0009313368937000632,0.00038063526153564453,1.2321866750717163,0.0,0.0,0.0,1.0003803,0.0,0.0,8.3773164e-05,0.0,0.0,0.0,0.0,0.0,0.0,0.000375,0.0002,1.0,,,,,,,,,,,,,,,,,,,,,,,,,,,,,,,,,,,,,,,,,,,,
2.0,-0.0021486142042293306,0.0013306147884577513,0.0003808736801147461,1.2321385145187378,0.0,0.0,0.0,1.0003806,0.0,0.0,8.2879254e-05,-0.00012803078,0.00023984909,0.0,-0.030714178,0.057589088,0.0,0.00075,0.00039999993,1.0,,,,,,,,,,,,,,,,,,,,,,,,,,,,,,,,,,,,,,,,,,,,
3.0,-0.00215055115439252,0.0017421606462448835,0.00038123130798339844,1.2320741415023804,0.0,4.086638e-08,2.1795401e-08,1.0003809,9.807931e-06,5.230896e-06,8.1983824e-05,0.00020241737,2.1457672e-05,0.0,0.07927969,-0.052410748,-1.2316217e-05,0.001125,0.0005999998,1.0,,,,,,,,,,,,,,,,,,,,,,,,,,,,,,,,,,,,,,,,,,,,
4.0,-0.0021525111276251667,0.0021588322706520557,0.0003815889358520508,1.2319937944412231,0.0,8.539893e-08,9.122879e-09,1.0003812,1.0687812e-05,-3.041405e-06,8.145885e-05,7.43866e-05,0.00026154518,1.1920929e-06,-0.03072544,0.05758821,0.00028527447,0.0015,0.00079999946,1.0,,,,,,,,,,,,,,,,,,,,,,,,,,,,,,,,,,,,,,,,,,,,
5.0,-0.0021544849680737574,0.002578261774033308,0.0003819465637207031,1.2318974733352661,0.0,1.7446254e-07,-1.6206622e-08,1.0003816,2.1375268e-05,-6.0790803e-06,8.047765e-05,0.00040459633,4.3153763e-05,-2.4080276e-05,0.07926684,-0.05241106,-0.0060845534,0.001875,0.000999999,1.0,,,,,,,,,,,,,,,,,,,,,,,,,,,,,,,,,,,,,,,,,,,,
6.0,-0.002156467973276449,0.002999208401888609,0.00038230419158935547,1.2317852973937988,0.0,2.7085505e-07,-1.1044054e-07,1.000382,2.3134204e-05,-2.261614e-05,7.960235e-05,0.00027656555,0.00028300285,7.224083e-05,-0.030735558,0.05757703,0.023127267,0.00225,0.0011999982,1.0,,,,,,,,,,,,,,,,,,,,,,,,,,,,,,,,,,,,,,,,,,,,
7.0,-0.0021584576098095574,0.00342117203399539,0.00038254261016845703,1.2316570281982422,0.0,4.1543836e-07,-2.5175123e-07,1.0003823,3.469999e-05,-3.3914563e-05,7.8704245e-05,0.0006067753,6.4611435e-05,4.673004e-05,0.07925311,-0.052409466,-0.0061006187,0.002625,0.0013999972,1.0,,,,,,,,,,,,,,,,,,,,,,,,,,,,,,,,,,,,,,,,,,,,
8.0,-0.002160453462640908,0.003843819024041295,0.0003829002380371094,1.2315130233764648,0.0,5.710097e-07,-4.9636924e-07,1.0003825,3.7337115e-05,-5.870832e-05,7.78069e-05,0.0004787445,0.00030446053,0.00014328957,-0.030756464,0.057564907,0.023135802,0.003,0.0015999958,1.0,,,,,,,,,,,,,,,,,,,,,,,,,,,,,,,,,,,,,,,,,,,,
9.0,-0.002162454749485187,0.004266972187906504,0.0003832578659057617,1.2313528060913086,0.0,7.784253e-07,-8.224453e-07,1.0003829,4.9779755e-05,-7.8258265e-05,7.728275e-05,0.0008087158,8.606911e-05,0.00011777878,0.079239376,-0.052407872,-0.006116672,0.003375,0.0017999939,1.0,,,,,,,,,,,,,,,,,,,,,,,,,,,,,,,,,,,,,,,,,,,,
10.0,-0.0021644597376041935,0.004690458066761494,0.0003834962844848633,1.2311768531799316,0.0,1.0004816e-06,-1.2861922e-06,1.0003833,5.3293486e-05,-0.000111299254,7.6295066e-05,0.00068068504,0.0003259182,0.00021409988,-0.030777361,0.05755279,0.023144327,0.00375,0.0019999917,1.0,,,,,,,,,,,,,,,,,,,,,,,,,,,,,,,,,,,,,,,,,,,,
11.0,-0.002166470060864231,0.005114261526614428,0.0003838539123535156,1.2309849262237549,0.0,1.2780281e-06,-1.865738e-06,1.0003835,6.661119e-05,-0.00013909099,7.542505e-05,0.0010106564,0.00010752678,0.0001885891,0.07922566,-0.052406278,-0.006132712,0.004125,0.0021999888,1.0,,,,,,,,,,,,,,,,,,,,,,,,,,,,,,,,,,,,,,,,,,,,
12.0,-0.0021684837823828284,0.0055382936261594296,0.00038421154022216797,1.230777382850647,0.0,1.5738615e-06,-2.617281e-06,1.0003839,7.100001e-05,-0.00018037032,7.4883974e-05,0.00088238716,0.00034737587,0.00028514862,-0.030798247,0.057540674,0.02315284,0.0045,0.0023999857,1.0,,,,,,,,,,,,,,,,,,,,,,,,,,,,,,,,,,,,,,,,,,,,
13.0,-0.0021705016369607637,0.0059625329449772835,0.00038444995880126953,1.2305535078048706,0.0,1.928825e-06,-3.5189248e-06,1.0003842,8.519126e-05,-0.00021639452,7.390995e-05,0.0012123585,0.00012874603,0.00025963783,0.07921194,-0.052404687,-0.0061487397,0.004875,0.0025999816,1.0,,,,,,,,,,,,,,,,,,,,,,,,,,,,,,,,,,,,,,,,,,,,
14.0,-0.0021725229057206895,0.006386955268681049,0.0003848075866699219,1.2303142547607422,0.0,2.3057148e-06,-4.62685e-06,1.0003844,9.045352e-05,-0.00026590205,7.302284e-05,0.0010840893,0.00036859512,0.00035619736,-0.030819124,0.05752856,0.023161342,0.00525,0.002799977,1.0,,,,,,,,,,,,,,,,,,,,,,,,,,,,,,,,,,,,,,,,,,,,
15.0,-0.0021745481950682017,0.006811550818383694,0.00038504600524902344,1.2300593852996826,0.0,2.7453686e-06,-5.919141e-06,1.0003848,0.000105516956,-0.0003101499,7.249883e-05,0.0014138222,0.0001502037,0.00033044815,0.079198234,-0.052403096,-0.0061647547,0.005625,0.0029999719,1.0,,,,,,,,,,,,,,,,,,,,,,,,,,,,,,,,,,,,,,,,,,,,
16.0,-0.00217657700783966,0.0072362846694886684,0.0003854036331176758,1.2297885417938232,0.0,3.2105816e-06,-7.45196e-06,1.000385,0.00011165109,-0.0003678764,7.150354e-05,0.001285553,0.00038981438,0.00042700768,-0.030839989,0.057516444,0.023169836,0.006,0.003199966,1.0,,,,,,,,,,,,,,,,,,,,,,,,,,,,,,,,,,,,,,,,,,,,
17.0,-0.0021786094623184914,0.007661179639399052,0.00038564205169677734,1.2295020818710327,0.0,3.7421858e-06,-9.203369e-06,1.0003854,0.000127585,-0.00042033815,7.1005794e-05,0.0016152859,0.00017142296,0.00040125847,0.07918454,-0.052401505,-0.0061807567,0.006375,0.003399959,1.0,,,,,,,,,,,,,,,,,,,,,,,,,,,,,,,,,,,,,,,,,,,,
18.0,-0.0021806454069825125,0.008086202666163445,0.0003858804702758789,1.229199767112732,0.0,4.302975e-06,-1.1229512e-05,1.0003856,0.00013458944,-0.00048627442,7.0001806e-05,0.0014867783,0.00041103363,0.000497818,-0.030860843,0.05750433,0.023178317,0.00675,0.0035999515,1.0,,,,,,,,,,,,,,,,,,,,,,,,,,,,,,,,,,,,,,,,,,,,
19.0,-0.0021826852288279047,0.008511386811733246,0.00038623809814453125,1.2288818359375,0.0,4.933776e-06,-1.3508432e-05,1.0003859,0.00015139222,-0.00054694066,6.9506954e-05,0.0018167496,0.00019264221,0.0004720688,0.079170845,-0.052399915,-0.0061967466,0.007125,0.0037999428,1.0,,,,,,,,,,,,,,,,,,,,,,,,,,,,,,,,,,,,,,,,,,,,
20.0,-0.002184728440099572,0.00893669668585062,0.0003864765167236328,1.228548288345337,0.0,5.5973824e-06,-1.6096257e-05,1.0003862,0.00015926549,-0.000621078,6.886771e-05,0.0016880035,0.00043225288,0.0005686283,-0.030881688,0.05749222,0.023186788,0.0075,0.003999933,1.0,,,,,,,,,,,,,,,,,,,,,,,,,,,,,,,,,,,,,,,,,,,,
21.0,-0.002186775469187706,0.00936214905232191,0.00038683414459228516,1.2281992435455322,0.0,6.334613e-06,-1.8971e-05,1.0003865,0.00017693537,-0.0006899386,6.792014e-05,0.0020177364,0.00021362305,0.0005428791,0.07915716,-0.052398328,-0.006212724,0.007875,0.004199923,1.0,,,,,,,,,,,,,,,,,,,,,,,,,,,,,,,,,,,,,,,,,,,,
22.0,-0.002188825590355555,0.00978772807866335,0.0003870725631713867,1.2278343439102173,0.0,7.1082623e-06,-2.218878e-05,1.0003868,0.00018567583,-0.00077226723,6.738466e-05,0.0018892288,0.00045323372,0.00063943863,-0.030902522,0.057480104,0.023195248,0.00825,0.004399911,1.0,,,,,,,,,,,,,,,,,,,,,,,,,,,,,,,,,,,,,,,,,,,,
23.0,-0.002190879795998627,0.010213487781584263,0.0003873109817504883,1.2274539470672607,0.0,7.959143e-06,-2.5727588e-05,1.0003871,0.00020421144,-0.0008493135,6.6413595e-05,0.0022187233,0.00023460388,0.0006136894,0.07914348,-0.05239674,-0.0062286886,0.008625,0.0045998986,1.0,,,,,,,,,,,,,,,,,,,,,,,,,,,,,,,,,,,,,,,,,,,,
24.0,-0.002191448665358622,0.010639342479407787,0.0003876686096191406,1.227057933807373,0.0,8.850049e-06,-2.9643521e-05,1.0003873,0.00021381749,-0.0009398239,6.588111e-05,0.0020902157,0.00047421455,0.00071024895,-0.030923344,0.057467997,0.023203699,0.009,0.0047998847,1.0,,,,,,,,,,,,,,,,,,,,,,,,,,,,,,,,,,,,,,,,,,,,
25.0,-0.00219430987470696,0.011065354570746422,0.0003879070281982422,1.2266461849212646,0.0,9.821789e-06,-3.391455e-05,1.0003877,0.0002332174,-0.0010250473,6.5278124e-05,0.0018246174,0.00025558472,0.00068449974,-0.06369987,-0.052496612,-0.0061769066,0.009375,0.00499987,1.0,,,,,,,,,,,,,,,,,,,,,,,,,,,,,,,,,,,,,,,,,,,,
26.0,-0.0021948847765117536,0.01149146631360054,0.00038814544677734375,1.2262192964553833,0.0,1.0837082e-05,-3.84954e-05,1.0003879,0.00024367042,-0.0010994038,6.434041e-05,0.0020172596,0.0004951954,0.00078105927,0.0462326,0.05752559,0.023158185,0.00975,0.0051998533,1.0,,,,,,,,,,,,,,,,,,,,,,,,,,,,,,,,,,,,,,,,,,,,
27.0,-0.00219775162083097,0.011917700059711933,0.0003883838653564453,1.2257764339447021,0.0,1.1936774e-05,-4.3418808e-05,1.0003881,0.00026392614,-0.0011816181,6.380589e-05,0.0017518997,0.00027680397,0.00075531006,-0.063698374,-0.05249727,-0.0061755436,0.010125,0.0053998358,1.0,,,,,,,,,,,,,,,,,,,,,,,,,,,,,,,,,,,,,,,,,,,,
28.0,-0.002198332519202086,0.012344004586338997,0.0003886222839355469,1.2253183126449585,0.0,1.3083586e-05,-4.8639504e-05,1.0003884,0.0002752348,-0.0012529669,6.321942e-05,0.0019445419,0.0005161762,0.0008518696,0.046226926,0.057534847,0.023149235,0.0105,0.0055998173,1.0,,,,,,,,,,,,,,,,,,,,,,,,,,,,,,,,,,,,,,,,,,,,
29.0,-0.0022012065139861083,0.012770448811352253,0.0003889799118041992,1.2248446941375732,0.0,1.4318365e-05,-5.4190223e-05,1.0003886,0.00029634713,-0.0013321722,6.2602805e-05,0.0016789436,0.0002977848,0.00082588196,-0.06369688,-0.052497927,-0.006174176,0.010875,0.005799797,1.0,,,,,,,,,,,,,,,,,,,,,,,,,,,,,,,,,,,,,,,,,,,,
30.0,-0.002201793140152586,0.013196947053074837,0.0003892183303833008,1.2243554592132568,0.0,1.5603833e-05,-6.0025694e-05,1.000389,0.00030851224,-0.0014005131,6.203502e-05,0.0018718243,0.0005373955,0.0009224415,0.046221253,0.057544097,0.023140285,0.01125,0.005999775,1.0,,,,,,,,,,,,,,,,,,,,,,,,,,,,,,,,,,,,,,,,,,,,
31.0,-0.0022046725688051085,0.013623562641441822,0.00038945674896240234,1.2238508462905884,0.0,1.698084e-05,-6.617865e-05,1.0003892,0.00033048194,-0.0014767093,6.104645e-05,0.001606226,0.00031876564,0.0008966923,-0.06369539,-0.052498583,-0.006172804,0.011625,0.0061997515,1.0,,,,,,,,,,,,,,,,,,,,,,,,,,,,,,,,,,,,,,,,,,,,
32.0,-0.0022052655040286488,0.014050242491066456,0.0003896951675415039,1.2233304977416992,0.0,1.8412109e-05,-7.260383e-05,1.0003895,0.0003435044,-0.0015420429,6.0565384e-05,0.0017991066,0.0005583763,0.0009930134,0.04621558,0.057553343,0.023131333,0.012,0.006399727,1.0,,,,,,,,,,,,,,,,,,,,,,,,,,,,,,,,,,,,,,,,,,,,
33.0,-0.002208150748813933,0.014476979151368141,0.00038993358612060547,1.222795009613037,0.0,1.9938496e-05,-7.933396e-05,1.0003897,0.0003663327,-0.001615232,5.992475e-05,0.0015335083,0.0003399849,0.0009672642,-0.0636939,-0.052499242,-0.006171427,0.012375,0.0065997005,1.0,,,,,,,,,,,,,,,,,,,,,,,,,,,,,,,,,,,,,,,,,,,,
34.0,-0.002208749032473134,0.014903813600540161,0.00039017200469970703,1.2222439050674438,0.0,2.152272e-05,-8.632379e-05,1.0003899,0.0003802134,-0.0016775586,5.9361395e-05,0.0017261505,0.00057959557,0.0010635853,0.04620991,0.057562586,0.02312238,0.01275,0.0067996723,1.0,,,,,,,,,,,,,,,,,,,,,,,,,,,,,,,,,,,,,,,,,,,,
35.0,-0.002211640906808317,0.015330687165260315,0.0003904104232788086,1.2216776609420776,0.0,2.3205639e-05,-9.360604e-05,1.0003902,0.00040390104,-0.0017477403,5.8740454e-05,0.0014605522,0.00036120415,0.0010378361,-0.06369241,-0.052499898,-0.0061700456,0.013125,0.0069996426,1.0,,,,,,,,,,,,,,,,,,,,,,,,,,,,,,,,,,,,,,,,,,,,
36.0,-0.002212245198371241,0.015757644549012184,0.00039064884185791016,1.2210958003997803,0.0,2.4949977e-05,-0.000101135454,1.0003904,0.00041864085,-0.0018070603,5.8171874e-05,0.0016534328,0.0006008148,0.0011341572,0.046204243,0.057571825,0.023113424,0.0135,0.007199611,1.0,,,,,,,,,,,,,,,,,,,,,,,,,,,,,,,,,,,,,,,,,,,,
37.0,-0.0022151416326378274,0.01618463173508644,0.0003908872604370117,1.2204983234405518,0.0,2.6796595e-05,-0.00010894477,1.0003906,0.0004431887,-0.0018742351,5.7552523e-05,0.0013878345,0.0003824234,0.001108408,-0.06369092,-0.052500557,-0.00616866,0.013875,0.007399578,1.0,,,,,,,,,,,,,,,,,,,,,,,,,,,,,,,,,,,,,,,,,,,,
38.0,-0.002215751768316847,0.01661168411374092,0.0003911256790161133,1.2198858261108398,0.0,2.8708215e-05,-0.000116988725,1.0003909,0.0004587885,-0.0019305493,5.6982968e-05,0.0015804768,0.0006220341,0.0012047291,0.04619858,0.057581056,0.023104466,0.01425,0.007599543,1.0,,,,,,,,,,,,,,,,,,,,,,,,,,,,,,,,,,,,,,,,,,,,
39.0,-0.002218654505017916,0.017038773745298386,0.00039136409759521484,1.2192575931549072,0.0,3.0725703e-05,-0.00012530005,1.0003911,0.0004841975,-0.0019947176,5.636421e-05,0.0013148785,0.00040364265,0.0011789799,-0.06368944,-0.052501213,-0.006167269,0.014625,0.0077995057,1.0,,,,,,,,,,,,,,,,,,,,,,,,,,,,,,,,,,,,,,,,,,,,
40.0,-0.0022192697166523493,0.01746590994298458,0.0003916025161743164,1.2186142206192017,0.0,3.281178e-05,-0.0001338335,1.0003914,0.0005006582,-0.0020480263,5.579392e-05,0.0015075207,0.0006432533,0.001275301,0.046192918,0.057590287,0.023095507,0.015,0.007999467,1.0,,,,,,,,,,,,,,,,,,,,,,,,,,,,,,,,,,,,,,,,,,,,
41.0,-0.0022221786812471798,0.017893055453896523,0.00039184093475341797,1.217955470085144,0.0,3.5007317e-05,-0.00014262178,1.0003916,0.00052692916,-0.0021091886,5.51757e-05,0.0012419224,0.0004248619,0.0012493134,-0.06368796,-0.052501872,-0.0061658737,0.015375,0.008199425,1.0,,,,,,,,,,,,,,,,,,,,,,,,,,,,,,,,,,,,,,,,,,,,
42.0,-0.0022227998873189927,0.018320266157388687,0.00039207935333251953,1.2172812223434448,0.0,3.7275033e-05,-0.00015161966,1.0003918,0.0005442516,-0.002159492,5.460468e-05,0.001434803,0.000664711,0.0013456345,0.046187256,0.05759951,0.023086546,0.01575,0.008399382,1.0,,,,,,,,,,,,,,,,,,,,,,,,,,,,,,,,,,,,,,,,,,,,
43.0,-0.002225713493983511,0.018747474998235703,0.0003923177719116211,1.216591715812683,0.0,3.9655806e-05,-0.00016085987,1.0003921,0.00057138543,-0.002217649,5.3986998e-05,0.0011692047,0.00044631958,0.0013198853,-0.063686475,-0.05250253,-0.006164474,0.016125,0.008599337,1.0,,,,,,,,,,,,,,,,,,,,,,,,,,,,,,,,,,,,,,,,,,,,
44.0,-0.002226339662165295,0.019174719229340553,0.0003924369812011719,1.2158869504928589,0.0,4.211235e-05,-0.00017029715,1.0003923,0.0005895706,-0.002264948,5.341525e-05,0.0013618469,0.00068616867,0.0014162064,0.046181597,0.05760873,0.023077583,0.0165,0.00879929,1.0,,,,,,,,,,,,,,,,,,,,,,,,,,,,,,,,,,,,,,,,,,,,
45.0,-0.002229258810175854,0.01960197277367115,0.00039267539978027344,1.2151669263839722,0.0,4.4685552e-05,-0.00017996423,1.0003924,0.0006175682,-0.0023201,5.2798106e-05,0.0010962486,0.00046777725,0.0013902187,-0.06368499,-0.052503187,-0.006163069,0.016875,0.008999241,1.0,,,,,,,,,,,,,,,,,,,,,,,,,,,,,,,,,,,,,,,,,,,,
46.0,-0.0022298904282361427,0.020029202103614807,0.000392913818359375,1.2144315242767334,0.0,4.7338122e-05,-0.00018981588,1.0003927,0.0006366171,-0.0023643954,5.2593557e-05,0.0012888908,0.0007073879,0.0014865398,0.04617594,0.057617947,0.02306862,0.01725,0.009199189,1.0,,,,,,,,,,,,,,,,,,,,,,,,,,,,,,,,,,,,,,,,,,,,
47.0,-0.0022328153115232035,0.02045648731291294,0.00039315223693847656,1.2136807441711426,0.0,5.0110953e-05,-0.0001998848,1.0003929,0.0006654793,-0.0024165427,5.189057e-05,0.0010232925,0.0004889965,0.0014607906,-0.06368351,-0.052503847,-0.00616166,0.017625,0.009399135,1.0,,,,,,,,,,,,,,,,,,,,,,,,,,,,,,,,,,,,,,,,,,,,
48.0,-0.0022334525180224478,0.020883729681372643,0.0003933906555175781,1.2129144668579102,0.0,5.2966752e-05,-0.00021012579,1.0003932,0.00068539236,-0.002457834,5.1337647e-05,0.0012159348,0.0007288456,0.0015568733,0.046170287,0.05762716,0.023059653,0.018,0.009599078,1.0,,,,,,,,,,,,,,,,,,,,,,,,,,,,,,,,,,,,,,,,,,,,
49.0,-0.0022363827086694893,0.021311022341251373,0.0003935098648071289,1.2121329307556152,0.0,5.594642e-05,-0.00022057153,1.0003934,0.0007151202,-0.0025069776,5.0716808e-05,0.00095033646,0.0005104542,0.0015311241,-0.063682035,-0.052504506,-0.006160246,0.018375,0.009799019,1.0,,,,,,,,,,,,,,,,,,,,,,,,,,,,,,,,,,,,,,,,,,,,
50.0,-0.0022370251214190954,0.021738234907388687,0.00039374828338623047,1.2113361358642578,0.0,5.9012666e-05,-0.0002311768,1.0003935,0.00073589856,-0.0025452657,5.0144004e-05,0.0011429787,0.00075030327,0.0016272068,0.046164636,0.057636365,0.023050684,0.01875,0.009998959,1.0,,,,,,,,,,,,,,,,,,,,,,,,,,,,,,,,,,,,,,,,,,,,
51.0,-0.0022399603705447087,0.02216549590229988,0.00039398670196533203,1.210524082183838,0.0,6.220639e-05,-0.00024197433,1.0003937,0.00076649303,-0.002591406,4.9896124e-05,0.0008773804,0.00053215027,0.0016014576,-0.06368056,-0.052505165,-0.006158828,0.019125,0.010198895,1.0,,,,,,,,,,,,,,,,,,,,,,,,,,,,,,,,,,,,,,,,,,,,
52.0,-0.0022406079131762104,0.022592712193727493,0.0003942251205444336,1.209696888923645,0.0,6.549029e-05,-0.00025291886,1.000394,0.0007881376,-0.0026266915,4.9235157e-05,0.0010700226,0.00077199936,0.0016975403,0.046158984,0.05764557,0.023041714,0.0195,0.010398828,1.0,,,,,,,,,,,,,,,,,,,,,,,,,,,,,,,,,,,,,,,,,,,,
53.0,-0.0022435474330328533,0.023019909858703613,0.0003943443298339844,1.2088543176651,0.0,6.890529e-05,-0.00026404316,1.0003942,0.00081959914,-0.0026698285,4.864041e-05,0.0008044243,0.00055360794,0.0016717911,-0.063679084,-0.052505825,-0.0061574047,0.019875,0.010598759,1.0,,,,,,,,,,,,,,,,,,,,,,,,,,,,,,,,,,,,,,,,,,,,
54.0,-0.0022442006683794304,0.02344706282019615,0.00039458274841308594,1.2079963684082031,0.0,7.2414085e-05,-0.00027530195,1.0003943,0.00084211084,-0.0027021118,4.806028e-05,0.0009970665,0.00079345703,0.0017678738,0.046153337,0.05765477,0.023032743,0.02025,0.010798688,1.0,,,,,,,,,,,,,,,,,,,,,,,,,,,,,,,,,,,,,,,,,,,,
55.0,-0.0022471464268633643,0.023874221369624138,0.0003948211669921875,1.2071231603622437,0.0,7.6057586e-05,-0.00028672797,1.0003946,0.00087444077,-0.0027422465,4.7814847e-05,0.0007314682,0.0005750656,0.0017418861,-0.06367761,-0.05250648,-0.006155977,0.020625,0.010998613,1.0,,,,,,,,,,,,,,,,,,,,,,,,,,,,,,,,,,,,,,,,,,,,
56.0,-0.0022478033831055846,0.02430129610002041,0.0003949403762817383,1.2062348127365112,0.0,7.9798505e-05,-0.00029827602,1.0003948,0.0008978204,-0.0027715282,4.7152105e-05,0.0009241104,0.0008151531,0.0018379688,0.046147693,0.057663962,0.02302377,0.021,0.0111985365,1.0,,,,,,,,,,,,,,,,,,,,,,,,,,,,,,,,,,,,,,,,,,,,
57.0,-0.002250754318130627,0.024728333577513695,0.00039517879486083984,1.2053313255310059,0.0,8.3677754e-05,-0.00030997876,1.0003949,0.00093101914,-0.0028086605,4.65585e-05,0.0006585121,0.0005967617,0.0018122196,-0.063676134,-0.05250714,-0.0061545447,0.021375,0.011398457,1.0,,,,,,,,,,,,,,,,,,,,,,,,,,,,,,,,,,,,,,,,,,,,
58.0,-0.0022514160006196046,0.02515534497797489,0.0003952980041503906,1.2044124603271484,0.0,8.765804e-05,-0.000321791,1.0003952,0.0009552678,-0.0028349413,4.634483e-05,0.0008511543,0.0008368492,0.0019083023,0.04614205,0.057673153,0.023014795,0.02175,0.011598374,1.0,,,,,,,,,,,,,,,,,,,,,,,,,,,,,,,,,,,,,,,,,,,,
59.0,-0.0022543717733532064,0.025582289323210716,0.0003955364227294922,1.2034783363342285,0.0,9.178027e-05,-0.0003337455,1.0003953,0.0009893364,-0.0028690717,4.564616e-05,0.0005853176,0.0006184578,0.0018823147,-0.063674666,-0.0525078,-0.0061531076,0.022125,0.011798289,1.0,,,,,,,,,,,,,,,,,,,,,,,,,,,,,,,,,,,,,,,,,,,,
60.0,-0.002255038879096543,0.026009202003479004,0.00039577484130859375,1.2025290727615356,0.0,9.600716e-05,-0.00034579696,1.0003955,0.0010144548,-0.0028923517,4.5456552e-05,0.0007779598,0.0008585453,0.0019783974,0.04613641,0.05768234,0.023005817,0.0225,0.0119982,1.0,,,,,,,,,,,,,,,,,,,,,,,,,,,,,,,,,,,,,,,,,,,,
61.0,-0.0022579989499013323,0.026436030864715576,0.00039589405059814453,1.2015643119812012,0.0,0.00010037964,-0.00035797813,1.0003958,0.0010493941,-0.0029234812,4.4752596e-05,0.0005123615,0.0006401539,0.0019526482,-0.06367319,-0.05250846,-0.006151666,0.022875,0.012198108,1.0,,,,,,,,,,,,,,,,,,,,,,,,,,,,,,,,,,,,,,,,,,,,
62.0,-0.0022589029357022025,0.026862788945436478,0.0003961324691772461,1.2005846500396729,0.0,0.0001048604,-0.0003702438,1.0003959,0.0010753829,-0.002943761,4.41957e-05,0.00070500374,0.0008802414,0.0020484924,0.04613077,0.05769152,0.02299684,0.02325,0.012398014,1.0,,,,,,,,,,,,,,,,,,,,,,,,,,,,,,,,,,,,,,,,,,,,
63.0,-0.0023079978731010715,0.027289461344480515,0.0003962516784667969,1.1995896100997925,0.0,0.00010949038,-0.00038262666,1.0003961,0.0011111944,-0.00297189,4.3946264e-05,0.00043940544,0.0007531643,0.0020227432,-0.0637166,-0.03059678,-0.006134771,0.023625,0.012597917,1.0,,,,,,,,,,,,,,,,,,,,,,,,,,,,,,,,,,,,,,,,,,,,
64.0,-0.0023096590260760714,0.02771604433655739,0.00039649009704589844,1.1985794305801392,0.0,0.00011424782,-0.0003950815,1.0003963,0.0011417865,-0.0029891622,4.327942e-05,0.00063204765,0.0010845661,0.002118826,0.046083264,0.07960803,0.022993244,0.024,0.012797816,1.0,,,,,,,,,,,,,,,,,,,,,,,,,,,,,,,,,,,,,,,,,,,,
65.0,-0.002313614433551953,0.028142502531409264,0.0003966093063354492,1.1975539922714233,0.0,0.00011918921,-0.000407641,1.0003965,0.0011859328,-0.003014276,4.305139e-05,0.00036621094,0.000957489,0.0020930767,-0.06371945,-0.030607678,-0.0061233793,0.024375,0.012997712,1.0,,,,,,,,,,,,,,,,,,,,,,,,,,,,,,,,,,,,,,,,,,,,
66.0,-0.0023152822339117165,0.028568845242261887,0.0003968477249145508,1.196513295173645,0.0,0.00012429278,-0.0004202599,1.0003966,0.001224856,-0.0030285332,4.2379783e-05,0.00055885315,0.0012888908,0.002188921,0.046078615,0.07960699,0.02297412,0.02475,0.013197605,1.0,,,,,,,,,,,,,,,,,,,,,,,,,,,,,,,,,,,,,,,,,,,,
67.0,-0.00231924326122088,0.028994973748922348,0.00039696693420410156,1.1954574584960938,0.0,0.00012961499,-0.00043297085,1.0003968,0.0012773314,-0.003050631,4.2150677e-05,0.00029325485,0.0011618137,0.0021631718,-0.0637223,-0.03061857,-0.0061119855,0.025125,0.013397493,1.0,,,,,,,,,,,,,,,,,,,,,,,,,,,,,,,,,,,,,,,,,,,,
68.0,-0.002320916482331919,0.02942095324397087,0.0003972053527832031,1.1943861246109009,0.0,0.00013513408,-0.00044572866,1.000397,0.00132458,-0.0030618724,4.1479598e-05,0.00048589706,0.0014932156,0.002259016,0.046073966,0.079605944,0.022954999,0.0255,0.013597379,1.0,,,,,,,,,,,,,,,,,,,,,,,,,,,,,,,,,,,,,,,,,,,,
69.0,-0.0023248827889247527,0.02984674647450447,0.0003973245620727539,1.193299412727356,0.0,0.00014090649,-0.00045856595,1.0003972,0.0013853787,-0.0030809534,4.124818e-05,0.00022006035,0.0013661385,0.0022332668,-0.063725136,-0.03062946,-0.0061005894,0.025875,0.013797263,1.0,,,,,,,,,,,,,,,,,,,,,,,,,,,,,,,,,,,,,,,,,,,,
70.0,-0.0023265612390222295,0.030272293835878372,0.0003974437713623047,1.192197561264038,0.0,0.00014691043,-0.00047143752,1.0003973,0.0014409471,-0.0030891786,4.0577906e-05,0.00041270256,0.0016973019,0.002329111,0.046069317,0.0796049,0.02293588,0.02625,0.013997142,1.0,,,,,,,,,,,,,,,,,,,,,,,,,,,,,,,,,,,,,,,,,,,,
71.0,-0.002330533974051699,0.030697664245963097,0.00039768218994140625,1.1910803318023682,0.0,0.00015320236,-0.00048437604,1.0003974,0.0015100634,-0.0031052425,4.034411e-05,0.00014686584,0.0015702248,0.002303362,-0.063727975,-0.030640343,-0.0060891914,0.026625,0.014197018,1.0,,,,,,,,,,,,,,,,,,,,,,,,,,,,,,,,,,,,,,,,,,,,
72.0,-0.0023322167038676085,0.0311227198690176,0.00039780139923095703,1.1899478435516357,0.0,0.00015976047,-0.00049733627,1.0003977,0.0015739464,-0.003110451,4.0042592e-05,0.00033974648,0.0019016266,0.0023992062,0.046064667,0.07960386,0.022916768,0.027,0.01439689,1.0,,,,,,,,,,,,,,,,,,,,,,,,,,,,,,,,,,,,,,,,,,,,
73.0,-0.0023361931280405325,0.03154755383729935,0.0003979206085205078,1.1887998580932617,0.0,0.0001666412,-0.0005103508,1.0003978,0.0016513737,-0.0031234967,3.9352108e-05,7.367134e-05,0.0017745495,0.0023732185,-0.063730806,-0.030651221,-0.0060777916,0.027375,0.014596758,1.0,,,,,,,,,,,,,,,,,,,,,,,,,,,,,,,,,,,,,,,,,,,,
74.0,-0.0023380213072352572,0.031972065567970276,0.0003981590270996094,1.1876367330551147,0.0,0.00017382271,-0.00052337453,1.0003979,0.0017235653,-0.0031256878,3.915808e-05,0.00026655197,0.002105713,0.0024690628,0.04606002,0.079602815,0.022897659,0.02775,0.014796623,1.0,,,,,,,,,,,,,,,,,,,,,,,,,,,,,,,,,,,,,,,,,,,,
75.0,-0.0023418624545050687,0.03239630162715912,0.00039827823638916016,1.1864583492279053,0.0,0.00018136147,-0.00053644,1.0003982,0.0018092993,-0.0031357151,3.8808095e-05,7.1525574e-07,0.0019786358,0.0024433136,-0.06373363,-0.030662095,-0.006066389,0.028125,0.014996485,1.0,,,,,,,,,,,,,,,,,,,,,,,,,,,,,,,,,,,,,,,,,,,,
76.0,-0.002344063739288119,0.032820168882608414,0.00039839744567871094,1.1852645874023438,0.0,0.00018923561,-0.00054950203,1.0003983,0.0018897927,-0.0031348881,3.8166465e-05,0.00019335747,0.0023097992,0.0025389194,0.04605537,0.07960178,0.022878552,0.0285,0.015196342,1.0,,,,,,,,,,,,,,,,,,,,,,,,,,,,,,,,,,,,,,,,,,,,
77.0,-0.002347540204444713,0.03324374184012413,0.0003986358642578125,1.1840553283691406,0.0,0.00019750155,-0.0005625933,1.0003984,0.0019838274,-0.0031418966,3.7919388e-05,-7.247925e-05,0.002182722,0.0025131702,-0.063736446,-0.030672964,-0.0060549844,0.028875,0.015396195,1.0,,,,,,,,,,,,,,,,,,,,,,,,,,,,,,,,,,,,,,,,,,,,
78.0,-0.0023501165532362673,0.03366692736744881,0.0003987550735473633,1.1828309297561646,0.0,0.00020613745,-0.00057566847,1.0003986,0.0020726186,-0.003138051,3.762179e-05,0.000120162964,0.0025138855,0.002608776,0.046050724,0.07960074,0.02285945,0.02925,0.015596046,1.0,,,,,,,,,,,,,,,,,,,,,,,,,,,,,,,,,,,,,,,,,,,,
79.0,-0.0023532855535254972,0.03408973664045334,0.00039887428283691406,1.1815910339355469,0.0,0.00021519973,-0.0005887603,1.0003988,0.002174947,-0.0031420398,3.6923826e-05,-0.00014567375,0.00238657,0.002583027,-0.06373926,-0.030683829,-0.006043578,0.029625,0.015795892,1.0,,,,,,,,,,,,,,,,,,,,,,,,,,,,,,,,,,,,,,,,,,,,
80.0,-0.002356176692490721,0.03451216220855713,0.0003991127014160156,1.1803358793258667,0.0,0.00022466652,-0.00060182356,1.0003989,0.0022720294,-0.0031351745,3.673236e-05,4.696846e-05,0.0027177334,0.0026786327,0.046046074,0.07959969,0.02284035,0.03,0.015995733,1.0,,,,,,,,,,,,,,,,,,,,,,,,,,,,,,,,,,,,,,,,,,,,
81.0,-0.002359207635326046,0.034934140741825104,0.0003992319107055664,1.1790653467178345,0.0,0.00023459422,-0.0006148908,1.0003991,0.0023826477,-0.0031361433,3.6375222e-05,-0.00021886826,0.0025906563,0.0026528835,-0.06374208,-0.030694688,-0.0060321693,0.030375,0.016195571,1.0,,,,,,,,,,,,,,,,,,,,,,,,,,,,,,,,,,,,,,,,,,,,
82.0,-0.0023622424350825204,0.035355716943740845,0.0003993511199951172,1.1777794361114502,0.0,0.00024496095,-0.0006279169,1.0003992,0.0024880145,-0.0031262585,3.5736073e-05,-2.6226044e-05,0.0029218197,0.0027484894,0.046041425,0.07959865,0.022821257,0.03075,0.016395405,1.0,,,,,,,,,,,,,,,,,,,,,,,,,,,,,,,,,,,,,,,,,,,,
83.0,-0.00236527625133913,0.03577679023146629,0.00039947032928466797,1.1764780282974243,0.0,0.0002558231,-0.0006409344,1.0003994,0.0026069162,-0.003124206,3.548186e-05,-0.00029206276,0.0027945042,0.0027227402,-0.06374488,-0.030705543,-0.0060207583,0.031125,0.016595235,1.0,,,,,,,,,,,,,,,,,,,,,,,,,,,,,,,,,,,,,,,,,,,,
84.0,-0.002368313951513717,0.036197446286678314,0.00039970874786376953,1.1751614809036255,0.0,0.0002671588,-0.00065389817,1.0003995,0.002720564,-0.0031113008,3.5186746e-05,-9.942055e-05,0.0031256676,0.0028181076,0.04603678,0.0795976,0.022802167,0.0315,0.016795062,1.0,,,,,,,,,,,,,,,,,,,,,,,,,,,,,,,,,,,,,,,,,,,,
85.0,-0.0023713504208171367,0.03661756590008736,0.0003998279571533203,1.1738295555114746,0.0,0.0002790244,-0.00066684076,1.0003997,0.002847743,-0.0031062271,3.4849578e-05,-0.00036525726,0.002998352,0.0027923584,-0.06374768,-0.030716391,-0.0060093454,0.031875,0.016994882,1.0,,,,,,,,,,,,,,,,,,,,,,,,,,,,,,,,,,,,,,,,,,,,
86.0,-0.0023743900334396747,0.03703723102807999,0.0003999471664428711,1.1724821329116821,0.0,0.00029139797,-0.00067971705,1.0003998,0.0029696636,-0.0030903008,3.4206278e-05,-0.00017261505,0.0033295155,0.0028879642,0.04603213,0.07959656,0.02278308,0.03225,0.0171947,1.0,,,,,,,,,,,,,,,,,,,,,,,,,,,,,,,,,,,,,,,,,,,,
87.0,-0.0023774286397908106,0.03745632246136665,0.0004000663757324219,1.1711194515228271,0.0,0.00030433596,-0.0006925596,1.0004,0.003105115,-0.003082205,3.3948676e-05,-0.0004386902,0.0032022,0.0028619766,-0.063750476,-0.030727237,-0.00599793,0.032625,0.017394513,1.0,,,,,,,,,,,,,,,,,,,,,,,,,,,,,,,,,,,,,,,,,,,,
88.0,-0.002380469471724262,0.037874896079301834,0.00040018558502197266,1.1697413921356201,0.0,0.0003178164,-0.0007053231,1.0004001,0.003235305,-0.003063257,3.365489e-05,-0.00024580956,0.0035333633,0.0029575825,0.046027485,0.07959551,0.022763997,0.033,0.01759432,1.0,,,,,,,,,,,,,,,,,,,,,,,,,,,,,,,,,,,,,,,,,,,,
89.0,-0.0023835099933172095,0.03829288110136986,0.00040030479431152344,1.1683478355407715,0.0,0.00033189566,-0.0007180404,1.0004002,0.0033790222,-0.0030521387,3.3313056e-05,-0.0005118847,0.0034060478,0.0029315948,-0.06375327,-0.030738076,-0.0059865126,0.033375,0.017794127,1.0,,,,,,,,,,,,,,,,,,,,,,,,,,,,,,,,,,,,,,,,,,,,
90.0,-0.0023865529583284753,0.03871029615402222,0.000400543212890625,1.16693913936615,0.0,0.0003465518,-0.0007306661,1.0004003,0.003517475,-0.0030301684,3.303931e-05,-0.00031924248,0.0037372112,0.0030272007,0.046022836,0.07959447,0.022744916,0.03375,0.017993925,1.0,,,,,,,,,,,,,,,,,,,,,,,,,,,,,,,,,,,,,,,,,,,,
91.0,-0.0023895934502591895,0.039127103984355927,0.0004006624221801758,1.1655150651931763,0.0,0.0003618412,-0.00074323284,1.0004005,0.0036694526,-0.003016027,3.2690594e-05,-0.0005850792,0.0036098957,0.003001213,-0.063756056,-0.030748913,-0.005975093,0.034125,0.018193722,1.0,,,,,,,,,,,,,,,,,,,,,,,,,,,,,,,,,,,,,,,,,,,,
92.0,-0.002392637107732103,0.03954330459237099,0.00040078163146972656,1.1640756130218506,0.0,0.00037774185,-0.0007556955,1.0004007,0.003816161,-0.002991034,3.2050804e-05,-0.00039243698,0.0039408207,0.0030965805,0.04601819,0.07959343,0.022725841,0.0345,0.018393511,1.0,,,,,,,,,,,,,,,,,,,,,,,,,,,,,,,,,,,,,,,,,,,,
93.0,-0.0023956787479024154,0.03995887190103531,0.00040090084075927734,1.1626205444335938,0.0,0.00039431016,-0.00076808664,1.0004008,0.003976394,-0.0029738687,3.1785843e-05,-0.0006585121,0.0038135052,0.0030708313,-0.063758835,-0.030759742,-0.0059636715,0.034875,0.018593298,1.0,,,,,,,,,,,,,,,,,,,,,,,,,,,,,,,,,,,,,,,,,,,,
94.0,-0.0023987224351081204,0.040373750030994415,0.0004010200500488281,1.161150574684143,0.0,0.00041152415,-0.000780361,1.0004009,0.004131355,-0.0029458522,3.1494586e-05,-0.00046563148,0.00414443,0.0031661987,0.04601354,0.079592384,0.02270677,0.03525,0.01879308,1.0,,,,,,,,,,,,,,,,,,,,,,,,,,,,,,,,,,,,,,,,,,,,
95.0,-0.0024017646338860936,0.04078800603747368,0.0004011392593383789,1.1596649885177612,0.0,0.00042944012,-0.00079255126,1.000401,0.0042998362,-0.0029256626,3.1145624e-05,-0.0007317066,0.0040171146,0.003140211,-0.063761614,-0.030770568,-0.005952248,0.035625,0.018992856,1.0,,,,,,,,,,,,,,,,,,,,,,,,,,,,,,,,,,,,,,,,,,,,
96.0,-0.002404807810645734,0.04120153933763504,0.0004012584686279297,1.158164143562317,0.0,0.00044803615,-0.0008046122,1.0004011,0.0044630426,-0.002894622,3.0874355e-05,-0.0005390644,0.004348278,0.0032355785,0.046008896,0.07959134,0.022687702,0.036,0.019192629,1.0,,,,,,,,,,,,,,,,,,,,,,,,,,,,,,,,,,,,,,,,,,,,
97.0,-0.0024078496443105312,0.04161436855792999,0.00040137767791748047,1.1566479206085205,0.0,0.00046736852,-0.00081657636,1.0004013,0.004639767,-0.0028714074,3.0518528e-05,-0.00080513954,0.004220724,0.0032098293,-0.063764386,-0.030781388,-0.005940822,0.036375,0.019392395,1.0,,,,,,,,,,,,,,,,,,,,,,,,,,,,,,,,,,,,,,,,,,,,
98.0,-0.0024108926396837803,0.04202645272016525,0.00040149688720703125,1.1551164388656616,0.0,0.00048741524,-0.0008283986,1.0004014,0.0048112134,-0.0028373422,3.0249139e-05,-0.0006122589,0.0045518875,0.0033049583,0.046004247,0.0795903,0.022668637,0.03675,0.019592158,1.0,,,,,,,,,,,,,,,,,,,,,,,,,,,,,,,,,,,,,,,,,,,,
99.0,-0.0024139329497281257,0.0424378328025341,0.00040161609649658203,1.1535695791244507,0.0,0.0005082326,-0.0008401116,1.0004015,0.004996176,-0.0028111022,2.9890693e-05,-0.00087857246,0.0044243336,0.0032792091,-0.06376715,-0.030792205,-0.005929394,0.037125,0.019791916,1.0,,,,,,,,,,,,,,,,,,,,,,,,,,,,,,,,,,,,,,,,,,,,
100.0,-0.002416975167634082,0.04284841567277908,0.0004017353057861328,1.1520076990127563,0.0,0.0005297987,-0.00085166993,1.0004016,0.005175856,-0.0027740118,2.9622184e-05,-0.00068569183,0.0047552586,0.0033743382,0.0459996,0.07958925,0.022649577,0.0375,0.019991668,1.0,,,,,,,,,,,,,,,,,,,,,,,,,,,,,,,,,,,,,,,,,,,,
101.0,-0.002420014011893901,0.043258216232061386,0.0004018545150756836,1.1504302024841309,0.0,0.00055216975,-0.0008631064,1.0004017,0.0053690504,-0.0027447455,2.926136e-05,-0.00095176697,0.004627943,0.003348589,-0.063769914,-0.030803015,-0.005917964,0.037875,0.020191416,1.0,,,,,,,,,,,,,,,,,,,,,,,,,,,,,,,,,,,,,,,,,,,,
102.0,-0.0024230543106585557,0.04366723448038101,0.0004019737243652344,1.148837685585022,0.0,0.0005753237,-0.0008743757,1.0004019,0.005556959,-0.0027046294,2.8993676e-05,-0.00075912476,0.004958868,0.003443718,0.045994956,0.079588205,0.022630522,0.03825,0.020391157,1.0,,,,,,,,,,,,,,,,,,,,,,,,,,,,,,,,,,,,,,,,,,,,
103.0,-0.002426091120945019,0.044075414538383484,0.00040209293365478516,1.1472299098968506,0.0,0.00059931696,-0.0008855104,1.000402,0.005758379,-0.0026723365,2.8630486e-05,-0.0010251999,0.004831314,0.0034177303,-0.06377266,-0.030813823,-0.005906532,0.038625,0.020590896,1.0,,,,,,,,,,,,,,,,,,,,,,,,,,,,,,,,,,,,,,,,,,,,
104.0,-0.002429129193849638,0.0444827675819397,0.00040221214294433594,1.1456069946289062,0.0,0.00062412745,-0.0008964654,1.0004021,0.0059545105,-0.002629194,2.8363625e-05,-0.0008325577,0.005162239,0.0035128593,0.04599031,0.07958716,0.022611469,0.039,0.020790627,1.0,,,,,,,,,,,,,,,,,,,,,,,,,,,,,,,,,,,,,,,,,,,,
105.0,-0.002432164055798492,0.04488924890756607,0.0004023313522338867,1.1439688205718994,0.0,0.0006498114,-0.0009072732,1.0004022,0.0061641512,-0.002593874,2.7998072e-05,-0.0010986328,0.0050349236,0.0034871101,-0.06377542,-0.030824624,-0.0058950977,0.039375,0.020990355,1.0,,,,,,,,,,,,,,,,,,,,,,,,,,,,,,,,,,,,,,,,,,,,
106.0,-0.0024351993388223923,0.045294877141714096,0.0004024505615234375,1.14231538772583,0.0,0.0006763468,-0.00091788865,1.0004023,0.0063684992,-0.0025477046,2.773203e-05,-0.0009059906,0.0053658485,0.0035822392,0.04598566,0.07958612,0.02259242,0.03975,0.021190077,1.0,,,,,,,,,,,,,,,,,,,,,,,,,,,,,,,,,,,,,,,,,,,,
107.0,-0.002438230690104853,0.04569960758090019,0.0004025697708129883,1.1406466960906982,0.0,0.00070378993,-0.00092834426,1.0004025,0.0065863547,-0.0025093567,2.7364114e-05,-0.0011720657,0.0052382946,0.0035562515,-0.06377816,-0.03083542,-0.0058836616,0.040125,0.021389794,1.0,,,,,,,,,,,,,,,,,,,,,,,,,,,,,,,,,,,,,,,,,,,,
108.0,-0.002441262802534959,0.046103425323963165,0.00040268898010253906,1.1389631032943726,0.0,0.0007321188,-0.0009385949,1.0004026,0.0067989137,-0.0024601598,2.7098895e-05,-0.0009791851,0.0055692196,0.0036513805,0.045981016,0.07958507,0.022573374,0.0405,0.021589505,1.0,,,,,,,,,,,,,,,,,,,,,,,,,,,,,,,,,,,,,,,,,,,,
109.0,-0.0024442905599379085,0.046506330370903015,0.00040280818939208984,1.1372642517089844,0.0,0.0007613895,-0.00094867323,1.0004027,0.007024978,-0.0024187835,2.6728618e-05,-0.0012454987,0.0054416656,0.003625393,-0.063780904,-0.030846212,-0.005872223,0.040875,0.02178921,1.0,,,,,,,,,,,,,,,,,,,,,,,,,,,,,,,,,,,,,,,,,,,,
110.0,-0.0024473188599537584,0.046908266842365265,0.0004029273986816406,1.1355502605438232,0.0,0.0007915801,-0.0009585339,1.0004028,0.0072457427,-0.0023665586,2.6464219e-05,-0.001052618,0.005772352,0.003720522,0.04597637,0.079584025,0.022554332,0.04125,0.02198891,1.0,,,,,,,,,,,,,,,,,,,,,,,,,,,,,,,,,,,,,,,,,,,,
111.0,-0.002450342500563001,0.04730925336480141,0.0004030466079711914,1.1338211297988892,0.0,0.00082274684,-0.0009682095,1.0004029,0.00748001,-0.0023221534,2.6091582e-05,-0.0013189316,0.0056447983,0.0036945343,-0.063783646,-0.030856999,-0.005860782,0.041625,0.022188606,1.0,,,,,,,,,,,,,,,,,,,,,,,,,,,,,,,,,,,,,,,,,,,,
112.0,-0.0024533665089056275,0.04770924896001816,0.0004031658172607422,1.1320769786834717,0.0,0.0008548675,-0.0009776549,1.000403,0.007708974,-0.0022669,2.5828002e-05,-0.0011262894,0.0059757233,0.0037896633,0.045971725,0.07958298,0.022535296,0.042,0.022388294,1.0,,,,,,,,,,,,,,,,,,,,,,,,,,,,,,,,,,,,,,,,,,,,
113.0,-0.002456385498305561,0.048108235001564026,0.00040328502655029297,1.1303178071975708,0.0,0.00088799855,-0.0009869027,1.0004032,0.007951439,-0.0022194653,2.5453006e-05,-0.0013923645,0.0058481693,0.0037636757,-0.06378637,-0.030867781,-0.0058493395,0.042375,0.022587977,1.0,,,,,,,,,,,,,,,,,,,,,,,,,,,,,,,,,,,,,,,,,,,,
114.0,-0.002459404135875317,0.048506222665309906,0.0004033565637655556,1.128543734550476,0.0,0.0009221177,-0.0009959076,1.0004033,0.008188597,-0.0021611827,2.5190246e-05,-0.0011997223,0.0061790943,0.0038585663,0.04596708,0.07958193,0.022516262,0.04275,0.022787657,1.0,,,,,,,,,,,,,,,,,,,,,,,,,,,,,,,,,,,,,,,,,,,,
115.0,-0.0024624176842110374,0.04890315979719162,0.00040340423583984375,1.1267544031143188,0.0,0.00095728127,-0.0010047023,1.0004034,0.008439253,-0.0021107178,2.4812893e-05,-0.0014660358,0.006051302,0.0038325787,-0.0637891,-0.030878559,-0.005837895,0.043125,0.022987328,1.0,,,,,,,,,,,,,,,,,,,,,,,,,,,,,,,,,,,,,,,,,,,,
116.0,-0.002465430463624111,0.04929904639720917,0.00040352344512939453,1.1249502897262573,0.0,0.000993467,-0.0010132415,1.0004034,0.0086846,-0.0020494056,2.455095e-05,-0.0012731552,0.006382227,0.0039274693,0.045962434,0.07958089,0.022497231,0.0435,0.023186995,1.0,,,,,,,,,,,,,,,,,,,,,,,,,,,,,,,,,,,,,,,,,,,,
117.0,-0.002468438987033366,0.049693889915943146,0.0004036426544189453,1.123131275177002,0.0,0.0010307315,-0.0010215577,1.0004035,0.008943444,-0.0019959097,2.4539164e-05,-0.0015394688,0.0062544346,0.00390172,-0.06379183,-0.03088933,-0.005826448,0.043875,0.023386655,1.0,,,,,,,,,,,,,,,,,,,,,,,,,,,,,,,,,,,,,,,,,,,,
118.0,-0.0024714460813535367,0.050087593495845795,0.0004037618637084961,1.1212972402572632,0.0,0.0010690521,-0.001029606,1.0004036,0.0091969725,-0.0019315673,2.419167e-05,-0.0013465881,0.0065853596,0.0039966106,0.04595779,0.07957984,0.022478206,0.04425,0.02358631,1.0,,,,,,,,,,,,,,,,,,,,,,,,,,,,,,,,,,,,,,,,,,,,
119.0,-0.0024744473392614968,0.05048023909330368,0.0004038810729980469,1.1194484233856201,0.0,0.0011084855,-0.0010374186,1.0004038,0.009463995,-0.0018750409,2.382988e-05,-0.0016129017,0.006457567,0.003970623,-0.063794546,-0.030900098,-0.005814999,0.044625,0.02378596,1.0,,,,,,,,,,,,,,,,,,,,,,,,,,,,,,,,,,,,,,,,,,,,
120.0,-0.0024774479322776885,0.050871700048446655,0.00040400028228759766,1.117584466934204,0.0,0.0011490092,-0.0010449506,1.0004039,0.0097257,-0.0018076675,2.3564817e-05,-0.0014202595,0.006788492,0.0040655136,0.045953143,0.079578795,0.022459183,0.045,0.023985602,1.0,,,,,,,,,,,,,,,,,,,,,,,,,,,,,,,,,,,,,,,,,,,,
121.0,-0.002480441811342719,0.05126207321882248,0.00040400028228759766,1.1157060861587524,0.0,0.0011906796,-0.0010522343,1.000404,0.010000897,-0.0017481095,2.3181512e-05,-0.001686573,0.0066607,0.004039526,-0.06379726,-0.030910863,-0.005803548,0.045375,0.02418524,1.0,,,,,,,,,,,,,,,,,,,,,,,,,,,,,,,,,,,,,,,,,,,,
122.0,-0.0024834350557146542,0.051651228219270706,0.00040411949157714844,1.1138126850128174,0.0,0.0012334745,-0.0010592248,1.000404,0.0102707725,-0.0016777049,2.2921766e-05,-0.0014936924,0.006991625,0.004134178,0.045948498,0.079577744,0.022440163,0.04575,0.024384871,1.0,,,,,,,,,,,,,,,,,,,,,,,,,,,,,,,,,,,,,,,,,,,,
123.0,-0.0024864222793192802,0.0520392470061779,0.0004042387008666992,1.1119046211242676,0.0,0.0012774501,-0.0010659544,1.0004041,0.0105541395,-0.001615114,2.2902974e-05,-0.001760006,0.0068638325,0.0041081905,-0.06379996,-0.03092162,-0.005792095,0.046125,0.024584496,1.0,,,,,,,,,,,,,,,,,,,,,,,,,,,,,,,,,,,,,,,,,,,,
124.0,-0.0024894073548772963,0.052426040172576904,0.00040435791015625,1.109981656074524,0.0,0.0013225841,-0.0010723781,1.0004042,0.01083218,-0.0015416777,2.2557924e-05,-0.0015673637,0.007194519,0.004203081,0.045943853,0.0795767,0.02242115,0.0465,0.024784114,1.0,,,,,,,,,,,,,,,,,,,,,,,,,,,,,,,,,,,,,,,,,,,,
125.0,-0.002492385594739285,0.05281161516904831,0.00040435791015625,1.1080440282821655,0.0,0.0013689329,-0.0010785284,1.0004044,0.011123708,-0.0014760547,2.2189075e-05,-0.0018336773,0.0070667267,0.0041770935,-0.06380267,-0.030932372,-0.0057806396,0.046875,0.024983726,1.0,,,,,,,,,,,,,,,,,,,,,,,,,,,,,,,,,,,,,,,,,,,,
126.0,-0.0024953630730360312,0.053196001797914505,0.0004044771194458008,1.1060917377471924,0.0,0.0014164742,-0.00108436,1.0004044,0.0114099085,-0.0013995859,2.1926464e-05,-0.0016407967,0.0073976517,0.0042717457,0.045939207,0.07957565,0.022402138,0.04725,0.025183333,1.0,,,,,,,,,,,,,,,,,,,,,,,,,,,,,,,,,,,,,,,,,,,,
127.0,-0.0024983330759596983,0.05357908457517624,0.00040459632873535156,1.104124903678894,0.0,0.0014652642,-0.0010899055,1.0004045,0.011709595,-0.001330929,2.1904025e-05,-0.0019073486,0.0072698593,0.004245758,-0.063805364,-0.030943122,-0.005769182,0.047625,0.025382934,1.0,,,,,,,,,,,,,,,,,,,,,,,,,,,,,,,,,,,,,,,,,,,,
128.0,-0.002501300969322356,0.05396091192960739,0.00040471553802490234,1.1021435260772705,0.0,0.0015152807,-0.0010951197,1.0004046,0.012003948,-0.0012514275,2.1560363e-05,-0.001714468,0.007600546,0.00434041,0.04593456,0.07957461,0.022383131,0.048,0.025582528,1.0,,,,,,,,,,,,,,,,,,,,,,,,,,,,,,,,,,,,,,,,,,,,
129.0,-0.002504260980440239,0.05434144660830498,0.00040471553802490234,1.1001473665237427,0.0,0.0015665798,-0.0011000354,1.0004047,0.012311785,-0.0011797374,2.118687e-05,-0.0019807816,0.0074727535,0.0043144226,-0.063808054,-0.030953865,-0.005757723,0.048375,0.025782114,1.0,,,,,,,,,,,,,,,,,,,,,,,,,,,,,,,,,,,,,,,,,,,,
130.0,-0.002507219408822443,0.05472069978713989,0.0004048347473144531,1.0981369018554688,0.0,0.0016191393,-0.001104607,1.0004047,0.012614286,-0.0010972024,2.0925881e-05,-0.0017881393,0.00780344,0.004409075,0.045929916,0.07957356,0.022364127,0.04875,0.025981696,1.0,,,,,,,,,,,,,,,,,,,,,,,,,,,,,,,,,,,,,,,,,,,,
131.0,-0.0025101699488374084,0.055098600685596466,0.0004049539566040039,1.09611177444458,0.0,0.0016730154,-0.0011088673,1.0004048,0.012930269,-0.0010224774,2.0898742e-05,-0.002054453,0.0076756477,0.004383087,-0.06381074,-0.030964604,-0.005746261,0.049125,0.02618127,1.0,,,,,,,,,,,,,,,,,,,,,,,,,,,,,,,,,,,,,,,,,,,,
132.0,-0.002513118269325386,0.05547517538070679,0.0004050731658935547,1.0940724611282349,0.0,0.0017281859,-0.0011127711,1.000405,0.013240911,-0.00093690865,2.0556716e-05,-0.0018615723,0.008006334,0.0044777393,0.045925274,0.07957251,0.022345128,0.0495,0.026380837,1.0,,,,,,,,,,,,,,,,,,,,,,,,,,,,,,,,,,,,,,,,,,,,
133.0,-0.002516057460157487,0.055850375443696976,0.0004050731658935547,1.0920183658599854,0.0,0.0017847068,-0.0011163509,1.0004051,0.013565032,-0.0008591495,2.0178526e-05,-0.0021281242,0.0078783035,0.0044517517,-0.063813426,-0.030975338,-0.0057347976,0.049875,0.026580399,1.0,,,,,,,,,,,,,,,,,,,,,,,,,,,,,,,,,,,,,,,,,,,,
134.0,-0.002518995626674648,0.05622420832514763,0.00040519237518310547,1.0899503231048584,0.0,0.001842556,-0.0011195615,1.0004051,0.0138838105,-0.0007705462,1.9919169e-05,-0.0019352436,0.00820899,0.004546404,0.04592063,0.07957146,0.02232613,0.05025,0.026779953,1.0,,,,,,,,,,,,,,,,,,,,,,,,,,,,,,,,,,,,,,,,,,,,
135.0,-0.002521925700423662,0.056596629321575165,0.00040531158447265625,1.0878674983978271,0.0,0.0019017897,-0.0011224354,1.0004052,0.014216067,-0.0006897511,1.9887335e-05,-0.0022017956,0.008081198,0.0045204163,-0.06381611,-0.030986067,-0.005723332,0.050625,0.026979502,1.0,,,,,,,,,,,,,,,,,,,,,,,,,,,,,,,,,,,,,,,,,,,,
136.0,-0.0025248525108677094,0.05696764588356018,0.00040531158447265625,1.085770606994629,0.0,0.0019623854,-0.0011249277,1.0004053,0.014542975,-0.00059811305,1.954694e-05,-0.0020108223,0.008411884,0.00461483,0.04547504,0.07956842,0.022310702,0.051,0.027179042,1.0,,,,,,,,,,,,,,,,,,,,,,,,,,,,,,,,,,,,,,,,,,,,
137.0,-0.002527818644455309,0.05733724683523178,0.00040543079376220703,1.0836594104766846,0.0,0.0020243993,-0.0011270702,1.0004053,0.014883357,-0.0005142078,1.9163908e-05,-0.0022790432,0.0082838535,0.0045888424,-0.06425962,-0.03099887,-0.0057080984,0.051375,0.027378578,1.0,,,,,,,,,,,,,,,,,,,,,,,,,,,,,,,,,,,,,,,,,,,,
138.0,-0.002530781497137541,0.057705365121364594,0.0004055500030517578,1.0815340280532837,0.0,0.0020878094,-0.0011288176,1.0004054,0.015218392,-0.00041938317,1.9273943e-05,-0.00208807,0.00861454,0.004683256,0.0454706,0.07956741,0.022291511,0.05175,0.027578104,1.0,,,,,,,,,,,,,,,,,,,,,,,,,,,,,,,,,,,,,,,,,,,,
139.0,-0.0025337437013679904,0.0580720528960228,0.0004055500030517578,1.0793944597244263,0.0,0.0021526713,-0.0011302021,1.0004056,0.015566894,-0.0003322918,1.8783048e-05,-0.0023565292,0.008486509,0.0046572685,-0.06426208,-0.031009663,-0.005696427,0.052125,0.027777625,1.0,,,,,,,,,,,,,,,,,,,,,,,,,,,,,,,,,,,,,,,,,,,,
140.0,-0.002536702684066628,0.05843721702694893,0.0004056692123413086,1.0772407054901123,0.0,0.0022189633,-0.0011311783,1.0004056,0.015910044,-0.00023428201,1.8550703e-05,-0.002182722,0.008817196,0.0047516823,0.04131209,0.07954705,0.022307578,0.0525,0.027977139,1.0,,,,,,,,,,,,,,,,,,,,,,,,,,,,,,,,,,,,,,,,,,,,
141.0,-0.002539652421993798,0.05880089849233627,0.0004057884216308594,1.075073003768921,0.0,0.002286741,-0.0011317753,1.0004057,0.016266663,-0.0001432954,1.8504425e-05,-0.002468586,0.008689165,0.0047256947,-0.068417616,-0.03104061,-0.0056475913,0.052875,0.028176645,1.0,,,,,,,,,,,,,,,,,,,,,,,,,,,,,,,,,,,,,,,,,,,,
142.0,-0.0025425975112811283,0.05916302651166916,0.0004057884216308594,1.0728908777236938,0.0,0.0023559823,-0.0011319449,1.0004058,0.016617917,-4.0684867e-05,1.8166007e-05,-0.0022947788,0.009019852,0.0048201084,0.041309576,0.07954634,0.02228649,0.05325,0.028376145,1.0,,,,,,,,,,,,,,,,,,,,,,,,,,,,,,,,,,,,,,,,,,,,
143.0,-0.002545533782624603,0.059523604810237885,0.00040590763092041016,1.0706948041915894,0.0,0.0024267433,-0.0011317162,1.0004058,0.016982634,5.4902157e-05,1.7774773e-05,-0.0025804043,0.008891821,0.004794121,-0.06841811,-0.03105208,-0.0056340136,0.053625,0.028575638,1.0,,,,,,,,,,,,,,,,,,,,,,,,,,,,,,,,,,,,,,,,,,,,
144.0,-0.002548464955357006,0.05988262966275215,0.00040590763092041016,1.068484902381897,0.0,0.0024990016,-0.0011310406,1.0004059,0.01734199,0.00016211397,1.7885e-05,-0.0024068356,0.0092225075,0.0048885345,0.041307062,0.07954564,0.022265403,0.054,0.028775124,1.0,,,,,,,,,,,,,,,,,,,,,,,,,,,,,,,,,,,,,,,,,,,,
145.0,-0.002551386730188934,0.06024008244276047,0.00040602684020996094,1.0662610530853271,0.0,0.0025728133,-0.0011299477,1.0004059,0.017714804,0.000262301,1.7386523e-05,-0.002692461,0.009094477,0.0048623085,-0.068418585,-0.031063545,-0.005620435,0.054375,0.028974602,1.0,,,,,,,,,,,,,,,,,,,,,,,,,,,,,,,,,,,,,,,,,,,,
146.0,-0.002554303378941725,0.06059587746858597,0.0004061460494995117,1.0640231370925903,0.0,0.002648156,-0.0011283889,1.000406,0.018082254,0.0003741121,1.7521685e-05,-0.0025186539,0.009424925,0.0049567223,0.041304547,0.07954493,0.022244321,0.05475,0.029174073,1.0,,,,,,,,,,,,,,,,,,,,,,,,,,,,,,,,,,,,,,,,,,,,
147.0,-0.0025572098188719385,0.060950033366680145,0.0004061460494995117,1.0617715120315552,0.0,0.002725086,-0.0011263936,1.0004061,0.018463157,0.00047889844,1.701542e-05,-0.0028045177,0.009296894,0.0049307346,-0.06841906,-0.031075003,-0.0056068553,0.055125,0.029373536,1.0,,,,,,,,,,,,,,,,,,,,,,,,,,,,,,,,,,,,,,,,,,,,
148.0,-0.002560111619724097,0.06130261346697807,0.0004062652587890625,1.0595059394836426,0.0,0.0028035804,-0.0011239131,1.0004061,0.01883869,0.0005953068,1.6784257e-05,-0.0026307106,0.009627581,0.00502491,0.04130203,0.079544224,0.022223245,0.0555,0.029572992,1.0,,,,,,,,,,,,,,,,,,,,,,,,,,,,,,,,,,,,,,,,,,,,
149.0,-0.0025630026748325895,0.061653465032577515,0.0004062652587890625,1.057226538658142,0.0,0.0028836958,-0.0011209769,1.0004063,0.019227682,0.00070469273,1.6729955e-05,-0.0029165745,0.009499311,0.0049989223,-0.06841954,-0.031086454,-0.0055932747,0.055875,0.029772442,1.0,,,,,,,,,,,,,,,,,,,,,,,,,,,,,,,,,,,,,,,,,,,,
150.0,-0.0025658881413603224,0.06200266629457474,0.0004063844680786133,1.0549333095550537,0.0,0.0029654095,-0.0011175364,1.0004063,0.019611295,0.0008256981,1.6392467e-05,-0.0027427673,0.009829998,0.0050930977,0.04129951,0.079543516,0.022202171,0.05625,0.029971883,1.0,,,,,,,,,,,,,,,,,,,,,,,,,,,,,,,,,,,,,,,,,,,,
151.0,-0.00256876275964855,0.06235014274716377,0.00040645600529387593,1.052626371383667,0.0,0.0030487776,-0.0011136212,1.0004064,0.020008367,0.0009396816,1.636119e-05,-0.0030283928,0.009701729,0.00506711,-0.06842001,-0.031097898,-0.005579693,0.056625,0.030171316,1.0,,,,,,,,,,,,,,,,,,,,,,,,,,,,,,,,,,,,,,,,,,,,
152.0,-0.0025716321221014244,0.06269589066505432,0.00040650367736816406,1.0503058433532715,0.0,0.0031337778,-0.0011091825,1.0004065,0.020400055,0.0010652833,1.601806e-05,-0.0028545856,0.010032415,0.005161047,0.04129699,0.07954281,0.022181105,0.057,0.030370744,1.0,,,,,,,,,,,,,,,,,,,,,,,,,,,,,,,,,,,,,,,,,,,,
153.0,-0.0025744899319559145,0.06303989887237549,0.00040662288665771484,1.0479716062545776,0.0,0.0032204662,-0.0011042496,1.0004065,0.020805193,0.0011838623,1.5618263e-05,-0.0031404495,0.009904146,0.0051350594,-0.06842047,-0.031109337,-0.0055661104,0.057375,0.030570162,1.0,,,,,,,,,,,,,,,,,,,,,,,,,,,,,,,,,,,,,,,,,,,,
154.0,-0.0025773415725571327,0.06338213384151459,0.00040662288665771484,1.045623779296875,0.0,0.00330882,-0.0010987744,1.0004066,0.021204954,0.0013140609,1.5729303e-05,-0.0029666424,0.010234833,0.0052292347,0.04129447,0.0795421,0.02216004,0.05775,0.030769574,1.0,,,,,,,,,,,,,,,,,,,,,,,,,,,,,,,,,,,,,,,,,,,,
155.0,-0.0025801816097894533,0.06372258812189102,0.0004067420959472656,1.0432623624801636,0.0,0.0033988957,-0.001092786,1.0004066,0.021618158,0.001437235,1.5220975e-05,-0.0032525063,0.010106564,0.005203247,-0.06842093,-0.03112077,-0.0055525266,0.058125,0.030968977,1.0,,,,,,,,,,,,,,,,,,,,,,,,,,,,,,,,,,,,,,,,,,,,
156.0,-0.0025830152501530625,0.0640612319111824,0.0004067420959472656,1.0408873558044434,0.0,0.0034906708,-0.0010862359,1.0004067,0.022025982,0.0015720283,1.5357251e-05,-0.003078699,0.010437012,0.005297184,0.041291945,0.07954139,0.022138981,0.0585,0.031168373,1.0,,,,,,,,,,,,,,,,,,,,,,,,,,,,,,,,,,,,,,,,,,,,
157.0,-0.0025858372410490485,0.06439805775880814,0.0004068613052368164,1.038498878479004,0.0,0.003584201,-0.0010791534,1.0004067,0.022447245,0.001699797,1.4841067e-05,-0.0033643246,0.010308981,0.0052711964,-0.068421386,-0.031132195,-0.005538942,0.058875,0.03136776,1.0,,,,,,,,,,,,,,,,,,,,,,,,,,,,,,,,,,,,,,,,,,,,
158.0,-0.002588652560205752,0.06473300606012344,0.0004068613052368164,1.0360970497131348,0.0,0.0036794639,-0.0010714901,1.0004069,0.022863125,0.0018391836,1.4978949e-05,-0.0031905174,0.010639429,0.0053651333,0.041289423,0.07954068,0.022117926,0.05925,0.03156714,1.0,,,,,,,,,,,,,,,,,,,,,,,,,,,,,,,,,,,,,,,,,,,,
159.0,-0.0025914553577546773,0.06506612151861191,0.0004069805145263672,1.0336816310882568,0.0,0.0037765158,-0.0010632753,1.0004069,0.023292443,0.001971546,1.4460461e-05,-0.0034763813,0.01051116,0.0053391457,-0.06842184,-0.031143615,-0.0055253557,0.059625,0.03176651,1.0,,,,,,,,,,,,,,,,,,,,,,,,,,,,,,,,,,,,,,,,,,,,
160.0,-0.0025942515849931977,0.06539734452962875,0.0004069805145263672,1.0312528610229492,0.0,0.003875334,-0.0010544606,1.000407,0.023716372,0.0021155253,1.4598644e-05,-0.0033025742,0.010841608,0.0054330826,0.041286897,0.07953997,0.022096874,0.06,0.031965878,1.0,,,,,,,,,,,,,,,,,,,,,,,,,,,,,,,,,,,,,,,,,,,,
161.0,-0.002597035105103221,0.06572668254375458,0.00040709972381591797,1.028810739517212,0.0,0.0039759744,-0.0010450752,1.000407,0.024153737,0.0022524802,1.40781585e-05,-0.003588438,0.010713339,0.0054068565,-0.06842229,-0.03115503,-0.005511769,0.060375,0.032165233,1.0,,,,,,,,,,,,,,,,,,,,,,,,,,,,,,,,,,,,,,,,,,,,
162.0,-0.00259981079860941,0.06605406105518341,0.00040709972381591797,1.0263551473617554,0.0,0.004078415,-0.0010350709,1.0004071,0.02458571,0.002401051,1.4216572e-05,-0.003414631,0.011043787,0.0055007935,0.04128437,0.079539254,0.022075828,0.06075,0.03236458,1.0,,,,,,,,,,,,,,,,,,,,,,,,,,,,,,,,,,,,,,,,,,,,
163.0,-0.0026025738116711595,0.06637953221797943,0.00040721893310546875,1.0238865613937378,0.0,0.0041827112,-0.0010244767,1.0004071,0.025031118,0.0025425977,1.3694104e-05,-0.0037004948,0.010915518,0.005474806,-0.06842273,-0.031166436,-0.005498181,0.061125,0.03256392,1.0,,,,,,,,,,,,,,,,,,,,,,,,,,,,,,,,,,,,,,,,,,,,
164.0,-0.002605329181835364,0.06670299917459488,0.00040721893310546875,1.0214043855667114,0.0,0.004288841,-0.0010132444,1.0004072,0.025471129,0.002695759,1.3832744e-05,-0.0035264492,0.011245966,0.0055685043,0.04128184,0.07953854,0.022054788,0.0615,0.032763254,1.0,,,,,,,,,,,,,,,,,,,,,,,,,,,,,,,,,,,,,,,,,,,,
165.0,-0.0026080712337468817,0.06702453643083572,0.0004072904703207314,1.018909215927124,0.0,0.00439686,-0.0010014032,1.0004072,0.02592457,0.0028418961,1.3308299e-05,-0.003812313,0.011117697,0.0055425167,-0.06842317,-0.03117784,-0.0054845926,0.061875,0.03296258,1.0,,,,,,,,,,,,,,,,,,,,,,,,,,,,,,,,,,,,,,,,,,,,
166.0,-0.0026108056273599673,0.06734402477741241,0.00040733814239501953,1.016400694847107,0.0,0.004506746,-0.0009889046,1.0004073,0.026372613,0.002999647,1.3447164e-05,-0.003638506,0.011448145,0.005636215,0.041279312,0.079537824,0.02203375,0.06225,0.033161893,1.0,,,,,,,,,,,,,,,,,,,,,,,,,,,,,,,,,,,,,,,,,,,,
167.0,-0.0026135310753274965,0.06766153872013092,0.0004074096796102822,1.0138791799545288,0.0,0.004618555,-0.0009757781,1.0004073,0.026834084,0.003150374,1.2920741e-05,-0.00392437,0.011319876,0.0056102276,-0.0684236,-0.031189233,-0.005471003,0.062625,0.0333612,1.0,,,,,,,,,,,,,,,,,,,,,,,,,,,,,,,,,,,,,,,,,,,,
168.0,-0.0026162485780567147,0.06797698140144348,0.0004074573516845703,1.011344313621521,0.0,0.0047322637,-0.00096197514,1.0004075,0.027290152,0.0033127135,1.3059832e-05,-0.0037505627,0.011650085,0.005703926,0.041276783,0.07953711,0.022012716,0.063,0.0335605,1.0,,,,,,,,,,,,,,,,,,,,,,,,,,,,,,,,,,,,,,,,,,,,
169.0,-0.0026189513782012715,0.06829036772251129,0.0004074573516845703,1.0087963342666626,0.0,0.004847929,-0.00094752497,1.0004075,0.027759647,0.003468029,1.2531432e-05,-0.0040364265,0.011521816,0.0056779385,-0.06842403,-0.031200623,-0.005457412,0.063375,0.03375979,1.0,,,,,,,,,,,,,,,,,,,,,,,,,,,,,,,,,,,,,,,,,,,,
170.0,-0.00262164619537396,0.06860166788101196,0.0004075765609741211,1.0062354803085327,0.0,0.004965528,-0.00093237933,1.0004075,0.028223734,0.003634956,1.2670748e-05,-0.003862381,0.011852264,0.005771637,0.04127425,0.07953639,0.021991687,0.06375,0.033959072,1.0,,,,,,,,,,,,,,,,,,,,,,,,,,,,,,,,,,,,,,,,,,,,
171.0,-0.0026243259154753685,0.06891085207462311,0.0004075765609741211,1.0036613941192627,0.0,0.0050851163,-0.0009165674,1.0004076,0.028701248,0.0037948603,1.2508274e-05,-0.004148245,0.011723757,0.005745411,-0.068424456,-0.031212006,-0.0054438203,0.064125,0.034158345,1.0,,,,,,,,,,,,,,,,,,,,,,,,,,,,,,,,,,,,,,,,,,,,
172.0,-0.0026269973069515296,0.06921795010566711,0.00040764809818938375,1.0010744333267212,0.0,0.005206672,-0.00090004085,1.0004076,0.029173343,0.003966372,1.2193573e-05,-0.0039744377,0.012054205,0.0058391094,0.041271716,0.07953568,0.021970663,0.0645,0.03435761,1.0,,,,,,,,,,,,,,,,,,,,,,,,,,,,,,,,,,,,,,,,,,,,
173.0,-0.0026296538550992185,0.06952288746833801,0.0004076957702636719,0.9984744191169739,0.0,0.0053302506,-0.00088282896,1.0004077,0.029658869,0.0041308636,1.2135727e-05,-0.0042603016,0.011925697,0.005813122,-0.06842487,-0.031223383,-0.005430227,0.064875,0.03455687,1.0,,,,,,,,,,,,,,,,,,,,,,,,,,,,,,,,,,,,,,,,,,,,
174.0,-0.0026323011299594578,0.0698256865143776,0.0004077673074789345,0.995861291885376,0.0,0.0054558297,-0.00086488324,1.0004077,0.03013897,0.0043069604,1.1796236e-05,-0.0040864944,0.0122561455,0.005906582,0.04126918,0.079534955,0.021949643,0.06525,0.034756117,1.0,,,,,,,,,,,,,,,,,,,,,,,,,,,,,,,,,,,,,,,,,,,,
175.0,-0.0026349331707582638,0.07012627273797989,0.00040781497955322266,0.9932353496551514,0.0,0.005583465,-0.0008462331,1.0004078,0.0306325,0.0044760373,1.1742285e-05,-0.0043723583,0.012127638,0.0058805943,-0.06842529,-0.031234752,-0.0054166336,0.065625,0.034955356,1.0,,,,,,,,,,,,,,,,,,,,,,,,,,,,,,,,,,,,,,,,,,,,
176.0,-0.0026375555420509638,0.07042470574378967,0.00040781497955322266,0.9905965328216553,0.0,0.005713134,-0.0008268301,1.0004078,0.031120602,0.004656719,1.1401644e-05,-0.0041983128,0.012458086,0.0059740543,0.041266646,0.07953424,0.021928627,0.066,0.035154585,1.0,,,,,,,,,,,,,,,,,,,,,,,,,,,,,,,,,,,,,,,,,,,,
177.0,-0.0026401624668165903,0.07072087377309799,0.0004078865167684853,0.9879447817802429,0.0,0.005844893,-0.0008067035,1.0004078,0.03162213,0.0048303804,1.1346039e-05,-0.0044841766,0.012329578,0.0059480667,-0.06842571,-0.031246116,-0.005403039,0.066375,0.03535381,1.0,,,,,,,,,,,,,,,,,,,,,,,,,,,,,,,,,,,,,,,,,,,,
178.0,-0.002642759837089864,0.07101483643054962,0.00040793418884277344,0.9852802157402039,0.0,0.005978719,-0.000785805,1.0004079,0.032118227,0.0050156466,1.137345e-05,-0.0043103695,0.012660027,0.006041527,0.041264106,0.07953352,0.021907616,0.06675,0.03555302,1.0,,,,,,,,,,,,,,,,,,,,,,,,,,,,,,,,,,,,,,,,,,,,
179.0,-0.002645340695343483,0.07130653411149979,0.0004080057260580361,0.9826027750968933,0.0,0.0061146677,-0.0007641638,1.0004079,0.032627743,0.0051938896,1.0861654e-05,-0.0045962334,0.012531519,0.006015539,-0.06842612,-0.031257473,-0.005389443,0.067125,0.035752226,1.0,,,,,,,,,,,,,,,,,,,,,,,,,,,,,,,,,,,,,,,,,,,,
180.0,-0.002647912091450321,0.0715959295630455,0.0004080533981323242,0.9799123406410217,0.0,0.006252717,-0.00074173155,1.000408,0.03313183,0.005383739,1.0995884e-05,-0.004422426,0.012861729,0.006108761,0.04126157,0.079532795,0.02188661,0.0675,0.03595142,1.0,,,,,,,,,,,,,,,,,,,,,,,,,,,,,,,,,,,,,,,,,,,,
181.0,-0.002650466084262324,0.07188305258750916,0.0004080533981323242,0.9772093892097473,0.0,0.0063929227,-0.00071853754,1.000408,0.03364933,0.005566564,1.0457102e-05,-0.00470829,0.012733221,0.006082773,-0.06842652,-0.031268828,-0.0053758463,0.067875,0.036150604,1.0,,,,,,,,,,,,,,,,,,,,,,,,,,,,,,,,,,,,,,,,,,,,
182.0,-0.0026530108269107984,0.07216788828372955,0.00040812493534758687,0.9744935035705566,0.0,0.006535262,-0.0006945334,1.000408,0.0341614,0.0057609943,1.0597427e-05,-0.0045342445,0.013063431,0.0061762333,0.041259028,0.07953207,0.021865606,0.06825,0.036349785,1.0,,,,,,,,,,,,,,,,,,,,,,,,,,,,,,,,,,,,,,,,,,,,
183.0,-0.002655538480984953,0.07245032489299774,0.000408172607421875,0.971764862537384,0.0,0.0066797906,-0.0006697484,1.0004082,0.034686882,0.005948402,1.0423193e-05,-0.0048201084,0.012934923,0.0061500072,-0.068426915,-0.03128017,-0.0053622485,0.068625,0.03654895,1.0,,,,,,,,,,,,,,,,,,,,,,,,,,,,,,,,,,,,,,,,,,,,
184.0,-0.0026580550442399003,0.07273043692111969,0.000408172607421875,0.9690234065055847,0.0,0.006826486,-0.0006441342,1.0004082,0.03520692,0.0061474103,1.0109838e-05,-0.0046463013,0.013265371,0.0062434673,0.041256487,0.07953135,0.021844609,0.069,0.03674811,1.0,,,,,,,,,,,,,,,,,,,,,,,,,,,,,,,,,,,,,,,,,,,,
185.0,-0.0026605548360785127,0.07300818711519241,0.00040824414463713765,0.9662691950798035,0.0,0.0069754045,-0.00061772,1.0004082,0.035740376,0.006339399,1.00401485e-05,-0.004932165,0.013136625,0.0062172413,-0.06842731,-0.03129151,-0.0053486503,0.069375,0.036947258,1.0,,,,,,,,,,,,,,,,,,,,,,,,,,,,,,,,,,,,,,,,,,,,
186.0,-0.0026630436791015384,0.07328350841999054,0.0004082918167114258,0.9635024070739746,0.0,0.0071265227,-0.0005904576,1.0004083,0.03626839,0.006542988,1.0069921e-05,-0.0047581196,0.013467073,0.006310463,0.041253943,0.07953063,0.021823615,0.06975,0.0371464,1.0,,,,,,,,,,,,,,,,,,,,,,,,,,,,,,,,,,,,,,,,,,,,
187.0,-0.0026655142771794555,0.07355646044015884,0.0004082918167114258,0.9607228636741638,0.0,0.0072798966,-0.0005623761,1.0004083,0.036809806,0.0067395535,9.549902e-06,-0.005044222,0.013338327,0.0062844753,-0.068427704,-0.031302843,-0.0053350506,0.070125,0.03734553,1.0,,,,,,,,,,,,,,,,,,,,,,,,,,,,,,,,,,,,,,,,,,,,
188.0,-0.002667974165560256,0.07382692396640778,0.00040836335392668843,0.9579306244850159,0.0,0.0074355043,-0.0005334273,1.0004083,0.037345782,0.006947721,9.685111e-06,-0.0048701763,0.013668537,0.006377697,0.0412514,0.079529904,0.021802625,0.0705,0.037544653,1.0,,,,,,,,,,,,,,,,,,,,,,,,,,,,,,,,,,,,,,,,,,,,
189.0,-0.002670416292426163,0.0740949958562851,0.00040841102600097656,0.9551259875297546,0.0,0.007593401,-0.00050364033,1.0004084,0.03789516,0.007148866,9.506328e-06,-0.00515604,0.0135400295,0.0063517094,-0.06842809,-0.03131417,-0.00532145,0.070875,0.037743766,1.0,,,,,,,,,,,,,,,,,,,,,,,,,,,,,,,,,,,,,,,,,,,,
190.0,-0.0026728464466372133,0.07436054944992065,0.00040841102600097656,0.9523085355758667,0.0,0.0077535636,-0.00047296696,1.0004084,0.038439088,0.0073616076,9.193336e-06,-0.004982233,0.013870239,0.0064446926,0.041248854,0.07952917,0.02178164,0.07125,0.037942868,1.0,,,,,,,,,,,,,,,,,,,,,,,,,,,,,,,,,,,,,,,,,,,,
191.0,-0.0026752584540490425,0.07462362200021744,0.0004084825632162392,0.9494784474372864,0.0,0.007916049,-0.00044143642,1.0004084,0.03899642,0.0075673303,9.117809e-06,-0.005268097,0.013741493,0.006418705,-0.06842847,-0.031325493,-0.005307848,0.071625,0.038141962,1.0,,,,,,,,,,,,,,,,,,,,,,,,,,,,,,,,,,,,,,,,,,,,
192.0,-0.0026776581330436207,0.07488419115543365,0.0004084825632162392,0.9466357827186584,0.0,0.008080834,-0.00040900038,1.0004085,0.039548304,0.0077846493,9.148245e-06,-0.0050940514,0.014071703,0.006511688,0.041246306,0.07952845,0.02176066,0.072,0.038341045,1.0,,,,,,,,,,,,,,,,,,,,,,,,,,,,,,,,,,,,,,,,,,,,
193.0,-0.0026800397588007756,0.07514224201440811,0.00040853023529052734,0.9437806606292725,0.0,0.008247973,-0.0003756881,1.0004085,0.04011358,0.007994945,8.622328e-06,-0.0053801537,0.013942957,0.0064857006,-0.06842885,-0.031336807,-0.0052942457,0.072375,0.038540117,1.0,,,,,,,,,,,,,,,,,,,,,,,,,,,,,,,,,,,,,,,,,,,,
194.0,-0.002682409163976791,0.07539769262075424,0.00040860177250579,0.9409128427505493,0.0,0.008417445,-0.00034145126,1.0004085,0.0406734,0.008216839,8.75821e-06,-0.005206108,0.014273405,0.006578684,0.041243758,0.07952772,0.021739684,0.07275,0.038739182,1.0,,,,,,,,,,,,,,,,,,,,,,,,,,,,,,,,,,,,,,,,,,,,
195.0,-0.002684758615588698,0.07565061748027802,0.00040860177250579,0.9380324482917786,0.0,0.008589307,-0.00030631913,1.0004086,0.041246623,0.008431711,8.573527e-06,-0.005491972,0.014144659,0.006552696,-0.068429224,-0.031348117,-0.0052806423,0.073125,0.03893824,1.0,,,,,,,,,,,,,,,,,,,,,,,,,,,,,,,,,,,,,,,,,,,,
196.0,-0.0026870965404418375,0.07590093463659286,0.0004086494445800781,0.9351394772529602,0.0,0.008763533,-0.0002702434,1.0004086,0.04181438,0.008658176,8.261218e-06,-0.0053179264,0.014474869,0.0066456795,0.04124121,0.07952699,0.02171871,0.0735,0.039137285,1.0,,,,,,,,,,,,,,,,,,,,,,,,,,,,,,,,,,,,,,,,,,,,
197.0,-0.002689414231272927,0.07614864408969879,0.00040869711665436625,0.9322340488433838,0.0,0.008940181,-0.0002332533,1.0004086,0.042395532,0.008877623,8.179786e-06,-0.0056040287,0.014346123,0.006619692,-0.0684296,-0.03135942,-0.0052670375,0.073875,0.03933632,1.0,,,,,,,,,,,,,,,,,,,,,,,,,,,,,,,,,,,,,,,,,,,,
198.0,-0.0026917197284721866,0.0763937309384346,0.0004087209817953408,0.9293161630630493,0.0,0.0091192275,-0.00019530054,1.0004086,0.042971224,0.009108662,8.210903e-06,-0.005429983,0.0146763325,0.0067124367,0.041238658,0.07952626,0.021697743,0.07425,0.039535344,1.0,,,,,,,,,,,,,,,,,,,,,,,,,,,,,,,,,,,,,,,,,,,,
199.0,-0.0026940048950911655,0.0766361802816391,0.0004087209817953408,0.926385760307312,0.0,0.009300729,-0.00015641439,1.0004088,0.043560304,0.009332679,8.046977e-06,-0.0057160854,0.014547348,0.006686449,-0.06842996,-0.031370714,-0.0052534323,0.074625,0.03973436,1.0,,,,,,,,,,,,,,,,,,,,,,,,,,,,,,,,,,,,,,,,,,,,
200.0,-0.0026962770199932405,0.07687593996524811,0.0004087686538696289,0.9234426617622375,0.0,0.009484663,-0.000116546515,1.0004088,0.044143915,0.009568288,7.729329e-06,-0.00554204,0.014877558,0.0067794323,0.041236106,0.07952553,0.02167678,0.075,0.039933365,1.0,,,,,,,,,,,,,,,,,,,,,,,,,,,,,,,,,,,,,,,,,,,,
201.0,-0.0026985288757691347,0.07711303234100342,0.00040881632594391704,0.9204872250556946,0.0,0.009671083,-7.5726195e-05,1.0004088,0.04474092,0.009796876,7.645325e-06,-0.0058279037,0.014748812,0.0067532063,-0.06843032,-0.031382006,-0.0052398257,0.075375,0.040132362,1.0,,,,,,,,,,,,,,,,,,,,,,,,,,,,,,,,,,,,,,,,,,,,
202.0,-0.0027007675630066814,0.07734740525484085,0.00040884019108489156,0.9175192713737488,0.0,0.009859968,-3.390513e-05,1.0004088,0.045332447,0.010037057,7.6765755e-06,-0.005653858,0.015079021,0.0068461895,0.041233554,0.0795248,0.02165582,0.07575,0.04033135,1.0,,,,,,,,,,,,,,,,,,,,,,,,,,,,,,,,,,,,,,,,,,,,
203.0,-0.0027029853812979587,0.07757904380559921,0.00040884019108489156,0.9145388007164001,0.0,0.010051373,8.887434e-06,1.0004089,0.045937367,0.010270215,7.5087983e-06,-0.0059399605,0.014950037,0.0068199635,-0.06843068,-0.03139329,-0.0052262186,0.076125,0.040530324,1.0,,,,,,,,,,,,,,,,,,,,,,,,,,,,,,,,,,,,,,,,,,,,
204.0,-0.002705189672470006,0.0778079479932785,0.0004088878631591797,0.9115458130836487,0.0,0.010245277,5.2699772e-05,1.0004089,0.0465368,0.010514962,7.1915865e-06,-0.005765915,0.015280247,0.0069127083,0.041231,0.07952407,0.021634866,0.0765,0.040729288,1.0,,,,,,,,,,,,,,,,,,,,,,,,,,,,,,,,,,,,,,,,,,,,
205.0,-0.0027073729119076505,0.07803408801555634,0.00040895940037444234,0.9085405468940735,0.0,0.0104417335,9.750264e-05,1.0004089,0.04714963,0.010752689,7.1036598e-06,-0.006052017,0.015151501,0.0068867207,-0.06843103,-0.031404566,-0.00521261,0.076875,0.040928245,1.0,,,,,,,,,,,,,,,,,,,,,,,,,,,,,,,,,,,,,,,,,,,,
206.0,-0.002709542172976582,0.07825743407011032,0.00040895940037444234,0.9055227041244507,0.0,0.010640721,0.00014334432,1.000409,0.047756974,0.011002005,7.13536e-06,-0.005877733,0.015481472,0.0069794655,0.041228443,0.07952334,0.021613916,0.07725,0.04112719,1.0,,,,,,,,,,,,,,,,,,,,,,,,,,,,,,,,,,,,,,,,,,,,
207.0,-0.002711689612721635,0.07847801595926285,0.00040895940037444234,0.9024924039840698,0.0,0.010842294,0.00019019557,1.000409,0.048377693,0.011244297,6.595782e-06,-0.0061638355,0.015352726,0.006953478,-0.06843138,-0.031415835,-0.005199001,0.077625,0.041326124,1.0,,,,,,,,,,,,,,,,,,,,,,,,,,,,,,,,,,,,,,,,,,,,
208.0,-0.002713822745563794,0.07869571447372437,0.00040895940037444234,0.8994497656822205,0.0,0.011046432,0.00023810465,1.000409,0.048992936,0.011498179,6.733214e-06,-0.00598979,0.015682697,0.0070459843,0.041225884,0.0795226,0.021592971,0.078,0.04152505,1.0,,,,,,,,,,,,,,,,,,,,,,,,,,,,,,,,,,,,,,,,,,,,
209.0,-0.0027159348629933245,0.07891063392162323,0.0004090547445230186,0.8963947296142578,0.0,0.011253188,0.00028704232,1.000409,0.04962156,0.011745039,6.5348013e-06,-0.0062758923,0.015553713,0.0070199966,-0.06843172,-0.0314271,-0.005185391,0.078375,0.041723963,1.0,,,,,,,,,,,,,,,,,,,,,,,,,,,,,,,,,,,,,,,,,,,,
210.0,-0.0027180316803252723,0.0791226476430893,0.0004090786096639931,0.8933271169662476,0.0,0.011462541,0.00033705684,1.000409,0.050244693,0.012003487,6.5919558e-06,-0.0061018467,0.015883923,0.0071127415,0.041223325,0.079521865,0.02157203,0.07875,0.041922867,1.0,,,,,,,,,,,,,,,,,,,,,,,,,,,,,,,,,,,,,,,,,,,,
211.0,-0.002720106647538632,0.07933183014392853,0.0004090786096639931,0.8902472257614136,0.0,0.011674547,0.00038811896,1.0004091,0.0508812,0.0122549115,6.4104715e-06,-0.006387949,0.015754938,0.0070865154,-0.06843206,-0.03143836,-0.0051717795,0.079125,0.04212176,1.0,,,,,,,,,,,,,,,,,,,,,,,,,,,,,,,,,,,,,,,,,,,,
212.0,-0.002722166282865761,0.07953806221485138,0.0004090786096639931,0.8871549367904663,0.0,0.011889181,0.00044027698,1.0004091,0.05151221,0.01251792,6.095542e-06,-0.006213665,0.016085148,0.007179022,0.041220766,0.079521134,0.021551091,0.0795,0.042320643,1.0,,,,,,,,,,,,,,,,,,,,,,,,,,,,,,,,,,,,,,,,,,,,
213.0,-0.002724203793074297,0.07974139600992203,0.0004090786096639931,0.8840502500534058,0.0,0.0121065,0.0004935016,1.0004091,0.052156605,0.01277391,5.9994472e-06,-0.0064997673,0.015956163,0.007153034,-0.0684324,-0.031449612,-0.0051581673,0.079875,0.042519517,1.0,,,,,,,,,,,,,,,,,,,,,,,,,,,,,,,,,,,,,,,,,,,,
214.0,-0.002726225973999239,0.07994179427623749,0.0004091739538125694,0.8809330463409424,0.0,0.012326481,0.00054784113,1.0004091,0.0527955,0.013041482,6.032128e-06,-0.0063257217,0.016286135,0.0072455406,0.041218203,0.0795204,0.021530159,0.08025,0.042718377,1.0,,,,,,,,,,,,,,,,,,,,,,,,,,,,,,,,,,,,,,,,,,,,
215.0,-0.0027282250416062743,0.08013923466205597,0.0004091978189535439,0.8778035044670105,0.0,0.012549181,0.00060326623,1.0004091,0.053447764,0.013302033,5.852576e-06,-0.006611824,0.01615715,0.007219553,-0.068432726,-0.03146086,-0.0051445547,0.080625,0.04291723,1.0,,,,,,,,,,,,,,,,,,,,,,,,,,,,,,,,,,,,,,,,,,,,
216.0,-0.002730208896880572,0.08033369481563568,0.0004091978189535439,0.8746615648269653,0.0,0.012774574,0.0006598253,1.0004092,0.05409453,0.013574167,5.904602e-06,-0.00643754,0.016487122,0.0073120594,0.04121564,0.07951966,0.02150923,0.081,0.043116067,1.0,,,,,,,,,,,,,,,,,,,,,,,,,,,,,,,,,,,,,,,,,,,,
217.0,-0.002732169326689653,0.08052514493465424,0.0004091978189535439,0.8715072870254517,0.0,0.013002719,0.00071748893,1.0004092,0.054754656,0.0138392765,5.3507365e-06,-0.006723881,0.016358137,0.0072858334,-0.068433054,-0.0314721,-0.0051309406,0.081375,0.043314897,1.0,,,,,,,,,,,,,,,,,,,,,,,,,,,,,,,,,,,,,,,,,,,,
218.0,-0.0027341134430658954,0.08071359992027283,0.0004091978189535439,0.8683406710624695,0.0,0.01323359,0.00077630545,1.0004092,0.055409286,0.014115971,5.4903403e-06,-0.006549597,0.016688347,0.00737834,0.041213077,0.07951892,0.021488305,0.08175,0.043513715,1.0,,,,,,,,,,,,,,,,,,,,,,,,,,,,,,,,,,,,,,,,,,,,
219.0,-0.0027360347548392792,0.08089902997016907,0.00040924549102783203,0.865161657333374,0.0,0.013467246,0.00083624566,1.0004092,0.056077283,0.0143856425,5.2818987e-06,-0.006835699,0.016559124,0.0073521137,-0.068433374,-0.031483337,-0.0051173256,0.082125,0.043712523,1.0,,,,,,,,,,,,,,,,,,,,,,,,,,,,,,,,,,,,,,,,,,,,
220.0,-0.00273793897078531,0.08108139038085938,0.0004093170282430947,0.8619703054428101,0.0,0.013703661,0.0008973577,1.0004092,0.05673977,0.014666894,5.340234e-06,-0.0066616535,0.016889334,0.00744462,0.04121051,0.07951818,0.021467386,0.0825,0.04391132,1.0,,,,,,,,,,,,,,,,,,,,,,,,,,,,,,,,,,,,,,,,,,,,
221.0,-0.002739570912708069,0.08126068115234375,0.0004093170282430947,0.858766496181488,0.0,0.013942894,0.0009596124,1.0004094,0.057415616,0.014941124,5.148956e-06,-0.006947756,0.01676011,0.007418394,-0.068433695,-0.031494565,-0.0051037096,0.082875,0.044110104,1.0,,,,,,,,,,,,,,,,,,,,,,,,,,,,,,,,,,,,,,,,,,,,
222.0,-0.002741185245821876,0.08143691718578339,0.0004093170282430947,0.8555505275726318,0.0,0.014184918,0.001023058,1.0004094,0.05808595,0.015226931,4.8351617e-06,-0.006773472,0.017090082,0.0075109005,0.041207943,0.07951744,0.02144647,0.08325,0.044308882,1.0,,,,,,,,,,,,,,,,,,,,,,,,,,,,,,,,,,,,,,,,,,,,
223.0,-0.0027427901915012087,0.0816100463271141,0.0004093170282430947,0.8523222208023071,0.0,0.014429792,0.0010876651,1.0004094,0.058769647,0.015505719,4.729279e-06,-0.007059574,0.016961098,0.0074846745,-0.06843401,-0.031505786,-0.005090093,0.083625,0.044507645,1.0,,,,,,,,,,,,,,,,,,,,,,,,,,,,,,,,,,,,,,,,,,,,
224.0,-0.0027443806349946144,0.0817800983786583,0.0004093647003173828,0.8490816354751587,0.0,0.014677491,0.0011534821,1.0004094,0.05944783,0.015796084,4.7630883e-06,-0.0068855286,0.017291069,0.0075769424,0.041205376,0.079516694,0.021425558,0.084,0.044706397,1.0,,,,,,,,,,,,,,,,,,,,,,,,,,,,,,,,,,,,,,,,,,,,
225.0,-0.002745946263443399,0.08194705098867416,0.0004093647003173828,0.8458289504051208,0.0,0.014928072,0.0012204797,1.0004094,0.060139365,0.016079426,4.573763e-06,-0.007171631,0.017161846,0.007550955,-0.06843432,-0.031517003,-0.0050764754,0.084375,0.044905137,1.0,,,,,,,,,,,,,,,,,,,,,,,,,,,,,,,,,,,,,,,,,,,,
226.0,-0.0027474957291262233,0.08211091160774231,0.00040943623753264546,0.8425639867782593,0.0,0.015181511,0.0012887062,1.0004094,0.060825385,0.016374346,4.626913e-06,-0.006997347,0.017491817,0.0076429844,0.041202806,0.07951596,0.021404652,0.08475,0.045103867,1.0,,,,,,,,,,,,,,,,,,,,,,,,,,,,,,,,,,,,,,,,,,,,
227.0,-0.0027487995027199903,0.08227168768644333,0.00040943623753264546,0.8392871618270874,0.0,0.015437864,0.0013581322,1.0004095,0.061524756,0.016662242,4.4311523e-06,-0.0072836876,0.017362595,0.0076169968,-0.068434626,-0.031528212,-0.0050628567,0.085125,0.04530259,1.0,,,,,,,,,,,,,,,,,,,,,,,,,,,,,,,,,,,,,,,,,,,,
228.0,-0.002750085206818102,0.08242934942245483,0.00040943623753264546,0.8359982967376709,0.0,0.015697109,0.001428806,1.0004095,0.0622186,0.016961712,4.1177127e-06,-0.0071094036,0.01753831,0.0077102184,0.04148729,0.04244527,0.021653723,0.0855,0.045501295,1.0,,,,,,,,,,,,,,,,,,,,,,,,,,,,,,,,,,,,,,,,,,,,
229.0,-0.002751346663379872,0.0825839638710022,0.00040943623753264546,0.8326973915100098,0.0,0.015959272,0.0015006982,1.0004095,0.06291949,0.017254114,4.1172775e-06,-0.007395506,0.017254591,0.007685423,-0.06814037,-0.06860074,-0.004796314,0.085875,0.04569999,1.0,,,,,,,,,,,,,,,,,,,,,,,,,,,,,,,,,,,,,,,,,,,,
230.0,-0.002752590657307104,0.08273546397686005,0.00040943623753264546,0.8293845057487488,0.0,0.016224308,0.0015738567,1.0004095,0.063608535,0.01755804,4.234262e-06,-0.007221222,0.017430067,0.0077786446,0.041483153,0.042461928,0.02164988,0.08625,0.045898676,1.0,,,,,,,,,,,,,,,,,,,,,,,,,,,,,,,,,,,,,,,,,,,,
231.0,-0.002753810022705341,0.08288393169641495,0.0004094839096069336,0.8260598182678223,0.0,0.016492244,0.001648252,1.0004095,0.06430461,0.017854894,4.1343924e-06,-0.007507324,0.017146587,0.0077536106,-0.06813384,-0.06859471,-0.004799763,0.086625,0.04609735,1.0,,,,,,,,,,,,,,,,,,,,,,,,,,,,,,,,,,,,,,,,,,,,
232.0,-0.002755011599155074,0.08302930742502213,0.0004094839096069336,0.8227232098579407,0.0,0.016763031,0.0017239323,1.0004095,0.06498886,0.018163268,4.27211e-06,-0.0073332787,0.017322302,0.007846832,0.041479014,0.042478584,0.021646032,0.087,0.04629601,1.0,,,,,,,,,,,,,,,,,,,,,,,,,,,,,,,,,,,,,,,,,,,,
233.0,-0.0027561896648728495,0.08317166566848755,0.00040955544682219625,0.8193749189376831,0.0,0.017036699,0.001800868,1.0004095,0.065680146,0.018464569,4.1689073e-06,-0.007619381,0.017038584,0.007821798,-0.068127304,-0.06858869,-0.0048032063,0.087375,0.04649466,1.0,,,,,,,,,,,,,,,,,,,,,,,,,,,,,,,,,,,,,,,,,,,,
234.0,-0.0027573488476428567,0.08331094682216644,0.00040955544682219625,0.8160147666931152,0.0,0.017313197,0.0018791071,1.0004096,0.066359594,0.018777391,4.304818e-06,-0.007445097,0.017214298,0.00791502,0.041474875,0.04249523,0.021642178,0.08775,0.0466933,1.0,,,,,,,,,,,,,,,,,,,,,,,,,,,,,,,,,,,,,,,,,,,,
235.0,-0.0027584844796322817,0.08344721794128418,0.00040955544682219625,0.8126429915428162,0.0,0.017592555,0.0019586203,1.0004096,0.06704608,0.019083135,3.835703e-06,-0.0077311993,0.016930819,0.007889986,-0.06812077,-0.06858268,-0.004806643,0.088125,0.046891924,1.0,,,,,,,,,,,,,,,,,,,,,,,,,,,,,,,,,,,,,,,,,,,,
236.0,-0.0027596019747536476,0.08358044922351837,0.00040955544682219625,0.8092595338821411,0.0,0.017874725,0.002039455,1.0004096,0.06772075,0.0194004,4.0548603e-06,-0.0075569153,0.017106533,0.007983208,0.041470736,0.04251187,0.021638319,0.0885,0.04709054,1.0,,,,,,,,,,,,,,,,,,,,,,,,,,,,,,,,,,,,,,,,,,,,
237.0,-0.00276069576017278,0.083710677921772,0.00040955544682219625,0.8058645129203796,0.0,0.018159736,0.0021215826,1.0004096,0.068402454,0.01971059,3.9356128e-06,-0.007843018,0.016823053,0.007958412,-0.06811424,-0.068576664,-0.0048100734,0.088875,0.047289144,1.0,,,,,,,,,,,,,,,,,,,,,,,,,,,,,,,,,,,,,,,,,,,,
238.0,-0.0027617716720045337,0.08383785933256149,0.0004096031188964844,0.8024577498435974,0.0,0.018447537,0.0022050506,1.0004096,0.06907233,0.020032294,4.0701143e-06,-0.007668972,0.016999006,0.008051395,0.0414666,0.0425285,0.021634454,0.08925,0.047487736,1.0,,,,,,,,,,,,,,,,,,,,,,,,,,,,,,,,,,,,,,,,,,,,
239.0,-0.0027916314756046023,0.08396204560995102,0.0004096507909707725,0.7990397214889526,0.0,0.018738158,0.0022898293,1.0004096,0.06974925,0.020346923,3.972254e-06,-0.007955074,0.016715527,0.0080266,-0.068107724,-0.06857065,-0.004813498,0.089625,0.047686316,1.0,,,,,,,,,,,,,,,,,,,,,,,,,,,,,,,,,,,,,,,,,,,,
240.0,-0.002895556135908187,0.08408325910568237,0.000409674656111747,0.7956100106239319,0.0,0.01903155,0.002375967,1.0004096,0.07041434,0.020673065,4.0991545e-06,-0.0077807903,0.01689148,0.008119583,0.041462462,0.042545125,0.021630585,0.09,0.04788488,1.0,,,,,,,,,,,,,,,,,,,,,,,,,,,,,,,,,,,,,,,,,,,,
241.0,-0.0029997953449617983,0.08420145511627197,0.000409674656111747,0.7921690344810486,0.0,0.019327745,0.0024634344,1.0004097,0.07108649,0.020992128,4.004607e-06,-0.008066893,0.016608,0.008094788,-0.06810121,-0.068564646,-0.004816916,0.090375,0.04808344,1.0,,,,,,,,,,,,,,,,,,,,,,,,,,,,,,,,,,,,,,,,,,,,
242.0,-0.0031043589336167106,0.08431671559810638,0.000409674656111747,0.7887166142463684,0.0,0.01962669,0.002552279,1.0004097,0.071746804,0.021322701,3.7602806e-06,-0.007892609,0.016783953,0.008187771,0.041458327,0.04256174,0.021626709,0.09075,0.048281983,1.0,,,,,,,,,,,,,,,,,,,,,,,,,,,,,,,,,,,,,,,,,,,,
243.0,-0.0032092429156394832,0.08442896604537964,0.000409674656111747,0.7852527499198914,0.0,0.019928416,0.0026424713,1.0004097,0.07241418,0.0216462,3.7543439e-06,-0.008178711,0.016500711,0.008162975,-0.0680947,-0.06855864,-0.0048203273,0.091125,0.048480514,1.0,,,,,,,,,,,,,,,,,,,,,,,,,,,,,,,,,,,,,,,,,,,,
244.0,-0.003314443082371521,0.0845382809638977,0.000409674656111747,0.7817777395248413,0.0,0.020232873,0.0027340597,1.0004097,0.07306973,0.021981206,3.8545186e-06,-0.008004665,0.016676664,0.008255959,0.04145419,0.04257835,0.02162283,0.0915,0.048679035,1.0,,,,,,,,,,,,,,,,,,,,,,,,,,,,,,,,,,,,,,,,,,,,
245.0,-0.003419959041781364,0.08464460074901581,0.00040972232818603516,0.7782914042472839,0.0,0.02054009,0.0028270145,1.0004097,0.07373233,0.022309134,3.769297e-06,-0.008290768,0.016393185,0.008231163,-0.068088196,-0.068552636,-0.004823733,0.091875,0.04887754,1.0,,,,,,,,,,,,,,,,,,,,,,,,,,,,,,,,,,,,,,,,,,,,
246.0,-0.003525791486607507,0.08474801480770111,0.0004097700002603233,0.7747939229011536,0.0,0.020850021,0.0029213836,1.0004097,0.07438312,0.02264857,3.8854914e-06,-0.008116484,0.016569376,0.008323908,0.041450053,0.042594954,0.021618944,0.09225,0.049076036,1.0,,,,,,,,,,,,,,,,,,,,,,,,,,,,,,,,,,,,,,,,,,,,
247.0,-0.0036319365142126587,0.08484845608472824,0.0004097938654012978,0.7712852358818054,0.0,0.02116269,0.0030171375,1.0004097,0.07504096,0.022980923,3.7980399e-06,-0.008402586,0.016286135,0.008299112,-0.06808169,-0.06854664,-0.004827132,0.092625,0.04927452,1.0,,,,,,,,,,,,,,,,,,,,,,,,,,,,,,,,,,,,,,,,,,,,
248.0,-0.003738393967172489,0.08494597673416138,0.0004097938654012978,0.7677655220031738,0.0,0.021478053,0.003114324,1.0004098,0.075686984,0.023324782,3.9121805e-06,-0.008228302,0.016462088,0.008392096,0.04144592,0.042611547,0.021615053,0.093,0.049472988,1.0,,,,,,,,,,,,,,,,,,,,,,,,,,,,,,,,,,,,,,,,,,,,
249.0,-0.0038451601778960267,0.08504055440425873,0.0004097938654012978,0.764234721660614,0.0,0.021796137,0.0032129139,1.0004098,0.076340064,0.023661558,3.4588704e-06,-0.008514404,0.016179085,0.0083673,-0.068075195,-0.06854064,-0.0048305253,0.093375,0.04967145,1.0,,,,,,,,,,,,,,,,,,,,,,,,,,,,,,,,,,,,,,,,,,,,
250.0,-0.003952233995059528,0.08513222634792328,0.0004097938654012978,0.7606930732727051,0.0,0.022116894,0.003312955,1.0004098,0.07698133,0.02400984,3.6562606e-06,-0.008340359,0.016355276,0.008460283,0.041441783,0.042628136,0.021611158,0.09375,0.049869895,1.0,,,,,,,,,,,,,,,,,,,,,,,,,,,,,,,,,,,,,,,,,,,,
251.0,-0.004059618448419509,0.08522097766399384,0.0004097938654012978,0.7571402788162231,0.0,0.02244035,0.0034144176,1.0004098,0.07762967,0.02435104,3.552817e-06,-0.008626223,0.016072035,0.008435488,-0.068068705,-0.06853465,-0.0048339115,0.094125,0.050068326,1.0,,,,,,,,,,,,,,,,,,,,,,,,,,,,,,,,,,,,,,,,,,,,
252.0,-0.00416731059005178,0.085306815803051,0.00040984153747558594,0.7535766363143921,0.0,0.02276646,0.0035173497,1.0004098,0.07826618,0.02470374,3.66556e-06,-0.008452177,0.016248226,0.008528233,0.04143765,0.042644717,0.021607256,0.0945,0.050266746,1.0,,,,,,,,,,,,,,,,,,,,,,,,,,,,,,,,,,,,,,,,,,,,
253.0,-0.004275303189340356,0.08538981527090073,0.00040988920954987407,0.7500022053718567,0.0,0.02309525,0.003621722,1.0004098,0.07890977,0.025049355,3.5835005e-06,-0.008738279,0.015965223,0.008503437,-0.068062216,-0.06852866,-0.0048372922,0.094875,0.050465155,1.0,,,,,,,,,,,,,,,,,,,,,,,,,,,,,,,,,,,,,,,,,,,,
254.0,-0.0043836093764139565,0.08546985685825348,0.00040988920954987407,0.7464166879653931,0.0,0.023426672,0.0037275823,1.0004098,0.07954154,0.02540647,3.6886552e-06,-0.008563995,0.016141415,0.00859642,0.041433517,0.042661287,0.02160335,0.09525,0.05066355,1.0,,,,,,,,,,,,,,,,,,,,,,,,,,,,,,,,,,,,,,,,,,,,
255.0,-0.0044922129359248305,0.08554707467556,0.0004099130746908486,0.7428205013275146,0.0,0.023760758,0.0038349011,1.0004098,0.080180384,0.025756503,3.609903e-06,-0.008850098,0.015858412,0.008571625,-0.068055734,-0.06852268,-0.0048406664,0.095625,0.050861932,1.0,,,,,,,,,,,,,,,,,,,,,,,,,,,,,,,,,,,,,,,,,,,,
256.0,-0.004601114424991615,0.08562137186527252,0.0004099130746908486,0.739213764667511,0.0,0.024097456,0.0039437264,1.00041,0.08080742,0.026118029,3.711711e-06,-0.008675814,0.016034603,0.00866437,0.04142938,0.042677853,0.021599436,0.096,0.051060304,1.0,,,,,,,,,,,,,,,,,,,,,,,,,,,,,,,,,,,,,,,,,,,,
257.0,-0.004710316185015968,0.08569280803203583,0.0004099130746908486,0.735596239566803,0.0,0.024436794,0.004054028,1.00041,0.081441514,0.02647247,3.267402e-06,-0.008961916,0.0157516,0.008639574,-0.06804925,-0.06851669,-0.004844034,0.096375,0.05125866,1.0,,,,,,,,,,,,,,,,,,,,,,,,,,,,,,,,,,,,,,,,,,,,
258.0,-0.004819821904124127,0.0857614055275917,0.0004099130746908486,0.7319679856300354,0.0,0.024778727,0.004165855,1.00041,0.08206381,0.026838407,3.4523976e-06,-0.008787632,0.01592803,0.008732319,0.04142525,0.042694412,0.021595519,0.09675,0.051457006,1.0,,,,,,,,,,,,,,,,,,,,,,,,,,,,,,,,,,,,,,,,,,,,
259.0,-0.0049296228554002045,0.08582714945077896,0.0004099607467651367,0.7283291220664978,0.0,0.025123283,0.0042791767,1.00041,0.08269319,0.027197257,3.3579686e-06,-0.009073734,0.015645027,0.008707762,-0.06804278,-0.06851071,-0.0048473957,0.097125,0.051655337,1.0,,,,,,,,,,,,,,,,,,,,,,,,,,,,,,,,,,,,,,,,,,,,
260.0,-0.00503971981295954,0.0858900398015976,0.00041000841883942485,0.7246797680854797,0.0,0.025470411,0.004394042,1.00041,0.08331075,0.027567599,3.4583188e-06,-0.008899689,0.015821457,0.008800268,0.04142112,0.042710964,0.021591596,0.0975,0.051853657,1.0,,,,,,,,,,,,,,,,,,,,,,,,,,,,,,,,,,,,,,,,,,,,
261.0,-0.005150112465759073,0.0859500840306282,0.00041000841883942485,0.7210198044776917,0.0,0.025820142,0.0045104204,1.00041,0.0839354,0.027930856,3.3852732e-06,-0.009185553,0.015538454,0.008775711,-0.06803631,-0.06850473,-0.0048507513,0.097875,0.05205196,1.0,,,,,,,,,,,,,,,,,,,,,,,,,,,,,,,,,,,,,,,,,,,,
262.0,-0.0052607992598455566,0.08600730448961258,0.00041000841883942485,0.7173494100570679,0.0,0.026172426,0.0046283603,1.00041,0.084548235,0.028305601,3.478042e-06,-0.009011507,0.015715122,0.0088682175,0.041416984,0.042727504,0.02158767,0.09825,0.052250255,1.0,,,,,,,,,,,,,,,,,,,,,,,,,,,,,,,,,,,,,,,,,,,,
263.0,-0.00537177498471656,0.08606169372797012,0.00041003228398039937,0.7136686444282532,0.0,0.026527293,0.004747832,1.00041,0.08516817,0.02867326,3.4083005e-06,-0.009297371,0.015432119,0.00884366,-0.06802985,-0.06849875,-0.0048541008,0.098625,0.052448537,1.0,,,,,,,,,,,,,,,,,,,,,,,,,,,,,,,,,,,,,,,,,,,,
264.0,-0.005483044092417438,0.08611328899860382,0.00041003228398039937,0.7099774479866028,0.0,0.026884694,0.004868884,1.0004101,0.085776284,0.029052407,3.4977304e-06,-0.009123325,0.015608788,0.008936167,0.041412853,0.04274404,0.021583736,0.099,0.0526468,1.0,,,,,,,,,,,,,,,,,,,,,,,,,,,,,,,,,,,,,,,,,,,,
265.0,-0.005594607969975814,0.08616204559803009,0.00041003228398039937,0.7062757015228271,0.0,0.02724466,0.0049914857,1.0004101,0.086391486,0.02942446,3.0624283e-06,-0.009409428,0.015325785,0.00891161,-0.06802339,-0.068492785,-0.0048574437,0.099375,0.052845057,1.0,,,,,,,,,,,,,,,,,,,,,,,,,,,,,,,,,,,,,,,,,,,,
266.0,-0.005706454851829234,0.0862080454826355,0.00041003228398039937,0.7025638818740845,0.0,0.027607137,0.005115686,1.0004101,0.086994894,0.029808003,3.2350547e-06,-0.009235144,0.015502453,0.009004116,0.04140872,0.04276057,0.021579798,0.09975,0.053043295,1.0,,,,,,,,,,,,,,,,,,,,,,,,,,,,,,,,,,,,,,,,,,,,
267.0,-0.005818591223187471,0.08625121414661407,0.0004100799560546875,0.6988416910171509,0.0,0.02797216,0.0052414546,1.0004101,0.08760539,0.030184455,3.14963e-06,-0.009521246,0.015219688,0.008979559,-0.06801693,-0.06848682,-0.00486078,0.100125,0.053241525,1.0,,,,,,,,,,,,,,,,,,,,,,,,,,,,,,,,,,,,,,,,,,,,
268.0,-0.005931011971413205,0.08629162609577179,0.0004100799560546875,0.6951093673706055,0.0,0.028339677,0.0053688395,1.0004101,0.08820408,0.030572392,3.2376172e-06,-0.009346962,0.015396357,0.009072065,0.041404594,0.04277709,0.021575855,0.1005,0.053439736,1.0,,,,,,,,,,,,,,,,,,,,,,,,,,,,,,,,,,,,,,,,,,,,
269.0,-0.006043719107256199,0.08632922917604446,0.00041012762812897563,0.6913667917251587,0.0,0.028709719,0.0054978114,1.0004101,0.08880987,0.030953238,3.1735735e-06,-0.009633064,0.015113592,0.009047508,-0.06801049,-0.06848085,-0.004864111,0.100875,0.053637937,1.0,,,,,,,,,,,,,,,,,,,,,,,,,,,,,,,,,,,,,,,,,,,,
270.0,-0.0061561515707588355,0.08636406809091568,0.00041012762812897563,0.6876140236854553,0.0,0.029082235,0.0056284177,1.0004101,0.08940386,0.031345565,3.253986e-06,-0.009459019,0.01529026,0.009137869,0.041392785,0.042788614,0.021060849,0.10125,0.053836126,1.0,,,,,,,,,,,,,,,,,,,,,,,,,,,,,,,,,,,,,,,,,,,,
271.0,-0.006269781186390698,0.08639617264270782,0.00041012762812897563,0.6838511824607849,0.0,0.029457254,0.0057606297,1.0004101,0.09000494,0.0317308,3.1932445e-06,-0.009744883,0.015007496,0.009111166,-0.06801187,-0.068479724,-0.0053783776,0.101625,0.054034296,1.0,,,,,,,,,,,,,,,,,,,,,,,,,,,,,,,,,,,,,,,,,,,,
272.0,-0.006382779156755898,0.08642550557851791,0.00041015149326995015,0.6800782084465027,0.0,0.02983473,0.0058944942,1.0004101,0.09059423,0.032127514,3.270325e-06,-0.009570837,0.0151844025,0.009201527,0.041388847,0.04280494,0.021057123,0.102,0.05423246,1.0,,,,,,,,,,,,,,,,,,,,,,,,,,,,,,,,,,,,,,,,,,,,
273.0,-0.006496971934246086,0.08645214885473251,0.00041015149326995015,0.6762952208518982,0.0,0.030214692,0.006029982,1.0004102,0.09119062,0.032517135,3.2118899e-06,-0.009856939,0.014901638,0.009174824,-0.06800571,-0.06847347,-0.0053814636,0.102375,0.054430604,1.0,,,,,,,,,,,,,,,,,,,,,,,,,,,,,,,,,,,,,,,,,,,,
274.0,-0.0066105301253047075,0.08647603541612625,0.0004101991653442383,0.6725022196769714,0.0,0.030597089,0.0061671413,1.0004102,0.09177521,0.03291823,2.9180014e-06,-0.009682655,0.015078545,0.009265184,0.04138491,0.042821266,0.021053394,0.10275,0.054628737,1.0,,,,,,,,,,,,,,,,,,,,,,,,,,,,,,,,,,,,,,,,,,,,
275.0,-0.006725279455741147,0.0864972397685051,0.0004101991653442383,0.668699324131012,0.0,0.03098195,0.0063059423,1.0004102,0.09236691,0.033312235,2.9481203e-06,-0.009968758,0.01479578,0.0092384815,-0.06799956,-0.06846723,-0.005384543,0.103125,0.054826856,1.0,,,,,,,,,,,,,,,,,,,,,,,,,,,,,,,,,,,,,,,,,,,,
276.0,-0.00683939199916646,0.08651570975780487,0.0004101991653442383,0.664886474609375,0.0,0.031369228,0.006446433,1.0004102,0.09294681,0.033717714,2.9987734e-06,-0.009794712,0.014972687,0.009328842,0.041380975,0.04283758,0.02104966,0.1035,0.055024963,1.0,,,,,,,,,,,,,,,,,,,,,,,,,,,,,,,,,,,,,,,,,,,,
277.0,-0.006954692955558383,0.08653155714273453,0.0004102468374185264,0.6610638499259949,0.0,0.031758953,0.0065885833,1.0004102,0.09353383,0.0341161,2.9495875e-06,-0.010080576,0.014690161,0.009302139,-0.0679934,-0.06846099,-0.005387617,0.103875,0.055223055,1.0,,,,,,,,,,,,,,,,,,,,,,,,,,,,,,,,,,,,,,,,,,,,
278.0,-0.007069358131542301,0.08654467761516571,0.0004102468374185264,0.6572312116622925,0.0,0.032151073,0.0067324415,1.0004102,0.09410904,0.034525957,3.0162919e-06,-0.00990653,0.014867067,0.0093922615,0.04137704,0.042853888,0.02104592,0.10425,0.055421133,1.0,,,,,,,,,,,,,,,,,,,,,,,,,,,,,,,,,,,,,,,,,,,,
279.0,-0.007185211876940436,0.0865551307797432,0.0004102468374185264,0.6533887982368469,0.0,0.032545622,0.006877978,1.0004102,0.09469138,0.03492872,2.9648647e-06,-0.010192394,0.014584541,0.009365559,-0.067987256,-0.06845475,-0.0053906846,0.104625,0.055619195,1.0,,,,,,,,,,,,,,,,,,,,,,,,,,,,,,,,,,,,,,,,,,,,
280.0,-0.0073004202031343324,0.08656293898820877,0.0004102468374185264,0.6495367288589478,0.0,0.032942545,0.00702524,1.0004102,0.09526192,0.035342954,3.0295432e-06,-0.010018349,0.014761448,0.009455919,0.041373108,0.04287019,0.021042174,0.105,0.055817246,1.0,,,,,,,,,,,,,,,,,,,,,,,,,,,,,,,,,,,,,,,,,,,,
281.0,-0.007416820192953061,0.08656812459230423,0.000410294538596645,0.6456747651100159,0.0,0.033341877,0.007174199,1.0004102,0.095839575,0.03575009,2.9801154e-06,-0.010304451,0.014478922,0.009429216,-0.06798111,-0.06844852,-0.005393746,0.105375,0.056015283,1.0,,,,,,,,,,,,,,,,,,,,,,,,,,,,,,,,,,,,,,,,,,,,
282.0,-0.00753257415395075,0.0865706354379654,0.00041031837463378906,0.6418031454086304,0.0,0.033743568,0.007324902,1.0004102,0.09640543,0.036168694,3.0417748e-06,-0.010130405,0.014656067,0.009519339,0.041369174,0.04288648,0.021038422,0.10575,0.056213304,1.0,,,,,,,,,,,,,,,,,,,,,,,,,,,,,,,,,,,,,,,,,,,,
283.0,-0.007649513022542761,0.08657055348157883,0.00041031837463378906,0.6379218697547913,0.0,0.034147643,0.0074773193,1.0004103,0.09697842,0.0365802,2.9945784e-06,-0.010416269,0.014373541,0.009492874,-0.06797498,-0.068442285,-0.005396801,0.106125,0.05641131,1.0,,,,,,,,,,,,,,,,,,,,,,,,,,,,,,,,,,,,,,,,,,,,
284.0,-0.007765807761825104,0.08656785637140274,0.00041031837463378906,0.6340308785438538,0.0,0.03455406,0.0076314993,1.0004103,0.09753961,0.03700317,2.6852945e-06,-0.010242224,0.014550686,0.009582996,0.04136524,0.042902768,0.021034665,0.1065,0.056609306,1.0,,,,,,,,,,,,,,,,,,,,,,,,,,,,,,,,,,,,,,,,,,,,
285.0,-0.0078832872889858,0.08656251430511475,0.00041031837463378906,0.6301302313804626,0.0,0.03496284,0.007787412,1.0004103,0.09810793,0.037419047,2.726646e-06,-0.010528088,0.01426816,0.0095562935,-0.06796884,-0.06843606,-0.0053998507,0.106875,0.056807287,1.0,,,,,,,,,,,,,,,,,,,,,,,,,,,,,,,,,,,,,,,,,,,,
286.0,-0.008000116349351835,0.08655466139316559,0.00041031837463378906,0.6262201070785522,0.0,0.035373945,0.007945105,1.0004103,0.098664455,0.037846386,2.7619135e-06,-0.010354042,0.014445305,0.009646416,0.041361306,0.042919047,0.021030903,0.10725,0.057005253,1.0,,,,,,,,,,,,,,,,,,,,,,,,,,,,,,,,,,,,,,,,,,,,
287.0,-0.008118129941222721,0.08654417097568512,0.0004103660467080772,0.6223003268241882,0.0,0.035787396,0.00810455,1.0004103,0.099228114,0.038266625,2.7239553e-06,-0.010639906,0.014163017,0.009619713,-0.06796271,-0.068429835,-0.0054028938,0.107625,0.057203203,1.0,,,,,,,,,,,,,,,,,,,,,,,,,,,,,,,,,,,,,,,,,,,,
288.0,-0.008235496903999297,0.0865311399102211,0.0004104137478861958,0.6183709502220154,0.0,0.036203146,0.008265792,1.0004103,0.099779986,0.038698327,2.7752842e-06,-0.01046586,0.014340162,0.009709835,0.041357376,0.04293532,0.021027137,0.108,0.05740114,1.0,,,,,,,,,,,,,,,,,,,,,,,,,,,,,,,,,,,,,,,,,,,,
289.0,-0.008354043181958494,0.08651553094387054,0.0004104137478861958,0.6144320964813232,0.0,0.036621224,0.008428805,1.0004103,0.10033899,0.039122928,2.7350807e-06,-0.010751963,0.014057875,0.009683371,-0.06795659,-0.068423614,-0.005405931,0.108375,0.057599064,1.0,,,,,,,,,,,,,,,,,,,,,,,,,,,,,,,,,,,,,,,,,,,,
290.0,-0.008471936365285922,0.08649741113185883,0.0004104137478861958,0.6104838252067566,0.0,0.037041582,0.008593634,1.0004103,0.1008862,0.039558988,2.784393e-06,-0.010577917,0.014235258,0.009773493,0.041353446,0.042951584,0.021023365,0.10875,0.057796974,1.0,,,,,,,,,,,,,,,,,,,,,,,,,,,,,,,,,,,,,,,,,,,,
291.0,-0.008591012812790077,0.08647670596837997,0.0004104137478861958,0.6065259575843811,0.0,0.03746425,0.00876025,1.0004103,0.10144056,0.03998795,2.746185e-06,-0.010863781,0.0139529705,0.00974679,-0.067950465,-0.06841739,-0.0054089623,0.109125,0.057994865,1.0,,,,,,,,,,,,,,,,,,,,,,,,,,,,,,,,,,,,,,,,,,,,
292.0,-0.008709437081514717,0.08645352721214294,0.00041043758392333984,0.6025586724281311,0.0,0.037889183,0.008928701,1.0004103,0.10198313,0.040428367,2.7924873e-06,-0.010689735,0.0141301155,0.009836912,0.04134951,0.04296784,0.021019585,0.1095,0.058192745,1.0,,,,,,,,,,,,,,,,,,,,,,,,,,,,,,,,,,,,,,,,,,,,
293.0,-0.00882904081564965,0.08642779290676117,0.00041043758392333984,0.5985819101333618,0.0,0.038316403,0.009098959,1.0004104,0.102532834,0.04086168,2.7565077e-06,-0.010975599,0.013848066,0.009810209,-0.06794435,-0.06841118,-0.005411987,0.109875,0.05839061,1.0,,,,,,,,,,,,,,,,,,,,,,,,,,,,,,,,,,,,,,,,,,,,
294.0,-0.00894798654684621,0.08639955520629883,0.00041043758392333984,0.5945959091186523,0.0,0.03874586,0.0092710685,1.0004104,0.10307075,0.041306447,2.431875e-06,-0.010801554,0.01402545,0.0099003315,0.04134558,0.04298409,0.021015802,0.11025,0.05858846,1.0,,,,,,,,,,,,,,,,,,,,,,,,,,,,,,,,,,,,,,,,,,,,
295.0,-0.009068112683079008,0.0863688662648201,0.000410485255997628,0.5906004309654236,0.0,0.039177597,0.009445002,1.0004104,0.10361582,0.041744117,2.4844408e-06,-0.011087418,0.013743162,0.009873867,-0.06793824,-0.068404965,-0.005415006,0.110625,0.058786295,1.0,,,,,,,,,,,,,,,,,,,,,,,,,,,,,,,,,,,,,,,,,,,,
296.0,-0.009187580568703745,0.0863356739282608,0.000410485255997628,0.5865957140922546,0.0,0.039611552,0.009620808,1.0004104,0.10414911,0.042193238,2.5043687e-06,-0.010913372,0.013920546,0.009963751,0.04134165,0.043000337,0.021012014,0.111,0.058984116,1.0,,,,,,,,,,,,,,,,,,,,,,,,,,,,,,,,,,,,,,,,,,,,
297.0,-0.00930822867633897,0.08630001544952393,0.00041053295717574656,0.5825815200805664,0.0,0.040047757,0.009798455,1.0004104,0.10468954,0.042635255,2.4776205e-06,-0.011199236,0.013638496,0.009937286,-0.06793213,-0.06839875,-0.005418019,0.111375,0.059181925,1.0,,,,,,,,,,,,,,,,,,,,,,,,,,,,,,,,,,,,,,,,,,,,
298.0,-0.009428220064157337,0.08626187592744827,0.00041053295717574656,0.5785580277442932,0.0,0.040486164,0.009977991,1.0004104,0.105218194,0.04308872,2.5136192e-06,-0.01102519,0.01381588,0.01002717,0.041337725,0.04301657,0.021008221,0.11175,0.059379715,1.0,,,,,,,,,,,,,,,,,,,,,,,,,,,,,,,,,,,,,,,,,,,,
299.0,-0.009549140388371076,0.08622132241725922,0.00041053295717574656,0.5745253562927246,0.0,0.040926807,0.010159387,1.0004104,0.105753995,0.043535084,2.4846215e-06,-0.011311293,0.013533831,0.010000706,-0.06792603,-0.068392545,-0.0054210257,0.112125,0.05957749,1.0,,,,,,,,,,,,,,,,,,,,,,,,,,,,,,,,,,,,,,,,,,,,
300.0,-0.00966940551292653,0.08617833256721497,0.00041053295717574656,0.5704833269119263,0.0,0.041369632,0.010342691,1.0004104,0.106278025,0.043992892,2.518613e-06,-0.011137247,0.0137114525,0.0100905895,0.041333795,0.0430328,0.021004422,0.1125,0.059775252,1.0,,,,,,,,,,,,,,,,,,,,,,,,,,,,,,,,,,,,,,,,,,,,
301.0,-0.009790842449009757,0.08613292872905731,0.00041053295717574656,0.5664321184158325,0.0,0.04181467,0.0105278725,1.0004104,0.1068092,0.0444436,2.4916076e-06,-0.011423111,0.013429403,0.010064125,-0.06791993,-0.068386346,-0.0054240264,0.112875,0.059973,1.0,,,,,,,,,,,,,,,,,,,,,,,,,,,,,,,,,,,,,,,,,,,,
302.0,-0.00991165417130642,0.08608517795801163,0.0004105806292500347,0.562371551990509,0.0,0.042261872,0.01071498,1.0004104,0.1073286,0.04490575,2.5225982e-06,-0.011249065,0.013607025,0.010154009,0.04132987,0.043049023,0.021000618,0.11325,0.060170732,1.0,,,,,,,,,,,,,,,,,,,,,,,,,,,,,,,,,,,,,,,,,,,,
303.0,-0.010033638344649832,0.08603505790233612,0.0004105806292500347,0.5583018064498901,0.0,0.04271127,0.010903983,1.0004104,0.10785516,0.045360796,2.4978174e-06,-0.011534929,0.013324976,0.010127544,-0.06791384,-0.06838015,-0.005427021,0.113625,0.06036845,1.0,,,,,,,,,,,,,,,,,,,,,,,,,,,,,,,,,,,,,,,,,,,,
304.0,-0.01015496520331043,0.08598260581493378,0.00041060446528717875,0.554222822189331,0.0,0.04316281,0.011094931,1.0004104,0.10836995,0.045827284,2.5257543e-06,-0.011360884,0.013502598,0.01021719,0.041325938,0.043065235,0.020996807,0.114,0.06056615,1.0,,,,,,,,,,,,,,,,,,,,,,,,,,,,,,,,,,,,,,,,,,,,
305.0,-0.01027746286852496,0.08592782914638519,0.00041060446528717875,0.5501347184181213,0.0,0.043616526,0.011287792,1.0004106,0.10889189,0.046286665,2.5032102e-06,-0.011646748,0.013220549,0.010190725,-0.06790775,-0.06837395,-0.0054300097,0.114375,0.060763836,1.0,,,,,,,,,,,,,,,,,,,,,,,,,,,,,,,,,,,,,,,,,,,,
306.0,-0.010399303483341945,0.08587080240249634,0.00041060446528717875,0.5460373759269714,0.0,0.04407237,0.011482614,1.0004106,0.10940206,0.046757482,2.1602198e-06,-0.011472702,0.013398409,0.010280609,0.04132201,0.043081444,0.020992992,0.11475,0.060961507,1.0,,,,,,,,,,,,,,,,,,,,,,,,,,,,,,,,,,,,,,,,,,,,
307.0,-0.010522320082648267,0.08581151813268661,0.00041065216646529734,0.5419307947158813,0.0,0.044530366,0.011679369,1.0004106,0.10991939,0.0472212,2.2262188e-06,-0.011758566,0.01311636,0.010254145,-0.06790166,-0.06836775,-0.0054329922,0.115125,0.061159164,1.0,,,,,,,,,,,,,,,,,,,,,,,,,,,,,,,,,,,,,,,,,,,,
308.0,-0.010644678084262183,0.08574996888637543,0.00041065216646529734,0.5378150343894958,0.0,0.044990472,0.011878104,1.0004106,0.11042496,0.047696352,2.2277995e-06,-0.01158452,0.01329422,0.0103440285,0.041318085,0.04309764,0.020989172,0.1155,0.061356805,1.0,,,,,,,,,,,,,,,,,,,,,,,,,,,,,,,,,,,,,,,,,,,,
309.0,-0.010768207015305429,0.08568620681762695,0.00041069983853958547,0.5336900949478149,0.0,0.04545271,0.012078789,1.0004106,0.11093769,0.048164397,2.214479e-06,-0.011870384,0.013012171,0.010317564,-0.067895584,-0.068361565,-0.005435969,0.115875,0.06155443,1.0,,,,,,,,,,,,,,,,,,,,,,,,,,,,,,,,,,,,,,,,,,,,
310.0,-0.01089107913447199,0.08562024682760239,0.00041069983853958547,0.5295559167861938,0.0,0.045917038,0.012281472,1.0004106,0.111438654,0.04864388,2.232142e-06,-0.011696339,0.013190031,0.010407209,0.04131416,0.043113835,0.020985346,0.11625,0.06175204,1.0,,,,,,,,,,,,,,,,,,,,,,,,,,,,,,,,,,,,,,,,,,,,
311.0,-0.011014954727180601,0.0855521559715271,0.00041069983853958547,0.5254127383232117,0.0,0.046383485,0.012486123,1.0004106,0.11194679,0.049116254,2.216568e-06,-0.0119822025,0.01290822,0.010380745,-0.06788951,-0.068355374,-0.0054389397,0.116625,0.061949633,1.0,,,,,,,,,,,,,,,,,,,,,,,,,,,,,,,,,,,,,,,,,,,,
312.0,-0.011138172724748246,0.08548189699649811,0.00041069983853958547,0.5212603807449341,0.0,0.046851996,0.01269279,1.0004106,0.11244316,0.04960006,2.2322345e-06,-0.011808157,0.013086081,0.010470629,0.041310236,0.04313002,0.020981515,0.117,0.062147215,1.0,,,,,,,,,,,,,,,,,,,,,,,,,,,,,,,,,,,,,,,,,,,,
313.0,-0.011262563532318928,0.0854095071554184,0.00041069983853958547,0.5170989036560059,0.0,0.04732261,0.012901443,1.0004106,0.1129467,0.050076757,2.218648e-06,-0.012094021,0.01280427,0.010444164,-0.06788344,-0.06834919,-0.005441904,0.117375,0.06234478,1.0,,,,,,,,,,,,,,,,,,,,,,,,,,,,,,,,,,,,,,,,,,,,
314.0,-0.01138629706121136,0.08533503860235214,0.00041069983853958547,0.5129282474517822,0.0,0.04779527,0.01311213,1.0004106,0.11343847,0.050564885,2.2313247e-06,-0.011919975,0.0129823685,0.01053381,0.04130631,0.0431462,0.02097768,0.11775,0.06254233,1.0,,,,,,,,,,,,,,,,,,,,,,,,,,,,,,,,,,,,,,,,,,,,
315.0,-0.011511203995128576,0.08525854349136353,0.00041074753971770406,0.5087485313415527,0.0,0.04827001,0.013324821,1.0004106,0.11393742,0.051045902,2.2199588e-06,-0.012205839,0.012700558,0.010507345,-0.067877375,-0.068343006,-0.0054448624,0.118125,0.06273986,1.0,,,,,,,,,,,,,,,,,,,,,,,,,,,,,,,,,,,,,,,,,,,,
316.0,-0.011635618313995136,0.08517997711896896,0.00041081904782913625,0.5045597553253174,0.0,0.048746776,0.013539565,1.0004106,0.114424616,0.05153835,2.2295926e-06,-0.012032032,0.012878418,0.010595322,0.041297216,0.043157294,0.020562489,0.1185,0.06293737,1.0,,,,,,,,,,,,,,,,,,,,,,,,,,,,,,,,,,,,,,,,,,,,
317.0,-0.01176116836013272,0.08509943634271622,0.00041081904782913625,0.5003616809844971,0.0,0.049225606,0.01375633,1.0004107,0.114918984,0.052023683,2.2204592e-06,-0.0123176575,0.012596846,0.010567188,-0.06787661,-0.06834178,-0.005859073,0.118875,0.06313487,1.0,,,,,,,,,,,,,,,,,,,,,,,,,,,,,,,,,,,,,,,,,,,,
318.0,-0.01188606020552478,0.08501690626144409,0.00041081904782913625,0.4961544871330261,0.0,0.049706448,0.013975165,1.0004107,0.11540159,0.052520443,1.8591758e-06,-0.01214385,0.012684822,0.010656357,0.04152479,0.021598402,0.020824589,0.11925,0.06333236,1.0,,,,,,,,,,,,,,,,,,,,,,,,,,,,,,,,,,,,,,,,,,,,
319.0,-0.012012124222871286,0.08493240177631378,0.00041081904782913625,0.4919382631778717,0.0,0.050189313,0.01419604,1.0004107,0.1158877,0.053010054,1.9853687e-06,-0.012429714,0.012313366,0.0106294155,-0.067635156,-0.08990553,-0.0056060203,0.119625,0.06352983,1.0,,,,,,,,,,,,,,,,,,,,,,,,,,,,,,,,,,,,,,,,,,,,
320.0,-0.012137535982176248,0.08484593778848648,0.00041081904782913625,0.4877127408981323,0.0,0.050674137,0.014419002,1.0004107,0.116358384,0.05351105,2.0020716e-06,-0.012255669,0.012401581,0.010718346,0.041519873,0.021624586,0.020830778,0.12,0.06372728,1.0,,,,,,,,,,,,,,,,,,,,,,,,,,,,,,,,,,,,,,,,,,,,
321.0,-0.012264124210056253,0.08475756645202637,0.00041081904782913625,0.4834780693054199,0.0,0.05116094,0.014644023,1.0004107,0.116832584,0.05400489,2.0413443e-06,-0.0125415325,0.012030125,0.010691404,-0.067625485,-0.089889154,-0.0056187534,0.120375,0.06392472,1.0,,,,,,,,,,,,,,,,,,,,,,,,,,,,,,,,,,,,,,,,,,,,
322.0,-0.012390056359174548,0.08466727286577225,0.00041081904782913625,0.4792342483997345,0.0,0.051649656,0.014871148,1.0004107,0.11729135,0.054510113,2.0727964e-06,-0.012367487,0.01211834,0.0107803345,0.041514948,0.02165076,0.020836957,0.12075,0.06412214,1.0,,,,,,,,,,,,,,,,,,,,,,,,,,,,,,,,,,,,,,,,,,,,
323.0,-0.012517166610665095,0.08457513153553009,0.00041091442108154297,0.47498124837875366,0.0,0.052140296,0.01510035,1.0004107,0.11775365,0.055008184,2.1103695e-06,-0.012653351,0.011747122,0.010753393,-0.06761582,-0.08987278,-0.0056314757,0.121125,0.06431954,1.0,,,,,,,,,,,,,,,,,,,,,,,,,,,,,,,,,,,,,,,,,,,,
324.0,-0.01264356738827056,0.08448107540607452,0.00041091442108154297,0.47071897983551025,0.0,0.052632798,0.0153316725,1.0004107,0.11820052,0.055517633,2.1365822e-06,-0.012479305,0.011835575,0.010842323,0.041510023,0.02167692,0.020843124,0.1215,0.06451694,1.0,,,,,,,,,,,,,,,,,,,,,,,,,,,,,,,,,,,,,,,,,,,,
325.0,-0.012771148068622121,0.0843852087855339,0.00041091442108154297,0.46644750237464905,0.0,0.053127177,0.015565089,1.0004107,0.11865092,0.056019925,2.1771473e-06,-0.012652636,0.011464119,0.010815382,-0.04063659,-0.08956399,-0.005963418,0.121875,0.06471431,1.0,,,,,,,,,,,,,,,,,,,,,,,,,,,,,,,,,,,,,,,,,,,,
326.0,-0.012898077796149859,0.08428753167390823,0.00041091442108154297,0.4621667265892029,0.0,0.053623367,0.015800627,1.0004107,0.11908595,0.056529,2.2554093e-06,-0.012366295,0.011552572,0.010904312,0.068468474,0.021991292,0.020542515,0.12225,0.06491166,1.0,,,,,,,,,,,,,,,,,,,,,,,,,,,,,,,,,,,,,,,,,,,,
327.0,-0.01302619274074448,0.0841880664229393,0.00041091442108154297,0.4578765630722046,0.0,0.054121386,0.016038237,1.0004107,0.11952457,0.057026327,2.341793e-06,-0.012539864,0.0111813545,0.010877371,-0.04063974,-0.08954362,-0.0059885103,0.122625,0.06510901,1.0,,,,,,,,,,,,,,,,,,,,,,,,,,,,,,,,,,,,,,,,,,,,
328.0,-0.01315365829552359,0.08408679068088531,0.00041091442108154297,0.45357704162597656,0.0,0.054621167,0.016277947,1.0004107,0.11994783,0.057530437,2.4057508e-06,-0.012253523,0.011270046,0.010966301,0.06845109,0.022015205,0.020561064,0.123,0.065306336,1.0,,,,,,,,,,,,,,,,,,,,,,,,,,,,,,,,,,,,,,,,,,,,
329.0,-0.013282305041083626,0.08398378640413284,0.00041091442108154297,0.44926831126213074,0.0,0.05512273,0.016519709,1.0004107,0.12037468,0.0580228,2.4951205e-06,-0.012427092,0.0108988285,0.01093936,-0.04064288,-0.089523256,-0.006013585,0.123375,0.06550364,1.0,,,,,,,,,,,,,,,,,,,,,,,,,,,,,,,,,,,,,,,,,,,,
330.0,-0.013410303986829833,0.08387906849384308,0.00041103363037109375,0.4449501931667328,0.0,0.055626005,0.01676355,1.0004107,0.12078618,0.058521952,2.5548275e-06,-0.012140751,0.01098752,0.01102829,0.06843371,0.022039102,0.020579599,0.12375,0.06570093,1.0,,,,,,,,,,,,,,,,,,,,,,,,,,,,,,,,,,,,,,,,,,,,
331.0,-0.013539486313096802,0.08377261459827423,0.00041103363037109375,0.4406227767467499,0.0,0.056131013,0.017009422,1.0004108,0.12120128,0.05900936,2.6448279e-06,-0.01231432,0.010616541,0.01100111,-0.040646017,-0.0895029,-0.006038641,0.124125,0.06589821,1.0,,,,,,,,,,,,,,,,,,,,,,,,,,,,,,,,,,,,,,,,,,,,
332.0,-0.013668025891560798,0.08366449177265167,0.00041103363037109375,0.4362858235836029,0.0,0.056637682,0.017257353,1.0004108,0.12160102,0.059503548,2.3329599e-06,-0.012028217,0.010705233,0.01109004,0.068416335,0.022062985,0.020598117,0.1245,0.066095464,1.0,,,,,,,,,,,,,,,,,,,,,,,,,,,,,,,,,,,,,,,,,,,,
333.0,-0.013797746530528255,0.0835547223687172,0.00041103363037109375,0.43193966150283813,0.0,0.057146035,0.017507296,1.0004108,0.12200438,0.059986006,2.5097836e-06,-0.012201786,0.010334492,0.0110628605,-0.040649146,-0.08948255,-0.0060636797,0.124875,0.06629271,1.0,,,,,,,,,,,,,,,,,,,,,,,,,,,,,,,,,,,,,,,,,,,,
334.0,-0.013926822780517798,0.0834433063864708,0.00041103363037109375,0.42758405208587646,0.0,0.057656,0.017759275,1.0004108,0.12239239,0.06047525,2.5418833e-06,-0.011915684,0.010423183,0.011151791,0.06839895,0.022086853,0.02061662,0.12525,0.066489935,1.0,,,,,,,,,,,,,,,,,,,,,,,,,,,,,,,,,,,,,,,,,,,,
335.0,-0.014057085065530762,0.08333025872707367,0.00041103363037109375,0.42321908473968506,0.0,0.058167603,0.018013244,1.0004108,0.122784026,0.060952757,2.6376372e-06,-0.0120892525,0.010052443,0.011124611,-0.040652275,-0.08946221,-0.0060887006,0.125625,0.066687144,1.0,,,,,,,,,,,,,,,,,,,,,,,,,,,,,,,,,,,,,,,,,,,,
336.0,-0.014187404826349009,0.0832156389951706,0.0004110813024453819,0.4188445806503296,0.0,0.05868077,0.018269233,1.0004108,0.123160325,0.061437055,2.685223e-06,-0.011803389,0.010141373,0.011213541,0.06838157,0.022110706,0.020635108,0.126,0.06688434,1.0,,,,,,,,,,,,,,,,,,,,,,,,,,,,,,,,,,,,,,,,,,,,
337.0,-0.014317997893453597,0.08309941738843918,0.00041112900362350047,0.4144606292247772,0.0,0.059195522,0.01852719,1.0004108,0.12354024,0.06190962,2.7769859e-06,-0.011976957,0.009770632,0.011186361,-0.040655397,-0.08944189,-0.006113704,0.126375,0.06708151,1.0,,,,,,,,,,,,,,,,,,,,,,,,,,,,,,,,,,,,,,,,,,,,
338.0,-0.01444885883259447,0.08298158645629883,0.00041112900362350047,0.4100673496723175,0.0,0.05971179,0.018787144,1.0004108,0.12390483,0.06238898,2.8219768e-06,-0.011691093,0.009859562,0.011275291,0.06836419,0.022134544,0.020653581,0.12675,0.06727867,1.0,,,,,,,,,,,,,,,,,,,,,,,,,,,,,,,,,,,,,,,,,,,,
339.0,-0.014579996484879326,0.08286218345165253,0.00041112900362350047,0.40566450357437134,0.0,0.060229596,0.019049047,1.0004108,0.12427305,0.06285661,2.9139937e-06,-0.011864662,0.009489059,0.011247873,-0.040658515,-0.08942156,-0.006138689,0.127125,0.06747581,1.0,,,,,,,,,,,,,,,,,,,,,,,,,,,,,,,,,,,,,,,,,,,,
340.0,-0.01471140674401902,0.08274126797914505,0.00041115283966064453,0.40125221014022827,0.0,0.06074887,0.019312926,1.0004108,0.12462594,0.06333103,2.9553973e-06,-0.011578798,0.00957799,0.011336803,0.06834681,0.022158368,0.020672038,0.1275,0.06767294,1.0,,,,,,,,,,,,,,,,,,,,,,,,,,,,,,,,,,,,,,,,,,,,
341.0,-0.014843095125789194,0.08261871337890625,0.00041115283966064453,0.396830290555954,0.0,0.06126963,0.019578733,1.0004109,0.124982476,0.063793726,3.0479052e-06,-0.011752367,0.009207487,0.011309385,-0.04066163,-0.089401245,-0.0061636567,0.127875,0.06787005,1.0,,,,,,,,,,,,,,,,,,,,,,,,,,,,,,,,,,,,,,,,,,,,
342.0,-0.014975050932238401,0.08249461650848389,0.00041115283966064453,0.39239904284477234,0.0,0.06179181,0.019846497,1.0004109,0.1253237,0.06426322,2.717782e-06,-0.011466742,0.009296656,0.011398315,0.06832943,0.022182178,0.02069048,0.12825,0.06806714,1.0,,,,,,,,,,,,,,,,,,,,,,,,,,,,,,,,,,,,,,,,,,,,
343.0,-0.015107287030834119,0.08236899971961975,0.00041120051173493266,0.3879581689834595,0.0,0.06231543,0.020116167,1.0004109,0.12566856,0.06472099,2.8971272e-06,-0.01164031,0.008926153,0.011370897,-0.04066474,-0.08938094,-0.0061886064,0.128625,0.068264216,1.0,,,,,,,,,,,,,,,,,,,,,,,,,,,,,,,,,,,,,,,,,,,,
344.0,-0.015239792846765344,0.08224183320999146,0.00041120051173493266,0.3835079073905945,0.0,0.062840424,0.020387774,1.0004109,0.12599811,0.065185554,2.9109967e-06,-0.011354685,0.00901556,0.011459827,0.06831205,0.022205973,0.020708906,0.129,0.06846127,1.0,,,,,,,,,,,,,,,,,,,,,,,,,,,,,,,,,,,,,,,,,,,,
345.0,-0.015372574590435593,0.08211316913366318,0.00041124821291305125,0.37904810905456543,0.0,0.06336681,0.020661267,1.0004109,0.12633131,0.0656384,3.0092726e-06,-0.011528254,0.008645058,0.011432409,-0.040667843,-0.08936064,-0.0062135383,0.129375,0.068658315,1.0,,,,,,,,,,,,,,,,,,,,,,,,,,,,,,,,,,,,,,,,,,,,
346.0,-0.015505633180014116,0.08198293298482895,0.00041124821291305125,0.37457868456840515,0.0,0.06389451,0.020936675,1.0004109,0.12664922,0.06609805,3.038653e-06,-0.011242628,0.008734465,0.011521339,0.06829467,0.022229752,0.020727316,0.12975,0.06885534,1.0,,,,,,,,,,,,,,,,,,,,,,,,,,,,,,,,,,,,,,,,,,,,
347.0,-0.01563896517456417,0.08185122907161713,0.00041124821291305125,0.37009984254837036,0.0,0.06442355,0.02121395,1.0004109,0.12697077,0.06654598,3.1329469e-06,-0.011416435,0.008364201,0.011493683,-0.040670946,-0.08934035,-0.0062384526,0.130125,0.06905234,1.0,,,,,,,,,,,,,,,,,,,,,,,,,,,,,,,,,,,,,,,,,,,,
348.0,-0.015772569164828065,0.08171803504228592,0.00041124821291305125,0.3656115233898163,0.0,0.06495388,0.02149312,1.0004109,0.12727703,0.06700071,3.1597529e-06,-0.011131048,0.008453608,0.011582613,0.06827729,0.022253519,0.020745711,0.1305,0.06924933,1.0,,,,,,,,,,,,,,,,,,,,,,,,,,,,,,,,,,,,,,,,,,,,
349.0,-0.015906450038706978,0.08158330619335175,0.00041124821291305125,0.36111366748809814,0.0,0.065485485,0.021774136,1.0004109,0.12758696,0.06744373,3.2543119e-06,-0.011304617,0.0080833435,0.011555195,-0.040674042,-0.08932007,-0.006263349,0.130875,0.0694463,1.0,,,,,,,,,,,,,,,,,,,,,,,,,,,,,,,,,,,,,,,,,,,,
350.0,-0.016040604498147492,0.08144712448120117,0.00041131972102448344,0.35660630464553833,0.0,0.06601833,0.022057025,1.0004109,0.1278816,0.06789356,3.277551e-06,-0.01101923,0.008172989,0.011643887,0.06825991,0.02227727,0.020764092,0.13125,0.06964325,1.0,,,,,,,,,,,,,,,,,,,,,,,,,,,,,,,,,,,,,,,,,,,,
351.0,-0.01617503655597019,0.0813094824552536,0.00041131972102448344,0.35208937525749207,0.0,0.06655241,0.022341741,1.000411,0.12817991,0.06833167,3.372611e-06,-0.011193037,0.0078029633,0.01161623,-0.040677134,-0.0892998,-0.006288228,0.131625,0.06984019,1.0,,,,,,,,,,,,,,,,,,,,,,,,,,,,,,,,,,,,,,,,,,,,
352.0,-0.016309744734779683,0.08117032051086426,0.00041131972102448344,0.34756284952163696,0.0,0.06708767,0.02262831,1.000411,0.12846294,0.068776585,3.0243373e-06,-0.01090765,0.00789237,0.01170516,0.06824253,0.022301005,0.020782456,0.132,0.07003711,1.0,,,,,,,,,,,,,,,,,,,,,,,,,,,,,,,,,,,,,,,,,,,,
353.0,-0.016444729052883397,0.08102969825267792,0.00041131972102448344,0.3430267870426178,0.0,0.06762413,0.022916684,1.000411,0.12874965,0.06920979,3.2062555e-06,-0.011081457,0.007522583,0.011677504,-0.04068022,-0.089279525,-0.0063130893,0.132375,0.070234016,1.0,,,,,,,,,,,,,,,,,,,,,,,,,,,,,,,,,,,,,,,,,,,,
354.0,-0.01657998682108554,0.08088766038417816,0.00041136742220260203,0.33848124742507935,0.0,0.06816172,0.023206891,1.000411,0.12902108,0.069649816,3.2019966e-06,-0.01079607,0.0076122284,0.011766434,0.06822515,0.022324728,0.020800805,0.13275,0.0704309,1.0,,,,,,,,,,,,,,,,,,,,,,,,,,,,,,,,,,,,,,,,,,,,
355.0,-0.016715517961451567,0.0807441771030426,0.00041136742220260203,0.333926260471344,0.0,0.068700455,0.023498883,1.000411,0.1292962,0.07007813,3.3028477e-06,-0.010969877,0.0072422028,0.011738539,-0.040683303,-0.08925927,-0.006337933,0.133125,0.070627764,1.0,,,,,,,,,,,,,,,,,,,,,,,,,,,,,,,,,,,,,,,,,,,,
356.0,-0.016851322229708615,0.08059928566217422,0.00041136742220260203,0.32936179637908936,0.0,0.06924027,0.02379269,1.000411,0.12955606,0.070513256,3.314124e-06,-0.010684729,0.0073320866,0.011827469,0.06820777,0.022348436,0.020819139,0.1335,0.07082461,1.0,,,,,,,,,,,,,,,,,,,,,,,,,,,,,,,,,,,,,,,,,,,,
357.0,-0.01698740294630336,0.08045292645692825,0.00041141509427689016,0.32478779554367065,0.0,0.069781184,0.024088258,1.000411,0.1298196,0.07093668,3.4110021e-06,-0.010858536,0.0069622993,0.011799812,-0.040686384,-0.089239016,-0.0063627586,0.133875,0.071021445,1.0,,,,,,,,,,,,,,,,,,,,,,,,,,,,,,,,,,,,,,,,,,,,
358.0,-0.0171237581882324,0.08030518144369125,0.0004114389303140342,0.3202042877674103,0.0,0.07032313,0.02438562,1.000411,0.13006788,0.07136691,3.4197246e-06,-0.010573387,0.007052183,0.011888504,0.06819039,0.022372128,0.020837458,0.13425,0.07121826,1.0,,,,,,,,,,,,,,,,,,,,,,,,,,,,,,,,,,,,,,,,,,,,
359.0,-0.017260384669385728,0.08015598356723785,0.0004114389303140342,0.3156113922595978,0.0,0.07086613,0.024684727,1.0004112,0.13031986,0.07178545,3.5168782e-06,-0.010747433,0.006682396,0.011860609,-0.040689457,-0.08921878,-0.0063875667,0.134625,0.07141505,1.0,,,,,,,,,,,,,,,,,,,,,,,,,,,,,,,,,,,,,,,,,,,,
360.0,-0.01739710906801804,0.08000539243221283,0.0004114389303140342,0.3110089600086212,0.0,0.07141012,0.024985604,1.0004112,0.13055658,0.0722108,3.1541538e-06,-0.010462284,0.0067722797,0.011949539,0.06817301,0.022395806,0.02085576,0.135,0.07161183,1.0,,,,,,,,,,,,,,,,,,,,,,,,,,,,,,,,,,,,,,,,,,,,
361.0,-0.01753410576486697,0.07985346019268036,0.0004114389303140342,0.30639714002609253,0.0,0.07195511,0.025288207,1.0004112,0.13079703,0.07262446,3.3381687e-06,-0.010636091,0.006402731,0.011921644,-0.040692527,-0.089198545,-0.006412357,0.135375,0.07180859,1.0,,,,,,,,,,,,,,,,,,,,,,,,,,,,,,,,,,,,,,,,,,,,
362.0,-0.017671373951799265,0.07970011234283447,0.0004114389303140342,0.30177590250968933,0.0,0.07250103,0.02559256,1.0004112,0.13102221,0.07304493,3.3194797e-06,-0.010351181,0.0064926147,0.012010574,0.06815563,0.02241947,0.02087405,0.13575,0.07200533,1.0,,,,,,,,,,,,,,,,,,,,,,,,,,,,,,,,,,,,,,,,,,,,
363.0,-0.01780891474168275,0.07954544574022293,0.0004114389303140342,0.297145277261734,0.0,0.07304791,0.025898619,1.0004112,0.13125111,0.07345372,3.4224292e-06,-0.010524988,0.0061233044,0.011982679,-0.040695593,-0.08917832,-0.0064371303,0.136125,0.07220206,1.0,,,,,,,,,,,,,,,,,,,,,,,,,,,,,,,,,,,,,,,,,,,,
364.0,-0.01794672572042273,0.07938941568136215,0.0004114866314921528,0.29250529408454895,0.0,0.07359568,0.026206406,1.0004112,0.13146476,0.07386932,3.4192942e-06,-0.010240078,0.006213188,0.012071371,0.06813826,0.02244312,0.020892322,0.1365,0.07239876,1.0,,,,,,,,,,,,,,,,,,,,,,,,,,,,,,,,,,,,,,,,,,,,
365.0,-0.018084811256816286,0.07923208922147751,0.00041153430356644094,0.287855863571167,0.0,0.074144356,0.026515879,1.0004112,0.13168216,0.07427323,3.5182782e-06,-0.010414124,0.005843878,0.012043476,-0.040698655,-0.0891581,-0.0064618853,0.136875,0.07259545,1.0,,,,,,,,,,,,,,,,,,,,,,,,,,,,,,,,,,,,,,,,,,,,
366.0,-0.01822316481806884,0.07907340675592422,0.00041153430356644094,0.2831971347332001,0.0,0.07469387,0.026827062,1.0004112,0.13188429,0.074683964,3.5126056e-06,-0.010129213,0.005934,0.012132168,0.068120874,0.022466755,0.020910578,0.13725,0.07279212,1.0,,,,,,,,,,,,,,,,,,,,,,,,,,,,,,,,,,,,,,,,,,,,
367.0,-0.018361789591352866,0.07891347259283066,0.000411558139603585,0.2785290777683258,0.0,0.07524425,0.027139908,1.0004112,0.13209018,0.07508301,3.6118736e-06,-0.010303259,0.0055646896,0.012104273,-0.04070171,-0.08913789,-0.0064866226,0.137625,0.07298877,1.0,,,,,,,,,,,,,,,,,,,,,,,,,,,,,,,,,,,,,,,,,,,,
368.0,-0.018500684561668937,0.07875223457813263,0.000411558139603585,0.2738516926765442,0.0,0.07579542,0.027454445,1.0004113,0.13228083,0.07548888,3.6026704e-06,-0.010018349,0.0056550503,0.012192965,0.06810349,0.022490375,0.02092882,0.138,0.0731854,1.0,,,,,,,,,,,,,,,,,,,,,,,,,,,,,,,,,,,,,,,,,,,,
369.0,-0.018639846473420655,0.07858975976705551,0.000411558139603585,0.2691650986671448,0.0,0.0763474,0.027770624,1.0004113,0.1324752,0.07588307,3.3345532e-06,-0.010192394,0.00528574,0.012164831,-0.040704764,-0.08911769,-0.0065113427,0.138375,0.07338202,1.0,,,,,,,,,,,,,,,,,,,,,,,,,,,,,,,,,,,,,,,,,,,,
370.0,-0.01877927698730714,0.07842604070901871,0.000411558139603585,0.2644692659378052,0.0,0.076900125,0.028088475,1.0004113,0.13265435,0.07628408,3.4081254e-06,-0.0099077225,0.0053761005,0.012253761,0.06808612,0.02251398,0.020947047,0.13875,0.07357861,1.0,,,,,,,,,,,,,,,,,,,,,,,,,,,,,,,,,,,,,,,,,,,,
371.0,-0.018918976877780755,0.07826108485460281,0.000411558139603585,0.259764164686203,0.0,0.07745361,0.028407946,1.0004113,0.13283727,0.07667341,3.4881784e-06,-0.010081768,0.0050070286,0.012225628,-0.04070781,-0.08909749,-0.006536045,0.139125,0.073775195,1.0,,,,,,,,,,,,,,,,,,,,,,,,,,,,,,,,,,,,,,,,,,,,
372.0,-0.01905894318602507,0.07809487730264664,0.000411558139603585,0.25504985451698303,0.0,0.0780078,0.02872907,1.0004113,0.13300495,0.07706957,3.4765712e-06,-0.009797096,0.005097389,0.01231432,0.068068735,0.022537572,0.020965258,0.1395,0.07397175,1.0,,,,,,,,,,,,,,,,,,,,,,,,,,,,,,,,,,,,,,,,,,,,
373.0,-0.01919917501408927,0.07792750746011734,0.0004116058407817036,0.2503264546394348,0.0,0.07856271,0.029051796,1.0004113,0.1331764,0.07745406,3.5763155e-06,-0.009971142,0.0047283173,0.012286186,-0.040710855,-0.08907731,-0.00656073,0.139875,0.074168295,1.0,,,,,,,,,,,,,,,,,,,,,,,,,,,,,,,,,,,,,,,,,,,,
374.0,-0.019339673675431168,0.07775891572237015,0.0004116535128559917,0.2455938458442688,0.0,0.07911826,0.029376151,1.0004113,0.13333263,0.07784537,3.5566356e-06,-0.00968647,0.0048189163,0.012374878,0.06805136,0.022561148,0.020983454,0.14025,0.07436481,1.0,,,,,,,,,,,,,,,,,,,,,,,,,,,,,,,,,,,,,,,,,,,,
375.0,-0.019480435658595207,0.07758915424346924,0.0004116773488931358,0.24085219204425812,0.0,0.079674475,0.029702088,1.0004113,0.13349262,0.07822502,3.6579752e-06,-0.009860754,0.0044498444,0.012346745,-0.040713895,-0.08905713,-0.006585397,0.140625,0.07456132,1.0,,,,,,,,,,,,,,,,,,,,,,,,,,,,,,,,,,,,,,,,,,,,
376.0,-0.01962146055070548,0.07741829007863998,0.0004116773488931358,0.23610150814056396,0.0,0.0802313,0.030029636,1.0004114,0.1336374,0.078611486,3.634475e-06,-0.009576082,0.0045404434,0.012435436,0.06803398,0.022584712,0.021001633,0.141,0.07475781,1.0,,,,,,,,,,,,,,,,,,,,,,,,,,,,,,,,,,,,,,,,,,,,
377.0,-0.019762747195317207,0.07724623382091522,0.0004116773488931358,0.23134182393550873,0.0,0.08078874,0.030358747,1.0004114,0.13378595,0.07898629,3.3685053e-06,-0.009750366,0.00417161,0.012407303,-0.04071693,-0.089036964,-0.006610046,0.141375,0.07495427,1.0,,,,,,,,,,,,,,,,,,,,,,,,,,,,,,,,,,,,,,,,,,,,
378.0,-0.019904848370379615,0.07707305997610092,0.0004116773488931358,0.22657305002212524,0.0,0.081346735,0.030689446,1.0004114,0.1339193,0.07936792,3.4277855e-06,-0.009465933,0.004262209,0.012495995,0.0680166,0.02260826,0.0210198,0.14175,0.07515072,1.0,,,,,,,,,,,,,,,,,,,,,,,,,,,,,,,,,,,,,,,,,,,,
379.0,-0.02004656838572319,0.07689876854419708,0.0004116773488931358,0.22179536521434784,0.0,0.081905305,0.031021686,1.0004114,0.13405643,0.079737894,3.51e-06,-0.009640217,0.0038936138,0.012467623,-0.040719964,-0.0890168,-0.006634678,0.142125,0.07534715,1.0,,,,,,,,,,,,,,,,,,,,,,,,,,,,,,,,,,,,,,,,,,,,
380.0,-0.02018946000917454,0.07672341167926788,0.0004116773488931358,0.21700885891914368,0.0,0.08246438,0.031355496,1.0004114,0.13417837,0.0801147,3.4841103e-06,-0.009355545,0.003984213,0.0125563145,0.06799923,0.022631794,0.02103795,0.1425,0.07554356,1.0,,,,,,,,,,,,,,,,,,,,,,,,,,,,,,,,,,,,,,,,,,,,
381.0,-0.020331698990663564,0.07654695212841034,0.0004116773488931358,0.21221338212490082,0.0,0.08302398,0.031690832,1.0004114,0.13430409,0.080479845,3.5860269e-06,-0.009530067,0.0036156178,0.012527943,-0.04072299,-0.08899665,-0.0066592926,0.142875,0.07573995,1.0,,,,,,,,,,,,,,,,,,,,,,,,,,,,,,,,,,,,,,,,,,,,
382.0,-0.020475107475443975,0.07636944949626923,0.00041172505007125437,0.20740914344787598,0.0,0.08358404,0.032027714,1.0004114,0.13441463,0.08085182,3.5520795e-06,-0.009245634,0.0037064552,0.012616873,0.06798185,0.022655314,0.021056084,0.14325,0.075936325,1.0,,,,,,,,,,,,,,,,,,,,,,,,,,,,,,,,,,,,,,,,,,,,
383.0,-0.020617858023921284,0.07619086652994156,0.00041179655818268657,0.20259612798690796,0.0,0.084144585,0.032366097,1.0004114,0.13452895,0.08121214,3.6556e-06,-0.009419918,0.00333786,0.012588263,-0.040726013,-0.0889765,-0.0066838893,0.143625,0.07613268,1.0,,,,,,,,,,,,,,,,,,,,,,,,,,,,,,,,,,,,,,,,,,,,
384.0,-0.020761778480804266,0.07601126283407211,0.00041179655818268657,0.19777438044548035,0.0,0.08470553,0.03270601,1.0004115,0.1346281,0.081579305,3.617848e-06,-0.009135485,0.0034286976,0.012677193,0.06796447,0.022678819,0.021074204,0.144,0.07632901,1.0,,,,,,,,,,,,,,,,,,,,,,,,,,,,,,,,,,,,,,,,,,,,
385.0,-0.02090503541884796,0.07583063840866089,0.00041179655818268657,0.1929439753293991,0.0,0.08526691,0.033047408,1.0004115,0.13473104,0.0819348,3.3540646e-06,-0.009310007,0.0030603409,0.012648582,-0.04072903,-0.08895636,-0.0067084683,0.144375,0.07652532,1.0,,,,,,,,,,,,,,,,,,,,,,,,,,,,,,,,,,,,,,,,,,,,
386.0,-0.021049444257531153,0.07564900070428848,0.00041179655818268657,0.18810485303401947,0.0,0.085828654,0.03339031,1.0004115,0.13481882,0.082297154,3.3991134e-06,-0.009025574,0.0031511784,0.012737274,0.0679471,0.022702308,0.021092307,0.14475,0.07672162,1.0,,,,,,,,,,,,,,,,,,,,,,,,,,,,,,,,,,,,,,,,,,,,
387.0,-0.02119318840596634,0.07546636462211609,0.00041179655818268657,0.18325716257095337,0.0,0.086390786,0.033734675,1.0004115,0.13491039,0.082647845,3.4835234e-06,-0.009162903,0.0027828217,0.012708664,-0.031816095,-0.08882266,-0.006761129,0.145125,0.0769179,1.0,,,,,,,,,,,,,,,,,,,,,,,,,,,,,,,,,,,,,,,,,,,,
388.0,-0.021338092979463544,0.07528278231620789,0.00041179655818268657,0.17840106785297394,0.0,0.08695323,0.034080528,1.0004115,0.13498682,0.08300386,3.4573577e-06,-0.008841515,0.0028738976,0.012797594,0.07684364,0.022837969,0.021086397,0.1455,0.07711416,1.0,,,,,,,,,,,,,,,,,,,,,,,,,,,,,,,,,,,,,,,,,,,,
389.0,-0.021482016371414968,0.0750982016324997,0.00041179655818268657,0.17353631556034088,0.0,0.08751601,0.034427803,1.0004115,0.13506708,0.08334671,3.571228e-06,-0.008978844,0.0025057793,0.012768745,-0.031823326,-0.0888012,-0.006789801,0.145875,0.0773104,1.0,,,,,,,,,,,,,,,,,,,,,,,,,,,,,,,,,,,,,,,,,,,,
390.0,-0.02162709826762598,0.07491271197795868,0.00041179655818268657,0.16866323351860046,0.0,0.08807906,0.03477653,1.0004115,0.13513221,0.08369489,3.5349751e-06,-0.008657455,0.0025968552,0.012857676,0.076822095,0.022860684,0.021108532,0.14625,0.07750662,1.0,,,,,,,,,,,,,,,,,,,,,,,,,,,,,,,,,,,,,,,,,,,,
391.0,-0.021771506601497275,0.07472633570432663,0.0004118204233236611,0.16378188133239746,0.0,0.088642396,0.035126656,1.0004115,0.13520116,0.084029905,3.6497897e-06,-0.008795023,0.0022287369,0.012828827,-0.03183055,-0.08877973,-0.006818453,0.146625,0.07770281,1.0,,,,,,,,,,,,,,,,,,,,,,,,,,,,,,,,,,,,,,,,,,,,
392.0,-0.021916567898487758,0.07453911006450653,0.00041191576747223735,0.15889227390289307,0.0,0.08920596,0.0354782,1.0004116,0.135255,0.084370255,3.6101483e-06,-0.008473635,0.0023198128,0.012917757,0.07680055,0.02288338,0.021130651,0.147,0.077898994,1.0,,,,,,,,,,,,,,,,,,,,,,,,,,,,,,,,,,,,,,,,,,,,
393.0,-0.022061862362411835,0.07435104250907898,0.00041191576747223735,0.15399472415447235,0.0,0.08976976,0.035831105,1.0004116,0.13531266,0.08469744,3.3564231e-06,-0.008611202,0.0019516945,0.012888908,-0.031837765,-0.08875828,-0.0068470845,0.147375,0.07809515,1.0,,,,,,,,,,,,,,,,,,,,,,,,,,,,,,,,,,,,,,,,,,,,
394.0,-0.022207390594240227,0.07416216284036636,0.00041191576747223735,0.14908914268016815,0.0,0.090333745,0.0361854,1.0004116,0.1353552,0.08502997,3.4001391e-06,-0.008290052,0.0020430088,0.0129776,0.076779,0.022906061,0.021152753,0.14775,0.0782913,1.0,,,,,,,,,,,,,,,,,,,,,,,,,,,,,,,,,,,,,,,,,,,,
395.0,-0.022353152970275913,0.07397255301475525,0.00041191576747223735,0.14417561888694763,0.0,0.09089792,0.03654102,1.0004116,0.1354016,0.085349336,3.4933453e-06,-0.0084273815,0.0016751289,0.012948751,-0.031844974,-0.08873683,-0.0068756957,0.148125,0.07848742,1.0,,,,,,,,,,,,,,,,,,,,,,,,,,,,,,,,,,,,,,,,,,,,
396.0,-0.022499143905674784,0.07378218322992325,0.00041191576747223735,0.13925422728061676,0.0,0.09146222,0.036897995,1.0004116,0.13543288,0.08567405,3.4524578e-06,-0.00810647,0.0017664433,0.013037443,0.07675746,0.022928726,0.021174839,0.1485,0.07868352,1.0,,,,,,,,,,,,,,,,,,,,,,,,,,,,,,,,,,,,,,,,,,,,
397.0,-0.022645355765707885,0.07359111309051514,0.00041191576747223735,0.13432534039020538,0.0,0.092026666,0.037256267,1.0004116,0.13546804,0.085985616,3.5641146e-06,-0.008244038,0.0013985634,0.0130085945,-0.031852175,-0.08871539,-0.006904287,0.148875,0.0788796,1.0,,,,,,,,,,,,,,,,,,,,,,,,,,,,,,,,,,,,,,,,,,,,
398.0,-0.02279179101344681,0.07339942455291748,0.00041191576747223735,0.12938880920410156,0.0,0.092591204,0.03761586,1.0004116,0.13548806,0.08630252,3.5157436e-06,-0.007922888,0.0014901161,0.013097286,0.07673592,0.022951374,0.021196906,0.14925,0.079075664,1.0,,,,,,,,,,,,,,,,,,,,,,,,,,,,,,,,,,,,,,,,,,,,
399.0,-0.022938440541916592,0.0732070803642273,0.00041193963261321187,0.12444500625133514,0.0,0.09315584,0.037976723,1.0004116,0.13551195,0.08660629,3.6277502e-06,-0.008060694,0.0011222363,0.013068199,-0.03185937,-0.088693954,-0.006932858,0.149625,0.07927171,1.0,,,,,,,,,,,,,,,,,,,,,,,,,,,,,,,,,,,,,,,,,,,,
400.0,-0.02308531035235802,0.07301413267850876,0.00041193963261321187,0.11949364095926285,0.0,0.0937205,0.03833887,1.0004117,0.13552074,0.086915396,3.5761495e-06,-0.0077397823,0.001213789,0.013157129,0.07671438,0.022974005,0.021218957,0.15,0.07946773,1.0,,,,,,,,,,,,,,,,,,,,,,,,,,,,,,,,,,,,,,,,,,,,
401.0,-0.023232388185037693,0.07282063364982605,0.0004119873046875,0.11453523486852646,0.0,0.09428523,0.03870225,1.0004117,0.1355334,0.08721136,3.319593e-06,-0.00787735,0.00084614754,0.013127804,-0.031866558,-0.088672526,-0.0069614085,0.150375,0.07966374,1.0,,,,,,,,,,,,,,,,,,,,,,,,,,,,,,,,,,,,,,,,,,,,
402.0,-0.02337967523037524,0.07262660562992096,0.0004119873046875,0.10956965386867523,0.0,0.094849944,0.039066885,1.0004117,0.13553098,0.08751268,3.3513784e-06,-0.0075564384,0.0009377003,0.013216734,0.07669284,0.02299662,0.021240992,0.15075,0.07985972,1.0,,,,,,,,,,,,,,,,,,,,,,,,,,,,,,,,,,,,,,,,,,,,
403.0,-0.10349786239829437,0.07266249507665634,0.0004361271858215332,0.10588479787111282,1.0,0.09541466,0.039432723,1.0004117,0.13553244,0.08780087,3.4417646e-06,-0.0076942444,0.0005700588,0.013187408,-0.03187374,-0.088651106,-0.006989939,0.151125,0.080055684,1.0,,,,,,,,,,,,,,,,,,,,,,,,,,,,,,,,,,,,,,,,,,,,
