step,reward,mean_form_error_m,mean_z_error_m,min_dyn_distance_m,collision_flag,x_m,y_m,z_m,vx_mps,vy_mps,vz_mps,roll_rad,pitch_rad,yaw_rad,wx_rps,wy_rps,wz_rps,x_des_m,y_des_m,z_des_m,ic_pos_jitter_d0_x_m,ic_pos_jitter_d0_y_m,ic_pos_jitter_d0_z_m,ic_yaw_jitter_d0_rad,ic_vel_jitter_d0_x_mps,ic_vel_jitter_d0_y_mps,ic_vel_jitter_d0_z_mps,ic_pos_jitter_d1_x_m,ic_pos_jitter_d1_y_m,ic_pos_jitter_d1_z_m,ic_yaw_jitter_d1_rad,ic_vel_jitter_d1_x_mps,ic_vel_jitter_d1_y_mps,ic_vel_jitter_d1_z_mps,ic_pos_jitter_d2_x_m,ic_pos_jitter_d2_y_m,ic_pos_jitter_d2_z_m,ic_yaw_jitter_d2_rad,ic_vel_jitter_d2_x_mps,ic_vel_jitter_d2_y_mps,ic_vel_jitter_d2_z_mps,ic_pos_jitter_d3_x_m,ic_pos_jitter_d3_y_m,ic_pos_jitter_d3_z_m,ic_yaw_jitter_d3_rad,ic_vel_jitter_d3_x_mps,ic_vel_jitter_d3_y_mps,ic_vel_jitter_d3_z_mps,ic_pos_jitter_d4_x_m,ic_pos_jitter_d4_y_m,ic_pos_jitter_d4_z_m,ic_yaw_jitter_d4_rad,ic_vel_jitter_d4_x_mps,ic_vel_jitter_d4_y_mps,ic_vel_jitter_d4_z_mps,ic_obstacle_jitter_x_m,ic_obstacle_jitter_y_m,ic_obstacle_jitter_z_m,ic_dynamic_jitter_x_m,ic_dynamic_jitter_y_m,ic_dynamic_jitter_z_m,episode,max_steps,timestamp_unix
,,,,,,,,,,,,,,,,,,,,,-0.20811039601744763,0.062006819649202294,-0.2463912728510246,0.24971896634237523,-0.026715501601655978,-0.011133940606144449,-0.11053854927281065,-0.21469795863669947,-0.19738736871474294,-0.13713490979149698,-0.14192026889865733,-0.183089149915583,-0.08499938058538459,-0.04793983987870659,0.0702456928776446,-0.19186681135353212,0.06686248741397971,-0.2115543574820392,-0.04787361630539802,-0.030907360522447302,-0.022753387563349076,0.29582287491131815,0.29642809951345833,0.05284185665724239,-0.16448574795937834,-0.025648945503077725,-0.15964600236969628,-0.07180491389034196,0.10088795754137847,0.16579647291587324,0.15648964134399856,-0.18462167376904565,0.04308028323346064,0.054744653608474025,-0.02386131787875989,-0.27697219095576353,0.053013158699603824,-0.2638717858561933,0.16011370921468582,0.23188711122567485,-0.15451002318856777,84.0,1000.0,1764625060.4649513
0.0,-0.0022755609559665063,0.0005545936292037368,0.00035631656646728516,1.5050437450408936,0.0,0.0,0.0,1.000356,0.0,0.0,7.925133e-05,0.0,0.0,0.0,0.0,0.0,0.0,0.0,0.0,1.0,,,,,,,,,,,,,,,,,,,,,,,,,,,,,,,,,,,,,,,,,,,,
1.0,-0.0022779546162802035,0.0009218035265803337,0.0003566741943359375,1.5050100088119507,0.0,0.0,0.0,1.0003563,0.0,0.0,7.872534e-05,0.0,0.0,0.0,0.0,0.0,0.0,0.000375,0.0002,1.0,,,,,,,,,,,,,,,,,,,,,,,,,,,,,,,,,,,,,,,,,,,,
2.0,-0.0022792109833662732,0.0013239553663879633,0.00035691261291503906,1.5049597024917603,0.0,0.0,0.0,1.0003567,0.0,0.0,7.774504e-05,-0.00012803078,0.00023984909,0.0,-0.030714178,0.057589088,0.0,0.00075,0.00039999993,1.0,,,,,,,,,,,,,,,,,,,,,,,,,,,,,,,,,,,,,,,,,,,,
3.0,-0.0022811539889144123,0.0017370746936649084,0.0003572702407836914,1.5048925876617432,0.0,4.0866396e-08,2.1795412e-08,1.0003569,9.807935e-06,5.2308988e-06,7.6869896e-05,0.00020241737,2.1457672e-05,0.0,0.07927969,-0.052410748,-1.2316217e-05,0.001125,0.0005999998,1.0,,,,,,,,,,,,,,,,,,,,,,,,,,,,,,,,,,,,,,,,,,,,
4.0,-0.0022831178953009387,0.002154726069420576,0.00035762786865234375,1.5048085451126099,0.0,8.5398966e-08,9.122905e-09,1.0003573,1.0687817e-05,-3.0414014e-06,7.6340155e-05,7.43866e-05,0.00026154518,1.1920929e-06,-0.03072544,0.05758821,0.00028527447,0.0015,0.00079999946,1.0,,,,,,,,,,,,,,,,,,,,,,,,,,,,,,,,,,,,,,,,,,,,
5.0,-0.00228509387402346,0.0025748047046363354,0.0003578662872314453,1.504707932472229,0.0,1.744626e-07,-1.6206583e-08,1.0003576,2.1375272e-05,-6.0790767e-06,7.5360076e-05,0.00040459633,4.3153763e-05,-2.4080276e-05,0.07926684,-0.05241106,-0.0060845534,0.001875,0.000999999,1.0,,,,,,,,,,,,,,,,,,,,,,,,,,,,,,,,,,,,,,,,,,,,
6.0,-0.0022870786432725256,0.0029962342232465744,0.00035822391510009766,1.5045907497406006,0.0,2.7085514e-07,-1.10440475e-07,1.0003579,2.313421e-05,-2.2616136e-05,7.448452e-05,0.00027656555,0.00028300285,7.224083e-05,-0.030735558,0.05757703,0.023127267,0.00225,0.0011999982,1.0,,,,,,,,,,,,,,,,,,,,,,,,,,,,,,,,,,,,,,,,,,,,
7.0,-0.0022890697873567665,0.003418563399463892,0.0003584623336791992,1.5044567584991455,0.0,4.1543888e-07,-2.5175157e-07,1.0003582,3.47001e-05,-3.391466e-05,7.39544e-05,0.0006067753,6.4611435e-05,4.673004e-05,0.07925311,-0.052409466,-0.0061006187,0.002625,0.0013999972,1.0,,,,,,,,,,,,,,,,,,,,,,,,,,,,,,,,,,,,,,,,,,,,
8.0,-0.0022910668328948304,0.0038414946757256985,0.00035881996154785156,1.504306435585022,0.0,5.710106e-07,-4.9636975e-07,1.0003585,3.733722e-05,-5.8708363e-05,7.297065e-05,0.0004787445,0.00030446053,0.00014328957,-0.030756464,0.057564907,0.023135802,0.003,0.0015999958,1.0,,,,,,,,,,,,,,,,,,,,,,,,,,,,,,,,,,,,,,,,,,,,
9.0,-0.0022930688496608127,0.004264876712113619,0.0003591775894165039,1.50413978099823,0.0,7.7842674e-07,-8.2244605e-07,1.0003588,4.9779865e-05,-7.8258316e-05,7.246679e-05,0.0008087158,8.606911e-05,0.00011777878,0.079239376,-0.052407872,-0.006116672,0.003375,0.0017999939,1.0,,,,,,,,,,,,,,,,,,,,,,,,,,,,,,,,,,,,,,,,,,,,
10.0,-0.002295074870018107,0.004688550718128681,0.00035941600799560547,1.5039564371109009,0.0,1.0004834e-06,-1.2861932e-06,1.0003592,5.3293596e-05,-0.000111299305,7.147435e-05,0.00068068504,0.0003259182,0.00021409988,-0.030777361,0.05755279,0.023144327,0.00375,0.0019999917,1.0,,,,,,,,,,,,,,,,,,,,,,,,,,,,,,,,,,,,,,,,,,,,
11.0,-0.0022970853454344253,0.005112501792609692,0.00035965442657470703,1.5037565231323242,0.0,1.2780305e-06,-1.8657391e-06,1.0003594,6.66113e-05,-0.00013909103,7.060544e-05,0.0010106564,0.00010752678,0.0001885891,0.07922566,-0.052406278,-0.006132712,0.004125,0.0021999888,1.0,,,,,,,,,,,,,,,,,,,,,,,,,,,,,,,,,,,,,,,,,,,,
12.0,-0.0022990996372605887,0.005536667071282864,0.0003600120544433594,1.5035405158996582,0.0,1.5738642e-06,-2.6172825e-06,1.0003597,7.100012e-05,-0.00018037038,7.006412e-05,0.00088238716,0.00034737587,0.00028514862,-0.030798247,0.057540674,0.02315284,0.0045,0.0023999857,1.0,,,,,,,,,,,,,,,,,,,,,,,,,,,,,,,,,,,,,,,,,,,,
13.0,-0.0023011177317290295,0.00596102187409997,0.00036025047302246094,1.503307580947876,0.0,1.9288289e-06,-3.5189278e-06,1.00036,8.51915e-05,-0.0002163949,6.9458074e-05,0.0012123585,0.00012874603,0.00025963783,0.07921194,-0.052404687,-0.0061487397,0.004875,0.0025999816,1.0,,,,,,,,,,,,,,,,,,,,,,,,,,,,,,,,,,,,,,,,,,,,
14.0,-0.0023031394151599677,0.006385543383657932,0.0003606081008911133,1.5030585527420044,0.0,2.3057194e-06,-4.626854e-06,1.0003603,9.045374e-05,-0.00026590232,6.8484565e-05,0.0010840893,0.00036859512,0.00035619736,-0.030819124,0.05752856,0.023161342,0.00525,0.002799977,1.0,,,,,,,,,,,,,,,,,,,,,,,,,,,,,,,,,,,,,,,,,,,,
15.0,-0.0023051650653935223,0.006810225546360016,0.00036084651947021484,1.5027934312820435,0.0,2.7453743e-06,-5.9191466e-06,1.0003606,0.00010551719,-0.00031015018,6.798085e-05,0.0014138222,0.0001502037,0.00033044815,0.079198234,-0.052403096,-0.0061647547,0.005625,0.0029999719,1.0,,,,,,,,,,,,,,,,,,,,,,,,,,,,,,,,,,,,,,,,,,,,
16.0,-0.0023071936939177253,0.007235030177980661,0.0003610849380493164,1.502511978149414,0.0,3.2105881e-06,-7.451966e-06,1.0003608,0.000111651316,-0.0003678767,6.698079e-05,0.001285553,0.00038981438,0.00042700768,-0.030839989,0.057516444,0.023169836,0.006,0.003199966,1.0,,,,,,,,,,,,,,,,,,,,,,,,,,,,,,,,,,,,,,,,,,,,
17.0,-0.0023092269383429087,0.0076599991880357265,0.00036144256591796875,1.502213954925537,0.0,3.7421933e-06,-9.203376e-06,1.0003611,0.00012758523,-0.00042033845,6.648416e-05,0.0016152859,0.00017142296,0.00040125847,0.07918454,-0.052401505,-0.0061807567,0.006375,0.003399959,1.0,,,,,,,,,,,,,,,,,,,,,,,,,,,,,,,,,,,,,,,,,,,,
18.0,-0.0023112631300187788,0.008085084147751331,0.0003616809844970703,1.5018997192382812,0.0,4.302984e-06,-1.1229523e-05,1.0003614,0.00013458973,-0.0004862753,6.584785e-05,0.0014867783,0.00041103363,0.000497818,-0.030860843,0.05750433,0.023178317,0.00675,0.0035999515,1.0,,,,,,,,,,,,,,,,,,,,,,,,,,,,,,,,,,,,,,,,,,,,
19.0,-0.002313302440907865,0.008510318584740162,0.0003619194030761719,1.501569151878357,0.0,4.933785e-06,-1.3508444e-05,1.0003617,0.00015139233,-0.0005469409,6.489874e-05,0.0018167496,0.00019264221,0.0004720688,0.079170845,-0.052399915,-0.0061967466,0.007125,0.0037999428,1.0,,,,,,,,,,,,,,,,,,,,,,,,,,,,,,,,,,,,,,,,,,,,
20.0,-0.002315345861548123,0.008935676887631416,0.00036215782165527344,1.5012224912643433,0.0,5.597392e-06,-1.609627e-05,1.0003619,0.0001592656,-0.00062107836,6.436614e-05,0.0016880035,0.00043225288,0.0005686283,-0.030881688,0.05749222,0.023186788,0.0075,0.003999933,1.0,,,,,,,,,,,,,,,,,,,,,,,,,,,,,,,,,,,,,,,,,,,,
21.0,-0.0023173930804943673,0.009361175820231438,0.0003625154495239258,1.5008598566055298,0.0,6.334624e-06,-1.8971019e-05,1.0003622,0.00017693565,-0.0006899396,6.376147e-05,0.0020177364,0.00021362305,0.0005428791,0.07915716,-0.052398328,-0.006212724,0.007875,0.004199923,1.0,,,,,,,,,,,,,,,,,,,,,,,,,,,,,,,,,,,,,,,,,,,,
22.0,-0.0023194431307900234,0.009786796756088734,0.00036275386810302734,1.5004812479019165,0.0,7.108274e-06,-2.2188802e-05,1.0003625,0.0001856761,-0.00077226805,6.314548e-05,0.0018892288,0.00045323372,0.00063943863,-0.030902522,0.057480104,0.023195248,0.00825,0.004399911,1.0,,,,,,,,,,,,,,,,,,,,,,,,,,,,,,,,,,,,,,,,,,,,
23.0,-0.0023214974920854736,0.010212594643235207,0.0003629922866821289,1.5000863075256348,0.0,7.959156e-06,-2.5727612e-05,1.0003628,0.0002042117,-0.0008493143,6.2193314e-05,0.0022187233,0.00023460388,0.0006136894,0.07914348,-0.05239674,-0.0062286886,0.008625,0.0045998986,1.0,,,,,,,,,,,,,,,,,,,,,,,,,,,,,,,,,,,,,,,,,,,,
24.0,-0.0023220657709331145,0.010638479143381119,0.00036323070526123047,1.4996752738952637,0.0,8.850064e-06,-2.9643548e-05,1.000363,0.00021381775,-0.00093982473,6.16564e-05,0.0020902157,0.00047421455,0.00071024895,-0.030923344,0.057467997,0.023203699,0.009,0.0047998847,1.0,,,,,,,,,,,,,,,,,,,,,,,,,,,,,,,,,,,,,,,,,,,,
25.0,-0.0023249268761355783,0.01106452476233244,0.00036346912384033203,1.4992481470108032,0.0,9.821803e-06,-3.391458e-05,1.0003632,0.00023321767,-0.0010250481,6.105446e-05,0.0018246174,0.00025558472,0.00068449974,-0.06369994,-0.052496612,-0.006176906,0.009375,0.00499987,1.0,,,,,,,,,,,,,,,,,,,,,,,,,,,,,,,,,,,,,,,,,,,,
26.0,-0.00232550213677896,0.011490666307508945,0.0003637075424194336,1.4988051652908325,0.0,1.0837099e-05,-3.8495436e-05,1.0003635,0.00024367079,-0.0010994053,6.0484424e-05,0.0020172596,0.0004951954,0.00078105927,0.04623253,0.05752559,0.023158185,0.00975,0.0051998533,1.0,,,,,,,,,,,,,,,,,,,,,,,,,,,,,,,,,,,,,,,,,,,,
27.0,-0.002328368859463082,0.011916929855942726,0.00036394596099853516,1.4983460903167725,0.0,1.1936792e-05,-4.341885e-05,1.0003637,0.00026392646,-0.0011816194,5.986358e-05,0.0017518997,0.00027680397,0.00075531006,-0.06369845,-0.05249727,-0.0061755436,0.010125,0.0053998358,1.0,,,,,,,,,,,,,,,,,,,,,,,,,,,,,,,,,,,,,,,,,,,,
28.0,-0.002328949859456043,0.012343259528279305,0.0003641843795776367,1.4978711605072021,0.0,1.3083605e-05,-4.863955e-05,1.000364,0.00027523513,-0.0012529682,5.9297385e-05,0.0019445419,0.0005161762,0.0008518696,0.046226855,0.057534847,0.023149235,0.0105,0.0055998173,1.0,,,,,,,,,,,,,,,,,,,,,,,,,,,,,,,,,,,,,,,,,,,,
29.0,-0.0023318234594989916,0.012769723311066628,0.0003644227981567383,1.4973801374435425,0.0,1.4318386e-05,-5.4190274e-05,1.0003642,0.00029634745,-0.0013321734,5.8676003e-05,0.0016789436,0.0002977848,0.00082588196,-0.06369695,-0.052497927,-0.006174176,0.010875,0.005799797,1.0,,,,,,,,,,,,,,,,,,,,,,,,,,,,,,,,,,,,,,,,,,,,
30.0,-0.0023324097083328526,0.013196244835853577,0.00036466121673583984,1.4968732595443726,0.0,1.5603855e-05,-6.002575e-05,1.0003644,0.00030851256,-0.0014005143,5.8109334e-05,0.0018718243,0.0005373955,0.0009224415,0.04622118,0.057544097,0.023140285,0.01125,0.005999775,1.0,,,,,,,,,,,,,,,,,,,,,,,,,,,,,,,,,,,,,,,,,,,,
31.0,-0.0023352896997559584,0.013622882775962353,0.0003648996353149414,1.4963505268096924,0.0,1.6980866e-05,-6.617871e-05,1.0003647,0.00033048243,-0.0014767111,5.7488433e-05,0.001606226,0.00031876564,0.0008966923,-0.06369546,-0.052498586,-0.0061728037,0.011625,0.0061997515,1.0,,,,,,,,,,,,,,,,,,,,,,,,,,,,,,,,,,,,,,,,,,,,
32.0,-0.00233588223700499,0.014049582183361053,0.00036513805389404297,1.4958118200302124,0.0,1.8412136e-05,-7.26039e-05,1.0003649,0.0003435049,-0.0015420446,5.6921046e-05,0.0017991066,0.0005583763,0.0009930134,0.046215508,0.057553343,0.023131333,0.012,0.006399727,1.0,,,,,,,,,,,,,,,,,,,,,,,,,,,,,,,,,,,,,,,,,,,,
33.0,-0.0023387675605568807,0.014476338401436806,0.00036537647247314453,1.4952572584152222,0.0,1.9938525e-05,-7.933404e-05,1.0003651,0.0003663332,-0.0016152335,5.6300683e-05,0.0015335083,0.0003399849,0.0009672642,-0.06369397,-0.052499242,-0.006171427,0.012375,0.0065997005,1.0,,,,,,,,,,,,,,,,,,,,,,,,,,,,,,,,,,,,,,,,,,,,
34.0,-0.0023393659193505305,0.014903190545737743,0.0003656148910522461,1.4946869611740112,0.0,2.1522748e-05,-8.6323875e-05,1.0003654,0.0003802139,-0.0016775599,5.573257e-05,0.0017261505,0.00057959557,0.0010635853,0.046209842,0.057562586,0.02312238,0.01275,0.0067996723,1.0,,,,,,,,,,,,,,,,,,,,,,,,,,,,,,,,,,,,,,,,,,,,
35.0,-0.0023422573842719445,0.015330081805586815,0.00036585330963134766,1.4941006898880005,0.0,2.3205672e-05,-9.3606126e-05,1.0003656,0.00040390153,-0.0017477415,5.511274e-05,0.0014605522,0.00036120415,0.0010378361,-0.06369248,-0.052499898,-0.0061700456,0.013125,0.0069996426,1.0,,,,,,,,,,,,,,,,,,,,,,,,,,,,,,,,,,,,,,,,,,,,
36.0,-0.0023428617433906796,0.015757054090499878,0.0003660917282104492,1.4934985637664795,0.0,2.4950012e-05,-0.00010113555,1.0003659,0.00041864134,-0.0018070615,5.4543903e-05,0.0016534328,0.0006008148,0.0011341572,0.046204172,0.057571825,0.023113424,0.0135,0.007199611,1.0,,,,,,,,,,,,,,,,,,,,,,,,,,,,,,,,,,,,,,,,,,,,
37.0,-0.002345758229988863,0.01618405617773533,0.0003663301467895508,1.4928810596466064,0.0,2.6796633e-05,-0.00010894487,1.0003661,0.0004431892,-0.0018742362,5.392461e-05,0.0013878345,0.0003824234,0.001108408,-0.063691,-0.052500557,-0.0061686593,0.013875,0.007399578,1.0,,,,,,,,,,,,,,,,,,,,,,,,,,,,,,,,,,,,,,,,,,,,
38.0,-0.0023463684332120528,0.016611123457551003,0.00036656856536865234,1.4922473430633545,0.0,2.8708253e-05,-0.00011698883,1.0003663,0.000458789,-0.0019305501,5.3355045e-05,0.0015804768,0.0006220341,0.0012047291,0.04619851,0.057581056,0.023104466,0.01425,0.007599543,1.0,,,,,,,,,,,,,,,,,,,,,,,,,,,,,,,,,,,,,,,,,,,,
39.0,-0.002349270976259144,0.01703822612762451,0.0003668069839477539,1.4915982484817505,0.0,3.0725743e-05,-0.00012530015,1.0003666,0.00048419798,-0.0019947183,5.2736294e-05,0.0013148785,0.00040364265,0.0011789799,-0.06368951,-0.052501217,-0.006167269,0.014625,0.0077995057,1.0,,,,,,,,,,,,,,,,,,,,,,,,,,,,,,,,,,,,,,,,,,,,
40.0,-0.002349885516840738,0.01746537536382675,0.0003669261932373047,1.4909330606460571,0.0,3.2811822e-05,-0.0001338336,1.0003668,0.00050065864,-0.0020480268,5.2165993e-05,0.0015075207,0.0006432533,0.001275301,0.046192847,0.057590287,0.023095507,0.015,0.007999467,1.0,,,,,,,,,,,,,,,,,,,,,,,,,,,,,,,,,,,,,,,,,,,,
41.0,-0.002352794534948782,0.01789253205060959,0.00036716461181640625,1.4902524948120117,0.0,3.5007364e-05,-0.00014262188,1.0003669,0.0005269296,-0.0021091888,5.154778e-05,0.0012419224,0.0004248619,0.0012493134,-0.063688025,-0.052501872,-0.0061658733,0.015375,0.008199425,1.0,,,,,,,,,,,,,,,,,,,,,,,,,,,,,,,,,,,,,,,,,,,,
42.0,-0.002353415785598931,0.0183197520673275,0.0003674030303955078,1.489556074142456,0.0,3.727508e-05,-0.00015161977,1.0003672,0.0005442523,-0.0021594926,5.1344687e-05,0.001434803,0.000664711,0.0013456345,0.046187185,0.05759951,0.023086546,0.01575,0.008399382,1.0,,,,,,,,,,,,,,,,,,,,,,,,,,,,,,,,,,,,,,,,,,,,
43.0,-0.0023563292065198935,0.01874697580933571,0.0003676414489746094,1.4888440370559692,0.0,3.9655857e-05,-0.00016085997,1.0003674,0.0005713861,-0.0022176492,5.0640625e-05,0.0011692047,0.00044631958,0.0013198853,-0.06368654,-0.05250253,-0.0061644735,0.016125,0.008599337,1.0,,,,,,,,,,,,,,,,,,,,,,,,,,,,,,,,,,,,,,,,,,,,
44.0,-0.002356955411750853,0.019174231216311455,0.00036776065826416016,1.4881165027618408,0.0,4.2112402e-05,-0.00017029727,1.0003676,0.0005895712,-0.002264948,5.008916e-05,0.0013618469,0.00068616867,0.0014162064,0.046181526,0.05760873,0.023077583,0.0165,0.00879929,1.0,,,,,,,,,,,,,,,,,,,,,,,,,,,,,,,,,,,,,,,,,,,,
45.0,-0.002359874366404294,0.019601494073867798,0.0003679990768432617,1.4873732328414917,0.0,4.4685607e-05,-0.00017996434,1.0003678,0.0006175688,-0.0023200999,4.946725e-05,0.0010962486,0.00046777725,0.0013902187,-0.06368506,-0.052503187,-0.0061630686,0.016875,0.008999241,1.0,,,,,,,,,,,,,,,,,,,,,,,,,,,,,,,,,,,,,,,,,,,,
46.0,-0.0023605062671413577,0.02002873457968235,0.0003682374954223633,1.4866143465042114,0.0,4.733818e-05,-0.00018981598,1.000368,0.00063661765,-0.002364395,4.926382e-05,0.0012888908,0.0007073879,0.0014865398,0.04617587,0.057617947,0.023068618,0.01725,0.009199189,1.0,,,,,,,,,,,,,,,,,,,,,,,,,,,,,,,,,,,,,,,,,,,,
47.0,-0.0023634304570558508,0.02045602537691593,0.00036835670471191406,1.4858399629592896,0.0,5.011101e-05,-0.00019988492,1.0003682,0.00066547986,-0.002416542,4.856057e-05,0.0010232925,0.0004889965,0.0014607906,-0.063683584,-0.052503847,-0.0061616595,0.017625,0.009399135,1.0,,,,,,,,,,,,,,,,,,,,,,,,,,,,,,,,,,,,,,,,,,,,
48.0,-0.0023640674628609007,0.02088327892124653,0.0003685951232910156,1.4850499629974365,0.0,5.2966814e-05,-0.00021012589,1.0003684,0.00068539294,-0.002457833,4.800771e-05,0.0012159348,0.0007288456,0.0015568733,0.046170216,0.05762716,0.023059653,0.018,0.009599078,1.0,,,,,,,,,,,,,,,,,,,,,,,,,,,,,,,,,,,,,,,,,,,,
49.0,-0.0023669979376515497,0.021310582756996155,0.0003688335418701172,1.484244465827942,0.0,5.5946486e-05,-0.00022057162,1.0003686,0.00071512104,-0.0025069767,4.7754787e-05,0.00095033646,0.0005104542,0.0015311241,-0.0636821,-0.052504506,-0.0061602457,0.018375,0.009799019,1.0,,,,,,,,,,,,,,,,,,,,,,,,,,,,,,,,,,,,,,,,,,,,
50.0,-0.002367639656606582,0.021737802773714066,0.00036895275115966797,1.4834233522415161,0.0,5.9012735e-05,-0.00023117689,1.0003688,0.0007358994,-0.0025452643,4.70956e-05,0.0011429787,0.00075030327,0.0016272068,0.046164565,0.057636365,0.023050684,0.01875,0.009998959,1.0,,,,,,,,,,,,,,,,,,,,,,,,,,,,,,,,,,,,,,,,,,,,
51.0,-0.0023705749441812678,0.022165071219205856,0.00036919116973876953,1.4825867414474487,0.0,6.2206454e-05,-0.0002419744,1.000369,0.0007664936,-0.0025914041,4.6500078e-05,0.0008773804,0.00053215027,0.0016014576,-0.06368063,-0.052505165,-0.0061588273,0.019125,0.010198895,1.0,,,,,,,,,,,,,,,,,,,,,,,,,,,,,,,,,,,,,,,,,,,,
52.0,-0.0023712225164404664,0.022592291235923767,0.0003694295883178711,1.4817347526550293,0.0,6.549037e-05,-0.00025291895,1.0003692,0.0007881384,-0.0026266896,4.6288656e-05,0.0010700226,0.00077199936,0.0016975403,0.046158917,0.05764557,0.023041714,0.0195,0.010398828,1.0,,,,,,,,,,,,,,,,,,,,,,,,,,,,,,,,,,,,,,,,,,,,
53.0,-0.002374162295484182,0.023019496351480484,0.0003695487976074219,1.4808671474456787,0.0,6.890537e-05,-0.00026404322,1.0003694,0.00081959984,-0.0026698261,4.5588367e-05,0.0008044243,0.00055360794,0.0016717911,-0.06367915,-0.052505825,-0.006157404,0.019875,0.010598759,1.0,,,,,,,,,,,,,,,,,,,,,,,,,,,,,,,,,,,,,,,,,,,,
54.0,-0.0023748150838424895,0.02344665862619877,0.00036978721618652344,1.4799844026565552,0.0,7.2414165e-05,-0.000275302,1.0003695,0.00084211153,-0.002702109,4.5033015e-05,0.0009970665,0.00079345703,0.0017678738,0.046153266,0.05765477,0.023032743,0.02025,0.010798688,1.0,,,,,,,,,,,,,,,,,,,,,,,,,,,,,,,,,,,,,,,,,,,,
55.0,-0.0023777603953847207,0.02387382462620735,0.0003699064254760742,1.47908616065979,0.0,7.605767e-05,-0.00028672803,1.0003698,0.0008744415,-0.0027422435,4.4781766e-05,0.0007314682,0.0005750656,0.0017418861,-0.063677676,-0.05250648,-0.006155976,0.020625,0.010998613,1.0,,,,,,,,,,,,,,,,,,,,,,,,,,,,,,,,,,,,,,,,,,,,
56.0,-0.00237841774087903,0.02430090680718422,0.0003701448440551758,1.4781721830368042,0.0,7.979859e-05,-0.00029827605,1.0003699,0.0008978211,-0.0027715247,4.4120385e-05,0.0009241104,0.0008151531,0.0018379688,0.046147622,0.057663962,0.02302377,0.021,0.0111985365,1.0,,,,,,,,,,,,,,,,,,,,,,,,,,,,,,,,,,,,,,,,,,,,
57.0,-0.002381367854518308,0.024727949872612953,0.00037026405334472656,1.4772430658340454,0.0,8.367784e-05,-0.0003099788,1.0003701,0.0009310201,-0.002808657,4.3894397e-05,0.0006582737,0.0005967617,0.0018122196,-0.06367621,-0.05250714,-0.0061545437,0.021375,0.011398457,1.0,,,,,,,,,,,,,,,,,,,,,,,,,,,,,,,,,,,,,,,,,,,,
58.0,-0.0023820302912272323,0.025154966861009598,0.0003705024719238281,1.476298451423645,0.0,8.7658125e-05,-0.000321791,1.0003703,0.00095526857,-0.002834937,4.3226486e-05,0.0008511543,0.0008368492,0.0019083023,0.04614198,0.057673153,0.023014795,0.02175,0.011598374,1.0,,,,,,,,,,,,,,,,,,,,,,,,,,,,,,,,,,,,,,,,,,,,
59.0,-0.002384985368175561,0.02558191679418087,0.0003706216812133789,1.4753384590148926,0.0,9.178037e-05,-0.00033374547,1.0003705,0.0009893376,-0.0028690675,4.300239e-05,0.0005853176,0.0006184578,0.0018823147,-0.06367473,-0.0525078,-0.006153107,0.022125,0.011798289,1.0,,,,,,,,,,,,,,,,,,,,,,,,,,,,,,,,,,,,,,,,,,,,
60.0,-0.0023856524983952173,0.026008835062384605,0.00037086009979248047,1.474363088607788,0.0,9.6007265e-05,-0.0003457969,1.0003706,0.0010144557,-0.0028923468,4.2333435e-05,0.0007779598,0.0008585453,0.0019783974,0.04613634,0.05768234,0.023005817,0.0225,0.0119982,1.0,,,,,,,,,,,,,,,,,,,,,,,,,,,,,,,,,,,,,,,,,,,,
61.0,-0.0023886125835016264,0.026435669511556625,0.00037097930908203125,1.4733726978302002,0.0,0.000100379744,-0.00035797808,1.0003709,0.0010493954,-0.0029234763,4.2109947e-05,0.0005123615,0.0006401539,0.0019526482,-0.063673265,-0.05250846,-0.0061516655,0.022875,0.012198108,1.0,,,,,,,,,,,,,,,,,,,,,,,,,,,,,,,,,,,,,,,,,,,,
62.0,-0.002389516234003087,0.026862431317567825,0.0003712177276611328,1.4723668098449707,0.0,0.00010486051,-0.0003702437,1.000371,0.0010753841,-0.0029437554,4.1440253e-05,0.00070500374,0.0008802414,0.0020484924,0.0461307,0.05769152,0.02299684,0.02325,0.012398014,1.0,,,,,,,,,,,,,,,,,,,,,,,,,,,,,,,,,,,,,,,,,,,,
63.0,-0.002392713190709414,0.02728911116719246,0.0003713369369506836,1.4713457822799683,0.0,0.000109490495,-0.00038262657,1.0003712,0.0011111957,-0.002971884,4.1217296e-05,0.00043916702,0.0007531643,0.0020227432,-0.06371667,-0.03059678,-0.0061347703,0.023625,0.012597917,1.0,,,,,,,,,,,,,,,,,,,,,,,,,,,,,,,,,,,,,,,,,,,,
64.0,-0.002393621605729142,0.02771570160984993,0.00037157535552978516,1.4703090190887451,0.0,0.000114247945,-0.00039508138,1.0003713,0.0011417877,-0.002989156,4.0544233e-05,0.00063204765,0.0010845661,0.002118826,0.046083193,0.07960803,0.022993244,0.024,0.012797816,1.0,,,,,,,,,,,,,,,,,,,,,,,,,,,,,,,,,,,,,,,,,,,,
65.0,-0.0023968226864367194,0.028142165392637253,0.00037169456481933594,1.4692573547363281,0.0,0.00011918934,-0.00040764082,1.0003716,0.001185934,-0.003014269,4.0317664e-05,0.00036621094,0.000957489,0.0020930767,-0.06371952,-0.030607678,-0.006123379,0.024375,0.012997712,1.0,,,,,,,,,,,,,,,,,,,,,,,,,,,,,,,,,,,,,,,,,,,,
66.0,-0.0023977353628335065,0.028568506240844727,0.0003718137741088867,1.468190312385559,0.0,0.00012429291,-0.0004202597,1.0003717,0.0012248572,-0.003028526,3.9645718e-05,0.00055885315,0.0012888908,0.002188921,0.046078544,0.07960699,0.022974119,0.02475,0.013197605,1.0,,,,,,,,,,,,,,,,,,,,,,,,,,,,,,,,,,,,,,,,,,,,
67.0,-0.002400941098483423,0.028994645923376083,0.0003720521926879883,1.467107892036438,0.0,0.00012961513,-0.0004329706,1.0003718,0.0012773325,-0.003050623,3.941669e-05,0.00029301643,0.0011618137,0.0021631718,-0.063722365,-0.03061857,-0.006111985,0.025125,0.013397493,1.0,,,,,,,,,,,,,,,,,,,,,,,,,,,,,,,,,,,,,,,,,,,,
68.0,-0.0024018578541079227,0.029420625418424606,0.00037217140197753906,1.4660102128982544,0.0,0.00013513422,-0.0004457284,1.000372,0.0013245817,-0.0030618643,3.911352e-05,0.00048589706,0.0014932156,0.002259016,0.046073895,0.079605944,0.022954999,0.0255,0.013597379,1.0,,,,,,,,,,,,,,,,,,,,,,,,,,,,,,,,,,,,,,,,,,,,
69.0,-0.0024050671071188467,0.029846424236893654,0.00037229061126708984,1.4648972749710083,0.0,0.00014090663,-0.00045856566,1.0003722,0.0013853796,-0.0030809445,3.8427792e-05,0.00022006035,0.0013661385,0.0022332668,-0.0637252,-0.03062946,-0.006100589,0.025875,0.013797263,1.0,,,,,,,,,,,,,,,,,,,,,,,,,,,,,,,,,,,,,,,,,,,,
70.0,-0.002405988143736479,0.030271977186203003,0.0003725290298461914,1.4637690782546997,0.0,0.00014691059,-0.0004714372,1.0003723,0.0014409487,-0.0030891693,3.8232116e-05,0.00041270256,0.0016973019,0.002329111,0.046069246,0.0796049,0.02293588,0.02625,0.013997142,1.0,,,,,,,,,,,,,,,,,,,,,,,,,,,,,,,,,,,,,,,,,,,,
71.0,-0.0024092018049416426,0.030697349458932877,0.0003726482391357422,1.462625503540039,0.0,0.00015320252,-0.00048437566,1.0003725,0.0015100648,-0.0031052325,3.7886894e-05,0.00014686584,0.0015702248,0.002303362,-0.06372804,-0.030640343,-0.006089191,0.026625,0.014197018,1.0,,,,,,,,,,,,,,,,,,,,,,,,,,,,,,,,,,,,,,,,,,,,
72.0,-0.002410125701854759,0.03112241066992283,0.00037276744842529297,1.461466670036316,0.0,0.00015976063,-0.00049733586,1.0003726,0.0015739473,-0.0031104404,3.7243608e-05,0.00033950806,0.0019016266,0.0023992062,0.046064597,0.07960386,0.022916766,0.027,0.01439689,1.0,,,,,,,,,,,,,,,,,,,,,,,,,,,,,,,,,,,,,,,,,,,,
73.0,-0.002413343165935279,0.03154724836349487,0.00037300586700439453,1.4602925777435303,0.0,0.00016664137,-0.00051035034,1.0003728,0.0016513754,-0.0031234857,3.700129e-05,7.367134e-05,0.0017745495,0.0023732185,-0.06373087,-0.030651221,-0.0060777906,0.027375,0.014596758,1.0,,,,,,,,,,,,,,,,,,,,,,,,,,,,,,,,,,,,,,,,,,,,
74.0,-0.002414410684914086,0.0319717638194561,0.0003731250762939453,1.4591031074523926,0.0,0.00017382289,-0.000523374,1.000373,0.0017235668,-0.0031256762,3.6702044e-05,0.00026655197,0.002105713,0.0024690628,0.04605995,0.079602815,0.022897657,0.02775,0.014796623,1.0,,,,,,,,,,,,,,,,,,,,,,,,,,,,,,,,,,,,,,,,,,,,
75.0,-0.002417491041536236,0.03239600360393524,0.0003732442855834961,1.4578986167907715,0.0,0.00018136164,-0.0005364394,1.0003731,0.0018093002,-0.003135703,3.6008834e-05,7.1525574e-07,0.0019786358,0.0024433136,-0.0637337,-0.030662095,-0.0060663885,0.028125,0.014996485,1.0,,,,,,,,,,,,,,,,,,,,,,,,,,,,,,,,,,,,,,,,,,,,
76.0,-0.0024189310546319036,0.032819874584674835,0.0003733634948730469,1.4566786289215088,0.0,0.00018923578,-0.0005495014,1.0003732,0.0018897944,-0.0031348753,3.5815712e-05,0.00019335747,0.0023097992,0.0025389194,0.046055302,0.07960178,0.022878552,0.0285,0.015196342,1.0,,,,,,,,,,,,,,,,,,,,,,,,,,,,,,,,,,,,,,,,,,,,
77.0,-0.0024216457526141637,0.03324345499277115,0.00037360191345214844,1.4554435014724731,0.0,0.00019750174,-0.0005625926,1.0003734,0.0019838288,-0.003141883,3.5463334e-05,-7.247925e-05,0.002182722,0.0025131702,-0.06373652,-0.030672964,-0.006054984,0.028875,0.015396195,1.0,,,,,,,,,,,,,,,,,,,,,,,,,,,,,,,,,,,,,,,,,,,,
78.0,-0.0024234599059860047,0.033666640520095825,0.0003737211227416992,1.454193115234375,0.0,0.00020613766,-0.0005756678,1.0003736,0.00207262,-0.0031380367,3.5190464e-05,0.000120162964,0.0025138855,0.002608776,0.046050653,0.07960074,0.022859449,0.02925,0.015596046,1.0,,,,,,,,,,,,,,,,,,,,,,,,,,,,,,,,,,,,,,,,,,,,
79.0,-0.002425866574882398,0.034089453518390656,0.00037384033203125,1.4529273509979248,0.0,0.00021519995,-0.00058875955,1.0003737,0.0021749483,-0.0031420249,3.4486693e-05,-0.00014567375,0.00238657,0.002583027,-0.06373934,-0.030683829,-0.006043577,0.029625,0.015795892,1.0,,,,,,,,,,,,,,,,,,,,,,,,,,,,,,,,,,,,,,,,,,,,
80.0,-0.002427994295217153,0.034511882811784744,0.0003739595413208008,1.4516464471817017,0.0,0.00022466674,-0.0006018227,1.0003738,0.0022720308,-0.0031351591,3.4296587e-05,4.696846e-05,0.0027177334,0.0026786327,0.046046004,0.07959969,0.02284035,0.03,0.015995733,1.0,,,,,,,,,,,,,,,,,,,,,,,,,,,,,,,,,,,,,,,,,,,,
81.0,-0.0024302621850708556,0.03493385761976242,0.00037407875061035156,1.450350284576416,0.0,0.00023459444,-0.0006148899,1.000374,0.002382649,-0.003136127,3.393913e-05,-0.00021886826,0.0025906563,0.0026528835,-0.063742146,-0.030694688,-0.0060321684,0.030375,0.016195571,1.0,,,,,,,,,,,,,,,,,,,,,,,,,,,,,,,,,,,,,,,,,,,,
82.0,-0.002432533422482138,0.03535544127225876,0.00037419795989990234,1.4490386247634888,0.0,0.00024496118,-0.0006279159,1.0003741,0.0024880168,-0.0031262415,3.3667988e-05,-2.6226044e-05,0.0029218197,0.0027484894,0.04604136,0.07959865,0.022821257,0.03075,0.016395405,1.0,,,,,,,,,,,,,,,,,,,,,,,,,,,,,,,,,,,,,,,,,,,,
83.0,-0.002434803896371914,0.035776518285274506,0.0003744363784790039,1.4477121829986572,0.0,0.00025582334,-0.00064093334,1.0003742,0.0026069186,-0.0031241886,3.3327375e-05,-0.00029206276,0.0027945042,0.0027227402,-0.06374495,-0.030705543,-0.0060207574,0.031125,0.016595235,1.0,,,,,,,,,,,,,,,,,,,,,,,,,,,,,,,,,,,,,,,,,,,,
84.0,-0.00243707768363977,0.036197178065776825,0.0003745555877685547,1.4463703632354736,0.0,0.00026715902,-0.000653897,1.0003744,0.002720566,-0.0031112826,3.3052544e-05,-9.942055e-05,0.0031256676,0.0028181076,0.04603671,0.0795976,0.022802165,0.0315,0.016795062,1.0,,,,,,,,,,,,,,,,,,,,,,,,,,,,,,,,,,,,,,,,,,,,
85.0,-0.0024393498227225485,0.036617301404476166,0.00037467479705810547,1.445013403892517,0.0,0.00027902462,-0.00066683954,1.0003746,0.0028477442,-0.0031062083,3.2342687e-05,-0.00036549568,0.002998352,0.0027923584,-0.06374775,-0.030716393,-0.0060093445,0.031875,0.016994882,1.0,,,,,,,,,,,,,,,,,,,,,,,,,,,,,,,,,,,,,,,,,,,,
86.0,-0.002441625048860722,0.0370369628071785,0.00037479400634765625,1.4436410665512085,0.0,0.00029139823,-0.0006797157,1.0003747,0.002969666,-0.003090281,3.2154814e-05,-0.00017261505,0.0033295155,0.0028879642,0.046032064,0.07959656,0.022783078,0.03225,0.0171947,1.0,,,,,,,,,,,,,,,,,,,,,,,,,,,,,,,,,,,,,,,,,,,,
87.0,-0.002443899420964037,0.03745605796575546,0.00037491321563720703,1.442253589630127,0.0,0.00030433622,-0.0006925582,1.0003748,0.003105117,-0.0030821846,3.179029e-05,-0.0004386902,0.0032022,0.0028619766,-0.06375055,-0.030727237,-0.0059979293,0.032625,0.017394513,1.0,,,,,,,,,,,,,,,,,,,,,,,,,,,,,,,,,,,,,,,,,,,,
88.0,-0.002446176441725959,0.03787463903427124,0.0003750324249267578,1.440851092338562,0.0,0.00031781668,-0.0007053216,1.0003749,0.003235307,-0.003063236,3.1521606e-05,-0.00024580956,0.0035333633,0.0029575825,0.046027415,0.07959551,0.022763995,0.033,0.01759432,1.0,,,,,,,,,,,,,,,,,,,,,,,,,,,,,,,,,,,,,,,,,,,,
89.0,-0.002448452125981403,0.03829262778162956,0.0003751516342163086,1.4394328594207764,0.0,0.00033189595,-0.0007180388,1.000375,0.0033790243,-0.0030521168,3.1173877e-05,-0.0005118847,0.0034060478,0.0029315948,-0.06375334,-0.030738078,-0.0059865117,0.033375,0.017794127,1.0,,,,,,,,,,,,,,,,,,,,,,,,,,,,,,,,,,,,,,,,,,,,
90.0,-0.0024507305262298973,0.03871004283428192,0.0003752708435058594,1.437999963760376,0.0,0.0003465521,-0.0007306644,1.0003752,0.003517477,-0.0030301458,3.0901516e-05,-0.00031924248,0.0037372112,0.0030272007,0.04602277,0.07959447,0.022744916,0.03375,0.017993925,1.0,,,,,,,,,,,,,,,,,,,,,,,,,,,,,,,,,,,,,,,,,,,,
91.0,-0.002453006947359691,0.03912685438990593,0.00037539005279541016,1.436551809310913,0.0,0.0003618415,-0.0007432311,1.0003753,0.0036694547,-0.0030160034,3.0552474e-05,-0.0005850792,0.0036098957,0.003001213,-0.06375612,-0.030748913,-0.0059750923,0.034125,0.018193722,1.0,,,,,,,,,,,,,,,,,,,,,,,,,,,,,,,,,,,,,,,,,,,,
92.0,-0.0024552863971272457,0.03954305499792099,0.00037550926208496094,1.4350883960723877,0.0,0.00037774217,-0.00075569365,1.0003754,0.0038161643,-0.0029910095,3.028069e-05,-0.00039243698,0.0039408207,0.0030965805,0.04601812,0.07959343,0.022725841,0.0345,0.018393511,1.0,,,,,,,,,,,,,,,,,,,,,,,,,,,,,,,,,,,,,,,,,,,,
93.0,-0.00245756393986074,0.03995862230658531,0.0003756284713745117,1.4336098432540894,0.0,0.0003943105,-0.00076808466,1.0003755,0.0039763968,-0.0029738434,2.9929332e-05,-0.0006585121,0.0038135052,0.0030708313,-0.0637589,-0.030759742,-0.005963671,0.034875,0.018593298,1.0,,,,,,,,,,,,,,,,,,,,,,,,,,,,,,,,,,,,,,,,,,,,
94.0,-0.0024598439441961915,0.040373507887125015,0.0003757476806640625,1.4321162700653076,0.0,0.0004115245,-0.0007803589,1.0003756,0.0041313577,-0.002945826,2.9658358e-05,-0.00046563148,0.00414443,0.0031661987,0.046013474,0.079592384,0.02270677,0.03525,0.01879308,1.0,,,,,,,,,,,,,,,,,,,,,,,,,,,,,,,,,,,,,,,,,,,,
95.0,-0.0024621221490653505,0.04078776389360428,0.0003758668899536133,1.4306074380874634,0.0,0.0004294405,-0.00079254905,1.0003757,0.004299839,-0.0029256355,2.9304634e-05,-0.0007317066,0.0040171146,0.003140211,-0.06376168,-0.030770568,-0.005952247,0.035625,0.018992856,1.0,,,,,,,,,,,,,,,,,,,,,,,,,,,,,,,,,,,,,,,,,,,,
96.0,-0.002464402255462262,0.04120130091905594,0.00037598609924316406,1.4290833473205566,0.0,0.0004480365,-0.00080460985,1.0003759,0.004463046,-0.002894594,2.9034485e-05,-0.0005390644,0.004348278,0.0032355785,0.046008825,0.07959134,0.022687702,0.036,0.019192629,1.0,,,,,,,,,,,,,,,,,,,,,,,,,,,,,,,,,,,,,,,,,,,,
97.0,-0.002466680737202142,0.04161413386464119,0.00037610530853271484,1.427544355392456,0.0,0.0004673689,-0.000816574,1.000376,0.0046397704,-0.0028713788,2.8678392e-05,-0.00080513954,0.004220724,0.0032098293,-0.06376445,-0.03078139,-0.005940821,0.036375,0.019392395,1.0,,,,,,,,,,,,,,,,,,,,,,,,,,,,,,,,,,,,,,,,,,,,
98.0,-0.002468961391659317,0.04202622175216675,0.0003762245178222656,1.425990104675293,0.0,0.00048741561,-0.00082839606,1.0003761,0.0048112166,-0.0028373126,2.8409064e-05,-0.00061249733,0.0045518875,0.0033049583,0.04600418,0.0795903,0.022668637,0.03675,0.019592158,1.0,,,,,,,,,,,,,,,,,,,,,,,,,,,,,,,,,,,,,,,,,,,,
99.0,-0.002471239332149456,0.0424376018345356,0.0003763437271118164,1.424420714378357,0.0,0.00050823303,-0.0008401089,1.0003762,0.004996179,-0.0028110717,2.8050606e-05,-0.00087857246,0.0044243336,0.0032792091,-0.06376722,-0.030792205,-0.005929393,0.037125,0.019791916,1.0,,,,,,,,,,,,,,,,,,,,,,,,,,,,,,,,,,,,,,,,,,,,
100.0,-0.002473519462680004,0.04284818843007088,0.0003764629364013672,1.4228363037109375,0.0,0.0005297991,-0.00085166714,1.0003763,0.005175859,-0.0027739804,2.77821e-05,-0.00068569183,0.0047552586,0.0033743382,0.045999534,0.07958925,0.022649577,0.0375,0.019991668,1.0,,,,,,,,,,,,,,,,,,,,,,,,,,,,,,,,,,,,,,,,,,,,
101.0,-0.002475796885984029,0.04325798898935318,0.00037658214569091797,1.4212368726730347,0.0,0.00055217015,-0.0008631034,1.0003765,0.005369053,-0.0027447133,2.7421274e-05,-0.0009520054,0.004627943,0.003348589,-0.06376998,-0.030803017,-0.005917963,0.037875,0.020191416,1.0,,,,,,,,,,,,,,,,,,,,,,,,,,,,,,,,,,,,,,,,,,,,
102.0,-0.002478076354798413,0.04366700351238251,0.00037670135498046875,1.419622540473938,0.0,0.0005753242,-0.0008743726,1.0003766,0.005556962,-0.0027045961,2.7153592e-05,-0.00075912476,0.004958868,0.003443718,0.045994885,0.079588205,0.02263052,0.03825,0.020391157,1.0,,,,,,,,,,,,,,,,,,,,,,,,,,,,,,,,,,,,,,,,,,,,
103.0,-0.0024803530398899453,0.04407517984509468,0.00037682056427001953,1.4179930686950684,0.0,0.0005993174,-0.0008855072,1.0003767,0.0057583824,-0.0026723025,2.6790403e-05,-0.0010251999,0.004831314,0.0034177303,-0.06377274,-0.030813823,-0.005906531,0.038625,0.020590896,1.0,,,,,,,,,,,,,,,,,,,,,,,,,,,,,,,,,,,,,,,,,,,,
104.0,-0.0024826313012217493,0.04448254406452179,0.0003769397735595703,1.4163484573364258,0.0,0.0006241279,-0.000896462,1.0003768,0.005954514,-0.002629159,2.652354e-05,-0.0008325577,0.005162239,0.0035128593,0.04599024,0.07958716,0.022611467,0.039,0.020790627,1.0,,,,,,,,,,,,,,,,,,,,,,,,,,,,,,,,,,,,,,,,,,,,
105.0,-0.0024849064984327346,0.04488902911543846,0.0003770589828491211,1.4146889448165894,0.0,0.0006498119,-0.00090726966,1.0003769,0.006164154,-0.0025938381,2.6157988e-05,-0.0010986328,0.0050349236,0.0034871101,-0.06377549,-0.030824624,-0.005895097,0.039375,0.020990355,1.0,,,,,,,,,,,,,,,,,,,,,,,,,,,,,,,,,,,,,,,,,,,,
106.0,-0.0024871831815927,0.045294661074876785,0.0003771781921386719,1.41301429271698,0.0,0.0006763473,-0.0009178849,1.000377,0.0063685025,-0.0025476676,2.5891944e-05,-0.0009059906,0.0053658485,0.0035822392,0.045985594,0.07958612,0.022592418,0.03975,0.021190077,1.0,,,,,,,,,,,,,,,,,,,,,,,,,,,,,,,,,,,,,,,,,,,,
107.0,-0.002489456711177894,0.04569938778877258,0.00037729740142822266,1.4113249778747559,0.0,0.00070379046,-0.0009283404,1.0003772,0.0065863575,-0.0025093188,2.5524032e-05,-0.0011720657,0.0052382946,0.0035562515,-0.06377824,-0.030835422,-0.00588366,0.040125,0.021389794,1.0,,,,,,,,,,,,,,,,,,,,,,,,,,,,,,,,,,,,,,,,,,,,
108.0,-0.0024917315017978377,0.046103209257125854,0.00037741661071777344,1.4096204042434692,0.0,0.0007321193,-0.00093859097,1.0003773,0.006798917,-0.002460121,2.525881e-05,-0.0009794235,0.0055692196,0.0036513805,0.04598095,0.07958507,0.022573372,0.0405,0.021589505,1.0,,,,,,,,,,,,,,,,,,,,,,,,,,,,,,,,,,,,,,,,,,,,
109.0,-0.002494003108947822,0.046506118029356,0.0003775358200073242,1.4079010486602783,0.0,0.00076139,-0.00094866904,1.0003774,0.007024981,-0.0024187437,2.4888534e-05,-0.0012454987,0.0054416656,0.003625393,-0.06378098,-0.030846212,-0.0058722217,0.040875,0.02178921,1.0,,,,,,,,,,,,,,,,,,,,,,,,,,,,,,,,,,,,,,,,,,,,
110.0,-0.002496275590936423,0.04690805822610855,0.0003775358200073242,1.406166672706604,0.0,0.00079158065,-0.00095852953,1.0003775,0.0072457455,-0.002366518,2.4624134e-05,-0.0010528564,0.005772352,0.003720522,0.0459763,0.079584025,0.022554332,0.04125,0.02198891,1.0,,,,,,,,,,,,,,,,,,,,,,,,,,,,,,,,,,,,,,,,,,,,
111.0,-0.002498544360254321,0.04730904474854469,0.000377655029296875,1.4044175148010254,0.0,0.00082274736,-0.000968205,1.0003775,0.007480013,-0.0023221115,2.4251496e-05,-0.0013189316,0.0056447983,0.0036945343,-0.06378371,-0.030857,-0.0058607813,0.041625,0.022188606,1.0,,,,,,,,,,,,,,,,,,,,,,,,,,,,,,,,,,,,,,,,,,,,
112.0,-0.002500814619479329,0.047709040343761444,0.0003777742385864258,1.4026532173156738,0.0,0.0008548681,-0.0009776503,1.0003777,0.0077089793,-0.0022668566,2.4355842e-05,-0.0011262894,0.0059757233,0.0037896633,0.045971654,0.07958298,0.022535294,0.042,0.022388294,1.0,,,,,,,,,,,,,,,,,,,,,,,,,,,,,,,,,,,,,,,,,,,,
113.0,-0.002503080738859707,0.0481080487370491,0.00037789344787597656,1.400874376296997,0.0,0.00088799914,-0.0009868979,1.0003778,0.007951443,-0.0022194209,2.3894472e-05,-0.0013923645,0.0058481693,0.0037636757,-0.06378645,-0.030867781,-0.0058493386,0.042375,0.022587977,1.0,,,,,,,,,,,,,,,,,,,,,,,,,,,,,,,,,,,,,,,,,,,,
114.0,-0.002505347878039043,0.048506010323762894,0.00037801265716552734,1.399080514907837,0.0,0.0009221183,-0.0009959026,1.0003779,0.008188602,-0.0021611373,2.3651988e-05,-0.0011997223,0.0061790943,0.0038585663,0.04596701,0.07958193,0.02251626,0.04275,0.022787657,1.0,,,,,,,,,,,,,,,,,,,,,,,,,,,,,,,,,,,,,,,,,,,,
115.0,-0.002507610348987574,0.0489029586315155,0.00037808419438079,1.3972716331481934,0.0,0.0009572819,-0.001004697,1.000378,0.008439258,-0.0021106715,2.3269875e-05,-0.0014660358,0.006051302,0.0038325787,-0.063789174,-0.030878559,-0.0058378936,0.043125,0.022987328,1.0,,,,,,,,,,,,,,,,,,,,,,,,,,,,,,,,,,,,,,,,,,,,
116.0,-0.0025098736720737757,0.04929884523153305,0.0003781318664550781,1.395448088645935,0.0,0.0009934678,-0.001013236,1.0003781,0.008684604,-0.002049358,2.3009052e-05,-0.0012731552,0.006382227,0.0039274693,0.045962363,0.07958089,0.02249723,0.0435,0.023186995,1.0,,,,,,,,,,,,,,,,,,,,,,,,,,,,,,,,,,,,,,,,,,,,
117.0,-0.0025121330901479917,0.04969368875026703,0.0003782510757446289,1.3936097621917725,0.0,0.0010307321,-0.0010215521,1.0003781,0.008943447,-0.0019958618,2.262908e-05,-0.0015394688,0.0062544346,0.00390172,-0.06379189,-0.030889332,-0.0058264467,0.043875,0.023386655,1.0,,,,,,,,,,,,,,,,,,,,,,,,,,,,,,,,,,,,,,,,,,,,
118.0,-0.002514392484125854,0.050087399780750275,0.0003783702850341797,1.3917566537857056,0.0,0.0010690528,-0.0010296002,1.0003783,0.009196977,-0.0019315175,2.273594e-05,-0.0013465881,0.0065853596,0.0039966106,0.045957718,0.07957984,0.022478204,0.04425,0.02358631,1.0,,,,,,,,,,,,,,,,,,,,,,,,,,,,,,,,,,,,,,,,,,,,
119.0,-0.002516648107807347,0.05048004537820816,0.00037848949432373047,1.3898887634277344,0.0,0.0011084862,-0.0010374126,1.0003784,0.009463999,-0.0018749901,2.226749e-05,-0.0016129017,0.006457567,0.003970623,-0.06379461,-0.0309001,-0.0058149975,0.044625,0.02378596,1.0,,,,,,,,,,,,,,,,,,,,,,,,,,,,,,,,,,,,,,,,,,,,
120.0,-0.0025189028586086867,0.05087150260806084,0.00037848949432373047,1.3880059719085693,0.0,0.0011490099,-0.0010449443,1.0003785,0.009725705,-0.0018076156,2.2027465e-05,-0.0014202595,0.006788492,0.0040655136,0.045953073,0.079578795,0.022459181,0.045,0.023985602,1.0,,,,,,,,,,,,,,,,,,,,,,,,,,,,,,,,,,,,,,,,,,,,
121.0,-0.0025211533156169435,0.05126188322901726,0.00037860870361328125,1.386108636856079,0.0,0.0011906803,-0.0010522278,1.0003785,0.010000901,-0.0017480564,2.1638285e-05,-0.001686573,0.0066607,0.004039526,-0.063797325,-0.030910863,-0.0058035464,0.045375,0.02418524,1.0,,,,,,,,,,,,,,,,,,,,,,,,,,,,,,,,,,,,,,,,,,,,
122.0,-0.0025234042099062117,0.051651060581207275,0.00037872791290283203,1.3841969966888428,0.0,0.0012334753,-0.0010592181,1.0003786,0.010270779,-0.00167765,2.1747837e-05,-0.0014936924,0.006991625,0.004134178,0.045948427,0.079577744,0.022440163,0.04575,0.024384871,1.0,,,,,,,,,,,,,,,,,,,,,,,,,,,,,,,,,,,,,,,,,,,,
123.0,-0.002525650081713831,0.052039049565792084,0.0003788471221923828,1.382270336151123,0.0,0.0012774508,-0.0010659475,1.0003787,0.010554143,-0.0016150586,2.127443e-05,-0.001760006,0.0068638325,0.0041081905,-0.06380003,-0.030921621,-0.0057920935,0.046125,0.024584496,1.0,,,,,,,,,,,,,,,,,,,,,,,,,,,,,,,,,,,,,,,,,,,,
124.0,-0.00252789550718648,0.052425842732191086,0.0003788471221923828,1.3803290128707886,0.0,0.0013225849,-0.0010723709,1.0003788,0.010832185,-0.001541621,2.1036101e-05,-0.0015673637,0.007194519,0.004203081,0.04594378,0.0795767,0.022421148,0.0465,0.024784114,1.0,,,,,,,,,,,,,,,,,,,,,,,,,,,,,,,,,,,,,,,,,,,,
125.0,-0.002530135934182205,0.05281143635511398,0.0003789663314819336,1.378373384475708,0.0,0.0013689338,-0.0010785209,1.0003788,0.011123712,-0.0014759968,2.0642201e-05,-0.0018336773,0.0070667267,0.0041770935,-0.063802734,-0.030932374,-0.005780638,0.046875,0.024983726,1.0,,,,,,,,,,,,,,,,,,,,,,,,,,,,,,,,,,,,,,,,,,,,
126.0,-0.002532376300107212,0.05319579690694809,0.0003790855407714844,1.3764029741287231,0.0,0.001416475,-0.0010843523,1.000379,0.011409915,-0.0013995261,2.0753392e-05,-0.0016407967,0.0073976517,0.0042717457,0.04593914,0.07957565,0.022402136,0.04725,0.025183333,1.0,,,,,,,,,,,,,,,,,,,,,,,,,,,,,,,,,,,,,,,,,,,,
127.0,-0.0025346107435681026,0.053578902035951614,0.0003790855407714844,1.3744181394577026,0.0,0.001465265,-0.0010898976,1.0003791,0.011709599,-0.0013308688,2.0275284e-05,-0.0019073486,0.0072698593,0.004245758,-0.06380543,-0.030943122,-0.0057691806,0.047625,0.025382934,1.0,,,,,,,,,,,,,,,,,,,,,,,,,,,,,,,,,,,,,,,,,,,,
128.0,-0.002536844843232315,0.05396072939038277,0.00037920475006103516,1.3724185228347778,0.0,0.0015152815,-0.0010951116,1.0003791,0.012003953,-0.001251366,2.0038586e-05,-0.001714468,0.007600546,0.00434041,0.045934495,0.07957461,0.02238313,0.048,0.025582528,1.0,,,,,,,,,,,,,,,,,,,,,,,,,,,,,,,,,,,,,,,,,,,,
129.0,-0.002539073544091867,0.05434126779437065,0.00037932395935058594,1.3704044818878174,0.0,0.0015665807,-0.0011000269,1.0003792,0.012311791,-0.0011796741,2.0007905e-05,-0.0019807816,0.0074727535,0.0043144226,-0.06380813,-0.030953865,-0.005757721,0.048375,0.025782114,1.0,,,,,,,,,,,,,,,,,,,,,,,,,,,,,,,,,,,,,,,,,,,,
130.0,-0.002541301362873189,0.05472051352262497,0.0003794431686401367,1.36837637424469,0.0,0.0016191403,-0.0011045983,1.0003793,0.012614291,-0.0010971379,1.9666442e-05,-0.0017881393,0.00780344,0.004409075,0.04592985,0.07957356,0.022364125,0.04875,0.025981696,1.0,,,,,,,,,,,,,,,,,,,,,,,,,,,,,,,,,,,,,,,,,,,,
131.0,-0.0025435229317614084,0.05509841442108154,0.0003794431686401367,1.3663336038589478,0.0,0.0016730163,-0.0011088583,1.0003794,0.012930273,-0.0010224123,1.9290277e-05,-0.002054453,0.0076756477,0.004383087,-0.06381081,-0.030964604,-0.00574626,0.049125,0.02618127,1.0,,,,,,,,,,,,,,,,,,,,,,,,,,,,,,,,,,,,,,,,,,,,
132.0,-0.002545744249798849,0.05547499656677246,0.0003795623779296875,1.36427640914917,0.0,0.0017281868,-0.0011127618,1.0003794,0.013240916,-0.0009368422,1.903018e-05,-0.0018615723,0.008006334,0.0044777393,0.045925204,0.07957251,0.022345126,0.0495,0.026380837,1.0,,,,,,,,,,,,,,,,,,,,,,,,,,,,,,,,,,,,,,,,,,,,
133.0,-0.002547959179362406,0.05585020035505295,0.00037963391514495015,1.362204670906067,0.0,0.0017847079,-0.0011163413,1.0003796,0.013565039,-0.0008590811,1.9000676e-05,-0.0021281242,0.0078783035,0.0044517517,-0.06381349,-0.030975338,-0.005734796,0.049875,0.026580399,1.0,,,,,,,,,,,,,,,,,,,,,,,,,,,,,,,,,,,,,,,,,,,,
134.0,-0.0025501733640564974,0.0562240369617939,0.0003796815872192383,1.3601185083389282,0.0,0.0018425571,-0.0011195517,1.0003797,0.013883817,-0.0007704767,1.865947e-05,-0.0019352436,0.00820899,0.004546404,0.04592056,0.07957146,0.022326129,0.05025,0.026779953,1.0,,,,,,,,,,,,,,,,,,,,,,,,,,,,,,,,,,,,,,,,,,,,
135.0,-0.0025523822907147736,0.056596480309963226,0.00037980079650878906,1.3580180406570435,0.0,0.0019017907,-0.0011224253,1.0003797,0.014216071,-0.00068968104,1.8278932e-05,-0.0022017956,0.008081198,0.0045204163,-0.063816175,-0.030986067,-0.0057233307,0.050625,0.026979502,1.0,,,,,,,,,,,,,,,,,,,,,,,,,,,,,,,,,,,,,,,,,,,,
136.0,-0.0025545895606479984,0.05696745961904526,0.00037980079650878906,1.3559037446975708,0.0,0.0019623865,-0.0011249172,1.0003798,0.014542983,-0.00059804064,1.8388308e-05,-0.0020108223,0.008411884,0.00461483,0.045485534,0.07956847,0.022310615,0.051,0.027179042,1.0,,,,,,,,,,,,,,,,,,,,,,,,,,,,,,,,,,,,,,,,,,,,
137.0,-0.002556840745001367,0.057337094098329544,0.00037992000579833984,1.353775143623352,0.0,0.0020244005,-0.0011270595,1.0003798,0.014883364,-0.0005141361,1.78997e-05,-0.0022790432,0.0082838535,0.0045888424,-0.06424913,-0.030998822,-0.0057081874,0.051375,0.027378578,1.0,,,,,,,,,,,,,,,,,,,,,,,,,,,,,,,,,,,,,,,,,,,,
138.0,-0.0025590907097472384,0.057705193758010864,0.0003800392150878906,1.3516318798065186,0.0,0.0020878105,-0.0011288065,1.0003799,0.0152183985,-0.00041931367,1.8034523e-05,-0.00208807,0.00861454,0.004683256,0.04548109,0.079567455,0.02229143,0.05175,0.027578104,1.0,,,,,,,,,,,,,,,,,,,,,,,,,,,,,,,,,,,,,,,,,,,,
139.0,-0.002561343132603088,0.05807190388441086,0.0003800392150878906,1.3494747877120972,0.0,0.0021526725,-0.0011301908,1.00038,0.0155669,-0.00033222637,1.7537812e-05,-0.0023562908,0.008486509,0.0046572685,-0.064251594,-0.031009613,-0.00569652,0.052125,0.027777625,1.0,,,,,,,,,,,,,,,,,,,,,,,,,,,,,,,,,,,,,,,,,,,,
140.0,-0.0025635947384855633,0.05843706056475639,0.0003801584243774414,1.3473032712936401,0.0,0.0022189645,-0.0011311667,1.00038,0.01591005,-0.00023422245,1.730684e-05,-0.0021853447,0.008817196,0.0047516823,0.040648084,0.07954395,0.022313226,0.0525,0.027977139,1.0,,,,,,,,,,,,,,,,,,,,,,,,,,,,,,,,,,,,,,,,,,,,
141.0,-0.0025658386022169855,0.05880073457956314,0.0003801584243774414,1.3451175689697266,0.0,0.0022867422,-0.0011317631,1.0003802,0.016266668,-0.0001431286,1.7259988e-05,-0.0024738312,0.008689165,0.0047256947,-0.06908147,-0.031043833,-0.005641656,0.052875,0.028176645,1.0,,,,,,,,,,,,,,,,,,,,,,,,,,,,,,,,,,,,,,,,,,,,
142.0,-0.002568080953951844,0.059162843972444534,0.0003802776336669922,1.3429176807403564,0.0,0.0023559835,-0.001131931,1.0003802,0.01661792,-4.0297753e-05,1.6921396e-05,-0.002302885,0.009019852,0.0048201084,0.04064588,0.0795433,0.022291832,0.05325,0.028376145,1.0,,,,,,,,,,,,,,,,,,,,,,,,,,,,,,,,,,,,,,,,,,,,
143.0,-0.0025703162991617466,0.059523455798625946,0.00038039684295654297,1.340704083442688,0.0,0.0024267447,-0.0011316993,1.0003803,0.01698264,5.562343e-05,1.6897897e-05,-0.0025913715,0.008891821,0.004794121,-0.06908164,-0.031055413,-0.005627774,0.053625,0.028575638,1.0,,,,,,,,,,,,,,,,,,,,,,,,,,,,,,,,,,,,,,,,,,,,
144.0,-0.0025725491313230747,0.059882450848817825,0.00038039684295654297,1.338476300239563,0.0,0.002499003,-0.001131019,1.0003804,0.01734199,0.00016328029,1.6553504e-05,-0.0024204254,0.0092225075,0.004888296,0.04064367,0.079542644,0.022270441,0.054,0.028775124,1.0,,,,,,,,,,,,,,,,,,,,,,,,,,,,,,,,,,,,,,,,,,,,
145.0,-0.002574774186035841,0.060239892452955246,0.00038051605224609375,1.3362343311309814,0.0,0.0025728145,-0.0011299188,1.0003804,0.017714802,0.00026402672,1.6161543e-05,-0.002708912,0.009094477,0.0048623085,-0.06908181,-0.031066986,-0.005613892,0.054375,0.028974602,1.0,,,,,,,,,,,,,,,,,,,,,,,,,,,,,,,,,,,,,,,,,,,,
146.0,-0.0025769972970644058,0.06059568375349045,0.00038051605224609375,1.3339784145355225,0.0,0.0026481573,-0.00112835,1.0003805,0.018082248,0.00037650976,1.6271235e-05,-0.0025379658,0.009424925,0.0049567223,0.040641464,0.07954198,0.022249054,0.05475,0.029174073,1.0,,,,,,,,,,,,,,,,,,,,,,,,,,,,,,,,,,,,,,,,,,,,
147.0,-0.002579212454066694,0.06094987317919731,0.00038063526153564453,1.3317090272903442,0.0,0.002725087,-0.0011263414,1.0003805,0.018463148,0.00048208088,1.577078e-05,-0.0028264523,0.009296894,0.0049307346,-0.06908198,-0.031078553,-0.005600008,0.055125,0.029373536,1.0,,,,,,,,,,,,,,,,,,,,,,,,,,,,,,,,,,,,,,,,,,,,
148.0,-0.00258142526263014,0.061302416026592255,0.00038063526153564453,1.3294252157211304,0.0,0.0028035815,-0.001123844,1.0003806,0.018838681,0.00059938786,1.5905624e-05,-0.0026555061,0.009627581,0.00502491,0.04063925,0.079541326,0.022227673,0.0555,0.029572992,1.0,,,,,,,,,,,,,,,,,,,,,,,,,,,,,,,,,,,,,,,,,,,,
149.0,-0.002583629751162007,0.061653293669223785,0.0003807544708251953,1.327127456665039,0.0,0.0028836967,-0.0011208864,1.0003806,0.019227663,0.00070978276,1.5397354e-05,-0.0029439926,0.009499311,0.0049989223,-0.06908213,-0.031090112,-0.005586124,0.055875,0.029772442,1.0,,,,,,,,,,,,,,,,,,,,,,,,,,,,,,,,,,,,,,,,,,,,
150.0,-0.002585831452534575,0.062002457678318024,0.0003807783068623394,1.3248158693313599,0.0,0.0029654105,-0.0011174201,1.0003808,0.019611275,0.00083191245,1.5533717e-05,-0.0027730465,0.009829998,0.0050930977,0.040637042,0.07954067,0.022206295,0.05625,0.029971883,1.0,,,,,,,,,,,,,,,,,,,,,,,,,,,,,,,,,,,,,,,,,,,,
151.0,-0.002588025245683485,0.062349915504455566,0.0003808736801147461,1.3224905729293823,0.0,0.0030487785,-0.0011134738,1.0003809,0.020008335,0.0009471301,1.50231845e-05,-0.003061533,0.009701729,0.0050668716,-0.06908229,-0.031101666,-0.005572239,0.056625,0.030171316,1.0,,,,,,,,,,,,,,,,,,,,,,,,,,,,,,,,,,,,,,,,,,,,
152.0,-0.002590216069922102,0.06269566714763641,0.00038094521733000875,1.3201513290405273,0.0,0.0031337785,-0.0011089984,1.0003809,0.020400017,0.0010740801,1.4791848e-05,-0.0028903484,0.010032415,0.005161047,0.04063483,0.07954001,0.022184923,0.057,0.030370744,1.0,,,,,,,,,,,,,,,,,,,,,,,,,,,,,,,,,,,,,,,,,,,,
153.0,-0.0025923980197223853,0.06303964555263519,0.0003809928894042969,1.3177986145019531,0.0,0.0032204667,-0.001104023,1.000381,0.020805152,0.0011941206,1.4733629e-05,-0.0031790733,0.009904146,0.0051350594,-0.06908244,-0.031113215,-0.005558353,0.057375,0.030570162,1.0,,,,,,,,,,,,,,,,,,,,,,,,,,,,,,,,,,,,,,,,,,,,
154.0,-0.0025945770489946497,0.0633818656206131,0.0003810644266195595,1.315432071685791,0.0,0.0033088205,-0.0010984985,1.000381,0.0212049,0.0013258908,1.4395811e-05,-0.0030078888,0.010234833,0.0052292347,0.040632613,0.07953935,0.022163555,0.05775,0.030769574,1.0,,,,,,,,,,,,,,,,,,,,,,,,,,,,,,,,,,,,,,,,,,,,
155.0,-0.0025967470079482653,0.06372229009866714,0.00038111209869384766,1.3130519390106201,0.0,0.003398896,-0.0010924536,1.0003811,0.021618102,0.0014507517,1.4360677e-05,-0.0032963753,0.010106564,0.0052030087,-0.06908258,-0.031124756,-0.005544466,0.058125,0.030968977,1.0,,,,,,,,,,,,,,,,,,,,,,,,,,,,,,,,,,,,,,,,,,,,
156.0,-0.0025989139849565595,0.06406093388795853,0.0003811836359091103,1.3106579780578613,0.0,0.0034906706,-0.0010858397,1.0003811,0.02202591,0.001587341,1.4017128e-05,-0.0031254292,0.010437012,0.005297184,0.040630396,0.07953869,0.02214219,0.0585,0.031168373,1.0,,,,,,,,,,,,,,,,,,,,,,,,,,,,,,,,,,,,,,,,,,,,
157.0,-0.002601071361399694,0.06439771503210068,0.00038123130798339844,1.3082504272460938,0.0,0.0035842003,-0.0010786854,1.0003812,0.022447169,0.0017170212,1.3981434e-05,-0.0034139156,0.010308981,0.0052711964,-0.06908273,-0.031136291,-0.005530578,0.058875,0.03136776,1.0,,,,,,,,,,,,,,,,,,,,,,,,,,,,,,,,,,,,,,,,,,,,
158.0,-0.002603225699606437,0.06473265588283539,0.00038123130798339844,1.305829405784607,0.0,0.003679463,-0.001070942,1.0003812,0.022863034,0.0018584285,1.3637701e-05,-0.0032429695,0.010639429,0.0053651333,0.04062818,0.079538025,0.022120832,0.05925,0.03156714,1.0,,,,,,,,,,,,,,,,,,,,,,,,,,,,,,,,,,,,,,,,,,,,
159.0,-0.0026053701963529847,0.06506574898958206,0.0003813505172729492,1.3033945560455322,0.0,0.0037765144,-0.0010626381,1.0003812,0.023292344,0.001992927,1.3600145e-05,-0.003531456,0.01051116,0.0053389072,-0.06908286,-0.031147819,-0.0055166897,0.059625,0.03176651,1.0,,,,,,,,,,,,,,,,,,,,,,,,,,,,,,,,,,,,,,,,,,,,
160.0,-0.0026075106764724652,0.06539693474769592,0.0003813505172729492,1.300946593284607,0.0,0.0038753322,-0.001053725,1.0003814,0.023716262,0.0021391523,1.36244425e-05,-0.0033605099,0.010841608,0.005432844,0.04062596,0.07953736,0.022099476,0.06,0.031965878,1.0,,,,,,,,,,,,,,,,,,,,,,,,,,,,,,,,,,,,,,,,,,,,
161.0,-0.0026096421456951813,0.06572623550891876,0.0003814697265625,1.2984846830368042,0.0,0.003975972,-0.0010442314,1.0003814,0.024153614,0.002278466,1.3130699e-05,-0.0036489964,0.010713339,0.0054068565,-0.069083,-0.031159341,-0.0055028005,0.060375,0.032165233,1.0,,,,,,,,,,,,,,,,,,,,,,,,,,,,,,,,,,,,,,,,,,,,
162.0,-0.0026117692877823413,0.06605357676744461,0.0003814697265625,1.2960094213485718,0.0,0.004078412,-0.0010341085,1.0003815,0.024585575,0.0024295074,1.326175e-05,-0.0034778118,0.011043787,0.0055007935,0.04062374,0.0795367,0.022078127,0.06075,0.03236458,1.0,,,,,,,,,,,,,,,,,,,,,,,,,,,,,,,,,,,,,,,,,,,,
163.0,-0.002613886666652971,0.06637902557849884,0.0003815889358520508,1.2935208082199097,0.0,0.004182708,-0.001023385,1.0003815,0.025030967,0.0025736368,1.2741049e-05,-0.0037665367,0.010915518,0.0054745674,-0.069083124,-0.031170856,-0.00548891,0.061125,0.03256392,1.0,,,,,,,,,,,,,,,,,,,,,,,,,,,,,,,,,,,,,,,,,,,,
164.0,-0.0026159998561889482,0.06670244038105011,0.0003815889358520508,1.2910187244415283,0.0,0.004288837,-0.001012012,1.0003816,0.025470965,0.0027294927,1.2878111e-05,-0.0035953522,0.011245966,0.0055685043,0.04062152,0.079536036,0.02205678,0.0615,0.032763254,1.0,,,,,,,,,,,,,,,,,,,,,,,,,,,,,,,,,,,,,,,,,,,,
165.0,-0.0026181023525364577,0.06702392548322678,0.00038166047306731343,1.2885034084320068,0.0,0.0043968554,-0.0010000186,1.0003816,0.02592439,0.0028784366,1.23541e-05,-0.003884077,0.011117697,0.0055425167,-0.06908325,-0.031182365,-0.0054750186,0.061875,0.03296258,1.0,,,,,,,,,,,,,,,,,,,,,,,,,,,,,,,,,,,,,,,,,,,,
166.0,-0.0026202016893211335,0.06734336912631989,0.00038170814514160156,1.2859746217727661,0.0,0.0045067403,-0.0009873556,1.0003817,0.026372418,0.0030391058,1.2491624e-05,-0.0037128925,0.011448145,0.005636215,0.040619295,0.079535365,0.02203544,0.06225,0.033161893,1.0,,,,,,,,,,,,,,,,,,,,,,,,,,,,,,,,,,,,,,,,,,,,
167.0,-0.00262229411567257,0.06766082346439362,0.00038170814514160156,1.2834327220916748,0.0,0.004618548,-0.00097405206,1.0003817,0.026833871,0.003192863,1.1965605e-05,-0.004001379,0.011319876,0.0056102276,-0.06908337,-0.03119387,-0.0054611266,0.062625,0.0333612,1.0,,,,,,,,,,,,,,,,,,,,,,,,,,,,,,,,,,,,,,,,,,,,
168.0,-0.002624382982234958,0.06797618418931961,0.00038182735443115234,1.2808773517608643,0.0,0.0047322563,-0.00096005894,1.0003817,0.027289923,0.0033583443,1.21032845e-05,-0.003830433,0.011650324,0.005703926,0.040617067,0.079534695,0.022014104,0.063,0.0335605,1.0,,,,,,,,,,,,,,,,,,,,,,,,,,,,,,,,,,,,,,,,,,,,
169.0,-0.00262646082578876,0.06828950345516205,0.00038182735443115234,1.2783089876174927,0.0,0.00484792,-0.0009454051,1.0003818,0.027759403,0.0035169148,1.1943233e-05,-0.0041189194,0.011521816,0.0056777,-0.06908349,-0.031205365,-0.005447234,0.063375,0.03375979,1.0,,,,,,,,,,,,,,,,,,,,,,,,,,,,,,,,,,,,,,,,,,,,
170.0,-0.002628533943023335,0.06860074400901794,0.0003819465637207031,1.2757271528244019,0.0,0.004965518,-0.0009300418,1.0003818,0.028223466,0.0036872053,1.1626807e-05,-0.003947735,0.011852264,0.0057713985,0.040614843,0.07953403,0.021992771,0.06375,0.033959072,1.0,,,,,,,,,,,,,,,,,,,,,,,,,,,,,,,,,,,,,,,,,,,,
171.0,-0.002630595597772923,0.06890986859798431,0.0003819465637207031,1.2731322050094604,0.0,0.0050851055,-0.00091399765,1.000382,0.028700963,0.003850587,1.1571431e-05,-0.0042364597,0.011723757,0.005745411,-0.0690836,-0.031216854,-0.00543334,0.064125,0.034158345,1.0,,,,,,,,,,,,,,,,,,,,,,,,,,,,,,,,,,,,,,,,,,,,
172.0,-0.0026326525024535606,0.06921689212322235,0.00038199423579499125,1.2705241441726685,0.0,0.00520666,-0.00089722394,1.000382,0.029173037,0.0040256865,1.1230126e-05,-0.004065275,0.012054205,0.005838871,0.040612612,0.07953336,0.021971444,0.0645,0.03435761,1.0,,,,,,,,,,,,,,,,,,,,,,,,,,,,,,,,,,,,,,,,,,,,
173.0,-0.0026346980615490345,0.06952175498008728,0.0003820657730102539,1.2679028511047363,0.0,0.005330237,-0.0008797495,1.000382,0.029658541,0.0041938783,1.117869e-05,-0.004354,0.011925697,0.0058128834,-0.069083706,-0.031228337,-0.0054194457,0.064875,0.03455687,1.0,,,,,,,,,,,,,,,,,,,,,,,,,,,,,,,,,,,,,,,,,,,,
174.0,-0.00263674174157154,0.0698244571685791,0.0003820657730102539,1.2652686834335327,0.0,0.005455815,-0.00086152536,1.0003821,0.030138625,0.004373788,1.1204047e-05,-0.0041828156,0.0122561455,0.005906582,0.040610384,0.07953269,0.02195012,0.06525,0.034756117,1.0,,,,,,,,,,,,,,,,,,,,,,,,,,,,,,,,,,,,,,,,,,,,
175.0,-0.0026387760842255716,0.07012495398521423,0.00038213731022551656,1.2626211643218994,0.0,0.0055834483,-0.0008425804,1.0003821,0.030632127,0.0045467857,1.0696766e-05,-0.004471302,0.012127638,0.005880356,-0.06908381,-0.031239815,-0.0054055504,0.065625,0.034955356,1.0,,,,,,,,,,,,,,,,,,,,,,,,,,,,,,,,,,,,,,,,,,,,
176.0,-0.002640805106063036,0.07042328268289566,0.0003821849822998047,1.2599607706069946,0.0,0.005713116,-0.0008228658,1.0003822,0.03112021,0.0047315033,1.0828787e-05,-0.0043001175,0.012458086,0.005973816,0.040608153,0.07953202,0.0219288,0.066,0.035154585,1.0,,,,,,,,,,,,,,,,,,,,,,,,,,,,,,,,,,,,,,,,,,,,
177.0,-0.002642822180457089,0.07071937620639801,0.0003821849822998047,1.257287621498108,0.0,0.005844873,-0.00080241036,1.0003822,0.03162171,0.0049093077,1.029458e-05,-0.0045888424,0.012329578,0.0059478283,-0.069083914,-0.031251285,-0.005391654,0.066375,0.03535381,1.0,,,,,,,,,,,,,,,,,,,,,,,,,,,,,,,,,,,,,,,,,,,,
178.0,-0.002644834061136609,0.07101322710514069,0.00038225651951506734,1.2546011209487915,0.0,0.005978697,-0.00078116526,1.0003822,0.032117784,0.0050988314,1.0432605e-05,-0.004417658,0.012660027,0.0060412884,0.040605918,0.07953134,0.021907486,0.06675,0.03555302,1.0,,,,,,,,,,,,,,,,,,,,,,,,,,,,,,,,,,,,,,,,,,,,
179.0,-0.002646833292734051,0.0713047981262207,0.00038230419158935547,1.2519019842147827,0.0,0.006114644,-0.0007591592,1.0003823,0.032627277,0.0052814432,1.0262992e-05,-0.0047063828,0.012531519,0.0060153008,-0.069084,-0.031262748,-0.005377757,0.067125,0.035752226,1.0,,,,,,,,,,,,,,,,,,,,,,,,,,,,,,,,,,,,,,,,,,,,
180.0,-0.0026488267167818565,0.07159408926963806,0.00038230419158935547,1.249189853668213,0.0,0.0062526916,-0.0007363435,1.0003823,0.033131335,0.0054757693,9.947245e-06,-0.004535198,0.012861729,0.0061085224,0.040603686,0.07953067,0.021886175,0.0675,0.03595142,1.0,,,,,,,,,,,,,,,,,,,,,,,,,,,,,,,,,,,,,,,,,,,,
181.0,-0.00265080846890008,0.07188107818365097,0.0003823757288046181,1.2464648485183716,0.0,0.006392895,-0.0007127469,1.0003823,0.03364881,0.0056631863,9.882227e-06,-0.0048236847,0.012733221,0.006082535,-0.0690841,-0.031274207,-0.005363859,0.067875,0.036150604,1.0,,,,,,,,,,,,,,,,,,,,,,,,,,,,,,,,,,,,,,,,,,,,
182.0,-0.0026527841732483883,0.07216577231884003,0.00038242340087890625,1.2437268495559692,0.0,0.0065352316,-0.0006883206,1.0003824,0.034160852,0.005862317,9.909519e-06,-0.0046525,0.013063669,0.0061757565,0.040601447,0.07952999,0.02186487,0.06825,0.036349785,1.0,,,,,,,,,,,,,,,,,,,,,,,,,,,,,,,,,,,,,,,,,,,,
183.0,-0.002654747066156769,0.07244811952114105,0.00038242340087890625,1.240976333618164,0.0,0.006679758,-0.00066309335,1.0003824,0.0346863,0.0060545355,9.394211e-06,-0.004941225,0.012934923,0.006149769,-0.06908418,-0.03128566,-0.00534996,0.068625,0.03654895,1.0,,,,,,,,,,,,,,,,,,,,,,,,,,,,,,,,,,,,,,,,,,,,
184.0,-0.002656703357244504,0.07272805273532867,0.0003824949380941689,1.2382127046585083,0.0,0.006826451,-0.00063701643,1.0003824,0.035206318,0.0062584686,9.526858e-06,-0.0047700405,0.013265371,0.0062429905,0.040599212,0.07952932,0.02184357,0.069,0.03674811,1.0,,,,,,,,,,,,,,,,,,,,,,,,,,,,,,,,,,,,,,,,,,,,
185.0,-0.002658647415328973,0.07300565391778946,0.00038254261016845703,1.2354364395141602,0.0,0.0069753663,-0.00061011856,1.0003825,0.035739742,0.0064554904,9.352829e-06,-0.0050587654,0.013136625,0.006217003,-0.069084264,-0.031297103,-0.0053360607,0.069375,0.036947258,1.0,,,,,,,,,,,,,,,,,,,,,,,,,,,,,,,,,,,,,,,,,,,,
186.0,-0.002660584400962323,0.07328085601329803,0.00038254261016845703,1.2326472997665405,0.0,0.007126482,-0.00058235094,1.0003825,0.03626772,0.006664222,9.037183e-06,-0.0048873425,0.013467073,0.0063102245,0.04059697,0.079528645,0.021822272,0.06975,0.0371464,1.0,,,,,,,,,,,,,,,,,,,,,,,,,,,,,,,,,,,,,,,,,,,,
187.0,-0.002662508798598896,0.07355363667011261,0.0003826141473837197,1.229845643043518,0.0,0.0072798533,-0.0005537424,1.0003825,0.03680911,0.0068660453,8.966461e-06,-0.0051760674,0.013338327,0.006284237,-0.06908435,-0.031308543,-0.00532216,0.070125,0.03734553,1.0,,,,,,,,,,,,,,,,,,,,,,,,,,,,,,,,,,,,,,,,,,,,
188.0,-0.0026644263170071715,0.07382393628358841,0.0003826618194580078,1.2270309925079346,0.0,0.007435458,-0.00052424415,1.0003827,0.03734505,0.007079578,8.994153e-06,-0.005004883,0.013668537,0.0063774586,0.04059473,0.07952797,0.02180098,0.0705,0.037544653,1.0,,,,,,,,,,,,,,,,,,,,,,,,,,,,,,,,,,,,,,,,,,,,
189.0,-0.0026663305365619604,0.074091836810112,0.0003826618194580078,1.2242039442062378,0.0,0.007593351,-0.000493885,1.0003827,0.03789439,0.007286198,8.473082e-06,-0.0052936077,0.0135400295,0.0063512325,-0.06908442,-0.031319976,-0.005308259,0.070875,0.037743766,1.0,,,,,,,,,,,,,,,,,,,,,,,,,,,,,,,,,,,,,,,,,,,,
190.0,-0.002668227794286973,0.07435721158981323,0.00038273335667327046,1.221364140510559,0.0,0.0077535105,-0.00046261615,1.0003827,0.03843829,0.00750453,8.606139e-06,-0.0051221848,0.013870239,0.006444454,0.040592488,0.07952729,0.021779692,0.07125,0.037942868,1.0,,,,,,,,,,,,,,,,,,,,,,,,,,,,,,,,,,,,,,,,,,,,
191.0,-0.0026701112083706634,0.0746200829744339,0.00038273335667327046,1.218511700630188,0.0,0.007915992,-0.00043046635,1.0003828,0.038995586,0.0077159493,8.426344e-06,-0.0054109097,0.013741493,0.0064184666,-0.06908449,-0.0313314,-0.005294357,0.071625,0.038141962,1.0,,,,,,,,,,,,,,,,,,,,,,,,,,,,,,,,,,,,,,,,,,,,
192.0,-0.002671988079305758,0.0748804584145546,0.0003827810287475586,1.2156466245651245,0.0,0.008080773,-0.00039738687,1.0003828,0.03954743,0.007939075,8.1111175e-06,-0.005239725,0.014071941,0.00651145,0.040590245,0.0795266,0.02175841,0.072,0.038341045,1.0,,,,,,,,,,,,,,,,,,,,,,,,,,,,,,,,,,,,,,,,,,,,
193.0,-0.0026738506007139263,0.07513830810785294,0.0003828287008218467,1.2127691507339478,0.0,0.008247909,-0.0003634065,1.0003828,0.04011267,0.008155292,8.034624e-06,-0.00552845,0.013943195,0.006485462,-0.069084555,-0.03134282,-0.0052804537,0.072375,0.038540117,1.0,,,,,,,,,,,,,,,,,,,,,,,,,,,,,,,,,,,,,,,,,,,,
194.0,-0.0026757058136118164,0.07539357244968414,0.00038285256596282125,1.2098790407180786,0.0,0.008417378,-0.00032847642,1.0003828,0.040672455,0.008383215,8.062736e-06,-0.0053572655,0.014273405,0.0065784454,0.040588,0.079525925,0.02173713,0.07275,0.038739182,1.0,,,,,,,,,,,,,,,,,,,,,,,,,,,,,,,,,,,,,,,,,,,,
195.0,-0.0026775466295401187,0.07564625889062881,0.00038285256596282125,1.206976294517517,0.0,0.008589234,-0.00029262548,1.0003829,0.04124564,0.008604227,7.903791e-06,-0.0056459904,0.014144659,0.0065522194,-0.069084615,-0.031354234,-0.00526655,0.073125,0.03893824,1.0,,,,,,,,,,,,,,,,,,,,,,,,,,,,,,,,,,,,,,,,,,,,
196.0,-0.0026793802002239037,0.07589638233184814,0.0003829002380371094,1.2040610313415527,0.0,0.008763457,-0.0002558049,1.0003829,0.041813355,0.008836942,7.58305e-06,-0.0054745674,0.014474869,0.0066452026,0.040585753,0.07952524,0.021715855,0.0735,0.039137285,1.0,,,,,,,,,,,,,,,,,,,,,,,,,,,,,,,,,,,,,,,,,,,,
197.0,-0.0026811997432325857,0.07614384591579437,0.0003829479101113975,1.201133370399475,0.0,0.008940101,-0.00021804344,1.0003829,0.04239447,0.009062748,7.504074e-06,-0.0057632923,0.014346123,0.006619215,-0.069084674,-0.031365637,-0.005252646,0.073875,0.03933632,1.0,,,,,,,,,,,,,,,,,,,,,,,,,,,,,,,,,,,,,,,,,,,,
198.0,-0.0028229698410314062,0.07638869434595108,0.000382971775252372,1.1981933116912842,0.0,0.009119143,-0.00017929237,1.0003829,0.042970117,0.009300258,7.5321445e-06,-0.005592108,0.0146763325,0.00671196,0.040583503,0.07952456,0.021694586,0.07425,0.039535344,1.0,,,,,,,,,,,,,,,,,,,,,,,,,,,,,,,,,,,,,,,,,,,,
199.0,-0.0028252704456692606,0.07663089036941528,0.000382971775252372,1.1952407360076904,0.0,0.009300639,-0.00013958047,1.000383,0.043559156,0.009530856,7.3694373e-06,-0.0058808327,0.014547348,0.006685972,-0.069084726,-0.03137704,-0.0052387402,0.074625,0.03973436,1.0,,,,,,,,,,,,,,,,,,,,,,,,,,,,,,,,,,,,,,,,,,,,
200.0,-0.002827558061081191,0.076870396733284,0.00038301944732666016,1.1922757625579834,0.0,0.009484567,-9.885899e-05,1.000383,0.044142723,0.009773155,7.048958e-06,-0.0057094097,0.014877558,0.006778717,0.040581252,0.07952388,0.02167332,0.075,0.039933365,1.0,,,,,,,,,,,,,,,,,,,,,,,,,,,,,,,,,,,,,,,,,,,,
201.0,-0.0028298259345104376,0.07710722833871841,0.0003830671194009483,1.189298391342163,0.0,0.009670982,-5.7156718e-05,1.000383,0.044739682,0.010008545,6.9661464e-06,-0.0059981346,0.014748812,0.0067527294,-0.06908478,-0.03138843,-0.005224834,0.075375,0.040132362,1.0,,,,,,,,,,,,,,,,,,,,,,,,,,,,,,,,,,,,,,,,,,,,
202.0,-0.002832079862757581,0.07734133303165436,0.0003830909845419228,1.1863086223602295,0.0,0.009859863,-1.4424904e-05,1.000383,0.045331165,0.010255636,6.9944954e-06,-0.00582695,0.015079021,0.0068454742,0.040579002,0.07952319,0.02165206,0.07575,0.04033135,1.0,,,,,,,,,,,,,,,,,,,,,,,,,,,,,,,,,,,,,,,,,,,,
203.0,-0.00283431352235479,0.07757268100976944,0.0003830909845419228,1.1833064556121826,0.0,0.010051263,2.9307655e-05,1.0003831,0.045936037,0.0104958145,6.8279533e-06,-0.006115675,0.014950275,0.0068194866,-0.06908482,-0.03139982,-0.005210927,0.076125,0.040530324,1.0,,,,,,,,,,,,,,,,,,,,,,,,,,,,,,,,,,,,,,,,,,,,
204.0,-0.002836533284465354,0.07780132442712784,0.00038313865661621094,1.1802916526794434,0.0,0.01024516,7.40897e-05,1.0003831,0.04653543,0.010747692,6.5077543e-06,-0.005944252,0.015280247,0.0069122314,0.04057675,0.079522505,0.021630803,0.0765,0.040729288,1.0,,,,,,,,,,,,,,,,,,,,,,,,,,,,,,,,,,,,,,,,,,,,
205.0,-0.0028387325620077824,0.0780271515250206,0.00038318632869049907,1.177264928817749,0.0,0.010441611,0.00011989245,1.0003831,0.047148205,0.010992659,6.421107e-06,-0.006232977,0.015151501,0.006886244,-0.06908486,-0.0314112,-0.0051970193,0.076875,0.040928245,1.0,,,,,,,,,,,,,,,,,,,,,,,,,,,,,,,,,,,,,,,,,,,,
206.0,-0.0028409173846623533,0.07825019210577011,0.0003832101938314736,1.1742255687713623,0.0,0.010640592,0.00016676464,1.0003831,0.047755502,0.011249325,6.4497335e-06,-0.006061554,0.01548171,0.00697875,0.040574495,0.07952181,0.02160955,0.07725,0.04112719,1.0,,,,,,,,,,,,,,,,,,,,,,,,,,,,,,,,,,,,,,,,,,,,
207.0,-0.0028430816776275564,0.07847044616937637,0.0003832101938314736,1.1711739301681519,0.0,0.010842159,0.00021467746,1.0003833,0.048376177,0.01149908,6.2793615e-06,-0.0063505173,0.015352726,0.0069527626,-0.0690849,-0.031422574,-0.0051831105,0.077625,0.041326124,1.0,,,,,,,,,,,,,,,,,,,,,,,,,,,,,,,,,,,,,,,,,,,,
208.0,-0.0028452309338625743,0.07868783175945282,0.0003832101938314736,1.1681100130081177,0.0,0.01104629,0.00026367969,1.0003833,0.048991363,0.011760529,5.9594413e-06,-0.0061790943,0.015682936,0.0070455074,0.040572237,0.07952113,0.021588303,0.078,0.04152505,1.0,,,,,,,,,,,,,,,,,,,,,,,,,,,,,,,,,,,,,,,,,,,,
209.0,-0.002847359035690246,0.07890240103006363,0.0003832101938314736,1.1650340557098389,0.0,0.01125304,0.00031374246,1.0003833,0.049619935,0.012015069,5.868962e-06,-0.006467819,0.015553951,0.0070192814,-0.06908493,-0.031433944,-0.005169201,0.078375,0.041723963,1.0,,,,,,,,,,,,,,,,,,,,,,,,,,,,,,,,,,,,,,,,,,,,
210.0,-0.0028494724579254766,0.07911407947540283,0.00038330553798004985,1.1619457006454468,0.0,0.011462386,0.00036491457,1.0003833,0.050243013,0.012281305,5.8978667e-06,-0.0062963963,0.015883923,0.007112026,0.04056998,0.079520434,0.02156706,0.07875,0.041922867,1.0,,,,,,,,,,,,,,,,,,,,,,,,,,,,,,,,,,,,,,,,,,,,
211.0,-0.0028515636638558367,0.07932288944721222,0.00038332940312102437,1.1588449478149414,0.0,0.011674384,0.00041716718,1.0003833,0.05087947,0.012540628,5.723667e-06,-0.0065853596,0.015754938,0.0070858,-0.06908496,-0.031445306,-0.005155291,0.079125,0.04212176,1.0,,,,,,,,,,,,,,,,,,,,,,,,,,,,,,,,,,,,,,,,,,,,
212.0,-0.0028536401353943136,0.07952877134084702,0.00038332940312102437,1.1557321548461914,0.0,0.011889011,0.00047054904,1.0003834,0.05151043,0.012811647,5.7719035e-06,-0.0064139366,0.016085148,0.0071783066,0.04056772,0.07951975,0.02154582,0.0795,0.042320643,1.0,,,,,,,,,,,,,,,,,,,,,,,,,,,,,,,,,,,,,,,,,,,,
213.0,-0.002855694324271235,0.07973174005746841,0.00038332940312102437,1.1526070833206177,0.0,0.012106322,0.00052503136,1.0003834,0.05215476,0.01307575,5.2234136e-06,-0.0067026615,0.015956163,0.007152319,-0.06908498,-0.03145666,-0.0051413802,0.079875,0.042519517,1.0,,,,,,,,,,,,,,,,,,,,,,,,,,,,,,,,,,,,,,,,,,,,
214.0,-0.002857732912966194,0.07993175089359283,0.00038332940312102437,1.1494697332382202,0.0,0.0123262955,0.0005806628,1.0003834,0.0527936,0.01335155,5.359149e-06,-0.0065312386,0.016286373,0.0072448254,0.040565457,0.079519056,0.021524586,0.08025,0.042718377,1.0,,,,,,,,,,,,,,,,,,,,,,,,,,,,,,,,,,,,,,,,,,,,
215.0,-0.002859750124672053,0.08012880384922028,0.0003833770751953125,1.1463202238082886,0.0,0.012548986,0.00063741463,1.0003834,0.05344581,0.013620437,5.156128e-06,-0.006820202,0.01615715,0.0072188377,-0.069085,-0.03146801,-0.005127468,0.080625,0.04291723,1.0,,,,,,,,,,,,,,,,,,,,,,,,,,,,,,,,,,,,,,,,,,,,
216.0,-0.002861767713918697,0.08032282441854477,0.00038344861241057515,1.1431585550308228,0.0,0.012774372,0.0006953355,1.0003834,0.054092515,0.013901017,5.2105047e-06,-0.006648779,0.01648736,0.0073111057,0.040563196,0.07951836,0.021503355,0.081,0.043116067,1.0,,,,,,,,,,,,,,,,,,,,,,,,,,,,,,,,,,,,,,,,,,,,
217.0,-0.0028637630424404037,0.08051387220621109,0.00038344861241057515,1.1399846076965332,0.0,0.013002507,0.0007543967,1.0003835,0.05475259,0.014174683,5.0246936e-06,-0.006937504,0.016358376,0.007285118,-0.06908502,-0.03147935,-0.0051135556,0.081375,0.043314897,1.0,,,,,,,,,,,,,,,,,,,,,,,,,,,,,,,,,,,,,,,,,,,,
218.0,-0.0028657435704058727,0.08070190995931625,0.00038344861241057515,1.1367985010147095,0.0,0.013233371,0.00081464683,1.0003835,0.05540715,0.014460037,4.7068506e-06,-0.006766081,0.016688347,0.007377386,0.04056093,0.07951767,0.02148213,0.08175,0.043513715,1.0,,,,,,,,,,,,,,,,,,,,,,,,,,,,,,,,,,,,,,,,,,,,
219.0,-0.0028677010328864755,0.08088688552379608,0.00038344861241057515,1.1336003541946411,0.0,0.013467017,0.0008760572,1.0003835,0.056075085,0.014738482,4.606482e-06,-0.0070548058,0.016559362,0.0073513985,-0.069085024,-0.031490687,-0.005099642,0.082125,0.043712523,1.0,,,,,,,,,,,,,,,,,,,,,,,,,,,,,,,,,,,,,,,,,,,,
220.0,-0.0028696429090923985,0.08106880635023117,0.00038344861241057515,1.1303898096084595,0.0,0.013703424,0.0009386764,1.0003835,0.05673751,0.015028616,4.6361574e-06,-0.006883383,0.016889334,0.0074436665,0.040558666,0.07951698,0.02146091,0.0825,0.04391132,1.0,,,,,,,,,,,,,,,,,,,,,,,,,,,,,,,,,,,,,,,,,,,,
221.0,-0.002871315087612196,0.08124763518571854,0.0003834962844848633,1.1271672248840332,0.0,0.013942645,0.0010024757,1.0003835,0.057413295,0.015311837,4.4523877e-06,-0.007172346,0.01676011,0.007417679,-0.06908503,-0.03150202,-0.005085728,0.082875,0.044110104,1.0,,,,,,,,,,,,,,,,,,,,,,,,,,,,,,,,,,,,,,,,,,,,
222.0,-0.002872970703256968,0.08142338693141937,0.00038352012052200735,1.1239327192306519,0.0,0.01418466,0.0010675038,1.0003835,0.058083564,0.015606746,4.5013185e-06,-0.007000923,0.01709032,0.007509947,0.0405564,0.07951628,0.021439692,0.08325,0.044308882,1.0,,,,,,,,,,,,,,,,,,,,,,,,,,,,,,,,,,,,,,,,,,,,
223.0,-0.002874602957597675,0.0815960243344307,0.00038356782170012593,1.1206860542297363,0.0,0.014429524,0.0011337319,1.0003836,0.058767196,0.015894743,4.3111563e-06,-0.007289648,0.016961098,0.007483721,-0.06908504,-0.03151334,-0.0050718132,0.083625,0.044507645,1.0,,,,,,,,,,,,,,,,,,,,,,,,,,,,,,,,,,,,,,,,,,,,
224.0,-0.0028762185630974374,0.08176559954881668,0.00038356782170012593,1.1174273490905762,0.0,0.014677212,0.0012012087,1.0003836,0.059445303,0.016194422,3.9934093e-06,-0.007118225,0.017291069,0.007575989,0.040554132,0.079515584,0.02141848,0.084,0.044706397,1.0,,,,,,,,,,,,,,,,,,,,,,,,,,,,,,,,,,,,,,,,,,,,
225.0,-0.00287781022595106,0.08193203061819077,0.00038356782170012593,1.114156723022461,0.0,0.014927782,0.0012699054,1.0003836,0.060136776,0.01648719,3.887388e-06,-0.0074071884,0.017161846,0.007550001,-0.06908503,-0.03152466,-0.0050578974,0.084375,0.044905137,1.0,,,,,,,,,,,,,,,,,,,,,,,,,,,,,,,,,,,,,,,,,,,,
226.0,-0.002879385380665232,0.08209537714719772,0.00038356782170012593,1.1108742952346802,0.0,0.01518121,0.0013398705,1.0003836,0.060822725,0.016791645,3.917461e-06,-0.007235527,0.017492056,0.0076420307,0.04055186,0.07951488,0.021397272,0.08475,0.045103867,1.0,,,,,,,,,,,,,,,,,,,,,,,,,,,,,,,,,,,,,,,,,,,,
227.0,-0.002880716589953266,0.08225560933351517,0.00038356782170012593,1.1075799465179443,0.0,0.015437552,0.0014110755,1.0003836,0.061522026,0.017089186,3.727976e-06,-0.0075244904,0.017362833,0.007616043,-0.06908503,-0.03153597,-0.0050439807,0.085125,0.04530259,1.0,,,,,,,,,,,,,,,,,,,,,,,,,,,,,,,,,,,,,,,,,,,,
228.0,-0.0028820313359984424,0.0824127197265625,0.00038361549377441406,1.1042739152908325,0.0,0.015696784,0.0014835688,1.0003836,0.0622158,0.017398411,3.7773182e-06,-0.0073530674,0.017540693,0.0077092648,0.04083227,0.04302393,0.02165061,0.0855,0.045501295,1.0,,,,,,,,,,,,,,,,,,,,,,,,,,,,,,,,,,,,,,,,,,,,
229.0,-0.0028833210930998064,0.0825667604804039,0.00038361549377441406,1.1009559631347656,0.0,0.015958937,0.0015573216,1.0003836,0.06291672,0.017700674,3.690942e-06,-0.0076417923,0.017259598,0.007684231,-0.068794966,-0.068029046,-0.004772307,0.085875,0.04569999,1.0,,,,,,,,,,,,,,,,,,,,,,,,,,,,,,,,,,,,,,,,,,,,
230.0,-0.0028845940220129733,0.08271770179271698,0.0003836870309896767,1.0976264476776123,0.0,0.016223961,0.0016323824,1.0003836,0.06360588,0.01801457,3.8227236e-06,-0.0074703693,0.017437458,0.0077774525,0.040828455,0.04304037,0.021646196,0.08625,0.045898676,1.0,,,,,,,,,,,,,,,,,,,,,,,,,,,,,,,,,,,,,,,,,,,,
231.0,-0.002885842701544905,0.08286555856466293,0.0003836870309896767,1.094285249710083,0.0,0.016491888,0.001708722,1.0003837,0.06430219,0.018321503,3.7185425e-06,-0.0077590942,0.017156363,0.007752657,-0.06878822,-0.0680234,-0.004775195,0.086625,0.04609735,1.0,,,,,,,,,,,,,,,,,,,,,,,,,,,,,,,,,,,,,,,,,,,,
232.0,-0.0028870733628899078,0.08301033824682236,0.0003836870309896767,1.0909323692321777,0.0,0.016762666,0.0017863889,1.0003837,0.06498674,0.018640066,3.4840361e-06,-0.0075876713,0.017334461,0.00784564,0.040824637,0.0430568,0.021641778,0.087,0.04629601,1.0,,,,,,,,,,,,,,,,,,,,,,,,,,,,,,,,,,,,,,,,,,,,
233.0,-0.002888280497203482,0.08315207809209824,0.0003836870309896767,1.087567925453186,0.0,0.017036326,0.0018653543,1.0003837,0.06567845,0.018951666,3.4673076e-06,-0.007876396,0.017053127,0.007820845,-0.06878149,-0.06801774,-0.0047780774,0.087375,0.04649466,1.0,,,,,,,,,,,,,,,,,,,,,,,,,,,,,,,,,,,,,,,,,,,,
234.0,-0.002889469192475076,0.0832907110452652,0.0003836870309896767,1.0841920375823975,0.0,0.01731282,0.0019456663,1.0003837,0.06635841,0.019274894,3.5775545e-06,-0.007704973,0.017231464,0.007913828,0.04082082,0.043073226,0.021637354,0.08775,0.0466933,1.0,,,,,,,,,,,,,,,,,,,,,,,,,,,,,,,,,,,,,,,,,,,,
235.0,-0.002890643152904255,0.083426333963871,0.00038373470306396484,1.0808045864105225,0.0,0.017592175,0.002027296,1.0003837,0.06704552,0.019591158,3.4814886e-06,-0.007993698,0.016950369,0.007889032,-0.06877475,-0.0680121,-0.0047809538,0.088125,0.046891924,1.0,,,,,,,,,,,,,,,,,,,,,,,,,,,,,,,,,,,,,,,,,,,,
236.0,-0.00289180303010337,0.08355887234210968,0.00038373470306396484,1.0774059295654297,0.0,0.017874345,0.0021102922,1.0003837,0.06772088,0.019919049,3.6077495e-06,-0.007822275,0.017128468,0.007982016,0.040817004,0.043089643,0.021632925,0.0885,0.04709054,1.0,,,,,,,,,,,,,,,,,,,,,,,,,,,,,,,,,,,,,,,,,,,,
237.0,-0.00289293977493133,0.08368842303752899,0.00038373470306396484,1.0739957094192505,0.0,0.01815936,0.0021946253,1.0003837,0.06840339,0.020239972,3.5094588e-06,-0.008111,0.016847372,0.00795722,-0.068768024,-0.068006456,-0.0047838236,0.088875,0.047289144,1.0,,,,,,,,,,,,,,,,,,,,,,,,,,,,,,,,,,,,,,,,,,,,
238.0,-0.0028940587434799483,0.08381492644548416,0.0003838062402792275,1.070574164390564,0.0,0.01844717,0.0022803443,1.0003837,0.06907417,0.02057252,3.6336469e-06,-0.007939577,0.01702571,0.008050203,0.040813185,0.043106053,0.02162849,0.08925,0.047487736,1.0,,,,,,,,,,,,,,,,,,,,,,,,,,,,,,,,,,,,,,,,,,,,
239.0,-0.0028951540497162455,0.08393838256597519,0.0003838062402792275,1.0671415328979492,0.0,0.018737802,0.0023674197,1.0003839,0.0697521,0.020898102,3.5373735e-06,-0.008228302,0.016744614,0.008025408,-0.068761304,-0.06800082,-0.004786688,0.089625,0.047686316,1.0,,,,,,,,,,,,,,,,,,,,,,,,,,,,,,,,,,,,,,,,,,,,
240.0,-0.002896230895070414,0.08405883610248566,0.0003838062402792275,1.0636974573135376,0.0,0.019031212,0.0024559,1.0003839,0.070418276,0.0212353,3.29063e-06,-0.008056879,0.01692295,0.008118391,0.04080937,0.043122455,0.021624051,0.09,0.04788488,1.0,,,,,,,,,,,,,,,,,,,,,,,,,,,,,,,,,,,,,,,,,,,,
241.0,-0.002897284876983793,0.08417630195617676,0.0003838062402792275,1.0602424144744873,0.0,0.019327428,0.0025457565,1.0003839,0.07109162,0.021565536,3.2828991e-06,-0.008345604,0.016641855,0.0080935955,-0.06875459,-0.06799518,-0.004789546,0.090375,0.04808344,1.0,,,,,,,,,,,,,,,,,,,,,,,,,,,,,,,,,,,,,,,,,,,,
242.0,-0.0028983205399659823,0.0842907503247261,0.0003838062402792275,1.0567759275436401,0.0,0.0196264,0.0026370373,1.0003839,0.071753226,0.021907391,3.3806605e-06,-0.008174181,0.016820192,0.008186579,0.040805552,0.04313885,0.021619607,0.09075,0.048281983,1.0,,,,,,,,,,,,,,,,,,,,,,,,,,,,,,,,,,,,,,,,,,,,
243.0,-0.0028993338284334816,0.08440222591161728,0.0003838539123535156,1.0532984733581543,0.0,0.019928157,0.0027297135,1.0003839,0.07242199,0.022242276,3.2936475e-06,-0.008462906,0.016539335,0.008161783,-0.06874788,-0.06798955,-0.0047923983,0.091125,0.048480514,1.0,,,,,,,,,,,,,,,,,,,,,,,,,,,,,,,,,,,,,,,,,,,,
244.0,-0.0029003283077605265,0.08451071381568909,0.0003838539123535156,1.0498101711273193,0.0,0.020232653,0.0028238334,1.0003839,0.07307902,0.022588778,3.4074171e-06,-0.008291483,0.016717672,0.008254766,0.040801737,0.043155238,0.021615157,0.0915,0.048679035,1.0,,,,,,,,,,,,,,,,,,,,,,,,,,,,,,,,,,,,,,,,,,,,
245.0,-0.0029013001483585753,0.08461620658636093,0.00038390158442780375,1.0463107824325562,0.0,0.020539917,0.002919368,1.0003839,0.07374321,0.02292831,3.3181793e-06,-0.008580208,0.016436815,0.008229971,-0.068741165,-0.06798392,-0.0047952444,0.091875,0.04887754,1.0,,,,,,,,,,,,,,,,,,,,,,,,,,,,,,,,,,,,,,,,,,,,
246.0,-0.0029022535325967454,0.0847187489271164,0.00038390158442780375,1.0428004264831543,0.0,0.020849898,0.0030163657,1.0003839,0.07439567,0.023279458,3.429883e-06,-0.008408785,0.01661539,0.008322954,0.040797923,0.04317162,0.021610701,0.09225,0.049076036,1.0,,,,,,,,,,,,,,,,,,,,,,,,,,,,,,,,,,,,,,,,,,,,
247.0,-0.0029031838694802276,0.0848182886838913,0.0003839254495687783,1.0392789840698242,0.0,0.02116263,0.0031147974,1.0003839,0.07505529,0.023623634,3.3426597e-06,-0.00869751,0.016334534,0.008298159,-0.06873447,-0.067978285,-0.0047980845,0.092625,0.04927452,1.0,,,,,,,,,,,,,,,,,,,,,,,,,,,,,,,,,,,,,,,,,,,,
248.0,-0.002904096535501509,0.0849149227142334,0.0003839254495687783,1.035746693611145,0.0,0.021478059,0.0032147118,1.000384,0.07570318,0.023979424,3.4513048e-06,-0.008526087,0.01651287,0.0083909035,0.040794108,0.043187995,0.021606242,0.093,0.049472988,1.0,,,,,,,,,,,,,,,,,,,,,,,,,,,,,,,,,,,,,,,,,,,,
249.0,-0.002904985670312897,0.08500859886407852,0.0003839254495687783,1.0322037935256958,0.0,0.021796219,0.0033160793,1.000384,0.07635823,0.024328237,2.9984622e-06,-0.008814812,0.016232252,0.008366108,-0.06872777,-0.06797266,-0.0048009185,0.093375,0.04967145,1.0,,,,,,,,,,,,,,,,,,,,,,,,,,,,,,,,,,,,,,,,,,,,
250.0,-0.002905856777396514,0.08509929478168488,0.0003839254495687783,1.028649926185608,0.0,0.022117058,0.0034189487,1.000384,0.07700156,0.024688667,3.19029e-06,-0.008643389,0.016410828,0.008459091,0.040790297,0.04320436,0.021601778,0.09375,0.049869895,1.0,,,,,,,,,,,,,,,,,,,,,,,,,,,,,,,,,,,,,,,,,,,,
251.0,-0.0029067051054365097,0.08518709242343903,0.0003839731216430664,1.0250853300094604,0.0,0.022440609,0.003523291,1.000384,0.07765205,0.02504212,3.08733e-06,-0.008932114,0.01612997,0.008434296,-0.06872108,-0.067967035,-0.004803747,0.094125,0.050068326,1.0,,,,,,,,,,,,,,,,,,,,,,,,,,,,,,,,,,,,,,,,,,,,
252.0,-0.0029075348633709496,0.08527195453643799,0.0003839731216430664,1.0215100049972534,0.0,0.022766821,0.0036291543,1.000384,0.07829083,0.025407182,3.1944996e-06,-0.008760691,0.016308546,0.0085270405,0.040786482,0.04322072,0.021597307,0.0945,0.050266746,1.0,,,,,,,,,,,,,,,,,,,,,,,,,,,,,,,,,,,,,,,,,,,,
253.0,-0.0029083424209337978,0.08535390347242355,0.00038402079371735454,1.017924189567566,0.0,0.023095723,0.0037365095,1.000384,0.07893677,0.02576527,3.112928e-06,-0.009049416,0.016027927,0.008502483,-0.06871439,-0.06796142,-0.004806569,0.094875,0.050465155,1.0,,,,,,,,,,,,,,,,,,,,,,,,,,,,,,,,,,,,,,,,,,,,
254.0,-0.0029091316777374344,0.08543290942907333,0.00038402079371735454,1.0143275260925293,0.0,0.023427268,0.0038454053,1.000384,0.07957099,0.026134966,3.212499e-06,-0.008877754,0.016206503,0.008595228,0.040782668,0.04323707,0.021592833,0.09525,0.05066355,1.0,,,,,,,,,,,,,,,,,,,,,,,,,,,,,,,,,,,,,,,,,,,,
255.0,-0.0029098976994681035,0.08550907671451569,0.00038402079371735454,1.0107204914093018,0.0,0.023761487,0.003955812,1.000384,0.08021238,0.026497684,3.1342388e-06,-0.0091667175,0.015925884,0.008570433,-0.068707705,-0.0679558,-0.004809385,0.095625,0.050861932,1.0,,,,,,,,,,,,,,,,,,,,,,,,,,,,,,,,,,,,,,,,,,,,
256.0,-0.002910645713982456,0.08558230102062225,0.00038404465885832906,1.0071029663085938,0.0,0.02409833,0.004067779,1.000384,0.08084205,0.026872007,3.2304536e-06,-0.008995056,0.016104698,0.0086631775,0.040778857,0.043253418,0.021588353,0.096,0.051060304,1.0,,,,,,,,,,,,,,,,,,,,,,,,,,,,,,,,,,,,,,,,,,,,
257.0,-0.002911371266799131,0.08565262705087662,0.00038404465885832906,1.0034748315811157,0.0,0.024437824,0.004181276,1.0003841,0.081478894,0.027239354,3.1545092e-06,-0.009283781,0.01582408,0.008638382,-0.06870103,-0.06795018,-0.004812195,0.096375,0.05125866,1.0,,,,,,,,,,,,,,,,,,,,,,,,,,,,,,,,,,,,,,,,,,,,
258.0,-0.002912077630100032,0.08572007715702057,0.00038404465885832906,0.9998363852500916,0.0,0.024779925,0.0042963526,1.0003841,0.08210401,0.027618298,2.879735e-06,-0.009112358,0.016002893,0.008731127,0.040775042,0.043269753,0.021583868,0.09675,0.051457006,1.0,,,,,,,,,,,,,,,,,,,,,,,,,,,,,,,,,,,,,,,,,,,,
259.0,-0.002912762792674403,0.0857846587896347,0.00038404465885832906,0.9961875081062317,0.0,0.02512466,0.0044129784,1.0003841,0.08273632,0.02799027,2.8923473e-06,-0.009401083,0.015722275,0.00870657,-0.06869435,-0.06794457,-0.004814999,0.097125,0.051655337,1.0,,,,,,,,,,,,,,,,,,,,,,,,,,,,,,,,,,,,,,,,,,,,
260.0,-0.0029134289067042347,0.08584634959697723,0.0003840923309326172,0.9925284385681152,0.0,0.02547198,0.004531203,1.0003841,0.08335691,0.02837384,2.962091e-06,-0.00922966,0.015901089,0.008799076,0.04077123,0.043286085,0.02157938,0.0975,0.051853657,1.0,,,,,,,,,,,,,,,,,,,,,,,,,,,,,,,,,,,,,,,,,,,,
261.0,-0.002914072726385473,0.08590516448020935,0.0003841400030069053,0.9888589382171631,0.0,0.025821917,0.0046509965,1.0003841,0.08398468,0.02875043,2.8954123e-06,-0.009518385,0.01562047,0.008774519,-0.068687685,-0.06793896,-0.0048177973,0.097875,0.05205196,1.0,,,,,,,,,,,,,,,,,,,,,,,,,,,,,,,,,,,,,,,,,,,,
262.0,-0.002914697996250334,0.08596115559339523,0.0003841400030069053,0.9851793646812439,0.0,0.026174419,0.0047724075,1.0003841,0.08460073,0.02913862,2.981182e-06,-0.009346962,0.015799522,0.008867025,0.04076742,0.04330241,0.021574885,0.09825,0.052250255,1.0,,,,,,,,,,,,,,,,,,,,,,,,,,,,,,,,,,,,,,,,,,,,
263.0,-0.0029153016800844175,0.0860142931342125,0.0003841400030069053,0.9814894795417786,0.0,0.026529519,0.004895407,1.0003841,0.08522397,0.029519828,2.9122714e-06,-0.009635448,0.015518904,0.008842468,-0.06868102,-0.06793336,-0.00482059,0.098625,0.052448537,1.0,,,,,,,,,,,,,,,,,,,,,,,,,,,,,,,,,,,,,,,,,,,,
264.0,-0.002915886366989685,0.08606459945440292,0.0003841400030069053,0.9777894616127014,0.0,0.026887167,0.0050200424,1.0003841,0.0858355,0.029912632,2.9959915e-06,-0.0094640255,0.015697956,0.008934975,0.04076361,0.043318722,0.021570385,0.099,0.0526468,1.0,,,,,,,,,,,,,,,,,,,,,,,,,,,,,,,,,,,,,,,,,,,,
265.0,-0.0029164487329296435,0.08611203730106354,0.00038416386814787984,0.974079430103302,0.0,0.027247394,0.005146286,1.0003841,0.08645421,0.030298455,2.9290893e-06,-0.00975275,0.015417576,0.008910418,-0.06867436,-0.06792775,-0.004823376,0.099375,0.052845057,1.0,,,,,,,,,,,,,,,,,,,,,,,,,,,,,,,,,,,,,,,,,,,,
266.0,-0.0029166561682605,0.08615667372941971,0.00038416386814787984,0.9703593850135803,0.0,0.027610147,0.0052741854,1.0003842,0.08706121,0.03069587,3.0097672e-06,-0.009581327,0.01559639,0.00900197,0.04075651,0.04333291,0.021351298,0.09975,0.053043295,1.0,,,,,,,,,,,,,,,,,,,,,,,,,,,,,,,,,,,,,,,,,,,,
267.0,-0.002916841309369943,0.08619847893714905,0.00038416386814787984,0.9666293859481812,0.0,0.027975462,0.005403712,1.0003842,0.0876754,0.031086301,2.5772372e-06,-0.009870052,0.0153160095,0.008976698,-0.06867106,-0.0679242,-0.0050406884,0.100125,0.053241525,1.0,,,,,,,,,,,,,,,,,,,,,,,,,,,,,,,,,,,,,,,,,,,,
268.0,-0.0029170080725909315,0.08623750507831573,0.00038421154022216797,0.9628893733024597,0.0,0.028343286,0.0055349134,1.0003842,0.088277884,0.031488325,2.7411177e-06,-0.009698629,0.015495062,0.009068251,0.04075278,0.043349136,0.021346886,0.1005,0.053439736,1.0,,,,,,,,,,,,,,,,,,,,,,,,,,,,,,,,,,,,,,,,,,,,
269.0,-0.0029171530817685264,0.08627373725175858,0.00038421154022216797,0.959139347076416,0.0,0.028713651,0.0056677605,1.0003842,0.088887565,0.031883366,2.6584644e-06,-0.009987354,0.015214682,0.00904274,-0.06866453,-0.06791849,-0.0050433655,0.100875,0.053637937,1.0,,,,,,,,,,,,,,,,,,,,,,,,,,,,,,,,,,,,,,,,,,,,
270.0,-0.0029172792687233713,0.08630727976560593,0.0003842592122964561,0.9553794860839844,0.0,0.029086508,0.005802302,1.0003842,0.089485526,0.032289997,2.737699e-06,-0.009815931,0.015393972,0.009134293,0.04074905,0.04336536,0.021342468,0.10125,0.053836126,1.0,,,,,,,,,,,,,,,,,,,,,,,,,,,,,,,,,,,,,,,,,,,,
271.0,-0.0029173832341241115,0.08633802831172943,0.0003842592122964561,0.9516098499298096,0.0,0.029461885,0.005938509,1.0003842,0.09009069,0.032689642,2.6764294e-06,-0.010104418,0.015113592,0.009108782,-0.068657994,-0.067912765,-0.005046036,0.101625,0.054034296,1.0,,,,,,,,,,,,,,,,,,,,,,,,,,,,,,,,,,,,,,,,,,,,
272.0,-0.002917468484478229,0.08636607229709625,0.0003842592122964561,0.9478304386138916,0.0,0.029839735,0.0060764295,1.0003842,0.09068415,0.033100873,2.7480812e-06,-0.009932995,0.0152926445,0.009200335,0.040745325,0.04338157,0.021338044,0.102,0.05423246,1.0,,,,,,,,,,,,,,,,,,,,,,,,,,,,,,,,,,,,,,,,,,,,
273.0,-0.002917532135403849,0.08639142662286758,0.0003842592122964561,0.9440413117408752,0.0,0.03022009,0.006216034,1.0003842,0.09128481,0.03350512,2.6901164e-06,-0.01022172,0.015012503,0.009175062,-0.068651475,-0.06790705,-0.005048701,0.102375,0.054430604,1.0,,,,,,,,,,,,,,,,,,,,,,,,,,,,,,,,,,,,,,,,,,,,
274.0,-0.00291757723068539,0.08641409128904343,0.0003842592122964561,0.9402424693107605,0.0,0.030602897,0.0063573713,1.0003842,0.091873765,0.03392095,2.7584276e-06,-0.010050297,0.015191793,0.0092663765,0.040741596,0.043397777,0.021333614,0.10275,0.054628737,1.0,,,,,,,,,,,,,,,,,,,,,,,,,,,,,,,,,,,,,,,,,,,,
275.0,-0.0029176012005023046,0.08643414080142975,0.0003843069134745747,0.9364340901374817,0.0,0.030988188,0.0065004122,1.0003842,0.09246992,0.034329794,2.7027727e-06,-0.010339022,0.014911413,0.009241104,-0.068644956,-0.067901336,-0.00505136,0.103125,0.054826856,1.0,,,,,,,,,,,,,,,,,,,,,,,,,,,,,,,,,,,,,,,,,,,,
276.0,-0.0029176058622698065,0.08645150065422058,0.00038433074951171875,0.9326160550117493,0.0,0.031375915,0.0066452045,1.0003842,0.09305438,0.03475022,2.7679785e-06,-0.010167599,0.015090704,0.009332418,0.04073787,0.043413978,0.021329181,0.1035,0.055024963,1.0,,,,,,,,,,,,,,,,,,,,,,,,,,,,,,,,,,,,,,,,,,,,
277.0,-0.002917589268925269,0.08646627515554428,0.00038433074951171875,0.9287885427474976,0.0,0.031766105,0.00679172,1.0003843,0.093646035,0.03516366,2.7145777e-06,-0.010456085,0.014810562,0.009307146,-0.068638444,-0.06789563,-0.0050540133,0.103875,0.055223055,1.0,,,,,,,,,,,,,,,,,,,,,,,,,,,,,,,,,,,,,,,,,,,,
278.0,-0.0029175534495532018,0.08647844195365906,0.00038433074951171875,0.9249516129493713,0.0,0.032158714,0.0069400063,1.0003843,0.09422599,0.03558867,2.4088233e-06,-0.010284662,0.014989853,0.00939846,0.040734146,0.04343017,0.021324743,0.10425,0.055421133,1.0,,,,,,,,,,,,,,,,,,,,,,,,,,,,,,,,,,,,,,,,,,,,
279.0,-0.0029174972861881433,0.0864880383014679,0.00038433074951171875,0.921105146408081,0.0,0.03255377,0.007090034,1.0003843,0.09481316,0.036006704,2.443973e-06,-0.010573387,0.014709711,0.009373188,-0.06863193,-0.06788992,-0.00505666,0.104625,0.055619195,1.0,,,,,,,,,,,,,,,,,,,,,,,,,,,,,,,,,,,,,,,,,,,,
280.0,-0.0029174225948581925,0.0864950492978096,0.0003843784215860069,0.9172493815422058,0.0,0.03295122,0.007241852,1.0003843,0.09538863,0.03643631,2.4827543e-06,-0.010401964,0.014889002,0.009464502,0.040730417,0.04344635,0.021320298,0.105,0.055817246,1.0,,,,,,,,,,,,,,,,,,,,,,,,,,,,,,,,,,,,,,,,,,,,
281.0,-0.00291732677667203,0.08649954944849014,0.00038442612276412547,0.9133842587471008,0.0,0.033351105,0.007395431,1.0003843,0.095971316,0.036858924,2.4386031e-06,-0.010690689,0.01460886,0.00943923,-0.06862543,-0.06788422,-0.005059302,0.105375,0.056015283,1.0,,,,,,,,,,,,,,,,,,,,,,,,,,,,,,,,,,,,,,,,,,,,
282.0,-0.002917211486031124,0.08650147169828415,0.00038442612276412547,0.9095098972320557,0.0,0.03375336,0.007550819,1.0003843,0.0965423,0.037293117,2.4934295e-06,-0.010519266,0.014788389,0.009530544,0.04072669,0.04346253,0.02131585,0.10575,0.056213304,1.0,,,,,,,,,,,,,,,,,,,,,,,,,,,,,,,,,,,,,,,,,,,,
283.0,-0.002917075664620893,0.08650092780590057,0.00038442612276412547,0.9056263566017151,0.0,0.034158032,0.007707987,1.0003843,0.09712049,0.03772032,2.4470387e-06,-0.010807753,0.014508247,0.009505272,-0.06861892,-0.067878515,-0.005061937,0.106125,0.05641131,1.0,,,,,,,,,,,,,,,,,,,,,,,,,,,,,,,,,,,,,,,,,,,,
284.0,-0.002916921147223559,0.08649786561727524,0.00038442612276412547,0.9017335176467896,0.0,0.03456506,0.007866983,1.0003843,0.097687,0.03815909,2.4998337e-06,-0.01063633,0.014687777,0.009595871,0.040721074,0.04347726,0.02117992,0.1065,0.056609306,1.0,,,,,,,,,,,,,,,,,,,,,,,,,,,,,,,,,,,,,,,,,,,,
285.0,-0.0029167460810392187,0.08649234473705292,0.00038442612276412547,0.8978316783905029,0.0,0.034974482,0.008027778,1.0003843,0.09826072,0.038590875,2.4554438e-06,-0.010925055,0.014407873,0.009570122,-0.06861436,-0.067874216,-0.0051960135,0.106875,0.056807287,1.0,,,,,,,,,,,,,,,,,,,,,,,,,,,,,,,,,,,,,,,,,,,,
286.0,-0.002916552508750897,0.08648443222045898,0.00038442612276412547,0.8939207196235657,0.0,0.035386242,0.00819042,1.0003843,0.09882275,0.039034225,2.5052138e-06,-0.010753632,0.014587402,0.009660721,0.0407174,0.04349338,0.02117552,0.10725,0.057005253,1.0,,,,,,,,,,,,,,,,,,,,,,,,,,,,,,,,,,,,,,,,,,,,
287.0,-0.0029166848243413596,0.08647400140762329,0.00038449763087555766,0.8900007009506226,0.0,0.035800375,0.008354882,1.0003843,0.099392004,0.039470587,2.4630579e-06,-0.011042118,0.014307499,0.009634972,-0.06860794,-0.06786845,-0.0051985774,0.107625,0.057203203,1.0,,,,,,,,,,,,,,,,,,,,,,,,,,,,,,,,,,,,,,,,,,,,
288.0,-0.0029167987731808466,0.08646120876073837,0.00038449763087555766,0.8860717415809631,0.0,0.036216833,0.008521209,1.0003844,0.09994956,0.039918512,2.50975e-06,-0.010870695,0.014487028,0.009725809,0.040713727,0.04350949,0.021171115,0.108,0.05740114,1.0,,,,,,,,,,,,,,,,,,,,,,,,,,,,,,,,,,,,,,,,,,,,
289.0,-0.00291689219026573,0.08644596487283707,0.00038449763087555766,0.8821339011192322,0.0,0.03663564,0.008689373,1.0003844,0.10051434,0.04035944,2.1019703e-06,-0.01115942,0.014207125,0.0096998215,-0.06860153,-0.06786268,-0.0052011353,0.108375,0.057599064,1.0,,,,,,,,,,,,,,,,,,,,,,,,,,,,,,,,,,,,,,,,,,,,
290.0,-0.0029169675598324602,0.08642832934856415,0.00038454533205367625,0.8781871199607849,0.0,0.037056755,0.008859423,1.0003844,0.10106743,0.04081194,2.231884e-06,-0.010987997,0.014386654,0.0097904205,0.040710054,0.043525595,0.021166706,0.10875,0.057796974,1.0,,,,,,,,,,,,,,,,,,,,,,,,,,,,,,,,,,,,,,,,,,,,
291.0,-0.0029170222486645686,0.08640827238559723,0.00038454533205367625,0.8742315769195557,0.0,0.037480205,0.009031329,1.0003844,0.10162775,0.04125745,2.173974e-06,-0.011276484,0.0141067505,0.009764671,-0.06859512,-0.067856915,-0.0052036876,0.109125,0.057994865,1.0,,,,,,,,,,,,,,,,,,,,,,,,,,,,,,,,,,,,,,,,,,,,
292.0,-0.002917059329996141,0.08638584613800049,0.0003845930041279644,0.8702673316001892,0.0,0.03790594,0.009205139,1.0003844,0.10217638,0.041714516,2.2192587e-06,-0.011105299,0.014286518,0.00985527,0.04070638,0.04354169,0.02116229,0.1095,0.058192745,1.0,,,,,,,,,,,,,,,,,,,,,,,,,,,,,,,,,,,,,,,,,,,,
293.0,-0.002917075638593645,0.08636100590229034,0.0003845930041279644,0.8662945628166199,0.0,0.03833399,0.009380825,1.0003844,0.10273225,0.042164586,2.182726e-06,-0.0113937855,0.014006615,0.009829521,-0.06858871,-0.067851156,-0.0052062343,0.109875,0.05839061,1.0,,,,,,,,,,,,,,,,,,,,,,,,,,,,,,,,,,,,,,,,,,,,
294.0,-0.0029170733264082746,0.0863337367773056,0.0003845930041279644,0.8623129725456238,0.0,0.03876431,0.009558435,1.0003844,0.103276424,0.04262622,2.2204465e-06,-0.0112223625,0.014186382,0.00992012,0.040702708,0.043557778,0.021157872,0.11025,0.05858846,1.0,,,,,,,,,,,,,,,,,,,,,,,,,,,,,,,,,,,,,,,,,,,,
295.0,-0.002917051074753465,0.08630415052175522,0.0003845930041279644,0.8583229780197144,0.0,0.039196923,0.009737938,1.0003844,0.10382784,0.04308086,2.1872108e-06,-0.011510849,0.013906717,0.009894371,-0.06858231,-0.0678454,-0.0052087745,0.110625,0.058786295,1.0,,,,,,,,,,,,,,,,,,,,,,,,,,,,,,,,,,,,,,,,,,,,
296.0,-0.002917010858948084,0.08627217262983322,0.0003845930041279644,0.8543244004249573,0.0,0.03963179,0.0099193845,1.0003844,0.10436756,0.043547053,2.2216107e-06,-0.011339664,0.014086485,0.009983778,0.04069516,0.043570586,0.020872304,0.111,0.058984116,1.0,,,,,,,,,,,,,,,,,,,,,,,,,,,,,,,,,,,,,,,,,,,,
297.0,-0.002916844899841806,0.08623781055212021,0.0003845930041279644,0.8503173589706421,0.0,0.040068932,0.010102743,1.0003844,0.10491453,0.04400625,2.190677e-06,-0.011628151,0.0138065815,0.009956837,-0.068579875,-0.067842826,-0.005492389,0.111375,0.059181925,1.0,,,,,,,,,,,,,,,,,,,,,,,,,,,,,,,,,,,,,,,,,,,,
298.0,-0.0029166608229388657,0.08620109409093857,0.00038464070530608296,0.8463019728660583,0.0,0.040508308,0.010288064,1.0003844,0.10544981,0.044477005,2.2219904e-06,-0.011456728,0.0139865875,0.010046244,0.040691596,0.043586567,0.020868,0.11175,0.059379715,1.0,,,,,,,,,,,,,,,,,,,,,,,,,,,,,,,,,,,,,,,,,,,,
299.0,-0.002916456414871391,0.08616205304861069,0.00038464070530608296,0.8422783613204956,0.0,0.04094994,0.010475317,1.0003844,0.10599233,0.04494076,2.1933033e-06,-0.011745453,0.0137069225,0.010019302,-0.06857364,-0.06783692,-0.0054947906,0.112125,0.05957749,1.0,,,,,,,,,,,,,,,,,,,,,,,,,,,,,,,,,,,,,,,,,,,,
300.0,-0.0029162346810024022,0.08612065017223358,0.00038466454134322703,0.8382464051246643,0.0,0.04139379,0.0106645515,1.0003844,0.10652317,0.04541607,2.2215447e-06,-0.01157403,0.01388669,0.010108471,0.040688034,0.043602537,0.020863691,0.1125,0.059775252,1.0,,,,,,,,,,,,,,,,,,,,,,,,,,,,,,,,,,,,,,,,,,,,
301.0,-0.0029159926440378405,0.08607695996761322,0.00038466454134322703,0.8342064023017883,0.0,0.04183988,0.010855736,1.0003846,0.10706125,0.04588438,2.1951007e-06,-0.011862516,0.013607025,0.010081768,-0.0685674,-0.067831,-0.0054971864,0.112875,0.059973,1.0,,,,,,,,,,,,,,,,,,,,,,,,,,,,,,,,,,,,,,,,,,,,
302.0,-0.0029157332606905358,0.08603092283010483,0.00038471221341751516,0.8301580548286438,0.0,0.042288158,0.01104892,1.0003846,0.10758765,0.046364233,1.8524023e-06,-0.011691093,0.013787031,0.010170937,0.04068447,0.043618504,0.020859377,0.11325,0.060170732,1.0,,,,,,,,,,,,,,,,,,,,,,,,,,,,,,,,,,,,,,,,,,,,
303.0,-0.0029154538983618182,0.08598261326551437,0.00038471221341751516,0.8261017799377441,0.0,0.042738665,0.011244074,1.0003846,0.108121306,0.046837095,1.9145027e-06,-0.011979818,0.013507366,0.010143995,-0.068561174,-0.0678251,-0.0054995767,0.113625,0.06036845,1.0,,,,,,,,,,,,,,,,,,,,,,,,,,,,,,,,,,,,,,,,,,,,
304.0,-0.002915156671365742,0.08593200147151947,0.00038471221341751516,0.8220374584197998,0.0,0.043191344,0.011441248,1.0003846,0.10864328,0.047321502,1.9163604e-06,-0.011808395,0.013687372,0.010233402,0.040680908,0.04363446,0.02085506,0.114,0.06056615,1.0,,,,,,,,,,,,,,,,,,,,,,,,,,,,,,,,,,,,,,,,,,,,
305.0,-0.002914840851996257,0.0858791172504425,0.00038475991459563375,0.8179653286933899,0.0,0.04364623,0.01164041,1.0003846,0.1091725,0.047798913,1.8991494e-06,-0.012096882,0.013407707,0.010206461,-0.06855495,-0.06781919,-0.005501961,0.114375,0.060763836,1.0,,,,,,,,,,,,,,,,,,,,,,,,,,,,,,,,,,,,,,,,,,,,
306.0,-0.0029144440634128617,0.08582399785518646,0.00038475991459563375,0.8138853311538696,0.0,0.044103272,0.011841609,1.0003846,0.10969005,0.048287865,1.9170734e-06,-0.011925459,0.013587952,0.0102956295,0.040677346,0.04365041,0.020850737,0.11475,0.060961507,1.0,,,,,,,,,,,,,,,,,,,,,,,,,,,,,,,,,,,,,,,,,,,,
307.0,-0.0029140281579815796,0.08576661348342896,0.00038475991459563375,0.8097975254058838,0.0,0.0445625,0.012044817,1.0003846,0.110214844,0.048769817,1.8976149e-06,-0.012214184,0.013308287,0.010268927,-0.06854873,-0.06781329,-0.0055043395,0.115125,0.061159164,1.0,,,,,,,,,,,,,,,,,,,,,,,,,,,,,,,,,,,,,,,,,,,,
308.0,-0.0029136862245457223,0.08570697158575058,0.00038475991459563375,0.8057021498680115,0.0,0.045023866,0.012250081,1.0003846,0.11072797,0.049263313,1.9135275e-06,-0.012042761,0.013488531,0.010358095,0.040673785,0.043666355,0.020846408,0.1155,0.061356805,1.0,,,,,,,,,,,,,,,,,,,,,,,,,,,,,,,,,,,,,,,,,,,,
309.0,-0.002913326449153169,0.08564513176679611,0.00038475991459563375,0.8015992045402527,0.0,0.045487404,0.012457372,1.0003846,0.11124836,0.049749807,1.8960617e-06,-0.012331247,0.013208866,0.010331154,-0.06854252,-0.0678074,-0.005506712,0.115875,0.06155443,1.0,,,,,,,,,,,,,,,,,,,,,,,,,,,,,,,,,,,,,,,,,,,,
310.0,-0.002988294117150987,0.08558107912540436,0.00038475991459563375,0.7974885106086731,0.0,0.045953058,0.012666738,1.0003846,0.11175706,0.05024784,1.90897e-06,-0.012159824,0.013389111,0.010420322,0.040670227,0.043682292,0.020842073,0.11625,0.06175204,1.0,,,,,,,,,,,,,,,,,,,,,,,,,,,,,,,,,,,,,,,,,,,,
311.0,-0.003111441599924525,0.08551482856273651,0.0003848075866699219,0.7933704257011414,0.0,0.04642086,0.01287815,1.0003846,0.11227304,0.05073887,1.89373e-06,-0.012448549,0.013109684,0.01039362,-0.068536304,-0.0678015,-0.005509079,0.116625,0.061949633,1.0,,,,,,,,,,,,,,,,,,,,,,,,,,,,,,,,,,,,,,,,,,,,
312.0,-0.003234797440976594,0.08544637262821198,0.00038485525874421,0.7892448306083679,0.0,0.046890765,0.013091655,1.0003846,0.11277734,0.051241443,1.9035808e-06,-0.012277126,0.013289928,0.010482788,0.040666666,0.04369822,0.020837734,0.117,0.062147215,1.0,,,,,,,,,,,,,,,,,,,,,,,,,,,,,,,,,,,,,,,,,,,,
313.0,-0.0033582452250337396,0.08537569642066956,0.00038485525874421,0.7851119041442871,0.0,0.047362804,0.013307227,1.0003846,0.1132889,0.051737007,1.8905782e-06,-0.012565613,0.013010502,0.010455847,-0.0685301,-0.067795604,-0.0055114403,0.117375,0.06234478,1.0,,,,,,,,,,,,,,,,,,,,,,,,,,,,,,,,,,,,,,,,,,,,
314.0,-0.0034818999267610716,0.08530286699533463,0.00038485525874421,0.7809715270996094,0.0,0.047836922,0.01352491,1.0003846,0.11378879,0.05224411,1.8973706e-06,-0.01239419,0.012971163,0.010547638,0.041222885,-0.008996697,0.02149575,0.11775,0.06254233,1.0,,,,,,,,,,,,,,,,,,,,,,,,,,,,,,,,,,,,,,,,,,,,
315.0,-0.0036057529032550418,0.08522786945104599,0.0003848791238851845,0.7768239378929138,0.0,0.04831312,0.013744677,1.0003846,0.114286974,0.05274411,2.004065e-06,-0.012682676,0.012472153,0.010523796,-0.06795374,-0.120489106,-0.0048758066,0.118125,0.06273986,1.0,,,,,,,,,,,,,,,,,,,,,,,,,,,,,,,,,,,,,,,,,,,,
316.0,-0.003729804007036945,0.08515071868896484,0.0003848791238851845,0.7726691961288452,0.0,0.048791304,0.013966575,1.0003847,0.11476451,0.053255547,2.0907073e-06,-0.012511969,0.012432337,0.010560751,0.041054115,-0.009124485,0.008350475,0.1185,0.06293737,1.0,,,,,,,,,,,,,,,,,,,,,,,,,,,,,,,,,,,,,,,,,,,,
317.0,-0.0038540524496184407,0.08507148176431656,0.0003848791238851845,0.7685073018074036,0.0,0.04927147,0.014190575,1.0003847,0.11524034,0.053759877,1.8106572e-06,-0.01280117,0.01193285,0.010481834,-0.06810703,-0.120623395,-0.018064631,0.118875,0.06313487,1.0,,,,,,,,,,,,,,,,,,,,,,,,,,,,,,,,,,,,,,,,,,,,
318.0,-0.003978359572267779,0.08499011397361755,0.00038492679595947266,0.7643383741378784,0.0,0.04975354,0.0144167235,1.0003847,0.11569554,0.054275647,1.975591e-06,-0.012630463,0.011893034,0.010518789,0.0410477,-0.00908814,0.008376188,0.11925,0.06333236,1.0,,,,,,,,,,,,,,,,,,,,,,,,,,,,,,,,,,,,,,,,,,,,
319.0,-0.004102862942581625,0.08490662276744843,0.00038492679595947266,0.760162353515625,0.0,0.05023749,0.014644992,1.0003847,0.11614906,0.054784313,2.0449029e-06,-0.012648821,0.0113937855,0.010439873,-0.003170705,-0.11990259,-0.018857678,0.119625,0.06352983,1.0,,,,,,,,,,,,,,,,,,,,,,,,,,,,,,,,,,,,,,,,,,,,
320.0,-0.004227558242281999,0.08482106029987335,0.00038492679595947266,0.7559793591499329,0.0,0.05072325,0.01487538,1.0003847,0.116582066,0.055293355,2.256811e-06,-0.0122077465,0.011354208,0.010476828,0.10595929,-0.008381794,0.00765957,0.12,0.06372728,1.0,,,,,,,,,,,,,,,,,,,,,,,,,,,,,,,,,,,,,,,,,,,,
321.0,-0.004352435926115165,0.0847334936261177,0.00038492679595947266,0.7517897486686707,0.0,0.051210806,0.015107815,1.0003847,0.117013514,0.055784237,2.4495873e-06,-0.012226343,0.0108549595,0.010397911,-0.0031986511,-0.11986077,-0.018908018,0.120375,0.06392472,1.0,,,,,,,,,,,,,,,,,,,,,,,,,,,,,,,,,,,,,,,,,,,,
322.0,-0.004477276543904431,0.08464382588863373,0.0003849744680337608,0.7475932240486145,0.0,0.051700074,0.015342296,1.0003847,0.11742447,0.056275498,2.6217162e-06,-0.011785269,0.010815382,0.010434866,0.10592237,-0.00835646,0.0077152867,0.12075,0.06412214,1.0,,,,,,,,,,,,,,,,,,,,,,,,,,,,,,,,,,,,,,,,,,,,
323.0,-0.004602300484106924,0.08455219864845276,0.0003849744680337608,0.7433900237083435,0.0,0.05219105,0.015578749,1.0003847,0.117833875,0.056748614,2.8152015e-06,-0.011803865,0.010316372,0.010355711,-0.0032265526,-0.11981895,-0.018958326,0.121125,0.06431954,1.0,,,,,,,,,,,,,,,,,,,,,,,,,,,,,,,,,,,,,,,,,,,,
324.0,-0.004727509164327444,0.08445855230093002,0.0003849744680337608,0.7391801476478577,0.0,0.052683644,0.015817175,1.0003847,0.118222795,0.05722212,2.976369e-06,-0.0113630295,0.010277033,0.010392666,0.105885446,-0.008331158,0.007770963,0.1215,0.06451694,1.0,,,,,,,,,,,,,,,,,,,,,,,,,,,,,,,,,,,,,,,,,,,,
325.0,-0.004852897663225339,0.08436298370361328,0.0003849744680337608,0.7349637150764465,0.0,0.053177856,0.016057497,1.0003847,0.11861017,0.05767749,3.1638183e-06,-0.011381865,0.009778261,0.0103132725,-0.0032544092,-0.11977712,-0.019008603,0.121875,0.06471431,1.0,,,,,,,,,,,,,,,,,,,,,,,,,,,,,,,,,,,,,,,,,,,,
326.0,-0.004978460165433104,0.08426548540592194,0.00038504600524902344,0.7307409644126892,0.0,0.05367359,0.016299719,1.0003847,0.118977085,0.05813326,3.315624e-06,-0.010941267,0.009739161,0.010349989,0.105848506,-0.008305887,0.007826599,0.12225,0.06491166,1.0,,,,,,,,,,,,,,,,,,,,,,,,,,,,,,,,,,,,,,,,,,,,
327.0,-0.005104201641460477,0.08416610956192017,0.00038504600524902344,0.7265117168426514,0.0,0.05417085,0.016543765,1.0003848,0.11934246,0.058570903,3.4966783e-06,-0.010959864,0.009240389,0.010270596,-0.0032822208,-0.11973529,-0.019058848,0.122625,0.06510901,1.0,,,,,,,,,,,,,,,,,,,,,,,,,,,,,,,,,,,,,,,,,,,,
328.0,-0.00523012171107173,0.08406482636928558,0.00038504600524902344,0.722275972366333,0.0,0.05466955,0.016789636,1.0003848,0.11968738,0.05900896,3.2713322e-06,-0.010519505,0.009201288,0.010307312,0.105811566,-0.008280647,0.007882195,0.123,0.065306336,1.0,,,,,,,,,,,,,,,,,,,,,,,,,,,,,,,,,,,,,,,,,,,,
329.0,-0.005356207310269862,0.08396175503730774,0.00038504600524902344,0.7180342078208923,0.0,0.05516968,0.017037256,1.0003848,0.12003078,0.059428897,3.53232e-06,-0.01053834,0.008702755,0.01022768,-0.0033099877,-0.11969346,-0.01910906,0.123375,0.06550364,1.0,,,,,,,,,,,,,,,,,,,,,,,,,,,,,,,,,,,,,,,,,,,,
330.0,-0.0054824611177895135,0.08385682851076126,0.00038504600524902344,0.7137863039970398,0.0,0.05567115,0.017286627,1.0003848,0.120353736,0.059849262,3.6453637e-06,-0.0100979805,0.008663893,0.010264635,0.10577462,-0.008255439,0.007937749,0.12375,0.06570093,1.0,,,,,,,,,,,,,,,,,,,,,,,,,,,,,,,,,,,,,,,,,,,,
331.0,-0.005608885778931132,0.08375011384487152,0.00038504600524902344,0.7095322012901306,0.0,0.056173965,0.017537676,1.0003848,0.12067518,0.06025152,3.818379e-06,-0.010117054,0.0081653595,0.010184526,-0.0033377102,-0.119651616,-0.019159239,0.124125,0.06589821,1.0,,,,,,,,,,,,,,,,,,,,,,,,,,,,,,,,,,,,,,,,,,,,
332.0,-0.005735477045242785,0.0836416706442833,0.00038509367732331157,0.7052720189094543,0.0,0.056678034,0.017790401,1.0003848,0.12097619,0.06065421,3.9413426e-06,-0.009676695,0.008126736,0.010221481,0.105737664,-0.0082302615,0.007993263,0.1245,0.066095464,1.0,,,,,,,,,,,,,,,,,,,,,,,,,,,,,,,,,,,,,,,,,,,,
333.0,-0.005862225561450011,0.08353150635957718,0.00038514137850143015,0.7010061144828796,0.0,0.057183348,0.018044729,1.0003848,0.1212757,0.061038807,4.103486e-06,-0.009695768,0.007628441,0.010141134,-0.0033653877,-0.11960977,-0.019209387,0.124875,0.06629271,1.0,,,,,,,,,,,,,,,,,,,,,,,,,,,,,,,,,,,,,,,,,,,,
334.0,-0.005989138013589822,0.08341964334249496,0.0003851652145385742,0.6967342495918274,0.0,0.057689827,0.018300662,1.0003848,0.121554784,0.06142385,4.2182915e-06,-0.009255886,0.007589817,0.010178089,0.1057007,-0.008205115,0.0080487365,0.12525,0.066489935,1.0,,,,,,,,,,,,,,,,,,,,,,,,,,,,,,,,,,,,,,,,,,,,
335.0,-0.006116205295938313,0.08330608904361725,0.0003851652145385742,0.6924567222595215,0.0,0.05819746,0.018558124,1.0003849,0.121832386,0.0617908,4.373823e-06,-0.00927496,0.0070917606,0.010097742,-0.003393021,-0.11956793,-0.019259503,0.125625,0.066687144,1.0,,,,,,,,,,,,,,,,,,,,,,,,,,,,,,,,,,,,,,,,,,,,
336.0,-0.0062434293308512015,0.0831909105181694,0.0003851652145385742,0.6881734728813171,0.0,0.058706168,0.018817116,1.0003849,0.12208957,0.062158212,4.111583e-06,-0.008835077,0.007053137,0.010134697,0.105663724,-0.00818,0.00810417,0.126,0.06688434,1.0,,,,,,,,,,,,,,,,,,,,,,,,,,,,,,,,,,,,,,,,,,,,
337.0,-0.0063707982409803,0.08307410031557083,0.0003851652145385742,0.6838849186897278,0.0,0.05921594,0.019077564,1.0003849,0.12234528,0.06250755,4.347103e-06,-0.008854389,0.006555319,0.0100541115,-0.0034206095,-0.11952608,-0.019309588,0.126375,0.06708151,1.0,,,,,,,,,,,,,,,,,,,,,,,,,,,,,,,,,,,,,,,,,,,,
338.0,-0.006498320146432748,0.08295568078756332,0.0003851652145385742,0.6795907616615295,0.0,0.059726693,0.01933947,1.0003849,0.122580595,0.06285735,4.4233184e-06,-0.008414507,0.0065169334,0.010090828,0.10562675,-0.008154915,0.008159562,0.12675,0.06727867,1.0,,,,,,,,,,,,,,,,,,,,,,,,,,,,,,,,,,,,,,,,,,,,
339.0,-0.0066259871937653,0.08283576369285583,0.0003851652145385742,0.6752912998199463,0.0,0.060238417,0.019602759,1.0003849,0.12281444,0.06318909,4.5709e-06,-0.008434057,0.006019354,0.010010004,-0.0034481536,-0.11948422,-0.01935964,0.127125,0.06747581,1.0,,,,,,,,,,,,,,,,,,,,,,,,,,,,,,,,,,,,,,,,,,,,
340.0,-0.0067538010343054875,0.0827142745256424,0.00038523675175383687,0.6709864735603333,0.0,0.060751036,0.01986743,1.0003849,0.1230279,0.0635213,4.6570985e-06,-0.007994413,0.0059809685,0.010046959,0.10558976,-0.008129861,0.008214914,0.1275,0.06767294,1.0,,,,,,,,,,,,,,,,,,,,,,,,,,,,,,,,,,,,,,,,,,,,
341.0,-0.00688174804819496,0.08259128034114838,0.00038523675175383687,0.6666767597198486,0.0,0.061264534,0.020133412,1.000385,0.123239905,0.063835464,4.7938565e-06,-0.008013964,0.005483389,0.009965897,-0.0034756535,-0.119442366,-0.01940966,0.127875,0.06787005,1.0,,,,,,,,,,,,,,,,,,,,,,,,,,,,,,,,,,,,,,,,,,,,
342.0,-0.007009837853418857,0.08246679604053497,0.000385284423828125,0.6623618006706238,0.0,0.061778832,0.020400703,1.000385,0.123431526,0.06415011,4.504043e-06,-0.00757432,0.005445242,0.0100028515,0.10555277,-0.008104839,0.0082702255,0.12825,0.06806714,1.0,,,,,,,,,,,,,,,,,,,,,,,,,,,,,,,,,,,,,,,,,,,,
343.0,-0.007138062412855114,0.08234087377786636,0.000385284423828125,0.6580418944358826,0.0,0.062293924,0.020669231,1.000385,0.1236217,0.06444672,4.720605e-06,-0.00759387,0.004947901,0.009921789,-0.003503109,-0.11940051,-0.019459648,0.128625,0.068264216,1.0,,,,,,,,,,,,,,,,,,,,,,,,,,,,,,,,,,,,,,,,,,,,
344.0,-0.007266421283699483,0.08221352100372314,0.000385284423828125,0.653717041015625,0.0,0.06280972,0.020938998,1.000385,0.12379152,0.064743824,4.7693457e-06,-0.007154703,0.004909992,0.009958506,0.10551577,-0.008079847,0.008325497,0.129,0.06846127,1.0,,,,,,,,,,,,,,,,,,,,,,,,,,,,,,,,,,,,,,,,,,,,
345.0,-0.007394907221212214,0.08208480477333069,0.000385284423828125,0.649387538433075,0.0,0.063326225,0.021209925,1.000385,0.12395991,0.06502289,4.897984e-06,-0.0071742535,0.0044128895,0.009877205,-0.0035305202,-0.119358644,-0.019509604,0.129375,0.068658315,1.0,,,,,,,,,,,,,,,,,,,,,,,,,,,,,,,,,,,,,,,,,,,,
346.0,-0.007523516273945013,0.08195467293262482,0.00038530825986526906,0.6450534462928772,0.0,0.06384334,0.021482019,1.000385,0.124107935,0.06530247,4.956758e-06,-0.0067350864,0.004374981,0.009913921,0.10547876,-0.008054886,0.008380727,0.12975,0.06885534,1.0,,,,,,,,,,,,,,,,,,,,,,,,,,,,,,,,,,,,,,,,,,,,
347.0,-0.007652250921289114,0.08182324469089508,0.00038535596104338765,0.6407147645950317,0.0,0.064361066,0.021755204,1.0003852,0.12425454,0.06556403,5.074609e-06,-0.006754875,0.0038778782,0.009832382,-0.0035578874,-0.11931678,-0.019559529,0.130125,0.06905234,1.0,,,,,,,,,,,,,,,,,,,,,,,,,,,,,,,,,,,,,,,,,,,,
348.0,-0.007781098548453965,0.0816904753446579,0.00038535596104338765,0.6363718509674072,0.0,0.06487932,0.022029478,1.0003852,0.124380805,0.0658261,4.757407e-06,-0.0063159466,0.003840208,0.009869337,0.10544175,-0.008029956,0.008435917,0.1305,0.06924933,1.0,,,,,,,,,,,,,,,,,,,,,,,,,,,,,,,,,,,,,,,,,,,,
349.0,-0.007910067476040054,0.08155640959739685,0.00038535596104338765,0.6320244669914246,0.0,0.06539809,0.022304771,1.0003852,0.124505654,0.06607016,4.955107e-06,-0.0063357353,0.0033433437,0.0097875595,-0.0035852103,-0.11927491,-0.019609421,0.130875,0.0694463,1.0,,,,,,,,,,,,,,,,,,,,,,,,,,,,,,,,,,,,,,,,,,,,
350.0,-0.008039142920772515,0.08142109215259552,0.00038535596104338765,0.6276730895042419,0.0,0.0659173,0.022581082,1.0003852,0.12461018,0.066314764,4.976505e-06,-0.0058968067,0.0033056736,0.009824276,0.10540473,-0.0080050565,0.008491066,0.13125,0.06964325,1.0,,,,,,,,,,,,,,,,,,,,,,,,,,,,,,,,,,,,,,,,,,,,
351.0,-0.00816833098355764,0.08128456771373749,0.00038535596104338765,0.623317539691925,0.0,0.06643694,0.022858338,1.0003852,0.124713294,0.06654135,5.086312e-06,-0.005916834,0.0028090477,0.00974226,-0.003612489,-0.11923303,-0.01965928,0.131625,0.06984019,1.0,,,,,,,,,,,,,,,,,,,,,,,,,,,,,,,,,,,,,,,,,,,,
352.0,-0.008297621377203366,0.08114682137966156,0.00038542746915481985,0.6189581751823425,0.0,0.06695692,0.02313654,1.0003852,0.1247961,0.06676849,5.117787e-06,-0.0054781437,0.0027713776,0.009779215,0.1053677,-0.007980187,0.008546175,0.132,0.07003711,1.0,,,,,,,,,,,,,,,,,,,,,,,,,,,,,,,,,,,,,,,,,,,,
353.0,-0.00842701150028944,0.08100786060094833,0.00038542746915481985,0.6145950555801392,0.0,0.06747725,0.023415614,1.0003853,0.12487751,0.06697763,5.216843e-06,-0.005498171,0.00227499,0.00969696,-0.0036397239,-0.11919115,-0.019709108,0.132375,0.070234016,1.0,,,,,,,,,,,,,,,,,,,,,,,,,,,,,,,,,,,,,,,,,,,,
354.0,-0.008556505570866206,0.08086777478456497,0.00038547517033293843,0.6102280616760254,0.0,0.06799782,0.02369556,1.0003853,0.124938615,0.067187324,4.8723796e-06,-0.0050594807,0.0022375584,0.009733915,0.10533066,-0.007955349,0.008601244,0.13275,0.0704309,1.0,,,,,,,,,,,,,,,,,,,,,,,,,,,,,,,,,,,,,,,,,,,,
355.0,-0.008686089629436176,0.08072657138109207,0.00038547517033293843,0.6058576703071594,0.0,0.06851865,0.023976307,1.0003853,0.12499834,0.067379035,5.051329e-06,-0.0050797462,0.0017414093,0.0096514225,-0.0036669145,-0.11914927,-0.019758904,0.133125,0.070627764,1.0,,,,,,,,,,,,,,,,,,,,,,,,,,,,,,,,,,,,,,,,,,,,
356.0,-0.00881596319388427,0.08058425039052963,0.00038547517033293843,0.6014837622642517,0.0,0.06903964,0.024257854,1.0003853,0.12503777,0.06757131,5.0455087e-06,-0.0046412945,0.0017039776,0.009688377,0.105293624,-0.007930541,0.008656272,0.1335,0.07082461,1.0,,,,,,,,,,,,,,,,,,,,,,,,,,,,,,,,,,,,,,,,,,,,
357.0,-0.008945920931902591,0.08044086396694183,0.00038547517033293843,0.5971066951751709,0.0,0.06956079,0.024540126,1.0003853,0.12507583,0.06774562,5.136596e-06,-0.00466156,0.0016021729,0.009603977,-0.0046113566,-0.02450675,-0.02024776,0.133875,0.071021445,1.0,,,,,,,,,,,,,,,,,,,,,,,,,,,,,,,,,,,,,,,,,,,,
358.0,-0.00907596245072,0.08029641211032867,0.0003854990063700825,0.5927264094352722,0.0,0.07008208,0.02482313,1.0003853,0.12510972,0.067920655,5.1182556e-06,-0.0042231083,0.0019590855,0.009639025,0.10435795,0.086672306,0.008228517,0.13425,0.07121826,1.0,,,,,,,,,,,,,,,,,,,,,,,,,,,,,,,,,,,,,,,,,,,,
359.0,-0.009206080727996824,0.08015087991952896,0.0003854990063700825,0.5883432030677795,0.0,0.07060357,0.025106788,1.0003854,0.12515835,0.06807788,5.1761667e-06,-0.0042436123,0.0018570423,0.009554625,-0.0046461816,-0.024509614,-0.020254346,0.134625,0.07141505,1.0,,,,,,,,,,,,,,,,,,,,,,,,,,,,,,,,,,,,,,,,,,,,
360.0,-0.009335964067323904,0.08000431209802628,0.0003854990063700825,0.5839571356773376,0.0,0.071125254,0.025391104,1.0003854,0.12520282,0.068235844,4.7990748e-06,-0.003805399,0.002213955,0.009589672,0.10433608,0.08665215,0.008239895,0.135,0.07161183,1.0,,,,,,,,,,,,,,,,,,,,,,,,,,,,,,,,,,,,,,,,,,,,
361.0,-0.009465923383384737,0.07985679060220718,0.0003854990063700825,0.5795684456825256,0.0,0.071647175,0.025676005,1.0003854,0.125262,0.068376005,4.9299983e-06,-0.003825903,0.0021121502,0.009505272,-0.0046809935,-0.024512468,-0.020260917,0.135375,0.07180859,1.0,,,,,,,,,,,,,,,,,,,,,,,,,,,,,,,,,,,,,,,,,,,,
362.0,-0.009595945984333363,0.07970824092626572,0.00038554667844437063,0.5751772522926331,0.0,0.07216933,0.02596149,1.0003854,0.12531704,0.068516925,4.905078e-06,-0.0034031868,0.0024688244,0.009540558,0.10061027,0.0865968,0.008259085,0.13575,0.07200533,1.0,,,,,,,,,,,,,,,,,,,,,,,,,,,,,,,,,,,,,,,,,,,,
363.0,-0.009726186790142732,0.07955876737833023,0.0003856182156596333,0.570783793926239,0.0,0.072691776,0.026247494,1.0003854,0.12538677,0.06864068,4.939964e-06,-0.003439188,0.0023670197,0.009456158,-0.008418792,-0.024551028,-0.020257948,0.136125,0.07220206,1.0,,,,,,,,,,,,,,,,,,,,,,,,,,,,,,,,,,,,,,,,,,,,
364.0,-0.009856708701330423,0.07940832525491714,0.0003856182156596333,0.5663882493972778,0.0,0.07321449,0.026534017,1.0003855,0.12545234,0.06876582,4.936808e-06,-0.0030167103,0.0027236938,0.009491682,0.10059015,0.08657734,0.008268746,0.1365,0.07239876,1.0,,,,,,,,,,,,,,,,,,,,,,,,,,,,,,,,,,,,,,,,,,,,
365.0,-0.009987379330277317,0.07925702631473541,0.0003856182156596333,0.5619906187057495,0.0,0.07373755,0.026820993,1.0003855,0.12553261,0.06887381,4.588256e-06,-0.00305295,0.0026216507,0.009407282,-0.008451838,-0.024554083,-0.020262789,0.136875,0.07259545,1.0,,,,,,,,,,,,,,,,,,,,,,,,,,,,,,,,,,,,,,,,,,,,
366.0,-0.01011809542942599,0.07910483330488205,0.0003856182156596333,0.5575913786888123,0.0,0.07426091,0.027108422,1.0003855,0.1256087,0.06898319,4.6767464e-06,-0.0028102398,0.002978325,0.009442806,0.05740378,0.0861518,0.008391569,0.13725,0.07279212,1.0,,,,,,,,,,,,,,,,,,,,,,,,,,,,,,,,,,,,,,,,,,,,
367.0,-0.010248854518141106,0.07895182073116302,0.0003856182156596333,0.5531903505325317,0.0,0.07478467,0.027396267,1.0003855,0.12569943,0.06908278,4.6442105e-06,-0.0030264854,0.0028762817,0.009358406,-0.05164047,-0.024969188,-0.020134617,0.137625,0.07298877,1.0,,,,,,,,,,,,,,,,,,,,,,,,,,,,,,,,,,,,,,,,,,,,
368.0,-0.010379652762174443,0.07879797369241714,0.0003856182156596333,0.5487878918647766,0.0,0.07530877,0.027684564,1.0003855,0.1257859,0.06919113,4.6382725e-06,-0.0027840137,0.0032176971,0.00939393,0.05743833,0.0824404,0.008392721,0.138,0.0731854,1.0,,,,,,,,,,,,,,,,,,,,,,,,,,,,,,,,,,,,,,,,,,,,
369.0,-0.010510485172873679,0.0786433219909668,0.0003856897237710655,0.544384241104126,0.0,0.0758333,0.02797327,1.0003855,0.12588638,0.06928967,4.6259674e-06,-0.003000021,0.0031001568,0.00930953,-0.051618032,-0.028673664,-0.02011003,0.138375,0.07338202,1.0,,,,,,,,,,,,,,,,,,,,,,,,,,,,,,,,,,,,,,,,,,,,
370.0,-0.010641342898277211,0.07848791778087616,0.0003856897237710655,0.5399796366691589,0.0,0.07635822,0.028262425,1.0003856,0.12598196,0.069396965,4.6184673e-06,-0.0027575493,0.0034413338,0.009345293,0.05743766,0.08243057,0.00838438,0.13875,0.07357861,1.0,,,,,,,,,,,,,,,,,,,,,,,,,,,,,,,,,,,,,,,,,,,,
371.0,-0.010771979912042548,0.07833177596330643,0.00038573742494918406,0.5355740785598755,0.0,0.07688361,0.028551985,1.0003856,0.12609154,0.069494456,4.2352217e-06,-0.002973795,0.0033237934,0.009260893,-0.051630512,-0.028677473,-0.020096635,0.139125,0.073775195,1.0,,,,,,,,,,,,,,,,,,,,,,,,,,,,,,,,,,,,,,,,,,,,
372.0,-0.01090309007159616,0.0781748816370964,0.00038573742494918406,0.5311679244041443,0.0,0.077409424,0.028841987,1.0003856,0.12619622,0.0696007,4.3161212e-06,-0.0027313232,0.0031702518,0.009297848,0.058537733,-0.03631043,0.00872914,0.1395,0.07397175,1.0,,,,,,,,,,,,,,,,,,,,,,,,,,,,,,,,,,,,,,,,,,,,
373.0,-0.011033753180310557,0.07801733165979385,0.00038573742494918406,0.5267613530158997,0.0,0.07793565,0.029132392,1.0003856,0.12629469,0.069696955,4.345781e-06,-0.002947569,0.0034747124,0.0092122555,-0.052571166,0.0725783,-0.02038546,0.139875,0.074168295,1.0,,,,,,,,,,,,,,,,,,,,,,,,,,,,,,,,,,,,,,,,,,,,
374.0,-0.011164882234424467,0.07785908877849579,0.00038573742494918406,0.5223544239997864,0.0,0.07846234,0.029423233,1.0003856,0.12640549,0.06980213,4.272376e-06,-0.0027050972,0.0033211708,0.009249449,0.05854284,-0.036316067,0.008722046,0.14025,0.07436481,1.0,,,,,,,,,,,,,,,,,,,,,,,,,,,,,,,,,,,,,,,,,,,,
375.0,-0.011295550274106145,0.07770022749900818,0.00038573742494918406,0.5179475545883179,0.0,0.07898947,0.029714473,1.0003856,0.12651008,0.06989731,4.3389573e-06,-0.0029213428,0.0036256313,0.0091638565,-0.05256517,0.07257879,-0.020373058,0.140625,0.07456132,1.0,,,,,,,,,,,,,,,,,,,,,,,,,,,,,,,,,,,,,,,,,,,,
376.0,-0.011426670044649031,0.07754076272249222,0.0003857612609863281,0.5135408639907837,0.0,0.07951708,0.030006144,1.0003856,0.12662701,0.07000141,4.25524e-06,-0.0026786327,0.0034720898,0.00920105,0.058547948,-0.0363217,0.008714949,0.141,0.07475781,1.0,,,,,,,,,,,,,,,,,,,,,,,,,,,,,,,,,,,,,,,,,,,,
377.0,-0.011557904818126762,0.0773806944489479,0.00038580893306061625,0.5091347694396973,0.0,0.08004515,0.030298209,1.0003858,0.12673773,0.07009551,4.3249343e-06,-0.0028948784,0.0037765503,0.009115458,-0.05255917,0.07257928,-0.020360656,0.141375,0.07495427,1.0,,,,,,,,,,,,,,,,,,,,,,,,,,,,,,,,,,,,,,,,,,,,
378.0,-0.011688665359589097,0.07722009718418121,0.00038580893306061625,0.5047292113304138,0.0,0.08057374,0.030590704,1.0003858,0.12686077,0.07019852,3.870919e-06,-0.0026524067,0.0036227703,0.009152651,0.058553047,-0.03632733,0.008707847,0.14175,0.07515072,1.0,,,,,,,,,,,,,,,,,,,,,,,,,,,,,,,,,,,,,,,,,,,,
379.0,-0.011819855760970405,0.07705893367528915,0.00038585663423873484,0.500324547290802,0.0,0.08110281,0.030883584,1.0003858,0.12697761,0.07029155,4.0282466e-06,-0.0028686523,0.003709793,0.009067535,-0.052074745,0.02036314,-0.02020975,0.142125,0.07534715,1.0,,,,,,,,,,,,,,,,,,,,,,,,,,,,,,,,,,,,,,,,,,,,
380.0,-0.011950551322244747,0.0768972784280777,0.00038585663423873484,0.4959210753440857,0.0,0.08163238,0.031176891,1.0003858,0.12709787,0.0703934,3.9539013e-06,-0.0026259422,0.0033385754,0.009105444,0.05902594,-0.088537596,0.008863049,0.1425,0.07554356,1.0,,,,,,,,,,,,,,,,,,,,,,,,,,,,,,,,,,,,,,,,,,,,
381.0,-0.012081661071571855,0.07673511654138565,0.00038585663423873484,0.491519033908844,0.0,0.082162395,0.03147058,1.0003858,0.12720303,0.07048518,4.0520586e-06,-0.0028421879,0.0034253597,0.0090203285,-0.052065738,0.020387936,-0.020221561,0.142875,0.07573995,1.0,,,,,,,,,,,,,,,,,,,,,,,,,,,,,,,,,,,,,,,,,,,,
382.0,-0.012212256662331517,0.07657251507043839,0.00038585663423873484,0.48711881041526794,0.0,0.08269286,0.031764686,1.0003858,0.12731163,0.070585795,3.9928395e-06,-0.0025994778,0.0030543804,0.009058237,0.059021536,-0.0885189,0.008879627,0.14325,0.075936325,1.0,,,,,,,,,,,,,,,,,,,,,,,,,,,,,,,,,,,,,,,,,,,,
383.0,-0.012343254637452448,0.0764094740152359,0.0003858804702758789,0.48272043466567993,0.0,0.083223715,0.03205917,1.0003858,0.12740514,0.070676334,4.08286e-06,-0.0028157234,0.0031414032,0.008973122,-0.05205673,0.02041272,-0.020233357,0.143625,0.07613268,1.0,,,,,,,,,,,,,,,,,,,,,,,,,,,,,,,,,,,,,,,,,,,,
384.0,-0.012473723533171643,0.07624606788158417,0.0003858804702758789,0.47832438349723816,0.0,0.08375498,0.03235407,1.0003859,0.1275021,0.07077571,4.026786e-06,-0.0025732517,0.002770424,0.00901103,0.059017133,-0.088500224,0.008896193,0.144,0.07632901,1.0,,,,,,,,,,,,,,,,,,,,,,,,,,,,,,,,,,,,,,,,,,,,
385.0,-0.012604654818745054,0.07608222961425781,0.00038592814235016704,0.4739309549331665,0.0,0.08428658,0.032649342,1.0003859,0.12758395,0.070865005,3.7435611e-06,-0.002789259,0.002857685,0.008925915,-0.052047722,0.020437492,-0.020245142,0.144375,0.07652532,1.0,,,,,,,,,,,,,,,,,,,,,,,,,,,,,,,,,,,,,,,,,,,,
386.0,-0.012735044882107083,0.07591806352138519,0.0003859758435282856,0.4695402681827545,0.0,0.084818535,0.032945022,1.0003859,0.12766927,0.07096314,3.7763607e-06,-0.0025465488,0.0024867058,0.008963823,0.05901273,-0.08848155,0.008912746,0.14475,0.07672162,1.0,,,,,,,,,,,,,,,,,,,,,,,,,,,,,,,,,,,,,,,,,,,,
387.0,-0.012865797757101111,0.0757535919547081,0.0003859758435282856,0.465152770280838,0.0,0.08535078,0.033241067,1.0003859,0.1277395,0.071051195,3.83562e-06,-0.0027627945,0.002573967,0.008878708,-0.05203871,0.020462254,-0.020256912,0.145125,0.0769179,1.0,,,,,,,,,,,,,,,,,,,,,,,,,,,,,,,,,,,,,,,,,,,,
388.0,-0.012995986657471259,0.07558882236480713,0.0003859758435282856,0.46076875925064087,0.0,0.085883334,0.03353752,1.0003859,0.12781319,0.07114808,3.7892435e-06,-0.0025200844,0.002203226,0.008916616,0.059008326,-0.08846289,0.008929285,0.1455,0.07711416,1.0,,,,,,,,,,,,,,,,,,,,,,,,,,,,,,,,,,,,,,,,,,,,
389.0,-0.013126520134104955,0.07542373239994049,0.0003859758435282856,0.45638853311538696,0.0,0.08641613,0.03383433,1.0003859,0.12787181,0.071234904,3.862522e-06,-0.0027360916,0.0022904873,0.008831739,-0.0520297,0.020487005,-0.020268671,0.145875,0.0773104,1.0,,,,,,,,,,,,,,,,,,,,,,,,,,,,,,,,,,,,,,,,,,,,
390.0,-0.013256469722611613,0.07525840401649475,0.0003859758435282856,0.45201247930526733,0.0,0.08694919,0.03413154,1.0003859,0.1279339,0.071330555,3.814094e-06,-0.00249362,0.0019197464,0.00886941,0.059003927,-0.08844423,0.0089458125,0.14625,0.07750662,1.0,,,,,,,,,,,,,,,,,,,,,,,,,,,,,,,,,,,,,,,,,,,,
391.0,-0.013386743867378256,0.0750928595662117,0.0003859996795654297,0.44764092564582825,0.0,0.087482445,0.034429107,1.0003859,0.1279809,0.07141613,3.8832877e-06,-0.0027096272,0.002007246,0.008784533,-0.052020684,0.020511743,-0.020280415,0.146625,0.07770281,1.0,,,,,,,,,,,,,,,,,,,,,,,,,,,,,,,,,,,,,,,,,,,,
392.0,-0.013516414508487016,0.07492709159851074,0.0003859996795654297,0.4432741701602936,0.0,0.08801591,0.034727067,1.000386,0.1280314,0.071510546,3.8370604e-06,-0.002466917,0.0016365051,0.008822203,0.058999527,-0.08842559,0.008962327,0.147,0.077898994,1.0,,,,,,,,,,,,,,,,,,,,,,,,,,,,,,,,,,,,,,,,,,,,
393.0,-0.013646385362021424,0.07476113736629486,0.0003860473516397178,0.4389127194881439,0.0,0.088549525,0.03502538,1.000386,0.12806681,0.07159489,3.533247e-06,-0.0026829243,0.0017240047,0.008737326,-0.052011672,0.020536471,-0.020292146,0.147375,0.07809515,1.0,,,,,,,,,,,,,,,,,,,,,,,,,,,,,,,,,,,,,,,,,,,,
394.0,-0.013775732434820479,0.07459500432014465,0.0003860950528178364,0.434556782245636,0.0,0.0890833,0.03532408,1.000386,0.12810573,0.071688056,3.5758453e-06,-0.0024404526,0.0013535023,0.008775234,0.058995128,-0.08840696,0.008978828,0.14775,0.0782913,1.0,,,,,,,,,,,,,,,,,,,,,,,,,,,,,,,,,,,,,,,,,,,,
395.0,-0.013905354324630618,0.07442878186702728,0.0003860950528178364,0.4302069842815399,0.0,0.08961717,0.035623126,1.000386,0.12812957,0.07177117,3.6145466e-06,-0.0026562214,0.0014410019,0.008690357,-0.052002653,0.020561188,-0.020303864,0.148125,0.07848742,1.0,,,,,,,,,,,,,,,,,,,,,,,,,,,,,,,,,,,,,,,,,,,,
396.0,-0.014034406403402954,0.07426241785287857,0.0003860950528178364,0.4258633852005005,0.0,0.09015115,0.035922557,1.000386,0.12815692,0.0718631,3.5779674e-06,-0.0024137497,0.0010707378,0.008728027,0.058990728,-0.08838833,0.008995317,0.1485,0.07868352,1.0,,,,,,,,,,,,,,,,,,,,,,,,,,,,,,,,,,,,,,,,,,,,
397.0,-0.014163560666217429,0.07409592717885971,0.0003860950528178364,0.421526700258255,0.0,0.090685196,0.036222328,1.000386,0.1281692,0.07194497,3.6307063e-06,-0.0026295185,0.0011582375,0.00864315,-0.051993635,0.020585895,-0.020315567,0.148875,0.0788796,1.0,,,,,,,,,,,,,,,,,,,,,,,,,,,,,,,,,,,,,,,,,,,,
398.0,-0.014292756598815598,0.07392945140600204,0.0003860950528178364,0.4171973168849945,0.0,0.0912193,0.036522474,1.000386,0.12818497,0.07203566,3.592078e-06,-0.0023870468,0.0007879734,0.008681059,0.05898633,-0.08836972,0.009011793,0.14925,0.079075664,1.0,,,,,,,,,,,,,,,,,,,,,,,,,,,,,,,,,,,,,,,,,,,,
399.0,-0.014421363950675097,0.07376287877559662,0.00038611888885498047,0.41287559270858765,0.0,0.09175341,0.03682296,1.000386,0.1281857,0.0721163,3.6407494e-06,-0.0026028156,0.00087571144,0.008596182,-0.051984616,0.02061059,-0.020327259,0.149625,0.07927171,1.0,,,,,,,,,,,,,,,,,,,,,,,,,,,,,,,,,,,,,,,,,,,,
400.0,-0.014550186628808753,0.07359626889228821,0.00038611888885498047,0.4085620045661926,0.0,0.09228753,0.037123818,1.0003861,0.12818995,0.07220576,3.6043245e-06,-0.002360344,0.0005054474,0.008633852,0.058981933,-0.088351116,0.009028256,0.15,0.07946773,1.0,,,,,,,,,,,,,,,,,,,,,,,,,,,,,,,,,,,,,,,,,,,,
401.0,-0.014678294076407066,0.07342968136072159,0.0003861665609292686,0.40425699949264526,0.0,0.09282161,0.037425008,1.0003861,0.12817915,0.07228515,3.2800058e-06,-0.0025761127,0.00059342384,0.008548975,-0.051975597,0.020635273,-0.020338936,0.150375,0.07966374,1.0,,,,,,,,,,,,,,,,,,,,,,,,,,,,,,,,,,,,,,,,,,,,
402.0,-0.014806583069157298,0.07326312363147736,0.0003861665609292686,0.3999612629413605,0.0,0.09335566,0.037726562,1.0003861,0.12817186,0.07237338,3.3324104e-06,-0.002333641,0.00022315979,0.008586884,0.058977533,-0.08833252,0.009044706,0.15075,0.07985972,1.0,,,,,,,,,,,,,,,,,,,,,,,,,,,,,,,,,,,,,,,,,,,,
403.0,-0.014934181532871346,0.07309659570455551,0.0003861665609292686,0.3956752419471741,0.0,0.09388962,0.03802844,1.0003861,0.12814954,0.07245155,3.3506233e-06,-0.0025494099,0.00031113625,0.0085020065,-0.051966574,0.020659948,-0.0203506,0.151125,0.080055684,1.0,,,,,,,,,,,,,,,,,,,,,,,,,,,,,,,,,,,,,,,,,,,,
404.0,-0.015061818642902203,0.07293017208576202,0.0003861665609292686,0.3913993537425995,0.0,0.094423495,0.038330685,1.0003861,0.12813073,0.07253853,3.3238528e-06,-0.0023066998,-5.888939e-05,0.008539677,0.058973137,-0.08831393,0.009061144,0.1515,0.08025163,1.0,,,,,,,,,,,,,,,,,,,,,,,,,,,,,,,,,,,,,,,,,,,,
405.0,-0.015189075608429086,0.0727638378739357,0.0003862142621073872,0.3871341943740845,0.0,0.09495723,0.03863325,1.0003861,0.12809691,0.07261546,3.3561207e-06,-0.0025224686,2.9087067e-05,0.0084548,-0.05195755,0.02068461,-0.020362252,0.151875,0.08044755,1.0,,,,,,,,,,,,,,,,,,,,,,,,,,,,,,,,,,,,,,,,,,,,
406.0,-0.01531602058881481,0.07259760797023773,0.0003862142621073872,0.38288044929504395,0.0,0.09549084,0.03893617,1.0003861,0.1280666,0.07270122,3.3273038e-06,-0.0022799969,-0.00034093857,0.008492708,0.05896874,-0.088295355,0.009077569,0.15225,0.08064345,1.0,,,,,,,,,,,,,,,,,,,,,,,,,,,,,,,,,,,,,,,,,,,,
407.0,-0.015442893067843582,0.07243150472640991,0.00038623809814453125,0.3786385655403137,0.0,0.09602427,0.03923941,1.0003861,0.12802127,0.07277691,3.3555214e-06,-0.0024955273,-0.0002527237,0.008407831,-0.051948525,0.02070926,-0.02037389,0.152625,0.080839336,1.0,,,,,,,,,,,,,,,,,,,,,,,,,,,,,,,,,,,,,,,,,,,,
408.0,-0.015569387381536764,0.07226560264825821,0.0003862857702188194,0.37440934777259827,0.0,0.09655751,0.039543,1.0003862,0.12797949,0.07286144,3.328911e-06,-0.0022530556,-0.0006227493,0.008445501,0.05896435,-0.08827679,0.00909398,0.153,0.0810352,1.0,,,,,,,,,,,,,,,,,,,,,,,,,,,,,,,,,,,,,,,,,,,,
409.0,-0.015695493036860172,0.07209981977939606,0.0003862857702188194,0.37019312381744385,0.0,0.09709052,0.0398469,1.0003862,0.12792267,0.072935894,2.9841553e-06,-0.0024688244,-0.00053453445,0.008360863,-0.0519395,0.0207339,-0.020385513,0.153375,0.08123104,1.0,,,,,,,,,,,,,,,,,,,,,,,,,,,,,,,,,,,,,,,,,,,,
410.0,-0.01582118260153202,0.07193424552679062,0.0003862857702188194,0.36599084734916687,0.0,0.09762331,0.040151145,1.0003862,0.1278694,0.07301919,3.0463775e-06,-0.0022261143,-0.00090432167,0.008398533,0.058959953,-0.08825823,0.00911038,0.15375,0.08142687,1.0,,,,,,,,,,,,,,,,,,,,,,,,,,,,,,,,,,,,,,,,,,,,
411.0,-0.01594643298960655,0.0717688500881195,0.0003862857702188194,0.36180323362350464,0.0,0.09815582,0.0404557,1.0003862,0.12780112,0.073092416,3.0441704e-06,-0.002441883,-0.0008158684,0.008313894,-0.05193047,0.020758528,-0.020397125,0.154125,0.08162267,1.0,,,,,,,,,,,,,,,,,,,,,,,,,,,,,,,,,,,,,,,,,,,,
412.0,-0.01607123587241513,0.07160364091396332,0.0003862857702188194,0.3576306104660034,0.0,0.09868805,0.04076059,1.0003862,0.12773639,0.07317448,3.02722e-06,-0.002199173,-0.0011856556,0.008351564,0.05895556,-0.088239685,0.009126767,0.1545,0.08181845,1.0,,,,,,,,,,,,,,,,,,,,,,,,,,,,,,,,,,,,,,,,,,,,
413.0,-0.01619555867113795,0.07143865525722504,0.0003862857702188194,0.35347405076026917,0.0,0.099219956,0.041065786,1.0003862,0.12765665,0.07324647,3.0390854e-06,-0.0024149418,-0.0010972023,0.008266687,-0.05192144,0.020783147,-0.020408724,0.154875,0.08201421,1.0,,,,,,,,,,,,,,,,,,,,,,,,,,,,,,,,,,,,,,,,,,,,
414.0,-0.016319380134547375,0.07127387821674347,0.0003862857702188194,0.3493342697620392,0.0,0.09975154,0.041371316,1.0003862,0.12758048,0.0733273,3.020091e-06,-0.0021722317,-0.0014667511,0.008304596,0.05895117,-0.08822115,0.00914314,0.15525,0.08220995,1.0,,,,,,,,,,,,,,,,,,,,,,,,,,,,,,,,,,,,,,,,,,,,
415.0,-0.01644267510484406,0.07110936939716339,0.0003862857702188194,0.34521210193634033,0.0,0.10028274,0.04167714,1.0003862,0.1274893,0.07339807,3.0279236e-06,-0.002387762,-0.0013782978,0.008219719,-0.05191241,0.020807754,-0.020420307,0.155625,0.08240567,1.0,,,,,,,,,,,,,,,,,,,,,,,,,,,,,,,,,,,,,,,,,,,,
416.0,-0.01656541432576505,0.07094506174325943,0.00038633347139693797,0.3411085307598114,0.0,0.10081358,0.0419833,1.0003862,0.1274017,0.07347766,3.0111385e-06,-0.0021452904,-0.0017478466,0.0082576275,0.058946777,-0.08820262,0.009159501,0.156,0.08260137,1.0,,,,,,,,,,,,,,,,,,,,,,,,,,,,,,,,,,,,,,,,,,,,
417.0,-0.0166875774916256,0.07078104466199875,0.00038640497950837016,0.3370242416858673,0.0,0.101344,0.042289745,1.0003862,0.12729909,0.0735472,3.0139436e-06,-0.0023608208,-0.0016593933,0.0081727505,-0.05190338,0.02083235,-0.02043188,0.156375,0.08279705,1.0,,,,,,,,,,,,,,,,,,,,,,,,,,,,,,,,,,,,,,,,,,,,
418.0,-0.01680921604612013,0.07061725854873657,0.00038640497950837016,0.3329600393772125,0.0,0.101874,0.04259652,1.0003864,0.12720005,0.073625565,2.9996027e-06,-0.002118349,-0.0020287037,0.008210659,0.058942385,-0.088184096,0.009175849,0.15675,0.0829927,1.0,,,,,,,,,,,,,,,,,,,,,,,,,,,,,,,,,,,,,,,,,,,,
419.0,-0.01693006463085767,0.07045377045869827,0.00038640497950837016,0.32891714572906494,0.0,0.10240352,0.042903576,1.0003864,0.12708603,0.07369387,2.6294015e-06,-0.002333641,-0.001940012,0.008125782,-0.051894344,0.020856934,-0.020443438,0.157125,0.08318834,1.0,,,,,,,,,,,,,,,,,,,,,,,,,,,,,,,,,,,,,,,,,,,,
420.0,-0.017050584244354836,0.07029056549072266,0.00038640497950837016,0.32489636540412903,0.0,0.10293259,0.043210953,1.0003864,0.12697558,0.07377101,2.7039086e-06,-0.0020911694,-0.0023093224,0.008163691,0.058937993,-0.08816559,0.009192185,0.1575,0.08338396,1.0,,,,,,,,,,,,,,,,,,,,,,,,,,,,,,,,,,,,,,,,,,,,
421.0,-0.017169901018094787,0.07012765109539032,0.00038640497950837016,0.32089874148368835,0.0,0.10346113,0.043518614,1.0003864,0.12685016,0.073838085,2.676274e-06,-0.0023066998,-0.0022206306,0.008078814,-0.051885307,0.02088151,-0.020454982,0.157875,0.083579555,1.0,,,,,,,,,,,,,,,,,,,,,,,,,,,,,,,,,,,,,,,,,,,,
422.0,-0.017289179424673243,0.06996506452560425,0.00038640497950837016,0.31692543625831604,0.0,0.10398917,0.043826587,1.0003864,0.12672833,0.07391399,2.6716136e-06,-0.0020639896,-0.002589941,0.008116722,0.058933605,-0.08814709,0.009208508,0.15825,0.08377513,1.0,,,,,,,,,,,,,,,,,,,,,,,,,,,,,,,,,,,,,,,,,,,,
423.0,-0.017406895730087673,0.06980276852846146,0.00038640497950837016,0.31297752261161804,0.0,0.10451663,0.044134837,1.0003864,0.1265915,0.07397984,2.6580724e-06,-0.00227952,-0.002501011,0.008031845,-0.051876273,0.020906072,-0.020466514,0.158625,0.08397068,1.0,,,,,,,,,,,,,,,,,,,,,,,,,,,,,,,,,,,,,,,,,,,,
424.0,-0.017524737342559823,0.06964083760976791,0.00038640497950837016,0.3090560734272003,0.0,0.10504354,0.0444434,1.0003864,0.12645829,0.07405452,2.6513715e-06,-0.0020370483,-0.0028703213,0.008069754,0.058929216,-0.0881286,0.009224818,0.159,0.084166214,1.0,,,,,,,,,,,,,,,,,,,,,,,,,,,,,,,,,,,,,,,,,,,,
425.0,-0.01764083258503761,0.06947924196720123,0.00038640497950837016,0.30516237020492554,0.0,0.10556983,0.04475223,1.0003864,0.1263101,0.07411914,2.6338187e-06,-0.0022523403,-0.0027813911,0.007985115,-0.051867235,0.020930624,-0.020478033,0.159375,0.08436173,1.0,,,,,,,,,,,,,,,,,,,,,,,,,,,,,,,,,,,,,,,,,,,,
426.0,-0.017756977443085818,0.0693180114030838,0.00038640497950837016,0.3012976348400116,0.0,0.10609552,0.045061365,1.0003864,0.12616551,0.07419259,2.62933e-06,-0.0020098686,-0.003150463,0.008022785,0.058924828,-0.08811012,0.009241115,0.15975,0.08455722,1.0,,,,,,,,,,,,,,,,,,,,,,,,,,,,,,,,,,,,,,,,,,,,
427.0,-0.017871297307830176,0.06915711611509323,0.0003864765167236328,0.2974632978439331,0.0,0.10662054,0.045370765,1.0003864,0.12600595,0.07425599,2.6067714e-06,-0.0022251606,-0.0030612946,0.007938147,-0.051858194,0.020955164,-0.020489538,0.160125,0.08475269,1.0,,,,,,,,,,,,,,,,,,,,,,,,,,,,,,,,,,,,,,,,,,,,
428.0,-0.017985586023776343,0.0689966231584549,0.0003864765167236328,0.29366064071655273,0.0,0.10714492,0.045680463,1.0003865,0.12585,0.074328214,2.6047305e-06,-0.0019824505,-0.0034303665,0.007975817,0.05892044,-0.08809164,0.0092573995,0.1605,0.08494814,1.0,,,,,,,,,,,,,,,,,,,,,,,,,,,,,,,,,,,,,,,,,,,,
429.0,-0.018097963912560227,0.06883649528026581,0.0003864765167236328,0.28989121317863464,0.0,0.107668586,0.045990422,1.0003865,0.1256791,0.07439038,2.2091876e-06,-0.0021979809,-0.003341198,0.007891178,-0.051849153,0.020979695,-0.02050103,0.160875,0.085143566,1.0,,,,,,,,,,,,,,,,,,,,,,,,,,,,,,,,,,,,,,,,,,,,
430.0,-0.01821022089701892,0.06867677718400955,0.00038652418879792094,0.28615644574165344,0.0,0.10819155,0.04630068,1.0003865,0.12551181,0.07446138,2.2959964e-06,-0.0019552708,-0.0037100315,0.007929087,0.058916055,-0.08807318,0.009273672,0.16125,0.08533897,1.0,,,,,,,,,,,,,,,,,,,,,,,,,,,,,,,,,,,,,,,,,,,,
431.0,-0.01832047991200416,0.06851749122142792,0.00038652418879792094,0.2824578583240509,0.0,0.10871375,0.04661119,1.0003865,0.12532957,0.074522324,2.2430413e-06,-0.0021705627,-0.003620863,0.00784421,-0.05184011,0.021004213,-0.02051251,0.161625,0.08553436,1.0,,,,,,,,,,,,,,,,,,,,,,,,,,,,,,,,,,,,,,,,,,,,
432.0,-0.018430524195074034,0.06835860013961792,0.00038652418879792094,0.27879706025123596,0.0,0.10923522,0.04692199,1.0003865,0.12515096,0.07459209,2.2506867e-06,-0.001928091,-0.0039896965,0.007882118,0.058911666,-0.08805473,0.0092899315,0.162,0.08572972,1.0,,,,,,,,,,,,,,,,,,,,,,,,,,,,,,,,,,,,,,,,,,,,
433.0,-0.018538468643080525,0.06820014864206314,0.00038652418879792094,0.2751758098602295,0.0,0.10975587,0.047233038,1.0003865,0.12495739,0.074651815,2.2118459e-06,-0.002143383,-0.0039002895,0.0077974796,-0.05183107,0.021028722,-0.020523975,0.162375,0.08592506,1.0,,,,,,,,,,,,,,,,,,,,,,,,,,,,,,,,,,,,,,,,,,,,
434.0,-0.01864609602534438,0.06804214417934418,0.00038652418879792094,0.2715957760810852,0.0,0.11027574,0.047544375,1.0003865,0.12476747,0.07472036,2.2174547e-06,-0.0019006729,-0.004269123,0.00783515,0.05890728,-0.088036284,0.009306178,0.16275,0.08612038,1.0,,,,,,,,,,,,,,,,,,,,,,,,,,,,,,,,,,,,,,,,,,,,
435.0,-0.01875151869617221,0.06788458675146103,0.00038652418879792094,0.26805880665779114,0.0,0.11079475,0.04785595,1.0003865,0.124562584,0.074778855,2.1746228e-06,-0.002115965,-0.004179716,0.007750511,-0.051822025,0.02105322,-0.020535428,0.163125,0.08631568,1.0,,,,,,,,,,,,,,,,,,,,,,,,,,,,,,,,,,,,,,,,,,,,
436.0,-0.018856508904616934,0.06772749125957489,0.00038652418879792094,0.26456689834594727,0.0,0.111312926,0.04816781,1.0003865,0.12436136,0.07484618,2.1824474e-06,-0.0018734932,-0.0045483112,0.0077884197,0.058902897,-0.08801785,0.009322412,0.1635,0.08651096,1.0,,,,,,,,,,,,,,,,,,,,,,,,,,,,,,,,,,,,,,,,,,,,
437.0,-0.01895917851053364,0.06757085770368576,0.00038652418879792094,0.2611218988895416,0.0,0.1118302,0.04847991,1.0003865,0.12414518,0.07490345,2.134631e-06,-0.0020885468,-0.0044589043,0.007703781,-0.05181298,0.021077706,-0.020546867,0.163875,0.08670621,1.0,,,,,,,,,,,,,,,,,,,,,,,,,,,,,,,,,,,,,,,,,,,,
438.0,-0.01906123488552294,0.06741475313901901,0.00038652418879792094,0.25772595405578613,0.0,0.11234658,0.048792284,1.0003865,0.12393266,0.074969545,2.1449061e-06,-0.001846075,-0.0048274994,0.0077414513,0.058898516,-0.087999426,0.009338633,0.16425,0.08690145,1.0,,,,,,,,,,,,,,,,,,,,,,,,,,,,,,,,,,,,,,,,,,,,
439.0,-0.01916084640975296,0.06725913286209106,0.00038652418879792094,0.25438109040260315,0.0,0.11286202,0.049104888,1.0003865,0.1237052,0.075025596,2.092054e-06,-0.0020611286,-0.004737854,0.0076568127,-0.05180393,0.02110218,-0.020558294,0.164625,0.08709666,1.0,,,,,,,,,,,,,,,,,,,,,,,,,,,,,,,,,,,,,,,,,,,,
440.0,-0.019259773480592594,0.06710399687290192,0.00038654805393889546,0.2510896623134613,0.0,0.11337652,0.049417768,1.0003865,0.1234814,0.07509047,2.104794e-06,-0.0018186569,-0.0051062107,0.007694721,0.05889413,-0.087981015,0.009354842,0.165,0.08729185,1.0,,,,,,,,,,,,,,,,,,,,,,,,,,,,,,,,,,,,,,,,,,,,
441.0,-0.019356118278644863,0.06694941222667694,0.0003865957260131836,0.24785391986370087,0.0,0.11389004,0.04973087,1.0003866,0.12324267,0.0751453,2.0469074e-06,-0.0020337105,-0.0050165653,0.0076100826,-0.051794887,0.021126645,-0.020569706,0.165375,0.08748702,1.0,,,,,,,,,,,,,,,,,,,,,,,,,,,,,,,,,,,,,,,,,,,,
442.0,-0.019451642763784735,0.06679538637399673,0.0003865957260131836,0.24467617273330688,0.0,0.11440257,0.050044242,1.0003866,0.12300761,0.07520895,1.6941884e-06,-0.0017912388,-0.005384922,0.0076477528,0.05888975,-0.08796261,0.0093710385,0.16575,0.087682165,1.0,,,,,,,,,,,,,,,,,,,,,,,,,,,,,,,,,,,,,,,,,,,,
443.0,-0.019544439230748868,0.0666419118642807,0.0003865957260131836,0.2415589541196823,0.0,0.11491406,0.050357837,1.0003866,0.12275762,0.075262554,1.7176557e-06,-0.0020062923,-0.0052952766,0.007563114,-0.051785834,0.0211511,-0.020581106,0.166125,0.08787729,1.0,,,,,,,,,,,,,,,,,,,,,,,,,,,,,,,,,,,,,,,,,,,,
444.0,-0.01963626604318288,0.06648898869752884,0.0003865957260131836,0.23850467801094055,0.0,0.11542452,0.05067169,1.0003866,0.12251131,0.07532498,1.715046e-06,-0.0017638206,-0.005663395,0.0076010227,0.05888537,-0.08794422,0.009387222,0.1665,0.08807239,1.0,,,,,,,,,,,,,,,,,,,,,,,,,,,,,,,,,,,,,,,,,,,,
445.0,-0.019725209719082343,0.06633665412664413,0.0003865957260131836,0.23551613092422485,0.0,0.115933895,0.05098576,1.0003866,0.12225008,0.07537737,1.6518645e-06,-0.0019788742,-0.005573511,0.007516384,-0.051776785,0.021175541,-0.020592494,0.166875,0.088267475,1.0,,,,,,,,,,,,,,,,,,,,,,,,,,,,,,,,,,,,,,,,,,,,
446.0,-0.01981302401994017,0.06618492305278778,0.0003866433980874717,0.23259589076042175,0.0,0.116442196,0.05130009,1.0003866,0.12199253,0.07543858,1.6708859e-06,-0.0017361641,-0.005941868,0.0075540543,0.05888099,-0.08792583,0.009403393,0.16725,0.08846253,1.0,,,,,,,,,,,,,,,,,,,,,,,,,,,,,,,,,,,,,,,,,,,,
447.0,-0.0198977926766911,0.06603380292654037,0.0003866433980874717,0.2297467589378357,0.0,0.116949365,0.05161463,1.0003866,0.12172006,0.075489745,1.598183e-06,-0.0019512177,-0.0058517456,0.007469654,-0.051767733,0.021199973,-0.020603867,0.167625,0.088657565,1.0,,,,,,,,,,,,,,,,,,,,,,,,,,,,,,,,,,,,,,,,,,,,
448.0,-0.019981262648790656,0.0658833235502243,0.0003866433980874717,0.2269716113805771,0.0,0.117455415,0.05192942,1.0003866,0.12145128,0.07554973,1.6207284e-06,-0.001708746,-0.006219864,0.007507324,0.058876608,-0.08790745,0.009419551,0.168,0.088852584,1.0,,,,,,,,,,,,,,,,,,,,,,,,,,,,,,,,,,,,,,,,,,,,
449.0,-0.020061351328329695,0.06573347747325897,0.0003866433980874717,0.22427333891391754,0.0,0.117960274,0.05224442,1.0003866,0.1211676,0.07559968,1.5427598e-06,-0.0019237995,-0.00612998,0.0074226856,-0.05175868,0.021224394,-0.020615228,0.168375,0.08904757,1.0,,,,,,,,,,,,,,,,,,,,,,,,,,,,,,,,,,,,,,,,,,,,
450.0,-0.020139587161702003,0.06558427214622498,0.0003866433980874717,0.22165486216545105,0.0,0.11846398,0.052559663,1.0003866,0.120887615,0.07565845,1.5678318e-06,-0.0016810894,-0.006173134,0.007459879,0.058294307,-0.009908638,0.009285685,0.16875,0.08924255,1.0,,,,,,,,,,,,,,,,,,,,,,,,,,,,,,,,,,,,,,,,,,,,
451.0,-0.020214426837367867,0.06543569266796112,0.0003866433980874717,0.21911925077438354,0.0,0.1189665,0.05287511,1.0003866,0.120606005,0.07570727,1.5689818e-06,-0.001896143,-0.005758047,0.0073747635,-0.052339114,0.09921116,-0.0207408,0.169125,0.08943749,1.0,,,,,,,,,,,,,,,,,,,,,,,,,,,,,,,,,,,,,,,,,,,,
452.0,-0.0202876098315046,0.06528772413730621,0.0003866433980874717,0.21666954457759857,0.0,0.11946792,0.053190798,1.0003866,0.120341375,0.07576501,1.6541845e-06,-0.0016534328,-0.005801201,0.007411957,0.058304306,-0.009926651,0.009266551,0.1695,0.089632414,1.0,,,,,,,,,,,,,,,,,,,,,,,,,,,,,,,,,,,,,,,,,,,,
453.0,-0.02035721220621563,0.06514038145542145,0.0003866433980874717,0.21430885791778564,0.0,0.119968235,0.053506684,1.0003866,0.120075114,0.07581282,1.6415863e-06,-0.0018684864,-0.0053863525,0.0073268414,-0.05233507,0.099199176,-0.020716064,0.169875,0.08982732,1.0,,,,,,,,,,,,,,,,,,,,,,,,,,,,,,,,,,,,,,,,,,,,
454.0,-0.020424540608020108,0.06499364972114563,0.0003866433980874717,0.21204029023647308,0.0,0.120467514,0.053822808,1.0003866,0.119825825,0.07586954,1.7239386e-06,-0.0016257763,-0.0054295063,0.007364273,0.058314294,-0.009944657,0.009247414,0.17025,0.0900222,1.0,,,,,,,,,,,,,,,,,,,,,,,,,,,,,,,,,,,,,,,,,,,,
455.0,-0.020488097144572386,0.06484745442867279,0.0003866433980874717,0.20986707508563995,0.0,0.12096574,0.054139126,1.0003866,0.119574904,0.07591631,1.71238e-06,-0.0018408298,-0.005014658,0.0072791576,-0.052331015,0.0991872,-0.020691335,0.170625,0.09021706,1.0,,,,,,,,,,,,,,,,,,,,,,,,,,,,,,,,,,,,,,,,,,,,
456.0,-0.020549624164847048,0.0647018626332283,0.0003866433980874717,0.20779220759868622,0.0,0.12146299,0.054455675,1.0003866,0.11934095,0.075972006,1.7884145e-06,-0.0015981197,-0.0050578117,0.007316351,0.058324266,-0.009962656,0.009228275,0.171,0.090411894,1.0,,,,,,,,,,,,,,,,,,,,,,,,,,,,,,,,,,,,,,,,,,,,
457.0,-0.020607828259698726,0.06455688923597336,0.00038666726322844625,0.20581896603107452,0.0,0.12195927,0.054772418,1.0003866,0.119105354,0.07601775,1.778711e-06,-0.0018131733,-0.004643202,0.0072312355,-0.05232696,0.09917524,-0.020666614,0.171375,0.090606704,1.0,,,,,,,,,,,,,,,,,,,,,,,,,,,,,,,,,,,,,,,,,,,,
458.0,-0.0206628972999235,0.06441248208284378,0.00038666726322844625,0.20395037531852722,0.0,0.12245463,0.055089384,1.0003867,0.11888672,0.07607242,1.8482401e-06,-0.0015704632,-0.0046863556,0.007268429,0.058334224,-0.009980646,0.009209135,0.17175,0.0908015,1.0,,,,,,,,,,,,,,,,,,,,,,,,,,,,,,,,,,,,,,,,,,,,
459.0,-0.02071473924354759,0.06426869332790375,0.00038666726322844625,0.20218954980373383,0.0,0.12294907,0.05540654,1.0003867,0.11866643,0.07611713,1.4725117e-06,-0.0017855167,-0.0042717457,0.0071833134,-0.052322898,0.09916328,-0.020641899,0.172125,0.090996265,1.0,,,,,,,,,,,,,,,,,,,,,,,,,,,,,,,,,,,,,,,,,,,,
460.0,-0.0207632656839829,0.0641254261136055,0.0003867149353027344,0.20053939521312714,0.0,0.123442665,0.055723917,1.0003867,0.1184631,0.07617076,1.621915e-06,-0.0015425682,-0.004315138,0.007220745,0.058344167,-0.00999863,0.009189993,0.1725,0.09119101,1.0,,,,,,,,,,,,,,,,,,,,,,,,,,,,,,,,,,,,,,,,,,,,
461.0,-0.02080897940192881,0.06398279219865799,0.0003867149353027344,0.1990029364824295,0.0,0.12393541,0.05604148,1.0003867,0.11825811,0.07621443,1.5957323e-06,-0.0017576218,-0.003900528,0.0071356297,-0.052318834,0.09915132,-0.02061719,0.172875,0.09138573,1.0,,,,,,,,,,,,,,,,,,,,,,,,,,,,,,,,,,,,,,,,,,,,
462.0,-0.02085028636734351,0.06384071707725525,0.0003867149353027344,0.1975829303264618,0.0,0.12442737,0.056359258,1.0003867,0.118070066,0.07626703,1.6570045e-06,-0.0015149117,-0.00394392,0.007172823,0.0583541,-0.010016606,0.009170849,0.17325,0.09158043,1.0,,,,,,,,,,,,,,,,,,,,,,,,,,,,,,,,,,,,,,,,,,,,
463.0,-0.020888941105917186,0.06369920819997787,0.0003867149353027344,0.19628208875656128,0.0,0.124918535,0.056677215,1.0003867,0.11788037,0.076309666,1.6518898e-06,-0.0017297268,-0.0035293102,0.007087946,-0.052314766,0.09913937,-0.02059249,0.173625,0.091775104,1.0,,,,,,,,,,,,,,,,,,,,,,,,,,,,,,,,,,,,,,,,,,,,
464.0,-0.020923034344494957,0.06355832517147064,0.0003867149353027344,0.19510291516780853,0.0,0.12540898,0.056995384,1.0003867,0.1177076,0.076361224,1.7021588e-06,-0.0014870167,-0.0035727024,0.0071251392,0.05836402,-0.010034576,0.009151704,0.174,0.09196976,1.0,,,,,,,,,,,,,,,,,,,,,,,,,,,,,,,,,,,,,,,,,,,,
465.0,-0.020954328597180577,0.06341806054115295,0.0003867149353027344,0.19404779374599457,0.0,0.1258987,0.05731373,1.0003867,0.11753317,0.07640282,1.7000042e-06,-0.0017020702,-0.003158331,0.007040262,-0.05231069,0.09912743,-0.020567795,0.174375,0.09216439,1.0,,,,,,,,,,,,,,,,,,,,,,,,,,,,,,,,,,,,,,,,,,,,
466.0,-0.020980922839962297,0.06327835470438004,0.0003867149353027344,0.19311891496181488,0.0,0.12638777,0.057632286,1.0003867,0.11737567,0.07645333,1.7435259e-06,-0.0014591217,-0.0032019615,0.0070774555,0.05837392,-0.010052538,0.009132557,0.17475,0.092359,1.0,,,,,,,,,,,,,,,,,,,,,,,,,,,,,,,,,,,,,,,,,,,,
467.0,-0.021004592283892273,0.06313927471637726,0.0003867149353027344,0.19231832027435303,0.0,0.12687618,0.05795101,1.0003867,0.1172165,0.07649388,1.7433335e-06,-0.0016741753,-0.0027873516,0.0069925785,-0.052306615,0.09911548,-0.020543108,0.175125,0.09255358,1.0,,,,,,,,,,,,,,,,,,,,,,,,,,,,,,,,,,,,,,,,,,,,
468.0,-0.021023434130478566,0.06300080567598343,0.0003867626073770225,0.1916477084159851,0.0,0.12736398,0.05826994,1.0003867,0.11707425,0.076543346,1.7803463e-06,-0.0014312267,-0.0028309822,0.007029772,0.05838381,-0.010070492,0.009113408,0.1755,0.09274814,1.0,,,,,,,,,,,,,,,,,,,,,,,,,,,,,,,,,,,,,,,,,,,,
469.0,-0.021039252459289132,0.06286291778087616,0.0003867626073770225,0.19110864400863647,0.0,0.12785119,0.058589038,1.0003867,0.11693032,0.07658285,1.7820614e-06,-0.0016462803,-0.0024166107,0.006944895,-0.052302532,0.09910355,-0.020518428,0.175875,0.09294268,1.0,,,,,,,,,,,,,,,,,,,,,,,,,,,,,,,,,,,,,,,,,,,,
470.0,-0.02105034886160538,0.06272567063570023,0.0003867626073770225,0.1907023936510086,0.0,0.12833788,0.058908332,1.0003867,0.11680331,0.07663127,1.8125828e-06,-0.0014030933,-0.0024602413,0.006982088,0.05839369,-0.010088439,0.009094257,0.17625,0.0931372,1.0,,,,,,,,,,,,,,,,,,,,,,,,,,,,,,,,,,,,,,,,,,,,
471.0,-0.021058352904315326,0.06258903443813324,0.0003867626073770225,0.19042998552322388,0.0,0.12882401,0.05922779,1.0003867,0.11667462,0.07666972,1.8162024e-06,-0.0016181469,-0.0023946762,0.0068979263,-0.051714353,0.015397068,-0.020376313,0.176625,0.09333169,1.0,,,,,,,,,,,,,,,,,,,,,,,,,,,,,,,,,,,,,,,,,,,,
472.0,-0.021061407506861723,0.06245306134223938,0.0003867626073770225,0.19029216468334198,0.0,0.12930964,0.059547443,1.0003867,0.11654858,0.07671699,1.8085888e-06,-0.0013751984,-0.0027871132,0.0069355965,0.0589704,-0.09378139,0.009230598,0.177,0.093526155,1.0,,,,,,,,,,,,,,,,,,,,,,,,,,,,,,,,,,,,,,,,,,,,
473.0,-0.021061332443483845,0.06231769174337387,0.0003867626073770225,0.19028940796852112,0.0,0.12979466,0.059867255,1.0003867,0.116406605,0.0767542,1.7836818e-06,-0.0015902519,-0.0027213097,0.0068511963,-0.05170499,0.015424215,-0.020390375,0.177375,0.0937206,1.0,,,,,,,,,,,,,,,,,,,,,,,,,,,,,,,,,,,,,,,,,,,,
474.0,-0.02105629171517285,0.062182970345020294,0.000386786472517997,0.19042180478572845,0.0,0.13027911,0.060187254,1.0003867,0.11626729,0.07680021,1.7839028e-06,-0.001347065,-0.0031137466,0.006889105,0.058965016,-0.09376028,0.009249368,0.17775,0.093915015,1.0,,,,,,,,,,,,,,,,,,,,,,,,,,,,,,,,,,,,,,,,,,,,
475.0,-0.021048120518215363,0.062048960477113724,0.000386786472517997,0.1906893253326416,0.0,0.1307629,0.060507406,1.0003868,0.116112046,0.07683617,1.75165e-06,-0.0015621185,-0.003047943,0.0068047047,-0.051695626,0.01545135,-0.020404423,0.178125,0.094109416,1.0,,,,,,,,,,,,,,,,,,,,,,,,,,,,,,,,,,,,,,,,,,,,
476.0,-0.02103515800782407,0.06191562861204147,0.00038683414459228516,0.19109153747558594,0.0,0.13124608,0.060827743,1.0003868,0.11595947,0.07688093,1.3868068e-06,-0.00131917,-0.0034401417,0.006842613,0.058959633,-0.0937392,0.009268123,0.1785,0.094303794,1.0,,,,,,,,,,,,,,,,,,,,,,,,,,,,,,,,,,,,,,,,,,,,
477.0,-0.021018659592746555,0.06178296357393265,0.00038683414459228516,0.19162778556346893,0.0,0.13172853,0.061148226,1.0003868,0.11579098,0.076915644,1.4347695e-06,-0.0015339851,-0.0033740997,0.006758213,-0.05168626,0.015478473,-0.020418454,0.178875,0.09449814,1.0,,,,,,,,,,,,,,,,,,,,,,,,,,,,,,,,,,,,,,,,,,,,
478.0,-0.020998173537611367,0.06165099889039993,0.00038683414459228516,0.192297101020813,0.0,0.13221031,0.061468888,1.0003868,0.11562516,0.07695916,1.4201612e-06,-0.0012910366,-0.0037662983,0.0067961216,0.05895425,-0.09371811,0.009286864,0.17925,0.09469247,1.0,,,,,,,,,,,,,,,,,,,,,,,,,,,,,,,,,,,,,,,,,,,,
479.0,-0.020973735459905947,0.061519742012023926,0.00038683414459228516,0.19309839606285095,0.0,0.13269132,0.06178969,1.0003868,0.11544342,0.07699263,1.3803941e-06,-0.0015058517,-0.0037002563,0.0067117214,-0.051676888,0.015505584,-0.020432472,0.179625,0.09488677,1.0,,,,,,,,,,,,,,,,,,,,,,,,,,,,,,,,,,,,,,,,,,,,
480.0,-0.020945385662650008,0.061389196664094925,0.00038683414459228516,0.19403022527694702,0.0,0.13317159,0.06211067,1.0003868,0.11526438,0.077034906,1.3875284e-06,-0.0012629032,-0.0040922165,0.00674963,0.05894887,-0.09369704,0.009305591,0.18,0.09508105,1.0,,,,,,,,,,,,,,,,,,,,,,,,,,,,,,,,,,,,,,,,,,,,
481.0,-0.020913176874263084,0.06125937029719353,0.00038683414459228516,0.19509091973304749,0.0,0.13365105,0.062431782,1.0003868,0.11506942,0.07706712,1.3371664e-06,-0.0014777184,-0.0040261745,0.00666523,-0.051667515,0.015532683,-0.020446474,0.180375,0.095275305,1.0,,,,,,,,,,,,,,,,,,,,,,,,,,,,,,,,,,,,,,,,,,,,
482.0,-0.020877112378058157,0.061130207031965256,0.00038683414459228516,0.19627860188484192,0.0,0.1341297,0.06275307,1.0003868,0.114877164,0.07710815,1.3479345e-06,-0.0012347698,-0.0044181347,0.0067031384,0.058943488,-0.093675986,0.009324304,0.18075,0.09546954,1.0,,,,,,,,,,,,,,,,,,,,,,,,,,,,,,,,,,,,,,,,,,,,
483.0,-0.020837305208168982,0.061001814901828766,0.00038683414459228516,0.19759124517440796,0.0,0.1346075,0.06307448,1.0003868,0.114668995,0.07713913,1.2912351e-06,-0.001449585,-0.0043518543,0.006618738,-0.05165814,0.015559769,-0.020460462,0.181125,0.09566375,1.0,,,,,,,,,,,,,,,,,,,,,,,,,,,,,,,,,,,,,,,,,,,,
484.0,-0.020793822630067734,0.060874126851558685,0.00038683414459228516,0.19902655482292175,0.0,0.13508442,0.06339606,1.0003868,0.11446354,0.07717891,1.3046397e-06,-0.0012066364,-0.004743576,0.0066566467,0.058938105,-0.09365494,0.009343003,0.1815,0.09585793,1.0,,,,,,,,,,,,,,,,,,,,,,,,,,,,,,,,,,,,,,,,,,,,
485.0,-0.020746737567531818,0.06074713543057442,0.00038683414459228516,0.20058214664459229,0.0,0.13556042,0.06371776,1.0003868,0.114242174,0.077208646,1.2418426e-06,-0.0014214516,-0.0046772957,0.0065722466,-0.051648762,0.015586844,-0.020474434,0.181875,0.09605209,1.0,,,,,,,,,,,,,,,,,,,,,,,,,,,,,,,,,,,,,,,,,,,,
486.0,-0.02069612674602104,0.06062089651823044,0.00038683414459228516,0.20225544273853302,0.0,0.13603553,0.064039625,1.0003868,0.11402353,0.07724718,1.2578298e-06,-0.001178503,-0.0050690174,0.006610155,0.058932725,-0.0936339,0.009361688,0.18225,0.09624623,1.0,,,,,,,,,,,,,,,,,,,,,,,,,,,,,,,,,,,,,,,,,,,,
487.0,-0.020642068378089608,0.06049537658691406,0.00038683414459228516,0.20404383540153503,0.0,0.13650964,0.06436161,1.0003868,0.11378899,0.07727567,1.1889532e-06,-0.0013930798,-0.0050024986,0.006525755,-0.051639378,0.015613906,-0.020488393,0.182625,0.09644034,1.0,,,,,,,,,,,,,,,,,,,,,,,,,,,,,,,,,,,,,,,,,,,,
488.0,-0.02058464558634296,0.0603705532848835,0.00038683414459228516,0.2059445083141327,0.0,0.1369828,0.06468374,1.0003868,0.113557175,0.07731297,1.207521e-06,-0.0011501312,-0.0053942204,0.0065636635,0.058927342,-0.09361287,0.009380358,0.183,0.096634425,1.0,,,,,,,,,,,,,,,,,,,,,,,,,,,,,,,,,,,,,,,,,,,,
489.0,-0.020523943933943523,0.060246437788009644,0.00038683414459228516,0.20795466005802155,0.0,0.13745493,0.065005995,1.0003868,0.11330947,0.077340215,1.132571e-06,-0.0013649464,-0.0053277016,0.0064792633,-0.051629994,0.015640955,-0.020502334,0.183375,0.09682849,1.0,,,,,,,,,,,,,,,,,,,,,,,,,,,,,,,,,,,,,,,,,,,,
490.0,-0.020460051495458903,0.06012308597564697,0.00038683414459228516,0.21007132530212402,0.0,0.13792603,0.0653284,1.0003868,0.113064505,0.07737627,1.1537203e-06,-0.0011219978,-0.005719185,0.006517172,0.05892196,-0.093591854,0.009399015,0.18375,0.09702253,1.0,,,,,,,,,,,,,,,,,,,,,,,,,,,,,,,,,,,,,,,,,,,,
491.0,-0.020392856108268465,0.060000430792570114,0.00038683414459228516,0.21229158341884613,0.0,0.13839604,0.0656509,1.0003868,0.11280365,0.07740228,1.0727022e-06,-0.0013365746,-0.0056524277,0.00643301,-0.05162061,0.015667994,-0.020516263,0.184125,0.09721655,1.0,,,,,,,,,,,,,,,,,,,,,,,,,,,,,,,,,,,,,,,,,,,,
492.0,-0.020322032320168364,0.05987851694226265,0.0003868818166665733,0.2146124243736267,0.0,0.13886498,0.06597356,1.0003868,0.11254554,0.077437095,1.0964342e-06,-0.001093626,-0.005643606,0.0064702034,0.05829921,0.0025107064,0.009289237,0.1845,0.09741054,1.0,,,,,,,,,,,,,,,,,,,,,,,,,,,,,,,,,,,,,,,,,,,,
493.0,-0.02024920172426937,0.05975726991891861,0.0003868818166665733,0.21703091263771057,0.0,0.13933285,0.06629632,1.0003868,0.11228792,0.077461965,1.1049835e-06,-0.0013082027,-0.005176544,0.006385565,-0.052242916,0.11175432,-0.020614522,0.184875,0.097604506,1.0,,,,,,,,,,,,,,,,,,,,,,,,,,,,,,,,,,,,,,,,,,,,
494.0,-0.020172619509855577,0.05963670089840889,0.0003868818166665733,0.21954403817653656,0.0,0.13979973,0.06661922,1.0003868,0.11204941,0.07749575,1.1957175e-06,-0.0010652542,-0.0051677227,0.006422758,0.058311377,0.0024868038,0.009264366,0.18525,0.097798444,1.0,,,,,,,,,,,,,,,,,,,,,,,,,,,,,,,,,,,,,,,,,,,,
495.0,-0.02009421054529521,0.0595167875289917,0.0003868818166665733,0.22214879095554352,0.0,0.1402656,0.066942215,1.0003868,0.11181137,0.07751959,1.1880651e-06,-0.0012798309,-0.004700899,0.0063381195,-0.052239813,0.1117364,-0.02058401,0.185625,0.09799236,1.0,,,,,,,,,,,,,,,,,,,,,,,,,,,,,,,,,,,,,,,,,,,,
496.0,-0.020012248848564198,0.05939751863479614,0.00038692951784469187,0.22484225034713745,0.0,0.14073057,0.06726535,1.0003868,0.111592434,0.07755234,1.273751e-06,-0.0010368824,-0.0046920776,0.006375551,0.058323525,0.0024629114,0.009239495,0.186,0.098186255,1.0,,,,,,,,,,,,,,,,,,,,,,,,,,,,,,,,,,,,,,,,,,,,
497.0,-0.01992863538721795,0.059278856962919235,0.00038695335388183594,0.22762152552604675,0.0,0.14119463,0.06758858,1.0003868,0.11137397,0.07757515,1.2668158e-06,-0.0012514591,-0.004225254,0.0062909126,-0.0522367,0.11171849,-0.020553507,0.186375,0.098380126,1.0,,,,,,,,,,,,,,,,,,,,,,,,,,,,,,,,,,,,,,,,,,,,
498.0,-0.019841621954842414,0.059160828590393066,0.00038695335388183594,0.230483740568161,0.0,0.14165786,0.06791194,1.000387,0.11117459,0.077606864,1.3434883e-06,-0.0010085106,-0.004216671,0.006328106,0.058335654,0.002439029,0.009214621,0.18675,0.09857397,1.0,,,,,,,,,,,,,,,,,,,,,,,,,,,,,,,,,,,,,,,,,,,,
499.0,-0.01975312675860842,0.059043366461992264,0.00038695335388183594,0.2334260493516922,0.0,0.14212026,0.0682354,1.000387,0.110975675,0.077628635,9.702784e-07,-0.0012230873,-0.0037529469,0.0062434673,-0.05222882,0.110948496,-0.020522255,0.187125,0.09876779,1.0,,,,,,,,,,,,,,,,,,,,,,,,,,,,,,,,,,,,,,,,,,,,
500.0,-0.019661733368626304,0.05892648175358772,0.00038695335388183594,0.23644578456878662,0.0,0.14258191,0.068558976,1.000387,0.110795714,0.07765931,1.123631e-06,-0.0009799004,-0.0037474632,0.006280899,0.05835236,0.0016632592,0.009190845,0.1875,0.098961584,1.0,,,,,,,,,,,,,,,,,,,,,,,,,,,,,,,,,,,,,,,,,,,,
501.0,-0.019568564683258596,0.05881018564105034,0.00038695335388183594,0.23954014480113983,0.0,0.1430428,0.068882644,1.000387,0.11061607,0.07768004,1.099403e-06,-0.0011947155,-0.0039596558,0.0061969757,-0.051207766,-0.051218763,-0.020333214,0.187875,0.09915535,1.0,,,,,,,,,,,,,,,,,,,,,,,,,,,,,,,,,,,,,,,,,,,,
502.0,-0.019472776147319383,0.058694422245025635,0.00038695335388183594,0.24270664155483246,0.0,0.14350292,0.06920643,1.000387,0.11042777,0.077709496,1.062144e-06,-0.00095152855,-0.003713131,0.006234169,0.05798722,0.059497107,0.0091363685,0.18825,0.0993491,1.0,,,,,,,,,,,,,,,,,,,,,,,,,,,,,,,,,,,,,,,,,,,,
503.0,-0.019375366088682497,0.058579277247190475,0.00038695335388183594,0.2459426075220108,0.0,0.1439623,0.0695303,1.000387,0.11024963,0.07772907,1.1201968e-06,-0.0011663437,-0.0039253235,0.0061502457,-0.05121826,-0.051212013,-0.02033043,0.188625,0.09954282,1.0,,,,,,,,,,,,,,,,,,,,,,,,,,,,,,,,,,,,,,,,,,,,
504.0,-0.019275945359003527,0.05846463516354561,0.00038695335388183594,0.24924562871456146,0.0,0.14442089,0.06985429,1.000387,0.11006283,0.07775737,1.0641672e-06,-0.00092315674,-0.0036787987,0.006187439,0.057982907,0.05949793,0.009138508,0.189,0.09973651,1.0,,,,,,,,,,,,,,,,,,,,,,,,,,,,,,,,,,,,,,,,,,,,
505.0,-0.019174851724598558,0.058350570499897,0.00038695335388183594,0.2526133358478546,0.0,0.14487875,0.07017836,1.000387,0.10988621,0.07777579,1.1259998e-06,-0.0011379719,-0.0038909912,0.0061035156,-0.051228754,-0.051205266,-0.020327639,0.189375,0.09993019,1.0,,,,,,,,,,,,,,,,,,,,,,,,,,,,,,,,,,,,,,,,,,,,
506.0,-0.01907234920639094,0.058237068355083466,0.00038695335388183594,0.25604334473609924,0.0,0.14533584,0.070502535,1.000387,0.1097009,0.07780295,1.0696313e-06,-0.0008947849,-0.0036444664,0.006140709,0.057978597,0.059498753,0.009140641,0.18975,0.10012383,1.0,,,,,,,,,,,,,,,,,,,,,,,,,,,,,,,,,,,,,,,,,,,,
507.0,-0.018967587062802344,0.0581241175532341,0.00038695335388183594,0.25953352451324463,0.0,0.14579219,0.070826784,1.000387,0.109525785,0.07782022,1.1309166e-06,-0.0011096001,-0.0038564205,0.0060567856,-0.05123924,-0.051198523,-0.020324843,0.190125,0.100317456,1.0,,,,,,,,,,,,,,,,,,,,,,,,,,,,,,,,,,,,,,,,,,,,
508.0,-0.018861545557861976,0.05801177769899368,0.00038695335388183594,0.2630816698074341,0.0,0.14624779,0.071151145,1.000387,0.109341994,0.07784623,1.0752245e-06,-0.00086665154,-0.0036101341,0.006093979,0.05797429,0.059499577,0.009142769,0.1905,0.100511044,1.0,,,,,,,,,,,,,,,,,,,,,,,,,,,,,,,,,,,,,,,,,,,,
509.0,-0.018753373116174046,0.057900018990039825,0.00038695335388183594,0.2666856646537781,0.0,0.14670265,0.07147557,1.000387,0.10916838,0.07786235,1.1357245e-06,-0.0010814667,-0.0038220882,0.0060100555,-0.05124972,-0.051191784,-0.020322045,0.190875,0.10070462,1.0,,,,,,,,,,,,,,,,,,,,,,,,,,,,,,,,,,,,,,,,,,,,
510.0,-0.018644045296932747,0.05778888612985611,0.00038695335388183594,0.27034351229667664,0.0,0.14715676,0.071800105,1.000387,0.108986095,0.077887215,1.0807648e-06,-0.0008382797,-0.0035755634,0.006047249,0.057969987,0.059500404,0.009144889,0.19125,0.10089816,1.0,,,,,,,,,,,,,,,,,,,,,,,,,,,,,,,,,,,,,,,,,,,,
511.0,-0.018532703573934124,0.05767834186553955,0.00038695335388183594,0.27405333518981934,0.0,0.14761016,0.0721247,1.000387,0.10881399,0.0779022,1.1404665e-06,-0.0010530949,-0.0037875175,0.005963564,-0.0512602,-0.051185045,-0.02031924,0.191625,0.10109168,1.0,,,,,,,,,,,,,,,,,,,,,,,,,,,,,,,,,,,,,,,,,,,,
512.0,-0.018419612460308418,0.05756844952702522,0.00038700102595612407,0.2778133153915405,0.0,0.1480628,0.072449386,1.000387,0.10863321,0.07792592,1.0862418e-06,-0.00081014633,-0.0035412312,0.006000757,0.05796569,0.05950123,0.009147004,0.192,0.10128518,1.0,,,,,,,,,,,,,,,,,,,,,,,,,,,,,,,,,,,,,,,,,,,,
513.0,-0.018305535514915396,0.05745922401547432,0.00038700102595612407,0.2816215455532074,0.0,0.14851472,0.072774135,1.000387,0.10846262,0.07793976,1.1451449e-06,-0.0010251999,-0.0037531853,0.005916834,-0.05127067,-0.051178314,-0.020316431,0.192375,0.10147865,1.0,,,,,,,,,,,,,,,,,,,,,,,,,,,,,,,,,,,,,,,,,,,,
514.0,-0.018189602570280843,0.05735061317682266,0.00038700102595612407,0.2854763865470886,0.0,0.1489659,0.07309898,1.000387,0.10828335,0.077962354,1.0916552e-06,-0.00078201294,-0.0035066605,0.005954027,0.05796139,0.059502058,0.009149114,0.19275,0.10167209,1.0,,,,,,,,,,,,,,,,,,,,,,,,,,,,,,,,,,,,,,,,,,,,
515.0,-0.018072786266879123,0.05724269896745682,0.00038700102595612407,0.28937605023384094,0.0,0.14941637,0.07342388,1.000387,0.10811426,0.07797506,1.1497601e-06,-0.0009970665,-0.0037186146,0.005870104,-0.051281143,-0.051171582,-0.020313619,0.193125,0.10186551,1.0,,,,,,,,,,,,,,,,,,,,,,,,,,,,,,,,,,,,,,,,,,,,
516.0,-0.017954213898173477,0.05713551491498947,0.00038700102595612407,0.29331904649734497,0.0,0.1498661,0.07374886,1.000387,0.107936494,0.07799651,1.0970049e-06,-0.00075411797,-0.0034720898,0.0059075356,0.057957094,0.05950289,0.009151217,0.1935,0.1020589,1.0,,,,,,,,,,,,,,,,,,,,,,,,,,,,,,,,,,,,,,,,,,,,
517.0,-0.01783465557981981,0.05702899768948555,0.00038700102595612407,0.29730379581451416,0.0,0.15031515,0.074073896,1.000387,0.107768916,0.07800808,1.154312e-06,-0.0009691715,-0.003684044,0.005823612,-0.051291604,-0.05116485,-0.0203108,0.193875,0.102252275,1.0,,,,,,,,,,,,,,,,,,,,,,,,,,,,,,,,,,,,,,,,,,,,
518.0,-0.017713433844449174,0.05692325159907341,0.00038700102595612407,0.3013288080692291,0.0,0.15076345,0.07439901,1.000387,0.107592665,0.0780284,1.1022911e-06,-0.000726223,-0.003437519,0.0058608055,0.057952803,0.05950372,0.009153314,0.19425,0.10244561,1.0,,,,,,,,,,,,,,,,,,,,,,,,,,,,,,,,,,,,,,,,,,,,
519.0,-0.01759150365873793,0.056818194687366486,0.00038700102595612407,0.3053928017616272,0.0,0.15121107,0.074724175,1.000387,0.10742659,0.07803884,1.158801e-06,-0.00094103813,-0.0036494732,0.0057771206,-0.051302064,-0.051158126,-0.020307979,0.194625,0.10263893,1.0,,,,,,,,,,,,,,,,,,,,,,,,,,,,,,,,,,,,,,,,,,,,
520.0,-0.017467992585660255,0.05671392008662224,0.00038700102595612407,0.309494286775589,0.0,0.15165794,0.075049415,1.000387,0.10725185,0.078058034,1.1075136e-06,-0.000698328,-0.0034029484,0.005814314,0.05794851,0.05950455,0.009155405,0.195,0.10283222,1.0,,,,,,,,,,,,,,,,,,,,,,,,,,,,,,,,,,,,,,,,,,,,
521.0,-0.017343852600862738,0.0566103458404541,0.00038700102595612407,0.3136321008205414,0.0,0.15210414,0.07537469,1.000387,0.107087284,0.07806734,1.1632266e-06,-0.0009133816,-0.003614664,0.0057303905,-0.05131252,-0.051151402,-0.020305153,0.195375,0.10302549,1.0,,,,,,,,,,,,,,,,,,,,,,,,,,,,,,,,,,,,,,,,,,,,
522.0,-0.017218204591785618,0.056507520377635956,0.0003870248910970986,0.3178049623966217,0.0,0.15254961,0.07570005,1.000387,0.10691405,0.07808541,1.112673e-06,-0.00067043304,-0.0033681393,0.0057678223,0.057944227,0.05950538,0.009157489,0.19575,0.10321873,1.0,,,,,,,,,,,,,,,,,,,,,,,,,,,,,,,,,,,,,,,,,,,,
523.0,-0.017092002795050215,0.056405484676361084,0.0003870248910970986,0.32201167941093445,0.0,0.15299441,0.07602544,1.0003871,0.106751,0.078093596,1.1675892e-06,-0.0008854866,-0.0035800934,0.005683899,-0.05132297,-0.051144686,-0.02030232,0.196125,0.103411935,1.0,,,,,,,,,,,,,,,,,,,,,,,,,,,,,,,,,,,,,,,,,,,,
524.0,-0.016964360306738674,0.05630417913198471,0.0003870248910970986,0.32625120878219604,0.0,0.1534385,0.076350905,1.0003871,0.10657928,0.07811054,7.498414e-07,-0.0006427765,-0.0033335686,0.0057213306,0.057939943,0.05950621,0.009159568,0.1965,0.10360513,1.0,,,,,,,,,,,,,,,,,,,,,,,,,,,,,,,,,,,,,,,,,,,,
525.0,-0.01683622881987394,0.05620367079973221,0.0003870725631713867,0.3305223882198334,0.0,0.15388191,0.07667639,1.0003871,0.10641774,0.0781176,8.9034916e-07,-0.00085783005,-0.0035452843,0.0056374073,-0.051333416,-0.05113797,-0.020299485,0.196875,0.103798285,1.0,,,,,,,,,,,,,,,,,,,,,,,,,,,,,,,,,,,,,,,,,,,,
526.0,-0.016706720068782308,0.056103892624378204,0.0003870725631713867,0.3348242938518524,0.0,0.15432459,0.07700195,1.0003871,0.10624753,0.07813342,8.209781e-07,-0.0006148815,-0.0032987595,0.005674839,0.057935663,0.059507046,0.009161641,0.19725,0.10399143,1.0,,,,,,,,,,,,,,,,,,,,,,,,,,,,,,,,,,,,,,,,,,,,
527.0,-0.016576783862769662,0.05600493401288986,0.0003870725631713867,0.33915579319000244,0.0,0.15476663,0.07732753,1.0003871,0.10608749,0.07813937,8.7906477e-07,-0.0008301735,-0.0035107136,0.0055909157,-0.05134386,-0.051131252,-0.020296644,0.197625,0.10418453,1.0,,,,,,,,,,,,,,,,,,,,,,,,,,,,,,,,,,,,,,,,,,,,
528.0,-0.016445661437057425,0.055906735360622406,0.0003870725631713867,0.3435160517692566,0.0,0.15520796,0.07765317,1.0003871,0.105918795,0.07815407,8.2959156e-07,-0.00058722496,-0.0032639503,0.0056283474,0.057931386,0.05950788,0.0091637075,0.198,0.10437762,1.0,,,,,,,,,,,,,,,,,,,,,,,,,,,,,,,,,,,,,,,,,,,,
529.0,-0.016313899869361194,0.05580933764576912,0.0003870725631713867,0.34790414571762085,0.0,0.15564862,0.077978835,1.0003871,0.10576027,0.0781589,8.823829e-07,-0.00080251694,-0.0034759045,0.005544424,-0.051354297,-0.051124543,-0.020293798,0.198375,0.10457068,1.0,,,,,,,,,,,,,,,,,,,,,,,,,,,,,,,,,,,,,,,,,,,,
530.0,-0.01618136790538629,0.05571272224187851,0.0003870725631713867,0.3523191809654236,0.0,0.15608859,0.07830455,1.0003871,0.105593085,0.07817249,8.346985e-07,-0.0005598068,-0.0032291412,0.005581856,0.05792711,0.059508715,0.0091657685,0.19875,0.10476371,1.0,,,,,,,,,,,,,,,,,,,,,,,,,,,,,,,,,,,,,,,,,,,,
531.0,-0.016047809498076823,0.05561695620417595,0.0003870725631713867,0.35676029324531555,0.0,0.1565279,0.07863028,1.0003871,0.10543607,0.07817621,8.8644674e-07,-0.0007748604,-0.0034410954,0.0054979324,-0.051364727,-0.051117834,-0.02029095,0.199125,0.10495672,1.0,,,,,,,,,,,,,,,,,,,,,,,,,,,,,,,,,,,,,,,,,,,,
532.0,-0.015913950310430667,0.055521946400403976,0.0003870725631713867,0.36122676730155945,0.0,0.15696654,0.078956075,1.0003871,0.1052704,0.07818869,8.395524e-07,-0.00053215027,-0.0031943321,0.005535364,0.057922836,0.05950955,0.009167823,0.1995,0.105149694,1.0,,,,,,,,,,,,,,,,,,,,,,,,,,,,,,,,,,,,,,,,,,,,
533.0,-0.015778900671047452,0.05542777106165886,0.0003870725631713867,0.36571773886680603,0.0,0.15740451,0.07928187,1.0003871,0.1051149,0.078191295,8.904923e-07,-0.00074744225,-0.0034062862,0.005451679,-0.051375154,-0.05111113,-0.020288095,0.199875,0.10534264,1.0,,,,,,,,,,,,,,,,,,,,,,,,,,,,,,,,,,,,,,,,,,,,
534.0,-0.015643595651784564,0.055334437638521194,0.0003870725631713867,0.37023258209228516,0.0,0.15784182,0.07960771,1.0003871,0.10495074,0.078202665,8.4433276e-07,-0.00050473213,-0.003159523,0.0054888725,0.057918567,0.059510387,0.009169872,0.20025,0.105535574,1.0,,,,,,,,,,,,,,,,,,,,,,,,,,,,,,,,,,,,,,,,,,,,
535.0,-0.015507140134609654,0.05524193122982979,0.0003870725631713867,0.3747705817222595,0.0,0.15827847,0.07993356,1.0003871,0.10479675,0.07820416,8.944777e-07,-0.0007200241,-0.0033712387,0.0054051876,-0.051385578,-0.051104426,-0.020285236,0.200625,0.10572847,1.0,,,,,,,,,,,,,,,,,,,,,,,,,,,,,,,,,,,,,,,,,,,,
536.0,-0.015370470447748086,0.055150218307971954,0.0003870725631713867,0.3793310523033142,0.0,0.15871444,0.08025946,1.0003871,0.104634106,0.07821442,8.490495e-07,-0.000477314,-0.003124714,0.0054426193,0.0579143,0.059511222,0.009171914,0.201,0.10592134,1.0,,,,,,,,,,,,,,,,,,,,,,,,,,,,,,,,,,,,,,,,,,,,
537.0,-0.015232692220239551,0.05505938082933426,0.0003870725631713867,0.3839133083820343,0.0,0.15914978,0.08058535,1.0003871,0.10448163,0.07821482,8.9840046e-07,-0.000692606,-0.0033364296,0.005358696,-0.051395997,-0.05109773,-0.020282373,0.201375,0.106114194,1.0,,,,,,,,,,,,,,,,,,,,,,,,,,,,,,,,,,,,,,,,,,,,
538.0,-0.015094740740039563,0.05496940761804581,0.0003870725631713867,0.38851669430732727,0.0,0.15958445,0.080911286,1.0003871,0.1043205,0.07822398,8.537033e-07,-0.00045013428,-0.0030896664,0.0053961277,0.05791004,0.05951206,0.009173951,0.20175,0.106307015,1.0,,,,,,,,,,,,,,,,,,,,,,,,,,,,,,,,,,,,,,,,,,,,
539.0,-0.01495651085644786,0.05488026142120361,0.0003870725631713867,0.3931141495704651,0.0,0.16001849,0.08123722,1.0003871,0.10416953,0.07822327,9.022607e-07,-0.00066542625,-0.0033016205,0.005312443,-0.051406413,-0.05109103,-0.020279504,0.202125,0.106499806,1.0,,,,,,,,,,,,,,,,,,,,,,,,,,,,,,,,,,,,,,,,,,,,
540.0,-0.014818147054835574,0.054791975766420364,0.0003870725631713867,0.3977314233779907,0.0,0.16045186,0.08156318,1.0003871,0.10400991,0.078231335,8.58294e-07,-0.00042271614,-0.0030548573,0.0053498745,0.05790578,0.059512902,0.009175981,0.2025,0.106692575,1.0,,,,,,,,,,,,,,,,,,,,,,,,,,,,,,,,,,,,,,,,,,,,
541.0,-0.014679547286257732,0.05470455437898636,0.0003870725631713867,0.402341365814209,0.0,0.16088462,0.08188914,1.0003871,0.10386047,0.07822953,9.0605846e-07,-0.00063824654,-0.003266573,0.005265951,-0.05141682,-0.051084336,-0.020276632,0.202875,0.106885314,1.0,,,,,,,,,,,,,,,,,,,,,,,,,,,,,,,,,,,,,,,,,,,,
542.0,-0.014540847180210403,0.05461800843477249,0.0003870725631713867,0.4069700241088867,0.0,0.16131671,0.08221512,1.0003871,0.10370236,0.0782365,8.6282193e-07,-0.00039553642,-0.0030198097,0.0053036213,0.05790152,0.05951374,0.009178006,0.20325,0.10707803,1.0,,,,,,,,,,,,,,,,,,,,,,,,,,,,,,,,,,,,,,,,,,,,
543.0,-0.014401949702172716,0.054532311856746674,0.0003870725631713867,0.411590039730072,0.0,0.16174819,0.08254109,1.0003871,0.10355443,0.07823359,9.0979364e-07,-0.0006110668,-0.0032315254,0.005219698,-0.05142723,-0.051077645,-0.020273756,0.203625,0.10727072,1.0,,,,,,,,,,,,,,,,,,,,,,,,,,,,,,,,,,,,,,,,,,,,
544.0,-0.014262985158392985,0.054447539150714874,0.0003870725631713867,0.41622766852378845,0.0,0.16217901,0.08286709,1.0003871,0.10339784,0.07823946,8.67287e-07,-0.0003683567,-0.0029847622,0.0052571297,0.057897266,0.059514582,0.009180025,0.204,0.107463375,1.0,,,,,,,,,,,,,,,,,,,,,,,,,,,,,,,,,,,,,,,,,,,,
545.0,-0.014123853578249695,0.05436364561319351,0.0003870725631713867,0.42085567116737366,0.0,0.16260922,0.08319307,1.0003871,0.10325142,0.07823547,9.134664e-07,-0.0005838871,-0.003196478,0.0051734447,-0.05143763,-0.05107096,-0.020270875,0.204375,0.10765601,1.0,,,,,,,,,,,,,,,,,,,,,,,,,,,,,,,,,,,,,,,,,,,,
546.0,-0.013984685724877637,0.05428067967295647,0.0003870725631713867,0.4255002439022064,0.0,0.16303879,0.08351908,1.0003871,0.10309634,0.07824025,8.716893e-07,-0.0003414154,-0.0029497147,0.0052108765,0.057893015,0.059515424,0.009182038,0.20475,0.107848614,1.0,,,,,,,,,,,,,,,,,,,,,,,,,,,,,,,,,,,,,,,,,,,,
547.0,-0.013845379079738634,0.054198555648326874,0.0003870725631713867,0.43013423681259155,0.0,0.16346776,0.08384506,1.0003871,0.102951445,0.07823517,9.170768e-07,-0.0005569458,-0.0031614304,0.0051271915,-0.051448025,-0.051064275,-0.020267988,0.205125,0.1080412,1.0,,,,,,,,,,,,,,,,,,,,,,,,,,,,,,,,,,,,,,,,,,,,
548.0,-0.013706063129946416,0.054117340594530106,0.0003870725631713867,0.4347838759422302,0.0,0.16389608,0.08417105,1.0003871,0.10279788,0.07823886,8.760289e-07,-0.0003144741,-0.0029146671,0.0051646233,0.057888765,0.059516266,0.009184044,0.2055,0.10823375,1.0,,,,,,,,,,,,,,,,,,,,,,,,,,,,,,,,,,,,,,,,,,,,
549.0,-0.013566639016952833,0.05403707176446915,0.0003870725631713867,0.43942195177078247,0.0,0.1643238,0.08449702,1.0003871,0.102654494,0.07823269,9.2062487e-07,-0.0005297661,-0.0031263828,0.0050809383,-0.05145842,-0.051057592,-0.020265097,0.205875,0.10842627,1.0,,,,,,,,,,,,,,,,,,,,,,,,,,,,,,,,,,,,,,,,,,,,
550.0,-0.013623239999641375,0.05395772308111191,0.0003870725631713867,0.4375412166118622,0.0,0.1647509,0.084823,1.0003871,0.10250245,0.0782353,8.803058e-07,-0.0002875328,-0.0028796196,0.00511837,0.057884518,0.05951711,0.009186044,0.20625,0.10861877,1.0,,,,,,,,,,,,,,,,,,,,,,,,,,,,,,,,,,,,,,,,,,,,
551.0,-0.01376820136261522,0.053879253566265106,0.0003870725631713867,0.43269991874694824,0.0,0.1651774,0.08514895,1.0003871,0.102360584,0.07822804,9.241107e-07,-0.0005030632,-0.0030910969,0.005034685,-0.051468804,-0.051050913,-0.020262202,0.206625,0.108811244,1.0,,,,,,,,,,,,,,,,,,,,,,,,,,,,,,,,,,,,,,,,,,,,
552.0,-0.013913416883678295,0.0538017638027668,0.0003870725631713867,0.42786550521850586,0.0,0.16560328,0.08547491,1.0003871,0.10221005,0.07822957,8.8452003e-07,-0.0002605915,-0.0028443336,0.005072117,0.057880275,0.059517954,0.009188039,0.207,0.10900369,1.0,,,,,,,,,,,,,,,,,,,,,,,,,,,,,,,,,,,,,,,,,,,,
553.0,-0.01405795928644657,0.05372518301010132,0.0003870725631713867,0.4230383336544037,0.0,0.16602857,0.08580083,1.0003871,0.1020697,0.07822123,9.275342e-07,-0.0004761219,-0.0030560493,0.004988432,-0.051479187,-0.051044237,-0.020259302,0.207375,0.109196104,1.0,,,,,,,,,,,,,,,,,,,,,,,,,,,,,,,,,,,,,,,,,,,,
554.0,-0.014202728724150803,0.05364956334233284,0.0003870725631713867,0.4182189702987671,0.0,0.16645324,0.08612675,1.0003871,0.10192069,0.07822168,8.886718e-07,-0.00023365021,-0.0028092861,0.005026102,0.057876036,0.0595188,0.009190028,0.20775,0.1093885,1.0,,,,,,,,,,,,,,,,,,,,,,,,,,,,,,,,,,,,,,,,,,,,
555.0,-0.014346795495263359,0.05357486009597778,0.0003870963992085308,0.4134078025817871,0.0,0.16687733,0.08645264,1.0003871,0.10178185,0.07821227,9.3089557e-07,-0.00044941902,-0.0030207634,0.0049421787,-0.051489566,-0.05103756,-0.020256398,0.208125,0.10958086,1.0,,,,,,,,,,,,,,,,,,,,,,,,,,,,,,,,,,,,,,,,,,,,
556.0,-0.014491062711703126,0.05350114032626152,0.0003870963992085308,0.40860533714294434,0.0,0.1673008,0.08677852,1.0003872,0.10163436,0.078211635,8.92761e-07,-0.00020694733,-0.0027740002,0.004979849,0.057871796,0.059519645,0.00919201,0.2085,0.1097732,1.0,,,,,,,,,,,,,,,,,,,,,,,,,,,,,,,,,,,,,,,,,,,,
557.0,-0.014634597099847452,0.05342835932970047,0.0003870963992085308,0.40381208062171936,0.0,0.16772372,0.08710436,1.0003872,0.10149704,0.078201145,5.662663e-07,-0.00042247772,-0.0029857159,0.004896164,-0.05149994,-0.051030893,-0.020253489,0.208875,0.1099655,1.0,,,,,,,,,,,,,,,,,,,,,,,,,,,,,,,,,,,,,,,,,,,,
558.0,-0.014778302799357337,0.053356535732746124,0.0003870963992085308,0.399028480052948,0.0,0.16814601,0.08743019,1.0003872,0.10135107,0.07819944,6.1524815e-07,-0.00018024445,-0.0027387142,0.0049335957,0.05786756,0.059520494,0.009193987,0.20925,0.11015778,1.0,,,,,,,,,,,,,,,,,,,,,,,,,,,,,,,,,,,,,,,,,,,,
559.0,-0.01492124204854772,0.05328569933772087,0.0003870963992085308,0.39425522089004517,0.0,0.16856775,0.08775597,1.0003872,0.101215266,0.07818788,6.356084e-07,-0.00039601326,-0.00295043,0.0048499107,-0.05151031,-0.051024225,-0.020250576,0.209625,0.110350035,1.0,,,,,,,,,,,,,,,,,,,,,,,,,,,,,,,,,,,,,,,,,,,,
560.0,-0.015064317871001551,0.05321585014462471,0.0003870963992085308,0.38949277997016907,0.0,0.16898887,0.08808174,1.0003872,0.101070814,0.078185104,6.0369126e-07,-0.00015354156,-0.0027034283,0.004887581,0.05786333,0.05952134,0.009195957,0.21,0.11054226,1.0,,,,,,,,,,,,,,,,,,,,,,,,,,,,,,,,,,,,,,,,,,,,
561.0,-0.015206593859537682,0.05314696952700615,0.0003870963992085308,0.38474181294441223,0.0,0.16940944,0.088407464,1.0003872,0.10093653,0.078172475,6.4242784e-07,-0.00036931038,-0.002915144,0.004803896,-0.051520675,-0.05101756,-0.020247659,0.210375,0.110734455,1.0,,,,,,,,,,,,,,,,,,,,,,,,,,,,,,,,,,,,,,,,,,,,
562.0,-0.015348966035788184,0.05307907611131668,0.0003870963992085308,0.3800029456615448,0.0,0.16982941,0.08873317,1.0003872,0.10079359,0.07816863,6.067375e-07,-0.0001270771,-0.0026681423,0.004841566,0.0578591,0.05952219,0.009197922,0.21075,0.11092663,1.0,,,,,,,,,,,,,,,,,,,,,,,,,,,,,,,,,,,,,,,,,,,,
563.0,-0.01549050183825457,0.0530121810734272,0.0003870963992085308,0.3752768039703369,0.0,0.17024884,0.08905881,1.0003872,0.10066083,0.07815494,6.457419e-07,-0.00034284592,-0.0028796196,0.0047576427,-0.051531035,-0.0510109,-0.020244736,0.211125,0.11111877,1.0,,,,,,,,,,,,,,,,,,,,,,,,,,,,,,,,,,,,,,,,,,,,
564.0,-0.015632097291739776,0.052946291863918304,0.0003870963992085308,0.3705640137195587,0.0,0.17066766,0.08938444,1.0003872,0.10051941,0.07815003,6.1053e-07,-0.00010061264,-0.0026328564,0.004795313,0.057854876,0.05952304,0.009199881,0.2115,0.111310884,1.0,,,,,,,,,,,,,,,,,,,,,,,,,,,,,,,,,,,,,,,,,,,,
565.0,-0.01577281165767199,0.052881382405757904,0.00038714410038664937,0.36586540937423706,0.0,0.17108594,0.08971,1.0003872,0.10038817,0.07813527,6.488042e-07,-0.00031638145,-0.0028443336,0.004711628,-0.05154139,-0.05100424,-0.020241808,0.211875,0.11150297,1.0,,,,,,,,,,,,,,,,,,,,,,,,,,,,,,,,,,,,,,,,,,,,
566.0,-0.01591353992345103,0.05281750112771988,0.00038714410038664937,0.36118167638778687,0.0,0.17150365,0.090035535,1.0003872,0.10024827,0.0781293,6.143047e-07,-7.414818e-05,-0.0025975704,0.004749298,0.05785065,0.059523888,0.009201833,0.21225,0.11169503,1.0,,,,,,,,,,,,,,,,,,,,,,,,,,,,,,,,,,,,,,,,,,,,
567.0,-0.016053344234901307,0.05275462940335274,0.00038714410038664937,0.3565135598182678,0.0,0.1719208,0.09036101,1.0003872,0.10011855,0.078113474,6.517941e-07,-0.000289917,-0.0028090477,0.004665613,-0.051551744,-0.050997585,-0.020238878,0.212625,0.11188706,1.0,,,,,,,,,,,,,,,,,,,,,,,,,,,,,,,,,,,,,,,,,,,,
568.0,-0.0161931145077906,0.05269278213381767,0.00038714410038664937,0.3518619239330292,0.0,0.1723374,0.090686455,1.0003872,0.09998017,0.07810645,6.180197e-07,-4.7683716e-05,-0.002562046,0.0047032833,0.05784643,0.05952474,0.00920378,0.213,0.11207906,1.0,,,,,,,,,,,,,,,,,,,,,,,,,,,,,,,,,,,,,,,,,,,,
569.0,-0.01633190866748046,0.052631963044404984,0.00038714410038664937,0.34722763299942017,0.0,0.17275344,0.09101183,1.0003872,0.099851966,0.07808957,6.547216e-07,-0.00026345253,-0.0027735233,0.0046195984,-0.051562093,-0.05099093,-0.02023594,0.213375,0.11227103,1.0,,,,,,,,,,,,,,,,,,,,,,,,,,,,,,,,,,,,,,,,,,,,
570.0,-0.01647061842567928,0.05257217958569527,0.00038714410038664937,0.34261149168014526,0.0,0.17316893,0.09133717,1.0003872,0.09971511,0.07808149,6.216727e-07,-2.1457672e-05,-0.0025265217,0.0046572685,0.057842214,0.059525594,0.00920572,0.21375,0.11246298,1.0,,,,,,,,,,,,,,,,,,,,,,,,,,,,,,,,,,,,,,,,,,,,
571.0,-0.016608302544333858,0.05251340940594673,0.00038714410038664937,0.33801454305648804,0.0,0.17358387,0.09166243,1.0003872,0.099588424,0.078063555,6.575873e-07,-0.00023722649,-0.002737999,0.0045735836,-0.051572435,-0.050984282,-0.020233002,0.214125,0.1126549,1.0,,,,,,,,,,,,,,,,,,,,,,,,,,,,,,,,,,,,,,,,,,,,
572.0,-0.016745834880843177,0.05245570093393326,0.00038714410038664937,0.33343765139579773,0.0,0.17399827,0.091987655,1.0003872,0.09945309,0.07805441,6.2526345e-07,5.00679e-06,-0.0024912357,0.0046112537,0.057837997,0.059526447,0.009207656,0.2145,0.11284679,1.0,,,,,,,,,,,,,,,,,,,,,,,,,,,,,,,,,,,,,,,,,,,,
573.0,-0.016882311496038166,0.05239902809262276,0.00038714410038664937,0.3288819491863251,0.0,0.17441213,0.092312805,1.0003872,0.09932793,0.07803543,6.6039127e-07,-0.00021100044,-0.0027024746,0.004527569,-0.051582772,-0.050977632,-0.020230057,0.214875,0.11303865,1.0,,,,,,,,,,,,,,,,,,,,,,,,,,,,,,,,,,,,,,,,,,,,
574.0,-0.017018523173489668,0.05234342813491821,0.00038714410038664937,0.3243483603000641,0.0,0.17482543,0.09263791,1.0003872,0.09919412,0.078025244,6.2879224e-07,3.0994415e-05,-0.0024557114,0.004565239,0.057833787,0.0595273,0.009209584,0.21525,0.11323048,1.0,,,,,,,,,,,,,,,,,,,,,,,,,,,,,,,,,,,,,,,,,,,,
575.0,-0.017153667738345396,0.052288882434368134,0.00038714410038664937,0.31983810663223267,0.0,0.17523822,0.09296293,1.0003872,0.099070475,0.0780052,6.6313345e-07,-0.0001847744,-0.0026669502,0.004481554,-0.051593106,-0.05097099,-0.020227106,0.215625,0.11342229,1.0,,,,,,,,,,,,,,,,,,,,,,,,,,,,,,,,,,,,,,,,,,,,
576.0,-0.01728842420042929,0.05223540589213371,0.00038714410038664937,0.31535232067108154,0.0,0.17565048,0.09328791,1.0003872,0.09893819,0.077993974,6.32259e-07,5.722046e-05,-0.002420187,0.004519224,0.057829577,0.059528153,0.009211507,0.216,0.11361407,1.0,,,,,,,,,,,,,,,,,,,,,,,,,,,,,,,,,,,,,,,,,,,,
577.0,-0.01742209207537817,0.052182942628860474,0.00038714410038664937,0.3108922839164734,0.0,0.17606221,0.09361279,1.0003872,0.09881607,0.07797289,6.65814e-07,-0.00015878677,-0.0026314259,0.0044355392,-0.051603436,-0.050964348,-0.020224152,0.216375,0.113805816,1.0,,,,,,,,,,,,,,,,,,,,,,,,,,,,,,,,,,,,,,,,,,,,
578.0,-0.017555246379808525,0.05213162302970886,0.00038714410038664937,0.3064591884613037,0.0,0.1764734,0.09393763,1.0003872,0.0986853,0.07796061,6.3566364e-07,8.3208084e-05,-0.0023844242,0.004473448,0.05782537,0.05952901,0.009213424,0.21675,0.113997534,1.0,,,,,,,,,,,,,,,,,,,,,,,,,,,,,,,,,,,,,,,,,,,,
579.0,-0.017686638993551607,0.0520813949406147,0.00038714410038664937,0.3020544648170471,0.0,0.17688408,0.09426238,1.0003872,0.09856471,0.07793848,6.68433e-07,-0.00013256073,-0.0025959015,0.0043895245,-0.05161376,-0.05095771,-0.020221194,0.217125,0.11418923,1.0,,,,,,,,,,,,,,,,,,,,,,,,,,,,,,,,,,,,,,,,,,,,
580.0,-0.01781738204155554,0.052032165229320526,0.00038714410038664937,0.29767945408821106,0.0,0.17729422,0.09458706,1.0003872,0.09843546,0.07792516,6.3900643e-07,0.00010943413,-0.0023488998,0.004427433,0.057821166,0.059529867,0.009215334,0.2175,0.11438089,1.0,,,,,,,,,,,,,,,,,,,,,,,,,,,,,,,,,,,,,,,,,,,,
581.0,-0.017946976592286955,0.05198398232460022,0.00038714410038664937,0.2933357357978821,0.0,0.17770387,0.09491165,1.0003872,0.09831639,0.077902,6.7099035e-07,-0.000106573105,-0.0025601387,0.004343748,-0.051624082,-0.050951075,-0.02021823,0.217875,0.114572525,1.0,,,,,,,,,,,,,,,,,,,,,,,,,,,,,,,,,,,,,,,,,,,,
582.0,-0.018075780442751422,0.05193681642413139,0.00038714410038664937,0.2890247106552124,0.0,0.178113,0.09523618,1.0003872,0.09818867,0.07788764,6.422873e-07,0.00013518333,-0.0023133755,0.004381418,0.057816967,0.059530724,0.00921724,0.21825,0.11476413,1.0,,,,,,,,,,,,,,,,,,,,,,,,,,,,,,,,,,,,,,,,,,,,
583.0,-0.018203444917809977,0.05189060419797897,0.00038714410038664937,0.2847481369972229,0.0,0.17852163,0.09556062,1.0003872,0.09807112,0.07786343,6.734862e-07,-8.08239e-05,-0.0025246143,0.0042977333,-0.051634397,-0.05094444,-0.020215264,0.218625,0.11495571,1.0,,,,,,,,,,,,,,,,,,,,,,,,,,,,,,,,,,,,,,,,,,,,
584.0,-0.018330061782691337,0.051845334470272064,0.00038714410038664937,0.2805076539516449,0.0,0.17892973,0.095884986,1.0003872,0.09794492,0.07784803,6.455063e-07,0.00016117096,-0.0022776127,0.004335642,0.05781277,0.05953158,0.009219139,0.219,0.115147255,1.0,,,,,,,,,,,,,,,,,,,,,,,,,,,,,,,,,,,,,,,,,,,,
585.0,-0.01845562828813709,0.05180100351572037,0.00038714410038664937,0.27630504965782166,0.0,0.17933735,0.09620924,1.0003872,0.0978289,0.0778228,6.759206e-07,-5.4836273e-05,-0.0024888515,0.004251957,-0.05164471,-0.05093781,-0.02021229,0.219375,0.11533877,1.0,,,,,,,,,,,,,,,,,,,,,,,,,,,,,,,,,,,,,,,,,,,,
586.0,-0.018580160646827427,0.0517575740814209,0.00038714410038664937,0.2721421420574188,0.0,0.17974445,0.09653344,1.0003872,0.097704224,0.07780637,6.486635e-07,0.00018692017,-0.00224185,0.0042898655,0.057808574,0.05953244,0.009221031,0.21975,0.11553027,1.0,,,,,,,,,,,,,,,,,,,,,,,,,,,,,,,,,,,,,,,,,,,,
587.0,-0.018703758168019703,0.05171503499150276,0.00038714410038664937,0.26802098751068115,0.0,0.18015108,0.09685752,1.0003872,0.097589724,0.0777801,6.7829353e-07,-2.9087067e-05,-0.0024530888,0.0042061806,-0.051655017,-0.050931185,-0.020209314,0.220125,0.115721725,1.0,,,,,,,,,,,,,,,,,,,,,,,,,,,,,,,,,,,,,,,,,,,,
588.0,-0.018825614580691034,0.05167333036661148,0.00038714410038664937,0.26394355297088623,0.0,0.18055719,0.09718153,1.0003872,0.09746658,0.07776264,6.517589e-07,0.00021290779,-0.002206087,0.004244089,0.05780438,0.0595333,0.009222918,0.2205,0.11591316,1.0,,,,,,,,,,,,,,,,,,,,,,,,,,,,,,,,,,,,,,,,,,,,
589.0,-0.018946643751088416,0.05163255333900452,0.00038714410038664937,0.25991204380989075,0.0,0.18096283,0.09750543,1.0003872,0.09735361,0.077735335,6.8060507e-07,-3.33786e-06,-0.002417326,0.004160166,-0.051665317,-0.05092456,-0.020206334,0.220875,0.116104566,1.0,,,,,,,,,,,,,,,,,,,,,,,,,,,,,,,,,,,,,,,,,,,,
590.0,-0.01906559130376991,0.0515926294028759,0.00038714410038664937,0.255928635597229,0.0,0.18136796,0.09782925,1.0003872,0.097231984,0.07771685,6.547926e-07,0.00023841858,-0.0021703243,0.0041980743,0.057800192,0.059534162,0.009224799,0.22125,0.11629594,1.0,,,,,,,,,,,,,,,,,,,,,,,,,,,,,,,,,,,,,,,,,,,,
591.0,-0.0191837592122145,0.05155356973409653,0.00038714410038664937,0.2519957721233368,0.0,0.18177263,0.09815295,1.0003872,0.09712053,0.07768852,6.828552e-07,2.2411346e-05,-0.0023815632,0.0041143894,-0.051675618,-0.05091794,-0.020203348,0.221625,0.11648729,1.0,,,,,,,,,,,,,,,,,,,,,,,,,,,,,,,,,,,,,,,,,,,,
592.0,-0.01929952009675035,0.051515351980924606,0.00038714410038664937,0.24811574816703796,0.0,0.1821768,0.098476574,1.0003872,0.09700044,0.07766902,6.5776453e-07,0.0002641678,-0.0021345615,0.004152298,0.057796005,0.059535023,0.009226674,0.222,0.1166786,1.0,,,,,,,,,,,,,,,,,,,,,,,,,,,,,,,,,,,,,,,,,,,,
593.0,-0.019414530841041416,0.051478009670972824,0.00038714410038664937,0.2442912757396698,0.0,0.18258052,0.09880007,1.0003872,0.09689052,0.07763966,6.8504414e-07,4.7922134e-05,-0.0023458004,0.004068613,-0.05168591,-0.05091132,-0.020200359,0.222375,0.11686989,1.0,,,,,,,,,,,,,,,,,,,,,,,,,,,,,,,,,,,,,,,,,,,,
594.0,-0.019526905560304297,0.051441490650177,0.00038714410038664937,0.24052491784095764,0.0,0.18298373,0.099123485,1.0003872,0.09677195,0.07761913,6.6067486e-07,0.00028967857,-0.0020987988,0.0041065216,0.05779182,0.059535887,0.009228543,0.22275,0.117061146,1.0,,,,,,,,,,,,,,,,,,,,,,,,,,,,,,,,,,,,,,,,,,,,
595.0,-0.019638370480122104,0.05140581727027893,0.00038714410038664937,0.23681950569152832,0.0,0.18338649,0.09944677,1.0003872,0.09666355,0.07758876,6.871717e-07,0.00011372566,-0.0023100376,0.0040228367,-0.042011913,-0.050864935,-0.020177038,0.223125,0.11725238,1.0,,,,,,,,,,,,,,,,,,,,,,,,,,,,,,,,,,,,,,,,,,,,
596.0,-0.019747007710157777,0.05137098953127861,0.00038714410038664937,0.23317788541316986,0.0,0.18378876,0.09976996,1.0003872,0.096546516,0.07756556,6.633693e-07,0.00039601326,-0.0020627975,0.0040607452,0.0674697,0.05957455,0.009255138,0.2235,0.11744358,1.0,,,,,,,,,,,,,,,,,,,,,,,,,,,,,,,,,,,,,,,,,,,,
597.0,-0.019854558916587852,0.05133698135614395,0.00038714410038664937,0.2296030968427658,0.0,0.1841906,0.10009301,1.0003872,0.09643965,0.077530876,6.8810107e-07,0.00022006035,-0.0022740364,0.0039770603,-0.042026702,-0.050857708,-0.020178527,0.223875,0.11763475,1.0,,,,,,,,,,,,,,,,,,,,,,,,,,,,,,,,,,,,,,,,,,,,
598.0,-0.019959099071001404,0.05130382627248764,0.00038716793642379344,0.2260982245206833,0.0,0.18459195,0.10041594,1.0003872,0.09632416,0.07750336,6.65789e-07,0.0005021095,-0.0020270348,0.0040152073,0.06746101,0.059573673,0.009261383,0.22425,0.11782589,1.0,,,,,,,,,,,,,,,,,,,,,,,,,,,,,,,,,,,,,,,,,,,,
599.0,-0.0200623608424532,0.05127144977450371,0.00038716793642379344,0.22266656160354614,0.0,0.18499286,0.100738704,1.0003873,0.09621885,0.077464364,6.885859e-07,0.00032615662,-0.0022380352,0.0039315224,-0.04204148,-0.050850485,-0.020180007,0.224625,0.118017,1.0,,,,,,,,,,,,,,,,,,,,,,,,,,,,,,,,,,,,,,,,,,,,
600.0,-0.020162415585352575,0.05123988911509514,0.00038716793642379344,0.21931134164333344,0.0,0.1853933,0.101061344,1.0003873,0.09610489,0.07743254,2.99875e-07,0.0006079674,-0.0019910336,0.003969431,0.06745233,0.059572797,0.00926762,0.225,0.11820808,1.0,,,,,,,,,,,,,,,,,,,,,,,,,,,,,,,,,,,,,,,,,,,,
601.0,-0.02026098869178386,0.051209188997745514,0.00038716793642379344,0.2160361260175705,0.0,0.18579331,0.1013838,1.0003873,0.09600111,0.07738925,4.071182e-07,0.00043201447,-0.0022022724,0.003885746,-0.042056255,-0.050843265,-0.02018148,0.225375,0.118399136,1.0,,,,,,,,,,,,,,,,,,,,,,,,,,,,,,,,,,,,,,,,,,,,
602.0,-0.020352967269855436,0.051179222762584686,0.00038716793642379344,0.2128443568944931,0.0,0.18619284,0.1017061,1.0003873,0.095888704,0.07735313,3.6758414e-07,0.00071406364,-0.0019550323,0.003923893,0.06744365,0.05957192,0.0092738485,0.22575,0.11859016,1.0,,,,,,,,,,,,,,,,,,,,,,,,,,,,,,,,,,,,,,,,,,,,
603.0,-0.02043555939407961,0.05115009471774101,0.00038716793642379344,0.2097397744655609,0.0,0.18659195,0.102028206,1.0003873,0.09578647,0.077305526,3.9125845e-07,0.0005378723,-0.0021662712,0.0038399696,-0.042071022,-0.050836045,-0.020182947,0.226125,0.11878115,1.0,,,,,,,,,,,,,,,,,,,,,,,,,,,,,,,,,,,,,,,,,,,,
604.0,-0.02051422559410421,0.051121748983860016,0.00038716793642379344,0.20672607421875,0.0,0.1869906,0.102350146,1.0003873,0.095675595,0.07726511,3.7242202e-07,0.0008199215,-0.0019190311,0.0038781166,0.067434974,0.05957105,0.00928007,0.2265,0.118972115,1.0,,,,,,,,,,,,,,,,,,,,,,,,,,,,,,,,,,,,,,,,,,,,
605.0,-0.020590657803637443,0.05109419673681259,0.00038716793642379344,0.203807070851326,0.0,0.18738882,0.10267187,1.0003873,0.0955749,0.07721322,3.896552e-07,0.00064373016,-0.00213027,0.0037944317,-0.042085785,-0.050828826,-0.020184407,0.226875,0.11916305,1.0,,,,,,,,,,,,,,,,,,,,,,,,,,,,,,,,,,,,,,,,,,,,
606.0,-0.02066293784836307,0.051067400723695755,0.00038716793642379344,0.2009865939617157,0.0,0.1877866,0.1029934,1.0003873,0.09546557,0.077168524,3.7340686e-07,0.0009255409,-0.0018830299,0.0038325787,0.0674263,0.05957018,0.0092862835,0.22725,0.11935395,1.0,,,,,,,,,,,,,,,,,,,,,,,,,,,,,,,,,,,,,,,,,,,,
607.0,-0.020732756518601674,0.051041413098573685,0.00038716793642379344,0.19826866686344147,0.0,0.18818396,0.103314705,1.0003873,0.09536641,0.07711235,3.884522e-07,0.0007493496,-0.0020942688,0.0037488937,-0.04210054,-0.050821614,-0.020185858,0.227625,0.11954483,1.0,,,,,,,,,,,,,,,,,,,,,,,,,,,,,,,,,,,,,,,,,,,,
608.0,-0.020798197887529388,0.051016222685575485,0.00038716793642379344,0.1956571638584137,0.0,0.18858087,0.1036358,1.0003873,0.09525862,0.07706336,3.7379317e-07,0.0010311604,-0.0018470287,0.0037870407,0.06741764,0.05956931,0.00929249,0.228,0.11973567,1.0,,,,,,,,,,,,,,,,,,,,,,,,,,,,,,,,,,,,,,,,,,,,
609.0,-0.020860957174560463,0.05099177360534668,0.00038716793642379344,0.19315612316131592,0.0,0.18897738,0.10395665,1.0003873,0.09516101,0.077002905,3.8688643e-07,0.000854969,-0.0020580292,0.0037031174,-0.04211529,-0.0508144,-0.020187303,0.228375,0.11992648,1.0,,,,,,,,,,,,,,,,,,,,,,,,,,,,,,,,,,,,,,,,,,,,
610.0,-0.020919122396339668,0.05096805840730667,0.00038716793642379344,0.19076940417289734,0.0,0.18937343,0.10427727,1.0003873,0.09505477,0.07694965,3.737613e-07,0.0011367798,-0.0018110275,0.0037412643,0.06740898,0.059568442,0.009298688,0.22875,0.12011727,1.0,,,,,,,,,,,,,,,,,,,,,,,,,,,,,,,,,,,,,,,,,,,,
611.0,-0.020974397447305095,0.050945132970809937,0.00038716793642379344,0.1885010153055191,0.0,0.1897691,0.10459762,1.0003873,0.09495869,0.07688492,3.8491666e-07,0.00096035004,-0.002022028,0.0036575794,-0.04213003,-0.05080719,-0.020188741,0.229125,0.12030803,1.0,,,,,,,,,,,,,,,,,,,,,,,,,,,,,,,,,,,,,,,,,,,,
612.0,-0.021024877198084144,0.05092298239469528,0.00038716793642379344,0.18635478615760803,0.0,0.19016433,0.104917735,1.0003873,0.09485399,0.076827385,3.7332202e-07,0.0012421608,-0.0017747879,0.0036957264,0.06740032,0.059567578,0.009304879,0.2295,0.12049875,1.0,,,,,,,,,,,,,,,,,,,,,,,,,,,,,,,,,,,,,,,,,,,,
613.0,-0.021072277819761075,0.05090155079960823,0.00038716793642379344,0.18433447182178497,0.0,0.19055915,0.105237566,1.0003873,0.09475946,0.076758385,3.8254151e-07,0.001065731,-0.0019857883,0.0036120415,-0.042144764,-0.05079998,-0.020190174,0.229875,0.120689444,1.0,,,,,,,,,,,,,,,,,,,,,,,,,,,,,,,,,,,,,,,,,,,,
614.0,-0.021114737425565546,0.050880830734968185,0.00038716793642379344,0.18244369328022003,0.0,0.19095355,0.105557136,1.0003873,0.094656296,0.07669659,3.7247685e-07,0.0013473034,-0.0017385483,0.0036501884,0.06739167,0.059566714,0.009311062,0.23025,0.120880105,1.0,,,,,,,,,,,,,,,,,,,,,,,,,,,,,,,,,,,,,,,,,,,,
615.0,-0.02115395878073177,0.05086091160774231,0.00038716793642379344,0.18068598210811615,0.0,0.19134757,0.10587639,1.0003873,0.09456331,0.07662333,3.797618e-07,0.0011708736,-0.0019495487,0.0035665035,-0.042159494,-0.050792776,-0.020191597,0.230625,0.12107074,1.0,,,,,,,,,,,,,,,,,,,,,,,,,,,,,,,,,,,,,,,,,,,,
616.0,-0.02118806719252898,0.05084168165922165,0.00038716793642379344,0.1790645718574524,0.0,0.19174115,0.10619538,1.0003873,0.09446169,0.07655728,3.712267e-07,0.0014526844,-0.0017025471,0.003604889,0.06738303,0.059565853,0.009317238,0.231,0.12126134,1.0,,,,,,,,,,,,,,,,,,,,,,,,,,,,,,,,,,,,,,,,,,,,
617.0,-0.021218812314284154,0.05082320421934128,0.00038716793642379344,0.17758256196975708,0.0,0.19213437,0.10651405,1.0003873,0.094370246,0.07647976,3.7657836e-07,0.0012762547,-0.0019135475,0.0035209656,-0.042174216,-0.050785575,-0.020193014,0.231375,0.121451914,1.0,,,,,,,,,,,,,,,,,,,,,,,,,,,,,,,,,,,,,,,,,,,,
618.0,-0.02124498445025529,0.05080544948577881,0.00038716793642379344,0.17624269425868988,0.0,0.19252716,0.10683242,1.0003873,0.09427017,0.07640945,3.6957252e-07,0.001557827,-0.0016663074,0.003559351,0.067374386,0.059564993,0.009323405,0.23175,0.12164246,1.0,,,,,,,,,,,,,,,,,,,,,,,,,,,,,,,,,,,,,,,,,,,,
619.0,-0.021266939713290776,0.05078844353556633,0.00038716793642379344,0.17504751682281494,0.0,0.19291958,0.10715046,1.0003873,0.09418026,0.07632769,3.7299216e-07,0.0013811588,-0.0018773079,0.0034754276,-0.042188935,-0.050778374,-0.020194424,0.232125,0.121832974,1.0,,,,,,,,,,,,,,,,,,,,,,,,,,,,,,,,,,,,,,,,,,,,
620.0,-0.021284070317477748,0.05077214911580086,0.00038716793642379344,0.17399916052818298,0.0,0.19331159,0.10746818,1.0003873,0.09408173,0.07625314,3.6751518e-07,0.0016627312,-0.0016300678,0.003513813,0.06736575,0.059564132,0.009329566,0.2325,0.122023456,1.0,,,,,,,,,,,,,,,,,,,,,,,,,,,,,,,,,,,,,,,,,,,,
621.0,-0.02129680479395029,0.05075656250119209,0.00038716793642379344,0.17309944331645966,0.0,0.19370322,0.10778554,1.0003873,0.093993366,0.07616712,3.690041e-07,0.0014863014,-0.0018410683,0.003430128,-0.042203642,-0.050771173,-0.020195827,0.232875,0.12221391,1.0,,,,,,,,,,,,,,,,,,,,,,,,,,,,,,,,,,,,,,,,,,,,
622.0,-0.021305165305121047,0.05074167996644974,0.00038716793642379344,0.172349750995636,0.0,0.19409446,0.108102575,1.0003873,0.093896374,0.07608833,3.6505568e-07,0.0017676353,-0.0015938282,0.0034685135,0.06735712,0.059563275,0.009335718,0.23325,0.12240433,1.0,,,,,,,,,,,,,,,,,,,,,,,,,,,,,,,,,,,,,,,,,,,,
623.0,-0.021309149812317633,0.050727538764476776,0.00038716793642379344,0.17175111174583435,0.0,0.19448534,0.10841923,1.0003873,0.09380956,0.07599808,3.6461512e-07,0.0015909672,-0.0018045902,0.0033845901,-0.042218346,-0.05076398,-0.020197222,0.233625,0.122594714,1.0,,,,,,,,,,,,,,,,,,,,,,,,,,,,,,,,,,,,,,,,,,,,
624.0,-0.021308803748279752,0.05071408301591873,0.00038716793642379344,0.1713041067123413,0.0,0.1948758,0.10873555,1.0003873,0.09371411,0.07591505,3.6219484e-07,0.0018725395,-0.0015573502,0.0034229755,0.067348495,0.059562422,0.009341863,0.234,0.12278508,1.0,,,,,,,,,,,,,,,,,,,,,,,,,,,,,,,,,,,,,,,,,,,,
625.0,-0.021304139658946952,0.050701357424259186,0.00038716793642379344,0.1710088849067688,0.0,0.19526593,0.109051466,1.0003873,0.09362883,0.07582057,3.5982612e-07,0.0016958714,-0.0017683506,0.0033392906,-0.042233042,-0.050756786,-0.020198612,0.234375,0.12297541,1.0,,,,,,,,,,,,,,,,,,,,,,,,,,,,,,,,,,,,,,,,,,,,
626.0,-0.02129521166245977,0.050689321011304855,0.00038716793642379344,0.17086508870124817,0.0,0.19565566,0.10936702,1.0003873,0.09353493,0.07573331,3.5893362e-07,0.0019772053,-0.0015211105,0.003377676,0.067339875,0.059561566,0.009348,0.23475,0.123165704,1.0,,,,,,,,,,,,,,,,,,,,,,,,,,,,,,,,,,,,,,,,,,,,
627.0,-0.021282297501992432,0.05067797750234604,0.00038716793642379344,0.1708720326423645,0.0,0.19604504,0.109682165,1.0003873,0.093451194,0.075634606,3.5463802e-07,0.0018005371,-0.0017318726,0.0032937527,-0.042247735,-0.050749592,-0.020199992,0.235125,0.12335597,1.0,,,,,,,,,,,,,,,,,,,,,,,,,,,,,,,,,,,,,,,,,,,,
628.0,-0.021264902753652132,0.05066734552383423,0.00038716793642379344,0.17102846503257751,0.0,0.19643404,0.10999693,1.0003873,0.09335884,0.07554313,3.552729e-07,0.002081871,-0.0014846325,0.0033323765,0.06733126,0.059560716,0.00935413,0.2355,0.123546205,1.0,,,,,,,,,,,,,,,,,,,,,,,,,,,,,,,,,,,,,,,,,,,,
629.0,-0.02124403543408553,0.05065738409757614,0.00038721560849808156,0.17133277654647827,0.0,0.19682269,0.11031126,1.0003873,0.09327664,0.0754402,3.490517e-07,0.0019052029,-0.0016956329,0.0032484531,-0.04226242,-0.050742403,-0.020201366,0.235875,0.12373641,1.0,,,,,,,,,,,,,,,,,,,,,,,,,,,,,,,,,,,,,,,,,,,,
630.0,-0.021218510424009587,0.05064814165234566,0.00038721560849808156,0.17178292572498322,0.0,0.19721097,0.1106252,1.0003873,0.09318583,0.075344495,3.512136e-07,0.0021865368,-0.0014483929,0.003287077,0.06732265,0.059559863,0.009360252,0.23625,0.12392659,1.0,,,,,,,,,,,,,,,,,,,,,,,,,,,,,,,,,,,,,,,,,,,,
631.0,-0.021190060266127696,0.050639551132917404,0.00038721560849808156,0.17237645387649536,0.0,0.1975989,0.11093869,1.0003873,0.09310518,0.075237356,3.430681e-07,0.0020096302,-0.0016591549,0.0032031536,-0.042277098,-0.050735217,-0.020202734,0.236625,0.12411673,1.0,,,,,,,,,,,,,,,,,,,,,,,,,,,,,,,,,,,,,,,,,,,,
632.0,-0.021156979039161524,0.050631649792194366,0.00038721560849808156,0.17311058938503265,0.0,0.19798647,0.11125176,1.0003873,0.09301591,0.075137444,3.4675665e-07,0.0022909641,-0.0014119148,0.0032417774,0.06731404,0.059559014,0.009366367,0.237,0.12430684,1.0,,,,,,,,,,,,,,,,,,,,,,,,,,,,,,,,,,,,,,,,,,,,
633.0,-0.021121195593966698,0.05062439292669296,0.00038721560849808156,0.1739821881055832,0.0,0.1983737,0.11156437,1.0003873,0.09293681,0.075026095,3.366881e-07,0.0021140575,-0.0016226768,0.003157854,-0.042291768,-0.05072803,-0.020204095,0.237375,0.12449693,1.0,,,,,,,,,,,,,,,,,,,,,,,,,,,,,,,,,,,,,,,,,,,,
634.0,-0.021081006904800602,0.050617821514606476,0.00038721560849808156,0.1749878227710724,0.0,0.19876057,0.11187654,1.0003873,0.092849076,0.07492198,3.4190293e-07,0.002395153,-0.0013754368,0.003196478,0.067305446,0.059558168,0.009372474,0.23775,0.12468698,1.0,,,,,,,,,,,,,,,,,,,,,,,,,,,,,,,,,,,,,,,,,,,,
635.0,-0.021038353491347514,0.05061193183064461,0.00038721560849808156,0.17612376809120178,0.0,0.19914712,0.112188235,1.0003873,0.09277152,0.07480642,3.299126e-07,0.0022182465,-0.0015861988,0.0031125546,-0.042306434,-0.050720852,-0.020205447,0.238125,0.124877,1.0,,,,,,,,,,,,,,,,,,,,,,,,,,,,,,,,,,,,,,,,,,,,
636.0,-0.020991535500464672,0.05060667544603348,0.00038721560849808156,0.1773861050605774,0.0,0.19953331,0.112499475,1.0003873,0.092685334,0.074698105,3.366534e-07,0.002499342,-0.0013389587,0.0031511784,0.06729685,0.059557322,0.009378573,0.2385,0.12506698,1.0,,,,,,,,,,,,,,,,,,,,,,,,,,,,,,,,,,,,,,,,,,,,
637.0,-0.020942317478345653,0.05060207098722458,0.00038721560849808156,0.17877069115638733,0.0,0.19991918,0.112810224,1.0003873,0.09260932,0.07457836,3.2274252e-07,0.0023224354,-0.0015497208,0.003067255,-0.042321093,-0.05071367,-0.020206794,0.238875,0.12525694,1.0,,,,,,,,,,,,,,,,,,,,,,,,,,,,,,,,,,,,,,,,,,,,
638.0,-0.020889174588964676,0.050598107278347015,0.00038721560849808156,0.18027326464653015,0.0,0.2003047,0.113120496,1.0003873,0.09252468,0.07446585,3.3100883e-07,0.002603531,-0.0013024807,0.0031058788,0.06728826,0.05955648,0.009384665,0.23925,0.12544687,1.0,,,,,,,,,,,,,,,,,,,,,,,,,,,,,,,,,,,,,,,,,,,,
639.0,-0.02083405410045525,0.0505947545170784,0.00038721560849808156,0.1818893998861313,0.0,0.20068991,0.113430254,1.0003873,0.09245021,0.07434191,3.1517877e-07,0.0024266243,-0.0015132427,0.0030219555,-0.042335745,-0.050706495,-0.020208133,0.239625,0.12563676,1.0,,,,,,,,,,,,,,,,,,,,,,,,,,,,,,,,,,,,,,,,,,,,
640.0,-0.020775254374275392,0.05059199407696724,0.00038721560849808156,0.1836145967245102,0.0,0.20107478,0.11373953,1.0003873,0.09236712,0.07422521,3.2497024e-07,0.0027077198,-0.0012657642,0.0030605793,0.067279674,0.059555635,0.009390749,0.24,0.12582663,1.0,,,,,,,,,,,,,,,,,,,,,,,,,,,,,,,,,,,,,,,,,,,,
641.0,-0.020714721846998147,0.050589848309755325,0.00038721560849808156,0.18544434010982513,0.0,0.20145933,0.114048265,1.0003873,0.092294194,0.07409708,3.0722222e-07,0.0025305748,-0.0014765263,0.002976656,-0.04235039,-0.050699316,-0.020209465,0.240375,0.12601645,1.0,,,,,,,,,,,,,,,,,,,,,,,,,,,,,,,,,,,,,,,,,,,,
642.0,-0.020650751085206868,0.05058828741312027,0.00038721560849808156,0.1873740255832672,0.0,0.20184356,0.114356495,1.0003873,0.09221264,0.073976204,3.185385e-07,0.0028116703,-0.0012292862,0.0030155182,0.06727109,0.059554797,0.009396825,0.24075,0.12620625,1.0,,,,,,,,,,,,,,,,,,,,,,,,,,,,,,,,,,,,,,,,,,,,
643.0,-0.020585286725879996,0.050587259232997894,0.00038721560849808156,0.1893990933895111,0.0,0.20222747,0.11466418,1.0003873,0.09214126,0.0738439,2.988738e-07,0.0026345253,-0.0014400482,0.0029315948,-0.04236503,-0.050692145,-0.020210791,0.241125,0.12639603,1.0,,,,,,,,,,,,,,,,,,,,,,,,,,,,,,,,,,,,,,,,,,,,
644.0,-0.020516616591159255,0.050586771219968796,0.00038721560849808156,0.1915150135755539,0.0,0.20261106,0.11497134,1.0003873,0.09206126,0.07371884,3.1171447e-07,0.0029153824,-0.0011925697,0.0029702187,0.067262515,0.05955396,0.009402894,0.2415,0.12658577,1.0,,,,,,,,,,,,,,,,,,,,,,,,,,,,,,,,,,,,,,,,,,,,
645.0,-0.02044716102141829,0.050586819648742676,0.00038721560849808156,0.19371728599071503,0.0,0.20299436,0.11527794,1.0003873,0.09199142,0.07358236,2.9013438e-07,0.0027382374,-0.0014033318,0.0028862953,-0.042379662,-0.050684974,-0.020212108,0.241875,0.12677546,1.0,,,,,,,,,,,,,,,,,,,,,,,,,,,,,,,,,,,,,,,,,,,,
646.0,-0.020374185300707177,0.05058736726641655,0.00038721560849808156,0.19600147008895874,0.0,0.20337734,0.11558399,1.0003873,0.09191296,0.073453136,3.044991e-07,0.0030190945,-0.0011558533,0.0029251575,0.06725394,0.05955312,0.009408955,0.24225,0.12696514,1.0,,,,,,,,,,,,,,,,,,,,,,,,,,,,,,,,,,,,,,,,,,,,
647.0,-0.020301081681551297,0.050588417798280716,0.00038721560849808156,0.1983632594347,0.0,0.20376001,0.11588946,1.0003873,0.09184467,0.073312484,2.8100482e-07,0.0028419495,-0.0013666153,0.0028412342,-0.04239429,-0.050677806,-0.02021342,0.242625,0.12715478,1.0,,,,,,,,,,,,,,,,,,,,,,,,,,,,,,,,,,,,,,,,,,,,
648.0,-0.020224291614907273,0.050589948892593384,0.00038721560849808156,0.2007984071969986,0.0,0.20414238,0.116194375,1.0003873,0.09176776,0.073179096,2.968933e-07,0.0031228065,-0.0011193752,0.0028800964,0.06724538,0.059552286,0.009415009,0.243,0.12734438,1.0,,,,,,,,,,,,,,,,,,,,,,,,,,,,,,,,,,,,,,,,,,,,
649.0,-0.020147582139453155,0.05059194564819336,0.00038721560849808156,0.20330274105072021,0.0,0.20452447,0.11649868,1.0003873,0.09170101,0.07303428,2.7148607e-07,0.0029454231,-0.0013298988,0.0027959347,-0.04240891,-0.05067064,-0.020214725,0.243375,0.12753397,1.0,,,,,,,,,,,,,,,,,,,,,,,,,,,,,,,,,,,,,,,,,,,,
650.0,-0.02006738607849693,0.05059434100985527,0.00038721560849808156,0.2058722823858261,0.0,0.20490624,0.11680242,1.0003873,0.091625646,0.072896734,2.8889784e-07,0.0032262802,-0.0010826588,0.0028350353,0.06723682,0.05955145,0.009421056,0.24375,0.12772352,1.0,,,,,,,,,,,,,,,,,,,,,,,,,,,,,,,,,,,,,,,,,,,,
651.0,-0.019987464333428948,0.0505971796810627,0.00038721560849808156,0.20850315690040588,0.0,0.20528774,0.117105536,1.0003873,0.091560446,0.07274777,2.6157903e-07,0.0030488968,-0.0012931824,0.0027508736,-0.042423524,-0.050663475,-0.020216022,0.244125,0.12791303,1.0,,,,,,,,,,,,,,,,,,,,,,,,,,,,,,,,,,,,,,,,,,,,
652.0,-0.019904242895584325,0.050600457936525345,0.00038721560849808156,0.21119160950183868,0.0,0.20566894,0.11740806,1.0003873,0.091486625,0.072606064,2.8051372e-07,0.0033297539,-0.0010459423,0.0027899742,0.06722826,0.059550617,0.009427094,0.2445,0.12810251,1.0,,,,,,,,,,,,,,,,,,,,,,,,,,,,,,,,,,,,,,,,,,,,
653.0,-0.019821478648870836,0.050604112446308136,0.00038721560849808156,0.21393397450447083,0.0,0.20604987,0.11770995,1.0003873,0.09142297,0.07245295,2.5128455e-07,0.0031523705,-0.0012564659,0.0027058125,-0.042438135,-0.050656315,-0.020217312,0.244875,0.12829196,1.0,,,,,,,,,,,,,,,,,,,,,,,,,,,,,,,,,,,,,,,,,,,,
654.0,-0.01973558902371151,0.05060812830924988,0.00038721560849808156,0.21672677993774414,0.0,0.2064305,0.11801123,1.0003873,0.0913507,0.0723071,2.7174178e-07,0.0034332275,-0.0010089874,0.002744913,0.067219704,0.059549786,0.009433125,0.24525,0.12848137,1.0,,,,,,,,,,,,,,,,,,,,,,,,,,,,,,,,,,,,,,,,,,,,
655.0,-0.01964998266789189,0.05061250180006027,0.00038721560849808156,0.2195667028427124,0.0,0.20681086,0.11831185,1.0003873,0.09128859,0.072149836,2.4060353e-07,0.0032556057,-0.001219511,0.0026607513,-0.042452734,-0.050649155,-0.020218594,0.245625,0.12867077,1.0,,,,,,,,,,,,,,,,,,,,,,,,,,,,,,,,,,,,,,,,,,,,
656.0,-0.01956143003303878,0.05061724781990051,0.00038721560849808156,0.22245050966739655,0.0,0.20719095,0.11861185,1.0003873,0.09121786,0.07199985,2.6258294e-07,0.0035364628,-0.00097227097,0.002699852,0.06721116,0.05954896,0.009439149,0.246,0.12886012,1.0,,,,,,,,,,,,,,,,,,,,,,,,,,,,,,,,,,,,,,,,,,,,
657.0,-0.019473674769121867,0.050622325390577316,0.00038721560849808156,0.22537513077259064,0.0,0.20757076,0.11891118,1.0003873,0.091157295,0.071838446,2.2953687e-07,0.003358841,-0.0011827946,0.0026156902,-0.04246733,-0.050642,-0.020219872,0.246375,0.12904944,1.0,,,,,,,,,,,,,,,,,,,,,,,,,,,,,,,,,,,,,,,,,,,,
658.0,-0.01938311948860792,0.05062773823738098,0.00038721560849808156,0.2283376306295395,0.0,0.2079503,0.11920986,1.0003873,0.091088116,0.07168432,2.5303808e-07,0.0036394596,-0.0009353161,0.0026547909,0.06720262,0.059548132,0.009445165,0.24675,0.12923872,1.0,,,,,,,,,,,,,,,,,,,,,,,,,,,,,,,,,,,,,,,,,,,,
659.0,-0.01929350475840474,0.05063348263502121,0.00038721560849808156,0.23133516311645508,0.0,0.20832959,0.11950786,1.0003873,0.0910291,0.071518786,2.1808539e-07,0.0034620762,-0.0011458397,0.0025706291,-0.042481918,-0.050634846,-0.02022114,0.247125,0.12942798,1.0,,,,,,,,,,,,,,,,,,,,,,,,,,,,,,,,,,,,,,,,,,,,
660.0,-0.019201225620716286,0.050639558583498,0.00038721560849808156,0.2343650758266449,0.0,0.20870858,0.119805194,1.0003873,0.090961464,0.071360536,2.4310805e-07,0.0037426949,-0.0008985996,0.0026097298,0.06719408,0.059547305,0.009451173,0.2475,0.12961721,1.0,,,,,,,,,,,,,,,,,,,,,,,,,,,,,,,,,,,,,,,,,,,,
661.0,-0.0191100157816647,0.05064591020345688,0.00038721560849808156,0.2374247908592224,0.0,0.20908736,0.12010182,1.0003873,0.090904,0.07119087,2.0625008e-07,0.003565073,-0.0011091232,0.0025258064,-0.0424965,-0.050627694,-0.020222401,0.247875,0.1298064,1.0,,,,,,,,,,,,,,,,,,,,,,,,,,,,,,,,,,,,,,,,,,,,
662.0,-0.019016264088884058,0.05065256357192993,0.00038721560849808156,0.2405119091272354,0.0,0.20946585,0.12039777,1.0003873,0.09083791,0.07102849,2.3279377e-07,0.0038456917,-0.00086164474,0.002564907,0.06718555,0.05954648,0.009457174,0.24825,0.12999557,1.0,,,,,,,,,,,,,,,,,,,,,,,,,,,,,,,,,,,,,,,,,,,,
663.0,-0.01892370448729198,0.05065954476594925,0.00038721560849808156,0.2436240315437317,0.0,0.20984411,0.120693,1.0003873,0.09078199,0.07085471,1.9403171e-07,0.0036678314,-0.0010721684,0.0024807453,-0.042511076,-0.050620545,-0.020223657,0.248625,0.1301847,1.0,,,,,,,,,,,,,,,,,,,,,,,,,,,,,,,,,,,,,,,,,,,,
664.0,-0.018828717093389426,0.05066677927970886,0.00038721560849808156,0.24675899744033813,0.0,0.2102221,0.120987535,1.0003873,0.09071744,0.07068822,2.220961e-07,0.00394845,-0.00082468987,0.002519846,0.06717702,0.05954566,0.009463168,0.249,0.13037379,1.0,,,,,,,,,,,,,,,,,,,,,,,,,,,,,,,,,,,,,,,,,,,,
665.0,-0.018735027716805054,0.05067430064082146,0.00038721560849808156,0.24991470575332642,0.0,0.21059985,0.121281326,1.0003873,0.09066307,0.07051031,1.8143125e-07,0.0037708282,-0.0010352135,0.0024359226,-0.042525645,-0.0506134,-0.020224905,0.249375,0.13056284,1.0,,,,,,,,,,,,,,,,,,,,,,,,,,,,,,,,,,,,,,,,,,,,
666.0,-0.01863901629097236,0.05068207532167435,0.00038726330967620015,0.25308912992477417,0.0,0.21097736,0.12157441,1.0003873,0.09060007,0.07033971,2.1101593e-07,0.0040512085,-0.000787735,0.0024750233,0.0671685,0.05954484,0.009469153,0.24975,0.13075188,1.0,,,,,,,,,,,,,,,,,,,,,,,,,,,,,,,,,,,,,,,,,,,,
667.0,-0.018544404970112376,0.050690144300460815,0.00038726330967620015,0.2562803328037262,0.0,0.21135464,0.12186673,1.0003873,0.09054725,0.0701577,1.6844953e-07,0.0038733482,-0.0009982586,0.0023908615,-0.04254021,-0.050606254,-0.020226147,0.250125,0.13094087,1.0,,,,,,,,,,,,,,,,,,,,,,,,,,,,,,,,,,,,,,,,,,,,
668.0,-0.018447976061122612,0.05069839954376221,0.00038726330967620015,0.259486585855484,0.0,0.21173166,0.122158326,1.0003873,0.090485804,0.06998298,1.9955412e-07,0.004153967,-0.0007507801,0.0024302006,0.06715998,0.05954402,0.0094751315,0.2505,0.13112983,1.0,,,,,,,,,,,,,,,,,,,,,,,,,,,,,,,,,,,,,,,,,,,,
669.0,-0.01835245337230736,0.050706952810287476,0.00038726330967620015,0.26270610094070435,0.0,0.21210848,0.12244915,1.0003873,0.09043452,0.069796875,1.5508745e-07,0.0039761066,-0.0009610653,0.0023460388,-0.042554766,-0.05059911,-0.02022738,0.250875,0.13131876,1.0,,,,,,,,,,,,,,,,,,,,,,,,,,,,,,,,,,,,,,,,,,,,
670.0,-0.018255703827105757,0.05071572586894035,0.00038726330967620015,0.26593729853630066,0.0,0.21248503,0.122739226,1.0003873,0.090374626,0.069618054,1.8771156e-07,0.004256487,-0.0007135868,0.002385378,0.067151465,0.0595432,0.009481102,0.25125,0.13150766,1.0,,,,,,,,,,,,,,,,,,,,,,,,,,,,,,,,,,,,,,,,,,,,
671.0,-0.018159612665951137,0.05072472244501114,0.00038726330967620015,0.269178569316864,0.0,0.21286139,0.12302851,1.0003873,0.09032489,0.06942785,1.4134584e-07,0.0040786266,-0.0009241104,0.0023012161,-0.042569317,-0.05059197,-0.020228608,0.251625,0.13169654,1.0,,,,,,,,,,,,,,,,,,,,,,,,,,,,,,,,,,,,,,,,,,,,
672.0,-0.018062373892348844,0.05073392391204834,0.00038726330967620015,0.2724284827709198,0.0,0.2132375,0.123317026,1.0003873,0.09026654,0.069244936,1.7548913e-07,0.004359007,-0.0006766319,0.0023405552,0.067142956,0.059542384,0.009487065,0.252,0.13188536,1.0,,,,,,,,,,,,,,,,,,,,,,,,,,,,,,,,,,,,,,,,,,,,
673.0,-0.017965866721837667,0.050743311643600464,0.0003873109817504883,0.2756856381893158,0.0,0.2136134,0.12360474,1.0003873,0.09021836,0.06905063,1.2722563e-07,0.004180908,-0.0008869171,0.0022563934,-0.04258386,-0.050584834,-0.020229828,0.252375,0.13207416,1.0,,,,,,,,,,,,,,,,,,,,,,,,,,,,,,,,,,,,,,,,,,,,
674.0,-0.01786828527608741,0.050752926617860794,0.0003873109817504883,0.27894869446754456,0.0,0.21398908,0.123891674,1.0003873,0.090161555,0.06886363,1.6288769e-07,0.0044612885,-0.00063943863,0.0022957325,0.067134455,0.059541572,0.00949302,0.25275,0.13226293,1.0,,,,,,,,,,,,,,,,,,,,,,,,,,,,,,,,,,,,,,,,,,,,
675.0,-0.017771505268488547,0.05076272413134575,0.0003873109817504883,0.2822163701057434,0.0,0.21436456,0.12417778,1.0003873,0.09011492,0.068665236,1.12727655e-07,0.004283428,-0.00084996223,0.0022115707,-0.0425984,-0.050577696,-0.020231042,0.253125,0.13245167,1.0,,,,,,,,,,,,,,,,,,,,,,,,,,,,,,,,,,,,,,,,,,,,
676.0,-0.017674411117195272,0.05077264457941055,0.0003873109817504883,0.285487562417984,0.0,0.21473981,0.12446308,1.0003873,0.09005967,0.06847415,1.4990812e-07,0.00456357,-0.00060248375,0.0022509098,0.067125954,0.05954076,0.009498969,0.2535,0.13264036,1.0,,,,,,,,,,,,,,,,,,,,,,,,,,,,,,,,,,,,,,,,,,,,
677.0,-0.01757738790073054,0.050782788544893265,0.0003873109817504883,0.2887610197067261,0.0,0.21511488,0.12474755,1.0003873,0.09001458,0.06827168,9.785279e-08,0.0043854713,-0.00081276894,0.002166748,-0.042612933,-0.050570566,-0.020232247,0.253875,0.13282904,1.0,,,,,,,,,,,,,,,,,,,,,,,,,,,,,,,,,,,,,,,,,,,,
678.0,-0.017480329687974885,0.05079310014843941,0.0003873109817504883,0.2920357286930084,0.0,0.2154897,0.1250312,1.0003873,0.08996087,0.06807652,1.3655128e-07,0.0046658516,-0.00056529045,0.002206087,0.06711746,0.059539948,0.009504909,0.25425,0.13301767,1.0,,,,,,,,,,,,,,,,,,,,,,,,,,,,,,,,,,,,,,,,,,,,
679.0,-0.01738327525422501,0.0508035309612751,0.0003873109817504883,0.2953106164932251,0.0,0.21586436,0.125314,1.0003873,0.08991733,0.067869976,8.2601915e-08,0.004487753,-0.00077557564,0.0021219254,-0.042627458,-0.050563436,-0.020233447,0.254625,0.13320626,1.0,,,,,,,,,,,,,,,,,,,,,,,,,,,,,,,,,,,,,,,,,,,,
680.0,-0.017286237723284286,0.05081408470869064,0.0003873109817504883,0.29858481884002686,0.0,0.2162388,0.12559596,1.0003873,0.08986518,0.06767074,1.2281804e-07,0.0047678947,-0.00052809715,0.0021612644,0.067108974,0.05953914,0.009510842,0.255,0.13339484,1.0,,,,,,,,,,,,,,,,,,,,,,,,,,,,,,,,,,,,,,,,,,,,
681.0,-0.01718925816546107,0.05082482844591141,0.0003873109817504883,0.3018572926521301,0.0,0.21661307,0.12587704,1.0003873,0.08982319,0.06746012,6.6975886e-08,0.004589796,-0.00073838234,0.0020771027,-0.042641975,-0.050556306,-0.020234639,0.255375,0.13358337,1.0,,,,,,,,,,,,,,,,,,,,,,,,,,,,,,,,,,,,,,,,,,,,
682.0,-0.017092013592341394,0.050835661590099335,0.0003873109817504883,0.30512720346450806,0.0,0.21698712,0.12615727,1.0003873,0.08977258,0.06725682,1.08709266e-07,0.0048696995,-0.00049090385,0.0021166801,0.06710049,0.05953833,0.009516767,0.25575,0.13377187,1.0,,,,,,,,,,,,,,,,,,,,,,,,,,,,,,,,,,,,,,,,,,,,
683.0,-0.016994878318402337,0.050846587866544724,0.0003873109817504883,0.3083937168121338,0.0,0.217361,0.12643662,1.0003873,0.08973214,0.06704214,5.0975576e-08,0.004691601,-0.00070118904,0.0020325184,-0.04265649,-0.05054918,-0.020235825,0.256125,0.13396034,1.0,,,,,,,,,,,,,,,,,,,,,,,,,,,,,,,,,,,,,,,,,,,,
684.0,-0.016897847032200663,0.050857603549957275,0.0003873109817504883,0.31165608763694763,0.0,0.21773468,0.1267151,1.0003873,0.08968308,0.06683478,9.4225825e-08,0.0049717426,-0.00045371056,0.0020718575,0.06709201,0.059537526,0.009522686,0.2565,0.13414878,1.0,,,,,,,,,,,,,,,,,,,,,,,,,,,,,,,,,,,,,,,,,,,,
685.0,-0.01680095359553816,0.05086871236562729,0.0003873109817504883,0.3149135112762451,0.0,0.21810819,0.12699266,1.0003873,0.089644186,0.06661604,3.4601843e-08,0.0047934055,-0.0006637573,0.0019876957,-0.042670995,-0.050542057,-0.020237003,0.256875,0.13433717,1.0,,,,,,,,,,,,,,,,,,,,,,,,,,,,,,,,,,,,,,,,,,,,
686.0,-0.016704204065250815,0.05087985843420029,0.0003873109817504883,0.3181653320789337,0.0,0.21848151,0.12726934,1.0003873,0.08959668,0.066404626,7.9368576e-08,0.0050735474,-0.00041627884,0.0020272732,0.06708354,0.05953672,0.009528596,0.25725,0.13452554,1.0,,,,,,,,,,,,,,,,,,,,,,,,,,,,,,,,,,,,,,,,,,,,
687.0,-0.016607631338482316,0.0508909747004509,0.0003873109817504883,0.32141080498695374,0.0,0.21885468,0.1275451,1.0003873,0.08955933,0.06618183,1.7855552e-08,0.0048952103,-0.000626564,0.0019431114,-0.042685494,-0.050534938,-0.020238174,0.257625,0.13471387,1.0,,,,,,,,,,,,,,,,,,,,,,,,,,,,,,,,,,,,,,,,,,,,
688.0,-0.01651123996961251,0.05090216547250748,0.0003873109817504883,0.3246493637561798,0.0,0.21922766,0.12781997,1.0003873,0.08951338,0.06596637,6.413839e-08,0.0051751137,-0.00037908554,0.001982689,0.067075066,0.05953592,0.009534499,0.258,0.13490218,1.0,,,,,,,,,,,,,,,,,,,,,,,,,,,,,,,,,,,,,,,,,,,,
689.0,-0.016415061373276696,0.05091334506869316,0.0003873109817504883,0.3278803527355194,0.0,0.21960048,0.12809388,1.0003873,0.089477584,0.06573953,7.3755124e-10,0.0049967766,-0.0005891323,0.0018982887,-0.04269999,-0.05052782,-0.020239338,0.258375,0.13509044,1.0,,,,,,,,,,,,,,,,,,,,,,,,,,,,,,,,,,,,,,,,,,,,
690.0,-0.016319097004523792,0.050924479961395264,0.0003873109817504883,0.33110320568084717,0.0,0.21997312,0.12836689,1.0003873,0.08943317,0.06552002,4.8536116e-08,0.00527668,-0.00034165382,0.0019381046,0.0670666,0.05953512,0.009540394,0.25875,0.13527867,1.0,,,,,,,,,,,,,,,,,,,,,,,,,,,,,,,,,,,,,,,,,,,,
691.0,-0.016223526518614383,0.050935596227645874,0.0003873109817504883,0.33431732654571533,0.0,0.22034562,0.12863892,1.0003873,0.08939893,0.06528914,-1.675128e-08,0.005098343,-0.000551939,0.0018537045,-0.042714477,-0.050520703,-0.020240497,0.259125,0.13546687,1.0,,,,,,,,,,,,,,,,,,,,,,,,,,,,,,,,,,,,,,,,,,,,
692.0,-0.016127975482323382,0.050946660339832306,0.0003873109817504883,0.33752232789993286,0.0,0.22071792,0.12891002,1.0003873,0.08935607,0.06506559,3.2562617e-08,0.0053782463,-0.0003042221,0.0018935204,0.067058146,0.05953432,0.009546283,0.2595,0.13565503,1.0,,,,,,,,,,,,,,,,,,,,,,,,,,,,,,,,,,,,,,,,,,,,
693.0,-0.016033614732658318,0.05095762014389038,0.0003873109817504883,0.3407175838947296,0.0,0.22109011,0.12918015,1.0003873,0.08932337,0.064830676,-3.4610103e-08,0.005199909,-0.0005145073,0.0018091202,-0.042728957,-0.050513588,-0.020241648,0.259875,0.13584316,1.0,,,,,,,,,,,,,,,,,,,,,,,,,,,,,,,,,,,,,,,,,,,,
694.0,-0.015938556253151912,0.05096849054098129,0.0003873109817504883,0.34390267729759216,0.0,0.22146212,0.12944934,1.0003873,0.089282066,0.06460309,1.621875e-08,0.005479574,-0.0002670288,0.0018489361,0.06704969,0.05953352,0.009552163,0.26025,0.13603126,1.0,,,,,,,,,,,,,,,,,,,,,,,,,,,,,,,,,,,,,,,,,,,,
695.0,-0.015844718609053236,0.05097921937704086,0.0003873109817504883,0.3470771610736847,0.0,0.22183399,0.12971751,1.0003873,0.08925092,0.06436415,-5.283805e-08,0.005301237,-0.00047707558,0.0017645359,-0.042743433,-0.050506476,-0.020242792,0.260625,0.13621932,1.0,,,,,,,,,,,,,,,,,,,,,,,,,,,,,,,,,,,,,,,,,,,,
696.0,-0.015750267601775704,0.05098985508084297,0.0003873109817504883,0.3502406179904938,0.0,0.22220571,0.12998474,1.0003873,0.08921116,0.06413254,-4.9463383e-10,0.005580902,-0.00022959709,0.0018043518,0.06704124,0.059532724,0.009558036,0.261,0.13640735,1.0,,,,,,,,,,,,,,,,,,,,,,,,,,,,,,,,,,,,,,,,,,,,
697.0,-0.01565706358493626,0.05100036785006523,0.0003873109817504883,0.3533926010131836,0.0,0.2225773,0.13025095,1.0003873,0.089181565,0.06388957,-7.143427e-08,0.005402565,-0.00043964386,0.0017199516,-0.042757902,-0.05049937,-0.020243928,0.261375,0.13659534,1.0,,,,,,,,,,,,,,,,,,,,,,,,,,,,,,,,,,,,,,,,,,,,
698.0,-0.015563267024386734,0.051010627299547195,0.0003873109817504883,0.3565327823162079,0.0,0.22294873,0.13051617,1.0003873,0.08914336,0.06365394,-1.757668e-08,0.00568223,-0.00019192696,0.0017597675,0.06703279,0.05953193,0.009563901,0.26175,0.1367833,1.0,,,,,,,,,,,,,,,,,,,,,,,,,,,,,,,,,,,,,,,,,,,,
699.0,-0.015470738589215032,0.0510207936167717,0.0003873109817504883,0.359660804271698,0.0,0.22332004,0.13078037,1.0003873,0.089115314,0.06340695,-9.039792e-08,0.0055036545,-0.00040221214,0.0016753674,-0.042772364,-0.05049226,-0.020245057,0.262125,0.13697124,1.0,,,,,,,,,,,,,,,,,,,,,,,,,,,,,,,,,,,,,,,,,,,,
700.0,-0.015377639852366707,0.05103077366948128,0.0003873109817504883,0.3627763092517853,0.0,0.22369121,0.13104355,1.0003873,0.08907866,0.06316731,-3.502653e-08,0.0057833195,-0.00015449524,0.0017151833,0.06702435,0.059531137,0.0095697595,0.2625,0.13715912,1.0,,,,,,,,,,,,,,,,,,,,,,,,,,,,,,,,,,,,,,,,,,,,
701.0,-0.01528582927556563,0.051040537655353546,0.0003873109817504883,0.3658789396286011,0.0,0.22406225,0.13130571,1.0003873,0.08905216,0.06291631,-1.0972814e-07,0.005604744,-0.000364542,0.0016310215,-0.042786818,-0.050485156,-0.02024618,0.262875,0.13734698,1.0,,,,,,,,,,,,,,,,,,,,,,,,,,,,,,,,,,,,,,,,,,,,
702.0,-0.015193465817332618,0.051050037145614624,0.0003873109817504883,0.3689684271812439,0.0,0.22443315,0.13156685,1.0003873,0.089017056,0.06267265,-5.2843337e-08,0.005884409,-0.00011706352,0.0016708374,0.067015916,0.059530348,0.009575609,0.26325,0.1375348,1.0,,,,,,,,,,,,,,,,,,,,,,,,,,,,,,,,,,,,,,,,,,,,
703.0,-0.015102407725129163,0.05105936527252197,0.0003873109817504883,0.37204447388648987,0.0,0.22480395,0.13182692,1.0003873,0.08899211,0.062417645,-1.2942408e-07,0.005705595,-0.0003271103,0.0015864372,-0.04280127,-0.050478052,-0.020247295,0.263625,0.1377226,1.0,,,,,,,,,,,,,,,,,,,,,,,,,,,,,,,,,,,,,,,,,,,,
704.0,-0.01501081577567238,0.05106843262910843,0.0003873109817504883,0.3751067817211151,0.0,0.22517462,0.13208596,1.0003873,0.08895856,0.062169988,-7.1026264e-08,0.00598526,-7.939339e-05,0.0016262531,0.06700748,0.059529558,0.009581452,0.264,0.13791035,1.0,,,,,,,,,,,,,,,,,,,,,,,,,,,,,,,,,,,,,,,,,,,,
705.0,-0.014919902233827453,0.05107719451189041,0.0003873109817504883,0.3781551420688629,0.0,0.22554518,0.13234392,1.0003873,0.08893517,0.061910976,-1.494849e-07,0.005806446,-0.00028944016,0.0015420914,-0.04281571,-0.050470956,-0.020248406,0.264375,0.13809806,1.0,,,,,,,,,,,,,,,,,,,,,,,,,,,,,,,,,,,,,,,,,,,,
706.0,-0.014829394733360096,0.05108572170138359,0.0003873109817504883,0.3811892867088318,0.0,0.22591561,0.13260084,1.0003873,0.08890317,0.061659317,-8.957444e-08,0.006086111,-4.196167e-05,0.0015819073,0.066999055,0.05952877,0.009587288,0.26475,0.13828576,1.0,,,,,,,,,,,,,,,,,,,,,,,,,,,,,,,,,,,,,,,,,,,,
707.0,-0.01473930295240716,0.05109398439526558,0.0003873109817504883,0.38420894742012024,0.0,0.22628595,0.13285665,1.0003873,0.08888132,0.061396312,-1.6990974e-07,0.005907297,-0.00025177002,0.0014975071,-0.04283015,-0.050463855,-0.020249508,0.265125,0.1384734,1.0,,,,,,,,,,,,,,,,,,,,,,,,,,,,,,,,,,,,,,,,,,,,
708.0,-0.014649403269823233,0.051101963967084885,0.0003873109817504883,0.38721391558647156,0.0,0.22665617,0.13311142,1.0003873,0.08885087,0.06114066,-1.0848705e-07,0.0061867237,-4.2915344e-06,0.0015375614,0.06699064,0.059527986,0.009593116,0.2655,0.13866101,1.0,,,,,,,,,,,,,,,,,,,,,,,,,,,,,,,,,,,,,,,,,,,,
709.0,-0.01455998315434263,0.05110962316393852,0.0003873109817504883,0.39020395278930664,0.0,0.2270263,0.13336505,1.0003873,0.08883058,0.060873665,-1.9069778e-07,0.00600791,-0.00021409988,0.0014531612,-0.042844582,-0.050456762,-0.020250604,0.265875,0.1388486,1.0,,,,,,,,,,,,,,,,,,,,,,,,,,,,,,,,,,,,,,,,,,,,
710.0,-0.014470943380247629,0.051116980612277985,0.0003873109817504883,0.39317893981933594,0.0,0.2273963,0.13361761,1.0003873,0.08880168,0.060614027,-1.2776323e-07,0.0062873363,3.33786e-05,0.0014929771,0.06698222,0.0595272,0.009598937,0.26625,0.13903615,1.0,,,,,,,,,,,,,,,,,,,,,,,,,,,,,,,,,,,,,,,,,,,,
711.0,-0.014382466518625736,0.05112410709261894,0.0003873109817504883,0.39613863825798035,0.0,0.22776623,0.13386904,1.0003873,0.088782944,0.060343042,-2.1184815e-07,0.0061085224,-0.00017642975,0.0014088154,-0.042859007,-0.05044967,-0.020251691,0.266625,0.13922366,1.0,,,,,,,,,,,,,,,,,,,,,,,,,,,,,,,,,,,,,,,,,,,,
712.0,-0.014294305981000071,0.051130928099155426,0.0003873109817504883,0.39908289909362793,0.0,0.22813605,0.13411936,1.0003873,0.08875559,0.060079426,-1.4740212e-07,0.006387949,7.104874e-05,0.0014486313,0.066973805,0.059526417,0.00960475,0.267,0.13941114,1.0,,,,,,,,,,,,,,,,,,,,,,,,,,,,,,,,,,,,,,,,,,,,
713.0,-0.014206794180079307,0.051137495785951614,0.0003873109817504883,0.402011513710022,0.0,0.22850579,0.13436855,1.0003873,0.088738404,0.059804462,-2.3336003e-07,0.0062088966,-0.00013875961,0.0013642311,-0.042873424,-0.05044258,-0.020252774,0.267375,0.13959858,1.0,,,,,,,,,,,,,,,,,,,,,,,,,,,,,,,,,,,,,,,,,,,,
714.0,-0.01411953395039891,0.05114380270242691,0.0003873109817504883,0.40492433309555054,0.0,0.22887543,0.13461663,1.0003873,0.08871261,0.059536867,-1.6740293e-07,0.006488323,0.00010871887,0.0014042854,0.0669654,0.059525635,0.009610555,0.26775,0.13978599,1.0,,,,,,,,,,,,,,,,,,,,,,,,,,,,,,,,,,,,,,,,,,,,
715.0,-0.01403300531469868,0.051149867475032806,0.0003873109817504883,0.40782126784324646,0.0,0.22924499,0.13486353,1.0003873,0.08869697,0.059257932,-2.5523255e-07,0.006309271,-0.00010108948,0.0013198853,-0.042887837,-0.05043549,-0.020253846,0.268125,0.13997336,1.0,,,,,,,,,,,,,,,,,,,,,,,,,,,,,,,,,,,,,,,,,,,,
716.0,-0.013946661639884405,0.051155656576156616,0.0003873109817504883,0.41070207953453064,0.0,0.22961447,0.1351093,1.0003873,0.088672735,0.058986366,-1.8776477e-07,0.0065886974,0.00014662743,0.001360178,0.066957,0.059524857,0.009616354,0.2685,0.1401607,1.0,,,,,,,,,,,,,,,,,,,,,,,,,,,,,,,,,,,,,,,,,,,,
717.0,-0.013861134693631904,0.05116116255521774,0.0003873109817504883,0.4135666787624359,0.0,0.22998387,0.13535391,1.0003873,0.088658646,0.05870346,-2.7746492e-07,0.006409645,-6.341934e-05,0.0012755394,-0.042902242,-0.050428405,-0.020254916,0.268875,0.140348,1.0,,,,,,,,,,,,,,,,,,,,,,,,,,,,,,,,,,,,,,,,,,,,
718.0,-0.013935605320284958,0.05116648226976395,0.0003873109817504883,0.4110855758190155,0.0,0.23035319,0.13559736,1.0003873,0.08863596,0.05842793,-2.0848682e-07,0.0066888332,0.00018429756,0.0013158321,0.0669486,0.059524078,0.0096221445,0.26925,0.14053527,1.0,,,,,,,,,,,,,,,,,,,,,,,,,,,,,,,,,,,,,,,,,,,,
719.0,-0.014035474249061371,0.051171522587537766,0.0003873109817504883,0.4077714681625366,0.0,0.23072246,0.13583961,1.0003873,0.08862343,0.05814106,-3.0005626e-07,0.006509781,-2.5510788e-05,0.001231432,-0.04291664,-0.050421324,-0.020255975,0.269625,0.1407225,1.0,,,,,,,,,,,,,,,,,,,,,,,,,,,,,,,,,,,,,,,,,,,,
720.0,-0.014134193599491845,0.05117630213499069,0.0003873109817504883,0.40448105335235596,0.0,0.23109163,0.1360807,1.0003873,0.08860229,0.05786157,-2.2956827e-07,0.006788969,0.00022220612,0.0012714863,0.06694021,0.059523303,0.009627927,0.27,0.14090969,1.0,,,,,,,,,,,,,,,,,,,,,,,,,,,,,,,,,,,,,,,,,,,,
721.0,-0.01423365730330552,0.051180850714445114,0.0003873109817504883,0.401181161403656,0.0,0.23146077,0.13632058,1.0003873,0.08859131,0.057570744,-3.2300576e-07,0.0066099167,1.21593475e-05,0.0011870861,-0.042931035,-0.05041424,-0.02025703,0.270375,0.14109686,1.0,,,,,,,,,,,,,,,,,,,,,,,,,,,,,,,,,,,,,,,,,,,,
722.0,-0.014331944124525764,0.05118522047996521,0.0003873109817504883,0.39790505170822144,0.0,0.2318298,0.13655928,1.0003873,0.08857173,0.057287302,-2.5100823e-07,0.006889105,0.00025987625,0.0012271404,0.06693182,0.05952253,0.009633703,0.27075,0.14128399,1.0,,,,,,,,,,,,,,,,,,,,,,,,,,,,,,,,,,,,,,,,,,,,
723.0,-0.014430971252932797,0.051189322024583817,0.0003873109817504883,0.39461958408355713,0.0,0.23219882,0.13679674,1.0003873,0.088562295,0.056992523,-3.4631256e-07,0.006709814,5.00679e-05,0.0011427402,-0.042945422,-0.050407164,-0.020258076,0.271125,0.14147107,1.0,,,,,,,,,,,,,,,,,,,,,,,,,,,,,,,,,,,,,,,,,,,,
724.0,-0.014528818913099534,0.05119318515062332,0.0003873109817504883,0.3913578987121582,0.0,0.23256776,0.13703302,1.0003873,0.088544264,0.056705132,-2.7280592e-07,0.006989002,0.0002977848,0.001183033,0.06692344,0.059521757,0.009639472,0.2715,0.14165813,1.0,,,,,,,,,,,,,,,,,,,,,,,,,,,,,,,,,,,,,,,,,,,,
725.0,-0.01462740632438363,0.05119685083627701,0.0003873109817504883,0.3880869448184967,0.0,0.23293665,0.13726804,1.0003873,0.08853639,0.05640641,-3.6997588e-07,0.0068097115,8.7976456e-05,0.0010986328,-0.0429598,-0.05040009,-0.020259116,0.271875,0.14184515,1.0,,,,,,,,,,,,,,,,,,,,,,,,,,,,,,,,,,,,,,,,,,,,
726.0,-0.014724811421017513,0.051200319081544876,0.0003873109817504883,0.38483989238739014,0.0,0.23330548,0.13750185,1.0003873,0.08851991,0.056115072,-2.9496047e-07,0.0070888996,0.00033569336,0.0011389256,0.066915065,0.059520986,0.009645233,0.27225,0.14203213,1.0,,,,,,,,,,,,,,,,,,,,,,,,,,,,,,,,,,,,,,,,,,,,
727.0,-0.014822954706922612,0.05120355635881424,0.0003873109817504883,0.3815835416316986,0.0,0.23367429,0.13773441,1.0003873,0.08851359,0.05581241,-3.9399484e-07,0.006909609,0.00012588501,0.001054287,-0.042974178,-0.050393015,-0.02026015,0.272625,0.14221908,1.0,,,,,,,,,,,,,,,,,,,,,,,,,,,,,,,,,,,,,,,,,,,,
728.0,-0.0149199108711553,0.05120657756924629,0.0003873109817504883,0.37835127115249634,0.0,0.23404303,0.13796572,1.0003873,0.08849867,0.055517137,-3.174711e-07,0.0071885586,0.0003736019,0.0010945797,0.06690669,0.059520215,0.009650986,0.273,0.142406,1.0,,,,,,,,,,,,,,,,,,,,,,,,,,,,,,,,,,,,,,,,,,,,
729.0,-0.015017604103719351,0.051209427416324615,0.0003873109817504883,0.37510979175567627,0.0,0.23441176,0.13819577,1.0003873,0.0884939,0.05521054,-4.1836861e-07,0.007009268,0.00016379356,0.0010101795,-0.042988546,-0.050385945,-0.020261176,0.273375,0.14259288,1.0,,,,,,,,,,,,,,,,,,,,,,,,,,,,,,,,,,,,,,,,,,,,
730.0,-0.015114106502993673,0.05121208354830742,0.0003873109817504883,0.3718924820423126,0.0,0.23478043,0.13842458,1.0003873,0.088480525,0.05491133,-3.403369e-07,0.0072882175,0.00041151047,0.0010504723,0.066898316,0.059519447,0.009656732,0.27375,0.14277972,1.0,,,,,,,,,,,,,,,,,,,,,,,,,,,,,,,,,,,,,,,,,,,,
731.0,-0.015211346176844383,0.051214516162872314,0.0003873109817504883,0.3686659336090088,0.0,0.23514909,0.13865207,1.0003873,0.088477306,0.054600805,-4.4309638e-07,0.007108927,0.00020194054,0.0009660721,-0.043002907,-0.050378878,-0.020262195,0.274125,0.14296652,1.0,,,,,,,,,,,,,,,,,,,,,,,,,,,,,,,,,,,,,,,,,,,,
732.0,-0.015307387532955912,0.05121676251292229,0.0003873109817504883,0.3654637634754181,0.0,0.2355177,0.13887832,1.0003873,0.08846549,0.05429767,-3.6355715e-07,0.0073878765,0.00044965744,0.0010063648,0.06688996,0.05951868,0.009662471,0.2745,0.1431533,1.0,,,,,,,,,,,,,,,,,,,,,,,,,,,,,,,,,,,,,,,,,,,,
733.0,-0.015404165119321262,0.05121883749961853,0.0003873109817504883,0.36225244402885437,0.0,0.23588629,0.13910325,1.0003873,0.08846383,0.05398322,-4.6817735e-07,0.0072083473,0.00023984909,0.00092196465,-0.043017264,-0.05037181,-0.020263208,0.274875,0.14334004,1.0,,,,,,,,,,,,,,,,,,,,,,,,,,,,,,,,,,,,,,,,,,,,
734.0,-0.015499741534912759,0.05122072622179985,0.0003873109817504883,0.35906559228897095,0.0,0.23625486,0.1393269,1.0003873,0.08845357,0.053676166,-3.871309e-07,0.007487297,0.000487566,0.0009622574,0.0668816,0.059517916,0.009668202,0.27525,0.14352673,1.0,,,,,,,,,,,,,,,,,,,,,,,,,,,,,,,,,,,,,,,,,,,,
735.0,-0.015596049488643623,0.05122244358062744,0.0003873109817504883,0.35586974024772644,0.0,0.2366234,0.13954923,1.0003873,0.08845346,0.0533578,-4.936106e-07,0.007307768,0.00027799606,0.0008778572,-0.043031614,-0.050364748,-0.020264214,0.275625,0.1437134,1.0,,,,,,,,,,,,,,,,,,,,,,,,,,,,,,,,,,,,,,,,,,,,
736.0,-0.015691151745075335,0.05122401565313339,0.0003873109817504883,0.35269850492477417,0.0,0.23699193,0.13977024,1.0003873,0.08844475,0.05304683,-4.1105747e-07,0.0075867176,0.00052571297,0.00091814995,0.066873245,0.059517153,0.009673926,0.276,0.14390002,1.0,,,,,,,,,,,,,,,,,,,,,,,,,,,,,,,,,,,,,,,,,,,,
737.0,-0.015786983132311437,0.05122542381286621,0.0003873109817504883,0.3495183289051056,0.0,0.23736045,0.13998993,1.0003873,0.08844619,0.052724544,-5.193954e-07,0.0074071884,0.00031590462,0.0008337498,-0.043045957,-0.050357684,-0.020265212,0.276375,0.14408661,1.0,,,,,,,,,,,,,,,,,,,,,,,,,,,,,,,,,,,,,,,,,,,,
738.0,-0.015881605900581054,0.0512266643345356,0.0003873109817504883,0.3463628888130188,0.0,0.23772895,0.1402083,1.0003873,0.08843903,0.052409668,-4.3533595e-07,0.0076858997,0.0005636215,0.0008740425,0.06686489,0.059516393,0.0096796425,0.27675,0.14427318,1.0,,,,,,,,,,,,,,,,,,,,,,,,,,,,,,,,,,,,,,,,,,,,
739.0,-0.015976953858044003,0.05122770741581917,0.0003873109817504883,0.34319862723350525,0.0,0.23809746,0.14042532,1.0003873,0.088442035,0.052083477,-5.4553095e-07,0.0075063705,0.0003540516,0.00078964233,-0.043060295,-0.05035063,-0.020266205,0.277125,0.1444597,1.0,,,,,,,,,,,,,,,,,,,,,,,,,,,,,,,,,,,,,,,,,,,,
740.0,-0.016071087381038525,0.05122866481542587,0.0003873109817504883,0.3400592803955078,0.0,0.23846593,0.140641,1.0003873,0.08843643,0.051764693,-4.5996546e-07,0.007785082,0.0006017685,0.0008301735,0.06685655,0.059515633,0.009685351,0.2775,0.14464617,1.0,,,,,,,,,,,,,,,,,,,,,,,,,,,,,,,,,,,,,,,,,,,,
741.0,-0.01616594333486792,0.05122945457696915,0.0003873109817504883,0.33691123127937317,0.0,0.23883444,0.14085531,1.0003873,0.088440984,0.0514346,-5.720164e-07,0.0076055527,0.00039219856,0.0007455349,-0.043074626,-0.05034357,-0.02026719,0.277875,0.14483263,1.0,,,,,,,,,,,,,,,,,,,,,,,,,,,,,,,,,,,,,,,,,,,,
742.0,-0.016259579128572663,0.05123010277748108,0.0003873109817504883,0.3337882459163666,0.0,0.23920293,0.14106828,1.0003873,0.08843694,0.051111918,-4.849453e-07,0.007884264,0.00063991547,0.00078606606,0.06684821,0.059514873,0.009691052,0.27825,0.14501902,1.0,,,,,,,,,,,,,,,,,,,,,,,,,,,,,,,,,,,,,,,,,,,,
743.0,-0.016353934473731353,0.05123062804341316,0.00038726330967620015,0.33065667748451233,0.0,0.23957145,0.14127986,1.0003873,0.08844305,0.05077793,-5.988508e-07,0.0077044964,0.00043034554,0.00070142746,-0.04308895,-0.050336517,-0.020268168,0.278625,0.14520541,1.0,,,,,,,,,,,,,,,,,,,,,,,,,,,,,,,,,,,,,,,,,,,,
744.0,-0.01644706415300025,0.05123098939657211,0.0003873109817504883,0.32755035161972046,0.0,0.23993994,0.14149007,1.0003873,0.08844055,0.050451353,-5.102746e-07,0.007983208,0.00067806244,0.00074219704,0.066839874,0.059514116,0.009696746,0.279,0.14539175,1.0,,,,,,,,,,,,,,,,,,,,,,,,,,,,,,,,,,,,,,,,,,,,
745.0,-0.016540908050358124,0.051231253892183304,0.00038726330967620015,0.32443562150001526,0.0,0.24030848,0.14169888,1.0003873,0.08844821,0.050113473,-6.2603357e-07,0.00780344,0.0004684925,0.00065755844,-0.043103267,-0.050329465,-0.02026914,0.279375,0.14557804,1.0,,,,,,,,,,,,,,,,,,,,,,,,,,,,,,,,,,,,,,,,,,,,
746.0,-0.016633521577359353,0.05123135447502136,0.0003873109817504883,0.321346253156662,0.0,0.24067701,0.1419063,1.0003873,0.08844728,0.04978301,-5.3595255e-07,0.008082151,0.00071644783,0.0006980896,0.066831544,0.059513364,0.009702433,0.27975,0.1457643,1.0,,,,,,,,,,,,,,,,,,,,,,,,,,,,,,,,,,,,,,,,,,,,
747.0,-0.016726845426698857,0.05123138427734375,0.00038726330967620015,0.3182486295700073,0.0,0.24104558,0.14211231,1.0003873,0.08845649,0.049441244,-6.5356375e-07,0.007902384,0.0005068779,0.000613451,-0.04311758,-0.050322417,-0.020270105,0.280125,0.14595054,1.0,,,,,,,,,,,,,,,,,,,,,,,,,,,,,,,,,,,,,,,,,,,,
748.0,-0.01681893140861212,0.051231347024440765,0.0003873109817504883,0.31517666578292847,0.0,0.24141416,0.14231692,1.0003873,0.08845711,0.049106896,-5.619783e-07,0.008180857,0.0007545948,0.0006542206,0.066823214,0.05951261,0.009708112,0.2805,0.14613673,1.0,,,,,,,,,,,,,,,,,,,,,,,,,,,,,,,,,,,,,,,,,,,,
749.0,-0.01691070810146048,0.05123111605644226,0.00038726330967620015,0.312130331993103,0.0,0.24178277,0.1425201,1.0003873,0.08846788,0.048761252,-6.8144055e-07,0.008001089,0.0005450249,0.000569582,-0.043131888,-0.05031537,-0.020271063,0.280875,0.14632289,1.0,,,,,,,,,,,,,,,,,,,,,,,,,,,,,,,,,,,,,,,,,,,,
750.0,-0.01700124282573306,0.05123082548379898,0.0003873109817504883,0.30910980701446533,0.0,0.2421514,0.14272186,1.0003873,0.08847005,0.048423026,-5.8835104e-07,0.008279562,0.0007927418,0.00061035156,0.0668149,0.05951186,0.009713785,0.28125,0.146509,1.0,,,,,,,,,,,,,,,,,,,,,,,,,,,,,,,,,,,,,,,,,,,,
751.0,-0.017091152254078045,0.05123047158122063,0.00038726330967620015,0.30611512064933777,0.0,0.24252006,0.14292216,1.0003873,0.08848238,0.048073504,-7.0966314e-07,0.008099794,0.00058341026,0.00052571297,-0.043146186,-0.050308324,-0.020272013,0.281625,0.14669509,1.0,,,,,,,,,,,,,,,,,,,,,,,,,,,,,,,,,,,,,,,,,,,,
752.0,-0.01717981659075085,0.051230013370513916,0.0003873109817504883,0.3031463027000427,0.0,0.24288876,0.14312105,1.0003873,0.088486105,0.04773141,-6.1507006e-07,0.008378267,0.00083112717,0.0005662441,0.06680658,0.05951111,0.009719449,0.282,0.14688115,1.0,,,,,,,,,,,,,,,,,,,,,,,,,,,,,,,,,,,,,,,,,,,,
753.0,-0.017268162940919866,0.05122943967580795,0.0003873109817504883,0.30020347237586975,0.0,0.24325751,0.14331846,1.0003873,0.088499986,0.04737802,-7.3823077e-07,0.008198261,0.00062155724,0.00048184395,-0.04316048,-0.050301284,-0.020272957,0.282375,0.14706714,1.0,,,,,,,,,,,,,,,,,,,,,,,,,,,,,,,,,,,,,,,,,,,,
754.0,-0.01735525678667982,0.05122873932123184,0.0003873586538247764,0.297286719083786,0.0,0.24362628,0.14351442,1.0003873,0.08850527,0.04703206,-6.4213447e-07,0.008476734,0.00086951256,0.0005223751,0.06679827,0.05951036,0.009725106,0.28275,0.14725313,1.0,,,,,,,,,,,,,,,,,,,,,,,,,,,,,,,,,,,,,,,,,,,,
755.0,-0.01744202978080721,0.05122796818614006,0.0003873109817504883,0.2943961024284363,0.0,0.24399512,0.1437089,1.0003873,0.088520706,0.046674803,-7.6714247e-07,0.008296728,0.0006599426,0.00043797493,-0.043174766,-0.050294243,-0.020273894,0.283125,0.14743906,1.0,,,,,,,,,,,,,,,,,,,,,,,,,,,,,,,,,,,,,,,,,,,,
756.0,-0.017527548283145736,0.05122705176472664,0.0003873586538247764,0.29153162240982056,0.0,0.24436398,0.14390191,1.0003873,0.08852754,0.046324983,-6.6954345e-07,0.008575201,0.00090789795,0.0004787445,0.06678996,0.059509616,0.009730755,0.2835,0.14762495,1.0,,,,,,,,,,,,,,,,,,,,,,,,,,,,,,,,,,,,,,,,,,,,
757.0,-0.017613142853610046,0.05122605711221695,0.0003873109817504883,0.28869351744651794,0.0,0.24473292,0.14409344,1.0003873,0.08854453,0.04596387,-7.9639767e-07,0.008394957,0.000698328,0.0003941059,-0.04318905,-0.050287206,-0.020274825,0.283875,0.14781082,1.0,,,,,,,,,,,,,,,,,,,,,,,,,,,,,,,,,,,,,,,,,,,,
758.0,-0.017696817944521173,0.051224954426288605,0.0003873586538247764,0.28588178753852844,0.0,0.24510188,0.14428347,1.0003873,0.08855292,0.045610193,-6.972962e-07,0.0086734295,0.00094628334,0.0004348755,0.06678166,0.05950887,0.009736398,0.28425,0.14799665,1.0,,,,,,,,,,,,,,,,,,,,,,,,,,,,,,,,,,,,,,,,,,,,
759.0,-0.017781081275939505,0.05122373625636101,0.0003872871457133442,0.2830964922904968,0.0,0.24547094,0.144472,1.0003873,0.08857147,0.045245226,-8.259954e-07,0.008493423,0.0007367134,0.0003502369,-0.043203324,-0.050280172,-0.02027575,0.284625,0.14818244,1.0,,,,,,,,,,,,,,,,,,,,,,,,,,,,,,,,,,,,,,,,,,,,
760.0,-0.017863161783998657,0.05122239142656326,0.00038733481778763235,0.28033772110939026,0.0,0.24584003,0.14465903,1.0003872,0.08858142,0.0448877,-7.2539194e-07,0.008771658,0.0009846687,0.00039100647,0.06677336,0.059508126,0.009742033,0.285,0.1483682,1.0,,,,,,,,,,,,,,,,,,,,,,,,,,,,,,,,,,,,,,,,,,,,
761.0,-0.017945822724794565,0.05122090131044388,0.0003872871457133442,0.2776056230068207,0.0,0.2462092,0.14484453,1.0003872,0.08860152,0.04451888,-4.8801934e-07,0.0085914135,0.0007753372,0.00030636787,-0.043217592,-0.05027314,-0.020276666,0.285375,0.14855391,1.0,,,,,,,,,,,,,,,,,,,,,,,,,,,,,,,,,,,,,,,,,,,,
762.0,-0.01802629816613917,0.051219306886196136,0.00038733481778763235,0.2749001979827881,0.0,0.24657843,0.14502852,1.0003872,0.088613026,0.04415751,-4.7228218e-07,0.008869886,0.0010230541,0.00034713745,0.06676507,0.059507385,0.009747661,0.28575,0.14873958,1.0,,,,,,,,,,,,,,,,,,,,,,,,,,,,,,,,,,,,,,,,,,,,
763.0,-0.01810734907954175,0.05121760442852974,0.0003872871457133442,0.2722216546535492,0.0,0.24694774,0.14521095,1.0003872,0.088634685,0.043784853,-5.843928e-07,0.008689642,0.0008137226,0.00026249886,-0.043231856,-0.05026611,-0.020277577,0.286125,0.14892522,1.0,,,,,,,,,,,,,,,,,,,,,,,,,,,,,,,,,,,,,,,,,,,,
764.0,-0.01818620864581026,0.05121574550867081,0.0003872871457133442,0.26956993341445923,0.0,0.2473171,0.14539187,1.0003872,0.088647746,0.04341964,-4.8554597e-07,0.008967876,0.0010616779,0.00030350685,0.066756785,0.059506647,0.00975328,0.2865,0.14911082,1.0,,,,,,,,,,,,,,,,,,,,,,,,,,,,,,,,,,,,,,,,,,,,
765.0,-0.01826564077848525,0.05121375992894173,0.00038733481778763235,0.2669451832771301,0.0,0.24768656,0.14557122,1.0003872,0.088670954,0.043043148,-6.186557e-07,0.008787632,0.000852108,0.00021886826,-0.043246113,-0.050259084,-0.02027848,0.286875,0.14929639,1.0,,,,,,,,,,,,,,,,,,,,,,,,,,,,,,,,,,,,,,,,,,,,
766.0,-0.018342873024059375,0.05121166259050369,0.0003872871457133442,0.2643475830554962,0.0,0.24805608,0.14574903,1.0003872,0.08868557,0.042674102,-5.138108e-07,0.009065628,0.0011000633,0.00025963783,0.0667485,0.059505906,0.009758893,0.28725,0.14948192,1.0,,,,,,,,,,,,,,,,,,,,,,,,,,,,,,,,,,,,,,,,,,,,
767.0,-0.018420673399164665,0.051209382712841034,0.0003872871457133442,0.2617771327495575,0.0,0.2484257,0.14592525,1.0003872,0.088710345,0.04229378,-6.4981634e-07,0.008885384,0.0008907318,0.00017499924,-0.043260362,-0.050252058,-0.020279376,0.287625,0.14966741,1.0,,,,,,,,,,,,,,,,,,,,,,,,,,,,,,,,,,,,,,,,,,,,
768.0,-0.01849627209516475,0.05120698735117912,0.00038733481778763235,0.25923386216163635,0.0,0.2487954,0.14609993,1.0003872,0.08872652,0.041920904,-5.4322334e-07,0.009163618,0.0011386871,0.00021600723,0.06674022,0.059505172,0.009764499,0.288,0.14985286,1.0,,,,,,,,,,,,,,,,,,,,,,,,,,,,,,,,,,,,,,,,,,,,
769.0,-0.01857208157837522,0.05120444297790527,0.0003872871457133442,0.2567179501056671,0.0,0.2491652,0.14627299,1.0003872,0.08875284,0.041536752,-6.811259e-07,0.008983135,0.0009293556,0.00013136864,-0.043274604,-0.050245035,-0.020280264,0.288375,0.15003827,1.0,,,,,,,,,,,,,,,,,,,,,,,,,,,,,,,,,,,,,,,,,,,,
770.0,-0.018645700563410358,0.05120177939534187,0.0003872871457133442,0.25422951579093933,0.0,0.24953508,0.14644448,1.0003872,0.08877057,0.04116006,-5.730193e-07,0.00926137,0.0011770725,0.00017237663,0.066731945,0.059504434,0.009770097,0.28875,0.15022366,1.0,,,,,,,,,,,,,,,,,,,,,,,,,,,,,,,,,,,,,,,,,,,,
771.0,-0.018719850758859687,0.05119885876774788,0.00038733481778763235,0.2517685294151306,0.0,0.24990508,0.14661437,1.0003872,0.08879845,0.040772084,-7.127629e-07,0.009080887,0.00096797943,8.773804e-05,-0.04328884,-0.050238017,-0.020281147,0.289125,0.150409,1.0,,,,,,,,,,,,,,,,,,,,,,,,,,,,,,,,,,,,,,,,,,,,
772.0,-0.01879252626552407,0.05119574815034866,0.0003872871457133442,0.2493351250886917,0.0,0.25027516,0.14678267,1.0003872,0.08881774,0.04039157,-6.0315585e-07,0.009358883,0.0012156963,0.00012874603,0.06672368,0.059503704,0.009775688,0.2895,0.1505943,1.0,,,,,,,,,,,,,,,,,,,,,,,,,,,,,,,,,,,,,,,,,,,,
773.0,-0.01886493536769631,0.05119244009256363,0.0003872871457133442,0.24692948162555695,0.0,0.25064534,0.14694934,1.0003872,0.088847175,0.039999783,-7.447362e-07,0.0091784,0.0010066032,4.386902e-05,-0.043303076,-0.050231,-0.020282025,0.289875,0.15077956,1.0,,,,,,,,,,,,,,,,,,,,,,,,,,,,,,,,,,,,,,,,,,,,
774.0,-0.018936840440322705,0.05118884891271591,0.0003872871457133442,0.24455153942108154,0.0,0.25101563,0.1471144,1.0003872,0.088868015,0.039615456,-6.3363e-07,0.009456396,0.0012543201,8.511543e-05,0.06671541,0.05950297,0.009781271,0.29025,0.1509648,1.0,,,,,,,,,,,,,,,,,,,,,,,,,,,,,,,,,,,,,,,,,,,,
775.0,-0.01900756687066169,0.05118495225906372,0.00038733481778763235,0.24220141768455505,0.0,0.25138605,0.14727782,1.0003872,0.08889901,0.03921986,-7.770457e-07,0.009275913,0.001045227,2.3841858e-07,-0.0433173,-0.050223984,-0.020282893,0.290625,0.15114999,1.0,,,,,,,,,,,,,,,,,,,,,,,,,,,,,,,,,,,,,,,,,,,,
776.0,-0.019077871848333598,0.05118076875805855,0.0003872871457133442,0.2398792803287506,0.0,0.25175655,0.14743961,1.0003872,0.08892141,0.038831726,-6.644407e-07,0.009553909,0.0012931824,4.1484833e-05,0.06670716,0.05950224,0.009786847,0.291,0.15133514,1.0,,,,,,,,,,,,,,,,,,,,,,,,,,,,,,,,,,,,,,,,,,,,
777.0,-0.01914685857790246,0.0511762797832489,0.0003872871457133442,0.23758520185947418,0.0,0.2521272,0.14759976,1.0003872,0.08895396,0.038432326,-8.096906e-07,0.009373426,0.0010838509,-4.339218e-05,-0.04333152,-0.05021697,-0.020283755,0.291375,0.15152025,1.0,,,,,,,,,,,,,,,,,,,,,,,,,,,,,,,,,,,,,,,,,,,,
778.0,-0.01921497232085167,0.051171354949474335,0.0003872871457133442,0.23531918227672577,0.0,0.25249794,0.14775826,1.0003872,0.08897792,0.038040392,-6.955872e-07,0.0096514225,0.0013318062,-2.1457672e-06,0.0666989,0.059501514,0.009792415,0.29175,0.15170532,1.0,,,,,,,,,,,,,,,,,,,,,,,,,,,,,,,,,,,,,,,,,,,,
779.0,-0.019281764051259965,0.05116615444421768,0.00038733481778763235,0.23308131098747253,0.0,0.25286883,0.14791508,1.0003872,0.08901202,0.03763719,-8.426701e-07,0.009470701,0.0011224747,-8.702278e-05,-0.04334573,-0.05020996,-0.020284612,0.292125,0.15189037,1.0,,,,,,,,,,,,,,,,,,,,,,,,,,,,,,,,,,,,,,,,,,,,
780.0,-0.019348124574302347,0.05116058513522148,0.0003872871457133442,0.23087172210216522,0.0,0.2532398,0.14807025,1.0003872,0.08903753,0.03724146,-7.2706865e-07,0.009748697,0.00137043,-4.5776367e-05,0.06669065,0.059500787,0.009797976,0.2925,0.15207537,1.0,,,,,,,,,,,,,,,,,,,,,,,,,,,,,,,,,,,,,,,,,,,,
781.0,-0.01941351151619893,0.05115460231900215,0.0003872871457133442,0.22869034111499786,0.0,0.25361094,0.14822373,1.0003872,0.089073196,0.036834463,-8.759834e-07,0.009567976,0.0011613369,-0.00013041496,-0.04335994,-0.05020295,-0.02028546,0.292875,0.15226033,1.0,,,,,,,,,,,,,,,,,,,,,,,,,,,,,,,,,,,,,,,,,,,,
782.0,-0.01947805133703296,0.05114822834730148,0.0003872871457133442,0.22653740644454956,0.0,0.2539822,0.14837554,1.0003872,0.089100264,0.03643494,-7.588843e-07,0.009845734,0.0014092922,-8.916855e-05,0.066682406,0.05950006,0.009803531,0.29325,0.15244526,1.0,,,,,,,,,,,,,,,,,,,,,,,,,,,,,,,,,,,,,,,,,,,,
783.0,-0.01954129329144926,0.051141418516635895,0.0003872871457133442,0.22441290318965912,0.0,0.2543536,0.14852564,1.0003872,0.08913748,0.036024157,-9.096297e-07,0.009665012,0.0011999607,-0.00017404556,-0.04337414,-0.050195947,-0.020286303,0.293625,0.15263014,1.0,,,,,,,,,,,,,,,,,,,,,,,,,,,,,,,,,,,,,,,,,,,,
784.0,-0.01960413371139803,0.051134295761585236,0.0003872871457133442,0.22231686115264893,0.0,0.25472513,0.14867406,1.0003872,0.08916611,0.03562085,-7.910335e-07,0.00994277,0.001447916,-0.00013279915,0.066674165,0.05949934,0.009809077,0.294,0.15281498,1.0,,,,,,,,,,,,,,,,,,,,,,,,,,,,,,,,,,,,,,,,,,,,
785.0,-0.019665675265637405,0.051126740872859955,0.00038733481778763235,0.22024939954280853,0.0,0.25509682,0.14882076,1.0003872,0.089204885,0.035206284,-9.4360826e-07,0.009762049,0.0012388229,-0.00021767616,-0.043388333,-0.050188944,-0.020287137,0.294375,0.1529998,1.0,,,,,,,,,,,,,,,,,,,,,,,,,,,,,,,,,,,,,,,,,,,,
786.0,-0.019726824926789416,0.05111880227923393,0.0003872871457133442,0.21821048855781555,0.0,0.25546864,0.14896575,1.0003872,0.089235075,0.034799196,-8.235152e-07,0.010039806,0.0014867783,-0.00017619133,0.06666593,0.059498616,0.009814616,0.29475,0.15318458,1.0,,,,,,,,,,,,,,,,,,,,,,,,,,,,,,,,,,,,,,,,,,,,
787.0,-0.01978651483528229,0.05111049860715866,0.0003872871457133442,0.21620023250579834,0.0,0.2558406,0.149109,1.0003872,0.089275405,0.034380853,-9.779183e-07,0.009859085,0.0012776852,-0.00026106834,-0.043402523,-0.050181944,-0.020287966,0.295125,0.15336931,1.0,,,,,,,,,,,,,,,,,,,,,,,,,,,,,,,,,,,,,,,,,,,,
788.0,-0.019845797340186256,0.05110183358192444,0.0003872871457133442,0.2142186015844345,0.0,0.2562127,0.14925054,1.0003872,0.089307144,0.033969987,-8.563288e-07,0.009824514,0.0015256405,-0.00021982193,-0.008267468,0.059517458,0.009915881,0.2955,0.153554,1.0,,,,,,,,,,,,,,,,,,,,,,,,,,,,,,,,,,,,,,,,,,,,
789.0,-0.019903989504295897,0.05109277367591858,0.0003872871457133442,0.2122657299041748,0.0,0.256585,0.14939038,1.0003872,0.08934904,0.033560634,-8.85196e-07,0.009331465,0.0013165474,-0.00030446053,-0.11832486,-0.050167046,-0.020158798,0.295875,0.15373866,1.0,,,,,,,,,,,,,,,,,,,,,,,,,,,,,,,,,,,,,,,,,,,,
790.0,-0.019961754260175078,0.05108335614204407,0.0003872871457133442,0.21034154295921326,0.0,0.25695744,0.1495286,1.0003872,0.08938234,0.033171516,-6.732671e-07,0.0092971325,0.0015645027,-0.00026345253,-0.008240592,0.05953007,0.009887455,0.29625,0.15392327,1.0,,,,,,,,,,,,,,,,,,,,,,,,,,,,,,,,,,,,,,,,,,,,
791.0,-0.020018197542528652,0.0510735921561718,0.0003872871457133442,0.20844610035419464,0.0,0.25733003,0.14966519,1.0003872,0.089425795,0.0327839,-7.245207e-07,0.008804321,0.0013554096,-0.0003478527,-0.11830385,-0.05016558,-0.020125085,0.296625,0.15410785,1.0,,,,,,,,,,,,,,,,,,,,,,,,,,,,,,,,,,,,,,,,,,,,
792.0,-0.020074211009708236,0.0510634183883667,0.0003872871457133442,0.20657943189144135,0.0,0.2577028,0.14980026,1.0003872,0.08946067,0.032416515,-5.176656e-07,0.008769989,0.001603365,-0.0003068447,-0.008213728,0.059542656,0.009859028,0.297,0.15429239,1.0,,,,,,,,,,,,,,,,,,,,,,,,,,,,,,,,,,,,,,,,,,,,
793.0,-0.020128901763995965,0.051052819937467575,0.0003872871457133442,0.20474153757095337,0.0,0.25807574,0.1499338,1.0003872,0.08950569,0.032050617,-5.6890457e-07,0.008277178,0.0013942719,-0.0003914833,-0.118282855,-0.050164096,-0.020091383,0.297375,0.1544769,1.0,,,,,,,,,,,,,,,,,,,,,,,,,,,,,,,,,,,,,,,,,,,,
794.0,-0.0201831640915254,0.0510418638586998,0.0003872871457133442,0.20293237268924713,0.0,0.25844884,0.15006591,1.0003872,0.08954213,0.031704944,-3.7237308e-07,0.008243084,0.0016424656,-0.0003504753,-0.008186877,0.05955522,0.009830601,0.29775,0.15466136,1.0,,,,,,,,,,,,,,,,,,,,,,,,,,,,,,,,,,,,,,,,,,,,
795.0,-0.020236104807766973,0.0510304756462574,0.0003872871457133442,0.20115196704864502,0.0,0.2588221,0.15019658,1.0003872,0.08958872,0.03136075,-4.2236064e-07,0.0077502728,0.0014331341,-0.0004348755,-0.11826186,-0.0501626,-0.020057691,0.298125,0.15484579,1.0,,,,,,,,,,,,,,,,,,,,,,,,,,,,,,,,,,,,,,,,,,,,
796.0,-0.020288617003259426,0.05101867765188217,0.0003872871457133442,0.19940029084682465,0.0,0.25919557,0.1503259,1.0003872,0.08962673,0.03103677,-2.3643459e-07,0.007716179,0.0016813278,-0.0003941059,-0.008160037,0.05956776,0.009802171,0.2985,0.15503018,1.0,,,,,,,,,,,,,,,,,,,,,,,,,,,,,,,,,,,,,,,,,,,,
797.0,-0.020339809791112204,0.05100642517209053,0.0003872871457133442,0.19767729938030243,0.0,0.2595692,0.15045388,1.0003872,0.08967489,0.030714257,-2.8510027e-07,0.007223606,0.0014722347,-0.00047826767,-0.11824088,-0.050161093,-0.02002401,0.298875,0.15521452,1.0,,,,,,,,,,,,,,,,,,,,,,,,,,,,,,,,,,,,,,,,,,,,
798.0,-0.020390574288260545,0.050993721932172775,0.0003872871457133442,0.19598300755023956,0.0,0.259943,0.1505806,1.0003872,0.08971447,0.030411951,-1.0978758e-07,0.0071895123,0.0017204285,-0.0004374981,-0.00813321,0.059580278,0.009773741,0.29925,0.15539883,1.0,,,,,,,,,,,,,,,,,,,,,,,,,,,,,,,,,,,,,,,,,,,,
799.0,-0.020440022851112735,0.050980597734451294,0.0003872871457133442,0.19431732594966888,0.0,0.26031703,0.15070605,1.0003872,0.0897642,0.030111104,-1.5712527e-07,0.006697178,0.001511097,-0.00052165985,-0.118219905,-0.05015957,-0.01999034,0.299625,0.1555831,1.0,,,,,,,,,,,,,,,,,,,,,,,,,,,,,,,,,,,,,,,,,,,,
800.0,-0.020489047348975876,0.0509670153260231,0.0003872871457133442,0.1926802098751068,0.0,0.26069123,0.15083034,1.0003872,0.08980536,0.029830454,7.581194e-09,0.0066633224,0.0017595291,-0.0004811287,-0.008106396,0.05959277,0.009745309,0.3,0.15576734,1.0,,,,,,,,,,,,,,,,,,,,,,,,,,,,,,,,,,,,,,,,,,,,
801.0,-0.02053675831252622,0.05095290392637253,0.0003872871457133442,0.19107158482074738,0.0,0.26106563,0.15095349,1.0003872,0.08985666,0.029551255,-3.8425913e-08,0.0061707497,0.0015501976,-0.00056505203,-0.118198946,-0.050158035,-0.019956682,0.300375,0.15595153,1.0,,,,,,,,,,,,,,,,,,,,,,,,,,,,,,,,,,,,,,,,,,,,
802.0,-0.020584048923323283,0.050938379019498825,0.0003872871457133442,0.1894914209842682,0.0,0.26144022,0.15107553,1.0003872,0.0898994,0.02929224,1.1568225e-07,0.0061371326,0.0017986298,-0.0005245209,-0.008079593,0.05960524,0.009716876,0.30075,0.15613568,1.0,,,,,,,,,,,,,,,,,,,,,,,,,,,,,,,,,,,,,,,,,,,,
803.0,-0.020630032072804897,0.05092334747314453,0.0003872871457133442,0.1879395693540573,0.0,0.261815,0.15119651,1.0003872,0.08995228,0.029034669,7.100814e-08,0.0056447983,0.0015892982,-0.0006084442,-0.11817799,-0.05015649,-0.019923031,0.301125,0.1563198,1.0,,,,,,,,,,,,,,,,,,,,,,,,,,,,,,,,,,,,,,,,,,,,
804.0,-0.020675599979511752,0.05090785026550293,0.0003872871457133442,0.18641598522663116,0.0,0.26218998,0.1513165,1.0003872,0.08999659,0.028797276,2.1452594e-07,0.005610943,0.0018377304,-0.0005681515,-0.008052803,0.059617687,0.009688442,0.3015,0.15650387,1.0,,,,,,,,,,,,,,,,,,,,,,,,,,,,,,,,,,,,,,,,,,,,
805.0,-0.020719645425634373,0.05089181661605835,0.0003872871457133442,0.1849205195903778,0.0,0.2625652,0.15143551,1.0003872,0.090051055,0.028561313,1.7118721e-07,0.005118847,0.0016283989,-0.0006518364,-0.118157044,-0.050154928,-0.019889394,0.301875,0.15668792,1.0,,,,,,,,,,,,,,,,,,,,,,,,,,,,,,,,,,,,,,,,,,,,
806.0,-0.020763298277571448,0.050875306129455566,0.0003872871457133442,0.18345315754413605,0.0,0.26294062,0.1515536,1.0003872,0.09009695,0.028345522,3.041226e-07,0.00508523,0.001876831,-0.0006117821,-0.008026025,0.059630107,0.009660006,0.30225,0.15687191,1.0,,,,,,,,,,,,,,,,,,,,,,,,,,,,,,,,,,,,,,,,,,,,
807.0,-0.020805670329450368,0.050858307629823685,0.0003872871457133442,0.1820138543844223,0.0,0.26331624,0.15167083,1.0003872,0.090152994,0.02813115,2.6212163e-07,0.004593134,0.0016674995,-0.0006952286,-0.118136115,-0.050153356,-0.019855766,0.302625,0.15705587,1.0,,,,,,,,,,,,,,,,,,,,,,,,,,,,,,,,,,,,,,,,,,,,
808.0,-0.020847658773363947,0.05084078386425972,0.0003872871457133442,0.18060234189033508,0.0,0.26369208,0.15178722,1.0003872,0.09020047,0.027936941,3.8448255e-07,0.0045597553,0.0019159317,-0.00065517426,-0.007999259,0.059642505,0.0096315695,0.303,0.15723978,1.0,,,,,,,,,,,,,,,,,,,,,,,,,,,,,,,,,,,,,,,,,,,,
809.0,-0.02088837573286874,0.05082279443740845,0.0003872871457133442,0.1792186051607132,0.0,0.26406816,0.15190282,1.0003872,0.0902581,0.027744142,3.4382165e-07,0.0040676594,0.0017068386,-0.00073862076,-0.11811519,-0.050151773,-0.019822149,0.303375,0.15742366,1.0,,,,,,,,,,,,,,,,,,,,,,,,,,,,,,,,,,,,,,,,,,,,
810.0,-0.020928490557333864,0.05080435797572136,0.0003872871457133442,0.17786253988742828,0.0,0.26444444,0.15201771,1.0003872,0.090307154,0.027571497,4.5561606e-07,0.004034281,0.0019552708,-0.00069880486,-0.007972506,0.059654884,0.009603132,0.30375,0.15760751,1.0,,,,,,,,,,,,,,,,,,,,,,,,,,,,,,,,,,,,,,,,,,,,
811.0,-0.020967339841437206,0.05078544467687607,0.00038733481778763235,0.17653396725654602,0.0,0.26482096,0.15213187,1.0003872,0.09036637,0.027400255,4.1629758e-07,0.003676653,0.0017459393,-0.00078201294,-0.085886195,-0.05017268,-0.019851519,0.304125,0.1577913,1.0,,,,,,,,,,,,,,,,,,,,,,,,,,,,,,,,,,,,,,,,,,,,
812.0,-0.021005817190987004,0.05076601356267929,0.0003872871457133442,0.1752326935529709,0.0,0.2651977,0.15224539,1.0003872,0.09041702,0.027243672,4.9773337e-07,0.003777504,0.0019946098,-0.00074219704,0.024254246,0.059638113,0.009526352,0.3045,0.15797506,1.0,,,,,,,,,,,,,,,,,,,,,,,,,,,,,,,,,,,,,,,,,,,,
813.0,-0.021043038665856148,0.05074620246887207,0.00038733481778763235,0.17395862936973572,0.0,0.2655747,0.15235823,1.0003872,0.09047781,0.027082996,4.442448e-07,0.0034196377,0.0017852783,-0.00082564354,-0.08588055,-0.050168686,-0.019832771,0.304875,0.1581588,1.0,,,,,,,,,,,,,,,,,,,,,,,,,,,,,,,,,,,,,,,,,,,,
814.0,-0.021079898201869583,0.050725966691970825,0.0003872871457133442,0.1727115511894226,0.0,0.2659519,0.15247047,1.0003872,0.09053004,0.026936976,5.2558346e-07,0.0035207272,0.0020337105,-0.00078582764,0.024265775,0.059644908,0.009512558,0.30525,0.15834247,1.0,,,,,,,,,,,,,,,,,,,,,,,,,,,,,,,,,,,,,,,,,,,,
815.0,-0.02111551319221035,0.05070530250668526,0.00038733481778763235,0.17149131000041962,0.0,0.26632938,0.15258208,1.0003872,0.090592414,0.026786862,4.7276944e-07,0.0031630993,0.001824379,-0.0008690357,-0.08587489,-0.050164692,-0.019814026,0.305625,0.15852611,1.0,,,,,,,,,,,,,,,,,,,,,,,,,,,,,,,,,,,,,,,,,,,,
816.0,-0.021150778836118846,0.05068425089120865,0.0003872871457133442,0.17029762268066406,0.0,0.26670706,0.15269314,1.0003872,0.09064622,0.026651401,5.505277e-07,0.0032639503,0.0020730495,-0.0008292198,0.0242773,0.059651695,0.00949876,0.306,0.15870972,1.0,,,,,,,,,,,,,,,,,,,,,,,,,,,,,,,,,,,,,,,,,,,,
817.0,-0.02118481103197919,0.0506628081202507,0.00038733481778763235,0.16913041472434998,0.0,0.26708502,0.1528036,1.0003872,0.09071018,0.026511839,4.992063e-07,0.0029063225,0.001863718,-0.0009124279,-0.085869245,-0.0501607,-0.019795286,0.306375,0.15889327,1.0,,,,,,,,,,,,,,,,,,,,,,,,,,,,,,,,,,,,,,,,,,,,
818.0,-0.021218506231881113,0.05064098909497261,0.00038733481778763235,0.1679893583059311,0.0,0.2674632,0.15291354,1.0003872,0.09076557,0.026386926,5.7319403e-07,0.003007412,0.0021123886,-0.000872612,0.02428882,0.059658475,0.009484961,0.30675,0.15907681,1.0,,,,,,,,,,,,,,,,,,,,,,,,,,,,,,,,,,,,,,,,,,,,
819.0,-0.02125098489327902,0.050618819892406464,0.00038733481778763235,0.1668742299079895,0.0,0.26784167,0.15302296,1.0003872,0.090831116,0.026257908,5.234099e-07,0.002649784,0.0019030571,-0.0009558201,-0.085863605,-0.050156705,-0.01977655,0.307125,0.15926029,1.0,,,,,,,,,,,,,,,,,,,,,,,,,,,,,,,,,,,,,,,,,,,,
820.0,-0.02128380343092213,0.05059627443552017,0.00038733481778763235,0.1657847911119461,0.0,0.26822037,0.15313189,1.0003872,0.09088809,0.026143536,5.936186e-07,0.0027508736,0.002151966,-0.0009160042,0.024300335,0.059665248,0.009471159,0.3075,0.15944374,1.0,,,,,,,,,,,,,,,,,,,,,,,,,,,,,,,,,,,,,,,,,,,,
821.0,-0.021315557351012107,0.05057339742779732,0.00038733481778763235,0.16472072899341583,0.0,0.26859936,0.15324032,1.0003872,0.09095522,0.026025055,5.4537367e-07,0.0023932457,0.0019426346,-0.0009992123,-0.08585796,-0.05015271,-0.019757818,0.307875,0.15962714,1.0,,,,,,,,,,,,,,,,,,,,,,,,,,,,,,,,,,,,,,,,,,,,
822.0,-0.021347002419313865,0.05055021122097969,0.00038733481778763235,0.16368189454078674,0.0,0.26897857,0.15334833,1.0003872,0.09101378,0.025921216,6.1180504e-07,0.0024943352,0.0021913052,-0.0009596348,0.024311846,0.059672013,0.009457356,0.30825,0.1598105,1.0,,,,,,,,,,,,,,,,,,,,,,,,,,,,,,,,,,,,,,,,,,,,
823.0,-0.021377261761564296,0.0505266897380352,0.0003872871457133442,0.1626678705215454,0.0,0.2693581,0.15345588,1.0003872,0.09108249,0.025813265,5.65099e-07,0.0021367073,0.0019819736,-0.0010426044,-0.08585232,-0.050148714,-0.01973909,0.308625,0.15999383,1.0,,,,,,,,,,,,,,,,,,,,,,,,,,,,,,,,,,,,,,,,,,,,
824.0,-0.021407230649439956,0.050502877682447433,0.00038733481778763235,0.16167844831943512,0.0,0.26973784,0.15356305,1.0003872,0.09114265,0.025719952,6.2775496e-07,0.0022377968,0.0022306442,-0.001003027,0.024323352,0.059678767,0.009443551,0.309,0.16017711,1.0,,,,,,,,,,,,,,,,,,,,,,,,,,,,,,,,,,,,,,,,,,,,
825.0,-0.021436033686588418,0.05047880485653877,0.00038733481778763235,0.16071324050426483,0.0,0.2701179,0.1536698,1.0003872,0.09121294,0.02562252,5.825875e-07,0.0018804073,0.0020213127,-0.0010859966,-0.085846685,-0.050144717,-0.019720364,0.309375,0.16036035,1.0,,,,,,,,,,,,,,,,,,,,,,,,,,,,,,,,,,,,,,,,,,,,
826.0,-0.021464566704948087,0.050454456359148026,0.00038733481778763235,0.1597719043493271,0.0,0.27049822,0.15377623,1.0003872,0.091274686,0.025539726,6.414701e-07,0.0019814968,0.0022702217,-0.0010464191,0.024334854,0.059685517,0.009429745,0.30975,0.16054356,1.0,,,,,,,,,,,,,,,,,,,,,,,,,,,,,,,,,,,,,,,,,,,,
827.0,-0.021491948416439484,0.050429828464984894,0.00038733481778763235,0.15885427594184875,0.0,0.27087882,0.15388228,1.0003872,0.09134658,0.025452808,5.978408e-07,0.0016241074,0.0020608902,-0.0011293888,-0.085841045,-0.05014072,-0.019701645,0.310125,0.16072673,1.0,,,,,,,,,,,,,,,,,,,,,,,,,,,,,,,,,,,,,,,,,,,,
828.0,-0.021519674221230526,0.05040498450398445,0.00038733481778763235,0.15795984864234924,0.0,0.2712597,0.15398803,1.0003872,0.09140991,0.025380522,6.529521e-07,0.0017251968,0.0023097992,-0.0010898113,0.02434635,0.05969226,0.009415936,0.3105,0.16090985,1.0,,,,,,,,,,,,,,,,,,,,,,,,,,,,,,,,,,,,,,,,,,,,
829.0,-0.021545616541948042,0.05037986487150192,0.00038733481778763235,0.15708835422992706,0.0,0.27164087,0.15409346,1.0003872,0.09148339,0.02530411,6.108605e-07,0.0013678074,0.0021004677,-0.0011725426,-0.08583542,-0.05013672,-0.019682927,0.310875,0.16109292,1.0,,,,,,,,,,,,,,,,,,,,,,,,,,,,,,,,,,,,,,,,,,,,
830.0,-0.0215722489547803,0.05035453289747238,0.00038733481778763235,0.156239315867424,0.0,0.27202234,0.15419865,1.0003872,0.091548316,0.025242327,6.6220264e-07,0.0014691353,0.0023493767,-0.0011332035,0.024357842,0.059698995,0.009402125,0.31125,0.16127597,1.0,,,,,,,,,,,,,,,,,,,,,,,,,,,,,,,,,,,,,,,,,,,,
831.0,-0.02159685524215165,0.05032900720834732,0.00038733481778763235,0.15541253983974457,0.0,0.2724041,0.15430354,1.0003872,0.09162339,0.025176411,6.216483e-07,0.0011117458,0.0021400452,-0.0012159348,-0.08582979,-0.050132718,-0.019664215,0.311625,0.16145897,1.0,,,,,,,,,,,,,,,,,,,,,,,,,,,,,,,,,,,,,,,,,,,,
832.0,-0.021622172276373388,0.05030330270528793,0.00038733481778763235,0.15460753440856934,0.0,0.27278614,0.15440823,1.0003872,0.09168991,0.025125124,6.6922337e-07,0.0012128353,0.0023889542,-0.0011765957,0.02436933,0.059705723,0.009388313,0.312,0.16164194,1.0,,,,,,,,,,,,,,,,,,,,,,,,,,,,,,,,,,,,,,,,,,,,
833.0,-0.021645576139326297,0.050277382135391235,0.00038733481778763235,0.15382389724254608,0.0,0.2731685,0.15451269,1.0003872,0.09176657,0.025069699,6.3020576e-07,0.00085544586,0.0021796227,-0.0012593269,-0.08582416,-0.050128717,-0.019645505,0.312375,0.16182487,1.0,,,,,,,,,,,,,,,,,,,,,,,,,,,,,,,,,,,,,,,,,,,,
834.0,-0.02166954087397026,0.0502513125538826,0.00038733481778763235,0.15306130051612854,0.0,0.27355114,0.15461697,1.0003872,0.09183468,0.025028896,6.740159e-07,0.00095677376,0.0024285316,-0.0012199879,0.02438081,0.05971244,0.009374498,0.31275,0.16200775,1.0,,,,,,,,,,,,,,,,,,,,,,,,,,,,,,,,,,,,,,,,,,,,
835.0,-0.021692379670674927,0.050225019454956055,0.00038733481778763235,0.1523192971944809,0.0,0.27393413,0.15472107,1.0003872,0.09191295,0.024983952,6.3653465e-07,0.0005996227,0.0022192001,-0.0013024807,-0.08581854,-0.050124716,-0.0196268,0.313125,0.16219059,1.0,,,,,,,,,,,,,,,,,,,,,,,,,,,,,,,,,,,,,,,,,,,,
836.0,-0.021715090070629595,0.05019863694906235,0.00038733481778763235,0.1515975445508957,0.0,0.27431738,0.15482505,1.0003872,0.091982655,0.024953628,6.7658186e-07,0.0007009506,0.0024681091,-0.00126338,0.024392288,0.059719153,0.009360682,0.3135,0.16237338,1.0,,,,,,,,,,,,,,,,,,,,,,,,,,,,,,,,,,,,,,,,,,,,
837.0,-0.021736768587539337,0.05017209053039551,0.0003872871457133442,0.15089552104473114,0.0,0.27470097,0.15492888,1.0003872,0.09206251,0.02491916,6.4063653e-07,0.00034356117,0.0022587776,-0.0013458729,-0.08581291,-0.05012071,-0.019608099,0.313875,0.16255614,1.0,,,,,,,,,,,,,,,,,,,,,,,,,,,,,,,,,,,,,,,,,,,,
838.0,-0.02175830906202682,0.050145477056503296,0.00038733481778763235,0.15021295845508575,0.0,0.27508485,0.15503262,1.0003872,0.09213381,0.024899304,6.7692287e-07,0.00044488907,0.002507925,-0.0013067722,0.024403762,0.05972586,0.009346864,0.31425,0.16273886,1.0,,,,,,,,,,,,,,,,,,,,,,,,,,,,,,,,,,,,,,,,,,,,
839.0,-0.02177884272551164,0.05011870339512825,0.00038733481778763235,0.14954926073551178,0.0,0.2754691,0.15513627,1.0003872,0.09221528,0.024875302,6.425131e-07,8.773804e-05,0.0022985935,-0.0013892651,-0.08580729,-0.05011671,-0.0195894,0.314625,0.16292155,1.0,,,,,,,,,,,,,,,,,,,,,,,,,,,,,,,,,,,,,,,,,,,,
840.0,-0.021799433498747387,0.05009186267852783,0.00038733481778763235,0.14890412986278534,0.0,0.27585363,0.15523988,1.0003872,0.092288174,0.02486591,6.7504055e-07,0.00018906593,0.0025475025,-0.0013501644,0.02441523,0.059732556,0.009333044,0.315,0.16310418,1.0,,,,,,,,,,,,,,,,,,,,,,,,,,,,,,,,,,,,,,,,,,,,
841.0,-0.0218187716437129,0.05006490275263786,0.0003872871457133442,0.14827708899974823,0.0,0.2762385,0.15534343,1.0003872,0.09237123,0.024852367,6.421659e-07,-0.0001680851,0.002338171,-0.0014324188,-0.085801676,-0.050112702,-0.019570706,0.315375,0.16328678,1.0,,,,,,,,,,,,,,,,,,,,,,,,,,,,,,,,,,,,,,,,,,,,
842.0,-0.02183848481247005,0.05003789812326431,0.00038733481778763235,0.14766767621040344,0.0,0.2766237,0.15544699,1.0003872,0.09244574,0.02485343,6.709367e-07,-6.67572e-05,0.0025873184,-0.0013933182,0.024426693,0.059739247,0.009319222,0.31575,0.16346933,1.0,,,,,,,,,,,,,,,,,,,,,,,,,,,,,,,,,,,,,,,,,,,,
843.0,-0.021856404707575713,0.0500108078122139,0.0003872871457133442,0.14707550406455994,0.0,0.27700925,0.15555052,1.0003872,0.09253039,0.024850339,6.395966e-07,-0.00042390823,0.002377987,-0.001475811,-0.085796066,-0.050108697,-0.019552017,0.316125,0.16365185,1.0,,,,,,,,,,,,,,,,,,,,,,,,,,,,,,,,,,,,,,,,,,,,
844.0,-0.02187472956900638,0.0499836765229702,0.00038733481778763235,0.1465001255273819,0.0,0.2773951,0.15565412,1.0003872,0.0926065,0.02486185,6.646128e-07,-0.00032234192,0.0026271343,-0.0014367104,0.024438152,0.059745926,0.009305398,0.3165,0.16383432,1.0,,,,,,,,,,,,,,,,,,,,,,,,,,,,,,,,,,,,,,,,,,,,
845.0,-0.021891668339100216,0.04995648190379143,0.0003872871457133442,0.1459411084651947,0.0,0.2777813,0.15575774,1.0003872,0.092692755,0.0248692,6.348068e-07,-0.00067949295,0.0024178028,-0.0015189648,-0.085790455,-0.050104693,-0.01953333,0.316875,0.16401675,1.0,,,,,,,,,,,,,,,,,,,,,,,,,,,,,,,,,,,,,,,,,,,,
846.0,-0.021909037766127952,0.049929194152355194,0.0003872871457133442,0.14539797604084015,0.0,0.27816787,0.15586145,1.0003872,0.092770465,0.024891151,6.560705e-07,-0.00057816505,0.0026669502,-0.0014801025,0.024449605,0.059752602,0.0092915725,0.31725,0.16419916,1.0,,,,,,,,,,,,,,,,,,,,,,,,,,,,,,,,,,,,,,,,,,,,
847.0,-0.021925047879860726,0.049901921302080154,0.0003873109817504883,0.1448703557252884,0.0,0.27855477,0.15596524,1.0003872,0.09285833,0.024908936,6.277982e-07,-0.0009353161,0.0024576187,-0.001562357,-0.085784845,-0.050100684,-0.01951465,0.317625,0.1643815,1.0,,,,,,,,,,,,,,,,,,,,,,,,,,,,,,,,,,,,,,,,,,,,
848.0,-0.02194151485946568,0.04987455904483795,0.0003873109817504883,0.14435772597789764,0.0,0.27894202,0.15606916,1.0003873,0.09293763,0.024941318,6.453114e-07,-0.0008337498,0.0027067661,-0.0015232563,0.024461055,0.05975927,0.009277745,0.318,0.16456382,1.0,,,,,,,,,,,,,,,,,,,,,,,,,,,,,,,,,,,,,,,,,,,,
849.0,-0.021956647262075787,0.04984714090824127,0.0003873109817504883,0.14385975897312164,0.0,0.27932963,0.1561732,1.0003873,0.0930271,0.024969531,2.5064398e-07,-0.0011906624,0.0024974346,-0.0016055107,-0.085779235,-0.050096676,-0.019495972,0.318375,0.16474609,1.0,,,,,,,,,,,,,,,,,,,,,,,,,,,,,,,,,,,,,,,,,,,,
850.0,-0.021972058565748378,0.0498197041451931,0.0003873109817504883,0.1433759480714798,0.0,0.27971756,0.15627742,1.0003873,0.09310802,0.025012337,3.5079518e-07,-0.0010890961,0.002746582,-0.0015666485,0.0244725,0.05976593,0.009263916,0.31875,0.16492832,1.0,,,,,,,,,,,,,,,,,,,,,,,,,,,,,,,,,,,,,,,,,,,,
851.0,-0.021986348587895194,0.04979218542575836,0.0003873586538247764,0.1429058313369751,0.0,0.28010592,0.1563818,1.0003873,0.0931991,0.02505097,3.053062e-07,-0.0014462471,0.002537489,-0.0016486645,-0.08577363,-0.050092664,-0.019477297,0.319125,0.1651105,1.0,,,,,,,,,,,,,,,,,,,,,,,,,,,,,,,,,,,,,,,,,,,,
852.0,-0.022001163224008996,0.04976458102464676,0.0003873109817504883,0.1424490064382553,0.0,0.28049457,0.1564864,1.0003873,0.09328162,0.025104191,3.200869e-07,-0.0013446808,0.0027866364,-0.0016100407,0.02448394,0.059772585,0.009250084,0.3195,0.16529265,1.0,,,,,,,,,,,,,,,,,,,,,,,,,,,,,,,,,,,,,,,,,,,,
853.0,-0.022014641976039275,0.0497368685901165,0.000387406355002895,0.14200496673583984,0.0,0.28088364,0.1565912,1.0003873,0.0933743,0.025153236,2.9529494e-07,-0.0017015934,0.0025773048,-0.0016920567,-0.08576804,-0.050088655,-0.019458625,0.319875,0.16547476,1.0,,,,,,,,,,,,,,,,,,,,,,,,,,,,,,,,,,,,,,,,,,,,
854.0,-0.022028614394788024,0.04970911890268326,0.0003873109817504883,0.14157338440418243,0.0,0.28127304,0.15669627,1.0003873,0.09345843,0.025216866,3.0183168e-07,-0.0016000271,0.0028266907,-0.0016531944,0.024495376,0.05977923,0.009236251,0.32025,0.16565682,1.0,,,,,,,,,,,,,,,,,,,,,,,,,,,,,,,,,,,,,,,,,,,,
855.0,-0.022041276719750386,0.04968121647834778,0.0003873586538247764,0.14115369319915771,0.0,0.28166285,0.1568016,1.0003873,0.093552716,0.025276314,2.796281e-07,-0.0018444061,0.0026173592,-0.0017352104,-0.058724154,-0.050129343,-0.019516386,0.320625,0.16583884,1.0,,,,,,,,,,,,,,,,,,,,,,,,,,,,,,,,,,,,,,,,,,,,
856.0,-0.022054511960388483,0.04965323954820633,0.0003873109817504883,0.14074566960334778,0.0,0.28205302,0.1569072,1.0003873,0.09363845,0.02534574,2.9092678e-07,-0.0016300678,0.0028665066,-0.0016963482,0.051538646,0.059735715,0.009158321,0.321,0.16602081,1.0,,,,,,,,,,,,,,,,,,,,,,,,,,,,,,,,,,,,,,,,,,,,
857.0,-0.022066460942630876,0.04962509125471115,0.0003873586538247764,0.14034873247146606,0.0,0.28244358,0.15701306,1.0003873,0.09373434,0.025406377,2.7555532e-07,-0.0018744469,0.002657175,-0.0017783642,-0.058731206,-0.050123483,-0.019510198,0.321375,0.16620275,1.0,,,,,,,,,,,,,,,,,,,,,,,,,,,,,,,,,,,,,,,,,,,,
858.0,-0.022078423622044287,0.0495968759059906,0.0003873586538247764,0.1399625837802887,0.0,0.2828345,0.15711921,1.0003873,0.09382167,0.025476994,2.8528905e-07,-0.0016601086,0.002906561,-0.0017397404,0.051537484,0.059737675,0.009156801,0.32175,0.16638465,1.0,,,,,,,,,,,,,,,,,,,,,,,,,,,,,,,,,,,,,,,,,,,,
859.0,-0.022090032500623056,0.04956851527094841,0.0003873586538247764,0.13958679139614105,0.0,0.28322583,0.15722562,1.0003873,0.09391914,0.02553882,2.7013752e-07,-0.0019044876,0.0026972294,-0.001821518,-0.058738254,-0.050117627,-0.019504007,0.322125,0.1665665,1.0,,,,,,,,,,,,,,,,,,,,,,,,,,,,,,,,,,,,,,,,,,,,
860.0,-0.02210134883326537,0.04954003542661667,0.0003873109817504883,0.13922104239463806,0.0,0.28361753,0.15733235,1.0003873,0.094008066,0.025610626,2.7985868e-07,-0.0016901493,0.0029466152,-0.0017828941,0.05153632,0.059739634,0.009155275,0.3225,0.16674832,1.0,,,,,,,,,,,,,,,,,,,,,,,,,,,,,,,,,,,,,,,,,,,,
861.0,-0.022112335829178483,0.049511443823575974,0.0003873586538247764,0.13886483013629913,0.0,0.28400964,0.1574393,1.0003873,0.094107136,0.02567364,2.6456243e-07,-0.0019345284,0.0027372837,-0.0018649101,-0.0587453,-0.050111774,-0.019497814,0.322875,0.1669301,1.0,,,,,,,,,,,,,,,,,,,,,,,,,,,,,,,,,,,,,,,,,,,,
862.0,-0.022123052760321664,0.04948270693421364,0.0003873109817504883,0.13851790130138397,0.0,0.28440213,0.1575466,1.0003873,0.09419766,0.025746638,2.743564e-07,-0.00172019,0.0029866695,-0.0018260479,0.051535163,0.059741594,0.009153746,0.32325,0.16711183,1.0,,,,,,,,,,,,,,,,,,,,,,,,,,,,,,,,,,,,,,,,,,,,
863.0,-0.022133459033107646,0.049453843384981155,0.0003873586538247764,0.13817988336086273,0.0,0.28479505,0.15765414,1.0003873,0.094298325,0.025810845,2.5889537e-07,-0.0019648075,0.002777338,-0.0019080639,-0.058752343,-0.050105926,-0.019491618,0.323625,0.16729352,1.0,,,,,,,,,,,,,,,,,,,,,,,,,,,,,,,,,,,,,,,,,,,,
864.0,-0.022143617150885257,0.049424830824136734,0.0003873109817504883,0.13785041868686676,0.0,0.28518832,0.15776199,1.0003873,0.094390444,0.025885032,2.687667e-07,-0.0017504692,0.0030267239,-0.0018692017,0.051534005,0.059743553,0.009152211,0.324,0.16747516,1.0,,,,,,,,,,,,,,,,,,,,,,,,,,,,,,,,,,,,,,,,,,,,
865.0,-0.022153486167316442,0.04939567670226097,0.0003873586538247764,0.1375291496515274,0.0,0.28558204,0.15787011,1.0003873,0.0944927,0.025950432,2.5313966e-07,-0.0019948483,0.0028176308,-0.0019512177,-0.05875938,-0.050100077,-0.01948542,0.324375,0.16765676,1.0,,,,,,,,,,,,,,,,,,,,,,,,,,,,,,,,,,,,,,,,,,,,
866.0,-0.022163124447805244,0.04936638101935387,0.0003873586538247764,0.13721582293510437,0.0,0.28597617,0.15797856,1.0003873,0.09458642,0.026025811,2.6308845e-07,-0.0017807484,0.0030670166,-0.0019123554,0.051532846,0.059745513,0.009150672,0.32475,0.16783834,1.0,,,,,,,,,,,,,,,,,,,,,,,,,,,,,,,,,,,,,,,,,,,,
867.0,-0.0221724919552049,0.049336887896060944,0.0003873586538247764,0.1369100660085678,0.0,0.2863707,0.15808728,1.0003873,0.09469028,0.026092403,2.4729533e-07,-0.0020251274,0.002857685,-0.001994133,-0.058766417,-0.050094232,-0.019479217,0.325125,0.16801985,1.0,,,,,,,,,,,,,,,,,,,,,,,,,,,,,,,,,,,,,,,,,,,,
868.0,-0.022181649647860104,0.04930724948644638,0.0003873109817504883,0.13661155104637146,0.0,0.28676564,0.15819632,1.0003873,0.094785586,0.026168976,2.5732137e-07,-0.0018107891,0.003107071,-0.0019555092,0.05153169,0.059747472,0.009149129,0.3255,0.16820133,1.0,,,,,,,,,,,,,,,,,,,,,,,,,,,,,,,,,,,,,,,,,,,,
869.0,-0.022190553038955115,0.04927745833992958,0.0003873586538247764,0.1363200843334198,0.0,0.28716102,0.15830563,1.0003873,0.09489105,0.02623676,2.4136213e-07,-0.0020554066,0.0028979778,-0.0020372868,-0.058773454,-0.05008839,-0.019473013,0.325875,0.16838276,1.0,,,,,,,,,,,,,,,,,,,,,,,,,,,,,,,,,,,,,,,,,,,,
870.0,-0.022199260673171742,0.04924752563238144,0.0003873586538247764,0.13603538274765015,0.0,0.2875568,0.15841527,1.0003873,0.09498796,0.026314525,2.5146525e-07,-0.0018410683,0.0031473637,-0.001998663,0.051530536,0.059749432,0.00914758,0.32625,0.16856416,1.0,,,,,,,,,,,,,,,,,,,,,,,,,,,,,,,,,,,,,,,,,,,,
871.0,-0.022207708444317905,0.04921739175915718,0.0003873586538247764,0.13575708866119385,0.0,0.28795305,0.15852521,1.0003873,0.095095016,0.026383502,2.353398e-07,-0.0020856857,0.0029380322,-0.0020804405,-0.058780484,-0.05008255,-0.019466806,0.326625,0.16874552,1.0,,,,,,,,,,,,,,,,,,,,,,,,,,,,,,,,,,,,,,,,,,,,
872.0,-0.022215977750636377,0.04918709024786949,0.0003873586538247764,0.13548505306243896,0.0,0.2883497,0.15863547,1.0003873,0.09519352,0.026462464,2.4551989e-07,-0.0018713474,0.003140211,-0.0020415783,0.051505774,0.048369545,0.009169765,0.327,0.16892682,1.0,,,,,,,,,,,,,,,,,,,,,,,,,,,,,,,,,,,,,,,,,,,,
873.0,-0.02222431822143808,0.04915660619735718,0.0003873586538247764,0.13521896302700043,0.0,0.28874674,0.15874602,1.0003873,0.095300235,0.02653264,2.3536107e-07,-0.002115965,0.0028834343,-0.0021233559,-0.058809265,-0.06145593,-0.01944207,0.327375,0.1691081,1.0,,,,,,,,,,,,,,,,,,,,,,,,,,,,,,,,,,,,,,,,,,,,
874.0,-0.02223202560782738,0.049125928431749344,0.0003873586538247764,0.1349586546421051,0.0,0.28914425,0.15885691,1.0003873,0.09539647,0.026612805,2.4940752e-07,-0.001901865,0.0030856133,-0.0020844936,0.051503014,0.048376817,0.009173463,0.32775,0.16928932,1.0,,,,,,,,,,,,,,,,,,,,,,,,,,,,,,,,,,,,,,,,,,,,
875.0,-0.022240440017133007,0.04909510537981987,0.0003873586538247764,0.1347038894891739,0.0,0.28954217,0.15896809,1.0003873,0.09550091,0.026684184,2.390505e-07,-0.002146244,0.0028290749,-0.0021662712,-0.058815166,-0.06144481,-0.019441038,0.328125,0.1694705,1.0,,,,,,,,,,,,,,,,,,,,,,,,,,,,,,,,,,,,,,,,,,,,
876.0,-0.022247786809472748,0.04906409978866577,0.0003873109817504883,0.13445448875427246,0.0,0.28994048,0.15907961,1.0003873,0.09559486,0.026765553,2.5226285e-07,-0.0019321442,0.0030310154,-0.002127409,0.051500253,0.048384085,0.009177155,0.3285,0.16965164,1.0,,,,,,,,,,,,,,,,,,,,,,,,,,,,,,,,,,,,,,,,,,,,
877.0,-0.022255851914611414,0.04903288930654526,0.0003873586538247764,0.1342102587223053,0.0,0.2903392,0.15919144,1.0003873,0.09569703,0.026838137,2.4281107e-07,-0.0021767616,0.002774477,-0.0022089481,-0.058821063,-0.0614337,-0.019440005,0.328875,0.16983274,1.0,,,,,,,,,,,,,,,,,,,,,,,,,,,,,,,,,,,,,,,,,,,,
878.0,-0.022262860567374445,0.049001503735780716,0.0003873586538247764,0.13397102057933807,0.0,0.29073834,0.1593036,1.0003873,0.095788725,0.02692071,2.549308e-07,-0.0019624233,0.002976656,-0.002170086,0.0514975,0.048391353,0.009180838,0.32925,0.1700138,1.0,,,,,,,,,,,,,,,,,,,,,,,,,,,,,,,,,,,,,,,,,,,,
879.0,-0.022270598748967318,0.04896988719701767,0.0003873586538247764,0.13373656570911407,0.0,0.29113787,0.1594161,1.0003873,0.09588862,0.026994498,2.4644476e-07,-0.0022070408,0.0027201176,-0.0022518635,-0.058826957,-0.06142259,-0.019438963,0.329625,0.17019482,1.0,,,,,,,,,,,,,,,,,,,,,,,,,,,,,,,,,,,,,,,,,,,,
880.0,-0.022277289004570777,0.0489380806684494,0.0003873586538247764,0.13350680470466614,0.0,0.2915378,0.15952891,1.0003873,0.09597805,0.02707828,2.5745823e-07,-0.001992941,0.0029222965,-0.0022130013,0.051494747,0.048398618,0.009184514,0.33,0.17037578,1.0,,,,,,,,,,,,,,,,,,,,,,,,,,,,,,,,,,,,,,,,,,,,
881.0,-0.022284715632383458,0.04890606924891472,0.0003873586538247764,0.13328160345554352,0.0,0.2919381,0.15964206,1.0003873,0.09607569,0.027153274,2.4994088e-07,-0.0022375584,0.0026659966,-0.0022947788,-0.05883285,-0.06141149,-0.01943792,0.330375,0.17055671,1.0,,,,,,,,,,,,,,,,,,,,,,,,,,,,,,,,,,,,,,,,,,,,
882.0,-0.02229110296740328,0.0488738939166069,0.0003873586538247764,0.13306081295013428,0.0,0.29233876,0.15975554,1.0003873,0.096162856,0.027238263,2.5984804e-07,-0.0020234585,0.0028681755,-0.0022556782,0.051491994,0.048405882,0.009188183,0.33075,0.1707376,1.0,,,,,,,,,,,,,,,,,,,,,,,,,,,,,,,,,,,,,,,,,,,,
883.0,-0.022298232887011545,0.048841480165719986,0.0003873586538247764,0.13284435868263245,0.0,0.29273984,0.15986936,1.0003873,0.09625824,0.027314464,2.5329925e-07,-0.002268076,0.002611637,-0.0023374557,-0.05883874,-0.06140039,-0.019436872,0.331125,0.17091845,1.0,,,,,,,,,,,,,,,,,,,,,,,,,,,,,,,,,,,,,,,,,,,,
884.0,-0.022304330144725104,0.048808880150318146,0.0003873586538247764,0.1326320916414261,0.0,0.29314128,0.15998353,1.0003873,0.096343145,0.027400661,2.621006e-07,-0.002053976,0.002813816,-0.0022985935,0.051489245,0.048413143,0.009191844,0.3315,0.17109925,1.0,,,,,,,,,,,,,,,,,,,,,,,,,,,,,,,,,,,,,,,,,,,,
885.0,-0.022311174282744473,0.0487760528922081,0.0003873586538247764,0.1324240118265152,0.0,0.2935431,0.16009802,1.0003873,0.09643628,0.02747807,2.5652008e-07,-0.0022985935,0.002557516,-0.0023801327,-0.058844626,-0.061389297,-0.01943582,0.331875,0.17128001,1.0,,,,,,,,,,,,,,,,,,,,,,,,,,,,,,,,,,,,,,,,,,,,
886.0,-0.022316989339298016,0.048743002116680145,0.0003873109817504883,0.13222000002861023,0.0,0.29394525,0.16021287,1.0003873,0.096518934,0.027565477,2.6421634e-07,-0.0020844936,0.002759695,-0.0023412704,0.0514865,0.0484204,0.009195496,0.33225,0.17146072,1.0,,,,,,,,,,,,,,,,,,,,,,,,,,,,,,,,,,,,,,,,,,,,
887.0,-0.022323558219692497,0.04870973899960518,0.0003873586538247764,0.13201996684074402,0.0,0.2943478,0.16032806,1.0003873,0.09660981,0.027644098,2.5960367e-07,-0.002329111,0.002503395,-0.002423048,-0.058850512,-0.06137821,-0.019434761,0.332625,0.1716414,1.0,,,,,,,,,,,,,,,,,,,,,,,,,,,,,,,,,,,,,,,,,,,,
888.0,-0.022329098213673574,0.04867628961801529,0.0003873586538247764,0.13182397186756134,0.0,0.29475066,0.1604436,1.0003873,0.09669022,0.027732713,2.6619549e-07,-0.0021150112,0.0027058125,-0.0023839474,0.051483758,0.048427656,0.0091991415,0.333,0.17182203,1.0,,,,,,,,,,,,,,,,,,,,,,,,,,,,,,,,,,,,,,,,,,,,
889.0,-0.02233539317301111,0.048642538487911224,0.0003873586538247764,0.13163189589977264,0.0,0.29515392,0.16055949,1.0003873,0.096778855,0.027812542,2.6255032e-07,-0.0023596287,0.0024495125,-0.002465725,-0.058856394,-0.06136713,-0.0194337,0.333375,0.17200261,1.0,,,,,,,,,,,,,,,,,,,,,,,,,,,,,,,,,,,,,,,,,,,,
890.0,-0.02234066203428811,0.04860861226916313,0.0003873586538247764,0.1314437836408615,0.0,0.2955575,0.16067575,1.0003873,0.096857026,0.02790237,2.6803838e-07,-0.0021457672,0.0026516914,-0.0024268627,0.051481016,0.04843491,0.009202779,0.33375,0.17218316,1.0,,,,,,,,,,,,,,,,,,,,,,,,,,,,,,,,,,,,,,,,,,,,
891.0,-0.022346686224551382,0.04857444018125534,0.0003873109817504883,0.13125956058502197,0.0,0.2959614,0.16079235,1.0003873,0.096943416,0.027983412,2.6536034e-07,-0.0023903847,0.0023956299,-0.0025084019,-0.058862273,-0.061356053,-0.019432632,0.334125,0.17236365,1.0,,,,,,,,,,,,,,,,,,,,,,,,,,,,,,,,,,,,,,,,,,,,
892.0,-0.022351685043348703,0.04854004457592964,0.0003873586538247764,0.1310792714357376,0.0,0.29636568,0.16090932,1.0003873,0.097019345,0.028074453,2.697453e-07,-0.0021762848,0.0025980473,-0.0024695396,0.051478278,0.048442163,0.00920641,0.3345,0.1725441,1.0,,,,,,,,,,,,,,,,,,,,,,,,,,,,,,,,,,,,,,,,,,,,
893.0,-0.02235743822844525,0.04850534349679947,0.0003873586538247764,0.13090293109416962,0.0,0.29677027,0.16102666,1.0003873,0.0971035,0.028156707,2.6803409e-07,-0.0024209023,0.0023417473,-0.0025510788,-0.058868147,-0.061344985,-0.019431561,0.334875,0.17272453,1.0,,,,,,,,,,,,,,,,,,,,,,,,,,,,,,,,,,,,,,,,,,,,
894.0,-0.02236216183586367,0.04847047105431557,0.0003873109817504883,0.13073062896728516,0.0,0.29717517,0.16114436,1.0003873,0.09717719,0.02824896,2.7131657e-07,-0.0022070408,0.0025441647,-0.0025122166,0.05147554,0.048449412,0.009210032,0.33525,0.1729049,1.0,,,,,,,,,,,,,,,,,,,,,,,,,,,,,,,,,,,,,,,,,,,,
895.0,-0.022367295545142413,0.04843532294034958,0.0003873586538247764,0.13056227564811707,0.0,0.29758042,0.16126241,1.0003873,0.09725912,0.028332427,2.705718e-07,-0.0024516582,0.0022878647,-0.0025937557,-0.058874022,-0.061333917,-0.019430486,0.335625,0.17308523,1.0,,,,,,,,,,,,,,,,,,,,,,,,,,,,,,,,,,,,,,,,,,,,
896.0,-0.022371062524150335,0.04839995503425598,0.0003873109817504883,0.13039807975292206,0.0,0.29798597,0.16138084,1.0003873,0.097330585,0.028425895,2.7275243e-07,-0.0022375584,0.002490282,-0.0025548935,0.05147281,0.048456658,0.009213647,0.336,0.1732655,1.0,,,,,,,,,,,,,,,,,,,,,,,,,,,,,,,,,,,,,,,,,,,,
897.0,-0.022375600500585284,0.04836434870958328,0.0003873586538247764,0.13023802638053894,0.0,0.29839185,0.16149963,1.0003873,0.09741028,0.028510578,2.729738e-07,-0.0024824142,0.0022342205,-0.0026364326,-0.058879893,-0.06132286,-0.019429408,0.336375,0.17344575,1.0,,,,,,,,,,,,,,,,,,,,,,,,,,,,,,,,,,,,,,,,,,,,
898.0,-0.022379126476246895,0.04832858592271805,0.0003873109817504883,0.13008220493793488,0.0,0.298798,0.16161883,1.0003873,0.097479515,0.02860526,2.7405326e-07,-0.0022683144,0.0024366379,-0.002597332,0.051470075,0.0484639,0.009217254,0.33675,0.17362595,1.0,,,,,,,,,,,,,,,,,,,,,,,,,,,,,,,,,,,,,,,,,,,,
899.0,-0.02238341870441364,0.0482926182448864,0.0003873586538247764,0.12993070483207703,0.0,0.2992045,0.16173838,1.0003873,0.097556986,0.028691158,2.7524038e-07,-0.0025131702,0.0021805763,-0.0026788712,-0.05888576,-0.061311804,-0.019428324,0.337125,0.1738061,1.0,,,,,,,,,,,,,,,,,,,,,,,,,,,,,,,,,,,,,,,,,,,,
900.0,-0.022386693986108736,0.04825655743479729,0.0003873109817504883,0.12978363037109375,0.0,0.29961127,0.16185832,1.0003873,0.097624004,0.028787058,2.7521938e-07,-0.0022990704,0.0023832321,-0.002640009,0.051467348,0.048471145,0.009220853,0.3375,0.17398621,1.0,,,,,,,,,,,,,,,,,,,,,,,,,,,,,,,,,,,,,,,,,,,,
901.0,-0.022390730923038067,0.04822034761309624,0.0003873586538247764,0.1296410709619522,0.0,0.30001834,0.16197863,1.0003873,0.097699255,0.028874172,2.7737184e-07,-0.0025439262,0.0021271706,-0.002721548,-0.058891624,-0.061300755,-0.019427234,0.337875,0.17416628,1.0,,,,,,,,,,,,,,,,,,,,,,,,,,,,,,,,,,,,,,,,,,,,
902.0,-0.02239374279550466,0.048184074461460114,0.0003873109817504883,0.12950323522090912,0.0,0.30042568,0.16209935,1.0003873,0.09776406,0.028971288,2.7625097e-07,-0.0023300648,0.002329588,-0.0026826859,0.05146462,0.048478384,0.009224446,0.33825,0.17434631,1.0,,,,,,,,,,,,,,,,,,,,,,,,,,,,,,,,,,,,,,,,,,,,
903.0,-0.022397509252255265,0.048147689551115036,0.0003873109817504883,0.12937015295028687,0.0,0.30083334,0.16222043,1.0003873,0.09783709,0.02905962,2.7936852e-07,-0.0025746822,0.0020735264,-0.0027639866,-0.058897488,-0.061289713,-0.019426141,0.338625,0.17452629,1.0,,,,,,,,,,,,,,,,,,,,,,,,,,,,,,,,,,,,,,,,,,,,
904.0,-0.02240024551711249,0.048111315816640854,0.0003873109817504883,0.12924200296401978,0.0,0.30124125,0.16234192,1.0003873,0.09789968,0.029157955,2.7714842e-07,-0.0023608208,0.0022761822,-0.0027251244,0.051461898,0.04848562,0.00922803,0.339,0.17470622,1.0,,,,,,,,,,,,,,,,,,,,,,,,,,,,,,,,,,,,,,,,,,,,
905.0,-0.022403728170593246,0.04807493835687637,0.0003873586538247764,0.12911894917488098,0.0,0.30164948,0.16246378,1.0003873,0.09797051,0.029247506,2.8123065e-07,-0.0026056767,0.0020201206,-0.0028066635,-0.058903348,-0.061278675,-0.019425044,0.339375,0.17488612,1.0,,,,,,,,,,,,,,,,,,,,,,,,,,,,,,,,,,,,,,,,,,,,
906.0,-0.02240616995791934,0.04803860932588577,0.0003873109817504883,0.129001185297966,0.0,0.30205792,0.16258606,1.0003873,0.09803088,0.02934706,2.77912e-07,-0.0023918152,0.0022227764,-0.0027678013,0.051459175,0.048492856,0.0092316065,0.33975,0.17506596,1.0,,,,,,,,,,,,,,,,,,,,,,,,,,,,,,,,,,,,,,,,,,,,
907.0,-0.02240935085206584,0.048002272844314575,0.0003873109817504883,0.1288887858390808,0.0,0.3024667,0.16270871,1.0003873,0.0980995,0.02943783,2.8295858e-07,-0.0026364326,0.0019669533,-0.002849102,-0.058909204,-0.06126764,-0.019423943,0.340125,0.17524578,1.0,,,,,,,,,,,,,,,,,,,,,,,,,,,,,,,,,,,,,,,,,,,,
908.0,-0.022412073097024407,0.047966014593839645,0.0003873109817504883,0.1287820190191269,0.0,0.30287567,0.1628318,1.0003873,0.098157674,0.029538605,2.7854202e-07,-0.0024225712,0.002169609,-0.0028102398,0.051456455,0.04850009,0.009235176,0.3405,0.17542553,1.0,,,,,,,,,,,,,,,,,,,,,,,,,,,,,,,,,,,,,,,,,,,,
909.0,-0.022414613843092956,0.047929875552654266,0.0003873109817504883,0.1286810338497162,0.0,0.30328494,0.16295525,1.0003873,0.09822409,0.029630596,2.8455258e-07,-0.002667427,0.0019135475,-0.002891779,-0.05891506,-0.061256614,-0.019422837,0.340875,0.17560525,1.0,,,,,,,,,,,,,,,,,,,,,,,,,,,,,,,,,,,,,,,,,,,,
910.0,-0.022417004810312943,0.04789381101727486,0.0003873109817504883,0.12858611345291138,0.0,0.30369443,0.16307914,1.0003873,0.09828006,0.029732592,2.7903877e-07,-0.0024535656,0.0021164417,-0.0028526783,0.05145374,0.04850732,0.009238738,0.34125,0.17578493,1.0,,,,,,,,,,,,,,,,,,,,,,,,,,,,,,,,,,,,,,,,,,,,
911.0,-0.022419205371386496,0.0478578545153141,0.0003873109817504883,0.12849727272987366,0.0,0.3041042,0.16320342,1.0003873,0.098344274,0.029825805,2.8601292e-07,-0.0026984215,0.0018603802,-0.0029342175,-0.058920912,-0.061245594,-0.019421725,0.341625,0.17596455,1.0,,,,,,,,,,,,,,,,,,,,,,,,,,,,,,,,,,,,,,,,,,,,
912.0,-0.022421244063765337,0.04782210662961006,0.0003873109817504883,0.12841494381427765,0.0,0.3045142,0.16332813,1.0003873,0.09839805,0.029929023,2.7940254e-07,-0.00248456,0.0020632744,-0.0028951168,0.051451024,0.04851455,0.009242292,0.342,0.17614414,1.0,,,,,,,,,,,,,,,,,,,,,,,,,,,,,,,,,,,,,,,,,,,,
913.0,-0.022423902652167458,0.047786496579647064,0.0003873109817504883,0.12833918631076813,0.0,0.30492446,0.16345322,1.0003873,0.09846008,0.030023457,2.8733996e-07,-0.002729416,0.0018074512,-0.002976656,-0.05892676,-0.061234575,-0.01942061,0.342375,0.17632368,1.0,,,,,,,,,,,,,,,,,,,,,,,,,,,,,,,,,,,,,,,,,,,,
914.0,-0.022425405316548862,0.04775102064013481,0.0003873109817504883,0.12827034294605255,0.0,0.3053349,0.16357875,1.0003873,0.09851166,0.0301279,2.7963364e-07,-0.0025155544,0.002010107,-0.0029377937,0.05144831,0.048521776,0.009245838,0.34275,0.17650318,1.0,,,,,,,,,,,,,,,,,,,,,,,,,,,,,,,,,,,,,,,,,,,,
915.0,-0.02242770582130907,0.04771571233868599,0.0003873109817504883,0.12820853292942047,0.0,0.30574563,0.16370468,1.0003873,0.098571494,0.030223558,2.8853395e-07,-0.0027604103,0.0017542839,-0.0030190945,-0.058932606,-0.061223567,-0.019419491,0.343125,0.17668264,1.0,,,,,,,,,,,,,,,,,,,,,,,,,,,,,,,,,,,,,,,,,,,,
916.0,-0.02242865252509728,0.0476805754005909,0.0003873109817504883,0.12815409898757935,0.0,0.30615655,0.16383106,1.0003873,0.09862089,0.030329224,2.7973232e-07,-0.0025465488,0.001957178,-0.0029802322,0.051445603,0.048529,0.009249376,0.3435,0.17686205,1.0,,,,,,,,,,,,,,,,,,,,,,,,,,,,,,,,,,,,,,,,,,,,
917.0,-0.02243100055929681,0.04764560982584953,0.0003873109817504883,0.1281072050333023,0.0,0.3065677,0.16395783,1.0003873,0.09867854,0.030426107,2.895952e-07,-0.0027914047,0.001701355,-0.003061533,-0.05893845,-0.06121256,-0.019418366,0.343875,0.17704141,1.0,,,,,,,,,,,,,,,,,,,,,,,,,,,,,,,,,,,,,,,,,,,,
918.0,-0.022431350346196997,0.047610752284526825,0.0003873109817504883,0.12806816399097443,0.0,0.30697906,0.16408505,1.0003873,0.09872574,0.030532999,2.796989e-07,-0.0025777817,0.0019042492,-0.0030224323,0.0514429,0.048536222,0.009252908,0.34425,0.17722073,1.0,,,,,,,,,,,,,,,,,,,,,,,,,,,,,,,,,,,,,,,,,,,,
919.0,-0.02243329192340753,0.04757607728242874,0.0003873109817504883,0.1280372142791748,0.0,0.30739066,0.16421269,1.0003873,0.09878121,0.030631106,2.90524e-07,-0.0028223991,0.0016486645,-0.0031039715,-0.058944292,-0.06120156,-0.019417237,0.344625,0.17740001,1.0,,,,,,,,,,,,,,,,,,,,,,,,,,,,,,,,,,,,,,,,,,,,
920.0,-0.02243311652160992,0.047541555017232895,0.0003873109817504883,0.12801463901996613,0.0,0.30780244,0.16434076,1.0003873,0.098826244,0.030739225,2.7953368e-07,-0.002608776,0.0018515587,-0.0030648708,0.051440194,0.048543442,0.009256431,0.345,0.17757924,1.0,,,,,,,,,,,,,,,,,,,,,,,,,,,,,,,,,,,,,,,,,,,,
921.0,-0.02243437769515077,0.04750718176364899,0.0003873109817504883,0.1280006319284439,0.0,0.30821443,0.16446926,1.0003873,0.09887953,0.03083856,2.9132062e-07,-0.002853632,0.0015957355,-0.0031461716,-0.05895013,-0.061190564,-0.019416105,0.345375,0.17775843,1.0,,,,,,,,,,,,,,,,,,,,,,,,,,,,,,,,,,,,,,,,,,,,
922.0,-0.02243350668249114,0.047472964972257614,0.0003873109817504883,0.127995565533638,0.0,0.3086266,0.16459821,1.0003873,0.098922394,0.030947905,2.7923696e-07,-0.002640009,0.0017986298,-0.0031073093,0.05143749,0.048550658,0.009259948,0.34575,0.17793758,1.0,,,,,,,,,,,,,,,,,,,,,,,,,,,,,,,,,,,,,,,,,,,,
923.0,-0.02243419975100114,0.047438859939575195,0.0003873109817504883,0.12799957394599915,0.0,0.309039,0.16472757,1.0003873,0.098973505,0.031048467,2.9198537e-07,-0.0028848648,0.001543045,-0.00318861,-0.058955964,-0.061179575,-0.019414969,0.346125,0.17811668,1.0,,,,,,,,,,,,,,,,,,,,,,,,,,,,,,,,,,,,,,,,,,,,
924.0,-0.022432746121021776,0.04740491509437561,0.0003873109817504883,0.128013014793396,0.0,0.30945155,0.1648574,1.0003873,0.09901419,0.031159041,2.7880898e-07,-0.0026710033,0.0017459393,-0.0031497478,0.05143479,0.048557874,0.009263456,0.3465,0.17829573,1.0,,,,,,,,,,,,,,,,,,,,,,,,,,,,,,,,,,,,,,,,,,,,
925.0,-0.02243284091467431,0.04737108573317528,0.0003873109817504883,0.12803606688976288,0.0,0.3098643,0.16498765,1.0003873,0.099063136,0.031260833,2.9251856e-07,-0.0029158592,0.0014903545,-0.0032310486,-0.058961798,-0.061168592,-0.019413827,0.346875,0.17847474,1.0,,,,,,,,,,,,,,,,,,,,,,,,,,,,,,,,,,,,,,,,,,,,
926.0,-0.022430772956775768,0.04733734950423241,0.0003873109817504883,0.12806907296180725,0.0,0.31027722,0.16511838,1.0003873,0.099101655,0.031372637,2.7825004e-07,-0.0027022362,0.0016934872,-0.003191948,0.05143209,0.048565086,0.009266957,0.34725,0.1786537,1.0,,,,,,,,,,,,,,,,,,,,,,,,,,,,,,,,,,,,,,,,,,,,
927.0,-0.02243023759880453,0.04730376601219177,0.0003873109817504883,0.12811224162578583,0.0,0.31069034,0.16524953,1.0003873,0.09914844,0.031475656,2.9292045e-07,-0.002947092,0.0014379025,-0.0032732487,-0.058967628,-0.061157614,-0.01941268,0.347625,0.17883262,1.0,,,,,,,,,,,,,,,,,,,,,,,,,,,,,,,,,,,,,,,,,,,,
928.0,-0.022427522888116808,0.04727029800415039,0.0003873109817504883,0.12816593050956726,0.0,0.3111036,0.16538115,1.0003873,0.099184796,0.03158869,2.775605e-07,-0.002733469,0.0016407967,-0.0032343864,0.0514294,0.048572294,0.00927045,0.348,0.17901151,1.0,,,,,,,,,,,,,,,,,,,,,,,,,,,,,,,,,,,,,,,,,,,,
929.0,-0.02242632538486287,0.04723697155714035,0.0003873109817504883,0.1282302886247635,0.0,0.3115171,0.1655132,1.0003873,0.09922941,0.03169294,2.931913e-07,-0.002978325,0.001385212,-0.0033156872,-0.058973458,-0.06114664,-0.01941153,0.348375,0.17919034,1.0,,,,,,,,,,,,,,,,,,,,,,,,,,,,,,,,,,,,,,,,,,,,
930.0,-0.02242293188323893,0.047203730791807175,0.0003873109817504883,0.12830571830272675,0.0,0.3119307,0.16564573,1.0003873,0.099263616,0.031807207,2.767406e-07,-0.0027649403,0.0015883446,-0.0032765865,0.051426705,0.048579503,0.009273936,0.34875,0.17936912,1.0,,,,,,,,,,,,,,,,,,,,,,,,,,,,,,,,,,,,,,,,,,,,
931.0,-0.02242103912786188,0.04717060551047325,0.0003873109817504883,0.12839236855506897,0.0,0.31234446,0.1657787,1.0003873,0.09930608,0.03191269,2.9333145e-07,-0.0030097961,0.0013329983,-0.0033578873,-0.05897928,-0.061135672,-0.019410376,0.349125,0.17954786,1.0,,,,,,,,,,,,,,,,,,,,,,,,,,,,,,,,,,,,,,,,,,,,
932.0,-0.022416935235795247,0.047137610614299774,0.0003873109817504883,0.12849061191082,0.0,0.31275836,0.16591215,1.0003873,0.09933812,0.032028187,2.7579057e-07,-0.002796173,0.0015361309,-0.0033187866,0.051424015,0.048586708,0.009277414,0.3495,0.17972656,1.0,,,,,,,,,,,,,,,,,,,,,,,,,,,,,,,,,,,,,,,,,,,,
933.0,-0.022414314001010648,0.04710465297102928,0.0003873109817504883,0.12860065698623657,0.0,0.31317243,0.16604604,1.0003873,0.09937844,0.0321349,2.9334117e-07,-0.003041029,0.0012805462,-0.0034000874,-0.058985103,-0.06112471,-0.019409215,0.349875,0.1799052,1.0,,,,,,,,,,,,,,,,,,,,,,,,,,,,,,,,,,,,,,,,,,,,
934.0,-0.022409467581499486,0.047071825712919235,0.0003873109817504883,0.12872280180454254,0.0,0.31358665,0.16618043,1.0003873,0.09940833,0.03225163,2.7471077e-07,-0.002827406,0.0014836788,-0.0033612251,0.05142133,0.048593912,0.009280885,0.35025,0.18008381,1.0,,,,,,,,,,,,,,,,,,,,,,,,,,,,,,,,,,,,,,,,,,,,
935.0,-0.022406087272755403,0.047039080411195755,0.0003873109817504883,0.1288572996854782,0.0,0.314001,0.16631526,1.0003873,0.09944649,0.032359578,2.9322072e-07,-0.0030725002,0.0012283325,-0.0034422874,-0.05899092,-0.061113752,-0.01940805,0.350625,0.18026239,1.0,,,,,,,,,,,,,,,,,,,,,,,,,,,,,,,,,,,,,,,,,,,,
936.0,-0.022400463283666613,0.04700644314289093,0.0003873109817504883,0.12900447845458984,0.0,0.31441548,0.16645057,1.0003873,0.099474244,0.032477543,2.7350148e-07,-0.0028588772,0.0014314651,-0.0034034252,0.051418643,0.048601113,0.009284347,0.351,0.1804409,1.0,,,,,,,,,,,,,,,,,,,,,,,,,,,,,,,,,,,,,,,,,,,,
937.0,-0.022396106871998202,0.0469738133251667,0.0003873109817504883,0.12916454672813416,0.0,0.3148301,0.16658635,1.0003873,0.09951026,0.032586727,2.9297044e-07,-0.003103733,0.0011761189,-0.0034844875,-0.05899674,-0.0611028,-0.019406883,0.351375,0.18061937,1.0,,,,,,,,,,,,,,,,,,,,,,,,,,,,,,,,,,,,,,,,,,,,
938.0,-0.022389508366667726,0.04694133624434471,0.0003873109817504883,0.12933777272701263,0.0,0.31524482,0.16672264,1.0003873,0.099535875,0.032705925,2.7216294e-07,-0.0028903484,0.0013792515,-0.0034456253,0.05141596,0.048608314,0.0092878025,0.35175,0.1807978,1.0,,,,,,,,,,,,,,,,,,,,,,,,,,,,,,,,,,,,,,,,,,,,
939.0,-0.022384196137716212,0.04690895229578018,0.0003873109817504883,0.12952442467212677,0.0,0.3156597,0.16685937,1.0003873,0.09956975,0.032816343,2.9259053e-07,-0.0031352043,0.0011239052,-0.0035266876,-0.059002556,-0.06109185,-0.019405711,0.352125,0.18097618,1.0,,,,,,,,,,,,,,,,,,,,,,,,,,,,,,,,,,,,,,,,,,,,
940.0,-0.022376627923911298,0.046876631677150726,0.0003873109817504883,0.12972475588321686,0.0,0.31607467,0.1669966,1.0003873,0.09959322,0.03293678,2.7069547e-07,-0.0029218197,0.0013272762,-0.0034878254,0.05141328,0.048615508,0.009291251,0.3525,0.18115452,1.0,,,,,,,,,,,,,,,,,,,,,,,,,,,,,,,,,,,,,,,,,,,,
941.0,-0.02237049620659091,0.04684443771839142,0.0003873109817504883,0.1299390196800232,0.0,0.3164898,0.1671343,1.0003873,0.09962496,0.033048436,2.9208138e-07,-0.0031666756,0.0010719299,-0.0035688877,-0.059008367,-0.06108091,-0.019404534,0.352875,0.18133281,1.0,,,,,,,,,,,,,,,,,,,,,,,,,,,,,,,,,,,,,,,,,,,,
942.0,-0.022362093460182954,0.046812355518341064,0.0003873109817504883,0.13016746938228607,0.0,0.316905,0.16727251,1.0003873,0.09964631,0.033170108,2.6909933e-07,-0.002953291,0.001275301,-0.0035300255,0.051410604,0.048622705,0.0092946915,0.35325,0.18151104,1.0,,,,,,,,,,,,,,,,,,,,,,,,,,,,,,,,,,,,,,,,,,,,
943.0,-0.022355112512810593,0.046780381351709366,0.0003873109817504883,0.1304103583097458,0.0,0.3173203,0.1674112,1.0003873,0.099675916,0.033283,2.9144314e-07,-0.0031981468,0.0010199547,-0.0036110878,-0.059014175,-0.061069977,-0.019403353,0.353625,0.18168925,1.0,,,,,,,,,,,,,,,,,,,,,,,,,,,,,,,,,,,,,,,,,,,,
944.0,-0.022345846322644504,0.046748530119657516,0.0003873109817504883,0.13066790997982025,0.0,0.3177357,0.16755038,1.0003873,0.099695124,0.03340591,2.6737484e-07,-0.0029847622,0.0012233257,-0.0035719872,0.051407926,0.048629895,0.009298124,0.354,0.1818674,1.0,,,,,,,,,,,,,,,,,,,,,,,,,,,,,,,,,,,,,,,,,,,,
945.0,-0.022337988049987326,0.04671674221754074,0.0003873109817504883,0.13094036281108856,0.0,0.3181512,0.16769005,1.0003873,0.09972261,0.03352004,2.906762e-07,-0.003229618,0.00096797943,-0.003653288,-0.059019983,-0.061059047,-0.019402167,0.354375,0.18204552,1.0,,,,,,,,,,,,,,,,,,,,,,,,,,,,,,,,,,,,,,,,,,,,
946.0,-0.022327829754394048,0.046685125678777695,0.0003873109817504883,0.1312279850244522,0.0,0.3185668,0.16783024,1.0003873,0.0997397,0.033644192,2.655222e-07,-0.0030162334,0.0011713505,-0.0036141872,0.051405255,0.048637085,0.00930155,0.35475,0.18222357,1.0,,,,,,,,,,,,,,,,,,,,,,,,,,,,,,,,,,,,,,,,,,,,
947.0,-0.022319067991089833,0.04665360972285271,0.0003873109817504883,0.13153091073036194,0.0,0.31898248,0.1679709,1.0003873,0.099765055,0.03375956,2.8978084e-07,-0.0032613277,0.0009162426,-0.0036952496,-0.059025787,-0.06104812,-0.019400977,0.355125,0.1824016,1.0,,,,,,,,,,,,,,,,,,,,,,,,,,,,,,,,,,,,,,,,,,,,
948.0,-0.022307992911078333,0.04662216827273369,0.0003873109817504883,0.13184943795204163,0.0,0.31939822,0.16811208,1.0003873,0.09978002,0.033884954,2.6354178e-07,-0.003047943,0.0011196136,-0.0036563873,0.051402584,0.048644274,0.009304968,0.3555,0.18257958,1.0,,,,,,,,,,,,,,,,,,,,,,,,,,,,,,,,,,,,,,,,,,,,
949.0,-0.022298300869610835,0.04659091308712959,0.0003873586538247764,0.1321837306022644,0.0,0.3198141,0.16825376,1.0003873,0.09980326,0.034001563,2.8875726e-07,-0.003292799,0.00086426735,-0.0037374496,-0.059031587,-0.0610372,-0.019399783,0.355875,0.1827575,1.0,,,,,,,,,,,,,,,,,,,,,,,,,,,,,,,,,,,,,,,,,,,,
950.0,-0.02228628395090491,0.04655980318784714,0.0003873586538247764,0.13253404200077057,0.0,0.32022998,0.16839597,1.0003873,0.09981611,0.034128193,2.614338e-07,-0.0030794144,0.0010678768,-0.003698349,0.051399916,0.048651457,0.009308377,0.35625,0.18293537,1.0,,,,,,,,,,,,,,,,,,,,,,,,,,,,,,,,,,,,,,,,,,,,
951.0,-0.022275637668541463,0.04652881994843483,0.00038733481778763235,0.13290050625801086,0.0,0.32064596,0.16853866,1.0003873,0.09983724,0.034246042,2.876058e-07,-0.0033245087,0.00081276894,-0.0037794113,-0.059037387,-0.061026286,-0.019398583,0.356625,0.18311322,1.0,,,,,,,,,,,,,,,,,,,,,,,,,,,,,,,,,,,,,,,,,,,,
952.0,-0.022262656074347617,0.04649793729186058,0.0003873586538247764,0.13328337669372559,0.0,0.321062,0.16868187,1.0003874,0.09984798,0.034373917,2.5919857e-07,-0.003111124,0.00101614,-0.003740549,0.05139725,0.048658643,0.00931178,0.357,0.183291,1.0,,,,,,,,,,,,,,,,,,,,,,,,,,,,,,,,,,,,,,,,,,,,
953.0,-0.022251033781403386,0.04646722227334976,0.00038738251896575093,0.13368277251720428,0.0,0.3214781,0.1688256,1.0003873,0.099866994,0.03449301,-8.1601236e-08,-0.0033562183,0.0007610321,-0.0038216114,-0.059043184,-0.06101538,-0.01939738,0.357375,0.18346874,1.0,,,,,,,,,,,,,,,,,,,,,,,,,,,,,,,,,,,,,,,,,,,,
954.0,-0.0222370645630188,0.04643666371703148,0.00038738251896575093,0.13409894704818726,0.0,0.32189426,0.16896985,1.0003874,0.09987562,0.03462213,3.432225e-07,-0.0031428337,0.0009646416,-0.0037825108,0.051394586,0.04866582,0.009315176,0.35775,0.18364644,1.0,,,,,,,,,,,,,,,,,,,,,,,,,,,,,,,,,,,,,,,,,,,,
955.0,-0.02222444537701158,0.04640621691942215,0.00038738251896575093,0.13453197479248047,0.0,0.32231048,0.16911462,1.0003874,0.099892534,0.034742463,-1.0329039e-07,-0.003387928,0.0007095337,-0.003863573,-0.059048977,-0.061004475,-0.019396173,0.358125,0.18382409,1.0,,,,,,,,,,,,,,,,,,,,,,,,,,,,,,,,,,,,,,,,,,,,
956.0,-0.02220947027218208,0.04637594893574715,0.00038733481778763235,0.13498209416866302,0.0,0.32272673,0.16925992,1.0003874,0.09989906,0.034872822,-2.2431955e-08,-0.0031745434,0.00091314316,-0.0038244724,0.051391926,0.048673,0.009318563,0.3585,0.1840017,1.0,,,,,,,,,,,,,,,,,,,,,,,,,,,,,,,,,,,,,,,,,,,,
957.0,-0.022195836006740865,0.04634583741426468,0.00038738251896575093,0.1354493945837021,0.0,0.32314304,0.16940573,1.0003874,0.099913865,0.034994405,-1.9555683e-08,-0.0034196377,0.0006580353,-0.0039055347,-0.059054766,-0.060993575,-0.01939496,0.358875,0.18417926,1.0,,,,,,,,,,,,,,,,,,,,,,,,,,,,,,,,,,,,,,,,,,,,
958.0,-0.022179837785223207,0.046315889805555344,0.00038738251896575093,0.13593405485153198,0.0,0.32355934,0.16955209,1.0003874,0.09991829,0.03512601,-4.5067512e-08,-0.003206253,0.00086164474,-0.003866434,0.051389266,0.048680175,0.009321944,0.35925,0.18435678,1.0,,,,,,,,,,,,,,,,,,,,,,,,,,,,,,,,,,,,,,,,,,,,
959.0,-0.022165170288594528,0.04628610238432884,0.00038738251896575093,0.13643622398376465,0.0,0.32397574,0.16969897,1.0003874,0.099931,0.035248835,-1.65154e-08,-0.0034513474,0.0006067753,-0.0039474964,-0.059060555,-0.06098268,-0.019393744,0.359625,0.18453425,1.0,,,,,,,,,,,,,,,,,,,,,,,,,,,,,,,,,,,,,,,,,,,,
960.0,-0.022148132916241594,0.04625644534826279,0.00038738251896575093,0.13695596158504486,0.0,0.3243921,0.16984639,1.0003874,0.09993333,0.035381686,-4.891268e-08,-0.0032379627,0.00081038475,-0.003908396,0.05138661,0.04868735,0.009325316,0.36,0.18471166,1.0,,,,,,,,,,,,,,,,,,,,,,,,,,,,,,,,,,,,,,,,,,,,
961.0,-0.022132420183754588,0.04622698947787285,0.0003873586538247764,0.13749343156814575,0.0,0.32480857,0.16999432,1.0003874,0.09994395,0.035505757,-1.8043087e-08,-0.003483057,0.00055527687,-0.003989458,-0.05906634,-0.060971793,-0.019392524,0.360375,0.18488905,1.0,,,,,,,,,,,,,,,,,,,,,,,,,,,,,,,,,,,,,,,,,,,,
962.0,-0.022114328772022417,0.046197716146707535,0.00038738251896575093,0.13804876804351807,0.0,0.325225,0.17014283,1.0003873,0.09994419,0.035639856,-5.1840924e-08,-0.0032699108,0.00075912476,-0.0039503574,0.051383957,0.04869452,0.009328682,0.36075,0.18506637,1.0,,,,,,,,,,,,,,,,,,,,,,,,,,,,,,,,,,,,,,,,,,,,
963.0,-0.02209755674701519,0.04616861790418625,0.00038738251896575093,0.13862201571464539,0.0,0.32564145,0.17029184,1.0003874,0.09995271,0.035765175,3.4798597e-07,-0.003515005,0.0005042553,-0.0040314198,-0.059072122,-0.06096091,-0.019391298,0.361125,0.18524367,1.0,,,,,,,,,,,,,,,,,,,,,,,,,,,,,,,,,,,,,,,,,,,,
964.0,-0.022078401514644793,0.0461396798491478,0.00038738251896575093,0.13921329379081726,0.0,0.3260579,0.17044143,1.0003874,0.099950865,0.035900522,-1.4122327e-07,-0.0033016205,0.00070786476,-0.003992319,0.051381305,0.048701692,0.009332039,0.3615,0.1854209,1.0,,,,,,,,,,,,,,,,,,,,,,,,,,,,,,,,,,,,,,,,,,,,
965.0,-0.02206055880009226,0.04611093923449516,0.00038738251896575093,0.13982269167900085,0.0,0.3264744,0.17059155,1.0003874,0.09995731,0.03602709,-1.6974256e-09,-0.0035467148,0.0004529953,-0.0040733814,-0.059077904,-0.060950037,-0.019390069,0.361875,0.18559809,1.0,,,,,,,,,,,,,,,,,,,,,,,,,,,,,,,,,,,,,,,,,,,,
966.0,-0.02204032851424636,0.04608241841197014,0.00038738251896575093,0.14045029878616333,0.0,0.3268909,0.17074223,1.0003874,0.099953376,0.036163684,-6.2718016e-08,-0.0033335686,0.0006568432,-0.004034281,0.051378656,0.04870886,0.009335389,0.36225,0.18577524,1.0,,,,,,,,,,,,,,,,,,,,,,,,,,,,,,,,,,,,,,,,,,,,
967.0,-0.022021407694208756,0.04605405405163765,0.00038738251896575093,0.14109614491462708,0.0,0.32730737,0.17089345,1.0003874,0.099957734,0.0362915,-2.3026665e-08,-0.0035786629,0.00040197372,-0.004115343,-0.05908368,-0.060939163,-0.019388834,0.362625,0.18595234,1.0,,,,,,,,,,,,,,,,,,,,,,,,,,,,,,,,,,,,,,,,,,,,
968.0,-0.02200009489953445,0.046025872230529785,0.00038738251896575093,0.14176031947135925,0.0,0.32772383,0.17104523,1.0003874,0.09995172,0.036429342,-6.14618e-08,-0.0033655167,0.0006058216,-0.0040762424,0.05137601,0.048716024,0.009338732,0.363,0.18612938,1.0,,,,,,,,,,,,,,,,,,,,,,,,,,,,,,,,,,,,,,,,,,,,
969.0,-0.021980088334308676,0.04599792882800102,0.0003873586538247764,0.14244285225868225,0.0,0.32814032,0.17119756,1.0003874,0.099954,0.03655841,-2.6373304e-08,-0.003610611,0.00035095215,-0.0041570663,-0.059089456,-0.060928296,-0.019387595,0.363375,0.18630639,1.0,,,,,,,,,,,,,,,,,,,,,,,,,,,,,,,,,,,,,,,,,,,,
970.0,-0.021957687135052764,0.045970141887664795,0.00038738251896575093,0.14314383268356323,0.0,0.32855675,0.17135046,1.0003873,0.09994592,0.036697503,-6.4581975e-08,-0.0033974648,0.00055480003,-0.004118204,0.051373366,0.048723187,0.009342067,0.36375,0.18648334,1.0,,,,,,,,,,,,,,,,,,,,,,,,,,,,,,,,,,,,,,,,,,,,
971.0,-0.021936589110707064,0.045942582190036774,0.00038738251896575093,0.1438632607460022,0.0,0.3289732,0.17150392,1.0003874,0.09994613,0.03682782,3.3908086e-07,-0.003642559,0.00029993057,-0.004199028,-0.05909523,-0.060917437,-0.019386353,0.364125,0.18666026,1.0,,,,,,,,,,,,,,,,,,,,,,,,,,,,,,,,,,,,,,,,,,,,
972.0,-0.021913095828693625,0.04591526463627815,0.00038738251896575093,0.14460116624832153,0.0,0.3293896,0.17165795,1.0003874,0.09993597,0.036968168,-1.5444687e-07,-0.0034294128,0.00050377846,-0.0041599274,0.051370725,0.048730347,0.0093453955,0.3645,0.18683712,1.0,,,,,,,,,,,,,,,,,,,,,,,,,,,,,,,,,,,,,,,,,,,,
973.0,-0.02189090592606153,0.045888129621744156,0.00038738251896575093,0.14535751938819885,0.0,0.329806,0.17181253,1.0003874,0.09993411,0.037099734,-1.1107669e-08,-0.0036745071,0.00024914742,-0.0042407513,-0.059101,-0.06090658,-0.019385105,0.364875,0.18701394,1.0,,,,,,,,,,,,,,,,,,,,,,,,,,,,,,,,,,,,,,,,,,,,
974.0,-0.02186631745257764,0.045861221849918365,0.00038738251896575093,0.1461324691772461,0.0,0.33022234,0.1719677,1.0003874,0.09992189,0.037241336,-7.6439484e-08,-0.003461361,0.0004529953,-0.004201889,0.051368088,0.048737504,0.009348716,0.36525,0.18719071,1.0,,,,,,,,,,,,,,,,,,,,,,,,,,,,,,,,,,,,,,,,,,,,
975.0,-0.021843032486579254,0.04583454504609108,0.0003873586538247764,0.14692586660385132,0.0,0.33063865,0.17212343,1.0003874,0.09991796,0.037374154,-3.2937173e-08,-0.0037066936,0.00019812584,-0.004282713,-0.059106767,-0.06089573,-0.019383855,0.365625,0.18736744,1.0,,,,,,,,,,,,,,,,,,,,,,,,,,,,,,,,,,,,,,,,,,,,
976.0,-0.021817350492210973,0.04580807313323021,0.00038738251896575093,0.1477378010749817,0.0,0.33105493,0.17227975,1.0003873,0.09990368,0.037517007,-7.568082e-08,-0.003493309,0.00040221214,-0.0042436123,0.05136545,0.04874466,0.009352028,0.366,0.1875441,1.0,,,,,,,,,,,,,,,,,,,,,,,,,,,,,,,,,,,,,,,,,,,,
977.0,-0.02179297085124454,0.04578186571598053,0.00038738251896575093,0.148568257689476,0.0,0.33147115,0.17243662,1.0003874,0.09989769,0.037651084,3.311448e-07,-0.0037386417,0.0001475811,-0.004324436,-0.05911253,-0.060884885,-0.019382598,0.366375,0.18772075,1.0,,,,,,,,,,,,,,,,,,,,,,,,,,,,,,,,,,,,,,,,,,,,
978.0,-0.02176619636430769,0.04575588181614876,0.00038738251896575093,0.1494171917438507,0.0,0.33188733,0.1725941,1.0003874,0.09988134,0.03779519,-1.6568319e-07,-0.0035254955,0.0003516674,-0.0042853355,0.051362816,0.048751812,0.009355334,0.36675,0.18789732,1.0,,,,,,,,,,,,,,,,,,,,,,,,,,,,,,,,,,,,,,,,,,,,
979.0,-0.02174072396687116,0.045730121433734894,0.0003873586538247764,0.15028460323810577,0.0,0.33230346,0.17275216,1.0003874,0.099873304,0.03793052,-1.9471797e-08,-0.0037708282,9.679794e-05,-0.0043661594,-0.059118293,-0.060874045,-0.019381339,0.367125,0.18807386,1.0,,,,,,,,,,,,,,,,,,,,,,,,,,,,,,,,,,,,,,,,,,,,
980.0,-0.021712913061677688,0.045704636722803116,0.00038738251896575093,0.1511705070734024,0.0,0.33271953,0.1729108,1.0003873,0.09985491,0.038075883,-8.803417e-08,-0.003557682,0.00030088425,-0.004327059,0.051360182,0.048758965,0.009358631,0.3675,0.18825035,1.0,,,,,,,,,,,,,,,,,,,,,,,,,,,,,,,,,,,,,,,,,,,,
981.0,-0.02168629687759167,0.04567938670516014,0.00038738251896575093,0.15207478404045105,0.0,0.33313555,0.17307001,1.0003874,0.09984481,0.038212467,3.26251e-07,-0.0038027763,4.6253204e-05,-0.0044078827,-0.059124053,-0.06086321,-0.019380074,0.367875,0.1884268,1.0,,,,,,,,,,,,,,,,,,,,,,,,,,,,,,,,,,,,,,,,,,,,
982.0,-0.021657773680106764,0.04565434530377388,0.00038738251896575093,0.1529974788427353,0.0,0.3335515,0.17322984,1.0003874,0.09982436,0.038359087,-1.7403076e-07,-0.0035898685,0.0002503395,-0.0043690205,0.051357552,0.048766114,0.009361922,0.36825,0.1886032,1.0,,,,,,,,,,,,,,,,,,,,,,,,,,,,,,,,,,,,,,,,,,,,
983.0,-0.021629850913313205,0.0456295907497406,0.00038738251896575093,0.15393848717212677,0.0,0.33396736,0.17339025,1.0003874,0.09981222,0.038496926,-2.5611323e-08,-0.0038349628,-4.2915344e-06,-0.004449606,-0.059129808,-0.060852382,-0.019378804,0.368625,0.18877955,1.0,,,,,,,,,,,,,,,,,,,,,,,,,,,,,,,,,,,,,,,,,,,,
984.0,-0.02160051375377225,0.04560508579015732,0.0003873586538247764,0.15489782392978668,0.0,0.33438316,0.17355128,1.0003874,0.099789724,0.038644806,-9.6393556e-08,-0.003622055,0.00020003319,-0.0044107437,0.051354926,0.04877326,0.009365205,0.369,0.18895584,1.0,,,,,,,,,,,,,,,,,,,,,,,,,,,,,,,,,,,,,,,,,,,,
985.0,-0.0215714622413092,0.045580871403217316,0.00038738251896575093,0.15587536990642548,0.0,0.3347989,0.17371288,1.0003873,0.09977554,0.0387839,-4.8117922e-08,-0.0038671494,-5.4597855e-05,-0.004491329,-0.059135564,-0.060841557,-0.019377531,0.369375,0.1891321,1.0,,,,,,,,,,,,,,,,,,,,,,,,,,,,,,,,,,,,,,,,,,,,
986.0,-0.02154112118114172,0.04555691406130791,0.00038738251896575093,0.15687109529972076,0.0,0.33521453,0.1738751,1.0003874,0.099750996,0.03893304,2.7168988e-07,-0.0036542416,0.00014948845,-0.004452467,0.051352303,0.048780404,0.00936848,0.36975,0.1893083,1.0,,,,,,,,,,,,,,,,,,,,,,,,,,,,,,,,,,,,,,,,,,,,
987.0,-0.02151092813616197,0.04553324729204178,0.00038738251896575093,0.15788498520851135,0.0,0.3356301,0.1740379,1.0003874,0.09973477,0.039073393,-1.3897028e-07,-0.0038993359,-0.000104904175,-0.0045330524,-0.059141316,-0.06083074,-0.019376254,0.370125,0.18948446,1.0,,,,,,,,,,,,,,,,,,,,,,,,,,,,,,,,,,,,,,,,,,,,
988.0,-0.021479686630497236,0.04550982639193535,0.0003873586538247764,0.15891693532466888,0.0,0.33604553,0.17420132,1.0003874,0.09970819,0.03922379,-8.018544e-08,-0.003686428,9.918213e-05,-0.004493952,0.05134968,0.048787545,0.009371748,0.3705,0.18966058,1.0,,,,,,,,,,,,,,,,,,,,,,,,,,,,,,,,,,,,,,,,,,,,
989.0,-0.021448262674501534,0.045486681163311005,0.00038738251896575093,0.15996681153774261,0.0,0.33646092,0.17436536,1.0003873,0.09968993,0.039365403,-6.093482e-08,-0.003931761,-0.0001552105,-0.0045747757,-0.059147064,-0.060819928,-0.019374972,0.370875,0.18983664,1.0,,,,,,,,,,,,,,,,,,,,,,,,,,,,,,,,,,,,,,,,,,,,
990.0,-0.02141613328680469,0.04546384885907173,0.00038738251896575093,0.16103462874889374,0.0,0.33687615,0.17453001,1.0003874,0.09966132,0.03951706,2.6398948e-07,-0.0037186146,4.887581e-05,-0.004535675,0.05134706,0.048794687,0.009375009,0.37125,0.19001266,1.0,,,,,,,,,,,,,,,,,,,,,,,,,,,,,,,,,,,,,,,,,,,,
991.0,-0.021383485739992106,0.045441288501024246,0.0003873586538247764,0.16212031245231628,0.0,0.33729133,0.17469525,1.0003874,0.099641025,0.039659936,-1.464763e-07,-0.0039639473,-0.00020551682,-0.004616499,-0.05915281,-0.060809117,-0.019373685,0.371625,0.19018863,1.0,,,,,,,,,,,,,,,,,,,,,,,,,,,,,,,,,,,,,,,,,,,,
992.0,-0.0213504749024527,0.04541900381445885,0.00038738251896575093,0.16322369873523712,0.0,0.3377064,0.17486115,1.0003873,0.09961039,0.03981285,-8.943432e-08,-0.0037510395,-1.1920929e-06,-0.0045773983,0.051344443,0.048801824,0.009378262,0.372,0.19036455,1.0,,,,,,,,,,,,,,,,,,,,,,,,,,,,,,,,,,,,,,,,,,,,
993.0,-0.021316666566293135,0.04539705067873001,0.00038738251896575093,0.16434475779533386,0.0,0.33812132,0.17502764,1.0003874,0.09958806,0.03995699,2.9954793e-07,-0.003996372,-0.00025558472,-0.004657984,-0.059158556,-0.060798313,-0.019372394,0.372375,0.19054043,1.0,,,,,,,,,,,,,,,,,,,,,,,,,,,,,,,,,,,,,,,,,,,,
994.0,-0.02128273344819245,0.04537535458803177,0.00038738251896575093,0.16548345983028412,0.0,0.33853614,0.17519476,1.0003874,0.0995554,0.040111165,-1.9988703e-07,-0.003783226,-5.1259995e-05,-0.0046191216,0.051341828,0.04880896,0.0093815075,0.37275,0.19071625,1.0,,,,,,,,,,,,,,,,,,,,,,,,,,,,,,,,,,,,,,,,,,,,
995.0,-0.021247866811439968,0.04535399377346039,0.0003873586538247764,0.16663959622383118,0.0,0.33895084,0.1753625,1.0003874,0.09953105,0.040256567,-4.748023e-08,-0.0040285587,-0.00030565262,-0.004699707,-0.059164297,-0.060787518,-0.0193711,0.373125,0.19089204,1.0,,,,,,,,,,,,,,,,,,,,,,,,,,,,,,,,,,,,,,,,,,,,
996.0,-0.021212930995458373,0.045332930982112885,0.00038738251896575093,0.16781319677829742,0.0,0.33936542,0.17553088,1.0003873,0.099496365,0.04041201,-1.2428995e-07,-0.003815651,-0.000101327896,-0.0046606064,0.051339213,0.048816092,0.009384746,0.3735,0.19106777,1.0,,,,,,,,,,,,,,,,,,,,,,,,,,,,,,,,,,,,,,,,,,,,
997.0,-0.02117704080307776,0.045312199741601944,0.0003873586538247764,0.16900408267974854,0.0,0.33977988,0.17569987,1.0003874,0.09947,0.04055867,2.9751334e-07,-0.0040609837,-0.00035572052,-0.004741192,-0.059170038,-0.060776725,-0.0193698,0.373875,0.19124345,1.0,,,,,,,,,,,,,,,,,,,,,,,,,,,,,,,,,,,,,,,,,,,,
998.0,-0.021141088735716768,0.04529177397489548,0.00038738251896575093,0.17021219432353973,0.0,0.3401942,0.17586952,1.0003873,0.099433295,0.040715374,-2.1132135e-07,-0.0038480759,-0.0001513958,-0.0047023296,0.051336605,0.048823223,0.0093879765,0.37425,0.19141908,1.0,,,,,,,,,,,,,,,,,,,,,,,,,,,,,,,,,,,,,,,,,,,,
999.0,-0.021104187511652345,0.04527167230844498,0.00038738251896575093,0.17143742740154266,0.0,0.3406084,0.17603979,1.0003874,0.09940491,0.0408633,3.126132e-07,-0.0040934086,-0.00040555,-0.004782915,-0.05917577,-0.06076594,-0.019368496,0.374625,0.19159468,1.0,,,,,,,,,,,,,,,,,,,,,,,,,,,,,,,,,,,,,,,,,,,,
