step,reward,mean_form_error_m,mean_z_error_m,min_dyn_distance_m,collision_flag,x_m,y_m,z_m,vx_mps,vy_mps,vz_mps,roll_rad,pitch_rad,yaw_rad,wx_rps,wy_rps,wz_rps,x_des_m,y_des_m,z_des_m,ic_pos_jitter_d0_x_m,ic_pos_jitter_d0_y_m,ic_pos_jitter_d0_z_m,ic_yaw_jitter_d0_rad,ic_vel_jitter_d0_x_mps,ic_vel_jitter_d0_y_mps,ic_vel_jitter_d0_z_mps,ic_pos_jitter_d1_x_m,ic_pos_jitter_d1_y_m,ic_pos_jitter_d1_z_m,ic_yaw_jitter_d1_rad,ic_vel_jitter_d1_x_mps,ic_vel_jitter_d1_y_mps,ic_vel_jitter_d1_z_mps,ic_pos_jitter_d2_x_m,ic_pos_jitter_d2_y_m,ic_pos_jitter_d2_z_m,ic_yaw_jitter_d2_rad,ic_vel_jitter_d2_x_mps,ic_vel_jitter_d2_y_mps,ic_vel_jitter_d2_z_mps,ic_pos_jitter_d3_x_m,ic_pos_jitter_d3_y_m,ic_pos_jitter_d3_z_m,ic_yaw_jitter_d3_rad,ic_vel_jitter_d3_x_mps,ic_vel_jitter_d3_y_mps,ic_vel_jitter_d3_z_mps,ic_pos_jitter_d4_x_m,ic_pos_jitter_d4_y_m,ic_pos_jitter_d4_z_m,ic_yaw_jitter_d4_rad,ic_vel_jitter_d4_x_mps,ic_vel_jitter_d4_y_mps,ic_vel_jitter_d4_z_mps,ic_obstacle_jitter_x_m,ic_obstacle_jitter_y_m,ic_obstacle_jitter_z_m,ic_dynamic_jitter_x_m,ic_dynamic_jitter_y_m,ic_dynamic_jitter_z_m,episode,max_steps,timestamp_unix
,,,,,,,,,,,,,,,,,,,,,-0.05825834249526399,0.07363368007225035,0.05660149035787965,0.013778854484226666,0.019323756908208395,0.05996332919462982,-0.18688749471979024,0.27635313544656853,0.1398931572719015,-0.24948264743854354,-0.03236751057940995,0.191095020178552,0.11766486963044226,-0.10789497407303968,0.04091573026544065,0.10246389849381043,-0.06431312456632698,0.18900604019814438,0.013018928327808071,0.1879779608001551,0.06010796892095571,0.2005013989828474,-0.17388610079197264,0.11545403989585312,-0.21992961606983583,0.12671724841128124,-0.08192613270903887,0.11783950990590719,0.10361636054418522,0.2399432559718115,0.04632511724519883,-0.2800980325412561,0.11446763703902113,0.025073828857214042,-0.14933724911090385,-0.29045484400052496,0.3530628808126006,0.2390384614074208,0.12810648386905277,0.08501928771005762,0.0037277220194933958,59.0,1000.0,1764624969.6640298
0.0,-0.002604140158851482,0.0007365128258243203,0.0006015300750732422,1.5151134729385376,0.0,0.0,0.0,1.0006009,0.0,0.0,0.00013424523,0.0,0.0,0.0,0.0,0.0,0.0,0.0,0.0,1.0,,,,,,,,,,,,,,,,,,,,,,,,,,,,,,,,,,,,,,,,,,,,
1.0,-0.0026062855057791697,0.0010415937285870314,0.0006020069122314453,1.5150750875473022,0.0,0.0,0.0,1.0006015,0.0,0.0,0.00013266898,0.0,0.0,0.0,0.0,0.0,0.0,0.000375,0.0002,1.0,,,,,,,,,,,,,,,,,,,,,,,,,,,,,,,,,,,,,,,,,,,,
2.0,-0.0026074087373217036,0.0014101777924224734,0.0006026029586791992,1.515016794204712,0.0,0.0,0.0,1.000602,0.0,0.0,0.00013119941,-0.00012803078,0.00023984909,0.0,-0.030714178,0.057589088,0.0,0.00075,0.00039999993,1.0,,,,,,,,,,,,,,,,,,,,,,,,,,,,,,,,,,,,,,,,,,,,
3.0,-0.002609274144131269,0.0018037438858300447,0.0006030797958374023,1.514939785003662,0.0,4.0866155e-08,2.1795282e-08,1.0006026,9.807877e-06,5.230868e-06,0.00013007119,0.00020241737,2.1457672e-05,0.0,0.07927969,-0.052410748,-1.2316217e-05,0.001125,0.0005999998,1.0,,,,,,,,,,,,,,,,,,,,,,,,,,,,,,,,,,,,,,,,,,,,
4.0,-0.002611188561917925,0.0022089299745857716,0.0006036758422851562,1.5148438215255737,0.0,8.539839e-08,9.123518e-09,1.0006031,1.0687736e-05,-3.0412234e-06,0.0001284971,7.43866e-05,0.00026154518,1.1920929e-06,-0.03072544,0.05758821,0.00028527447,0.0015,0.00079999946,1.0,,,,,,,,,,,,,,,,,,,,,,,,,,,,,,,,,,,,,,,,,,,,
5.0,-0.0026131304243452638,0.0026204106397926807,0.0006041526794433594,1.5147286653518677,0.0,1.7446156e-07,-1.6205192e-08,1.0006037,2.1375163e-05,-6.0788907e-06,0.00012739426,0.00040459633,4.3153763e-05,-2.4080276e-05,0.07926684,-0.05241106,-0.0060845534,0.001875,0.000999999,1.0,,,,,,,,,,,,,,,,,,,,,,,,,,,,,,,,,,,,,,,,,,,,
6.0,-0.0026150905853914996,0.003035591449588537,0.0006047487258911133,1.5145946741104126,0.0,2.7085352e-07,-1.10437135e-07,1.0006042,2.313407e-05,-2.2615666e-05,0.00012581167,0.00027656555,0.00028300285,7.224083e-05,-0.030735558,0.05757703,0.023127267,0.00225,0.0011999982,1.0,,,,,,,,,,,,,,,,,,,,,,,,,,,,,,,,,,,,,,,,,,,,
7.0,-0.0026170629654811823,0.0034531690180301666,0.0006052255630493164,1.5144420862197876,0.0,4.1543603e-07,-2.5174563e-07,1.0006047,3.4699802e-05,-3.391404e-05,0.00012471167,0.0006067753,6.4611435e-05,4.673004e-05,0.07925311,-0.052409466,-0.0061006187,0.002625,0.0013999972,1.0,,,,,,,,,,,,,,,,,,,,,,,,,,,,,,,,,,,,,,,,,,,,
8.0,-0.002619044803170164,0.003872364293783903,0.0006057024002075195,1.5142709016799927,0.0,5.7100635e-07,-4.9635975e-07,1.0006052,3.7336882e-05,-5.8707385e-05,0.00012312588,0.0004787445,0.00030446053,0.00014328957,-0.030756464,0.057564907,0.023135802,0.003,0.0015999958,1.0,,,,,,,,,,,,,,,,,,,,,,,,,,,,,,,,,,,,,,,,,,,,
9.0,-0.002621034487669204,0.004292740020900965,0.0006061792373657227,1.514081358909607,0.0,7.784203e-07,-8.224308e-07,1.0006057,4.9779348e-05,-7.825706e-05,0.00012202749,0.0008087158,8.606911e-05,0.00011777878,0.079239376,-0.052407872,-0.006116672,0.003375,0.0017999939,1.0,,,,,,,,,,,,,,,,,,,,,,,,,,,,,,,,,,,,,,,,,,,,
10.0,-0.002623031232730682,0.004713968839496374,0.0006067752838134766,1.5138733386993408,0.0,1.0004748e-06,-1.2861719e-06,1.0006062,5.329306e-05,-0.000111297864,0.00012080671,0.00068068504,0.0003259182,0.00021409988,-0.030777361,0.05755279,0.023144327,0.00375,0.0019999917,1.0,,,,,,,,,,,,,,,,,,,,,,,,,,,,,,,,,,,,,,,,,,,,
11.0,-0.002625033244899533,0.005135862156748772,0.0006072521209716797,1.5136468410491943,0.0,1.2780191e-06,-1.865711e-06,1.0006068,6.6610664e-05,-0.00013908939,0.00011962348,0.0010106564,0.00010752678,0.0001885891,0.07922566,-0.052406278,-0.006132712,0.004125,0.0021999888,1.0,,,,,,,,,,,,,,,,,,,,,,,,,,,,,,,,,,,,,,,,,,,,
12.0,-0.0026270401999343457,0.005558273755013943,0.0006077289581298828,1.5134027004241943,0.0,1.5738499e-06,-2.6172431e-06,1.0006073,7.099937e-05,-0.0001803677,0.00011805215,0.00088238716,0.00034737587,0.00028514862,-0.030798247,0.057540674,0.02315284,0.0045,0.0023999857,1.0,,,,,,,,,,,,,,,,,,,,,,,,,,,,,,,,,,,,,,,,,,,,
13.0,-0.002629052728409808,0.005981129594147205,0.0006082057952880859,1.5131404399871826,0.0,1.9288107e-06,-3.5188755e-06,1.0006077,8.5190586e-05,-0.0002163918,0.00011695208,0.0012123585,0.00012874603,0.00025963783,0.07921194,-0.052404687,-0.0061487397,0.004875,0.0025999816,1.0,,,,,,,,,,,,,,,,,,,,,,,,,,,,,,,,,,,,,,,,,,,,
14.0,-0.002631068961039637,0.00640434306114912,0.0006086826324462891,1.5128599405288696,0.0,2.3056973e-06,-4.626788e-06,1.0006082,9.04528e-05,-0.0002658989,0.00011572662,0.0010840893,0.00036859512,0.00035619736,-0.030819124,0.05752856,0.023161342,0.00525,0.002799977,1.0,,,,,,,,,,,,,,,,,,,,,,,,,,,,,,,,,,,,,,,,,,,,
15.0,-0.0026330903430578484,0.006827886216342449,0.0006091594696044922,1.5125619173049927,0.0,2.7453473e-06,-5.919063e-06,1.0006087,0.000105515996,-0.00031014605,0.0001145462,0.0014138222,0.0001502037,0.00033044815,0.079198234,-0.052403096,-0.0061647547,0.005625,0.0029999719,1.0,,,,,,,,,,,,,,,,,,,,,,,,,,,,,,,,,,,,,,,,,,,,
16.0,-0.0026351148034587826,0.00725168501958251,0.0006096363067626953,1.5122462511062622,0.0,3.210556e-06,-7.4518643e-06,1.0006092,0.0001116501,-0.0003678723,0.00011333709,0.001285553,0.00038981438,0.00042700768,-0.030839989,0.057516444,0.023169836,0.006,0.003199966,1.0,,,,,,,,,,,,,,,,,,,,,,,,,,,,,,,,,,,,,,,,,,,,
17.0,-0.002637144316468403,0.007675753440707922,0.0006101131439208984,1.5119129419326782,0.0,3.742155e-06,-9.203252e-06,1.0006096,0.00012758374,-0.00042033318,0.00011215367,0.0016152859,0.00017142296,0.00040125847,0.07918454,-0.052401505,-0.0061807567,0.006375,0.003399959,1.0,,,,,,,,,,,,,,,,,,,,,,,,,,,,,,,,,,,,,,,,,,,,
18.0,-0.002639176935033174,0.008100028149783611,0.0006104707717895508,1.5115623474121094,0.0,4.302939e-06,-1.1229374e-05,1.0006101,0.00013458815,-0.0004862691,0.00011094275,0.0014867783,0.00041103363,0.000497818,-0.030860843,0.05750433,0.023178317,0.00675,0.0035999515,1.0,,,,,,,,,,,,,,,,,,,,,,,,,,,,,,,,,,,,,,,,,,,,
19.0,-0.002641213514704578,0.008524540811777115,0.0006109476089477539,1.5111944675445557,0.0,4.933733e-06,-1.3508266e-05,1.0006105,0.00015139066,-0.0005469344,0.000109760615,0.0018167496,0.00019264221,0.0004720688,0.079170845,-0.052399915,-0.0061967466,0.007125,0.0037999428,1.0,,,,,,,,,,,,,,,,,,,,,,,,,,,,,,,,,,,,,,,,,,,,
20.0,-0.0026432540123823875,0.00894924532622099,0.000611424446105957,1.510809302330017,0.0,5.597333e-06,-1.6096064e-05,1.000611,0.00015926387,-0.0006210713,0.000108914785,0.0016880035,0.00043225288,0.0005686283,-0.030881688,0.05749222,0.023186788,0.0075,0.003999933,1.0,,,,,,,,,,,,,,,,,,,,,,,,,,,,,,,,,,,,,,,,,,,,
21.0,-0.0026452982969982263,0.009374147281050682,0.0006119012832641602,1.5104070901870728,0.0,6.3345565e-06,-1.8970779e-05,1.0006114,0.00017693364,-0.00068993145,0.00010764779,0.0020177364,0.00021362305,0.0005428791,0.07915716,-0.052398328,-0.006212724,0.007875,0.004199923,1.0,,,,,,,,,,,,,,,,,,,,,,,,,,,,,,,,,,,,,,,,,,,,
22.0,-0.002647345864138333,0.009799216873943806,0.0006122589111328125,1.5099879503250122,0.0,7.1081977e-06,-2.2188522e-05,1.0006119,0.00018567395,-0.00077225873,0.00010645145,0.0018892288,0.00045323372,0.00063943863,-0.030902522,0.057480104,0.023195248,0.00825,0.004399911,1.0,,,,,,,,,,,,,,,,,,,,,,,,,,,,,,,,,,,,,,,,,,,,
23.0,-0.0026493977222256954,0.010224518366158009,0.0006127357482910156,1.5095523595809937,0.0,7.959071e-06,-2.5727291e-05,1.0006123,0.00020420946,-0.0008493046,0.0001052676,0.0022187233,0.00023460388,0.0006136894,0.07914348,-0.05239674,-0.0062286886,0.008625,0.0045998986,1.0,,,,,,,,,,,,,,,,,,,,,,,,,,,,,,,,,,,,,,,,,,,,
24.0,-0.0026499636588261646,0.01064994465559721,0.0006132125854492188,1.5090997219085693,0.0,8.849968e-06,-2.9643184e-05,1.0006127,0.00021381544,-0.0009398143,0.00010441715,0.0020902157,0.00047421455,0.00071024895,-0.030923344,0.057467997,0.023203699,0.009,0.0047998847,1.0,,,,,,,,,,,,,,,,,,,,,,,,,,,,,,,,,,,,,,,,,,,,
25.0,-0.0026528224237641553,0.011075561866164207,0.0006135702133178711,1.5086309909820557,0.0,9.821698e-06,-3.391417e-05,1.0006132,0.00023321505,-0.0010250363,0.00010315296,0.0018246174,0.00025558472,0.00068449974,-0.06369908,-0.052496612,-0.0061769066,0.009375,0.00499987,1.0,,,,,,,,,,,,,,,,,,,,,,,,,,,,,,,,,,,,,,,,,,,,
26.0,-0.002653395501749765,0.011501312255859375,0.0006140470504760742,1.508145809173584,0.0,1.0836981e-05,-3.849497e-05,1.0006136,0.00024366801,-0.0010993927,0.000102002545,0.002017498,0.0004951954,0.00078105927,0.046233386,0.05752559,0.023158185,0.00975,0.0051998533,1.0,,,,,,,,,,,,,,,,,,,,,,,,,,,,,,,,,,,,,,,,,,,,
27.0,-0.002656259771245825,0.011927205137908459,0.0006144046783447266,1.5076442956924438,0.0,1.1936662e-05,-4.341833e-05,1.000614,0.00026392358,-0.0011816066,0.00010115003,0.0017518997,0.00027680397,0.00075531006,-0.063697584,-0.05249727,-0.006175544,0.010125,0.0053998358,1.0,,,,,,,,,,,,,,,,,,,,,,,,,,,,,,,,,,,,,,,,,,,,
28.0,-0.0026568384501020775,0.012353196740150452,0.0006148815155029297,1.5071266889572144,0.0,1.3083462e-05,-4.8638976e-05,1.0006144,0.00027523204,-0.0012529546,9.990236e-05,0.0019445419,0.0005161762,0.0008518696,0.046227712,0.057534847,0.023149237,0.0105,0.0055998173,1.0,,,,,,,,,,,,,,,,,,,,,,,,,,,,,,,,,,,,,,,,,,,,
29.0,-0.002659709564904915,0.012779342010617256,0.000615239143371582,1.5065927505493164,0.0,1.4318231e-05,-5.4189644e-05,1.0006149,0.00029634428,-0.00133216,9.907305e-05,0.0016789436,0.0002977848,0.00082588196,-0.063696094,-0.052497927,-0.0061741774,0.010875,0.005799797,1.0,,,,,,,,,,,,,,,,,,,,,,,,,,,,,,,,,,,,,,,,,,,,
30.0,-0.002660294140889892,0.013205567374825478,0.0006157159805297852,1.5060434341430664,0.0,1.5603686e-05,-6.002506e-05,1.0006152,0.0003085092,-0.0014005005,9.781933e-05,0.0018718243,0.0005373955,0.0009224415,0.04622204,0.057544097,0.023140287,0.01125,0.005999775,1.0,,,,,,,,,,,,,,,,,,,,,,,,,,,,,,,,,,,,,,,,,,,,
31.0,-0.0026631710843212208,0.013631923124194145,0.0006160736083984375,1.5054782629013062,0.0,1.698068e-05,-6.617797e-05,1.0006157,0.00033047897,-0.0014766979,9.6991804e-05,0.001606226,0.00031876564,0.0008966923,-0.063694604,-0.052498583,-0.0061728056,0.011625,0.0061997515,1.0,,,,,,,,,,,,,,,,,,,,,,,,,,,,,,,,,,,,,,,,,,,,
32.0,-0.0026637616008621996,0.01405835710465908,0.0006164312362670898,1.5048974752426147,0.0,1.8411936e-05,-7.26031e-05,1.0006161,0.0003435012,-0.0015420312,9.573707e-05,0.0017991066,0.0005583763,0.0009930134,0.046216365,0.057553343,0.023131335,0.012,0.006399727,1.0,,,,,,,,,,,,,,,,,,,,,,,,,,,,,,,,,,,,,,,,,,,,
33.0,-0.002666644746133534,0.014484869316220284,0.000616908073425293,1.5043013095855713,0.0,1.9938308e-05,-7.9333186e-05,1.0006164,0.00036632942,-0.001615221,9.491014e-05,0.0015335083,0.0003399849,0.0009672642,-0.06369311,-0.052499242,-0.006171429,0.012375,0.0065997005,1.0,,,,,,,,,,,,,,,,,,,,,,,,,,,,,,,,,,,,,,,,,,,,
34.0,-0.002667240483805654,0.014911485835909843,0.0006172657012939453,1.5036898851394653,0.0,2.1522517e-05,-8.632297e-05,1.0006169,0.00038021,-0.0016775483,9.40226e-05,0.0017261505,0.00057959557,0.0010635853,0.046210695,0.057562586,0.023122381,0.01275,0.0067996723,1.0,,,,,,,,,,,,,,,,,,,,,,,,,,,,,,,,,,,,,,,,,,,,
35.0,-0.0026701298649175454,0.015338155440986156,0.0006176233291625977,1.503063440322876,0.0,2.3205423e-05,-9.360518e-05,1.0006173,0.00040389725,-0.0017477302,9.27419e-05,0.0014605522,0.00036120415,0.0010378361,-0.06369162,-0.052499898,-0.006170048,0.013125,0.0069996426,1.0,,,,,,,,,,,,,,,,,,,,,,,,,,,,,,,,,,,,,,,,,,,,
36.0,-0.00267073170350632,0.01576491817831993,0.00061798095703125,1.5024219751358032,0.0,2.4949743e-05,-0.00010113456,1.0006176,0.00041863698,-0.0018070515,9.196029e-05,0.0016534328,0.0006008148,0.0011341572,0.04620503,0.057571825,0.023113426,0.0135,0.007199611,1.0,,,,,,,,,,,,,,,,,,,,,,,,,,,,,,,,,,,,,,,,,,,,
37.0,-0.002673625965669638,0.016191720962524414,0.0006183385848999023,1.5017656087875366,0.0,2.6796346e-05,-0.000108943845,1.000618,0.00044318466,-0.0018742273,9.102302e-05,0.0013878345,0.0003824234,0.001108408,-0.06369014,-0.052500557,-0.006168662,0.013875,0.007399578,1.0,,,,,,,,,,,,,,,,,,,,,,,,,,,,,,,,,,,,,,,,,,,,
38.0,-0.002674233250756521,0.016618600115180016,0.0006186962127685547,1.5010942220687866,0.0,2.8707947e-05,-0.00011698777,1.0006183,0.00045878434,-0.0019305428,9.016018e-05,0.0015804768,0.0006220341,0.0012047291,0.046199363,0.05758106,0.023104468,0.01425,0.007599543,1.0,,,,,,,,,,,,,,,,,,,,,,,,,,,,,,,,,,,,,,,,,,,,
39.0,-0.00267713427213021,0.017045527696609497,0.0006191730499267578,1.5004081726074219,0.0,3.072542e-05,-0.00012529908,1.0006187,0.00048419315,-0.0019947125,8.924235e-05,0.0013148785,0.00040364265,0.0011789799,-0.06368865,-0.052501213,-0.006167272,0.014625,0.0077995057,1.0,,,,,,,,,,,,,,,,,,,,,,,,,,,,,,,,,,,,,,,,,,,,
40.0,-0.0026777466997446086,0.017472505569458008,0.0006195306777954102,1.499707818031311,0.0,3.2811477e-05,-0.0001338325,1.0006192,0.0005006537,-0.0020480228,8.837434e-05,0.0015077591,0.0006432533,0.001275301,0.0461937,0.057590287,0.023095509,0.015,0.007999467,1.0,,,,,,,,,,,,,,,,,,,,,,,,,,,,,,,,,,,,,,,,,,,,
41.0,-0.002680652793424098,0.01789950206875801,0.0006198883056640625,1.498993158340454,0.0,3.5006993e-05,-0.00014262077,1.0006195,0.00052692427,-0.0021091863,8.709016e-05,0.0012421608,0.0004248619,0.0012493134,-0.06368717,-0.052501872,-0.006165877,0.015375,0.008199425,1.0,,,,,,,,,,,,,,,,,,,,,,,,,,,,,,,,,,,,,,,,,,,,
42.0,-0.002681271516025312,0.018326565623283386,0.0006202459335327148,1.4982643127441406,0.0,3.7274687e-05,-0.00015161866,1.0006199,0.00054424664,-0.0021594919,8.630756e-05,0.001434803,0.000664711,0.0013456345,0.04618804,0.05759951,0.02308655,0.01575,0.008399382,1.0,,,,,,,,,,,,,,,,,,,,,,,,,,,,,,,,,,,,,,,,,,,,
43.0,-0.00268418266996743,0.018753640353679657,0.0006206035614013672,1.4975212812423706,0.0,3.965544e-05,-0.00016085888,1.0006202,0.0005713803,-0.0022176509,8.537162e-05,0.0011692047,0.00044631958,0.0013198853,-0.063685685,-0.052502528,-0.006164477,0.016125,0.008599337,1.0,,,,,,,,,,,,,,,,,,,,,,,,,,,,,,,,,,,,,,,,,,,,
44.0,-0.0026848063988931543,0.019180752336978912,0.0006208419799804688,1.4967643022537231,0.0,4.2111962e-05,-0.00017029617,1.0006206,0.0005895653,-0.002264952,8.450667e-05,0.0013618469,0.00068616867,0.0014162064,0.046182383,0.05760873,0.023077587,0.0165,0.00879929,1.0,,,,,,,,,,,,,,,,,,,,,,,,,,,,,,,,,,,,,,,,,,,,
45.0,-0.002687722901674025,0.01960788294672966,0.0006211996078491211,1.4959933757781982,0.0,4.468514e-05,-0.00017996329,1.0006208,0.00061756273,-0.0023201064,8.359042e-05,0.0010962486,0.00046777725,0.0013902187,-0.06368421,-0.052503187,-0.0061630732,0.016875,0.008999241,1.0,,,,,,,,,,,,,,,,,,,,,,,,,,,,,,,,,,,,,,,,,,,,
46.0,-0.002688351894644478,0.020034991204738617,0.0006215572357177734,1.495208978652954,0.0,4.7337686e-05,-0.00018981496,1.0006212,0.0006366114,-0.002364404,8.308817e-05,0.0012888908,0.0007073879,0.0014865398,0.046176724,0.057617947,0.023068622,0.01725,0.009199189,1.0,,,,,,,,,,,,,,,,,,,,,,,,,,,,,,,,,,,,,,,,,,,,
47.0,-0.0026912747733557384,0.020462162792682648,0.0006219148635864258,1.494410753250122,0.0,5.0110495e-05,-0.00019988394,1.0006216,0.00066547346,-0.002416554,8.208714e-05,0.0010232925,0.0004889965,0.0014607906,-0.06368273,-0.052503847,-0.006161664,0.017625,0.009399135,1.0,,,,,,,,,,,,,,,,,,,,,,,,,,,,,,,,,,,,,,,,,,,,
48.0,-0.002691908558976199,0.020889297127723694,0.0006222724914550781,1.4935990571975708,0.0,5.296627e-05,-0.00021012497,1.0006219,0.0006853864,-0.002457848,8.123627e-05,0.0012161732,0.0007288456,0.0015568733,0.04617107,0.05762716,0.023059657,0.018,0.009599078,1.0,,,,,,,,,,,,,,,,,,,,,,,,,,,,,,,,,,,,,,,,,,,,
49.0,-0.002694836543814827,0.02131648361682892,0.0006226301193237305,1.4927738904953003,0.0,5.594591e-05,-0.00022057079,1.0006223,0.000715114,-0.0025069944,8.031745e-05,0.00095033646,0.0005104542,0.0015311241,-0.06368125,-0.052504502,-0.006160251,0.018375,0.009799019,1.0,,,,,,,,,,,,,,,,,,,,,,,,,,,,,,,,,,,,,,,,,,,,
50.0,-0.0026954760339868824,0.021743591874837875,0.000622868537902832,1.4919354915618896,0.0,5.901213e-05,-0.00023117613,1.0006226,0.0007358923,-0.0025452857,7.944667e-05,0.0011432171,0.00075030327,0.0016272068,0.046165418,0.057636365,0.023050688,0.01875,0.009998959,1.0,,,,,,,,,,,,,,,,,,,,,,,,,,,,,,,,,,,,,,,,,,,,
51.0,-0.0026984088631930216,0.02217075601220131,0.0006232261657714844,1.4910842180252075,0.0,6.220582e-05,-0.00024197376,1.0006229,0.0007664863,-0.0025914288,7.8532896e-05,0.0008773804,0.00053215027,0.0016014576,-0.06367978,-0.05250516,-0.006158833,0.019125,0.010198895,1.0,,,,,,,,,,,,,,,,,,,,,,,,,,,,,,,,,,,,,,,,,,,,
52.0,-0.002699053536658321,0.02259787917137146,0.0006235837936401367,1.4902199506759644,0.0,6.54897e-05,-0.00025291843,1.0006232,0.0007881309,-0.002626718,7.802826e-05,0.001070261,0.00077199936,0.0016975403,0.046159767,0.05764557,0.02304172,0.0195,0.010398828,1.0,,,,,,,,,,,,,,,,,,,,,,,,,,,,,,,,,,,,,,,,,,,,
53.0,-0.0027019911329205742,0.02302498370409012,0.0006238222122192383,1.4893425703048706,0.0,6.890467e-05,-0.0002640428,1.0006236,0.00081959215,-0.002669858,7.7028875e-05,0.0008044243,0.00055360794,0.0016717911,-0.0636783,-0.05250582,-0.00615741,0.019875,0.010598759,1.0,,,,,,,,,,,,,,,,,,,,,,,,,,,,,,,,,,,,,,,,,,,,
54.0,-0.002702641037857625,0.023452047258615494,0.0006241798400878906,1.488452672958374,0.0,7.241344e-05,-0.00027530178,1.0006238,0.0008421037,-0.0027021451,7.617582e-05,0.0009973049,0.00079345703,0.0017678738,0.04615412,0.05765477,0.02303275,0.02025,0.010798688,1.0,,,,,,,,,,,,,,,,,,,,,,,,,,,,,,,,,,,,,,,,,,,,
55.0,-0.0027055845544967784,0.023879125714302063,0.000624537467956543,1.4875500202178955,0.0,7.605691e-05,-0.00028672794,1.0006242,0.00087443343,-0.0027422835,7.562653e-05,0.0007314682,0.0005750656,0.0017418861,-0.06367683,-0.05250648,-0.0061559826,0.020625,0.010998613,1.0,,,,,,,,,,,,,,,,,,,,,,,,,,,,,,,,,,,,,,,,,,,,
56.0,-0.0027062390370647506,0.024306118488311768,0.0006247758865356445,1.4866347312927246,0.0,7.979779e-05,-0.00029827617,1.0006245,0.00089781283,-0.0027715692,7.46672e-05,0.0009241104,0.0008151531,0.0018379688,0.046148475,0.057663962,0.023023775,0.021,0.0111985365,1.0,,,,,,,,,,,,,,,,,,,,,,,,,,,,,,,,,,,,,,,,,,,,
57.0,-0.002709187036753124,0.024733077734708786,0.0006251335144042969,1.48570716381073,0.0,8.3677005e-05,-0.00030997908,1.0006248,0.00093101134,-0.0028087054,7.377529e-05,0.0006585121,0.0005967617,0.0018122196,-0.06367535,-0.05250714,-0.0061545507,0.021375,0.011398457,1.0,,,,,,,,,,,,,,,,,,,,,,,,,,,,,,,,,,,,,,,,,,,,
58.0,-0.0027098468720510895,0.025160010904073715,0.0006253719329833984,1.4847670793533325,0.0,8.765726e-05,-0.00032179154,1.0006251,0.0009552599,-0.0028349904,7.3263735e-05,0.0008511543,0.0008368492,0.0019083023,0.04614283,0.057673153,0.0230148,0.02175,0.011598374,1.0,,,,,,,,,,,,,,,,,,,,,,,,,,,,,,,,,,,,,,,,,,,,
59.0,-0.002712799261860214,0.02558688446879387,0.0006257295608520508,1.4838149547576904,0.0,9.177946e-05,-0.00033374623,1.0006254,0.0009893283,-0.0028691252,7.226706e-05,0.00058555603,0.0006184578,0.0018823147,-0.06367388,-0.0525078,-0.006153114,0.022125,0.011798289,1.0,,,,,,,,,,,,,,,,,,,,,,,,,,,,,,,,,,,,,,,,,,,,
60.0,-0.0027134642824596144,0.026013722643256187,0.0006259679794311523,1.4828507900238037,0.0,9.600632e-05,-0.00034579795,1.0006257,0.0010144465,-0.0028924097,7.17795e-05,0.00077819824,0.0008585453,0.0019783974,0.046137188,0.05768234,0.023005825,0.0225,0.0119982,1.0,,,,,,,,,,,,,,,,,,,,,,,,,,,,,,,,,,,,,,,,,,,,
61.0,-0.0027164220527521265,0.026440486311912537,0.0006263256072998047,1.4818745851516724,0.0,0.000100378755,-0.00035797938,1.000626,0.0010493856,-0.0029235438,7.077756e-05,0.0005123615,0.0006401539,0.0019526482,-0.063672416,-0.052508455,-0.006151673,0.022875,0.012198108,1.0,,,,,,,,,,,,,,,,,,,,,,,,,,,,,,,,,,,,,,,,,,,,
62.0,-0.0027173230329014175,0.026867186650633812,0.0006265640258789062,1.4808865785598755,0.0,0.000104859486,-0.00037024534,1.0006263,0.0010753744,-0.0029438285,7.0290625e-05,0.00070524216,0.0008802414,0.0020484924,0.046131548,0.05769152,0.022996845,0.02325,0.012398014,1.0,,,,,,,,,,,,,,,,,,,,,,,,,,,,,,,,,,,,,,,,,,,,
63.0,-0.0027205179225315208,0.02729378640651703,0.0006269216537475586,1.479886770248413,0.0,0.000109489425,-0.0003826285,1.0006266,0.0011111853,-0.002971962,6.92889e-05,0.00043940544,0.0007531643,0.0020227432,-0.06371582,-0.03059592,-0.0061347745,0.023625,0.012597917,1.0,,,,,,,,,,,,,,,,,,,,,,,,,,,,,,,,,,,,,,,,,,,,
64.0,-0.0027214237878985417,0.02772030606865883,0.0006271600723266602,1.4788750410079956,0.0,0.00011424683,-0.00039508368,1.0006269,0.0011417776,-0.0029892395,6.8798676e-05,0.00063204765,0.0010845661,0.002118826,0.046084043,0.07960889,0.022993255,0.024,0.012797816,1.0,,,,,,,,,,,,,,,,,,,,,,,,,,,,,,,,,,,,,,,,,,,,
65.0,-0.0027246224642630133,0.02814670465886593,0.0006273984909057617,1.4778517484664917,0.0,0.000119188175,-0.0004076435,1.0006272,0.0011859233,-0.003014358,6.779332e-05,0.00036644936,0.000957489,0.0020930767,-0.06371868,-0.030606817,-0.006123383,0.024375,0.012997712,1.0,,,,,,,,,,,,,,,,,,,,,,,,,,,,,,,,,,,,,,,,,,,,
66.0,-0.0027255332270305663,0.02857298217713833,0.0006277561187744141,1.4768171310424805,0.0,0.0001242917,-0.00042026275,1.0006274,0.0012248473,-0.0030286207,6.7304216e-05,0.00055909157,0.0012888908,0.002188921,0.046079393,0.079607844,0.02297413,0.02475,0.013197605,1.0,,,,,,,,,,,,,,,,,,,,,,,,,,,,,,,,,,,,,,,,,,,,
67.0,-0.0027287371594420734,0.02899906039237976,0.0006279945373535156,1.4757707118988037,0.0,0.00012961388,-0.0004329741,1.0006278,0.0012773226,-0.0030507238,6.666433e-05,0.00029325485,0.0011618137,0.0021631718,-0.06372152,-0.03061771,-0.0061119893,0.025125,0.013397493,1.0,,,,,,,,,,,,,,,,,,,,,,,,,,,,,,,,,,,,,,,,,,,,
68.0,-0.002729651644618544,0.029424984008073807,0.0006282329559326172,1.4747129678726196,0.0,0.00013513294,-0.00044573232,1.000628,0.0013245718,-0.003061971,6.572176e-05,0.00048589706,0.0014932156,0.002259016,0.046074744,0.0796068,0.022955008,0.0255,0.013597379,1.0,,,,,,,,,,,,,,,,,,,,,,,,,,,,,,,,,,,,,,,,,,,,
69.0,-0.002732859729244559,0.02985072135925293,0.0006285905838012695,1.4736440181732178,0.0,0.00014090531,-0.00045857005,1.0006282,0.0013853709,-0.0030810577,6.518615e-05,0.00022029877,0.0013661385,0.0022332668,-0.06372436,-0.0306286,-0.0061005936,0.025875,0.013797263,1.0,,,,,,,,,,,,,,,,,,,,,,,,,,,,,,,,,,,,,,,,,,,,
70.0,-0.0027337781580367517,0.03027622029185295,0.0006288290023803711,1.4725638628005981,0.0,0.00014690924,-0.0004714421,1.0006286,0.0014409404,-0.003089289,6.458729e-05,0.00041294098,0.0016973019,0.002329111,0.046070095,0.07960576,0.022935892,0.02625,0.013997142,1.0,,,,,,,,,,,,,,,,,,,,,,,,,,,,,,,,,,,,,,,,,,,,
71.0,-0.0027369899292217005,0.030701536685228348,0.0006290674209594727,1.4714722633361816,0.0,0.00015320114,-0.00048438107,1.0006288,0.0015100567,-0.0031053587,6.360088e-05,0.00014710426,0.0015702248,0.002303362,-0.06372719,-0.030639483,-0.0060891956,0.026625,0.014197018,1.0,,,,,,,,,,,,,,,,,,,,,,,,,,,,,,,,,,,,,,,,,,,,
72.0,-0.0027379128874373223,0.031126543879508972,0.0006293058395385742,1.470369577407837,0.0,0.00015975922,-0.0004973418,1.0006291,0.0015739406,-0.0031105734,6.310813e-05,0.00033974648,0.0019016266,0.0023992062,0.046065446,0.079604715,0.022916777,0.027,0.01439689,1.0,,,,,,,,,,,,,,,,,,,,,,,,,,,,,,,,,,,,,,,,,,,,
73.0,-0.0027411279982810753,0.03155132755637169,0.0006295442581176758,1.4692559242248535,0.0,0.00016663993,-0.0005103569,1.0006293,0.0016513695,-0.0031236256,6.246253e-05,7.390976e-05,0.0017745495,0.0023732185,-0.063730024,-0.030650362,-0.0060777953,0.027375,0.014596758,1.0,,,,,,,,,,,,,,,,,,,,,,,,,,,,,,,,,,,,,,,,,,,,
74.0,-0.0027421940143962896,0.03197579085826874,0.0006297826766967773,1.4681313037872314,0.0,0.00017382143,-0.00052338117,1.0006295,0.001723562,-0.003125823,6.189003e-05,0.0002667904,0.002105713,0.0024690628,0.046060797,0.07960367,0.022897668,0.02775,0.014796623,1.0,,,,,,,,,,,,,,,,,,,,,,,,,,,,,,,,,,,,,,,,,,,,
75.0,-0.002745273819919939,0.032399982213974,0.0006301403045654297,1.4669958353042603,0.0,0.00018136017,-0.0005364473,1.0006298,0.0018092974,-0.0031358572,6.126098e-05,7.1525574e-07,0.0019786358,0.0024433136,-0.063732855,-0.030661236,-0.0060663926,0.028125,0.014996485,1.0,,,,,,,,,,,,,,,,,,,,,,,,,,,,,,,,,,,,,,,,,,,,
76.0,-0.002746711753197574,0.032823823392391205,0.0006303787231445312,1.4658492803573608,0.0,0.00018923431,-0.0005495099,1.0006301,0.0018897927,-0.0031350367,6.0684873e-05,0.00019359589,0.0023097992,0.0025389194,0.046056148,0.07960263,0.022878561,0.0285,0.015196342,1.0,,,,,,,,,,,,,,,,,,,,,,,,,,,,,,,,,,,,,,,,,,,,
77.0,-0.0027494255063066314,0.03324733301997185,0.0006306171417236328,1.4646917581558228,0.0,0.00019750027,-0.0005626018,1.0006304,0.001983828,-0.003142052,5.9686543e-05,-7.224083e-05,0.002182722,0.0025131702,-0.06373567,-0.030672105,-0.006054988,0.028875,0.015396195,1.0,,,,,,,,,,,,,,,,,,,,,,,,,,,,,,,,,,,,,,,,,,,,
78.0,-0.0027512385591346045,0.03367047756910324,0.0006308555603027344,1.4635238647460938,0.0,0.00020613617,-0.00057567767,1.0006306,0.0020726207,-0.0031382132,5.91974e-05,0.00012040138,0.0025138855,0.002608776,0.0460515,0.079601586,0.02285946,0.02925,0.015596046,1.0,,,,,,,,,,,,,,,,,,,,,,,,,,,,,,,,,,,,,,,,,,,,
79.0,-0.002753645274923061,0.03409324958920479,0.0006310939788818359,1.4623452425003052,0.0,0.00021519848,-0.0005887702,1.0006309,0.0021749516,-0.0031422093,5.85444e-05,-0.00014543533,0.00238657,0.002583027,-0.06373849,-0.03068297,-0.0060435818,0.029625,0.015795892,1.0,,,,,,,,,,,,,,,,,,,,,,,,,,,,,,,,,,,,,,,,,,,,
80.0,-0.0027557716409052527,0.034515630453825,0.0006313323974609375,1.461155891418457,0.0,0.00022466529,-0.00060183415,1.0006311,0.0022720355,-0.0031353515,5.797445e-05,4.720688e-05,0.0027177334,0.0026786327,0.04604685,0.07960054,0.02284036,0.03,0.015995733,1.0,,,,,,,,,,,,,,,,,,,,,,,,,,,,,,,,,,,,,,,,,,,,
81.0,-0.0027580396049388064,0.03493756800889969,0.0006315708160400391,1.4599559307098389,0.0,0.00023459303,-0.0006149022,1.0006313,0.0023826559,-0.0031363275,5.7338235e-05,-0.00021862984,0.0025906563,0.0026528835,-0.063741304,-0.030693829,-0.006032173,0.030375,0.016195571,1.0,,,,,,,,,,,,,,,,,,,,,,,,,,,,,,,,,,,,,,,,,,,,
82.0,-0.0027603106793919227,0.035359106957912445,0.0006318092346191406,1.4587453603744507,0.0,0.0002449598,-0.00062792905,1.0006316,0.0024880255,-0.00312645,5.6764613e-05,-2.5987625e-05,0.0029218197,0.0027484894,0.046042204,0.0795995,0.022821266,0.03075,0.016395405,1.0,,,,,,,,,,,,,,,,,,,,,,,,,,,,,,,,,,,,,,,,,,,,
83.0,-0.002762581235016754,0.0357801578938961,0.0006320476531982422,1.4575244188308716,0.0,0.000255822,-0.00064094743,1.0006318,0.0026069293,-0.0031244056,5.6127083e-05,-0.00029182434,0.0027945042,0.0027227402,-0.063744105,-0.030704685,-0.006020762,0.031125,0.016595235,1.0,,,,,,,,,,,,,,,,,,,,,,,,,,,,,,,,,,,,,,,,,,,,
84.0,-0.002764854980200467,0.03620077297091484,0.0006322860717773438,1.4562928676605225,0.0,0.00026715774,-0.0006539121,1.000632,0.002720579,-0.0031115082,5.5554032e-05,-9.918213e-05,0.0031256676,0.0028181076,0.046037555,0.07959846,0.022802176,0.0315,0.016795062,1.0,,,,,,,,,,,,,,,,,,,,,,,,,,,,,,,,,,,,,,,,,,,,
85.0,-0.002767127809870877,0.03662087023258209,0.0006324052810668945,1.4550508260726929,0.0,0.00027902343,-0.00066685554,1.0006323,0.0028477607,-0.0031064425,5.4914184e-05,-0.00036525726,0.0029985905,0.0027923584,-0.06374691,-0.030715534,-0.0060093487,0.031875,0.016994882,1.0,,,,,,,,,,,,,,,,,,,,,,,,,,,,,,,,,,,,,,,,,,,,
86.0,-0.0027694044266830735,0.03704047575592995,0.0006326436996459961,1.453798532485962,0.0,0.0002913971,-0.00067973277,1.0006324,0.0029696848,-0.0030905243,5.434195e-05,-0.00017237663,0.0033295155,0.0028879642,0.046032906,0.07959741,0.02278309,0.03225,0.0171947,1.0,,,,,,,,,,,,,,,,,,,,,,,,,,,,,,,,,,,,,,,,,,,,
87.0,-0.0027716790100568833,0.03745953366160393,0.0006328821182250977,1.4525357484817505,0.0,0.00030433518,-0.0006925762,1.0006326,0.0031051396,-0.0030824367,5.406766e-05,-0.00043845177,0.0032024384,0.0028619766,-0.06374971,-0.030726379,-0.0059979334,0.032625,0.017394513,1.0,,,,,,,,,,,,,,,,,,,,,,,,,,,,,,,,,,,,,,,,,,,,
88.0,-0.002773957564299668,0.03787807747721672,0.0006331205368041992,1.4512628316879272,0.0,0.00031781575,-0.0007053408,1.0006329,0.003235332,-0.0030634971,5.3409865e-05,-0.00024557114,0.0035333633,0.0029575825,0.04602826,0.07959637,0.022764005,0.033,0.01759432,1.0,,,,,,,,,,,,,,,,,,,,,,,,,,,,,,,,,,,,,,,,,,,,
89.0,-0.0027762350258328837,0.038296036422252655,0.0006333589553833008,1.449979305267334,0.0,0.0003318951,-0.0007180591,1.0006331,0.0033790523,-0.0030523874,5.2785555e-05,-0.00051164627,0.0034060478,0.0029315948,-0.063752495,-0.03073722,-0.0059865164,0.033375,0.017794127,1.0,,,,,,,,,,,,,,,,,,,,,,,,,,,,,,,,,,,,,,,,,,,,
90.0,-0.0027785147059165133,0.03871341422200203,0.0006335973739624023,1.4486857652664185,0.0,0.00034655142,-0.0007306859,1.0006334,0.0035175078,-0.0030304259,5.2210202e-05,-0.00031900406,0.0037372112,0.0030272007,0.04602361,0.07959532,0.022744926,0.03375,0.017993925,1.0,,,,,,,,,,,,,,,,,,,,,,,,,,,,,,,,,,,,,,,,,,,,
91.0,-0.002780793750745021,0.03913018852472305,0.0006338357925415039,1.447381854057312,0.0,0.00036184094,-0.00074325374,1.0006336,0.0036694885,-0.0030162933,5.1564362e-05,-0.0005848408,0.0036098957,0.003001213,-0.06375528,-0.030748054,-0.005975097,0.034125,0.018193722,1.0,,,,,,,,,,,,,,,,,,,,,,,,,,,,,,,,,,,,,,,,,,,,
92.0,-0.0027830750805850953,0.039546363055706024,0.0006339550018310547,1.4460676908493042,0.0,0.0003777418,-0.0007557175,1.0006338,0.0038162014,-0.0029913092,5.0994327e-05,-0.00039219856,0.003941059,0.0030965805,0.04601896,0.07959428,0.02272585,0.0345,0.018393511,1.0,,,,,,,,,,,,,,,,,,,,,,,,,,,,,,,,,,,,,,,,,,,,
93.0,-0.0027853559618655392,0.03996189683675766,0.0006341934204101562,1.4447431564331055,0.0,0.00039431028,-0.00076810987,1.000634,0.0039764373,-0.002974153,5.0345065e-05,-0.0006582737,0.0038135052,0.0030708313,-0.06375807,-0.030758886,-0.005963675,0.034875,0.018593298,1.0,,,,,,,,,,,,,,,,,,,,,,,,,,,,,,,,,,,,,,,,,,,,
94.0,-0.002787638709202124,0.04037674888968468,0.0006344318389892578,1.443408727645874,0.0,0.00041152444,-0.00078038545,1.0006342,0.004131403,-0.0029461454,5.014403e-05,-0.00046539307,0.0041446686,0.0031661987,0.046014316,0.079593234,0.022706779,0.03525,0.01879308,1.0,,,,,,,,,,,,,,,,,,,,,,,,,,,,,,,,,,,,,,,,,,,,
95.0,-0.0027899195276415868,0.04079098626971245,0.0006345510482788086,1.4420639276504517,0.0,0.00042944064,-0.000792577,1.0006344,0.0042998875,-0.0029259652,4.9405953e-05,-0.0007314682,0.004017353,0.003140211,-0.06376084,-0.030769711,-0.0059522516,0.035625,0.018992856,1.0,,,,,,,,,,,,,,,,,,,,,,,,,,,,,,,,,,,,,,,,,,,,
96.0,-0.0027922036973758407,0.041204482316970825,0.0006347894668579102,1.4407089948654175,0.0,0.00044803688,-0.0008046392,1.0006346,0.0044630975,-0.002894934,4.8858114e-05,-0.000538826,0.004348278,0.0032355785,0.046009667,0.07959219,0.02268771,0.036,0.019192629,1.0,,,,,,,,,,,,,,,,,,,,,,,,,,,,,,,,,,,,,,,,,,,,
97.0,-0.0027944856470348144,0.041617296636104584,0.0006350278854370117,1.4393436908721924,0.0,0.0004673695,-0.00081660476,1.0006348,0.0046398276,-0.002871729,4.856721e-05,-0.0008049011,0.0042209625,0.0032098293,-0.06376361,-0.030780533,-0.0059408257,0.036375,0.019392395,1.0,,,,,,,,,,,,,,,,,,,,,,,,,,,,,,,,,,,,,,,,,,,,
98.0,-0.002796770480429751,0.04202934727072716,0.0006351470947265625,1.4379684925079346,0.0,0.0004874165,-0.00082842837,1.000635,0.004811277,-0.0028376738,4.7914655e-05,-0.0006120205,0.0045518875,0.0033049583,0.04600502,0.07959115,0.022668647,0.03675,0.019592158,1.0,,,,,,,,,,,,,,,,,,,,,,,,,,,,,,,,,,,,,,,,,,,,
99.0,-0.002799052834282928,0.04244070127606392,0.0006353855133056641,1.4365832805633545,0.0,0.00050823414,-0.0008401427,1.0006351,0.0049962434,-0.0028114435,4.7278234e-05,-0.00087833405,0.004424572,0.0032792091,-0.06376638,-0.03079135,-0.0059293974,0.037125,0.019791916,1.0,,,,,,,,,,,,,,,,,,,,,,,,,,,,,,,,,,,,,,,,,,,,
100.0,-0.0028013378595071327,0.04285126551985741,0.0006356239318847656,1.435187816619873,0.0,0.00052980054,-0.0008517026,1.0006354,0.0051759295,-0.002774363,4.7074984e-05,-0.0006854534,0.004755497,0.0033743382,0.046000376,0.0795901,0.022649586,0.0375,0.019991668,1.0,,,,,,,,,,,,,,,,,,,,,,,,,,,,,,,,,,,,,,,,,,,,
101.0,-0.002803620426924796,0.04326104372739792,0.0006357431411743164,1.4337821006774902,0.0,0.0005521719,-0.0008631405,1.0006356,0.0053691273,-0.002745107,4.6330908e-05,-0.00095152855,0.004627943,0.003348589,-0.06376914,-0.03080216,-0.0059179678,0.037875,0.020191416,1.0,,,,,,,,,,,,,,,,,,,,,,,,,,,,,,,,,,,,,,,,,,,,
102.0,-0.0028059052753494395,0.04367003217339516,0.000635981559753418,1.4323664903640747,0.0,0.0005753262,-0.0008744114,1.0006357,0.0055570407,-0.0027050013,4.5785277e-05,-0.00075888634,0.0049591064,0.003443718,0.045995727,0.079589054,0.02263053,0.03825,0.020391157,1.0,,,,,,,,,,,,,,,,,,,,,,,,,,,,,,,,,,,,,,,,,,,,
103.0,-0.002808188118194519,0.04407818615436554,0.0006361723062582314,1.4309407472610474,0.0,0.0005993199,-0.00088554766,1.000636,0.005758467,-0.0026727188,4.5487333e-05,-0.0010249615,0.0048315525,0.0034177303,-0.063771896,-0.030812968,-0.0059065353,0.038625,0.020590896,1.0,,,,,,,,,,,,,,,,,,,,,,,,,,,,,,,,,,,,,,,,,,,,
104.0,-0.0028104725631357195,0.04448552429676056,0.0006363391876220703,1.429504632949829,0.0,0.0006241307,-0.0008965043,1.0006362,0.0059546023,-0.002629587,4.483723e-05,-0.00083231926,0.0051624775,0.0035128593,0.04599108,0.07958801,0.022611478,0.039,0.020790627,1.0,,,,,,,,,,,,,,,,,,,,,,,,,,,,,,,,,,,,,,,,,,,,
105.0,-0.0028127546767905192,0.04489197954535484,0.0006365776062011719,1.4280586242675781,0.0,0.0006498151,-0.0009073138,1.0006363,0.0061642476,-0.0025942777,4.419372e-05,-0.0010983944,0.0050349236,0.0034871101,-0.06377465,-0.030823769,-0.005895101,0.039375,0.020990355,1.0,,,,,,,,,,,,,,,,,,,,,,,,,,,,,,,,,,,,,,,,,,,,
106.0,-0.0028150383030999455,0.04529758542776108,0.0006366968154907227,1.4266023635864258,0.0,0.0006763509,-0.000917931,1.0006366,0.0063686026,-0.0025481188,4.3992935e-05,-0.00090551376,0.0053658485,0.0035822392,0.045986436,0.07958696,0.02259243,0.03975,0.021190077,1.0,,,,,,,,,,,,,,,,,,,,,,,,,,,,,,,,,,,,,,,,,,,,
107.0,-0.0028173194840358773,0.04570228233933449,0.0006369352340698242,1.4251359701156616,0.0,0.0007037945,-0.0009283884,1.0006367,0.0065864623,-0.002509782,4.3241766e-05,-0.0011718273,0.0052382946,0.0035562515,-0.0637774,-0.030834565,-0.005883665,0.040125,0.021389794,1.0,,,,,,,,,,,,,,,,,,,,,,,,,,,,,,,,,,,,,,,,,,,,
108.0,-0.0028196026499233574,0.04610607773065567,0.000637054443359375,1.4236589670181274,0.0,0.0007321238,-0.00093864085,1.0006369,0.0067990283,-0.0024605962,4.3066524e-05,-0.0009789467,0.0055692196,0.0036513805,0.045981787,0.07958592,0.022573384,0.0405,0.021589505,1.0,,,,,,,,,,,,,,,,,,,,,,,,,,,,,,,,,,,,,,,,,,,,
109.0,-0.002821882748639412,0.04650897905230522,0.0006372928619384766,1.4221720695495605,0.0,0.00076139503,-0.00094872096,1.000637,0.007025097,-0.0024192312,4.2307194e-05,-0.0012452602,0.0054416656,0.003625393,-0.063780144,-0.030845357,-0.0058722263,0.040875,0.02178921,1.0,,,,,,,,,,,,,,,,,,,,,,,,,,,,,,,,,,,,,,,,,,,,
110.0,-0.0028241633846133106,0.04691089317202568,0.0006374120712280273,1.4206748008728027,0.0,0.0007915861,-0.00095858355,1.0006373,0.0072458694,-0.0023670173,4.213413e-05,-0.0010523796,0.0057725906,0.003720522,0.04597714,0.07958487,0.022554342,0.04125,0.02198891,1.0,,,,,,,,,,,,,,,,,,,,,,,,,,,,,,,,,,,,,,,,,,,,
111.0,-0.0028264419423642863,0.04731185734272003,0.0006375312805175781,1.419167399406433,0.0,0.0008227534,-0.00096826116,1.0006374,0.0074801412,-0.002322624,4.137212e-05,-0.0013186932,0.0056450367,0.0036945343,-0.06378288,-0.030856146,-0.0058607855,0.041625,0.022188606,1.0,,,,,,,,,,,,,,,,,,,,,,,,,,,,,,,,,,,,,,,,,,,,
112.0,-0.0028287220240855037,0.04771183803677559,0.0006377696990966797,1.4176496267318726,0.0,0.00085487467,-0.0009777086,1.0006375,0.007709113,-0.0022673816,4.1199954e-05,-0.0011258125,0.0059759617,0.0037896633,0.045972496,0.07958382,0.022535304,0.042,0.022388294,1.0,,,,,,,,,,,,,,,,,,,,,,,,,,,,,,,,,,,,,,,,,,,,
113.0,-0.0028309979334823995,0.04811079800128937,0.0006378889083862305,1.4161219596862793,0.0,0.0008880063,-0.0009869584,1.0006378,0.007951585,-0.0022199585,4.080349e-05,-0.0013921261,0.0058484077,0.0037636757,-0.06378561,-0.030866927,-0.005849343,0.042375,0.022587977,1.0,,,,,,,,,,,,,,,,,,,,,,,,,,,,,,,,,,,,,,,,,,,,
114.0,-0.002833275966155454,0.04850875958800316,0.000638127326965332,1.414583683013916,0.0,0.0009221261,-0.0009959654,1.0006379,0.008188749,-0.0021616882,4.017785e-05,-0.0011994839,0.0061790943,0.0038585663,0.04596785,0.07958278,0.022516271,0.04275,0.022787657,1.0,,,,,,,,,,,,,,,,,,,,,,,,,,,,,,,,,,,,,,,,,,,,
115.0,-0.002835549404032685,0.048905689269304276,0.0006382465362548828,1.4130347967147827,0.0,0.0009572903,-0.0010047622,1.0006381,0.008439413,-0.0021112352,3.988568e-05,-0.001465559,0.0060515404,0.0038325787,-0.06378834,-0.030877706,-0.005837898,0.043125,0.022987328,1.0,,,,,,,,,,,,,,,,,,,,,,,,,,,,,,,,,,,,,,,,,,,,
116.0,-0.0028378243708629316,0.04930155351758003,0.0006383657455444336,1.4114758968353271,0.0,0.0009934768,-0.0010133036,1.0006382,0.008684765,-0.0020499353,3.923582e-05,-0.0012729168,0.0063824654,0.0039274693,0.045963205,0.07958173,0.02249724,0.0435,0.023186995,1.0,,,,,,,,,,,,,,,,,,,,,,,,,,,,,,,,,,,,,,,,,,,,
117.0,-0.002840095649702687,0.04969638213515282,0.0006386041641235352,1.4099063873291016,0.0,0.0010307418,-0.0010216222,1.0006384,0.0089436155,-0.001996452,3.8947168e-05,-0.0015392303,0.006254673,0.00390172,-0.06379106,-0.030888477,-0.005826451,0.043875,0.023386655,1.0,,,,,,,,,,,,,,,,,,,,,,,,,,,,,,,,,,,,,,,,,,,,
118.0,-0.0028423680716027568,0.05009006708860397,0.0006387233734130859,1.408326506614685,0.0,0.0010690633,-0.0010296727,1.0006386,0.009197151,-0.0019321216,3.866467e-05,-0.0013463497,0.006585598,0.0039966106,0.045958556,0.07958069,0.022478214,0.04425,0.02358631,1.0,,,,,,,,,,,,,,,,,,,,,,,,,,,,,,,,,,,,,,,,,,,,
119.0,-0.0028446359149815366,0.050482697784900665,0.0006388425827026367,1.406735897064209,0.0,0.0011084974,-0.0010374878,1.0006387,0.00946418,-0.001875608,3.7919697e-05,-0.0016126633,0.0064578056,0.003970623,-0.06379378,-0.030899245,-0.005815002,0.044625,0.02378596,1.0,,,,,,,,,,,,,,,,,,,,,,,,,,,,,,,,,,,,,,,,,,,,
120.0,-0.00284690562938927,0.05087413638830185,0.0006390810012817383,1.405134916305542,0.0,0.001149022,-0.0010450222,1.0006388,0.009725894,-0.001808247,3.7744587e-05,-0.0014197826,0.0067887306,0.0040655136,0.04595391,0.07957964,0.022459192,0.045,0.023985602,1.0,,,,,,,,,,,,,,,,,,,,,,,,,,,,,,,,,,,,,,,,,,,,
121.0,-0.002849170404318427,0.05126447603106499,0.0006392002105712891,1.4035234451293945,0.0,0.0011906932,-0.0010523084,1.0006391,0.010001099,-0.0017487014,3.734016e-05,-0.0016860962,0.0066609383,0.004039526,-0.06379649,-0.03091001,-0.005803551,0.045375,0.02418524,1.0,,,,,,,,,,,,,,,,,,,,,,,,,,,,,,,,,,,,,,,,,,,,
122.0,-0.002851435528867457,0.051653631031513214,0.0006393194198608398,1.401901364326477,0.0,0.001233489,-0.0010593013,1.0006392,0.01027098,-0.0016783102,3.6717458e-05,-0.001493454,0.0069918633,0.004134178,0.045949265,0.07957859,0.022440173,0.04575,0.024384871,1.0,,,,,,,,,,,,,,,,,,,,,,,,,,,,,,,,,,,,,,,,,,,,
123.0,-0.0028536965500797528,0.05204163119196892,0.0006395101663656533,1.4002684354782104,0.0,0.0012774655,-0.0010660335,1.0006393,0.010554355,-0.0016157326,3.6415935e-05,-0.0017597675,0.006864071,0.0041081905,-0.0637992,-0.030920766,-0.0057920977,0.046125,0.024584496,1.0,,,,,,,,,,,,,,,,,,,,,,,,,,,,,,,,,,,,,,,,,,,,
124.0,-0.002855958192765176,0.05242842435836792,0.0006396770477294922,1.3986246585845947,0.0,0.0013226005,-0.0010724599,1.0006396,0.010832405,-0.0015423092,3.6137262e-05,-0.0015668869,0.0071947575,0.004203081,0.04594462,0.07957754,0.022421157,0.0465,0.024784114,1.0,,,,,,,,,,,,,,,,,,,,,,,,,,,,,,,,,,,,,,,,,,,,
125.0,-0.0028582152388866456,0.052813977003097534,0.000639796257019043,1.3969701528549194,0.0,0.0013689502,-0.0010786128,1.0006397,0.0111239385,-0.0014766997,3.5384906e-05,-0.0018334389,0.007066965,0.0041770935,-0.0638019,-0.030931521,-0.0057806424,0.046875,0.024983726,1.0,,,,,,,,,,,,,,,,,,,,,,,,,,,,,,,,,,,,,,,,,,,,
126.0,-0.002860471880582037,0.053198326379060745,0.0006399154663085938,1.395304560661316,0.0,0.0014164925,-0.0010844471,1.0006398,0.011410149,-0.0014002441,3.5212324e-05,-0.0016405582,0.00739789,0.0042717457,0.045939974,0.07957649,0.022402147,0.04725,0.025183333,1.0,,,,,,,,,,,,,,,,,,,,,,,,,,,,,,,,,,,,,,,,,,,,
127.0,-0.0028627241198006742,0.053581416606903076,0.0006400346755981445,1.3936285972595215,0.0,0.0014652836,-0.0010899954,1.0006399,0.011709843,-0.0013316012,3.480082e-05,-0.0019068718,0.0072700977,0.004245758,-0.063804604,-0.030942269,-0.0057691853,0.047625,0.025382934,1.0,,,,,,,,,,,,,,,,,,,,,,,,,,,,,,,,,,,,,,,,,,,,
128.0,-0.002864976903146001,0.05396324396133423,0.0006402730941772461,1.3919416666030884,0.0,0.0015153011,-0.0010952125,1.00064,0.012004205,-0.0012521129,3.4548495e-05,-0.0017139912,0.0076007843,0.00434041,0.04593533,0.07957545,0.022383139,0.048,0.025582528,1.0,,,,,,,,,,,,,,,,,,,,,,,,,,,,,,,,,,,,,,,,,,,,
129.0,-0.00286722401979191,0.05434376001358032,0.0006403923034667969,1.3902435302734375,0.0,0.0015666012,-0.0011001311,1.0006403,0.012312051,-0.0011804365,3.4153556e-05,-0.0019805431,0.007472992,0.0043144226,-0.063807294,-0.030953012,-0.005757726,0.048375,0.025782114,1.0,,,,,,,,,,,,,,,,,,,,,,,,,,,,,,,,,,,,,,,,,,,,
130.0,-0.0028694716779092194,0.054722994565963745,0.0006405115127563477,1.3885341882705688,0.0,0.0016191619,-0.0011047057,1.0006404,0.012614558,-0.0010979159,3.3529683e-05,-0.0017876625,0.0078036785,0.004409075,0.045930684,0.0795744,0.022364136,0.04875,0.025981696,1.0,,,,,,,,,,,,,,,,,,,,,,,,,,,,,,,,,,,,,,,,,,,,
131.0,-0.002871713484693284,0.055100876837968826,0.0006406307220458984,1.386813759803772,0.0,0.0016730392,-0.0011089691,1.0006405,0.012930551,-0.0010232052,3.3219803e-05,-0.0020542145,0.007675886,0.004383087,-0.06380998,-0.030963752,-0.005746264,0.049125,0.02618127,1.0,,,,,,,,,,,,,,,,,,,,,,,,,,,,,,,,,,,,,,,,,,,,
132.0,-0.0028739550792771153,0.05547742173075676,0.0006407499313354492,1.3850822448730469,0.0,0.001728211,-0.0011128759,1.0006406,0.013241203,-0.00093765033,3.294415e-05,-0.0018613338,0.008006573,0.0044777393,0.045926042,0.079573356,0.022345135,0.0495,0.026380837,1.0,,,,,,,,,,,,,,,,,,,,,,,,,,,,,,,,,,,,,,,,,,,,
133.0,-0.002876191245300452,0.05585261434316635,0.000640869140625,1.383339524269104,0.0,0.0017847331,-0.0011164589,1.0006407,0.013565334,-0.0008599053,3.255037e-05,-0.0021276474,0.007878542,0.0044517517,-0.063812666,-0.030974487,-0.005734801,0.049875,0.026580399,1.0,,,,,,,,,,,,,,,,,,,,,,,,,,,,,,,,,,,,,,,,,,,,
134.0,-0.0028784272497869357,0.0562264509499073,0.0006409883499145508,1.3815851211547852,0.0,0.0018425836,-0.0011196727,1.0006409,0.0138841225,-0.00077131623,3.229468e-05,-0.0019350052,0.0082092285,0.004546404,0.045921396,0.079572305,0.02232614,0.05025,0.026779953,1.0,,,,,,,,,,,,,,,,,,,,,,,,,,,,,,,,,,,,,,,,,,,,
135.0,-0.00288066043241702,0.05659886449575424,0.0006412267684936523,1.379819631576538,0.0,0.0019018186,-0.0011225499,1.000641,0.014216387,-0.0006905362,3.189406e-05,-0.0022013187,0.008081436,0.0045204163,-0.06381535,-0.030985216,-0.005723335,0.050625,0.026979502,1.0,,,,,,,,,,,,,,,,,,,,,,,,,,,,,,,,,,,,,,,,,,,,
136.0,-0.002882893191343977,0.05696985870599747,0.0006413459777832031,1.3780426979064941,0.0,0.0019624156,-0.0011250454,1.0006412,0.014543306,-0.0005989124,3.1640237e-05,-0.002011776,0.008412123,0.00461483,0.045146726,0.079567775,0.02231337,0.051,0.027179042,1.0,,,,,,,,,,,,,,,,,,,,,,,,,,,,,,,,,,,,,,,,,,,,
137.0,-0.002885119245355822,0.05733944848179817,0.0006414651870727539,1.3762537240982056,0.0,0.002024431,-0.0011271911,1.0006413,0.014883695,-0.00051496655,3.0868843e-05,-0.0022814274,0.008284092,0.0045888424,-0.06458786,-0.030999571,-0.0057052905,0.051375,0.027378578,1.0,,,,,,,,,,,,,,,,,,,,,,,,,,,,,,,,,,,,,,,,,,,,
138.0,-0.002887344978182525,0.057707540690898895,0.0006415843963623047,1.3744533061981201,0.0,0.0020878424,-0.0011289413,1.0006415,0.0152187385,-0.0004200452,3.0701984e-05,-0.0020918846,0.0086147785,0.004683256,0.045142442,0.079566784,0.022294028,0.05175,0.027578104,1.0,,,,,,,,,,,,,,,,,,,,,,,,,,,,,,,,,,,,,,,,,,,,
139.0,-0.002889617747758761,0.05807424336671829,0.0006417036056518555,1.3726413249969482,0.0,0.002152706,-0.0011303279,1.0006416,0.0155672515,-0.00033280047,3.0275985e-05,-0.002361536,0.008486986,0.0046572685,-0.06459016,-0.03101042,-0.0056934683,0.052125,0.027777625,1.0,,,,,,,,,,,,,,,,,,,,,,,,,,,,,,,,,,,,,,,,,,,,
140.0,-0.0028918895530958685,0.05843939259648323,0.0006418228149414062,1.3708175420761108,0.0,0.0022189994,-0.0011313054,1.0006417,0.015910411,-0.00023458165,3.002823e-05,-0.0021719933,0.008817434,0.0047516823,0.045138154,0.07956579,0.02227469,0.0525,0.027977139,1.0,,,,,,,,,,,,,,,,,,,,,,,,,,,,,,,,,,,,,,,,,,,,
141.0,-0.002894154747605618,0.058803070336580276,0.000641942024230957,1.3689817190170288,0.0,0.0022867788,-0.0011319055,1.0006418,0.016267039,-0.0001440385,2.9619108e-05,-0.0024416447,0.008689642,0.0047256947,-0.064592466,-0.031021262,-0.0056816437,0.052875,0.028176645,1.0,,,,,,,,,,,,,,,,,,,,,,,,,,,,,,,,,,,,,,,,,,,,
142.0,-0.002896418914241726,0.05916520953178406,0.0006420612335205078,1.3671340942382812,0.0,0.0023560217,-0.0011320827,1.000642,0.01661831,-4.2521824e-05,2.9367577e-05,-0.002252102,0.00902009,0.0048201084,0.045133866,0.0795648,0.022255355,0.05325,0.028376145,1.0,,,,,,,,,,,,,,,,,,,,,,,,,,,,,,,,,,,,,,,,,,,,
143.0,-0.00289868979874521,0.05952579900622368,0.0006421804428100586,1.3652743101119995,0.0,0.0024267845,-0.0011318689,1.0006421,0.016983047,5.1319945e-05,2.8957229e-05,-0.0025217533,0.008892059,0.004794121,-0.06459476,-0.031032098,-0.0056698173,0.053625,0.028575638,1.0,,,,,,,,,,,,,,,,,,,,,,,,,,,,,,,,,,,,,,,,,,,,
144.0,-0.002900959760338182,0.05988480895757675,0.0006422996520996094,1.3634028434753418,0.0,0.0024990444,-0.0011312183,1.0006422,0.017342424,0.00015613475,2.8706174e-05,-0.0023593903,0.009222746,0.0048885345,0.038609605,0.079532556,0.022294004,0.054,0.028775124,1.0,,,,,,,,,,,,,,,,,,,,,,,,,,,,,,,,,,,,,,,,,,,,
145.0,-0.002903222412494961,0.06024227291345596,0.0006424188613891602,1.3615190982818604,0.0,0.002572858,-0.0011301583,1.0006423,0.017715259,0.00025438587,2.8290995e-05,-0.0026562214,0.009094715,0.0048623085,-0.07111548,-0.031075466,-0.005597019,0.054375,0.028974602,1.0,,,,,,,,,,,,,,,,,,,,,,,,,,,,,,,,,,,,,,,,,,,,
146.0,-0.0029054839730085504,0.06059809774160385,0.0006425380706787109,1.3596227169036865,0.0,0.0026482027,-0.0011286387,1.0006424,0.018082725,0.00036471957,2.8038025e-05,-0.0024938583,0.009425402,0.0049567223,0.038608342,0.07953205,0.022271683,0.05475,0.029174073,1.0,,,,,,,,,,,,,,,,,,,,,,,,,,,,,,,,,,,,,,,,,,,,
147.0,-0.0029077390579054347,0.060952287167310715,0.0006426572799682617,1.3577145338058472,0.0,0.0027251346,-0.0011266867,1.0006425,0.018463647,0.00046848936,2.7621461e-05,-0.0027906895,0.0092971325,0.0049307346,-0.07111468,-0.03108737,-0.005582205,0.055125,0.029373536,1.0,,,,,,,,,,,,,,,,,,,,,,,,,,,,,,,,,,,,,,,,,,,,
148.0,-0.0029099917776662203,0.06130485609173775,0.0006427764892578125,1.3557934761047363,0.0,0.0028036314,-0.0011242519,1.0006427,0.018839194,0.00058434025,2.7368253e-05,-0.0026283264,0.009627819,0.00502491,0.038607076,0.07953154,0.022249367,0.0555,0.029572992,1.0,,,,,,,,,,,,,,,,,,,,,,,,,,,,,,,,,,,,,,,,,,,,
149.0,-0.002912236995003209,0.06165575236082077,0.0006428956985473633,1.3538603782653809,0.0,0.0028837488,-0.0011213619,1.0006428,0.019228196,0.0006936269,2.6949907e-05,-0.0029251575,0.009499788,0.0049989223,-0.07111388,-0.03109927,-0.0055673905,0.055875,0.029772442,1.0,,,,,,,,,,,,,,,,,,,,,,,,,,,,,,,,,,,,,,,,,,,,
150.0,-0.002914480517156573,0.062004946172237396,0.0006429672357626259,1.3519142866134644,0.0,0.0029654647,-0.001117966,1.0006429,0.01961182,0.00081499317,2.6696556e-05,-0.0027627945,0.009830236,0.0050930977,0.038605805,0.07953104,0.022227054,0.05625,0.029971883,1.0,,,,,,,,,,,,,,,,,,,,,,,,,,,,,,,,,,,,,,,,,,,,
151.0,-0.0029167164004696502,0.062352441251277924,0.0006430387729778886,1.3499557971954346,0.0,0.003048835,-0.0011140918,1.000643,0.020008896,0.000929795,2.627641e-05,-0.0030596256,0.009702206,0.00506711,-0.071113065,-0.03111116,-0.005552576,0.056625,0.030171316,1.0,,,,,,,,,,,,,,,,,,,,,,,,,,,,,,,,,,,,,,,,,,,,
152.0,-0.0029189505906680596,0.06269823014736176,0.0006431341171264648,1.3479845523834229,0.0,0.0031338376,-0.001109689,1.0006431,0.02040059,0.0010566749,2.602292e-05,-0.0028970242,0.010032654,0.005161047,0.038604535,0.07953053,0.022204747,0.057,0.030370744,1.0,,,,,,,,,,,,,,,,,,,,,,,,,,,,,,,,,,,,,,,,,,,,
153.0,-0.0029211764460350498,0.06304223835468292,0.0006432533264160156,1.3460006713867188,0.0,0.0032205281,-0.0011047849,1.0006431,0.020805733,0.00117699,2.5600972e-05,-0.0031940937,0.009904623,0.0051350594,-0.07111225,-0.031123044,-0.0055377604,0.057375,0.030570162,1.0,,,,,,,,,,,,,,,,,,,,,,,,,,,,,,,,,,,,,,,,,,,,
154.0,-0.0029234008168795528,0.06338449567556381,0.0006433725357055664,1.3440035581588745,0.0,0.0033088843,-0.0010993292,1.0006433,0.021205496,0.0013093831,2.5715253e-05,-0.0030314922,0.010235071,0.0052292347,0.038603265,0.07953002,0.022182446,0.05775,0.030769574,1.0,,,,,,,,,,,,,,,,,,,,,,,,,,,,,,,,,,,,,,,,,,,,
155.0,-0.002925616555266939,0.06372496485710144,0.0006434917449951172,1.3419935703277588,0.0,0.0033989623,-0.0010933491,1.0006434,0.0216187,0.0014352095,2.520515e-05,-0.0033285618,0.010106802,0.005203247,-0.07111144,-0.031134922,-0.005522945,0.058125,0.030968977,1.0,,,,,,,,,,,,,,,,,,,,,,,,,,,,,,,,,,,,,,,,,,,,
156.0,-0.002927830154599735,0.06406362354755402,0.000643610954284668,1.339970588684082,0.0,0.0034907393,-0.0010867945,1.0006435,0.022026515,0.0015731115,2.4971654e-05,-0.0031659603,0.010437489,0.005297184,0.038601987,0.07952951,0.022160148,0.0585,0.031168373,1.0,,,,,,,,,,,,,,,,,,,,,,,,,,,,,,,,,,,,,,,,,,,,
157.0,-0.002930035456520116,0.06440047174692154,0.0006437301635742188,1.3379342555999756,0.0,0.0035842718,-0.0010796926,1.0006436,0.022447774,0.001704448,2.4541343e-05,-0.0034630299,0.010309219,0.0052711964,-0.07111062,-0.03114679,-0.005508129,0.058875,0.03136776,1.0,,,,,,,,,,,,,,,,,,,,,,,,,,,,,,,,,,,,,,,,,,,,
158.0,-0.0029322379566650947,0.06473544239997864,0.0006438017007894814,1.3358848094940186,0.0,0.003679537,-0.0010719933,1.0006437,0.022863643,0.0018478582,2.4288562e-05,-0.0033004284,0.0106396675,0.0053651333,0.038600713,0.079528995,0.022137856,0.05925,0.03156714,1.0,,,,,,,,,,,,,,,,,,,,,,,,,,,,,,,,,,,,,,,,,,,,
159.0,-0.0029344317760135845,0.0650685578584671,0.0006438493728637695,1.3338221311569214,0.0,0.0037765908,-0.0010637236,1.0006438,0.023292951,0.001984703,2.3860945e-05,-0.0035972595,0.010511398,0.0053389072,-0.071109794,-0.031158654,-0.0054933126,0.059625,0.03176651,1.0,,,,,,,,,,,,,,,,,,,,,,,,,,,,,,,,,,,,,,,,,,,,
160.0,-0.0029366232972516805,0.06539978086948395,0.0006439685821533203,1.3317456245422363,0.0,0.003875411,-0.0010548335,1.0006438,0.023716865,0.0021336195,2.3606968e-05,-0.003434658,0.010842085,0.005432844,0.03859943,0.07952849,0.022115568,0.06,0.031965878,1.0,,,,,,,,,,,,,,,,,,,,,,,,,,,,,,,,,,,,,,,,,,,,
161.0,-0.002938805787237161,0.06572913378477097,0.0006440877914428711,1.329655647277832,0.0,0.0039760536,-0.0010453503,1.000644,0.02415422,0.0022759717,2.354571e-05,-0.0037317276,0.010713816,0.0054068565,-0.07110897,-0.03117051,-0.0054784953,0.060375,0.032165233,1.0,,,,,,,,,,,,,,,,,,,,,,,,,,,,,,,,,,,,,,,,,,,,
162.0,-0.002940984866330903,0.06605648249387741,0.0006442070007324219,1.3275524377822876,0.0,0.0040784962,-0.0010352237,1.0006441,0.02458617,0.0024303927,2.3205188e-05,-0.0035691261,0.011044264,0.0055007935,0.03859815,0.07952797,0.022093285,0.06075,0.03236458,1.0,,,,,,,,,,,,,,,,,,,,,,,,,,,,,,,,,,,,,,,,,,,,
163.0,-0.0029431553586936957,0.06638196110725403,0.0006442785379476845,1.3254351615905762,0.0,0.004182794,-0.001024481,1.0006442,0.02503156,0.002578248,2.2794506e-05,-0.0038659573,0.010915995,0.0054745674,-0.07110813,-0.031182358,-0.005463678,0.061125,0.03256392,1.0,,,,,,,,,,,,,,,,,,,,,,,,,,,,,,,,,,,,,,,,,,,,
164.0,-0.002945322519746347,0.06670542806386948,0.0006443262100219727,1.323304533958435,0.0,0.004288926,-0.001013072,1.0006443,0.025471544,0.0027381724,2.2535434e-05,-0.0037033558,0.011246443,0.0055685043,0.038596865,0.07952745,0.022071008,0.0615,0.032763254,1.0,,,,,,,,,,,,,,,,,,,,,,,,,,,,,,,,,,,,,,,,,,,,
165.0,-0.0029474809520470776,0.06702693551778793,0.0006444454193115234,1.3211597204208374,0.0,0.0043969466,-0.0010010239,1.0006443,0.02592496,0.0028915303,2.2103806e-05,-0.0040004253,0.011117935,0.0055425167,-0.0711073,-0.0311942,-0.00544886,0.061875,0.03296258,1.0,,,,,,,,,,,,,,,,,,,,,,,,,,,,,,,,,,,,,,,,,,,,
166.0,-0.0029496359432916053,0.06734640151262283,0.0006445646286010742,1.3190009593963623,0.0,0.004506834,-0.0009882866,1.0006444,0.026372977,0.0030569572,2.2216998e-05,-0.0038378239,0.011448622,0.005636215,0.03859558,0.07952694,0.022048732,0.06225,0.033161893,1.0,,,,,,,,,,,,,,,,,,,,,,,,,,,,,,,,,,,,,,,,,,,,
167.0,-0.0029517816797270135,0.06766389310359955,0.000644683837890625,1.3168282508850098,0.0,0.004618644,-0.00097488734,1.0006446,0.026834417,0.0032158154,2.169617e-05,-0.004134655,0.011320114,0.005609989,-0.071106456,-0.031206034,-0.0054340423,0.062625,0.0333612,1.0,,,,,,,,,,,,,,,,,,,,,,,,,,,,,,,,,,,,,,,,,,,,
168.0,-0.0029539233319881932,0.06797926872968674,0.000644683837890625,1.3146412372589111,0.0,0.004732354,-0.0009607759,1.0006447,0.027290449,0.00338674,2.1461836e-05,-0.0039720535,0.011650562,0.0057036877,0.03859429,0.07952642,0.022026464,0.063,0.0335605,1.0,,,,,,,,,,,,,,,,,,,,,,,,,,,,,,,,,,,,,,,,,,,,
169.0,-0.0029560550581983125,0.06829262524843216,0.0006448030471801758,1.312440276145935,0.0,0.00484802,-0.0009459797,1.0006447,0.027759906,0.0035510976,2.1020744e-05,-0.004269123,0.011522293,0.0056777,-0.071105614,-0.031217862,-0.0054192236,0.063375,0.03375979,1.0,,,,,,,,,,,,,,,,,,,,,,,,,,,,,,,,,,,,,,,,,,,,
170.0,-0.0029581838992612146,0.06860385835170746,0.0006449222564697266,1.3102248907089233,0.0,0.00496562,-0.00093044835,1.0006448,0.028223956,0.0037275213,2.113504e-05,-0.004106283,0.011852741,0.0057713985,0.038593,0.079525895,0.0220042,0.06375,0.033959072,1.0,,,,,,,,,,,,,,,,,,,,,,,,,,,,,,,,,,,,,,,,,,,,
171.0,-0.002960301932232391,0.06891301274299622,0.0006449937936849892,1.307995319366455,0.0,0.0050852094,-0.0009142093,1.0006449,0.028701425,0.0038973757,2.06103e-05,-0.0044033527,0.011724234,0.0057451725,-0.071104765,-0.031229682,-0.0054044044,0.064125,0.034158345,1.0,,,,,,,,,,,,,,,,,,,,,,,,,,,,,,,,,,,,,,,,,,,,
172.0,-0.0029624156339044844,0.06922003626823425,0.0006450414657592773,1.3057512044906616,0.0,0.0052067656,-0.0008972122,1.000645,0.029173477,0.0040792935,2.0375766e-05,-0.0042407513,0.012054682,0.005838871,0.03859171,0.079525374,0.021981942,0.0645,0.03435761,1.0,,,,,,,,,,,,,,,,,,,,,,,,,,,,,,,,,,,,,,,,,,,,
173.0,-0.002964520064596624,0.06952489912509918,0.0006451606750488281,1.303492784500122,0.0,0.0053303447,-0.0008794845,1.000645,0.02965895,0.0042546433,1.9931069e-05,-0.004537821,0.011926174,0.0058128834,-0.071103916,-0.031241495,-0.005389585,0.064875,0.03455687,1.0,,,,,,,,,,,,,,,,,,,,,,,,,,,,,,,,,,,,,,,,,,,,
174.0,-0.0029666194437460427,0.06982763111591339,0.0006452322122640908,1.3012194633483887,0.0,0.0054559237,-0.00086097594,1.0006452,0.030139009,0.004442056,2.0045092e-05,-0.004374981,0.012256622,0.0059063435,0.038590413,0.07952485,0.021959687,0.06525,0.034756117,1.0,,,,,,,,,,,,,,,,,,,,,,,,,,,,,,,,,,,,,,,,,,,,
175.0,-0.002968708619026689,0.07012812793254852,0.0006452798843383789,1.29893159866333,0.0,0.005583559,-0.00084171386,1.0006453,0.030632481,0.004622899,1.9516772e-05,-0.0046720505,0.012128115,0.005880356,-0.07110306,-0.0312533,-0.005374765,0.065625,0.034955356,1.0,,,,,,,,,,,,,,,,,,,,,,,,,,,,,,,,,,,,,,,,,,,,
176.0,-0.0029707932873258742,0.07042644917964935,0.0006453990936279297,1.2966289520263672,0.0,0.005713228,-0.00082164805,1.0006453,0.03112053,0.0048158024,1.9281959e-05,-0.0045092106,0.012458563,0.0059735775,0.038589116,0.07952432,0.021937437,0.066,0.035154585,1.0,,,,,,,,,,,,,,,,,,,,,,,,,,,,,,,,,,,,,,,,,,,,
177.0,-0.002972867471059412,0.0707225352525711,0.0006454706308431923,1.2943116426467896,0.0,0.0058449865,-0.0008008058,1.0006454,0.031622,0.0050021387,1.920158e-05,-0.00480628,0.012330055,0.00594759,-0.071102194,-0.0312651,-0.005359945,0.066375,0.03535381,1.0,,,,,,,,,,,,,,,,,,,,,,,,,,,,,,,,,,,,,,,,,,,,
178.0,-0.002974936084952833,0.07101637125015259,0.0006455183029174805,1.291979193687439,0.0,0.0059788115,-0.0007791369,1.0006455,0.032118034,0.0052005313,1.886109e-05,-0.0046436787,0.012660503,0.00604105,0.038587816,0.079523794,0.021915192,0.06675,0.03555302,1.0,,,,,,,,,,,,,,,,,,,,,,,,,,,,,,,,,,,,,,,,,,,,
179.0,-0.0029769947761562944,0.07130793482065201,0.0006456375122070312,1.2896318435668945,0.0,0.0061147595,-0.0007566688,1.0006455,0.032627486,0.005392356,1.8435787e-05,-0.00494051,0.012531757,0.0060150623,-0.07110133,-0.031276893,-0.0053451243,0.067125,0.035752226,1.0,,,,,,,,,,,,,,,,,,,,,,,,,,,,,,,,,,,,,,,,,,,,
180.0,-0.0029790484265222123,0.07159721851348877,0.0006457090494222939,1.2872694730758667,0.0,0.006252807,-0.0007333511,1.0006456,0.033131506,0.0055962387,1.8543584e-05,-0.0047779083,0.0128622055,0.006108284,0.038586516,0.07952327,0.021892952,0.0675,0.03595142,1.0,,,,,,,,,,,,,,,,,,,,,,,,,,,,,,,,,,,,,,,,,,,,
181.0,-0.002981090233675232,0.07188417762517929,0.000645756721496582,1.2848920822143555,0.0,0.006393011,-0.00070921134,1.0006458,0.033648938,0.00579355,1.8011258e-05,-0.005074978,0.012733698,0.0060822964,-0.07110046,-0.031288676,-0.005330303,0.067875,0.036150604,1.0,,,,,,,,,,,,,,,,,,,,,,,,,,,,,,,,,,,,,,,,,,,,
182.0,-0.0029831275065979467,0.07216884940862656,0.0006458759307861328,1.2824995517730713,0.0,0.0065353485,-0.00068419916,1.0006458,0.03416093,0.0060029174,1.777572e-05,-0.004912138,0.013064146,0.006175518,0.038585212,0.079522744,0.021870716,0.06825,0.036349785,1.0,,,,,,,,,,,,,,,,,,,,,,,,,,,,,,,,,,,,,,,,,,,,
183.0,-0.0029851524898116297,0.07245112955570221,0.0006459236028604209,1.2800917625427246,0.0,0.006679875,-0.00065834203,1.0006459,0.03468634,0.006205717,1.7690036e-05,-0.0052092075,0.0129354,0.0061495304,-0.07109959,-0.031300455,-0.0053154817,0.068625,0.03654895,1.0,,,,,,,,,,,,,,,,,,,,,,,,,,,,,,,,,,,,,,,,,,,,
184.0,-0.0029871727540376914,0.07273106276988983,0.0006459951400756836,1.2776687145233154,0.0,0.0068265675,-0.0006315896,1.0006459,0.0352063,0.006420568,1.7349126e-05,-0.0050463676,0.013265848,0.006242752,0.038583905,0.07952221,0.021848485,0.069,0.03674811,1.0,,,,,,,,,,,,,,,,,,,,,,,,,,,,,,,,,,,,,,,,,,,,
185.0,-0.002989181093297274,0.07300863415002823,0.0006460666772909462,1.2752305269241333,0.0,0.006975483,-0.00060396944,1.000646,0.03573967,0.006628852,1.7286351e-05,-0.005343437,0.013137102,0.006216526,-0.071098715,-0.031312224,-0.0053006597,0.069375,0.036947258,1.0,,,,,,,,,,,,,,,,,,,,,,,,,,,,,,,,,,,,,,,,,,,,
186.0,-0.0029911843566359985,0.07328375428915024,0.0006461143493652344,1.2727766036987305,0.0,0.007126598,-0.00057543116,1.0006461,0.036267594,0.006849185,1.6939513e-05,-0.0051805973,0.01346755,0.0063097477,0.038582597,0.07952168,0.021826258,0.06975,0.0371464,1.0,,,,,,,,,,,,,,,,,,,,,,,,,,,,,,,,,,,,,,,,,,,,
187.0,-0.0029931751493596924,0.07355649769306183,0.000646185886580497,1.2703076601028442,0.0,0.0072799684,-0.0005460022,1.0006461,0.036808923,0.007062949,1.6508415e-05,-0.005477667,0.013338804,0.00628376,-0.071097836,-0.031323988,-0.0052858377,0.070125,0.03734553,1.0,,,,,,,,,,,,,,,,,,,,,,,,,,,,,,,,,,,,,,,,,,,,
188.0,-0.0029951601336187937,0.07382676005363464,0.0006462335586547852,1.2678228616714478,0.0,0.007435572,-0.00051563233,1.0006462,0.03734481,0.007288765,1.6615344e-05,-0.005314827,0.013669252,0.0063767433,0.03858129,0.07952114,0.021804037,0.0705,0.037544653,1.0,,,,,,,,,,,,,,,,,,,,,,,,,,,,,,,,,,,,,,,,,,,,
189.0,-0.002997132873993978,0.07409460097551346,0.0006463527679443359,1.2653226852416992,0.0,0.0075934636,-0.00048434897,1.0006462,0.03789409,0.007508008,1.6075946e-05,-0.0056118965,0.013540506,0.0063507557,-0.07109695,-0.031335745,-0.005271015,0.070875,0.037743766,1.0,,,,,,,,,,,,,,,,,,,,,,,,,,,,,,,,,,,,,,,,,,,,
190.0,-0.002999100202134619,0.07435989379882812,0.0006464004400186241,1.26280677318573,0.0,0.007753622,-0.00045210187,1.0006464,0.038437925,0.0077393027,1.6207732e-05,-0.0054490566,0.013870716,0.006443739,0.038579974,0.07952061,0.02178182,0.07125,0.037942868,1.0,,,,,,,,,,,,,,,,,,,,,,,,,,,,,,,,,,,,,,,,,,,,
191.0,-0.003001054889274454,0.07462270557880402,0.0006464719772338867,1.2602753639221191,0.0,0.007916101,-0.00041891844,1.0006464,0.038995154,0.007964023,1.5660687e-05,-0.005746126,0.01374197,0.0064177513,-0.07109606,-0.031347495,-0.005256192,0.071625,0.038141962,1.0,,,,,,,,,,,,,,,,,,,,,,,,,,,,,,,,,,,,,,,,,,,,
192.0,-0.003003002776945743,0.07488302141427994,0.0006465435144491494,1.257728099822998,0.0,0.00808088,-0.00038474848,1.0006465,0.03954693,0.008200795,1.579371e-05,-0.0055832863,0.014072418,0.0065107346,0.03857866,0.07952008,0.021759609,0.072,0.038341045,1.0,,,,,,,,,,,,,,,,,,,,,,,,,,,,,,,,,,,,,,,,,,,,
193.0,-0.0030049392473024614,0.07514077425003052,0.0006465911865234375,1.2551652193069458,0.0,0.008248014,-0.00034961934,1.0006466,0.040112097,0.008430992,1.524456e-05,-0.005880356,0.013943672,0.006484747,-0.07109517,-0.031359237,-0.0052413684,0.072375,0.038540117,1.0,,,,,,,,,,,,,,,,,,,,,,,,,,,,,,,,,,,,,,,,,,,,
194.0,-0.003006877769514742,0.07539594918489456,0.0006466627237387002,1.2525866031646729,0.0,0.008417481,-0.00031348085,1.0006466,0.040671807,0.008673236,1.5009633e-05,-0.0057172775,0.014273882,0.0065774918,0.038577344,0.07951953,0.021737402,0.07275,0.038739182,1.0,,,,,,,,,,,,,,,,,,,,,,,,,,,,,,,,,,,,,,,,,,,,
195.0,-0.003008802189209716,0.07564854621887207,0.0006467103958129883,1.2499920129776,0.0,0.008589334,-0.0002763604,1.0006467,0.041244917,0.00890891,1.4912891e-05,-0.0060145855,0.014145136,0.006551504,-0.07109427,-0.03137097,-0.0052265446,0.073125,0.03893824,1.0,,,,,,,,,,,,,,,,,,,,,,,,,,,,,,,,,,,,,,,,,,,,
196.0,-0.0030107212141848717,0.07589856535196304,0.0006467819330282509,1.2473818063735962,0.0,0.008763553,-0.0002382078,1.0006467,0.041812554,0.009156625,1.45712565e-05,-0.005851507,0.014475346,0.0066444874,0.038576026,0.079518996,0.0217152,0.0735,0.039137285,1.0,,,,,,,,,,,,,,,,,,,,,,,,,,,,,,,,,,,,,,,,,,,,
197.0,-0.003012626972849249,0.07614593207836151,0.0006468296051025391,1.2447553873062134,0.0,0.008940193,-0.00019905041,1.0006468,0.042393588,0.009397771,1.4497737e-05,-0.0061485767,0.0143466,0.0066184998,-0.07109337,-0.0313827,-0.0052117207,0.073875,0.03933632,1.0,,,,,,,,,,,,,,,,,,,,,,,,,,,,,,,,,,,,,,,,,,,,
198.0,-0.003014526205861865,0.07639066874980927,0.0006469011423178017,1.2421132326126099,0.0,0.009119231,-0.0001588381,1.0006468,0.04296915,0.009650957,1.4150101e-05,-0.005985737,0.014676809,0.0067112446,0.038574703,0.07951845,0.021693,0.07425,0.039535344,1.0,,,,,,,,,,,,,,,,,,,,,,,,,,,,,,,,,,,,,,,,,,,,
199.0,-0.003016411498591829,0.07663272321224213,0.0006469488143920898,1.239455223083496,0.0,0.009300723,-0.00011759821,1.000647,0.043558106,0.009897573,1.4076172e-05,-0.0062828064,0.014548063,0.006685257,-0.071092464,-0.03139442,-0.005196896,0.074625,0.03973436,1.0,,,,,,,,,,,,,,,,,,,,,,,,,,,,,,,,,,,,,,,,,,,,
200.0,-0.0030182901311176236,0.07687212526798248,0.0006470203516073525,1.236781358718872,0.0,0.009484647,-7.52806e-05,1.000647,0.044141583,0.010156227,1.3728082e-05,-0.0061199665,0.014878273,0.0067777634,0.03857338,0.079517916,0.021670809,0.075,0.039933365,1.0,,,,,,,,,,,,,,,,,,,,,,,,,,,,,,,,,,,,,,,,,,,,
201.0,-0.0030201551886185184,0.07710880041122437,0.0006470203516073525,1.2340914011001587,0.0,0.009671057,-3.1912634e-05,1.0006471,0.044738453,0.010408311,1.3652445e-05,-0.006417036,0.014749289,0.0067517757,-0.071091555,-0.031406134,-0.005182071,0.075375,0.040132362,1.0,,,,,,,,,,,,,,,,,,,,,,,,,,,,,,,,,,,,,,,,,,,,
202.0,-0.003022013470294519,0.07734277099370956,0.0006471395608969033,1.231385588645935,0.0,0.009859931,1.2555831e-05,1.0006471,0.04532984,0.010672431,1.3304203e-05,-0.0062539577,0.015079737,0.0068445206,0.038572054,0.07951737,0.02164862,0.07575,0.04033135,1.0,,,,,,,,,,,,,,,,,,,,,,,,,,,,,,,,,,,,,,,,,,,,
203.0,-0.003023857457105027,0.0775739923119545,0.0006471395608969033,1.228663444519043,0.0,0.010051325,5.8097423e-05,1.0006472,0.045934618,0.010929982,1.3226787e-05,-0.0065510273,0.014950752,0.006818533,-0.071090646,-0.03141784,-0.005167246,0.076125,0.040530324,1.0,,,,,,,,,,,,,,,,,,,,,,,,,,,,,,,,,,,,,,,,,,,,
204.0,-0.003025694328567457,0.07780245691537857,0.0006472349050454795,1.2259255647659302,0.0,0.010245216,0.000104762286,1.0006472,0.046533905,0.011199567,1.2878412e-05,-0.0063881874,0.015280962,0.0069110394,0.03857073,0.07951683,0.021626437,0.0765,0.040729288,1.0,,,,,,,,,,,,,,,,,,,,,,,,,,,,,,,,,,,,,,,,,,,,
205.0,-0.003027517021843359,0.07802814245223999,0.0006472587701864541,1.2231717109680176,0.0,0.010441661,0.00015252303,1.0006472,0.047146585,0.011462581,1.2799213e-05,-0.006685257,0.015151978,0.0068850517,-0.07108973,-0.03142954,-0.00515242,0.076875,0.040928245,1.0,,,,,,,,,,,,,,,,,,,,,,,,,,,,,,,,,,,,,,,,,,,,
206.0,-0.0030293334989137262,0.07825101166963577,0.0006473541143350303,1.2204017639160156,0.0,0.010640634,0.00020142984,1.0006473,0.047753777,0.011737631,1.2818586e-05,-0.0065221786,0.015482187,0.006977558,0.0385694,0.07951628,0.021604257,0.07725,0.04112719,1.0,,,,,,,,,,,,,,,,,,,,,,,,,,,,,,,,,,,,,,,,,,,,
207.0,-0.0030311488476215905,0.07847107946872711,0.0006473779794760048,1.2176157236099243,0.0,0.010842195,0.00025145526,1.0006473,0.048374344,0.012006104,1.2283416e-05,-0.0068194866,0.015353203,0.0069515705,-0.071088806,-0.031441234,-0.005137594,0.077625,0.041326124,1.0,,,,,,,,,,,,,,,,,,,,,,,,,,,,,,,,,,,,,,,,,,,,
208.0,-0.0030329572600845856,0.07868829369544983,0.0006473779794760048,1.2148140668869019,0.0,0.011046317,0.00030264948,1.0006474,0.048989426,0.012286615,1.2409213e-05,-0.0066564083,0.015683413,0.007044077,0.038568065,0.07951573,0.021582084,0.078,0.04152505,1.0,,,,,,,,,,,,,,,,,,,,,,,,,,,,,,,,,,,,,,,,,,,,
209.0,-0.003034752376190941,0.07890267670154572,0.0006474971887655556,1.21199631690979,0.0,0.011253058,0.0003549851,1.0006474,0.04961788,0.012560547,1.1847267e-05,-0.006953478,0.015554428,0.0070180893,-0.07108788,-0.03145292,-0.0051227673,0.078375,0.041723963,1.0,,,,,,,,,,,,,,,,,,,,,,,,,,,,,,,,,,,,,,,,,,,,
210.0,-0.0030365394375564824,0.07911413162946701,0.0006474971887655556,1.2091623544692993,0.0,0.011462395,0.00040851225,1.0006475,0.050240844,0.012846516,1.1978792e-05,-0.0067903996,0.015884638,0.0071103573,0.03856673,0.07951518,0.021559915,0.07875,0.041922867,1.0,,,,,,,,,,,,,,,,,,,,,,,,,,,,,,,,,,,,,,,,,,,,
211.0,-0.003038313150631776,0.07932274788618088,0.0006475925329141319,1.2063125371932983,0.0,0.011674384,0.00046320353,1.0006475,0.050877176,0.013125907,1.1413695e-05,-0.0070877075,0.015755653,0.0070843697,-0.07108696,-0.031464595,-0.0051079406,0.079125,0.04212176,1.0,,,,,,,,,,,,,,,,,,,,,,,,,,,,,,,,,,,,,,,,,,,,
212.0,-0.0030400784626773386,0.07952841371297836,0.0006476163980551064,1.203446865081787,0.0,0.011889,0.0005191091,1.0006475,0.05150802,0.0134173315,1.1545405e-05,-0.006924629,0.016085863,0.007176876,0.038565394,0.07951463,0.02153775,0.0795,0.042320643,1.0,,,,,,,,,,,,,,,,,,,,,,,,,,,,,,,,,,,,,,,,,,,,
213.0,-0.003041829893341267,0.07973114401102066,0.0006476163980551064,1.2005650997161865,0.0,0.012106301,0.0005762015,1.0006477,0.052152235,0.013702179,1.1346332e-05,-0.0072216988,0.015956879,0.0071508884,-0.07108603,-0.03147627,-0.0050931135,0.079875,0.042519517,1.0,,,,,,,,,,,,,,,,,,,,,,,,,,,,,,,,,,,,,,,,,,,,
214.0,-0.003190970590377816,0.07993091642856598,0.0006477356073446572,1.1976673603057861,0.0,0.012326263,0.0006345309,1.0006477,0.05279094,0.013999055,1.1023747e-05,-0.0070586205,0.01628685,0.0072431564,0.038564056,0.07951408,0.02151559,0.08025,0.042718377,1.0,,,,,,,,,,,,,,,,,,,,,,,,,,,,,,,,,,,,,,,,,,,,
215.0,-0.003193122637481619,0.08012772351503372,0.0006477356073446572,1.194753885269165,0.0,0.012548942,0.0006940699,1.0006478,0.053443022,0.014289358,1.0929443e-05,-0.00735569,0.016157866,0.007217169,-0.07108509,-0.031487934,-0.005078286,0.080625,0.04291723,1.0,,,,,,,,,,,,,,,,,,,,,,,,,,,,,,,,,,,,,,,,,,,,
216.0,-0.0031952608043712616,0.08032151311635971,0.0006477832794189453,1.1918244361877441,0.0,0.012774316,0.00075486855,1.0006478,0.05408959,0.0145916855,1.058173e-05,-0.0071926117,0.016488075,0.007309437,0.038562715,0.07951353,0.021493433,0.081,0.043116067,1.0,,,,,,,,,,,,,,,,,,,,,,,,,,,,,,,,,,,,,,,,,,,,
217.0,-0.003197378385122009,0.08051230013370514,0.000647854816634208,1.188879370689392,0.0,0.0130024385,0.0008168996,1.0006478,0.05474953,0.014887439,1.04915125e-05,-0.0074899197,0.016358852,0.007283449,-0.07108415,-0.03149959,-0.005063458,0.081375,0.043314897,1.0,,,,,,,,,,,,,,,,,,,,,,,,,,,,,,,,,,,,,,,,,,,,
218.0,-0.003199481313213457,0.08070006221532822,0.000647854816634208,1.1859182119369507,0.0,0.013233288,0.000880213,1.0006479,0.055403963,0.015195219,1.0510163e-05,-0.0073268414,0.016689062,0.0073754787,0.038561374,0.07951297,0.021471282,0.08175,0.043513715,1.0,,,,,,,,,,,,,,,,,,,,,,,,,,,,,,,,,,,,,,,,,,,,
219.0,-0.0032015645694129153,0.08088475465774536,0.0006479024887084961,1.1829415559768677,0.0,0.013466921,0.0009447814,1.0006479,0.056071747,0.015496419,9.964325e-06,-0.007623911,0.01655984,0.007349491,-0.0710832,-0.03151124,-0.00504863,0.082125,0.043712523,1.0,,,,,,,,,,,,,,,,,,,,,,,,,,,,,,,,,,,,,,,,,,,,
220.0,-0.003203633127725809,0.08106639981269836,0.0006479740259237587,1.1799490451812744,0.0,0.013703313,0.001010655,1.0006479,0.05673403,0.015809646,1.0089305e-05,-0.0074608326,0.016890049,0.007441759,0.03856003,0.07951242,0.021449137,0.0825,0.04391132,1.0,,,,,,,,,,,,,,,,,,,,,,,,,,,,,,,,,,,,,,,,,,,,
221.0,-0.0032054346157875764,0.08124492317438126,0.0006479740259237587,1.1769410371780396,0.0,0.01394252,0.0010778061,1.000648,0.05740967,0.016116295,9.8845885e-06,-0.007757902,0.016760826,0.0074157715,-0.07108226,-0.031522885,-0.005033801,0.082875,0.044110104,1.0,,,,,,,,,,,,,,,,,,,,,,,,,,,,,,,,,,,,,,,,,,,,
222.0,-0.0032072218713779057,0.08142037689685822,0.0006480216979980469,1.1739174127578735,0.0,0.014184519,0.0011462852,1.000648,0.058079787,0.016434966,9.56113e-06,-0.007594824,0.017091036,0.007507801,0.03855868,0.07951186,0.021426996,0.08325,0.044308882,1.0,,,,,,,,,,,,,,,,,,,,,,,,,,,,,,,,,,,,,,,,,,,,
223.0,-0.00320898751747794,0.08159270137548447,0.0006480932352133095,1.1708781719207764,0.0,0.014429366,0.0012160646,1.000648,0.05876327,0.01674706,9.459804e-06,-0.007891893,0.016961813,0.0074818134,-0.0710813,-0.03153452,-0.005018972,0.083625,0.044507645,1.0,,,,,,,,,,,,,,,,,,,,,,,,,,,,,,,,,,,,,,,,,,,,
224.0,-0.0032107375462184762,0.08176194131374359,0.0006480932352133095,1.1678237915039062,0.0,0.0146770375,0.0012871944,1.0006481,0.059441227,0.017071176,9.479409e-06,-0.007728815,0.017292023,0.0075736046,0.038557332,0.0795113,0.02140486,0.084,0.044706397,1.0,,,,,,,,,,,,,,,,,,,,,,,,,,,,,,,,,,,,,,,,,,,,
225.0,-0.003212465892285167,0.08192802965641022,0.0006481409072875977,1.1647539138793945,0.0,0.014927589,0.0013596475,1.0006481,0.060132533,0.017388709,8.927941e-06,-0.008026123,0.0171628,0.0075478554,-0.07108035,-0.03154615,-0.005004143,0.084375,0.044905137,1.0,,,,,,,,,,,,,,,,,,,,,,,,,,,,,,,,,,,,,,,,,,,,
226.0,-0.0032141794565263074,0.08209104835987091,0.0006482124445028603,1.1616688966751099,0.0,0.015180999,0.0014334735,1.0006481,0.060818322,0.017718267,9.0525855e-06,-0.007862806,0.017492771,0.0076396465,0.03855598,0.07951073,0.021382729,0.08475,0.045103867,1.0,,,,,,,,,,,,,,,,,,,,,,,,,,,,,,,,,,,,,,,,,,,,
227.0,-0.003215648257005725,0.08225090801715851,0.0006482124445028603,1.1585688591003418,0.0,0.015437322,0.0015086454,1.0006483,0.06151746,0.018041244,8.84254e-06,-0.008160114,0.017363548,0.007613659,-0.07107939,-0.031557772,-0.004989313,0.085125,0.04530259,1.0,,,,,,,,,,,,,,,,,,,,,,,,,,,,,,,,,,,,,,,,,,,,
228.0,-0.003217102349043003,0.08240766823291779,0.0006482601165771484,1.1554536819458008,0.0,0.015696535,0.001585213,1.0006483,0.062211063,0.018376235,8.518687e-06,-0.007996798,0.017546892,0.007706642,0.038827777,0.04429003,0.021647971,0.0855,0.045501295,1.0,,,,,,,,,,,,,,,,,,,,,,,,,,,,,,,,,,,,,,,,,,,,
229.0,-0.003218533297959454,0.08256132900714874,0.0006483077886514366,1.1523237228393555,0.0,0.015958669,0.0016631489,1.0006483,0.06291202,0.018704606,8.5177535e-06,-0.0082941055,0.017270803,0.007682085,-0.07079816,-0.06678135,-0.0047033173,0.085875,0.04569999,1.0,,,,,,,,,,,,,,,,,,,,,,,,,,,,,,,,,,,,,,,,,,,,
230.0,-0.0032199486619073014,0.08271186053752899,0.0006483316537924111,1.1491789817810059,0.0,0.016223675,0.0017425028,1.0006483,0.06360145,0.019044943,8.61543e-06,-0.008130789,0.017454147,0.0077750683,0.038824923,0.044306025,0.02164204,0.08625,0.045898676,1.0,,,,,,,,,,,,,,,,,,,,,,,,,,,,,,,,,,,,,,,,,,,,
231.0,-0.00322134228178914,0.0828593298792839,0.0006483793258666992,1.1460195779800415,0.0,0.016491584,0.0018232472,1.0006484,0.06429822,0.019378653,8.5171705e-06,-0.008427858,0.017178297,0.0077502728,-0.07079071,-0.0667766,-0.004704717,0.086625,0.04609735,1.0,,,,,,,,,,,,,,,,,,,,,,,,,,,,,,,,,,,,,,,,,,,,
232.0,-0.00322271946134538,0.0830036997795105,0.0006483793258666992,1.142845869064331,0.0,0.016762348,0.001905432,1.0006484,0.064983465,0.019724326,8.267117e-06,-0.00826478,0.01736164,0.007843256,0.03882207,0.044322014,0.021636106,0.087,0.04629601,1.0,,,,,,,,,,,,,,,,,,,,,,,,,,,,,,,,,,,,,,,,,,,,
233.0,-0.0032240758358163648,0.08314500004053116,0.0006484508630819619,1.1396574974060059,0.0,0.017035998,0.0019890293,1.0006484,0.06567606,0.020063372,8.251971e-06,-0.00856185,0.01708579,0.00781846,-0.07078326,-0.06677186,-0.0047061113,0.087375,0.04649466,1.0,,,,,,,,,,,,,,,,,,,,,,,,,,,,,,,,,,,,,,,,,,,,
234.0,-0.0032254147789515806,0.0832832083106041,0.00064849853515625,1.1364550590515137,0.0,0.017312486,0.0020740891,1.0006485,0.066357136,0.020414384,8.347592e-06,-0.008398771,0.017269373,0.007911444,0.038819216,0.044337995,0.021630166,0.08775,0.0466933,1.0,,,,,,,,,,,,,,,,,,,,,,,,,,,,,,,,,,,,,,,,,,,,
235.0,-0.0032267328787768954,0.08341839164495468,0.00064849853515625,1.1332383155822754,0.0,0.017591843,0.002160584,1.0006485,0.067045555,0.02075876,7.885048e-06,-0.008695841,0.016993523,0.007886648,-0.070775814,-0.06676711,-0.0047075003,0.088125,0.046891924,1.0,,,,,,,,,,,,,,,,,,,,,,,,,,,,,,,,,,,,,,,,,,,,
236.0,-0.0032280344005977215,0.08355049788951874,0.0006485462072305381,1.1300075054168701,0.0,0.01787402,0.0022485636,1.0006485,0.06772246,0.021115102,8.0829195e-06,-0.008532524,0.017176867,0.007979631,0.038816363,0.04435397,0.021624222,0.0885,0.04709054,1.0,,,,,,,,,,,,,,,,,,,,,,,,,,,,,,,,,,,,,,,,,,,,
237.0,-0.0032293139266180793,0.08367957174777985,0.0006485700723715127,1.1267629861831665,0.0,0.018159049,0.0023380003,1.0006485,0.068406716,0.02146481,7.965801e-06,-0.008829594,0.016901016,0.007954836,-0.07076838,-0.06676237,-0.004708884,0.088875,0.047289144,1.0,,,,,,,,,,,,,,,,,,,,,,,,,,,,,,,,,,,,,,,,,,,,
238.0,-0.0032305778176077125,0.08380557596683502,0.0006486177444458008,1.123504638671875,0.0,0.01844688,0.002428944,1.0006486,0.06907945,0.021826478,8.079958e-06,-0.008666515,0.017084599,0.008047819,0.03881351,0.044369936,0.021618275,0.08925,0.047487736,1.0,,,,,,,,,,,,,,,,,,,,,,,,,,,,,,,,,,,,,,,,,,,,
239.0,-0.003231820042156994,0.08392855525016785,0.0006486654165200889,1.1202327013015747,0.0,0.018737543,0.002521367,1.0006486,0.06975954,0.022181509,7.6161614e-06,-0.008963585,0.016808987,0.008023024,-0.07076094,-0.066757634,-0.004710262,0.089625,0.047686316,1.0,,,,,,,,,,,,,,,,,,,,,,,,,,,,,,,,,,,,,,,,,,,,
240.0,-0.003233045619932648,0.08404853194952011,0.0006486892816610634,1.1169472932815552,0.0,0.019030994,0.002615319,1.0006486,0.07042811,0.022548499,7.808947e-06,-0.008800268,0.016992569,0.008116007,0.038810655,0.0443859,0.021612322,0.09,0.04788488,1.0,,,,,,,,,,,,,,,,,,,,,,,,,,,,,,,,,,,,,,,,,,,,
241.0,-0.003234250374037089,0.08416547626256943,0.0006487369537353516,1.1136486530303955,0.0,0.01932726,0.0027107727,1.0006487,0.07110405,0.022908855,7.696118e-06,-0.009097338,0.016716719,0.008091211,-0.070753515,-0.066752896,-0.0047116354,0.090375,0.04808344,1.0,,,,,,,,,,,,,,,,,,,,,,,,,,,,,,,,,,,,,,,,,,,,
242.0,-0.0032354384277308613,0.08427941054105759,0.0006487369537353516,1.1103365421295166,0.0,0.019626297,0.0028077774,1.0006487,0.071768455,0.02328116,7.4360273e-06,-0.008934259,0.01690054,0.008183956,0.038807806,0.04440185,0.021606365,0.09075,0.048281983,1.0,,,,,,,,,,,,,,,,,,,,,,,,,,,,,,,,,,,,,,,,,,,,
243.0,-0.0032366052753340113,0.08439035713672638,0.0006487846258096397,1.1070117950439453,0.0,0.019928131,0.002906306,1.0006487,0.07244024,0.023646833,7.430974e-06,-0.009231329,0.01662469,0.008159399,-0.070746094,-0.066748165,-0.004713003,0.091125,0.048480514,1.0,,,,,,,,,,,,,,,,,,,,,,,,,,,,,,,,,,,,,,,,,,,,
244.0,-0.0032377556459887505,0.0844983160495758,0.0006488084909506142,1.1036739349365234,0.0,0.020232717,0.0030064078,1.0006487,0.07310049,0.024024457,7.5107814e-06,-0.009068012,0.01680851,0.008252144,0.038804952,0.044417795,0.021600405,0.0915,0.048679035,1.0,,,,,,,,,,,,,,,,,,,,,,,,,,,,,,,,,,,,,,,,,,,,
245.0,-0.0032388849944215,0.08460324257612228,0.0006488561630249023,1.10032320022583,0.0,0.020540083,0.0031080556,1.0006489,0.073768124,0.024395443,7.4275454e-06,-0.009365082,0.016532898,0.008227587,-0.07073868,-0.06674343,-0.004714365,0.091875,0.04887754,1.0,,,,,,,,,,,,,,,,,,,,,,,,,,,,,,,,,,,,,,,,,,,,
246.0,-0.003239997682847536,0.08470519632101059,0.0006488561630249023,1.096960186958313,0.0,0.020850183,0.0032112987,1.0006489,0.07442422,0.024778375,7.1551444e-06,-0.0092020035,0.016716719,0.008320332,0.0388021,0.044433735,0.021594439,0.09225,0.049076036,1.0,,,,,,,,,,,,,,,,,,,,,,,,,,,,,,,,,,,,,,,,,,,,
247.0,-0.003241089777502151,0.0848042219877243,0.0006489038350991905,1.093584656715393,0.0,0.02116305,0.00331611,1.0006489,0.07508771,0.025154673,7.156071e-06,-0.009499073,0.016441107,0.008295774,-0.07073127,-0.0667387,-0.004715722,0.092625,0.04927452,1.0,,,,,,,,,,,,,,,,,,,,,,,,,,,,,,,,,,,,,,,,,,,,
248.0,-0.0032421652016243066,0.08490027487277985,0.000648927700240165,1.0901968479156494,0.0,0.02147863,0.0034225387,1.0006489,0.075739674,0.025542915,7.2291095e-06,-0.009335756,0.016624928,0.008388281,0.038799245,0.04444967,0.021588469,0.093,0.049472988,1.0,,,,,,,,,,,,,,,,,,,,,,,,,,,,,,,,,,,,,,,,,,,,
249.0,-0.003243219142854889,0.08499332517385483,0.0006489753723144531,1.0867969989776611,0.0,0.02179696,0.0035305575,1.000649,0.076399006,0.025924517,7.1505533e-06,-0.009632826,0.016349316,0.008363724,-0.07072386,-0.06673397,-0.004717074,0.093375,0.04967145,1.0,,,,,,,,,,,,,,,,,,,,,,,,,,,,,,,,,,,,,,,,,,,,
250.0,-0.003244257458989426,0.08508342504501343,0.0006490230443887413,1.0833849906921387,0.0,0.02211799,0.003640216,1.000649,0.07704683,0.026318058,6.871691e-06,-0.009469509,0.016533136,0.008456469,0.038796395,0.04446559,0.021582494,0.09375,0.049869895,1.0,,,,,,,,,,,,,,,,,,,,,,,,,,,,,,,,,,,,,,,,,,,,
251.0,-0.0032452740988423504,0.08517061173915863,0.0006490230443887413,1.0799614191055298,0.0,0.022441747,0.0037514868,1.000649,0.07770202,0.026704963,6.877225e-06,-0.009766579,0.016257763,0.0084319115,-0.070716456,-0.06672925,-0.00471842,0.094125,0.050068326,1.0,,,,,,,,,,,,,,,,,,,,,,,,,,,,,,,,,,,,,,,,,,,,
252.0,-0.0032462746832384315,0.08525483310222626,0.0006490469095297158,1.0765262842178345,0.0,0.022768188,0.0038644194,1.000649,0.07834571,0.027103808,6.943823e-06,-0.009603262,0.016441584,0.008524418,0.03879354,0.04448151,0.021576514,0.0945,0.050266746,1.0,,,,,,,,,,,,,,,,,,,,,,,,,,,,,,,,,,,,,,,,,,,,
253.0,-0.0032472547887520313,0.08533616364002228,0.0006490945816040039,1.0730797052383423,0.0,0.023097342,0.003978986,1.0006491,0.07899678,0.02749601,6.8698673e-06,-0.0099003315,0.01616621,0.008499861,-0.07070906,-0.066724524,-0.004719761,0.094875,0.050465155,1.0,,,,,,,,,,,,,,,,,,,,,,,,,,,,,,,,,,,,,,,,,,,,
254.0,-0.00324821756820997,0.08541454374790192,0.000649142253678292,1.0696218013763428,0.0,0.02342916,0.004095237,1.0006491,0.07963632,0.027900146,6.5845693e-06,-0.009737253,0.01635027,0.008592367,0.03879069,0.04449742,0.021570532,0.09525,0.05066355,1.0,,,,,,,,,,,,,,,,,,,,,,,,,,,,,,,,,,,,,,,,,,,,
255.0,-0.0032491598723696823,0.08549002557992935,0.000649142253678292,1.0661529302597046,0.0,0.023763673,0.0042131436,1.0006491,0.080283254,0.028297644,6.594704e-06,-0.010034084,0.016074657,0.0085680485,-0.070701666,-0.0667198,-0.0047210967,0.095625,0.050861932,1.0,,,,,,,,,,,,,,,,,,,,,,,,,,,,,,,,,,,,,,,,,,,,
256.0,-0.0032500861361527203,0.0855625718832016,0.0006492137908935547,1.0626732110977173,0.0,0.024100835,0.004332756,1.0006491,0.08091868,0.028707076,6.6548687e-06,-0.009871006,0.016258717,0.008660555,0.038787838,0.044513322,0.021564543,0.096,0.051060304,1.0,,,,,,,,,,,,,,,,,,,,,,,,,,,,,,,,,,,,,,,,,,,,
257.0,-0.003250991574835359,0.08563224226236343,0.0006492137908935547,1.0591827630996704,0.0,0.024440674,0.0044540474,1.0006492,0.08156149,0.029109862,6.5855115e-06,-0.010167837,0.015983343,0.008635998,-0.07069428,-0.066715084,-0.004722427,0.096375,0.05125866,1.0,,,,,,,,,,,,,,,,,,,,,,,,,,,,,,,,,,,,,,,,,,,,
258.0,-0.003251880455839933,0.08569899201393127,0.0006492614629678428,1.055681824684143,0.0,0.024783144,0.0045770663,1.0006492,0.082192786,0.029524578,6.293785e-06,-0.010004759,0.016167402,0.008728266,0.038784172,0.04452869,0.02150739,0.09675,0.051457006,1.0,,,,,,,,,,,,,,,,,,,,,,,,,,,,,,,,,,,,,,,,,,,,
259.0,-0.0032527491184549265,0.0857628807425499,0.0006492614629678428,1.0521703958511353,0.0,0.025128275,0.0047017857,1.0006492,0.08283147,0.029932652,6.3085154e-06,-0.01030159,0.015892029,0.00870347,-0.070687726,-0.066710874,-0.0047749016,0.097125,0.051655337,1.0,,,,,,,,,,,,,,,,,,,,,,,,,,,,,,,,,,,,,,,,,,,,
260.0,-0.0032536007832655403,0.08582384884357452,0.0006492614629678428,1.048648715019226,0.0,0.02547602,0.004828255,1.0006492,0.08345865,0.030352654,6.3622565e-06,-0.010138512,0.016076326,0.008795738,0.03878134,0.044544563,0.021501416,0.0975,0.051853657,1.0,,,,,,,,,,,,,,,,,,,,,,,,,,,,,,,,,,,,,,,,,,,,
261.0,-0.0032544323961090755,0.08588195592164993,0.0006493330001831055,1.0451172590255737,0.0,0.025826408,0.004956447,1.0006492,0.08409322,0.03076601,6.297493e-06,-0.010435343,0.015800953,0.008771181,-0.07068038,-0.06670613,-0.004776198,0.097875,0.05205196,1.0,,,,,,,,,,,,,,,,,,,,,,,,,,,,,,,,,,,,,,,,,,,,
262.0,-0.0032550479663442954,0.08593723922967911,0.0006493806722573936,1.0415759086608887,0.0,0.026179392,0.005086411,1.0006493,0.08471628,0.031191293,6.36721e-06,-0.0102722645,0.01598525,0.008863211,0.03877785,0.04455998,0.02145334,0.09825,0.052250255,1.0,,,,,,,,,,,,,,,,,,,,,,,,,,,,,,,,,,,,,,,,,,,,
263.0,-0.0032556437405464865,0.08598963171243668,0.0006493806722573936,1.03802490234375,0.0,0.026535003,0.005218119,1.0006493,0.085346736,0.031609923,5.9323793e-06,-0.010569096,0.015709877,0.008838415,-0.07067371,-0.066701815,-0.004819578,0.098625,0.052448537,1.0,,,,,,,,,,,,,,,,,,,,,,,,,,,,,,,,,,,,,,,,,,,,
264.0,-0.0032562218039910253,0.08603920042514801,0.0006493806722573936,1.0344644784927368,0.0,0.026893193,0.0053516207,1.0006493,0.085965686,0.03204048,6.0862344e-06,-0.010406017,0.015894175,0.008930206,0.038775034,0.044575825,0.021447377,0.099,0.0526468,1.0,,,,,,,,,,,,,,,,,,,,,,,,,,,,,,,,,,,,,,,,,,,,
265.0,-0.003256780651091958,0.08608591556549072,0.0006494283443316817,1.0308947563171387,0.0,0.027253995,0.005486889,1.0006493,0.08659204,0.03246439,6.001074e-06,-0.010702848,0.015618801,0.008905411,-0.070666395,-0.06669705,-0.0048208446,0.099375,0.052845057,1.0,,,,,,,,,,,,,,,,,,,,,,,,,,,,,,,,,,,,,,,,,,,,
266.0,-0.00325732232439907,0.08612985908985138,0.0006494998815469444,1.0273159742355347,0.0,0.027617356,0.0056239734,1.0006493,0.087206885,0.03290022,6.070238e-06,-0.01053977,0.015803099,0.008996487,0.038768698,0.0445892,0.021214534,0.09975,0.053043295,1.0,,,,,,,,,,,,,,,,,,,,,,,,,,,,,,,,,,,,,,,,,,,,
267.0,-0.0032578437518476,0.08617096394300461,0.0006494998815469444,1.0237281322479248,0.0,0.02798331,0.0057628457,1.0006495,0.08782913,0.033329397,6.0064863e-06,-0.010836601,0.015527964,0.008970737,-0.07066267,-0.06669468,-0.00504893,0.100125,0.053241525,1.0,,,,,,,,,,,,,,,,,,,,,,,,,,,,,,,,,,,,,,,,,,,,
268.0,-0.0032583484846640206,0.08620931208133698,0.0006494998815469444,1.0201318264007568,0.0,0.02835181,0.005903556,1.0006495,0.08843987,0.033770494,5.7000984e-06,-0.0106732845,0.015712261,0.009061813,0.03876597,0.044604957,0.021208663,0.1005,0.053439736,1.0,,,,,,,,,,,,,,,,,,,,,,,,,,,,,,,,,,,,,,,,,,,,
269.0,-0.003258833614457285,0.08624489605426788,0.0006495475536212325,1.016526699066162,0.0,0.028722884,0.006046077,1.0006495,0.08905801,0.03420494,5.725984e-06,-0.010970354,0.015437126,0.009036064,-0.07065549,-0.06668978,-0.0050500836,0.100875,0.053637937,1.0,,,,,,,,,,,,,,,,,,,,,,,,,,,,,,,,,,,,,,,,,,,,
270.0,-0.003259302308545011,0.08627771586179733,0.0006495952839031816,1.0129132270812988,0.0,0.029096488,0.006190457,1.0006495,0.08966465,0.0346513,5.763769e-06,-0.010807037,0.015621662,0.009126902,0.038763247,0.044620704,0.021202788,0.10125,0.053836126,1.0,,,,,,,,,,,,,,,,,,,,,,,,,,,,,,,,,,,,,,,,,,,,
271.0,-0.0032597511418164123,0.08630780130624771,0.0006496190908364952,1.0092915296554565,0.0,0.02947265,0.00633667,1.0006495,0.0902787,0.03509101,5.710462e-06,-0.011104107,0.015346527,0.009101391,-0.070648305,-0.06668489,-0.0050512315,0.101625,0.054034296,1.0,,,,,,,,,,,,,,,,,,,,,,,,,,,,,,,,,,,,,,,,,,,,
272.0,-0.003260182558468455,0.08633514493703842,0.0006496190908364952,1.0056618452072144,0.0,0.029851321,0.006484764,1.0006496,0.09088125,0.035542633,5.76416e-06,-0.01094079,0.015531063,0.009192228,0.03876052,0.044636443,0.021196907,0.102,0.05423246,1.0,,,,,,,,,,,,,,,,,,,,,,,,,,,,,,,,,,,,,,,,,,,,
273.0,-0.0032605945324199865,0.08635980635881424,0.0006496190908364952,1.0020242929458618,0.0,0.030232534,0.006634712,1.0006496,0.09149121,0.035987593,5.340799e-06,-0.011237621,0.015255928,0.009166479,-0.07064113,-0.06668,-0.005052374,0.102375,0.054430604,1.0,,,,,,,,,,,,,,,,,,,,,,,,,,,,,,,,,,,,,,,,,,,,
274.0,-0.0032609896846494957,0.08638175576925278,0.0006497144931927323,0.9983789920806885,0.0,0.03061624,0.0067865644,1.0006496,0.09208967,0.036444474,5.47864e-06,-0.011074543,0.015440464,0.009257317,0.038757797,0.04465218,0.021191023,0.10275,0.054628737,1.0,,,,,,,,,,,,,,,,,,,,,,,,,,,,,,,,,,,,,,,,,,,,
275.0,-0.003261365618220032,0.08640103042125702,0.0006497144931927323,0.9947261214256287,0.0,0.031002473,0.006940292,1.0006496,0.092695534,0.036894694,5.404946e-06,-0.011371374,0.015165329,0.009231806,-0.07063396,-0.06667511,-0.005053512,0.103125,0.054826856,1.0,,,,,,,,,,,,,,,,,,,,,,,,,,,,,,,,,,,,,,,,,,,,
276.0,-0.0032617247088557637,0.08641760796308517,0.0006497383001260459,0.9910659790039062,0.0,0.03139118,0.0070959455,1.0006496,0.09328991,0.037356827,5.4581046e-06,-0.011208296,0.015349865,0.009322405,0.03875507,0.044667907,0.021185135,0.1035,0.055024963,1.0,,,,,,,,,,,,,,,,,,,,,,,,,,,,,,,,,,,,,,,,,,,,
277.0,-0.003262064311954771,0.08643155544996262,0.0006497383001260459,0.9873988032341003,0.0,0.031782396,0.007253497,1.0006497,0.0938917,0.0378123,5.4058155e-06,-0.011505127,0.015074968,0.009296894,-0.070626795,-0.066670224,-0.005054644,0.103875,0.055223055,1.0,,,,,,,,,,,,,,,,,,,,,,,,,,,,,,,,,,,,,,,,,,,,
278.0,-0.0032623869537582095,0.08644284307956696,0.0006497859722003341,0.9837244749069214,0.0,0.03217607,0.0074129957,1.0006497,0.09448199,0.038279675,5.0834315e-06,-0.01134181,0.015259504,0.009387493,0.038752347,0.044683624,0.021179242,0.10425,0.055421133,1.0,,,,,,,,,,,,,,,,,,,,,,,,,,,,,,,,,,,,,,,,,,,,
279.0,-0.0032626909113198056,0.08645153045654297,0.0006498337024822831,0.9800434708595276,0.0,0.032572236,0.007574414,1.0006497,0.0950797,0.038740393,5.1207758e-06,-0.011638641,0.014984608,0.009361982,-0.070619635,-0.066665344,-0.005055771,0.104625,0.055619195,1.0,,,,,,,,,,,,,,,,,,,,,,,,,,,,,,,,,,,,,,,,,,,,
280.0,-0.0032629775802090074,0.08645759522914886,0.0006498337024822831,0.9763559103012085,0.0,0.032970846,0.0077378014,1.0006497,0.09566592,0.039213017,5.1425727e-06,-0.011475563,0.015169144,0.00945282,0.038749624,0.044699337,0.021173345,0.105,0.055817246,1.0,,,,,,,,,,,,,,,,,,,,,,,,,,,,,,,,,,,,,,,,,,,,
281.0,-0.003263245330236282,0.08646105974912643,0.0006498575094155967,0.9726620316505432,0.0,0.033371925,0.007903131,1.0006497,0.09625956,0.03967898,5.1007214e-06,-0.011772394,0.014894247,0.009427309,-0.07061248,-0.06666046,-0.005056893,0.105375,0.056015283,1.0,,,,,,,,,,,,,,,,,,,,,,,,,,,,,,,,,,,,,,,,,,,,
282.0,-0.003263496435056277,0.08646192401647568,0.0006499051814898849,0.9689618945121765,0.0,0.033775434,0.00807045,1.0006498,0.0968417,0.04015684,5.13844e-06,-0.011609077,0.015079021,0.009517908,0.038746897,0.044715043,0.021167444,0.10575,0.056213304,1.0,,,,,,,,,,,,,,,,,,,,,,,,,,,,,,,,,,,,,,,,,,,,
283.0,-0.0032637285661692205,0.08646022528409958,0.0006499529117718339,0.9652556777000427,0.0,0.034181397,0.008239734,1.0006498,0.09743126,0.04062804,4.726531e-06,-0.011905909,0.014804125,0.009492397,-0.07060534,-0.066655576,-0.0050580096,0.106125,0.05641131,1.0,,,,,,,,,,,,,,,,,,,,,,,,,,,,,,,,,,,,,,,,,,,,
284.0,-0.0032639431421741397,0.08645596355199814,0.0006499529117718339,0.9615435600280762,0.0,0.034589767,0.00841103,1.0006498,0.09800934,0.041111138,4.8484026e-06,-0.01174283,0.014988899,0.0095825195,0.038742617,0.044729467,0.021055644,0.1065,0.056609306,1.0,,,,,,,,,,,,,,,,,,,,,,,,,,,,,,,,,,,,,,,,,,,,
285.0,-0.003264139136382664,0.08644916117191315,0.0006499529117718339,0.957825779914856,0.0,0.03500058,0.008584312,1.0006498,0.09859484,0.041587576,4.786156e-06,-0.012039661,0.014714003,0.009556532,-0.07059978,-0.06665195,-0.0051649897,0.106875,0.056807287,1.0,,,,,,,,,,,,,,,,,,,,,,,,,,,,,,,,,,,,,,,,,,,,
286.0,-0.0032643189403439702,0.08643984794616699,0.000650000583846122,0.9541023373603821,0.0,0.035413783,0.008759628,1.0006498,0.09916885,0.042075906,4.8233537e-06,-0.011876345,0.014899015,0.009646654,0.038739935,0.04474512,0.021049783,0.10725,0.057005253,1.0,,,,,,,,,,,,,,,,,,,,,,,,,,,,,,,,,,,,,,,,,,,,
287.0,-0.0032644801387449207,0.08642800152301788,0.0006500243907794356,0.9503737688064575,0.0,0.03582941,0.008936952,1.0006498,0.099750295,0.042557575,4.7825083e-06,-0.012173176,0.014624119,0.0096206665,-0.070592694,-0.06664701,-0.0051660477,0.107625,0.057203203,1.0,,,,,,,,,,,,,,,,,,,,,,,,,,,,,,,,,,,,,,,,,,,,
288.0,-0.0032646239880170696,0.0864136591553688,0.0006500243907794356,0.9466399550437927,0.0,0.03624741,0.009116331,1.0006499,0.10032025,0.043051135,4.812036e-06,-0.0120100975,0.014809132,0.009710789,0.038737252,0.04476077,0.021043915,0.108,0.05740114,1.0,,,,,,,,,,,,,,,,,,,,,,,,,,,,,,,,,,,,,,,,,,,,
289.0,-0.003264749772567075,0.08639683574438095,0.0006500721210613847,0.9429012537002563,0.0,0.036667816,0.00929774,1.0006499,0.100897625,0.043538023,4.4066655e-06,-0.012306929,0.014534235,0.0096850395,-0.070585616,-0.066642076,-0.005167101,0.108375,0.057599064,1.0,,,,,,,,,,,,,,,,,,,,,,,,,,,,,,,,,,,,,,,,,,,,
290.0,-0.0032648581020732993,0.08637752383947372,0.0006501197931356728,0.9391577243804932,0.0,0.037090585,0.009481226,1.0006499,0.10146353,0.04403681,4.5190527e-06,-0.012143612,0.014719248,0.009774923,0.03873457,0.044776414,0.021038042,0.10875,0.057796974,1.0,,,,,,,,,,,,,,,,,,,,,,,,,,,,,,,,,,,,,,,,,,,,
291.0,-0.003264948354922103,0.08635576069355011,0.0006501197931356728,0.9354097247123718,0.0,0.037515737,0.009666763,1.0006499,0.10203686,0.044528928,4.4636477e-06,-0.012440443,0.014444351,0.009749174,-0.070578545,-0.06663714,-0.005168149,0.109125,0.057994865,1.0,,,,,,,,,,,,,,,,,,,,,,,,,,,,,,,,,,,,,,,,,,,,
292.0,-0.0032650222380024387,0.0863315537571907,0.0006501197931356728,0.9316572546958923,0.0,0.037943233,0.0098544005,1.0006499,0.10259871,0.04503293,4.491294e-06,-0.012277126,0.014629602,0.009839058,0.038731888,0.044792052,0.021032166,0.1095,0.058192745,1.0,,,,,,,,,,,,,,,,,,,,,,,,,,,,,,,,,,,,,,,,,,,,
293.0,-0.0032650772265496704,0.0863049179315567,0.0006501197931356728,0.9279005527496338,0.0,0.038373098,0.01004411,1.0006499,0.103167996,0.045530267,4.4573053e-06,-0.012573957,0.014354706,0.009813309,-0.070571475,-0.06663221,-0.005169192,0.109875,0.05839061,1.0,,,,,,,,,,,,,,,,,,,,,,,,,,,,,,,,,,,,,,,,,,,,
294.0,-0.0032651158422557732,0.08627582341432571,0.0006502390024252236,0.924139678478241,0.0,0.038805287,0.010235942,1.0006499,0.1037258,0.04603949,4.4772823e-06,-0.012410879,0.014539957,0.009901524,0.038722817,0.044801965,0.020577092,0.11025,0.05858846,1.0,,,,,,,,,,,,,,,,,,,,,,,,,,,,,,,,,,,,,,,,,,,,
295.0,-0.0032651360506063152,0.0862443819642067,0.0006502390024252236,0.920374870300293,0.0,0.039239835,0.010429867,1.00065,0.104291044,0.04654204,4.446631e-06,-0.01270771,0.01426506,0.009873629,-0.07057094,-0.06663285,-0.005619323,0.110625,0.058786295,1.0,,,,,,,,,,,,,,,,,,,,,,,,,,,,,,,,,,,,,,,,,,,,
296.0,-0.0032651395766990854,0.08621052652597427,0.0006502390024252236,0.9166064262390137,0.0,0.03967669,0.010625935,1.00065,0.10484479,0.047056466,4.0953178e-06,-0.012544394,0.014450312,0.0099618435,0.03872031,0.044817444,0.020571409,0.111,0.058984116,1.0,,,,,,,,,,,,,,,,,,,,,,,,,,,,,,,,,,,,,,,,,,,,
297.0,-0.003265124869564534,0.08617430925369263,0.0006502390024252236,0.9128344058990479,0.0,0.040115878,0.01082412,1.00065,0.105406,0.04756423,4.1533e-06,-0.012841225,0.014175653,0.009934187,-0.07056411,-0.06662767,-0.005620152,0.111375,0.059181925,1.0,,,,,,,,,,,,,,,,,,,,,,,,,,,,,,,,,,,,,,,,,,,,
298.0,-0.0032650939585210843,0.08613570034503937,0.0006502866744995117,0.9090591669082642,0.0,0.040557362,0.0110244695,1.00065,0.10595573,0.04808387,4.1464145e-06,-0.012677908,0.014360666,0.010022163,0.038717806,0.04483291,0.02056572,0.11175,0.059379715,1.0,,,,,,,,,,,,,,,,,,,,,,,,,,,,,,,,,,,,,,,,,,,,
299.0,-0.0032650445526154724,0.08609475940465927,0.0006502866744995117,0.9052805304527283,0.0,0.041001167,0.011226956,1.00065,0.1065129,0.04859684,4.12514e-06,-0.012974739,0.0140862465,0.009994507,-0.070557304,-0.06662248,-0.005620977,0.112125,0.05957749,1.0,,,,,,,,,,,,,,,,,,,,,,,,,,,,,,,,,,,,,,,,,,,,
300.0,-0.003264979422982333,0.08605147898197174,0.0006503343465737998,0.9014989137649536,0.0,0.041447245,0.01143163,1.00065,0.107058585,0.04912169,4.1342046e-06,-0.012811661,0.014271259,0.010082483,0.0387153,0.04484837,0.020560028,0.1125,0.059775252,1.0,,,,,,,,,,,,,,,,,,,,,,,,,,,,,,,,,,,,,,,,,,,,
301.0,-0.003264895610378313,0.08600590378046036,0.0006503582117147744,0.8977144956588745,0.0,0.041895624,0.011638463,1.00065,0.10761172,0.049639862,4.1107255e-06,-0.013108492,0.0139968395,0.010054827,-0.070550494,-0.066617295,-0.005621796,0.112875,0.059973,1.0,,,,,,,,,,,,,,,,,,,,,,,,,,,,,,,,,,,,,,,,,,,,
302.0,-0.003264571930453576,0.08595798909664154,0.0006504058837890625,0.8939273357391357,0.0,0.042346265,0.0118475035,1.0006502,0.10815339,0.050169908,4.1176672e-06,-0.012945175,0.014182091,0.010142803,0.038712796,0.044863828,0.020554332,0.11325,0.060170732,1.0,,,,,,,,,,,,,,,,,,,,,,,,,,,,,,,,,,,,,,,,,,,,
303.0,-0.003264114608015006,0.08590777963399887,0.0006504058837890625,0.8901376724243164,0.0,0.04279919,0.012058726,1.0006502,0.108702496,0.050693274,3.7283605e-06,-0.012794018,0.013907433,0.010115147,0.036957767,-0.06552171,-0.007147384,0.113625,0.06036845,1.0,,,,,,,,,,,,,,,,,,,,,,,,,,,,,,,,,,,,,,,,,,,,
304.0,-0.003263641176016472,0.08585534244775772,0.0006504058837890625,0.8863457441329956,0.0,0.04325436,0.012272102,1.0006502,0.10924032,0.051210206,4.0568675e-06,-0.012350321,0.013695955,0.01020813,0.10699332,-0.049694136,0.020850975,0.114,0.06056615,1.0,,,,,,,,,,,,,,,,,,,,,,,,,,,,,,,,,,,,,,,,,,,,
305.0,-0.0032630813802492177,0.0858006477355957,0.0006504535558633506,0.8825517296791077,0.0,0.043711733,0.012487555,1.0006502,0.1097695,0.05170883,4.3272075e-06,-0.012366533,0.013024569,0.010185242,-0.0022530414,-0.16113359,-0.0054457476,0.114375,0.060763836,1.0,,,,,,,,,,,,,,,,,,,,,,,,,,,,,,,,,,,,,,,,,,,,
306.0,-0.0032625046178309733,0.08574381470680237,0.0006505012279376388,0.878755509853363,0.0,0.044171195,0.012705087,1.0006502,0.110271096,0.052207697,4.6221858e-06,-0.011922836,0.01281333,0.010278225,0.1069533,-0.049637195,0.020919606,0.11475,0.060961507,1.0,,,,,,,,,,,,,,,,,,,,,,,,,,,,,,,,,,,,,,,,,,,,
307.0,-0.00326190979104249,0.08568481355905533,0.0006505250930786133,0.8749576807022095,0.0,0.04463271,0.012924622,1.0006502,0.11076406,0.052688267,4.884795e-06,-0.011939287,0.01214242,0.01025486,-0.0022627313,-0.16107218,-0.0055216616,0.115125,0.061159164,1.0,,,,,,,,,,,,,,,,,,,,,,,,,,,,,,,,,,,,,,,,,,,,
308.0,-0.0032612986381805745,0.08562365919351578,0.0006505250930786133,0.8711580038070679,0.0,0.045096166,0.013146159,1.0006503,0.111229464,0.053169087,5.157474e-06,-0.011495829,0.011931181,0.010347605,0.10691324,-0.049580317,0.020988189,0.1155,0.061356805,1.0,,,,,,,,,,,,,,,,,,,,,,,,,,,,,,,,,,,,,,,,,,,,
309.0,-0.0032606694367813133,0.08556041121482849,0.0006505250930786133,0.8673568367958069,0.0,0.045561526,0.0133696245,1.0006503,0.11168625,0.05363161,5.041871e-06,-0.0115122795,0.0112605095,0.01032424,-0.0022723598,-0.16101079,-0.0055975174,0.115875,0.06155443,1.0,,,,,,,,,,,,,,,,,,,,,,,,,,,,,,,,,,,,,,,,,,,,
310.0,-0.0032605073348588804,0.08549512922763824,0.0006505727651529014,0.8635543584823608,0.0,0.046028674,0.013595018,1.0006503,0.11211552,0.0540944,5.379214e-06,-0.011069059,0.011049509,0.010416985,0.106873125,-0.049523506,0.021056725,0.11625,0.06175204,1.0,,,,,,,,,,,,,,,,,,,,,,,,,,,,,,,,,,,,,,,,,,,,
311.0,-0.003259869339865281,0.08542777597904205,0.0006505727651529014,0.8597506284713745,0.0,0.046497576,0.013822263,1.0006503,0.11253618,0.05453891,5.600784e-06,-0.011085749,0.010993004,0.010386229,-0.0038348539,-0.013607103,-0.007304321,0.116625,0.061949633,1.0,,,,,,,,,,,,,,,,,,,,,,,,,,,,,,,,,,,,,,,,,,,,
312.0,-0.00325967459524295,0.08535845577716827,0.0006506443023681641,0.8559457659721375,0.0,0.046968218,0.014051363,1.0006503,0.11295442,0.05498394,5.5667556e-06,-0.0106425285,0.01047945,0.010482073,0.10761289,-0.1221095,0.02186499,0.117,0.062147215,1.0,,,,,,,,,,,,,,,,,,,,,,,,,,,,,,,,,,,,,,,,,,,,
313.0,-0.003259004077389705,0.08528707921504974,0.0006506443023681641,0.8521400094032288,0.0,0.047440518,0.0142822405,1.0006504,0.11335172,0.055410575,5.9968365e-06,-0.010659218,0.010423183,0.010451555,-0.0038457783,-0.0135629885,-0.0073163183,0.117375,0.06234478,1.0,,,,,,,,,,,,,,,,,,,,,,,,,,,,,,,,,,,,,,,,,,,,
314.0,-0.003258775787848254,0.08521376550197601,0.0006506919744424522,0.8483335971832275,0.0,0.047914464,0.014514898,1.0006504,0.113746606,0.055837736,5.5448577e-06,-0.010216236,0.009909868,0.010547161,0.10759205,-0.12207125,0.021869082,0.11775,0.06254233,1.0,,,,,,,,,,,,,,,,,,,,,,,,,,,,,,,,,,,,,,,,,,,,
315.0,-0.0032580727919043284,0.08513845503330231,0.0006506919744424522,0.8445262312889099,0.0,0.048389964,0.014749258,1.0006504,0.11412056,0.056246508,6.053231e-06,-0.010232925,0.009853601,0.010516405,-0.0038566976,-0.013518892,-0.007328288,0.118125,0.06273986,1.0,,,,,,,,,,,,,,,,,,,,,,,,,,,,,,,,,,,,,,,,,,,,
316.0,-0.0032578126209922855,0.0850611999630928,0.0006506919744424522,0.8407185077667236,0.0,0.048867017,0.014985324,1.0006504,0.11449212,0.056655817,5.949646e-06,-0.009790182,0.009340525,0.010611773,0.10757122,-0.12203303,0.021873167,0.1185,0.06293737,1.0,,,,,,,,,,,,,,,,,,,,,,,,,,,,,,,,,,,,,,,,,,,,
317.0,-0.0032570777764548892,0.08498203754425049,0.0006507158395834267,0.8369101881980896,0.0,0.049345527,0.015223019,1.0006504,0.11484276,0.057046738,6.356496e-06,-0.009806871,0.009284496,0.010581017,-0.003867612,-0.013474813,-0.007340232,0.118875,0.06313487,1.0,,,,,,,,,,,,,,,,,,,,,,,,,,,,,,,,,,,,,,,,,,,,
318.0,-0.0032567853750977522,0.08490099012851715,0.000650811183732003,0.833101749420166,0.0,0.04982549,0.0154623445,1.0006505,0.11519102,0.057438202,6.2756253e-06,-0.009364128,0.0087714195,0.010676146,0.1075504,-0.12199483,0.021877246,0.11925,0.06333236,1.0,,,,,,,,,,,,,,,,,,,,,,,,,,,,,,,,,,,,,,,,,,,,
319.0,-0.0032560193388601194,0.08481799066066742,0.000650811183732003,0.8292929530143738,0.0,0.050306816,0.015703226,1.0006505,0.11551837,0.057811286,6.2894997e-06,-0.009380817,0.00871563,0.01064539,-0.0038785215,-0.013430751,-0.0073521486,0.119625,0.06352983,1.0,,,,,,,,,,,,,,,,,,,,,,,,,,,,,,,,,,,,,,,,,,,,
320.0,-0.003255695124925683,0.08473313599824905,0.000650811183732003,0.8254840970039368,0.0,0.050789498,0.015945662,1.0006505,0.11584335,0.058184925,6.299761e-06,-0.0089383125,0.008202791,0.01074028,0.107529566,-0.121956654,0.021881321,0.12,0.06372728,1.0,,,,,,,,,,,,,,,,,,,,,,,,,,,,,,,,,,,,,,,,,,,,
321.0,-0.0032548971445245114,0.08464647829532623,0.000650811183732003,0.8216754198074341,0.0,0.051273443,0.016189579,1.0006505,0.11614744,0.058540188,6.6404195e-06,-0.008955002,0.00814724,0.010709524,-0.0038894261,-0.013386707,-0.0073640384,0.120375,0.06392472,1.0,,,,,,,,,,,,,,,,,,,,,,,,,,,,,,,,,,,,,,,,,,,,
322.0,-0.003254542725426587,0.08455793559551239,0.0006508827209472656,0.8178667426109314,0.0,0.05175865,0.016434979,1.0006505,0.116449185,0.05889601,6.572897e-06,-0.008512497,0.0076344013,0.010804176,0.10750874,-0.12191851,0.021885391,0.12075,0.06412214,1.0,,,,,,,,,,,,,,,,,,,,,,,,,,,,,,,,,,,,,,,,,,,,
323.0,-0.0032537135612961945,0.08446762710809708,0.0006508827209472656,0.8140584826469421,0.0,0.052245025,0.016681785,1.0006506,0.11673004,0.059233464,6.912106e-06,-0.008529425,0.007579088,0.01077342,-0.0039003256,-0.01334268,-0.0073759016,0.121125,0.06431954,1.0,,,,,,,,,,,,,,,,,,,,,,,,,,,,,,,,,,,,,,,,,,,,
324.0,-0.00325332717665035,0.08437548577785492,0.0006509303930215538,0.8102505207061768,0.0,0.05273256,0.01693,1.0006506,0.11700856,0.05957148,6.4759406e-06,-0.008087158,0.00706625,0.010867834,0.107487924,-0.12188038,0.021889457,0.1215,0.06451694,1.0,,,,,,,,,,,,,,,,,,,,,,,,,,,,,,,,,,,,,,,,,,,,
325.0,-0.0032524682910202046,0.08428160846233368,0.0006509303930215538,0.8064432740211487,0.0,0.05322117,0.017179547,1.0006506,0.117266215,0.059891135,6.881994e-06,-0.0081038475,0.007011175,0.01083684,-0.0039112205,-0.013298672,-0.0073877377,0.121875,0.06471431,1.0,,,,,,,,,,,,,,,,,,,,,,,,,,,,,,,,,,,,,,,,,,,,
326.0,-0.003252051499220761,0.08418595045804977,0.0006509542581625283,0.8026365041732788,0.0,0.05371084,0.017430427,1.0006506,0.11752155,0.060211368,6.796978e-06,-0.0076618195,0.006498575,0.010931015,0.10746711,-0.12184228,0.021893516,0.12225,0.06491166,1.0,,,,,,,,,,,,,,,,,,,,,,,,,,,,,,,,,,,,,,,,,,,,
327.0,-0.0032862448455155133,0.08408857882022858,0.0006510019302368164,0.7988305687904358,0.0,0.05420149,0.017682565,1.0006508,0.117756024,0.06051324,7.1009426e-06,-0.007678747,0.0064435005,0.010900259,-0.00392211,-0.013254681,-0.007399548,0.122625,0.06510901,1.0,,,,,,,,,,,,,,,,,,,,,,,,,,,,,,,,,,,,,,,,,,,,
328.0,-0.003399953043181223,0.08398944139480591,0.0006510019302368164,0.7950254082679749,0.0,0.05469311,0.017935965,1.0006508,0.117988184,0.06081569,6.670926e-06,-0.0072364807,0.005931139,0.010994196,0.10744629,-0.12180421,0.021897571,0.123,0.065306336,1.0,,,,,,,,,,,,,,,,,,,,,,,,,,,,,,,,,,,,,,,,,,,,
329.0,-0.0035131570874764083,0.08388866484165192,0.0006510019302368164,0.7912212610244751,0.0,0.05518561,0.018190546,1.0006508,0.11819952,0.061099794,7.0362307e-06,-0.007253647,0.0058763027,0.0109632015,-0.0039329953,-0.013210707,-0.007411331,0.123375,0.06550364,1.0,,,,,,,,,,,,,,,,,,,,,,,,,,,,,,,,,,,,,,,,,,,,
330.0,-0.0036267734854401414,0.08378617465496063,0.0006510734674520791,0.7874181866645813,0.0,0.05567898,0.018446315,1.0006508,0.118408546,0.061384484,6.9586827e-06,-0.006811619,0.005363941,0.0110569,0.10742547,-0.12176616,0.021901619,0.12375,0.06570093,1.0,,,,,,,,,,,,,,,,,,,,,,,,,,,,,,,,,,,,,,,,,,,,
331.0,-0.0037398785470503315,0.08368201553821564,0.0006511211395263672,0.7836163640022278,0.0,0.05617313,0.018703194,1.0006509,0.118596755,0.061650828,7.221623e-06,-0.0068285465,0.0053093433,0.011025906,-0.0039438754,-0.013166752,-0.007423087,0.124125,0.06589821,1.0,,,,,,,,,,,,,,,,,,,,,,,,,,,,,,,,,,,,,,,,,,,,
332.0,-0.0038533895943278834,0.08357622474431992,0.0006511211395263672,0.7798157930374146,0.0,0.056668058,0.018961186,1.0006509,0.11878267,0.061917767,6.799157e-06,-0.006386757,0.00479722,0.011119366,0.107404664,-0.12172814,0.021905662,0.1245,0.066095464,1.0,,,,,,,,,,,,,,,,,,,,,,,,,,,,,,,,,,,,,,,,,,,,
333.0,-0.003966405955043821,0.08346880972385406,0.0006511211395263672,0.7760166525840759,0.0,0.057163674,0.01922021,1.0006509,0.11894778,0.06216637,7.123465e-06,-0.0064036846,0.0047426224,0.011088371,-0.0039547505,-0.013122814,-0.007434817,0.124875,0.06629271,1.0,,,,,,,,,,,,,,,,,,,,,,,,,,,,,,,,,,,,,,,,,,,,
334.0,-0.004079825198868572,0.08335980772972107,0.0006511450046673417,0.7722188830375671,0.0,0.05765997,0.019480277,1.0006509,0.11911062,0.062415574,7.053487e-06,-0.0059621334,0.004273176,0.0111813545,0.107270695,-0.111512415,0.021844521,0.12525,0.066489935,1.0,,,,,,,,,,,,,,,,,,,,,,,,,,,,,,,,,,,,,,,,,,,,
335.0,-0.004192725547624925,0.08324918150901794,0.0006511450046673417,0.7684226632118225,0.0,0.058156863,0.019741302,1.000651,0.1192544,0.06264646,7.268089e-06,-0.005979061,0.0042612553,0.011149883,-0.004080622,-0.0029038147,-0.0075069773,0.125625,0.066687144,1.0,,,,,,,,,,,,,,,,,,,,,,,,,,,,,,,,,,,,,,,,,,,,
336.0,-0.004306017189476553,0.08313701301813126,0.0006511926767416298,0.7646281719207764,0.0,0.058654353,0.020003295,1.000651,0.119397655,0.06287798,6.847681e-06,-0.00553751,0.003791809,0.0112428665,0.10725079,-0.11147926,0.021843942,0.126,0.06688434,1.0,,,,,,,,,,,,,,,,,,,,,,,,,,,,,,,,,,,,,,,,,,,,
337.0,-0.004418781839403416,0.08302326500415802,0.000651240348815918,0.7608355283737183,0.0,0.05915236,0.020266175,1.000651,0.11952186,0.063091196,7.1276027e-06,-0.005554676,0.0037801266,0.011211395,-0.004093021,-0.0028647024,-0.0075139333,0.126375,0.06708151,1.0,,,,,,,,,,,,,,,,,,,,,,,,,,,,,,,,,,,,,,,,,,,,
338.0,-0.004531932452132174,0.08290798962116241,0.0006512642139568925,0.757044792175293,0.0,0.059650883,0.020529946,1.000651,0.11964554,0.06330504,7.0598044e-06,-0.005113125,0.0033106804,0.011303902,0.107230894,-0.11144613,0.021843359,0.12675,0.06727867,1.0,,,,,,,,,,,,,,,,,,,,,,,,,,,,,,,,,,,,,,,,,,,,
339.0,-0.004644555651366343,0.08279119431972504,0.0006512642139568925,0.7532559037208557,0.0,0.06014984,0.020794531,1.0006511,0.1197502,0.06350059,7.2400076e-06,-0.005130291,0.0032989979,0.011272669,-0.0041054175,-0.0028256073,-0.007520867,0.127125,0.06747581,1.0,,,,,,,,,,,,,,,,,,,,,,,,,,,,,,,,,,,,,,,,,,,,
340.0,-0.004757556512017983,0.08267293125391006,0.0006512642139568925,0.7494692206382751,0.0,0.060649235,0.021059934,1.0006511,0.119854346,0.06369678,6.8277313e-06,-0.004688978,0.00282979,0.011364937,0.107211,-0.11141301,0.021842772,0.1275,0.06767294,1.0,,,,,,,,,,,,,,,,,,,,,,,,,,,,,,,,,,,,,,,,,,,,
341.0,-0.00487026688193596,0.08255311846733093,0.0006513118860311806,0.7456846237182617,0.0,0.061148982,0.02132608,1.0006511,0.11993947,0.06387468,7.0718925e-06,-0.0047061443,0.002818346,0.011333466,-0.0041178106,-0.0027865295,-0.0075277784,0.127875,0.06787005,1.0,,,,,,,,,,,,,,,,,,,,,,,,,,,,,,,,,,,,,,,,,,,,
342.0,-0.004983353803573097,0.082431860268116,0.0006513356929644942,0.7419022917747498,0.0,0.061649084,0.021592967,1.0006511,0.12002411,0.06405322,7.012565e-06,-0.004499197,0.0026028156,0.0114245415,0.05027633,-0.051151987,0.021714192,0.12825,0.06806714,1.0,,,,,,,,,,,,,,,,,,,,,,,,,,,,,,,,,,,,,,,,,,,,
343.0,-0.005095900784576363,0.08230912685394287,0.0006513356929644942,0.7381222248077393,0.0,0.0621495,0.021860564,1.0006512,0.120099984,0.06422317,7.0893248e-06,-0.0047507286,0.0028452873,0.011391878,-0.061042544,0.05745364,-0.007660055,0.128625,0.068264216,1.0,,,,,,,,,,,,,,,,,,,,,,,,,,,,,,,,,,,,,,,,,,,,
344.0,-0.005208819993902968,0.08218490332365036,0.0006513834232464433,0.7343446016311646,0.0,0.06265027,0.022128912,1.0006512,0.12018563,0.06440347,6.6288376e-06,-0.0045437813,0.002629757,0.011482954,0.05028812,-0.051143885,0.02171199,0.129,0.06846127,1.0,,,,,,,,,,,,,,,,,,,,,,,,,,,,,,,,,,,,,,,,,,,,
345.0,-0.005321189768603791,0.08205924928188324,0.0006513834232464433,0.7305695414543152,0.0,0.06315137,0.022397975,1.0006512,0.120262526,0.06457517,6.800402e-06,-0.004795313,0.0028719902,0.011450291,-0.06103789,0.057453908,-0.007664198,0.129375,0.068658315,1.0,,,,,,,,,,,,,,,,,,,,,,,,,,,,,,,,,,,,,,,,,,,,
346.0,-0.005433933264730014,0.08193209767341614,0.0006514072301797569,0.7267968654632568,0.0,0.06365282,0.022667797,1.0006512,0.1203492,0.06475722,6.6848615e-06,-0.004588127,0.0026564598,0.011541367,0.050299898,-0.051135786,0.021709783,0.12975,0.06885534,1.0,,,,,,,,,,,,,,,,,,,,,,,,,,,,,,,,,,,,,,,,,,,,
347.0,-0.005546119211871588,0.08180353045463562,0.000651454902254045,0.7230270504951477,0.0,0.0641546,0.02293834,1.0006514,0.12042711,0.06493067,6.7760543e-06,-0.0048396587,0.0028989315,0.011508703,-0.06103324,0.057454176,-0.007668334,0.130125,0.06905234,1.0,,,,,,,,,,,,,,,,,,,,,,,,,,,,,,,,,,,,,,,,,,,,
348.0,-0.005658673515579609,0.08167349547147751,0.000651454902254045,0.7192597985267639,0.0,0.06465675,0.023209652,1.0006514,0.120514795,0.06511447,6.3107423e-06,-0.004632473,0.002683401,0.011599779,0.05031167,-0.051127687,0.02170757,0.1305,0.06924933,1.0,,,,,,,,,,,,,,,,,,,,,,,,,,,,,,,,,,,,,,,,,,,,
349.0,-0.005770667693975703,0.08154195547103882,0.000651454902254045,0.7154954671859741,0.0,0.06515922,0.023481691,1.0006514,0.12059373,0.06528966,6.4846736e-06,-0.0048840046,0.0029256344,0.011567116,-0.061028596,0.05745445,-0.0076724635,0.130875,0.0694463,1.0,,,,,,,,,,,,,,,,,,,,,,,,,,,,,,,,,,,,,,,,,,,,
350.0,-0.005883022320076182,0.08140906691551208,0.000651454902254045,0.7117339968681335,0.0,0.06566206,0.023754505,1.0006514,0.12068243,0.065475196,6.367142e-06,-0.004676819,0.0027103424,0.011658192,0.05032344,-0.051119596,0.021705354,0.13125,0.06964325,1.0,,,,,,,,,,,,,,,,,,,,,,,,,,,,,,,,,,,,,,,,,,,,
351.0,-0.0059948183789140345,0.08127473294734955,0.0006515264394693077,0.707975447177887,0.0,0.06616524,0.024028055,1.0006514,0.120762385,0.06565213,6.4600363e-06,-0.0049283504,0.0029525757,0.011625528,-0.061023954,0.05745472,-0.0076765856,0.131625,0.06984019,1.0,,,,,,,,,,,,,,,,,,,,,,,,,,,,,,,,,,,,,,,,,,,,
352.0,-0.0061069693537991274,0.08113893121480942,0.0006515741115435958,0.7042198777198792,0.0,0.06666879,0.024302386,1.0006515,0.12085211,0.06583941,6.3608145e-06,-0.0047211647,0.0027372837,0.011716366,0.050335202,-0.051111504,0.021703131,0.132,0.07003711,1.0,,,,,,,,,,,,,,,,,,,,,,,,,,,,,,,,,,,,,,,,,,,,
353.0,-0.006218554751921717,0.08100170642137527,0.0006515741115435958,0.7004674673080444,0.0,0.06717268,0.024577461,1.0006515,0.120933086,0.066018075,6.0821017e-06,-0.004972458,0.002979517,0.0116837025,-0.061019316,0.057454992,-0.007680701,0.132375,0.070234016,1.0,,,,,,,,,,,,,,,,,,,,,,,,,,,,,,,,,,,,,,,,,,,,
354.0,-0.0063304909436455795,0.08086308091878891,0.0006515741115435958,0.6967182159423828,0.0,0.06767695,0.024853325,1.0006515,0.12102383,0.06620709,6.069411e-06,-0.004765272,0.002764225,0.011774778,0.050346963,-0.051103417,0.021700904,0.13275,0.0704309,1.0,,,,,,,,,,,,,,,,,,,,,,,,,,,,,,,,,,,,,,,,,,,,
355.0,-0.006441857448444796,0.08072303235530853,0.0006515979766845703,0.6929722428321838,0.0,0.06818155,0.025129938,1.0006515,0.12110582,0.06638749,6.1389237e-06,-0.0050165653,0.0030066967,0.011741877,-0.06101468,0.057455268,-0.0076848096,0.133125,0.070627764,1.0,,,,,,,,,,,,,,,,,,,,,,,,,,,,,,,,,,,,,,,,,,,,
356.0,-0.006553573253837467,0.08058159053325653,0.0006515979766845703,0.6892294883728027,0.0,0.068686545,0.025407348,1.0006516,0.12119759,0.06657823,6.0437587e-06,-0.0048093796,0.0027911663,0.0118329525,0.050358713,-0.051095333,0.021698672,0.1335,0.07082461,1.0,,,,,,,,,,,,,,,,,,,,,,,,,,,,,,,,,,,,,,,,,,,,
357.0,-0.006664715902975527,0.08043874055147171,0.0006515979766845703,0.6854901313781738,0.0,0.06919188,0.025685517,1.0006516,0.1212806,0.06676036,5.765327e-06,-0.0050606728,0.003033638,0.011800289,-0.061010048,0.057455543,-0.007688911,0.133875,0.071021445,1.0,,,,,,,,,,,,,,,,,,,,,,,,,,,,,,,,,,,,,,,,,,,,
358.0,-0.00677620642911061,0.08029448240995407,0.0006516933208331466,0.6817540526390076,0.0,0.0696976,0.025964487,1.0006516,0.121373385,0.06695284,5.7511384e-06,-0.0048532486,0.002818346,0.011891127,0.050370462,-0.051087253,0.021696435,0.13425,0.07121826,1.0,,,,,,,,,,,,,,,,,,,,,,,,,,,,,,,,,,,,,,,,,,,,
359.0,-0.006887118618812646,0.08014883100986481,0.0006516933208331466,0.6780215501785278,0.0,0.07020367,0.026244223,1.0006516,0.12145743,0.0671367,5.822235e-06,-0.00510478,0.0030605793,0.011858463,-0.061005417,0.05745582,-0.0076930057,0.134625,0.07141505,1.0,,,,,,,,,,,,,,,,,,,,,,,,,,,,,,,,,,,,,,,,,,,,
360.0,-0.006998346208260751,0.08000177145004272,0.0006517171859741211,0.6742933988571167,0.0,0.07071014,0.02652477,1.0006516,0.12155124,0.06733089,5.725267e-06,-0.004897356,0.0028452873,0.011949539,0.050382204,-0.051079173,0.021694195,0.135,0.07161183,1.0,,,,,,,,,,,,,,,,,,,,,,,,,,,,,,,,,,,,,,,,,,,,
361.0,-0.007108969277105201,0.079853355884552,0.0006517171859741211,0.6705697178840637,0.0,0.071216956,0.026806086,1.0006517,0.1216363,0.06751647,5.8164146e-06,-0.005148649,0.003087759,0.011916637,-0.06100079,0.0574561,-0.0076970938,0.135375,0.07180859,1.0,,,,,,,,,,,,,,,,,,,,,,,,,,,,,,,,,,,,,,,,,,,,
362.0,-0.007219901939490162,0.07970354706048965,0.0006517171859741211,0.6668505668640137,0.0,0.07172417,0.027088221,1.0006517,0.12173113,0.06771238,5.3461013e-06,-0.004941225,0.002872467,0.012007713,0.05039394,-0.0510711,0.021691948,0.13575,0.07200533,1.0,,,,,,,,,,,,,,,,,,,,,,,,,,,,,,,,,,,,,,,,,,,,
363.0,-0.007330221209800756,0.07955236732959747,0.0006517171859741211,0.6631361842155457,0.0,0.07223174,0.027371138,1.0006517,0.12181722,0.06789968,5.5255196e-06,-0.0051925182,0.0031149387,0.011974812,-0.060996167,0.057456378,-0.0077011744,0.136125,0.07220206,1.0,,,,,,,,,,,,,,,,,,,,,,,,,,,,,,,,,,,,,,,,,,,,
364.0,-0.007440841721908398,0.07939979434013367,0.0006517171859741211,0.6594266295433044,0.0,0.07273971,0.027654877,1.0006517,0.12191307,0.068097316,5.4016905e-06,-0.004985094,0.0028996468,0.012065887,0.05040567,-0.051063027,0.021689696,0.1365,0.07239876,1.0,,,,,,,,,,,,,,,,,,,,,,,,,,,,,,,,,,,,,,,,,,,,
365.0,-0.007550847431842056,0.07924588024616241,0.0006517648580484092,0.65572190284729,0.0,0.07324804,0.027939403,1.0006517,0.12200018,0.06828632,5.500376e-06,-0.005236149,0.0031421185,0.012032986,-0.060991544,0.057456657,-0.0077052484,0.136875,0.07259545,1.0,,,,,,,,,,,,,,,,,,,,,,,,,,,,,,,,,,,,,,,,,,,,
366.0,-0.007661152896570174,0.07909058034420013,0.0006518363952636719,0.6520220637321472,0.0,0.073756784,0.028224759,1.0006517,0.12209706,0.06848567,5.3947874e-06,-0.0050287247,0.0029268265,0.012123823,0.050417397,-0.051054962,0.021687439,0.13725,0.07279212,1.0,,,,,,,,,,,,,,,,,,,,,,,,,,,,,,,,,,,,,,,,,,,,
367.0,-0.007770831873614761,0.07893393933773041,0.0006518363952636719,0.6483274102210999,0.0,0.07426589,0.028510911,1.0006518,0.1221852,0.0686764,5.4898055e-06,-0.005280018,0.0031692982,0.012090921,-0.06098693,0.05745694,-0.0077093155,0.137625,0.07298877,1.0,,,,,,,,,,,,,,,,,,,,,,,,,,,,,,,,,,,,,,,,,,,,
368.0,-0.00788080759467023,0.07877593487501144,0.0006518363952636719,0.6446377635002136,0.0,0.0747754,0.0287979,1.0006518,0.1222831,0.06887745,5.016442e-06,-0.0050723553,0.0029540062,0.012181997,0.050429117,-0.051046897,0.021685177,0.138,0.0731854,1.0,,,,,,,,,,,,,,,,,,,,,,,,,,,,,,,,,,,,,,,,,,,,
369.0,-0.007990150457912593,0.07861660420894623,0.0006518363952636719,0.640953540802002,0.0,0.075285286,0.029085692,1.0006518,0.12237227,0.06906988,5.1984225e-06,-0.0053236485,0.003196478,0.012149096,-0.060982313,0.057457224,-0.007713375,0.138375,0.07338202,1.0,,,,,,,,,,,,,,,,,,,,,,,,,,,,,,,,,,,,,,,,,,,,
370.0,-0.008099780372027979,0.07845590263605118,0.0006518363952636719,0.6372746229171753,0.0,0.07579558,0.029374328,1.0006518,0.1224712,0.069272645,5.071852e-06,-0.005115986,0.0029814243,0.012240171,0.050440833,-0.051038835,0.021682912,0.13875,0.07357861,1.0,,,,,,,,,,,,,,,,,,,,,,,,,,,,,,,,,,,,,,,,,,,,
371.0,-0.00820877470316873,0.07829388231039047,0.0006519079324789345,0.6336012482643127,0.0,0.07630625,0.029663773,1.0006518,0.12256139,0.06946678,5.173026e-06,-0.0053670406,0.003223896,0.01220727,-0.0609777,0.057457507,-0.0077174287,0.139125,0.073775195,1.0,,,,,,,,,,,,,,,,,,,,,,,,,,,,,,,,,,,,,,,,,,,,
372.0,-0.008318022874975625,0.07813051342964172,0.0006519079324789345,0.6299333572387695,0.0,0.07681734,0.02995407,1.000652,0.122661345,0.069671236,5.0647145e-06,-0.0051596165,0.003008604,0.012298107,0.050452545,-0.051030774,0.021680642,0.1395,0.07397175,1.0,,,,,,,,,,,,,,,,,,,,,,,,,,,,,,,,,,,,,,,,,,,,
373.0,-0.008426627589867737,0.07796584069728851,0.0006519079324789345,0.6262712478637695,0.0,0.07732881,0.030245183,1.000652,0.12275256,0.06986707,4.794293e-06,-0.0054106712,0.0032510757,0.012265205,-0.060973093,0.057457794,-0.007721475,0.139875,0.074168295,1.0,,,,,,,,,,,,,,,,,,,,,,,,,,,,,,,,,,,,,,,,,,,,
374.0,-0.008535508068480602,0.07779978215694427,0.0006519556045532227,0.622614860534668,0.0,0.0778407,0.030537155,1.000652,0.12285355,0.07007323,4.772514e-06,-0.0052030087,0.0030360222,0.012356281,0.05046425,-0.05102272,0.021678366,0.14025,0.07436481,1.0,,,,,,,,,,,,,,,,,,,,,,,,,,,,,,,,,,,,,,,,,,,,
375.0,-0.008643739658227447,0.07763244211673737,0.0006519556045532227,0.618964433670044,0.0,0.07835297,0.03082995,1.000652,0.12294579,0.07027076,4.850315e-06,-0.0054540634,0.0032784939,0.012323141,-0.06096849,0.05745808,-0.0077255145,0.140625,0.07456132,1.0,,,,,,,,,,,,,,,,,,,,,,,,,,,,,,,,,,,,,,,,,,,,
376.0,-0.00875223769686603,0.077463798224926,0.0006519556045532227,0.6153200268745422,0.0,0.07886568,0.03112361,1.000652,0.12304781,0.07047862,4.746066e-06,-0.005246401,0.0030634403,0.012414217,0.050475948,-0.051014666,0.021676084,0.141,0.07475781,1.0,,,,,,,,,,,,,,,,,,,,,,,,,,,,,,,,,,,,,,,,,,,,
377.0,-0.008860388281788178,0.07729382812976837,0.0006519794696941972,0.6116816997528076,0.0,0.07937876,0.0314181,1.000652,0.12314108,0.07067784,4.8438446e-06,-0.0054974556,0.003305912,0.012381077,-0.060963888,0.057458367,-0.0077295466,0.141375,0.07495427,1.0,,,,,,,,,,,,,,,,,,,,,,,,,,,,,,,,,,,,,,,,,,,,
378.0,-0.008968882800191568,0.07712255418300629,0.0006519794696941972,0.6080495715141296,0.0,0.07989228,0.031713463,1.0006521,0.12324412,0.070887394,4.734194e-06,-0.005289793,0.0030908585,0.012472153,0.05048764,-0.05100662,0.021673799,0.14175,0.07515072,1.0,,,,,,,,,,,,,,,,,,,,,,,,,,,,,,,,,,,,,,,,,,,,
379.0,-0.0090767226173218,0.07694999873638153,0.0006520271417684853,0.6044237613677979,0.0,0.08040619,0.032009665,1.0006521,0.12333842,0.0710883,4.465932e-06,-0.0055406094,0.0033333302,0.0124390125,-0.060959287,0.057458658,-0.0077335723,0.142125,0.07534715,1.0,,,,,,,,,,,,,,,,,,,,,,,,,,,,,,,,,,,,,,,,,,,,
380.0,-0.009184528977973528,0.07677613198757172,0.0006520271417684853,0.6008043885231018,0.0,0.08092053,0.03230675,1.0006521,0.12344249,0.07129954,4.4415106e-06,-0.005332947,0.0031182766,0.012530088,0.05049933,-0.050998572,0.021671508,0.1425,0.07554356,1.0,,,,,,,,,,,,,,,,,,,,,,,,,,,,,,,,,,,,,,,,,,,,
381.0,-0.00929167314507297,0.07660099864006042,0.0006520271417684853,0.597191572189331,0.0,0.08143528,0.032604672,1.0006521,0.12353783,0.071502134,4.521775e-06,-0.0055840015,0.0033607483,0.012496948,-0.06095469,0.05745895,-0.007737591,0.142875,0.07573995,1.0,,,,,,,,,,,,,,,,,,,,,,,,,,,,,,,,,,,,,,,,,,,,
382.0,-0.009399069213924235,0.07642461359500885,0.0006520748138427734,0.5935854315757751,0.0,0.081950456,0.032903485,1.0006521,0.12364293,0.07171506,4.4148155e-06,-0.0053761005,0.0031456947,0.012588024,0.050511014,-0.05099053,0.021669213,0.14325,0.075936325,1.0,,,,,,,,,,,,,,,,,,,,,,,,,,,,,,,,,,,,,,,,,,,,
383.0,-0.009505794982282637,0.0762469619512558,0.0006520748138427734,0.5899860858917236,0.0,0.082466036,0.03320315,1.0006521,0.123739295,0.07191934,4.515072e-06,-0.0056271553,0.0033884048,0.012554884,-0.060950097,0.057459243,-0.007741603,0.143625,0.07613268,1.0,,,,,,,,,,,,,,,,,,,,,,,,,,,,,,,,,,,,,,,,,,,,
384.0,-0.009612761844708736,0.07606813311576843,0.000652098678983748,0.5863937735557556,0.0,0.082982056,0.033503707,1.0006521,0.12384543,0.072133936,4.4027092e-06,-0.0054192543,0.0031733513,0.01264596,0.050522693,-0.05098249,0.021666912,0.144,0.07632901,1.0,,,,,,,,,,,,,,,,,,,,,,,,,,,,,,,,,,,,,,,,,,,,
385.0,-0.009719135178234799,0.07588807493448257,0.000652098678983748,0.5828083157539368,0.0,0.083498485,0.033805124,1.0006522,0.12394282,0.07233989,4.5048473e-06,-0.0056700706,0.003415823,0.01261282,-0.060945507,0.057459533,-0.0077456078,0.144375,0.07652532,1.0,,,,,,,,,,,,,,,,,,,,,,,,,,,,,,,,,,,,,,,,,,,,
386.0,-0.009825587547009606,0.07570682466030121,0.000652098678983748,0.5792301297187805,0.0,0.08401536,0.034107443,1.0006522,0.124049984,0.07255617,4.0234113e-06,-0.0054621696,0.0032007694,0.012703657,0.050534364,-0.050974455,0.021664606,0.14475,0.07672162,1.0,,,,,,,,,,,,,,,,,,,,,,,,,,,,,,,,,,,,,,,,,,,,
387.0,-0.009931930116704906,0.07552443444728851,0.0006521463510580361,0.5756592154502869,0.0,0.08453265,0.034410626,1.0006522,0.12414841,0.0727638,4.212814e-06,-0.0057132244,0.0034434795,0.012670517,-0.06094092,0.05745983,-0.007749606,0.145125,0.0769179,1.0,,,,,,,,,,,,,,,,,,,,,,,,,,,,,,,,,,,,,,,,,,,,
388.0,-0.01003775683686074,0.0753408744931221,0.0006521463510580361,0.5720956921577454,0.0,0.08505038,0.034714714,1.0006522,0.12425661,0.07298175,4.078103e-06,-0.0055053234,0.003228426,0.012761593,0.05054603,-0.05096642,0.021662297,0.1455,0.07711416,1.0,,,,,,,,,,,,,,,,,,,,,,,,,,,,,,,,,,,,,,,,,,,,
389.0,-0.010143807875171731,0.07515616714954376,0.0006521463510580361,0.5685397982597351,0.0,0.08556853,0.035019677,1.0006522,0.124356076,0.073191054,4.1867147e-06,-0.0057561398,0.003471136,0.012728453,-0.06093634,0.057460126,-0.007753597,0.145875,0.0773104,1.0,,,,,,,,,,,,,,,,,,,,,,,,,,,,,,,,,,,,,,,,,,,,
390.0,-0.01024916197051706,0.07497036457061768,0.0006522178882732987,0.5649915933609009,0.0,0.08608714,0.035325557,1.0006522,0.1244653,0.073410675,4.0702625e-06,-0.0055482388,0.0032560825,0.01281929,0.050557695,-0.05095839,0.021659981,0.14625,0.07750662,1.0,,,,,,,,,,,,,,,,,,,,,,,,,,,,,,,,,,,,,,,,,,,,
391.0,-0.010354729625183438,0.07478347420692444,0.0006522178882732987,0.5614513754844666,0.0,0.08660616,0.035632312,1.0006523,0.124565795,0.073621646,4.1752014e-06,-0.005799055,0.0034987926,0.01278615,-0.060931757,0.057460424,-0.007757582,0.146625,0.07770281,1.0,,,,,,,,,,,,,,,,,,,,,,,,,,,,,,,,,,,,,,,,,,,,
392.0,-0.010459596000835908,0.07459546625614166,0.0006522178882732987,0.5579189658164978,0.0,0.087125644,0.03593999,1.0006523,0.124676056,0.07384293,3.6909817e-06,-0.0055909157,0.003283739,0.012877226,0.05056935,-0.050950363,0.021657662,0.147,0.077898994,1.0,,,,,,,,,,,,,,,,,,,,,,,,,,,,,,,,,,,,,,,,,,,,
393.0,-0.010564348881229082,0.0744064599275589,0.0006522178882732987,0.5543949007987976,0.0,0.08764555,0.036248557,1.0006523,0.12477759,0.07405556,3.882877e-06,-0.005841732,0.0035264492,0.012843847,-0.06092718,0.05746072,-0.007761559,0.147375,0.07809515,1.0,,,,,,,,,,,,,,,,,,,,,,,,,,,,,,,,,,,,,,,,,,,,
394.0,-0.01066838774693538,0.07421638816595078,0.0006522178882732987,0.5508790612220764,0.0,0.088165924,0.03655805,1.0006523,0.12488889,0.07427851,3.7454554e-06,-0.005633831,0.0033113956,0.012934923,0.050581004,-0.05094234,0.021655338,0.14775,0.0782913,1.0,,,,,,,,,,,,,,,,,,,,,,,,,,,,,,,,,,,,,,,,,,,,
395.0,-0.010772624142283874,0.07402535527944565,0.0006522655603475869,0.5473718047142029,0.0,0.08868672,0.036868434,1.0006523,0.124991454,0.074492805,3.8565427e-06,-0.005884409,0.0035541058,0.012901545,-0.060922604,0.05746102,-0.0077655297,0.148125,0.07848742,1.0,,,,,,,,,,,,,,,,,,,,,,,,,,,,,,,,,,,,,,,,,,,,
396.0,-0.010876129166823128,0.07383336126804352,0.0006522655603475869,0.5438733696937561,0.0,0.089207985,0.037179757,1.0006523,0.12510379,0.07471741,3.737386e-06,-0.005676508,0.0033392906,0.0129926205,0.05059265,-0.05093432,0.021653008,0.1485,0.07868352,1.0,,,,,,,,,,,,,,,,,,,,,,,,,,,,,,,,,,,,,,,,,,,,
397.0,-0.010979820719313582,0.07364044338464737,0.000652313232421875,0.5403838753700256,0.0,0.08972968,0.03749198,1.0006523,0.12520738,0.07493336,3.844797e-06,-0.005927086,0.0035817623,0.012959242,-0.060918033,0.05746132,-0.0077694934,0.148875,0.0788796,1.0,,,,,,,,,,,,,,,,,,,,,,,,,,,,,,,,,,,,,,,,,,,,
398.0,-0.011082771757381354,0.07344668358564377,0.0006523370975628495,0.5369035601615906,0.0,0.09025185,0.037805147,1.0006523,0.12532075,0.075159624,3.725797e-06,-0.0057189465,0.0033669472,0.013050318,0.05060429,-0.0509263,0.021650674,0.14925,0.079075664,1.0,,,,,,,,,,,,,,,,,,,,,,,,,,,,,,,,,,,,,,,,,,,,
399.0,-0.01118589658234646,0.07325206696987152,0.0006523370975628495,0.5334326028823853,0.0,0.090774454,0.03811922,1.0006524,0.1254254,0.075377226,3.833784e-06,-0.005969763,0.0036096573,0.013016939,-0.060913466,0.057461623,-0.0077734506,0.149625,0.07927171,1.0,,,,,,,,,,,,,,,,,,,,,,,,,,,,,,,,,,,,,,,,,,,,
400.0,-0.011288269954908765,0.0730566456913948,0.0006523370975628495,0.5299712419509888,0.0,0.09129754,0.03843424,1.0006524,0.1255398,0.07560514,3.34602e-06,-0.0057616234,0.0033948421,0.013108015,0.05061593,-0.050918285,0.021648334,0.15,0.07946773,1.0,,,,,,,,,,,,,,,,,,,,,,,,,,,,,,,,,,,,,,,,,,,,
401.0,-0.011390800583413671,0.07286043465137482,0.0006523370975628495,0.526519775390625,0.0,0.09182106,0.038750175,1.0006524,0.12564547,0.07582439,3.5411967e-06,-0.0060122013,0.0036375523,0.013074636,-0.0609089,0.05746193,-0.007777401,0.150375,0.07966374,1.0,,,,,,,,,,,,,,,,,,,,,,,,,,,,,,,,,,,,,,,,,,,,
402.0,-0.011492567139951757,0.07266353070735931,0.0006523370975628495,0.5230783820152283,0.0,0.09234507,0.039067067,1.0006524,0.12576091,0.07605395,3.400178e-06,-0.005804062,0.0034227371,0.013165712,0.05062756,-0.050910275,0.021645991,0.15075,0.07985972,1.0,,,,,,,,,,,,,,,,,,,,,,,,,,,,,,,,,,,,,,,,,,,,
403.0,-0.0115944790632444,0.0724659189581871,0.0006523847696371377,0.5196473002433777,0.0,0.09286951,0.03938488,1.0006524,0.12586762,0.07627484,3.5145583e-06,-0.00605464,0.0036654472,0.013132334,-0.060904335,0.057462234,-0.0077813435,0.151125,0.080055684,1.0,,,,,,,,,,,,,,,,,,,,,,,,,,,,,,,,,,,,,,,,,,,,
404.0,-0.01169561340500259,0.07226766645908356,0.0006524324417114258,0.5162267684936523,0.0,0.09339445,0.039703652,1.0006524,0.1259841,0.07650605,3.3918031e-06,-0.0058465004,0.003450632,0.013223171,0.050639182,-0.050902266,0.021643642,0.1515,0.08025163,1.0,,,,,,,,,,,,,,,,,,,,,,,,,,,,,,,,,,,,,,,,,,,,
405.0,-0.011796875489187938,0.07206878066062927,0.0006524324417114258,0.5128171443939209,0.0,0.09391983,0.040023357,1.0006524,0.12609185,0.07672859,3.5025075e-06,-0.0060970783,0.0036933422,0.013189793,-0.060899775,0.05746254,-0.0077852802,0.151875,0.08044755,1.0,,,,,,,,,,,,,,,,,,,,,,,,,,,,,,,,,,,,,,,,,,,,
406.0,-0.011897347144777816,0.07186933606863022,0.0006524563068524003,0.5094184875488281,0.0,0.094445705,0.04034403,1.0006524,0.12620936,0.076961435,3.3799101e-06,-0.005888939,0.003478527,0.0132808685,0.050650805,-0.050894264,0.021641288,0.15225,0.08064345,1.0,,,,,,,,,,,,,,,,,,,,,,,,,,,,,,,,,,,,,,,,,,,,
407.0,-0.011998352507734992,0.0716693252325058,0.0006524563068524003,0.5060312747955322,0.0,0.09497203,0.040665634,1.0006526,0.12631816,0.07718561,3.4911886e-06,-0.0061392784,0.0037212372,0.01324749,-0.06089522,0.05746285,-0.0077892095,0.152625,0.080839336,1.0,,,,,,,,,,,,,,,,,,,,,,,,,,,,,,,,,,,,,,,,,,,,
408.0,-0.012098552016389683,0.07146881520748138,0.0006524563068524003,0.502655565738678,0.0,0.09549885,0.040988218,1.0006526,0.12643671,0.07742009,2.9998314e-06,-0.005931139,0.003506422,0.013338327,0.05066242,-0.050886262,0.02163893,0.153,0.0810352,1.0,,,,,,,,,,,,,,,,,,,,,,,,,,,,,,,,,,,,,,,,,,,,
409.0,-0.012198850646765482,0.07126777619123459,0.0006524563068524003,0.4992918074131012,0.0,0.09602613,0.041311745,1.0006526,0.12654655,0.077645905,3.1982972e-06,-0.006181717,0.0037491322,0.013304949,-0.060890667,0.057463154,-0.007793132,0.153375,0.08123104,1.0,,,,,,,,,,,,,,,,,,,,,,,,,,,,,,,,,,,,,,,,,,,,
410.0,-0.012298323770678783,0.07106629014015198,0.0006525039789266884,0.495940238237381,0.0,0.0965539,0.04163625,1.0006526,0.12666614,0.07788202,3.0536862e-06,-0.005973339,0.003534317,0.013395786,0.05067403,-0.050878264,0.021636566,0.15375,0.08142687,1.0,,,,,,,,,,,,,,,,,,,,,,,,,,,,,,,,,,,,,,,,,,,,
411.0,-0.012397880883790322,0.07086428254842758,0.0006525039789266884,0.4926011264324188,0.0,0.09708214,0.041961707,1.0006526,0.12677702,0.07810946,3.1713557e-06,-0.006223917,0.0037772655,0.013362408,-0.06088612,0.057463467,-0.007797048,0.154125,0.08162267,1.0,,,,,,,,,,,,,,,,,,,,,,,,,,,,,,,,,,,,,,,,,,,,
412.0,-0.012496310806098383,0.07066185027360916,0.0006525039789266884,0.48927485942840576,0.0,0.09761088,0.042288154,1.0006526,0.12689765,0.078347206,3.0450096e-06,-0.006015539,0.0035624504,0.013453484,0.050685633,-0.050870266,0.021634197,0.1545,0.08181845,1.0,,,,,,,,,,,,,,,,,,,,,,,,,,,,,,,,,,,,,,,,,,,,
413.0,-0.012594807431215443,0.07045900821685791,0.0006525516510009766,0.4859616756439209,0.0,0.09814008,0.042615555,1.0006526,0.12700957,0.078576274,3.159002e-06,-0.0062658787,0.0038051605,0.013419867,-0.06088157,0.057463776,-0.007800957,0.154875,0.08201421,1.0,,,,,,,,,,,,,,,,,,,,,,,,,,,,,,,,,,,,,,,,,,,,
414.0,-0.012692423475823899,0.07025577127933502,0.0006525516510009766,0.4826619327068329,0.0,0.0986698,0.042943954,1.0006526,0.12713124,0.07881565,3.0328158e-06,-0.006057501,0.0035905838,0.013510942,0.050697234,-0.050862275,0.021631824,0.15525,0.08220995,1.0,,,,,,,,,,,,,,,,,,,,,,,,,,,,,,,,,,,,,,,,,,,,
415.0,-0.012790084420353471,0.07005216926336288,0.0006525755161419511,0.4793759882450104,0.0,0.09919998,0.043273315,1.0006526,0.1272442,0.07904634,3.1473812e-06,-0.0062716007,0.003833294,0.013477325,-0.05214354,0.05758209,-0.00783622,0.155625,0.08240567,1.0,,,,,,,,,,,,,,,,,,,,,,,,,,,,,,,,,,,,,,,,,,,,
416.0,-0.012887357128094575,0.06984825432300568,0.0006526231882162392,0.47610411047935486,0.0,0.09973068,0.04360367,1.0006527,0.12736693,0.079285845,3.029714e-06,-0.006026745,0.0036184788,0.013568401,0.059440278,-0.05073757,0.021594089,0.156,0.08260137,1.0,,,,,,,,,,,,,,,,,,,,,,,,,,,,,,,,,,,,,,,,,,,,
417.0,-0.01298373870809369,0.0696440190076828,0.0006526231882162392,0.47284671664237976,0.0,0.10026185,0.043934986,1.0006527,0.12748097,0.07951518,2.7836502e-06,-0.0062408447,0.0036518574,0.013536215,-0.05145968,0.0073011136,-0.0075330716,0.156375,0.08279705,1.0,,,,,,,,,,,,,,,,,,,,,,,,,,,,,,,,,,,,,,,,,,,,
418.0,-0.013080137863056918,0.06943950057029724,0.0006526231882162392,0.4696039855480194,0.0,0.1007935,0.04426729,1.0006527,0.12759623,0.07975322,2.7828178e-06,-0.005995989,0.0032277107,0.013628244,0.060123306,-0.10100168,0.021913726,0.15675,0.0829927,1.0,,,,,,,,,,,,,,,,,,,,,,,,,,,,,,,,,,,,,,,,,,,,
419.0,-0.013175493993467537,0.06923474371433258,0.0006526231882162392,0.46637648344039917,0.0,0.101325564,0.044600543,1.0006527,0.12769423,0.07998097,2.9038742e-06,-0.0062098503,0.0032610893,0.013596058,-0.051451683,0.0073264823,-0.007556417,0.157125,0.08318834,1.0,,,,,,,,,,,,,,,,,,,,,,,,,,,,,,,,,,,,,,,,,,,,
420.0,-0.013270841730991245,0.06902976334095001,0.0006526231882162392,0.4631645381450653,0.0,0.101858035,0.044934783,1.0006527,0.12779346,0.08021742,2.817646e-06,-0.005965233,0.002837181,0.013688326,0.060126286,-0.1009707,0.021930018,0.1575,0.08338396,1.0,,,,,,,,,,,,,,,,,,,,,,,,,,,,,,,,,,,,,,,,,,,,
421.0,-0.013365254868145712,0.06882456690073013,0.0006526231882162392,0.45996853709220886,0.0,0.10239085,0.045269966,1.0006527,0.12787543,0.08044358,2.951651e-06,-0.0061790943,0.0028705597,0.013656139,-0.051443685,0.007351842,-0.0075797415,0.157875,0.083579555,1.0,,,,,,,,,,,,,,,,,,,,,,,,,,,,,,,,,,,,,,,,,,,,
422.0,-0.013459637066689813,0.06861919909715652,0.0006526708602905273,0.45678889751434326,0.0,0.10292401,0.045606125,1.0006527,0.12795864,0.08067845,2.8631816e-06,-0.0059342384,0.0024466515,0.013748169,0.060129255,-0.100939736,0.0219463,0.15825,0.08377513,1.0,,,,,,,,,,,,,,,,,,,,,,,,,,,,,,,,,,,,,,,,,,,,
423.0,-0.013553056885780918,0.06841368228197098,0.0006526708602905273,0.4536260962486267,0.0,0.10345744,0.04594322,1.0006527,0.12802462,0.080903016,2.9906205e-06,-0.0061481,0.0024802685,0.013715982,-0.051435683,0.007377192,-0.0076030446,0.158625,0.08397068,1.0,,,,,,,,,,,,,,,,,,,,,,,,,,,,,,,,,,,,,,,,,,,,
424.0,-0.013646419171687832,0.06820805370807648,0.0006527185323648155,0.45048055052757263,0.0,0.10399116,0.04628129,1.0006527,0.12809183,0.081136286,2.9044947e-06,-0.0059034824,0.0020563602,0.013808012,0.060132213,-0.100908786,0.02196257,0.159,0.084166214,1.0,,,,,,,,,,,,,,,,,,,,,,,,,,,,,,,,,,,,,,,,,,,,
425.0,-0.013738792773785143,0.06800232827663422,0.00065274239750579,0.4473527669906616,0.0,0.10452508,0.046620287,1.0006527,0.12814182,0.08135927,3.0242984e-06,-0.006117344,0.0020902157,0.0137758255,-0.051427685,0.0074025327,-0.0076263263,0.159375,0.08436173,1.0,,,,,,,,,,,,,,,,,,,,,,,,,,,,,,,,,,,,,,,,,,,,
426.0,-0.013831192603443834,0.06779652088880539,0.00065274239750579,0.44424310326576233,0.0,0.10505922,0.046960246,1.0006528,0.12819305,0.08159094,2.9407713e-06,-0.005872488,0.0016665459,0.013867855,0.06013516,-0.10087786,0.021978829,0.15975,0.08455722,1.0,,,,,,,,,,,,,,,,,,,,,,,,,,,,,,,,,,,,,,,,,,,,
427.0,-0.013922354830604219,0.06759063154459,0.00065274239750579,0.4411521553993225,0.0,0.1055935,0.047301132,1.0006528,0.12822707,0.08181232,2.684964e-06,-0.0060863495,0.0017004013,0.013835669,-0.051419683,0.007427864,-0.0076495865,0.160125,0.08475269,1.0,,,,,,,,,,,,,,,,,,,,,,,,,,,,,,,,,,,,,,,,,,,,
428.0,-0.01401406080047291,0.0673847645521164,0.00065274239750579,0.43808048963546753,0.0,0.106127925,0.047642976,1.0006528,0.12826236,0.08204241,2.6904345e-06,-0.005841732,0.0012767315,0.013927698,0.060138095,-0.100846946,0.021995077,0.1605,0.08494814,1.0,,,,,,,,,,,,,,,,,,,,,,,,,,,,,,,,,,,,,,,,,,,,
429.0,-0.01410430168015064,0.06717885285615921,0.00065274239750579,0.4350285232067108,0.0,0.10666243,0.047985736,1.0006528,0.12828043,0.082262196,2.7745848e-06,-0.006055355,0.0013108253,0.013895273,-0.051411677,0.0074531855,-0.007672826,0.160875,0.085143566,1.0,,,,,,,,,,,,,,,,,,,,,,,,,,,,,,,,,,,,,,,,,,,,
430.0,-0.014194736413673584,0.066973015666008,0.00065274239750579,0.4319969415664673,0.0,0.10719701,0.048329446,1.0006528,0.12829976,0.08249069,2.7010517e-06,-0.0058107376,0.00088739395,0.013987303,0.06014102,-0.10081604,0.022011312,0.16125,0.08533897,1.0,,,,,,,,,,,,,,,,,,,,,,,,,,,,,,,,,,,,,,,,,,,,
431.0,-0.014284092901881196,0.06676720827817917,0.0006527900695800781,0.428986132144928,0.0,0.1077316,0.048674066,1.0006528,0.1283019,0.08270888,2.7966878e-06,-0.0059845448,0.0009214878,0.013955116,-0.041862164,0.007611967,-0.007704511,0.161625,0.08553436,1.0,,,,,,,,,,,,,,,,,,,,,,,,,,,,,,,,,,,,,,,,,,,,
432.0,-0.014373265536236163,0.06656147539615631,0.0006528377416543663,0.4259968101978302,0.0,0.10826621,0.049019624,1.0006528,0.12830533,0.08293415,2.7310334e-06,-0.0057001114,0.0004980564,0.014046907,0.06968328,-0.100653164,0.02201469,0.162,0.08572972,1.0,,,,,,,,,,,,,,,,,,,,,,,,,,,,,,,,,,,,,,,,,,,,
433.0,-0.014461320050793805,0.066355861723423,0.0006528377416543663,0.4230295717716217,0.0,0.10880076,0.04936607,1.0006528,0.1282916,0.08314749,2.826661e-06,-0.005874157,0.0005323887,0.014014721,-0.04185865,0.0076389997,-0.0077233776,0.162375,0.08592506,1.0,,,,,,,,,,,,,,,,,,,,,,,,,,,,,,,,,,,,,,,,,,,,
434.0,-0.014549153123534145,0.06615038216114044,0.0006528377416543663,0.420085072517395,0.0,0.10933525,0.04971344,1.0006528,0.12827918,0.08336791,2.7623394e-06,-0.0055897236,0.00010895729,0.014106512,0.06968173,-0.10062294,0.022026503,0.16275,0.08612038,1.0,,,,,,,,,,,,,,,,,,,,,,,,,,,,,,,,,,,,,,,,,,,,
435.0,-0.014636113582769849,0.06594502180814743,0.0006528377416543663,0.41716381907463074,0.0,0.10986963,0.050061673,1.0006528,0.1282496,0.08357641,2.8496274e-06,-0.005763769,0.00014352798,0.014074326,-0.041855134,0.007666023,-0.0077422247,0.163125,0.08631568,1.0,,,,,,,,,,,,,,,,,,,,,,,,,,,,,,,,,,,,,,,,,,,,
436.0,-0.014722503312591107,0.06573985517024994,0.0006528616067953408,0.4142664670944214,0.0,0.11040388,0.050410807,1.0006528,0.12822133,0.083791986,2.7885974e-06,-0.005479336,-0.000279665,0.014166117,0.06968016,-0.100592725,0.022038305,0.1635,0.08651096,1.0,,,,,,,,,,,,,,,,,,,,,,,,,,,,,,,,,,,,,,,,,,,,
437.0,-0.014808155205344703,0.06553491204977036,0.0006528616067953408,0.4113938510417938,0.0,0.11093795,0.05076079,1.0006529,0.12817593,0.08399563,2.8670936e-06,-0.005653143,-0.00024533272,0.01413393,-0.041851617,0.0076930365,-0.0077610514,0.163875,0.08670621,1.0,,,,,,,,,,,,,,,,,,,,,,,,,,,,,,,,,,,,,,,,,,,,
438.0,-0.014893049526196864,0.06533019244670868,0.0006528616067953408,0.4085465371608734,0.0,0.11147183,0.05111165,1.0006529,0.12813184,0.084206365,2.4415415e-06,-0.005368948,-0.0006682873,0.014225483,0.06967859,-0.100562535,0.0220501,0.16425,0.08690145,1.0,,,,,,,,,,,,,,,,,,,,,,,,,,,,,,,,,,,,,,,,,,,,
439.0,-0.014977163389470027,0.0651257187128067,0.0006529092788696289,0.4057253897190094,0.0,0.11200546,0.05146334,1.0006529,0.12807062,0.08440518,2.5976121e-06,-0.005542755,-0.0006337166,0.014193296,-0.0418481,0.0077200406,-0.0077798585,0.164625,0.08709666,1.0,,,,,,,,,,,,,,,,,,,,,,,,,,,,,,,,,,,,,,,,,,,,
440.0,-0.015060477929574883,0.0649215579032898,0.0006529092788696289,0.40293097496032715,0.0,0.11253884,0.051815882,1.0006529,0.12801072,0.084611066,2.5231107e-06,-0.0052583218,-0.0010566711,0.014284849,0.06967701,-0.10053236,0.022061884,0.165,0.08729185,1.0,,,,,,,,,,,,,,,,,,,,,,,,,,,,,,,,,,,,,,,,,,,,
441.0,-0.015142966922787129,0.06471768021583557,0.0006529092788696289,0.4001642167568207,0.0,0.113071896,0.052169237,1.0006529,0.12793371,0.084805034,2.5887557e-06,-0.0054323673,-0.001021862,0.014252663,-0.041844584,0.007747035,-0.0077986456,0.165375,0.08748702,1.0,,,,,,,,,,,,,,,,,,,,,,,,,,,,,,,,,,,,,,,,,,,,
442.0,-0.015224608261501182,0.0645141527056694,0.0006529092788696289,0.3974258303642273,0.0,0.113604635,0.05252343,1.0006529,0.12785803,0.08500608,2.5368292e-06,-0.005147934,-0.0014448166,0.014344215,0.06967542,-0.1005022,0.02207366,0.16575,0.087682165,1.0,,,,,,,,,,,,,,,,,,,,,,,,,,,,,,,,,,,,,,,,,,,,
443.0,-0.015305377972972021,0.06431099027395248,0.000652956950943917,0.39471665024757385,0.0,0.114136994,0.05287841,1.0006529,0.12776524,0.08519521,2.5891782e-06,-0.005321741,-0.0014100075,0.014312029,-0.041841064,0.00777402,-0.007817413,0.166125,0.08787729,1.0,,,,,,,,,,,,,,,,,,,,,,,,,,,,,,,,,,,,,,,,,,,,
444.0,-0.015385250090687533,0.0641082301735878,0.000652956950943917,0.3920374810695648,0.0,0.114668965,0.05323421,1.0006529,0.12767379,0.085391425,2.541721e-06,-0.005037546,-0.0018327236,0.014403582,0.06967383,-0.10047206,0.022085426,0.1665,0.08807239,1.0,,,,,,,,,,,,,,,,,,,,,,,,,,,,,,,,,,,,,,,,,,,,
445.0,-0.015464329841586185,0.06390582770109177,0.000652956950943917,0.38938915729522705,0.0,0.11520049,0.053590775,1.0006529,0.12756525,0.085575715,2.5850331e-06,-0.0052113533,-0.0017976761,0.014371157,-0.041837543,0.0078009954,-0.00783616,0.166875,0.088267475,1.0,,,,,,,,,,,,,,,,,,,,,,,,,,,,,,,,,,,,,,,,,,,,
446.0,-0.015542206670957603,0.06370393931865692,0.000652956950943917,0.3867725133895874,0.0,0.11573156,0.053948134,1.0006529,0.12745805,0.08576708,2.5410484e-06,-0.0049271584,-0.0022203922,0.014462709,0.06967223,-0.10044194,0.022097183,0.16725,0.08846253,1.0,,,,,,,,,,,,,,,,,,,,,,,,,,,,,,,,,,,,,,,,,,,,
447.0,-0.015619917637848452,0.0635024681687355,0.0006529808160848916,0.38418856263160706,0.0,0.11626212,0.054306246,1.0006529,0.12733376,0.08594654,2.5755655e-06,-0.0051009655,-0.0021851063,0.0144302845,-0.041834023,0.007827961,-0.007854887,0.167625,0.088657565,1.0,,,,,,,,,,,,,,,,,,,,,,,,,,,,,,,,,,,,,,,,,,,,
448.0,-0.015695762397049295,0.06330151855945587,0.0006530284881591797,0.38163816928863525,0.0,0.116792165,0.054665133,1.000653,0.12721084,0.08613308,2.5349996e-06,-0.0048167706,-0.0026078224,0.014521837,0.06967062,-0.10041183,0.022108931,0.168,0.088852584,1.0,,,,,,,,,,,,,,,,,,,,,,,,,,,,,,,,,,,,,,,,,,,,
449.0,-0.015771495361398956,0.06310106813907623,0.0006530284881591797,0.37912219762802124,0.0,0.117321625,0.05502475,1.000653,0.12707083,0.08630769,2.1928176e-06,-0.0049905777,-0.0025725365,0.014489412,-0.0418305,0.007854917,-0.007873596,0.168375,0.08904757,1.0,,,,,,,,,,,,,,,,,,,,,,,,,,,,,,,,,,,,,,,,,,,,
450.0,-0.015845251757022016,0.06290118396282196,0.0006530284881591797,0.37664172053337097,0.0,0.11785051,0.055385124,1.000653,0.12693219,0.086489394,2.242054e-06,-0.0047063828,-0.0029947758,0.014580727,0.06966901,-0.10038174,0.02212067,0.16875,0.08924255,1.0,,,,,,,,,,,,,,,,,,,,,,,,,,,,,,,,,,,,,,,,,,,,
451.0,-0.01591883427799385,0.06270185112953186,0.0006530284881591797,0.37419775128364563,0.0,0.11837874,0.0557462,1.000653,0.12677649,0.086659186,2.238748e-06,-0.00488019,-0.0029594898,0.014548302,-0.041826975,0.007881864,-0.007892283,0.169125,0.08943749,1.0,,,,,,,,,,,,,,,,,,,,,,,,,,,,,,,,,,,,,,,,,,,,
452.0,-0.015990383860111798,0.06250309944152832,0.0006530284881591797,0.37179112434387207,0.0,0.11890634,0.05610802,1.000653,0.12662216,0.086836055,2.2097804e-06,-0.004595995,-0.0033817291,0.014639616,0.069667384,-0.10035167,0.022132399,0.1695,0.089632414,1.0,,,,,,,,,,,,,,,,,,,,,,,,,,,,,,,,,,,,,,,,,,,,
453.0,-0.016061701396877837,0.0623050332069397,0.0006530284881591797,0.369422972202301,0.0,0.11943322,0.056470525,1.000653,0.12645075,0.08700101,2.2168792e-06,-0.004769802,-0.0033464432,0.0146074295,-0.04182345,0.007908802,-0.007910951,0.169875,0.08982732,1.0,,,,,,,,,,,,,,,,,,,,,,,,,,,,,,,,,,,,,,,,,,,,
454.0,-0.016130921947348362,0.062107592821121216,0.0006530284881591797,0.36709433794021606,0.0,0.119959384,0.056833744,1.000653,0.12628075,0.08717305,2.1868327e-06,-0.004485607,-0.003768444,0.014698505,0.06966575,-0.10032161,0.02214412,0.17025,0.0900222,1.0,,,,,,,,,,,,,,,,,,,,,,,,,,,,,,,,,,,,,,,,,,,,
455.0,-0.01619954711486571,0.06191078945994377,0.0006530761602334678,0.36480629444122314,0.0,0.12048478,0.057197634,1.000653,0.12609369,0.08733317,2.1862365e-06,-0.0046594143,-0.0037329197,0.014666319,-0.041819926,0.007935729,-0.007929599,0.170625,0.09021706,1.0,,,,,,,,,,,,,,,,,,,,,,,,,,,,,,,,,,,,,,,,,,,,
456.0,-0.01626601216761956,0.06171470135450363,0.0006530761602334678,0.36255988478660583,0.0,0.121009395,0.057562217,1.000653,0.12590803,0.087500386,2.1593635e-06,-0.0043752193,-0.004155159,0.014757395,0.06966412,-0.10029157,0.022155832,0.171,0.090411894,1.0,,,,,,,,,,,,,,,,,,,,,,,,,,,,,,,,,,,,,,,,,,,,
457.0,-0.01633211834967333,0.06151929497718811,0.000653123832307756,0.3603561818599701,0.0,0.12153316,0.05792745,1.000653,0.12570532,0.08765568,2.1500819e-06,-0.0045490265,-0.004119396,0.01472497,-0.0418164,0.007962647,-0.007948227,0.171375,0.090606704,1.0,,,,,,,,,,,,,,,,,,,,,,,,,,,,,,,,,,,,,,,,,,,,
458.0,-0.016395994519721353,0.06132460758090019,0.000653123832307756,0.3581964075565338,0.0,0.1220561,0.058293357,1.000653,0.12550402,0.087818064,2.1266183e-06,-0.00426507,-0.004541397,0.014816046,0.069662474,-0.10026155,0.022167534,0.17175,0.0908015,1.0,,,,,,,,,,,,,,,,,,,,,,,,,,,,,,,,,,,,,,,,,,,,
459.0,-0.016459445357336153,0.06113060563802719,0.000653123832307756,0.3560815453529358,0.0,0.12257812,0.058659893,1.000653,0.12528567,0.087968536,2.1086032e-06,-0.0044386387,-0.004505396,0.014783859,-0.04181287,0.007989556,-0.007966836,0.172125,0.090996265,1.0,,,,,,,,,,,,,,,,,,,,,,,,,,,,,,,,,,,,,,,,,,,,
460.0,-0.01652060007357086,0.06093733385205269,0.0006531476974487305,0.3540128171443939,0.0,0.123099245,0.059027087,1.000653,0.12506875,0.08812609,2.0885639e-06,-0.004154682,-0.004927397,0.014874935,0.06966083,-0.10023154,0.022179227,0.1725,0.09119101,1.0,,,,,,,,,,,,,,,,,,,,,,,,,,,,,,,,,,,,,,,,,,,,
461.0,-0.01658126047136848,0.06074479967355728,0.0006531476974487305,0.35199129581451416,0.0,0.123619385,0.059394885,1.0006531,0.124834806,0.08827174,2.0618195e-06,-0.0043284893,-0.0048913956,0.01484251,-0.041809343,0.008016454,-0.007985424,0.172875,0.09138573,1.0,,,,,,,,,,,,,,,,,,,,,,,,,,,,,,,,,,,,,,,,,,,,
462.0,-0.016639553492868255,0.06055298447608948,0.0006531476974487305,0.3500182628631592,0.0,0.124138564,0.05976332,1.0006531,0.12460229,0.088424474,1.6772844e-06,-0.0040442944,-0.005313158,0.014933348,0.06965917,-0.100201555,0.022190912,0.17325,0.09158043,1.0,,,,,,,,,,,,,,,,,,,,,,,,,,,,,,,,,,,,,,,,,,,,
463.0,-0.016697278271591134,0.060361891984939575,0.0006531476974487305,0.3480948805809021,0.0,0.1246567,0.060132343,1.0006531,0.12435274,0.08856529,1.7281999e-06,-0.0042181015,-0.0052769184,0.014900923,-0.041805815,0.008043344,-0.008003994,0.173625,0.091775104,1.0,,,,,,,,,,,,,,,,,,,,,,,,,,,,,,,,,,,,,,,,,,,,
464.0,-0.016752565949655036,0.06017161160707474,0.0006531476974487305,0.34622231125831604,0.0,0.1251738,0.06050198,1.0006531,0.124104634,0.08871321,1.6947338e-06,-0.003934145,-0.005698681,0.014991999,0.06965751,-0.10017158,0.022202587,0.174,0.09196976,1.0,,,,,,,,,,,,,,,,,,,,,,,,,,,,,,,,,,,,,,,,,,,,
465.0,-0.016806953502513718,0.059982042759656906,0.0006531476974487305,0.3444018065929413,0.0,0.1256898,0.060872186,1.0006531,0.12383951,0.0888492,1.6553151e-06,-0.0041077137,-0.0056624413,0.014959574,-0.041802283,0.008070224,-0.008022543,0.174375,0.09216439,1.0,,,,,,,,,,,,,,,,,,,,,,,,,,,,,,,,,,,,,,,,,,,,
466.0,-0.016859039359743474,0.05979323387145996,0.0006531476974487305,0.34263455867767334,0.0,0.1262047,0.061242986,1.0006531,0.12357584,0.0889923,1.644441e-06,-0.0038237572,-0.0055634975,0.015048265,0.06779018,0.024757534,0.021701148,0.17475,0.092359,1.0,,,,,,,,,,,,,,,,,,,,,,,,,,,,,,,,,,,,,,,,,,,,
467.0,-0.016910408242960515,0.05960521101951599,0.0006531476974487305,0.34092190861701965,0.0,0.12671852,0.061614335,1.0006531,0.12331644,0.08912379,1.71572e-06,-0.0035014153,-0.005923271,0.015017271,0.078622065,-0.085189596,-0.006993453,0.175125,0.09255358,1.0,,,,,,,,,,,,,,,,,,,,,,,,,,,,,,,,,,,,,,,,,,,,
468.0,-0.016959193247194346,0.0594179704785347,0.0006531476974487305,0.33926495909690857,0.0,0.1272312,0.06198618,1.0006531,0.12304259,0.08924188,1.662747e-06,-0.0036382675,-0.005824566,0.015083075,-0.03316185,0.023230938,0.015586983,0.1755,0.09274814,1.0,,,,,,,,,,,,,,,,,,,,,,,,,,,,,,,,,,,,,,,,,,,,
469.0,-0.01700718776817703,0.059231508523225784,0.0006531953695230186,0.33766502141952515,0.0,0.12774275,0.062358532,1.0006531,0.12277277,0.08936557,1.6789736e-06,-0.0033159256,-0.0061843395,0.015028954,0.07864465,-0.085194565,-0.012536137,0.175875,0.09294268,1.0,,,,,,,,,,,,,,,,,,,,,,,,,,,,,,,,,,,,,,,,,,,,
470.0,-0.01705252260382113,0.05904585123062134,0.0006532430415973067,0.3361233174800873,0.0,0.12825312,0.06273135,1.0006531,0.122488506,0.08947585,1.6326478e-06,-0.0034527779,-0.006085396,0.015094757,-0.03318279,0.023236541,0.015582335,0.17625,0.0931372,1.0,,,,,,,,,,,,,,,,,,,,,,,,,,,,,,,,,,,,,,,,,,,,
471.0,-0.017096687248634227,0.058861006051301956,0.0006532430415973067,0.33464109897613525,0.0,0.12876232,0.06310465,1.0006531,0.12220827,0.08959174,1.6493999e-06,-0.003130436,-0.006445408,0.015040398,0.07863235,-0.08518222,-0.012532459,0.176625,0.09333169,1.0,,,,,,,,,,,,,,,,,,,,,,,,,,,,,,,,,,,,,,,,,,,,
472.0,-0.017138118293300794,0.05867695063352585,0.0006532430415973067,0.33321958780288696,0.0,0.1292703,0.06347837,1.0006531,0.1219136,0.08969423,1.5966734e-06,-0.0032672882,-0.006346464,0.015106201,-0.03320372,0.02324214,0.01557768,0.177,0.093526155,1.0,,,,,,,,,,,,,,,,,,,,,,,,,,,,,,,,,,,,,,,,,,,,
473.0,-0.017178607315642514,0.05849367380142212,0.0006532430415973067,0.33186012506484985,0.0,0.12977706,0.06385255,1.0006531,0.12162296,0.08980234,1.6170153e-06,-0.0029451847,-0.006706238,0.015051842,0.07862005,-0.08516988,-0.012528778,0.177375,0.0937206,1.0,,,,,,,,,,,,,,,,,,,,,,,,,,,,,,,,,,,,,,,,,,,,
474.0,-0.01721628830181726,0.05831117182970047,0.0006532430415973067,0.3305637836456299,0.0,0.13028255,0.06422712,1.0006531,0.121317886,0.08989705,1.5571735e-06,-0.003082037,-0.006607294,0.015117645,-0.033224642,0.02324774,0.015573018,0.17775,0.093915015,1.0,,,,,,,,,,,,,,,,,,,,,,,,,,,,,,,,,,,,,,,,,,,,
475.0,-0.01725295727367957,0.05812946707010269,0.0006532430415973067,0.3293318450450897,0.0,0.13078678,0.064602114,1.0006531,0.121016845,0.08999738,1.5812738e-06,-0.0027599335,-0.0069670677,0.015063286,0.07860775,-0.08515755,-0.012525096,0.178125,0.094109416,1.0,,,,,,,,,,,,,,,,,,,,,,,,,,,,,,,,,,,,,,,,,,,,
476.0,-0.017286986245411026,0.05794853717088699,0.0006532430415973067,0.3281654417514801,0.0,0.1312897,0.06497746,1.0006531,0.12070139,0.090084314,1.5142816e-06,-0.0028970242,-0.0068678856,0.015129089,-0.033245556,0.023253335,0.015568348,0.1785,0.094303794,1.0,,,,,,,,,,,,,,,,,,,,,,,,,,,,,,,,,,,,,,,,,,,,
477.0,-0.01731955154849311,0.05776836723089218,0.0006532669067382812,0.3270658850669861,0.0,0.13179134,0.0653532,1.0006531,0.12038996,0.09017688,1.5421492e-06,-0.0025749207,-0.007227659,0.01507473,0.07859547,-0.08514523,-0.012521409,0.178875,0.09449814,1.0,,,,,,,,,,,,,,,,,,,,,,,,,,,,,,,,,,,,,,,,,,,,
478.0,-0.017350081932413015,0.05758894607424736,0.0006532669067382812,0.32603421807289124,0.0,0.1322916,0.06572927,1.0006533,0.12006412,0.09025605,1.4680097e-06,-0.0027120113,-0.0071287155,0.015140533,-0.033266455,0.02325893,0.015563671,0.17925,0.09469247,1.0,,,,,,,,,,,,,,,,,,,,,,,,,,,,,,,,,,,,,,,,,,,,
479.0,-0.017378540116502337,0.05741029232740402,0.0006532669067382812,0.32507169246673584,0.0,0.13279052,0.066105686,1.0006533,0.11974232,0.09034085,1.1317253e-06,-0.0023899078,-0.0074882507,0.015085936,0.07858319,-0.08513291,-0.012517721,0.179625,0.09488677,1.0,,,,,,,,,,,,,,,,,,,,,,,,,,,,,,,,,,,,,,,,,,,,
480.0,-0.017404435027022193,0.05723237991333008,0.0006532669067382812,0.3241793215274811,0.0,0.13328806,0.0664824,1.0006533,0.1194061,0.090412274,1.13682e-06,-0.002527237,-0.007389307,0.015151978,-0.033287346,0.023264522,0.015558985,0.18,0.09508105,1.0,,,,,,,,,,,,,,,,,,,,,,,,,,,,,,,,,,,,,,,,,,,,
481.0,-0.017428192496479464,0.05705522373318672,0.0006532669067382812,0.3233582675457001,0.0,0.13378419,0.06685945,1.0006533,0.11907392,0.090489335,1.1519431e-06,-0.0022051334,-0.0073885918,0.015096426,0.077262744,0.0013162042,-0.012732494,0.180375,0.095275305,1.0,,,,,,,,,,,,,,,,,,,,,,,,,,,,,,,,,,,,,,,,,,,,
482.0,-0.0174497848819261,0.05687880516052246,0.0006532669067382812,0.32260945439338684,0.0,0.13427895,0.06723675,1.0006533,0.11874206,0.09055323,1.1797204e-06,-0.0023424625,-0.0069293976,0.015161514,-0.034601025,0.10968714,0.015375506,0.18075,0.09546954,1.0,,,,,,,,,,,,,,,,,,,,,,,,,,,,,,,,,,,,,,,,,,,,
483.0,-0.017469392813317608,0.05670316144824028,0.0006532669067382812,0.3219340145587921,0.0,0.1347724,0.06761435,1.0006533,0.11842896,0.090623,1.2948082e-06,-0.0020205975,-0.0069289207,0.015105963,0.07724117,0.0012877078,-0.012768731,0.181125,0.09566375,1.0,,,,,,,,,,,,,,,,,,,,,,,,,,,,,,,,,,,,,,,,,,,,
484.0,-0.017486343770105307,0.05652825906872749,0.0006532669067382812,0.3213328421115875,0.0,0.13526456,0.06799217,1.0006533,0.11811617,0.09067961,1.2966316e-06,-0.0021579266,-0.006469965,0.015171289,-0.03461077,0.10965243,0.015410244,0.1815,0.09585793,1.0,,,,,,,,,,,,,,,,,,,,,,,,,,,,,,,,,,,,,,,,,,,,
485.0,-0.017501950964173014,0.05635404586791992,0.0006533145788125694,0.3208068907260895,0.0,0.13575548,0.06837027,1.0006533,0.117822126,0.09074209,1.41018e-06,-0.0018360615,-0.0064697266,0.015115738,0.07721959,0.0012592302,-0.012804942,0.181875,0.09605209,1.0,,,,,,,,,,,,,,,,,,,,,,,,,,,,,,,,,,,,,,,,,,,,
486.0,-0.017514364546813887,0.05618065595626831,0.0006533622508868575,0.3203570544719696,0.0,0.13624518,0.06874856,1.0006533,0.11752837,0.09079141,1.4098872e-06,-0.0019733906,-0.006010771,0.015181065,-0.034620494,0.109617725,0.01544496,0.18225,0.09624623,1.0,,,,,,,,,,,,,,,,,,,,,,,,,,,,,,,,,,,,,,,,,,,,
487.0,-0.01752538804616779,0.0560079924762249,0.0006533622508868575,0.3199841380119324,0.0,0.13673374,0.06912709,1.0006533,0.11725336,0.09084661,1.5163104e-06,-0.0016517639,-0.0060105324,0.015125513,0.077198006,0.0012307713,-0.012841126,0.182625,0.09644034,1.0,,,,,,,,,,,,,,,,,,,,,,,,,,,,,,,,,,,,,,,,,,,,
488.0,-0.017533167956595937,0.05583607032895088,0.0006533622508868575,0.3196888864040375,0.0,0.13722114,0.069505796,1.0006533,0.11697864,0.09088867,1.5152206e-06,-0.001789093,-0.005551815,0.01519084,-0.034630198,0.109583035,0.015479653,0.183,0.096634425,1.0,,,,,,,,,,,,,,,,,,,,,,,,,,,,,,,,,,,,,,,,,,,,
489.0,-0.017539512141074014,0.05566488951444626,0.0006533622508868575,0.3194721043109894,0.0,0.13770749,0.069884695,1.0006533,0.116722636,0.0909366,1.6142187e-06,-0.0014674664,-0.0055515766,0.015135288,0.077176414,0.0012023312,-0.012877283,0.183375,0.09682849,1.0,,,,,,,,,,,,,,,,,,,,,,,,,,,,,,,,,,,,,,,,,,,,
490.0,-0.017542679058674914,0.05549447610974312,0.0006533622508868575,0.31933432817459106,0.0,0.13819277,0.07026374,1.0006533,0.11646692,0.090971395,1.6124102e-06,-0.0016047955,-0.0050930977,0.015200853,-0.03463988,0.10954835,0.015514323,0.18375,0.09702253,1.0,,,,,,,,,,,,,,,,,,,,,,,,,,,,,,,,,,,,,,,,,,,,
491.0,-0.017544160021404607,0.055324800312519073,0.0006533622508868575,0.31927627325057983,0.0,0.13867706,0.07064296,1.0006533,0.116229914,0.09101207,1.7039752e-06,-0.0012834072,-0.0050930977,0.015145302,0.077154815,0.0011739098,-0.0129134115,0.184125,0.09721655,1.0,,,,,,,,,,,,,,,,,,,,,,,,,,,,,,,,,,,,,,,,,,,,
492.0,-0.01754320110810877,0.055155880749225616,0.0006533622508868575,0.3192984163761139,0.0,0.13916036,0.071022294,1.0006533,0.11599317,0.091039605,1.7014574e-06,-0.0014207363,-0.0046346188,0.015210867,-0.034649543,0.109513685,0.01554897,0.1845,0.09741054,1.0,,,,,,,,,,,,,,,,,,,,,,,,,,,,,,,,,,,,,,,,,,,,
493.0,-0.01754000342969048,0.05498768016695976,0.0006533622508868575,0.31940126419067383,0.0,0.13964276,0.07140177,1.0006533,0.115775146,0.09107303,1.7855972e-06,-0.0010993481,-0.0046346188,0.015155315,0.077133216,0.0011455071,-0.012949514,0.184875,0.097604506,1.0,,,,,,,,,,,,,,,,,,,,,,,,,,,,,,,,,,,,,,,,,,,,
494.0,-0.0175339492698291,0.05482025071978569,0.0006533622508868575,0.3195851743221283,0.0,0.14012425,0.07178132,1.0006533,0.115557365,0.09109332,1.7823761e-06,-0.0012366772,-0.004499197,0.015221357,-0.033485364,0.032006312,0.015668768,0.18525,0.097798444,1.0,,,,,,,,,,,,,,,,,,,,,,,,,,,,,,,,,,,,,,,,,,,,
495.0,-0.01752584678383137,0.054653607308864594,0.0006533622508868575,0.3198505640029907,0.0,0.14060485,0.07216098,1.0006533,0.1153451,0.0911193,1.8018562e-06,-0.0009152889,-0.004822254,0.015166044,0.07829848,-0.07633688,-0.012864647,0.185625,0.09799236,1.0,,,,,,,,,,,,,,,,,,,,,,,,,,,,,,,,,,,,,,,,,,,,
496.0,-0.017514964648029492,0.054487816989421844,0.000653386116027832,0.3201976716518402,0.0,0.14108452,0.0725407,1.0006533,0.115119874,0.09113195,1.749886e-06,-0.0010528564,-0.0046868324,0.015232086,-0.033505045,0.03200786,0.015668087,0.186,0.098186255,1.0,,,,,,,,,,,,,,,,,,,,,,,,,,,,,,,,,,,,,,,,,,,,
497.0,-0.017502542478217583,0.05432280898094177,0.000653386116027832,0.32062670588493347,0.0,0.14156328,0.072920494,1.0006534,0.114900164,0.09115029,1.7828822e-06,-0.0007317066,-0.005009651,0.0151770115,0.07828534,-0.07632871,-0.012864904,0.186375,0.098380126,1.0,,,,,,,,,,,,,,,,,,,,,,,,,,,,,,,,,,,,,,,,,,,,
498.0,-0.017486742728460014,0.05415869504213333,0.000653386116027832,0.3211378753185272,0.0,0.14204106,0.07330031,1.0006534,0.11466752,0.09115531,1.3549277e-06,-0.00086927414,-0.0048742294,0.015242815,-0.033524714,0.0320094,0.015667398,0.18675,0.09857397,1.0,,,,,,,,,,,,,,,,,,,,,,,,,,,,,,,,,,,,,,,,,,,,
499.0,-0.01746859816003962,0.053995490074157715,0.000653386116027832,0.32173120975494385,0.0,0.1425179,0.07368016,1.0006534,0.114440374,0.091166034,1.4782719e-06,-0.0005481243,-0.005197048,0.01518774,0.0782722,-0.07632054,-0.012865154,0.187125,0.09876779,1.0,,,,,,,,,,,,,,,,,,,,,,,,,,,,,,,,,,,,,,,,,,,,
500.0,-0.017447993274580586,0.05383314564824104,0.000653386116027832,0.32240667939186096,0.0,0.14299372,0.074060015,1.0006534,0.114200294,0.091163434,1.3921479e-06,-0.00068569183,-0.0050616264,0.015253544,-0.03354438,0.032010946,0.015666699,0.1875,0.098961584,1.0,,,,,,,,,,,,,,,,,,,,,,,,,,,,,,,,,,,,,,,,,,,,
501.0,-0.017424926270582366,0.05367175489664078,0.000653386116027832,0.32316428422927856,0.0,0.14346859,0.074439876,1.0006534,0.11396573,0.09116653,1.4373041e-06,-0.000364542,-0.005384445,0.015198469,0.07825907,-0.07631237,-0.012865401,0.187875,0.09915535,1.0,,,,,,,,,,,,,,,,,,,,,,,,,,,,,,,,,,,,,,,,,,,,
502.0,-0.017399403397428254,0.05351123958826065,0.000653386116027832,0.3240039050579071,0.0,0.14394242,0.07481969,1.0006534,0.11371822,0.091156326,1.3646595e-06,-0.00050234795,-0.0052490234,0.015264273,-0.03356403,0.032012492,0.015665993,0.18825,0.0993491,1.0,,,,,,,,,,,,,,,,,,,,,,,,,,,,,,,,,,,,,,,,,,,,
503.0,-0.01737142992691079,0.053351737558841705,0.000653386116027832,0.3249253034591675,0.0,0.14441523,0.07519949,1.0006534,0.11347623,0.091151826,1.408722e-06,-0.00018119812,-0.005571842,0.01520896,0.07824595,-0.07630421,-0.012865643,0.188625,0.09954282,1.0,,,,,,,,,,,,,,,,,,,,,,,,,,,,,,,,,,,,,,,,,,,,
504.0,-0.017341017195148016,0.05319316312670708,0.000653386116027832,0.3259282112121582,0.0,0.14488699,0.07557922,1.0006534,0.11322131,0.09113401,1.3314598e-06,-0.00031900406,-0.0054364204,0.0152750015,-0.03358368,0.032014035,0.01566528,0.189,0.09973651,1.0,,,,,,,,,,,,,,,,,,,,,,,,,,,,,,,,,,,,,,,,,,,,
505.0,-0.01730825300925026,0.05303555727005005,0.0006534337881021202,0.32701244950294495,0.0,0.1453577,0.07595889,1.0006534,0.1129719,0.09112191,1.3786778e-06,1.9073486e-06,-0.005759239,0.015219688,0.07823284,-0.076296054,-0.0128658805,0.189375,0.09993019,1.0,,,,,,,,,,,,,,,,,,,,,,,,,,,,,,,,,,,,,,,,,,,,
506.0,-0.017273078422536496,0.05287892371416092,0.0006534337881021202,0.32817742228507996,0.0,0.14582732,0.07633846,1.0006534,0.11270957,0.09109651,1.2958039e-06,-0.00013589859,-0.0056238174,0.01528573,-0.033603314,0.032015577,0.015664557,0.18975,0.10012383,1.0,,,,,,,,,,,,,,,,,,,,,,,,,,,,,,,,,,,,,,,,,,,,
507.0,-0.01723566910287773,0.05272328108549118,0.0006534337881021202,0.3294229209423065,0.0,0.14629588,0.07671795,1.0006534,0.11245275,0.09107682,1.3464111e-06,0.00018501282,-0.005946636,0.015230179,0.078219734,-0.0762879,-0.012866114,0.190125,0.100317456,1.0,,,,,,,,,,,,,,,,,,,,,,,,,,,,,,,,,,,,,,,,,,,,
508.0,-0.01719562019574187,0.05256863683462143,0.0006534814601764083,0.33074820041656494,0.0,0.14676331,0.0770973,1.0006534,0.11218301,0.09104384,1.2578743e-06,4.696846e-05,-0.005810976,0.015296221,-0.033622943,0.03201712,0.015663827,0.1905,0.100511044,1.0,,,,,,,,,,,,,,,,,,,,,,,,,,,,,,,,,,,,,,,,,,,,
509.0,-0.01715365112204527,0.05241505056619644,0.0006534814601764083,0.3321529030799866,0.0,0.14722963,0.07747653,1.0006534,0.11191879,0.091016576,1.3118831e-06,0.00036787987,-0.006133795,0.015240669,0.078206636,-0.07627976,-0.012866343,0.190875,0.10070462,1.0,,,,,,,,,,,,,,,,,,,,,,,,,,,,,,,,,,,,,,,,,,,,
510.0,-0.017108865727093872,0.05226246267557144,0.0006534814601764083,0.3336363136768341,0.0,0.14769481,0.0778556,1.0006534,0.11164165,0.090976015,1.2176843e-06,0.00022983551,-0.0059981346,0.01530695,-0.033642564,0.03201866,0.015663087,0.19125,0.10089816,1.0,,,,,,,,,,,,,,,,,,,,,,,,,,,,,,,,,,,,,,,,,,,,
511.0,-0.01706220218679155,0.0521109476685524,0.0006534814601764083,0.3351977467536926,0.0,0.14815885,0.07823452,1.0006534,0.111370035,0.09094118,1.2750947e-06,0.0005507469,-0.0063209534,0.015251398,0.07819354,-0.07627162,-0.012866568,0.191625,0.10109168,1.0,,,,,,,,,,,,,,,,,,,,,,,,,,,,,,,,,,,,,,,,,,,,
512.0,-0.01701276125835466,0.05196048691868782,0.0006534814601764083,0.3368366062641144,0.0,0.14862171,0.078613244,1.0006534,0.1110855,0.09089307,1.1752373e-06,0.00041246414,-0.0061855316,0.01531744,-0.033662178,0.0320202,0.015662339,0.192,0.10128518,1.0,,,,,,,,,,,,,,,,,,,,,,,,,,,,,,,,,,,,,,,,,,,,
513.0,-0.01696148516726462,0.051811110228300095,0.0006534814601764083,0.3385520577430725,0.0,0.14908339,0.078991786,1.0006534,0.11080649,0.09085067,1.2360491e-06,0.00073337555,-0.006508112,0.0152618885,0.078180455,-0.07626349,-0.012866789,0.192375,0.10147865,1.0,,,,,,,,,,,,,,,,,,,,,,,,,,,,,,,,,,,,,,,,,,,,
514.0,-0.016907483125617004,0.051662784069776535,0.0006534814601764083,0.3403432369232178,0.0,0.14954388,0.0793701,1.0006534,0.11051456,0.090795,1.130537e-06,0.0005950928,-0.00637269,0.01532793,-0.03368178,0.032021742,0.015661582,0.19275,0.10167209,1.0,,,,,,,,,,,,,,,,,,,,,,,,,,,,,,,,,,,,,,,,,,,,
515.0,-0.016851691947006475,0.05151557922363281,0.0006534814601764083,0.34220945835113525,0.0,0.15000317,0.079748206,1.0006534,0.110228166,0.09074506,1.1947493e-06,0.0009160042,-0.0066952705,0.0152721405,0.07816737,-0.07625535,-0.012867005,0.193125,0.10186551,1.0,,,,,,,,,,,,,,,,,,,,,,,,,,,,,,,,,,,,,,,,,,,,
516.0,-0.01679322716811403,0.05136951804161072,0.0006534814601764083,0.3441496789455414,0.0,0.1504612,0.08012605,1.0006534,0.109928854,0.09068184,1.0835865e-06,0.000777483,-0.0065596104,0.015338421,-0.033701375,0.03202328,0.015660819,0.1935,0.1020589,1.0,,,,,,,,,,,,,,,,,,,,,,,,,,,,,,,,,,,,,,,,,,,,
517.0,-0.01673302874472065,0.05122453719377518,0.0006534814601764083,0.3461630940437317,0.0,0.150918,0.08050364,1.0006534,0.10963507,0.09062436,1.1511988e-06,0.0010983944,-0.006882429,0.015282631,0.0781543,-0.07624723,-0.012867216,0.193875,0.102252275,1.0,,,,,,,,,,,,,,,,,,,,,,,,,,,,,,,,,,,,,,,,,,,,
518.0,-0.016670211034034585,0.051080722361803055,0.0006534814601764083,0.3482487201690674,0.0,0.15137354,0.080880955,1.0006534,0.10932838,0.090553604,1.0343888e-06,0.0009598732,-0.006746769,0.015348911,-0.03372096,0.03202482,0.015660046,0.19425,0.10244561,1.0,,,,,,,,,,,,,,,,,,,,,,,,,,,,,,,,,,,,,,,,,,,,
519.0,-0.01660572134793765,0.05093805864453316,0.0006535053253173828,0.3504054844379425,0.0,0.15182783,0.081257984,1.0006534,0.10902723,0.0904886,1.1054008e-06,0.0012805462,-0.0070693493,0.015292883,0.078141235,-0.07623911,-0.012867424,0.194625,0.10263893,1.0,,,,,,,,,,,,,,,,,,,,,,,,,,,,,,,,,,,,,,,,,,,,
520.0,-0.016538671120205257,0.05079657956957817,0.0006535053253173828,0.3526324927806854,0.0,0.1522808,0.0816347,1.0006535,0.108713165,0.090410315,9.829473e-07,0.001142025,-0.006933689,0.015359163,-0.03374054,0.032026358,0.015659265,0.195,0.10283222,1.0,,,,,,,,,,,,,,,,,,,,,,,,,,,,,,,,,,,,,,,,,,,,
521.0,-0.01647000723907695,0.0506562702357769,0.0006535053253173828,0.3549287021160126,0.0,0.15273248,0.0820111,1.0006535,0.108404644,0.09033779,6.894374e-07,0.001462698,-0.0072562695,0.015303373,0.078128174,-0.076230995,-0.012867627,0.195375,0.10302549,1.0,,,,,,,,,,,,,,,,,,,,,,,,,,,,,,,,,,,,,,,,,,,,
522.0,-0.016398847823886172,0.05051712319254875,0.0006535053253173828,0.3572929799556732,0.0,0.15318283,0.08238716,1.0006535,0.10808321,0.09025199,6.4772297e-07,0.0013241768,-0.0071208477,0.015369654,-0.033760108,0.032027896,0.015658475,0.19575,0.10321873,1.0,,,,,,,,,,,,,,,,,,,,,,,,,,,,,,,,,,,,,,,,,,,,
523.0,-0.016326139419282848,0.05037923902273178,0.0006535053253173828,0.35972434282302856,0.0,0.15363185,0.082762875,1.0006535,0.10776732,0.09017195,7.052527e-07,0.0016446114,-0.007443428,0.015313625,0.07811512,-0.07622288,-0.012867825,0.196125,0.103411935,1.0,,,,,,,,,,,,,,,,,,,,,,,,,,,,,,,,,,,,,,,,,,,,
524.0,-0.0162510018293091,0.05024256184697151,0.0006535053253173828,0.3622215688228607,0.0,0.15407951,0.0831382,1.0006535,0.107438534,0.090078644,5.7628534e-07,0.0015060902,-0.007307768,0.015379906,-0.03377967,0.03202943,0.015657678,0.1965,0.10360513,1.0,,,,,,,,,,,,,,,,,,,,,,,,,,,,,,,,,,,,,,,,,,,,
525.0,-0.01617438184921266,0.05010712146759033,0.0006535053253173828,0.3647836446762085,0.0,0.15452583,0.08351316,1.0006535,0.10711528,0.08999111,6.5637414e-07,0.0018265247,-0.007630348,0.015323877,0.078102075,-0.076214775,-0.012868019,0.196875,0.103798285,1.0,,,,,,,,,,,,,,,,,,,,,,,,,,,,,,,,,,,,,,,,,,,,
526.0,-0.016095395551643743,0.049972888082265854,0.0006535053253173828,0.36740946769714355,0.0,0.15497075,0.0838877,1.0006535,0.106779136,0.0898903,5.172764e-07,0.0016877651,-0.007494688,0.015390158,-0.03379922,0.03203097,0.015656874,0.19725,0.10399143,1.0,,,,,,,,,,,,,,,,,,,,,,,,,,,,,,,,,,,,,,,,,,,,
527.0,-0.016014995341752367,0.04983998090028763,0.0006535053253173828,0.37009790539741516,0.0,0.15541428,0.08426185,1.0006535,0.10644853,0.08979527,6.018184e-07,0.0020081997,-0.00781703,0.015334129,0.078089036,-0.07620668,-0.01286821,0.197625,0.10418453,1.0,,,,,,,,,,,,,,,,,,,,,,,,,,,,,,,,,,,,,,,,,,,,
528.0,-0.01593218923462191,0.049708329141139984,0.0006535053253173828,0.3728477656841278,0.0,0.15585639,0.08463555,1.0006535,0.10610503,0.089686975,4.568446e-07,0.0018694401,-0.007681608,0.01540041,-0.033818763,0.032032505,0.01565606,0.198,0.10437762,1.0,,,,,,,,,,,,,,,,,,,,,,,,,,,,,,,,,,,,,,,,,,,,
529.0,-0.015847518882773148,0.049577973783016205,0.0006535053253173828,0.37565794587135315,0.0,0.15629709,0.085008815,1.0006535,0.10576708,0.089584455,5.448413e-07,0.0021896362,-0.007784605,0.01534462,0.07726481,-0.02357829,-0.01277002,0.198375,0.10457068,1.0,,,,,,,,,,,,,,,,,,,,,,,,,,,,,,,,,,,,,,,,,,,,
530.0,-0.015760619394957032,0.04944890737533569,0.0006535053253173828,0.37852731347084045,0.0,0.15673636,0.085381605,1.0006535,0.105425194,0.08946883,4.6498826e-07,0.0020508766,-0.007429838,0.015411377,-0.03464006,0.08464211,0.015777702,0.19875,0.10476371,1.0,,,,,,,,,,,,,,,,,,,,,,,,,,,,,,,,,,,,,,,,,,,,
531.0,-0.01567244319869351,0.04932119697332382,0.0006535053253173828,0.3814547061920166,0.0,0.15717426,0.08575393,1.0006535,0.10509782,0.08935911,6.0611586e-07,0.0023710728,-0.0075330734,0.015355825,0.07724621,-0.023594825,-0.012794633,0.199125,0.10495672,1.0,,,,,,,,,,,,,,,,,,,,,,,,,,,,,,,,,,,,,,,,,,,,
532.0,-0.015582108875197448,0.049194805324077606,0.0006535053253173828,0.3844389319419861,0.0,0.15761079,0.086125754,1.0006535,0.10476651,0.08923628,5.124596e-07,0.0022323132,-0.0071783066,0.015422583,-0.034652736,0.08461911,0.015800765,0.1995,0.105149694,1.0,,,,,,,,,,,,,,,,,,,,,,,,,,,,,,,,,,,,,,,,,,,,
533.0,-0.015490563196736914,0.049069784581661224,0.0006535053253173828,0.3874789774417877,0.0,0.15804599,0.08649708,1.0006535,0.1044497,0.089119375,6.541855e-07,0.0025525093,-0.0072817802,0.015366793,0.077227615,-0.023611348,-0.012819227,0.199875,0.10534264,1.0,,,,,,,,,,,,,,,,,,,,,,,,,,,,,,,,,,,,,,,,,,,,
534.0,-0.0153974123985754,0.048946160823106766,0.0006535053253173828,0.3905736804008484,0.0,0.15847987,0.08686787,1.0006535,0.10412895,0.08898936,5.590625e-07,0.0024135113,-0.0069270134,0.015433788,-0.034665402,0.08459613,0.01582381,0.20025,0.105535574,1.0,,,,,,,,,,,,,,,,,,,,,,,,,,,,,,,,,,,,,,,,,,,,
535.0,-0.015302722711896788,0.04882396385073662,0.0006535529973916709,0.3937218487262726,0.0,0.15891246,0.08723814,1.0006535,0.10382269,0.08886527,6.984947e-07,0.0027337074,-0.007030487,0.015377998,0.077209026,-0.02362786,-0.012843803,0.200625,0.10572847,1.0,,,,,,,,,,,,,,,,,,,,,,,,,,,,,,,,,,,,,,,,,,,,
536.0,-0.015206213786399168,0.04870311915874481,0.0006535529973916709,0.39692240953445435,0.0,0.15934376,0.087607846,1.0006535,0.10351249,0.088728085,6.0258776e-07,0.002594471,-0.00667572,0.015444994,-0.034678057,0.08457314,0.01584684,0.201,0.10592134,1.0,,,,,,,,,,,,,,,,,,,,,,,,,,,,,,,,,,,,,,,,,,,,
537.0,-0.015107863389085107,0.04858369752764702,0.0006535529973916709,0.40017426013946533,0.0,0.15977383,0.08797699,1.0006535,0.103216775,0.08859682,7.3957034e-07,0.0029146671,-0.006779194,0.015389204,0.077190444,-0.023644364,-0.01286836,0.201375,0.106114194,1.0,,,,,,,,,,,,,,,,,,,,,,,,,,,,,,,,,,,,,,,,,,,,
538.0,-0.015008475709464985,0.04846564680337906,0.0006535529973916709,0.4034762680530548,0.0,0.16020265,0.08834555,1.0006535,0.102917105,0.088452466,6.4291964e-07,0.0027754307,-0.006424904,0.015456438,-0.0346907,0.084550165,0.015869852,0.20175,0.106307015,1.0,,,,,,,,,,,,,,,,,,,,,,,,,,,,,,,,,,,,,,,,,,,,
539.0,-0.014907162374707697,0.04834894835948944,0.0006535529973916709,0.40682730078697205,0.0,0.16063029,0.08871352,1.0006535,0.10263192,0.088314034,7.774475e-07,0.0030956268,-0.0065283775,0.015400648,0.077171855,-0.023660855,-0.012892899,0.202125,0.106499806,1.0,,,,,,,,,,,,,,,,,,,,,,,,,,,,,,,,,,,,,,,,,,,,
540.0,-0.014804875693495706,0.04823361709713936,0.0006535529973916709,0.41022634506225586,0.0,0.16105671,0.08908087,1.0006535,0.10234278,0.08816252,6.8005784e-07,0.0029563904,-0.006173849,0.015467644,-0.034703333,0.084527194,0.015892847,0.2025,0.106692575,1.0,,,,,,,,,,,,,,,,,,,,,,,,,,,,,,,,,,,,,,,,,,,,
541.0,-0.014700845005176964,0.04811961203813553,0.0006535529973916709,0.4136723577976227,0.0,0.16148199,0.0894476,1.0006535,0.10206811,0.088016935,8.121342e-07,0.003276348,-0.006277561,0.015411854,0.07715327,-0.023677336,-0.012917419,0.202875,0.106885314,1.0,,,,,,,,,,,,,,,,,,,,,,,,,,,,,,,,,,,,,,,,,,,,
542.0,-0.01459590753875673,0.04800692945718765,0.0006535529973916709,0.4171641767024994,0.0,0.16190612,0.08981368,1.0006535,0.101789474,0.08785827,7.140086e-07,0.0031371117,-0.005923271,0.015479088,-0.034715954,0.084504224,0.015915826,0.20325,0.10707803,1.0,,,,,,,,,,,,,,,,,,,,,,,,,,,,,,,,,,,,,,,,,,,,
543.0,-0.01448917194550886,0.04789554327726364,0.0006535529973916709,0.4207007586956024,0.0,0.16232914,0.09017912,1.0006535,0.101525314,0.08770554,8.4363694e-07,0.0034570694,-0.0060269833,0.015423059,0.0771347,-0.023693806,-0.012941921,0.203625,0.10727072,1.0,,,,,,,,,,,,,,,,,,,,,,,,,,,,,,,,,,,,,,,,,,,,
544.0,-0.014381591156556534,0.04778551310300827,0.0006535529973916709,0.4242810904979706,0.0,0.16275105,0.090543866,1.0006535,0.10125718,0.087539725,7.447782e-07,0.0033175945,-0.0056726933,0.0154902935,-0.03472856,0.08448127,0.015938789,0.204,0.107463375,1.0,,,,,,,,,,,,,,,,,,,,,,,,,,,,,,,,,,,,,,,,,,,,
545.0,-0.014272273423128357,0.04767679423093796,0.0006535529973916709,0.4279041588306427,0.0,0.1631719,0.09090795,1.0006535,0.10100351,0.08737986,8.719623e-07,0.0036375523,-0.0057764053,0.015434504,0.077116124,-0.023710264,-0.012966405,0.204375,0.10765601,1.0,,,,,,,,,,,,,,,,,,,,,,,,,,,,,,,,,,,,,,,,,,,,
546.0,-0.014162253244997558,0.047569382935762405,0.0006535529973916709,0.4315689206123352,0.0,0.16359167,0.09127131,1.0006535,0.100745864,0.087206915,7.7237314e-07,0.0034980774,-0.0054223537,0.015501738,-0.03474116,0.08445832,0.015961735,0.20475,0.107848614,1.0,,,,,,,,,,,,,,,,,,,,,,,,,,,,,,,,,,,,,,,,,,,,
547.0,-0.01405039250001137,0.04746320843696594,0.0006535529973916709,0.4352744519710541,0.0,0.16401044,0.09163398,1.0006535,0.100502685,0.08703991,8.9711654e-07,0.0038177967,-0.0055263042,0.015445948,0.07709756,-0.023726713,-0.0129908705,0.205125,0.1080412,1.0,,,,,,,,,,,,,,,,,,,,,,,,,,,,,,,,,,,,,,,,,,,,
548.0,-0.013938067733540085,0.04735832288861275,0.0006535529973916709,0.43901970982551575,0.0,0.16442816,0.091995895,1.0006535,0.10025551,0.086859845,7.9679995e-07,0.0036785603,-0.0051722527,0.015513182,-0.034753744,0.08443537,0.015984664,0.2055,0.10823375,1.0,,,,,,,,,,,,,,,,,,,,,,,,,,,,,,,,,,,,,,,,,,,,
549.0,-0.013823768163201022,0.04725475236773491,0.0006535529973916709,0.44280368089675903,0.0,0.16484493,0.092357084,1.0006535,0.1000228,0.086685725,9.191061e-07,0.003998041,-0.005276203,0.015457392,0.07707899,-0.02374315,-0.013015317,0.205875,0.10842627,1.0,,,,,,,,,,,,,,,,,,,,,,,,,,,,,,,,,,,,,,,,,,,,
550.0,-0.013709255940737058,0.04715241864323616,0.0006535529973916709,0.4466255307197571,0.0,0.1652607,0.0927175,1.0006535,0.09978609,0.086498536,8.1806485e-07,0.0038588047,-0.0049221516,0.015524864,-0.03476632,0.08441244,0.016007576,0.20625,0.10861877,1.0,,,,,,,,,,,,,,,,,,,,,,,,,,,,,,,,,,,,,,,,,,,,
551.0,-0.013592627410816205,0.04705134034156799,0.0006535529973916709,0.4504842460155487,0.0,0.16567555,0.09307715,1.0006535,0.09956384,0.0863173,9.379376e-07,0.0041782856,-0.005026102,0.015468836,0.077060424,-0.023759577,-0.013039745,0.206625,0.108811244,1.0,,,,,,,,,,,,,,,,,,,,,,,,,,,,,,,,,,,,,,,,,,,,
552.0,-0.013476042152925222,0.04695151001214981,0.0006535529973916709,0.4543788731098175,0.0,0.16608946,0.093435995,1.0006535,0.09933758,0.086123005,8.3617437e-07,0.0040388107,-0.004672289,0.015536308,-0.03477888,0.08438951,0.01603047,0.207,0.10900369,1.0,,,,,,,,,,,,,,,,,,,,,,,,,,,,,,,,,,,,,,,,,,,,
553.0,-0.013357201949994488,0.046852946281433105,0.0006535529973916709,0.45830848813056946,0.0,0.16650248,0.09379406,1.0006535,0.09912577,0.08593467,9.5361725e-07,0.0043582916,-0.0047762394,0.01548028,0.077041864,-0.023775993,-0.013064156,0.207375,0.109196104,1.0,,,,,,,,,,,,,,,,,,,,,,,,,,,,,,,,,,,,,,,,,,,,
554.0,-0.013238651783961542,0.0467555932700634,0.0006535529973916709,0.4622722864151001,0.0,0.1669146,0.09415128,1.0006535,0.09890996,0.08573327,8.511348e-07,0.0042188168,-0.0044226646,0.015547991,-0.034791432,0.08436659,0.016053349,0.20775,0.1093885,1.0,,,,,,,,,,,,,,,,,,,,,,,,,,,,,,,,,,,,,,,,,,,,
555.0,-0.013118467643846818,0.0466594435274601,0.0006535529973916709,0.46624597907066345,0.0,0.16732588,0.09450769,1.0006535,0.09870858,0.08553784,9.661516e-07,0.0045380592,-0.004526615,0.015491962,0.07702331,-0.0237924,-0.013088548,0.208125,0.10958086,1.0,,,,,,,,,,,,,,,,,,,,,,,,,,,,,,,,,,,,,,,,,,,,
556.0,-0.012998699526484418,0.04656452313065529,0.0006535529973916709,0.4702518582344055,0.0,0.16773632,0.09486323,1.0006535,0.098503195,0.085329354,8.629526e-07,0.0043985844,-0.0041730404,0.015559435,-0.034803975,0.08434367,0.01607621,0.2085,0.1097732,1.0,,,,,,,,,,,,,,,,,,,,,,,,,,,,,,,,,,,,,,,,,,,,
557.0,-0.012877325220220521,0.04647083953022957,0.0006535768625326455,0.4742656648159027,0.0,0.16814595,0.09521792,1.0006535,0.098312244,0.08512683,9.755468e-07,0.004717827,-0.0042772293,0.015503645,0.07700475,-0.023808794,-0.013112921,0.208875,0.1099655,1.0,,,,,,,,,,,,,,,,,,,,,,,,,,,,,,,,,,,,,,,,,,,,
558.0,-0.012756421248168046,0.04637829586863518,0.0006535768625326455,0.47830983996391296,0.0,0.16855478,0.09557172,1.0006536,0.09811728,0.084911264,8.716343e-07,0.0045781136,-0.0039236546,0.015571117,-0.034816504,0.08432076,0.016099056,0.20925,0.11015778,1.0,,,,,,,,,,,,,,,,,,,,,,,,,,,,,,,,,,,,,,,,,,,,
559.0,-0.012876358644077848,0.046286966651678085,0.0006535768625326455,0.47428029775619507,0.0,0.16896285,0.095924646,1.0006536,0.097936735,0.084701665,6.138861e-07,0.004897356,-0.0040278435,0.015515089,0.07698621,-0.023825178,-0.013137277,0.209625,0.110350035,1.0,,,,,,,,,,,,,,,,,,,,,,,,,,,,,,,,,,,,,,,,,,,,
560.0,-0.013010680048564247,0.0461968258023262,0.0006535768625326455,0.4698173701763153,0.0,0.16937014,0.09627664,1.0006536,0.097752176,0.08447902,5.9564394e-07,0.0047576427,-0.0036745071,0.0155828,-0.03482902,0.084297866,0.016121887,0.21,0.11054226,1.0,,,,,,,,,,,,,,,,,,,,,,,,,,,,,,,,,,,,,,,,,,,,
561.0,-0.013143071304158368,0.04610787704586983,0.0006535768625326455,0.46537312865257263,0.0,0.16977674,0.096627735,1.0006536,0.09758203,0.084262356,6.83123e-07,0.005076885,-0.003778696,0.015526772,0.076967664,-0.023841552,-0.013161614,0.210375,0.110734455,1.0,,,,,,,,,,,,,,,,,,,,,,,,,,,,,,,,,,,,,,,,,,,,
562.0,-0.01327626689690951,0.04602004215121269,0.0006535768625326455,0.4609481394290924,0.0,0.1701826,0.09697787,1.0006536,0.09740786,0.08403264,5.8255307e-07,0.004937172,-0.0034253597,0.015594721,-0.034841526,0.08427497,0.016144698,0.21075,0.11092663,1.0,,,,,,,,,,,,,,,,,,,,,,,,,,,,,,,,,,,,,,,,,,,,
563.0,-0.013407494202053932,0.045933373272418976,0.0006535768625326455,0.45654308795928955,0.0,0.17058781,0.097327076,1.0006536,0.09724811,0.083808914,6.867829e-07,0.005256176,-0.003529787,0.0155386925,0.07694912,-0.023857916,-0.013185932,0.211125,0.11111877,1.0,,,,,,,,,,,,,,,,,,,,,,,,,,,,,,,,,,,,,,,,,,,,
564.0,-0.013539489133260942,0.04584786295890808,0.0006535768625326455,0.45215854048728943,0.0,0.17099233,0.097675286,1.0006536,0.09708432,0.08357215,5.810087e-07,0.0051164627,-0.0031764507,0.015606403,-0.03485402,0.08425208,0.016167494,0.2115,0.111310884,1.0,,,,,,,,,,,,,,,,,,,,,,,,,,,,,,,,,,,,,,,,,,,,
565.0,-0.013669481028387965,0.04576345533132553,0.0006535768625326455,0.4477950930595398,0.0,0.17139623,0.09802254,1.0006536,0.09693494,0.08334137,6.8388647e-07,0.0054354668,-0.0032811165,0.015550375,0.07693058,-0.023874268,-0.013210233,0.211875,0.11150297,1.0,,,,,,,,,,,,,,,,,,,,,,,,,,,,,,,,,,,,,,,,,,,,
566.0,-0.013800201469175228,0.045680172741413116,0.0006535768625326455,0.44345343112945557,0.0,0.17179948,0.09836879,1.0006536,0.09678152,0.08309755,5.771617e-07,0.0052957535,-0.0029277802,0.015618324,-0.034866504,0.0842292,0.016190272,0.21225,0.11169503,1.0,,,,,,,,,,,,,,,,,,,,,,,,,,,,,,,,,,,,,,,,,,,,
567.0,-0.013929022895892562,0.04559804126620293,0.0006535768625326455,0.4391342103481293,0.0,0.17220215,0.09871403,1.0006536,0.09664251,0.08285972,6.77693e-07,0.005614519,-0.003032446,0.0155620575,0.076912045,-0.023890609,-0.013234515,0.212625,0.11188706,1.0,,,,,,,,,,,,,,,,,,,,,,,,,,,,,,,,,,,,,,,,,,,,
568.0,-0.014058530476337183,0.045516978949308395,0.0006535768625326455,0.4348381459712982,0.0,0.17260423,0.09905824,1.0006536,0.09649945,0.08260886,5.702548e-07,0.0054745674,-0.002679348,0.015630007,-0.034878973,0.08420632,0.016213035,0.213,0.11207906,1.0,,,,,,,,,,,,,,,,,,,,,,,,,,,,,,,,,,,,,,,,,,,,
569.0,-0.014185956121220807,0.04543706029653549,0.0006535768625326455,0.43056583404541016,0.0,0.17300577,0.09940142,1.0006536,0.09637079,0.082364,6.6838817e-07,0.0057935715,-0.0027837753,0.015573978,0.076893516,-0.02390694,-0.0132587785,0.213375,0.11227103,1.0,,,,,,,,,,,,,,,,,,,,,,,,,,,,,,,,,,,,,,,,,,,,
570.0,-0.01431402628145079,0.04535820335149765,0.0006535768625326455,0.42631807923316956,0.0,0.17340676,0.09974353,1.0006536,0.09623808,0.08210611,5.602521e-07,0.0056536198,-0.0024309158,0.015641928,-0.034891434,0.084183455,0.01623578,0.21375,0.11246298,1.0,,,,,,,,,,,,,,,,,,,,,,,,,,,,,,,,,,,,,,,,,,,,
571.0,-0.014439967128331047,0.04528046026825905,0.0006535768625326455,0.4220956563949585,0.0,0.17380726,0.10008459,1.0006536,0.096119754,0.081854224,6.559882e-07,0.0059723854,-0.0025355816,0.015585899,0.07687499,-0.023923261,-0.013283025,0.214125,0.1126549,1.0,,,,,,,,,,,,,,,,,,,,,,,,,,,,,,,,,,,,,,,,,,,,
572.0,-0.014566511540964713,0.04520384222269058,0.0006536245346069336,0.4178991913795471,0.0,0.17420726,0.10042454,1.0006536,0.09599738,0.08158931,5.471577e-07,0.0058324337,-0.002182722,0.015653849,-0.034903884,0.084160596,0.01625851,0.2145,0.11284679,1.0,,,,,,,,,,,,,,,,,,,,,,,,,,,,,,,,,,,,,,,,,,,,
573.0,-0.014690880428357925,0.045128270983695984,0.0006536245346069336,0.41372957825660706,0.0,0.1746068,0.10076342,1.0006536,0.09588938,0.0813304,6.4049976e-07,0.006150961,-0.0022873878,0.01559782,0.076856464,-0.023939572,-0.013307252,0.214875,0.11303865,1.0,,,,,,,,,,,,,,,,,,,,,,,,,,,,,,,,,,,,,,,,,,,,
574.0,-0.01481580179613593,0.045053839683532715,0.0006536245346069336,0.4095875918865204,0.0,0.17500587,0.10110117,1.0006536,0.09577733,0.08105847,5.309778e-07,0.006011009,-0.0019345284,0.015666008,-0.034916323,0.084137745,0.016281221,0.21525,0.11323048,1.0,,,,,,,,,,,,,,,,,,,,,,,,,,,,,,,,,,,,,,,,,,,,
575.0,-0.014938502591639558,0.04498050734400749,0.0006536245346069336,0.4054740071296692,0.0,0.17540453,0.1014378,1.0006536,0.095679656,0.08079255,6.219294e-07,0.0063295364,-0.0020394325,0.015609741,0.07683794,-0.023955872,-0.013331461,0.215625,0.11342229,1.0,,,,,,,,,,,,,,,,,,,,,,,,,,,,,,,,,,,,,,,,,,,,
576.0,-0.015061707817961002,0.04490823298692703,0.0006536245346069336,0.40138962864875793,0.0,0.17580278,0.10177328,1.0006536,0.09557792,0.08051362,5.117185e-07,0.0061895847,-0.001686573,0.015677929,-0.034928747,0.084114894,0.016303917,0.216,0.11361407,1.0,,,,,,,,,,,,,,,,,,,,,,,,,,,,,,,,,,,,,,,,,,,,
577.0,-0.015182640507309409,0.044837042689323425,0.0006536245346069336,0.39733538031578064,0.0,0.17620066,0.10210761,1.0006536,0.095490545,0.0802407,6.002833e-07,0.006508112,-0.0017914772,0.015621662,0.07681943,-0.023972161,-0.013355652,0.216375,0.113805816,1.0,,,,,,,,,,,,,,,,,,,,,,,,,,,,,,,,,,,,,,,,,,,,
578.0,-0.015304024401617062,0.044766947627067566,0.0006536245346069336,0.39331212639808655,0.0,0.17659815,0.10244075,1.0006536,0.095399104,0.079954766,4.893863e-07,0.006367922,-0.0014388561,0.015690088,-0.034941163,0.08409206,0.016326597,0.21675,0.113997534,1.0,,,,,,,,,,,,,,,,,,,,,,,,,,,,,,,,,,,,,,,,,,,,
579.0,-0.015423083251766365,0.04469795525074005,0.0006536245346069336,0.3893207609653473,0.0,0.17699532,0.102772735,1.0006536,0.09532203,0.079674855,5.755677e-07,0.006686449,-0.0015439987,0.015633821,0.07680091,-0.023988439,-0.013379824,0.217125,0.11418923,1.0,,,,,,,,,,,,,,,,,,,,,,,,,,,,,,,,,,,,,,,,,,,,
580.0,-0.01554253928760882,0.044630005955696106,0.0006536245346069336,0.3853621780872345,0.0,0.17739215,0.10310349,1.0006536,0.095240876,0.07938193,4.639874e-07,0.006546259,-0.0011913776,0.01570201,-0.034953568,0.08406922,0.01634926,0.2175,0.11438089,1.0,,,,,,,,,,,,,,,,,,,,,,,,,,,,,,,,,,,,,,,,,,,,
581.0,-0.015659613473292852,0.04456314072012901,0.0006536245346069336,0.38143736124038696,0.0,0.17778872,0.10343306,1.0006536,0.09517409,0.07909503,5.4778894e-07,0.0068645477,-0.0012962818,0.015645742,0.0767824,-0.024004707,-0.013403979,0.217875,0.114572525,1.0,,,,,,,,,,,,,,,,,,,,,,,,,,,,,,,,,,,,,,,,,,,,
582.0,-0.01577702709977457,0.04449734091758728,0.0006536245346069336,0.3775472640991211,0.0,0.17818499,0.10376137,1.0006536,0.09510321,0.07879513,4.3552794e-07,0.0067243576,-0.00094389915,0.015714169,-0.03496596,0.0840464,0.016371906,0.21825,0.11476413,1.0,,,,,,,,,,,,,,,,,,,,,,,,,,,,,,,,,,,,,,,,,,,,
583.0,-0.01589200184577203,0.04443260282278061,0.0006536245346069336,0.3736928701400757,0.0,0.17858101,0.104088455,1.0006536,0.09504669,0.07850125,5.1695326e-07,0.0070426464,-0.0010490417,0.015657902,0.07676389,-0.024020964,-0.013428115,0.218625,0.11495571,1.0,,,,,,,,,,,,,,,,,,,,,,,,,,,,,,,,,,,,,,,,,,,,
584.0,-0.01600725398170107,0.044368915259838104,0.0006536245346069336,0.3698752224445343,0.0,0.17897679,0.10441427,1.0006536,0.09498608,0.07819437,4.0401434e-07,0.0069024563,-0.0006966591,0.015726328,-0.03497834,0.08402358,0.016394535,0.219,0.115147255,1.0,,,,,,,,,,,,,,,,,,,,,,,,,,,,,,,,,,,,,,,,,,,,
585.0,-0.01612000648218018,0.04430631548166275,0.0006536245346069336,0.36609530448913574,0.0,0.17937237,0.104738824,1.0006536,0.09493982,0.077893525,4.830669e-07,0.0072205067,-0.0008018017,0.015670061,0.07674539,-0.024037212,-0.013452233,0.219375,0.11533877,1.0,,,,,,,,,,,,,,,,,,,,,,,,,,,,,,,,,,,,,,,,,,,,
586.0,-0.01623297446434808,0.04424476623535156,0.0006536245346069336,0.36235421895980835,0.0,0.17976774,0.10506207,1.0006536,0.09488946,0.077579685,3.6945275e-07,0.0070803165,-0.00044965744,0.015738487,-0.034990713,0.08400077,0.016417148,0.21975,0.11553027,1.0,,,,,,,,,,,,,,,,,,,,,,,,,,,,,,,,,,,,,,,,,,,,
587.0,-0.016343376531211838,0.04418427124619484,0.0006536245346069336,0.35865306854248047,0.0,0.18016297,0.10538404,1.0006536,0.09485345,0.07727188,4.4613617e-07,0.007398367,-0.00055480003,0.01568222,0.07672689,-0.024053449,-0.013476333,0.220125,0.115721725,1.0,,,,,,,,,,,,,,,,,,,,,,,,,,,,,,,,,,,,,,,,,,,,
588.0,-0.016453927980783194,0.0441247932612896,0.0006536245346069336,0.35499295592308044,0.0,0.18055803,0.105704665,1.0006536,0.09481334,0.07695108,3.3184938e-07,0.0072579384,-0.00020265579,0.015750885,-0.03500307,0.08397796,0.016439743,0.2205,0.11591316,1.0,,,,,,,,,,,,,,,,,,,,,,,,,,,,,,,,,,,,,,,,,,,,
589.0,-0.016561787643586286,0.0440664067864418,0.0006536245346069336,0.35137495398521423,0.0,0.18095297,0.10602398,1.0006536,0.09478756,0.07663632,4.061672e-07,0.007575989,-0.0003080368,0.01569438,0.0767084,-0.024069674,-0.013500415,0.220875,0.116104566,1.0,,,,,,,,,,,,,,,,,,,,,,,,,,,,,,,,,,,,,,,,,,,,
590.0,-0.016669639427543008,0.04400902986526489,0.0006536245346069336,0.3478003144264221,0.0,0.18134779,0.106341936,1.0006536,0.094757676,0.07630858,2.9121054e-07,0.00743556,4.4107437e-05,0.015763044,-0.03501542,0.08395517,0.016462324,0.22125,0.11629594,1.0,,,,,,,,,,,,,,,,,,,,,,,,,,,,,,,,,,,,,,,,,,,,
591.0,-0.016775123679592798,0.043952688574790955,0.0006536245346069336,0.34427013993263245,0.0,0.18174255,0.10665855,1.0006536,0.09474213,0.07598688,3.6316624e-07,0.0077536106,-6.1273575e-05,0.015706778,0.07668991,-0.02408589,-0.013524478,0.221625,0.11648729,1.0,,,,,,,,,,,,,,,,,,,,,,,,,,,,,,,,,,,,,,,,,,,,
592.0,-0.016880221118913324,0.04389730468392372,0.0006536245346069336,0.3407856523990631,0.0,0.18213722,0.10697377,1.0006536,0.094722465,0.07565219,2.4754243e-07,0.007613182,0.00029063225,0.015775442,-0.035027757,0.08393238,0.016484886,0.222,0.1166786,1.0,,,,,,,,,,,,,,,,,,,,,,,,,,,,,,,,,,,,,,,,,,,,
593.0,-0.016982959701232904,0.04384300857782364,0.0006536245346069336,0.337348073720932,0.0,0.18253188,0.107287616,1.0006536,0.09471713,0.07532355,3.171395e-07,0.007930994,0.00018525124,0.015718937,0.076671414,-0.024102096,-0.013548523,0.222375,0.11686989,1.0,,,,,,,,,,,,,,,,,,,,,,,,,,,,,,,,,,,,,,,,,,,,
594.0,-0.01708517521618051,0.04378966987133026,0.0006536245346069336,0.3339586853981018,0.0,0.18292649,0.10760004,1.0006536,0.094707675,0.074981935,2.0085122e-07,0.0077905655,0.0004529953,0.015787125,-0.034722902,0.0637314,0.016347378,0.22275,0.117061146,1.0,,,,,,,,,,,,,,,,,,,,,,,,,,,,,,,,,,,,,,,,,,,,
595.0,-0.017184996370506272,0.04373730346560478,0.0006536245346069336,0.3306187093257904,0.0,0.18332112,0.107911065,1.0006536,0.0947091,0.07464632,2.697957e-07,0.008108139,0.00026345253,0.015730143,0.07697354,-0.044291664,-0.013723262,0.223125,0.11725238,1.0,,,,,,,,,,,,,,,,,,,,,,,,,,,,,,,,,,,,,,,,,,,,
596.0,-0.0172842169920732,0.0436859205365181,0.0006536245346069336,0.32732951641082764,0.0,0.18371572,0.10822064,1.0006536,0.09470297,0.074297674,1.5312925e-07,0.0079677105,0.0005311966,0.015798092,-0.0347379,0.06371812,0.01636082,0.2235,0.11744358,1.0,,,,,,,,,,,,,,,,,,,,,,,,,,,,,,,,,,,,,,,,,,,,
597.0,-0.01738096608674969,0.043635543435811996,0.0006536245346069336,0.3240923583507538,0.0,0.18411033,0.108528785,1.0006536,0.09470772,0.07395503,2.2234508e-07,0.008285522,0.00034165382,0.01574111,0.0769573,-0.04429843,-0.013737872,0.223875,0.11763475,1.0,,,,,,,,,,,,,,,,,,,,,,,,,,,,,,,,,,,,,,,,,,,,
598.0,-0.017477035256473757,0.04358610138297081,0.0006536245346069336,0.3209086060523987,0.0,0.18450494,0.10883545,1.0006536,0.0947049,0.07359935,1.0394264e-07,0.0081448555,0.00060915947,0.015809298,-0.034752887,0.06370483,0.016374247,0.22425,0.11782589,1.0,,,,,,,,,,,,,,,,,,,,,,,,,,,,,,,,,,,,,,,,,,,,
599.0,-0.01757041130687576,0.04353762045502663,0.0006536722066812217,0.317779541015625,0.0,0.18489957,0.10914066,1.0006536,0.09471297,0.07324969,1.7374995e-07,0.008462429,0.0004196167,0.015752077,0.076941065,-0.04430519,-0.013752471,0.224625,0.118017,1.0,,,,,,,,,,,,,,,,,,,,,,,,,,,,,,,,,,,,,,,,,,,,
600.0,-0.01765555109082343,0.04349008947610855,0.0006536722066812217,0.31470656394958496,0.0,0.18529421,0.10944435,1.0006536,0.09471348,0.07288701,5.3538628e-08,0.008321762,0.00068736076,0.015820265,-0.03476787,0.06369156,0.016387662,0.225,0.11820808,1.0,,,,,,,,,,,,,,,,,,,,,,,,,,,,,,,,,,,,,,,,,,,,
601.0,-0.017737945398608283,0.04344351589679718,0.0006536722066812217,0.3116910457611084,0.0,0.1856889,0.10974656,1.0006536,0.09472486,0.07253034,1.2395587e-07,0.008639336,0.0004975796,0.015763044,0.07692484,-0.044311948,-0.013767057,0.225375,0.118399136,1.0,,,,,,,,,,,,,,,,,,,,,,,,,,,,,,,,,,,,,,,,,,,,
602.0,-0.017819381926145433,0.043397851288318634,0.0006536722066812217,0.30873435735702515,0.0,0.1860836,0.11004723,1.0006536,0.09472867,0.07216065,1.933578e-09,0.008498669,0.0007650852,0.01583147,-0.03478284,0.06367829,0.016401066,0.22575,0.11859016,1.0,,,,,,,,,,,,,,,,,,,,,,,,,,,,,,,,,,,,,,,,,,,,
603.0,-0.017897991034569717,0.0433531329035759,0.0006536722066812217,0.3058378994464874,0.0,0.18647836,0.110346384,1.0006536,0.094743356,0.07179697,7.29626e-08,0.008816242,0.00057554245,0.01577425,0.07690861,-0.0443187,-0.013781631,0.226125,0.11878115,1.0,,,,,,,,,,,,,,,,,,,,,,,,,,,,,,,,,,,,,,,,,,,,
604.0,-0.017975562774750146,0.04330930858850479,0.0006536722066812217,0.3030030429363251,0.0,0.18687315,0.11064397,1.0006536,0.09475047,0.07142028,-5.0868856e-08,0.008675337,0.0008430481,0.015842438,-0.034797806,0.06366502,0.016414454,0.2265,0.118972115,1.0,,,,,,,,,,,,,,,,,,,,,,,,,,,,,,,,,,,,,,,,,,,,
605.0,-0.01805023008887802,0.04326639324426651,0.0006536722066812217,0.3002311587333679,0.0,0.18726803,0.11094001,1.0006536,0.094768465,0.07104961,2.0772866e-08,0.008992672,0.0006532669,0.015785217,0.0768924,-0.044325445,-0.0137961935,0.226875,0.11916305,1.0,,,,,,,,,,,,,,,,,,,,,,,,,,,,,,,,,,,,,,,,,,,,
606.0,-0.01812377837825843,0.04322437569499016,0.0006536722066812217,0.29752370715141296,0.0,0.18766294,0.11123445,1.0006536,0.09477888,0.07066593,-1.04865734e-07,0.008852005,0.00092077255,0.015853643,-0.034812767,0.06365175,0.016427832,0.22725,0.11935395,1.0,,,,,,,,,,,,,,,,,,,,,,,,,,,,,,,,,,,,,,,,,,,,
607.0,-0.018194344133814596,0.04318328574299812,0.0006536722066812217,0.29488205909729004,0.0,0.18805794,0.111527316,1.0006536,0.09480017,0.07028828,-3.261043e-08,0.00916934,0.00073099136,0.015796185,0.07687619,-0.04433219,-0.013810744,0.227625,0.11954483,1.0,,,,,,,,,,,,,,,,,,,,,,,,,,,,,,,,,,,,,,,,,,,,
608.0,-0.018263713613839355,0.04314306378364563,0.0006536722066812217,0.29230761528015137,0.0,0.188453,0.11181856,1.0006536,0.09481388,0.06989762,-1.6005414e-07,0.009028435,0.000998497,0.01586461,-0.034827717,0.063638486,0.016441198,0.228,0.11973567,1.0,,,,,,,,,,,,,,,,,,,,,,,,,,,,,,,,,,,,,,,,,,,,
609.0,-0.01833002685787506,0.04310370609164238,0.0006536722066812217,0.289801687002182,0.0,0.18884815,0.11210819,1.0006536,0.09483846,0.06951299,-8.71844e-08,0.00934577,0.0008087158,0.01580739,0.076859996,-0.044338927,-0.013825282,0.228375,0.11992648,1.0,,,,,,,,,,,,,,,,,,,,,,,,,,,,,,,,,,,,,,,,,,,,
610.0,-0.018395067669184213,0.043065186589956284,0.0006536722066812217,0.28736576437950134,0.0,0.18924339,0.11239618,1.0006536,0.094855465,0.06911536,-2.1643119e-07,0.009204626,0.001075983,0.015875816,-0.03484266,0.06362523,0.01645455,0.22875,0.12011727,1.0,,,,,,,,,,,,,,,,,,,,,,,,,,,,,,,,,,,,,,,,,,,,
611.0,-0.018456980445515365,0.04302757978439331,0.0006536722066812217,0.28500106930732727,0.0,0.18963873,0.11268253,1.0006536,0.09488333,0.06872377,-1.4294613e-07,0.009521961,0.00088620186,0.015818357,0.0768438,-0.044345662,-0.013839808,0.229125,0.12030803,1.0,,,,,,,,,,,,,,,,,,,,,,,,,,,,,,,,,,,,,,,,,,,,
612.0,-0.018517555313726192,0.042990803718566895,0.0006537198787555099,0.28270894289016724,0.0,0.19003417,0.11296719,1.0006536,0.09490362,0.06831918,-2.7399398e-07,0.009380817,0.0011534691,0.015886784,-0.034857597,0.06361198,0.01646789,0.2295,0.12049875,1.0,,,,,,,,,,,,,,,,,,,,,,,,,,,,,,,,,,,,,,,,,,,,
613.0,-0.018574932443840956,0.04295487701892853,0.0006537198787555099,0.2804907262325287,0.0,0.19042973,0.11325019,1.0006536,0.09493477,0.06792062,-1.9989277e-07,0.009698153,0.0009636879,0.015829563,0.076827615,-0.044352394,-0.013854323,0.229875,0.120689444,1.0,,,,,,,,,,,,,,,,,,,,,,,,,,,,,,,,,,,,,,,,,,,,
614.0,-0.01863090460413223,0.042919743806123734,0.0006537198787555099,0.2783476710319519,0.0,0.19082539,0.11353148,1.0006536,0.09495834,0.06750907,-3.327396e-07,0.009557009,0.0012309551,0.01589799,-0.034872524,0.06359873,0.016481219,0.23025,0.120880105,1.0,,,,,,,,,,,,,,,,,,,,,,,,,,,,,,,,,,,,,,,,,,,,
615.0,-0.018683619949106653,0.042885467410087585,0.0006537198787555099,0.2762809991836548,0.0,0.19122119,0.113811076,1.0006536,0.09499277,0.067103565,-2.580214e-07,0.009874105,0.0010409355,0.01584053,0.07681143,-0.044359118,-0.0138688255,0.230625,0.12107074,1.0,,,,,,,,,,,,,,,,,,,,,,,,,,,,,,,,,,,,,,,,,,,,
616.0,-0.018734873472083566,0.04285198077559471,0.0006537198787555099,0.27429190278053284,0.0,0.1916171,0.11408893,1.0006536,0.095019616,0.066685066,-3.9266524e-07,0.009732962,0.0013082027,0.015909195,-0.034887444,0.06358548,0.016494533,0.231,0.12126134,1.0,,,,,,,,,,,,,,,,,,,,,,,,,,,,,,,,,,,,,,,,,,,,
617.0,-0.018782813986425756,0.0428193099796772,0.0006537198787555099,0.2723815441131592,0.0,0.19201317,0.11436507,1.0006536,0.095057316,0.06627262,-3.1732912e-07,0.01004982,0.0011181831,0.015851736,0.076795265,-0.044365842,-0.013883315,0.231375,0.121451914,1.0,,,,,,,,,,,,,,,,,,,,,,,,,,,,,,,,,,,,,,,,,,,,
618.0,-0.018829240084689083,0.042787451297044754,0.0006537198787555099,0.27055102586746216,0.0,0.19240938,0.11463943,1.0006536,0.09508744,0.06584719,-4.5376794e-07,0.009908676,0.0013854504,0.015920162,-0.03490236,0.06357224,0.016507836,0.23175,0.12164246,1.0,,,,,,,,,,,,,,,,,,,,,,,,,,,,,,,,,,,,,,,,,,,,
619.0,-0.018872309083891745,0.04275637865066528,0.0006537198787555099,0.26880136132240295,0.0,0.19280575,0.11491205,1.0006536,0.09512841,0.0654278,-3.778131e-07,0.010225534,0.0011954308,0.015862703,0.0767791,-0.04437256,-0.013897793,0.232125,0.121832974,1.0,,,,,,,,,,,,,,,,,,,,,,,,,,,,,,,,,,,,,,,,,,,,
620.0,-0.01891381977878482,0.04272610694169998,0.0006537198787555099,0.26713359355926514,0.0,0.19320226,0.11518286,1.0006536,0.09516179,0.06499544,-5.1604485e-07,0.010084391,0.001462698,0.015931368,-0.034917265,0.063559,0.016521126,0.2325,0.122023456,1.0,,,,,,,,,,,,,,,,,,,,,,,,,,,,,,,,,,,,,,,,,,,,
621.0,-0.018951936037662383,0.04269656166434288,0.0006537198787555099,0.2655485272407532,0.0,0.19359894,0.1154519,1.0006536,0.09520602,0.06456912,-4.3947045e-07,0.010401249,0.0012726784,0.015873909,0.076762944,-0.04437927,-0.01391226,0.232875,0.12221391,1.0,,,,,,,,,,,,,,,,,,,,,,,,,,,,,,,,,,,,,,,,,,,,
622.0,-0.0189884600911013,0.04266780614852905,0.0006537198787555099,0.26404717564582825,0.0,0.19399579,0.11571911,1.0006536,0.09524267,0.06412984,-5.7949313e-07,0.010259867,0.0015397072,0.015942574,-0.034932163,0.06354577,0.016534403,0.23325,0.12240433,1.0,,,,,,,,,,,,,,,,,,,,,,,,,,,,,,,,,,,,,,,,,,,,
623.0,-0.019021560470183614,0.042639799416065216,0.0006537198787555099,0.2626301944255829,0.0,0.19439283,0.11598451,1.0006536,0.09529016,0.06369661,-5.022983e-07,0.010576725,0.0013496876,0.015885115,0.07674679,-0.04438598,-0.013926714,0.233625,0.122594714,1.0,,,,,,,,,,,,,,,,,,,,,,,,,,,,,,,,,,,,,,,,,,,,
624.0,-0.019053048901264993,0.04261251911520958,0.0006537198787555099,0.261298269033432,0.0,0.19479004,0.11624806,1.0006536,0.09533006,0.063250415,-6.4410983e-07,0.010435343,0.0016167164,0.01595378,-0.034947053,0.06353254,0.016547669,0.234,0.12278508,1.0,,,,,,,,,,,,,,,,,,,,,,,,,,,,,,,,,,,,,,,,,,,,
625.0,-0.019081094621618104,0.042585987597703934,0.0006537198787555099,0.2600520849227905,0.0,0.19518746,0.116509765,1.0006536,0.095380805,0.06281027,-5.662938e-07,0.010751963,0.0014266968,0.015896082,0.076730646,-0.044392683,-0.013941157,0.234375,0.12297541,1.0,,,,,,,,,,,,,,,,,,,,,,,,,,,,,,,,,,,,,,,,,,,,
626.0,-0.01910751451599208,0.042560186237096786,0.0006537198787555099,0.25889214873313904,0.0,0.19558506,0.11676958,1.0006536,0.09542396,0.062357172,-7.098922e-07,0.01061058,0.0016934872,0.015964985,-0.03496194,0.063519314,0.016560921,0.23475,0.123165704,1.0,,,,,,,,,,,,,,,,,,,,,,,,,,,,,,,,,,,,,,,,,,,,
627.0,-0.019130487881752926,0.04253511130809784,0.0006537198787555099,0.25781887769699097,0.0,0.19598289,0.11702754,1.0006536,0.09547795,0.061910134,-6.31454e-07,0.0109272,0.0015034676,0.015907288,0.076714516,-0.044399384,-0.013955587,0.235125,0.12335597,1.0,,,,,,,,,,,,,,,,,,,,,,,,,,,,,,,,,,,,,,,,,,,,
628.0,-0.019151832769445175,0.04251071810722351,0.0006537198787555099,0.25683262944221497,0.0,0.1963809,0.11728358,1.0006536,0.095524356,0.06145013,-7.7683734e-07,0.010785818,0.0017704964,0.01597619,-0.034976814,0.06350609,0.016574161,0.2355,0.123546205,1.0,,,,,,,,,,,,,,,,,,,,,,,,,,,,,,,,,,,,,,,,,,,,
629.0,-0.019169734597688514,0.04248703271150589,0.0006537198787555099,0.2559336721897125,0.0,0.19677916,0.11753774,1.0006536,0.09558159,0.0609962,-6.977761e-07,0.011102438,0.0015802383,0.015918493,0.076698385,-0.04440608,-0.013970005,0.235875,0.12373641,1.0,,,,,,,,,,,,,,,,,,,,,,,,,,,,,,,,,,,,,,,,,,,,
630.0,-0.019186019428546572,0.042464058846235275,0.0006537198787555099,0.2551221251487732,0.0,0.19717762,0.11778994,1.0006536,0.095631234,0.06052931,-8.449424e-07,0.010960817,0.0018472672,0.015987396,-0.03499168,0.06349287,0.016587388,0.23625,0.12392659,1.0,,,,,,,,,,,,,,,,,,,,,,,,,,,,,,,,,,,,,,,,,,,,
631.0,-0.019198878139774025,0.042441774159669876,0.0006537198787555099,0.25439804792404175,0.0,0.19757634,0.11804023,1.0006536,0.09569171,0.060068496,-7.652573e-07,0.011277437,0.0016570091,0.015929699,0.07668226,-0.04441277,-0.013984411,0.236625,0.12411673,1.0,,,,,,,,,,,,,,,,,,,,,,,,,,,,,,,,,,,,,,,,,,,,
632.0,-0.019210139559982783,0.04242011904716492,0.0006537198787555099,0.2537614107131958,0.0,0.19797528,0.11828854,1.0006536,0.095744595,0.059594724,-9.1420446e-07,0.011135817,0.0019237995,0.015998602,-0.035006545,0.06347966,0.016600603,0.237,0.12430684,1.0,,,,,,,,,,,,,,,,,,,,,,,,,,,,,,,,,,,,,,,,,,,,
633.0,-0.01921800315667133,0.042399145662784576,0.0006537198787555099,0.253212034702301,0.0,0.19837448,0.1185349,1.0006536,0.095808305,0.059127033,-8.338947e-07,0.011452198,0.0017337799,0.015940666,0.076666154,-0.04441946,-0.013998806,0.237375,0.12449693,1.0,,,,,,,,,,,,,,,,,,,,,,,,,,,,,,,,,,,,,,,,,,,,
634.0,-0.019224302555854958,0.042378831654787064,0.0006537198787555099,0.2527496814727783,0.0,0.1987739,0.118779264,1.0006536,0.095864415,0.058646392,-9.846208e-07,0.011310577,0.0020003319,0.016009808,-0.0350214,0.06346645,0.016613806,0.23775,0.12468698,1.0,,,,,,,,,,,,,,,,,,,,,,,,,,,,,,,,,,,,,,,,,,,,
635.0,-0.019227242042620492,0.04235918074846268,0.0006537198787555099,0.25237396359443665,0.0,0.19917363,0.11902165,1.0006536,0.09593136,0.05817183,-9.036855e-07,0.011626959,0.0018103123,0.015951872,0.076650046,-0.04442614,-0.014013188,0.238125,0.124877,1.0,,,,,,,,,,,,,,,,,,,,,,,,,,,,,,,,,,,,,,,,,,,,
636.0,-0.019228659507526755,0.04234012961387634,0.0006537198787555099,0.2520844638347626,0.0,0.19957359,0.119261995,1.0006536,0.095990695,0.057684325,-1.0561884e-06,0.0114851,0.0020768642,0.016021013,-0.035036243,0.06345324,0.016626997,0.2385,0.12506698,1.0,,,,,,,,,,,,,,,,,,,,,,,,,,,,,,,,,,,,,,,,,,,,
637.0,-0.019226768888230435,0.042321737855672836,0.0006537198787555099,0.2518804967403412,0.0,0.19997384,0.11950034,1.0006536,0.096060865,0.057202905,-9.746269e-07,0.011801481,0.0018866062,0.015963078,0.076633945,-0.04443282,-0.014027559,0.238875,0.12525694,1.0,,,,,,,,,,,,,,,,,,,,,,,,,,,,,,,,,,,,,,,,,,,,
638.0,-0.019223406466597228,0.04230394959449768,0.0006537198787555099,0.2517615854740143,0.0,0.20037435,0.11973663,1.0006536,0.09612342,0.056708544,-1.1289045e-06,0.011659622,0.0021533966,0.016032219,-0.035051085,0.06344004,0.016640173,0.23925,0.12544687,1.0,,,,,,,,,,,,,,,,,,,,,,,,,,,,,,,,,,,,,,,,,,,,
639.0,-0.019216793691348724,0.042286764830350876,0.0006537437438964844,0.25172680616378784,0.0,0.20077518,0.11997088,1.0006536,0.09619681,0.056220274,-1.0467159e-06,0.011975765,0.0019631386,0.015974283,0.07661785,-0.044439495,-0.014041917,0.239625,0.12563676,1.0,,,,,,,,,,,,,,,,,,,,,,,,,,,,,,,,,,,,,,,,,,,,
640.0,-0.01920877370616654,0.042270153760910034,0.0006537437438964844,0.2517753839492798,0.0,0.20117627,0.12020304,1.0006535,0.09626259,0.055719063,-1.2027665e-06,0.011833906,0.0022296906,0.016043425,-0.035065915,0.063426845,0.01665334,0.24,0.12582663,1.0,,,,,,,,,,,,,,,,,,,,,,,,,,,,,,,,,,,,,,,,,,,,
641.0,-0.019197563601029106,0.042254187166690826,0.0006537437438964844,0.2519063651561737,0.0,0.20157768,0.12043314,1.0006535,0.09633919,0.055223946,-7.5204645e-07,0.012150049,0.0020394325,0.015985489,0.076601766,-0.044446163,-0.014056264,0.240375,0.12601645,1.0,,,,,,,,,,,,,,,,,,,,,,,,,,,,,,,,,,,,,,,,,,,,
642.0,-0.019184776641363716,0.042238786816596985,0.0006537437438964844,0.25211867690086365,0.0,0.20197938,0.120661125,1.0006535,0.09640818,0.054715898,-9.962181e-07,0.01200819,0.0022964478,0.01605463,-0.035044204,0.061124865,0.016638678,0.24075,0.12620625,1.0,,,,,,,,,,,,,,,,,,,,,,,,,,,,,,,,,,,,,,,,,,,,
643.0,-0.019169315464357354,0.04222393408417702,0.0006537437438964844,0.2524113059043884,0.0,0.20238142,0.12088701,1.0006535,0.0964876,0.05421394,-8.9160835e-07,0.011841297,0.0020964146,0.015996456,-0.03931157,-0.04860251,-0.013831086,0.241125,0.12639603,1.0,,,,,,,,,,,,,,,,,,,,,,,,,,,,,,,,,,,,,,,,,,,,
644.0,-0.019152153881382403,0.04220965504646301,0.0006537437438964844,0.25278300046920776,0.0,0.20278375,0.12111084,1.0006535,0.0965587,0.053718798,-8.1680275e-07,0.012132883,0.0023534298,0.016065598,0.06897765,0.06279057,0.016402842,0.2415,0.12658577,1.0,,,,,,,,,,,,,,,,,,,,,,,,,,,,,,,,,,,,,,,,,,,,
645.0,-0.019132400926569246,0.042195964604616165,0.0006537437438964844,0.25323250889778137,0.0,0.20318641,0.121332556,1.0006535,0.09664052,0.053212028,-1.0005969e-06,0.011965752,0.002153635,0.016007423,-0.039324965,-0.04859881,-0.013835357,0.241875,0.12677546,1.0,,,,,,,,,,,,,,,,,,,,,,,,,,,,,,,,,,,,,,,,,,,,
646.0,-0.019111029330950262,0.04218278452754021,0.0006537437438964844,0.2537585198879242,0.0,0.20358938,0.12155219,1.0006535,0.09671401,0.052712064,-8.567573e-07,0.012257338,0.0024106503,0.016076565,0.068964854,0.0627917,0.016405933,0.24225,0.12696514,1.0,,,,,,,,,,,,,,,,,,,,,,,,,,,,,,,,,,,,,,,,,,,,
647.0,-0.019086975844320845,0.04217016324400902,0.0006537437438964844,0.254359632730484,0.0,0.20399271,0.1217697,1.0006535,0.09679822,0.052200485,-1.058813e-06,0.012089968,0.0022108555,0.01601839,-0.039338354,-0.04859511,-0.013839618,0.242625,0.12715478,1.0,,,,,,,,,,,,,,,,,,,,,,,,,,,,,,,,,,,,,,,,,,,,
648.0,-0.019061376938212925,0.042158059775829315,0.0006537437438964844,0.2550344169139862,0.0,0.20439635,0.12198509,1.0006535,0.09687411,0.051695716,-9.0934424e-07,0.012030125,0.0024678707,0.016087532,-0.015383664,0.061441775,0.016595494,0.243,0.12734438,1.0,,,,,,,,,,,,,,,,,,,,,,,,,,,,,,,,,,,,,,,,,,,,
649.0,-0.019033348424232103,0.042146503925323486,0.0006537437438964844,0.2557813823223114,0.0,0.20480035,0.1221984,1.0006535,0.096960485,0.05119369,-9.3943095e-07,0.011511564,0.002268076,0.016029596,-0.123667985,-0.04995741,-0.013618868,0.243375,0.12753397,1.0,,,,,,,,,,,,,,,,,,,,,,,,,,,,,,,,,,,,,,,,,,,,
650.0,-0.019003860973298287,0.04213541001081467,0.0006537437438964844,0.256599098443985,0.0,0.20520468,0.1224097,1.0006535,0.09703831,0.050712846,-6.635169e-07,0.011451721,0.0025250912,0.01609826,-0.015357061,0.061454542,0.016560245,0.24375,0.12772352,1.0,,,,,,,,,,,,,,,,,,,,,,,,,,,,,,,,,,,,,,,,,,,,
651.0,-0.018972033621276935,0.042124830186367035,0.0006537437438964844,0.2574859857559204,0.0,0.20560938,0.12261902,1.0006535,0.09712661,0.05023474,-7.2536125e-07,0.010933161,0.002325058,0.016040564,-0.12364146,-0.04996346,-0.013584395,0.244125,0.12791303,1.0,,,,,,,,,,,,,,,,,,,,,,,,,,,,,,,,,,,,,,,,,,,,
652.0,-0.018938840982654075,0.0421147495508194,0.0006537437438964844,0.25844046473503113,0.0,0.20601441,0.12282642,1.0006535,0.09720636,0.04977779,-4.5383396e-07,0.010873556,0.0025823116,0.016109228,-0.015330474,0.061467286,0.016524998,0.2445,0.12810251,1.0,,,,,,,,,,,,,,,,,,,,,,,,,,,,,,,,,,,,,,,,,,,,
653.0,-0.01890340172255383,0.04210515320301056,0.0006537437438964844,0.2594608962535858,0.0,0.20641981,0.12303194,1.0006535,0.097296596,0.049323577,-5.167232e-07,0.010355234,0.0023822784,0.01605153,-0.123614945,-0.049969483,-0.013549931,0.244875,0.12829196,1.0,,,,,,,,,,,,,,,,,,,,,,,,,,,,,,,,,,,,,,,,,,,,
654.0,-0.01886669056943065,0.04209602624177933,0.0006537437438964844,0.26054564118385315,0.0,0.20682555,0.12323565,1.0006535,0.09737828,0.048890512,-2.5678096e-07,0.010295391,0.002639532,0.016119957,-0.0153038995,0.061480004,0.016489755,0.24525,0.12848137,1.0,,,,,,,,,,,,,,,,,,,,,,,,,,,,,,,,,,,,,,,,,,,,
655.0,-0.018827778274378947,0.04208734259009361,0.0006537437438964844,0.2616930305957794,0.0,0.20723167,0.12343757,1.0006535,0.09747043,0.048460167,-3.1901993e-07,0.0097773075,0.0024397373,0.016062498,-0.12358844,-0.04997549,-0.013515475,0.245625,0.12867077,1.0,,,,,,,,,,,,,,,,,,,,,,,,,,,,,,,,,,,,,,,,,,,,
656.0,-0.018787690424600444,0.0420791395008564,0.0006537437438964844,0.2629013955593109,0.0,0.20763814,0.12363778,1.0006535,0.09755404,0.048050962,-7.1050174e-08,0.009717703,0.0025999546,0.016129732,-0.014904815,0.03826781,0.016227402,0.246,0.12886012,1.0,,,,,,,,,,,,,,,,,,,,,,,,,,,,,,,,,,,,,,,,,,,,
657.0,-0.018745548190781846,0.04207136109471321,0.0006537437438964844,0.26416900753974915,0.0,0.208045,0.123836294,1.0006535,0.09764418,0.047644407,-1.2206269e-07,0.009199619,0.002303362,0.01607132,-0.12318543,-0.07320086,-0.013718673,0.246375,0.12904944,1.0,,,,,,,,,,,,,,,,,,,,,,,,,,,,,,,,,,,,,,,,,,,,
658.0,-0.01870232454334473,0.04206400364637375,0.0006537437438964844,0.26549413800239563,0.0,0.20845218,0.124033205,1.0006535,0.09772181,0.047258914,1.1996815e-07,0.009140253,0.0024638176,0.016138792,-0.014880828,0.038291298,0.016203018,0.24675,0.12923872,1.0,,,,,,,,,,,,,,,,,,,,,,,,,,,,,,,,,,,,,,,,,,,,
659.0,-0.018657142706569724,0.042057134211063385,0.0006537437438964844,0.26687508821487427,0.0,0.2088597,0.12422852,1.0006535,0.09780597,0.046876058,6.978771e-08,0.0086221695,0.002167225,0.016080618,-0.12315594,-0.07319571,-0.013694678,0.247125,0.12942798,1.0,,,,,,,,,,,,,,,,,,,,,,,,,,,,,,,,,,,,,,,,,,,,
660.0,-0.018610975915112068,0.04205067828297615,0.0006537437438964844,0.2683100998401642,0.0,0.20926753,0.124422334,1.0006535,0.09787762,0.04651426,2.97695e-07,0.008562803,0.002327919,0.016147852,-0.014856849,0.038314763,0.01617863,0.2475,0.12961721,1.0,,,,,,,,,,,,,,,,,,,,,,,,,,,,,,,,,,,,,,,,,,,,
661.0,-0.018562944049183717,0.042044591158628464,0.0006537437438964844,0.26979750394821167,0.0,0.20967567,0.12461465,1.0006535,0.097955815,0.046155088,2.5027387e-07,0.008044958,0.0020310879,0.016089678,-0.12312646,-0.073190555,-0.013670689,0.247875,0.1298064,1.0,,,,,,,,,,,,,,,,,,,,,,,,,,,,,,,,,,,,,,,,,,,,
662.0,-0.018514299269172627,0.042038969695568085,0.0006537437438964844,0.27133554220199585,0.0,0.2100841,0.124805555,1.0006535,0.0980215,0.04581696,4.6361754e-07,0.00798583,0.002191782,0.016156912,-0.0148328785,0.038338207,0.016154239,0.24825,0.12999557,1.0,,,,,,,,,,,,,,,,,,,,,,,,,,,,,,,,,,,,,,,,,,,,
663.0,-0.018463446945465697,0.04203376919031143,0.0006537437438964844,0.27292245626449585,0.0,0.21049282,0.12499506,1.0006535,0.098093726,0.045481447,4.1906503e-07,0.008023739,0.0018951893,0.016098976,0.010273557,-0.07103034,-0.013939076,0.248625,0.1301847,1.0,,,,,,,,,,,,,,,,,,,,,,,,,,,,,,,,,,,,,,,,,,,,
664.0,-0.018412115055923644,0.04202895611524582,0.0006537437438964844,0.27455660700798035,0.0,0.2109018,0.12518317,1.0006535,0.098153815,0.045144256,4.418576e-07,0.0076036453,0.0020561218,0.016165972,-0.10141469,0.036950666,0.016315196,0.249,0.13037379,1.0,,,,,,,,,,,,,,,,,,,,,,,,,,,,,,,,,,,,,,,,,,,,
665.0,-0.01835867488095537,0.04202453792095184,0.0006537437438964844,0.27623632550239563,0.0,0.21131104,0.12536992,1.0006535,0.098220214,0.044824425,5.576782e-07,0.0076417923,0.0017592907,0.016108274,0.01029171,-0.07103462,-0.0139113385,0.249375,0.13056284,1.0,,,,,,,,,,,,,,,,,,,,,,,,,,,,,,,,,,,,,,,,,,,,
666.0,-0.01830501094352294,0.0420205183327198,0.0006537437438964844,0.2779598534107208,0.0,0.21172053,0.12555535,1.0006535,0.09827448,0.044502907,5.417471e-07,0.007221937,0.0019202232,0.01617527,-0.1014019,0.036956757,0.016286073,0.24975,0.13075188,1.0,,,,,,,,,,,,,,,,,,,,,,,,,,,,,,,,,,,,,,,,,,,,
667.0,-0.018249263898549545,0.04201691597700119,0.0006537437438964844,0.27972567081451416,0.0,0.21213025,0.12573951,1.0006535,0.09833505,0.044198744,6.6097533e-07,0.007260084,0.0016236305,0.016117573,0.010309851,-0.07103887,-0.013883604,0.250125,0.13094087,1.0,,,,,,,,,,,,,,,,,,,,,,,,,,,,,,,,,,,,,,,,,,,,
668.0,-0.018193743306353285,0.042013682425022125,0.0006537437438964844,0.28153207898139954,0.0,0.21254018,0.12592241,1.0006535,0.09838349,0.04389289,6.431712e-07,0.006840229,0.0017843246,0.016184568,-0.101389125,0.036962837,0.016256956,0.2505,0.13112983,1.0,,,,,,,,,,,,,,,,,,,,,,,,,,,,,,,,,,,,,,,,,,,,
669.0,-0.01813563376461534,0.042010869830846786,0.0006537437438964844,0.2833774983882904,0.0,0.21295033,0.12610409,1.0006535,0.09843824,0.04360438,7.571603e-07,0.006878376,0.0014877319,0.016126871,0.01032798,-0.07104312,-0.013855872,0.250875,0.13131876,1.0,,,,,,,,,,,,,,,,,,,,,,,,,,,,,,,,,,,,,,,,,,,,
670.0,-0.018078352977109174,0.042008452117443085,0.0006537437438964844,0.2852604389190674,0.0,0.21336068,0.12628457,1.0006535,0.09848086,0.043314178,7.395151e-07,0.006458521,0.001648426,0.016193867,-0.10137635,0.0369689,0.016227847,0.25125,0.13150766,1.0,,,,,,,,,,,,,,,,,,,,,,,,,,,,,,,,,,,,,,,,,,,,
671.0,-0.018018305108886853,0.042006440460681915,0.0006537914159707725,0.28717929124832153,0.0,0.21377122,0.1264639,1.0006535,0.09852978,0.043041307,8.477922e-07,0.0064969063,0.0013518333,0.01613617,0.010346097,-0.07104736,-0.0138281435,0.251625,0.13169654,1.0,,,,,,,,,,,,,,,,,,,,,,,,,,,,,,,,,,,,,,,,,,,,
672.0,-0.01795916653651657,0.04200476408004761,0.0006537914159707725,0.28913259506225586,0.0,0.21418191,0.1266421,1.0006535,0.098566584,0.042766742,8.3041897e-07,0.006077051,0.0015127659,0.016203165,-0.10136358,0.036974955,0.016198745,0.252,0.13188536,1.0,,,,,,,,,,,,,,,,,,,,,,,,,,,,,,,,,,,,,,,,,,,,
673.0,-0.01789735598286643,0.04200349003076553,0.0006537914159707725,0.291118860244751,0.0,0.21459278,0.12681922,1.0006535,0.098609686,0.042509504,9.329618e-07,0.0061154366,0.0012159348,0.016145706,0.010364203,-0.07105158,-0.013800417,0.252375,0.13207416,1.0,,,,,,,,,,,,,,,,,,,,,,,,,,,,,,,,,,,,,,,,,,,,
674.0,-0.017836536336324937,0.0420025959610939,0.0006537914159707725,0.29313668608665466,0.0,0.21500379,0.12699527,1.0006535,0.09864067,0.042250562,9.158678e-07,0.00569582,0.0013768673,0.016212463,-0.10135081,0.036980998,0.016169649,0.25275,0.13226293,1.0,,,,,,,,,,,,,,,,,,,,,,,,,,,,,,,,,,,,,,,,,,,,
675.0,-0.017773101774144748,0.04200210049748421,0.0006537914159707725,0.2951846420764923,0.0,0.21541494,0.12717031,1.0006535,0.09867796,0.04200894,1.0126788e-06,0.0057342052,0.0010802746,0.016155243,0.0103822965,-0.07105579,-0.013772693,0.253125,0.13245167,1.0,,,,,,,,,,,,,,,,,,,,,,,,,,,,,,,,,,,,,,,,,,,,
676.0,-0.017710727477060574,0.04200191795825958,0.000653815281111747,0.29726138710975647,0.0,0.21582621,0.12734433,1.0006535,0.09870314,0.041765608,9.958655e-07,0.0053145885,0.0012412071,0.016222,-0.101338044,0.036987025,0.016140562,0.2535,0.13264036,1.0,,,,,,,,,,,,,,,,,,,,,,,,,,,,,,,,,,,,,,,,,,,,
677.0,-0.01764580971264368,0.04200216382741928,0.000653815281111747,0.2993655800819397,0.0,0.2162376,0.1275174,1.0006536,0.09873462,0.041539595,1.0869485e-06,0.005352974,0.000944376,0.01616478,0.010400379,-0.07105999,-0.013744974,0.253875,0.13282904,1.0,,,,,,,,,,,,,,,,,,,,,,,,,,,,,,,,,,,,,,,,,,,,
678.0,-0.017582021287274985,0.04200276732444763,0.000653815281111747,0.3014959394931793,0.0,0.21664909,0.12768954,1.0006536,0.098753974,0.04131186,7.0249257e-07,0.0049333572,0.0011053085,0.016231298,-0.10132527,0.03699304,0.016111482,0.25425,0.13301767,1.0,,,,,,,,,,,,,,,,,,,,,,,,,,,,,,,,,,,,,,,,,,,,
679.0,-0.017515757494821448,0.04200374707579613,0.000653815281111747,0.3036511540412903,0.0,0.21706066,0.1278608,1.0006536,0.09877964,0.04110144,8.742332e-07,0.004971981,0.0008084774,0.016174316,0.0104184495,-0.071064174,-0.013717256,0.254625,0.13320626,1.0,,,,,,,,,,,,,,,,,,,,,,,,,,,,,,,,,,,,,,,,,,,,
680.0,-0.01745068874790959,0.042005062103271484,0.000653815281111747,0.30583006143569946,0.0,0.2174723,0.12803116,1.0006536,0.09879319,0.04088929,8.377035e-07,0.0045523643,0.00096940994,0.016240835,-0.10131252,0.036999047,0.016082408,0.255,0.13339484,1.0,,,,,,,,,,,,,,,,,,,,,,,,,,,,,,,,,,,,,,,,,,,,
681.0,-0.017383208852348616,0.04200677573680878,0.000653815281111747,0.3080314099788666,0.0,0.21788402,0.12820072,1.0006536,0.09881306,0.04069445,9.2210416e-07,0.004590988,0.00067281723,0.016183853,0.010436508,-0.07106835,-0.013689541,0.255375,0.13358337,1.0,,,,,,,,,,,,,,,,,,,,,,,,,,,,,,,,,,,,,,,,,,,,
682.0,-0.017316986541490043,0.04200882464647293,0.000653815281111747,0.3102540969848633,0.0,0.21829577,0.12836947,1.0006536,0.098820806,0.040497873,9.0502135e-07,0.00417161,0.0008337498,0.016250372,-0.101299755,0.037005037,0.016053343,0.25575,0.13377187,1.0,,,,,,,,,,,,,,,,,,,,,,,,,,,,,,,,,,,,,,,,,,,,
683.0,-0.01724841229838712,0.042011212557554245,0.000653815281111747,0.31249696016311646,0.0,0.21870759,0.12853746,1.0006536,0.098834865,0.040318597,9.792067e-07,0.0042102337,0.00053691864,0.016193628,0.010454555,-0.071072504,-0.013661829,0.256125,0.13396034,1.0,,,,,,,,,,,,,,,,,,,,,,,,,,,,,,,,,,,,,,,,,,,,
684.0,-0.017181154541620346,0.042013980448246,0.000653815281111747,0.31475892663002014,0.0,0.2191194,0.12870471,1.0006536,0.09883681,0.04013758,9.634653e-07,0.0037908554,0.0006980896,0.016260147,-0.101287,0.037011016,0.016024284,0.2565,0.13414878,1.0,,,,,,,,,,,,,,,,,,,,,,,,,,,,,,,,,,,,,,,,,,,,
685.0,-0.017111767980782316,0.042017076164484024,0.000653815281111747,0.317038893699646,0.0,0.21953127,0.12887126,1.0006536,0.098845065,0.039973862,1.0316902e-06,0.0038297176,0.00040125847,0.016203403,0.01047259,-0.071076654,-0.01363412,0.256875,0.13433717,1.0,,,,,,,,,,,,,,,,,,,,,,,,,,,,,,,,,,,,,,,,,,,,
686.0,-0.01704376256642427,0.042020559310913086,0.000653815281111747,0.3193358778953552,0.0,0.2199431,0.12903713,1.0006536,0.09884121,0.039808393,1.0162931e-06,0.0037403107,0.000562191,0.016269684,-0.022093406,0.038300086,0.015963463,0.25725,0.13452554,1.0,,,,,,,,,,,,,,,,,,,,,,,,,,,,,,,,,,,,,,,,,,,,
687.0,-0.016973526766336004,0.04202430322766304,0.000653815281111747,0.3216487467288971,0.0,0.22035494,0.12920232,1.0006536,0.09884389,0.03964673,1.0305763e-06,0.004108906,0.00026535988,0.01621294,0.08965263,-0.06978312,-0.01367421,0.257625,0.13471387,1.0,,,,,,,,,,,,,,,,,,,,,,,,,,,,,,,,,,,,,,,,,,,,
688.0,-0.01690472487166844,0.04202844947576523,0.000653815281111747,0.32397663593292236,0.0,0.22076675,0.12936679,1.0006536,0.09883468,0.039469834,9.730838e-07,0.004019499,0.00042653084,0.016279459,-0.022117544,0.03829752,0.015971014,0.258,0.13490218,1.0,,,,,,,,,,,,,,,,,,,,,,,,,,,,,,,,,,,,,,,,,,,,
689.0,-0.016833918767539584,0.04203292354941368,0.000653815281111747,0.3263184428215027,0.0,0.22117856,0.12953052,1.0006536,0.098832,0.039296746,9.991819e-07,0.004388094,0.0001296997,0.016222477,0.08963341,-0.069776274,-0.013682413,0.258375,0.13509044,1.0,,,,,,,,,,,,,,,,,,,,,,,,,,,,,,,,,,,,,,,,,,,,
690.0,-0.016764255109585794,0.042037732899188995,0.000653815281111747,0.3286733627319336,0.0,0.2215903,0.12969348,1.0006536,0.09881743,0.039108433,9.3307415e-07,0.0042984486,0.00029087067,0.016288996,-0.02214167,0.03829495,0.015978554,0.25875,0.13527867,1.0,,,,,,,,,,,,,,,,,,,,,,,,,,,,,,,,,,,,,,,,,,,,
691.0,-0.016693203883686513,0.04204290360212326,0.000653815281111747,0.3310404121875763,0.0,0.222002,0.12985565,1.0006536,0.0988094,0.038923934,9.631276e-07,0.0046670437,-5.9604645e-06,0.016232014,0.08961421,-0.06976944,-0.013690608,0.259125,0.13546687,1.0,,,,,,,,,,,,,,,,,,,,,,,,,,,,,,,,,,,,,,,,,,,,
692.0,-0.016622916579597226,0.0420483835041523,0.000653815281111747,0.33341875672340393,0.0,0.22241363,0.13001701,1.0006536,0.09878948,0.038724218,8.9025514e-07,0.0045773983,0.00015497208,0.01629877,-0.02216579,0.038292382,0.01598608,0.2595,0.13565503,1.0,,,,,,,,,,,,,,,,,,,,,,,,,,,,,,,,,,,,,,,,,,,,
693.0,-0.01655117521634093,0.04205423966050148,0.000653815281111747,0.3358075022697449,0.0,0.2228252,0.13017754,1.0006536,0.0987761,0.03852832,9.2383084e-07,0.0049459934,-0.00014162064,0.01624155,0.08959503,-0.0697626,-0.013698794,0.259875,0.13584316,1.0,,,,,,,,,,,,,,,,,,,,,,,,,,,,,,,,,,,,,,,,,,,,
694.0,-0.016480505814181378,0.04206039756536484,0.000653815281111747,0.3382059335708618,0.0,0.22323665,0.1303372,1.0006536,0.09875084,0.03831721,8.443005e-07,0.0048561096,1.9311905e-05,0.016308308,-0.022189898,0.038289808,0.015993593,0.26025,0.13603126,1.0,,,,,,,,,,,,,,,,,,,,,,,,,,,,,,,,,,,,,,,,,,,,
695.0,-0.01640826730108893,0.042066846042871475,0.000653815281111747,0.3406131863594055,0.0,0.22364804,0.13049598,1.0006536,0.098732114,0.038109932,8.8137466e-07,0.0052244663,-0.0002772808,0.016251087,0.08957585,-0.06975577,-0.013706972,0.260625,0.13621932,1.0,,,,,,,,,,,,,,,,,,,,,,,,,,,,,,,,,,,,,,,,,,,,
696.0,-0.016337184165314104,0.04207364842295647,0.000653815281111747,0.3430285155773163,0.0,0.2240593,0.13065384,1.0006536,0.0987015,0.037887443,7.951971e-07,0.0051345825,-0.00011634827,0.016317844,-0.022213997,0.038287237,0.016001094,0.261,0.13640735,1.0,,,,,,,,,,,,,,,,,,,,,,,,,,,,,,,,,,,,,,,,,,,,
697.0,-0.016264553178508504,0.042080797255039215,0.000653815281111747,0.3454512059688568,0.0,0.22447045,0.1308108,1.0006536,0.098677434,0.03766879,8.357686e-07,0.005502939,-0.00041294098,0.016260624,0.08955668,-0.06974894,-0.013715142,0.261375,0.13659534,1.0,,,,,,,,,,,,,,,,,,,,,,,,,,,,,,,,,,,,,,,,,,,,
698.0,-0.01619311228225561,0.04208816960453987,0.000653815281111747,0.3478805720806122,0.0,0.22488146,0.13096678,1.0006536,0.098641485,0.037434936,7.4294917e-07,0.005412817,-0.00025200844,0.016327381,-0.022238087,0.038284667,0.016008584,0.26175,0.1367833,1.0,,,,,,,,,,,,,,,,,,,,,,,,,,,,,,,,,,,,,,,,,,,,
699.0,-0.016120162549620003,0.042095914483070374,0.000653815281111747,0.3503158688545227,0.0,0.22529234,0.1311218,1.0006536,0.098612085,0.03720492,7.8701817e-07,0.0057811737,-0.00054860115,0.016269922,0.08953752,-0.069742106,-0.013723304,0.262125,0.13697124,1.0,,,,,,,,,,,,,,,,,,,,,,,,,,,,,,,,,,,,,,,,,,,,
700.0,-0.01604843908677576,0.04210398346185684,0.000653815281111747,0.352756530046463,0.0,0.22570306,0.1312758,1.0006536,0.098570794,0.036959715,6.8756185e-07,0.0056910515,-0.0003876686,0.01633668,-0.022262167,0.038282093,0.016016059,0.2625,0.13715912,1.0,,,,,,,,,,,,,,,,,,,,,,,,,,,,,,,,,,,,,,,,,,,,
701.0,-0.01597523857534907,0.0421123132109642,0.000653815281111747,0.3552018702030182,0.0,0.22611362,0.1314288,1.0006536,0.09853606,0.036718354,7.3512854e-07,0.00605917,-0.0006842613,0.016279459,0.089518376,-0.06973528,-0.013731457,0.262875,0.13734698,1.0,,,,,,,,,,,,,,,,,,,,,,,,,,,,,,,,,,,,,,,,,,,,
702.0,-0.015903301439753707,0.042120952159166336,0.000653815281111747,0.3576512336730957,0.0,0.226524,0.13158073,1.0006536,0.09848944,0.036461804,6.2904047e-07,0.0059690475,-0.00052309036,0.016346216,-0.022286238,0.038279515,0.016023522,0.26325,0.1375348,1.0,,,,,,,,,,,,,,,,,,,,,,,,,,,,,,,,,,,,,,,,,,,,
703.0,-0.01582991726390974,0.04212988168001175,0.000653815281111747,0.36010411381721497,0.0,0.2269342,0.13173158,1.0006536,0.09844937,0.03620911,6.8010485e-07,0.006337166,-0.0008196831,0.016288757,0.089499235,-0.06972846,-0.013739603,0.263625,0.1377226,1.0,,,,,,,,,,,,,,,,,,,,,,,,,,,,,,,,,,,,,,,,,,,,
704.0,-0.015757827718532645,0.042139120399951935,0.000653815281111747,0.36255988478660583,0.0,0.22734419,0.13188134,1.0006536,0.09839743,0.035941232,5.673901e-07,0.006246805,-0.00065875053,0.016355515,-0.022310298,0.03827694,0.016030973,0.264,0.13791035,1.0,,,,,,,,,,,,,,,,,,,,,,,,,,,,,,,,,,,,,,,,,,,,
705.0,-0.01568432366273919,0.04214862361550331,0.000653815281111747,0.36501798033714294,0.0,0.22775398,0.13203,1.0006536,0.09835203,0.035677217,6.2195244e-07,0.006614685,-0.00095534325,0.016298056,0.08948011,-0.06972163,-0.013747741,0.264375,0.13809806,1.0,,,,,,,,,,,,,,,,,,,,,,,,,,,,,,,,,,,,,,,,,,,,
706.0,-0.015612139721243876,0.04215841740369797,0.000653815281111747,0.36747798323631287,0.0,0.22816356,0.13217749,1.0006536,0.09829476,0.03539802,5.0261593e-07,0.0065243244,-0.0007944107,0.016364813,-0.02233435,0.038274363,0.016038412,0.26475,0.13828576,1.0,,,,,,,,,,,,,,,,,,,,,,,,,,,,,,,,,,,,,,,,,,,,
707.0,-0.015538571600516301,0.04216852784156799,0.000653815281111747,0.3699392080307007,0.0,0.2285729,0.13232383,1.0006536,0.09824404,0.035122696,5.606763e-07,0.0068922043,-0.0010910034,0.016307116,0.089461,-0.069714814,-0.013755869,0.265125,0.1384734,1.0,,,,,,,,,,,,,,,,,,,,,,,,,,,,,,,,,,,,,,,,,,,,
708.0,-0.015466040188791524,0.04217887669801712,0.000653815281111747,0.37240129709243774,0.0,0.22898199,0.13246897,1.0006536,0.09818144,0.0348322,4.347233e-07,0.0068018436,-0.00092983246,0.016374111,-0.022358391,0.038271785,0.016045837,0.2655,0.13866101,1.0,,,,,,,,,,,,,,,,,,,,,,,,,,,,,,,,,,,,,,,,,,,,
709.0,-0.015392595317448288,0.042189501225948334,0.000653815281111747,0.37486371397972107,0.0,0.22939084,0.13261291,1.0006536,0.098125406,0.034545574,4.9628176e-07,0.006547928,-0.0012264252,0.016316414,-0.05972896,-0.07215076,-0.013902729,0.265875,0.1388486,1.0,,,,,,,,,,,,,,,,,,,,,,,,,,,,,,,,,,,,,,,,,,,,
710.0,-0.015320069129487093,0.04220035672187805,0.000653815281111747,0.377326101064682,0.0,0.22979942,0.1327557,1.0006536,0.09805708,0.034269195,5.3799494e-07,0.006752491,-0.0010654926,0.01638341,0.048425417,0.0394417,0.01611608,0.26625,0.13903615,1.0,,,,,,,,,,,,,,,,,,,,,,,,,,,,,,,,,,,,,,,,,,,,
711.0,-0.0152466542111717,0.042211562395095825,0.000653815281111747,0.3797879219055176,0.0,0.23020773,0.1328973,1.0006536,0.097995505,0.033984628,4.801731e-07,0.006498575,-0.0013618469,0.016325712,-0.05972939,-0.07213848,-0.0139078405,0.266625,0.13922366,1.0,,,,,,,,,,,,,,,,,,,,,,,,,,,,,,,,,,,,,,,,,,,,
712.0,-0.015174182363342701,0.04222293943166733,0.0006538390880450606,0.38224881887435913,0.0,0.23061574,0.13303776,1.0006536,0.09792165,0.0337103,5.4776325e-07,0.0067031384,-0.0012009144,0.016392708,0.04841987,0.039456382,0.016120447,0.267,0.13941114,1.0,,,,,,,,,,,,,,,,,,,,,,,,,,,,,,,,,,,,,,,,,,,,
713.0,-0.015100952580816377,0.042234621942043304,0.0006538390880450606,0.3847084045410156,0.0,0.23102346,0.13317704,1.0006537,0.09785455,0.03342779,4.851784e-07,0.0064492226,-0.0014972687,0.01633501,-0.05972982,-0.07212622,-0.013912945,0.267375,0.13959858,1.0,,,,,,,,,,,,,,,,,,,,,,,,,,,,,,,,,,,,,,,,,,,,
714.0,-0.015028467798607018,0.042246535420417786,0.0006538390880450606,0.38716623187065125,0.0,0.23143086,0.13331519,1.0006537,0.09777517,0.033155523,1.8381674e-07,0.0066537857,-0.0013360977,0.016402006,0.048414327,0.03947106,0.016124804,0.26775,0.13978599,1.0,,,,,,,,,,,,,,,,,,,,,,,,,,,,,,,,,,,,,,,,,,,,
715.0,-0.01495550119005493,0.042258720844984055,0.0006538390880450606,0.38962188363075256,0.0,0.23183796,0.13345218,1.0006537,0.09770255,0.03287507,2.0916315e-07,0.00639987,-0.001632452,0.016344309,-0.059730247,-0.07211395,-0.013918043,0.268125,0.13997336,1.0,,,,,,,,,,,,,,,,,,,,,,,,,,,,,,,,,,,,,,,,,,,,
716.0,-0.01488301483471951,0.042271148413419724,0.0006538390880450606,0.3920750916004181,0.0,0.2322447,0.13358803,1.0006537,0.097617656,0.032604855,2.529332e-07,0.006604433,-0.001471281,0.016411304,0.048408788,0.03948573,0.016129153,0.2685,0.1401607,1.0,,,,,,,,,,,,,,,,,,,,,,,,,,,,,,,,,,,,,,,,,,,,
717.0,-0.014810348623303434,0.04228378087282181,0.0006538390880450606,0.394525408744812,0.0,0.23265111,0.13372272,1.0006537,0.09753952,0.032326456,1.9856513e-07,0.0063505173,-0.0017676353,0.016353607,-0.059730675,-0.0721017,-0.013923133,0.268875,0.140348,1.0,,,,,,,,,,,,,,,,,,,,,,,,,,,,,,,,,,,,,,,,,,,,
718.0,-0.01473790763445577,0.042296674102544785,0.0006538390880450606,0.39697253704071045,0.0,0.23305716,0.1338563,1.0006537,0.09744912,0.032058302,2.5890492e-07,0.006554842,-0.001606226,0.016420603,0.04840325,0.039500393,0.016133493,0.26925,0.14053527,1.0,,,,,,,,,,,,,,,,,,,,,,,,,,,,,,,,,,,,,,,,,,,,
719.0,-0.014665574852377905,0.04230979084968567,0.0006538390880450606,0.39941608905792236,0.0,0.23346284,0.13398872,1.0006537,0.09736548,0.03178196,2.0195903e-07,0.0063011646,-0.0019025803,0.016362906,-0.059731103,-0.072089456,-0.013928217,0.269625,0.1407225,1.0,,,,,,,,,,,,,,,,,,,,,,,,,,,,,,,,,,,,,,,,,,,,
720.0,-0.01459335005174071,0.04232311248779297,0.0006538390880450606,0.40185579657554626,0.0,0.23386812,0.13412003,1.0006537,0.09726958,0.03151586,2.607609e-07,0.0065054893,-0.0017411709,0.016429663,0.048397712,0.039515052,0.016137823,0.27,0.14090969,1.0,,,,,,,,,,,,,,,,,,,,,,,,,,,,,,,,,,,,,,,,,,,,
721.0,-0.014521250366624739,0.04233666509389877,0.0006538390880450606,0.4042913019657135,0.0,0.23427305,0.13425021,1.0006537,0.09718045,0.031241573,2.0548838e-07,0.006251812,-0.0020375252,0.016372204,-0.059731532,-0.072077215,-0.0139332935,0.270375,0.14109686,1.0,,,,,,,,,,,,,,,,,,,,,,,,,,,,,,,,,,,,,,,,,,,,
722.0,-0.014449278483296076,0.042350441217422485,0.0006538390880450606,0.4067222774028778,0.0,0.23467754,0.13437928,1.0006537,0.097079046,0.030977529,2.6175599e-07,0.0064558983,-0.0018761158,0.016438961,0.048392177,0.039529704,0.016142145,0.27075,0.14128399,1.0,,,,,,,,,,,,,,,,,,,,,,,,,,,,,,,,,,,,,,,,,,,,
723.0,-0.01437744788491473,0.042364440858364105,0.0006538390880450606,0.4091484844684601,0.0,0.23508164,0.13450722,1.0006537,0.09698442,0.0307053,2.0839076e-07,0.006202221,-0.0021722317,0.016381502,-0.059731964,-0.07206498,-0.013938363,0.271125,0.14147107,1.0,,,,,,,,,,,,,,,,,,,,,,,,,,,,,,,,,,,,,,,,,,,,
724.0,-0.014305757262365663,0.04237861558794975,0.0006538390880450606,0.41156962513923645,0.0,0.2354853,0.13463406,1.0006537,0.09687754,0.03044331,2.6207084e-07,0.0064065456,-0.0020108223,0.01644826,0.048386645,0.03954435,0.016146459,0.2715,0.14165813,1.0,,,,,,,,,,,,,,,,,,,,,,,,,,,,,,,,,,,,,,,,,,,,
725.0,-0.014234228659224028,0.042393043637275696,0.0006538390880450606,0.41398531198501587,0.0,0.23588854,0.13475978,1.0006537,0.09677743,0.030173138,2.1062547e-07,0.00615263,-0.0023069382,0.0163908,-0.059732392,-0.07205275,-0.013943426,0.271875,0.14184515,1.0,,,,,,,,,,,,,,,,,,,,,,,,,,,,,,,,,,,,,,,,,,,,
726.0,-0.01416285688332428,0.04240765422582626,0.0006538390880450606,0.416395366191864,0.0,0.23629132,0.13488443,1.0006537,0.09666507,0.029913206,2.6171674e-07,0.0063569546,-0.0021452904,0.016457558,0.048381116,0.03955899,0.016150763,0.27225,0.14203213,1.0,,,,,,,,,,,,,,,,,,,,,,,,,,,,,,,,,,,,,,,,,,,,
727.0,-0.01409165924503541,0.04242246225476265,0.0006538390880450606,0.4187994599342346,0.0,0.23669365,0.13500795,1.0006537,0.09655949,0.029645087,2.1219158e-07,0.006103277,-0.0024414062,0.016400099,-0.059732825,-0.07204053,-0.0139484815,0.272625,0.14221908,1.0,,,,,,,,,,,,,,,,,,,,,,,,,,,,,,,,,,,,,,,,,,,,
728.0,-0.014020632751041562,0.04243745282292366,0.0006538390880450606,0.42119741439819336,0.0,0.23709549,0.13513039,1.0006537,0.09644165,0.029387211,2.6069566e-07,0.0063073635,-0.0022797585,0.016466856,0.048375588,0.039573625,0.01615506,0.273,0.142406,1.0,,,,,,,,,,,,,,,,,,,,,,,,,,,,,,,,,,,,,,,,,,,,
729.0,-0.013949797681327623,0.04245268180966377,0.0006538390880450606,0.4235888421535492,0.0,0.23749687,0.13525173,1.0006537,0.096330605,0.029121151,2.1309029e-07,0.006053686,-0.0025758743,0.016409397,-0.059733253,-0.07202832,-0.013953531,0.273375,0.14259288,1.0,,,,,,,,,,,,,,,,,,,,,,,,,,,,,,,,,,,,,,,,,,,,
730.0,-0.01387914605637634,0.04246806353330612,0.0006538390880450606,0.4259736239910126,0.0,0.23789772,0.13537201,1.0006537,0.0962073,0.028865332,2.5900897e-07,0.006258011,-0.0024142265,0.016476154,0.048370063,0.039588254,0.016159346,0.27375,0.14277972,1.0,,,,,,,,,,,,,,,,,,,,,,,,,,,,,,,,,,,,,,,,,,,,
731.0,-0.01380869786952826,0.0424836240708828,0.0006538390880450606,0.4283514618873596,0.0,0.2382981,0.13549118,1.0006537,0.096090786,0.028601326,2.1332303e-07,0.006004095,-0.002710104,0.016418695,-0.059733685,-0.072016105,-0.013958572,0.274125,0.14296652,1.0,,,,,,,,,,,,,,,,,,,,,,,,,,,,,,,,,,,,,,,,,,,,
732.0,-0.013738449543761092,0.04249934107065201,0.0006538390880450606,0.43072205781936646,0.0,0.23869795,0.1356093,1.0006537,0.095962025,0.028347563,2.5665807e-07,0.00620842,-0.0025484562,0.016485453,0.04836454,0.03960288,0.016163625,0.2745,0.1431533,1.0,,,,,,,,,,,,,,,,,,,,,,,,,,,,,,,,,,,,,,,,,,,,
733.0,-0.013668419067955257,0.042515262961387634,0.0006538390880450606,0.43308523297309875,0.0,0.23909728,0.13572632,1.0006537,0.09584007,0.028085614,2.1289114e-07,0.005954504,-0.0028443336,0.016427994,-0.059734117,-0.07200391,-0.013963608,0.274875,0.14334004,1.0,,,,,,,,,,,,,,,,,,,,,,,,,,,,,,,,,,,,,,,,,,,,
734.0,-0.013755568023191885,0.0425313301384449,0.0006538390880450606,0.4302084743976593,0.0,0.23949605,0.1358423,1.0006537,0.09570585,0.027833907,2.5364432e-07,0.0061588287,-0.0026826859,0.016494751,0.048359018,0.039617497,0.016167894,0.27525,0.14352673,1.0,,,,,,,,,,,,,,,,,,,,,,,,,,,,,,,,,,,,,,,,,,,,
735.0,-0.01385393756292615,0.04254757985472679,0.0006538390880450606,0.42695748805999756,0.0,0.2398943,0.13595718,1.0006537,0.09557844,0.027574014,2.1179603e-07,0.005904913,-0.0029785633,0.016437292,-0.05973455,-0.07199171,-0.013968636,0.275625,0.1437134,1.0,,,,,,,,,,,,,,,,,,,,,,,,,,,,,,,,,,,,,,,,,,,,
736.0,-0.013951262542150653,0.04256401211023331,0.0006538390880450606,0.4237275719642639,0.0,0.24029195,0.13607104,1.0006537,0.095438786,0.027324362,2.4996908e-07,0.0061089993,-0.002816677,0.01650405,0.048353497,0.039632108,0.016172156,0.276,0.14390002,1.0,,,,,,,,,,,,,,,,,,,,,,,,,,,,,,,,,,,,,,,,,,,,
737.0,-0.014048876949293482,0.04258064180612564,0.0006538390880450606,0.42048880457878113,0.0,0.24068907,0.13618381,1.0006537,0.095305935,0.027066527,2.1003908e-07,0.005855322,-0.0031125546,0.01644659,-0.05973498,-0.07197952,-0.013973657,0.276375,0.14408661,1.0,,,,,,,,,,,,,,,,,,,,,,,,,,,,,,,,,,,,,,,,,,,,
738.0,-0.014145855516632586,0.0425974503159523,0.0006538390880450606,0.41727161407470703,0.0,0.24108557,0.13629556,1.0006537,0.09516084,0.026818931,2.4563377e-07,0.006059408,-0.0029506683,0.016513348,0.04834798,0.039646715,0.016176408,0.27675,0.14427318,1.0,,,,,,,,,,,,,,,,,,,,,,,,,,,,,,,,,,,,,,,,,,,,
739.0,-0.014243119508916427,0.04261447861790657,0.0006538390880450606,0.41404569149017334,0.0,0.2414815,0.13640624,1.0006537,0.09502256,0.02656315,2.076216e-07,0.005805731,-0.0032463074,0.016455889,-0.059735414,-0.07196734,-0.013978671,0.277125,0.1444597,1.0,,,,,,,,,,,,,,,,,,,,,,,,,,,,,,,,,,,,,,,,,,,,
740.0,-0.01433973853093921,0.04263177141547203,0.0006538390880450606,0.4108417332172394,0.0,0.2418768,0.1365159,1.0006537,0.094872035,0.02631761,2.4063974e-07,0.006009817,-0.0030844212,0.016522646,0.048342466,0.039661314,0.016180651,0.2775,0.14464617,1.0,,,,,,,,,,,,,,,,,,,,,,,,,,,,,,,,,,,,,,,,,,,,
741.0,-0.014436634251653596,0.042649365961551666,0.0006538390880450606,0.4076293408870697,0.0,0.2422715,0.1366245,1.0006537,0.09472833,0.026063886,2.04545e-07,0.0057559013,-0.0033800602,0.016465425,-0.059735846,-0.07195517,-0.013983679,0.277875,0.14483263,1.0,,,,,,,,,,,,,,,,,,,,,,,,,,,,,,,,,,,,,,,,,,,,
742.0,-0.014532876039332041,0.0426672026515007,0.0006538390880450606,0.40443915128707886,0.0,0.24266554,0.13673207,1.0006537,0.09457239,0.025820402,2.3498833e-07,0.0059599876,-0.003218174,0.016532183,0.048336953,0.039675906,0.016184887,0.27825,0.14501902,1.0,,,,,,,,,,,,,,,,,,,,,,,,,,,,,,,,,,,,,,,,,,,,
743.0,-0.014630117674093345,0.04268539324402809,0.0006538390880450606,0.4012409448623657,0.0,0.24305898,0.13683861,1.0006537,0.09442326,0.025568735,2.0081066e-07,0.0057063103,-0.003513813,0.016474724,-0.059736278,-0.071943,-0.01398868,0.278625,0.14520541,1.0,,,,,,,,,,,,,,,,,,,,,,,,,,,,,,,,,,,,,,,,,,,,
744.0,-0.01472572611431024,0.04270385205745697,0.0006538390880450606,0.39806514978408813,0.0,0.24345174,0.13694414,1.0006537,0.0942619,0.025327306,2.2868095e-07,0.0059103966,-0.0033516884,0.016541481,0.048331443,0.039690495,0.016189111,0.279,0.14539175,1.0,,,,,,,,,,,,,,,,,,,,,,,,,,,,,,,,,,,,,,,,,,,,
745.0,-0.014822528949690605,0.04272264987230301,0.0006538390880450606,0.39488136768341064,0.0,0.24384385,0.13704863,1.0006537,0.09410736,0.025077695,1.9641992e-07,0.005656481,-0.0036473274,0.016484022,-0.05973671,-0.07193084,-0.013993673,0.279375,0.14557804,1.0,,,,,,,,,,,,,,,,,,,,,,,,,,,,,,,,,,,,,,,,,,,,
746.0,-0.014917686324647367,0.042741741985082626,0.0006538390880450606,0.39172038435935974,0.0,0.24423528,0.13715214,1.0006537,0.09394059,0.024838323,2.2171892e-07,0.005860567,-0.0034852028,0.01655078,0.048325934,0.03970508,0.01619333,0.27975,0.1457643,1.0,,,,,,,,,,,,,,,,,,,,,,,,,,,,,,,,,,,,,,,,,,,,
747.0,-0.015014032674639749,0.04276120662689209,0.0006538390880450606,0.38855159282684326,0.0,0.24462603,0.1372546,1.0006537,0.093780644,0.024590766,1.9137416e-07,0.0056066513,-0.0037806034,0.01649332,-0.059737142,-0.07191868,-0.01399866,0.280125,0.14595054,1.0,,,,,,,,,,,,,,,,,,,,,,,,,,,,,,,,,,,,,,,,,,,,
748.0,-0.015108729293289071,0.04278097301721573,0.0006538390880450606,0.3854057192802429,0.0,0.24501605,0.13735606,1.0006537,0.093608476,0.02435345,2.1410362e-07,0.0058107376,-0.0036184788,0.016560078,0.048320428,0.039719656,0.016197538,0.2805,0.14613673,1.0,,,,,,,,,,,,,,,,,,,,,,,,,,,,,,,,,,,,,,,,,,,,
749.0,-0.015204604232907875,0.04280102998018265,0.0006538390880450606,0.38225236535072327,0.0,0.2454054,0.1374565,1.0006537,0.09344314,0.02410795,1.8567472e-07,0.005556822,-0.0039138794,0.016502619,-0.059737578,-0.07190654,-0.01400364,0.280875,0.14632289,1.0,,,,,,,,,,,,,,,,,,,,,,,,,,,,,,,,,,,,,,,,,,,,
750.0,-0.015298823364434794,0.04282143712043762,0.0006538390880450606,0.37912213802337646,0.0,0.24579401,0.13755599,1.0006537,0.09326558,0.02387269,2.0583641e-07,0.005760908,-0.0037517548,0.016569376,0.04831492,0.039734226,0.016201738,0.28125,0.146509,1.0,,,,,,,,,,,,,,,,,,,,,,,,,,,,,,,,,,,,,,,,,,,,
751.0,-0.015394218550343794,0.04284222796559334,0.0006538390880450606,0.3759845197200775,0.0,0.2461819,0.13765444,1.0006537,0.09309485,0.023629244,1.7932298e-07,0.0055072308,-0.0040471554,0.016511917,-0.05973801,-0.07189439,-0.014008613,0.281625,0.14669509,1.0,,,,,,,,,,,,,,,,,,,,,,,,,,,,,,,,,,,,,,,,,,,,
752.0,-0.015487947696181803,0.04286332055926323,0.0006537914159707725,0.3728703260421753,0.0,0.24656904,0.13775192,1.0006537,0.0929119,0.023396041,1.9691866e-07,0.0057110786,-0.0038847923,0.016578674,0.04830942,0.03974879,0.01620593,0.282,0.14688115,1.0,,,,,,,,,,,,,,,,,,,,,,,,,,,,,,,,,,,,,,,,,,,,
753.0,-0.015582848323515646,0.04288478568196297,0.0006537914159707725,0.36974892020225525,0.0,0.24695544,0.13784839,1.0006537,0.09273578,0.023154652,1.7232027e-07,0.0054574013,-0.004180193,0.016521454,-0.059738446,-0.07188226,-0.014013579,0.282375,0.14706714,1.0,,,,,,,,,,,,,,,,,,,,,,,,,,,,,,,,,,,,,,,,,,,,
754.0,-0.01567607439353742,0.042906541377305984,0.0006537914159707725,0.36665117740631104,0.0,0.24734105,0.13794391,1.0006537,0.092547454,0.022923503,1.873517e-07,0.005661249,-0.00401783,0.016587973,0.04830392,0.03976335,0.016210113,0.28275,0.14725313,1.0,,,,,,,,,,,,,,,,,,,,,,,,,,,,,,,,,,,,,,,,,,,,
755.0,-0.015770469706819862,0.042928703129291534,0.0006537914159707725,0.36354631185531616,0.0,0.24772592,0.13803843,1.0006537,0.092365965,0.022684172,1.6466797e-07,0.0054073334,-0.0043132305,0.016530752,-0.05973888,-0.07187013,-0.014018538,0.283125,0.14743906,1.0,,,,,,,,,,,,,,,,,,,,,,,,,,,,,,,,,,,,,,,,,,,,
756.0,-0.015863181187292505,0.04295118898153305,0.0006537914159707725,0.3604654371738434,0.0,0.24810997,0.13813199,1.0006537,0.092172265,0.022455078,1.771369e-07,0.0056114197,-0.0041508675,0.01659751,0.048298422,0.0397779,0.016214285,0.2835,0.14762495,1.0,,,,,,,,,,,,,,,,,,,,,,,,,,,,,,,,,,,,,,,,,,,,
757.0,-0.015957057071283635,0.0429740808904171,0.0006537914159707725,0.3573775589466095,0.0,0.24849324,0.13822457,1.0006537,0.091985404,0.0222178,1.5636742e-07,0.005357504,-0.0044460297,0.01654005,-0.059739314,-0.07185801,-0.014023491,0.283875,0.14781082,1.0,,,,,,,,,,,,,,,,,,,,,,,,,,,,,,,,,,,,,,,,,,,,
758.0,-0.016049130048147345,0.0429973304271698,0.0006537914159707725,0.35431382060050964,0.0,0.24887568,0.1383162,1.0006537,0.09178634,0.021990765,1.6627558e-07,0.00556159,-0.0042836666,0.016606808,0.048292927,0.03979245,0.016218452,0.28425,0.14799665,1.0,,,,,,,,,,,,,,,,,,,,,,,,,,,,,,,,,,,,,,,,,,,,
759.0,-0.016142360528038264,0.04302096366882324,0.0006537914159707725,0.351243257522583,0.0,0.24925733,0.13840684,1.0006537,0.091594115,0.021755543,1.4741995e-07,0.0053076744,-0.004578829,0.016549349,-0.05973975,-0.0718459,-0.0140284365,0.284625,0.14818244,1.0,,,,,,,,,,,,,,,,,,,,,,,,,,,,,,,,,,,,,,,,,,,,
760.0,-0.016233890844862618,0.04304494708776474,0.0006537914159707725,0.34819716215133667,0.0,0.24963811,0.13849655,1.0006537,0.09138969,0.021530561,1.5476914e-07,0.0055115223,-0.0044162273,0.016616106,0.048287433,0.03980699,0.016222607,0.285,0.1483682,1.0,,,,,,,,,,,,,,,,,,,,,,,,,,,,,,,,,,,,,,,,,,,,
761.0,-0.016326576824048974,0.04306928068399429,0.0006537914159707725,0.3451443016529083,0.0,0.2500181,0.1385853,1.0006537,0.09119212,0.021297395,1.3782694e-07,0.005257845,-0.0047113895,0.016558886,-0.059740186,-0.07183379,-0.014033374,0.285375,0.14855391,1.0,,,,,,,,,,,,,,,,,,,,,,,,,,,,,,,,,,,,,,,,,,,,
762.0,-0.016417556778289873,0.04309400916099548,0.0006537914159707725,0.3421160876750946,0.0,0.25039718,0.1386731,1.0006537,0.09098234,0.02107447,1.4261886e-07,0.005461693,-0.004548788,0.016625404,0.04828194,0.039821528,0.016226755,0.28575,0.14873958,1.0,,,,,,,,,,,,,,,,,,,,,,,,,,,,,,,,,,,,,,,,,,,,
763.0,-0.016508746464260912,0.04311913251876831,0.0006537914159707725,0.33911260962486267,0.0,0.25077543,0.13875996,1.0006537,0.090779416,0.02084336,1.2758973e-07,0.005207777,-0.0048439503,0.016568184,-0.05974062,-0.07182169,-0.014038307,0.286125,0.14892522,1.0,,,,,,,,,,,,,,,,,,,,,,,,,,,,,,,,,,,,,,,,,,,,
764.0,-0.01659822636838508,0.043144579976797104,0.0006537914159707725,0.3361338973045349,0.0,0.25115278,0.13884588,1.0006537,0.090564296,0.02062249,1.2982615e-07,0.005411625,-0.004681349,0.016634703,0.048276454,0.039836057,0.016230894,0.2865,0.14911082,1.0,,,,,,,,,,,,,,,,,,,,,,,,,,,,,,,,,,,,,,,,,,,,
765.0,-0.0166875684313447,0.043170444667339325,0.0006537914159707725,0.33318009972572327,0.0,0.25152925,0.13893086,1.0006537,0.09035603,0.020393437,1.1670963e-07,0.005157709,-0.0049762726,0.016577482,-0.059741057,-0.07180959,-0.0140432315,0.286875,0.14929639,1.0,,,,,,,,,,,,,,,,,,,,,,,,,,,,,,,,,,,,,,,,,,,,
766.0,-0.016775191521719537,0.043196700513362885,0.0006537914159707725,0.3302512466907501,0.0,0.25190482,0.13901491,1.0006537,0.090135574,0.02017462,1.1639229e-07,0.005361557,-0.004813671,0.01664424,0.048270967,0.03985058,0.016235026,0.28725,0.14948192,1.0,,,,,,,,,,,,,,,,,,,,,,,,,,,,,,,,,,,,,,,,,,,,
767.0,-0.016863011504079622,0.04322325065732002,0.0006537914159707725,0.32734736800193787,0.0,0.2522795,0.13909803,1.0006537,0.08992197,0.019947624,1.05188015e-07,0.0051078796,-0.005108595,0.01658678,-0.059741493,-0.071797505,-0.01404815,0.287625,0.14966741,1.0,,,,,,,,,,,,,,,,,,,,,,,,,,,,,,,,,,,,,,,,,,,,
768.0,-0.016949106724825837,0.0432501882314682,0.0006537914159707725,0.3244686424732208,0.0,0.25265324,0.13918024,1.0006537,0.08969619,0.019730864,1.0231866e-07,0.0053117275,-0.0049459934,0.016653538,0.04826548,0.0398651,0.016239148,0.288,0.14985286,1.0,,,,,,,,,,,,,,,,,,,,,,,,,,,,,,,,,,,,,,,,,,,,
769.0,-0.01703539492880082,0.04327750205993652,0.0006537914159707725,0.321615070104599,0.0,0.25302604,0.13926151,1.0006537,0.08947726,0.019505922,9.302621e-08,0.0050578117,-0.005240917,0.016596317,-0.05974193,-0.07178542,-0.014053061,0.288375,0.15003827,1.0,,,,,,,,,,,,,,,,,,,,,,,,,,,,,,,,,,,,,,,,,,,,
770.0,-0.017119955396714796,0.043305136263370514,0.0006537914159707725,0.31878677010536194,0.0,0.2533979,0.13934189,1.0006537,0.089246154,0.019291217,8.760657e-08,0.0052616596,-0.0050780773,0.016662836,0.04826,0.03987961,0.01624326,0.28875,0.15022366,1.0,,,,,,,,,,,,,,,,,,,,,,,,,,,,,,,,,,,,,,,,,,,,
771.0,-0.017204705224509963,0.04333312436938286,0.0006537914159707725,0.31598374247550964,0.0,0.25376883,0.13942134,1.0006537,0.089021906,0.01906833,8.0225554e-08,0.005007744,-0.005373001,0.016605616,-0.059742365,-0.07177334,-0.014057965,0.289125,0.150409,1.0,,,,,,,,,,,,,,,,,,,,,,,,,,,,,,,,,,,,,,,,,,,,
772.0,-0.01728772063069846,0.043361444026231766,0.0006537914159707725,0.31320619583129883,0.0,0.25413877,0.1394999,1.0006537,0.08878548,0.018855682,7.225738e-08,0.0052115917,-0.005210161,0.016672373,0.04825452,0.039894115,0.016247364,0.2895,0.1505943,1.0,,,,,,,,,,,,,,,,,,,,,,,,,,,,,,,,,,,,,,,,,,,,
773.0,-0.01737092458036932,0.04339012876152992,0.0006537914159707725,0.31045401096343994,0.0,0.25450775,0.13957755,1.0006537,0.08855592,0.01863485,6.6787365e-08,0.004957676,-0.0055048466,0.016615152,-0.059742805,-0.07176128,-0.014062862,0.289875,0.15077956,1.0,,,,,,,,,,,,,,,,,,,,,,,,,,,,,,,,,,,,,,,,,,,,
774.0,-0.017452390248544544,0.04341913014650345,0.0006537914159707725,0.3077274560928345,0.0,0.25487572,0.13965432,1.0006537,0.08831418,0.018424256,5.627241e-08,0.005161524,-0.0053420067,0.016681671,0.04824904,0.039908618,0.01625146,0.29025,0.1509648,1.0,,,,,,,,,,,,,,,,,,,,,,,,,,,,,,,,,,,,,,,,,,,,
775.0,-0.017534039229464546,0.04344842955470085,0.0006537914159707725,0.30502644181251526,0.0,0.25524274,0.13973019,1.0006537,0.08807932,0.01820548,5.2713e-08,0.004907608,-0.005636692,0.01662445,-0.05974324,-0.07174922,-0.014067753,0.290625,0.15114999,1.0,,,,,,,,,,,,,,,,,,,,,,,,,,,,,,,,,,,,,,,,,,,,
776.0,-0.01761394804783413,0.043478019535541534,0.0006537914159707725,0.30235108733177185,0.0,0.2556087,0.13980517,1.0006537,0.08783228,0.017996943,3.9652978e-08,0.0051112175,-0.005473852,0.01669097,0.048243564,0.039923113,0.016255548,0.291,0.15133514,1.0,,,,,,,,,,,,,,,,,,,,,,,,,,,,,,,,,,,,,,,,,,,,
777.0,-0.01769403446441429,0.043508000671863556,0.0006537914159707725,0.2997015416622162,0.0,0.25597367,0.13987926,1.0006537,0.08759212,0.017780222,3.8003765e-08,0.00485754,-0.0057685375,0.016633749,-0.05974368,-0.07173716,-0.014072636,0.291375,0.15152025,1.0,,,,,,,,,,,,,,,,,,,,,,,,,,,,,,,,,,,,,,,,,,,,
778.0,-0.01777237941716776,0.043538182973861694,0.0006537914159707725,0.2970776855945587,0.0,0.25633758,0.13995248,1.0006537,0.08733978,0.017573738,2.2400432e-08,0.0050611496,-0.005605459,0.016700506,0.04823809,0.0399376,0.016259627,0.29175,0.15170532,1.0,,,,,,,,,,,,,,,,,,,,,,,,,,,,,,,,,,,,,,,,,,,,
779.0,-0.017850898571320432,0.043568745255470276,0.0006537914159707725,0.29447975754737854,0.0,0.2567005,0.14002481,1.0006537,0.08709432,0.017359074,2.2661e-08,0.004807234,-0.0059001446,0.016643286,-0.05974412,-0.071725115,-0.0140775135,0.292125,0.15189037,1.0,,,,,,,,,,,,,,,,,,,,,,,,,,,,,,,,,,,,,,,,,,,,
780.0,-0.017927741237497324,0.04359959065914154,0.0006537914159707725,0.29190772771835327,0.0,0.2570623,0.14009628,1.0006537,0.0868367,0.017154647,4.5160853e-09,0.0050110817,-0.0057370663,0.016709805,0.04823262,0.039952084,0.016263697,0.2925,0.15207537,1.0,,,,,,,,,,,,,,,,,,,,,,,,,,,,,,,,,,,,,,,,,,,,
781.0,-0.018004757900585904,0.043630726635456085,0.0006537914159707725,0.2893615961074829,0.0,0.25742307,0.14016688,1.0006537,0.08658596,0.016942035,6.6860273e-09,0.004757166,-0.0060317516,0.016652584,-0.059744556,-0.07171307,-0.014082383,0.292875,0.15226033,1.0,,,,,,,,,,,,,,,,,,,,,,,,,,,,,,,,,,,,,,,,,,,,
782.0,-0.01808032329632224,0.043662142008543015,0.0006537914159707725,0.2868415117263794,0.0,0.25778276,0.14023662,1.0006537,0.08632305,0.016739665,-1.3998736e-08,0.0049607754,-0.005868435,0.016719103,0.04822715,0.03996656,0.016267758,0.29325,0.15244526,1.0,,,,,,,,,,,,,,,,,,,,,,,,,,,,,,,,,,,,,,,,,,,,
783.0,-0.018155603513234385,0.04369381070137024,0.0006537914159707725,0.2843475341796875,0.0,0.25814137,0.14030549,1.0006537,0.086067036,0.01652911,-9.919832e-09,0.0047068596,-0.0061631203,0.01666212,-0.059744995,-0.071701035,-0.014087247,0.293625,0.15263014,1.0,,,,,,,,,,,,,,,,,,,,,,,,,,,,,,,,,,,,,,,,,,,,
784.0,-0.01822959054900894,0.04372579604387283,0.0006537914159707725,0.28187960386276245,0.0,0.25849885,0.14037353,1.0006537,0.08579885,0.016328791,-3.314271e-08,0.0049107075,-0.0059998035,0.01672864,0.04822168,0.039981034,0.016271811,0.294,0.15281498,1.0,,,,,,,,,,,,,,,,,,,,,,,,,,,,,,,,,,,,,,,,,,,,
785.0,-0.01830329006290631,0.043758075684309006,0.0006537914159707725,0.2794378995895386,0.0,0.25885525,0.1404407,1.0006537,0.08553757,0.016120292,-2.7155254e-08,0.0046567917,-0.0062942505,0.01667142,-0.059745435,-0.071689,-0.014092103,0.294375,0.1529998,1.0,,,,,,,,,,,,,,,,,,,,,,,,,,,,,,,,,,,,,,,,,,,,
786.0,-0.018375692089221775,0.04379056394100189,0.0006537914159707725,0.2770223617553711,0.0,0.25921053,0.14050704,1.0006537,0.08526412,0.01592203,-5.291452e-08,0.004860401,-0.006131172,0.016737938,0.048216216,0.0399955,0.016275855,0.29475,0.15318458,1.0,,,,,,,,,,,,,,,,,,,,,,,,,,,,,,,,,,,,,,,,,,,,
787.0,-0.01844780702491044,0.04382339492440224,0.0006538390880450606,0.2746330499649048,0.0,0.2595647,0.14057252,1.0006537,0.084997565,0.015715586,-4.501893e-08,0.0046064854,-0.006425619,0.016680717,-0.059745874,-0.071676984,-0.014096952,0.295125,0.15336931,1.0,,,,,,,,,,,,,,,,,,,,,,,,,,,,,,,,,,,,,,,,,,,,
788.0,-0.01851862078757877,0.04385644942522049,0.0006538390880450606,0.2722700536251068,0.0,0.25991768,0.14063719,1.0006537,0.08471885,0.015519379,-7.331285e-08,0.004810095,-0.0062623024,0.016747475,0.048210755,0.04000996,0.016279891,0.2955,0.153554,1.0,,,,,,,,,,,,,,,,,,,,,,,,,,,,,,,,,,,,,,,,,,,,
789.0,-0.018589141939816183,0.04388978332281113,0.0006538390880450606,0.26993343234062195,0.0,0.26026955,0.140701,1.0006537,0.08444704,0.015314989,-6.3509525e-08,0.004556179,-0.006556511,0.016690254,-0.059746314,-0.07166497,-0.014101795,0.295875,0.15373866,1.0,,,,,,,,,,,,,,,,,,,,,,,,,,,,,,,,,,,,,,,,,,,,
790.0,-0.018658363159733928,0.04392331466078758,0.0006538868183270097,0.2676231265068054,0.0,0.2606202,0.140764,1.0006537,0.08416308,0.015120838,-9.433638e-08,0.0047597885,-0.006393194,0.016756773,0.048205294,0.040024415,0.016283918,0.29625,0.15392327,1.0,,,,,,,,,,,,,,,,,,,,,,,,,,,,,,,,,,,,,,,,,,,,
791.0,-0.018727288325456178,0.04395720362663269,0.0006538868183270097,0.26533934473991394,0.0,0.26096976,0.14082617,1.0006537,0.08388601,0.014918503,-8.2625746e-08,0.0045058727,-0.006687641,0.016699553,-0.059746753,-0.07165296,-0.014106631,0.296625,0.15410785,1.0,,,,,,,,,,,,,,,,,,,,,,,,,,,,,,,,,,,,,,,,,,,,
792.0,-0.018794910618933503,0.04399130120873451,0.0006538868183270097,0.26308196783065796,0.0,0.26131806,0.14088753,1.0006537,0.0835968,0.014726406,-1.15983795e-07,0.004709482,-0.006524086,0.016766071,0.048199836,0.04003886,0.016287936,0.297,0.15429239,1.0,,,,,,,,,,,,,,,,,,,,,,,,,,,,,,,,,,,,,,,,,,,,
793.0,-0.018862235985398365,0.04402562230825424,0.0006538868183270097,0.260851114988327,0.0,0.26166523,0.14094804,1.0006537,0.0833145,0.014526127,-1.0236627e-07,0.0044555664,-0.006818533,0.01670909,-0.059747197,-0.07164095,-0.01411146,0.297375,0.1544769,1.0,,,,,,,,,,,,,,,,,,,,,,,,,,,,,,,,,,,,,,,,,,,,
794.0,-0.018928254155475225,0.04406021162867546,0.0006538868183270097,0.2586468458175659,0.0,0.26201114,0.14100778,1.0006537,0.08302005,0.014336085,-1.382538e-07,0.004659176,-0.006654978,0.016775608,0.04819438,0.040053304,0.016291946,0.29775,0.15466136,1.0,,,,,,,,,,,,,,,,,,,,,,,,,,,,,,,,,,,,,,,,,,,,
795.0,-0.018993973328223366,0.04409506544470787,0.0006538868183270097,0.256469190120697,0.0,0.26235583,0.14106669,1.0006537,0.082732506,0.01413786,-1.2272979e-07,0.00440526,-0.0069491863,0.016718388,-0.059747636,-0.07162896,-0.014116283,0.298125,0.15484579,1.0,,,,,,,,,,,,,,,,,,,,,,,,,,,,,,,,,,,,,,,,,,,,
796.0,-0.019058257692191546,0.0441301092505455,0.0006538868183270097,0.2543181777000427,0.0,0.2626993,0.14112481,1.0006537,0.08243282,0.013949873,-1.6114507e-07,0.0046088696,-0.006785631,0.016784906,0.048188925,0.040067744,0.016295947,0.2985,0.15503018,1.0,,,,,,,,,,,,,,,,,,,,,,,,,,,,,,,,,,,,,,,,,,,,
797.0,-0.019122229188522764,0.04416541010141373,0.0006538868183270097,0.2521939277648926,0.0,0.26304156,0.14118212,1.0006537,0.08214004,0.013753704,-1.43715e-07,0.0043549538,-0.006829262,0.016729116,-0.060759526,-0.0114755165,-0.013843881,0.298875,0.15521452,1.0,,,,,,,,,,,,,,,,,,,,,,,,,,,,,,,,,,,,,,,,,,,,
798.0,-0.019184878456623485,0.044200874865055084,0.0006538868183270097,0.2500964105129242,0.0,0.26338258,0.14123866,1.0006537,0.08184538,0.013567943,-1.1340876e-07,0.004558563,-0.0064148903,0.016796589,0.047182325,0.10021014,0.016549509,0.29925,0.15539883,1.0,,,,,,,,,,,,,,,,,,,,,,,,,,,,,,,,,,,,,,,,,,,,
799.0,-0.019247215417048574,0.044236570596694946,0.0006538868183270097,0.24802567064762115,0.0,0.26372245,0.14129438,1.0006537,0.08156786,0.013374171,-4.549387e-08,0.004304409,-0.006458521,0.016740799,-0.060768392,-0.011491899,-0.0138215525,0.299625,0.1555831,1.0,,,,,,,,,,,,,,,,,,,,,,,,,,,,,,,,,,,,,,,,,,,,
800.0,-0.01930822755694535,0.044272489845752716,0.0006538868183270097,0.24598176777362823,0.0,0.26406115,0.14134935,1.0006537,0.08128845,0.013190809,-2.6912446e-08,0.0045080185,-0.006044388,0.016808271,0.047183424,0.1001967,0.016525613,0.3,0.15576734,1.0,,,,,,,,,,,,,,,,,,,,,,,,,,,,,,,,,,,,,,,,,,,,
801.0,-0.019369077561696396,0.04430847615003586,0.0006538868183270097,0.24396482110023499,0.0,0.26439875,0.14140351,1.0006537,0.081026174,0.012999436,3.7884558e-08,0.0042541027,-0.006088257,0.016752243,-0.060777247,-0.011508274,-0.013799224,0.300375,0.15595153,1.0,,,,,,,,,,,,,,,,,,,,,,,,,,,,,,,,,,,,,,,,,,,,
802.0,-0.019428285926898027,0.0443447045981884,0.0006538868183270097,0.2419748604297638,0.0,0.26473528,0.14145692,1.0006537,0.080762,0.012818472,5.732582e-08,0.004457712,-0.0056741238,0.016819954,0.047184512,0.10018326,0.016501723,0.30075,0.15613568,1.0,,,,,,,,,,,,,,,,,,,,,,,,,,,,,,,,,,,,,,,,,,,,
803.0,-0.019488058450284736,0.04438105970621109,0.0006538868183270097,0.24001185595989227,0.0,0.26507077,0.14150953,1.0006537,0.08051497,0.012629498,1.1605482e-07,0.004203558,-0.0057177544,0.016763926,-0.060786087,-0.011524641,-0.013776896,0.301125,0.1563198,1.0,,,,,,,,,,,,,,,,,,,,,,,,,,,,,,,,,,,,,,,,,,,,
804.0,-0.01954559948913775,0.044417593628168106,0.0006538868183270097,0.23807595670223236,0.0,0.2654052,0.14156142,1.0006537,0.08026602,0.0124509325,1.370498e-07,0.0044071674,-0.0053038597,0.016831398,0.047185596,0.10016984,0.016477838,0.3015,0.15650387,1.0,,,,,,,,,,,,,,,,,,,,,,,,,,,,,,,,,,,,,,,,,,,,
805.0,-0.019603735081387644,0.044454194605350494,0.0006538868183270097,0.23616713285446167,0.0,0.26573867,0.14161251,1.0006537,0.080034204,0.012264357,1.8955207e-07,0.004153013,-0.0053477287,0.016775608,-0.060794916,-0.011541,-0.013754568,0.301875,0.15668792,1.0,,,,,,,,,,,,,,,,,,,,,,,,,,,,,,,,,,,,,,,,,,,,
806.0,-0.019659618432437857,0.04449094086885452,0.0006538868183270097,0.23428553342819214,0.0,0.26607117,0.14166288,1.0006537,0.07980047,0.012088192,2.1213931e-07,0.0043566227,-0.004933834,0.01684308,0.04718667,0.10015642,0.016453959,0.30225,0.15687191,1.0,,,,,,,,,,,,,,,,,,,,,,,,,,,,,,,,,,,,,,,,,,,,
807.0,-0.019716065684491333,0.04452778398990631,0.0006538868183270097,0.23243112862110138,0.0,0.26640278,0.14171249,1.0006537,0.07958386,0.011904015,2.5840995e-07,0.0041024685,-0.004977703,0.016787052,-0.06080373,-0.011557351,-0.013732241,0.302625,0.15705587,1.0,,,,,,,,,,,,,,,,,,,,,,,,,,,,,,,,,,,,,,,,,,,,
808.0,-0.019770256875902854,0.04456469416618347,0.0006538868183270097,0.23060409724712372,0.0,0.26673347,0.14176136,1.0006537,0.07936533,0.011730248,2.8259197e-07,0.004250765,-0.0045638084,0.016854525,0.033898715,0.0999199,0.016363928,0.303,0.15723978,1.0,,,,,,,,,,,,,,,,,,,,,,,,,,,,,,,,,,,,,,,,,,,,
809.0,-0.019825035292576287,0.044601716101169586,0.0006538868183270097,0.22880437970161438,0.0,0.26706332,0.1418095,1.0006537,0.07916388,0.011550735,3.323199e-07,0.0039412975,-0.0046076775,0.016798496,-0.07409843,-0.011799052,-0.013769957,0.303375,0.15742366,1.0,,,,,,,,,,,,,,,,,,,,,,,,,,,,,,,,,,,,,,,,,,,,
810.0,-0.019877557707876987,0.04463876038789749,0.0006538868183270097,0.22703202068805695,0.0,0.2673923,0.14185692,1.0006537,0.07896046,0.011383893,3.6422873e-07,0.004089594,-0.004193783,0.016865969,0.033906035,0.09990825,0.016334059,0.30375,0.15760751,1.0,,,,,,,,,,,,,,,,,,,,,,,,,,,,,,,,,,,,,,,,,,,,
811.0,-0.019930659114926676,0.04467586800456047,0.0006538868183270097,0.22528718411922455,0.0,0.26772055,0.14190364,1.0006537,0.07877412,0.011211302,4.068467e-07,0.0037798882,-0.0042378902,0.01680994,-0.074100964,-0.0118169,-0.013741465,0.304125,0.1577913,1.0,,,,,,,,,,,,,,,,,,,,,,,,,,,,,,,,,,,,,,,,,,,,
812.0,-0.01998149922537632,0.04471295326948166,0.0006538868183270097,0.22356988489627838,0.0,0.268048,0.14194968,1.0006537,0.078585796,0.011051382,4.3903847e-07,0.0039281845,-0.0038239956,0.016877413,0.03391334,0.0998966,0.016304197,0.3045,0.15797506,1.0,,,,,,,,,,,,,,,,,,,,,,,,,,,,,,,,,,,,,,,,,,,,
813.0,-0.02003291903506761,0.04475012421607971,0.0006538868183270097,0.22188019752502441,0.0,0.2683747,0.14199504,1.0006537,0.07841455,0.010885711,4.7629797e-07,0.0036187172,-0.003868103,0.016821384,-0.07410348,-0.011834735,-0.013712977,0.304875,0.1581588,1.0,,,,,,,,,,,,,,,,,,,,,,,,,,,,,,,,,,,,,,,,,,,,
814.0,-0.020082074967294288,0.04478725790977478,0.0006538868183270097,0.22021815180778503,0.0,0.26870072,0.14203976,1.0006537,0.07824132,0.010732707,5.083636e-07,0.0037670135,-0.0034544468,0.016888618,0.03392063,0.09988496,0.016274344,0.30525,0.15834247,1.0,,,,,,,,,,,,,,,,,,,,,,,,,,,,,,,,,,,,,,,,,,,,
815.0,-0.020131652785885492,0.044824399054050446,0.0006538868183270097,0.21858380734920502,0.0,0.26902607,0.14208382,1.0006537,0.078085154,0.0105739515,5.403647e-07,0.0034575462,-0.0034985542,0.016832829,-0.07410599,-0.011852558,-0.013684493,0.305625,0.15852611,1.0,,,,,,,,,,,,,,,,,,,,,,,,,,,,,,,,,,,,,,,,,,,,
816.0,-0.02017909990317385,0.04486154392361641,0.0006538868183270097,0.21697735786437988,0.0,0.26935077,0.14212728,1.0006537,0.07792699,0.0104278615,5.722827e-07,0.0036058426,-0.003084898,0.016899824,0.03392791,0.09987331,0.016244497,0.306,0.15870972,1.0,,,,,,,,,,,,,,,,,,,,,,,,,,,,,,,,,,,,,,,,,,,,
817.0,-0.0202269864587739,0.04489868879318237,0.0006538868183270097,0.21539872884750366,0.0,0.26967487,0.14217009,1.0006537,0.0777859,0.010276017,5.9903425e-07,0.0032963753,-0.0031292439,0.016844034,-0.07410849,-0.011870367,-0.013656011,0.306375,0.15889327,1.0,,,,,,,,,,,,,,,,,,,,,,,,,,,,,,,,,,,,,,,,,,,,
818.0,-0.020272861838202334,0.044935740530490875,0.0006538868183270097,0.21384797990322113,0.0,0.26999837,0.14221232,1.0006537,0.077642806,0.010136836,6.308047e-07,0.0034446716,-0.0027155876,0.01691103,0.033935174,0.09986167,0.016214658,0.30675,0.15907681,1.0,,,,,,,,,,,,,,,,,,,,,,,,,,,,,,,,,,,,,,,,,,,,
819.0,-0.02031927416323051,0.04497284069657326,0.0006538868183270097,0.212325319647789,0.0,0.27032137,0.14225395,1.0006537,0.077516764,0.009991899,6.523107e-07,0.0031352043,-0.002759695,0.01685524,-0.07411098,-0.011888166,-0.013627533,0.307125,0.15926029,1.0,,,,,,,,,,,,,,,,,,,,,,,,,,,,,,,,,,,,,,,,,,,,
820.0,-0.020363442153819418,0.04500984773039818,0.0006538868183270097,0.21083074808120728,0.0,0.27064383,0.14229503,1.0006537,0.07738872,0.009859623,6.8393473e-07,0.0032835007,-0.0023462772,0.016922235,0.033942427,0.09985003,0.016184825,0.3075,0.15944374,1.0,,,,,,,,,,,,,,,,,,,,,,,,,,,,,,,,,,,,,,,,,,,,
821.0,-0.020408187130616352,0.045046865940093994,0.0006538868183270097,0.20936430990695953,0.0,0.2709658,0.14233555,1.0006537,0.07727772,0.00972159,7.001987e-07,0.0029740334,-0.002390623,0.016866207,-0.07411345,-0.0119059505,-0.013599059,0.307875,0.15962714,1.0,,,,,,,,,,,,,,,,,,,,,,,,,,,,,,,,,,,,,,,,,,,,
822.0,-0.020450665218423092,0.04508381709456444,0.0006538868183270097,0.20792603492736816,0.0,0.27128732,0.14237553,1.0006537,0.07716472,0.0095962165,7.316775e-07,0.0031223297,-0.0019769669,0.016933203,0.033949666,0.09983839,0.016155,0.30825,0.1598105,1.0,,,,,,,,,,,,,,,,,,,,,,,,,,,,,,,,,,,,,,,,,,,,
823.0,-0.02049371362525235,0.04512067884206772,0.0006538868183270097,0.2065161168575287,0.0,0.27160844,0.14241497,1.0006537,0.07706875,0.0094650835,7.4270326e-07,0.0028128624,-0.0020215511,0.016877413,-0.07411592,-0.011923724,-0.013570588,0.308625,0.15999383,1.0,,,,,,,,,,,,,,,,,,,,,,,,,,,,,,,,,,,,,,,,,,,,
824.0,-0.020534434341421548,0.0451575331389904,0.0006538868183270097,0.20513446629047394,0.0,0.27192917,0.14245391,1.0006537,0.07697077,0.009346607,7.740379e-07,0.0029613972,-0.0016081333,0.016944408,0.033956893,0.09982675,0.016125184,0.309,0.16017711,1.0,,,,,,,,,,,,,,,,,,,,,,,,,,,,,,,,,,,,,,,,,,,,
825.0,-0.020575723250484047,0.0451943464577198,0.0006538868183270097,0.20378126204013824,0.0,0.27224955,0.14249234,1.0006537,0.07688983,0.00922237,7.798291e-07,0.0026516914,-0.0016524792,0.01688838,-0.07411837,-0.011941484,-0.01354212,0.309375,0.16036035,1.0,,,,,,,,,,,,,,,,,,,,,,,,,,,,,,,,,,,,,,,,,,,,
826.0,-0.020614737446447907,0.045231081545352936,0.0006538868183270097,0.2024565041065216,0.0,0.27256957,0.14253029,1.0006537,0.07680686,0.009110787,8.1102087e-07,0.0028002262,-0.0012390614,0.016955137,0.03396411,0.099815115,0.016095376,0.30975,0.16054356,1.0,,,,,,,,,,,,,,,,,,,,,,,,,,,,,,,,,,,,,,,,,,,,
827.0,-0.02065431572090729,0.045267753303050995,0.0006538868183270097,0.20116034150123596,0.0,0.27288932,0.14256777,1.0006537,0.07674092,0.008993441,8.11581e-07,0.0024905205,-0.0012836456,0.016899347,-0.07412081,-0.011959232,-0.013513657,0.310125,0.16072673,1.0,,,,,,,,,,,,,,,,,,,,,,,,,,,,,,,,,,,,,,,,,,,,
828.0,-0.02069161878431205,0.04530435800552368,0.0006538868183270097,0.19989265501499176,0.0,0.2732088,0.14260481,1.0006537,0.07667296,0.008888749,8.4263115e-07,0.0026390553,-0.0008702278,0.016966105,0.033971306,0.09980348,0.016065573,0.3105,0.16090985,1.0,,,,,,,,,,,,,,,,,,,,,,,,,,,,,,,,,,,,,,,,,,,,
829.0,-0.02072946809068326,0.045340895652770996,0.0006538868183270097,0.19865362346172333,0.0,0.27352804,0.14264138,1.0006537,0.07662201,0.008778292,8.3796385e-07,0.002329588,-0.0009150505,0.016910076,-0.07412324,-0.011976968,-0.013485197,0.310875,0.16109292,1.0,,,,,,,,,,,,,,,,,,,,,,,,,,,,,,,,,,,,,,,,,,,,
830.0,-0.020765035991417973,0.04537729546427727,0.0006538868183270097,0.19744323194026947,0.0,0.27384707,0.14267755,1.0006537,0.07656903,0.008680485,8.6887354e-07,0.0024781227,-0.0005016327,0.016976833,0.033978496,0.09979185,0.016035778,0.31125,0.16127597,1.0,,,,,,,,,,,,,,,,,,,,,,,,,,,,,,,,,,,,,,,,,,,,
831.0,-0.020801163798679047,0.04541369527578354,0.0006538868183270097,0.19626162946224213,0.0,0.274166,0.1427133,1.0006537,0.076533064,0.008576913,8.589824e-07,0.002168417,-0.0005464554,0.016921043,-0.07412566,-0.011994691,-0.0134567395,0.311625,0.16145897,1.0,,,,,,,,,,,,,,,,,,,,,,,,,,,,,,,,,,,,,,,,,,,,
832.0,-0.0208350081038323,0.045449964702129364,0.0006538868183270097,0.19510877132415771,0.0,0.2744847,0.14274865,1.0006537,0.07649507,0.008485989,8.897528e-07,0.0023169518,-0.00013303757,0.016987562,0.03398567,0.09978022,0.01600599,0.312,0.16164194,1.0,,,,,,,,,,,,,,,,,,,,,,,,,,,,,,,,,,,,,,,,,,,,
833.0,-0.020869646774788638,0.04548616707324982,0.0006539106252603233,0.19398470222949982,0.0,0.27480334,0.1427836,1.0006537,0.07647407,0.008389296,8.746415e-07,0.0020074844,-0.00017786026,0.016931772,-0.07412807,-0.012012402,-0.013428287,0.312375,0.16182487,1.0,,,,,,,,,,,,,,,,,,,,,,,,,,,,,,,,,,,,,,,,,,,,
834.0,-0.02090171821869353,0.04552226513624191,0.0006539106252603233,0.19288946688175201,0.0,0.2751219,0.14281821,1.0006539,0.07645103,0.008305251,9.052738e-07,0.0021560192,0.00023531914,0.016998291,0.03399283,0.09976859,0.01597621,0.31275,0.16200775,1.0,,,,,,,,,,,,,,,,,,,,,,,,,,,,,,,,,,,,,,,,,,,,
835.0,-0.02093480597121252,0.045558203011751175,0.0006539106252603233,0.1918230652809143,0.0,0.27544042,0.14285244,1.0006539,0.076445,0.008215436,5.170169e-07,0.0018463135,0.00019049644,0.016942501,-0.07413046,-0.0120301,-0.013399837,0.313125,0.16219059,1.0,,,,,,,,,,,,,,,,,,,,,,,,,,,,,,,,,,,,,,,,,,,,
836.0,-0.020965147844214337,0.04559406265616417,0.0006539106252603233,0.19078552722930908,0.0,0.2757589,0.14288636,1.0006539,0.076436915,0.0081382645,6.338981e-07,0.0019950867,0.00060367584,0.017008781,0.03399998,0.099756956,0.015946437,0.3135,0.16237338,1.0,,,,,,,,,,,,,,,,,,,,,,,,,,,,,,,,,,,,,,,,,,,,
837.0,-0.020996504937222382,0.045629844069480896,0.0006539106252603233,0.18977689743041992,0.0,0.27607742,0.14291991,1.0006539,0.076445825,0.008055322,5.880747e-07,0.0016853809,0.00055861473,0.016952991,-0.074132845,-0.012047786,-0.01337139,0.313875,0.16255614,1.0,,,,,,,,,,,,,,,,,,,,,,,,,,,,,,,,,,,,,,,,,,,,
838.0,-0.02102511478309534,0.045665495097637177,0.0006539106252603233,0.18879717588424683,0.0,0.27639598,0.14295319,1.0006539,0.07645267,0.007985022,6.2319634e-07,0.0018341541,0.0009717941,0.01701951,0.034007117,0.09974533,0.015916672,0.31425,0.16273886,1.0,,,,,,,,,,,,,,,,,,,,,,,,,,,,,,,,,,,,,,,,,,,,
839.0,-0.021054738745125545,0.0457010418176651,0.0006539106252603233,0.187846377491951,0.0,0.27671462,0.14298613,1.0006539,0.076476514,0.007908948,5.9132816e-07,0.0015244484,0.000926733,0.016963482,-0.07413522,-0.01206546,-0.013342948,0.314625,0.16292155,1.0,,,,,,,,,,,,,,,,,,,,,,,,,,,,,,,,,,,,,,,,,,,,
840.0,-0.021081615227968906,0.04573644697666168,0.0006539106252603233,0.18692448735237122,0.0,0.27703336,0.14301883,1.0006539,0.07649829,0.007845514,6.218155e-07,0.0016732216,0.0013399124,0.01703,0.03401424,0.0997337,0.015886914,0.315,0.16310418,1.0,,,,,,,,,,,,,,,,,,,,,,,,,,,,,,,,,,,,,,,,,,,,
841.0,-0.021109374123043197,0.04577171802520752,0.0006539106252603233,0.1860314905643463,0.0,0.27735227,0.14305122,1.0006539,0.07653706,0.0077763065,5.85798e-07,0.0013635159,0.0012948513,0.016973972,-0.07413758,-0.012083122,-0.013314509,0.315375,0.16328678,1.0,,,,,,,,,,,,,,,,,,,,,,,,,,,,,,,,,,,,,,,,,,,,
842.0,-0.021134816548515848,0.045806869864463806,0.0006539106252603233,0.1851673722267151,0.0,0.27767134,0.1430834,1.0006539,0.07657375,0.0077197365,6.1590384e-07,0.001512289,0.0014874935,0.017040014,0.034919295,0.046820596,0.015785024,0.31575,0.16346933,1.0,,,,,,,,,,,,,,,,,,,,,,,,,,,,,,,,,,,,,,,,,,,,
843.0,-0.02116060202176141,0.045841898769140244,0.0006539106252603233,0.18433208763599396,0.0,0.27799058,0.1431153,1.0006539,0.07661842,0.0076572364,5.891395e-07,0.0012025833,0.0012218952,0.016983747,-0.07323239,-0.06498941,-0.013382306,0.316125,0.16365185,1.0,,,,,,,,,,,,,,,,,,,,,,,,,,,,,,,,,,,,,,,,,,,,
844.0,-0.021184743356575927,0.04587681218981743,0.0006539106252603233,0.18352563679218292,0.0,0.27830997,0.14314699,1.0006539,0.076652,0.0076072193,6.273111e-07,0.0013513565,0.0014145374,0.01704979,0.03492074,0.04683365,0.015779784,0.3165,0.16383432,1.0,,,,,,,,,,,,,,,,,,,,,,,,,,,,,,,,,,,,,,,,,,,,
845.0,-0.021208750091248115,0.04591159150004387,0.0006539106252603233,0.1827479749917984,0.0,0.2786295,0.14317846,1.0006539,0.07669355,0.007551269,6.002025e-07,0.0010416508,0.0011489391,0.016993523,-0.07322762,-0.0649821,-0.013377881,0.316875,0.16401675,1.0,,,,,,,,,,,,,,,,,,,,,,,,,,,,,,,,,,,,,,,,,,,,
846.0,-0.021231255315807177,0.045946232974529266,0.0006539106252603233,0.181999072432518,0.0,0.2789492,0.14320974,1.0006539,0.07672402,0.0075078006,6.356243e-07,0.001190424,0.0013415813,0.017059565,0.034922186,0.046846695,0.015774539,0.31725,0.16419916,1.0,,,,,,,,,,,,,,,,,,,,,,,,,,,,,,,,,,,,,,,,,,,,
847.0,-0.021253489889222967,0.0459807813167572,0.0006539106252603233,0.18127882480621338,0.0,0.27926904,0.14324082,1.0006539,0.07676247,0.007458397,6.1071046e-07,0.00088071823,0.0010762215,0.017003536,-0.07322285,-0.06497479,-0.013373452,0.317625,0.1643815,1.0,,,,,,,,,,,,,,,,,,,,,,,,,,,,,,,,,,,,,,,,,,,,
848.0,-0.02127438395280133,0.04601522162556648,0.0006539106252603233,0.18058715760707855,0.0,0.279589,0.14327174,1.0006539,0.07678983,0.007421473,6.42788e-07,0.0010297298,0.0012688637,0.01706934,0.034923635,0.046859737,0.015769288,0.318,0.16456382,1.0,,,,,,,,,,,,,,,,,,,,,,,,,,,,,,,,,,,,,,,,,,,,
849.0,-0.021294906150707633,0.04604952409863472,0.0006539106252603233,0.17992408573627472,0.0,0.2799091,0.14330249,1.0006539,0.07682518,0.0073786126,6.202081e-07,0.0007200241,0.0010035038,0.017013311,-0.07321809,-0.06496748,-0.013369021,0.318375,0.16474609,1.0,,,,,,,,,,,,,,,,,,,,,,,,,,,,,,,,,,,,,,,,,,,,
850.0,-0.02131418221920967,0.0460837259888649,0.0006539106252603233,0.17928937077522278,0.0,0.2802293,0.1433331,1.0006539,0.07684945,0.0073482287,6.489104e-07,0.0008687973,0.001196146,0.017079115,0.03492508,0.046872772,0.015764033,0.31875,0.16492832,1.0,,,,,,,,,,,,,,,,,,,,,,,,,,,,,,,,,,,,,,,,,,,,
851.0,-0.021332955462436395,0.046117838472127914,0.0006539106252603233,0.17868302762508392,0.0,0.28054965,0.14336357,1.0006539,0.0768817,0.007311906,6.286713e-07,0.00055909157,0.00093078613,0.017023087,-0.07321333,-0.06496018,-0.013364588,0.319125,0.1651105,1.0,,,,,,,,,,,,,,,,,,,,,,,,,,,,,,,,,,,,,,,,,,,,
852.0,-0.021350622516126214,0.04615180194377899,0.0006539106252603233,0.17810489237308502,0.0,0.28087008,0.14339393,1.0006539,0.07690288,0.0072880588,6.539984e-07,0.0007081032,0.0011236668,0.01708889,0.034926526,0.0468858,0.015758773,0.3195,0.16529265,1.0,,,,,,,,,,,,,,,,,,,,,,,,,,,,,,,,,,,,,,,,,,,,
853.0,-0.021367063166613708,0.0461856983602047,0.0006539106252603233,0.17755484580993652,0.0,0.28119063,0.14342418,1.0006539,0.076932035,0.0072582713,6.360996e-07,0.00039839745,0.0008583069,0.017032862,-0.07320858,-0.06495288,-0.013360152,0.319875,0.16547476,1.0,,,,,,,,,,,,,,,,,,,,,,,,,,,,,,,,,,,,,,,,,,,,
854.0,-0.021383462741292533,0.04621949791908264,0.0006539106252603233,0.1770327389240265,0.0,0.28151125,0.14345434,1.0006539,0.076950125,0.007240956,6.580536e-07,0.00054717064,0.0010511875,0.017098665,0.03492797,0.04689882,0.015753508,0.32025,0.16565682,1.0,,,,,,,,,,,,,,,,,,,,,,,,,,,,,,,,,,,,,,,,,,,,
855.0,-0.021398209342750035,0.04625320807099342,0.0006539106252603233,0.17653843760490417,0.0,0.28183198,0.14348443,1.0006539,0.0769762,0.007217699,6.424942e-07,0.00023770332,0.00078582764,0.017042875,-0.073203824,-0.064945586,-0.013355713,0.320625,0.16583884,1.0,,,,,,,,,,,,,,,,,,,,,,,,,,,,,,,,,,,,,,,,,,,,
856.0,-0.021413013403770904,0.04628685116767883,0.0006539106252603233,0.17607177793979645,0.0,0.2821528,0.14351445,1.0006539,0.07699121,0.007206912,6.6107674e-07,0.00038647652,0.0009787083,0.01710844,0.034929417,0.046911836,0.015748236,0.321,0.16602081,1.0,,,,,,,,,,,,,,,,,,,,,,,,,,,,,,,,,,,,,,,,,,,,
857.0,-0.021426128276242982,0.046320367604494095,0.0006539106252603233,0.17563265562057495,0.0,0.28247368,0.1435444,1.0006539,0.07701419,0.0071901814,6.47856e-07,7.70092e-05,0.0007133484,0.01705265,-0.07319908,-0.06493829,-0.013351273,0.321375,0.16620275,1.0,,,,,,,,,,,,,,,,,,,,,,,,,,,,,,,,,,,,,,,,,,,,
858.0,-0.021439394111707682,0.04635388404130936,0.0006539106252603233,0.17522084712982178,0.0,0.28279462,0.14357436,1.0006539,0.07702612,0.007185919,6.6306905e-07,0.0002257824,0.00090646744,0.017118454,0.034930866,0.046924848,0.015742961,0.32175,0.16638465,1.0,,,,,,,,,,,,,,,,,,,,,,,,,,,,,,,,,,,,,,,,,,,,
859.0,-0.02145081678816705,0.04638734087347984,0.0006539106252603233,0.17483612895011902,0.0,0.28311566,0.14360425,1.0006539,0.07704604,0.007175711,6.521861e-07,-8.368492e-05,0.00064110756,0.017062426,-0.07319433,-0.064931,-0.013346829,0.322125,0.1665665,1.0,,,,,,,,,,,,,,,,,,,,,,,,,,,,,,,,,,,,,,,,,,,,
860.0,-0.021462648561236346,0.04642071947455406,0.0006539106252603233,0.17447826266288757,0.0,0.28343672,0.14363416,1.0006539,0.07705489,0.007177969,6.6403146e-07,6.508827e-05,0.0008342266,0.01712823,0.03493231,0.04693785,0.01573768,0.3225,0.16674832,1.0,,,,,,,,,,,,,,,,,,,,,,,,,,,,,,,,,,,,,,,,,,,,
861.0,-0.021472422321561636,0.04645409435033798,0.0006539106252603233,0.17414714395999908,0.0,0.28375784,0.14366405,1.0006539,0.077071734,0.0071742795,6.554855e-07,-0.00024437904,0.00056886673,0.01707244,-0.073189594,-0.06492371,-0.013342383,0.322875,0.1669301,1.0,,,,,,,,,,,,,,,,,,,,,,,,,,,,,,,,,,,,,,,,,,,,
862.0,-0.02148274813166097,0.04648744314908981,0.0006539106252603233,0.1738424301147461,0.0,0.284079,0.14369398,1.0006539,0.077077515,0.007183054,6.639651e-07,-9.560585e-05,0.0007619858,0.017138004,0.034933757,0.046950847,0.015732396,0.32325,0.16711183,1.0,,,,,,,,,,,,,,,,,,,,,,,,,,,,,,,,,,,,,,,,,,,,
863.0,-0.021490966190932503,0.04652073234319687,0.0006539106252603233,0.17356397211551666,0.0,0.28440022,0.14372392,1.0006539,0.07709129,0.007185878,6.577553e-07,-0.00040507317,0.0004968643,0.017082214,-0.073184855,-0.06491643,-0.013337935,0.323625,0.16729352,1.0,,,,,,,,,,,,,,,,,,,,,,,,,,,,,,,,,,,,,,,,,,,,
864.0,-0.021499751640069578,0.04655399173498154,0.0006539106252603233,0.17331141233444214,0.0,0.28472143,0.14375393,1.0006539,0.07709401,0.0072011654,6.6287106e-07,-0.00025606155,0.00068998337,0.01714778,0.034935202,0.04696384,0.015727106,0.324,0.16747516,1.0,,,,,,,,,,,,,,,,,,,,,,,,,,,,,,,,,,,,,,,,,,,,
865.0,-0.02150644276947803,0.0465872660279274,0.0006539106252603233,0.17308463156223297,0.0,0.2850427,0.14378397,1.0006539,0.077104725,0.0072105005,6.5899644e-07,-0.00056552887,0.0004248619,0.017092228,-0.073180124,-0.06490915,-0.0133334845,0.324375,0.16765676,1.0,,,,,,,,,,,,,,,,,,,,,,,,,,,,,,,,,,,,,,,,,,,,
866.0,-0.021513718281233857,0.04662051424384117,0.0006539106252603233,0.17288322746753693,0.0,0.28536397,0.1438141,1.0006539,0.07710438,0.0072322953,6.6075023e-07,-0.00041675568,0.00061798096,0.017157793,0.034936648,0.046976827,0.015721811,0.32475,0.16783834,1.0,,,,,,,,,,,,,,,,,,,,,,,,,,,,,,,,,,,,,,,,,,,,
867.0,-0.02151891604502323,0.04665377736091614,0.0006539106252603233,0.17270703613758087,0.0,0.28568527,0.1438443,1.0006539,0.07711204,0.007248137,6.5921e-07,-0.000726223,0.0003528595,0.017102003,-0.07317539,-0.06490187,-0.013329032,0.325125,0.16801985,1.0,,,,,,,,,,,,,,,,,,,,,,,,,,,,,,,,,,,,,,,,,,,,
868.0,-0.021524715090523002,0.04668707773089409,0.0006539106252603233,0.17255565524101257,0.0,0.28600657,0.14387463,1.0006539,0.077108644,0.007276437,6.576038e-07,-0.0005772114,0.00054621696,0.017167568,0.034938093,0.046989806,0.015716512,0.3255,0.16820133,1.0,,,,,,,,,,,,,,,,,,,,,,,,,,,,,,,,,,,,,,,,,,,,
869.0,-0.021528456512564166,0.04672034829854965,0.0006539106252603233,0.17242883145809174,0.0,0.28632787,0.14390504,1.0006539,0.077113256,0.0072987806,6.583971e-07,-0.0008866787,0.0002810955,0.017112017,-0.07317067,-0.0648946,-0.0133245755,0.325875,0.16838276,1.0,,,,,,,,,,,,,,,,,,,,,,,,,,,,,,,,,,,,,,,,,,,,
870.0,-0.021532817392749284,0.0467536635696888,0.0006539106252603233,0.1723261922597885,0.0,0.28664914,0.14393559,1.0006539,0.0771068,0.0073335804,6.534326e-07,-0.0007379055,0.00047421455,0.017177582,0.034939542,0.047002777,0.015711207,0.32625,0.16856416,1.0,,,,,,,,,,,,,,,,,,,,,,,,,,,,,,,,,,,,,,,,,,,,
871.0,-0.021535138593799116,0.04678698256611824,0.0006539106252603233,0.1722475290298462,0.0,0.28697044,0.14396627,1.0006539,0.07710837,0.007362423,6.5655865e-07,-0.0010473728,0.00020933151,0.017121792,-0.073165946,-0.06488733,-0.013320118,0.326625,0.16874552,1.0,,,,,,,,,,,,,,,,,,,,,,,,,,,,,,,,,,,,,,,,,,,,
872.0,-0.021538099510007444,0.046820368617773056,0.0006539106252603233,0.17219239473342896,0.0,0.28729168,0.14399712,1.0006539,0.077098876,0.0074037192,6.4823786e-07,-0.0008983612,0.00040268898,0.017187357,0.034940988,0.047015745,0.015705897,0.327,0.16892682,1.0,,,,,,,,,,,,,,,,,,,,,,,,,,,,,,,,,,,,,,,,,,,,
873.0,-0.021538970154242658,0.04685378819704056,0.0006539106252603233,0.17216052114963531,0.0,0.28761292,0.14402811,1.0006539,0.077097386,0.0074390564,6.5369574e-07,-0.0012078285,0.00013756752,0.017131805,-0.07316122,-0.064880066,-0.013315657,0.327375,0.1691081,1.0,,,,,,,,,,,,,,,,,,,,,,,,,,,,,,,,,,,,,,,,,,,,
874.0,-0.02154049989234193,0.04688725993037224,0.0006539344904012978,0.17215155065059662,0.0,0.2879341,0.14405932,1.0006539,0.07708486,0.007486845,6.420205e-07,-0.0010588169,0.000330925,0.017197132,0.034942433,0.047028705,0.01570058,0.32775,0.16928932,1.0,,,,,,,,,,,,,,,,,,,,,,,,,,,,,,,,,,,,,,,,,,,,
875.0,-0.021540033699004927,0.046920813620090485,0.0006539344904012978,0.17216511070728302,0.0,0.28825527,0.14409068,1.0006539,0.07708034,0.0075286725,6.4980935e-07,-0.0013682842,6.580353e-05,0.017141819,-0.073156506,-0.0648728,-0.013311194,0.328125,0.1694705,1.0,,,,,,,,,,,,,,,,,,,,,,,,,,,,,,,,,,,,,,,,,,,,
876.0,-0.021540255953205297,0.0469544343650341,0.0006539344904012978,0.17220079898834229,0.0,0.28857636,0.14412227,1.0006539,0.07706477,0.0075829495,6.347816e-07,-0.0012192726,0.0002593994,0.017207146,0.03494388,0.047041662,0.01569526,0.3285,0.16965164,1.0,,,,,,,,,,,,,,,,,,,,,,,,,,,,,,,,,,,,,,,,,,,,
877.0,-0.021538491309398174,0.046988122165203094,0.0006539344904012978,0.17225833237171173,0.0,0.28889745,0.14415407,1.0006539,0.07705721,0.0076312637,6.449006e-07,-0.0015287399,-5.4836273e-06,0.017151594,-0.0731518,-0.064865544,-0.0133067295,0.328875,0.16983274,1.0,,,,,,,,,,,,,,,,,,,,,,,,,,,,,,,,,,,,,,,,,,,,
878.0,-0.021537513953125222,0.047021906822919846,0.0006539582973346114,0.17233727872371674,0.0,0.28921843,0.14418612,1.0006539,0.077038616,0.007692025,6.2652214e-07,-0.0013797283,0.00018787384,0.01721716,0.034945324,0.04705461,0.015689937,0.32925,0.1700138,1.0,,,,,,,,,,,,,,,,,,,,,,,,,,,,,,,,,,,,,,,,,,,,
879.0,-0.021534597844450405,0.047055765986442566,0.0006539582973346114,0.17243731021881104,0.0,0.2895394,0.1442184,1.000654,0.077028036,0.0077468217,6.389704e-07,-0.0016891956,-7.70092e-05,0.017161608,-0.07314709,-0.06485829,-0.013302261,0.329625,0.17019482,1.0,,,,,,,,,,,,,,,,,,,,,,,,,,,,,,,,,,,,,,,,,,,,
880.0,-0.021533276639924794,0.04708973690867424,0.0006539582973346114,0.1725579798221588,0.0,0.28986025,0.14425096,1.000654,0.077006415,0.007814063,2.4931387e-07,-0.001540184,0.000116586685,0.017226934,0.03494677,0.047067553,0.015684607,0.33,0.17037578,1.0,,,,,,,,,,,,,,,,,,,,,,,,,,,,,,,,,,,,,,,,,,,,
881.0,-0.021529729941871315,0.04712381213903427,0.0006539582973346114,0.17269892990589142,0.0,0.29018104,0.14428377,1.000654,0.07699281,0.007875338,3.504768e-07,-0.0018496513,-0.00014829636,0.017171621,-0.07314238,-0.06485103,-0.013297792,0.330375,0.17055671,1.0,,,,,,,,,,,,,,,,,,,,,,,,,,,,,,,,,,,,,,,,,,,,
882.0,-0.021526817888586968,0.04715803265571594,0.0006539582973346114,0.17285974323749542,0.0,0.29050174,0.1443169,1.000654,0.07696816,0.007949057,3.051201e-07,-0.0017006397,4.529953e-05,0.017236948,0.034948215,0.04708049,0.015679272,0.33075,0.1707376,1.0,,,,,,,,,,,,,,,,,,,,,,,,,,,,,,,,,,,,,,,,,,,,
883.0,-0.021522465961913012,0.04719235748052597,0.0006539582973346114,0.17304004728794098,0.0,0.2908224,0.1443503,1.000654,0.07695154,0.008016806,3.2698637e-07,-0.0020098686,-0.00021958351,0.017181635,-0.07313768,-0.06484378,-0.013293318,0.331125,0.17091845,1.0,,,,,,,,,,,,,,,,,,,,,,,,,,,,,,,,,,,,,,,,,,,,
884.0,-0.021518463770629378,0.04722684621810913,0.0006539582973346114,0.17323943972587585,0.0,0.2911429,0.14438404,1.000654,0.07692388,0.008096998,2.9744928e-07,-0.001860857,-2.5987625e-05,0.017246723,0.03494966,0.04709342,0.015673934,0.3315,0.17109925,1.0,,,,,,,,,,,,,,,,,,,,,,,,,,,,,,,,,,,,,,,,,,,,
885.0,-0.021512858040818383,0.047261420637369156,0.0006539582973346114,0.1734575778245926,0.0,0.29146335,0.14441808,1.000654,0.07690424,0.0081712175,3.1714256e-07,-0.0021703243,-0.00029087067,0.01719141,-0.07313298,-0.06483653,-0.013288843,0.331875,0.17128001,1.0,,,,,,,,,,,,,,,,,,,,,,,,,,,,,,,,,,,,,,,,,,,,
886.0,-0.021507617595292326,0.047296129167079926,0.0006539582973346114,0.17369389533996582,0.0,0.29178363,0.14445248,1.000654,0.07687357,0.008257877,2.8531883e-07,-0.0020213127,-9.703636e-05,0.017256737,0.03495111,0.047106348,0.01566859,0.33225,0.17146072,1.0,,,,,,,,,,,,,,,,,,,,,,,,,,,,,,,,,,,,,,,,,,,,
887.0,-0.021500926881258535,0.04733101278543472,0.0006539582973346114,0.17394816875457764,0.0,0.29210386,0.14448723,1.000654,0.07685092,0.008338564,3.070899e-07,-0.0023305416,-0.0003619194,0.017201424,-0.07312828,-0.06482929,-0.013284366,0.332625,0.1716414,1.0,,,,,,,,,,,,,,,,,,,,,,,,,,,,,,,,,,,,,,,,,,,,
888.0,-0.02149462256289924,0.047366030514240265,0.0006539821624755859,0.17421993613243103,0.0,0.29242393,0.14452237,1.000654,0.076817244,0.008431688,2.719831e-07,-0.00218153,-0.0001680851,0.01726675,0.034952555,0.047119267,0.01566324,0.333,0.17182203,1.0,,,,,,,,,,,,,,,,,,,,,,,,,,,,,,,,,,,,,,,,,,,,
889.0,-0.0214868938783854,0.04740110784769058,0.0006539821624755859,0.17450875043869019,0.0,0.2927439,0.14455786,1.000654,0.07679159,0.008518837,2.9606548e-07,-0.0024909973,-0.00043296814,0.017211437,-0.07312359,-0.064822055,-0.013279886,0.333375,0.17200261,1.0,,,,,,,,,,,,,,,,,,,,,,,,,,,,,,,,,,,,,,,,,,,,
890.0,-0.02147957624185324,0.04743637517094612,0.0006539821624755859,0.17481423914432526,0.0,0.2930637,0.14459378,1.000654,0.07675491,0.008618422,2.5762256e-07,-0.0023419857,-0.00023913383,0.017276525,0.034954,0.04713218,0.015657885,0.33375,0.17218316,1.0,,,,,,,,,,,,,,,,,,,,,,,,,,,,,,,,,,,,,,,,,,,,
891.0,-0.02147085566123476,0.047471772879362106,0.0006539821624755859,0.17513607442378998,0.0,0.2933834,0.14463007,1.000654,0.076726265,0.008712031,2.8402826e-07,-0.0026512146,-0.00050377846,0.01722145,-0.0731189,-0.06481481,-0.0132754035,0.334125,0.17236365,1.0,,,,,,,,,,,,,,,,,,,,,,,,,,,,,,,,,,,,,,,,,,,,
892.0,-0.021462572023518832,0.04750729352235794,0.0006539821624755859,0.17547373473644257,0.0,0.29370293,0.1446668,1.000654,0.07668658,0.008818072,2.4224803e-07,-0.002502203,-0.00030994415,0.01728654,0.034955446,0.047145084,0.015652526,0.3345,0.1725441,1.0,,,,,,,,,,,,,,,,,,,,,,,,,,,,,,,,,,,,,,,,,,,,
893.0,-0.021452909585012277,0.04754292964935303,0.0006539821624755859,0.17582693696022034,0.0,0.29402232,0.14470397,1.000654,0.07665494,0.008918135,2.7097693e-07,-0.002811432,-0.0005745888,0.017231464,-0.07311422,-0.06480759,-0.013270918,0.334875,0.17272453,1.0,,,,,,,,,,,,,,,,,,,,,,,,,,,,,,,,,,,,,,,,,,,,
894.0,-0.021443705629329863,0.047578729689121246,0.0006539821624755859,0.17619521915912628,0.0,0.29434153,0.1447416,1.000654,0.07661227,0.009030629,2.2586107e-07,-0.0026624203,-0.00038075447,0.017296553,0.03495689,0.047157984,0.015647162,0.33525,0.1729049,1.0,,,,,,,,,,,,,,,,,,,,,,,,,,,,,,,,,,,,,,,,,,,,
895.0,-0.021433162612880415,0.04761466756463051,0.0006539821624755859,0.17657823860645294,0.0,0.2946606,0.14477967,1.000654,0.07657763,0.009137143,2.569124e-07,-0.0029716492,-0.0006453991,0.017241478,-0.07310954,-0.06480035,-0.013266431,0.335625,0.17308523,1.0,,,,,,,,,,,,,,,,,,,,,,,,,,,,,,,,,,,,,,,,,,,,
896.0,-0.02142322059382473,0.047650713473558426,0.0006539821624755859,0.1769755631685257,0.0,0.29497948,0.14481823,1.000654,0.076531984,0.009256085,2.0846274e-07,-0.0028226376,-0.00045132637,0.017306566,0.034958337,0.04717088,0.015641794,0.336,0.1732655,1.0,,,,,,,,,,,,,,,,,,,,,,,,,,,,,,,,,,,,,,,,,,,,
897.0,-0.02141173184368852,0.04768691211938858,0.0006539821624755859,0.17738689482212067,0.0,0.29529822,0.14485727,1.000654,0.07649436,0.009369046,2.4183558e-07,-0.0031318665,-0.0007162094,0.017251492,-0.07310486,-0.064793125,-0.013261941,0.336375,0.17344575,1.0,,,,,,,,,,,,,,,,,,,,,,,,,,,,,,,,,,,,,,,,,,,,
898.0,-0.0214011417616965,0.04772324487566948,0.0006539821624755859,0.17781178653240204,0.0,0.29561675,0.14489684,1.000654,0.07644572,0.009494434,1.9005408e-07,-0.0029828548,-0.0005221367,0.01731658,0.034959782,0.047183767,0.01563642,0.33675,0.17362595,1.0,,,,,,,,,,,,,,,,,,,,,,,,,,,,,,,,,,,,,,,,,,,,
899.0,-0.0213888644635068,0.04775971546769142,0.0006539821624755859,0.17824992537498474,0.0,0.2959351,0.14493689,1.000654,0.07640512,0.009613838,2.2574757e-07,-0.0032920837,-0.0007867813,0.017261505,-0.07310019,-0.064785905,-0.0132574495,0.337125,0.1738061,1.0,,,,,,,,,,,,,,,,,,,,,,,,,,,,,,,,,,,,,,,,,,,,
900.0,-0.021377472968103578,0.047796331346035004,0.0006539821624755859,0.17870089411735535,0.0,0.29625323,0.1449775,1.000654,0.076353505,0.009745666,1.7063604e-07,-0.0031428337,-0.00059247017,0.017326593,0.034961227,0.04719665,0.01563104,0.3375,0.17398621,1.0,,,,,,,,,,,,,,,,,,,,,,,,,,,,,,,,,,,,,,,,,,,,
901.0,-0.021364450233819752,0.04783307760953903,0.0006539821624755859,0.17916440963745117,0.0,0.2965712,0.14501864,1.000654,0.07630993,0.009871509,2.0864935e-07,-0.0034520626,-0.0008571148,0.017271519,-0.073095515,-0.064778686,-0.013252954,0.337875,0.17416628,1.0,,,,,,,,,,,,,,,,,,,,,,,,,,,,,,,,,,,,,,,,,,,,
902.0,-0.021352300511563317,0.04786994308233261,0.0006539821624755859,0.1796400398015976,0.0,0.29688892,0.14506035,1.000654,0.07625534,0.010009774,1.5020967e-07,-0.003303051,-0.00066304207,0.017336607,0.034962673,0.047209527,0.015625658,0.33825,0.17434631,1.0,,,,,,,,,,,,,,,,,,,,,,,,,,,,,,,,,,,,,,,,,,,,
903.0,-0.021338573723378884,0.04790692776441574,0.0006539821624755859,0.18012753129005432,0.0,0.29720646,0.1451026,1.000654,0.07620879,0.010142052,1.9054193e-07,-0.00361228,-0.0009276867,0.017281532,-0.07309085,-0.064771466,-0.013248458,0.338625,0.17452629,1.0,,,,,,,,,,,,,,,,,,,,,,,,,,,,,,,,,,,,,,,,,,,,
904.0,-0.021325706180545193,0.04794410243630409,0.0006539821624755859,0.1806264966726303,0.0,0.29752377,0.14514546,1.000654,0.07615123,0.01028675,1.2877595e-07,-0.0034632683,-0.00073337555,0.01734662,0.03496412,0.0472224,0.015620268,0.339,0.17470622,1.0,,,,,,,,,,,,,,,,,,,,,,,,,,,,,,,,,,,,,,,,,,,,
905.0,-0.02131131538540872,0.0479813814163208,0.0006539821624755859,0.18113663792610168,0.0,0.29784086,0.1451889,1.000654,0.07610172,0.010425459,1.7142631e-07,-0.0037722588,-0.0009980202,0.017291546,-0.07308619,-0.064764254,-0.013243957,0.339375,0.17488612,1.0,,,,,,,,,,,,,,,,,,,,,,,,,,,,,,,,,,,,,,,,,,,,
906.0,-0.021297767986499547,0.048018839210271835,0.0006539821624755859,0.18165762722492218,0.0,0.2981577,0.14523296,1.000654,0.0760412,0.010576586,1.06335925e-07,-0.0036232471,-0.00080370903,0.017356634,0.034965564,0.04723526,0.015614875,0.33975,0.17506596,1.0,,,,,,,,,,,,,,,,,,,,,,,,,,,,,,,,,,,,,,,,,,,,
907.0,-0.021282749643534184,0.04805641621351242,0.0006539821624755859,0.1821891963481903,0.0,0.2984743,0.14527765,1.000654,0.075988725,0.010721723,1.5130348e-07,-0.003932476,-0.0010681152,0.01730156,-0.07308152,-0.06475705,-0.013239455,0.340125,0.17524578,1.0,,,,,,,,,,,,,,,,,,,,,,,,,,,,,,,,,,,,,,,,,,,,
908.0,-0.02126856183034161,0.04809413105249405,0.0006539821624755859,0.18273094296455383,0.0,0.29879066,0.14532298,1.000654,0.07592524,0.010879274,8.289055e-08,-0.003783226,-0.0008738041,0.017366648,0.034967013,0.04724812,0.015609477,0.3405,0.17542553,1.0,,,,,,,,,,,,,,,,,,,,,,,,,,,,,,,,,,,,,,,,,,,,
909.0,-0.021252952522224904,0.04813200235366821,0.0006539344904012978,0.18328268826007843,0.0,0.29910678,0.14536893,1.000654,0.07586981,0.011030834,1.3017447e-07,-0.004092455,-0.0011384487,0.017311811,-0.07307687,-0.06474984,-0.0132349515,0.340875,0.17560525,1.0,,,,,,,,,,,,,,,,,,,,,,,,,,,,,,,,,,,,,,,,,,,,
910.0,-0.021238155948315126,0.04816999286413193,0.0006539344904012978,0.18384410440921783,0.0,0.29942262,0.14541557,1.000654,0.07580338,0.0111948075,5.844085e-08,-0.003943205,-0.00094389915,0.017376661,0.034968458,0.047260974,0.015604073,0.34125,0.17578493,1.0,,,,,,,,,,,,,,,,,,,,,,,,,,,,,,,,,,,,,,,,,,,,
911.0,-0.021221989905703505,0.04820813238620758,0.0006539344904012978,0.18441493809223175,0.0,0.29973823,0.14546289,1.000654,0.075744994,0.011352786,1.0804026e-07,-0.004252434,-0.0012083054,0.017321825,-0.07307222,-0.06474264,-0.013230445,0.341625,0.17596455,1.0,,,,,,,,,,,,,,,,,,,,,,,,,,,,,,,,,,,,,,,,,,,,
912.0,-0.021206619669125484,0.04824642837047577,0.0006539344904012978,0.18499484658241272,0.0,0.30005357,0.1455109,1.000654,0.07567561,0.011523177,3.2987828e-08,-0.004103422,-0.0010139942,0.017386675,0.034969904,0.04727382,0.015598665,0.342,0.17614414,1.0,,,,,,,,,,,,,,,,,,,,,,,,,,,,,,,,,,,,,,,,,,,,
913.0,-0.02118992747059283,0.048284877091646194,0.0006539344904012978,0.1855837106704712,0.0,0.3003686,0.1455596,1.000654,0.07561428,0.011687571,8.490186e-08,-0.0044124126,-0.0012784004,0.017331839,-0.07306757,-0.064735435,-0.013225935,0.342375,0.17632368,1.0,,,,,,,,,,,,,,,,,,,,,,,,,,,,,,,,,,,,,,,,,,,,
914.0,-0.021174010179734797,0.04832344874739647,0.0006539344904012978,0.18618124723434448,0.0,0.30068338,0.14560902,1.000654,0.07554195,0.011864375,6.53246e-09,-0.004263401,-0.0010838509,0.017396688,0.03497135,0.04728666,0.015593252,0.34275,0.17650318,1.0,,,,,,,,,,,,,,,,,,,,,,,,,,,,,,,,,,,,,,,,,,,,
915.0,-0.02115681890648166,0.04836215451359749,0.0006539344904012978,0.1867872178554535,0.0,0.30099785,0.14565918,1.000654,0.075477675,0.012035181,6.076027e-08,-0.0045723915,-0.0013482571,0.017341852,-0.07306292,-0.06472824,-0.013221423,0.343125,0.17668264,1.0,,,,,,,,,,,,,,,,,,,,,,,,,,,,,,,,,,,,,,,,,,,,
916.0,-0.021140384364939657,0.04840105026960373,0.0006539344904012978,0.18740138411521912,0.0,0.30131203,0.14571008,1.000654,0.07540241,0.012218394,-2.0924242e-08,-0.0044231415,-0.0011537075,0.017406702,0.034972794,0.047299493,0.015587835,0.3435,0.17686205,1.0,,,,,,,,,,,,,,,,,,,,,,,,,,,,,,,,,,,,,,,,,,,,
917.0,-0.021122721608746727,0.04844009876251221,0.0006539106252603233,0.18802356719970703,0.0,0.30162594,0.14576173,1.000654,0.0753352,0.012395607,3.5616473e-08,-0.0047323704,-0.0014181137,0.017352104,-0.07305828,-0.06472105,-0.013216909,0.343875,0.17704141,1.0,,,,,,,,,,,,,,,,,,,,,,,,,,,,,,,,,,,,,,,,,,,,
918.0,-0.021105794547586813,0.04847926273941994,0.0006539344904012978,0.18865354359149933,0.0,0.30193952,0.14581417,1.000654,0.07525699,0.012585226,-4.938128e-08,-0.0045831203,-0.0012235641,0.017416716,0.03497424,0.04731232,0.015582412,0.34425,0.17722073,1.0,,,,,,,,,,,,,,,,,,,,,,,,,,,,,,,,,,,,,,,,,,,,
919.0,-0.02108768259712306,0.0485185906291008,0.0006539106252603233,0.18929116427898407,0.0,0.30225277,0.14586738,1.000654,0.07518685,0.012768843,9.471471e-09,-0.004892111,-0.0014879704,0.017362118,-0.07305364,-0.06471386,-0.013212393,0.344625,0.17740001,1.0,,,,,,,,,,,,,,,,,,,,,,,,,,,,,,,,,,,,,,,,,,,,
920.0,-0.021070285628114745,0.04855809360742569,0.0006539344904012978,0.18993617594242096,0.0,0.30256572,0.1459214,1.000654,0.07510571,0.012964863,-7.883767e-08,-0.004743099,-0.0012931824,0.01742673,0.034975685,0.04732514,0.015576984,0.345,0.17757924,1.0,,,,,,,,,,,,,,,,,,,,,,,,,,,,,,,,,,,,,,,,,,,,
921.0,-0.021051747708185485,0.04859771952033043,0.0006539106252603233,0.19058848917484283,0.0,0.30287835,0.1459762,1.000654,0.07503264,0.01315488,-1.7673745e-08,-0.0050520897,-0.0015575886,0.017372131,-0.073049,-0.06470667,-0.013207874,0.345375,0.17775843,1.0,,,,,,,,,,,,,,,,,,,,,,,,,,,,,,,,,,,,,,,,,,,,
922.0,-0.021033912068321482,0.04863753169775009,0.0006539344904012978,0.19124791026115417,0.0,0.30319065,0.14603186,1.000654,0.07494857,0.013357298,-1.0929242e-07,-0.0049028397,-0.0013628006,0.017436981,0.03497713,0.047337957,0.015571551,0.34575,0.17793758,1.0,,,,,,,,,,,,,,,,,,,,,,,,,,,,,,,,,,,,,,,,,,,,
923.0,-0.021014953336628152,0.048677463084459305,0.0006539106252603233,0.19191429018974304,0.0,0.30350262,0.14608833,1.000654,0.07487258,0.013553711,-4.5818183e-08,-0.00521183,-0.0016269684,0.017382383,-0.073044375,-0.064699486,-0.013203353,0.346125,0.17811668,1.0,,,,,,,,,,,,,,,,,,,,,,,,,,,,,,,,,,,,,,,,,,,,
924.0,-0.020996700721816346,0.04871759191155434,0.0006539344904012978,0.19258753955364227,0.0,0.30381423,0.14614569,1.000654,0.0747856,0.013762523,-1.4074453e-07,-0.0050628185,-0.0014324188,0.017446995,0.034978576,0.047350768,0.015566114,0.3465,0.17829573,1.0,,,,,,,,,,,,,,,,,,,,,,,,,,,,,,,,,,,,,,,,,,,,
925.0,-0.02097733148266834,0.04875785857439041,0.0006539106252603233,0.19326750934123993,0.0,0.3041255,0.14620388,1.000654,0.07470668,0.013965327,-7.4960866e-08,-0.005371809,-0.0016965866,0.017392397,-0.07303975,-0.0646923,-0.013198828,0.346875,0.17847474,1.0,,,,,,,,,,,,,,,,,,,,,,,,,,,,,,,,,,,,,,,,,,,,
926.0,-0.020958676847026167,0.04879825562238693,0.0006539106252603233,0.19395406544208527,0.0,0.30443642,0.14626296,1.000654,0.07461678,0.014180529,-1.7319303e-07,-0.005222559,-0.0015017986,0.017457008,0.03498002,0.04736357,0.015560673,0.34725,0.1786537,1.0,,,,,,,,,,,,,,,,,,,,,,,,,,,,,,,,,,,,,,,,,,,,
927.0,-0.02093891133201387,0.04883885383605957,0.0006539106252603233,0.1946471631526947,0.0,0.30474696,0.1463229,1.000654,0.07453495,0.014389722,-1.0510078e-07,-0.0055315495,-0.0017659664,0.017402649,-0.07303512,-0.06468513,-0.013194302,0.347625,0.17883262,1.0,,,,,,,,,,,,,,,,,,,,,,,,,,,,,,,,,,,,,,,,,,,,
928.0,-0.0209198664633268,0.04887960106134415,0.0006539344904012978,0.1953466385602951,0.0,0.30505714,0.14638379,1.000654,0.07444214,0.014611309,-2.0663691e-07,-0.0053822994,-0.0015711784,0.01746726,0.034981467,0.04737637,0.015555225,0.348,0.17901151,1.0,,,,,,,,,,,,,,,,,,,,,,,,,,,,,,,,,,,,,,,,,,,,
929.0,-0.020899715360475787,0.048920534551143646,0.0006539106252603233,0.19605249166488647,0.0,0.30536696,0.14644557,1.000654,0.0743574,0.014826886,-1.3623696e-07,-0.00569129,-0.0018353462,0.017412663,-0.0730305,-0.06467795,-0.013189774,0.348375,0.17919034,1.0,,,,,,,,,,,,,,,,,,,,,,,,,,,,,,,,,,,,,,,,,,,,
930.0,-0.020880288407387707,0.04896160960197449,0.0006539106252603233,0.19676460325717926,0.0,0.3056764,0.1465083,1.000654,0.07426168,0.015054856,-2.410752e-07,-0.00554204,-0.0016403198,0.017477274,0.034982912,0.04738916,0.015549773,0.34875,0.17936912,1.0,,,,,,,,,,,,,,,,,,,,,,,,,,,,,,,,,,,,,,,,,,,,
931.0,-0.020859759348134506,0.04900285601615906,0.0006539106252603233,0.19748295843601227,0.0,0.30598545,0.14657195,1.000654,0.07417403,0.015276813,-1.6836843e-07,-0.0058510303,-0.0019044876,0.017422915,-0.07302588,-0.064670786,-0.013185242,0.349125,0.17954786,1.0,,,,,,,,,,,,,,,,,,,,,,,,,,,,,,,,,,,,,,,,,,,,
932.0,-0.020839959253131566,0.04904428869485855,0.0006539106252603233,0.19820742309093475,0.0,0.30629408,0.14663659,1.000654,0.07407541,0.015511162,-2.7650694e-07,-0.0057017803,-0.0017094612,0.017487288,0.034984358,0.047401946,0.015544317,0.3495,0.17972656,1.0,,,,,,,,,,,,,,,,,,,,,,,,,,,,,,,,,,,,,,,,,,,,
933.0,-0.02081905814732927,0.049085862934589386,0.0006538868183270097,0.1989380568265915,0.0,0.30660236,0.14670217,1.000654,0.07398487,0.015739495,-2.0149415e-07,-0.006010771,-0.001973629,0.017432928,-0.07302126,-0.06466362,-0.013180709,0.349875,0.1799052,1.0,,,,,,,,,,,,,,,,,,,,,,,,,,,,,,,,,,,,,,,,,,,,
934.0,-0.02079888643231334,0.04912763833999634,0.0006539106252603233,0.1996748000383377,0.0,0.30691022,0.14676875,1.000654,0.07388335,0.015980218,-3.129311e-07,-0.005861521,-0.0017786026,0.01749754,0.034985803,0.047414728,0.015538855,0.35025,0.18008381,1.0,,,,,,,,,,,,,,,,,,,,,,,,,,,,,,,,,,,,,,,,,,,,
935.0,-0.020777616198911348,0.04916958883404732,0.0006539106252603233,0.2004176378250122,0.0,0.30721766,0.14683631,1.000654,0.0737899,0.016214922,-2.3561323e-07,-0.0061705112,-0.0020427704,0.01744318,-0.07301666,-0.06465646,-0.013176173,0.350625,0.18026239,1.0,,,,,,,,,,,,,,,,,,,,,,,,,,,,,,,,,,,,,,,,,,,,
936.0,-0.020757076192938078,0.04921172186732292,0.0006539106252603233,0.2011665254831314,0.0,0.30752468,0.1469049,1.000654,0.07368549,0.016462015,-3.503467e-07,-0.006021261,-0.001847744,0.017507553,0.034987252,0.047427498,0.015533389,0.351,0.1804409,1.0,,,,,,,,,,,,,,,,,,,,,,,,,,,,,,,,,,,,,,,,,,,,
937.0,-0.020735437944841763,0.04925398528575897,0.0006538868183270097,0.2019215077161789,0.0,0.30783132,0.1469745,1.000654,0.07358915,0.01670309,-2.7072463e-07,-0.0063302517,-0.0021116734,0.017453432,-0.07301205,-0.0646493,-0.013171635,0.351375,0.18061937,1.0,,,,,,,,,,,,,,,,,,,,,,,,,,,,,,,,,,,,,,,,,,,,
938.0,-0.020714426938751238,0.04929647222161293,0.0006539106252603233,0.20268256962299347,0.0,0.30813748,0.14704515,1.000654,0.07348185,0.01695655,-3.8875282e-07,-0.0061810017,-0.001916647,0.017517805,0.034988698,0.047440268,0.015527918,0.35175,0.1807978,1.0,,,,,,,,,,,,,,,,,,,,,,,,,,,,,,,,,,,,,,,,,,,,
939.0,-0.020692318528882245,0.049339134246110916,0.0006538868183270097,0.20344975590705872,0.0,0.30844325,0.14711684,1.000654,0.07338263,0.017203989,-3.0682733e-07,-0.0064897537,-0.0021805763,0.017463446,-0.07300744,-0.06464214,-0.0131670935,0.352125,0.18097618,1.0,,,,,,,,,,,,,,,,,,,,,,,,,,,,,,,,,,,,,,,,,,,,
940.0,-0.02067093831590082,0.04938197880983353,0.0006539106252603233,0.20422309637069702,0.0,0.30874854,0.1471896,1.000654,0.073272444,0.01746381,-4.2814844e-07,-0.0063405037,-0.00198555,0.017527819,0.034990143,0.047453027,0.015522442,0.3525,0.18115452,1.0,,,,,,,,,,,,,,,,,,,,,,,,,,,,,,,,,,,,,,,,,,,,
941.0,-0.020648457612705538,0.04942501708865166,0.0006539106252603233,0.20500266551971436,0.0,0.30905342,0.14726342,1.000654,0.07317034,0.017717611,-3.4392048e-07,-0.006649494,-0.0022494793,0.017473698,-0.073002845,-0.064634986,-0.0131625505,0.352875,0.18133281,1.0,,,,,,,,,,,,,,,,,,,,,,,,,,,,,,,,,,,,,,,,,,,,
942.0,-0.020626704161996898,0.049468278884887695,0.0006538868183270097,0.20578843355178833,0.0,0.30935782,0.14733836,1.000654,0.07305727,0.01798379,-4.6853256e-07,-0.006500244,-0.0020542145,0.01753807,0.03499159,0.047465783,0.015516961,0.35325,0.18151104,1.0,,,,,,,,,,,,,,,,,,,,,,,,,,,,,,,,,,,,,,,,,,,,
943.0,-0.02060384680049283,0.04951174184679985,0.0006539106252603233,0.2065805047750473,0.0,0.3096618,0.14741437,1.000654,0.0729523,0.018243948,-3.8200298e-07,-0.006808996,-0.0023181438,0.01748395,-0.07299825,-0.06462783,-0.013158005,0.353625,0.18168925,1.0,,,,,,,,,,,,,,,,,,,,,,,,,,,,,,,,,,,,,,,,,,,,
944.0,-0.02058171333720493,0.04955544322729111,0.0006539106252603233,0.20737892389297485,0.0,0.30996528,0.14749153,1.000654,0.072836354,0.018516485,-5.099043e-07,-0.006659746,-0.002122879,0.017548084,0.034993034,0.047478534,0.015511475,0.354,0.1818674,1.0,,,,,,,,,,,,,,,,,,,,,,,,,,,,,,,,,,,,,,,,,,,,
945.0,-0.02055846984999407,0.0495992973446846,0.0006538868183270097,0.20818382501602173,0.0,0.3102683,0.14756979,1.000654,0.0727285,0.018782994,-4.2107388e-07,-0.006968498,-0.0023868084,0.017493963,-0.07299365,-0.06462069,-0.013153457,0.354375,0.18204552,1.0,,,,,,,,,,,,,,,,,,,,,,,,,,,,,,,,,,,,,,,,,,,,
946.0,-0.020535945545939103,0.04964343458414078,0.0006539106252603233,0.20899523794651031,0.0,0.31057087,0.14764921,1.000654,0.072609685,0.01906188,-5.522626e-07,-0.006819248,-0.0021915436,0.017558336,0.03499448,0.047491275,0.015505984,0.35475,0.18222357,1.0,,,,,,,,,,,,,,,,,,,,,,,,,,,,,,,,,,,,,,,,,,,,
947.0,-0.020512308083685458,0.04968777671456337,0.0006538629531860352,0.20981325209140778,0.0,0.31087294,0.14772977,1.000654,0.07249897,0.01933474,-4.611323e-07,-0.0071280003,-0.0024552345,0.017504215,-0.07298906,-0.06461354,-0.013148907,0.355125,0.1824016,1.0,,,,,,,,,,,,,,,,,,,,,,,,,,,,,,,,,,,,,,,,,,,,
948.0,-0.020489382392818337,0.04973234236240387,0.0006538868183270097,0.21063798666000366,0.0,0.3111745,0.14781152,1.0006539,0.07237729,0.019619973,-5.956065e-07,-0.00697875,-0.0022599697,0.01756835,0.034995925,0.047504015,0.01550049,0.3555,0.18257958,1.0,,,,,,,,,,,,,,,,,,,,,,,,,,,,,,,,,,,,,,,,,,,,
949.0,-0.020465337365116285,0.04977717250585556,0.0006538629531860352,0.21146954596042633,0.0,0.3114756,0.14789444,1.0006539,0.0722637,0.01989918,-1.3425712e-07,-0.0072875023,-0.0025236607,0.017514467,-0.07298447,-0.064606406,-0.013144353,0.355875,0.1827575,1.0,,,,,,,,,,,,,,,,,,,,,,,,,,,,,,,,,,,,,,,,,,,,
950.0,-0.02044199902300479,0.04982225224375725,0.0006538868183270097,0.21230800449848175,0.0,0.3117762,0.14797856,1.0006539,0.07213916,0.020190757,-3.5838715e-07,-0.0071382523,-0.0023283958,0.017578602,0.03499737,0.047516745,0.015494989,0.35625,0.18293537,1.0,,,,,,,,,,,,,,,,,,,,,,,,,,,,,,,,,,,,,,,,,,,,
951.0,-0.02041753245984983,0.04986756294965744,0.0006538629531860352,0.21315357089042664,0.0,0.31207627,0.14806388,1.0006539,0.07202271,0.020476304,-2.4238332e-07,-0.0074470043,-0.0025920868,0.01752472,-0.07297989,-0.06459927,-0.013139798,0.356625,0.18311322,1.0,,,,,,,,,,,,,,,,,,,,,,,,,,,,,,,,,,,,,,,,,,,,
952.0,-0.020393468299661984,0.049913134425878525,0.0006538868183270097,0.21400628983974457,0.0,0.31237584,0.14815044,1.0006539,0.071895316,0.02077422,-3.8818303e-07,-0.0072977543,-0.002396822,0.017588854,0.034998816,0.04752947,0.015489484,0.357,0.183291,1.0,,,,,,,,,,,,,,,,,,,,,,,,,,,,,,,,,,,,,,,,,,,,
953.0,-0.02036872329341877,0.049958981573581696,0.0006539106252603233,0.21486634016036987,0.0,0.3126749,0.14823821,1.0006539,0.07177602,0.021066103,-2.8904083e-07,-0.0076065063,-0.002660513,0.017534971,-0.072975315,-0.06459213,-0.01313524,0.357375,0.18346874,1.0,,,,,,,,,,,,,,,,,,,,,,,,,,,,,,,,,,,,,,,,,,,,
954.0,-0.02034421131975069,0.05000511556863785,0.0006539344904012978,0.2157338559627533,0.0,0.31297344,0.14832726,1.0006539,0.07164577,0.021370355,-4.3362283e-07,-0.0074572563,-0.0024650097,0.017599106,0.03500026,0.04754219,0.0154839745,0.35775,0.18364644,1.0,,,,,,,,,,,,,,,,,,,,,,,,,,,,,,,,,,,,,,,,,,,,
955.0,-0.020319010908791464,0.05005146190524101,0.0006539106252603233,0.2166089415550232,0.0,0.31327146,0.14841755,1.0006539,0.07152362,0.021668574,-3.3324005e-07,-0.0077660084,-0.0027287006,0.017544985,-0.07297073,-0.064585,-0.013130681,0.358125,0.18382409,1.0,,,,,,,,,,,,,,,,,,,,,,,,,,,,,,,,,,,,,,,,,,,,
956.0,-0.020293978734294435,0.05009812116622925,0.0006539344904012978,0.2174917757511139,0.0,0.31356892,0.14850913,1.0006539,0.07139052,0.021979157,-4.8085235e-07,-0.0076167583,-0.0025331974,0.01760912,0.035001706,0.047554903,0.015478459,0.3585,0.1840017,1.0,,,,,,,,,,,,,,,,,,,,,,,,,,,,,,,,,,,,,,,,,,,,
957.0,-0.020268241339985983,0.050145041197538376,0.0006539106252603233,0.21838253736495972,0.0,0.31386584,0.14860198,1.0006539,0.071265526,0.022283703,-3.7823224e-07,-0.00792551,-0.0026817322,0.017554522,-0.07345169,-0.036978032,-0.0133363735,0.358875,0.18417926,1.0,,,,,,,,,,,,,,,,,,,,,,,,,,,,,,,,,,,,,,,,,,,,
958.0,-0.02024271678309906,0.050192274153232574,0.0006539344904012978,0.21928134560585022,0.0,0.31416225,0.14869614,1.0006539,0.071134284,0.022600697,-5.162291e-07,-0.007776022,-0.0023713112,0.017617702,0.03452226,0.075161,0.015250054,0.35925,0.18435678,1.0,,,,,,,,,,,,,,,,,,,,,,,,,,,,,,,,,,,,,,,,,,,,
959.0,-0.020216476400328795,0.050239741802215576,0.0006539106252603233,0.2201884239912033,0.0,0.31445813,0.14879161,1.0006539,0.07101585,0.022911737,-4.038389e-07,-0.008084774,-0.002519846,0.017562866,-0.07345092,-0.036983762,-0.013319187,0.359625,0.18453425,1.0,,,,,,,,,,,,,,,,,,,,,,,,,,,,,,,,,,,,,,,,,,,,
960.0,-0.020190438204249768,0.05028746277093887,0.0006539344904012978,0.22110386192798615,0.0,0.31475353,0.14888842,1.0006539,0.07089116,0.023235219,-5.451581e-07,-0.007935524,-0.002209425,0.017626047,0.034526676,0.07516077,0.015231875,0.36,0.18471166,1.0,,,,,,,,,,,,,,,,,,,,,,,,,,,,,,,,,,,,,,,,,,,,
961.0,-0.020163674067330068,0.050335515290498734,0.0006539106252603233,0.22202792763710022,0.0,0.31504843,0.14898656,1.0006539,0.07077928,0.023552744,-4.3306417e-07,-0.008244038,-0.0023579597,0.01757121,-0.07345015,-0.03698949,-0.013302002,0.360375,0.18488905,1.0,,,,,,,,,,,,,,,,,,,,,,,,,,,,,,,,,,,,,,,,,,,,
962.0,-0.020137100986059888,0.05038384348154068,0.0006539106252603233,0.2229607254266739,0.0,0.31534287,0.14908607,1.0006539,0.07066114,0.023882713,-5.753422e-07,-0.008094788,-0.0020475388,0.017634392,0.034531087,0.07516054,0.015213697,0.36075,0.18506637,1.0,,,,,,,,,,,,,,,,,,,,,,,,,,,,,,,,,,,,,,,,,,,,
963.0,-0.02010979149722334,0.05043243244290352,0.0006539344904012978,0.22390247881412506,0.0,0.31563684,0.14918694,1.0006539,0.07055581,0.02420672,-4.6409886e-07,-0.00840354,-0.0021960735,0.017579556,-0.07344938,-0.036995213,-0.013284818,0.361125,0.18524367,1.0,,,,,,,,,,,,,,,,,,,,,,,,,,,,,,,,,,,,,,,,,,,,
964.0,-0.020082661689537786,0.050481319427490234,0.0006539106252603233,0.22485333681106567,0.0,0.31593037,0.14928919,1.0006539,0.070444226,0.02454317,-6.072052e-07,-0.008254051,-0.0018856525,0.017642736,0.034535494,0.0751603,0.015195522,0.3615,0.1854209,1.0,,,,,,,,,,,,,,,,,,,,,,,,,,,,,,,,,,,,,,,,,,,,
965.0,-0.020054783137342023,0.05053050443530083,0.0006539106252603233,0.22581355273723602,0.0,0.31622347,0.14939283,1.0006539,0.07034544,0.024873657,-4.968426e-07,-0.008562803,-0.0020344257,0.0175879,-0.073448606,-0.037000928,-0.013267636,0.361875,0.18559809,1.0,,,,,,,,,,,,,,,,,,,,,,,,,,,,,,,,,,,,,,,,,,,,
966.0,-0.02002707284722419,0.0505799725651741,0.0006539344904012978,0.22678323090076447,0.0,0.31651613,0.14949791,1.0006539,0.07024039,0.025216585,-6.407697e-07,-0.008413315,-0.0017237663,0.017650843,0.034539897,0.075160064,0.01517735,0.36225,0.18577524,1.0,,,,,,,,,,,,,,,,,,,,,,,,,,,,,,,,,,,,,,,,,,,,
967.0,-0.019998602103453597,0.050629712641239166,0.0006539106252603233,0.22776265442371368,0.0,0.31680843,0.14960438,1.0006539,0.070148155,0.025553549,-5.312891e-07,-0.008722067,-0.0018725395,0.017596245,-0.07344783,-0.037006643,-0.013250456,0.362625,0.18595234,1.0,,,,,,,,,,,,,,,,,,,,,,,,,,,,,,,,,,,,,,,,,,,,
968.0,-0.019970285812201474,0.05067974328994751,0.0006539106252603233,0.228752002120018,0.0,0.3171003,0.14971231,1.0006539,0.07004964,0.02590295,-6.760363e-07,-0.008572578,-0.0015618801,0.017659187,0.034544297,0.075159825,0.0151591785,0.363,0.18612938,1.0,,,,,,,,,,,,,,,,,,,,,,,,,,,,,,,,,,,,,,,,,,,,
969.0,-0.019941198971015185,0.05073004215955734,0.0006539106252603233,0.22975140810012817,0.0,0.3173918,0.14982167,1.0006539,0.06996394,0.026246384,-5.6743755e-07,-0.0088813305,-0.0017106533,0.01760459,-0.07344705,-0.03701235,-0.013233278,0.363375,0.18630639,1.0,,,,,,,,,,,,,,,,,,,,,,,,,,,,,,,,,,,,,,,,,,,,
970.0,-0.01991225444336633,0.050780653953552246,0.0006539344904012978,0.23076115548610687,0.0,0.31768295,0.1499325,1.0006539,0.06987197,0.026602253,-7.130042e-07,-0.008731842,-0.0014002323,0.017667294,0.03454869,0.07515958,0.01514101,0.36375,0.18648334,1.0,,,,,,,,,,,,,,,,,,,,,,,,,,,,,,,,,,,,,,,,,,,,
971.0,-0.019882525137436095,0.050831545144319534,0.0006539106252603233,0.23178139328956604,0.0,0.31797373,0.15004481,1.0006539,0.06979279,0.026952157,-6.0528697e-07,-0.009040594,-0.0015490055,0.017612696,-0.07344627,-0.03701805,-0.013216101,0.364125,0.18666026,1.0,,,,,,,,,,,,,,,,,,,,,,,,,,,,,,,,,,,,,,,,,,,,
972.0,-0.019852808714671485,0.050882719457149506,0.0006539106252603233,0.2328123301267624,0.0,0.3182642,0.15015861,1.0006539,0.06970735,0.027314492,-7.51673e-07,-0.008891106,-0.0012383461,0.017675638,0.03455308,0.07515934,0.015122843,0.3645,0.18683712,1.0,,,,,,,,,,,,,,,,,,,,,,,,,,,,,,,,,,,,,,,,,,,,
973.0,-0.019822285900019415,0.050934214144945145,0.0006539106252603233,0.23385418951511383,0.0,0.31855434,0.15027392,1.0006539,0.069634706,0.02767086,-6.448367e-07,-0.009199858,-0.0013873577,0.01762104,-0.073445484,-0.03702375,-0.013198924,0.364875,0.18701394,1.0,,,,,,,,,,,,,,,,,,,,,,,,,,,,,,,,,,,,,,,,,,,,
974.0,-0.019791873737239077,0.05098594352602959,0.0006539344904012978,0.2349071055650711,0.0,0.31884414,0.15039074,1.0006539,0.06955579,0.028039657,-7.9204165e-07,-0.009050369,-0.0010766983,0.017683744,0.034557465,0.075159095,0.015104678,0.36525,0.18719071,1.0,,,,,,,,,,,,,,,,,,,,,,,,,,,,,,,,,,,,,,,,,,,,
975.0,-0.019760644271005733,0.0510379858314991,0.0006539106252603233,0.23597130179405212,0.0,0.3191337,0.15050909,1.0006539,0.069489665,0.028402485,-6.8608614e-07,-0.009359121,-0.0012254715,0.017629147,-0.0734447,-0.03702944,-0.013181751,0.365625,0.18736744,1.0,,,,,,,,,,,,,,,,,,,,,,,,,,,,,,,,,,,,,,,,,,,,
976.0,-0.019729514686556652,0.05109027773141861,0.0006539344904012978,0.23704689741134644,0.0,0.31942293,0.150629,1.0006539,0.069417275,0.02877774,-8.341095e-07,-0.009209394,-0.0009150505,0.01769185,0.03456185,0.07515884,0.015086517,0.366,0.1875441,1.0,,,,,,,,,,,,,,,,,,,,,,,,,,,,,,,,,,,,,,,,,,,,
977.0,-0.019697556884544613,0.05114280432462692,0.0006539106252603233,0.23813413083553314,0.0,0.31971192,0.15075044,1.0006539,0.06935767,0.029147025,-7.2903435e-07,-0.0095181465,-0.0010638237,0.017637253,-0.07344392,-0.03703513,-0.013164578,0.366375,0.18772075,1.0,,,,,,,,,,,,,,,,,,,,,,,,,,,,,,,,,,,,,,,,,,,,
978.0,-0.01966568746114172,0.051195621490478516,0.0006539344904012978,0.23923316597938538,0.0,0.32000065,0.15087348,1.0006539,0.06929179,0.029528735,-8.77876e-07,-0.009368658,-0.0007534027,0.017699957,0.034566227,0.075158596,0.015068356,0.36675,0.18789732,1.0,,,,,,,,,,,,,,,,,,,,,,,,,,,,,,,,,,,,,,,,,,,,
979.0,-0.01963297817413186,0.05124864727258682,0.0006539344904012978,0.24034418165683746,0.0,0.32028913,0.15099809,1.0006539,0.06923871,0.02990447,-7.7368077e-07,-0.00967741,-0.0009021759,0.017645359,-0.07344313,-0.037040815,-0.013147406,0.367125,0.18807386,1.0,,,,,,,,,,,,,,,,,,,,,,,,,,,,,,,,,,,,,,,,,,,,
980.0,-0.019600346439168064,0.051301926374435425,0.0006539344904012978,0.24146737158298492,0.0,0.32057738,0.1511243,1.0006539,0.06917934,0.03029263,-9.233402e-07,-0.009527683,-0.0005917549,0.017708063,0.0345706,0.07515834,0.015050198,0.3675,0.18825035,1.0,,,,,,,,,,,,,,,,,,,,,,,,,,,,,,,,,,,,,,,,,,,,
981.0,-0.01956686523906465,0.051355428993701935,0.0006539344904012978,0.2426028698682785,0.0,0.32086542,0.15125212,1.0006539,0.06913277,0.030674815,-8.2002464e-07,-0.009836435,-0.0007405281,0.017653465,-0.07344234,-0.037046492,-0.013130236,0.367875,0.1884268,1.0,,,,,,,,,,,,,,,,,,,,,,,,,,,,,,,,,,,,,,,,,,,,
982.0,-0.019533319141252652,0.05140911415219307,0.0006539344904012978,0.24375088512897491,0.0,0.32115325,0.15138157,1.0006539,0.06907991,0.031069422,-9.705016e-07,-0.009686947,-0.00043010712,0.01771617,0.03457497,0.07515809,0.015032042,0.36825,0.1886032,1.0,,,,,,,,,,,,,,,,,,,,,,,,,,,,,,,,,,,,,,,,,,,,
983.0,-0.019498900758596942,0.0514630489051342,0.0006539344904012978,0.24491162598133087,0.0,0.32144094,0.15151264,1.0006539,0.069039844,0.03145805,-8.680652e-07,-0.009995699,-0.0005788803,0.017661572,-0.07344155,-0.037052166,-0.013113068,0.368625,0.18877955,1.0,,,,,,,,,,,,,,,,,,,,,,,,,,,,,,,,,,,,,,,,,,,,
984.0,-0.019464529395884896,0.05151713639497757,0.0006539344904012978,0.24608519673347473,0.0,0.3217284,0.15164539,1.0006539,0.06899349,0.0318591,-1.0193593e-06,-0.009845972,-0.00026845932,0.017724037,0.034579337,0.075157836,0.015013888,0.369,0.18895584,1.0,,,,,,,,,,,,,,,,,,,,,,,,,,,,,,,,,,,,,,,,,,,,
985.0,-0.019429275561126273,0.051571428775787354,0.0006539344904012978,0.24727179110050201,0.0,0.32201573,0.15177979,1.0006539,0.06895992,0.03225417,-9.178017e-07,-0.010154724,-0.00041747093,0.017669678,-0.07344076,-0.037057836,-0.013095902,0.369375,0.1891321,1.0,,,,,,,,,,,,,,,,,,,,,,,,,,,,,,,,,,,,,,,,,,,,
986.0,-0.019394057609720766,0.051625870168209076,0.0006539344904012978,0.24847158789634705,0.0,0.3223029,0.15191588,1.0006539,0.06892007,0.032661658,-1.0699126e-06,-0.010004997,-0.00010681152,0.017732143,0.0345837,0.075157575,0.014995736,0.36975,0.1893083,1.0,,,,,,,,,,,,,,,,,,,,,,,,,,,,,,,,,,,,,,,,,,,,
987.0,-0.019358002199183832,0.051680464297533035,0.0006539344904012978,0.24968475103378296,0.0,0.32258996,0.15205364,1.0006539,0.068893,0.033063166,-9.692335e-07,-0.010313749,-0.00025582314,0.017677546,-0.07343996,-0.037063498,-0.013078737,0.370125,0.18948446,1.0,,,,,,,,,,,,,,,,,,,,,,,,,,,,,,,,,,,,,,,,,,,,
988.0,-0.01932186270629245,0.05173517391085625,0.0006539344904012978,0.2509114444255829,0.0,0.32287687,0.15219313,1.0006539,0.068859644,0.03347709,-1.1221609e-06,-0.010164022,5.4836273e-05,0.017740011,0.034588058,0.075157315,0.014977586,0.3705,0.18966058,1.0,,,,,,,,,,,,,,,,,,,,,,,,,,,,,,,,,,,,,,,,,,,,
989.0,-0.01928509112925531,0.05178997665643692,0.0006539344904012978,0.25215184688568115,0.0,0.32316372,0.15233432,1.0006539,0.068839066,0.03388503,-1.0223598e-06,-0.0104727745,-9.417534e-05,0.017685652,-0.073439166,-0.03706916,-0.013061574,0.370875,0.18983664,1.0,,,,,,,,,,,,,,,,,,,,,,,,,,,,,,,,,,,,,,,,,,,,
990.0,-0.019247970726339193,0.05184487625956535,0.0006539106252603233,0.2534060776233673,0.0,0.32345042,0.15247725,1.0006539,0.06881221,0.034305383,-1.1761033e-06,-0.010323048,0.00021624565,0.017747879,0.034592412,0.075157054,0.014959439,0.37125,0.19001266,1.0,,,,,,,,,,,,,,,,,,,,,,,,,,,,,,,,,,,,,,,,,,,,
991.0,-0.019210397357697365,0.051899880170822144,0.0006539106252603233,0.25467434525489807,0.0,0.32373708,0.15262191,1.0006537,0.06879812,0.03471975,-1.0771801e-06,-0.0106318,6.723404e-05,0.01769352,-0.07343837,-0.037074815,-0.013044411,0.371625,0.19018863,1.0,,,,,,,,,,,,,,,,,,,,,,,,,,,,,,,,,,,,,,,,,,,,
992.0,-0.01917237153221904,0.051954902708530426,0.0006539106252603233,0.2559567391872406,0.0,0.32402366,0.15276836,1.0006537,0.06877774,0.035146534,-8.638302e-07,-0.010482073,0.00037789345,0.017755747,0.03459676,0.07515679,0.014941293,0.372,0.19036455,1.0,,,,,,,,,,,,,,,,,,,,,,,,,,,,,,,,,,,,,,,,,,,,
993.0,-0.01913421058294007,0.05200998857617378,0.0006539106252603233,0.2572534680366516,0.0,0.32431018,0.15291657,1.0006537,0.06877014,0.035567325,-8.5214094e-07,-0.010790825,0.00022888184,0.017701387,-0.073437564,-0.037080463,-0.013027251,0.372375,0.19054043,1.0,,,,,,,,,,,,,,,,,,,,,,,,,,,,,,,,,,,,,,,,,,,,
994.0,-0.019095235873977073,0.05206509307026863,0.0006539106252603233,0.25856462121009827,0.0,0.32459667,0.15306656,1.0006537,0.068756245,0.03600053,-9.872456e-07,-0.010641098,0.0005393028,0.017763615,0.034601107,0.075156525,0.01492315,0.37275,0.19071625,1.0,,,,,,,,,,,,,,,,,,,,,,,,,,,,,,,,,,,,,,,,,,,,
995.0,-0.019056248908384806,0.05212021991610527,0.0006539106252603233,0.2598903775215149,0.0,0.32488316,0.15321834,1.0006537,0.06875512,0.036427744,-8.9483456e-07,-0.01094985,0.0003902912,0.017709255,-0.07343677,-0.03708611,-0.013010092,0.373125,0.19089204,1.0,,,,,,,,,,,,,,,,,,,,,,,,,,,,,,,,,,,,,,,,,,,,
996.0,-0.019016332237126336,0.05217532068490982,0.0006539106252603233,0.26123085618019104,0.0,0.32516962,0.15337196,1.0006537,0.06874771,0.036867365,-1.0499074e-06,-0.010800123,0.0007007122,0.017771482,0.034605447,0.07515626,0.0149050085,0.3735,0.19106777,1.0,,,,,,,,,,,,,,,,,,,,,,,,,,,,,,,,,,,,,,,,,,,,
997.0,-0.018976394857686683,0.05223041772842407,0.0006539106252603233,0.26258623600006104,0.0,0.32545608,0.15352738,1.0006537,0.06875306,0.037300996,-9.538774e-07,-0.011107445,0.0005517006,0.017717123,-0.07313183,-0.037086345,-0.012993148,0.373875,0.19124345,1.0,,,,,,,,,,,,,,,,,,,,,,,,,,,,,,,,,,,,,,,,,,,,
998.0,-0.01893528419265022,0.05228547379374504,0.0006539106252603233,0.26395654678344727,0.0,0.32574254,0.15368466,1.0006537,0.06875212,0.03774698,-1.1102446e-06,-0.010956526,0.0008621216,0.01777935,0.03491384,0.07516134,0.014886796,0.37425,0.19141908,1.0,,,,,,,,,,,,,,,,,,,,,,,,,,,,,,,,,,,,,,,,,,,,
999.0,-0.018894609052674788,0.05234045907855034,0.0006539106252603233,0.26534199714660645,0.0,0.32602906,0.15384378,1.0006537,0.06876395,0.038186923,-1.0144184e-06,-0.010789871,0.00071310997,0.01772499,0.040616784,-0.035069373,-0.013074225,0.374625,0.19159468,1.0,,,,,,,,,,,,,,,,,,,,,,,,,,,,,,,,,,,,,,,,,,,,
