step,reward,mean_form_error_m,mean_z_error_m,min_dyn_distance_m,collision_flag,x_m,y_m,z_m,vx_mps,vy_mps,vz_mps,roll_rad,pitch_rad,yaw_rad,wx_rps,wy_rps,wz_rps,x_des_m,y_des_m,z_des_m,ic_pos_jitter_d0_x_m,ic_pos_jitter_d0_y_m,ic_pos_jitter_d0_z_m,ic_yaw_jitter_d0_rad,ic_vel_jitter_d0_x_mps,ic_vel_jitter_d0_y_mps,ic_vel_jitter_d0_z_mps,ic_pos_jitter_d1_x_m,ic_pos_jitter_d1_y_m,ic_pos_jitter_d1_z_m,ic_yaw_jitter_d1_rad,ic_vel_jitter_d1_x_mps,ic_vel_jitter_d1_y_mps,ic_vel_jitter_d1_z_mps,ic_pos_jitter_d2_x_m,ic_pos_jitter_d2_y_m,ic_pos_jitter_d2_z_m,ic_yaw_jitter_d2_rad,ic_vel_jitter_d2_x_mps,ic_vel_jitter_d2_y_mps,ic_vel_jitter_d2_z_mps,ic_pos_jitter_d3_x_m,ic_pos_jitter_d3_y_m,ic_pos_jitter_d3_z_m,ic_yaw_jitter_d3_rad,ic_vel_jitter_d3_x_mps,ic_vel_jitter_d3_y_mps,ic_vel_jitter_d3_z_mps,ic_pos_jitter_d4_x_m,ic_pos_jitter_d4_y_m,ic_pos_jitter_d4_z_m,ic_yaw_jitter_d4_rad,ic_vel_jitter_d4_x_mps,ic_vel_jitter_d4_y_mps,ic_vel_jitter_d4_z_mps,ic_obstacle_jitter_x_m,ic_obstacle_jitter_y_m,ic_obstacle_jitter_z_m,ic_dynamic_jitter_x_m,ic_dynamic_jitter_y_m,ic_dynamic_jitter_z_m,episode,max_steps,timestamp_unix
,,,,,,,,,,,,,,,,,,,,,0.16774362714634705,0.10949623368914463,-0.033783600492503674,0.12188124275932699,-0.046094406043334424,-0.07843439123833101,-0.03277156552517271,0.09007447687530973,0.24435750532535655,-0.2786518378242077,-0.014851096215961923,-0.14291131243124544,-0.17240769631921646,-0.0016933262487460188,-0.03440197182014709,-0.1719418078235968,0.04862949470525524,-0.06962056827125807,0.10258112846832285,-0.18494803550476582,0.09393144513506763,-0.23231634187458527,0.12478767978669625,0.08893843920171873,-0.3053347862962283,-0.1752867095538433,0.1760611372426239,0.1192648082093008,0.25774002144776814,-0.14479132823109933,0.2594668971108099,0.3035254412491807,-0.11858937999743674,0.0894591391310196,-0.009246230281960782,0.3839575317000734,0.20292713015318442,0.38502555978818354,0.3087349665049198,0.24498390362091083,-0.32536387311814097,51.0,1000.0,1764624945.6431334
0.0,0.007727034939572742,0.0004379421006888151,0.00010573863983154297,1.6692196130752563,0.0,0.0,0.0,1.0001056,0.0,0.0,2.3485587e-05,0.0,0.0,0.0,0.0,0.0,0.0,0.0,0.0,1.0,,,,,,,,,,,,,,,,,,,,,,,,,,,,,,,,,,,,,,,,,,,,
1.0,0.0077244368056726635,0.0008565547177568078,0.00010573863983154297,1.6691904067993164,0.0,0.0,0.0,1.0001057,0.0,0.0,2.3187351e-05,0.0,0.0,0.0,0.0,0.0,0.0,0.000375,0.0002,1.0,,,,,,,,,,,,,,,,,,,,,,,,,,,,,,,,,,,,,,,,,,,,
2.0,0.007723098164345912,0.0012793268542736769,0.00010585784912109375,1.6691466569900513,0.0,0.0,0.0,1.0001057,0.0,0.0,2.288944e-05,-0.00012803078,0.00023984909,0.0,-0.030714178,0.057589088,0.0,0.00075,0.00039999993,1.0,,,,,,,,,,,,,,,,,,,,,,,,,,,,,,,,,,,,,,,,,,,,
3.0,0.007721112455492811,0.0017032374162226915,0.00010597705841064453,1.66908860206604,0.0,4.086733e-08,2.1795907e-08,1.0001059,9.808159e-06,5.231018e-06,2.2957873e-05,0.00020241737,2.1457672e-05,0.0,0.07927969,-0.052410748,-1.2316217e-05,0.001125,0.0005999998,1.0,,,,,,,,,,,,,,,,,,,,,,,,,,,,,,,,,,,,,,,,,,,,
4.0,0.0077191226204487064,0.002127487678080797,0.00010609626770019531,1.669015884399414,0.0,8.540084e-08,9.123785e-09,1.000106,1.0688043e-05,-3.0413094e-06,2.2574539e-05,7.43866e-05,0.00026154518,1.1920929e-06,-0.03072544,0.05758821,0.00028527447,0.0015,0.00079999946,1.0,,,,,,,,,,,,,,,,,,,,,,,,,,,,,,,,,,,,,,,,,,,,
5.0,0.007717129280348673,0.0025520201306790113,0.00010609626770019531,1.6689289808273315,0.0,1.7446618e-07,-1.6205533e-08,1.0001061,2.137568e-05,-6.079036e-06,2.2295944e-05,0.00040459633,4.3153763e-05,-2.4080276e-05,0.07926684,-0.05241106,-0.0060845534,0.001875,0.000999999,1.0,,,,,,,,,,,,,,,,,,,,,,,,,,,,,,,,,,,,,,,,,,,,
6.0,0.007715131779703915,0.0029766384977847338,0.0001062154769897461,1.668828010559082,0.0,2.708605e-07,-1.10440205e-07,1.0001061,2.313464e-05,-2.2616321e-05,2.1991547e-05,0.00027656555,0.00028300285,7.224083e-05,-0.030735558,0.05757703,0.023127267,0.00225,0.0011999982,1.0,,,,,,,,,,,,,,,,,,,,,,,,,,,,,,,,,,,,,,,,,,,,
7.0,0.007713130267379893,0.003401379566639662,0.00010633468627929688,1.6687126159667969,0.0,4.1544675e-07,-2.5175274e-07,1.0001062,3.4700697e-05,-3.391501e-05,2.2063197e-05,0.0006067753,6.4611435e-05,4.673004e-05,0.07925311,-0.052409466,-0.0061006187,0.002625,0.0013999972,1.0,,,,,,,,,,,,,,,,,,,,,,,,,,,,,,,,,,,,,,,,,,,,
8.0,0.0077111261543703225,0.003826181637123227,0.00010645389556884766,1.6685835123062134,0.0,5.7102113e-07,-4.9637384e-07,1.0001063,3.7337857e-05,-5.870907e-05,2.1674035e-05,0.0004787445,0.00030446053,0.00014328957,-0.030756464,0.057564907,0.023135802,0.003,0.0015999958,1.0,,,,,,,,,,,,,,,,,,,,,,,,,,,,,,,,,,,,,,,,,,,,
9.0,0.007709118841457712,0.004251058213412762,0.00010645389556884766,1.6684399843215942,0.0,7.7844015e-07,-8.2245356e-07,1.0001065,4.9780567e-05,-7.825912e-05,2.1398502e-05,0.0008087158,8.606911e-05,0.00011777878,0.079239376,-0.052407872,-0.006116672,0.003375,0.0017999939,1.0,,,,,,,,,,,,,,,,,,,,,,,,,,,,,,,,,,,,,,,,,,,,
10.0,0.007707108005105328,0.004675969015806913,0.00010657310485839844,1.6682826280593872,0.0,1.0005e-06,-1.2862063e-06,1.0001065,5.3294356e-05,-0.00011130066,2.108832e-05,0.00068068504,0.0003259182,0.00021409988,-0.030777361,0.05755279,0.023144327,0.00375,0.0019999917,1.0,,,,,,,,,,,,,,,,,,,,,,,,,,,,,,,,,,,,,,,,,,,,
11.0,0.007705093605260118,0.0051009515300393105,0.00010669231414794922,1.6681115627288818,0.0,1.2780515e-06,-1.8657605e-06,1.0001066,6.661236e-05,-0.00013909303,2.1163025e-05,0.0010106564,0.00010752678,0.0001885891,0.07922566,-0.052406278,-0.006132712,0.004125,0.0021999888,1.0,,,,,,,,,,,,,,,,,,,,,,,,,,,,,,,,,,,,,,,,,,,,
12.0,0.007703076374384545,0.005525982938706875,0.0001068115234375,1.6679266691207886,0.0,1.5738898e-06,-2.6173127e-06,1.0001067,7.1001195e-05,-0.0001803725,2.0768084e-05,0.00088238716,0.00034737587,0.00028514862,-0.030798247,0.057540674,0.02315284,0.0045,0.0023999857,1.0,,,,,,,,,,,,,,,,,,,,,,,,,,,,,,,,,,,,,,,,,,,,
13.0,0.0077010555958171596,0.005951084196567535,0.0001068115234375,1.6677277088165283,0.0,1.9288593e-06,-3.518968e-06,1.0001068,8.519269e-05,-0.00021639731,2.049561e-05,0.0012123585,0.00012874603,0.00025963783,0.07921194,-0.052404687,-0.0061487397,0.004875,0.0025999816,1.0,,,,,,,,,,,,,,,,,,,,,,,,,,,,,,,,,,,,,,,,,,,,
14.0,0.007699032176516266,0.006376249250024557,0.00010693073272705078,1.6675148010253906,0.0,2.3057553e-06,-4.626908e-06,1.0001068,9.045502e-05,-0.00026590552,2.0179648e-05,0.0010840893,0.00036859512,0.00035619736,-0.030819124,0.05752856,0.023161342,0.00525,0.002799977,1.0,,,,,,,,,,,,,,,,,,,,,,,,,,,,,,,,,,,,,,,,,,,,
15.0,0.007697004618711071,0.006801501847803593,0.00010704994201660156,1.6672883033752441,0.0,2.7454164e-06,-5.919216e-06,1.0001069,0.00010551867,-0.000310154,2.0257414e-05,0.0014138222,0.0001502037,0.00033044815,0.079198234,-0.052403096,-0.0061647547,0.005625,0.0029999719,1.0,,,,,,,,,,,,,,,,,,,,,,,,,,,,,,,,,,,,,,,,,,,,
16.0,0.007694974869617363,0.007226807065308094,0.00010704994201660156,1.6670482158660889,0.0,3.2106368e-06,-7.452055e-06,1.000107,0.000111652895,-0.00036788135,1.9856701e-05,0.001285553,0.00038981438,0.00042700768,-0.030839989,0.057516444,0.023169836,0.006,0.003199966,1.0,,,,,,,,,,,,,,,,,,,,,,,,,,,,,,,,,,,,,,,,,,,,
17.0,0.007692940509360051,0.007652217987924814,0.00010716915130615234,1.6667944192886353,0.0,3.7422487e-06,-9.203485e-06,1.000107,0.00012758689,-0.00042034336,1.9587287e-05,0.0016152859,0.00017142296,0.00040125847,0.07918454,-0.052401505,-0.0061807567,0.006375,0.003399959,1.0,,,,,,,,,,,,,,,,,,,,,,,,,,,,,,,,,,,,,,,,,,,,
18.0,0.007690902900906804,0.008077703416347504,0.00010728836059570312,1.6665265560150146,0.0,4.303047e-06,-1.12296575e-05,1.0001072,0.00013459151,-0.00048628132,1.9633488e-05,0.0014867783,0.00041103363,0.000497818,-0.030860843,0.05750433,0.023178317,0.00675,0.0035999515,1.0,,,,,,,,,,,,,,,,,,,,,,,,,,,,,,,,,,,,,,,,,,,,
19.0,0.007688862829336724,0.008503295481204987,0.00010728836059570312,1.6662451028823853,0.0,4.9338564e-06,-1.3508607e-05,1.0001073,0.00015139434,-0.0005469477,1.9260007e-05,0.0018167496,0.00019264221,0.0004720688,0.079170845,-0.052399915,-0.0061967466,0.007125,0.0037999428,1.0,,,,,,,,,,,,,,,,,,,,,,,,,,,,,,,,,,,,,,,,,,,,
20.0,0.0076868187824467886,0.008928981609642506,0.0001074075698852539,1.6659501791000366,0.0,5.597472e-06,-1.6096463e-05,1.0001073,0.00015926766,-0.00062108564,1.8960189e-05,0.0016880035,0.00043225288,0.0005686283,-0.030881688,0.05749222,0.023186788,0.0075,0.003999933,1.0,,,,,,,,,,,,,,,,,,,,,,,,,,,,,,,,,,,,,,,,,,,,
21.0,0.007684771083937811,0.009354772046208382,0.00010752677917480469,1.6656416654586792,0.0,6.3347134e-06,-1.8971246e-05,1.0001074,0.00017693799,-0.000689948,1.9036728e-05,0.0020177364,0.00021362305,0.0005428791,0.07915716,-0.052398328,-0.006212724,0.007875,0.004199923,1.0,,,,,,,,,,,,,,,,,,,,,,,,,,,,,,,,,,,,,,,,,,,,
22.0,0.007682720642855566,0.009780663065612316,0.00010752677917480469,1.6653194427490234,0.0,7.1083737e-06,-2.2189066e-05,1.0001075,0.00018567847,-0.00077227684,1.8628742e-05,0.0018892288,0.00045323372,0.00063943863,-0.030902522,0.057480104,0.023195248,0.00825,0.004399911,1.0,,,,,,,,,,,,,,,,,,,,,,,,,,,,,,,,,,,,,,,,,,,,
23.0,0.007680665738444076,0.010206709615886211,0.00010764598846435547,1.6649837493896484,0.0,7.959267e-06,-2.5727919e-05,1.0001075,0.00020421439,-0.0008493244,1.8363602e-05,0.0022187233,0.00023460388,0.0006136894,0.07914348,-0.05239674,-0.0062286886,0.008625,0.0045998986,1.0,,,,,,,,,,,,,,,,,,,,,,,,,,,,,,,,,,,,,,,,,,,,
24.0,0.00768009701091214,0.010632823221385479,0.00010776519775390625,1.6646342277526855,0.0,8.850186e-06,-2.9643901e-05,1.0001076,0.00021382057,-0.000939836,1.8401246e-05,0.0020902157,0.00047421455,0.00071024895,-0.030923344,0.057467997,0.023203699,0.009,0.0047998847,1.0,,,,,,,,,,,,,,,,,,,,,,,,,,,,,,,,,,,,,,,,,,,,
25.0,0.007677236004885344,0.011059078387916088,0.00010776519775390625,1.664271354675293,0.0,9.821939e-06,-3.3914985e-05,1.0001078,0.0002332206,-0.0010250598,1.8032342e-05,0.0018246174,0.00025558472,0.00068449974,-0.06370087,-0.052496616,-0.006176906,0.009375,0.00499987,1.0,,,,,,,,,,,,,,,,,,,,,,,,,,,,,,,,,,,,,,,,,,,,
26.0,0.007676660422874557,0.011485416442155838,0.00010788440704345703,1.663894772529602,0.0,1.0837246e-05,-3.849589e-05,1.0001078,0.00024367379,-0.0010994175,1.777553e-05,0.0020172596,0.0004951954,0.00078105927,0.046231598,0.05752559,0.023158185,0.00975,0.0051998533,1.0,,,,,,,,,,,,,,,,,,,,,,,,,,,,,,,,,,,,,,,,,,,,
27.0,0.007673793445836052,0.01191185973584652,0.00010800361633300781,1.6635043621063232,0.0,1.1936953e-05,-4.341936e-05,1.0001079,0.00026392977,-0.0011816325,1.7817007e-05,0.0017518997,0.00027680397,0.00075531006,-0.06369938,-0.05249727,-0.0061755427,0.010125,0.0053998358,1.0,,,,,,,,,,,,,,,,,,,,,,,,,,,,,,,,,,,,,,,,,,,,
28.0,0.007673212716649868,0.012338357977569103,0.00010800361633300781,1.6631007194519043,0.0,1.3083781e-05,-4.8640115e-05,1.000108,0.0002752385,-0.0012529813,1.7463244e-05,0.0019445419,0.0005161762,0.0008518696,0.046225924,0.057534847,0.023149235,0.0105,0.0055998173,1.0,,,,,,,,,,,,,,,,,,,,,,,,,,,,,,,,,,,,,,,,,,,,
29.0,0.007670338718654237,0.012764980085194111,0.0001081228256225586,1.6626832485198975,0.0,1.4318576e-05,-5.4190892e-05,1.000108,0.000296351,-0.0013321864,1.7159922e-05,0.0016789436,0.0002977848,0.00082588196,-0.06369788,-0.052497927,-0.0061741746,0.010875,0.005799797,1.0,,,,,,,,,,,,,,,,,,,,,,,,,,,,,,,,,,,,,,,,,,,,
30.0,0.007669753067083366,0.013191649690270424,0.0001081228256225586,1.6622525453567505,0.0,1.560406e-05,-6.0026425e-05,1.0001081,0.0003085163,-0.0014005275,1.7254439e-05,0.0018718243,0.0005373955,0.0009224415,0.04622025,0.057544097,0.023140285,0.01125,0.005999775,1.0,,,,,,,,,,,,,,,,,,,,,,,,,,,,,,,,,,,,,,,,,,,,
31.0,0.007666873111415772,0.013618424534797668,0.00010824203491210938,1.6618080139160156,0.0,1.6981086e-05,-6.617944e-05,1.0001081,0.0003304863,-0.0014767238,1.684624e-05,0.001606226,0.00031876564,0.0008966923,-0.06369639,-0.052498586,-0.0061728023,0.011625,0.0061997515,1.0,,,,,,,,,,,,,,,,,,,,,,,,,,,,,,,,,,,,,,,,,,,,
32.0,0.007666280524582544,0.01404525525867939,0.00010836124420166016,1.6613497734069824,0.0,1.8412375e-05,-7.260468e-05,1.0001082,0.00034350896,-0.0015420573,1.6964776e-05,0.0017988682,0.0005583763,0.0009930134,0.04621458,0.057553343,0.023131331,0.012,0.006399727,1.0,,,,,,,,,,,,,,,,,,,,,,,,,,,,,,,,,,,,,,,,,,,,
33.0,0.007663395309376937,0.014472132548689842,0.00010836124420166016,1.66087806224823,0.0,1.993878e-05,-7.9334866e-05,1.0001084,0.0003663374,-0.0016152454,1.6551305e-05,0.0015332699,0.0003399849,0.0009672642,-0.0636949,-0.052499242,-0.006171425,0.012375,0.0065997005,1.0,,,,,,,,,,,,,,,,,,,,,,,,,,,,,,,,,,,,,,,,,,,,
34.0,0.007662796961181448,0.014899100176990032,0.00010848045349121094,1.6603925228118896,0.0,2.1523023e-05,-8.632475e-05,1.0001084,0.00038021817,-0.0016775709,1.6302547e-05,0.0017261505,0.00057959557,0.0010635853,0.04620891,0.057562586,0.023122378,0.01275,0.0067996723,1.0,,,,,,,,,,,,,,,,,,,,,,,,,,,,,,,,,,,,,,,,,,,,
35.0,0.007659905891926609,0.015326100401580334,0.00010848045349121094,1.659893274307251,0.0,2.3205965e-05,-9.360704e-05,1.0001085,0.0004039062,-0.001747752,1.6343603e-05,0.0014605522,0.00036120415,0.0010378361,-0.06369341,-0.0524999,-0.006170043,0.013125,0.0069996426,1.0,,,,,,,,,,,,,,,,,,,,,,,,,,,,,,,,,,,,,,,,,,,,
36.0,0.007659302077750907,0.01575317606329918,0.00010859966278076172,1.659380555152893,0.0,2.4950325e-05,-0.0001011365,1.0001085,0.00041864606,-0.0018070705,1.5987534e-05,0.0016531944,0.0006008148,0.0011341572,0.046203244,0.057571825,0.023113422,0.0135,0.007199611,1.0,,,,,,,,,,,,,,,,,,,,,,,,,,,,,,,,,,,,,,,,,,,,
37.0,0.00765640579019673,0.01618027314543724,0.00010859966278076172,1.6588537693023682,0.0,2.6796966e-05,-0.00010894585,1.0001086,0.00044319435,-0.0018742443,1.605415e-05,0.0013875961,0.0003824234,0.001108408,-0.06369192,-0.052500557,-0.0061686565,0.013875,0.007399578,1.0,,,,,,,,,,,,,,,,,,,,,,,,,,,,,,,,,,,,,,,,,,,,
38.0,0.007655795696412673,0.016607435420155525,0.0001087188720703125,1.658313274383545,0.0,2.870861e-05,-0.00011698984,1.0001086,0.0004587942,-0.0019305565,1.569148e-05,0.0015804768,0.0006220341,0.0012047291,0.04619758,0.057581056,0.023104465,0.01425,0.007599543,1.0,,,,,,,,,,,,,,,,,,,,,,,,,,,,,,,,,,,,,,,,,,,,
39.0,0.00765289375549182,0.0170346237719059,0.0001087188720703125,1.6577588319778442,0.0,3.0726125e-05,-0.00012530119,1.0001087,0.0004842036,-0.0019947235,1.5760012e-05,0.0013148785,0.00040364265,0.0011789799,-0.06369044,-0.052501217,-0.006167265,0.014625,0.0077995057,1.0,,,,,,,,,,,,,,,,,,,,,,,,,,,,,,,,,,,,,,,,,,,,
40.0,0.007652278385055246,0.017461858689785004,0.00010883808135986328,1.6571905612945557,0.0,3.2812226e-05,-0.00013383465,1.0001087,0.00050066435,-0.0020480298,1.539629e-05,0.0015075207,0.0006432533,0.001275301,0.04619192,0.057590287,0.023095503,0.015,0.007999467,1.0,,,,,,,,,,,,,,,,,,,,,,,,,,,,,,,,,,,,,,,,,,,,
41.0,0.0076493703656887995,0.017889095470309258,0.00010883808135986328,1.6566084623336792,0.0,3.500779e-05,-0.00014262294,1.0001088,0.0005269358,-0.0021091904,1.5465432e-05,0.0012419224,0.0004248619,0.0012493134,-0.063688956,-0.052501876,-0.0061658695,0.015375,0.008199425,1.0,,,,,,,,,,,,,,,,,,,,,,,,,,,,,,,,,,,,,,,,,,,,
42.0,0.007648749522605781,0.018316391855478287,0.00010895729064941406,1.6560124158859253,0.0,3.7275535e-05,-0.00015162083,1.0001088,0.00054425834,-0.0021594914,1.5100967e-05,0.0014345646,0.000664711,0.0013456345,0.046186257,0.05759951,0.023086542,0.01575,0.008399382,1.0,,,,,,,,,,,,,,,,,,,,,,,,,,,,,,,,,,,,,,,,,,,,
43.0,0.0076458356914808805,0.018743688240647316,0.00010907649993896484,1.6554023027420044,0.0,3.9656337e-05,-0.00016086102,1.000109,0.0005713926,-0.0022176462,1.5170652e-05,0.0011689663,0.00044631958,0.0013198853,-0.06368747,-0.05250253,-0.0061644693,0.016125,0.008599337,1.0,,,,,,,,,,,,,,,,,,,,,,,,,,,,,,,,,,,,,,,,,,,,
44.0,0.00764520979806836,0.019171012565493584,0.00010907649993896484,1.6547783613204956,0.0,4.211291e-05,-0.00017029827,1.0001091,0.00058957783,-0.0022649423,1.4805456e-05,0.0013618469,0.00068616867,0.0014162064,0.0461806,0.05760873,0.02307758,0.0165,0.00879929,1.0,,,,,,,,,,,,,,,,,,,,,,,,,,,,,,,,,,,,,,,,,,,,
45.0,0.007642290694260699,0.01959834434092045,0.00010919570922851562,1.6541401147842407,0.0,4.4686145e-05,-0.00017996533,1.0001091,0.00061757566,-0.0023200912,1.4507747e-05,0.0010960102,0.00046777725,0.0013902187,-0.06368599,-0.05250319,-0.006163064,0.016875,0.008999241,1.0,,,,,,,,,,,,,,,,,,,,,,,,,,,,,,,,,,,,,,,,,,,,
46.0,0.007641659857565497,0.020025646314024925,0.00010919570922851562,1.6534878015518188,0.0,4.7338744e-05,-0.00018981691,1.0001092,0.00063662464,-0.0023643833,1.4596137e-05,0.0012888908,0.0007073879,0.0014865398,0.046174943,0.057617947,0.023068614,0.01725,0.009199189,1.0,,,,,,,,,,,,,,,,,,,,,,,,,,,,,,,,,,,,,,,,,,,,
47.0,0.0076387350487027526,0.02045300230383873,0.0001093149185180664,1.6528213024139404,0.0,5.011161e-05,-0.00019988578,1.0001092,0.000665487,-0.0024165274,1.4192301e-05,0.0010230541,0.0004889965,0.0014607906,-0.06368451,-0.05250385,-0.0061616544,0.017625,0.009399135,1.0,,,,,,,,,,,,,,,,,,,,,,,,,,,,,,,,,,,,,,,,,,,,
48.0,0.007638098646566444,0.020880311727523804,0.0001093149185180664,1.6521403789520264,0.0,5.2967443e-05,-0.00021012667,1.0001093,0.00068540045,-0.0024578155,1.4305006e-05,0.0012159348,0.0007288456,0.0015568733,0.046169292,0.05762716,0.023059648,0.018,0.009599078,1.0,,,,,,,,,,,,,,,,,,,,,,,,,,,,,,,,,,,,,,,,,,,,
49.0,0.007635168544333928,0.021307669579982758,0.00010943412780761719,1.6514451503753662,0.0,5.5947145e-05,-0.00022057233,1.0001093,0.0007151284,-0.002506955,1.3895827e-05,0.00095009804,0.0005104542,0.0015311241,-0.06368303,-0.05250451,-0.00616024,0.018375,0.009799019,1.0,,,,,,,,,,,,,,,,,,,,,,,,,,,,,,,,,,,,,,,,,,,,
50.0,0.007634526728125535,0.021734943613409996,0.00010943412780761719,1.65073561668396,0.0,5.9013426e-05,-0.00023117749,1.0001094,0.0007359072,-0.0025452396,1.4009184e-05,0.0011429787,0.00075030327,0.0016272068,0.04616364,0.05763637,0.023050679,0.01875,0.009998959,1.0,,,,,,,,,,,,,,,,,,,,,,,,,,,,,,,,,,,,,,,,,,,,
51.0,0.007631591597647506,0.022162262350320816,0.00010943412780761719,1.650011420249939,0.0,6.220718e-05,-0.00024197489,1.0001094,0.0007665015,-0.0025913753,1.3600215e-05,0.00087714195,0.00053215027,0.0016014576,-0.06368155,-0.052505165,-0.0061588213,0.019125,0.010198895,1.0,,,,,,,,,,,,,,,,,,,,,,,,,,,,,,,,,,,,,,,,,,,,
52.0,0.00763094465900198,0.022589534521102905,0.00010955333709716797,1.6492729187011719,0.0,6.549113e-05,-0.0002529193,1.0001094,0.00078814646,-0.0026266568,1.3712924e-05,0.0010700226,0.00077199936,0.0016975403,0.04615799,0.05764557,0.023041708,0.0195,0.010398828,1.0,,,,,,,,,,,,,,,,,,,,,,,,,,,,,,,,,,,,,,,,,,,,
53.0,0.007628004558826597,0.0230167917907238,0.00010955333709716797,1.64851975440979,0.0,6.890616e-05,-0.00026404342,1.0001096,0.0008196084,-0.0026697896,1.36724e-05,0.00080418587,0.00055360794,0.0016717911,-0.063680075,-0.052505825,-0.0061573978,0.019875,0.010598759,1.0,,,,,,,,,,,,,,,,,,,,,,,,,,,,,,,,,,,,,,,,,,,,
54.0,0.007627352180494694,0.023443996906280518,0.00010967254638671875,1.6477521657943726,0.0,7.2414994e-05,-0.00027530204,1.0001096,0.0008421202,-0.0027020683,1.3330076e-05,0.0009970665,0.00079345703,0.0017678738,0.046152342,0.05765477,0.023032736,0.02025,0.010798688,1.0,,,,,,,,,,,,,,,,,,,,,,,,,,,,,,,,,,,,,,,,,,,,
55.0,0.007624406697763734,0.023871207609772682,0.00010967254638671875,1.6469700336456299,0.0,7.605854e-05,-0.00028672785,1.0001097,0.0008744504,-0.002742198,1.3396747e-05,0.0007312298,0.0005750656,0.0017418861,-0.0636786,-0.052506484,-0.0061559696,0.020625,0.010998613,1.0,,,,,,,,,,,,,,,,,,,,,,,,,,,,,,,,,,,,,,,,,,,,
56.0,0.00762374953968645,0.024298332631587982,0.00010979175567626953,1.6461728811264038,0.0,7.9799494e-05,-0.00029827567,1.0001097,0.0008978301,-0.0027714747,1.3028656e-05,0.000923872,0.0008151531,0.0018379688,0.0461467,0.057663962,0.023023764,0.021,0.0111985365,1.0,,,,,,,,,,,,,,,,,,,,,,,,,,,,,,,,,,,,,,,,,,,,
57.0,0.007620799612521237,0.02472541853785515,0.00010979175567626953,1.645361304283142,0.0,8.367879e-05,-0.00030997818,1.0001098,0.0009310294,-0.0028086023,1.3101739e-05,0.0006582737,0.0005967617,0.0018122196,-0.06367713,-0.052507143,-0.0061545367,0.021375,0.011398457,1.0,,,,,,,,,,,,,,,,,,,,,,,,,,,,,,,,,,,,,,,,,,,,
58.0,0.0076201364163653185,0.025152478367090225,0.00010991096496582031,1.6445344686508179,0.0,8.765911e-05,-0.00032179017,1.0001098,0.000955278,-0.0028348772,1.2731543e-05,0.0008509159,0.0008368492,0.0019083023,0.046141054,0.057673153,0.023014788,0.02175,0.011598374,1.0,,,,,,,,,,,,,,,,,,,,,,,,,,,,,,,,,,,,,,,,,,,,
59.0,0.007617181897861289,0.02557946741580963,0.00010991096496582031,1.6436928510665894,0.0,9.178139e-05,-0.00033374433,1.0001099,0.0009893472,-0.0028690028,1.2805482e-05,0.0005853176,0.0006184578,0.0018823147,-0.06367566,-0.052507803,-0.0061530992,0.022125,0.011798289,1.0,,,,,,,,,,,,,,,,,,,,,,,,,,,,,,,,,,,,,,,,,,,,
60.0,0.007616514023357737,0.026006421074271202,0.0001100301742553711,1.642836332321167,0.0,9.600833e-05,-0.0003457955,1.0001099,0.0010144655,-0.0028922767,1.2434484e-05,0.0007779598,0.0008585453,0.0019783974,0.046135414,0.05768234,0.02300581,0.0225,0.0119982,1.0,,,,,,,,,,,,,,,,,,,,,,,,,,,,,,,,,,,,,,,,,,,,
61.0,0.007613554266234032,0.026433294638991356,0.0001100301742553711,1.6419647932052612,0.0,0.00010038085,-0.00035797633,1.00011,0.0010494055,-0.0029234006,1.2508975e-05,0.0005121231,0.0006401539,0.0019526482,-0.06367419,-0.052508462,-0.006151657,0.022875,0.012198108,1.0,,,,,,,,,,,,,,,,,,,,,,,,,,,,,,,,,,,,,,,,,,,,
62.0,0.007612650594411107,0.02686009183526039,0.0001100301742553711,1.641077995300293,0.0,0.00010486166,-0.00037024164,1.00011,0.0010753945,-0.002943674,1.2137247e-05,0.0007047653,0.0008802414,0.0020484924,0.046129774,0.057691522,0.022996832,0.02325,0.012398014,1.0,,,,,,,,,,,,,,,,,,,,,,,,,,,,,,,,,,,,,,,,,,,,
63.0,0.007609453624049263,0.027286803349852562,0.00011014938354492188,1.6401760578155518,0.0,0.00010949169,-0.00038262413,1.00011,0.0011112061,-0.002971797,1.221227e-05,0.00043916702,0.0007531643,0.0020227432,-0.06371759,-0.030597847,-0.0061347657,0.023625,0.012597917,1.0,,,,,,,,,,,,,,,,,,,,,,,,,,,,,,,,,,,,,,,,,,,,
64.0,0.007608545561150958,0.02771342359483242,0.00011014938354492188,1.639258861541748,0.0,0.00011424918,-0.00039507856,1.0001101,0.0011417984,-0.002989063,1.2205108e-05,0.00063180923,0.0010845661,0.002118826,0.046082273,0.079606965,0.022993233,0.024,0.012797816,1.0,,,,,,,,,,,,,,,,,,,,,,,,,,,,,,,,,,,,,,,,,,,,
65.0,0.007605343272774119,0.028139924630522728,0.00011026859283447266,1.6383265256881714,0.0,0.00011919062,-0.0004076376,1.0001101,0.0011859442,-0.0030141699,1.1822199e-05,0.00036597252,0.000957489,0.0020930767,-0.06372044,-0.030608743,-0.006123374,0.024375,0.012997712,1.0,,,,,,,,,,,,,,,,,,,,,,,,,,,,,,,,,,,,,,,,,,,,
66.0,0.007604430470282071,0.02856629714369774,0.00011026859283447266,1.6373789310455322,0.0,0.00012429424,-0.00042025602,1.0001103,0.0012248677,-0.0030284203,1.1922815e-05,0.00055885315,0.0012888908,0.002188921,0.046077624,0.07960593,0.022974107,0.02475,0.013197605,1.0,,,,,,,,,,,,,,,,,,,,,,,,,,,,,,,,,,,,,,,,,,,,
67.0,0.007601224855127835,0.028992468491196632,0.00011026859283447266,1.636415719985962,0.0,0.00012961648,-0.00043296648,1.0001103,0.001277342,-0.0030505108,1.1512413e-05,0.00029301643,0.0011618137,0.0021631718,-0.06372329,-0.030619636,-0.0061119804,0.025125,0.013397493,1.0,,,,,,,,,,,,,,,,,,,,,,,,,,,,,,,,,,,,,,,,,,,,
68.0,0.007600307153815112,0.029418477788567543,0.00011038780212402344,1.6354368925094604,0.0,0.00013513562,-0.00044572374,1.0001103,0.0013245906,-0.0030617453,1.16197525e-05,0.00048565865,0.0014929771,0.002259016,0.046072975,0.07960489,0.022954985,0.0255,0.013597379,1.0,,,,,,,,,,,,,,,,,,,,,,,,,,,,,,,,,,,,,,,,,,,,
69.0,0.007597097544683895,0.02984430268406868,0.00011038780212402344,1.6344425678253174,0.0,0.00014090807,-0.0004585605,1.0001104,0.0013853884,-0.003080819,1.1573511e-05,0.00021982193,0.0013661385,0.0022332668,-0.06372613,-0.030630525,-0.0061005848,0.025875,0.013797263,1.0,,,,,,,,,,,,,,,,,,,,,,,,,,,,,,,,,,,,,,,,,,,,
70.0,0.00759617591711873,0.030269872397184372,0.00011050701141357422,1.6334328651428223,0.0,0.00014691205,-0.00047143147,1.0001104,0.001440956,-0.0030890368,1.1227693e-05,0.00041246414,0.0016973019,0.002329111,0.046068326,0.07960384,0.02293587,0.02625,0.013997142,1.0,,,,,,,,,,,,,,,,,,,,,,,,,,,,,,,,,,,,,,,,,,,,
71.0,0.00759296167635152,0.030695270746946335,0.00011050701141357422,1.632407307624817,0.0,0.00015320402,-0.00048436938,1.0001105,0.0015100713,-0.0031050928,1.1285654e-05,0.00014662743,0.0015702248,0.002303362,-0.06372896,-0.030641409,-0.0060891868,0.026625,0.014197018,1.0,,,,,,,,,,,,,,,,,,,,,,,,,,,,,,,,,,,,,,,,,,,,
72.0,0.0075920369550259315,0.03112037107348442,0.00011050701141357422,1.6313658952713013,0.0,0.00015976216,-0.00049732893,1.0001105,0.0015739526,-0.0031102933,1.091564e-05,0.00033950806,0.0019013882,0.0023992062,0.046063676,0.0796028,0.022916755,0.027,0.01439689,1.0,,,,,,,,,,,,,,,,,,,,,,,,,,,,,,,,,,,,,,,,,,,,
73.0,0.007588818679408378,0.031545232981443405,0.000110626220703125,1.630308985710144,0.0,0.0001666429,-0.0005103428,1.0001105,0.0016513795,-0.0031233313,1.0977094e-05,7.367134e-05,0.0017743111,0.0023732185,-0.06373179,-0.030652286,-0.0060777864,0.027375,0.014596758,1.0,,,,,,,,,,,,,,,,,,,,,,,,,,,,,,,,,,,,,,,,,,,,
74.0,0.0075877502212373295,0.03196977823972702,0.000110626220703125,1.629236102104187,0.0,0.00017382445,-0.0005233658,1.0001106,0.0017235694,-0.0031255141,1.0974457e-05,0.00026631355,0.002105713,0.0024690628,0.04605903,0.07960176,0.022897646,0.02775,0.014796623,1.0,,,,,,,,,,,,,,,,,,,,,,,,,,,,,,,,,,,,,,,,,,,,
75.0,0.0075846685861071916,0.032394036650657654,0.00011074542999267578,1.6281473636627197,0.0,0.0001813632,-0.0005364305,1.0001106,0.0018093012,-0.003135533,1.0579544e-05,4.7683716e-07,0.0019783974,0.0024433136,-0.06373461,-0.03066316,-0.0060663843,0.028125,0.014996485,1.0,,,,,,,,,,,,,,,,,,,,,,,,,,,,,,,,,,,,,,,,,,,,
76.0,0.007583226098662073,0.03281793370842934,0.00011074542999267578,1.627042531967163,0.0,0.00018923734,-0.0005494917,1.0001107,0.0018897937,-0.0031346974,1.0684319e-05,0.00019311905,0.0023095608,0.0025389194,0.046054382,0.079600714,0.02287854,0.0285,0.015196342,1.0,,,,,,,,,,,,,,,,,,,,,,,,,,,,,,,,,,,,,,,,,,,,
77.0,0.007580511553230446,0.03324153274297714,0.00011074542999267578,1.6259218454360962,0.0,0.00019750328,-0.00056258217,1.0001107,0.0019838256,-0.003141697,1.0262003e-05,-7.271767e-05,0.0021824837,0.0025131702,-0.06373744,-0.03067403,-0.0060549797,0.028875,0.015396195,1.0,,,,,,,,,,,,,,,,,,,,,,,,,,,,,,,,,,,,,,,,,,,,
78.0,0.0075786945528753535,0.03366474434733391,0.00011086463928222656,1.6247851848602295,0.0,0.00020613917,-0.0005756565,1.0001107,0.0020726146,-0.0031378423,1.0373479e-05,0.000119924545,0.002513647,0.002608776,0.046049736,0.07959968,0.022859437,0.02925,0.015596046,1.0,,,,,,,,,,,,,,,,,,,,,,,,,,,,,,,,,,,,,,,,,,,,
79.0,0.007576286618171881,0.03408757597208023,0.00011086463928222656,1.623632550239563,0.0,0.00021520142,-0.00058874744,1.0001109,0.0021749416,-0.003141822,1.0315335e-05,-0.00014591217,0.00238657,0.002583027,-0.06374025,-0.030684892,-0.006043573,0.029625,0.015795892,1.0,,,,,,,,,,,,,,,,,,,,,,,,,,,,,,,,,,,,,,,,,,,,
80.0,0.007574157259396255,0.03451002761721611,0.00011086463928222656,1.6224638223648071,0.0,0.00022466818,-0.0006018097,1.0001109,0.0022720206,-0.0031349477,9.973651e-06,4.673004e-05,0.0027177334,0.0026786327,0.046045087,0.079598635,0.02284034,0.03,0.015995733,1.0,,,,,,,,,,,,,,,,,,,,,,,,,,,,,,,,,,,,,,,,,,,,
81.0,0.007571887135288039,0.03493202477693558,0.00011098384857177734,1.621279001235962,0.0,0.00023459583,-0.000614876,1.0001109,0.0023826368,-0.003135907,1.0019714e-05,-0.00021910667,0.0025904179,0.0026528835,-0.06374306,-0.030695751,-0.006032164,0.030375,0.016195571,1.0,,,,,,,,,,,,,,,,,,,,,,,,,,,,,,,,,,,,,,,,,,,,
82.0,0.007569613321372855,0.03535362333059311,0.00011098384857177734,1.6200780868530273,0.0,0.00024496252,-0.000627901,1.000111,0.0024880017,-0.0031260124,1.0021762e-05,-2.6464462e-05,0.0029215813,0.0027484894,0.046040438,0.07959759,0.022821246,0.03075,0.016395405,1.0,,,,,,,,,,,,,,,,,,,,,,,,,,,,,,,,,,,,,,,,,,,,
83.0,0.007567341121137017,0.035774726420640945,0.00011098384857177734,1.6188610792160034,0.0,0.0002558246,-0.0006409175,1.000111,0.0026068995,-0.0031239504,9.617015e-06,-0.00029230118,0.0027945042,0.0027227402,-0.063745864,-0.030706605,-0.0060207536,0.031125,0.016595235,1.0,,,,,,,,,,,,,,,,,,,,,,,,,,,,,,,,,,,,,,,,,,,,
84.0,0.00756506485886779,0.03619540482759476,0.00011110305786132812,1.6176279783248901,0.0,0.00026716018,-0.0006538801,1.000111,0.0027205443,-0.0031110349,9.725167e-06,-9.9658966e-05,0.0031256676,0.0028181076,0.046035793,0.07959655,0.022802154,0.0315,0.016795062,1.0,,,,,,,,,,,,,,,,,,,,,,,,,,,,,,,,,,,,,,,,,,,,
85.0,0.007562789786398299,0.03661554306745529,0.00011110305786132812,1.616378664970398,0.0,0.0002790257,-0.0006668216,1.0001111,0.0028477204,-0.0031059512,9.661258e-06,-0.0003657341,0.002998352,0.0027923584,-0.063748665,-0.030717455,-0.0060093403,0.031875,0.016994882,1.0,,,,,,,,,,,,,,,,,,,,,,,,,,,,,,,,,,,,,,,,,,,,
86.0,0.0075605121198573395,0.037035197019577026,0.00011110305786132812,1.6151131391525269,0.0,0.0002913992,-0.0006796967,1.0001111,0.0029696377,-0.0030900144,9.3217295e-06,-0.00017285347,0.0033295155,0.0028879642,0.046031144,0.079595506,0.022783067,0.03225,0.0171947,1.0,,,,,,,,,,,,,,,,,,,,,,,,,,,,,,,,,,,,,,,,,,,,
87.0,0.007558234451756929,0.03745434060692787,0.0001112222671508789,1.6138317584991455,0.0,0.00030433704,-0.0006925379,1.0001111,0.0031050858,-0.0030819082,9.360744e-06,-0.0004389286,0.0032022,0.0028619766,-0.06375146,-0.0307283,-0.005997925,0.032625,0.017394513,1.0,,,,,,,,,,,,,,,,,,,,,,,,,,,,,,,,,,,,,,,,,,,,
88.0,0.0075559544972590275,0.037872932851314545,0.0001112222671508789,1.6125341653823853,0.0,0.00031781735,-0.00070530025,1.0001112,0.0032352721,-0.0030629495,9.365247e-06,-0.00024604797,0.003533125,0.0029575825,0.046026498,0.07959446,0.022763984,0.033,0.01759432,1.0,,,,,,,,,,,,,,,,,,,,,,,,,,,,,,,,,,,,,,,,,,,,
89.0,0.007553675645121329,0.03829093649983406,0.0001112222671508789,1.6112202405929565,0.0,0.00033189644,-0.0007180161,1.0001112,0.0033789845,-0.0030518204,8.953385e-06,-0.0005121231,0.0034058094,0.0029315948,-0.06375425,-0.03073914,-0.005986508,0.033375,0.017794127,1.0,,,,,,,,,,,,,,,,,,,,,,,,,,,,,,,,,,,,,,,,,,,,
90.0,0.007551393476217812,0.038708366453647614,0.00011134147644042969,1.609890341758728,0.0,0.0003465524,-0.0007306405,1.0001112,0.0035174335,-0.003029839,9.064009e-06,-0.0003194809,0.0037369728,0.0030272007,0.046021853,0.07959342,0.022744905,0.03375,0.017993925,1.0,,,,,,,,,,,,,,,,,,,,,,,,,,,,,,,,,,,,,,,,,,,,
91.0,0.007549112937629615,0.03912520408630371,0.00011134147644042969,1.6085442304611206,0.0,0.0003618416,-0.00074320583,1.0001113,0.0036694072,-0.0030156863,8.992983e-06,-0.00058555603,0.0036096573,0.003001213,-0.06375704,-0.030749975,-0.0059750886,0.034125,0.018193722,1.0,,,,,,,,,,,,,,,,,,,,,,,,,,,,,,,,,,,,,,,,,,,,
92.0,0.007546829995611773,0.03954140469431877,0.00011134147644042969,1.6071821451187134,0.0,0.00037774208,-0.000755667,1.0001113,0.0038161112,-0.002990682,8.655927e-06,-0.0003926754,0.0039408207,0.0030965805,0.046017203,0.07959238,0.02272583,0.0345,0.018393511,1.0,,,,,,,,,,,,,,,,,,,,,,,,,,,,,,,,,,,,,,,,,,,,
93.0,0.007544547599733259,0.03995700553059578,0.00011146068572998047,1.6058040857315063,0.0,0.00039431016,-0.0007680566,1.0001113,0.00397634,-0.0029735053,8.687826e-06,-0.00065875053,0.0038132668,0.0030708313,-0.06375982,-0.030760804,-0.005963667,0.034875,0.018593298,1.0,,,,,,,,,,,,,,,,,,,,,,,,,,,,,,,,,,,,,,,,,,,,
94.0,0.007542263253955931,0.04037189111113548,0.00011146068572998047,1.604410171508789,0.0,0.00041152388,-0.00078032946,1.0001115,0.004131296,-0.0029454767,8.6948e-06,-0.00046610832,0.00414443,0.0031661987,0.046012558,0.079591334,0.022706758,0.03525,0.01879308,1.0,,,,,,,,,,,,,,,,,,,,,,,,,,,,,,,,,,,,,,,,,,,,
95.0,0.007539980947332834,0.040786176919937134,0.00011146068572998047,1.6029999256134033,0.0,0.0004294396,-0.0007925181,1.0001115,0.0042997715,-0.0029252756,8.27583e-06,-0.00073218346,0.0040171146,0.003140211,-0.06376259,-0.03077163,-0.005952243,0.035625,0.018992856,1.0,,,,,,,,,,,,,,,,,,,,,,,,,,,,,,,,,,,,,,,,,,,,
96.0,0.007537695407052637,0.041199713945388794,0.00011146068572998047,1.6015738248825073,0.0,0.00044803534,-0.0008045774,1.0001115,0.0044629737,-0.0028942227,8.388921e-06,-0.0005393028,0.0043480396,0.0032355785,0.046007913,0.07959028,0.02268769,0.036,0.019192629,1.0,,,,,,,,,,,,,,,,,,,,,,,,,,,,,,,,,,,,,,,,,,,,
97.0,0.007535411985077502,0.04161257669329643,0.00011157989501953125,1.600131869316101,0.0,0.00046736738,-0.0008165398,1.0001115,0.0046396935,-0.0028709958,8.310788e-06,-0.00080537796,0.004220724,0.0032098293,-0.06376536,-0.03078245,-0.0059408178,0.036375,0.019392395,1.0,,,,,,,,,,,,,,,,,,,,,,,,,,,,,,,,,,,,,,,,,,,,
98.0,-0.0024668739761374804,0.04202466085553169,0.00011157989501953125,1.5986741781234741,0.0,0.00048741378,-0.0008283603,1.0001116,0.0048111347,-0.0028369182,8.344129e-06,-0.00061273575,0.004551649,0.0033049583,0.046003263,0.07958924,0.022668626,0.03675,0.019592158,1.0,,,,,,,,,,,,,,,,,,,,,,,,,,,,,,,,,,,,,,,,,,,,
99.0,-0.0024691575663679127,0.04243605583906174,0.00011157989501953125,1.5972005128860474,0.0,0.0005082308,-0.0008400714,1.0001116,0.00499609,-0.0028106656,7.914619e-06,-0.0008788109,0.004424095,0.0032792091,-0.063768126,-0.030793266,-0.0059293895,0.037125,0.019791916,1.0,,,,,,,,,,,,,,,,,,,,,,,,,,,,,,,,,,,,,,,,,,,,
100.0,-0.0024714435806568904,0.04284665733575821,0.00011169910430908203,1.5957109928131104,0.0,0.0005297965,-0.00085162796,1.0001116,0.005175765,-0.0027735624,8.030717e-06,-0.00068593025,0.0047552586,0.0033743382,0.045998618,0.0795882,0.022649566,0.0375,0.019991668,1.0,,,,,,,,,,,,,,,,,,,,,,,,,,,,,,,,,,,,,,,,,,,,
101.0,-0.0024737270323767495,0.0432564839720726,0.00011169910430908203,1.5942059755325317,0.0,0.0005521671,-0.00086306245,1.0001117,0.005368954,-0.0027442833,7.947534e-06,-0.0009522438,0.0046277046,0.003348589,-0.06377089,-0.030804077,-0.00591796,0.037875,0.020191416,1.0,,,,,,,,,,,,,,,,,,,,,,,,,,,,,,,,,,,,,,,,,,,,
102.0,-0.002476012957515275,0.04366549849510193,0.00011169910430908203,1.5926854610443115,0.0,0.00057532074,-0.00087432977,1.0001117,0.0055568554,-0.0027041542,7.614666e-06,-0.0007593632,0.0049586296,0.003443718,0.045993973,0.079587154,0.022630509,0.03825,0.020391157,1.0,,,,,,,,,,,,,,,,,,,,,,,,,,,,,,,,,,,,,,,,,,,,
103.0,-0.0024782960250766127,0.044073693454265594,0.00011169910430908203,1.5911493301391602,0.0,0.0005993135,-0.00088546245,1.0001117,0.00575827,-0.002671848,7.634711e-06,-0.0010256767,0.004831314,0.0034177303,-0.06377365,-0.030814882,-0.0059065274,0.038625,0.020590896,1.0,,,,,,,,,,,,,,,,,,,,,,,,,,,,,,,,,,,,,,,,,,,,
104.0,-0.002480581749224475,0.0444810688495636,0.00011181831359863281,1.5895975828170776,0.0,0.0006241235,-0.0008964153,1.0001117,0.005954395,-0.0026286922,7.645803e-06,-0.0008327961,0.005162239,0.0035128593,0.045989327,0.07958611,0.022611458,0.039,0.020790627,1.0,,,,,,,,,,,,,,,,,,,,,,,,,,,,,,,,,,,,,,,,,,,,
105.0,-0.002482864023159957,0.04488756135106087,0.00011181831359863281,1.5880306959152222,0.0,0.0006498069,-0.000907221,1.0001118,0.0061640297,-0.0025933583,7.5829284e-06,-0.0010991096,0.005034685,0.0034871101,-0.063776396,-0.030825684,-0.005895093,0.039375,0.020990355,1.0,,,,,,,,,,,,,,,,,,,,,,,,,,,,,,,,,,,,,,,,,,,,
106.0,-0.0024851484811403827,0.04529320448637009,0.00011181831359863281,1.5864481925964355,0.0,0.0006763418,-0.00091783423,1.0001118,0.00636837,-0.0025471754,7.245827e-06,-0.000906229,0.00536561,0.0035822392,0.04598468,0.07958507,0.022592409,0.03975,0.021190077,1.0,,,,,,,,,,,,,,,,,,,,,,,,,,,,,,,,,,,,,,,,,,,,
107.0,-0.0024874298180726055,0.04569794237613678,0.00011181831359863281,1.584850549697876,0.0,0.0007037844,-0.0009282876,1.0001118,0.006586219,-0.0025088135,7.2625253e-06,-0.0011725426,0.005238056,0.0035562515,-0.06377914,-0.03083648,-0.005883657,0.040125,0.021389794,1.0,,,,,,,,,,,,,,,,,,,,,,,,,,,,,,,,,,,,,,,,,,,,
108.0,-0.002489713352251467,0.04610179364681244,0.0001119375228881836,1.5832377672195435,0.0,0.0007321126,-0.00093853596,1.0001118,0.0067987717,-0.0024596024,7.274934e-06,-0.0009796619,0.005568981,0.0036513805,0.045980036,0.07958402,0.022573363,0.0405,0.021589505,1.0,,,,,,,,,,,,,,,,,,,,,,,,,,,,,,,,,,,,,,,,,,,,
109.0,-0.0024919928739903373,0.04650469869375229,0.0001119375228881836,1.581610083580017,0.0,0.00076138275,-0.0009486118,1.0001119,0.0070248293,-0.002418212,7.207413e-06,-0.0012459755,0.005441427,0.003625393,-0.06378188,-0.030847272,-0.0058722184,0.040875,0.02178921,1.0,,,,,,,,,,,,,,,,,,,,,,,,,,,,,,,,,,,,,,,,,,,,
110.0,-0.0024942747013585683,0.046906646341085434,0.0001119375228881836,1.5799672603607178,0.0,0.0007915727,-0.00095847005,1.0001119,0.0072455853,-0.0023659728,6.871935e-06,-0.0010530949,0.005772352,0.003720522,0.04597539,0.079582974,0.022554321,0.04125,0.02198891,1.0,,,,,,,,,,,,,,,,,,,,,,,,,,,,,,,,,,,,,,,,,,,,
111.0,-0.002496552673470684,0.047307636588811874,0.0001119375228881836,1.5783097743988037,0.0,0.0008227387,-0.0009681432,1.0001119,0.007479846,-0.0023215527,6.8839154e-06,-0.0013194084,0.00564456,0.0036945343,-0.06378462,-0.030858058,-0.005860778,0.041625,0.022188606,1.0,,,,,,,,,,,,,,,,,,,,,,,,,,,,,,,,,,,,,,,,,,,,
112.0,-0.0024988323815219034,0.04770765081048012,0.00011205673217773438,1.5766372680664062,0.0,0.0008548587,-0.000977586,1.0001119,0.007708803,-0.0022662843,6.897964e-06,-0.0011265278,0.005975485,0.0037896633,0.045970745,0.07958193,0.022535285,0.042,0.022388294,1.0,,,,,,,,,,,,,,,,,,,,,,,,,,,,,,,,,,,,,,,,,,,,
113.0,-0.0025011084365541914,0.04810666665434837,0.00011205673217773438,1.5749503374099731,0.0,0.00088798895,-0.0009868311,1.000112,0.007951261,-0.0022188346,6.825724e-06,-0.0013928413,0.005847931,0.0037636757,-0.06378735,-0.03086884,-0.0058493353,0.042375,0.022587977,1.0,,,,,,,,,,,,,,,,,,,,,,,,,,,,,,,,,,,,,,,,,,,,
114.0,-0.002503385378415857,0.04850463569164276,0.00011205673217773438,1.5732485055923462,0.0,0.0009221073,-0.0009958334,1.000112,0.008188409,-0.0021605373,6.491887e-06,-0.0011999607,0.006178856,0.0038585663,0.0459661,0.07958089,0.02251625,0.04275,0.022787657,1.0,,,,,,,,,,,,,,,,,,,,,,,,,,,,,,,,,,,,,,,,,,,,
115.0,-0.002505658921253091,0.048901598900556564,0.00011205673217773438,1.5715326070785522,0.0,0.0009572701,-0.0010046253,1.000112,0.008439058,-0.002110057,6.499149e-06,-0.0014662743,0.0060510635,0.0038325787,-0.063790075,-0.030879617,-0.0058378903,0.043125,0.022987328,1.0,,,,,,,,,,,,,,,,,,,,,,,,,,,,,,,,,,,,,,,,,,,,
116.0,-0.0025079333169032896,0.04929749295115471,0.00011205673217773438,1.569802165031433,0.0,0.0009934551,-0.0010131617,1.000112,0.008684397,-0.0020487292,6.5148374e-06,-0.001273632,0.0063819885,0.0039274693,0.045961455,0.07957984,0.02249722,0.0435,0.023186995,1.0,,,,,,,,,,,,,,,,,,,,,,,,,,,,,,,,,,,,,,,,,,,,
117.0,-0.002510203984888584,0.04969235137104988,0.00011217594146728516,1.5680574178695679,0.0,0.0010307186,-0.0010214752,1.000112,0.008943231,-0.001995218,6.4378823e-06,-0.0015399456,0.006254196,0.00390172,-0.063792795,-0.030890388,-0.0058264434,0.043875,0.023386655,1.0,,,,,,,,,,,,,,,,,,,,,,,,,,,,,,,,,,,,,,,,,,,,
118.0,-0.0025124753054300663,0.05008605122566223,0.00011217594146728516,1.5662988424301147,0.0,0.0010690383,-0.0010295204,1.0001122,0.009196752,-0.0019308596,6.4736064e-06,-0.001347065,0.006585121,0.0039966106,0.04595681,0.079578795,0.022478195,0.04425,0.02358631,1.0,,,,,,,,,,,,,,,,,,,,,,,,,,,,,,,,,,,,,,,,,,,,
119.0,-0.002514742306241052,0.05047871544957161,0.00011217594146728516,1.564525842666626,0.0,0.0011084707,-0.00103733,1.0001122,0.009463763,-0.0018743175,6.021863e-06,-0.0016133785,0.006457329,0.003970623,-0.063795514,-0.030901156,-0.0058149947,0.044625,0.02378596,1.0,,,,,,,,,,,,,,,,,,,,,,,,,,,,,,,,,,,,,,,,,,,,
120.0,-0.0025170102294589094,0.050870202481746674,0.00011217594146728516,1.5627392530441284,0.0,0.0011489934,-0.001044859,1.0001122,0.009725461,-0.0018069278,6.1458345e-06,-0.0014204979,0.006788254,0.004065275,0.045952164,0.079577744,0.022459172,0.045,0.023985602,1.0,,,,,,,,,,,,,,,,,,,,,,,,,,,,,,,,,,,,,,,,,,,,
121.0,-0.002519273904915395,0.051260560750961304,0.00011229515075683594,1.5609389543533325,0.0,0.0011906627,-0.0010521396,1.0001122,0.010000649,-0.0017473532,6.039135e-06,-0.0016868114,0.0066604614,0.004039526,-0.06379823,-0.030911919,-0.0058035436,0.045375,0.02418524,1.0,,,,,,,,,,,,,,,,,,,,,,,,,,,,,,,,,,,,,,,,,,,,
122.0,-0.002521537717510329,0.05164974182844162,0.00011229515075683594,1.5591247081756592,0.0,0.0012334567,-0.0010591268,1.0001123,0.010270515,-0.001676932,6.0823722e-06,-0.0014941692,0.0069913864,0.004134178,0.04594752,0.0795767,0.022440152,0.04575,0.024384871,1.0,,,,,,,,,,,,,,,,,,,,,,,,,,,,,,,,,,,,,,,,,,,,
123.0,-0.0025237971041124417,0.05203775316476822,0.00011229515075683594,1.557296872138977,0.0,0.001277431,-0.001065853,1.0001123,0.010553869,-0.0016143254,5.624543e-06,-0.0017604828,0.006863594,0.0041081905,-0.06380093,-0.030922677,-0.0057920907,0.046125,0.024584496,1.0,,,,,,,,,,,,,,,,,,,,,,,,,,,,,,,,,,,,,,,,,,,,
124.0,-0.002526057231303239,0.05242456868290901,0.00011229515075683594,1.5554558038711548,0.0,0.001322564,-0.0010722734,1.0001123,0.010831902,-0.0015408719,5.750472e-06,-0.0015676022,0.0071942806,0.004203081,0.045942873,0.07957566,0.022421138,0.0465,0.024784114,1.0,,,,,,,,,,,,,,,,,,,,,,,,,,,,,,,,,,,,,,,,,,,,
125.0,-0.0025283116203148447,0.05281014367938042,0.00011229515075683594,1.5536015033721924,0.0,0.0013689116,-0.0010784202,1.0001123,0.011123421,-0.0014752317,5.6389918e-06,-0.0018341541,0.0070664883,0.0041770935,-0.063803636,-0.030933429,-0.0057806354,0.046875,0.024983726,1.0,,,,,,,,,,,,,,,,,,,,,,,,,,,,,,,,,,,,,,,,,,,,
126.0,-0.002530566932849252,0.05319453403353691,0.00011241436004638672,1.5517340898513794,0.0,0.0014164516,-0.0010842483,1.0001123,0.011409611,-0.0013987456,5.6838817e-06,-0.0016412735,0.007397175,0.0042717457,0.045938227,0.07957461,0.022402126,0.04725,0.025183333,1.0,,,,,,,,,,,,,,,,,,,,,,,,,,,,,,,,,,,,,,,,,,,,
127.0,-0.002532817351286454,0.05357763171195984,0.00011241436004638672,1.5498533248901367,0.0,0.0014652403,-0.0010897903,1.0001124,0.011709287,-0.0013300718,5.589266e-06,-0.001907587,0.0072693825,0.004245758,-0.06380633,-0.030944178,-0.005769178,0.047625,0.025382934,1.0,,,,,,,,,,,,,,,,,,,,,,,,,,,,,,,,,,,,,,,,,,,,
128.0,-0.002535066869973913,0.05395947024226189,0.00011241436004638672,1.547959804534912,0.0,0.0015152554,-0.0010950009,1.0001124,0.012003629,-0.0012505532,5.2625423e-06,-0.0017149448,0.0076003075,0.00434041,0.045933586,0.079573564,0.02238312,0.048,0.025582528,1.0,,,,,,,,,,,,,,,,,,,,,,,,,,,,,,,,,,,,,,,,,,,,
129.0,-0.0025373113516978206,0.05434003472328186,0.00011241436004638672,1.546053409576416,0.0,0.0015665531,-0.0010999128,1.0001124,0.012311455,-0.0011788452,5.2530027e-06,-0.0019812584,0.0074722767,0.0043144226,-0.06380902,-0.030954922,-0.005757719,0.048375,0.025782114,1.0,,,,,,,,,,,,,,,,,,,,,,,,,,,,,,,,,,,,,,,,,,,,
130.0,-0.0025395563346153156,0.05471926927566528,0.00011241436004638672,1.5441339015960693,0.0,0.0016191113,-0.0011044807,1.0001124,0.012613946,-0.0010962922,5.274493e-06,-0.0017883778,0.0078032017,0.004409075,0.04592894,0.07957251,0.022364115,0.04875,0.025981696,1.0,,,,,,,,,,,,,,,,,,,,,,,,,,,,,,,,,,,,,,,,,,,,
131.0,-0.002541795129246092,0.055097173899412155,0.00011241436004638672,1.5422022342681885,0.0,0.001672986,-0.0011087371,1.0001124,0.012929917,-0.0010215497,5.181055e-06,-0.0020549297,0.007675171,0.004383087,-0.06381171,-0.03096566,-0.005746257,0.049125,0.02618127,1.0,,,,,,,,,,,,,,,,,,,,,,,,,,,,,,,,,,,,,,,,,,,,
132.0,-0.0025440342067900336,0.05547376349568367,0.0001125335693359375,1.5402580499649048,0.0,0.0017281548,-0.001112637,1.0001124,0.01324055,-0.0009359623,5.222504e-06,-0.0018620491,0.0080058575,0.0044777393,0.045924295,0.07957147,0.022345116,0.0495,0.026380837,1.0,,,,,,,,,,,,,,,,,,,,,,,,,,,,,,,,,,,,,,,,,,,,
133.0,-0.0025462672562588462,0.05584897845983505,0.0001125335693359375,1.5383013486862183,0.0,0.0017846744,-0.0011162127,1.0001125,0.01356466,-0.0008581847,5.122225e-06,-0.002128601,0.007878065,0.0044517517,-0.063814394,-0.030976392,-0.005734794,0.049875,0.026580399,1.0,,,,,,,,,,,,,,,,,,,,,,,,,,,,,,,,,,,,,,,,,,,,
134.0,-0.00254849987410725,0.056222833693027496,0.0001125335693359375,1.5363324880599976,0.0,0.001842522,-0.0011194192,1.0001125,0.013883426,-0.0007695634,4.7976273e-06,-0.0019357204,0.008208752,0.004546404,0.045919653,0.07957042,0.02232612,0.05025,0.026779953,1.0,,,,,,,,,,,,,,,,,,,,,,,,,,,,,,,,,,,,,,,,,,,,
135.0,-0.0025507261980122443,0.05659525841474533,0.0001125335693359375,1.5343513488769531,0.0,0.0019017538,-0.001122289,1.0001125,0.01421567,-0.00068875006,4.781118e-06,-0.0022022724,0.008080959,0.0045204163,-0.06381707,-0.030987121,-0.005723328,0.050625,0.026979502,1.0,,,,,,,,,,,,,,,,,,,,,,,,,,,,,,,,,,,,,,,,,,,,
136.0,-0.002552952590093546,0.056966256350278854,0.0001125335693359375,1.5323584079742432,0.0,0.001962348,-0.0011247769,1.0001125,0.014542568,-0.0005970928,4.805039e-06,-0.0020096302,0.0084114075,0.00461483,0.04583624,0.07956902,0.022307765,0.051,0.027179042,1.0,,,,,,,,,,,,,,,,,,,,,,,,,,,,,,,,,,,,,,,,,,,,
137.0,-0.0025552614857131664,0.05733587592840195,0.0001125335693359375,1.5303535461425781,0.0,0.0020243602,-0.0011269153,1.0001125,0.014882939,-0.00051323004,4.7045382e-06,-0.002276659,0.008283615,0.0045888424,-0.0638985,-0.030998217,-0.0057111876,0.051375,0.027378578,1.0,,,,,,,,,,,,,,,,,,,,,,,,,,,,,,,,,,,,,,,,,,,,
138.0,-0.0025575699072485593,0.05770400911569595,0.00011265277862548828,1.528336524963379,0.0,0.0020877684,-0.0011286591,1.0001125,0.01521796,-0.00041851017,4.748406e-06,-0.002131462,0.008614302,0.004683256,0.034438122,0.079515696,0.022383122,0.05175,0.027578104,1.0,,,,,,,,,,,,,,,,,,,,,,,,,,,,,,,,,,,,,,,,,,,,
139.0,-0.002559871406287304,0.058070700615644455,0.00011265277862548828,1.5263081789016724,0.0,0.0021526285,-0.0011300327,1.0001127,0.015566444,-0.00032964346,4.636983e-06,-0.0024459362,0.008486271,0.0046572685,-0.07529195,-0.031063471,-0.0056000715,0.052125,0.027777625,1.0,,,,,,,,,,,,,,,,,,,,,,,,,,,,,,,,,,,,,,,,,,,,
140.0,-0.0025621721732885716,0.058435868471860886,0.00011265277862548828,1.5242682695388794,0.0,0.0022189184,-0.0011309827,1.0001127,0.015909562,-0.00022798112,4.3105397e-06,-0.0023007393,0.0088169575,0.0047516823,0.034438804,0.0795155,0.02235887,0.0525,0.027977139,1.0,,,,,,,,,,,,,,,,,,,,,,,,,,,,,,,,,,,,,,,,,,,,
141.0,-0.002564465277184575,0.058799535036087036,0.00011265277862548828,1.5222166776657104,0.0,0.002286694,-0.0011315333,1.0001127,0.016266143,-0.00013217171,4.2843108e-06,-0.0026152134,0.008688927,0.0047256947,-0.07528918,-0.031076089,-0.0055833473,0.052875,0.028176645,1.0,,,,,,,,,,,,,,,,,,,,,,,,,,,,,,,,,,,,,,,,,,,,
142.0,-0.002566758129464267,0.059161655604839325,0.00011265277862548828,1.5201539993286133,0.0,0.002355933,-0.0011316316,1.0001127,0.016617358,-2.3568136e-05,4.3046816e-06,-0.0024700165,0.009019613,0.0048201084,0.034439486,0.07951531,0.022334624,0.05325,0.028376145,1.0,,,,,,,,,,,,,,,,,,,,,,,,,,,,,,,,,,,,,,,,,,,,
143.0,-0.00256904363882839,0.059522222727537155,0.00011265277862548828,1.5180798768997192,0.0,0.0024266914,-0.0011313016,1.0001127,0.01698203,7.918056e-05,4.1953163e-06,-0.0027844906,0.0088915825,0.004794121,-0.07528641,-0.031088699,-0.0055666235,0.053625,0.028575638,1.0,,,,,,,,,,,,,,,,,,,,,,,,,,,,,,,,,,,,,,,,,,,,
144.0,-0.002571328174420283,0.05988118797540665,0.0001127243012888357,1.515994668006897,0.0,0.0024989469,-0.0011304902,1.0001127,0.01734133,0.00019472156,4.234099e-06,-0.0026392937,0.009222031,0.004888296,0.034440164,0.07951511,0.022310384,0.054,0.028775124,1.0,,,,,,,,,,,,,,,,,,,,,,,,,,,,,,,,,,,,,,,,,,,,
145.0,-0.0025736047403376746,0.060238610953092575,0.00011277198791503906,1.513898253440857,0.0,0.0025727556,-0.0011292219,1.0001128,0.017714087,0.00030440674,4.118684e-06,-0.0029535294,0.009094,0.0048623085,-0.07528364,-0.0311013,-0.0055499002,0.054375,0.028974602,1.0,,,,,,,,,,,,,,,,,,,,,,,,,,,,,,,,,,,,,,,,,,,,
146.0,-0.0025758798133633225,0.06059436872601509,0.00011277198791503906,1.5117906332015991,0.0,0.0026480951,-0.0011274433,1.0001128,0.018081466,0.00042688102,3.789871e-06,-0.0028085709,0.009424686,0.004956484,0.034440834,0.07951491,0.022286147,0.05475,0.029174073,1.0,,,,,,,,,,,,,,,,,,,,,,,,,,,,,,,,,,,,,,,,,,,,
147.0,-0.0025781469303178604,0.060948483645915985,0.00011277198791503906,1.5096726417541504,0.0,0.0027250212,-0.0011251786,1.0001128,0.018462302,0.0005434999,3.7590128e-06,-0.0031228065,0.009296656,0.004930496,-0.07528086,-0.03111389,-0.0055331774,0.055125,0.029373536,1.0,,,,,,,,,,,,,,,,,,,,,,,,,,,,,,,,,,,,,,,,,,,,
148.0,-0.0025804129935082273,0.061300963163375854,0.00011277198791503906,1.507543683052063,0.0,0.002803512,-0.0011223749,1.0001128,0.01883776,0.0006729066,3.777164e-06,-0.0029776096,0.009627104,0.0050246716,0.034441505,0.079514705,0.022261918,0.0555,0.029572992,1.0,,,,,,,,,,,,,,,,,,,,,,,,,,,,,,,,,,,,,,,,,,,,
149.0,-0.002582670646118996,0.06165175884962082,0.00011277198791503906,1.505403757095337,0.0,0.0028836231,-0.0011190563,1.0001128,0.019226665,0.0007964557,3.6631395e-06,-0.0032918453,0.009499073,0.004998684,-0.07527807,-0.031126473,-0.005516455,0.055875,0.029772442,1.0,,,,,,,,,,,,,,,,,,,,,,,,,,,,,,,,,,,,,,,,,,,,
150.0,-0.0025849263605839962,0.062000859528779984,0.00011277198791503906,1.50325345993042,0.0,0.0029653322,-0.0011151697,1.0001128,0.019610189,0.0009327908,3.6997103e-06,-0.0031466484,0.009829521,0.005092621,0.03444217,0.0795145,0.022237692,0.05625,0.029971883,1.0,,,,,,,,,,,,,,,,,,,,,,,,,,,,,,,,,,,,,,,,,,,,
151.0,-0.0025871739762315838,0.062348224222660065,0.00011277198791503906,1.5010923147201538,0.0,0.0030486954,-0.0011107394,1.0001128,0.020007161,0.0010632674,3.5796377e-06,-0.0034611225,0.00970149,0.005066633,-0.075275294,-0.031139048,-0.005499733,0.056625,0.030171316,1.0,,,,,,,,,,,,,,,,,,,,,,,,,,,,,,,,,,,,,,,,,,,,
152.0,-0.002589419993866582,0.06269381940364838,0.00011284351057838649,1.4989207983016968,0.0,0.0031336902,-0.0011057121,1.0001128,0.020398747,0.0012065277,3.6165275e-06,-0.0033159256,0.010031939,0.0051608086,0.034442835,0.079514295,0.022213472,0.057,0.030370744,1.0,,,,,,,,,,,,,,,,,,,,,,,,,,,,,,,,,,,,,,,,,,,,
153.0,-0.002591657031211764,0.0630376785993576,0.00011289119720458984,1.496739149093628,0.0,0.0032203726,-0.0011001125,1.0001129,0.020803778,0.0013439286,3.4946565e-06,-0.0036301613,0.009903908,0.005134821,-0.0752725,-0.031151615,-0.0054830117,0.057375,0.030570162,1.0,,,,,,,,,,,,,,,,,,,,,,,,,,,,,,,,,,,,,,,,,,,,
154.0,-0.002593891357799838,0.06337977200746536,0.00011289119720458984,1.494546890258789,0.0,0.0033087202,-0.001093887,1.0001129,0.021203417,0.00149411,3.162959e-06,-0.0034849644,0.010234356,0.005228758,0.03444349,0.079514086,0.022189258,0.05775,0.030769574,1.0,,,,,,,,,,,,,,,,,,,,,,,,,,,,,,,,,,,,,,,,,,,,
155.0,-0.0025961174789423643,0.06372002512216568,0.00011289119720458984,1.4923443794250488,0.0,0.0033987889,-0.0010870602,1.0001129,0.021616502,0.0016384325,3.1258764e-06,-0.0037992,0.010106087,0.0052027702,-0.075269714,-0.031164171,-0.0054662903,0.058125,0.030968977,1.0,,,,,,,,,,,,,,,,,,,,,,,,,,,,,,,,,,,,,,,,,,,,
156.0,-0.002598340667079232,0.06405846029520035,0.00011289119720458984,1.4901317358016968,0.0,0.0034905563,-0.0010795789,1.0001129,0.022024192,0.0017955343,3.1410889e-06,-0.0036540031,0.010436773,0.0052964687,0.034444146,0.07951388,0.022165049,0.0585,0.031168373,1.0,,,,,,,,,,,,,,,,,,,,,,,,,,,,,,,,,,,,,,,,,,,,
157.0,-0.0026005548207084796,0.06439504772424698,0.00011289119720458984,1.487908959388733,0.0,0.0035840785,-0.0010714673,1.0001129,0.022445321,0.0019467749,3.0208605e-06,-0.003968239,0.010308504,0.005270481,-0.07526691,-0.03117672,-0.00544957,0.058875,0.03136776,1.0,,,,,,,,,,,,,,,,,,,,,,,,,,,,,,,,,,,,,,,,,,,,
158.0,-0.002602766378474964,0.06472976505756378,0.00011289119720458984,1.4856762886047363,0.0,0.003679333,-0.0010626724,1.0001129,0.022861054,0.002110793,3.05449e-06,-0.003823042,0.010638952,0.005364418,0.034444798,0.07951366,0.022140846,0.05925,0.03156714,1.0,,,,,,,,,,,,,,,,,,,,,,,,,,,,,,,,,,,,,,,,,,,,
159.0,-0.002604968954353147,0.06506258994340897,0.00011289119720458984,1.4834333658218384,0.0,0.0037763754,-0.0010532184,1.0001129,0.023290224,0.0022689488,2.9282173e-06,-0.0041372776,0.010510683,0.0053384304,-0.07526412,-0.031189261,-0.0054328493,0.059625,0.03176651,1.0,,,,,,,,,,,,,,,,,,,,,,,,,,,,,,,,,,,,,,,,,,,,
160.0,-0.002607167851949804,0.06539350003004074,0.00011289119720458984,1.4811804294586182,0.0,0.0038751839,-0.0010430522,1.0001129,0.023713993,0.0024398798,2.9621676e-06,-0.0039920807,0.01084137,0.005432129,0.034445446,0.07951345,0.022116648,0.06,0.031965878,1.0,,,,,,,,,,,,,,,,,,,,,,,,,,,,,,,,,,,,,,,,,,,,
161.0,-0.002609357819565914,0.0657225251197815,0.00011296271986793727,1.4789173603057861,0.0,0.0039758137,-0.0010321982,1.0001129,0.024151197,0.002604948,2.8340999e-06,-0.0043063164,0.0107131,0.0054061413,-0.07526132,-0.031201793,-0.0054161297,0.060375,0.032165233,1.0,,,,,,,,,,,,,,,,,,,,,,,,,,,,,,,,,,,,,,,,,,,,
162.0,-0.002611543836229701,0.06604953110218048,0.00011296271986793727,1.4766443967819214,0.0,0.004078243,-0.0010206032,1.000113,0.024582995,0.002782789,2.8673742e-06,-0.004160881,0.011043549,0.00549984,0.03444609,0.07951323,0.022092454,0.06075,0.03236458,1.0,,,,,,,,,,,,,,,,,,,,,,,,,,,,,,,,,,,,,,,,,,,,
163.0,-0.002613720733787294,0.06637461483478546,0.00011301040649414062,1.474361538887024,0.0,0.0041825273,-0.0010082917,1.000113,0.025028221,0.0029547645,2.3698415e-06,-0.004475355,0.010915279,0.005473852,-0.07525851,-0.031214315,-0.00539941,0.061125,0.03256392,1.0,,,,,,,,,,,,,,,,,,,,,,,,,,,,,,,,,,,,,,,,,,,,
164.0,-0.0026158935236719892,0.06669767946004868,0.00011301040649414062,1.4720686674118042,0.0,0.004288644,-0.0009952105,1.000113,0.025468046,0.003139513,2.4887308e-06,-0.00432992,0.011245728,0.0055673122,0.03444673,0.07951301,0.022068268,0.0615,0.032763254,1.0,,,,,,,,,,,,,,,,,,,,,,,,,,,,,,,,,,,,,,,,,,,,
165.0,-0.0026180572473524628,0.06701873242855072,0.00011301040649414062,1.4697657823562622,0.0,0.0043966495,-0.0009813838,1.000113,0.025921296,0.0033183962,2.3372907e-06,-0.0046441555,0.01111722,0.0055413246,-0.0752557,-0.03122683,-0.005382691,0.061875,0.03296258,1.0,,,,,,,,,,,,,,,,,,,,,,,,,,,,,,,,,,,,,,,,,,,,
166.0,-0.0026202161091941466,0.067337766289711,0.00011301040649414062,1.4674534797668457,0.0,0.004506521,-0.0009667586,1.000113,0.026369134,0.0035100481,2.3738583e-06,-0.00449872,0.0114479065,0.005635023,0.034447372,0.07951279,0.022044085,0.06225,0.033161893,1.0,,,,,,,,,,,,,,,,,,,,,,,,,,,,,,,,,,,,,,,,,,,,
167.0,-0.002622368797144915,0.06765475869178772,0.00011301040649414062,1.465131163597107,0.0,0.004618314,-0.0009513593,1.000113,0.0268304,0.003695834,2.2400209e-06,-0.0048131943,0.011319399,0.0056090355,-0.07525288,-0.031239336,-0.0053659724,0.062625,0.0333612,1.0,,,,,,,,,,,,,,,,,,,,,,,,,,,,,,,,,,,,,,,,,,,,
168.0,-0.002624517161990868,0.06796964257955551,0.00011301040649414062,1.462799072265625,0.0,0.0047320067,-0.0009351327,1.000113,0.027286248,0.0038943866,2.2713618e-06,-0.004667759,0.011649847,0.0057024956,0.034448005,0.07951257,0.022019908,0.063,0.0335605,1.0,,,,,,,,,,,,,,,,,,,,,,,,,,,,,,,,,,,,,,,,,,,,
169.0,-0.002626655136260924,0.06828242540359497,0.00011301040649414062,1.4604570865631104,0.0,0.004847655,-0.0009181032,1.000113,0.027755521,0.0040870723,2.137035e-06,-0.0049819946,0.011521578,0.005676508,-0.07525007,-0.031251833,-0.0053492542,0.063375,0.03375979,1.0,,,,,,,,,,,,,,,,,,,,,,,,,,,,,,,,,,,,,,,,,,,,
170.0,-0.0026287882756128055,0.06859312206506729,0.00011301040649414062,1.458105444908142,0.0,0.0049652355,-0.00090021774,1.000113,0.028219374,0.0042925226,2.1673961e-06,-0.0048365593,0.011852026,0.0057697296,0.034448635,0.079512335,0.021995736,0.06375,0.033959072,1.0,,,,,,,,,,,,,,,,,,,,,,,,,,,,,,,,,,,,,,,,,,,,
171.0,-0.002630911121020857,0.0689016580581665,0.00011301040649414062,1.4557439088821411,0.0,0.005084805,-0.0008815006,1.000113,0.028696647,0.004492105,2.031583e-06,-0.005150795,0.011723518,0.0057439804,-0.07524724,-0.03126432,-0.005332537,0.064125,0.034158345,1.0,,,,,,,,,,,,,,,,,,,,,,,,,,,,,,,,,,,,,,,,,,,,
172.0,-0.002633029497208563,0.069208063185215,0.00011301040649414062,1.4533722400665283,0.0,0.0052063405,-0.00086189876,1.000113,0.029168498,0.00470445,2.0611997e-06,-0.0050053596,0.0120539665,0.005837202,0.03444926,0.079512104,0.02197157,0.0645,0.03435761,1.0,,,,,,,,,,,,,,,,,,,,,,,,,,,,,,,,,,,,,,,,,,,,
173.0,-0.0026351371063689827,0.0695122629404068,0.00011305809312034398,1.4509910345077515,0.0,0.0053298976,-0.00084143656,1.000113,0.029653765,0.004910926,1.9238466e-06,-0.0053195953,0.011925459,0.0058112144,-0.07524442,-0.0312768,-0.0053158198,0.064875,0.03455687,1.0,,,,,,,,,,,,,,,,,,,,,,,,,,,,,,,,,,,,,,,,,,,,
174.0,-0.002637239694916263,0.06981424987316132,0.00011305809312034398,1.448599934577942,0.0,0.0054554543,-0.00082006084,1.000113,0.030133607,0.005130162,1.9527313e-06,-0.00517416,0.012255907,0.005904436,0.034449887,0.07951187,0.021947408,0.06525,0.034756117,1.0,,,,,,,,,,,,,,,,,,,,,,,,,,,,,,,,,,,,,,,,,,,,
175.0,-0.002639330980658734,0.07011403888463974,0.00011308192915748805,1.4461989402770996,0.0,0.0055830665,-0.0007977962,1.000113,0.030626863,0.005343528,1.8138363e-06,-0.0054883957,0.012127399,0.0058784485,-0.075241596,-0.031289272,-0.005299103,0.065625,0.034955356,1.0,,,,,,,,,,,,,,,,,,,,,,,,,,,,,,,,,,,,,,,,,,,,
176.0,-0.002641417268888353,0.07041158527135849,0.00011308192915748805,1.443787932395935,0.0,0.005712711,-0.0007745893,1.0001131,0.031114688,0.0055696527,1.8419901e-06,-0.0053429604,0.012457848,0.00597167,0.034450505,0.07951164,0.021923253,0.066,0.035154585,1.0,,,,,,,,,,,,,,,,,,,,,,,,,,,,,,,,,,,,,,,,,,,,
177.0,-0.002643492318344279,0.07070684432983398,0.00011308192915748805,1.4413671493530273,0.0,0.005844444,-0.0007504647,1.0001131,0.03161592,0.005789904,1.3336576e-06,-0.005657196,0.01232934,0.0059456825,-0.075238764,-0.031301737,-0.0052823867,0.066375,0.03535381,1.0,,,,,,,,,,,,,,,,,,,,,,,,,,,,,,,,,,,,,,,,,,,,
178.0,-0.0026455614536571516,0.07099985331296921,0.00011308192915748805,1.4389362335205078,0.0,0.005978243,-0.0007253692,1.0001131,0.032111723,0.006022914,1.4474153e-06,-0.0055117607,0.012659788,0.006038904,0.034451123,0.079511404,0.021899102,0.06675,0.03555302,1.0,,,,,,,,,,,,,,,,,,,,,,,,,,,,,,,,,,,,,,,,,,,,
179.0,-0.0026476196389280562,0.07129054516553879,0.00011308192915748805,1.4364956617355347,0.0,0.0061141634,-0.0006993273,1.0001131,0.032620937,0.006250051,1.2851783e-06,-0.0058259964,0.012531042,0.0060129166,-0.075235926,-0.03131419,-0.005265671,0.067125,0.035752226,1.0,,,,,,,,,,,,,,,,,,,,,,,,,,,,,,,,,,,,,,,,,,,,
180.0,-0.0026496716061060977,0.07157888263463974,0.0001131296157836914,1.4340449571609497,0.0,0.006252183,-0.0006722859,1.0001131,0.03312471,0.0064899423,1.3166267e-06,-0.005680561,0.01286149,0.0061059,0.034451734,0.079511166,0.021874957,0.0675,0.03595142,1.0,,,,,,,,,,,,,,,,,,,,,,,,,,,,,,,,,,,,,,,,,,,,
181.0,-0.0026517120168344475,0.07186491787433624,0.0001131296157836914,1.431584119796753,0.0,0.0063923574,-0.0006442694,1.0001131,0.033641893,0.0067239604,1.171994e-06,-0.0059947968,0.012732983,0.0060801506,-0.07523309,-0.031326637,-0.0052489555,0.067875,0.036150604,1.0,,,,,,,,,,,,,,,,,,,,,,,,,,,,,,,,,,,,,,,,,,,,
182.0,-0.002653746284514007,0.07214859873056412,0.0001131296157836914,1.4291131496429443,0.0,0.0065346644,-0.0006152247,1.0001131,0.03415363,0.0069707306,1.1982207e-06,-0.005849123,0.013063431,0.0061728954,0.034452345,0.07951093,0.021850817,0.06825,0.036349785,1.0,,,,,,,,,,,,,,,,,,,,,,,,,,,,,,,,,,,,,,,,,,,,
183.0,-0.0026557687828304933,0.07242985814809799,0.0001131296157836914,1.426632046699524,0.0,0.006679159,-0.0005851762,1.0001131,0.034678772,0.0072116265,1.0531031e-06,-0.0061633587,0.012934685,0.006147146,-0.07523025,-0.03133907,-0.0052322405,0.068625,0.03654895,1.0,,,,,,,,,,,,,,,,,,,,,,,,,,,,,,,,,,,,,,,,,,,,
184.0,-0.0026577849635418174,0.07270869612693787,0.0001131296157836914,1.4241406917572021,0.0,0.0068258196,-0.0005540709,1.0001131,0.03519847,0.0074652717,1.0783535e-06,-0.0060179234,0.013265133,0.006239891,0.034452952,0.07951068,0.021826683,0.069,0.03674811,1.0,,,,,,,,,,,,,,,,,,,,,,,,,,,,,,,,,,,,,,,,,,,,
185.0,-0.0026597888834944228,0.07298514246940613,0.0001131296157836914,1.421639084815979,0.0,0.006974701,-0.00052193325,1.0001131,0.035731565,0.0077130417,9.3175584e-07,-0.006332159,0.013136387,0.006214142,-0.0752274,-0.0313515,-0.005215526,0.069375,0.036947258,1.0,,,,,,,,,,,,,,,,,,,,,,,,,,,,,,,,,,,,,,,,,,,,
186.0,-0.0026617916576872204,0.07325912266969681,0.0001131296157836914,1.4191269874572754,0.0,0.007125781,-0.0004887101,1.0001131,0.03625921,0.007973559,9.562642e-07,-0.0061864853,0.013466835,0.0063068867,0.034453552,0.079510435,0.021802554,0.06975,0.0371464,1.0,,,,,,,,,,,,,,,,,,,,,,,,,,,,,,,,,,,,,,,,,,,,
187.0,-0.0026637913733563246,0.0735306441783905,0.0001131296157836914,1.4166045188903809,0.0,0.0072791153,-0.00045442593,1.0001131,0.036800258,0.0082282005,8.0813226e-07,-0.006500721,0.013338089,0.006280899,-0.075224556,-0.03136392,-0.005198812,0.070125,0.03734553,1.0,,,,,,,,,,,,,,,,,,,,,,,,,,,,,,,,,,,,,,,,,,,,
188.0,-0.002665784413175859,0.07379964739084244,0.0001131296157836914,1.4140715599060059,0.0,0.0074346815,-0.00041902767,1.0001131,0.03733585,0.008495587,8.319121e-07,-0.006355047,0.013668537,0.006373644,0.034454152,0.07951019,0.02177843,0.0705,0.037544653,1.0,,,,,,,,,,,,,,,,,,,,,,,,,,,,,,,,,,,,,,,,,,,,
189.0,-0.0026677662623343667,0.07406619936227798,0.0001131296157836914,1.41152822971344,0.0,0.007592535,-0.00038253976,1.0001131,0.03788484,0.008757097,6.8224347e-07,-0.006669283,0.013539791,0.0063478947,-0.0752217,-0.031376332,-0.0051820986,0.070875,0.037743766,1.0,,,,,,,,,,,,,,,,,,,,,,,,,,,,,,,,,,,,,,,,,,,,
190.0,-0.0026697414531517607,0.0743301659822464,0.0001131296157836914,1.4089741706848145,0.0,0.007752653,-0.00034490915,1.0001131,0.038428366,0.009031349,7.052958e-07,-0.006523609,0.013870001,0.006440401,0.034454748,0.079509936,0.021754311,0.07125,0.037942868,1.0,,,,,,,,,,,,,,,,,,,,,,,,,,,,,,,,,,,,,,,,,,,,
191.0,-0.0026717043153644342,0.07459156215190887,0.0001131296157836914,1.4064091444015503,0.0,0.007915092,-0.0003061603,1.0001131,0.03898529,0.009299723,5.5409134e-07,-0.006837845,0.013741255,0.006414652,-0.07521885,-0.031388734,-0.0051653855,0.071625,0.038141962,1.0,,,,,,,,,,,,,,,,,,,,,,,,,,,,,,,,,,,,,,,,,,,,
192.0,-0.002673661095528204,0.07485044747591019,0.0001131296157836914,1.4038333892822266,0.0,0.008079829,-0.00026624012,1.0001131,0.03953675,0.009580838,5.764167e-07,-0.006692171,0.014071703,0.0065071583,0.03445534,0.07950968,0.021730198,0.072,0.038341045,1.0,,,,,,,,,,,,,,,,,,,,,,,,,,,,,,,,,,,,,,,,,,,,
193.0,-0.0026756053629537857,0.07510671764612198,0.0001131296157836914,1.4012469053268433,0.0,0.008246918,-0.00022517316,1.0001131,0.040101603,0.009856073,4.2367705e-07,-0.007006407,0.013942957,0.006481409,-0.07521599,-0.031401128,-0.005148673,0.072375,0.038540117,1.0,,,,,,,,,,,,,,,,,,,,,,,,,,,,,,,,,,,,,,,,,,,,
194.0,-0.0026775425569026063,0.07536034286022186,0.0001131296157836914,1.3986495733261108,0.0,0.008416339,-0.0001829063,1.0001131,0.04066099,0.0101440465,4.452759e-07,-0.006860733,0.014273167,0.006573677,0.03445593,0.07950943,0.02170609,0.07275,0.038739182,1.0,,,,,,,,,,,,,,,,,,,,,,,,,,,,,,,,,,,,,,,,,,,,
195.0,-0.0026794679296761287,0.07561136782169342,0.00011317730240989476,1.396040916442871,0.0,0.008588146,-0.00013946406,1.0001131,0.04123376,0.01042614,2.9100195e-07,-0.0071749687,0.014144421,0.006547928,-0.07521312,-0.031413514,-0.005131961,0.073125,0.03893824,1.0,,,,,,,,,,,,,,,,,,,,,,,,,,,,,,,,,,,,,,,,,,,,
196.0,-0.002681386239033761,0.07585973292589188,0.00011317730240989476,1.3934212923049927,0.0,0.008762318,-9.4793344e-05,1.0001131,0.041801065,0.01072097,3.118747e-07,-0.007029295,0.01447463,0.0066404343,0.034456514,0.07950918,0.021681987,0.0735,0.039137285,1.0,,,,,,,,,,,,,,,,,,,,,,,,,,,,,,,,,,,,,,,,,,,,
197.0,-0.0026832904944696406,0.07610541582107544,0.00011317730240989476,1.3907901048660278,0.0,0.008938909,-4.8918682e-05,1.0001131,0.042381752,0.0110099185,1.5606717e-07,-0.0073435307,0.014345884,0.0066144466,-0.07521026,-0.031425893,-0.005115249,0.073875,0.03933632,1.0,,,,,,,,,,,,,,,,,,,,,,,,,,,,,,,,,,,,,,,,,,,,
198.0,-0.0026851891892094295,0.07634840905666351,0.00011317730240989476,1.3881479501724243,0.0,0.009117896,-1.7870118e-06,1.0001131,0.042956963,0.011311601,1.7621427e-07,-0.007197857,0.014676094,0.006706953,0.034457095,0.079508916,0.02165789,0.07425,0.039535344,1.0,,,,,,,,,,,,,,,,,,,,,,,,,,,,,,,,,,,,,,,,,,,,
199.0,-0.0026870739663830173,0.07658867537975311,0.00011317730240989476,1.3854941129684448,0.0,0.009299335,4.657716e-05,1.0001131,0.043545563,0.011607401,1.8874028e-08,-0.0075120926,0.014547348,0.0066809654,-0.07520738,-0.03143826,-0.005098538,0.074625,0.03973436,1.0,,,,,,,,,,,,,,,,,,,,,,,,,,,,,,,,,,,,,,,,,,,,
200.0,-0.002688951341504288,0.07682620733976364,0.00011317730240989476,1.3828290700912476,0.0,0.009483205,9.6226875e-05,1.0001131,0.04412868,0.011915932,3.829592e-08,-0.0073661804,0.014877558,0.0067732334,0.034457672,0.079508655,0.021633798,0.075,0.039933365,1.0,,,,,,,,,,,,,,,,,,,,,,,,,,,,,,,,,,,,,,,,,,,,
201.0,-0.0026908162424230347,0.07706098258495331,0.00011317730240989476,1.3801521062850952,0.0,0.00966956,0.00014713763,1.0001131,0.044725176,0.01221858,-1.205763e-07,-0.007680416,0.014748573,0.006747484,-0.075204514,-0.03145062,-0.0050818273,0.075375,0.040132362,1.0,,,,,,,,,,,,,,,,,,,,,,,,,,,,,,,,,,,,,,,,,,,,
202.0,-0.002692672683180025,0.07729297876358032,0.00011317730240989476,1.3774633407592773,0.0,0.009858377,0.00019936245,1.0001131,0.04531619,0.012533957,-1.0187916e-07,-0.0075347424,0.015079021,0.006839752,0.034458246,0.07950839,0.02160971,0.07575,0.04033135,1.0,,,,,,,,,,,,,,,,,,,,,,,,,,,,,,,,,,,,,,,,,,,,
203.0,-0.0026945156687499605,0.07752218097448349,0.00011317730240989476,1.374762773513794,0.0,0.010049713,0.0002528768,1.0001131,0.045920584,0.0128434505,-2.6228255e-07,-0.007848978,0.014950037,0.006814003,-0.07520164,-0.03146297,-0.005065117,0.076125,0.040530324,1.0,,,,,,,,,,,,,,,,,,,,,,,,,,,,,,,,,,,,,,,,,,,,
204.0,-0.0026963513306687828,0.07774856686592102,0.0001131296157836914,1.372050404548645,0.0,0.010243544,0.00030773378,1.0001131,0.046519488,0.01316567,-2.4430972e-07,-0.007703066,0.015280247,0.0069060326,0.03445882,0.079508126,0.02158563,0.0765,0.040729288,1.0,,,,,,,,,,,,,,,,,,,,,,,,,,,,,,,,,,,,,,,,,,,,
205.0,-0.002698172941561546,0.07797209918498993,0.0001131296157836914,1.3693259954452515,0.0,0.010439927,0.0003639088,1.0001131,0.04713177,0.013482004,-4.0624352e-07,-0.008017302,0.015151262,0.0068802834,-0.075198755,-0.031475317,-0.0050484072,0.076875,0.040928245,1.0,,,,,,,,,,,,,,,,,,,,,,,,,,,,,,,,,,,,,,,,,,,,
206.0,-0.0026999870625473038,0.07819276303052902,0.0001131296157836914,1.3665893077850342,0.0,0.010638838,0.0004214549,1.0001131,0.047738556,0.013811063,-3.8899455e-07,-0.007871389,0.01548171,0.006972313,0.034459386,0.07950786,0.021561554,0.07725,0.04112719,1.0,,,,,,,,,,,,,,,,,,,,,,,,,,,,,,,,,,,,,,,,,,,,
207.0,-0.002701787181067319,0.07841058075428009,0.0001131296157836914,1.3638402223587036,0.0,0.010840332,0.00048034755,1.0001131,0.04835872,0.014134236,-5.524579e-07,-0.008185625,0.015352726,0.0069465637,-0.07519587,-0.03148765,-0.0050316984,0.077625,0.041326124,1.0,,,,,,,,,,,,,,,,,,,,,,,,,,,,,,,,,,,,,,,,,,,,
208.0,-0.0027035785450761664,0.07862544804811478,0.0001131296157836914,1.3610789775848389,0.0,0.011044388,0.00054063974,1.0001131,0.048973385,0.01447013,-5.3593243e-07,-0.008039713,0.015682936,0.0070385933,0.034459952,0.07950758,0.021537483,0.078,0.04152505,1.0,,,,,,,,,,,,,,,,,,,,,,,,,,,,,,,,,,,,,,,,,,,,
209.0,-0.002705356352532458,0.07883744686841965,0.0001131296157836914,1.3583052158355713,0.0,0.01125106,0.000602307,1.0001131,0.049601417,0.014800137,-7.009246e-07,-0.008353949,0.015553951,0.0070126057,-0.07519298,-0.031499974,-0.0050149895,0.078375,0.041723963,1.0,,,,,,,,,,,,,,,,,,,,,,,,,,,,,,,,,,,,,,,,,,,,
210.0,-0.0027071253788906553,0.07904645800590515,0.0001131296157836914,1.3555189371109009,0.0,0.011460327,0.0006654023,1.0001131,0.050223954,0.015142864,-6.85122e-07,-0.008208036,0.015884161,0.0071046352,0.03446051,0.07950731,0.021513416,0.07875,0.041922867,1.0,,,,,,,,,,,,,,,,,,,,,,,,,,,,,,,,,,,,,,,,,,,,
211.0,-0.002708880068026561,0.07925253361463547,0.00011308192915748805,1.352720022201538,0.0,0.011672243,0.000729901,1.0001131,0.050859857,0.015479702,-8.516423e-07,-0.008522272,0.015754938,0.007078886,-0.07519009,-0.031512294,-0.004998281,0.079125,0.04212176,1.0,,,,,,,,,,,,,,,,,,,,,,,,,,,,,,,,,,,,,,,,,,,,
212.0,-0.0027106261900682427,0.07945561408996582,0.00011308192915748805,1.3499083518981934,0.0,0.011886786,0.00079585623,1.0001131,0.051490255,0.015829258,-8.3656226e-07,-0.00837636,0.016085386,0.007170677,0.03446107,0.07950704,0.021489356,0.0795,0.042320643,1.0,,,,,,,,,,,,,,,,,,,,,,,,,,,,,,,,,,,,,,,,,,,,
213.0,-0.002712358095409121,0.07965569943189621,0.00011308192915748805,1.3470839262008667,0.0,0.01210401,0.0008632434,1.0001131,0.052134015,0.016172923,-1.0046098e-06,-0.008690596,0.015956163,0.007144928,-0.0751872,-0.031524602,-0.0049815737,0.079875,0.042519517,1.0,,,,,,,,,,,,,,,,,,,,,,,,,,,,,,,,,,,,,,,,,,,,
214.0,-0.002714080947768584,0.07985276728868484,0.00011308192915748805,1.344246506690979,0.0,0.0123238955,0.00093211554,1.0001131,0.05277227,0.016529305,-9.902518e-07,-0.008544683,0.016286373,0.007236719,0.03446162,0.079506755,0.021465302,0.08025,0.042718377,1.0,,,,,,,,,,,,,,,,,,,,,,,,,,,,,,,,,,,,,,,,,,,,
215.0,-0.0027157890740325784,0.08004679530858994,0.00011308192915748805,1.3413959741592407,0.0,0.012546495,0.001002448,1.0001131,0.053423885,0.016879793,-1.1598258e-06,-0.008858919,0.01615715,0.00721097,-0.0751843,-0.031536903,-0.004964866,0.080625,0.04291723,1.0,,,,,,,,,,,,,,,,,,,,,,,,,,,,,,,,,,,,,,,,,,,,
216.0,-0.0027174879444727385,0.0802377313375473,0.00011308192915748805,1.338532567024231,0.0,0.012771786,0.0010742939,1.0001131,0.05406999,0.017242998,-1.1461896e-06,-0.008712769,0.016487598,0.0073025227,0.034462173,0.07950648,0.021441251,0.081,0.043116067,1.0,,,,,,,,,,,,,,,,,,,,,,,,,,,,,,,,,,,,,,,,,,,,
217.0,-0.0027191719589792942,0.08042556792497635,0.00011308192915748805,1.335655689239502,0.0,0.012999825,0.0011476284,1.0001131,0.05472945,0.017600307,-1.3172892e-06,-0.009027004,0.016358376,0.0072767735,-0.075181395,-0.031549193,-0.0049481597,0.081375,0.043314897,1.0,,,,,,,,,,,,,,,,,,,,,,,,,,,,,,,,,,,,,,,,,,,,
218.0,-0.0027208467909263733,0.08061034977436066,0.00011308192915748805,1.332765817642212,0.0,0.01323059,0.0012225048,1.0001131,0.055383395,0.01797033,-1.3043742e-06,-0.008881092,0.016688585,0.0073685646,0.03446272,0.079506196,0.021417206,0.08175,0.043513715,1.0,,,,,,,,,,,,,,,,,,,,,,,,,,,,,,,,,,,,,,,,,,,,
219.0,-0.0027225067246439876,0.08079198747873306,0.00011308192915748805,1.3298622369766235,0.0,0.013464134,0.0012988984,1.0001131,0.056050695,0.018334458,-1.4769987e-06,-0.009195328,0.016559362,0.0073428154,-0.07517849,-0.03156148,-0.004931453,0.082125,0.043712523,1.0,,,,,,,,,,,,,,,,,,,,,,,,,,,,,,,,,,,,,,,,,,,,
220.0,-0.0027241565305721155,0.08097048103809357,0.00011308192915748805,1.326945424079895,0.0,0.013700436,0.0013768622,1.0001131,0.056712475,0.018711295,-1.4648045e-06,-0.009049177,0.016889572,0.007434368,0.03446326,0.07950591,0.021393167,0.0825,0.04391132,1.0,,,,,,,,,,,,,,,,,,,,,,,,,,,,,,,,,,,,,,,,,,,,
221.0,-0.002725559818615369,0.08114580065011978,0.00011308192915748805,1.3240151405334473,0.0,0.013939551,0.0014563714,1.0001131,0.05738761,0.019082235,-1.6389531e-06,-0.009363413,0.01676035,0.007408619,-0.07517558,-0.031573754,-0.0049147476,0.082875,0.044110104,1.0,,,,,,,,,,,,,,,,,,,,,,,,,,,,,,,,,,,,,,,,,,,,
222.0,-0.0027269523802949266,0.0813179463148117,0.00011305809312034398,1.3210712671279907,0.0,0.0141814565,0.0015374792,1.0001131,0.05805722,0.019465884,-1.6274794e-06,-0.009217501,0.017090559,0.0075001717,0.0344638,0.07950562,0.021369133,0.08325,0.044308882,1.0,,,,,,,,,,,,,,,,,,,,,,,,,,,,,,,,,,,,,,,,,,,,
223.0,-0.002728329095839564,0.08148690313100815,0.00011301040649414062,1.3181136846542358,0.0,0.014426207,0.0016201611,1.000113,0.058740176,0.019843636,-1.8031512e-06,-0.009531736,0.016961336,0.007474184,-0.07517267,-0.031586017,-0.0048980424,0.083625,0.044507645,1.0,,,,,,,,,,,,,,,,,,,,,,,,,,,,,,,,,,,,,,,,,,,,
224.0,-0.0027296959018922934,0.08165270835161209,0.00011301040649414062,1.3151425123214722,0.0,0.014673781,0.0017044698,1.000113,0.05941761,0.020234095,-1.4245371e-06,-0.009385586,0.017291307,0.007565737,0.034464337,0.07950533,0.021345103,0.084,0.044706397,1.0,,,,,,,,,,,,,,,,,,,,,,,,,,,,,,,,,,,,,,,,,,,,
225.0,-0.0027310468869236105,0.08181528002023697,0.00011301040649414062,1.3121578693389893,0.0,0.014924232,0.0017903809,1.000113,0.060108386,0.020618653,-1.6880149e-06,-0.0096998215,0.017162085,0.0075399876,-0.07516976,-0.031598277,-0.0048813378,0.084375,0.044905137,1.0,,,,,,,,,,,,,,,,,,,,,,,,,,,,,,,,,,,,,,,,,,,,
226.0,-0.002732387291651094,0.08197466284036636,0.00011301040649414062,1.3091593980789185,0.0,0.015177539,0.0018779471,1.000113,0.060793627,0.021015912,-1.6577428e-06,-0.009553671,0.017492294,0.007631302,0.03446487,0.07950504,0.02132108,0.08475,0.045103867,1.0,,,,,,,,,,,,,,,,,,,,,,,,,,,,,,,,,,,,,,,,,,,,
227.0,-0.0027335075641130146,0.08213084936141968,0.00011301040649414062,1.3061474561691284,0.0,0.015433757,0.0019671442,1.000113,0.061492216,0.021407275,-1.8412059e-06,-0.009867907,0.017363071,0.0076055527,-0.07516684,-0.031610526,-0.0048646335,0.085125,0.04530259,1.0,,,,,,,,,,,,,,,,,,,,,,,,,,,,,,,,,,,,,,,,,,,,
228.0,-0.002734617270157111,0.08228381723165512,0.00011301040649414062,1.3031216859817505,0.0,0.015692862,0.0020580248,1.000113,0.062185265,0.021811334,-1.8307774e-06,-0.009721756,0.01756978,0.007698059,0.03469579,0.04988079,0.021589363,0.0855,0.045501295,1.0,,,,,,,,,,,,,,,,,,,,,,,,,,,,,,,,,,,,,,,,,,,,
229.0,-0.0027357100874092345,0.08243360370397568,0.00011301040649414062,1.3000822067260742,0.0,0.01595489,0.0021505642,1.000113,0.06288661,0.022209456,-1.9223014e-06,-0.010035992,0.017317057,0.007673502,-0.07492756,-0.06123983,-0.004569266,0.085875,0.04569999,1.0,,,,,,,,,,,,,,,,,,,,,,,,,,,,,,,,,,,,,,,,,,,,
230.0,-0.0027367918348713007,0.08258017152547836,0.00011301040649414062,1.2970292568206787,0.0,0.016219795,0.002244815,1.000113,0.06357737,0.022620235,-1.8474767e-06,-0.009889841,0.017523766,0.0077660084,0.034695037,0.049894467,0.021578949,0.08625,0.045898676,1.0,,,,,,,,,,,,,,,,,,,,,,,,,,,,,,,,,,,,,,,,,,,,
231.0,-0.0027378578188625856,0.08272360265254974,0.00011301040649414062,1.2939627170562744,0.0,0.016487613,0.0023407529,1.000113,0.06427642,0.023025073,-1.9527404e-06,-0.010203838,0.017271042,0.0077414513,-0.074919194,-0.061238315,-0.0045662345,0.086625,0.04609735,1.0,,,,,,,,,,,,,,,,,,,,,,,,,,,,,,,,,,,,,,,,,,,,
232.0,-0.0027389127248971306,0.08286380767822266,0.00011301040649414062,1.2908824682235718,0.0,0.0167583,0.0024384302,1.000113,0.06496489,0.023442565,-1.8773385e-06,-0.010057688,0.01747775,0.007833958,0.034694284,0.04990813,0.021568533,0.087,0.04629601,1.0,,,,,,,,,,,,,,,,,,,,,,,,,,,,,,,,,,,,,,,,,,,,
233.0,-0.002739951086682521,0.08300087600946426,0.00011301040649414062,1.2877883911132812,0.0,0.017031891,0.0025378224,1.000113,0.065661654,0.023854112,-1.981374e-06,-0.010371923,0.017225027,0.0078094006,-0.07491084,-0.0612368,-0.0045631994,0.087375,0.04649466,1.0,,,,,,,,,,,,,,,,,,,,,,,,,,,,,,,,,,,,,,,,,,,,
234.0,-0.00274097839933678,0.0831347182393074,0.00011301040649414062,1.2846810817718506,0.0,0.01730834,0.002638982,1.000113,0.06634783,0.024278311,-1.9089039e-06,-0.010225773,0.017431974,0.007901907,0.034693535,0.049921792,0.021558113,0.08775,0.0466933,1.0,,,,,,,,,,,,,,,,,,,,,,,,,,,,,,,,,,,,,,,,,,,,
235.0,-0.0027419894561325976,0.08326541632413864,0.00011301040649414062,1.281559944152832,0.0,0.017587682,0.0027418844,1.000113,0.067042306,0.024696564,-2.0108885e-06,-0.01053977,0.01717925,0.00787735,-0.07490249,-0.06123528,-0.004560161,0.088125,0.046891924,1.0,,,,,,,,,,,,,,,,,,,,,,,,,,,,,,,,,,,,,,,,,,,,
236.0,-0.002742989709231222,0.08339295536279678,0.00011301040649414062,1.2784254550933838,0.0,0.017869875,0.002846582,1.000113,0.0677262,0.025127467,-1.9415415e-06,-0.01039362,0.017386198,0.007969856,0.034692783,0.049935445,0.021547694,0.0885,0.04709054,1.0,,,,,,,,,,,,,,,,,,,,,,,,,,,,,,,,,,,,,,,,,,,,
237.0,-0.0027439735853680594,0.08351735770702362,0.00011298656318103895,1.2752774953842163,0.0,0.018154953,0.0029530507,1.000113,0.0684184,0.025552422,-2.0414311e-06,-0.010707617,0.017133474,0.007945299,-0.07489414,-0.061233763,-0.004557119,0.088875,0.047289144,1.0,,,,,,,,,,,,,,,,,,,,,,,,,,,,,,,,,,,,,,,,,,,,
238.0,-0.002744946377316097,0.08363856375217438,0.00011298656318103895,1.2721160650253296,0.0,0.01844287,0.0030613423,1.0001129,0.06910001,0.02599002,-1.975216e-06,-0.010561466,0.017340422,0.008037567,0.03469203,0.04994909,0.02153727,0.08925,0.047487736,1.0,,,,,,,,,,,,,,,,,,,,,,,,,,,,,,,,,,,,,,,,,,,,
239.0,-0.002745902322993834,0.08375663310289383,0.00011298656318103895,1.2689414024353027,0.0,0.01873366,0.0031714325,1.0001129,0.069789924,0.026421674,-1.705155e-06,-0.010875702,0.017087936,0.008013248,-0.0748858,-0.061232243,-0.004554074,0.089625,0.047686316,1.0,,,,,,,,,,,,,,,,,,,,,,,,,,,,,,,,,,,,,,,,,,,,
240.0,-0.0027468479499867726,0.08387157320976257,0.00011298656318103895,1.265753149986267,0.0,0.019027282,0.0032833742,1.0001129,0.070469245,0.026865965,-1.7283464e-06,-0.010729313,0.017294884,0.008105516,0.034691274,0.04996273,0.021526843,0.09,0.04788488,1.0,,,,,,,,,,,,,,,,,,,,,,,,,,,,,,,,,,,,,,,,,,,,
241.0,-0.002747777083249588,0.08398337662220001,0.00011298656318103895,1.2625519037246704,0.0,0.019323768,0.003397142,1.0001129,0.07115688,0.027304305,-1.8038085e-06,-0.011043549,0.017042398,0.008080959,-0.07487746,-0.061230723,-0.004551025,0.090375,0.04808344,1.0,,,,,,,,,,,,,,,,,,,,,,,,,,,,,,,,,,,,,,,,,,,,
242.0,-0.002748694964870504,0.08409203588962555,0.00011298656318103895,1.2593371868133545,0.0,0.019623077,0.003512789,1.0001129,0.07183392,0.027755285,-1.7485995e-06,-0.01089716,0.017249346,0.008173227,0.03469052,0.049976364,0.021516416,0.09075,0.048281983,1.0,,,,,,,,,,,,,,,,,,,,,,,,,,,,,,,,,,,,,,,,,,,,
243.0,-0.002749596955007383,0.08419756591320038,0.0001129388838307932,1.256109595298767,0.0,0.01992524,0.0036302903,1.0001129,0.07251928,0.02820031,-1.8410882e-06,-0.011211157,0.01699686,0.008148909,-0.07486913,-0.061229207,-0.0045479727,0.091125,0.048480514,1.0,,,,,,,,,,,,,,,,,,,,,,,,,,,,,,,,,,,,,,,,,,,,
244.0,-0.0027504872599723794,0.08429998904466629,0.00011289119720458984,1.2528690099716187,0.0,0.020230215,0.0037496986,1.0001129,0.07319405,0.028657971,-1.7845222e-06,-0.011065006,0.017203808,0.008240938,0.03468977,0.049989987,0.021505985,0.0915,0.048679035,1.0,,,,,,,,,,,,,,,,,,,,,,,,,,,,,,,,,,,,,,,,,,,,
245.0,-0.0027513617970748045,0.0843992680311203,0.00011289119720458984,1.2496154308319092,0.0,0.020538038,0.003870989,1.0001129,0.073877126,0.02910968,-1.8759681e-06,-0.0113790035,0.016951323,0.0082166195,-0.07486081,-0.061227687,-0.004544917,0.091875,0.04887754,1.0,,,,,,,,,,,,,,,,,,,,,,,,,,,,,,,,,,,,,,,,,,,,
246.0,-0.0027522249702457715,0.08449544757604599,0.00011289119720458984,1.2463489770889282,0.0,0.02084866,0.003994214,1.0001129,0.07454962,0.029574018,-1.8222815e-06,-0.011232853,0.017158508,0.008307457,0.034683682,0.049999963,0.02117925,0.09225,0.049076036,1.0,,,,,,,,,,,,,,,,,,,,,,,,,,,,,,,,,,,,,,,,,,,,
247.0,-0.0027530727948682737,0.08458850532770157,0.00011289119720458984,1.2430698871612549,0.0,0.02116212,0.004119349,1.0001129,0.07523043,0.0300324,-1.9116917e-06,-0.01154685,0.016906023,0.008281946,-0.074857906,-0.061229706,-0.0048580896,0.092625,0.04927452,1.0,,,,,,,,,,,,,,,,,,,,,,,,,,,,,,,,,,,,,,,,,,,,
248.0,-0.002753472395806682,0.08467847853899002,0.00011289119720458984,1.2397785186767578,0.0,0.021478374,0.004246447,1.0001129,0.07590065,0.03050341,-1.8611162e-06,-0.0114007,0.017113209,0.008372545,0.034683064,0.050013483,0.021168957,0.093,0.049472988,1.0,,,,,,,,,,,,,,,,,,,,,,,,,,,,,,,,,,,,,,,,,,,,
249.0,-0.0027538562127274874,0.08476533740758896,0.00011289119720458984,1.236474633216858,0.0,0.021797454,0.004375482,1.0001129,0.07657918,0.030968463,-1.9484364e-06,-0.011714697,0.016860723,0.008347034,-0.07484975,-0.061227992,-0.004854884,0.093375,0.04967145,1.0,,,,,,,,,,,,,,,,,,,,,,,,,,,,,,,,,,,,,,,,,,,,
250.0,-0.0027542281736640008,0.08484913408756256,0.00011289119720458984,1.2331581115722656,0.0,0.022119317,0.0045065074,1.0001129,0.077247135,0.031446144,-1.900984e-06,-0.011568308,0.01706791,0.0084376335,0.034682445,0.050026994,0.02115866,0.09375,0.049869895,1.0,,,,,,,,,,,,,,,,,,,,,,,,,,,,,,,,,,,,,,,,,,,,
251.0,-0.002754958196913674,0.08492987602949142,0.00011289119720458984,1.2298294305801392,0.0,0.022443997,0.0046394984,1.0001129,0.077923395,0.03191786,-1.9862118e-06,-0.011882305,0.016815424,0.008412123,-0.074841596,-0.061226275,-0.004851674,0.094125,0.050068326,1.0,,,,,,,,,,,,,,,,,,,,,,,,,,,,,,,,,,,,,,,,,,,,
252.0,-0.00275567649461982,0.08500761538743973,0.00011289119720458984,1.2264885902404785,0.0,0.022771452,0.0047745076,1.0001129,0.07858908,0.032402202,-1.9418817e-06,-0.011736155,0.01702261,0.008502722,0.034681827,0.050040502,0.021148361,0.0945,0.050266746,1.0,,,,,,,,,,,,,,,,,,,,,,,,,,,,,,,,,,,,,,,,,,,,
253.0,-0.00275637959214655,0.0850822925567627,0.00011286735389148816,1.2231359481811523,0.0,0.023101715,0.0049115103,1.0001129,0.079263076,0.03288058,-2.0250177e-06,-0.012050152,0.016770124,0.008477211,-0.074833445,-0.06122456,-0.0048484616,0.094875,0.050465155,1.0,,,,,,,,,,,,,,,,,,,,,,,,,,,,,,,,,,,,,,,,,,,,
254.0,-0.0027570886371811867,0.0851539745926857,0.00011286735389148816,1.219771146774292,0.0,0.023434741,0.005050558,1.0001128,0.0799265,0.03337158,-1.9838083e-06,-0.011903763,0.016977549,0.00856781,0.034681205,0.050054003,0.02113806,0.09525,0.05066355,1.0,,,,,,,,,,,,,,,,,,,,,,,,,,,,,,,,,,,,,,,,,,,,
255.0,-0.002757781817370608,0.08522262424230576,0.00011286735389148816,1.2163947820663452,0.0,0.023770567,0.0051916274,1.0001128,0.080598235,0.033856615,-1.6970026e-06,-0.01221776,0.016725063,0.008542299,-0.0748253,-0.061222848,-0.0048452453,0.095625,0.050861932,1.0,,,,,,,,,,,,,,,,,,,,,,,,,,,,,,,,,,,,,,,,,,,,
256.0,-0.0027584633109853374,0.08528824150562286,0.00011286735389148816,1.2130067348480225,0.0,0.024109147,0.0053347703,1.0001128,0.081259385,0.034354266,-1.7451835e-06,-0.012071371,0.016932487,0.00863266,0.034680586,0.05006749,0.021127757,0.096,0.051060304,1.0,,,,,,,,,,,,,,,,,,,,,,,,,,,,,,,,,,,,,,,,,,,,
257.0,-0.0027591299912081584,0.0853508934378624,0.00011286735389148816,1.2096073627471924,0.0,0.024450518,0.0054799616,1.0001128,0.08192886,0.03484595,-1.8039058e-06,-0.012385368,0.016680002,0.008607388,-0.074817166,-0.06122113,-0.0048420257,0.096375,0.05125866,1.0,,,,,,,,,,,,,,,,,,,,,,,,,,,,,,,,,,,,,,,,,,,,
258.0,-0.002759784858461103,0.08541051298379898,0.00011286735389148816,1.206196665763855,0.0,0.024794634,0.0056272545,1.0001128,0.08258775,0.035350244,-1.7736772e-06,-0.012239218,0.016887426,0.008697748,0.034679964,0.050080977,0.02111745,0.09675,0.051457006,1.0,,,,,,,,,,,,,,,,,,,,,,,,,,,,,,,,,,,,,,,,,,,,
259.0,-0.0027604240925725434,0.08546717464923859,0.00011286735389148816,1.2027751207351685,0.0,0.02514153,0.0057766237,1.0001128,0.08325496,0.035848577,-1.8494308e-06,-0.012552977,0.01663518,0.008672237,-0.07480903,-0.061219417,-0.004838803,0.097125,0.051655337,1.0,,,,,,,,,,,,,,,,,,,,,,,,,,,,,,,,,,,,,,,,,,,,
260.0,-0.0029214519358463577,0.08552082628011703,0.00011286735389148816,1.1993426084518433,0.0,0.025491161,0.0059281215,1.0001128,0.08391159,0.036359515,-1.8178334e-06,-0.012406826,0.016842604,0.008762598,0.034679346,0.05009446,0.021107143,0.0975,0.051853657,1.0,,,,,,,,,,,,,,,,,,,,,,,,,,,,,,,,,,,,,,,,,,,,
261.0,-0.002922204242945577,0.08557149022817612,0.00011286735389148816,1.1958991289138794,0.0,0.025843564,0.0060817236,1.0001128,0.08457655,0.036864482,-1.8925505e-06,-0.012720585,0.016590357,0.008737326,-0.0748009,-0.0612177,-0.0048355768,0.097875,0.05205196,1.0,,,,,,,,,,,,,,,,,,,,,,,,,,,,,,,,,,,,,,,,,,,,
262.0,-0.002922938248381331,0.08561919629573822,0.00011286735389148816,1.1924452781677246,0.0,0.026198693,0.006237482,1.0001128,0.08523092,0.03738206,-1.8638203e-06,-0.012574434,0.016797781,0.008827686,0.034678724,0.05010793,0.021096833,0.09825,0.052250255,1.0,,,,,,,,,,,,,,,,,,,,,,,,,,,,,,,,,,,,,,,,,,,,
263.0,-0.002923652008374552,0.08566395193338394,0.00011286735389148816,1.188981056213379,0.0,0.026556583,0.0063953726,1.0001128,0.085893616,0.037893664,-1.9365077e-06,-0.012888193,0.016545534,0.0088021755,-0.07479278,-0.061215986,-0.004832347,0.098625,0.052448537,1.0,,,,,,,,,,,,,,,,,,,,,,,,,,,,,,,,,,,,,,,,,,,,
264.0,-0.0029243474999070484,0.08570574969053268,0.00011286735389148816,1.1855067014694214,0.0,0.02691719,0.006555447,1.0001128,0.086545736,0.03841787,-1.910876e-06,-0.012741804,0.016752958,0.008892536,0.0346781,0.050121397,0.02108652,0.099,0.0526468,1.0,,,,,,,,,,,,,,,,,,,,,,,,,,,,,,,,,,,,,,,,,,,,
265.0,-0.0029250223016241764,0.08574458211660385,0.00011286735389148816,1.1820223331451416,0.0,0.027280549,0.0067176805,1.0001128,0.087206185,0.038936105,-1.9814804e-06,-0.013055801,0.016500711,0.008867264,-0.07478466,-0.06121427,-0.004829114,0.099375,0.052845057,1.0,,,,,,,,,,,,,,,,,,,,,,,,,,,,,,,,,,,,,,,,,,,,
266.0,-0.002925679367665157,0.08578050881624222,0.00011286735389148816,1.1785284280776978,0.0,0.027646616,0.006882126,1.0001128,0.08785605,0.039466936,-1.9589584e-06,-0.012909412,0.016708374,0.008957386,0.03467748,0.050134856,0.021076204,0.09975,0.053043295,1.0,,,,,,,,,,,,,,,,,,,,,,,,,,,,,,,,,,,,,,,,,,,,
267.0,-0.0029263149725949236,0.08581344783306122,0.00011286735389148816,1.1750247478485107,0.0,0.028015425,0.0070487587,1.0001128,0.088514246,0.039991796,-2.027477e-06,-0.01322341,0.016456127,0.008932114,-0.07477655,-0.06121255,-0.0048258775,0.100125,0.053241525,1.0,,,,,,,,,,,,,,,,,,,,,,,,,,,,,,,,,,,,,,,,,,,,
268.0,-0.002926932553938241,0.08584348112344742,0.00011284351057838649,1.1715118885040283,0.0,0.028386934,0.0072176303,1.0001128,0.08916186,0.04052925,-2.0080636e-06,-0.013077021,0.01666379,0.009020805,0.034671158,0.050143644,0.020716984,0.1005,0.053439736,1.0,,,,,,,,,,,,,,,,,,,,,,,,,,,,,,,,,,,,,,,,,,,,
269.0,-0.0029275298134210513,0.08587058633565903,0.00011284351057838649,1.1679896116256714,0.0,0.028761175,0.007388717,1.0001127,0.08981781,0.041060727,-2.0744976e-06,-0.0133907795,0.016411543,0.0089941025,-0.074774235,-0.061215386,-0.0051714615,0.100875,0.053637937,1.0,,,,,,,,,,,,,,,,,,,,,,,,,,,,,,,,,,,,,,,,,,,,
270.0,-0.002927862188911763,0.08589477092027664,0.00011284351057838649,1.1644585132598877,0.0,0.029138103,0.00756207,1.0001127,0.09046318,0.041604802,-1.6903444e-06,-0.0132443905,0.016619205,0.009082794,0.034670684,0.050156984,0.020706821,0.10125,0.053836126,1.0,,,,,,,,,,,,,,,,,,,,,,,,,,,,,,,,,,,,,,,,,,,,
271.0,-0.002928632079800423,0.08591607213020325,0.00011284351057838649,1.1609188318252563,0.0,0.029517757,0.0077376654,1.0001127,0.091116875,0.042142894,-1.8409612e-06,-0.013064861,0.016366959,0.009056091,0.043677494,-0.060137615,-0.0071367556,0.101625,0.054034296,1.0,,,,,,,,,,,,,,,,,,,,,,,,,,,,,,,,,,,,,,,,,,,,
272.0,-0.0029286630555448484,0.08593444526195526,0.00011284351057838649,1.1573704481124878,0.0,0.02990009,0.007915472,1.0001127,0.09176019,0.042673398,-1.5389438e-06,-0.013341427,0.016574621,0.009144783,-0.06684742,0.049237,0.022383023,0.102,0.05423246,1.0,,,,,,,,,,,,,,,,,,,,,,,,,,,,,,,,,,,,,,,,,,,,
273.0,-0.002929113844092354,0.08594997227191925,0.00011284351057838649,1.1538139581680298,0.0,0.03028514,0.0080955345,1.0001127,0.09241166,0.043215215,-1.898937e-06,-0.013161659,0.016322374,0.00911808,0.04368142,-0.060139813,-0.007132254,0.102375,0.054430604,1.0,,,,,,,,,,,,,,,,,,,,,,,,,,,,,,,,,,,,,,,,,,,,
274.0,-0.0029290883493639287,0.08596258610486984,0.00011284351057838649,1.1502491235733032,0.0,0.03067286,0.008277824,1.0001127,0.09305275,0.043749448,-1.5475497e-06,-0.013438463,0.016494036,0.009207249,-0.06677104,0.040579133,0.022485811,0.10275,0.054628737,1.0,,,,,,,,,,,,,,,,,,,,,,,,,,,,,,,,,,,,,,,,,,,,
275.0,-0.0029294998458024115,0.08597244322299957,0.00011284351057838649,1.1466766595840454,0.0,0.03106328,0.008462386,1.0001127,0.09370053,0.04429498,-1.8954998e-06,-0.013258696,0.016205788,0.009181023,0.043767825,-0.06879144,-0.007009952,0.103125,0.054826856,1.0,,,,,,,,,,,,,,,,,,,,,,,,,,,,,,,,,,,,,,,,,,,,
276.0,-0.002929435701662101,0.0859793871641159,0.00011289119720458984,1.1430964469909668,0.0,0.031456348,0.00864919,1.0001127,0.09433646,0.044832908,-1.5231328e-06,-0.013535261,0.01637721,0.009269953,-0.066776216,0.04057674,0.02247076,0.1035,0.055024963,1.0,,,,,,,,,,,,,,,,,,,,,,,,,,,,,,,,,,,,,,,,,,,,
277.0,-0.0029298087912109174,0.08598355203866959,0.00011289119720458984,1.1395084857940674,0.0,0.031852093,0.008838283,1.0001127,0.09497907,0.045382135,-1.8762925e-06,-0.013355494,0.016088963,0.009243727,0.043773167,-0.068789534,-0.007001524,0.103875,0.055223055,1.0,,,,,,,,,,,,,,,,,,,,,,,,,,,,,,,,,,,,,,,,,,,,
278.0,-0.0029297058808755994,0.08598492294549942,0.00011289119720458984,1.1359137296676636,0.0,0.032250468,0.0090296315,1.0001127,0.09560982,0.045923762,-1.5033614e-06,-0.0136322975,0.016260624,0.009332895,-0.06678138,0.04057435,0.022455709,0.10425,0.055421133,1.0,,,,,,,,,,,,,,,,,,,,,,,,,,,,,,,,,,,,,,,,,,,,
279.0,-0.0029299060015746366,0.08598353713750839,0.00011289119720458984,1.1323115825653076,0.0,0.0326515,0.009223284,1.0001127,0.09624727,0.046476685,-1.8569425e-06,-0.01345253,0.015972376,0.009306669,0.043778505,-0.06878763,-0.006993094,0.104625,0.055619195,1.0,,,,,,,,,,,,,,,,,,,,,,,,,,,,,,,,,,,,,,,,,,,,
280.0,-0.0029296306470291255,0.0859793871641159,0.00011289119720458984,1.1287025213241577,0.0,0.033055134,0.009419209,1.0001127,0.09687286,0.047022,-1.4845706e-06,-0.013460398,0.016144037,0.009395838,-0.0022572966,0.041172527,0.021409843,0.105,0.055817246,1.0,,,,,,,,,,,,,,,,,,,,,,,,,,,,,,,,,,,,,,,,,,,,
281.0,-0.00292979176468773,0.08597251027822495,0.00011289119720458984,1.1250869035720825,0.0,0.033461407,0.009617408,1.0001127,0.09750524,0.04756762,-1.688859e-06,-0.013011694,0.01585579,0.009369373,0.108297944,-0.06817232,-0.008044838,0.105375,0.056015283,1.0,,,,,,,,,,,,,,,,,,,,,,,,,,,,,,,,,,,,,,,,,,,,
282.0,-0.0029294776527055096,0.08596291393041611,0.00011289119720458984,1.1214648485183716,0.0,0.033870265,0.009817802,1.0001127,0.098125875,0.04809464,-1.2096756e-06,-0.0130198,0.016027212,0.009458542,-0.0022920887,0.041166883,0.021425119,0.10575,0.056213304,1.0,,,,,,,,,,,,,,,,,,,,,,,,,,,,,,,,,,,,,,,,,,,,
283.0,-0.0029296010956858026,0.08595062792301178,0.00011289119720458984,1.117836594581604,0.0,0.034281738,0.010020394,1.0001127,0.0987533,0.048621975,-1.4381172e-06,-0.012571096,0.015738964,0.009432077,0.10827257,-0.0681588,-0.008065417,0.106125,0.05641131,1.0,,,,,,,,,,,,,,,,,,,,,,,,,,,,,,,,,,,,,,,,,,,,
284.0,-0.002929248816179597,0.08593570441007614,0.00011289119720458984,1.1142024993896484,0.0,0.034695774,0.010225105,1.0001127,0.09936899,0.049130723,-9.628068e-07,-0.012579203,0.015910625,0.009521246,-0.0023268666,0.041161228,0.021440377,0.1065,0.056609306,1.0,,,,,,,,,,,,,,,,,,,,,,,,,,,,,,,,,,,,,,,,,,,,
285.0,-0.0029293341422024694,0.085918128490448,0.00011289119720458984,1.1105625629425049,0.0,0.035112407,0.010431938,1.0001127,0.09999146,0.049639788,-1.1894385e-06,-0.012130976,0.015622377,0.009494543,0.108247206,-0.06814527,-0.00808598,0.106875,0.056807287,1.0,,,,,,,,,,,,,,,,,,,,,,,,,,,,,,,,,,,,,,,,,,,,
286.0,-0.00292894382804609,0.08589796721935272,0.00011289119720458984,1.1069167852401733,0.0,0.03553158,0.010640814,1.0001127,0.100602195,0.050130274,-7.240804e-07,-0.012139082,0.015794039,0.00958395,-0.0023616306,0.041155566,0.021455618,0.10725,0.057005253,1.0,,,,,,,,,,,,,,,,,,,,,,,,,,,,,,,,,,,,,,,,,,,,
287.0,-0.0029289910661135085,0.08587516844272614,0.00011286735389148816,1.103265643119812,0.0,0.03595333,0.010851735,1.0001127,0.10121973,0.05062109,-9.474715e-07,-0.011690855,0.015505791,0.009557247,0.10822185,-0.068131745,-0.008106527,0.107625,0.057203203,1.0,,,,,,,,,,,,,,,,,,,,,,,,,,,,,,,,,,,,,,,,,,,,
288.0,-0.0029285624915213926,0.0858498364686966,0.00011286735389148816,1.099609375,0.0,0.0363776,0.0110646235,1.0001125,0.10182551,0.051093336,-4.923919e-07,-0.0116992,0.015677452,0.009646416,-0.0023963803,0.041149892,0.021470843,0.108,0.05740114,1.0,,,,,,,,,,,,,,,,,,,,,,,,,,,,,,,,,,,,,,,,,,,,
289.0,-0.0029285537278201674,0.08582191914319992,0.00011286735389148816,1.0959482192993164,0.0,0.03680443,0.011279481,1.0001125,0.10243811,0.051565927,-3.4460132e-07,-0.011250973,0.015389204,0.009619474,0.10819651,-0.06811822,-0.008127057,0.108375,0.057599064,1.0,,,,,,,,,,,,,,,,,,,,,,,,,,,,,,,,,,,,,,,,,,,,
290.0,-0.0029280690131405435,0.08579151332378387,0.00011286735389148816,1.0922819375991821,0.0,0.03723376,0.011496232,1.0001125,0.10303895,0.052019946,1.3902833e-08,-0.011259556,0.015523434,0.009709358,-0.002343201,0.032166895,0.021587051,0.10875,0.057796974,1.0,,,,,,,,,,,,,,,,,,,,,,,,,,,,,,,,,,,,,,,,,,,,
291.0,-0.002928022211321559,0.08575858920812607,0.00011286735389148816,1.088611364364624,0.0,0.037665613,0.011714875,1.0001125,0.10364508,0.052474305,-1.5882803e-07,-0.010811567,0.015197754,0.009682655,0.10826097,-0.077079944,-0.0080424715,0.109125,0.057994865,1.0,,,,,,,,,,,,,,,,,,,,,,,,,,,,,,,,,,,,,,,,,,,,
292.0,-0.0029275004140744388,0.08572320640087128,0.00011291504051769152,1.084936261177063,0.0,0.038099937,0.011935334,1.0001125,0.10423793,0.052910093,2.8818744e-07,-0.01082015,0.015331984,0.009772539,-0.0023787494,0.032165352,0.021598134,0.1095,0.058192745,1.0,,,,,,,,,,,,,,,,,,,,,,,,,,,,,,,,,,,,,,,,,,,,
293.0,-0.0029274164540375753,0.08568534255027771,0.0001129388838307932,1.0812568664550781,0.0,0.038536754,0.01215761,1.0001125,0.10483606,0.053346228,9.583224e-08,-0.010372162,0.015006542,0.009745836,0.10823713,-0.07706217,-0.008058885,0.109875,0.05839061,1.0,,,,,,,,,,,,,,,,,,,,,,,,,,,,,,,,,,,,,,,,,,,,
294.0,-0.0029268565428244076,0.08564503490924835,0.0001129388838307932,1.077573537826538,0.0,0.038976006,0.012381625,1.0001127,0.10542093,0.0537638,5.367784e-07,-0.010380983,0.015140533,0.00983572,-0.0024142845,0.032163803,0.0216092,0.11025,0.05858846,1.0,,,,,,,,,,,,,,,,,,,,,,,,,,,,,,,,,,,,,,,,,,,,
295.0,-0.002926701967457757,0.08560238033533096,0.0001129388838307932,1.0738863945007324,0.0,0.03941772,0.012607383,1.0001127,0.10601108,0.05418172,-2.0877888e-08,-0.009933233,0.014815092,0.009808779,0.10821332,-0.0770444,-0.008075284,0.110625,0.058786295,1.0,,,,,,,,,,,,,,,,,,,,,,,,,,,,,,,,,,,,,,,,,,,,
296.0,-0.002926072503253954,0.08555730432271957,0.0001129388838307932,1.0701954364776611,0.0,0.039861836,0.012834803,1.0001127,0.10658797,0.054581095,4.9510385e-07,-0.009942055,0.014949322,0.009898663,-0.002449806,0.03216224,0.021620251,0.111,0.058984116,1.0,,,,,,,,,,,,,,,,,,,,,,,,,,,,,,,,,,,,,,,,,,,,
297.0,-0.0029258804180343763,0.08550988882780075,0.0001129388838307932,1.0665011405944824,0.0,0.04030838,0.01306389,1.0001127,0.10717014,0.054980833,2.8885972e-07,-0.009494543,0.01462388,0.009871721,0.108189516,-0.077026635,-0.008091669,0.111375,0.059181925,1.0,,,,,,,,,,,,,,,,,,,,,,,,,,,,,,,,,,,,,,,,,,,,
298.0,-0.0029252135749835363,0.0854601114988327,0.0001129388838307932,1.0628032684326172,0.0,0.04075729,0.0132945655,1.0001127,0.10773907,0.055362027,7.1175015e-07,-0.009503603,0.014757872,0.009961605,-0.0024853142,0.032160673,0.021631286,0.11175,0.059379715,1.0,,,,,,,,,,,,,,,,,,,,,,,,,,,,,,,,,,,,,,,,,,,,
299.0,-0.002924984858477774,0.085408054292202,0.0001129388838307932,1.059102177619934,0.0,0.0412086,0.01352683,1.0001127,0.10831327,0.055743594,5.2849845e-07,-0.009056091,0.014432669,0.009934425,0.108165726,-0.07700887,-0.008108039,0.112125,0.05957749,1.0,,,,,,,,,,,,,,,,,,,,,,,,,,,,,,,,,,,,,,,,,,,,
300.0,-0.00292428197688314,0.08535371720790863,0.0001129388838307932,1.0553982257843018,0.0,0.04166224,0.013760608,1.0001127,0.10887423,0.056106627,9.3535317e-07,-0.009065151,0.01456666,0.010024548,-0.002520809,0.032159097,0.021642305,0.1125,0.059775252,1.0,,,,,,,,,,,,,,,,,,,,,,,,,,,,,,,,,,,,,,,,,,,,
301.0,-0.0029240168976496085,0.0852971225976944,0.0001129388838307932,1.0516914129257202,0.0,0.04211824,0.0139959,1.0001127,0.10944048,0.056470044,7.570213e-07,-0.008617878,0.014241457,0.009997129,0.10814195,-0.076991126,-0.008124395,0.112875,0.059973,1.0,,,,,,,,,,,,,,,,,,,,,,,,,,,,,,,,,,,,,,,,,,,,
302.0,-0.0029232774927430458,0.08523829281330109,0.00011298656318103895,1.0479819774627686,0.0,0.042576548,0.014232629,1.0001127,0.10999348,0.05681493,1.1520906e-06,-0.008627176,0.014375448,0.010087013,-0.0025562905,0.03215751,0.021653308,0.11325,0.060170732,1.0,,,,,,,,,,,,,,,,,,,,,,,,,,,,,,,,,,,,,,,,,,,,
303.0,-0.0029229762075018246,0.08517725765705109,0.00011298656318103895,1.0442698001861572,0.0,0.04303718,0.014470796,1.0001127,0.11055178,0.057160214,9.776866e-07,-0.008179903,0.014050245,0.010059595,0.108118184,-0.07697338,-0.008140737,0.113625,0.06036845,1.0,,,,,,,,,,,,,,,,,,,,,,,,,,,,,,,,,,,,,,,,,,,,
304.0,-0.0029222002605759374,0.08511403948068619,0.00011298656318103895,1.0405552387237549,0.0,0.043500084,0.014710326,1.0001127,0.11109684,0.057486977,1.3612133e-06,-0.008189201,0.0141842365,0.010149717,-0.0025917585,0.032155912,0.021664293,0.114,0.06056615,1.0,,,,,,,,,,,,,,,,,,,,,,,,,,,,,,,,,,,,,,,,,,,,
305.0,-0.0029218636997093658,0.08504866063594818,0.00011298656318103895,1.0368385314941406,0.0,0.04396528,0.014951218,1.0001127,0.11164719,0.057814144,1.1906847e-06,-0.0077421665,0.013859034,0.010122061,0.10809444,-0.07695564,-0.008157064,0.114375,0.060763836,1.0,,,,,,,,,,,,,,,,,,,,,,,,,,,,,,,,,,,,,,,,,,,,
306.0,-0.0029210525000976308,0.08498120307922363,0.00011298656318103895,1.0331196784973145,0.0,0.044432715,0.015193396,1.0001127,0.11218431,0.0581228,1.5626919e-06,-0.0077517033,0.013993263,0.010212183,-0.0026272133,0.03215431,0.021675264,0.11475,0.060961507,1.0,,,,,,,,,,,,,,,,,,,,,,,,,,,,,,,,,,,,,,,,,,,,
307.0,-0.002920679689277631,0.08491159230470657,0.00011298656318103895,1.0293986797332764,0.0,0.04490241,0.015436862,1.0001127,0.112726726,0.05843187,1.3960384e-06,-0.0073046684,0.01366806,0.010184288,0.1080707,-0.07693791,-0.008173378,0.115125,0.061159164,1.0,,,,,,,,,,,,,,,,,,,,,,,,,,,,,,,,,,,,,,,,,,,,
308.0,-0.0029198329408337944,0.08483989536762238,0.00011298656318103895,1.025675892829895,0.0,0.045374308,0.015681539,1.0001127,0.11325591,0.05872244,1.756536e-06,-0.0073144436,0.013802052,0.01027441,-0.0026626547,0.032152697,0.02168622,0.1155,0.061356805,1.0,,,,,,,,,,,,,,,,,,,,,,,,,,,,,,,,,,,,,,,,,,,,
309.0,-0.0029194254846775496,0.08476614952087402,0.00011298656318103895,1.0219511985778809,0.0,0.045848437,0.015927428,1.0001127,0.1137904,0.05901343,1.5937601e-06,-0.0068674088,0.013477087,0.010246515,0.10804697,-0.076920174,-0.008189677,0.115875,0.06155443,1.0,,,,,,,,,,,,,,,,,,,,,,,,,,,,,,,,,,,,,,,,,,,,
310.0,-0.0029185438842560876,0.0846903994679451,0.00011298656318103895,1.0182249546051025,0.0,0.046324734,0.016174452,1.0001127,0.114311665,0.059285928,1.942758e-06,-0.006877184,0.013611078,0.0103366375,-0.0026980827,0.032151073,0.02169716,0.11625,0.06175204,1.0,,,,,,,,,,,,,,,,,,,,,,,,,,,,,,,,,,,,,,,,,,,,
311.0,-0.002918237008696133,0.08461262285709381,0.0001130342498072423,1.01449716091156,0.0,0.04680323,0.016422614,1.0001127,0.114838235,0.05955886,1.7838626e-06,-0.0064303875,0.013286114,0.010308504,0.10802326,-0.07690245,-0.008205961,0.116625,0.061949633,1.0,,,,,,,,,,,,,,,,,,,,,,,,,,,,,,,,,,,,,,,,,,,,
312.0,-0.0029174563063304047,0.08453285694122314,0.0001130342498072423,1.0107676982879639,0.0,0.047283858,0.016671836,1.0001127,0.11535158,0.059813306,2.1213702e-06,-0.006440401,0.013420105,0.010398865,-0.0027334974,0.03214944,0.021708082,0.117,0.062147215,1.0,,,,,,,,,,,,,,,,,,,,,,,,,,,,,,,,,,,,,,,,,,,,
313.0,-0.0029171150898371257,0.08445113897323608,0.0001130342498072423,1.0070369243621826,0.0,0.047766652,0.016922122,1.0001127,0.11587024,0.060068198,1.9663573e-06,-0.005993843,0.01309514,0.010370493,0.10799956,-0.07688474,-0.008222233,0.117375,0.06234478,1.0,,,,,,,,,,,,,,,,,,,,,,,,,,,,,,,,,,,,,,,,,,,,
314.0,-0.002916300183345038,0.08436746895313263,0.0001130342498072423,1.0033048391342163,0.0,0.04825155,0.01717339,1.0001127,0.11637567,0.06030461,2.2923848e-06,-0.0060038567,0.013229132,0.010460854,-0.0027688986,0.032147802,0.02171899,0.11775,0.06254233,1.0,,,,,,,,,,,,,,,,,,,,,,,,,,,,,,,,,,,,,,,,,,,,
315.0,-0.0029158221469478118,0.08428187668323517,0.00011305809312034398,0.9995716214179993,0.0,0.048738576,0.017425647,1.0001127,0.11688642,0.060541477,2.1412573e-06,-0.0055572987,0.012904167,0.010432482,0.10797588,-0.07686703,-0.008238489,0.118125,0.06273986,1.0,,,,,,,,,,,,,,,,,,,,,,,,,,,,,,,,,,,,,,,,,,,,
316.0,-0.002914870018440479,0.0841943547129631,0.00011305809312034398,0.9958371520042419,0.0,0.049227677,0.017678812,1.0001128,0.117383964,0.060759876,2.4558142e-06,-0.0055675507,0.013038397,0.010522842,-0.0028042865,0.032146156,0.021729881,0.1185,0.06293737,1.0,,,,,,,,,,,,,,,,,,,,,,,,,,,,,,,,,,,,,,,,,,,,
317.0,-0.0029143585107569837,0.08410502970218658,0.00011305809312034398,0.9921017289161682,0.0,0.04971887,0.01793289,1.0001128,0.11788681,0.060978733,1.9406812e-06,-0.005121231,0.012713432,0.010494232,0.10795221,-0.07684932,-0.008254731,0.118875,0.06313487,1.0,,,,,,,,,,,,,,,,,,,,,,,,,,,,,,,,,,,,,,,,,,,,
318.0,-0.002913372953755379,0.08401380479335785,0.00011305809312034398,0.988365113735199,0.0,0.050212108,0.018187804,1.0001128,0.11837646,0.061179135,2.3301147e-06,-0.0051317215,0.012847424,0.010584593,-0.0028396612,0.032144498,0.021740757,0.11925,0.06333236,1.0,,,,,,,,,,,,,,,,,,,,,,,,,,,,,,,,,,,,,,,,,,,,
319.0,-0.002912827529244851,0.08392073959112167,0.00011305809312034398,0.9846277832984924,0.0,0.050707404,0.018443555,1.0001128,0.11887143,0.061380014,2.166503e-06,-0.004685402,0.012522459,0.010555744,0.107928544,-0.076831624,-0.008270958,0.119625,0.06352983,1.0,,,,,,,,,,,,,,,,,,,,,,,,,,,,,,,,,,,,,,,,,,,,
320.0,-0.0029119628197953264,0.08382588624954224,0.00011310577247058973,0.9808893799781799,0.0,0.05120471,0.018700063,1.0001128,0.11935319,0.061562434,2.4629026e-06,-0.0046958923,0.012656689,0.010646343,-0.0028750224,0.032142833,0.021751618,0.12,0.06372728,1.0,,,,,,,,,,,,,,,,,,,,,,,,,,,,,,,,,,,,,,,,,,,,
321.0,-0.0029115389178678477,0.08372930437326431,0.00011310577247058973,0.9771502017974854,0.0,0.051704045,0.018957336,1.0001128,0.11984028,0.061745342,2.3223301e-06,-0.004556656,0.012331724,0.010617495,0.0342137,-0.077598505,-0.00735439,0.120375,0.06392472,1.0,,,,,,,,,,,,,,,,,,,,,,,,,,,,,,,,,,,,,,,,,,,,
322.0,-0.0029106414010494066,0.08363091945648193,0.00011310577247058973,0.9734101891517639,0.0,0.052205354,0.019215345,1.0001128,0.12031403,0.06192236,2.5475263e-06,-0.004874468,0.012465954,0.010707855,-0.07658438,0.031366784,0.02266113,0.12075,0.06412214,1.0,,,,,,,,,,,,,,,,,,,,,,,,,,,,,,,,,,,,,,,,,,,,
323.0,-0.0029101859687653358,0.08353080600500107,0.00011310577247058973,0.9696692228317261,0.0,0.052708656,0.019474147,1.0001128,0.12079298,0.062112417,2.3654732e-06,-0.0047352314,0.012140989,0.010679007,0.034225043,-0.077594295,-0.0073374757,0.121125,0.06431954,1.0,,,,,,,,,,,,,,,,,,,,,,,,,,,,,,,,,,,,,,,,,,,,
324.0,-0.0029092568551028763,0.08342897891998291,0.00011310577247058973,0.9659275412559509,0.0,0.0532139,0.019733718,1.0001128,0.12125859,0.06229658,2.5988888e-06,-0.0050530434,0.012275219,0.010769606,-0.07658576,0.031369213,0.02263747,0.1215,0.06451694,1.0,,,,,,,,,,,,,,,,,,,,,,,,,,,,,,,,,,,,,,,,,,,,
325.0,-0.002908769182510105,0.08332544565200806,0.00011310577247058973,0.9621850848197937,0.0,0.053721108,0.019994108,1.0001128,0.1217294,0.062493782,2.4136184e-06,-0.004913807,0.011950254,0.010740757,0.03423638,-0.077590086,-0.007320562,0.121875,0.06471431,1.0,,,,,,,,,,,,,,,,,,,,,,,,,,,,,,,,,,,,,,,,,,,,
326.0,-0.0029078092382226715,0.0832202211022377,0.00011310577247058973,0.9584417939186096,0.0,0.054230217,0.020255296,1.0001128,0.12218688,0.06268509,2.646274e-06,-0.005231619,0.012084484,0.010831118,-0.07658715,0.03137164,0.022613812,0.12225,0.06491166,1.0,,,,,,,,,,,,,,,,,,,,,,,,,,,,,,,,,,,,,,,,,,,,
327.0,-0.0029072712872247396,0.08311338722705841,0.0001131296157836914,0.9546977877616882,0.0,0.05474126,0.020517334,1.0001128,0.12264956,0.06288943,2.4598949e-06,-0.0050923824,0.011759758,0.010802269,0.034247704,-0.077585876,-0.007303649,0.122625,0.06510901,1.0,,,,,,,,,,,,,,,,,,,,,,,,,,,,,,,,,,,,,,,,,,,,
328.0,-0.00290626070852918,0.08300484716892242,0.00011317730240989476,0.9509530663490295,0.0,0.05525417,0.0207802,1.0001129,0.12309891,0.063087866,2.6912965e-06,-0.005409956,0.0118534565,0.010892868,-0.07648334,0.021690397,0.022639474,0.123,0.065306336,1.0,,,,,,,,,,,,,,,,,,,,,,,,,,,,,,,,,,,,,,,,,,,,
329.0,-0.0029056923634105257,0.08289473503828049,0.00011317730240989476,0.947207510471344,0.0,0.05576897,0.021043949,1.0001129,0.12355181,0.06329931,2.155611e-06,-0.0052707195,0.011488438,0.010864496,0.03436615,-0.08726308,-0.0072330064,0.123375,0.06550364,1.0,,,,,,,,,,,,,,,,,,,,,,,,,,,,,,,,,,,,,,,,,,,,
330.0,-0.002904651716465787,0.08278299123048782,0.00011317730240989476,0.9434611797332764,0.0,0.056285594,0.02130855,1.0001129,0.123989746,0.06350485,2.4859262e-06,-0.0055885315,0.011582375,0.010954857,-0.07648559,0.021697339,0.022611402,0.12375,0.06570093,1.0,,,,,,,,,,,,,,,,,,,,,,,,,,,,,,,,,,,,,,,,,,,,
331.0,-0.002904052925271026,0.08266967535018921,0.00011317730240989476,0.9397139549255371,0.0,0.056804057,0.021574065,1.0001129,0.12443123,0.06372339,2.2936226e-06,-0.005449295,0.011217117,0.010926485,0.034379043,-0.08725426,-0.007211673,0.124125,0.06589821,1.0,,,,,,,,,,,,,,,,,,,,,,,,,,,,,,,,,,,,,,,,,,,,
332.0,-0.002902983276636678,0.08255481719970703,0.00011322498176014051,0.9359658360481262,0.0,0.057324298,0.021840466,1.0001129,0.124857746,0.06393602,2.5403074e-06,-0.0057668686,0.011311054,0.011017084,-0.07648783,0.021704273,0.022583336,0.1245,0.066095464,1.0,,,,,,,,,,,,,,,,,,,,,,,,,,,,,,,,,,,,,,,,,,,,
333.0,-0.0029023559407188714,0.08243841677904129,0.00011322498176014051,0.9322168827056885,0.0,0.05784633,0.022107806,1.0001129,0.12528782,0.06416164,2.3663317e-06,-0.005627632,0.010946035,0.010988474,0.03439192,-0.08724545,-0.0071903425,0.124875,0.06629271,1.0,,,,,,,,,,,,,,,,,,,,,,,,,,,,,,,,,,,,,,,,,,,,
334.0,-0.002901256969590486,0.08232051134109497,0.00011322498176014051,0.9284668564796448,0.0,0.05837009,0.022376062,1.0001129,0.12570292,0.064381346,2.605679e-06,-0.005945444,0.011039972,0.011079073,-0.07649007,0.021711202,0.022555277,0.12525,0.066489935,1.0,,,,,,,,,,,,,,,,,,,,,,,,,,,,,,,,,,,,,,,,,,,,
335.0,-0.0029006013340534993,0.08220110088586807,0.00011322498176014051,0.9247158169746399,0.0,0.0588956,0.022645287,1.0001129,0.1261216,0.06461406,2.4321266e-06,-0.0058059692,0.010674953,0.011050701,0.03440479,-0.087236635,-0.0071690143,0.125625,0.066687144,1.0,,,,,,,,,,,,,,,,,,,,,,,,,,,,,,,,,,,,,,,,,,,,
336.0,-0.0028994741953479665,0.08208020776510239,0.00011322498176014051,0.9209635853767395,0.0,0.059422787,0.022915456,1.0001129,0.1265253,0.06484084,2.6683397e-06,-0.006123781,0.01076889,0.011141062,-0.076492295,0.021718124,0.022527222,0.126,0.06688434,1.0,,,,,,,,,,,,,,,,,,,,,,,,,,,,,,,,,,,,,,,,,,,,
337.0,-0.002898790345658927,0.0819578617811203,0.00011327266838634387,0.9172104001045227,0.0,0.059951674,0.023186626,1.0001129,0.12693258,0.06508062,2.4942253e-06,-0.0059843063,0.010403872,0.011112928,0.034417644,-0.08722782,-0.0071476884,0.126375,0.06708151,1.0,,,,,,,,,,,,,,,,,,,,,,,,,,,,,,,,,,,,,,,,,,,,
338.0,-0.0028978054956081455,0.08183404803276062,0.00011327266838634387,0.9134557843208313,0.0,0.060482193,0.02345877,1.0001129,0.1273249,0.065314464,2.727538e-06,-0.0063021183,0.010498047,0.011203289,-0.076494515,0.021725038,0.022499174,0.12675,0.06727867,1.0,,,,,,,,,,,,,,,,,,,,,,,,,,,,,,,,,,,,,,,,,,,,
339.0,-0.0028972652842051507,0.08170885592699051,0.00011329651169944555,0.9096999168395996,0.0,0.061014365,0.023731941,1.0001129,0.12772079,0.06556132,2.552808e-06,-0.0061626434,0.010133028,0.011174917,0.034430485,-0.087219,-0.0071263653,0.127125,0.06747581,1.0,,,,,,,,,,,,,,,,,,,,,,,,,,,,,,,,,,,,,,,,,,,,
340.0,-0.0028962545718087315,0.08158228546380997,0.00011329651169944555,0.9059426188468933,0.0,0.06154812,0.024006117,1.000113,0.12810172,0.065802224,2.7832348e-06,-0.0064804554,0.010227203,0.011265516,-0.07649673,0.021731945,0.02247113,0.1275,0.06767294,1.0,,,,,,,,,,,,,,,,,,,,,,,,,,,,,,,,,,,,,,,,,,,,
341.0,-0.0028956877346586678,0.08145423233509064,0.00011329651169944555,0.9021837711334229,0.0,0.06208348,0.02428135,1.000113,0.12848622,0.06605614,2.2399834e-06,-0.0063409805,0.0098621845,0.0112371445,0.034443315,-0.087210186,-0.007105045,0.127875,0.06787005,1.0,,,,,,,,,,,,,,,,,,,,,,,,,,,,,,,,,,,,,,,,,,,,
342.0,-0.0028946498450925905,0.08132480084896088,0.00011329651169944555,0.8984231352806091,0.0,0.06262038,0.024557618,1.000113,0.12885578,0.06630411,2.5538804e-06,-0.0066587925,0.00995636,0.011327505,-0.07649894,0.021738846,0.022443093,0.12825,0.06806714,1.0,,,,,,,,,,,,,,,,,,,,,,,,,,,,,,,,,,,,,,,,,,,,
343.0,-0.0028940565129818427,0.08119398355484009,0.00011329651169944555,0.8946607112884521,0.0,0.06315883,0.024834974,1.000113,0.1292289,0.066565074,2.3576454e-06,-0.0065193176,0.009591341,0.011299372,0.034456134,-0.087201364,-0.007083727,0.128625,0.068264216,1.0,,,,,,,,,,,,,,,,,,,,,,,,,,,,,,,,,,,,,,,,,,,,
344.0,-0.002892993611261136,0.08106181770563126,0.00011329651169944555,0.8908964991569519,0.0,0.063698776,0.02511339,1.000113,0.1295871,0.06682009,2.5870656e-06,-0.006836891,0.009685516,0.011389732,-0.076501146,0.02174574,0.022415062,0.129,0.06846127,1.0,,,,,,,,,,,,,,,,,,,,,,,,,,,,,,,,,,,,,,,,,,,,
345.0,-0.0028923755386183075,0.08092828094959259,0.00011329651169944555,0.8871300220489502,0.0,0.06424023,0.025392924,1.000113,0.12994887,0.06708811,2.409366e-06,-0.0066974163,0.009320736,0.011361599,0.034468938,-0.08719255,-0.0070624114,0.129375,0.068658315,1.0,,,,,,,,,,,,,,,,,,,,,,,,,,,,,,,,,,,,,,,,,,,,
346.0,-0.0028912870432119685,0.0807933658361435,0.00011334419104969129,0.8833614587783813,0.0,0.06478313,0.02567355,1.000113,0.1302957,0.06735018,2.6314112e-06,-0.0070152283,0.009414911,0.01145196,-0.076503344,0.021752626,0.022387037,0.12975,0.06885534,1.0,,,,,,,,,,,,,,,,,,,,,,,,,,,,,,,,,,,,,,,,,,,,
347.0,-0.0028906435714913642,0.08065713942050934,0.00011334419104969129,0.8795903325080872,0.0,0.06532749,0.025955321,1.000113,0.13064611,0.06762524,2.454151e-06,-0.0068757534,0.009050131,0.011423826,0.03448173,-0.08718373,-0.0070410985,0.130125,0.06905234,1.0,,,,,,,,,,,,,,,,,,,,,,,,,,,,,,,,,,,,,,,,,,,,
348.0,-0.002889530634469611,0.08051955699920654,0.00011334419104969129,0.8758167028427124,0.0,0.06587325,0.026238214,1.000113,0.1309816,0.06789435,2.6730706e-06,-0.007193327,0.009144306,0.011514187,-0.076505534,0.021759504,0.022359017,0.1305,0.06924933,1.0,,,,,,,,,,,,,,,,,,,,,,,,,,,,,,,,,,,,,,,,,,,,
349.0,-0.0028888633028435833,0.0803806260228157,0.00011334419104969129,0.8720404505729675,0.0,0.06642041,0.026522284,1.000113,0.13132066,0.06817645,2.495253e-06,-0.007053852,0.008779526,0.011486292,0.03449451,-0.08717491,-0.0070197885,0.130875,0.0694463,1.0,,,,,,,,,,,,,,,,,,,,,,,,,,,,,,,,,,,,,,,,,,,,
350.0,-0.002887725781183326,0.080240398645401,0.00011336803436279297,0.868261456489563,0.0,0.06696894,0.026807502,1.000113,0.13164479,0.06845259,2.7112835e-06,-0.007371664,0.0088739395,0.011576414,-0.076507725,0.021766378,0.022331003,0.13125,0.06964325,1.0,,,,,,,,,,,,,,,,,,,,,,,,,,,,,,,,,,,,,,,,,,,,
351.0,-0.0028868095697093398,0.08009888976812363,0.00011336803436279297,0.8644795417785645,0.0,0.06751882,0.027093926,1.0001131,0.1319725,0.068741724,2.5328545e-06,-0.0072319508,0.008509159,0.011548519,0.03450728,-0.087166086,-0.0069984808,0.131625,0.06984019,1.0,,,,,,,,,,,,,,,,,,,,,,,,,,,,,,,,,,,,,,,,,,,,
352.0,-0.0028854239118604715,0.0799560472369194,0.00011336803436279297,0.860694408416748,0.0,0.06807001,0.02738153,1.0001131,0.1322853,0.06902489,2.3781033e-06,-0.007100582,0.008603573,0.011638641,0.03125429,0.023017813,0.021385936,0.132,0.07003711,1.0,,,,,,,,,,,,,,,,,,,,,,,,,,,,,,,,,,,,,,,,,,,,
353.0,-0.002884484738250922,0.0798119381070137,0.00011341572098899633,0.856905996799469,0.0,0.06862252,0.027670292,1.0001131,0.1326019,0.0693027,2.4198864e-06,-0.006512165,0.008238792,0.011610508,0.1422595,-0.08589138,-0.007943402,0.132375,0.070234016,1.0,,,,,,,,,,,,,,,,,,,,,,,,,,,,,,,,,,,,,,,,,,,,
354.0,-0.0028834921406017656,0.0796666145324707,0.00011341572098899633,0.8531143069267273,0.0,0.06917629,0.027960109,1.0001131,0.1329038,0.06955619,2.699382e-06,-0.006381035,0.008333206,0.011700869,0.03120186,0.0230186,0.021408075,0.13275,0.0704309,1.0,,,,,,,,,,,,,,,,,,,,,,,,,,,,,,,,,,,,,,,,,,,,
355.0,-0.002882488467750272,0.07952000945806503,0.00011341572098899633,0.8493190407752991,0.0,0.069731325,0.02825096,1.0001131,0.13320951,0.069804326,2.6363555e-06,-0.0066256523,0.007968426,0.011672497,-0.05769501,-0.088202454,-0.006304815,0.133125,0.070627764,1.0,,,,,,,,,,,,,,,,,,,,,,,,,,,,,,,,,,,,,,,,,,,,
356.0,-0.0028814732699597246,0.07937218248844147,0.00011341572098899633,0.84552001953125,0.0,0.07028758,0.028542886,1.0001131,0.13350011,0.07006222,2.7076062e-06,-0.0064110756,0.0080628395,0.011762857,0.051232465,0.023276176,0.02125114,0.1335,0.07082461,1.0,,,,,,,,,,,,,,,,,,,,,,,,,,,,,,,,,,,,,,,,,,,,
357.0,-0.002880447192580277,0.07922311127185822,0.00011346340033924207,0.8417170643806458,0.0,0.07084505,0.02883585,1.0001131,0.13379458,0.070311345,2.7171031e-06,-0.006655693,0.0076982975,0.011734486,-0.05769009,-0.08818537,-0.00632129,0.133875,0.071021445,1.0,,,,,,,,,,,,,,,,,,,,,,,,,,,,,,,,,,,,,,,,,,,,
358.0,-0.0028794100973768767,0.07907284796237946,0.00011346340033924207,0.837909996509552,0.0,0.0714037,0.029129893,1.0001131,0.13407396,0.07057022,2.7669737e-06,-0.0064411163,0.0077929497,0.011824846,0.051222987,0.023300782,0.021261122,0.13425,0.07121826,1.0,,,,,,,,,,,,,,,,,,,,,,,,,,,,,,,,,,,,,,,,,,,,
359.0,-0.002878361847501765,0.0789213553071022,0.00011346340033924207,0.8340988159179688,0.0,0.07196351,0.029424977,1.0001131,0.1343572,0.07082034,2.7827593e-06,-0.006685972,0.0074284077,0.011796474,-0.057685178,-0.088168286,-0.006337752,0.134625,0.07141505,1.0,,,,,,,,,,,,,,,,,,,,,,,,,,,,,,,,,,,,,,,,,,,,
360.0,-0.00287730331169123,0.07876867800951004,0.00011346340033924207,0.8302837610244751,0.0,0.07252445,0.029721145,1.0001131,0.13462535,0.0710802,2.8268014e-06,-0.0064713955,0.00752306,0.011886835,0.051213507,0.023325376,0.021271091,0.135,0.07161183,1.0,,,,,,,,,,,,,,,,,,,,,,,,,,,,,,,,,,,,,,,,,,,,
361.0,-0.002876234016561466,0.07861483097076416,0.00011348724365234375,0.8264646530151367,0.0,0.07308653,0.03001836,1.0001131,0.13489738,0.07133131,2.8452266e-06,-0.006716013,0.007158518,0.011858463,-0.057680268,-0.08815122,-0.0063542016,0.135375,0.07180859,1.0,,,,,,,,,,,,,,,,,,,,,,,,,,,,,,,,,,,,,,,,,,,,
362.0,-0.002875154296971505,0.07845980674028397,0.00011348724365234375,0.8226412534713745,0.0,0.07364967,0.03031666,1.0001132,0.13515432,0.07159216,2.8843015e-06,-0.0065014362,0.0072534084,0.011948824,0.051204022,0.02334996,0.021281047,0.13575,0.07200533,1.0,,,,,,,,,,,,,,,,,,,,,,,,,,,,,,,,,,,,,,,,,,,,
363.0,-0.002874180516865181,0.07830360531806946,0.00011348724365234375,0.8188137412071228,0.0,0.0742139,0.03061601,1.0001132,0.13541515,0.07184424,2.537253e-06,-0.006746292,0.006889105,0.011920452,-0.057675358,-0.088134155,-0.006370638,0.136125,0.07220206,1.0,,,,,,,,,,,,,,,,,,,,,,,,,,,,,,,,,,,,,,,,,,,,
364.0,-0.0028728528134985935,0.07814626395702362,0.00011348724365234375,0.8149818181991577,0.0,0.07477915,0.030916452,1.0001132,0.1356609,0.07210608,2.657779e-06,-0.0065317154,0.0069839954,0.012010574,0.051194537,0.023374531,0.021290991,0.1365,0.07239876,1.0,,,,,,,,,,,,,,,,,,,,,,,,,,,,,,,,,,,,,,,,,,,,
365.0,-0.0028720833317940563,0.07798779755830765,0.00011348724365234375,0.8111454248428345,0.0,0.07534545,0.03121795,1.0001132,0.13591054,0.07235916,2.6607968e-06,-0.006776333,0.006619692,0.011982441,-0.057670448,-0.0881171,-0.006387062,0.136875,0.07259545,1.0,,,,,,,,,,,,,,,,,,,,,,,,,,,,,,,,,,,,,,,,,,,,
366.0,-0.0028705603358179363,0.07782818377017975,0.00011348724365234375,0.8073044419288635,0.0,0.07591272,0.03152054,1.0001132,0.13614511,0.07262198,2.6948057e-06,-0.0065619946,0.0067145824,0.012072563,0.051185053,0.02339909,0.021300925,0.13725,0.07279212,1.0,,,,,,,,,,,,,,,,,,,,,,,,,,,,,,,,,,,,,,,,,,,,
367.0,-0.002869946073092251,0.0776674747467041,0.00011348724365234375,0.8034588098526001,0.0,0.076480985,0.03182419,1.0001132,0.13638358,0.07287604,2.7194092e-06,-0.006806612,0.006350279,0.012044191,-0.05766554,-0.08810005,-0.0064034727,0.137625,0.07298877,1.0,,,,,,,,,,,,,,,,,,,,,,,,,,,,,,,,,,,,,,,,,,,,
368.0,-0.0028801523380495397,0.0775056704878807,0.00011353493027854711,0.7996084094047546,0.0,0.07705018,0.03212894,1.0001132,0.13660698,0.073139854,2.7440155e-06,-0.0065922737,0.006445408,0.012134552,0.05117557,0.02342364,0.021310845,0.138,0.0731854,1.0,,,,,,,,,,,,,,,,,,,,,,,,,,,,,,,,,,,,,,,,,,,,
369.0,-0.002995176100519713,0.07734282314777374,0.00011353493027854711,0.7957531809806824,0.0,0.07762032,0.03243475,1.0001132,0.13683428,0.0733949,2.772104e-06,-0.006836891,0.0060813427,0.01210618,-0.057660636,-0.088083014,-0.006419871,0.138375,0.07338202,1.0,,,,,,,,,,,,,,,,,,,,,,,,,,,,,,,,,,,,,,,,,,,,
370.0,-0.0031094246508668235,0.07717885822057724,0.00011353493027854711,0.7918928861618042,0.0,0.07819135,0.032741666,1.0001132,0.13704652,0.073659696,2.791561e-06,-0.006622553,0.0061764717,0.012196302,0.05116608,0.023448179,0.021320753,0.13875,0.07357861,1.0,,,,,,,,,,,,,,,,,,,,,,,,,,,,,,,,,,,,,,,,,,,,
371.0,-0.0032247270840997785,0.07701390981674194,0.00011360645294189453,0.7880277633666992,0.0,0.07876328,0.03304965,1.0001132,0.13726267,0.07391573,2.8221373e-06,-0.0068674088,0.0058124065,0.012168169,-0.057655733,-0.08806599,-0.0064362567,0.139125,0.073775195,1.0,,,,,,,,,,,,,,,,,,,,,,,,,,,,,,,,,,,,,,,,,,,,
372.0,-0.003339258534252078,0.0768478736281395,0.00011360645294189453,0.7841574549674988,0.0,0.07933604,0.033358738,1.0001134,0.13746376,0.07418151,2.8366835e-06,-0.0066530704,0.0059075356,0.012258291,0.05115659,0.023472706,0.021330647,0.1395,0.07397175,1.0,,,,,,,,,,,,,,,,,,,,,,,,,,,,,,,,,,,,,,,,,,,,
373.0,-0.0034548478868037837,0.07668088376522064,0.00011360645294189453,0.780282199382782,0.0,0.07990966,0.033668898,1.0001134,0.13766877,0.07443853,2.5017775e-06,-0.006897688,0.005543709,0.012229919,-0.05765083,-0.088048965,-0.0064526293,0.139875,0.074168295,1.0,,,,,,,,,,,,,,,,,,,,,,,,,,,,,,,,,,,,,,,,,,,,
374.0,-0.0035696696353537866,0.07651281356811523,0.00011360645294189453,0.7764016389846802,0.0,0.08048408,0.033980172,1.0001134,0.13785875,0.074705295,2.5978022e-06,-0.0066833496,0.0056390762,0.012320042,0.0511471,0.02349722,0.021340532,0.14025,0.07436481,1.0,,,,,,,,,,,,,,,,,,,,,,,,,,,,,,,,,,,,,,,,,,,,
375.0,-0.0036855536529404173,0.07634380459785461,0.00011360645294189453,0.7725160121917725,0.0,0.08105929,0.03429252,1.0001134,0.13805264,0.0749633,2.6129653e-06,-0.006927967,0.0052752495,0.01229167,-0.05764593,-0.088031955,-0.006468989,0.140625,0.07456132,1.0,,,,,,,,,,,,,,,,,,,,,,,,,,,,,,,,,,,,,,,,,,,,
376.0,-0.003800668580680942,0.0761738196015358,0.00011360645294189453,0.7686251401901245,0.0,0.08163526,0.03460598,1.0001134,0.13823149,0.07523105,2.6224893e-06,-0.006713867,0.005370617,0.012381792,0.051137608,0.023521725,0.021350402,0.141,0.07475781,1.0,,,,,,,,,,,,,,,,,,,,,,,,,,,,,,,,,,,,,,,,,,,,
377.0,-0.003917231451355202,0.07600285857915878,0.00011360645294189453,0.7647290229797363,0.0,0.082211986,0.034920525,1.0001134,0.13841426,0.07549004,2.6592431e-06,-0.0069584846,0.00500679,0.012353659,-0.057641033,-0.08801495,-0.006485336,0.141375,0.07495427,1.0,,,,,,,,,,,,,,,,,,,,,,,,,,,,,,,,,,,,,,,,,,,,
378.0,-0.004033171740637955,0.07583098858594894,0.00011360645294189453,0.7608276009559631,0.0,0.082789406,0.035236184,1.0001134,0.138582,0.07575878,2.6593839e-06,-0.0067441463,0.005102396,0.0124435425,0.051128116,0.023546217,0.021360261,0.14175,0.07515072,1.0,,,,,,,,,,,,,,,,,,,,,,,,,,,,,,,,,,,,,,,,,,,,
379.0,-0.004150178415592929,0.07565818727016449,0.00011360645294189453,0.756921112537384,0.0,0.08336755,0.03555293,1.0001134,0.1387537,0.07601876,2.6996258e-06,-0.006989002,0.0047385693,0.012415409,-0.057636134,-0.08799796,-0.0065016705,0.142125,0.07534715,1.0,,,,,,,,,,,,,,,,,,,,,,,,,,,,,,,,,,,,,,,,,,,,
380.0,-0.004266329546602266,0.07548445463180542,0.00011360645294189453,0.7530093789100647,0.0,0.08394634,0.035870798,1.0001134,0.13891034,0.07628848,2.6946375e-06,-0.006774664,0.004834175,0.012505293,0.051118623,0.0235707,0.021370107,0.1425,0.07554356,1.0,,,,,,,,,,,,,,,,,,,,,,,,,,,,,,,,,,,,,,,,,,,,
381.0,-0.00438355215401689,0.07530985027551651,0.00011360645294189453,0.7490924000740051,0.0,0.0845258,0.036189754,1.0001134,0.13907094,0.07654944,2.7373696e-06,-0.0068337917,0.004470587,0.0124771595,-0.013077064,-0.08742378,-0.006733395,0.142875,0.07573995,1.0,,,,,,,,,,,,,,,,,,,,,,,,,,,,,,,,,,,,,,,,,,,,
382.0,-0.004500008517195421,0.07513435930013657,0.00011367797560524195,0.7451702952384949,0.0,0.08510587,0.03650981,1.0001134,0.1392166,0.07681256,2.780056e-06,-0.006433964,0.0045661926,0.012567043,0.09565317,0.024145443,0.02118503,0.14325,0.075936325,1.0,,,,,,,,,,,,,,,,,,,,,,,,,,,,,,,,,,,,,,,,,,,,
383.0,-0.004617532749583917,0.07495798915624619,0.00011367797560524195,0.7412430644035339,0.0,0.085686564,0.036830887,1.0001135,0.13936633,0.07705933,2.8607842e-06,-0.0064930916,0.0042028427,0.0125386715,-0.013093314,-0.08739992,-0.0067702797,0.143625,0.07613268,1.0,,,,,,,,,,,,,,,,,,,,,,,,,,,,,,,,,,,,,,,,,,,,
384.0,-0.004734285300677495,0.07478081434965134,0.00011367797560524195,0.7373108863830566,0.0,0.08626782,0.037153006,1.0001135,0.13950111,0.07730826,2.5234299e-06,-0.006093502,0.0042984486,0.012628794,0.09562285,0.02416622,0.02121518,0.144,0.07632901,1.0,,,,,,,,,,,,,,,,,,,,,,,,,,,,,,,,,,,,,,,,,,,,
385.0,-0.0048521027677728866,0.07460281997919083,0.00011367797560524195,0.7333737015724182,0.0,0.08684965,0.037476093,1.0001135,0.13963996,0.07754086,2.6888197e-06,-0.00615263,0.0039350986,0.0126001835,-0.013109551,-0.08737606,-0.0068071377,0.144375,0.07652532,1.0,,,,,,,,,,,,,,,,,,,,,,,,,,,,,,,,,,,,,,,,,,,,
386.0,-0.004969142865487995,0.07442399859428406,0.00011372566223144531,0.7294317483901978,0.0,0.087432005,0.037800156,1.0001135,0.13976389,0.07777563,2.6963132e-06,-0.0057530403,0.004030943,0.012690306,0.095592536,0.024186976,0.021245308,0.14475,0.07672162,1.0,,,,,,,,,,,,,,,,,,,,,,,,,,,,,,,,,,,,,,,,,,,,
387.0,-0.005087241510041533,0.07424444705247879,0.00011372566223144531,0.7254850268363953,0.0,0.088014886,0.03812513,1.0001135,0.13989188,0.07799406,2.7761882e-06,-0.0058124065,0.003667593,0.012661457,-0.013125774,-0.08735221,-0.006843969,0.145125,0.0769179,1.0,,,,,,,,,,,,,,,,,,,,,,,,,,,,,,,,,,,,,,,,,,,,
388.0,-0.005204557115860554,0.07406409084796906,0.00011372566223144531,0.7215337157249451,0.0,0.088598244,0.038451027,1.0001135,0.14000496,0.078214675,2.8005709e-06,-0.0054130554,0.0037634373,0.012751579,0.09556222,0.024207707,0.021275418,0.1455,0.07711416,1.0,,,,,,,,,,,,,,,,,,,,,,,,,,,,,,,,,,,,,,,,,,,,
389.0,-0.005322923199783328,0.07388297468423843,0.00011372566223144531,0.7175778746604919,0.0,0.08918209,0.038777772,1.0001135,0.14012212,0.07841897,2.871934e-06,-0.0054724216,0.0034003258,0.012722731,-0.013141985,-0.08732835,-0.006880774,0.145875,0.0773104,1.0,,,,,,,,,,,,,,,,,,,,,,,,,,,,,,,,,,,,,,,,,,,,
390.0,-0.005440726153465222,0.0737011581659317,0.00011372566223144531,0.7136176228523254,0.0,0.08976635,0.039105378,1.0001135,0.14022437,0.07862545,2.895134e-06,-0.0050730705,0.00349617,0.012812853,0.09553191,0.024228415,0.021305507,0.14625,0.07750662,1.0,,,,,,,,,,,,,,,,,,,,,,,,,,,,,,,,,,,,,,,,,,,,
391.0,-0.005558997143839771,0.07351861894130707,0.00011372566223144531,0.7096533179283142,0.0,0.09035106,0.039433777,1.0001135,0.14033069,0.07881562,2.9622358e-06,-0.0051324368,0.0031330585,0.012784004,-0.013158183,-0.0873045,-0.006917553,0.146625,0.07770281,1.0,,,,,,,,,,,,,,,,,,,,,,,,,,,,,,,,,,,,,,,,,,,,
392.0,-0.005677389486003996,0.07333537936210632,0.00011374950554454699,0.7056849002838135,0.0,0.090936154,0.039762978,1.0001135,0.14042212,0.07900797,2.983262e-06,-0.004733324,0.0032291412,0.012874126,0.09550161,0.024249097,0.021335576,0.147,0.077898994,1.0,,,,,,,,,,,,,,,,,,,,,,,,,,,,,,,,,,,,,,,,,,,,
393.0,-0.005795889247120978,0.07315149158239365,0.00011374950554454699,0.7017127871513367,0.0,0.09152164,0.04009291,1.0001136,0.14051764,0.07918401,3.046343e-06,-0.0047929287,0.0028660297,0.012845039,-0.013174367,-0.08728065,-0.0069543053,0.147375,0.07809515,1.0,,,,,,,,,,,,,,,,,,,,,,,,,,,,,,,,,,,,,,,,,,,,
394.0,-0.005914494484044008,0.07296688854694366,0.00011374950554454699,0.6977370977401733,0.0,0.09210747,0.040423587,1.0001136,0.14059827,0.07936226,2.6972214e-06,-0.004393816,0.0029621124,0.012935162,0.09547131,0.024269758,0.021365624,0.14775,0.0782913,1.0,,,,,,,,,,,,,,,,,,,,,,,,,,,,,,,,,,,,,,,,,,,,
395.0,-0.0060331942137569075,0.07278162986040115,0.00011374950554454699,0.6937581300735474,0.0,0.09269365,0.040754937,1.0001136,0.140683,0.079524204,2.8426855e-06,-0.0044534206,0.0025992393,0.012905836,-0.013190539,-0.087256804,-0.0069910316,0.148125,0.07848742,1.0,,,,,,,,,,,,,,,,,,,,,,,,,,,,,,,,,,,,,,,,,,,,
396.0,-0.006151981600769252,0.07259571552276611,0.00011374950554454699,0.6897761821746826,0.0,0.09328012,0.04108697,1.0001136,0.14075284,0.079688355,2.8389845e-06,-0.0040545464,0.002695322,0.012995958,0.095441006,0.024290394,0.021395652,0.1485,0.07868352,1.0,,,,,,,,,,,,,,,,,,,,,,,,,,,,,,,,,,,,,,,,,,,,
397.0,-0.006270847099383176,0.07240916043519974,0.00011374950554454699,0.6857914924621582,0.0,0.0938669,0.04141962,1.0001136,0.14082678,0.07983621,2.8988306e-06,-0.0041143894,0.0023326874,0.012966633,-0.013206697,-0.08723296,-0.007027731,0.148875,0.0788796,1.0,,,,,,,,,,,,,,,,,,,,,,,,,,,,,,,,,,,,,,,,,,,,
398.0,-0.006389787159962364,0.07222199440002441,0.00011374950554454699,0.6818042397499084,0.0,0.09445392,0.0417529,1.0001136,0.14088584,0.07998628,2.912078e-06,-0.0037155151,0.00242877,0.013056755,0.09541072,0.024311008,0.021425659,0.14925,0.079075664,1.0,,,,,,,,,,,,,,,,,,,,,,,,,,,,,,,,,,,,,,,,,,,,
399.0,-0.006508784676372672,0.07203418761491776,0.00011374950554454699,0.6778149604797363,0.0,0.09504121,0.04208673,1.0001136,0.14094901,0.08012007,2.9634357e-06,-0.0037753582,0.0020661354,0.013027191,-0.0132228425,-0.08720912,-0.007064404,0.149625,0.07927171,1.0,,,,,,,,,,,,,,,,,,,,,,,,,,,,,,,,,,,,,,,,,,,,
400.0,-0.006627834359380723,0.07184575498104095,0.00011379718489479274,0.6738238334655762,0.0,0.0956287,0.042421132,1.0001136,0.14099732,0.080256075,2.9755286e-06,-0.003376484,0.002162218,0.013117552,0.095380425,0.024331598,0.021455647,0.15,0.07946773,1.0,,,,,,,,,,,,,,,,,,,,,,,,,,,,,,,,,,,,,,,,,,,,
401.0,-0.006746925446185198,0.0716567412018776,0.0001138448715209961,0.6698312163352966,0.0,0.0962164,0.042756032,1.0001136,0.14104974,0.08037581,3.0226558e-06,-0.0034365654,0.0017998219,0.0130877495,-0.013238975,-0.08718528,-0.007101051,0.150375,0.07966374,1.0,,,,,,,,,,,,,,,,,,,,,,,,,,,,,,,,,,,,,,,,,,,,
402.0,-0.006866047457797506,0.07146713137626648,0.00011386871483409777,0.6658374667167664,0.0,0.09680427,0.04309144,1.0001136,0.14108731,0.080497764,3.0326016e-06,-0.0030379295,0.0018959045,0.01317811,0.09535015,0.024352163,0.021485616,0.15075,0.07985972,1.0,,,,,,,,,,,,,,,,,,,,,,,,,,,,,,,,,,,,,,,,,,,,
403.0,-0.006985185083754369,0.0712769627571106,0.00011386871483409777,0.6618430614471436,0.0,0.097392306,0.04342729,1.0001137,0.141129,0.08060346,3.0757387e-06,-0.003098011,0.0015335083,0.013148308,-0.013255095,-0.08716144,-0.007137671,0.151125,0.080055684,1.0,,,,,,,,,,,,,,,,,,,,,,,,,,,,,,,,,,,,,,,,,,,,
404.0,-0.007104332163122491,0.07108622044324875,0.00011386871483409777,0.6578482389450073,0.0,0.097980455,0.043763585,1.0001137,0.14115584,0.08071137,2.7155597e-06,-0.0026993752,0.0016298294,0.01323843,0.09531986,0.024372706,0.021515563,0.1515,0.08025163,1.0,,,,,,,,,,,,,,,,,,,,,,,,,,,,,,,,,,,,,,,,,,,,
405.0,-0.007223475041068743,0.07089491188526154,0.00011386871483409777,0.6538534164428711,0.0,0.09856874,0.044100266,1.0001137,0.1411868,0.08080304,2.8411166e-06,-0.0027594566,0.0012676716,0.013208389,-0.013271201,-0.0871376,-0.0071742656,0.151875,0.08044755,1.0,,,,,,,,,,,,,,,,,,,,,,,,,,,,,,,,,,,,,,,,,,,,
406.0,-0.007343081837403407,0.07070305198431015,0.00011386871483409777,0.6498592495918274,0.0,0.09915708,0.044437334,1.0001137,0.14120291,0.08089694,2.8263855e-06,-0.0023610592,0.0013639927,0.01329875,0.09528959,0.024393225,0.02154549,0.15225,0.08064345,1.0,,,,,,,,,,,,,,,,,,,,,,,,,,,,,,,,,,,,,,,,,,,,
407.0,-0.007462002129323084,0.07051067054271698,0.00011386871483409777,0.6458659768104553,0.0,0.09974551,0.04477473,1.0001137,0.14122318,0.08097459,2.8663508e-06,-0.002421379,0.0010015965,0.013268709,-0.013287296,-0.08711377,-0.0072108335,0.152625,0.080839336,1.0,,,,,,,,,,,,,,,,,,,,,,,,,,,,,,,,,,,,,,,,,,,,
408.0,-0.007581795656755095,0.07031778991222382,0.00011386871483409777,0.6418740749359131,0.0,0.10033397,0.045112457,1.0001137,0.14122859,0.08105447,2.8685963e-06,-0.00202322,0.001098156,0.01335907,0.095259316,0.024413722,0.021575399,0.153,0.0810352,1.0,,,,,,,,,,,,,,,,,,,,,,,,,,,,,,,,,,,,,,,,,,,,
409.0,-0.007700609844112661,0.07012439519166946,0.00011386871483409777,0.6378840804100037,0.0,0.10092246,0.04545045,1.0001137,0.14123815,0.08111813,2.900104e-06,-0.0020833015,0.00073599815,0.013328791,-0.013303377,-0.08708994,-0.007247375,0.153375,0.08123104,1.0,,,,,,,,,,,,,,,,,,,,,,,,,,,,,,,,,,,,,,,,,,,,
410.0,-0.007820268567744645,0.06993050873279572,0.00011386871483409777,0.6338964104652405,0.0,0.10151093,0.045788717,1.0001137,0.14123288,0.08118402,2.9012213e-06,-0.0016853809,0.0008325577,0.013419151,0.095229045,0.024434194,0.021605285,0.15375,0.08142687,1.0,,,,,,,,,,,,,,,,,,,,,,,,,,,,,,,,,,,,,,,,,,,,
411.0,-0.007938915168713359,0.06973611563444138,0.00011386871483409777,0.6299117207527161,0.0,0.10209939,0.04612719,1.0001137,0.14123178,0.081233695,2.9285288e-06,-0.0017457008,0.00047063828,0.013388634,-0.013319445,-0.087066114,-0.00728389,0.154125,0.08162267,1.0,,,,,,,,,,,,,,,,,,,,,,,,,,,,,,,,,,,,,,,,,,,,
412.0,-0.008058376409028825,0.06954123079776764,0.00011389255814719945,0.6259303092956543,0.0,0.10268779,0.046465877,1.0001137,0.14121583,0.08128562,2.9275254e-06,-0.0013475418,0.0005671978,0.013478994,0.09519878,0.024454644,0.021635152,0.1545,0.08181845,1.0,,,,,,,,,,,,,,,,,,,,,,,,,,,,,,,,,,,,,,,,,,,,
413.0,-0.008176793016811281,0.06934590637683868,0.00011389255814719945,0.621953010559082,0.0,0.10327614,0.04680472,1.0001138,0.14120406,0.081321314,2.950874e-06,-0.0014081001,0.0002052784,0.013448477,-0.013335501,-0.08704229,-0.007320379,0.154875,0.08201421,1.0,,,,,,,,,,,,,,,,,,,,,,,,,,,,,,,,,,,,,,,,,,,,
414.0,-0.008296048523511493,0.06915012747049332,0.00011389255814719945,0.6179801821708679,0.0,0.10386438,0.047143713,1.0001138,0.14117746,0.081359275,2.5797701e-06,-0.0010101795,0.00030183792,0.013538837,0.095168516,0.02447507,0.021665,0.15525,0.08220995,1.0,,,,,,,,,,,,,,,,,,,,,,,,,,,,,,,,,,,,,,,,,,,,
415.0,-0.008414109605332854,0.06895392388105392,0.00011389255814719945,0.6140124201774597,0.0,0.10445253,0.047482803,1.0001138,0.14115502,0.081381015,2.6855714e-06,-0.0010707378,-6.0081482e-05,0.01350832,-0.013351543,-0.08701846,-0.0073568416,0.155625,0.08240567,1.0,,,,,,,,,,,,,,,,,,,,,,,,,,,,,,,,,,,,,,,,,,,,
416.0,-0.008533297812821184,0.06875725835561752,0.0001139402374974452,0.61005038022995,0.0,0.10504052,0.04782199,1.0001138,0.14111778,0.08140503,2.6599425e-06,-0.00067305565,3.671646e-05,0.0135986805,0.09513827,0.024495473,0.021694828,0.156,0.08260137,1.0,,,,,,,,,,,,,,,,,,,,,,,,,,,,,,,,,,,,,,,,,,,,
417.0,-0.00865095155020754,0.06856022775173187,0.0001139402374974452,0.6060946583747864,0.0,0.10562837,0.04816121,1.0001138,0.14108472,0.08141283,2.6801808e-06,-0.00073361397,-0.00032496452,0.0135679245,-0.013367573,-0.08699464,-0.0073932777,0.156375,0.08279705,1.0,,,,,,,,,,,,,,,,,,,,,,,,,,,,,,,,,,,,,,,,,,,,
418.0,-0.008769769196445487,0.06836273521184921,0.0001139402374974452,0.6021458506584167,0.0,0.10621602,0.04850047,1.0001138,0.14103685,0.08142291,2.6715556e-06,-0.00033593178,-0.00022816658,0.013658285,0.09510801,0.024515852,0.021724634,0.15675,0.0829927,1.0,,,,,,,,,,,,,,,,,,,,,,,,,,,,,,,,,,,,,,,,,,,,
419.0,-0.008886979388268813,0.06816484779119492,0.0001139402374974452,0.5982046127319336,0.0,0.10680349,0.048839707,1.0001138,0.14099316,0.081416786,2.6833663e-06,-0.00039672852,-0.00058984756,0.013627291,-0.013383591,-0.08697082,-0.0074296882,0.157125,0.08318834,1.0,,,,,,,,,,,,,,,,,,,,,,,,,,,,,,,,,,,,,,,,,,,,
420.0,-0.009005312224678349,0.06796662509441376,0.0001139402374974452,0.5942716002464294,0.0,0.107390724,0.049178928,1.0001138,0.14093469,0.08141295,2.6736388e-06,9.536743e-07,-0.0004930496,0.013717651,0.09507776,0.02453621,0.021754421,0.1575,0.08338396,1.0,,,,,,,,,,,,,,,,,,,,,,,,,,,,,,,,,,,,,,,,,,,,
421.0,-0.009122142040737528,0.06776801496744156,0.0001139402374974452,0.5903474688529968,0.0,0.107977726,0.049518067,1.0001138,0.14088039,0.081392914,2.6812809e-06,-5.9843063e-05,-0.0008544922,0.013686657,-0.013399594,-0.086947,-0.007466072,0.157875,0.083579555,1.0,,,,,,,,,,,,,,,,,,,,,,,,,,,,,,,,,,,,,,,,,,,,
422.0,-0.009239655195586602,0.06756903976202011,0.00011396408081054688,0.5864329934120178,0.0,0.10856444,0.04985713,1.0001138,0.14081131,0.08137517,2.6694581e-06,0.0003373623,-0.00075769424,0.013777018,0.09504752,0.024556544,0.021784186,0.15825,0.08377513,1.0,,,,,,,,,,,,,,,,,,,,,,,,,,,,,,,,,,,,,,,,,,,,
423.0,-0.009355935025136207,0.06736975908279419,0.00011396408081054688,0.582528829574585,0.0,0.10915088,0.05019605,1.000114,0.14074643,0.08134124,2.6731716e-06,0.00027656555,-0.0011188984,0.013745785,-0.013415586,-0.08692319,-0.0075024297,0.158625,0.08397068,1.0,,,,,,,,,,,,,,,,,,,,,,,,,,,,,,,,,,,,,,,,,,,,
424.0,-0.009472795756793495,0.06717019528150558,0.00011396408081054688,0.5786357522010803,0.0,0.109736994,0.05053484,1.000114,0.14066677,0.0813096,2.291274e-06,0.0006737709,-0.0010221004,0.013836384,0.095017284,0.024576854,0.021813935,0.159,0.084166214,1.0,,,,,,,,,,,,,,,,,,,,,,,,,,,,,,,,,,,,,,,,,,,,
425.0,-0.009588377395521458,0.0669703260064125,0.00011396408081054688,0.574754536151886,0.0,0.11032279,0.050873432,1.000114,0.14059131,0.08126179,2.3774714e-06,0.00061297417,-0.0013833046,0.013804913,-0.013431565,-0.08689938,-0.007538761,0.159375,0.08436173,1.0,,,,,,,,,,,,,,,,,,,,,,,,,,,,,,,,,,,,,,,,,,,,
426.0,-0.009704492597902575,0.06677022576332092,0.00011401176743675023,0.570885956287384,0.0,0.11090821,0.051211834,1.000114,0.14050107,0.08121628,2.3410746e-06,0.0010101795,-0.0012862682,0.013895512,0.09498704,0.024597142,0.02184366,0.15975,0.08455722,1.0,,,,,,,,,,,,,,,,,,,,,,,,,,,,,,,,,,,,,,,,,,,,
427.0,-0.009819282792862942,0.06656986474990845,0.00011401176743675023,0.5670307874679565,0.0,0.111493275,0.05154998,1.000114,0.14041504,0.0811546,2.3417394e-06,0.00094914436,-0.0016474724,0.01386404,-0.0134475315,-0.086875565,-0.0075750668,0.160125,0.08475269,1.0,,,,,,,,,,,,,,,,,,,,,,,,,,,,,,,,,,,,,,,,,,,,
428.0,-0.009934306080296667,0.06636933982372284,0.00011401176743675023,0.5631898045539856,0.0,0.112077914,0.051887874,1.000114,0.14031425,0.08109523,2.3223718e-06,0.0013461113,-0.001550436,0.013954639,0.094956815,0.024617406,0.021873366,0.1605,0.08494814,1.0,,,,,,,,,,,,,,,,,,,,,,,,,,,,,,,,,,,,,,,,,,,,
429.0,-0.010047958588219628,0.06616858392953873,0.00011401176743675023,0.5593637824058533,0.0,0.11266216,0.052225456,1.000114,0.14021768,0.0810197,2.3146395e-06,0.0012848377,-0.0019114017,0.01392293,-0.013463485,-0.08685176,-0.0076113455,0.160875,0.085143566,1.0,,,,,,,,,,,,,,,,,,,,,,,,,,,,,,,,,,,,,,,,,,,,
430.0,-0.01016204818037477,0.06596765667200089,0.00011401176743675023,0.5555536150932312,0.0,0.113245934,0.052562732,1.000114,0.14010634,0.08094648,2.2941958e-06,0.0016818047,-0.0018143654,0.014013529,0.09492659,0.024637647,0.021903053,0.16125,0.08533897,1.0,,,,,,,,,,,,,,,,,,,,,,,,,,,,,,,,,,,,,,,,,,,,
431.0,-0.01027471409465361,0.0657665878534317,0.00011401176743675023,0.551760196685791,0.0,0.11382926,0.052899636,1.000114,0.13999924,0.080857106,2.2823249e-06,0.0016205311,-0.002175331,0.013981819,-0.013479426,-0.086827956,-0.0076475986,0.161625,0.08553436,1.0,,,,,,,,,,,,,,,,,,,,,,,,,,,,,,,,,,,,,,,,,,,,
432.0,-0.010387080471141964,0.065565325319767,0.00011401176743675023,0.54798424243927,0.0,0.114412084,0.05323618,1.000114,0.13987738,0.08077006,2.2598115e-06,0.002017498,-0.0020780563,0.01407218,0.09489637,0.024657864,0.02193272,0.162,0.08572972,1.0,,,,,,,,,,,,,,,,,,,,,,,,,,,,,,,,,,,,,,,,,,,,
433.0,-0.010498887222215493,0.06536392867565155,0.00011401176743675023,0.5442267656326294,0.0,0.11499442,0.05357229,1.000114,0.13975975,0.08066686,2.2440427e-06,0.0019562244,-0.002439022,0.01404047,-0.013495354,-0.08680415,-0.0076838257,0.162375,0.08592506,1.0,,,,,,,,,,,,,,,,,,,,,,,,,,,,,,,,,,,,,,,,,,,,
434.0,-0.010610118458118451,0.06516239792108536,0.00011401176743675023,0.5404883623123169,0.0,0.1155762,0.053907983,1.000114,0.13962737,0.080566,2.2194097e-06,0.0023527145,-0.0023417473,0.014130831,0.09486615,0.02467806,0.021962365,0.16275,0.08612038,1.0,,,,,,,,,,,,,,,,,,,,,,,,,,,,,,,,,,,,,,,,,,,,
435.0,-0.010720741464971071,0.06496080011129379,0.00011408329010009766,0.5367701053619385,0.0,0.11615744,0.05424319,1.000114,0.13949925,0.08044899,2.1997616e-06,0.002291441,-0.0027024746,0.014098883,-0.013511269,-0.086780354,-0.007720026,0.163125,0.08631568,1.0,,,,,,,,,,,,,,,,,,,,,,,,,,,,,,,,,,,,,,,,,,,,
436.0,-0.010830735014836683,0.06475909799337387,0.00011408329010009766,0.5330727100372314,0.0,0.116738096,0.054577913,1.0001141,0.13935636,0.08033432,2.1730114e-06,0.002687931,-0.0026051998,0.014189482,0.09483593,0.024698233,0.02199199,0.1635,0.08651096,1.0,,,,,,,,,,,,,,,,,,,,,,,,,,,,,,,,,,,,,,,,,,,,
437.0,-0.010940070290589212,0.06455735862255096,0.00011408329010009766,0.5293971300125122,0.0,0.11731817,0.054912094,1.0001141,0.13921775,0.080203526,1.7815636e-06,0.002626419,-0.0029659271,0.014157295,-0.013527173,-0.08675656,-0.0077562006,0.163875,0.08670621,1.0,,,,,,,,,,,,,,,,,,,,,,,,,,,,,,,,,,,,,,,,,,,,
438.0,-0.011048721572696379,0.0643555298447609,0.00011408329010009766,0.5257442593574524,0.0,0.11789761,0.055245742,1.0001141,0.13906439,0.08007506,1.8390903e-06,0.0030229092,-0.002868414,0.014247894,0.094805725,0.024718381,0.022021597,0.16425,0.08690145,1.0,,,,,,,,,,,,,,,,,,,,,,,,,,,,,,,,,,,,,,,,,,,,
439.0,-0.011156659494415728,0.06415373086929321,0.00011408329010009766,0.5221150517463684,0.0,0.11847642,0.055578783,1.0001141,0.13891529,0.079930484,1.7914194e-06,0.0029613972,-0.0032291412,0.014215708,-0.013543063,-0.08673276,-0.0077923494,0.164625,0.08709666,1.0,,,,,,,,,,,,,,,,,,,,,,,,,,,,,,,,,,,,,,,,,,,,
440.0,-0.011263813320066767,0.06395186483860016,0.00011408329010009766,0.5185103416442871,0.0,0.11905455,0.055911236,1.0001141,0.13875145,0.07978825,1.7652117e-06,0.0033576488,-0.003131628,0.014306307,0.09477552,0.02473851,0.022051184,0.165,0.08729185,1.0,,,,,,,,,,,,,,,,,,,,,,,,,,,,,,,,,,,,,,,,,,,,
441.0,-0.011370205471993543,0.06375004351139069,0.00011408329010009766,0.5149309039115906,0.0,0.11963202,0.05624303,1.0001141,0.13859189,0.079629906,1.7328465e-06,0.0032961369,-0.003492117,0.014273882,-0.013558941,-0.08670897,-0.007828471,0.165375,0.08748702,1.0,,,,,,,,,,,,,,,,,,,,,,,,,,,,,,,,,,,,,,,,,,,,
442.0,-0.011475803793399611,0.06354822218418121,0.00011408329010009766,0.5113778710365295,0.0,0.120208755,0.05657417,1.0001141,0.1384176,0.07947391,1.7000361e-06,0.0036923885,-0.0033946037,0.014364481,0.094745316,0.024758613,0.02208075,0.16575,0.087682165,1.0,,,,,,,,,,,,,,,,,,,,,,,,,,,,,,,,,,,,,,,,,,,,
443.0,-0.011580579971458794,0.0633464902639389,0.00011408329010009766,0.5078521370887756,0.0,0.12078479,0.05690459,1.0001141,0.1382476,0.07930181,1.6648735e-06,0.0036306381,-0.0037548542,0.014332056,-0.013574806,-0.08668518,-0.007864567,0.166125,0.08787729,1.0,,,,,,,,,,,,,,,,,,,,,,,,,,,,,,,,,,,,,,,,,,,,
444.0,-0.011684506872513887,0.06314481049776077,0.00011408329010009766,0.5043546557426453,0.0,0.12136005,0.05723431,1.0001141,0.13806286,0.07913207,1.6297174e-06,0.0040266514,-0.003657341,0.014422655,0.09471512,0.024778694,0.022110295,0.1665,0.08807239,1.0,,,,,,,,,,,,,,,,,,,,,,,,,,,,,,,,,,,,,,,,,,,,
445.0,-0.011787557786284016,0.06294321268796921,0.00011408329010009766,0.5008862614631653,0.0,0.12193456,0.057563253,1.0001141,0.13788241,0.07894623,1.5907649e-06,0.003964901,-0.0040175915,0.014389992,-0.013590659,-0.0866614,-0.0079006385,0.166875,0.088267475,1.0,,,,,,,,,,,,,,,,,,,,,,,,,,,,,,,,,,,,,,,,,,,,
446.0,-0.011889704935343618,0.06274174153804779,0.00011408329010009766,0.49744799733161926,0.0,0.12250826,0.057891432,1.0001141,0.13768725,0.07876276,1.5535029e-06,0.004360676,-0.00391984,0.014480591,0.09468493,0.024798753,0.02213982,0.16725,0.08846253,1.0,,,,,,,,,,,,,,,,,,,,,,,,,,,,,,,,,,,,,,,,,,,,
447.0,-0.011990915729253539,0.06254039704799652,0.00011408329010009766,0.4940408170223236,0.0,0.12308116,0.058218777,1.0001141,0.13749638,0.0785632,1.5107113e-06,0.0042989254,-0.0042800903,0.0144479275,-0.013606499,-0.08663761,-0.007936683,0.167625,0.088657565,1.0,,,,,,,,,,,,,,,,,,,,,,,,,,,,,,,,,,,,,,,,,,,,
448.0,-0.012091166595101824,0.06233920529484749,0.00011408329010009766,0.49066564440727234,0.0,0.1236532,0.058545303,1.0001141,0.13729082,0.07836601,1.4713611e-06,0.0046947002,-0.0041823387,0.014538527,0.09465474,0.024818787,0.022169326,0.168,0.088852584,1.0,,,,,,,,,,,,,,,,,,,,,,,,,,,,,,,,,,,,,,,,,,,,
449.0,-0.012190355719177752,0.062138210982084274,0.00011408329010009766,0.487323522567749,0.0,0.12422441,0.058870938,1.0001141,0.13708954,0.07815274,1.4247336e-06,0.0046327114,-0.004542351,0.014505625,-0.013622327,-0.08661383,-0.0079727005,0.168375,0.08904757,1.0,,,,,,,,,,,,,,,,,,,,,,,,,,,,,,,,,,,,,,,,,,,,
450.0,-0.012288531140374473,0.06193740293383598,0.00011408329010009766,0.48401519656181335,0.0,0.124794714,0.059195697,1.0001141,0.13687357,0.07794185,1.383301e-06,0.004894018,-0.004444599,0.014596224,0.062367953,0.024370868,0.022052271,0.16875,0.08924255,1.0,,,,,,,,,,,,,,,,,,,,,,,,,,,,,,,,,,,,,,,,,,,,
451.0,-0.012385654436924234,0.06173677369952202,0.00011408329010009766,0.48074185848236084,0.0,0.12536414,0.05951953,1.0001141,0.13666183,0.077720374,1.3601034e-06,0.0046975613,-0.004804611,0.014563322,-0.045886934,-0.087064296,-0.00814031,0.169125,0.08943749,1.0,,,,,,,,,,,,,,,,,,,,,,,,,,,,,,,,,,,,,,,,,,,,
452.0,-0.012481701681798223,0.06153636425733566,0.00011413097672630101,0.4775044023990631,0.0,0.12593262,0.059842475,1.0001141,0.1364353,0.07750678,1.3360221e-06,0.004958868,-0.0047068596,0.014653921,0.062353,0.02439373,0.022067185,0.1695,0.089632414,1.0,,,,,,,,,,,,,,,,,,,,,,,,,,,,,,,,,,,,,,,,,,,,
453.0,-0.012576641013478732,0.06133626773953438,0.00011420249938964844,0.47430384159088135,0.0,0.12650017,0.060164485,1.0001141,0.13621302,0.07728261,1.3091324e-06,0.004762411,-0.005066633,0.014621019,-0.045887534,-0.08704564,-0.008161309,0.169875,0.08982732,1.0,,,,,,,,,,,,,,,,,,,,,,,,,,,,,,,,,,,,,,,,,,,,
454.0,-0.012670445820506577,0.061136405915021896,0.00011420249938964844,0.47114109992980957,0.0,0.12706675,0.060485598,1.0001142,0.13597597,0.07706631,1.2826047e-06,0.0050234795,-0.004968643,0.014711618,0.06233805,0.02441658,0.022082087,0.17025,0.0900222,1.0,,,,,,,,,,,,,,,,,,,,,,,,,,,,,,,,,,,,,,,,,,,,
455.0,-0.01276308464496724,0.060936808586120605,0.00011420249938964844,0.4680171608924866,0.0,0.12763233,0.06080576,1.0001142,0.13574316,0.07683944,8.8875237e-07,0.0048270226,-0.005328417,0.014678478,-0.04588813,-0.087027,-0.008182293,0.170625,0.09021706,1.0,,,,,,,,,,,,,,,,,,,,,,,,,,,,,,,,,,,,,,,,,,,,
456.0,-0.01285453248483682,0.060737501829862595,0.00011420249938964844,0.46493294835090637,0.0,0.12819691,0.061125014,1.0001142,0.13549559,0.07662045,9.4507004e-07,0.0050883293,-0.005230427,0.014769316,0.0623231,0.024439419,0.022096973,0.171,0.090411894,1.0,,,,,,,,,,,,,,,,,,,,,,,,,,,,,,,,,,,,,,,,,,,,
457.0,-0.012944756291144588,0.06053854152560234,0.00011420249938964844,0.46188950538635254,0.0,0.12876046,0.061443307,1.0001142,0.13525225,0.076390885,9.0007404e-07,0.004891634,-0.0055902004,0.014736176,-0.045888726,-0.087008364,-0.008203261,0.171375,0.090606704,1.0,,,,,,,,,,,,,,,,,,,,,,,,,,,,,,,,,,,,,,,,,,,,
458.0,-0.013033730492333417,0.06033988669514656,0.00011420249938964844,0.4588877558708191,0.0,0.12932293,0.06176068,1.0001142,0.13499418,0.0761692,8.7118246e-07,0.0051527023,-0.005491972,0.014826775,0.06230815,0.024462244,0.022111844,0.17175,0.0908015,1.0,,,,,,,,,,,,,,,,,,,,,,,,,,,,,,,,,,,,,,,,,,,,
459.0,-0.013121426063542463,0.06014162302017212,0.00011420249938964844,0.45592862367630005,0.0,0.12988435,0.062077083,1.0001142,0.13474035,0.07593694,8.465798e-07,0.0049562454,-0.0058517456,0.014793634,-0.045889318,-0.08698974,-0.0082242135,0.172125,0.090996265,1.0,,,,,,,,,,,,,,,,,,,,,,,,,,,,,,,,,,,,,,,,,,,,
460.0,-0.013207813257622186,0.05994369462132454,0.00011420249938964844,0.4530131220817566,0.0,0.13044465,0.06239255,1.0001142,0.13447177,0.07571257,8.095987e-07,0.0052173138,-0.005753517,0.0148842335,0.0622932,0.024485055,0.022126704,0.1725,0.09119101,1.0,,,,,,,,,,,,,,,,,,,,,,,,,,,,,,,,,,,,,,,,,,,,
461.0,-0.013292862392999816,0.05974620580673218,0.00011420249938964844,0.4501422345638275,0.0,0.13100384,0.062707044,1.0001142,0.13420746,0.07547762,7.8728533e-07,0.0050206184,-0.0061130524,0.014851093,-0.04588991,-0.08697112,-0.008245151,0.172875,0.09138573,1.0,,,,,,,,,,,,,,,,,,,,,,,,,,,,,,,,,,,,,,,,,,,,
462.0,-0.01337655092449277,0.05954907462000847,0.00011420249938964844,0.4473167359828949,0.0,0.13156188,0.06302059,1.0001142,0.13392839,0.07525056,7.464691e-07,0.005281687,-0.006014824,0.014941931,0.062278252,0.024507856,0.022141548,0.17325,0.09158043,1.0,,,,,,,,,,,,,,,,,,,,,,,,,,,,,,,,,,,,,,,,,,,,
463.0,-0.013458847861063262,0.05935237556695938,0.00011420249938964844,0.4445376396179199,0.0,0.13211878,0.06333314,1.0001142,0.1336536,0.07501293,7.2544844e-07,0.0050849915,-0.0063741207,0.014908552,-0.0458905,-0.08695251,-0.008266073,0.173625,0.091775104,1.0,,,,,,,,,,,,,,,,,,,,,,,,,,,,,,,,,,,,,,,,,,,,
464.0,-0.013539724681843657,0.0591561421751976,0.00011420249938964844,0.4418059289455414,0.0,0.13267446,0.06364474,1.0001142,0.13336407,0.07478319,6.8103486e-07,0.00534606,-0.0062758923,0.014999151,0.062263306,0.024530644,0.022156378,0.174,0.09196976,1.0,,,,,,,,,,,,,,,,,,,,,,,,,,,,,,,,,,,,,,,,,,,,
465.0,-0.013619156598064003,0.05896037071943283,0.00011420249938964844,0.43912240862846375,0.0,0.13322894,0.06395533,1.0001142,0.13307881,0.07454288,6.612532e-07,0.0051493645,-0.006635189,0.014966011,-0.045891088,-0.0869339,-0.008286979,0.174375,0.09216439,1.0,,,,,,,,,,,,,,,,,,,,,,,,,,,,,,,,,,,,,,,,,,,,
466.0,-0.01369741286789504,0.05876503512263298,0.00011420249938964844,0.4364880323410034,0.0,0.1337822,0.06426496,1.0001142,0.13277882,0.07431046,6.1325863e-07,0.0054101944,-0.006536722,0.01505661,0.062248357,0.024553418,0.022171196,0.17475,0.092359,1.0,,,,,,,,,,,,,,,,,,,,,,,,,,,,,,,,,,,,,,,,,,,,
467.0,-0.013773705485440591,0.05857023596763611,0.00011420249938964844,0.43390363454818726,0.0,0.1343342,0.06457357,1.0001142,0.13248312,0.07406747,5.947143e-07,0.0052137375,-0.006896019,0.01502347,-0.045891672,-0.086915314,-0.0083078705,0.175125,0.09255358,1.0,,,,,,,,,,,,,,,,,,,,,,,,,,,,,,,,,,,,,,,,,,,,
468.0,-0.01384938788839063,0.05837593227624893,0.0001142501860158518,0.43137022852897644,0.0,0.13488492,0.064881206,1.0001142,0.13217269,0.07383237,5.431432e-07,0.0054745674,-0.006797552,0.015114069,0.06223341,0.024576182,0.022185998,0.1755,0.09274814,1.0,,,,,,,,,,,,,,,,,,,,,,,,,,,,,,,,,,,,,,,,,,,,
469.0,-0.013922606311414714,0.058182161301374435,0.0001142501860158518,0.4288884103298187,0.0,0.13543437,0.06518782,1.0001142,0.13186654,0.07358671,5.2583715e-07,0.005277872,-0.0071566105,0.01508069,-0.045892257,-0.086896725,-0.008328746,0.175875,0.09294268,1.0,,,,,,,,,,,,,,,,,,,,,,,,,,,,,,,,,,,,,,,,,,,,
470.0,-0.01399516583597506,0.05798894166946411,0.0001142501860158518,0.4264592230319977,0.0,0.13598248,0.06549344,1.0001142,0.13154568,0.07334895,4.70693e-07,0.0055384636,-0.0070581436,0.015171289,0.062218465,0.024598932,0.022200787,0.17625,0.0931372,1.0,,,,,,,,,,,,,,,,,,,,,,,,,,,,,,,,,,,,,,,,,,,,
471.0,-0.01406520889402891,0.057796306908130646,0.0001142501860158518,0.424083411693573,0.0,0.13652927,0.06579803,1.0001142,0.1312291,0.07310061,4.5462662e-07,0.0053417683,-0.007417202,0.015137911,-0.04589284,-0.08687815,-0.008349607,0.176625,0.09333169,1.0,,,,,,,,,,,,,,,,,,,,,,,,,,,,,,,,,,,,,,,,,,,,
472.0,-0.014134700460837485,0.05760423466563225,0.0001142501860158518,0.42176175117492676,0.0,0.13707468,0.06610161,1.0001142,0.13089782,0.072860174,3.9591305e-07,0.005602598,-0.0073184967,0.01522851,0.062203515,0.024621671,0.022215562,0.177,0.093526155,1.0,,,,,,,,,,,,,,,,,,,,,,,,,,,,,,,,,,,,,,,,,,,,
473.0,-0.014201321271969939,0.057412780821323395,0.0001142501860158518,0.4194950461387634,0.0,0.13761872,0.06640415,1.0001142,0.13057083,0.07260918,3.8108752e-07,0.005405903,-0.007677555,0.015195131,-0.04589342,-0.086859584,-0.008370452,0.177375,0.0937206,1.0,,,,,,,,,,,,,,,,,,,,,,,,,,,,,,,,,,,,,,,,,,,,
474.0,-0.014267833134134711,0.057221926748752594,0.0001142501860158518,0.4172841012477875,0.0,0.13816135,0.066705674,1.0001142,0.13022915,0.072366074,3.1880802e-07,0.0056664944,-0.00757885,0.01528573,0.06218857,0.024644395,0.022230323,0.17775,0.093915015,1.0,,,,,,,,,,,,,,,,,,,,,,,,,,,,,,,,,,,,,,,,,,,,
475.0,-0.014330959561187049,0.05703173950314522,0.0001142501860158518,0.41512954235076904,0.0,0.13870256,0.06700614,1.0001142,0.12989175,0.07211242,3.052247e-07,0.005469799,-0.00793767,0.015252352,-0.045893997,-0.086841024,-0.008391282,0.178125,0.094109416,1.0,,,,,,,,,,,,,,,,,,,,,,,,,,,,,,,,,,,,,,,,,,,,
476.0,-0.014394209521032464,0.05684220790863037,0.0001142501860158518,0.41303208470344543,0.0,0.1392423,0.06730559,1.0001142,0.12953967,0.071866654,2.393828e-07,0.0057303905,-0.007838726,0.015342951,0.062173624,0.024667108,0.022245072,0.1785,0.094303794,1.0,,,,,,,,,,,,,,,,,,,,,,,,,,,,,,,,,,,,,,,,,,,,
477.0,-0.014453893529127529,0.056653331965208054,0.00011429786536609754,0.41099244356155396,0.0,0.13978061,0.06760396,1.0001142,0.12919189,0.07161033,2.2704293e-07,0.005533695,-0.008197546,0.015309572,-0.045894574,-0.08682247,-0.008412096,0.178875,0.09449814,1.0,,,,,,,,,,,,,,,,,,,,,,,,,,,,,,,,,,,,,,,,,,,,
478.0,-0.014513659585367716,0.05646513029932976,0.00011429786536609754,0.4090113043785095,0.0,0.1403174,0.067901306,1.0001142,0.12882942,0.07136191,1.5764222e-07,0.0057942867,-0.008098602,0.015400171,0.06215868,0.02468981,0.022259805,0.17925,0.09469247,1.0,,,,,,,,,,,,,,,,,,,,,,,,,,,,,,,,,,,,,,,,,,,,
479.0,-0.014569821768831755,0.05627765506505966,0.00011429786536609754,0.4070892930030823,0.0,0.14085269,0.06819756,1.0001142,0.12847127,0.07110293,1.4654702e-07,0.005597353,-0.008457422,0.015366793,-0.045895148,-0.08680393,-0.008432895,0.179625,0.09488677,1.0,,,,,,,,,,,,,,,,,,,,,,,,,,,,,,,,,,,,,,,,,,,,
480.0,-0.014626030782499586,0.05609088018536568,0.00011429786536609754,0.4052269458770752,0.0,0.14138643,0.068492785,1.0001142,0.12809843,0.070851855,7.3591025e-08,0.0058579445,-0.008358479,0.015457392,0.062143736,0.024712497,0.022274524,0.18,0.09508105,1.0,,,,,,,,,,,,,,,,,,,,,,,,,,,,,,,,,,,,,,,,,,,,
481.0,-0.014678601459635685,0.05590490251779556,0.00011429786536609754,0.4034248888492584,0.0,0.14191864,0.06878691,1.0001142,0.12772992,0.07059023,6.374179e-08,0.0056610107,-0.00871706,0.015423775,-0.045895718,-0.08678539,-0.008453679,0.180375,0.095275305,1.0,,,,,,,,,,,,,,,,,,,,,,,,,,,,,,,,,,,,,,,,,,,,
482.0,-0.014731185501859001,0.05571964383125305,0.00011429786536609754,0.40168362855911255,0.0,0.14244926,0.06907998,1.0001142,0.12734672,0.0703365,-1.2765965e-08,0.0059216022,-0.008618116,0.015514374,0.062128793,0.024735173,0.02228923,0.18075,0.09546954,1.0,,,,,,,,,,,,,,,,,,,,,,,,,,,,,,,,,,,,,,,,,,,,
483.0,-0.01478009688112652,0.055535174906253815,0.0001143455519923009,0.4000037908554077,0.0,0.14297828,0.069371946,1.0001142,0.12696786,0.07007222,-2.1368e-08,0.0057246685,-0.0089764595,0.015480757,-0.04589629,-0.08676687,-0.008474448,0.181125,0.09566375,1.0,,,,,,,,,,,,,,,,,,,,,,,,,,,,,,,,,,,,,,,,,,,,
484.0,-0.014828994516697277,0.05535150319337845,0.0001143455519923009,0.3983857035636902,0.0,0.14350568,0.06966285,1.0001142,0.12657431,0.069815844,-1.0142397e-07,0.0059850216,-0.008877516,0.015571356,0.062113848,0.024757838,0.022303922,0.1815,0.09585793,1.0,,,,,,,,,,,,,,,,,,,,,,,,,,,,,,,,,,,,,,,,,,,,
485.0,-0.014874193669274973,0.05516861006617546,0.0001143455519923009,0.39682987332344055,0.0,0.14403145,0.06995263,1.0001142,0.1261851,0.06954892,-1.08777556e-07,0.0057883263,-0.009235859,0.015537739,-0.045896858,-0.08674835,-0.0084952,0.181875,0.09605209,1.0,,,,,,,,,,,,,,,,,,,,,,,,,,,,,,,,,,,,,,,,,,,,
486.0,-0.01491935400437069,0.05498655512928963,0.0001143455519923009,0.39533665776252747,0.0,0.14455554,0.07024134,1.0001142,0.12578122,0.0692899,-1.9237822e-07,0.0060486794,-0.009136677,0.015628338,0.062098905,0.024780488,0.0223186,0.18225,0.09624623,1.0,,,,,,,,,,,,,,,,,,,,,,,,,,,,,,,,,,,,,,,,,,,,
487.0,-0.014960792400858191,0.05480537936091423,0.0001143455519923009,0.39390650391578674,0.0,0.14507796,0.070528924,1.0001142,0.1253817,0.06902033,-1.9848208e-07,0.0058517456,-0.00949502,0.015594721,-0.045897424,-0.08672984,-0.008515938,0.182625,0.09644034,1.0,,,,,,,,,,,,,,,,,,,,,,,,,,,,,,,,,,,,,,,,,,,,
488.0,-0.015002166175870666,0.05462503433227539,0.0001143455519923009,0.3925397992134094,0.0,0.14559866,0.07081542,1.0001142,0.1249675,0.06875867,-2.8562394e-07,0.0061120987,-0.009395599,0.01568532,0.062083963,0.024803128,0.022333262,0.183,0.096634425,1.0,,,,,,,,,,,,,,,,,,,,,,,,,,,,,,,,,,,,,,,,,,,,
489.0,-0.015039798843018797,0.054445572197437286,0.0001143455519923009,0.391236811876297,0.0,0.14611766,0.07110078,1.0001142,0.12455766,0.06848647,-2.9047686e-07,0.005915165,-0.0097539425,0.015651703,-0.04589799,-0.08671134,-0.008536661,0.183375,0.09682849,1.0,,,,,,,,,,,,,,,,,,,,,,,,,,,,,,,,,,,,,,,,,,,,
490.0,-0.01507735195352725,0.054267026484012604,0.0001143455519923009,0.38999781012535095,0.0,0.14663488,0.07138504,1.0001142,0.12413315,0.06822216,-3.8115635e-07,0.0061752796,-0.009654522,0.015742302,0.06206902,0.024825754,0.022347914,0.18375,0.09702253,1.0,,,,,,,,,,,,,,,,,,,,,,,,,,,,,,,,,,,,,,,,,,,,
491.0,-0.01511114767079853,0.054089367389678955,0.0001143455519923009,0.3888230621814728,0.0,0.14715034,0.071668155,1.0001142,0.123713,0.06794732,-3.847571e-07,0.0059785843,-0.010012865,0.015708447,-0.045898553,-0.08669285,-0.008557368,0.184125,0.09721655,1.0,,,,,,,,,,,,,,,,,,,,,,,,,,,,,,,,,,,,,,,,,,,,
492.0,-0.015144849858682575,0.05391265079379082,0.0001143455519923009,0.3877127766609192,0.0,0.147664,0.07195015,1.0001142,0.12327819,0.06768038,-4.789707e-07,0.006238699,-0.009913206,0.015799046,0.062054083,0.024848368,0.022362549,0.1845,0.09741054,1.0,,,,,,,,,,,,,,,,,,,,,,,,,,,,,,,,,,,,,,,,,,,,
493.0,-0.01517498322663014,0.05373687297105789,0.0001143455519923009,0.3866671025753021,0.0,0.14817587,0.072231,1.0001142,0.12284776,0.06740291,-4.81318e-07,0.006041765,-0.010271311,0.015765429,-0.045899116,-0.08667436,-0.00857806,0.184875,0.097604506,1.0,,,,,,,,,,,,,,,,,,,,,,,,,,,,,,,,,,,,,,,,,,,,
494.0,-0.01520501402291557,0.05356205627322197,0.0001143455519923009,0.3856861889362335,0.0,0.14868587,0.07251072,1.0001142,0.12240267,0.067133345,-5.790623e-07,0.00630188,-0.01017189,0.015856028,0.06203914,0.02487097,0.022377172,0.18525,0.097798444,1.0,,,,,,,,,,,,,,,,,,,,,,,,,,,,,,,,,,,,,,,,,,,,
495.0,-0.015231269063258519,0.05338825657963753,0.0001143455519923009,0.38477015495300293,0.0,0.14919405,0.072789274,1.0001142,0.12196196,0.06685324,-5.801549e-07,0.006104946,-0.010529757,0.015822172,-0.045899674,-0.086655885,-0.0085987365,0.185625,0.09799236,1.0,,,,,,,,,,,,,,,,,,,,,,,,,,,,,,,,,,,,,,,,,,,,
496.0,-0.015257416412905154,0.053215473890304565,0.0001143455519923009,0.3839190602302551,0.0,0.14970033,0.0730667,1.0001142,0.121506594,0.06658104,-6.8142634e-07,0.0063648224,-0.010430336,0.015912771,0.062024202,0.02489356,0.022391781,0.186,0.098186255,1.0,,,,,,,,,,,,,,,,,,,,,,,,,,,,,,,,,,,,,,,,,,,,
497.0,-0.015279821123597503,0.053043752908706665,0.0001143455519923009,0.3831329345703125,0.0,0.15020473,0.07334294,1.0001142,0.12105562,0.06629831,-6.8126303e-07,0.0061678886,-0.010788202,0.015878916,-0.045900233,-0.086637415,-0.008619398,0.186375,0.098380126,1.0,,,,,,,,,,,,,,,,,,,,,,,,,,,,,,,,,,,,,,,,,,,,
498.0,-0.01530204459215602,0.05287311598658562,0.0001143455519923009,0.3824118375778198,0.0,0.15070719,0.07361804,1.0001142,0.120589994,0.06602349,-7.860581e-07,0.0064280033,-0.010688543,0.015969515,0.06200926,0.024916137,0.022406375,0.18675,0.09857397,1.0,,,,,,,,,,,,,,,,,,,,,,,,,,,,,,,,,,,,,,,,,,,,
499.0,-0.015321006382939234,0.05270358920097351,0.00011439323134254664,0.38175567984580994,0.0,0.15120773,0.073891945,1.0001142,0.120128766,0.06573814,-7.846377e-07,0.0062310696,-0.011046171,0.01593566,-0.04590079,-0.08661896,-0.008640044,0.187125,0.09876779,1.0,,,,,,,,,,,,,,,,,,,,,,,,,,,,,,,,,,,,,,,,,,,,
500.0,-0.015339142690181325,0.052535176277160645,0.00011439323134254664,0.3811645209789276,0.0,0.15170628,0.0741647,1.0001142,0.11965289,0.0654607,-8.9295276e-07,0.006490946,-0.010946512,0.016026258,0.06199432,0.0249387,0.022420956,0.1875,0.098961584,1.0,,,,,,,,,,,,,,,,,,,,,,,,,,,,,,,,,,,,,,,,,,,,
501.0,-0.015354425430925769,0.05236797407269478,0.00011439323134254664,0.38063812255859375,0.0,0.15220287,0.074436255,1.0001142,0.11918142,0.06517273,-8.902741e-07,0.006294012,-0.01130414,0.015992165,-0.045901343,-0.08660051,-0.008660676,0.187875,0.09915535,1.0,,,,,,,,,,,,,,,,,,,,,,,,,,,,,,,,,,,,,,,,,,,,
502.0,-0.015368636144204358,0.05220191925764084,0.00011439323134254664,0.38017645478248596,0.0,0.15269743,0.07470664,1.0001142,0.11869531,0.06489267,-1.0021057e-06,0.0065538883,-0.011204481,0.016082764,0.061979383,0.024961254,0.022435524,0.18825,0.0993491,1.0,,,,,,,,,,,,,,,,,,,,,,,,,,,,,,,,,,,,,,,,,,,,
503.0,-0.01537999789709211,0.052037160843610764,0.00011439323134254664,0.3797793984413147,0.0,0.15318999,0.07497582,1.0001142,0.11821361,0.064602084,-9.981676e-07,0.006356716,-0.011510134,0.016049147,-0.04610286,-0.07414451,-0.008599771,0.188625,0.09954282,1.0,,,,,,,,,,,,,,,,,,,,,,,,,,,,,,,,,,,,,,,,,,,,
504.0,-0.015390352373453065,0.051873575896024704,0.00011439323134254664,0.37944671511650085,0.0,0.15368049,0.075243816,1.0001142,0.1177194,0.06431944,-1.0890703e-06,0.0066165924,-0.0113584995,0.016140223,0.061765354,0.037418403,0.02252588,0.189,0.09973651,1.0,,,,,,,,,,,,,,,,,,,,,,,,,,,,,,,,,,,,,,,,,,,,
505.0,-0.015397870851591142,0.05171132832765579,0.00011439323134254664,0.3791782259941101,0.0,0.15416895,0.07551059,1.0001142,0.11723171,0.06402631,-1.065707e-06,0.0064194202,-0.011664152,0.016106606,-0.046105705,-0.07413197,-0.008614777,0.189375,0.09993019,1.0,,,,,,,,,,,,,,,,,,,,,,,,,,,,,,,,,,,,,,,,,,,,
506.0,-0.015404394384861375,0.05155031755566597,0.00011439323134254664,0.37897372245788574,0.0,0.15465534,0.075776175,1.0001142,0.11673152,0.063741125,-1.162551e-06,0.0066792965,-0.0115122795,0.016197443,0.061751276,0.037435163,0.022534654,0.18975,0.10012383,1.0,,,,,,,,,,,,,,,,,,,,,,,,,,,,,,,,,,,,,,,,,,,,
507.0,-0.01540809518125898,0.0513906367123127,0.00011436939530540258,0.37883296608924866,0.0,0.15513965,0.076040536,1.0001142,0.11623786,0.06344546,-1.1374656e-06,0.0064821243,-0.011818171,0.016163826,-0.04610855,-0.07411945,-0.00862977,0.190125,0.100317456,1.0,,,,,,,,,,,,,,,,,,,,,,,,,,,,,,,,,,,,,,,,,,,,
508.0,-0.015410818377426042,0.05123230069875717,0.00011436939530540258,0.3787556290626526,0.0,0.15562187,0.07630369,1.0001141,0.1157317,0.06315773,-1.2360941e-06,0.0067420006,-0.011666298,0.016254663,0.0617372,0.03745191,0.022543415,0.1905,0.100511044,1.0,,,,,,,,,,,,,,,,,,,,,,,,,,,,,,,,,,,,,,,,,,,,
509.0,-0.015410737012419125,0.05107533931732178,0.00011436939530540258,0.37874144315719604,0.0,0.156102,0.07656561,1.0001141,0.115232065,0.06285952,-8.423645e-07,0.0065448284,-0.011971712,0.016220808,-0.046111397,-0.07410692,-0.00864475,0.190875,0.10070462,1.0,,,,,,,,,,,,,,,,,,,,,,,,,,,,,,,,,,,,,,,,,,,,
510.0,-0.015409468563351406,0.05091974884271622,0.00011436939530540258,0.37879014015197754,0.0,0.15658,0.07682631,1.0001141,0.11471994,0.06256926,-1.0288891e-06,0.0068044662,-0.0118198395,0.016311884,0.061723128,0.03746865,0.022552168,0.19125,0.10089816,1.0,,,,,,,,,,,,,,,,,,,,,,,,,,,,,,,,,,,,,,,,,,,,
511.0,-0.015405414553187441,0.05076558142900467,0.00011436939530540258,0.3789013624191284,0.0,0.1570559,0.07708576,1.0001141,0.11421436,0.062268518,-9.82098e-07,0.006607294,-0.012125492,0.016278028,-0.046114244,-0.0740944,-0.0086597195,0.191625,0.10109168,1.0,,,,,,,,,,,,,,,,,,,,,,,,,,,,,,,,,,,,,,,,,,,,
512.0,-0.015400423575840252,0.05061282962560654,0.00011436939530540258,0.37907469272613525,0.0,0.15752964,0.07734399,1.0001141,0.113696285,0.06197573,-1.0885759e-06,0.006866932,-0.011973381,0.016368866,0.06170906,0.037485383,0.022560911,0.192,0.10128518,1.0,,,,,,,,,,,,,,,,,,,,,,,,,,,,,,,,,,,,,,,,,,,,
513.0,-0.015392666498204926,0.05046152323484421,0.00011436939530540258,0.37930989265441895,0.0,0.15800123,0.07760096,1.0001141,0.11318475,0.061672457,-1.06024e-06,0.0066697598,-0.012279034,0.016335249,-0.046117086,-0.07408189,-0.008674676,0.192375,0.10147865,1.0,,,,,,,,,,,,,,,,,,,,,,,,,,,,,,,,,,,,,,,,,,,,
514.0,-0.015383992896742716,0.05031158775091171,0.00011436939530540258,0.3796064853668213,0.0,0.15847066,0.077856705,1.0001141,0.11266072,0.061377134,-1.1637616e-06,0.0069293976,-0.012126923,0.016426086,0.061695,0.037502103,0.022569643,0.19275,0.10167209,1.0,,,,,,,,,,,,,,,,,,,,,,,,,,,,,,,,,,,,,,,,,,,,
515.0,-0.015372578129408792,0.05016312003135681,0.00011436939530540258,0.37996411323547363,0.0,0.15893792,0.078111164,1.0001141,0.11214325,0.061071336,-1.1357878e-06,0.0067322254,-0.012432337,0.016392231,-0.046119932,-0.07406938,-0.00868962,0.193125,0.10186551,1.0,,,,,,,,,,,,,,,,,,,,,,,,,,,,,,,,,,,,,,,,,,,,
516.0,-0.01536002790612256,0.050016164779663086,0.00011436939530540258,0.3803824484348297,0.0,0.15940298,0.07836439,1.0001141,0.11161328,0.06077349,-1.2405976e-06,0.0069918633,-0.012280226,0.016483068,0.061680935,0.037518818,0.022578366,0.1935,0.1020589,1.0,,,,,,,,,,,,,,,,,,,,,,,,,,,,,,,,,,,,,,,,,,,,
517.0,-0.015345218839767772,0.049870602786540985,0.00011436939530540258,0.3808610141277313,0.0,0.15986586,0.07861633,1.0001141,0.11108987,0.06046517,-1.2119887e-06,0.0067944527,-0.01210475,0.01645255,-0.048034567,0.041316237,-0.007897824,0.193875,0.102252275,1.0,,,,,,,,,,,,,,,,,,,,,,,,,,,,,,,,,,,,,,,,,,,,
518.0,-0.015329080087282638,0.04972653090953827,0.00011436939530540258,0.3813994526863098,0.0,0.16032657,0.07886701,1.0001141,0.11057363,0.060165126,-1.0756816e-06,0.0070540905,-0.012388468,0.016540527,0.06341018,-0.0670556,0.021846429,0.19425,0.10244561,1.0,,,,,,,,,,,,,,,,,,,,,,,,,,,,,,,,,,,,,,,,,,,,
519.0,-0.01531070935720782,0.049583934247493744,0.00011436939530540258,0.3819972574710846,0.0,0.1607851,0.079116404,1.0001141,0.11004612,0.059854317,-1.3231735e-06,0.00685668,-0.012212992,0.01651001,-0.048033457,0.041326504,-0.007903435,0.194625,0.10263893,1.0,,,,,,,,,,,,,,,,,,,,,,,,,,,,,,,,,,,,,,,,,,,,
520.0,-0.015291035057402045,0.04944286495447159,0.00011436939530540258,0.382654070854187,0.0,0.16124146,0.07936454,1.0001141,0.10952578,0.059551783,-1.1207698e-06,0.0071163177,-0.01249671,0.016597748,0.063414395,-0.067040764,0.021845821,0.195,0.10283222,1.0,,,,,,,,,,,,,,,,,,,,,,,,,,,,,,,,,,,,,,,,,,,,
521.0,-0.01526902503760794,0.04930327460169792,0.00011441707465564832,0.38336947560310364,0.0,0.1616956,0.07961137,1.0001141,0.108994186,0.059238482,-1.3856666e-06,0.0069191456,-0.012321234,0.01656723,-0.04803235,0.04133677,-0.007909037,0.195375,0.10302549,1.0,,,,,,,,,,,,,,,,,,,,,,,,,,,,,,,,,,,,,,,,,,,,
522.0,-0.015245736629366003,0.049165163189172745,0.00011441707465564832,0.38414305448532104,0.0,0.16214755,0.079856925,1.0001141,0.10846976,0.05893346,-1.1778775e-06,0.0071787834,-0.012352943,0.016656876,0.062412124,-0.006591169,0.022263398,0.19575,0.10321873,1.0,,,,,,,,,,,,,,,,,,,,,,,,,,,,,,,,,,,,,,,,,,,,
523.0,-0.015220266859391268,0.049028608947992325,0.00011441707465564832,0.38497430086135864,0.0,0.16259733,0.08010116,1.0001141,0.10794438,0.05861784,-1.3174595e-06,0.006981373,-0.011925697,0.016628027,-0.049049623,0.10176757,-0.007468859,0.196125,0.103411935,1.0,,,,,,,,,,,,,,,,,,,,,,,,,,,,,,,,,,,,,,,,,,,,
524.0,-0.015193544273557203,0.048893529921770096,0.00011441707465564832,0.3858628571033478,0.0,0.16304497,0.080344126,1.0001141,0.10743645,0.058310673,-1.0155306e-06,0.0072414875,-0.011957169,0.016679764,0.06252968,-0.0065390067,0.01313554,0.1965,0.10360513,1.0,,,,,,,,,,,,,,,,,,,,,,,,,,,,,,,,,,,,,,,,,,,,
525.0,-0.0151646639200495,0.04875997453927994,0.00011441707465564832,0.38680827617645264,0.0,0.1634905,0.08058576,1.0001141,0.106927566,0.05799291,-1.1774019e-06,0.0070445538,-0.011529684,0.016613245,-0.048946623,0.10181665,-0.016544392,0.196875,0.103798285,1.0,,,,,,,,,,,,,,,,,,,,,,,,,,,,,,,,,,,,,,,,,,,,
526.0,-0.015134558912248764,0.04862792417407036,0.00011441707465564832,0.387810081243515,0.0,0.16393399,0.08082611,1.0001141,0.106436126,0.057683595,-8.7668246e-07,0.0073046684,-0.011561394,0.016664743,0.06253887,-0.0065569133,0.013111397,0.19725,0.10399143,1.0,,,,,,,,,,,,,,,,,,,,,,,,,,,,,,,,,,,,,,,,,,,,
527.0,-0.01510232184660854,0.04849741980433464,0.00011441707465564832,0.38886788487434387,0.0,0.16437542,0.081065126,1.0001141,0.105943725,0.05736368,-1.0384765e-06,0.0071077347,-0.011133909,0.016598225,-0.048947666,0.10180201,-0.016518151,0.197625,0.10418453,1.0,,,,,,,,,,,,,,,,,,,,,,,,,,,,,,,,,,,,,,,,,,,,
528.0,-0.01506888430413601,0.04836840555071831,0.00011441707465564832,0.3899812400341034,0.0,0.16481487,0.081302844,1.0001141,0.10546876,0.05705222,-7.442117e-07,0.0073678493,-0.011165619,0.016649723,0.06254804,-0.0065748114,0.013087254,0.198,0.10437762,1.0,,,,,,,,,,,,,,,,,,,,,,,,,,,,,,,,,,,,,,,,,,,,
529.0,-0.015033339760308444,0.04824092984199524,0.00011441707465564832,0.3911497890949249,0.0,0.16525234,0.08153922,1.0001141,0.10499282,0.056730166,-9.046959e-07,0.007171154,-0.010738134,0.016583204,-0.048948698,0.10178738,-0.016491916,0.198375,0.10457068,1.0,,,,,,,,,,,,,,,,,,,,,,,,,,,,,,,,,,,,,,,,,,,,
530.0,-0.014996619304922937,0.04811496287584305,0.00011441707465564832,0.39237305521965027,0.0,0.1656879,0.08177429,1.0001141,0.10453432,0.056416556,-6.171705e-07,0.0074312687,-0.010769844,0.016634941,0.0625572,-0.0065927003,0.013063111,0.19875,0.10476371,1.0,,,,,,,,,,,,,,,,,,,,,,,,,,,,,,,,,,,,,,,,,,,,
531.0,-0.014957818669691186,0.047990553081035614,0.00011441707465564832,0.393650621175766,0.0,0.16612156,0.082008004,1.0001141,0.104074836,0.05609235,-7.76276e-07,0.007234335,-0.010342598,0.016568422,-0.048949722,0.101772755,-0.016465688,0.199125,0.10495672,1.0,,,,,,,,,,,,,,,,,,,,,,,,,,,,,,,,,,,,,,,,,,,,
532.0,-0.014917866149469047,0.04786764830350876,0.00011441707465564832,0.39498209953308105,0.0,0.16655335,0.08224041,1.0001141,0.10363278,0.055776592,-4.9550135e-07,0.0074944496,-0.010374308,0.01661992,0.06256634,-0.0066105807,0.01303897,0.1995,0.105149694,1.0,,,,,,,,,,,,,,,,,,,,,,,,,,,,,,,,,,,,,,,,,,,,
533.0,-0.014875857541973531,0.04774629697203636,0.00011441707465564832,0.39636704325675964,0.0,0.1669833,0.08247145,1.0001141,0.10318973,0.05545024,-6.5322394e-07,0.0072977543,-0.009947062,0.016553402,-0.048950735,0.101758145,-0.016439468,0.199875,0.10534264,1.0,,,,,,,,,,,,,,,,,,,,,,,,,,,,,,,,,,,,,,,,,,,,
534.0,-0.014832721807153577,0.04762647673487663,0.00011441707465564832,0.3978050947189331,0.0,0.16741149,0.08270117,1.0001141,0.10276411,0.05513233,-3.7919625e-07,0.007557869,-0.00997901,0.016605139,0.06257547,-0.006628452,0.013014829,0.20025,0.105535574,1.0,,,,,,,,,,,,,,,,,,,,,,,,,,,,,,,,,,,,,,,,,,,,
535.0,-0.014787553710379871,0.04750820994377136,0.00011441707465564832,0.399295836687088,0.0,0.1678379,0.08292952,1.0001141,0.10233749,0.054803826,-5.3553487e-07,0.007360935,-0.009551764,0.01653862,-0.04895174,0.101743534,-0.016413253,0.200625,0.10572847,1.0,,,,,,,,,,,,,,,,,,,,,,,,,,,,,,,,,,,,,,,,,,,,
536.0,-0.014741279331814442,0.047391436994075775,0.00011441707465564832,0.4008389413356781,0.0,0.1682626,0.08315653,1.0001141,0.10192828,0.054483768,-2.6824986e-07,0.0076212883,-0.009583712,0.016590357,0.06258459,-0.0066463137,0.012990688,0.201,0.10592134,1.0,,,,,,,,,,,,,,,,,,,,,,,,,,,,,,,,,,,,,,,,,,,,
537.0,-0.014692962630988769,0.04727626591920853,0.00011441707465564832,0.4024339020252228,0.0,0.1686856,0.083382174,1.0001141,0.101518065,0.054153107,-4.2320372e-07,0.0074243546,-0.0091564655,0.016523838,-0.048952736,0.10172893,-0.016387045,0.201375,0.106114194,1.0,,,,,,,,,,,,,,,,,,,,,,,,,,,,,,,,,,,,,,,,,,,,
538.0,-0.014643412730103594,0.04716258868575096,0.00011441707465564832,0.40408048033714294,0.0,0.16910695,0.08360647,1.0001141,0.10112526,0.053830896,-1.6265685e-07,0.007613659,-0.009188652,0.016575575,0.04555574,-0.0069457255,0.012810513,0.20175,0.106307015,1.0,,,,,,,,,,,,,,,,,,,,,,,,,,,,,,,,,,,,,,,,,,,,
539.0,-0.014591876233136283,0.04705048352479935,0.00011441707465564832,0.4057782292366028,0.0,0.16952667,0.08382939,1.0001141,0.100731395,0.053500988,-2.940241e-07,0.0073456764,-0.008761406,0.016509056,-0.06598762,0.10143002,-0.016524632,0.202125,0.106499806,1.0,,,,,,,,,,,,,,,,,,,,,,,,,,,,,,,,,,,,,,,,,,,,
540.0,-0.014539278724160252,0.046939898282289505,0.00011439323134254664,0.40752682089805603,0.0,0.16994481,0.08405098,1.0001141,0.10035488,0.053182423,-2.4579123e-08,0.007535219,-0.008793592,0.016560793,0.045572717,-0.00696136,0.012794342,0.2025,0.106692575,1.0,,,,,,,,,,,,,,,,,,,,,,,,,,,,,,,,,,,,,,,,,,,,
541.0,-0.014484713654841472,0.04683086276054382,0.00011441707465564832,0.4093259572982788,0.0,0.17036138,0.084271215,1.000114,0.0999773,0.052856162,-1.5695404e-07,0.0072672367,-0.008366585,0.016494274,-0.0659805,0.10141362,-0.016506115,0.202875,0.106885314,1.0,,,,,,,,,,,,,,,,,,,,,,,,,,,,,,,,,,,,,,,,,,,,
542.0,-0.014429108974889826,0.046723343431949615,0.00011441707465564832,0.4111752212047577,0.0,0.17077646,0.084490135,1.0001141,0.099617064,0.052541237,4.7284732e-07,0.007456541,-0.008398771,0.016545773,0.045589678,-0.0069769905,0.012778167,0.20325,0.10707803,1.0,,,,,,,,,,,,,,,,,,,,,,,,,,,,,,,,,,,,,,,,,,,,
543.0,-0.01437155486138654,0.046617310494184494,0.00011441707465564832,0.41307440400123596,0.0,0.17119002,0.084707715,1.0001141,0.099255756,0.052218616,-1.1093593e-07,0.007188797,-0.007971764,0.016479492,-0.065973386,0.10139724,-0.016487602,0.203625,0.10727072,1.0,,,,,,,,,,,,,,,,,,,,,,,,,,,,,,,,,,,,,,,,,,,,
544.0,-0.01431298012755942,0.04651283472776413,0.00011441707465564832,0.4150230884552002,0.0,0.17160214,0.084924,1.0001141,0.09891179,0.05190733,2.4913254e-07,0.00737834,-0.008004189,0.01653099,0.045606624,-0.0069926153,0.012761988,0.204,0.107463375,1.0,,,,,,,,,,,,,,,,,,,,,,,,,,,,,,,,,,,,,,,,,,,,
545.0,-0.01425247811975278,0.046409886330366135,0.00011441707465564832,0.4170209467411041,0.0,0.17201285,0.08513895,1.0001141,0.09856673,0.051588338,9.76524e-08,0.0071103573,-0.007577181,0.016464472,-0.06596626,0.10138086,-0.016469095,0.204375,0.10765601,1.0,,,,,,,,,,,,,,,,,,,,,,,,,,,,,,,,,,,,,,,,,,,,
546.0,-0.014190972382476321,0.04630844667553902,0.00011446476128185168,0.41906774044036865,0.0,0.17242217,0.085352615,1.0001141,0.09823902,0.05128068,3.484738e-07,0.0073001385,-0.007609606,0.016516209,0.04562356,-0.007008236,0.012745805,0.20475,0.107848614,1.0,,,,,,,,,,,,,,,,,,,,,,,,,,,,,,,,,,,,,,,,,,,,
547.0,-0.014127557698830062,0.04620848223567009,0.00011446476128185168,0.42116305232048035,0.0,0.17283013,0.08556497,1.0001141,0.09791021,0.050965317,2.2372298e-07,0.007032156,-0.0071828365,0.01644969,-0.06595915,0.1013645,-0.01645059,0.205125,0.1080412,1.0,,,,,,,,,,,,,,,,,,,,,,,,,,,,,,,,,,,,,,,,,,,,
548.0,-0.014063158636331358,0.046109993010759354,0.00011446476128185168,0.4233066439628601,0.0,0.1732368,0.08577606,1.0001141,0.097598724,0.05066128,4.6050053e-07,0.007221937,-0.007215023,0.016501188,0.045640476,-0.0070238514,0.012729618,0.2055,0.10823375,1.0,,,,,,,,,,,,,,,,,,,,,,,,,,,,,,,,,,,,,,,,,,,,
549.0,-0.013996870403086361,0.04601304978132248,0.00011446476128185168,0.4254981279373169,0.0,0.17364216,0.08598585,1.0001141,0.09728614,0.050349534,3.4013385e-07,0.0069539547,-0.006788254,0.01643467,-0.065952025,0.10134814,-0.01643209,0.205875,0.10842627,1.0,,,,,,,,,,,,,,,,,,,,,,,,,,,,,,,,,,,,,,,,,,,,
550.0,-0.013929617945072826,0.0459175780415535,0.00011446476128185168,0.42773720622062683,0.0,0.17404628,0.08619439,1.0001141,0.09699088,0.050049115,5.681185e-07,0.007143736,-0.006820917,0.016486406,0.04565738,-0.0070394618,0.012713428,0.20625,0.10861877,1.0,,,,,,,,,,,,,,,,,,,,,,,,,,,,,,,,,,,,,,,,,,,,
551.0,-0.013860493418316766,0.045823607593774796,0.00011446476128185168,0.43002358078956604,0.0,0.17444918,0.08640164,1.0001141,0.09669452,0.04974098,4.5090516e-07,0.006875992,-0.006394148,0.01641965,-0.065944895,0.1013318,-0.016413594,0.206625,0.108811244,1.0,,,,,,,,,,,,,,,,,,,,,,,,,,,,,,,,,,,,,,,,,,,,
552.0,-0.013790422819687956,0.04573109373450279,0.00011446476128185168,0.43235692381858826,0.0,0.17485091,0.08660766,1.0001141,0.09641547,0.04944417,6.7039167e-07,0.007065773,-0.006426573,0.016471386,0.045674272,-0.0070550675,0.012697232,0.207,0.10900369,1.0,,,,,,,,,,,,,,,,,,,,,,,,,,,,,,,,,,,,,,,,,,,,
553.0,-0.013718495747963608,0.04564005881547928,0.00011446476128185168,0.43473705649375916,0.0,0.17525147,0.08681241,1.0001141,0.0961353,0.04913964,5.562641e-07,0.006798029,-0.006000042,0.016404867,-0.06593777,0.10131546,-0.016395101,0.207375,0.109196104,1.0,,,,,,,,,,,,,,,,,,,,,,,,,,,,,,,,,,,,,,,,,,,,
554.0,-0.013645642323430369,0.04555049166083336,0.00011446476128185168,0.43716350197792053,0.0,0.17565094,0.087015934,1.0001141,0.09587245,0.04884643,7.6727423e-07,0.00698781,-0.0060327053,0.016456604,0.045691144,-0.0070706685,0.012681033,0.20775,0.1093885,1.0,,,,,,,,,,,,,,,,,,,,,,,,,,,,,,,,,,,,,,,,,,,,
555.0,-0.013570954337128936,0.04546239227056503,0.00011446476128185168,0.4396359622478485,0.0,0.1760493,0.08721821,1.0001141,0.09560847,0.048545502,6.562292e-07,0.006720066,-0.0056061745,0.016389847,-0.06593064,0.10129914,-0.016376615,0.208125,0.10958086,1.0,,,,,,,,,,,,,,,,,,,,,,,,,,,,,,,,,,,,,,,,,,,,
556.0,-0.013495358166914235,0.04537574574351311,0.00011446476128185168,0.4421541392803192,0.0,0.17644665,0.08741927,1.0001141,0.0953618,0.04825589,8.5876945e-07,0.0069100857,-0.005638838,0.016441584,0.045708004,-0.007086265,0.012664831,0.2085,0.1097732,1.0,,,,,,,,,,,,,,,,,,,,,,,,,,,,,,,,,,,,,,,,,,,,
557.0,-0.013417946399220091,0.045290566980838776,0.00011446476128185168,0.4447177052497864,0.0,0.17684296,0.0876191,1.0001141,0.095114,0.047958553,7.5080703e-07,0.0066423416,-0.005212307,0.016374826,-0.06592351,0.10128282,-0.01635813,0.208875,0.1099655,1.0,,,,,,,,,,,,,,,,,,,,,,,,,,,,,,,,,,,,,,,,,,,,
558.0,-0.013339630859712634,0.04520682245492935,0.00011446476128185168,0.4473263621330261,0.0,0.1772383,0.087817736,1.0001141,0.094883494,0.04767253,9.448834e-07,0.006832361,-0.0052449703,0.016426563,0.04572485,-0.007101856,0.012648624,0.20925,0.11015778,1.0,,,,,,,,,,,,,,,,,,,,,,,,,,,,,,,,,,,,,,,,,,,,
559.0,-0.013259517568578304,0.04512450844049454,0.00011446476128185168,0.4499797821044922,0.0,0.17763269,0.08801515,1.0001141,0.09465185,0.04737878,8.4000385e-07,0.006564617,-0.004818678,0.016359806,-0.06591638,0.10126651,-0.01633965,0.209625,0.110350035,1.0,,,,,,,,,,,,,,,,,,,,,,,,,,,,,,,,,,,,,,,,,,,,
560.0,-0.013178535651431598,0.04504364728927612,0.00011446476128185168,0.45267757773399353,0.0,0.17802618,0.08821138,1.0001141,0.094437495,0.047096334,1.025622e-06,0.006754875,-0.0048513412,0.016411543,0.04574168,-0.007117443,0.012632414,0.21,0.11054226,1.0,,,,,,,,,,,,,,,,,,,,,,,,,,,,,,,,,,,,,,,,,,,,
561.0,-0.0130957763650913,0.04496422037482262,0.00011446476128185168,0.45541948080062866,0.0,0.17841877,0.08840641,1.0001141,0.094222,0.046806164,9.238258e-07,0.006487131,-0.004425049,0.016344786,-0.065909244,0.10125022,-0.016321175,0.210375,0.110734455,1.0,,,,,,,,,,,,,,,,,,,,,,,,,,,,,,,,,,,,,,,,,,,,
562.0,-0.01301201453091053,0.04488619416952133,0.00011446476128185168,0.45820510387420654,0.0,0.17881054,0.08860027,1.0001141,0.09402379,0.0465273,1.1009917e-06,0.0066771507,-0.0044579506,0.016396523,0.0457585,-0.0071330243,0.012616199,0.21075,0.11092663,1.0,,,,,,,,,,,,,,,,,,,,,,,,,,,,,,,,,,,,,,,,,,,,
563.0,-0.012926493686115283,0.04480956867337227,0.00011446476128185168,0.46103420853614807,0.0,0.17920147,0.08879294,1.0001141,0.093824424,0.0462407,1.0022787e-06,0.006409645,-0.0043280125,0.01632762,-0.064733684,0.030108796,-0.016777689,0.211125,0.11111877,1.0,,,,,,,,,,,,,,,,,,,,,,,,,,,,,,,,,,,,,,,,,,,,
564.0,-0.01284014571861553,0.04473433643579483,0.00011446476128185168,0.46390628814697266,0.0,0.1795916,0.08898447,1.0001141,0.093630224,0.045965206,1.1203531e-06,0.0065996647,-0.0046572685,0.016377449,0.04692963,-0.078257225,0.012157482,0.2115,0.111310884,1.0,,,,,,,,,,,,,,,,,,,,,,,,,,,,,,,,,,,,,,,,,,,,
565.0,-0.0127524452556434,0.044660478830337524,0.00011446476128185168,0.46682098507881165,0.0,0.17998086,0.08917481,1.0001141,0.093422756,0.04568178,9.816085e-07,0.006332159,-0.0045273304,0.016308784,-0.0647205,0.030126028,-0.016791852,0.211875,0.11150297,1.0,,,,,,,,,,,,,,,,,,,,,,,,,,,,,,,,,,,,,,,,,,,,
566.0,-0.012663309451293025,0.044587939977645874,0.00011446476128185168,0.4697781503200531,0.0,0.18036927,0.08936401,1.0001141,0.09322046,0.045409452,1.1092897e-06,0.006522417,-0.0048565865,0.016358614,0.04693493,-0.07824001,0.012173744,0.21225,0.11169503,1.0,,,,,,,,,,,,,,,,,,,,,,,,,,,,,,,,,,,,,,,,,,,,
567.0,-0.012573378301277994,0.04451674968004227,0.00011441707465564832,0.47277718782424927,0.0,0.18075679,0.08955205,1.0001141,0.0930049,0.04512919,9.662165e-07,0.0062549114,-0.0047266483,0.01628995,-0.06470731,0.03014325,-0.016806005,0.212625,0.11188706,1.0,,,,,,,,,,,,,,,,,,,,,,,,,,,,,,,,,,,,,,,,,,,,
568.0,-0.012481744763274768,0.04444688931107521,0.00011441707465564832,0.47581782937049866,0.0,0.18114345,0.089738965,1.0001141,0.09279451,0.044860028,1.0951245e-06,0.0064451694,-0.005055666,0.016339779,0.04694022,-0.0782228,0.012189993,0.213,0.11207906,1.0,,,,,,,,,,,,,,,,,,,,,,,,,,,,,,,,,,,,,,,,,,,,
569.0,-0.012389211508516747,0.044378310441970825,0.00011441707465564832,0.47889962792396545,0.0,0.18152915,0.08992473,1.0001141,0.09257087,0.044582926,9.4969243e-07,0.006177664,-0.0049254894,0.016270876,-0.06469412,0.030160464,-0.016820142,0.213375,0.11227103,1.0,,,,,,,,,,,,,,,,,,,,,,,,,,,,,,,,,,,,,,,,,,,,
570.0,-0.012294997062050972,0.044310975819826126,0.00011441707465564832,0.4820222556591034,0.0,0.18191396,0.090109386,1.0001141,0.0923524,0.044316925,1.0793666e-06,0.006367922,-0.005254507,0.016320944,0.046945505,-0.07820559,0.012206228,0.21375,0.11246298,1.0,,,,,,,,,,,,,,,,,,,,,,,,,,,,,,,,,,,,,,,,,,,,
571.0,-0.012200032509207814,0.044244926422834396,0.00011441707465564832,0.48518526554107666,0.0,0.1822978,0.09029289,1.0001141,0.092120685,0.044042982,9.3168654e-07,0.006100416,-0.005124569,0.01625204,-0.06468094,0.030177668,-0.016834268,0.214125,0.1126549,1.0,,,,,,,,,,,,,,,,,,,,,,,,,,,,,,,,,,,,,,,,,,,,
572.0,-0.012103414679452546,0.04418012499809265,0.00011441707465564832,0.48838821053504944,0.0,0.18268068,0.09047531,1.0001141,0.09189415,0.043780133,1.0621022e-06,0.0062909126,-0.005453348,0.016302109,0.046950787,-0.0781884,0.012222452,0.2145,0.11284679,1.0,,,,,,,,,,,,,,,,,,,,,,,,,,,,,,,,,,,,,,,,,,,,
573.0,-0.012006074915918728,0.04411657899618149,0.00011441707465564832,0.49163058400154114,0.0,0.18306257,0.0906566,1.0001141,0.09165437,0.04350934,9.1218277e-07,0.006023407,-0.0053231716,0.016233206,-0.06466776,0.030194864,-0.01684838,0.214875,0.11303865,1.0,,,,,,,,,,,,,,,,,,,,,,,,,,,,,,,,,,,,,,,,,,,,
574.0,-0.011907104213245477,0.04405424743890762,0.00011441707465564832,0.49491214752197266,0.0,0.18344349,0.09083681,1.0001141,0.09141977,0.043249644,1.0433395e-06,0.006213665,-0.005651951,0.016283274,0.046956066,-0.07817121,0.012238663,0.21525,0.11323048,1.0,,,,,,,,,,,,,,,,,,,,,,,,,,,,,,,,,,,,,,,,,,,,
575.0,-0.011807436295923256,0.04399316757917404,0.00011441707465564832,0.49823230504989624,0.0,0.18382338,0.0910159,1.0001141,0.091171935,0.042982,8.911832e-07,0.005946398,-0.0055217743,0.01621437,-0.06465459,0.03021205,-0.01686248,0.215625,0.11342229,1.0,,,,,,,,,,,,,,,,,,,,,,,,,,,,,,,,,,,,,,,,,,,,
576.0,-0.011706168694100055,0.043933238834142685,0.00011441707465564832,0.5015906095504761,0.0,0.18420225,0.09119392,1.0001141,0.09092929,0.042725448,1.0230821e-06,0.006136894,-0.0058505535,0.016264439,0.04696134,-0.07815402,0.01225486,0.216,0.11361407,1.0,,,,,,,,,,,,,,,,,,,,,,,,,,,,,,,,,,,,,,,,,,,,
577.0,-0.011604229903616946,0.04387451335787773,0.00011441707465564832,0.5049866437911987,0.0,0.18458006,0.09137084,1.0001141,0.09067341,0.04246095,8.686913e-07,0.005869627,-0.005720377,0.016195774,-0.064641416,0.03022923,-0.016876565,0.216375,0.113805816,1.0,,,,,,,,,,,,,,,,,,,,,,,,,,,,,,,,,,,,,,,,,,,,
578.0,-0.01150071990569486,0.04381699487566948,0.00011444091796875,0.5084198713302612,0.0,0.18495682,0.09154671,1.0001141,0.09042273,0.042207535,1.0013332e-06,0.006059885,-0.006048918,0.016245604,0.046966612,-0.07813685,0.012271046,0.21675,0.113997534,1.0,,,,,,,,,,,,,,,,,,,,,,,,,,,,,,,,,,,,,,,,,,,,
579.0,-0.011396567905967096,0.04376062750816345,0.00011444091796875,0.5118898749351501,0.0,0.18533248,0.09172148,1.0001142,0.090158805,0.041946173,8.447106e-07,0.005792618,-0.005918503,0.016176939,-0.06462824,0.0302464,-0.01689064,0.217125,0.11418923,1.0,,,,,,,,,,,,,,,,,,,,,,,,,,,,,,,,,,,,,,,,,,,,
580.0,-0.011290872414357,0.04370538517832756,0.00011444091796875,0.5153961181640625,0.0,0.18570706,0.091895215,1.0001142,0.08990009,0.0416959,6.101791e-07,0.0059831142,-0.006247282,0.016227007,0.04697188,-0.07811968,0.012287217,0.2175,0.11438089,1.0,,,,,,,,,,,,,,,,,,,,,,,,,,,,,,,,,,,,,,,,,,,,
581.0,-0.011184565072914121,0.04365130141377449,0.00011444091796875,0.5189381241798401,0.0,0.18608052,0.092067875,1.0001142,0.08962815,0.041437674,5.3769696e-07,0.0057160854,-0.006116867,0.016158104,-0.06461508,0.03026356,-0.016904699,0.217875,0.114572525,1.0,,,,,,,,,,,,,,,,,,,,,,,,,,,,,,,,,,,,,,,,,,,,
582.0,-0.0110767453859502,0.04359832778573036,0.00011444091796875,0.5225153565406799,0.0,0.18645285,0.0922395,1.0001142,0.089361414,0.04119053,6.515523e-07,0.0059063435,-0.006445408,0.016208172,0.046977144,-0.07810252,0.012303377,0.21825,0.11476413,1.0,,,,,,,,,,,,,,,,,,,,,,,,,,,,,,,,,,,,,,,,,,,,
583.0,-0.010968345828291785,0.04354647547006607,0.00011444091796875,0.526127278804779,0.0,0.18682402,0.092410065,1.0001142,0.08908146,0.040935434,4.952327e-07,0.0056393147,-0.0063147545,0.016139507,-0.06460191,0.030280711,-0.016918747,0.218625,0.11495571,1.0,,,,,,,,,,,,,,,,,,,,,,,,,,,,,,,,,,,,,,,,,,,,
584.0,-0.01089245983200963,0.043495696038007736,0.00011444091796875,0.528641402721405,0.0,0.18719405,0.09257961,1.0001142,0.08880671,0.04069142,6.2899204e-07,0.005829811,-0.0066432953,0.016189575,0.0469824,-0.07808537,0.012319523,0.219,0.115147255,1.0,,,,,,,,,,,,,,,,,,,,,,,,,,,,,,,,,,,,,,,,,,,,
585.0,-0.011024450000638173,0.04344601184129715,0.00011444091796875,0.5242393016815186,0.0,0.18756288,0.09274811,1.0001142,0.088518746,0.04043945,4.6595042e-07,0.0055627823,-0.006512642,0.016120672,-0.064588755,0.030297855,-0.01693278,0.219375,0.11533877,1.0,,,,,,,,,,,,,,,,,,,,,,,,,,,,,,,,,,,,,,,,,,,,
586.0,-0.011155500951565776,0.043397389352321625,0.00011444091796875,0.5198582410812378,0.0,0.18793052,0.0929156,1.0001142,0.088236,0.040198557,6.015124e-07,0.0057532787,-0.0068411827,0.016170979,0.046987657,-0.07806823,0.012335656,0.21975,0.11553027,1.0,,,,,,,,,,,,,,,,,,,,,,,,,,,,,,,,,,,,,,,,,,,,
587.0,-0.011286134518922337,0.043349817395210266,0.00011444091796875,0.5154989957809448,0.0,0.18829694,0.09308206,1.0001142,0.08794004,0.039949708,4.3600053e-07,0.00548625,-0.0067105293,0.016102076,-0.0645756,0.03031499,-0.016946802,0.220125,0.115721725,1.0,,,,,,,,,,,,,,,,,,,,,,,,,,,,,,,,,,,,,,,,,,,,
588.0,-0.011415933212920937,0.043303221464157104,0.00011444091796875,0.5111623406410217,0.0,0.18866216,0.093247525,1.0001142,0.08764929,0.039711934,5.7236866e-07,0.0056767464,-0.0070388317,0.016152143,0.04699291,-0.07805109,0.012351777,0.2205,0.11591316,1.0,,,,,,,,,,,,,,,,,,,,,,,,,,,,,,,,,,,,,,,,,,,,
589.0,-0.011545117378655415,0.04325772449374199,0.00011444091796875,0.5068490505218506,0.0,0.18902609,0.09341197,1.0001142,0.08734535,0.039466202,4.046232e-07,0.005409956,-0.0069081783,0.016083479,-0.06456244,0.030332115,-0.016960809,0.220875,0.116104566,1.0,,,,,,,,,,,,,,,,,,,,,,,,,,,,,,,,,,,,,,,,,,,,
590.0,-0.011673570844648205,0.04321319982409477,0.00011444091796875,0.5025599598884583,0.0,0.18938878,0.09357543,1.0001142,0.08704662,0.039231542,5.4174336e-07,0.0056004524,-0.0072364807,0.016133547,0.046998154,-0.07803396,0.012367886,0.22125,0.11629594,1.0,,,,,,,,,,,,,,,,,,,,,,,,,,,,,,,,,,,,,,,,,,,,
591.0,-0.011801278828122305,0.04316966235637665,0.00011444091796875,0.49829575419425964,0.0,0.18975018,0.093737885,1.0001142,0.0867347,0.03898892,3.717796e-07,0.0053334236,-0.007105589,0.016064882,-0.06454929,0.030349232,-0.016974805,0.221625,0.11648729,1.0,,,,,,,,,,,,,,,,,,,,,,,,,,,,,,,,,,,,,,,,,,,,
592.0,-0.011928362592724444,0.04312705621123314,0.00011444091796875,0.4940572679042816,0.0,0.1901103,0.09389938,1.0001142,0.086428,0.038757373,5.0964974e-07,0.0055241585,-0.0074338913,0.01611495,0.047003396,-0.07801685,0.012383981,0.222,0.1166786,1.0,,,,,,,,,,,,,,,,,,,,,,,,,,,,,,,,,,,,,,,,,,,,
593.0,-0.012054428165859284,0.043085455894470215,0.00011444091796875,0.4898454248905182,0.0,0.19046907,0.09405987,1.0001142,0.0861081,0.03851786,3.374709e-07,0.005257368,-0.0073029995,0.016046286,-0.06453614,0.03036634,-0.016988786,0.222375,0.11686989,1.0,,,,,,,,,,,,,,,,,,,,,,,,,,,,,,,,,,,,,,,,,,,,
594.0,-0.01217997646685981,0.043044816702604294,0.00011444091796875,0.4856608211994171,0.0,0.19082655,0.09421941,1.0001142,0.08579344,0.038289417,4.7609177e-07,0.0054478645,-0.0076310635,0.016096354,0.047008637,-0.07799973,0.012400064,0.22275,0.117061146,1.0,,,,,,,,,,,,,,,,,,,,,,,,,,,,,,,,,,,,,,,,,,,,
595.0,-0.012304134536311906,0.043005093932151794,0.00011444091796875,0.4815044701099396,0.0,0.19118266,0.094377965,1.0001142,0.08546559,0.038053006,3.0170014e-07,0.005181074,-0.0075001717,0.016027689,-0.064523,0.03038344,-0.017002754,0.223125,0.11725238,1.0,,,,,,,,,,,,,,,,,,,,,,,,,,,,,,,,,,,,,,,,,,,,
596.0,-0.012427878668774794,0.04296630620956421,0.00011444091796875,0.4773770272731781,0.0,0.19153742,0.094535574,1.0001142,0.08514298,0.037827663,4.4107279e-07,0.005371809,-0.007487774,0.016079664,0.04570161,0.003687388,0.012839323,0.2235,0.11744358,1.0,,,,,,,,,,,,,,,,,,,,,,,,,,,,,,,,,,,,,,,,,,,,
597.0,-0.01255028024823405,0.042928434908390045,0.00011444091796875,0.47327929735183716,0.0,0.19189084,0.09469222,1.0001142,0.08482108,0.037594575,3.7100625e-07,0.0051050186,-0.007016659,0.016012669,-0.06583536,0.11205158,-0.016556172,0.223875,0.11763475,1.0,,,,,,,,,,,,,,,,,,,,,,,,,,,,,,,,,,,,,,,,,,,,
598.0,-0.0126722284386924,0.04289141297340393,0.00011444091796875,0.46921199560165405,0.0,0.192243,0.09484794,1.0001142,0.08451834,0.037372775,5.8427077e-07,0.0052957535,-0.0070044994,0.016064644,0.045720115,0.0036667173,0.012818155,0.22425,0.11782589,1.0,,,,,,,,,,,,,,,,,,,,,,,,,,,,,,,,,,,,,,,,,,,,
599.0,-0.012792781695144367,0.042855240404605865,0.00011444091796875,0.4651760160923004,0.0,0.1925939,0.0950027,1.0001142,0.08421631,0.03714323,4.971674e-07,0.005028963,-0.0065333843,0.015997648,-0.06582934,0.112030186,-0.016532643,0.224625,0.118017,1.0,,,,,,,,,,,,,,,,,,,,,,,,,,,,,,,,,,,,,,,,,,,,
600.0,-0.012912829976190554,0.042819906026124954,0.00011444091796875,0.4611721932888031,0.0,0.19294362,0.09515656,1.0001142,0.08393342,0.03692497,7.042612e-07,0.005219698,-0.006521225,0.016049623,0.045738596,0.0036460536,0.012796984,0.225,0.11820808,1.0,,,,,,,,,,,,,,,,,,,,,,,,,,,,,,,,,,,,,,,,,,,,
601.0,-0.013031437949614338,0.04278542846441269,0.00011444091796875,0.4572012424468994,0.0,0.19329217,0.09530947,1.0001142,0.08365123,0.03669896,6.189185e-07,0.0049529076,-0.00605011,0.015982628,-0.06582332,0.1120088,-0.016509118,0.225375,0.118399136,1.0,,,,,,,,,,,,,,,,,,,,,,,,,,,,,,,,,,,,,,,,,,,,
602.0,-0.013149493614477254,0.042751677334308624,0.00011444091796875,0.4532639980316162,0.0,0.19363962,0.09546149,1.0001142,0.08338818,0.03648423,8.154373e-07,0.005143881,-0.006038189,0.016034603,0.04575706,0.0036253966,0.012775809,0.22575,0.11859016,1.0,,,,,,,,,,,,,,,,,,,,,,,,,,,,,,,,,,,,,,,,,,,,
603.0,-0.013266059610160304,0.04271874576807022,0.00011444091796875,0.44936123490333557,0.0,0.19398598,0.09561258,1.0001142,0.083125815,0.036261745,7.328924e-07,0.0048770905,-0.005567074,0.015967607,-0.06581728,0.11198743,-0.0164856,0.226125,0.11878115,1.0,,,,,,,,,,,,,,,,,,,,,,,,,,,,,,,,,,,,,,,,,,,,
604.0,-0.013382024873491905,0.042686548084020615,0.00011444091796875,0.44549381732940674,0.0,0.19433132,0.09576279,1.0001142,0.08288258,0.03605054,9.186011e-07,0.0050680637,-0.005555153,0.016019583,0.045775503,0.0036047464,0.01275463,0.2265,0.118972115,1.0,,,,,,,,,,,,,,,,,,,,,,,,,,,,,,,,,,,,,,,,,,,,
605.0,-0.013496453554694018,0.04265507683157921,0.00011444091796875,0.4416624903678894,0.0,0.19467565,0.095912084,1.0001142,0.08264003,0.035831578,8.3891257e-07,0.0048012733,-0.005084276,0.015952349,-0.06581124,0.11196607,-0.01646209,0.226875,0.11916305,1.0,,,,,,,,,,,,,,,,,,,,,,,,,,,,,,,,,,,,,,,,,,,,
606.0,-0.013610233034890557,0.04262431710958481,0.00011444091796875,0.4378680884838104,0.0,0.19501907,0.09606052,1.0001142,0.082416594,0.03562389,1.0138056e-06,0.0049922466,-0.0050723553,0.016004562,0.04579393,0.003584103,0.012733448,0.22725,0.11935395,1.0,,,,,,,,,,,,,,,,,,,,,,,,,,,,,,,,,,,,,,,,,,,,
607.0,-0.013722424340694853,0.04259425401687622,0.00011444091796875,0.43411144614219666,0.0,0.19536154,0.09620806,1.0001142,0.08219384,0.035408445,9.3697804e-07,0.0047256947,-0.004601717,0.015937328,-0.0658052,0.11194473,-0.016438583,0.227625,0.11954483,1.0,,,,,,,,,,,,,,,,,,,,,,,,,,,,,,,,,,,,,,,,,,,,
608.0,-0.013833919573609821,0.04256485775113106,0.00011444091796875,0.4303933382034302,0.0,0.19570316,0.09635474,1.0001142,0.08199019,0.03520427,1.1010625e-06,0.004916668,-0.004589796,0.015989304,0.04581233,0.0035634665,0.012712263,0.228,0.11973567,1.0,,,,,,,,,,,,,,,,,,,,,,,,,,,,,,,,,,,,,,,,,,,,
609.0,-0.013944097052328292,0.04253610223531723,0.00011444091796875,0.42671459913253784,0.0,0.19604394,0.09650054,1.0001142,0.081787206,0.03499233,1.0270977e-06,0.004650116,-0.004119158,0.01592207,-0.06579915,0.1119234,-0.016415084,0.228375,0.11992648,1.0,,,,,,,,,,,,,,,,,,,,,,,,,,,,,,,,,,,,,,,,,,,,
610.0,-0.014053527260368357,0.04250795394182205,0.00011448860459495336,0.4230760335922241,0.0,0.19638395,0.096645504,1.0001142,0.081603326,0.03479166,1.1803813e-06,0.0048413277,-0.0041074753,0.015974283,0.04583072,0.0035428365,0.012691074,0.22875,0.12011727,1.0,,,,,,,,,,,,,,,,,,,,,,,,,,,,,,,,,,,,,,,,,,,,
611.0,-0.01416105825461782,0.0424804724752903,0.00011448860459495336,0.41947847604751587,0.0,0.19672321,0.096789606,1.0001142,0.08142011,0.034583222,1.1092806e-06,0.0045745373,-0.003636837,0.01590705,-0.06579309,0.11190207,-0.01639159,0.229125,0.12030803,1.0,,,,,,,,,,,,,,,,,,,,,,,,,,,,,,,,,,,,,,,,,,,,
612.0,-0.0142677961685582,0.042453642934560776,0.00011448860459495336,0.4159226715564728,0.0,0.19706178,0.09693288,1.0001142,0.08125598,0.034386054,1.2517716e-06,0.004765749,-0.003625393,0.015959024,0.045849085,0.0035222135,0.012669881,0.2295,0.12049875,1.0,,,,,,,,,,,,,,,,,,,,,,,,,,,,,,,,,,,,,,,,,,,,
613.0,-0.01437280033188545,0.042427461594343185,0.00011448860459495336,0.4124094843864441,0.0,0.19739966,0.0970753,1.0001142,0.0810925,0.03418111,1.1835363e-06,0.004499197,-0.0031547546,0.01589179,-0.065787025,0.11188077,-0.016368102,0.229875,0.120689444,1.0,,,,,,,,,,,,,,,,,,,,,,,,,,,,,,,,,,,,,,,,,,,,
614.0,-0.014477256748725634,0.04240186884999275,0.00011448860459495336,0.4089396893978119,0.0,0.19773693,0.09721691,1.0001142,0.0809481,0.033987433,1.3152422e-06,0.0046904087,-0.0031433105,0.015943766,0.045867432,0.0035015976,0.012648685,0.23025,0.120880105,1.0,,,,,,,,,,,,,,,,,,,,,,,,,,,,,,,,,,,,,,,,,,,,
615.0,-0.014579472329656711,0.04237695038318634,0.00011448860459495336,0.4055141508579254,0.0,0.19807363,0.09735769,1.0001142,0.08080435,0.03378598,1.2498738e-06,0.0044238567,-0.0032656193,0.015873909,-0.06351122,-0.030354485,-0.017011758,0.230625,0.12107074,1.0,,,,,,,,,,,,,,,,,,,,,,,,,,,,,,,,,,,,,,,,,,,,
616.0,-0.014681255224439884,0.042352672666311264,0.00011451244063209742,0.40213361382484436,0.0,0.19840969,0.09749767,1.0001142,0.08065545,0.0335954,1.2988713e-06,0.004615307,-0.002929926,0.015927315,0.04463312,0.08124364,0.01299853,0.231,0.12126134,1.0,,,,,,,,,,,,,,,,,,,,,,,,,,,,,,,,,,,,,,,,,,,,
617.0,-0.014781007876072182,0.04232903942465782,0.00011451244063209742,0.39879897236824036,0.0,0.19874519,0.09763683,1.0001143,0.08052043,0.033397257,1.2945055e-06,0.0043485165,-0.0030522346,0.015857458,-0.06351694,-0.03036052,-0.016995056,0.231375,0.121451914,1.0,,,,,,,,,,,,,,,,,,,,,,,,,,,,,,,,,,,,,,,,,,,,
618.0,-0.014879758919760571,0.042306043207645416,0.00011451244063209742,0.3955109119415283,0.0,0.19908011,0.0977752,1.0001143,0.08038027,0.03320999,9.615019e-07,0.0045399666,-0.0027167797,0.015910864,0.04463563,0.08123816,0.012983523,0.23175,0.12164246,1.0,,,,,,,,,,,,,,,,,,,,,,,,,,,,,,,,,,,,,,,,,,,,
619.0,-0.014976962623516013,0.04228371009230614,0.00011451244063209742,0.3922702968120575,0.0,0.1994145,0.097912766,1.0001143,0.08025398,0.033015154,1.0444826e-06,0.004273176,-0.0028390884,0.015841007,-0.063522644,-0.030366551,-0.016978353,0.232125,0.121832974,1.0,,,,,,,,,,,,,,,,,,,,,,,,,,,,,,,,,,,,,,,,,,,,
620.0,-0.015072785050211679,0.04226202517747879,0.00011451244063209742,0.3890778720378876,0.0,0.19974834,0.09804956,1.0001143,0.08012254,0.032831192,1.0591424e-06,0.0044646263,-0.0025036335,0.015894413,0.04463814,0.08123268,0.012968519,0.2325,0.122023456,1.0,,,,,,,,,,,,,,,,,,,,,,,,,,,,,,,,,,,,,,,,,,,,
621.0,-0.015167140049549199,0.04224098473787308,0.00011451244063209742,0.38593441247940063,0.0,0.20008169,0.09818556,1.0001143,0.08000498,0.032639664,1.0581623e-06,0.004197836,-0.0026259422,0.015824556,-0.063528344,-0.030372579,-0.016961653,0.232875,0.12221391,1.0,,,,,,,,,,,,,,,,,,,,,,,,,,,,,,,,,,,,,,,,,,,,
622.0,-0.015260004301794836,0.04222055897116661,0.00011451244063209742,0.38284066319465637,0.0,0.20041454,0.098320805,1.0001143,0.079882264,0.03245901,1.0927796e-06,0.004389286,-0.0022904873,0.015877962,0.044640638,0.08122721,0.012953515,0.23325,0.12240433,1.0,,,,,,,,,,,,,,,,,,,,,,,,,,,,,,,,,,,,,,,,,,,,
623.0,-0.015351357204943636,0.042200859636068344,0.00011446476128185168,0.37979739904403687,0.0,0.20074692,0.098455265,1.0001143,0.079773426,0.032270785,1.084778e-06,0.0041224957,-0.002412796,0.015808105,-0.063534044,-0.030378602,-0.01694495,0.233625,0.122594714,1.0,,,,,,,,,,,,,,,,,,,,,,,,,,,,,,,,,,,,,,,,,,,,
624.0,-0.015441175976951129,0.04218176752328873,0.00011446476128185168,0.37680527567863464,0.0,0.20107885,0.09858899,1.0001143,0.079659425,0.032093436,1.121289e-06,0.004313946,-0.002077341,0.015861511,0.044643138,0.08122174,0.0129385125,0.234,0.12278508,1.0,,,,,,,,,,,,,,,,,,,,,,,,,,,,,,,,,,,,,,,,,,,,
625.0,-0.015528910243187422,0.04216335341334343,0.00011446476128185168,0.37386512756347656,0.0,0.20141034,0.098721944,1.0001143,0.0795593,0.03190852,1.1105078e-06,0.0040471554,-0.0021998882,0.015791416,-0.06353973,-0.030384623,-0.01692825,0.234375,0.12297541,1.0,,,,,,,,,,,,,,,,,,,,,,,,,,,,,,,,,,,,,,,,,,,,
626.0,-0.015609938544609032,0.04214560240507126,0.00011446476128185168,0.37097761034965515,0.0,0.2017414,0.09885417,1.0001143,0.079454005,0.03173447,1.1479168e-06,0.0042386055,-0.0018644333,0.01584506,0.04464563,0.08121627,0.012923512,0.23475,0.123165704,1.0,,,,,,,,,,,,,,,,,,,,,,,,,,,,,,,,,,,,,,,,,,,,
627.0,-0.015689255499944196,0.0421285405755043,0.00011446476128185168,0.3681434392929077,0.0,0.20207208,0.098985635,1.0001143,0.07936258,0.031552855,1.134591e-06,0.003971815,-0.001986742,0.015774965,-0.06354542,-0.030390639,-0.016911551,0.235125,0.12335597,1.0,,,,,,,,,,,,,,,,,,,,,,,,,,,,,,,,,,,,,,,,,,,,
628.0,-0.015766897702914503,0.04211210459470749,0.00011446476128185168,0.3653632700443268,0.0,0.20240235,0.0991164,1.0001143,0.07926599,0.03138211,1.1728426e-06,0.004163265,-0.0016515255,0.015828371,0.044648122,0.0812108,0.012908513,0.2355,0.123546205,1.0,,,,,,,,,,,,,,,,,,,,,,,,,,,,,,,,,,,,,,,,,,,,
629.0,-0.015842793302324572,0.042096368968486786,0.00011446476128185168,0.36263778805732727,0.0,0.20273228,0.09924641,1.0001143,0.079183266,0.031203799,1.1569865e-06,0.0038964748,-0.0017738342,0.015758514,-0.0635511,-0.030396653,-0.01689485,0.235875,0.12373641,1.0,,,,,,,,,,,,,,,,,,,,,,,,,,,,,,,,,,,,,,,,,,,,
630.0,-0.015916905126325948,0.0420813225209713,0.00011446476128185168,0.35996755957603455,0.0,0.20306185,0.09937573,1.0001143,0.07909538,0.031036355,1.1960774e-06,0.0040876865,-0.0014386177,0.01581192,0.044650607,0.08120534,0.012893515,0.23625,0.12392659,1.0,,,,,,,,,,,,,,,,,,,,,,,,,,,,,,,,,,,,,,,,,,,,
631.0,-0.01598923623551018,0.042066946625709534,0.00011446476128185168,0.3573533892631531,0.0,0.2033911,0.09950432,1.0001143,0.07902135,0.030861342,1.1776928e-06,0.0038208961,-0.0015609264,0.015742064,-0.063556775,-0.030402662,-0.016878152,0.236625,0.12411673,1.0,,,,,,,,,,,,,,,,,,,,,,,,,,,,,,,,,,,,,,,,,,,,
632.0,-0.01605982576845345,0.0420532301068306,0.00011446476128185168,0.35479575395584106,0.0,0.20372003,0.099632226,1.0001143,0.07894215,0.0306972,1.2176225e-06,0.0040123463,-0.0012257099,0.01579547,0.04465309,0.08119987,0.012878518,0.237,0.12430684,1.0,,,,,,,,,,,,,,,,,,,,,,,,,,,,,,,,,,,,,,,,,,,,
633.0,-0.016128606423340172,0.042040180414915085,0.00011446476128185168,0.35229530930519104,0.0,0.20404868,0.099759415,1.0001143,0.07887681,0.030525487,1.1967106e-06,0.0037455559,-0.0013482571,0.015725613,-0.063562445,-0.03040867,-0.016861454,0.237375,0.12449693,1.0,,,,,,,,,,,,,,,,,,,,,,,,,,,,,,,,,,,,,,,,,,,,
634.0,-0.01619561567298151,0.04202781617641449,0.00011446476128185168,0.3498525619506836,0.0,0.20437704,0.09988593,1.0001143,0.07880629,0.030364642,1.2374788e-06,0.003937006,-0.0010128021,0.01577878,0.04465557,0.08119441,0.012863522,0.23775,0.12468698,1.0,,,,,,,,,,,,,,,,,,,,,,,,,,,,,,,,,,,,,,,,,,,,
635.0,-0.016260787420296404,0.042016129940748215,0.00011446476128185168,0.34746813774108887,0.0,0.20470516,0.10001175,1.0001143,0.078749634,0.030196227,1.214041e-06,0.0036699772,-0.0011353493,0.015708923,-0.063568115,-0.030414673,-0.016844755,0.238125,0.124877,1.0,,,,,,,,,,,,,,,,,,,,,,,,,,,,,,,,,,,,,,,,,,,,
636.0,-0.016324159045403214,0.042005062103271484,0.00011446476128185168,0.34514251351356506,0.0,0.20503303,0.10013691,1.0001143,0.078687795,0.030038679,1.2556474e-06,0.0038614273,-0.00080013275,0.01576233,0.044658046,0.08118895,0.012848529,0.2385,0.12506698,1.0,,,,,,,,,,,,,,,,,,,,,,,,,,,,,,,,,,,,,,,,,,,,
637.0,-0.016385669175380466,0.04199472814798355,0.00011446476128185168,0.34287625551223755,0.0,0.2053607,0.10026138,1.0001143,0.07863981,0.029873561,1.2296849e-06,0.003594637,-0.0009226799,0.015692472,-0.06357377,-0.030420672,-0.016828058,0.238875,0.12525694,1.0,,,,,,,,,,,,,,,,,,,,,,,,,,,,,,,,,,,,,,,,,,,,
638.0,-0.016445356097470724,0.041985027492046356,0.00011446476128185168,0.34066975116729736,0.0,0.20568813,0.10038522,1.0001143,0.078586645,0.02971931,1.2721289e-06,0.003786087,-0.00058722496,0.015745878,0.044660516,0.08118349,0.012833537,0.23925,0.12544687,1.0,,,,,,,,,,,,,,,,,,,,,,,,,,,,,,,,,,,,,,,,,,,,
639.0,-0.016503159111514835,0.0419759675860405,0.00011446476128185168,0.33852359652519226,0.0,0.20601542,0.10050837,1.0001143,0.07854733,0.029557487,1.2436432e-06,0.0035190582,-0.0007100105,0.015675783,-0.06357943,-0.030426668,-0.016811362,0.239625,0.12563676,1.0,,,,,,,,,,,,,,,,,,,,,,,,,,,,,,,,,,,,,,,,,,,,
640.0,-0.01655911710387809,0.041967593133449554,0.00011446476128185168,0.3364381194114685,0.0,0.20634252,0.1006309,1.0001143,0.078502834,0.02940653,1.2869244e-06,0.0037105083,-0.0003745556,0.015729189,0.044662982,0.08117804,0.012818545,0.24,0.12582663,1.0,,,,,,,,,,,,,,,,,,,,,,,,,,,,,,,,,,,,,,,,,,,,
641.0,-0.016613176263604694,0.04195990413427353,0.00011448860459495336,0.3344137668609619,0.0,0.20666948,0.10075276,1.0001143,0.07847218,0.029248003,1.2559166e-06,0.0034434795,-0.00049734116,0.015659332,-0.06358508,-0.03043266,-0.016794665,0.240375,0.12601645,1.0,,,,,,,,,,,,,,,,,,,,,,,,,,,,,,,,,,,,,,,,,,,,
642.0,-0.016665372224588648,0.041952867060899734,0.00011448860459495336,0.3324509263038635,0.0,0.2069963,0.100874014,1.0001144,0.078436345,0.02910034,1.3000347e-06,0.0036349297,-0.00016212463,0.0157125,0.04466545,0.081172585,0.0128035555,0.24075,0.12620625,1.0,,,,,,,,,,,,,,,,,,,,,,,,,,,,,,,,,,,,,,,,,,,,
643.0,-0.01671570507001707,0.041946474462747574,0.00011448860459495336,0.3305499851703644,0.0,0.20732303,0.100994624,1.0001144,0.07841434,0.028945105,8.985787e-07,0.0033681393,-0.00028467178,0.015642881,-0.06359073,-0.03043865,-0.01677797,0.241125,0.12639603,1.0,,,,,,,,,,,,,,,,,,,,,,,,,,,,,,,,,,,,,,,,,,,,
644.0,-0.016764058655735794,0.04194074869155884,0.00011448860459495336,0.32871127128601074,0.0,0.20764965,0.10111462,1.0001144,0.07838716,0.028800735,1.0299175e-06,0.003559351,5.054474e-05,0.015696049,0.044667907,0.08116713,0.012788567,0.2415,0.12658577,1.0,,,,,,,,,,,,,,,,,,,,,,,,,,,,,,,,,,,,,,,,,,,,
645.0,-0.01681080455102674,0.04193570464849472,0.00011448860459495336,0.3269350528717041,0.0,0.20797619,0.101234,1.0001144,0.07837382,0.028648792,9.735876e-07,0.0032925606,-7.224083e-05,0.015626192,-0.06359637,-0.030444635,-0.016761275,0.241875,0.12677546,1.0,,,,,,,,,,,,,,,,,,,,,,,,,,,,,,,,,,,,,,,,,,,,
646.0,-0.016854999380471056,0.041931282728910446,0.00011448860459495336,0.32522153854370117,0.0,0.20830268,0.10135278,1.0001144,0.07835528,0.028507713,1.0241404e-06,0.0034840107,0.0002629757,0.01567936,0.044670362,0.08116168,0.01277358,0.24225,0.12696514,1.0,,,,,,,,,,,,,,,,,,,,,,,,,,,,,,,,,,,,,,,,,,,,
647.0,-0.01689772545669803,0.041927553713321686,0.00011448860459495336,0.32357117533683777,0.0,0.20862915,0.10147094,1.0001144,0.07835058,0.02835906,9.844558e-07,0.003216982,0.00014042854,0.015609503,-0.063602,-0.030450618,-0.01674458,0.242625,0.12715478,1.0,,,,,,,,,,,,,,,,,,,,,,,,,,,,,,,,,,,,,,,,,,,,
648.0,-0.01693810671020765,0.041924428194761276,0.00011448860459495336,0.3219839632511139,0.0,0.20895556,0.10158853,1.0001144,0.07834069,0.028221272,1.0313453e-06,0.003408432,0.00047564507,0.015662909,0.044672817,0.08115623,0.012758595,0.243,0.12734438,1.0,,,,,,,,,,,,,,,,,,,,,,,,,,,,,,,,,,,,,,,,,,,,
649.0,-0.01697701631855671,0.04192192107439041,0.00011448860459495336,0.3204602599143982,0.0,0.209282,0.101705514,1.0001144,0.07834463,0.028075907,9.902001e-07,0.0031414032,0.0003528595,0.015593052,-0.06360763,-0.030456597,-0.016727885,0.243375,0.12753397,1.0,,,,,,,,,,,,,,,,,,,,,,,,,,,,,,,,,,,,,,,,,,,,
650.0,-0.017013574208416322,0.04191995784640312,0.00011448860459495336,0.31900012493133545,0.0,0.20960842,0.10182194,1.0001144,0.07834337,0.027941408,1.037677e-06,0.0033328533,0.000688076,0.01564622,0.044675265,0.081150785,0.012743611,0.24375,0.12772352,1.0,,,,,,,,,,,,,,,,,,,,,,,,,,,,,,,,,,,,,,,,,,,,
651.0,-0.017048661557471863,0.041918594390153885,0.00011448860459495336,0.3176037669181824,0.0,0.2099349,0.10193776,1.0001144,0.07835594,0.02779933,9.940742e-07,0.0030658245,0.00056529045,0.015576363,-0.06361326,-0.030462572,-0.016711192,0.244125,0.12791303,1.0,,,,,,,,,,,,,,,,,,,,,,,,,,,,,,,,,,,,,,,,,,,,
652.0,-0.017081397549661783,0.04191777855157852,0.00011448860459495336,0.31627118587493896,0.0,0.21026142,0.102053046,1.0001144,0.07836331,0.027668118,1.0423724e-06,0.0032572746,0.00090026855,0.01562953,0.04467771,0.081145346,0.012728628,0.2445,0.12810251,1.0,,,,,,,,,,,,,,,,,,,,,,,,,,,,,,,,,,,,,,,,,,,,
653.0,-0.017112665964563352,0.041917480528354645,0.00011448860459495336,0.31500259041786194,0.0,0.21058802,0.102167755,1.0001144,0.0783845,0.027529329,9.962584e-07,0.0029902458,0.000777483,0.015559912,-0.063618876,-0.030468544,-0.0166945,0.244875,0.12829196,1.0,,,,,,,,,,,,,,,,,,,,,,,,,,,,,,,,,,,,,,,,,,,,
654.0,-0.017141584826802867,0.041917696595191956,0.00011448860459495336,0.31379789113998413,0.0,0.2109147,0.10228193,1.0001144,0.0784005,0.027401404,1.0453908e-06,0.0031814575,0.0011126995,0.015613079,0.04468015,0.0811399,0.0127136465,0.24525,0.12848137,1.0,,,,,,,,,,,,,,,,,,,,,,,,,,,,,,,,,,,,,,,,,,,,
655.0,-0.01716904432423435,0.04191841557621956,0.00011448860459495336,0.3126572072505951,0.0,0.21124148,0.102395535,1.0001144,0.07843032,0.0272659,9.967636e-07,0.0029144287,0.0009899139,0.015543222,-0.063624494,-0.030474512,-0.016677806,0.245625,0.12867077,1.0,,,,,,,,,,,,,,,,,,,,,,,,,,,,,,,,,,,,,,,,,,,,
656.0,-0.017194160021256902,0.04191960394382477,0.00011448860459495336,0.31158047914505005,0.0,0.21156839,0.10250863,1.0001144,0.078454934,0.02714126,1.0467304e-06,0.0031058788,0.001324892,0.01559639,0.04468259,0.08113446,0.012698666,0.246,0.12886012,1.0,,,,,,,,,,,,,,,,,,,,,,,,,,,,,,,,,,,,,,,,,,,,
657.0,-0.01721782790537109,0.04192125052213669,0.0001145362839451991,0.3105676770210266,0.0,0.21189544,0.10262116,1.0001144,0.078493364,0.02700904,9.955912e-07,0.00283885,0.0012021065,0.015526533,-0.063630104,-0.030480476,-0.016661113,0.246375,0.12904944,1.0,,,,,,,,,,,,,,,,,,,,,,,,,,,,,,,,,,,,,,,,,,,,
658.0,-0.01723915954661534,0.04192330688238144,0.0001145362839451991,0.3096187114715576,0.0,0.21222264,0.102733195,1.0001144,0.07852659,0.026887683,1.046392e-06,0.0030303001,0.001537323,0.0155797005,0.04468502,0.08112902,0.012683688,0.24675,0.12923872,1.0,,,,,,,,,,,,,,,,,,,,,,,,,,,,,,,,,,,,,,,,,,,,
659.0,-0.01725906056256463,0.041925832629203796,0.0001145362839451991,0.3087334930896759,0.0,0.21255003,0.102844685,1.0001144,0.07857362,0.026758747,9.92742e-07,0.0027632713,0.001414299,0.015509844,-0.06363571,-0.030486437,-0.016644422,0.247125,0.12942798,1.0,,,,,,,,,,,,,,,,,,,,,,,,,,,,,,,,,,,,,,,,,,,,
660.0,-0.017276638728703622,0.04192875325679779,0.0001145362839451991,0.30791187286376953,0.0,0.21287759,0.10295569,1.0001144,0.07861546,0.026640674,1.0443765e-06,0.0029547215,0.0017495155,0.015563011,0.04468745,0.08112359,0.012668711,0.2475,0.12961721,1.0,,,,,,,,,,,,,,,,,,,,,,,,,,,,,,,,,,,,,,,,,,,,
661.0,-0.017292800004748282,0.041932038962841034,0.0001145362839451991,0.3071537911891937,0.0,0.21320538,0.10306617,1.0001144,0.0786711,0.02651502,9.88217e-07,0.0026874542,0.0016264915,0.015493393,-0.06364131,-0.030492395,-0.01662773,0.247875,0.1298064,1.0,,,,,,,,,,,,,,,,,,,,,,,,,,,,,,,,,,,,,,,,,,,,
662.0,-0.01730665652540156,0.04193567484617233,0.0001145362839451991,0.3064589500427246,0.0,0.21353339,0.10317617,1.0001144,0.07872152,0.026400227,1.0406848e-06,0.0028789043,0.0019614697,0.015546322,0.044689875,0.08111816,0.0126537355,0.24825,0.12999557,1.0,,,,,,,,,,,,,,,,,,,,,,,,,,,,,,,,,,,,,,,,,,,,
663.0,-0.017319118618407812,0.04193969815969467,0.0001145362839451991,0.30582717061042786,0.0,0.21386166,0.10328566,1.0001144,0.07878576,0.026277853,9.820172e-07,0.0026118755,0.0018386841,0.015476704,-0.0636469,-0.030498348,-0.016611042,0.248625,0.1301847,1.0,,,,,,,,,,,,,,,,,,,,,,,,,,,,,,,,,,,,,,,,,,,,
664.0,-0.017329290922413566,0.04194401949644089,0.0001145362839451991,0.30525830388069153,0.0,0.21419019,0.10339469,1.0001144,0.07884478,0.026166342,1.0353178e-06,0.0028033257,0.0021736622,0.015529633,0.044692297,0.08111273,0.012638761,0.249,0.13037379,1.0,,,,,,,,,,,,,,,,,,,,,,,,,,,,,,,,,,,,,,,,,,,,
665.0,-0.017338007588943403,0.04194866865873337,0.0001145362839451991,0.304751992225647,0.0,0.21451901,0.10350322,1.0001144,0.07891761,0.026047248,9.741432e-07,0.0025360584,0.0020506382,0.015460014,-0.06365249,-0.0305043,-0.016594352,0.249375,0.13056284,1.0,,,,,,,,,,,,,,,,,,,,,,,,,,,,,,,,,,,,,,,,,,,,
666.0,-0.01734445778404079,0.04195358604192734,0.0001145362839451991,0.3043079972267151,0.0,0.21484812,0.1036113,1.0001144,0.078985214,0.025939016,1.0282765e-06,0.0027275085,0.0022130013,0.015512466,0.045335762,0.039631706,0.012518589,0.24975,0.13075188,1.0,,,,,,,,,,,,,,,,,,,,,,,,,,,,,,,,,,,,,,,,,,,,
667.0,-0.017349564802153328,0.041958846151828766,0.0001145362839451991,0.3039259910583496,0.0,0.21517752,0.10371889,1.0001144,0.07905956,0.025823092,9.808405e-07,0.0024604797,0.0019171238,0.015442371,-0.06300996,-0.07197597,-0.016701778,0.250125,0.13094087,1.0,,,,,,,,,,,,,,,,,,,,,,,,,,,,,,,,,,,,,,,,,,,,
668.0,-0.017352430812982676,0.041964318603277206,0.0001145362839451991,0.3036056458950043,0.0,0.2155072,0.10382605,1.0001144,0.07912163,0.025717918,1.045271e-06,0.0026516914,0.0020792484,0.015495062,0.045332886,0.03964549,0.012522856,0.2505,0.13112983,1.0,,,,,,,,,,,,,,,,,,,,,,,,,,,,,,,,,,,,,,,,,,,,
669.0,-0.017353983171030634,0.041970107704401016,0.00011456012725830078,0.3033466041088104,0.0,0.21583717,0.10393274,1.0001144,0.07919043,0.025605053,9.96892e-07,0.0023846626,0.0017836094,0.015424967,-0.06301085,-0.07196245,-0.016703887,0.250875,0.13131876,1.0,,,,,,,,,,,,,,,,,,,,,,,,,,,,,,,,,,,,,,,,,,,,
670.0,-0.017353322037007096,0.04197610542178154,0.00011456012725830078,0.303148478269577,0.0,0.21616736,0.104039,1.0001146,0.07924696,0.025502937,1.059098e-06,0.0025761127,0.0019459724,0.015477419,0.04533001,0.039659265,0.012527113,0.25125,0.13150766,1.0,,,,,,,,,,,,,,,,,,,,,,,,,,,,,,,,,,,,,,,,,,,,
671.0,-0.017351378802719412,0.04198238626122475,0.00011456012725830078,0.30301085114479065,0.0,0.21649781,0.104144804,1.0001146,0.07931024,0.02539313,6.447879e-07,0.0023088455,0.001650095,0.015407324,-0.06301173,-0.071948946,-0.016705992,0.251625,0.13169654,1.0,,,,,,,,,,,,,,,,,,,,,,,,,,,,,,,,,,,,,,,,,,,,
672.0,-0.017347252698638297,0.04198884218931198,0.00011456012725830078,0.3029332756996155,0.0,0.21682848,0.1042502,1.0001146,0.07936124,0.025294073,7.9046606e-07,0.0025002956,0.001812458,0.015459776,0.045327134,0.039673034,0.012531361,0.252,0.13188536,1.0,,,,,,,,,,,,,,,,,,,,,,,,,,,,,,,,,,,,,,,,,,,,
673.0,-0.017341877050847873,0.041995491832494736,0.00011456012725830078,0.3029153347015381,0.0,0.2171594,0.10435515,1.0001146,0.07941899,0.025187321,7.2596004e-07,0.0022332668,0.001516819,0.015389919,-0.063012615,-0.071935445,-0.01670809,0.252375,0.13207416,1.0,,,,,,,,,,,,,,,,,,,,,,,,,,,,,,,,,,,,,,,,,,,,
674.0,-0.017335160601531608,0.042002368718385696,0.00011456012725830078,0.30295658111572266,0.0,0.2174905,0.104459696,1.0001146,0.07946446,0.025091322,7.870665e-07,0.0024244785,0.0016794205,0.015442371,0.045324262,0.039686803,0.0125356,0.25275,0.13226293,1.0,,,,,,,,,,,,,,,,,,,,,,,,,,,,,,,,,,,,,,,,,,,,
675.0,-0.017327263972831318,0.042009443044662476,0.00011456012725830078,0.3030564486980438,0.0,0.21782182,0.10456381,1.0001146,0.079516694,0.024987629,7.4389123e-07,0.0021574497,0.0013837814,0.015372276,-0.0630135,-0.07192195,-0.016710183,0.253125,0.13245167,1.0,,,,,,,,,,,,,,,,,,,,,,,,,,,,,,,,,,,,,,,,,,,,
676.0,-0.01731725063085651,0.04201662540435791,0.00011456012725830078,0.30321449041366577,0.0,0.21815331,0.10466754,1.0001146,0.07955666,0.024894685,7.975492e-07,0.0023486614,0.0015461445,0.015424728,0.04532139,0.039700564,0.01253983,0.2535,0.13264036,1.0,,,,,,,,,,,,,,,,,,,,,,,,,,,,,,,,,,,,,,,,,,,,
677.0,-0.01730579782289515,0.04202403500676155,0.00011456012725830078,0.30343014001846313,0.0,0.21848498,0.10477085,1.0001146,0.079603374,0.024794048,7.57597e-07,0.0020816326,0.0012507439,0.015354872,-0.06301439,-0.07190847,-0.01671227,0.253875,0.13282904,1.0,,,,,,,,,,,,,,,,,,,,,,,,,,,,,,,,,,,,,,,,,,,,
678.0,-0.01729228379215274,0.04203156754374504,0.00011456012725830078,0.30370286107063293,0.0,0.21881682,0.10487378,1.0001146,0.07963783,0.02470416,8.0805984e-07,0.0022728443,0.0014133453,0.015407324,0.04531852,0.039714318,0.012544051,0.25425,0.13301767,1.0,,,,,,,,,,,,,,,,,,,,,,,,,,,,,,,,,,,,,,,,,,,,
679.0,-0.017277652513986688,0.04203925281763077,0.00011456012725830078,0.3040321171283722,0.0,0.21914881,0.104976304,1.0001146,0.07967905,0.024606578,7.7033195e-07,0.0020058155,0.0011177063,0.015337467,-0.063015275,-0.071894996,-0.016714353,0.254625,0.13320626,1.0,,,,,,,,,,,,,,,,,,,,,,,,,,,,,,,,,,,,,,,,,,,,
680.0,-0.017260995909330452,0.04204706847667694,0.00011456012725830078,0.30441728234291077,0.0,0.21948093,0.10507847,1.0001146,0.07970801,0.024519747,8.178358e-07,0.0021972656,0.0012803078,0.015389919,0.045315653,0.039728068,0.012548263,0.255,0.13339484,1.0,,,,,,,,,,,,,,,,,,,,,,,,,,,,,,,,,,,,,,,,,,,,
681.0,-0.017243787603751483,0.042055077850818634,0.00011456012725830078,0.3048578202724457,0.0,0.21981318,0.10518024,1.0001146,0.07974373,0.02442522,7.822768e-07,0.0019299984,0.0009849072,0.015319824,-0.063016154,-0.071881525,-0.01671643,0.255375,0.13358337,1.0,,,,,,,,,,,,,,,,,,,,,,,,,,,,,,,,,,,,,,,,,,,,
682.0,-0.01722394993109847,0.04206318408250809,0.00011456012725830078,0.305353045463562,0.0,0.22014555,0.105281666,1.0001146,0.07976719,0.024341442,8.268366e-07,0.0021214485,0.0011475086,0.015372515,0.04531279,0.039741814,0.012552467,0.25575,0.13377187,1.0,,,,,,,,,,,,,,,,,,,,,,,,,,,,,,,,,,,,,,,,,,,,
683.0,-0.0172039907131144,0.042071450501680374,0.00011456012725830078,0.3059023916721344,0.0,0.22047804,0.10538271,1.0001146,0.079797424,0.024249969,7.934429e-07,0.0018541813,0.0008523464,0.01530242,-0.06301704,-0.07186806,-0.016718501,0.256125,0.13396034,1.0,,,,,,,,,,,,,,,,,,,,,,,,,,,,,,,,,,,,,,,,,,,,
684.0,-0.01718116520724598,0.042079824954271317,0.00011456012725830078,0.3065051734447479,0.0,0.2208106,0.10548341,1.0001146,0.0798154,0.024169248,8.3506114e-07,0.0020456314,0.0010149479,0.01535511,0.045309924,0.039755553,0.012556661,0.2565,0.13414878,1.0,,,,,,,,,,,,,,,,,,,,,,,,,,,,,,,,,,,,,,,,,,,,
685.0,-0.017158261294450496,0.042088378220796585,0.00011456012725830078,0.3071608245372772,0.0,0.22114328,0.10558375,1.0001146,0.07984015,0.024080828,8.0383205e-07,0.0017783642,0.0007195473,0.015285015,-0.06301792,-0.0718546,-0.016720567,0.256875,0.13433717,1.0,,,,,,,,,,,,,,,,,,,,,,,,,,,,,,,,,,,,,,,,,,,,
686.0,-0.01713254768788793,0.04209703207015991,0.00011456012725830078,0.3078685998916626,0.0,0.22147599,0.10568376,1.0001146,0.079852656,0.02400316,8.425108e-07,0.0019695759,0.00088238716,0.015337706,0.045307063,0.03976929,0.012560846,0.25725,0.13452554,1.0,,,,,,,,,,,,,,,,,,,,,,,,,,,,,,,,,,,,,,,,,,,,
687.0,-0.01710625907376398,0.04210576415061951,0.00011456012725830078,0.3086278736591339,0.0,0.22180879,0.10578342,1.0001146,0.07987193,0.023917792,8.1344575e-07,0.0017025471,0.00058722496,0.015267611,-0.06301881,-0.07184115,-0.016722629,0.257625,0.13471387,1.0,,,,,,,,,,,,,,,,,,,,,,,,,,,,,,,,,,,,,,,,,,,,
688.0,-0.017078117540736824,0.04211469367146492,0.00011456012725830078,0.30943793058395386,0.0,0.22214162,0.105882764,1.0001146,0.07987896,0.023843177,8.4918696e-07,0.0018937588,0.00075006485,0.015320301,0.0453042,0.039783016,0.012565023,0.258,0.13490218,1.0,,,,,,,,,,,,,,,,,,,,,,,,,,,,,,,,,,,,,,,,,,,,
689.0,-0.01704903923010934,0.04212377592921257,0.00011460781388450414,0.3102980852127075,0.0,0.22247452,0.10598177,1.0001146,0.07989278,0.023760865,8.222854e-07,0.00162673,0.00045466423,0.015250444,-0.063019685,-0.07182771,-0.016724683,0.258375,0.13509044,1.0,,,,,,,,,,,,,,,,,,,,,,,,,,,,,,,,,,,,,,,,,,,,
690.0,-0.017018146394635735,0.04213298112154007,0.00011460781388450414,0.31120765209198,0.0,0.2228074,0.10608047,1.0001146,0.07989434,0.0236893,8.55091e-07,0.0017940998,0.00061774254,0.0153028965,0.039556183,0.039709117,0.012571804,0.25875,0.13527867,1.0,,,,,,,,,,,,,,,,,,,,,,,,,,,,,,,,,,,,,,,,,,,,
691.0,-0.01698637052894592,0.04214233532547951,0.00011460781388450414,0.31216588616371155,0.0,0.22314033,0.10617886,1.0001146,0.07990268,0.023611018,8.321197e-07,0.0015029907,0.00032258034,0.01523304,-0.06876441,-0.07190281,-0.01672148,0.259125,0.13546687,1.0,,,,,,,,,,,,,,,,,,,,,,,,,,,,,,,,,,,,,,,,,,,,
692.0,-0.01695282336034361,0.04215185344219208,0.00011460781388450414,0.3131720721721649,0.0,0.22347324,0.10627696,1.0001146,0.07989876,0.023544462,8.6279744e-07,0.0016703606,0.00048542023,0.015285492,0.039555985,0.039723758,0.012573354,0.2595,0.13565503,1.0,,,,,,,,,,,,,,,,,,,,,,,,,,,,,,,,,,,,,,,,,,,,
693.0,-0.016918433347408068,0.04216151311993599,0.00011460781388450414,0.31422552466392517,0.0,0.22380616,0.106374756,1.0001146,0.07990161,0.023471188,8.4205175e-07,0.0013792515,0.00019025803,0.015215635,-0.06876261,-0.07188987,-0.01672087,0.259875,0.13584316,1.0,,,,,,,,,,,,,,,,,,,,,,,,,,,,,,,,,,,,,,,,,,,,
694.0,-0.01688231552559264,0.04217131435871124,0.00011460781388450414,0.31532543897628784,0.0,0.22413905,0.10647229,1.0001146,0.07989222,0.023409639,8.6913855e-07,0.0015466213,0.00035333633,0.015268087,0.039555788,0.03973839,0.012574895,0.26025,0.13603126,1.0,,,,,,,,,,,,,,,,,,,,,,,,,,,,,,,,,,,,,,,,,,,,
695.0,-0.01684539939620554,0.04218124970793724,0.00011460781388450414,0.3164710998535156,0.0,0.22447193,0.10656955,1.0001146,0.079889596,0.023341367,8.509618e-07,0.0012555122,5.8412552e-05,0.015198469,-0.06876081,-0.071876936,-0.016720258,0.260625,0.13621932,1.0,,,,,,,,,,,,,,,,,,,,,,,,,,,,,,,,,,,,,,,,,,,,
696.0,-0.0168069847288778,0.04219137877225876,0.00011460781388450414,0.31766176223754883,0.0,0.22480473,0.10666657,1.0001146,0.07987473,0.02328482,8.743793e-07,0.0014228821,0.00022149086,0.015250921,0.039555594,0.03975302,0.012576428,0.261,0.13640735,1.0,,,,,,,,,,,,,,,,,,,,,,,,,,,,,,,,,,,,,,,,,,,,
697.0,-0.016767485457909608,0.042201656848192215,0.00011460781388450414,0.31889665126800537,0.0,0.22513752,0.106763326,1.0001146,0.07986664,0.023221552,8.587897e-07,0.001131773,-7.367134e-05,0.015181065,-0.06875901,-0.071864,-0.01671964,0.261375,0.13659534,1.0,,,,,,,,,,,,,,,,,,,,,,,,,,,,,,,,,,,,,,,,,,,,
698.0,-0.016727539905324922,0.04221202805638313,0.00011460781388450414,0.3201749324798584,0.0,0.2254702,0.10685987,1.0001146,0.07984631,0.023170007,8.785356e-07,0.0012991428,8.9645386e-05,0.015233517,0.0395554,0.03976764,0.012577954,0.26175,0.1367833,1.0,,,,,,,,,,,,,,,,,,,,,,,,,,,,,,,,,,,,,,,,,,,,
699.0,-0.016685596861353406,0.04222262278199196,0.00011460781388450414,0.3214959502220154,0.0,0.22580284,0.10695617,1.0001146,0.07983276,0.023111738,8.655336e-07,0.0010080338,-0.00020551682,0.0151638985,-0.06875721,-0.071851075,-0.016719019,0.262125,0.13697124,1.0,,,,,,,,,,,,,,,,,,,,,,,,,,,,,,,,,,,,,,,,,,,,
700.0,-0.01664342872085581,0.04223335534334183,0.00011460781388450414,0.3228588402271271,0.0,0.22613537,0.107052274,1.0001146,0.079806976,0.02306519,8.8161005e-07,0.0011754036,-4.220009e-05,0.015216351,0.03955521,0.03978226,0.012579471,0.2625,0.13715912,1.0,,,,,,,,,,,,,,,,,,,,,,,,,,,,,,,,,,,,,,,,,,,,
701.0,-0.016599220006499858,0.04224424809217453,0.00011460781388450414,0.324262797832489,0.0,0.22646782,0.107148156,1.0001146,0.07978797,0.02301192,8.7119497e-07,0.0008845329,-0.00033712387,0.015146732,-0.06875542,-0.07183816,-0.016718393,0.262875,0.13734698,1.0,,,,,,,,,,,,,,,,,,,,,,,,,,,,,,,,,,,,,,,,,,,,
702.0,-0.016554828993134655,0.04225528612732887,0.00011460781388450414,0.3257070779800415,0.0,0.22680014,0.107243866,1.0001146,0.07975674,0.02297037,8.8360423e-07,0.0010516644,-0.00017380714,0.015199184,0.039555017,0.03979687,0.01258098,0.26325,0.1375348,1.0,,,,,,,,,,,,,,,,,,,,,,,,,,,,,,,,,,,,,,,,,,,,
703.0,-0.016508441084646257,0.04226651042699814,0.00011460781388450414,0.3271908760070801,0.0,0.22713235,0.107339375,1.0001146,0.07973229,0.022922093,8.7577536e-07,0.0007607937,-0.00046873093,0.015129566,-0.06875362,-0.07182525,-0.016717765,0.263625,0.1377226,1.0,,,,,,,,,,,,,,,,,,,,,,,,,,,,,,,,,,,,,,,,,,,,
704.0,-0.016461916524072695,0.042277880012989044,0.0001146316499216482,0.3287133276462555,0.0,0.22746442,0.10743473,1.0001146,0.07969561,0.022885537,8.845198e-07,0.0009281635,-0.0003054142,0.01518178,0.039554827,0.039811473,0.01258248,0.264,0.13791035,1.0,,,,,,,,,,,,,,,,,,,,,,,,,,,,,,,,,,,,,,,,,,,,
705.0,-0.016413439856068,0.04228941723704338,0.0001146316499216482,0.33027368783950806,0.0,0.22779636,0.10752991,1.0001147,0.07966573,0.022842253,8.792764e-07,0.00063705444,-0.000600338,0.0151124,-0.068751834,-0.07181235,-0.016717132,0.264375,0.13809806,1.0,,,,,,,,,,,,,,,,,,,,,,,,,,,,,,,,,,,,,,,,,,,,
706.0,-0.01636487132998409,0.04230111092329025,0.0001146316499216482,0.33187106251716614,0.0,0.22812814,0.10762495,1.0001147,0.07962362,0.022810688,5.164285e-07,0.0008044243,-0.00043678284,0.015164614,0.039554637,0.03982607,0.012583973,0.26475,0.13828576,1.0,,,,,,,,,,,,,,,,,,,,,,,,,,,,,,,,,,,,,,,,,,,,
707.0,-0.016314396492664855,0.04231299087405205,0.0001146316499216482,0.33350467681884766,0.0,0.22845975,0.10771983,1.0001147,0.0795883,0.022772394,6.0015725e-07,0.0005135536,-0.0007317066,0.015095234,-0.06875004,-0.07179945,-0.016716495,0.265125,0.1384734,1.0,,,,,,,,,,,,,,,,,,,,,,,,,,,,,,,,,,,,,,,,,,,,
708.0,-0.016263873328995943,0.04232501983642578,0.0001146316499216482,0.33517369627952576,0.0,0.22879116,0.10781461,1.0001147,0.07954077,0.022745818,5.812957e-07,0.00068068504,-0.0005681515,0.015147448,0.039554447,0.039840665,0.012585457,0.2655,0.13866101,1.0,,,,,,,,,,,,,,,,,,,,,,,,,,,,,,,,,,,,,,,,,,,,
709.0,-0.01621148925898142,0.042337216436862946,0.0001146316499216482,0.33687731623649597,0.0,0.22912242,0.10790925,1.0001147,0.07950003,0.022712512,5.859835e-07,0.00038981438,-0.00086283684,0.015078068,-0.06874825,-0.07178656,-0.016715854,0.265875,0.1388486,1.0,,,,,,,,,,,,,,,,,,,,,,,,,,,,,,,,,,,,,,,,,,,,
710.0,-0.01615904227627962,0.04234956577420235,0.0001146316499216482,0.33861464262008667,0.0,0.22945344,0.10800379,1.0001147,0.07944707,0.022690924,5.8262907e-07,0.0005571842,-0.0006992817,0.01513052,0.03955426,0.03985525,0.012586934,0.26625,0.13903615,1.0,,,,,,,,,,,,,,,,,,,,,,,,,,,,,,,,,,,,,,,,,,,,
711.0,-0.01610478464126172,0.04236212000250816,0.0001146316499216482,0.3403848707675934,0.0,0.22978428,0.10809822,1.0001147,0.07940091,0.022662602,5.854004e-07,0.00026631355,-0.000993967,0.01506114,-0.06874646,-0.07177368,-0.01671521,0.266625,0.13922366,1.0,,,,,,,,,,,,,,,,,,,,,,,,,,,,,,,,,,,,,,,,,,,,
712.0,-0.01605006654914414,0.04237481206655502,0.0001146316499216482,0.34218716621398926,0.0,0.23011488,0.10819258,1.0001147,0.079342544,0.022645997,5.794468e-07,0.00043344498,-0.0008304119,0.015113354,0.039554074,0.03986983,0.012588401,0.267,0.13941114,1.0,,,,,,,,,,,,,,,,,,,,,,,,,,,,,,,,,,,,,,,,,,,,
713.0,-0.015994472180268716,0.04238768666982651,0.0001146316499216482,0.34402069449424744,0.0,0.23044525,0.108286835,1.0001147,0.07929098,0.02262266,5.8455277e-07,0.00014257431,-0.0011250973,0.015043974,-0.068744674,-0.0717608,-0.01671456,0.267375,0.13959858,1.0,,,,,,,,,,,,,,,,,,,,,,,,,,,,,,,,,,,,,,,,,,,,
714.0,-0.01593807611671109,0.04240075498819351,0.0001146316499216482,0.3458845913410187,0.0,0.23077537,0.10838105,1.0001147,0.07922721,0.022611037,5.750041e-07,0.00030994415,-0.0009613037,0.015096188,0.03955389,0.039884403,0.012589861,0.26775,0.13978599,1.0,,,,,,,,,,,,,,,,,,,,,,,,,,,,,,,,,,,,,,,,,,,,
715.0,-0.01588085166342953,0.042413998395204544,0.0001146316499216482,0.3477780222892761,0.0,0.23110524,0.108475186,1.0001147,0.07917024,0.022592679,5.8267835e-07,1.9073486e-05,-0.0012559891,0.015027046,-0.068742886,-0.07174794,-0.016713908,0.268125,0.13997336,1.0,,,,,,,,,,,,,,,,,,,,,,,,,,,,,,,,,,,,,,,,,,,,
716.0,-0.015822975415867406,0.0424274280667305,0.0001146316499216482,0.34970012307167053,0.0,0.23143484,0.108569294,1.0001147,0.07910107,0.022586036,5.6948176e-07,0.00018620491,-0.0010921955,0.01507926,0.039553702,0.039898973,0.012591313,0.2685,0.1401607,1.0,,,,,,,,,,,,,,,,,,,,,,,,,,,,,,,,,,,,,,,,,,,,
717.0,-0.015764110364859155,0.04244101047515869,0.00011467933654785156,0.35165002942085266,0.0,0.23176417,0.10866335,1.0001147,0.07903871,0.022572657,5.7973654e-07,-0.000104665756,-0.0013866425,0.01500988,-0.068741105,-0.07173508,-0.01671325,0.268875,0.140348,1.0,,,,,,,,,,,,,,,,,,,,,,,,,,,,,,,,,,,,,,,,,,,,
718.0,-0.015704865991306546,0.04245482385158539,0.00011467933654785156,0.35362693667411804,0.0,0.23209319,0.10875739,1.0001147,0.07896415,0.022570992,5.6289144e-07,6.2704086e-05,-0.0012228489,0.015062094,0.03955352,0.039913535,0.012592756,0.26925,0.14053527,1.0,,,,,,,,,,,,,,,,,,,,,,,,,,,,,,,,,,,,,,,,,,,,
719.0,-0.015644479210683314,0.04246880114078522,0.00011467933654785156,0.35562995076179504,0.0,0.23242192,0.1088514,1.0001147,0.0788964,0.022562588,5.7572663e-07,-0.00022816658,-0.0015175343,0.014992952,-0.06873932,-0.07172222,-0.016712591,0.269625,0.1407225,1.0,,,,,,,,,,,,,,,,,,,,,,,,,,,,,,,,,,,,,,,,,,,,
720.0,-0.015583884585964736,0.042482972145080566,0.00011467933654785156,0.3576582670211792,0.0,0.23275031,0.10894543,1.0001147,0.07881646,0.022565896,5.5523503e-07,-6.0796738e-05,-0.0013535023,0.015045166,0.039553337,0.03992809,0.012594191,0.27,0.14090969,1.0,,,,,,,,,,,,,,,,,,,,,,,,,,,,,,,,,,,,,,,,,,,,
721.0,-0.015522144724223655,0.04249731823801994,0.00011467933654785156,0.35971102118492126,0.0,0.2330784,0.10903944,1.0001147,0.07874334,0.022562465,5.706502e-07,-0.0003516674,-0.0016479492,0.014976025,-0.06873754,-0.07170937,-0.016711926,0.270375,0.14109686,1.0,,,,,,,,,,,,,,,,,,,,,,,,,,,,,,,,,,,,,,,,,,,,
722.0,-0.015460244139648787,0.04251191392540932,0.00011467933654785156,0.3617873191833496,0.0,0.23340616,0.10913348,1.0001147,0.078658015,0.022570748,5.4651434e-07,-0.00018453598,-0.0014841557,0.015028238,0.039553154,0.03994264,0.012595619,0.27075,0.14128399,1.0,,,,,,,,,,,,,,,,,,,,,,,,,,,,,,,,,,,,,,,,,,,,
723.0,-0.015396930189606611,0.04252668097615242,0.00011467933654785156,0.36388635635375977,0.0,0.23373356,0.10922753,1.0001147,0.07857952,0.022572286,5.645085e-07,-0.00047540665,-0.0017786026,0.014959097,-0.068735756,-0.07169653,-0.016711257,0.271125,0.14147107,1.0,,,,,,,,,,,,,,,,,,,,,,,,,,,,,,,,,,,,,,,,,,,,
724.0,-0.015333564554133048,0.04254162311553955,0.00011467933654785156,0.3660072982311249,0.0,0.2340606,0.10932164,1.0001147,0.078488834,0.02258554,5.3673097e-07,-0.0003080368,-0.0016145706,0.015011311,0.03955297,0.039957184,0.0125970375,0.2715,0.14165813,1.0,,,,,,,,,,,,,,,,,,,,,,,,,,,,,,,,,,,,,,,,,,,,
725.0,-0.015268974980534589,0.042556777596473694,0.00011467933654785156,0.3681492805480957,0.0,0.2343873,0.10941578,1.0001147,0.07840497,0.022592047,5.5730345e-07,-0.00059890747,-0.0019087791,0.014942169,-0.068733975,-0.0716837,-0.016710585,0.271875,0.14184515,1.0,,,,,,,,,,,,,,,,,,,,,,,,,,,,,,,,,,,,,,,,,,,,
726.0,-0.01520468875772531,0.042572103440761566,0.00011467933654785156,0.3703114688396454,0.0,0.23471358,0.10950998,1.0001147,0.07830892,0.022610268,5.2588626e-07,-0.00043153763,-0.0017447472,0.014994383,0.039552793,0.039971724,0.012598448,0.27225,0.14203213,1.0,,,,,,,,,,,,,,,,,,,,,,,,,,,,,,,,,,,,,,,,,,,,
727.0,-0.015139161382797648,0.04258757829666138,0.00011467933654785156,0.3724929988384247,0.0,0.2350395,0.10960424,1.0001147,0.0782197,0.022621742,5.490365e-07,-0.0007224083,-0.002039194,0.0149252415,-0.068732195,-0.07167087,-0.016709909,0.272625,0.14221908,1.0,,,,,,,,,,,,,,,,,,,,,,,,,,,,,,,,,,,,,,,,,,,,
728.0,-0.015073722453153462,0.042603228241205215,0.00011467933654785156,0.37469303607940674,0.0,0.23536499,0.10969859,1.0001147,0.078118294,0.022644926,5.13982e-07,-0.00055503845,-0.0018749237,0.014977455,0.039552614,0.039986257,0.012599852,0.273,0.142406,1.0,,,,,,,,,,,,,,,,,,,,,,,,,,,,,,,,,,,,,,,,,,,,
729.0,-0.015007323196158906,0.04261905327439308,0.00011467933654785156,0.3769108057022095,0.0,0.23569009,0.109793015,1.0001147,0.078023724,0.022661366,5.3970916e-07,-0.0008459091,-0.0021691322,0.014908314,-0.06873042,-0.071658045,-0.016709227,0.273375,0.14259288,1.0,,,,,,,,,,,,,,,,,,,,,,,,,,,,,,,,,,,,,,,,,,,,
730.0,-0.014940939317495397,0.04263501614332199,0.00011467933654785156,0.37914544343948364,0.0,0.23601474,0.109887555,1.0001147,0.07791698,0.022689512,5.0101966e-07,-0.0006787777,-0.0020051003,0.014960527,0.039552435,0.04000078,0.012601246,0.27375,0.14277972,1.0,,,,,,,,,,,,,,,,,,,,,,,,,,,,,,,,,,,,,,,,,,,,
731.0,-0.014873643869946138,0.04265112057328224,0.00011467933654785156,0.3813961148262024,0.0,0.23633897,0.109982185,1.0001147,0.07781707,0.022710912,5.293231e-07,-0.00096940994,-0.0022993088,0.014891624,-0.06872864,-0.07164524,-0.016708544,0.274125,0.14296652,1.0,,,,,,,,,,,,,,,,,,,,,,,,,,,,,,,,,,,,,,,,,,,,
732.0,-0.014806407999249862,0.04266733303666115,0.00011467933654785156,0.38366204500198364,0.0,0.23666275,0.11007695,1.0001147,0.07770497,0.02274402,4.870008e-07,-0.0008022785,-0.0021350384,0.0149436,0.039552256,0.040015303,0.012602633,0.2745,0.1431533,1.0,,,,,,,,,,,,,,,,,,,,,,,,,,,,,,,,,,,,,,,,,,,,
733.0,-0.014738306286418085,0.04268369823694229,0.00011467933654785156,0.38594236969947815,0.0,0.23698609,0.11017183,1.0001147,0.07759973,0.02277038,5.178798e-07,-0.0010929108,-0.002429247,0.014874697,-0.06872687,-0.07163243,-0.016707856,0.274875,0.14334004,1.0,,,,,,,,,,,,,,,,,,,,,,,,,,,,,,,,,,,,,,,,,,,,
734.0,-0.014670310202979093,0.04270019009709358,0.00011467933654785156,0.38823631405830383,0.0,0.23730892,0.110266864,1.0001147,0.077482305,0.022808446,4.7192708e-07,-0.00092577934,-0.0022649765,0.01492691,0.03955208,0.040029816,0.012604011,0.27525,0.14352673,1.0,,,,,,,,,,,,,,,,,,,,,,,,,,,,,,,,,,,,,,,,,,,,
735.0,-0.014601493794614001,0.04271680489182472,0.00011467933654785156,0.39054304361343384,0.0,0.2376313,0.11036203,1.0001147,0.07737173,0.022839762,5.053809e-07,-0.0012164116,-0.0025589466,0.014858007,-0.068725094,-0.07161963,-0.016707163,0.275625,0.1437134,1.0,,,,,,,,,,,,,,,,,,,,,,,,,,,,,,,,,,,,,,,,,,,,
736.0,-0.014532826735559504,0.04273355007171631,0.00011467933654785156,0.39286184310913086,0.0,0.23795317,0.110457376,1.0001147,0.07724898,0.022882784,4.5579998e-07,-0.0010492802,-0.0023946762,0.014909983,0.039551906,0.040044326,0.012605382,0.276,0.14390002,1.0,,,,,,,,,,,,,,,,,,,,,,,,,,,,,,,,,,,,,,,,,,,,
737.0,-0.014463382525749696,0.04275038093328476,0.00011467933654785156,0.39519187808036804,0.0,0.23827456,0.11055287,1.0001147,0.07713309,0.022919053,4.9182785e-07,-0.0013399124,-0.0026886463,0.01484108,-0.06872332,-0.07160683,-0.016706467,0.276375,0.14408661,1.0,,,,,,,,,,,,,,,,,,,,,,,,,,,,,,,,,,,,,,,,,,,,
738.0,-0.014394132909308613,0.04276733472943306,0.00011467933654785156,0.3975323438644409,0.0,0.23859543,0.110648565,1.0001147,0.07700502,0.02296703,4.3862113e-07,-0.001172781,-0.0025241375,0.014893293,0.03955173,0.04005883,0.012606745,0.27675,0.14427318,1.0,,,,,,,,,,,,,,,,,,,,,,,,,,,,,,,,,,,,,,,,,,,,
739.0,-0.014324151787835585,0.042784351855516434,0.00011467933654785156,0.3998824954032898,0.0,0.23891577,0.11074443,1.0001147,0.07688381,0.023008252,4.772224e-07,-0.0014634132,-0.002818346,0.01482439,-0.068721555,-0.071594045,-0.016705766,0.277125,0.1444597,1.0,,,,,,,,,,,,,,,,,,,,,,,,,,,,,,,,,,,,,,,,,,,,
740.0,-0.014254406255709182,0.04280149191617966,0.00011467933654785156,0.4022415578365326,0.0,0.23923557,0.11084052,1.0001147,0.076750435,0.023061177,4.2039196e-07,-0.0012962818,-0.0026538372,0.014876604,0.03955156,0.040073328,0.012608099,0.2775,0.14464617,1.0,,,,,,,,,,,,,,,,,,,,,,,,,,,,,,,,,,,,,,,,,,,,
741.0,-0.014183972181758875,0.04281869903206825,0.00011467933654785156,0.4046087861061096,0.0,0.23955482,0.110936806,1.0001147,0.07662392,0.02310735,4.6156586e-07,-0.0015869141,-0.0029478073,0.014807701,-0.06871978,-0.07158127,-0.016705062,0.277875,0.14483263,1.0,,,,,,,,,,,,,,,,,,,,,,,,,,,,,,,,,,,,,,,,,,,,
742.0,-0.014113816931077239,0.042835988104343414,0.00011467933654785156,0.4069834351539612,0.0,0.23987351,0.11103333,1.0001147,0.07648524,0.023165224,4.011142e-07,-0.0014195442,-0.00278306,0.014859676,0.03955139,0.040087815,0.012609445,0.27825,0.14501902,1.0,,,,,,,,,,,,,,,,,,,,,,,,,,,,,,,,,,,,,,,,,,,,
743.0,-0.014043015505472798,0.04285333305597305,0.00011467933654785156,0.4093647599220276,0.0,0.24019165,0.11113006,1.0001147,0.07635342,0.023216343,4.4485998e-07,-0.0017104149,-0.0030770302,0.014791012,-0.068718016,-0.0715685,-0.016704354,0.278625,0.14520541,1.0,,,,,,,,,,,,,,,,,,,,,,,,,,,,,,,,,,,,,,,,,,,,
744.0,-0.013972531529866319,0.042870767414569855,0.00011467933654785156,0.4117520749568939,0.0,0.2405092,0.11122706,1.0001147,0.07620945,0.023279164,3.8078923e-07,-0.001543045,-0.0029125214,0.014842987,0.039551217,0.040102303,0.012610783,0.279,0.14539175,1.0,,,,,,,,,,,,,,,,,,,,,,,,,,,,,,,,,,,,,,,,,,,,
745.0,-0.013901444775952404,0.042888231575489044,0.00011467933654785156,0.4141445755958557,0.0,0.24082616,0.11132429,1.0001147,0.076072335,0.023335228,4.2710627e-07,-0.0018339157,-0.003206253,0.0147743225,-0.06871625,-0.071555726,-0.016703643,0.279375,0.14557804,1.0,,,,,,,,,,,,,,,,,,,,,,,,,,,,,,,,,,,,,,,,,,,,
746.0,-0.01383121242135749,0.0429057702422142,0.00011467933654785156,0.41654157638549805,0.0,0.24114251,0.1114218,1.0001147,0.07592308,0.023402993,3.5941872e-07,-0.0016665459,-0.0030415058,0.014826298,0.039551046,0.04011678,0.012612113,0.27975,0.1457643,1.0,,,,,,,,,,,,,,,,,,,,,,,,,,,,,,,,,,,,,,,,,,,,
747.0,-0.013759702326191475,0.04292337968945503,0.00011467933654785156,0.4189424216747284,0.0,0.24145827,0.11151957,1.0001147,0.07578068,0.023464,4.0830622e-07,-0.001957178,-0.003335476,0.014757633,-0.068714485,-0.07154297,-0.016702928,0.280125,0.14595054,1.0,,,,,,,,,,,,,,,,,,,,,,,,,,,,,,,,,,,,,,,,,,,,
748.0,-0.013689314759315313,0.04294104129076004,0.00011467933654785156,0.42134642601013184,0.0,0.24177337,0.11161763,1.0001147,0.075626135,0.023536704,3.3700417e-07,-0.0017900467,-0.0031707287,0.014809847,0.039550878,0.040131252,0.012613434,0.2805,0.14613673,1.0,,,,,,,,,,,,,,,,,,,,,,,,,,,,,,,,,,,,,,,,,,,,
749.0,-0.013617508295355218,0.04295872896909714,0.00011467933654785156,0.4237528145313263,0.0,0.24208787,0.11171598,1.0001147,0.075478464,0.023602653,3.8846144e-07,-0.002080679,-0.0034644604,0.014741182,-0.06871272,-0.071530215,-0.016702207,0.280875,0.14632289,1.0,,,,,,,,,,,,,,,,,,,,,,,,,,,,,,,,,,,,,,,,,,,,
750.0,-0.013547070475016154,0.0429765060544014,0.00011467933654785156,0.4261610209941864,0.0,0.24240169,0.11181465,1.0001147,0.07531864,0.023680298,3.135471e-07,-0.0019133091,-0.0032997131,0.014793158,0.03955071,0.04014572,0.012614748,0.28125,0.146509,1.0,,,,,,,,,,,,,,,,,,,,,,,,,,,,,,,,,,,,,,,,,,,,
751.0,-0.013475249115368206,0.04299440607428551,0.00011467933654785156,0.42857035994529724,0.0,0.24271488,0.111913614,1.0001147,0.0751657,0.023751182,3.6757348e-07,-0.0022041798,-0.0035934448,0.014724493,-0.06871095,-0.07151747,-0.016701484,0.281625,0.14669509,1.0,,,,,,,,,,,,,,,,,,,,,,,,,,,,,,,,,,,,,,,,,,,,
752.0,-0.013404836637285556,0.04301239550113678,0.00011467933654785156,0.4309801161289215,0.0,0.24302739,0.112012915,1.0001147,0.075000614,0.023833765,2.8904913e-07,-0.00203681,-0.0034284592,0.014776468,0.039550543,0.04016018,0.012616054,0.282,0.14688115,1.0,,,,,,,,,,,,,,,,,,,,,,,,,,,,,,,,,,,,,,,,,,,,
753.0,-0.013333078235295764,0.04303046688437462,0.00011467933654785156,0.43338969349861145,0.0,0.24333923,0.112112544,1.0001147,0.0748424,0.023909586,3.456438e-07,-0.0023274422,-0.0037221909,0.014708042,-0.068709195,-0.071504734,-0.016700756,0.282375,0.14706714,1.0,,,,,,,,,,,,,,,,,,,,,,,,,,,,,,,,,,,,,,,,,,,,
754.0,-0.013262762357678004,0.0430486798286438,0.00011467933654785156,0.4357984960079193,0.0,0.24365036,0.11221253,1.0001147,0.07467206,0.023997102,2.6351177e-07,-0.0021603107,-0.0035572052,0.014760017,0.039550375,0.040174637,0.0126173515,0.28275,0.14725313,1.0,,,,,,,,,,,,,,,,,,,,,,,,,,,,,,,,,,,,,,,,,,,,
755.0,-0.013277733532869023,0.04306701943278313,0.00011467933654785156,0.43531930446624756,0.0,0.24396081,0.11231285,1.0001147,0.07450859,0.024077855,3.2267403e-07,-0.002450943,-0.003850937,0.014691353,-0.06870744,-0.071492,-0.016700024,0.283125,0.14743906,1.0,,,,,,,,,,,,,,,,,,,,,,,,,,,,,,,,,,,,,,,,,,,,
756.0,-0.01338163395624215,0.0430854931473732,0.00011467933654785156,0.4319230318069458,0.0,0.24427053,0.11241356,1.0001147,0.074333,0.024170304,2.3693653e-07,-0.0022835732,-0.0036859512,0.014743328,0.03955021,0.040189084,0.012618641,0.2835,0.14762495,1.0,,,,,,,,,,,,,,,,,,,,,,,,,,,,,,,,,,,,,,,,,,,,
757.0,-0.013483337361623127,0.043104153126478195,0.00011467933654785156,0.428554892539978,0.0,0.24457955,0.11251463,1.0001147,0.07416428,0.02425599,2.9866564e-07,-0.0025742054,-0.0039794445,0.014674902,-0.06870568,-0.071479276,-0.01669929,0.283875,0.14781082,1.0,,,,,,,,,,,,,,,,,,,,,,,,,,,,,,,,,,,,,,,,,,,,
758.0,-0.01358646713513954,0.04312297701835632,0.00011467933654785156,0.4251863658428192,0.0,0.24488781,0.1126161,1.0001147,0.07398343,0.024353366,2.0932498e-07,-0.002407074,-0.0038144588,0.014726877,0.039550047,0.040203527,0.012619923,0.28425,0.14799665,1.0,,,,,,,,,,,,,,,,,,,,,,,,,,,,,,,,,,,,,,,,,,,,
759.0,-0.013687394748531733,0.04314199835062027,0.00011467933654785156,0.42184609174728394,0.0,0.24519536,0.11271795,1.0001147,0.073809475,0.02444398,2.736202e-07,-0.0026977062,-0.004107952,0.014658451,-0.06870392,-0.07146656,-0.01669855,0.284625,0.14818244,1.0,,,,,,,,,,,,,,,,,,,,,,,,,,,,,,,,,,,,,,,,,,,,
760.0,-0.013789654177817284,0.04316120594739914,0.00011467933654785156,0.41850540041923523,0.0,0.24550213,0.11282023,1.0001147,0.0736234,0.024546286,1.8067863e-07,-0.0025303364,-0.003942728,0.014710426,0.039549883,0.040217966,0.012621197,0.285,0.1483682,1.0,,,,,,,,,,,,,,,,,,,,,,,,,,,,,,,,,,,,,,,,,,,,
761.0,-0.013889706838818166,0.043180592358112335,0.00011472702317405492,0.4151928722858429,0.0,0.24580814,0.1129229,1.0001147,0.073444195,0.024641825,2.4753928e-07,-0.0028209686,-0.0040471554,0.014641523,-0.06936913,-0.026086072,-0.016812617,0.285375,0.14855391,1.0,,,,,,,,,,,,,,,,,,,,,,,,,,,,,,,,,,,,,,,,,,,,
762.0,-0.0139911756882917,0.04320022836327553,0.00011472702317405492,0.41187992691993713,0.0,0.24611339,0.11302602,1.0001147,0.07326061,0.02474917,1.8300402e-07,-0.0026538372,-0.0036931038,0.014692783,0.038890928,0.0855897,0.012486832,0.28575,0.14873958,1.0,,,,,,,,,,,,,,,,,,,,,,,,,,,,,,,,,,,,,,,,,,,,
763.0,-0.014090438438340064,0.04322007670998573,0.00011472702317405492,0.40859508514404297,0.0,0.24641794,0.11312956,1.0001147,0.07309164,0.024849858,2.7290318e-07,-0.0029444695,-0.0037975311,0.01462388,-0.06937265,-0.026094573,-0.016791226,0.286125,0.14892522,1.0,,,,,,,,,,,,,,,,,,,,,,,,,,,,,,,,,,,,,,,,,,,,
764.0,-0.014191121367010784,0.043240129947662354,0.00011472702317405492,0.40530967712402344,0.0,0.24672176,0.113233574,1.0001147,0.072918266,0.02496235,2.0255223e-07,-0.0027770996,-0.0034432411,0.014675379,0.038896672,0.08558297,0.012467203,0.2865,0.14911082,1.0,,,,,,,,,,,,,,,,,,,,,,,,,,,,,,,,,,,,,,,,,,,,
765.0,-0.014289600170977792,0.04326041415333748,0.00011472702317405492,0.40205225348472595,0.0,0.24702494,0.11333802,1.0001147,0.07275951,0.025068188,2.9104282e-07,-0.0030677319,-0.0035479069,0.014606476,-0.06937616,-0.026103066,-0.016769836,0.286875,0.14929639,1.0,,,,,,,,,,,,,,,,,,,,,,,,,,,,,,,,,,,,,,,,,,,,
766.0,-0.014389497656246749,0.04328096657991409,0.00011472702317405492,0.3987942337989807,0.0,0.24732742,0.113442965,1.0001147,0.072596356,0.025185825,2.2061627e-07,-0.002900362,-0.0031936169,0.014657736,0.038902413,0.08557624,0.012447576,0.28725,0.14948192,1.0,,,,,,,,,,,,,,,,,,,,,,,,,,,,,,,,,,,,,,,,,,,,
767.0,-0.014487191605596672,0.04330173507332802,0.00011472702317405492,0.39556416869163513,0.0,0.24762928,0.11354837,1.0001147,0.0724478,0.025296805,3.0635232e-07,-0.0031909943,-0.0032982826,0.014588833,-0.069379665,-0.026111556,-0.016748449,0.287625,0.14966741,1.0,,,,,,,,,,,,,,,,,,,,,,,,,,,,,,,,,,,,,,,,,,,,
768.0,-0.014586311047354686,0.04332275316119194,0.00011475085921119899,0.3923332393169403,0.0,0.24793051,0.113654286,1.0001147,0.072294846,0.025419587,2.3616663e-07,-0.0030238628,-0.0029439926,0.014640093,0.038908146,0.08556952,0.012427953,0.288,0.14985286,1.0,,,,,,,,,,,,,,,,,,,,,,,,,,,,,,,,,,,,,,,,,,,,
769.0,-0.014683231387924026,0.04334405064582825,0.00011472702317405492,0.3891300857067108,0.0,0.24823116,0.11376069,1.0001148,0.0721565,0.025535708,3.1907544e-07,-0.003314495,-0.0030486584,0.01457119,-0.06938317,-0.026120039,-0.016727064,0.288375,0.15003827,1.0,,,,,,,,,,,,,,,,,,,,,,,,,,,,,,,,,,,,,,,,,,,,
770.0,-0.01478158208803725,0.043365634977817535,0.00011475085921119899,0.38592585921287537,0.0,0.24853122,0.11386762,1.0001147,0.072013736,0.025663627,-1.1877804e-07,-0.0031471252,-0.0026946068,0.01462245,0.038913876,0.085562795,0.012408332,0.28875,0.15022366,1.0,,,,,,,,,,,,,,,,,,,,,,,,,,,,,,,,,,,,,,,,,,,,
771.0,-0.014877732481362909,0.04338745027780533,0.00011475085921119899,0.38274940848350525,0.0,0.24883075,0.113975056,1.0001148,0.07188557,0.025784887,4.1560946e-07,-0.0034377575,-0.0027992725,0.014553785,-0.06938666,-0.026128516,-0.016705683,0.289125,0.150409,1.0,,,,,,,,,,,,,,,,,,,,,,,,,,,,,,,,,,,,,,,,,,,,
772.0,-0.014975319900557954,0.04340958967804909,0.00011475085921119899,0.3795716166496277,0.0,0.24912971,0.114083044,1.0001148,0.071753,0.025917944,-1.2864774e-07,-0.0032703876,-0.002445221,0.014604807,0.038919594,0.085556075,0.012388715,0.2895,0.1505943,1.0,,,,,,,,,,,,,,,,,,,,,,,,,,,,,,,,,,,,,,,,,,,,
773.0,-0.015070892480954357,0.04343201965093613,0.00011475085921119899,0.37642136216163635,0.0,0.2494282,0.11419156,1.0001148,0.07163503,0.026044337,6.0027155e-08,-0.00356102,-0.0025498867,0.014536142,-0.069390155,-0.026136985,-0.016684301,0.289875,0.15077956,1.0,,,,,,,,,,,,,,,,,,,,,,,,,,,,,,,,,,,,,,,,,,,,
774.0,-0.015167589286302246,0.04345474764704704,0.00011475085921119899,0.37326955795288086,0.0,0.24972616,0.11430065,1.0001148,0.07151264,0.026182529,-3.5541415e-08,-0.00339365,-0.002195835,0.014587164,0.038925305,0.085549355,0.0123691,0.29025,0.1509648,1.0,,,,,,,,,,,,,,,,,,,,,,,,,,,,,,,,,,,,,,,,,,,,
775.0,-0.015263016573578352,0.04347778484225273,0.00011475085921119899,0.3701450526714325,0.0,0.2500237,0.114410296,1.0001148,0.07140484,0.026314054,4.5024358e-08,-0.0036845207,-0.0023005009,0.014518499,-0.069393635,-0.02614545,-0.016662924,0.290625,0.15114999,1.0,,,,,,,,,,,,,,,,,,,,,,,,,,,,,,,,,,,,,,,,,,,,
776.0,-0.015358973606008661,0.043501116335392,0.00011475085921119899,0.36701875925064087,0.0,0.25032073,0.114520535,1.0001148,0.071292624,0.026457377,-2.5566168e-08,-0.0035171509,-0.0019464493,0.014569521,0.038931012,0.085542634,0.012349488,0.291,0.15133514,1.0,,,,,,,,,,,,,,,,,,,,,,,,,,,,,,,,,,,,,,,,,,,,
777.0,-0.015453664238900822,0.043524809181690216,0.00011475085921119899,0.3639196753501892,0.0,0.25061738,0.11463135,1.0001148,0.07119499,0.026594032,4.637098e-08,-0.0038077831,-0.002051115,0.014500856,-0.069397114,-0.026153909,-0.01664155,0.291375,0.15152025,1.0,,,,,,,,,,,,,,,,,,,,,,,,,,,,,,,,,,,,,,,,,,,,
778.0,-0.015548896446562144,0.04354877769947052,0.00011475085921119899,0.36081835627555847,0.0,0.2509136,0.11474277,1.0001148,0.07109294,0.02674248,-2.2597217e-08,-0.0036404133,-0.0016973019,0.014551878,0.038936708,0.08553591,0.01232988,0.29175,0.15170532,1.0,,,,,,,,,,,,,,,,,,,,,,,,,,,,,,,,,,,,,,,,,,,,
779.0,-0.015642870608351227,0.04357311874628067,0.00011475085921119899,0.3577439486980438,0.0,0.25120947,0.11485479,1.0001148,0.07100548,0.026884262,4.619638e-08,-0.0039310455,-0.0018019676,0.014483213,-0.069400586,-0.026162364,-0.016620176,0.292125,0.15189037,1.0,,,,,,,,,,,,,,,,,,,,,,,,,,,,,,,,,,,,,,,,,,,,
780.0,-0.01573739357317536,0.04359782859683037,0.00011475085921119899,0.354667067527771,0.0,0.25150493,0.11496745,1.0001148,0.07091358,0.027037837,-2.2436819e-08,-0.0037636757,-0.001447916,0.014534235,0.0389424,0.08552919,0.012310274,0.2925,0.15207537,1.0,,,,,,,,,,,,,,,,,,,,,,,,,,,,,,,,,,,,,,,,,,,,
781.0,-0.015830662295155343,0.04362287372350693,0.00011475085921119899,0.35161691904067993,0.0,0.2518001,0.115080714,1.0001148,0.07083627,0.027184742,4.3517073e-08,-0.004054308,-0.0015528202,0.014465332,-0.06940405,-0.026170809,-0.016598806,0.292875,0.15226033,1.0,,,,,,,,,,,,,,,,,,,,,,,,,,,,,,,,,,,,,,,,,,,,
782.0,-0.015923615425561005,0.04364830255508423,0.00011475085921119899,0.3485930562019348,0.0,0.2520949,0.11519465,1.0001148,0.07075453,0.027343437,-2.4852012e-08,-0.003886938,-0.001199007,0.014516354,0.038948085,0.08552248,0.0122906715,0.29325,0.15244526,1.0,,,,,,,,,,,,,,,,,,,,,,,,,,,,,,,,,,,,,,,,,,,,
783.0,-0.01601532755948356,0.043674055486917496,0.00011475085921119899,0.34559544920921326,0.0,0.25238943,0.115309216,1.0001148,0.07068736,0.027495462,3.828042e-08,-0.0041778088,-0.0013036728,0.014447689,-0.06940751,-0.02617925,-0.016577438,0.293625,0.15263014,1.0,,,,,,,,,,,,,,,,,,,,,,,,,,,,,,,,,,,,,,,,,,,,
784.0,-0.01610673261008997,0.04370025172829628,0.00011475085921119899,0.34262382984161377,0.0,0.25268367,0.11542446,1.0001148,0.07061577,0.027659277,-2.9828374e-08,-0.0040102005,-0.0009498596,0.014498711,0.038953763,0.08551576,0.012271072,0.294,0.15281498,1.0,,,,,,,,,,,,,,,,,,,,,,,,,,,,,,,,,,,,,,,,,,,,
785.0,-0.01619691359678036,0.04372682422399521,0.00011475085921119899,0.3396779000759125,0.0,0.25297764,0.11554036,1.0001148,0.07055874,0.027816419,3.0485097e-08,-0.004301071,-0.0010547638,0.014430046,-0.069410965,-0.026187686,-0.016556073,0.294375,0.1529998,1.0,,,,,,,,,,,,,,,,,,,,,,,,,,,,,,,,,,,,,,,,,,,,
786.0,-0.016286798932067907,0.04375375807285309,0.00011475085921119899,0.3367575407028198,0.0,0.2532714,0.115656964,1.0001148,0.07049728,0.02798535,-3.7363534e-08,-0.004133463,-0.0007009506,0.014480829,0.038959432,0.08550905,0.012251476,0.29475,0.15318458,1.0,,,,,,,,,,,,,,,,,,,,,,,,,,,,,,,,,,,,,,,,,,,,
787.0,-0.016375470909078288,0.043781109154224396,0.00011475085921119899,0.3338625133037567,0.0,0.25356492,0.11577425,1.0001148,0.07045039,0.028147606,2.0132603e-08,-0.0044243336,-0.0008058548,0.014412165,-0.069414414,-0.026196115,-0.016534708,0.295125,0.15336931,1.0,,,,,,,,,,,,,,,,,,,,,,,,,,,,,,,,,,,,,,,,,,,,
788.0,-0.01646386163763018,0.043808888643980026,0.00011475085921119899,0.33099251985549927,0.0,0.25385827,0.115892254,1.0001148,0.07039905,0.02832165,-4.7455796e-08,-0.0042569637,-0.00045204163,0.014462948,0.038965095,0.085502334,0.012231882,0.2955,0.153554,1.0,,,,,,,,,,,,,,,,,,,,,,,,,,,,,,,,,,,,,,,,,,,,
789.0,-0.016551053361546657,0.043837063014507294,0.00011475085921119899,0.32814738154411316,0.0,0.25415143,0.116010964,1.0001148,0.070362285,0.028489016,7.2245934e-09,-0.004547596,-0.0005569458,0.014394283,-0.06941786,-0.02620454,-0.016513348,0.295875,0.15373866,1.0,,,,,,,,,,,,,,,,,,,,,,,,,,,,,,,,,,,,,,,,,,,,
790.0,-0.01663797644434308,0.04386567324399948,0.00011475085921119899,0.3253268301486969,0.0,0.25444445,0.11613041,1.0001148,0.070321076,0.02866817,-6.010349e-08,-0.004380226,-0.00020313263,0.014445305,0.03897075,0.08549562,0.012212291,0.29625,0.15392327,1.0,,,,,,,,,,,,,,,,,,,,,,,,,,,,,,,,,,,,,,,,,,,,
791.0,-0.01672376183418819,0.04389474540948868,0.00011475085921119899,0.3225306272506714,0.0,0.25473735,0.11625058,1.0001148,0.070294425,0.028840646,-8.237273e-09,-0.0046708584,-0.0003080368,0.01437664,-0.0694213,-0.026212957,-0.01649199,0.296625,0.15410785,1.0,,,,,,,,,,,,,,,,,,,,,,,,,,,,,,,,,,,,,,,,,,,,
792.0,-0.016809202599451237,0.04392428323626518,0.00011475085921119899,0.31975847482681274,0.0,0.2550301,0.11637152,1.0001148,0.070263326,0.029024906,-7.530495e-08,-0.0045034885,4.5776367e-05,0.0144274235,0.0389764,0.08548891,0.012192704,0.297,0.15429239,1.0,,,,,,,,,,,,,,,,,,,,,,,,,,,,,,,,,,,,,,,,,,,,
793.0,-0.016893506354280545,0.043954212218523026,0.00011475085921119899,0.3170102834701538,0.0,0.25532278,0.116493195,1.0001148,0.070246786,0.029202487,-2.625134e-08,-0.004794359,-5.9366226e-05,0.014358759,-0.069424726,-0.026221367,-0.016470633,0.297375,0.1544769,1.0,,,,,,,,,,,,,,,,,,,,,,,,,,,,,,,,,,,,,,,,,,,,
794.0,-0.016977166013930404,0.04398466646671295,0.00011472702317405492,0.31428563594818115,0.0,0.2556154,0.11661566,1.0001148,0.0702258,0.029391851,-9.305854e-08,-0.004626751,0.00029444695,0.014409542,0.03898204,0.085482195,0.01217312,0.29775,0.15466136,1.0,,,,,,,,,,,,,,,,,,,,,,,,,,,,,,,,,,,,,,,,,,,,
795.0,-0.017059899745190343,0.04401557147502899,0.00011475085921119899,0.3115844428539276,0.0,0.25590798,0.116738886,1.0001147,0.07021936,0.029574534,-4.681595e-08,-0.0049176216,0.00018930435,0.0143408775,-0.06942815,-0.026229773,-0.01644928,0.298125,0.15484579,1.0,,,,,,,,,,,,,,,,,,,,,,,,,,,,,,,,,,,,,,,,,,,,
796.0,-0.017141927534661955,0.044046904891729355,0.00011475085921119899,0.30890628695487976,0.0,0.25620052,0.11686292,1.0001148,0.070208475,0.029769002,2.5456288e-07,-0.0047500134,0.0005431175,0.014391661,0.038987678,0.08547549,0.012153538,0.2985,0.15503018,1.0,,,,,,,,,,,,,,,,,,,,,,,,,,,,,,,,,,,,,,,,,,,,
797.0,-0.017223250651099083,0.04407871514558792,0.00011472702317405492,0.30625098943710327,0.0,0.25649306,0.11698774,1.0001148,0.07021213,0.029956782,-1.5631026e-07,-0.005040884,0.00043797493,0.014322996,-0.06943157,-0.026238173,-0.016427929,0.298875,0.15521452,1.0,,,,,,,,,,,,,,,,,,,,,,,,,,,,,,,,,,,,,,,,,,,,
798.0,-0.017303880568728346,0.044110897928476334,0.00011475085921119899,0.30361834168434143,0.0,0.2567856,0.1171134,1.0001147,0.070211336,0.030156346,-1.15935265e-07,-0.0048732758,0.0007915497,0.014373541,0.038993306,0.08546878,0.01213396,0.29925,0.15539883,1.0,,,,,,,,,,,,,,,,,,,,,,,,,,,,,,,,,,,,,,,,,,,,
799.0,-0.01738382142550327,0.044143564999103546,0.00011472702317405492,0.301008015871048,0.0,0.25707823,0.117239855,1.0001148,0.07022508,0.030349227,2.675739e-07,-0.0051641464,0.0006864071,0.014305115,-0.069434986,-0.026246566,-0.01640658,0.299625,0.1555831,1.0,,,,,,,,,,,,,,,,,,,,,,,,,,,,,,,,,,,,,,,,,,,,
800.0,-0.01746308391851926,0.044176600873470306,0.00011475085921119899,0.2984198331832886,0.0,0.25737086,0.11736716,1.0001147,0.070234366,0.030553883,-2.4687745e-07,-0.004996538,0.0010402203,0.0143556595,0.038998928,0.08546207,0.012114384,0.3,0.15576734,1.0,,,,,,,,,,,,,,,,,,,,,,,,,,,,,,,,,,,,,,,,,,,,
801.0,-0.01754167128454283,0.04421001672744751,0.00011472702317405492,0.29585352540016174,0.0,0.2576636,0.11749529,1.0001148,0.07025819,0.030751856,2.6414608e-07,-0.005287409,0.00093483925,0.014286995,-0.0694384,-0.026254954,-0.016385233,0.300375,0.15595153,1.0,,,,,,,,,,,,,,,,,,,,,,,,,,,,,,,,,,,,,,,,,,,,
802.0,-0.01761959579729592,0.04424384608864784,0.00011475085921119899,0.293308824300766,0.0,0.25795642,0.1176243,1.0001147,0.07027756,0.030961605,-2.8063997e-07,-0.0051198006,0.0012886524,0.014337778,0.039004542,0.085455365,0.012094812,0.30075,0.15613568,1.0,,,,,,,,,,,,,,,,,,,,,,,,,,,,,,,,,,,,,,,,,,,,
803.0,-0.017696862115911795,0.04427804797887802,0.00011472702317405492,0.29078546166419983,0.0,0.2582494,0.117754154,1.0001148,0.070311464,0.031164669,2.3476106e-07,-0.0054106712,0.0011832714,0.014269114,-0.0694418,-0.026263336,-0.016363889,0.301125,0.1563198,1.0,,,,,,,,,,,,,,,,,,,,,,,,,,,,,,,,,,,,,,,,,,,,
804.0,-0.017773395914031428,0.04431261867284775,0.00011475085921119899,0.2882832884788513,0.0,0.25854248,0.1178849,1.0001147,0.070340894,0.031379506,-3.1144947e-07,-0.005243063,0.0015370846,0.014319658,0.03901015,0.08544866,0.012075243,0.3015,0.15650387,1.0,,,,,,,,,,,,,,,,,,,,,,,,,,,,,,,,,,,,,,,,,,,,
805.0,-0.017849288912412886,0.04434749856591225,0.00011472702317405492,0.2858019471168518,0.0,0.25883576,0.11801652,1.0001148,0.07038486,0.031587657,2.0154317e-07,-0.0055339336,0.0014317036,0.014251232,-0.0694452,-0.026271712,-0.016342549,0.301875,0.15668792,1.0,,,,,,,,,,,,,,,,,,,,,,,,,,,,,,,,,,,,,,,,,,,,
806.0,-0.01792454644885802,0.04438277333974838,0.00011472702317405492,0.28334131836891174,0.0,0.2591292,0.11814905,1.0001147,0.07042436,0.03180758,-3.4449818e-07,-0.0053663254,0.0017852783,0.0143015385,0.039015748,0.085441954,0.0120556755,0.30225,0.15687191,1.0,,,,,,,,,,,,,,,,,,,,,,,,,,,,,,,,,,,,,,,,,,,,
807.0,-0.01799917369575269,0.044418372213840485,0.00011472702317405492,0.28090113401412964,0.0,0.25942284,0.11828247,1.0001147,0.07047839,0.032020815,1.6571346e-07,-0.005657196,0.0016798973,0.014233112,-0.06944859,-0.02628008,-0.016321208,0.302625,0.15705587,1.0,,,,,,,,,,,,,,,,,,,,,,,,,,,,,,,,,,,,,,,,,,,,
808.0,-0.01807318165210163,0.044454269111156464,0.00011472702317405492,0.278481125831604,0.0,0.25971672,0.11841682,1.0001147,0.07052794,0.032245822,-1.2147203e-08,-0.005489588,0.0020337105,0.014283657,0.039021343,0.08543526,0.012036112,0.303,0.15723978,1.0,,,,,,,,,,,,,,,,,,,,,,,,,,,,,,,,,,,,,,,,,,,,
809.0,-0.018146573334489952,0.0444905161857605,0.00011472702317405492,0.2760811150074005,0.0,0.26001084,0.11855209,1.0001147,0.070592016,0.03246414,4.096289e-08,-0.0057804585,0.0019283295,0.014215231,-0.06945197,-0.026288446,-0.016299872,0.303375,0.15742366,1.0,,,,,,,,,,,,,,,,,,,,,,,,,,,,,,,,,,,,,,,,,,,,
810.0,-0.018219359431403428,0.04452705755829811,0.00011472702317405492,0.2737008035182953,0.0,0.26030523,0.118688315,1.0001147,0.07065162,0.032694228,-2.9979258e-08,-0.00561285,0.0022819042,0.014265537,0.039026927,0.08542855,0.012016552,0.30375,0.15760751,1.0,,,,,,,,,,,,,,,,,,,,,,,,,,,,,,,,,,,,,,,,,,,,
811.0,-0.018291541898086145,0.0445639006793499,0.00011472702317405492,0.2713400721549988,0.0,0.2605999,0.11882547,1.0001147,0.07072574,0.03291762,-4.707704e-09,-0.005903721,0.0021762848,0.014197111,-0.069455355,-0.026296804,-0.016278537,0.304125,0.1577913,1.0,,,,,,,,,,,,,,,,,,,,,,,,,,,,,,,,,,,,,,,,,,,,
812.0,-0.0183631304799048,0.044600993394851685,0.00011472702317405492,0.2689986228942871,0.0,0.2608949,0.118963614,1.0001147,0.07079538,0.033152785,-6.951001e-08,-0.0057361126,0.0025298595,0.014247417,0.039032508,0.08542185,0.011996995,0.3045,0.15797506,1.0,,,,,,,,,,,,,,,,,,,,,,,,,,,,,,,,,,,,,,,,,,,,
813.0,-0.01843412658313828,0.04463840276002884,0.00011472702317405492,0.2666763961315155,0.0,0.26119024,0.1191027,1.0001147,0.07087954,0.033381253,-4.8415504e-08,-0.0060269833,0.0024244785,0.014178991,-0.06945873,-0.026305156,-0.016257206,0.304875,0.1581588,1.0,,,,,,,,,,,,,,,,,,,,,,,,,,,,,,,,,,,,,,,,,,,,
814.0,-0.018504539687938814,0.04467608407139778,0.00011472702317405492,0.2643730938434601,0.0,0.2614859,0.11924279,1.0001147,0.07095922,0.03362149,-1.1263256e-07,-0.005859375,0.0027780533,0.014229298,0.03903808,0.085415155,0.01197744,0.30525,0.15834247,1.0,,,,,,,,,,,,,,,,,,,,,,,,,,,,,,,,,,,,,,,,,,,,
815.0,-0.018574373390020632,0.04471400007605553,0.00011472702317405492,0.2620885670185089,0.0,0.26178196,0.11938385,1.0001147,0.0710534,0.033855032,-9.440947e-08,-0.0061502457,0.0026724339,0.0141608715,-0.0694621,-0.026313502,-0.016235875,0.305625,0.15852611,1.0,,,,,,,,,,,,,,,,,,,,,,,,,,,,,,,,,,,,,,,,,,,,
816.0,-0.0186436334869366,0.044752176851034164,0.00011472702317405492,0.25982263684272766,0.0,0.26207837,0.11952594,1.0001147,0.071143106,0.034100343,-1.5834738e-07,-0.0059826374,0.0030260086,0.014211178,0.039043646,0.08540846,0.0119578885,0.306,0.15870972,1.0,,,,,,,,,,,,,,,,,,,,,,,,,,,,,,,,,,,,,,,,,,,,
817.0,-0.01871232404260736,0.04479061812162399,0.00011472702317405492,0.2575751543045044,0.0,0.26237524,0.11966901,1.0001147,0.07124732,0.03433895,-1.4292226e-07,-0.006273508,0.0029203892,0.014142752,-0.069465466,-0.026321843,-0.016214548,0.306375,0.15889327,1.0,,,,,,,,,,,,,,,,,,,,,,,,,,,,,,,,,,,,,,,,,,,,
818.0,-0.01878058538424739,0.04482927918434143,0.00011472702317405492,0.2553459703922272,0.0,0.2626725,0.11981314,1.0001147,0.071347035,0.034589328,-2.065978e-07,-0.0061059,0.003273964,0.014193058,0.039049204,0.08540176,0.01193834,0.30675,0.15907681,1.0,,,,,,,,,,,,,,,,,,,,,,,,,,,,,,,,,,,,,,,,,,,,
819.0,-0.018848124728653787,0.04486814886331558,0.00011472702317405492,0.25313499569892883,0.0,0.26297027,0.119958274,1.0001147,0.07146126,0.034833003,-1.9396515e-07,-0.0063967705,0.0031683445,0.014124632,-0.06946882,-0.026330177,-0.016193224,0.307125,0.15926029,1.0,,,,,,,,,,,,,,,,,,,,,,,,,,,,,,,,,,,,,,,,,,,,
820.0,-0.018916026167699603,0.044907234609127045,0.00011472702317405492,0.2509419620037079,0.0,0.2632685,0.12010448,1.0001147,0.07157099,0.035088446,-2.573792e-07,-0.006228924,0.0035219193,0.014174938,0.039054755,0.08539506,0.011918795,0.3075,0.15944374,1.0,,,,,,,,,,,,,,,,,,,,,,,,,,,,,,,,,,,,,,,,,,,,
821.0,-0.018982455796503928,0.04494651034474373,0.00011472702317405492,0.24876689910888672,0.0,0.2635672,0.120251715,1.0001147,0.07169522,0.035337184,-2.4753723e-07,-0.006520033,0.0034162998,0.014106512,-0.06947217,-0.026338506,-0.0161719,0.307875,0.15962714,1.0,,,,,,,,,,,,,,,,,,,,,,,,,,,,,,,,,,,,,,,,,,,,
822.0,-0.019048680277845415,0.04498600214719772,0.00011472702317405492,0.24660953879356384,0.0,0.26386645,0.12040004,1.0001147,0.071814954,0.03559769,-3.106898e-07,-0.006352186,0.0037696362,0.01415658,0.0390603,0.08538836,0.011899252,0.30825,0.1598105,1.0,,,,,,,,,,,,,,,,,,,,,,,,,,,,,,,,,,,,,,,,,,,,
823.0,-0.01911436392886026,0.04502562806010246,0.00011472702317405492,0.24446997046470642,0.0,0.26416624,0.12054942,1.0001147,0.07194919,0.035851486,-3.0363694e-07,-0.0066432953,0.0036640167,0.014088154,-0.06947552,-0.026346829,-0.01615058,0.308625,0.15999383,1.0,,,,,,,,,,,,,,,,,,,,,,,,,,,,,,,,,,,,,,,,,,,,
824.0,-0.01917949964784275,0.04506547003984451,0.00011472702317405492,0.24234792590141296,0.0,0.26446655,0.120699905,1.0001147,0.07207892,0.036117047,-3.665279e-07,-0.0064754486,0.004017353,0.01413846,0.039065838,0.08538167,0.011879713,0.309,0.16017711,1.0,,,,,,,,,,,,,,,,,,,,,,,,,,,,,,,,,,,,,,,,,,,,
825.0,-0.019244100902431824,0.0451054684817791,0.00011472702317405492,0.24024346470832825,0.0,0.2647675,0.12085147,1.0001147,0.07222315,0.036375903,-3.6226263e-07,-0.0067665577,0.0039117336,0.014070034,-0.06947886,-0.026355145,-0.016129263,0.309375,0.16036035,1.0,,,,,,,,,,,,,,,,,,,,,,,,,,,,,,,,,,,,,,,,,,,,
826.0,-0.019308155468308545,0.0451456643640995,0.00011472702317405492,0.23815645277500153,0.0,0.265069,0.121004164,1.0001147,0.07236287,0.036646523,-4.2489197e-07,-0.006598711,0.00426507,0.014120102,0.039071366,0.08537498,0.011860177,0.30975,0.16054356,1.0,,,,,,,,,,,,,,,,,,,,,,,,,,,,,,,,,,,,,,,,,,,,
827.0,-0.019371679458486328,0.04518597573041916,0.00011472702317405492,0.2360868901014328,0.0,0.26537117,0.12115796,1.0001147,0.07251708,0.03691043,-4.2341267e-07,-0.00688982,0.004159212,0.014051914,-0.06948219,-0.026363457,-0.016107948,0.310125,0.16072673,1.0,,,,,,,,,,,,,,,,,,,,,,,,,,,,,,,,,,,,,,,,,,,,
828.0,-0.01943466059240018,0.04522645100951195,0.00011472702317405492,0.23403464257717133,0.0,0.26567394,0.1213129,1.0001147,0.07266678,0.0371861,-4.8578033e-07,-0.0067219734,0.004512787,0.014101744,0.03907689,0.08536828,0.011840643,0.3105,0.16090985,1.0,,,,,,,,,,,,,,,,,,,,,,,,,,,,,,,,,,,,,,,,,,,,
829.0,-0.01949711321526993,0.04526705667376518,0.00011472702317405492,0.23199978470802307,0.0,0.2659774,0.12146897,1.0001147,0.072830975,0.03745506,-4.8708546e-07,-0.007012844,0.004406929,0.014033556,-0.06948552,-0.026371762,-0.016086636,0.310875,0.16109292,1.0,,,,,,,,,,,,,,,,,,,,,,,,,,,,,,,,,,,,,,,,,,,,
830.0,-0.019559022045273742,0.045307792723178864,0.00011472702317405492,0.22998224198818207,0.0,0.26628155,0.1216262,1.0001147,0.07299065,0.03773578,-5.491914e-07,-0.006845236,0.0047602654,0.014083624,0.039082408,0.08536159,0.0118211135,0.31125,0.16127597,1.0,,,,,,,,,,,,,,,,,,,,,,,,,,,,,,,,,,,,,,,,,,,,
831.0,-0.019620401588275854,0.04534866660833359,0.00011472702317405492,0.22798210382461548,0.0,0.2665864,0.121784575,1.0001147,0.07316481,0.038009785,-5.5327945e-07,-0.0071361065,0.0046544075,0.014015198,-0.069488846,-0.026380062,-0.016065326,0.311625,0.16145897,1.0,,,,,,,,,,,,,,,,,,,,,,,,,,,,,,,,,,,,,,,,,,,,
832.0,-0.019681239196141544,0.045389652252197266,0.00011472702317405492,0.22599923610687256,0.0,0.26689196,0.12194414,1.0001147,0.073334455,0.038295552,-6.151235e-07,-0.00696826,0.005007744,0.014065266,0.039087918,0.08535491,0.011801586,0.312,0.16164194,1.0,,,,,,,,,,,,,,,,,,,,,,,,,,,,,,,,,,,,,,,,,,,,
833.0,-0.019741544120448817,0.0454307496547699,0.00011472702317405492,0.22403384745121002,0.0,0.26719826,0.12210487,1.0001147,0.07351858,0.038574602,-6.2199297e-07,-0.007259369,0.004901886,0.0139968395,-0.06949217,-0.026388355,-0.016044017,0.312375,0.16182487,1.0,,,,,,,,,,,,,,,,,,,,,,,,,,,,,,,,,,,,,,,,,,,,
834.0,-0.01980130503945402,0.04547193646430969,0.00011472702317405492,0.22208580374717712,0.0,0.26750535,0.12226681,1.0001147,0.073698185,0.03886541,-6.835751e-07,-0.007091522,0.0052552223,0.014046907,0.03909342,0.08534822,0.011782061,0.31275,0.16200775,1.0,,,,,,,,,,,,,,,,,,,,,,,,,,,,,,,,,,,,,,,,,,,,
835.0,-0.019860531684524178,0.045513175427913666,0.00011472702317405492,0.220155268907547,0.0,0.26781324,0.12242993,1.0001147,0.073892266,0.039149504,-6.9322437e-07,-0.0073826313,0.005149126,0.01397872,-0.06949548,-0.026396642,-0.016022712,0.313125,0.16219059,1.0,,,,,,,,,,,,,,,,,,,,,,,,,,,,,,,,,,,,,,,,,,,,
836.0,-0.01991920818927611,0.04555453732609749,0.00011472702317405492,0.21824227273464203,0.0,0.2681219,0.12259428,1.0001147,0.074081816,0.03944535,-7.5454454e-07,-0.0072147846,0.0055024624,0.014028549,0.03909892,0.08534153,0.01176254,0.3135,0.16237338,1.0,,,,,,,,,,,,,,,,,,,,,,,,,,,,,,,,,,,,,,,,,,,,
837.0,-0.019977348173961948,0.045595940202474594,0.00011472702317405492,0.2163468599319458,0.0,0.26843143,0.12275984,1.0001147,0.07428585,0.039734483,-7.6697205e-07,-0.0075058937,0.0053966045,0.0139603615,-0.069498785,-0.026404923,-0.016001409,0.313875,0.16255614,1.0,,,,,,,,,,,,,,,,,,,,,,,,,,,,,,,,,,,,,,,,,,,,
838.0,-0.020034932867060706,0.04563744738698006,0.00011472702317405492,0.21446911990642548,0.0,0.2687418,0.12292666,1.0001147,0.07448535,0.040035367,-8.280303e-07,-0.007338047,0.0057497025,0.014010191,0.039104406,0.085334845,0.011743022,0.31425,0.16273886,1.0,,,,,,,,,,,,,,,,,,,,,,,,,,,,,,,,,,,,,,,,,,,,
839.0,-0.02009197402286809,0.0456789955496788,0.00011472702317405492,0.212609201669693,0.0,0.26905304,0.1230947,1.0001147,0.07469932,0.040329535,-8.432345e-07,-0.007629156,0.0056438446,0.013941765,-0.069502085,-0.026413199,-0.015980108,0.314625,0.16292155,1.0,,,,,,,,,,,,,,,,,,,,,,,,,,,,,,,,,,,,,,,,,,,,
840.0,-0.020148455573699178,0.045720599591732025,0.00011472702317405492,0.21076710522174835,0.0,0.26936516,0.123264015,1.0001147,0.074908756,0.040635455,-9.040307e-07,-0.007461071,0.0059969425,0.013991594,0.03910989,0.08532816,0.011723507,0.315,0.16310418,1.0,,,,,,,,,,,,,,,,,,,,,,,,,,,,,,,,,,,,,,,,,,,,
841.0,-0.02020438222259254,0.04576226323843002,0.00011472702317405492,0.208943173289299,0.0,0.2696782,0.12343457,1.0001147,0.07513266,0.040934652,-9.2201e-07,-0.00775218,0.0058910847,0.013923407,-0.06950538,-0.026421469,-0.015958808,0.315375,0.16328678,1.0,,,,,,,,,,,,,,,,,,,,,,,,,,,,,,,,,,,,,,,,,,,,
842.0,-0.020259741814127485,0.04580393806099892,0.00011472702317405492,0.2071373015642166,0.0,0.26999217,0.12360643,1.0001147,0.075352035,0.041245602,-9.825442e-07,-0.0075843334,0.0062434673,0.013973236,0.039117415,0.085174754,0.011705132,0.31575,0.16346933,1.0,,,,,,,,,,,,,,,,,,,,,,,,,,,,,,,,,,,,,,,,,,,,
843.0,-0.020314299721648426,0.045845627784729004,0.00011472702317405492,0.20534975826740265,0.0,0.27030712,0.12377955,1.0001147,0.075585835,0.041549828,-1.0031409e-06,-0.0078754425,0.006136894,0.013905048,-0.0695066,-0.026576415,-0.015936444,0.316125,0.16365185,1.0,,,,,,,,,,,,,,,,,,,,,,,,,,,,,,,,,,,,,,,,,,,,
844.0,-0.020368755533179503,0.04588736593723297,0.00011477470252430066,0.20358067750930786,0.0,0.270623,0.12395399,1.0001147,0.07581508,0.041865803,-1.0632989e-06,-0.007707596,0.006006241,0.013958693,0.04074095,-0.030787908,0.0125989895,0.3165,0.16383432,1.0,,,,,,,,,,,,,,,,,,,,,,,,,,,,,,,,,,,,,,,,,,,,
845.0,-0.020422167225088196,0.045929089188575745,0.00011477470252430066,0.20183022320270538,0.0,0.27093983,0.12412972,1.0001147,0.07603901,0.04217478,-9.632663e-07,-0.007998705,0.0063328743,0.013886929,-0.07095315,0.077431366,-0.01675069,0.316875,0.16401675,1.0,,,,,,,,,,,,,,,,,,,,,,,,,,,,,,,,,,,,,,,,,,,,
846.0,-0.020475529860053937,0.045970797538757324,0.00011477470252430066,0.20009855926036835,0.0,0.27125767,0.12430679,1.0001147,0.076276086,0.04249575,-1.1625908e-06,-0.00783062,0.006202221,0.013940573,0.040756464,-0.0307919,0.012595957,0.31725,0.16419916,1.0,,,,,,,,,,,,,,,,,,,,,,,,,,,,,,,,,,,,,,,,,,,,
847.0,-0.020527710252562975,0.04601256921887398,0.00011477470252430066,0.19838584959506989,0.0,0.27157643,0.124485165,1.0001147,0.076507844,0.042809717,-1.0279741e-06,-0.008121729,0.006529093,0.013868809,-0.07094147,0.07742562,-0.016745633,0.317625,0.1643815,1.0,,,,,,,,,,,,,,,,,,,,,,,,,,,,,,,,,,,,,,,,,,,,
848.0,-0.020580047942278183,0.04605431109666824,0.00011477470252430066,0.1966923326253891,0.0,0.27189624,0.124664895,1.0001147,0.07675275,0.043135673,-1.2394778e-06,-0.007953644,0.0063984394,0.013922453,0.04077197,-0.030795893,0.012592917,0.318,0.16456382,1.0,,,,,,,,,,,,,,,,,,,,,,,,,,,,,,,,,,,,,,,,,,,,
849.0,-0.020630700980360416,0.04609600082039833,0.00011477470252430066,0.1950182467699051,0.0,0.27221704,0.12484595,1.0001147,0.07699234,0.04345462,-1.100085e-06,-0.008244753,0.006538868,0.013852358,-0.070305295,0.032730445,-0.016385097,0.318375,0.16474609,1.0,,,,,,,,,,,,,,,,,,,,,,,,,,,,,,,,,,,,,,,,,,,,
850.0,-0.02068209423341905,0.046137742698192596,0.00011477470252430066,0.1933637261390686,0.0,0.27253887,0.12502839,1.0001147,0.077237464,0.043785453,-1.2662811e-06,-0.008076429,0.0062220097,0.013907433,0.041403398,-0.07547877,0.01296571,0.31875,0.16492832,1.0,,,,,,,,,,,,,,,,,,,,,,,,,,,,,,,,,,,,,,,,,,,,
851.0,-0.020731522910890636,0.04617942124605179,0.00011477470252430066,0.19172897934913635,0.0,0.27286166,0.12521218,1.0001147,0.077469654,0.044109166,-1.0885478e-06,-0.008367538,0.006362438,0.0138373375,-0.070289955,0.032745425,-0.016400892,0.319125,0.1651105,1.0,,,,,,,,,,,,,,,,,,,,,,,,,,,,,,,,,,,,,,,,,,,,
852.0,-0.020781723523182156,0.04622107744216919,0.00011477470252430066,0.19011428952217102,0.0,0.27318543,0.12539737,1.0001147,0.07770738,0.04444476,-1.2641859e-06,-0.008199215,0.00604558,0.013892412,0.041411962,-0.07546186,0.012982828,0.3195,0.16529265,1.0,,,,,,,,,,,,,,,,,,,,,,,,,,,,,,,,,,,,,,,,,,,,
853.0,-0.02082992137845213,0.04626272991299629,0.00011477470252430066,0.18851986527442932,0.0,0.27351016,0.12558392,1.0001147,0.07793218,0.044773232,-1.0856809e-06,-0.008490086,0.006186247,0.013822079,-0.070274614,0.032760393,-0.016416676,0.319875,0.16547476,1.0,,,,,,,,,,,,,,,,,,,,,,,,,,,,,,,,,,,,,,,,,,,,
854.0,-0.02087887648889955,0.046304382383823395,0.00011475085921119899,0.18694597482681274,0.0,0.27383584,0.1257719,1.0001147,0.07816253,0.045113575,-1.2619406e-06,-0.0083220005,0.0058693886,0.013877392,0.041420523,-0.07544495,0.012999931,0.32025,0.16565682,1.0,,,,,,,,,,,,,,,,,,,,,,,,,,,,,,,,,,,,,,,,,,,,
855.0,-0.0209258142865132,0.046345971524715424,0.00011475085921119899,0.1853928118944168,0.0,0.2741624,0.12596126,1.0001146,0.078379944,0.045446802,-1.0847314e-06,-0.008612871,0.0060100555,0.013807058,-0.07025928,0.032775354,-0.016432445,0.320625,0.16583884,1.0,,,,,,,,,,,,,,,,,,,,,,,,,,,,,,,,,,,,,,,,,,,,
856.0,-0.020973497178877736,0.04638754948973656,0.00011475085921119899,0.1838606297969818,0.0,0.27448994,0.12615205,1.0001146,0.07860292,0.045791898,-8.93216e-07,-0.008444548,0.0056934357,0.013862371,0.04142908,-0.075428054,0.013017021,0.321,0.16602081,1.0,,,,,,,,,,,,,,,,,,,,,,,,,,,,,,,,,,,,,,,,,,,,
857.0,-0.021019145291235327,0.04642905294895172,0.00011475085921119899,0.18234971165657043,0.0,0.2748183,0.12634426,1.0001146,0.078812964,0.046129867,-8.037733e-07,-0.008735418,0.0058341026,0.013792276,-0.07024395,0.032790307,-0.016448203,0.321375,0.16620275,1.0,,,,,,,,,,,,,,,,,,,,,,,,,,,,,,,,,,,,,,,,,,,,
858.0,-0.021065521706559957,0.04647054523229599,0.00011475085921119899,0.18086029589176178,0.0,0.2751476,0.12653793,1.0001146,0.07902857,0.046479706,-9.600027e-07,-0.008567095,0.0055174828,0.013847351,0.04143763,-0.075411156,0.013034098,0.32175,0.16638465,1.0,,,,,,,,,,,,,,,,,,,,,,,,,,,,,,,,,,,,,,,,,,,,
859.0,-0.021109624758556312,0.04651198163628578,0.00011475085921119899,0.17939268052577972,0.0,0.27547774,0.12673302,1.0001146,0.079231255,0.046822414,-7.903716e-07,-0.008857727,0.0056581497,0.013777256,-0.07022862,0.032805253,-0.016463945,0.322125,0.1665665,1.0,,,,,,,,,,,,,,,,,,,,,,,,,,,,,,,,,,,,,,,,,,,,
860.0,-0.021154443932096912,0.04655338451266289,0.00011475085921119899,0.1779470443725586,0.0,0.27580872,0.1269296,1.0001146,0.079439506,0.047176987,-9.658585e-07,-0.0086894035,0.0053417683,0.013832569,0.041446175,-0.07539427,0.013051162,0.3225,0.16674832,1.0,,,,,,,,,,,,,,,,,,,,,,,,,,,,,,,,,,,,,,,,,,,,
861.0,-0.0211971987097706,0.04659478738903999,0.00011475085921119899,0.17652375996112823,0.0,0.27614054,0.12712762,1.0001146,0.07963484,0.04752443,-7.931416e-07,-0.008980036,0.005482435,0.013762236,-0.0702133,0.032820188,-0.016479675,0.322875,0.1669301,1.0,,,,,,,,,,,,,,,,,,,,,,,,,,,,,,,,,,,,,,,,,,,,
862.0,-0.021240654587338214,0.046636126935482025,0.00011475085921119899,0.1751229465007782,0.0,0.2764732,0.12732713,1.0001146,0.079835735,0.047883734,-9.697856e-07,-0.008811712,0.005166054,0.013817549,0.041454714,-0.07537739,0.01306821,0.32325,0.16711183,1.0,,,,,,,,,,,,,,,,,,,,,,,,,,,,,,,,,,,,,,,,,,,,
863.0,-0.021282029447470267,0.04667746275663376,0.00011475085921119899,0.1737450361251831,0.0,0.27680662,0.12752812,1.0001146,0.08002372,0.048235904,-7.9822934e-07,-0.009102106,0.005306959,0.013747454,-0.070197985,0.032835115,-0.016495392,0.323625,0.16729352,1.0,,,,,,,,,,,,,,,,,,,,,,,,,,,,,,,,,,,,,,,,,,,,
864.0,-0.021324086573318347,0.04671873524785042,0.00011475085921119899,0.17239020764827728,0.0,0.27714086,0.12773061,1.0001146,0.08021728,0.04859993,-9.750316e-07,-0.008933783,0.0049905777,0.013802767,0.041463245,-0.07536052,0.013085246,0.324,0.16747516,1.0,,,,,,,,,,,,,,,,,,,,,,,,,,,,,,,,,,,,,,,,,,,,
865.0,-0.021364048671274945,0.04675999656319618,0.00011475085921119899,0.1710587441921234,0.0,0.27747586,0.1279346,1.0001146,0.080397926,0.04895682,-8.0486814e-07,-0.009224415,0.005131483,0.013732433,-0.07018267,0.032850035,-0.016511094,0.324375,0.16765676,1.0,,,,,,,,,,,,,,,,,,,,,,,,,,,,,,,,,,,,,,,,,,,,
866.0,-0.021404675833759393,0.04680122807621956,0.00011475085921119899,0.16975091397762299,0.0,0.27781162,0.12814012,1.0001146,0.08058415,0.049325563,-9.817724e-07,-0.009055853,0.0048151016,0.013787985,0.041471776,-0.07534365,0.013102269,0.32475,0.16783834,1.0,,,,,,,,,,,,,,,,,,,,,,,,,,,,,,,,,,,,,,,,,,,,
867.0,-0.0214431908116203,0.04684244468808174,0.00011475085921119899,0.16846700012683868,0.0,0.2781481,0.12834716,1.0001146,0.08075748,0.04968717,-8.130123e-07,-0.009346247,0.004956007,0.013717651,-0.07016736,0.032864943,-0.016526783,0.325125,0.16801985,1.0,,,,,,,,,,,,,,,,,,,,,,,,,,,,,,,,,,,,,,,,,,,,
868.0,-0.021482354159020178,0.04688365012407303,0.00011475085921119899,0.167207270860672,0.0,0.27848533,0.12855574,1.0001146,0.08093638,0.050060622,-9.900141e-07,-0.009177685,0.004639864,0.013773203,0.041480295,-0.07532679,0.013119278,0.3255,0.16820133,1.0,,,,,,,,,,,,,,,,,,,,,,,,,,,,,,,,,,,,,,,,,,,,
869.0,-0.021519390357680825,0.04692480340600014,0.00011475085921119899,0.16597196459770203,0.0,0.27882326,0.12876585,1.0001146,0.081102386,0.050426934,-8.226562e-07,-0.009468079,0.0047810078,0.013702869,-0.07015206,0.032879844,-0.016542459,0.325875,0.16838276,1.0,,,,,,,,,,,,,,,,,,,,,,,,,,,,,,,,,,,,,,,,,,,,
870.0,-0.02155705897069347,0.04696597903966904,0.00011475085921119899,0.16476133465766907,0.0,0.2791619,0.12897754,1.0001146,0.08127397,0.050805096,-9.997539e-07,-0.009299755,0.0044648647,0.013758421,0.04148881,-0.07530994,0.013136272,0.32625,0.16856416,1.0,,,,,,,,,,,,,,,,,,,,,,,,,,,,,,,,,,,,,,,,,,,,
871.0,-0.02159258401308325,0.04700711742043495,0.00011475085921119899,0.1635756641626358,0.0,0.2795012,0.12919077,1.0001146,0.08143267,0.05117611,-8.337961e-07,-0.0095899105,0.00460577,0.013688087,-0.07013676,0.032894738,-0.016558122,0.326625,0.16874552,1.0,,,,,,,,,,,,,,,,,,,,,,,,,,,,,,,,,,,,,,,,,,,,
872.0,-0.0216284757011912,0.047048281878232956,0.00011475085921119899,0.16241516172885895,0.0,0.2798412,0.1294056,1.0001146,0.081596956,0.051558968,-1.0109882e-06,-0.009421349,0.0042898655,0.013743639,0.041497324,-0.075293094,0.013153254,0.327,0.16892682,1.0,,,,,,,,,,,,,,,,,,,,,,,,,,,,,,,,,,,,,,,,,,,,
873.0,-0.0216621872706819,0.047089409083127975,0.00011475085921119899,0.16128015518188477,0.0,0.28018183,0.129622,1.0001146,0.08174835,0.051934678,-8.4642846e-07,-0.009711742,0.004430771,0.0136733055,-0.07012147,0.032909624,-0.016573772,0.327375,0.1691081,1.0,,,,,,,,,,,,,,,,,,,,,,,,,,,,,,,,,,,,,,,,,,,,
874.0,-0.02169648519545954,0.047130487859249115,0.00011475085921119899,0.16017070412635803,0.0,0.2805231,0.12984,1.0001146,0.081905335,0.052322228,-1.0237136e-06,-0.009542942,0.0041148663,0.013728857,0.04150583,-0.075276256,0.013170223,0.32775,0.16928932,1.0,,,,,,,,,,,,,,,,,,,,,,,,,,,,,,,,,,,,,,,,,,,,
875.0,-0.021728590146766508,0.04717152938246727,0.00011475085921119899,0.1590871512889862,0.0,0.28086495,0.1300596,1.0001146,0.082049444,0.052702628,-8.605499e-07,-0.009833336,0.00425601,0.013658524,-0.07010617,0.0329245,-0.016589407,0.328125,0.1694705,1.0,,,,,,,,,,,,,,,,,,,,,,,,,,,,,,,,,,,,,,,,,,,,
876.0,-0.02176104099521763,0.04721254110336304,0.00011475085921119899,0.15802955627441406,0.0,0.28120747,0.13028082,1.0001146,0.08219914,0.053094864,-1.0379266e-06,-0.0096645355,0.0039401054,0.013714075,0.04151433,-0.075259425,0.013187177,0.3285,0.16965164,1.0,,,,,,,,,,,,,,,,,,,,,,,,,,,,,,,,,,,,,,,,,,,,
877.0,-0.021791362336587194,0.04725347086787224,0.00011475085921119899,0.15699823200702667,0.0,0.28155053,0.13050365,1.0001146,0.082335964,0.053479947,-8.7615683e-07,-0.009498119,0.0040814877,0.013643742,0.039461557,0.034441885,-0.017036723,0.328875,0.16983274,1.0,,,,,,,,,,,,,,,,,,,,,,,,,,,,,,,,,,,,,,,,,,,,
878.0,-0.02182224647676267,0.047294337302446365,0.00011475085921119899,0.1559932976961136,0.0,0.28189418,0.13072807,1.0001146,0.08247864,0.053858206,-8.72125e-07,-0.009017944,0.003765583,0.013699293,0.11629721,-0.07423494,0.012864278,0.32925,0.1700138,1.0,,,,,,,,,,,,,,,,,,,,,,,,,,,,,,,,,,,,,,,,,,,,
879.0,-0.021850918503687717,0.04733509570360184,0.00011475085921119899,0.15501494705677032,0.0,0.2822384,0.13095397,1.0001146,0.08260862,0.054216575,-6.4064625e-07,-0.008996487,0.003906727,0.013629198,0.004680565,0.033989146,-0.016876308,0.329625,0.17019482,1.0,,,,,,,,,,,,,,,,,,,,,,,,,,,,,,,,,,,,,,,,,,,,
880.0,-0.021880143018269158,0.04737578704953194,0.00011475085921119899,0.15406332910060883,0.0,0.28258315,0.13118136,1.0001146,0.08274437,0.05457405,-7.0925364e-07,-0.008516312,0.0035910606,0.013684511,0.11627076,-0.07422799,0.0128468955,0.33,0.17037578,1.0,,,,,,,,,,,,,,,,,,,,,,,,,,,,,,,,,,,,,,,,,,,,
881.0,-0.021907144891902864,0.04741634055972099,0.00011475085921119899,0.1531386822462082,0.0,0.28292844,0.13141017,1.0001146,0.08286743,0.054911643,-4.7287116e-07,-0.008494854,0.0037324429,0.013614178,0.0046609165,0.034012944,-0.016857855,0.330375,0.17055671,1.0,,,,,,,,,,,,,,,,,,,,,,,,,,,,,,,,,,,,,,,,,,,,
882.0,-0.021934690753604814,0.047456882894039154,0.00011475085921119899,0.1522410362958908,0.0,0.28327426,0.13164036,1.0001146,0.082996264,0.05524835,-5.421064e-07,-0.008014917,0.0034165382,0.013669491,0.11624432,-0.07422103,0.012829516,0.33075,0.1707376,1.0,,,,,,,,,,,,,,,,,,,,,,,,,,,,,,,,,,,,,,,,,,,,
883.0,-0.021960003246827547,0.04749730974435806,0.00011475085921119899,0.15137070417404175,0.0,0.28362057,0.13187188,1.0001146,0.08311241,0.055565186,-3.1771324e-07,-0.00799346,0.0035581589,0.013599396,0.004641275,0.034036722,-0.016839398,0.331125,0.17091845,1.0,,,,,,,,,,,,,,,,,,,,,,,,,,,,,,,,,,,,,,,,,,,,
884.0,-0.02198585187817662,0.04753761738538742,0.00011475085921119899,0.150527685880661,0.0,0.28396738,0.13210472,1.0001146,0.08323435,0.055881146,-3.836065e-07,-0.007513523,0.0032422543,0.01365447,0.116217904,-0.07421407,0.012812139,0.3315,0.17109925,1.0,,,,,,,,,,,,,,,,,,,,,,,,,,,,,,,,,,,,,,,,,,,,
885.0,-0.022009460713656157,0.047577787190675735,0.00011475085921119899,0.1497121900320053,0.0,0.28431463,0.13233879,1.0001146,0.083343595,0.056177244,-1.7212405e-07,-0.007492304,0.003383875,0.013584375,0.00462164,0.034060482,-0.016820934,0.331875,0.17128001,1.0,,,,,,,,,,,,,,,,,,,,,,,,,,,,,,,,,,,,,,,,,,,,
886.0,-0.02203359794962453,0.0476178340613842,0.00011475085921119899,0.14892424643039703,0.0,0.28466237,0.1325741,1.0001146,0.08345863,0.056472473,-2.3445459e-07,-0.0070126057,0.0030682087,0.013639212,0.11619151,-0.0742071,0.012794763,0.33225,0.17146072,1.0,,,,,,,,,,,,,,,,,,,,,,,,,,,,,,,,,,,,,,,,,,,,
887.0,-0.02205548847907558,0.04765777289867401,0.00011475085921119899,0.1481640785932541,0.0,0.28501055,0.13281055,1.0001146,0.08356098,0.056747846,-3.592434e-08,-0.0069913864,0.0032098293,0.013569355,0.0046020113,0.03408422,-0.016802466,0.332625,0.1716414,1.0,,,,,,,,,,,,,,,,,,,,,,,,,,,,,,,,,,,,,,,,,,,,
888.0,-0.022077901519811715,0.04769758880138397,0.00011475085921119899,0.14743168652057648,0.0,0.28535917,0.13304815,1.0001146,0.08366913,0.057022363,-9.4678e-08,-0.006511688,0.0028941631,0.013623953,0.116165124,-0.07420012,0.01277739,0.333,0.17182203,1.0,,,,,,,,,,,,,,,,,,,,,,,,,,,,,,,,,,,,,,,,,,,,
889.0,-0.02209806408137083,0.04773722589015961,0.00011475085921119899,0.14672718942165375,0.0,0.2857082,0.13328679,1.0001146,0.083764605,0.057277035,9.090705e-08,-0.006490469,0.0030360222,0.013554096,0.0045823893,0.034107942,-0.016783992,0.333375,0.17200261,1.0,,,,,,,,,,,,,,,,,,,,,,,,,,,,,,,,,,,,,,,,,,,,
890.0,-0.022118744554681324,0.04777674004435539,0.00011475085921119899,0.14605063199996948,0.0,0.28605762,0.1335265,1.0001146,0.08386587,0.057530858,3.573301e-08,-0.006011009,0.002720356,0.013608694,0.11613876,-0.07419314,0.012760019,0.33375,0.17218316,1.0,,,,,,,,,,,,,,,,,,,,,,,,,,,,,,,,,,,,,,,,,,,,
891.0,-0.022137168724103685,0.04781608656048775,0.00011475085921119899,0.14540217816829681,0.0,0.28640744,0.13376719,1.0001146,0.08395447,0.057764843,2.0838257e-07,-0.0059900284,0.002862215,0.013538837,0.0045627737,0.034131642,-0.016765513,0.334125,0.17236365,1.0,,,,,,,,,,,,,,,,,,,,,,,,,,,,,,,,,,,,,,,,,,,,
892.0,-0.022156579801860792,0.047855257987976074,0.00011475085921119899,0.14478173851966858,0.0,0.28675765,0.13400885,1.0001146,0.08404887,0.05799799,1.5679025e-07,-0.00551033,0.0025467873,0.013593197,0.1161124,-0.07418616,0.01274265,0.3345,0.1725441,1.0,,,,,,,,,,,,,,,,,,,,,,,,,,,,,,,,,,,,,,,,,,,,
893.0,-0.022173052375571572,0.04789426922798157,0.00011475085921119899,0.14418941736221313,0.0,0.28710818,0.1342514,1.0001146,0.08413059,0.058211308,3.1651413e-07,-0.005489588,0.0026886463,0.013523579,0.0045431647,0.034155328,-0.016747028,0.334875,0.17272453,1.0,,,,,,,,,,,,,,,,,,,,,,,,,,,,,,,,,,,,,,,,,,,,
894.0,-0.022190954284787585,0.04793310910463333,0.00011475085921119899,0.14362522959709167,0.0,0.2874591,0.13449483,1.0001146,0.08421813,0.058423795,2.6850557e-07,-0.005010128,0.0023732185,0.0135777,0.11608607,-0.07417917,0.012725283,0.33525,0.1729049,1.0,,,,,,,,,,,,,,,,,,,,,,,,,,,,,,,,,,,,,,,,,,,,
895.0,-0.02220639894953056,0.047971758991479874,0.00011475085921119899,0.1430891752243042,0.0,0.28781033,0.13473907,1.0001146,0.08429299,0.058616463,4.1531365e-07,-0.0049893856,0.002515316,0.013508081,0.0045235623,0.03417899,-0.016728539,0.335625,0.17308523,1.0,,,,,,,,,,,,,,,,,,,,,,,,,,,,,,,,,,,,,,,,,,,,
896.0,-0.022222564155778675,0.0480102002620697,0.00011475085921119899,0.1425812840461731,0.0,0.28816187,0.1349841,1.0001146,0.084373675,0.058808308,3.7089083e-07,-0.004509926,0.0021996498,0.013562202,0.11605976,-0.07417218,0.012707919,0.336,0.1732655,1.0,,,,,,,,,,,,,,,,,,,,,,,,,,,,,,,,,,,,,,,,,,,,
897.0,-0.02223647355245121,0.048048458993434906,0.00011475085921119899,0.14210154116153717,0.0,0.28851372,0.13522986,1.0001146,0.0844417,0.058980346,5.047929e-07,-0.0044891834,0.0023419857,0.013492584,0.004503967,0.034202635,-0.016710043,0.336375,0.17344575,1.0,,,,,,,,,,,,,,,,,,,,,,,,,,,,,,,,,,,,,,,,,,,,
898.0,-0.022250898842280004,0.04808651655912399,0.00011475085921119899,0.14164982736110687,0.0,0.28886586,0.13547632,1.0001146,0.084515534,0.059151568,4.6395786e-07,-0.004009962,0.0020263195,0.013546467,0.11603346,-0.07416517,0.012690556,0.33675,0.17362595,1.0,,,,,,,,,,,,,,,,,,,,,,,,,,,,,,,,,,,,,,,,,,,,
899.0,-0.02226306874312213,0.04812433943152428,0.00011475085921119899,0.14122626185417175,0.0,0.28921828,0.13572341,1.0001146,0.08457671,0.059302993,5.8496374e-07,-0.003989458,0.0021686554,0.013477087,0.0044843773,0.034226265,-0.016691543,0.337125,0.1738061,1.0,,,,,,,,,,,,,,,,,,,,,,,,,,,,,,,,,,,,,,,,,,,,
900.0,-0.022275760311881464,0.04816197603940964,0.00011475085921119899,0.14083059132099152,0.0,0.28957096,0.13597114,1.0001146,0.084643714,0.05945361,5.477185e-07,-0.0035102367,0.0018532276,0.013530731,0.11600717,-0.07415817,0.012673196,0.3375,0.17398621,1.0,,,,,,,,,,,,,,,,,,,,,,,,,,,,,,,,,,,,,,,,,,,,
901.0,-0.022286353327421238,0.04819934815168381,0.00011475085921119899,0.14046284556388855,0.0,0.28992385,0.13621941,1.0001146,0.08469806,0.059584435,6.5583794e-07,-0.0034897327,0.001995802,0.013461351,0.004464795,0.034249872,-0.016673038,0.337875,0.17416628,1.0,,,,,,,,,,,,,,,,,,,,,,,,,,,,,,,,,,,,,,,,,,,,
902.0,-0.02229746992109722,0.04823649302124977,0.00011475085921119899,0.1401229053735733,0.0,0.290277,0.13646822,1.0001146,0.08475824,0.059714466,6.221845e-07,-0.0033128262,0.0016803741,0.013514996,0.04345091,-0.075127564,0.0128006,0.33825,0.17434631,1.0,,,,,,,,,,,,,,,,,,,,,,,,,,,,,,,,,,,,,,,,,,,,
903.0,-0.02230638807059877,0.048273343592882156,0.00011475085921119899,0.1398107409477234,0.0,0.29063037,0.13671754,1.0001146,0.08480559,0.05983707,6.783659e-07,-0.003594637,0.00182271,0.013445616,-0.06806701,0.033284187,-0.01654287,0.338625,0.17452629,1.0,,,,,,,,,,,,,,,,,,,,,,,,,,,,,,,,,,,,,,,,,,,,
904.0,-0.022315744922107115,0.048309944570064545,0.00011475085921119899,0.13952608406543732,0.0,0.29098395,0.13696742,1.0001146,0.08485861,0.05997123,6.152024e-07,-0.0034177303,0.0015072823,0.01349926,0.04345848,-0.075111195,0.012816659,0.339,0.17470622,1.0,,,,,,,,,,,,,,,,,,,,,,,,,,,,,,,,,,,,,,,,,,,,
905.0,-0.022323070268800805,0.04834628850221634,0.00011475085921119899,0.1392689347267151,0.0,0.2913377,0.13721782,1.0001146,0.08489882,0.06009796,6.768416e-07,-0.003699541,0.0016498566,0.01342988,-0.06805264,0.033299275,-0.016557362,0.339375,0.17488612,1.0,,,,,,,,,,,,,,,,,,,,,,,,,,,,,,,,,,,,,,,,,,,,
906.0,-0.022330619142617074,0.04838235303759575,0.00011475085921119899,0.1390390396118164,0.0,0.29169163,0.13746881,1.0001146,0.084944695,0.06023624,6.1220084e-07,-0.0035226345,0.0013346672,0.013483524,0.043466046,-0.075094834,0.012832705,0.33975,0.17506596,1.0,,,,,,,,,,,,,,,,,,,,,,,,,,,,,,,,,,,,,,,,,,,,
907.0,-0.022336052570628092,0.0484180711209774,0.00011475085921119899,0.13883627951145172,0.0,0.2920457,0.13772033,1.0001146,0.08497776,0.060367096,6.7271816e-07,-0.0038042068,0.0014772415,0.0134141445,-0.06803827,0.03331436,-0.01657184,0.340125,0.17524578,1.0,,,,,,,,,,,,,,,,,,,,,,,,,,,,,,,,,,,,,,,,,,,,
908.0,-0.02234152049111581,0.048453494906425476,0.00011475085921119899,0.1386605054140091,0.0,0.29239994,0.13797246,1.0001146,0.085016504,0.0605095,6.081468e-07,-0.0036273003,0.0011620522,0.013468027,0.04347361,-0.07507849,0.012848738,0.3405,0.17542553,1.0,,,,,,,,,,,,,,,,,,,,,,,,,,,,,,,,,,,,,,,,,,,,
909.0,-0.022345449977574025,0.04848859831690788,0.00011475085921119899,0.138511523604393,0.0,0.2927543,0.13822515,1.0001146,0.08504244,0.06064447,6.671815e-07,-0.0039088726,0.0013046265,0.013398409,-0.06802391,0.03332943,-0.016586306,0.340875,0.17560525,1.0,,,,,,,,,,,,,,,,,,,,,,,,,,,,,,,,,,,,,,,,,,,,
910.0,-0.0223487081817264,0.04852346330881119,0.00011475085921119899,0.13838918507099152,0.0,0.29310876,0.13847844,1.0001146,0.08507405,0.06079099,6.027658e-07,-0.0037317276,0.0009894371,0.0134522915,0.043481164,-0.07506213,0.012864757,0.34125,0.17578493,1.0,,,,,,,,,,,,,,,,,,,,,,,,,,,,,,,,,,,,,,,,,,,,
911.0,-0.022351572626231792,0.048557959496974945,0.00011475085921119899,0.1382932811975479,0.0,0.29346332,0.13873231,1.0001146,0.085092865,0.06093007,6.602998e-07,-0.0040133,0.0011322498,0.013382912,-0.06800955,0.033344496,-0.016600758,0.341625,0.17596455,1.0,,,,,,,,,,,,,,,,,,,,,,,,,,,,,,,,,,,,,,,,,,,,
912.0,-0.022353227576232895,0.04859226197004318,0.00011475085921119899,0.1382235884666443,0.0,0.29381797,0.13898683,1.0001146,0.08511736,0.061080698,5.9604577e-07,-0.0038363934,0.00081706047,0.013436556,0.043488715,-0.075045794,0.012880764,0.342,0.17614414,1.0,,,,,,,,,,,,,,,,,,,,,,,,,,,,,,,,,,,,,,,,,,,,
913.0,-0.022354545877444617,0.048626236617565155,0.00011475085921119899,0.13817991316318512,0.0,0.29417267,0.13924192,1.0001146,0.08512907,0.061223883,6.520799e-07,-0.0041177273,0.0009598732,0.013367176,-0.0679952,0.033359554,-0.016615199,0.342375,0.17632368,1.0,,,,,,,,,,,,,,,,,,,,,,,,,,,,,,,,,,,,,,,,,,,,
914.0,-0.022354648449289385,0.04865993931889534,0.00011475085921119899,0.13816192746162415,0.0,0.29452744,0.13949767,1.0001146,0.08514646,0.061378617,5.8798895e-07,-0.0039408207,0.00064492226,0.013421059,0.043496262,-0.07502946,0.012896758,0.34275,0.17650318,1.0,,,,,,,,,,,,,,,,,,,,,,,,,,,,,,,,,,,,,,,,,,,,
915.0,-0.022354429810146393,0.04869336262345314,0.00011475085921119899,0.13816946744918823,0.0,0.29488224,0.13975403,1.0001146,0.08515105,0.061525904,6.4252526e-07,-0.0042221546,0.000787735,0.01335144,-0.06798085,0.0333746,-0.016629625,0.343125,0.17668264,1.0,,,,,,,,,,,,,,,,,,,,,,,,,,,,,,,,,,,,,,,,,,,,
916.0,-0.022353011044358575,0.04872655123472214,0.00011475085921119899,0.13820216059684753,0.0,0.2952371,0.14001104,1.0001146,0.085161336,0.06168473,5.7859853e-07,-0.0040450096,0.00047278404,0.013405561,0.043503802,-0.07501314,0.012912739,0.3435,0.17686205,1.0,,,,,,,,,,,,,,,,,,,,,,,,,,,,,,,,,,,,,,,,,,,,
917.0,-0.022351289911816275,0.04875950142741203,0.00011475085921119899,0.13825978338718414,0.0,0.29559192,0.1402687,1.0001146,0.08515884,0.061836116,6.31639e-07,-0.0043263435,0.0006155968,0.013335943,-0.0679665,0.033389643,-0.01664404,0.343875,0.17704141,1.0,,,,,,,,,,,,,,,,,,,,,,,,,,,,,,,,,,,,,,,,,,,,
918.0,-0.02234838754517332,0.04879218712449074,0.00011475085921119899,0.13834193348884583,0.0,0.29594675,0.14052702,1.0001146,0.085162036,0.061999038,5.678777e-07,-0.0041491985,0.00030088425,0.013389826,0.043511342,-0.07499682,0.012928707,0.34425,0.17722073,1.0,,,,,,,,,,,,,,,,,,,,,,,,,,,,,,,,,,,,,,,,,,,,
919.0,-0.022345201820788498,0.04882463812828064,0.00011475085921119899,0.13844840228557587,0.0,0.29630154,0.14078599,1.0001146,0.08515245,0.06215451,6.1942416e-07,-0.0044305325,0.00044369698,0.013320446,-0.067952156,0.033404674,-0.016658442,0.344625,0.17740001,1.0,,,,,,,,,,,,,,,,,,,,,,,,,,,,,,,,,,,,,,,,,,,,
920.0,-0.02234085484148964,0.04885686933994293,0.00011475085921119899,0.13857875764369965,0.0,0.29665634,0.14104567,1.0001146,0.08514856,0.062321518,5.558296e-07,-0.0042533875,0.00012898445,0.013374329,0.043518875,-0.074980505,0.012944662,0.345,0.17757924,1.0,,,,,,,,,,,,,,,,,,,,,,,,,,,,,,,,,,,,,,,,,,,,
921.0,-0.02233614950605843,0.04888889566063881,0.00011475085921119899,0.1387327015399933,0.0,0.29701105,0.14130601,1.0001146,0.08513189,0.062481076,6.0588417e-07,-0.004534483,0.0002720356,0.013304949,-0.06793782,0.0334197,-0.016672831,0.345375,0.17775843,1.0,,,,,,,,,,,,,,,,,,,,,,,,,,,,,,,,,,,,,,,,,,,,
922.0,-0.022330115430449222,0.048920683562755585,0.00011475085921119899,0.13890981674194336,0.0,0.29736573,0.14156707,1.0001146,0.08512093,0.06265216,5.4245737e-07,-0.004357338,-4.2676926e-05,0.013358831,0.0435264,-0.0749642,0.012960604,0.34575,0.17793758,1.0,,,,,,,,,,,,,,,,,,,,,,,,,,,,,,,,,,,,,,,,,,,,
923.0,-0.022324107145569726,0.04895222559571266,0.00011475085921119899,0.1391097456216812,0.0,0.2977203,0.14182879,1.0001146,0.0850972,0.0628158,5.910219e-07,-0.0046384335,0.00010037422,0.013289452,-0.067923486,0.033434715,-0.016687207,0.346125,0.17811668,1.0,,,,,,,,,,,,,,,,,,,,,,,,,,,,,,,,,,,,,,,,,,,,
924.0,-0.02231663243438234,0.0489836111664772,0.00011475085921119899,0.13933208584785461,0.0,0.2980748,0.14209126,1.0001146,0.08507918,0.06299097,5.2776426e-07,-0.0044612885,-0.0002143383,0.013343334,0.04353392,-0.0749479,0.012976534,0.3465,0.17829573,1.0,,,,,,,,,,,,,,,,,,,,,,,,,,,,,,,,,,,,,,,,,,,,
925.0,-0.02230940858214308,0.04901478439569473,0.00011475085921119899,0.13957643508911133,0.0,0.29842916,0.14235441,1.0001146,0.08504838,0.063158676,5.748407e-07,-0.004742384,-7.1287155e-05,0.013273954,-0.06790915,0.03344972,-0.01670157,0.346875,0.17847474,1.0,,,,,,,,,,,,,,,,,,,,,,,,,,,,,,,,,,,,,,,,,,,,
926.0,-0.022300643920584843,0.04904574155807495,0.00011475085921119899,0.13984236121177673,0.0,0.29878342,0.14261833,1.0001146,0.0850233,0.063337915,5.117533e-07,-0.0045650005,-0.00038576126,0.013327837,0.043541443,-0.07493161,0.01299245,0.34725,0.1786537,1.0,,,,,,,,,,,,,,,,,,,,,,,,,,,,,,,,,,,,,,,,,,,,
927.0,-0.02229215443242647,0.04907655715942383,0.00011475085921119899,0.14012949168682098,0.0,0.29913753,0.14288294,1.0001146,0.08498545,0.063509695,5.573437e-07,-0.004846096,-0.00024271011,0.013258457,-0.06789483,0.033464722,-0.01671592,0.347625,0.17883262,1.0,,,,,,,,,,,,,,,,,,,,,,,,,,,,,,,,,,,,,,,,,,,,
928.0,-0.022282150673012077,0.049107227474451065,0.00011475085921119899,0.1404373049736023,0.0,0.2994915,0.14314833,1.0001146,0.08495332,0.063692994,4.944277e-07,-0.0046687126,-0.0005571842,0.013312578,0.043548953,-0.07491533,0.013008353,0.348,0.17901151,1.0,,,,,,,,,,,,,,,,,,,,,,,,,,,,,,,,,,,,,,,,,,,,
929.0,-0.022272450023915737,0.04913775250315666,0.00011475085921119899,0.14076541364192963,0.0,0.2998453,0.14341445,1.0001146,0.084908426,0.063868836,5.38534e-07,-0.004949808,-0.00041389465,0.01324296,-0.067880504,0.033479713,-0.016730256,0.348375,0.17919034,1.0,,,,,,,,,,,,,,,,,,,,,,,,,,,,,,,,,,,,,,,,,,,,
930.0,-0.022261262149240794,0.049168094992637634,0.00011475085921119899,0.14111334085464478,0.0,0.3001989,0.14368136,1.0001146,0.08486926,0.064056195,4.7579053e-07,-0.0047724247,-0.00072836876,0.013297081,0.043556463,-0.07489905,0.013024244,0.34875,0.17936912,1.0,,,,,,,,,,,,,,,,,,,,,,,,,,,,,,,,,,,,,,,,,,,,
931.0,-0.022250403897429716,0.04919831454753876,0.00011475085921119899,0.14148065447807312,0.0,0.3005523,0.143949,1.0001146,0.084817335,0.0642361,5.1841477e-07,-0.005053282,-0.0005850792,0.013227463,-0.06786619,0.033494696,-0.016744582,0.349125,0.17954786,1.0,,,,,,,,,,,,,,,,,,,,,,,,,,,,,,,,,,,,,,,,,,,,
932.0,-0.022238088282262473,0.04922844097018242,0.00011475085921119899,0.14186681807041168,0.0,0.30090553,0.14421746,1.0001146,0.084771134,0.06442751,4.5584503e-07,-0.0048758984,-0.0008995533,0.013281822,0.043563966,-0.074882776,0.013040122,0.3495,0.17972656,1.0,,,,,,,,,,,,,,,,,,,,,,,,,,,,,,,,,,,,,,,,,,,,
933.0,-0.022226130567643124,0.049258410930633545,0.00011475085921119899,0.14227145910263062,0.0,0.3012585,0.14448667,1.0001146,0.084712185,0.06461146,4.9698906e-07,-0.0051567554,-0.00075626373,0.013212204,-0.06785188,0.03350967,-0.016758895,0.349875,0.1799052,1.0,,,,,,,,,,,,,,,,,,,,,,,,,,,,,,,,,,,,,,,,,,,,
934.0,-0.022212744046010997,0.049288310110569,0.00011475085921119899,0.14269398152828217,0.0,0.30161124,0.1447567,1.0001146,0.084658965,0.06480692,4.3459434e-07,-0.004979372,-0.0010704994,0.013266325,0.043571465,-0.07486651,0.013055987,0.35025,0.18008381,1.0,,,,,,,,,,,,,,,,,,,,,,,,,,,,,,,,,,,,,,,,,,,,
935.0,-0.022199744468236898,0.049318067729473114,0.00011475085921119899,0.14313402771949768,0.0,0.30196372,0.1450275,1.0001146,0.084593,0.064994924,4.7426013e-07,-0.005260229,-0.00092697144,0.013196707,-0.067837566,0.03352464,-0.016773192,0.350625,0.18026239,1.0,,,,,,,,,,,,,,,,,,,,,,,,,,,,,,,,,,,,,,,,,,,,
936.0,-0.02218534435741931,0.04934778809547424,0.00011477470252430066,0.143591046333313,0.0,0.30231595,0.14529915,1.0001146,0.08453277,0.06519443,4.1204146e-07,-0.0050828457,-0.0012412071,0.013251066,0.04357896,-0.074850254,0.013071839,0.351,0.1804409,1.0,,,,,,,,,,,,,,,,,,,,,,,,,,,,,,,,,,,,,,,,,,,,
937.0,-0.02217136204545168,0.049377381801605225,0.00011477470252430066,0.1440645456314087,0.0,0.30266786,0.1455716,1.0001147,0.08445979,0.06538647,4.5023103e-07,-0.0053634644,-0.0010979176,0.013181448,-0.06782326,0.0335396,-0.016787479,0.351375,0.18061937,1.0,,,,,,,,,,,,,,,,,,,,,,,,,,,,,,,,,,,,,,,,,,,,
938.0,-0.022156067386589352,0.049406956881284714,0.00011477470252430066,0.1445540338754654,0.0,0.3030195,0.14584489,1.0001147,0.084392555,0.06559001,2.0265249e-08,-0.005186081,-0.0014119148,0.013235807,0.043586448,-0.074834004,0.013087678,0.35175,0.1807978,1.0,,,,,,,,,,,,,,,,,,,,,,,,,,,,,,,,,,,,,,,,,,,,
939.0,-0.02214110191714681,0.04943646118044853,0.00011477470252430066,0.14505910873413086,0.0,0.3033708,0.146119,1.0001147,0.08431257,0.065786086,1.4336182e-07,-0.0054666996,-0.0012683868,0.013166189,-0.06780896,0.03355455,-0.016801752,0.352125,0.18097618,1.0,,,,,,,,,,,,,,,,,,,,,,,,,,,,,,,,,,,,,,,,,,,,
940.0,-0.022125239611283178,0.04946591332554817,0.00011477470252430066,0.14557921886444092,0.0,0.3037218,0.14639397,1.0001147,0.08423834,0.06599367,6.121827e-08,-0.0052890778,-0.0015826225,0.013220549,0.043593932,-0.07481776,0.013103505,0.3525,0.18115452,1.0,,,,,,,,,,,,,,,,,,,,,,,,,,,,,,,,,,,,,,,,,,,,
941.0,-0.02210917692501971,0.049495331943035126,0.00011477470252430066,0.14611390233039856,0.0,0.3040724,0.14666978,1.0001147,0.08415137,0.06619377,1.012226e-07,-0.0055696964,-0.0014390945,0.013150692,-0.067794666,0.033569496,-0.016816013,0.352875,0.18133281,1.0,,,,,,,,,,,,,,,,,,,,,,,,,,,,,,,,,,,,,,,,,,,,
942.0,-0.022092715827008582,0.049524761736392975,0.00011477470252430066,0.14666271209716797,0.0,0.3044227,0.14694647,1.0001147,0.08407016,0.06640537,3.842141e-08,-0.005392313,-0.0017530918,0.01320529,0.043601412,-0.07480153,0.013119318,0.35325,0.18151104,1.0,,,,,,,,,,,,,,,,,,,,,,,,,,,,,,,,,,,,,,,,,,,,
943.0,-0.02207579103434328,0.049554139375686646,0.00011477470252430066,0.14722514152526855,0.0,0.30477262,0.14722401,1.0001147,0.08397621,0.0666095,7.245631e-08,-0.0056726933,-0.0016093254,0.013135433,-0.06778037,0.03358443,-0.016830262,0.353625,0.18168925,1.0,,,,,,,,,,,,,,,,,,,,,,,,,,,,,,,,,,,,,,,,,,,,
944.0,-0.022058490768761114,0.049583520740270615,0.00011477470252430066,0.1478007435798645,0.0,0.30512214,0.14750245,1.0001147,0.08388801,0.06682513,1.089217e-08,-0.0054950714,-0.0018181801,0.013189316,0.04327767,-0.049553707,0.012991972,0.354,0.1818674,1.0,,,,,,,,,,,,,,,,,,,,,,,,,,,,,,,,,,,,,,,,,,,,
945.0,-0.022040801435156392,0.0496128648519516,0.00011482238915050402,0.14838907122612,0.0,0.30547127,0.14778174,1.0001147,0.08379138,0.067033336,5.1251547e-08,-0.005770445,-0.0015695095,0.013118982,-0.06681844,0.058841944,-0.016973667,0.354375,0.18204552,1.0,,,,,,,,,,,,,,,,,,,,,,,,,,,,,,,,,,,,,,,,,,,,
946.0,-0.02202269526849268,0.049642253667116165,0.00011482238915050402,0.14898963272571564,0.0,0.30582005,0.14806198,1.0001147,0.083704814,0.067252874,-4.350597e-09,-0.0055873394,-0.0017781258,0.013172865,0.04457169,-0.049532577,0.012998113,0.35475,0.18222357,1.0,,,,,,,,,,,,,,,,,,,,,,,,,,,,,,,,,,,,,,,,,,,,
947.0,-0.022004227065536543,0.049671631306409836,0.00011482238915050402,0.14960205554962158,0.0,0.3061684,0.14834307,1.0001147,0.08360981,0.06746477,3.689301e-08,-0.005717516,-0.0015294552,0.01310277,-0.03202246,0.059303526,-0.016913727,0.355125,0.1824016,1.0,,,,,,,,,,,,,,,,,,,,,,,,,,,,,,,,,,,,,,,,,,,,
948.0,-0.021985349013350062,0.049701012670993805,0.00011482238915050402,0.15022587776184082,0.0,0.30651644,0.14862509,1.0001147,0.08352496,0.067682065,1.3955748e-08,-0.0053896904,-0.0017383099,0.013156414,0.0793591,-0.049076345,0.013047778,0.3555,0.18257958,1.0,,,,,,,,,,,,,,,,,,,,,,,,,,,,,,,,,,,,,,,,,,,,
949.0,-0.021966129034279584,0.04973043128848076,0.00011482238915050402,0.15086066722869873,0.0,0.30686408,0.14890794,1.0001147,0.08343174,0.0678858,7.9842145e-08,-0.005519867,-0.0014894009,0.013086319,-0.032027267,0.05931101,-0.016899893,0.355875,0.1827575,1.0,,,,,,,,,,,,,,,,,,,,,,,,,,,,,,,,,,,,,,,,,,,,
950.0,-0.021946448303952277,0.049759916961193085,0.00011479854583740234,0.1515059471130371,0.0,0.30721137,0.14919166,1.0001147,0.08334866,0.06809494,5.1760967e-08,-0.005191803,-0.0016982555,0.013140202,0.079353824,-0.04907656,0.013035487,0.35625,0.18293537,1.0,,,,,,,,,,,,,,,,,,,,,,,,,,,,,,,,,,,,,,,,,,,,
951.0,-0.021926435731398308,0.0497894324362278,0.00011479854583740234,0.15216143429279327,0.0,0.30755827,0.14947622,1.0001147,0.083257236,0.06829052,1.16542296e-07,-0.0053219795,-0.0014493465,0.013069868,-0.032032073,0.059318487,-0.01688606,0.356625,0.18311322,1.0,,,,,,,,,,,,,,,,,,,,,,,,,,,,,,,,,,,,,,,,,,,,
952.0,-0.021906136179257376,0.04981893301010132,0.00011482238915050402,0.15282662212848663,0.0,0.30790484,0.1497616,1.0001147,0.08317594,0.0684915,8.9361926e-08,-0.004994154,-0.0016579628,0.013123751,0.07934856,-0.049076777,0.013023198,0.357,0.183291,1.0,,,,,,,,,,,,,,,,,,,,,,,,,,,,,,,,,,,,,,,,,,,,
953.0,-0.021885825130733432,0.04984845593571663,0.00011482238915050402,0.15350116789340973,0.0,0.30825102,0.15004776,1.0001147,0.083086304,0.06867893,1.5162017e-07,-0.0051243305,-0.0014090538,0.013053656,-0.032036874,0.059325956,-0.016872223,0.357375,0.18346874,1.0,,,,,,,,,,,,,,,,,,,,,,,,,,,,,,,,,,,,,,,,,,,,
954.0,-0.021864970285305027,0.049877993762493134,0.00011482238915050402,0.15418460965156555,0.0,0.30859688,0.15033472,1.0001147,0.0830068,0.068871774,1.2567325e-07,-0.004796505,-0.0016179085,0.0131073,0.07934329,-0.04907699,0.013010908,0.35775,0.18364644,1.0,,,,,,,,,,,,,,,,,,,,,,,,,,,,,,,,,,,,,,,,,,,,
955.0,-0.02184447154236186,0.049907468259334564,0.00011482238915050402,0.15487675368785858,0.0,0.30894238,0.15062244,1.0001147,0.08291894,0.06905105,1.8533146e-07,-0.0049266815,-0.0013689995,0.013037205,-0.032041676,0.05933342,-0.016858388,0.358125,0.18382409,1.0,,,,,,,,,,,,,,,,,,,,,,,,,,,,,,,,,,,,,,,,,,,,
956.0,-0.021822957152271557,0.04993697628378868,0.00011482238915050402,0.15557712316513062,0.0,0.30928755,0.15091091,1.0001147,0.082841225,0.06923575,1.606358e-07,-0.004598856,-0.0015778542,0.013090849,0.07933803,-0.049077198,0.012998619,0.3585,0.1840017,1.0,,,,,,,,,,,,,,,,,,,,,,,,,,,,,,,,,,,,,,,,,,,,
957.0,-0.021802095367533185,0.0499664731323719,0.00011482238915050402,0.15628546476364136,0.0,0.30963236,0.15120012,1.0001147,0.082755156,0.06940689,2.1769091e-07,-0.004729271,-0.0013287067,0.013020992,-0.032046475,0.059340883,-0.01684455,0.358875,0.18417926,1.0,,,,,,,,,,,,,,,,,,,,,,,,,,,,,,,,,,,,,,,,,,,,
958.0,-0.0217800934018127,0.04999592900276184,0.00011482238915050402,0.15700145065784454,0.0,0.30997685,0.15149005,1.0001147,0.08267923,0.069583446,1.9424695e-07,-0.004401207,-0.0015375614,0.013074636,0.07933277,-0.049077407,0.01298633,0.35925,0.18435678,1.0,,,,,,,,,,,,,,,,,,,,,,,,,,,,,,,,,,,,,,,,,,,,
959.0,-0.021758761104261067,0.05002536252140999,0.00011479854583740234,0.15772481262683868,0.0,0.310321,0.15178065,1.0001147,0.082594946,0.06974645,2.4870002e-07,-0.004531622,-0.0012886524,0.013004541,-0.03205127,0.059348337,-0.016830713,0.359625,0.18453425,1.0,,,,,,,,,,,,,,,,,,,,,,,,,,,,,,,,,,,,,,,,,,,,
960.0,-0.021736307034293714,0.05005469173192978,0.00011482238915050402,0.15845522284507751,0.0,0.31066483,0.15207197,1.0001147,0.0825208,0.069914885,2.2650724e-07,-0.0042037964,-0.0014972687,0.013058186,0.07932751,-0.049077615,0.012974042,0.36,0.18471166,1.0,,,,,,,,,,,,,,,,,,,,,,,,,,,,,,,,,,,,,,,,,,,,
961.0,-0.021714539323101422,0.05008402466773987,0.00011479854583740234,0.1591925024986267,0.0,0.31100833,0.15236393,1.0001147,0.082438305,0.07006976,2.7835952e-07,-0.0043342113,-0.0012483597,0.012988329,-0.032056063,0.059355788,-0.016816875,0.360375,0.18488905,1.0,,,,,,,,,,,,,,,,,,,,,,,,,,,,,,,,,,,,,,,,,,,,
962.0,-0.021691662487750726,0.05011327192187309,0.00011479854583740234,0.15993639826774597,0.0,0.31135154,0.15265656,1.0001147,0.08236595,0.07023006,2.5741733e-07,-0.004006386,-0.0014572144,0.013041973,0.079322256,-0.049077816,0.012961755,0.36075,0.18506637,1.0,,,,,,,,,,,,,,,,,,,,,,,,,,,,,,,,,,,,,,,,,,,,
963.0,-0.021669486330228395,0.05014248564839363,0.00011482238915050402,0.1606866717338562,0.0,0.31169438,0.15294978,1.0001147,0.08228524,0.07037681,3.0667013e-07,-0.0041365623,-0.0012080669,0.0129721165,-0.032060854,0.059363235,-0.016803036,0.361125,0.18524367,1.0,,,,,,,,,,,,,,,,,,,,,,,,,,,,,,,,,,,,,,,,,,,,
964.0,-0.021646213912042734,0.0501716248691082,0.00011479854583740234,0.16144314408302307,0.0,0.31203693,0.15324366,1.0001147,0.082214676,0.070529,2.8697795e-07,-0.0038087368,-0.0014169216,0.013025522,0.079317,-0.04907802,0.012949468,0.3615,0.1854209,1.0,,,,,,,,,,,,,,,,,,,,,,,,,,,,,,,,,,,,,,,,,,,,
965.0,-0.021623653269910576,0.05020064115524292,0.00011482238915050402,0.16220565140247345,0.0,0.31237918,0.15353811,1.0001147,0.08213576,0.07066763,3.336325e-07,-0.0039391518,-0.0011677742,0.012955904,-0.03206564,0.059370674,-0.016789196,0.361875,0.18559809,1.0,,,,,,,,,,,,,,,,,,,,,,,,,,,,,,,,,,,,,,,,,,,,
966.0,-0.021600006417752234,0.05022960901260376,0.00011479854583740234,0.1629740446805954,0.0,0.31272113,0.15383315,1.0001147,0.082066976,0.0708117,3.151898e-07,-0.0036115646,-0.0013763905,0.01300931,0.07931175,-0.049078222,0.012937181,0.36225,0.18577524,1.0,,,,,,,,,,,,,,,,,,,,,,,,,,,,,,,,,,,,,,,,,,,,
967.0,-0.021577078330726366,0.05025843530893326,0.00011479854583740234,0.16374821960926056,0.0,0.31306276,0.15412875,1.0001147,0.08198985,0.07094222,3.592474e-07,-0.0037417412,-0.0011274815,0.012939453,-0.032070428,0.05937811,-0.016775355,0.362625,0.18595234,1.0,,,,,,,,,,,,,,,,,,,,,,,,,,,,,,,,,,,,,,,,,,,,
968.0,-0.0215530735398148,0.05028719827532768,0.00011479854583740234,0.1645279824733734,0.0,0.31340408,0.1544249,1.0001147,0.08192286,0.07107818,3.4205354e-07,-0.003414154,-0.0013360977,0.012993097,0.079306506,-0.04907842,0.012924895,0.363,0.18612938,1.0,,,,,,,,,,,,,,,,,,,,,,,,,,,,,,,,,,,,,,,,,,,,
969.0,-0.021529793550236355,0.05031580850481987,0.00011479854583740234,0.16531333327293396,0.0,0.3137451,0.15472157,1.0001147,0.08184752,0.071200594,3.8351544e-07,-0.003544569,-0.0010869503,0.012923241,-0.03207521,0.059385538,-0.016761513,0.363375,0.18630639,1.0,,,,,,,,,,,,,,,,,,,,,,,,,,,,,,,,,,,,,,,,,,,,
970.0,-0.021505441380159026,0.0503443107008934,0.00011479854583740234,0.16610412299633026,0.0,0.31408587,0.15501878,1.0001147,0.08178231,0.071328446,3.675699e-07,-0.0032167435,-0.001295805,0.012976646,0.07930126,-0.049078617,0.012912609,0.36375,0.18648334,1.0,,,,,,,,,,,,,,,,,,,,,,,,,,,,,,,,,,,,,,,,,,,,
971.0,-0.02148143944641197,0.05037267878651619,0.00011477470252430066,0.16690035164356232,0.0,0.31442633,0.15531646,1.0001147,0.08170876,0.07144277,4.0643738e-07,-0.0033471584,-0.0010466576,0.012907028,-0.032079995,0.059392963,-0.016747672,0.364125,0.18666026,1.0,,,,,,,,,,,,,,,,,,,,,,,,,,,,,,,,,,,,,,,,,,,,
972.0,-0.021456856692528888,0.050400931388139725,0.00011479854583740234,0.16770192980766296,0.0,0.31476653,0.15561463,1.0001147,0.081645355,0.07156252,3.9173958e-07,-0.0030195713,-0.0012552738,0.012960434,0.079296015,-0.04907881,0.012900324,0.3645,0.18683712,1.0,,,,,,,,,,,,,,,,,,,,,,,,,,,,,,,,,,,,,,,,,,,,
973.0,-0.021432538849468257,0.05042906850576401,0.00011479854583740234,0.16850896179676056,0.0,0.31510642,0.15591325,1.0001147,0.08157359,0.07166874,4.2801392e-07,-0.0031499863,-0.0010061264,0.012890816,-0.032084774,0.059400383,-0.016733829,0.364875,0.18701394,1.0,,,,,,,,,,,,,,,,,,,,,,,,,,,,,,,,,,,,,,,,,,,,
974.0,-0.021407641324244834,0.050457071512937546,0.00011477470252430066,0.16932129859924316,0.0,0.31544605,0.15621233,1.0001147,0.08151197,0.0717804,4.145632e-07,-0.0028221607,-0.0012147427,0.0129442215,0.07929078,-0.049079005,0.0128880385,0.36525,0.18719071,1.0,,,,,,,,,,,,,,,,,,,,,,,,,,,,,,,,,,,,,,,,,,,,
975.0,-0.021383008277545017,0.050484973937273026,0.00011479854583740234,0.1701391041278839,0.0,0.31578538,0.15651183,1.0001147,0.081442,0.07187853,4.4824571e-07,-0.002952814,-0.00096559525,0.012874842,-0.03208955,0.059407797,-0.016719986,0.365625,0.18736744,1.0,,,,,,,,,,,,,,,,,,,,,,,,,,,,,,,,,,,,,,,,,,,,
976.0,-0.021357852908779753,0.05051274225115776,0.00011477470252430066,0.1709623485803604,0.0,0.31612447,0.15681176,1.0001147,0.08138216,0.07198211,4.3604157e-07,-0.0026249886,-0.0011744499,0.012928009,0.07928554,-0.049079195,0.012875753,0.366,0.1875441,1.0,,,,,,,,,,,,,,,,,,,,,,,,,,,,,,,,,,,,,,,,,,,,
977.0,-0.021332837406217733,0.05054038017988205,0.00011479854583740234,0.17179112136363983,0.0,0.3164633,0.15711206,1.0001147,0.08131398,0.07207215,4.6713348e-07,-0.002755642,-0.0009250641,0.012858629,-0.032094326,0.059415206,-0.01670614,0.366375,0.18772075,1.0,,,,,,,,,,,,,,,,,,,,,,,,,,,,,,,,,,,,,,,,,,,,
978.0,-0.02130755813932556,0.05056796222925186,0.00011477470252430066,0.17262548208236694,0.0,0.31680185,0.15741275,1.0001147,0.08125594,0.07216764,4.561753e-07,-0.0024278164,-0.0011339188,0.012911797,0.07928031,-0.049079385,0.01286347,0.36675,0.18789732,1.0,,,,,,,,,,,,,,,,,,,,,,,,,,,,,,,,,,,,,,,,,,,,
979.0,-0.02128200953541382,0.050595372915267944,0.00011479854583740234,0.1734655648469925,0.0,0.31714013,0.1577138,1.0001147,0.08118956,0.07224961,4.8467786e-07,-0.0025584698,-0.0008845329,0.012842417,-0.032099098,0.05942261,-0.016692296,0.367125,0.18807386,1.0,,,,,,,,,,,,,,,,,,,,,,,,,,,,,,,,,,,,,,,,,,,,
980.0,-0.021256595062429554,0.05062272027134895,0.00011477470252430066,0.17431144416332245,0.0,0.3174782,0.1580152,1.0001147,0.081133306,0.07233703,4.7496513e-07,-0.0022308826,-0.0010931492,0.012895584,0.07927508,-0.04907957,0.012851186,0.3675,0.18825035,1.0,,,,,,,,,,,,,,,,,,,,,,,,,,,,,,,,,,,,,,,,,,,,
981.0,-0.021230607441543547,0.05064994841814041,0.00011479854583740234,0.17516328394412994,0.0,0.317816,0.15831691,1.0001147,0.08106871,0.07241092,5.0087965e-07,-0.0023612976,-0.00084400177,0.012826204,-0.032103866,0.05943001,-0.01667845,0.367875,0.1884268,1.0,,,,,,,,,,,,,,,,,,,,,,,,,,,,,,,,,,,,,,,,,,,,
982.0,-0.021204932821176952,0.05067700892686844,0.00011477470252430066,0.1760212481021881,0.0,0.31815356,0.15861896,1.0001147,0.08101425,0.07249027,4.9241163e-07,-0.0020337105,-0.001052618,0.012879372,0.07926985,-0.049079757,0.012838903,0.36825,0.1886032,1.0,,,,,,,,,,,,,,,,,,,,,,,,,,,,,,,,,,,,,,,,,,,,
983.0,-0.021178580550904737,0.0507039912045002,0.00011479854583740234,0.17688550055027008,0.0,0.31849083,0.15892127,1.0001147,0.080951445,0.07255609,5.1573943e-07,-0.0021643639,-0.0008032322,0.01281023,-0.032108635,0.0594374,-0.016664604,0.368625,0.18877955,1.0,,,,,,,,,,,,,,,,,,,,,,,,,,,,,,,,,,,,,,,,,,,,
984.0,-0.021152531838469626,0.0507308654487133,0.00011477470252430066,0.1777561902999878,0.0,0.31882793,0.15922388,1.0001147,0.080898784,0.07262737,5.085157e-07,-0.0018367767,-0.0010120869,0.012863159,0.07926462,-0.04907994,0.012826621,0.369,0.18895584,1.0,,,,,,,,,,,,,,,,,,,,,,,,,,,,,,,,,,,,,,,,,,,,
985.0,-0.021125794633908665,0.05075765401124954,0.00011479854583740234,0.17863355576992035,0.0,0.31916475,0.15952674,1.0001147,0.080837764,0.07268514,5.2925793e-07,-0.00196743,-0.00076270103,0.012794018,-0.0321134,0.059444793,-0.016650757,0.369375,0.1891321,1.0,,,,,,,,,,,,,,,,,,,,,,,,,,,,,,,,,,,,,,,,,,,,
986.0,-0.021099348528578414,0.050784338265657425,0.00011479854583740234,0.17951777577400208,0.0,0.31950137,0.15982985,1.0001147,0.08078689,0.072748356,5.232779e-07,-0.001639843,-0.0009713173,0.012847185,0.079259396,-0.049080122,0.012814338,0.36975,0.1893083,1.0,,,,,,,,,,,,,,,,,,,,,,,,,,,,,,,,,,,,,,,,,,,,
987.0,-0.021072199647236636,0.05081092193722725,0.00011477470252430066,0.18040910363197327,0.0,0.31983772,0.16013318,1.0001147,0.080727674,0.07279806,5.4143584e-07,-0.0017704964,-0.00072193146,0.012777805,-0.03211816,0.059452172,-0.016636908,0.370125,0.18948446,1.0,,,,,,,,,,,,,,,,,,,,,,,,,,,,,,,,,,,,,,,,,,,,
988.0,-0.02104532876985741,0.05083738639950752,0.00011477470252430066,0.18130774796009064,0.0,0.3201739,0.16043673,1.0001147,0.08067859,0.07285323,5.3669885e-07,-0.0014429092,-0.0009305477,0.012830973,0.07925418,-0.0490803,0.012802057,0.3705,0.18966058,1.0,,,,,,,,,,,,,,,,,,,,,,,,,,,,,,,,,,,,,,,,,,,,
989.0,-0.021017740960013184,0.050863731652498245,0.00011477470252430066,0.18221397697925568,0.0,0.32050982,0.16074046,1.0001147,0.08062116,0.072894886,5.522739e-07,-0.0015735626,-0.0006811619,0.012761831,-0.03212292,0.059459552,-0.01662306,0.370875,0.18983664,1.0,,,,,,,,,,,,,,,,,,,,,,,,,,,,,,,,,,,,,,,,,,,,
990.0,-0.020990413990567506,0.050890009850263596,0.00011477470252430066,0.18312807381153107,0.0,0.32084554,0.16104439,1.0001147,0.08057388,0.072942,5.487794e-07,-0.0012459755,-0.00089001656,0.01281476,0.07924896,-0.049080476,0.012789776,0.37125,0.19001266,1.0,,,,,,,,,,,,,,,,,,,,,,,,,,,,,,,,,,,,,,,,,,,,
991.0,-0.020962355379597283,0.05091617628931999,0.00011479854583740234,0.18405026197433472,0.0,0.32118103,0.16134846,1.0001147,0.08051824,0.072975606,5.617726e-07,-0.0013766289,-0.0006403923,0.012745857,-0.032127682,0.059466925,-0.01660921,0.371625,0.19018863,1.0,,,,,,,,,,,,,,,,,,,,,,,,,,,,,,,,,,,,,,,,,,,,
992.0,-0.02093454194115766,0.050942230969667435,0.00011477470252430066,0.18498080968856812,0.0,0.32151634,0.16165268,1.0001147,0.08047275,0.073014684,5.595201e-07,-0.0010490417,-0.000849247,0.012798786,0.07924374,-0.049080655,0.012777495,0.372,0.19036455,1.0,,,,,,,,,,,,,,,,,,,,,,,,,,,,,,,,,,,,,,,,,,,,
993.0,-0.0209059786157246,0.05096818134188652,0.00011477470252430066,0.18592007458209991,0.0,0.3218514,0.16195703,1.0001147,0.08041891,0.073040254,5.699329e-07,-0.0011796951,-0.0005996227,0.012729645,-0.032132436,0.059474293,-0.01659536,0.372375,0.19054043,1.0,,,,,,,,,,,,,,,,,,,,,,,,,,,,,,,,,,,,,,,,,,,,
994.0,-0.02087764282023418,0.05099401995539665,0.00011479854583740234,0.18686829507350922,0.0,0.3221863,0.16226149,1.0001147,0.08037521,0.073071286,5.689217e-07,-0.0008523464,-0.0008084774,0.012782574,0.079238534,-0.049080826,0.012765215,0.37275,0.19071625,1.0,,,,,,,,,,,,,,,,,,,,,,,,,,,,,,,,,,,,,,,,,,,,
995.0,-0.020848538913681117,0.05101976916193962,0.00011477470252430066,0.18782579898834229,0.0,0.32252097,0.16256602,1.0001147,0.08032316,0.073088825,5.7675527e-07,-0.0009829998,-0.00055885315,0.012713671,-0.03213719,0.059481654,-0.01658151,0.373125,0.19089204,1.0,,,,,,,,,,,,,,,,,,,,,,,,,,,,,,,,,,,,,,,,,,,,
996.0,-0.020819647046446156,0.051045410335063934,0.00011477470252430066,0.18879282474517822,0.0,0.3228555,0.16287065,1.0001147,0.08028126,0.073111825,5.7698486e-07,-0.0006554127,-0.0007674694,0.0127666,0.07923332,-0.049080998,0.012752934,0.3735,0.19106777,1.0,,,,,,,,,,,,,,,,,,,,,,,,,,,,,,,,,,,,,,,,,,,,
997.0,-0.020789964859717656,0.051070988178253174,0.00011477470252430066,0.18976984918117523,0.0,0.3231898,0.16317533,1.0001147,0.080231,0.07312133,5.8224055e-07,-0.0007863045,-0.0005180836,0.012697697,-0.032141943,0.05948901,-0.016567657,0.373875,0.19124345,1.0,,,,,,,,,,,,,,,,,,,,,,,,,,,,,,,,,,,,,,,,,,,,
998.0,-0.02076047404037199,0.05109645053744316,0.00011479854583740234,0.19075705111026764,0.0,0.3235239,0.16348006,1.0001147,0.0801909,0.07313631,5.837103e-07,-0.00045871735,-0.0007266998,0.012750387,0.07922811,-0.04908117,0.012740655,0.37425,0.19141908,1.0,,,,,,,,,,,,,,,,,,,,,,,,,,,,,,,,,,,,,,,,,,,,
999.0,-0.02073017742971406,0.051121778786182404,0.00011477470252430066,0.1917547881603241,0.0,0.32385784,0.1637848,1.0001147,0.08014244,0.07313779,5.8638926e-07,-0.00058960915,-0.00047707558,0.012681723,-0.03214669,0.059496365,-0.016553804,0.374625,0.19159468,1.0,,,,,,,,,,,,,,,,,,,,,,,,,,,,,,,,,,,,,,,,,,,,
