step,reward,mean_form_error_m,mean_z_error_m,min_dyn_distance_m,collision_flag,x_m,y_m,z_m,vx_mps,vy_mps,vz_mps,roll_rad,pitch_rad,yaw_rad,wx_rps,wy_rps,wz_rps,x_des_m,y_des_m,z_des_m,ic_pos_jitter_d0_x_m,ic_pos_jitter_d0_y_m,ic_pos_jitter_d0_z_m,ic_yaw_jitter_d0_rad,ic_vel_jitter_d0_x_mps,ic_vel_jitter_d0_y_mps,ic_vel_jitter_d0_z_mps,ic_pos_jitter_d1_x_m,ic_pos_jitter_d1_y_m,ic_pos_jitter_d1_z_m,ic_yaw_jitter_d1_rad,ic_vel_jitter_d1_x_mps,ic_vel_jitter_d1_y_mps,ic_vel_jitter_d1_z_mps,ic_pos_jitter_d2_x_m,ic_pos_jitter_d2_y_m,ic_pos_jitter_d2_z_m,ic_yaw_jitter_d2_rad,ic_vel_jitter_d2_x_mps,ic_vel_jitter_d2_y_mps,ic_vel_jitter_d2_z_mps,ic_pos_jitter_d3_x_m,ic_pos_jitter_d3_y_m,ic_pos_jitter_d3_z_m,ic_yaw_jitter_d3_rad,ic_vel_jitter_d3_x_mps,ic_vel_jitter_d3_y_mps,ic_vel_jitter_d3_z_mps,ic_pos_jitter_d4_x_m,ic_pos_jitter_d4_y_m,ic_pos_jitter_d4_z_m,ic_yaw_jitter_d4_rad,ic_vel_jitter_d4_x_mps,ic_vel_jitter_d4_y_mps,ic_vel_jitter_d4_z_mps,ic_obstacle_jitter_x_m,ic_obstacle_jitter_y_m,ic_obstacle_jitter_z_m,ic_dynamic_jitter_x_m,ic_dynamic_jitter_y_m,ic_dynamic_jitter_z_m,episode,max_steps,timestamp_unix
,,,,,,,,,,,,,,,,,,,,,0.07201684798014546,-0.2685583743955705,0.21957462467389138,-0.15826926064871483,-0.0768233343357323,0.055096025808545446,-0.16102067830946273,0.12949341856128865,0.20748133462710144,0.14061917192705203,-0.35664932339950695,-0.10310315247085199,0.01823596721531212,-0.1394914376674711,0.0030705350316565516,0.2754260905747626,0.15954225174627512,0.2180342108768143,-0.10269983473726169,0.08022627774663227,0.15118577103618852,0.20856715679878984,0.1539030424905662,-0.11109826088855404,-0.019770112274992813,0.008840263893342748,-0.05326920835043181,-0.05480329193879305,-0.05700864632721006,-0.05837878723047782,-0.13863348736445238,0.1455102367764497,0.03294699214488578,-0.04129570780340508,-0.0225131865454829,-0.19247745608201045,-0.09351041240951108,0.3319008386783917,0.37011180428421697,-0.18413341912601044,-0.25714991907834384,83.0,1000.0,1764625056.242614
0.0,0.0072750183009361565,0.0006702762912027538,0.0005183219909667969,1.6630300283432007,0.0,0.0,0.0,1.0005178,0.0,0.0,0.00011558988,0.0,0.0,0.0,0.0,0.0,0.0,0.0,0.0,1.0,,,,,,,,,,,,,,,,,,,,,,,,,,,,,,,,,,,,,,,,,,,,
1.0,0.007272791317370774,0.0009958200389519334,0.000518798828125,1.6629942655563354,0.0,0.0,0.0,1.0005183,0.0,0.0,0.000114398244,0.0,0.0,0.0,0.0,0.0,0.0,0.000375,0.0002,1.0,,,,,,,,,,,,,,,,,,,,,,,,,,,,,,,,,,,,,,,,,,,,
2.0,0.007271620123299338,0.0013766330666840076,0.0005192756652832031,1.6629409790039062,0.0,0.0,0.0,1.0005188,0.0,0.0,0.0001132063,-0.00012803078,0.00023984909,0.0,-0.030714178,0.057589088,0.0,0.00075,0.00039999993,1.0,,,,,,,,,,,,,,,,,,,,,,,,,,,,,,,,,,,,,,,,,,,,
3.0,0.007269724999834239,0.0017776188906282187,0.0005197525024414062,1.6628702878952026,0.0,4.0866087e-08,2.1795245e-08,1.0005193,9.807861e-06,5.2308587e-06,0.0001120129,0.00020241737,2.1457672e-05,0.0,0.07927969,-0.052410748,-1.2316217e-05,0.001125,0.0005999998,1.0,,,,,,,,,,,,,,,,,,,,,,,,,,,,,,,,,,,,,,,,,,,,
4.0,0.007267792112786038,0.002187598031014204,0.0005202293395996094,1.662782073020935,0.0,8.5398284e-08,9.1231245e-09,1.0005198,1.0687728e-05,-3.041309e-06,0.00011082203,7.43866e-05,0.00026154518,1.1920929e-06,-0.03072544,0.05758821,0.00028527447,0.0015,0.00079999946,1.0,,,,,,,,,,,,,,,,,,,,,,,,,,,,,,,,,,,,,,,,,,,,
5.0,0.007265836979053983,0.002602438675239682,0.0005207061767578125,1.6626766920089722,0.0,1.7446133e-07,-1.6205913e-08,1.0005202,2.137513e-05,-6.078969e-06,0.00010962923,0.00040459633,4.3153763e-05,-2.4080276e-05,0.07926684,-0.05241106,-0.0060845534,0.001875,0.000999999,1.0,,,,,,,,,,,,,,,,,,,,,,,,,,,,,,,,,,,,,,,,,,,,
6.0,0.007263868053643545,0.003020033473148942,0.0005210638046264648,1.662554144859314,0.0,2.708532e-07,-1.1043883e-07,1.0005207,2.3134053e-05,-2.26159e-05,0.000108435685,0.00027656555,0.00028300285,7.224083e-05,-0.030735558,0.05757703,0.023127267,0.00225,0.0011999982,1.0,,,,,,,,,,,,,,,,,,,,,,,,,,,,,,,,,,,,,,,,,,,,
7.0,0.007261887742905855,0.0034394890535622835,0.000521540641784668,1.66241455078125,0.0,4.1543555e-07,-2.517482e-07,1.0005211,3.469976e-05,-3.3914246e-05,0.00010724436,0.0006067753,6.4611435e-05,4.673004e-05,0.07925311,-0.052409466,-0.0061006187,0.002625,0.0013999972,1.0,,,,,,,,,,,,,,,,,,,,,,,,,,,,,,,,,,,,,,,,,,,,
8.0,0.007259900121469218,0.0038601600099354982,0.0005220174789428711,1.662258267402649,0.0,5.710059e-07,-4.963651e-07,1.0005215,3.733689e-05,-5.870805e-05,0.00010641586,0.0004787445,0.00030446053,0.00014328957,-0.030756464,0.057564907,0.023135802,0.003,0.0015999958,1.0,,,,,,,,,,,,,,,,,,,,,,,,,,,,,,,,,,,,,,,,,,,,
9.0,0.007257905804669644,0.004281709901988506,0.0005223751068115234,1.6620848178863525,0.0,7.7841963e-07,-8.2243855e-07,1.000522,4.97793e-05,-7.825763e-05,0.00010513968,0.0008087158,8.606911e-05,0.00011777878,0.079239376,-0.052407872,-0.006116672,0.003375,0.0017999939,1.0,,,,,,,,,,,,,,,,,,,,,,,,,,,,,,,,,,,,,,,,,,,,
10.0,0.007255905275233817,0.004703902639448643,0.0005228519439697266,1.6618950366973877,0.0,1.0004738e-06,-1.2861822e-06,1.0005224,5.3293013e-05,-0.000111298476,0.000103960636,0.00068068504,0.0003259182,0.00021409988,-0.030777361,0.05755279,0.023144327,0.00375,0.0019999917,1.0,,,,,,,,,,,,,,,,,,,,,,,,,,,,,,,,,,,,,,,,,,,,
11.0,0.007253899339143754,0.0051266164518892765,0.0005233287811279297,1.6616883277893066,0.0,1.2780185e-06,-1.8657248e-06,1.0005229,6.661073e-05,-0.00013909023,0.00010313554,0.0010106564,0.00010752678,0.0001885891,0.07922566,-0.052406278,-0.006132712,0.004125,0.0021999888,1.0,,,,,,,,,,,,,,,,,,,,,,,,,,,,,,,,,,,,,,,,,,,,
12.0,0.007251889530318294,0.005549714434891939,0.000523686408996582,1.6614654064178467,0.0,1.5738498e-06,-2.6172618e-06,1.0005233,7.099947e-05,-0.00018036884,0.00010184806,0.00088238716,0.00034737587,0.00028514862,-0.030798247,0.057540674,0.02315284,0.0045,0.0023999857,1.0,,,,,,,,,,,,,,,,,,,,,,,,,,,,,,,,,,,,,,,,,,,,
13.0,0.007249874250191714,0.0059731691144406796,0.0005241632461547852,1.6612255573272705,0.0,1.928811e-06,-3.5188987e-06,1.0005237,8.5190666e-05,-0.00021639286,0.00010068134,0.0012123585,0.00012874603,0.00025963783,0.07921194,-0.052404687,-0.0061487397,0.004875,0.0025999816,1.0,,,,,,,,,,,,,,,,,,,,,,,,,,,,,,,,,,,,,,,,,,,,
14.0,0.007247855664318559,0.0063968924805521965,0.0005245208740234375,1.6609697341918945,0.0,2.305698e-06,-4.626817e-06,1.0005242,9.045292e-05,-0.00026590045,9.983947e-05,0.0010840893,0.00036859512,0.00035619736,-0.030819124,0.05752856,0.023161342,0.00525,0.002799977,1.0,,,,,,,,,,,,,,,,,,,,,,,,,,,,,,,,,,,,,,,,,,,,
15.0,0.007245832172022347,0.00682088453322649,0.0005248785018920898,1.6606976985931396,0.0,2.7453484e-06,-5.9190984e-06,1.0005245,0.00010551609,-0.0003101475,9.856899e-05,0.0014138222,0.0001502037,0.00033044815,0.079198234,-0.052403096,-0.0061647547,0.005625,0.0029999719,1.0,,,,,,,,,,,,,,,,,,,,,,,,,,,,,,,,,,,,,,,,,,,,
16.0,0.00724380484504727,0.007245087064802647,0.000525355339050293,1.6604098081588745,0.0,3.2105577e-06,-7.451908e-06,1.0005249,0.000111650246,-0.00036787428,9.774895e-05,0.001285553,0.00038981438,0.00042700768,-0.030839989,0.057516444,0.023169836,0.006,0.003199966,1.0,,,,,,,,,,,,,,,,,,,,,,,,,,,,,,,,,,,,,,,,,,,,
17.0,0.007241773404361812,0.007669507060199976,0.0005257129669189453,1.66010582447052,0.0,3.7421578e-06,-9.203306e-06,1.0005254,0.00012758399,-0.0004203355,9.684212e-05,0.0016152859,0.00017142296,0.00040125847,0.07918454,-0.052401505,-0.0061807567,0.006375,0.003399959,1.0,,,,,,,,,,,,,,,,,,,,,,,,,,,,,,,,,,,,,,,,,,,,
18.0,0.007239738261003369,0.008094104006886482,0.0005260705947875977,1.6597858667373657,0.0,4.3029427e-06,-1.12294365e-05,1.0005257,0.0001345884,-0.00048627134,9.5566254e-05,0.0014867783,0.00041103363,0.000497818,-0.030860843,0.05750433,0.023178317,0.00675,0.0035999515,1.0,,,,,,,,,,,,,,,,,,,,,,,,,,,,,,,,,,,,,,,,,,,,
19.0,0.007237698820391233,0.008518906310200691,0.0005265474319458008,1.6594499349594116,0.0,4.9337386e-06,-1.3508341e-05,1.0005261,0.00015139105,-0.00054693717,9.4767296e-05,0.0018167496,0.00019264221,0.0004720688,0.079170845,-0.052399915,-0.0061967466,0.007125,0.0037999428,1.0,,,,,,,,,,,,,,,,,,,,,,,,,,,,,,,,,,,,,,,,,,,,
20.0,0.007235656316369568,0.008943868800997734,0.0005269050598144531,1.6590983867645264,0.0,5.5973396e-06,-1.609615e-05,1.0005265,0.00015926427,-0.00062107394,9.383152e-05,0.0016880035,0.00043225288,0.0005686283,-0.030881688,0.05749222,0.023186788,0.0075,0.003999933,1.0,,,,,,,,,,,,,,,,,,,,,,,,,,,,,,,,,,,,,,,,,,,,
21.0,0.00723360964377789,0.009369002655148506,0.0005272626876831055,1.6587316989898682,0.0,6.334565e-06,-1.8970873e-05,1.0005269,0.00017693403,-0.00068993407,9.258564e-05,0.0020177364,0.00021362305,0.0005428791,0.07915716,-0.052398328,-0.006212724,0.007875,0.004199923,1.0,,,,,,,,,,,,,,,,,,,,,,,,,,,,,,,,,,,,,,,,,,,,
22.0,0.007231559503979223,0.009794293902814388,0.0005276203155517578,1.6583490371704102,0.0,7.108208e-06,-2.2188633e-05,1.0005273,0.00018567442,-0.0007722621,9.175227e-05,0.0018892288,0.00045323372,0.00063943863,-0.030902522,0.057480104,0.023195248,0.00825,0.004399911,1.0,,,,,,,,,,,,,,,,,,,,,,,,,,,,,,,,,,,,,,,,,,,,
23.0,0.0072295044729529774,0.010219788178801537,0.0005279779434204102,1.6579511165618896,0.0,7.959084e-06,-2.5727419e-05,1.0005276,0.00020421005,-0.0008493085,9.0851136e-05,0.0022187233,0.00023460388,0.0006136894,0.07914348,-0.05239674,-0.0062286886,0.008625,0.0045998986,1.0,,,,,,,,,,,,,,,,,,,,,,,,,,,,,,,,,,,,,,,,,,,,
24.0,0.007228935394449217,0.010645400732755661,0.0005284547805786133,1.6575376987457275,0.0,8.849984e-06,-2.9643326e-05,1.000528,0.00021381602,-0.00093981804,8.993431e-05,0.0020902157,0.00047421455,0.00071024895,-0.030923344,0.057467997,0.023203699,0.009,0.0047998847,1.0,,,,,,,,,,,,,,,,,,,,,,,,,,,,,,,,,,,,,,,,,,,,
25.0,0.007226073309034109,0.011071190237998962,0.0005288124084472656,1.6571091413497925,0.0,9.821716e-06,-3.391433e-05,1.0005285,0.0002332158,-0.0010250409,8.9053625e-05,0.0018246174,0.00025558472,0.00068449974,-0.06369944,-0.052496612,-0.0061769066,0.009375,0.00499987,1.0,,,,,,,,,,,,,,,,,,,,,,,,,,,,,,,,,,,,,,,,,,,,
26.0,0.0072254972280483346,0.011497093364596367,0.000529170036315918,1.656665563583374,0.0,1.0837002e-05,-3.8495153e-05,1.0005288,0.00024366875,-0.001099397,8.781318e-05,0.002017498,0.0004951954,0.00078105927,0.04623303,0.05752559,0.023158185,0.00975,0.0051998533,1.0,,,,,,,,,,,,,,,,,,,,,,,,,,,,,,,,,,,,,,,,,,,,
27.0,0.00722262925722607,0.011923134326934814,0.0005295276641845703,1.656206488609314,0.0,1.1936688e-05,-4.3418528e-05,1.0005292,0.00026392433,-0.0011816107,8.6981796e-05,0.0017518997,0.00027680397,0.00075531006,-0.06369795,-0.05249727,-0.006175544,0.010125,0.0053998358,1.0,,,,,,,,,,,,,,,,,,,,,,,,,,,,,,,,,,,,,,,,,,,,
28.0,0.007222047183787798,0.012349258176982403,0.0005298852920532227,1.6557326316833496,0.0,1.30834915e-05,-4.8639195e-05,1.0005295,0.0002752329,-0.0012529592,8.60971e-05,0.0019445419,0.0005161762,0.0008518696,0.046227355,0.057534847,0.023149237,0.0105,0.0055998173,1.0,,,,,,,,,,,,,,,,,,,,,,,,,,,,,,,,,,,,,,,,,,,,
29.0,0.007219171732504037,0.012775530107319355,0.000530242919921875,1.6552436351776123,0.0,1.4318262e-05,-5.4189877e-05,1.0005299,0.0002963451,-0.0013321643,8.518257e-05,0.0016789436,0.0002977848,0.00082588196,-0.06369645,-0.052497927,-0.0061741765,0.010875,0.005799797,1.0,,,,,,,,,,,,,,,,,,,,,,,,,,,,,,,,,,,,,,,,,,,,
30.0,0.0072185835919503,0.013201872818171978,0.0005306005477905273,1.6547398567199707,0.0,1.560372e-05,-6.0025315e-05,1.0005302,0.00030851012,-0.0014005051,8.4316795e-05,0.0018718243,0.0005373955,0.0009224415,0.04622168,0.057544097,0.023140285,0.01125,0.005999775,1.0,,,,,,,,,,,,,,,,,,,,,,,,,,,,,,,,,,,,,,,,,,,,
31.0,0.0072157023967942225,0.013628336600959301,0.0005308389663696289,1.6542211771011353,0.0,1.698072e-05,-6.617824e-05,1.0005306,0.00033047984,-0.0014767019,8.339818e-05,0.001606226,0.00031876564,0.0008966923,-0.06369496,-0.052498583,-0.0061728046,0.011625,0.0061997515,1.0,,,,,,,,,,,,,,,,,,,,,,,,,,,,,,,,,,,,,,,,,,,,
32.0,0.007215107870507926,0.014054879546165466,0.0005311965942382812,1.653687596321106,0.0,1.841198e-05,-7.260339e-05,1.0005308,0.00034350218,-0.0015420355,8.253276e-05,0.0017991066,0.0005583763,0.0009930134,0.046216007,0.057553343,0.023131333,0.012,0.006399727,1.0,,,,,,,,,,,,,,,,,,,,,,,,,,,,,,,,,,,,,,,,,,,,
33.0,0.00721222004861047,0.01448148488998413,0.0005315542221069336,1.653139591217041,0.0,1.9938358e-05,-7.933349e-05,1.0005312,0.00036633055,-0.0016152252,8.198237e-05,0.0015335083,0.0003399849,0.0009672642,-0.06369347,-0.052499242,-0.006171428,0.012375,0.0065997005,1.0,,,,,,,,,,,,,,,,,,,,,,,,,,,,,,,,,,,,,,,,,,,,
34.0,0.007211619638375122,0.014908197335898876,0.0005319118499755859,1.6525766849517822,0.0,2.152257e-05,-8.632329e-05,1.0005316,0.0003802111,-0.0016775519,8.10299e-05,0.0017261505,0.00057959557,0.0010635853,0.046210337,0.057562586,0.02312238,0.01275,0.0067996723,1.0,,,,,,,,,,,,,,,,,,,,,,,,,,,,,,,,,,,,,,,,,,,,
35.0,0.0072087256064653025,0.015334956347942352,0.0005322694778442383,1.6519991159439087,0.0,2.320548e-05,-9.3605515e-05,1.0005319,0.0004038986,-0.0017477338,8.013238e-05,0.0014605522,0.00036120415,0.0010378361,-0.06369198,-0.052499898,-0.006170047,0.013125,0.0069996426,1.0,,,,,,,,,,,,,,,,,,,,,,,,,,,,,,,,,,,,,,,,,,,,
36.0,0.007208119154919401,0.01576179638504982,0.0005325078964233398,1.65140700340271,0.0,2.4949806e-05,-0.00010113491,1.0005323,0.0004186383,-0.0018070543,7.92608e-05,0.0016534328,0.0006008148,0.0011341572,0.04620467,0.057571825,0.023113426,0.0135,0.007199611,1.0,,,,,,,,,,,,,,,,,,,,,,,,,,,,,,,,,,,,,,,,,,,,
37.0,0.007205219316366125,0.01618868298828602,0.0005328655242919922,1.6508002281188965,0.0,2.6796415e-05,-0.0001089442,1.0005325,0.00044318597,-0.0018742294,7.834466e-05,0.0013878345,0.0003824234,0.001108408,-0.0636905,-0.052500557,-0.006168661,0.013875,0.007399578,1.0,,,,,,,,,,,,,,,,,,,,,,,,,,,,,,,,,,,,,,,,,,,,
38.0,0.007204606717589187,0.01661563664674759,0.0005332231521606445,1.650179147720337,0.0,2.8708022e-05,-0.000116988136,1.0005329,0.0004587858,-0.0019305446,7.784479e-05,0.0015804768,0.0006220341,0.0012047291,0.046199005,0.057581056,0.023104468,0.01425,0.007599543,1.0,,,,,,,,,,,,,,,,,,,,,,,,,,,,,,,,,,,,,,,,,,,,
39.0,0.007201700898181293,0.017042633146047592,0.0005335807800292969,1.6495431661605835,0.0,3.07255e-05,-0.00012529944,1.0005332,0.00048419455,-0.0019947134,7.684174e-05,0.0013148785,0.00040364265,0.0011789799,-0.06368901,-0.052501213,-0.0061672707,0.014625,0.0077995057,1.0,,,,,,,,,,,,,,,,,,,,,,,,,,,,,,,,,,,,,,,,,,,,
40.0,0.007201083082027613,0.017469678074121475,0.0005338191986083984,1.648893117904663,0.0,3.2811564e-05,-0.00013383287,1.0005336,0.0005006551,-0.0020480228,7.599373e-05,0.0015077591,0.0006432533,0.001275301,0.046193343,0.057590287,0.023095509,0.015,0.007999467,1.0,,,,,,,,,,,,,,,,,,,,,,,,,,,,,,,,,,,,,,,,,,,,
41.0,0.007198171114581045,0.017896737903356552,0.0005341768264770508,1.6482285261154175,0.0,3.5007088e-05,-0.00014262114,1.0005338,0.0005269259,-0.0021091858,7.507279e-05,0.0012419224,0.0004248619,0.0012493134,-0.063687526,-0.052501872,-0.0061658756,0.015375,0.008199425,1.0,,,,,,,,,,,,,,,,,,,,,,,,,,,,,,,,,,,,,,,,,,,,
42.0,0.00719754667013475,0.018323862925171852,0.0005344152450561523,1.6475496292114258,0.0,3.727479e-05,-0.00015161902,1.0005342,0.0005442484,-0.0021594907,7.457284e-05,0.001434803,0.000664711,0.0013456345,0.046187684,0.05759951,0.023086548,0.01575,0.008399382,1.0,,,,,,,,,,,,,,,,,,,,,,,,,,,,,,,,,,,,,,,,,,,,
43.0,0.007194629799784144,0.01875099539756775,0.0005347728729248047,1.6468560695648193,0.0,3.9655548e-05,-0.00016085923,1.0005344,0.000571382,-0.0022176486,7.357054e-05,0.0011692047,0.00044631958,0.0013198853,-0.06368604,-0.052502528,-0.006164476,0.016125,0.008599337,1.0,,,,,,,,,,,,,,,,,,,,,,,,,,,,,,,,,,,,,,,,,,,,
44.0,0.007193999640684312,0.01917816512286663,0.0005350112915039062,1.646148443222046,0.0,4.211208e-05,-0.00017029651,1.0005348,0.0005895672,-0.002264949,7.308909e-05,0.0013618469,0.00068616867,0.0014162064,0.046182025,0.05760873,0.023077585,0.0165,0.00879929,1.0,,,,,,,,,,,,,,,,,,,,,,,,,,,,,,,,,,,,,,,,,,,,
45.0,0.007191076952990223,0.019605349749326706,0.0005353689193725586,1.6454262733459473,0.0,4.4685265e-05,-0.0001799636,1.000535,0.00061756454,-0.002320102,7.208282e-05,0.0010962486,0.00046777725,0.0013902187,-0.06368457,-0.052503187,-0.0061630714,0.016875,0.008999241,1.0,,,,,,,,,,,,,,,,,,,,,,,,,,,,,,,,,,,,,,,,,,,,
46.0,0.007190442036735437,0.020032508298754692,0.0005356073379516602,1.644689679145813,0.0,4.7337817e-05,-0.00018981525,1.0005354,0.00063661323,-0.0023643984,7.16017e-05,0.0012888908,0.0007073879,0.0014865398,0.046176367,0.057617947,0.023068622,0.01725,0.009199189,1.0,,,,,,,,,,,,,,,,,,,,,,,,,,,,,,,,,,,,,,,,,,,,
47.0,0.0071875128839339105,0.020459730178117752,0.0005359649658203125,1.643938660621643,0.0,5.0110633e-05,-0.0001998842,1.0005356,0.00066547527,-0.002416547,7.059571e-05,0.0010232925,0.0004889965,0.0014607906,-0.063683085,-0.052503847,-0.0061616623,0.017625,0.009399135,1.0,,,,,,,,,,,,,,,,,,,,,,,,,,,,,,,,,,,,,,,,,,,,
48.0,0.007186872363460073,0.02088690921664238,0.0005362033843994141,1.643173336982727,0.0,5.2966418e-05,-0.0002101252,1.000536,0.0006853884,-0.0024578401,7.011393e-05,0.0012159348,0.0007288456,0.0015568733,0.046170715,0.05762716,0.023059655,0.018,0.009599078,1.0,,,,,,,,,,,,,,,,,,,,,,,,,,,,,,,,,,,,,,,,,,,,
49.0,0.007183937746248474,0.021314144134521484,0.0005365610122680664,1.6423935890197754,0.0,5.5946068e-05,-0.00022057098,1.0005362,0.0007151159,-0.0025069849,6.910846e-05,0.00095033646,0.0005104542,0.0015311241,-0.06368161,-0.052504506,-0.0061602485,0.018375,0.009799019,1.0,,,,,,,,,,,,,,,,,,,,,,,,,,,,,,,,,,,,,,,,,,,,
50.0,0.007183291639757124,0.021741297096014023,0.000536799430847168,1.641599416732788,0.0,5.9012295e-05,-0.0002311763,1.0005366,0.00073589437,-0.0025452748,6.862595e-05,0.0011432171,0.00075030327,0.0016272068,0.04616506,0.057636365,0.023050686,0.01875,0.009998959,1.0,,,,,,,,,,,,,,,,,,,,,,,,,,,,,,,,,,,,,,,,,,,,
51.0,0.007180352091317632,0.02216849848628044,0.0005370378494262695,1.6407908201217651,0.0,6.2205996e-05,-0.00024197386,1.0005368,0.0007664883,-0.0025914162,6.762102e-05,0.0008773804,0.00053215027,0.0016014576,-0.06368013,-0.05250516,-0.0061588306,0.019125,0.010198895,1.0,,,,,,,,,,,,,,,,,,,,,,,,,,,,,,,,,,,,,,,,,,,,
52.0,0.007179700472910044,0.022595662623643875,0.0005373954772949219,1.6399680376052856,0.0,6.548988e-05,-0.00025291846,1.000537,0.00078813295,-0.0026267038,6.713778e-05,0.0010700226,0.00077199936,0.0016975403,0.046159413,0.05764557,0.023041718,0.0195,0.010398828,1.0,,,,,,,,,,,,,,,,,,,,,,,,,,,,,,,,,,,,,,,,,,,,
53.0,0.007176755909441073,0.023022808134555817,0.0005376338958740234,1.6391305923461914,0.0,6.890486e-05,-0.0002640428,1.0005374,0.0008195945,-0.0026698427,6.6501314e-05,0.0008044243,0.00055360794,0.0016717911,-0.06367865,-0.05250582,-0.0061574075,0.019875,0.010598759,1.0,,,,,,,,,,,,,,,,,,,,,,,,,,,,,,,,,,,,,,,,,,,,
54.0,0.00717609883014206,0.023449908941984177,0.000537872314453125,1.6382789611816406,0.0,7.241363e-05,-0.00027530166,1.0005376,0.00084210595,-0.002702128,6.556305e-05,0.0009970665,0.00079345703,0.0017678738,0.046153765,0.05765477,0.023032745,0.02025,0.010798688,1.0,,,,,,,,,,,,,,,,,,,,,,,,,,,,,,,,,,,,,,,,,,,,
55.0,0.007173148504551178,0.023877020925283432,0.0005381107330322266,1.637412667274475,0.0,7.605711e-05,-0.00028672777,1.0005379,0.0008744357,-0.0027422647,6.503376e-05,0.0007314682,0.0005750656,0.0017418861,-0.063677184,-0.05250648,-0.00615598,0.020625,0.010998613,1.0,,,,,,,,,,,,,,,,,,,,,,,,,,,,,,,,,,,,,,,,,,,,
56.0,0.00717248623361773,0.02430405281484127,0.0005384683609008789,1.6365318298339844,0.0,7.979801e-05,-0.00029827587,1.0005381,0.00089781533,-0.0027715485,6.443767e-05,0.0009241104,0.0008151531,0.0018379688,0.046148118,0.057663962,0.023023773,0.021,0.0111985365,1.0,,,,,,,,,,,,,,,,,,,,,,,,,,,,,,,,,,,,,,,,,,,,
57.0,0.00716953118810155,0.024731045588850975,0.0005387067794799805,1.635636568069458,0.0,8.367724e-05,-0.00030997873,1.0005385,0.0009310141,-0.002808683,6.382841e-05,0.0006585121,0.0005967617,0.0018122196,-0.06367571,-0.05250714,-0.006154548,0.021375,0.011398457,1.0,,,,,,,,,,,,,,,,,,,,,,,,,,,,,,,,,,,,,,,,,,,,
58.0,0.00716886407282382,0.02515801228582859,0.000538945198059082,1.634726643562317,0.0,8.76575e-05,-0.0003217911,1.0005387,0.00095526234,-0.0028349657,6.288256e-05,0.0008511543,0.0008368492,0.0019083023,0.046142474,0.057673153,0.023014799,0.02175,0.011598374,1.0,,,,,,,,,,,,,,,,,,,,,,,,,,,,,,,,,,,,,,,,,,,,
59.0,0.007165903704496439,0.025584915652871132,0.0005391836166381836,1.6338024139404297,0.0,9.177971e-05,-0.00033374567,1.000539,0.000989331,-0.002869099,6.2355786e-05,0.00058555603,0.0006184578,0.0018823147,-0.06367424,-0.0525078,-0.006153111,0.022125,0.011798289,1.0,,,,,,,,,,,,,,,,,,,,,,,,,,,,,,,,,,,,,,,,,,,,
60.0,0.007165231404161747,0.026011783629655838,0.0005394220352172852,1.6328634023666382,0.0,9.600658e-05,-0.00034579725,1.0005392,0.0010144493,-0.0028923813,6.175789e-05,0.00077819824,0.0008585453,0.0019783974,0.046136834,0.05768234,0.02300582,0.0225,0.0119982,1.0,,,,,,,,,,,,,,,,,,,,,,,,,,,,,,,,,,,,,,,,,,,,
61.0,0.007162265513079806,0.026438578963279724,0.0005397796630859375,1.6319098472595215,0.0,0.00010037903,-0.00035797857,1.0005394,0.0010493887,-0.0029235135,6.1149796e-05,0.0005123615,0.0006401539,0.0019526482,-0.063672766,-0.05250846,-0.0061516697,0.022875,0.012198108,1.0,,,,,,,,,,,,,,,,,,,,,,,,,,,,,,,,,,,,,,,,,,,,
62.0,0.007161356916068043,0.026865297928452492,0.0005400180816650391,1.63094162940979,0.0,0.00010485978,-0.00037024438,1.0005398,0.0010753775,-0.0029437956,6.057039e-05,0.00070500374,0.0008802414,0.0020484924,0.046131194,0.05769152,0.022996843,0.02325,0.012398014,1.0,,,,,,,,,,,,,,,,,,,,,,,,,,,,,,,,,,,,,,,,,,,,
63.0,0.0071581545271084766,0.027291934937238693,0.0005402565002441406,1.6299585103988647,0.0,0.00010948972,-0.00038262742,1.00054,0.0011111883,-0.0029719272,5.959038e-05,0.00043940544,0.0007531643,0.0020227432,-0.06371618,-0.03059592,-0.0061347727,0.023625,0.012597917,1.0,,,,,,,,,,,,,,,,,,,,,,,,,,,,,,,,,,,,,,,,,,,,
64.0,0.007157240562488868,0.027718478813767433,0.0005404949188232422,1.6289606094360352,0.0,0.000114247145,-0.00039508243,1.0005403,0.0011417806,-0.0029892023,5.9095055e-05,0.00063204765,0.0010845661,0.002118826,0.046083685,0.07960889,0.02299325,0.024,0.012797816,1.0,,,,,,,,,,,,,,,,,,,,,,,,,,,,,,,,,,,,,,,,,,,,
65.0,0.0071540335572134765,0.02814490534365177,0.0005407333374023438,1.6279480457305908,0.0,0.00011918851,-0.00040764207,1.0005405,0.0011859267,-0.0030143186,5.8458827e-05,0.00036621094,0.000957489,0.0020930767,-0.06371903,-0.030606817,-0.0061233807,0.024375,0.012997712,1.0,,,,,,,,,,,,,,,,,,,,,,,,,,,,,,,,,,,,,,,,,,,,
66.0,0.007153115060143727,0.02857121266424656,0.0005409717559814453,1.626920461654663,0.0,0.00012429206,-0.00042026115,1.0005407,0.0012248505,-0.0030285788,5.788306e-05,0.00055909157,0.0012888908,0.002188921,0.046079036,0.079607844,0.022974124,0.02475,0.013197605,1.0,,,,,,,,,,,,,,,,,,,,,,,,,,,,,,,,,,,,,,,,,,,,
67.0,0.0071499034093556405,0.028997311368584633,0.0005412101745605469,1.6258776187896729,0.0,0.00012961424,-0.00043297233,1.000541,0.001277326,-0.0030506793,5.7263518e-05,0.00029325485,0.0011618137,0.0021631718,-0.06372187,-0.030617712,-0.006111987,0.025125,0.013397493,1.0,,,,,,,,,,,,,,,,,,,,,,,,,,,,,,,,,,,,,,,,,,,,
68.0,0.007148980594959749,0.02942325733602047,0.0005414485931396484,1.6248199939727783,0.0,0.0001351333,-0.00044573034,1.0005412,0.0013245755,-0.003061924,5.6684104e-05,0.00048589706,0.0014932156,0.002259016,0.046074387,0.0796068,0.022955004,0.0255,0.013597379,1.0,,,,,,,,,,,,,,,,,,,,,,,,,,,,,,,,,,,,,,,,,,,,
69.0,0.007145764680501118,0.029849017038941383,0.00054168701171875,1.6237472295761108,0.0,0.0001409057,-0.00045856787,1.0005414,0.0013853745,-0.003081008,5.6063236e-05,0.00022006035,0.0013661385,0.0022332668,-0.06372471,-0.030628601,-0.006100591,0.025875,0.013797263,1.0,,,,,,,,,,,,,,,,,,,,,,,,,,,,,,,,,,,,,,,,,,,,
70.0,0.00714483758704459,0.030274536460638046,0.0005419254302978516,1.62265944480896,0.0,0.00014690963,-0.00047143968,1.0005417,0.001440944,-0.0030892366,5.5484397e-05,0.00041294098,0.0016973019,0.002329111,0.046069738,0.07960576,0.022935886,0.02625,0.013997142,1.0,,,,,,,,,,,,,,,,,,,,,,,,,,,,,,,,,,,,,,,,,,,,
71.0,0.007141618099520313,0.030699873343110085,0.0005420446395874023,1.6215564012527466,0.0,0.00015320156,-0.00048437846,1.0005419,0.0015100609,-0.0031053035,5.48612e-05,0.00014710426,0.0015702248,0.002303362,-0.06372755,-0.030639485,-0.006089193,0.026625,0.014197018,1.0,,,,,,,,,,,,,,,,,,,,,,,,,,,,,,,,,,,,,,,,,,,,
72.0,0.007140687420489217,0.03112490475177765,0.0005422830581665039,1.6204378604888916,0.0,0.00015975966,-0.00049733894,1.000542,0.0015739448,-0.0031105154,5.428318e-05,0.00033974648,0.0019016266,0.0023992062,0.046065092,0.079604715,0.022916771,0.027,0.01439689,1.0,,,,,,,,,,,,,,,,,,,,,,,,,,,,,,,,,,,,,,,,,,,,
73.0,0.007137463518309602,0.03154970705509186,0.0005425214767456055,1.6193041801452637,0.0,0.00016664038,-0.00051035377,1.0005423,0.0016513744,-0.0031235649,5.4025535e-05,7.390976e-05,0.0017745495,0.0023732185,-0.06373038,-0.030650364,-0.0060777925,0.027375,0.014596758,1.0,,,,,,,,,,,,,,,,,,,,,,,,,,,,,,,,,,,,,,,,,,,,
74.0,0.00713638896522603,0.0319741927087307,0.000542759895324707,1.6181548833847046,0.0,0.00017382191,-0.0005233778,1.0005425,0.0017235667,-0.0031257593,5.336196e-05,0.00026655197,0.002105713,0.0024690628,0.046060443,0.07960367,0.022897663,0.02775,0.014796623,1.0,,,,,,,,,,,,,,,,,,,,,,,,,,,,,,,,,,,,,,,,,,,,
75.0,0.007133301097603723,0.03239840641617775,0.0005429983139038086,1.616990089416504,0.0,0.00018136067,-0.0005364436,1.0005428,0.001809302,-0.0031357903,5.2754283e-05,7.1525574e-07,0.0019786358,0.0024433136,-0.063733205,-0.030661238,-0.00606639,0.028125,0.014996485,1.0,,,,,,,,,,,,,,,,,,,,,,,,,,,,,,,,,,,,,,,,,,,,
76.0,0.007131854752376014,0.032822251319885254,0.0005432367324829102,1.615809679031372,0.0,0.00018923482,-0.00054950593,1.000543,0.0018897974,-0.003134967,5.2173156e-05,0.00019335747,0.0023097992,0.0025389194,0.046055794,0.07960263,0.022878556,0.0285,0.015196342,1.0,,,,,,,,,,,,,,,,,,,,,,,,,,,,,,,,,,,,,,,,,,,,
77.0,0.007129132455290501,0.03324579447507858,0.0005433559417724609,1.6146137714385986,0.0,0.0001975008,-0.00056259753,1.0005432,0.0019838335,-0.0031419792,5.1543935e-05,-7.247925e-05,0.002182722,0.0025131702,-0.06373603,-0.030672107,-0.006054985,0.028875,0.015396195,1.0,,,,,,,,,,,,,,,,,,,,,,,,,,,,,,,,,,,,,,,,,,,,
78.0,0.007127310624817103,0.03366895765066147,0.0005435943603515625,1.6134021282196045,0.0,0.00020613674,-0.00057567307,1.0005434,0.002072626,-0.0031381373,5.0968134e-05,0.00012040138,0.0025138855,0.002608776,0.046051145,0.079601586,0.022859454,0.02925,0.015596046,1.0,,,,,,,,,,,,,,,,,,,,,,,,,,,,,,,,,,,,,,,,,,,,
79.0,0.00712489584853652,0.03409174457192421,0.0005438327789306641,1.6121747493743896,0.0,0.00021519906,-0.0005887653,1.0005436,0.002174958,-0.0031421299,5.0703413e-05,-0.00014567375,0.00238657,0.002583027,-0.063738845,-0.030682972,-0.0060435785,0.029625,0.015795892,1.0,,,,,,,,,,,,,,,,,,,,,,,,,,,,,,,,,,,,,,,,,,,,
80.0,0.007122760484162197,0.03451414778828621,0.0005440711975097656,1.6109315156936646,0.0,0.0002246659,-0.0006018289,1.0005438,0.0022720415,-0.0031352688,5.0042298e-05,4.720688e-05,0.0027177334,0.0026786327,0.046046495,0.07960054,0.022840355,0.03,0.015995733,1.0,,,,,,,,,,,,,,,,,,,,,,,,,,,,,,,,,,,,,,,,,,,,
81.0,0.00712048422040303,0.0349360927939415,0.0005441904067993164,1.6096723079681396,0.0,0.00023459367,-0.0006148966,1.0005441,0.002382662,-0.0031362416,4.9427494e-05,-0.00021886826,0.0025906563,0.0026528835,-0.063741654,-0.03069383,-0.0060321693,0.030375,0.016195571,1.0,,,,,,,,,,,,,,,,,,,,,,,,,,,,,,,,,,,,,,,,,,,,
82.0,0.007118204622869882,0.035357654094696045,0.000544428825378418,1.6083972454071045,0.0,0.00024496045,-0.0006279231,1.0005442,0.0024880315,-0.0031263607,4.884884e-05,-2.5987625e-05,0.0029218197,0.0027484894,0.04604185,0.0795995,0.02282126,0.03075,0.016395405,1.0,,,,,,,,,,,,,,,,,,,,,,,,,,,,,,,,,,,,,,,,,,,,
83.0,0.007115925544537565,0.0357787199318409,0.0005446672439575195,1.607106328010559,0.0,0.0002558227,-0.0006409411,1.0005444,0.0026069363,-0.0031243127,4.858042e-05,-0.00029206276,0.0027945042,0.0027227402,-0.06374446,-0.030704686,-0.0060207583,0.031125,0.016595235,1.0,,,,,,,,,,,,,,,,,,,,,,,,,,,,,,,,,,,,,,,,,,,,
84.0,0.007113643403003381,0.03619933873414993,0.0005447864532470703,1.6057993173599243,0.0,0.00026715847,-0.00065390527,1.0005447,0.002720586,-0.0031114118,4.7920716e-05,-9.918213e-05,0.0031256676,0.0028181076,0.0460372,0.07959846,0.02280217,0.0315,0.016795062,1.0,,,,,,,,,,,,,,,,,,,,,,,,,,,,,,,,,,,,,,,,,,,,
85.0,0.00711136204015992,0.03661946579813957,0.0005450248718261719,1.6044763326644897,0.0,0.00027902416,-0.0006668484,1.0005448,0.0028477674,-0.0031063424,4.730121e-05,-0.00036525726,0.0029985905,0.0027923584,-0.063747264,-0.030715536,-0.006009345,0.031875,0.016994882,1.0,,,,,,,,,,,,,,,,,,,,,,,,,,,,,,,,,,,,,,,,,,,,
86.0,0.007109076648414754,0.03703908249735832,0.0005452632904052734,1.6031371355056763,0.0,0.00029139788,-0.00067972514,1.000545,0.0029696927,-0.0030904203,4.7092126e-05,-0.00017261505,0.0033295155,0.0028879642,0.04603255,0.07959741,0.022783082,0.03225,0.0171947,1.0,,,,,,,,,,,,,,,,,,,,,,,,,,,,,,,,,,,,,,,,,,,,
87.0,0.007106793558701437,0.0374581553041935,0.0005453824996948242,1.6017818450927734,0.0,0.000304336,-0.0006925682,1.0005453,0.003105146,-0.0030823292,4.636465e-05,-0.00043845177,0.0032024384,0.0028619766,-0.06375006,-0.03072638,-0.0059979297,0.032625,0.017394513,1.0,,,,,,,,,,,,,,,,,,,,,,,,,,,,,,,,,,,,,,,,,,,,
88.0,0.007104506613102581,0.037876714020967484,0.0005456209182739258,1.6004102230072021,0.0,0.00031781656,-0.00070533226,1.0005454,0.003235339,-0.0030633858,4.5813253e-05,-0.00024580956,0.0035333633,0.0029575825,0.046027906,0.07959637,0.022764,0.033,0.01759432,1.0,,,,,,,,,,,,,,,,,,,,,,,,,,,,,,,,,,,,,,,,,,,,
89.0,-0.0028977786522735604,0.03829468414187431,0.0005457401275634766,1.5990221500396729,0.0,0.00033189598,-0.00071805005,1.0005456,0.0033790602,-0.0030522721,4.553189e-05,-0.0005118847,0.0034060478,0.0029315948,-0.06375285,-0.030737221,-0.005986512,0.033375,0.017794127,1.0,,,,,,,,,,,,,,,,,,,,,,,,,,,,,,,,,,,,,,,,,,,,
90.0,-0.002900068067832939,0.03871207684278488,0.0005459785461425781,1.5976178646087646,0.0,0.00034655232,-0.00073067634,1.0005457,0.0035175155,-0.0030303067,4.4876026e-05,-0.00031900406,0.0037372112,0.0030272007,0.046023257,0.07959533,0.02274492,0.03375,0.017993925,1.0,,,,,,,,,,,,,,,,,,,,,,,,,,,,,,,,,,,,,,,,,,,,
91.0,-0.0029023553666241504,0.0391288697719574,0.0005462169647216797,1.5961973667144775,0.0,0.00036184187,-0.0007432437,1.000546,0.0036694976,-0.0030161699,4.4617012e-05,-0.0005850792,0.0036098957,0.003001213,-0.06375564,-0.030748058,-0.0059750923,0.034125,0.018193722,1.0,,,,,,,,,,,,,,,,,,,,,,,,,,,,,,,,,,,,,,,,,,,,
92.0,-0.002904645112896199,0.03954504802823067,0.0005463361740112305,1.594760775566101,0.0,0.00037774275,-0.000755707,1.0005462,0.0038162102,-0.0029911818,4.3956166e-05,-0.00039219856,0.003941059,0.0030965805,0.04601861,0.07959428,0.022725845,0.0345,0.018393511,1.0,,,,,,,,,,,,,,,,,,,,,,,,,,,,,,,,,,,,,,,,,,,,
93.0,-0.00290693402932512,0.039960600435733795,0.000546574592590332,1.593307375907898,0.0,0.00039431127,-0.00076809875,1.0005463,0.003976446,-0.0029740215,4.332822e-05,-0.0006582737,0.0038135052,0.0030708313,-0.06375842,-0.030758888,-0.0059636706,0.034875,0.018593298,1.0,,,,,,,,,,,,,,,,,,,,,,,,,,,,,,,,,,,,,,,,,,,,
94.0,-0.002909225162476429,0.04037546366453171,0.0005466938018798828,1.5918378829956055,0.0,0.00041152549,-0.0007803738,1.0005466,0.0041314117,-0.0029460099,4.312218e-05,-0.00046563148,0.0041446686,0.0031661987,0.046013962,0.079593234,0.022706773,0.03525,0.01879308,1.0,,,,,,,,,,,,,,,,,,,,,,,,,,,,,,,,,,,,,,,,,,,,
95.0,-0.0029115152606608223,0.04078970104455948,0.0005468845483846962,1.5903518199920654,0.0,0.00042944172,-0.0007925647,1.0005467,0.0042998963,-0.0029258255,4.2385283e-05,-0.0007317066,0.004017353,0.003140211,-0.0637612,-0.030769713,-0.005952247,0.035625,0.018992856,1.0,,,,,,,,,,,,,,,,,,,,,,,,,,,,,,,,,,,,,,,,,,,,
96.0,-0.002913807287765508,0.04120321944355965,0.0005470514297485352,1.588849425315857,0.0,0.00044803802,-0.0008046263,1.0005469,0.004463108,-0.00289479,4.220509e-05,-0.000538826,0.004348278,0.0032355785,0.046009317,0.07959219,0.022687705,0.036,0.019192629,1.0,,,,,,,,,,,,,,,,,,,,,,,,,,,,,,,,,,,,,,,,,,,,
97.0,-0.0029160975038436455,0.0416160486638546,0.0005471706390380859,1.5873308181762695,0.0,0.00046737067,-0.00081659126,1.000547,0.0046398356,-0.0028715807,4.145995e-05,-0.0008049011,0.0042209625,0.0032098293,-0.06376397,-0.030780535,-0.0059408206,0.036375,0.019392395,1.0,,,,,,,,,,,,,,,,,,,,,,,,,,,,,,,,,,,,,,,,,,,,
98.0,-0.0029183908616806724,0.04202810674905777,0.0005474090576171875,1.585795521736145,0.0,0.00048741768,-0.0008284143,1.0005472,0.0048112874,-0.0028375206,4.1281957e-05,-0.0006122589,0.0045518875,0.0033049583,0.046004668,0.07959115,0.02266864,0.03675,0.019592158,1.0,,,,,,,,,,,,,,,,,,,,,,,,,,,,,,,,,,,,,,,,,,,,
99.0,-0.0029206814540715283,0.04243946820497513,0.0005475282669067383,1.5842440128326416,0.0,0.0005082354,-0.00084012793,1.0005474,0.004996255,-0.002811286,4.0902054e-05,-0.00087833405,0.004424572,0.0032792091,-0.06376673,-0.030791352,-0.0059293928,0.037125,0.019791916,1.0,,,,,,,,,,,,,,,,,,,,,,,,,,,,,,,,,,,,,,,,,,,,
100.0,-0.0029229746409296705,0.04285003989934921,0.0005477666854858398,1.5826759338378906,0.0,0.0005298018,-0.00085168716,1.0005475,0.005175939,-0.002774201,4.0270657e-05,-0.00068569183,0.004755497,0.0033743382,0.046000022,0.0795901,0.022649579,0.0375,0.019991668,1.0,,,,,,,,,,,,,,,,,,,,,,,,,,,,,,,,,,,,,,,,,,,,
101.0,-0.0029252659751426925,0.04325983673334122,0.0005478858947753906,1.5810915231704712,0.0,0.00055217324,-0.0008631244,1.0005478,0.0053691394,-0.0027449403,3.9995022e-05,-0.00095176697,0.004627943,0.003348589,-0.0637695,-0.030802162,-0.005917962,0.037875,0.020191416,1.0,,,,,,,,,,,,,,,,,,,,,,,,,,,,,,,,,,,,,,,,,,,,
102.0,-0.0029275585787022387,0.04366882145404816,0.0005480051040649414,1.5794910192489624,0.0,0.0005753276,-0.0008743945,1.0005479,0.005557052,-0.0027048301,3.9339415e-05,-0.00075888634,0.0049591064,0.003443718,0.045995377,0.079589054,0.022630522,0.03825,0.020391157,1.0,,,,,,,,,,,,,,,,,,,,,,,,,,,,,,,,,,,,,,,,,,,,
103.0,-0.002929849175680628,0.04407699778676033,0.000548243522644043,1.577873706817627,0.0,0.00059932127,-0.0008855301,1.000548,0.0057584783,-0.0026725428,3.906729e-05,-0.0010251999,0.0048315525,0.0034177303,-0.06377225,-0.03081297,-0.00590653,0.038625,0.020590896,1.0,,,,,,,,,,,,,,,,,,,,,,,,,,,,,,,,,,,,,,,,,,,,
104.0,-0.0029321421677185535,0.04448433965444565,0.0005483627319335938,1.576240062713623,0.0,0.00062413217,-0.000896486,1.0005482,0.0059546153,-0.0026294058,3.8779053e-05,-0.00083231926,0.0051624775,0.0035128593,0.045990728,0.07958801,0.022611469,0.039,0.020790627,1.0,,,,,,,,,,,,,,,,,,,,,,,,,,,,,,,,,,,,,,,,,,,,
105.0,-0.002934431708950009,0.04489081725478172,0.0005484819412231445,1.5745903253555298,0.0,0.0006498166,-0.0009072947,1.0005484,0.00616426,-0.002594092,3.8050588e-05,-0.0010986328,0.0050349236,0.0034871101,-0.063775,-0.03082377,-0.0058950954,0.039375,0.020990355,1.0,,,,,,,,,,,,,,,,,,,,,,,,,,,,,,,,,,,,,,,,,,,,
106.0,-0.0029367243222895084,0.045296430587768555,0.0005487203598022461,1.5729241371154785,0.0,0.0006763525,-0.00091791106,1.0005485,0.006368615,-0.0025479281,3.7869744e-05,-0.0009057522,0.0053658485,0.0035822392,0.045986082,0.07958696,0.022592422,0.03975,0.021190077,1.0,,,,,,,,,,,,,,,,,,,,,,,,,,,,,,,,,,,,,,,,,,,,
107.0,-0.002939013058556543,0.04570113867521286,0.0005488395690917969,1.5712416172027588,0.0,0.00070379616,-0.00092836766,1.0005487,0.0065864767,-0.002509586,3.7481826e-05,-0.0011718273,0.0052382946,0.0035562515,-0.06377775,-0.030834569,-0.005883659,0.040125,0.021389794,1.0,,,,,,,,,,,,,,,,,,,,,,,,,,,,,,,,,,,,,,,,,,,,
108.0,-0.0029413035086438043,0.04610494151711464,0.0005489587783813477,1.5695430040359497,0.0,0.0007321255,-0.0009386193,1.0005488,0.0067990404,-0.0024603957,3.6853377e-05,-0.0009791851,0.0055692196,0.0036513805,0.045981437,0.07958592,0.022573376,0.0405,0.021589505,1.0,,,,,,,,,,,,,,,,,,,,,,,,,,,,,,,,,,,,,,,,,,,,
109.0,-0.0029435911670917885,0.04650783911347389,0.0005491971969604492,1.5678280591964722,0.0,0.0007613968,-0.00094869855,1.000549,0.007025112,-0.0024190254,3.6568366e-05,-0.0012452602,0.0054416656,0.003625393,-0.063780494,-0.03084536,-0.0058722203,0.040875,0.02178921,1.0,,,,,,,,,,,,,,,,,,,,,,,,,,,,,,,,,,,,,,,,,,,,
110.0,-0.0029458806644599954,0.046909771859645844,0.00054931640625,1.5660970211029053,0.0,0.000791588,-0.00095856027,1.0005492,0.0072458833,-0.0023668066,3.6283953e-05,-0.001052618,0.0057725906,0.003720522,0.04597679,0.079584874,0.022554334,0.04125,0.02198891,1.0,,,,,,,,,,,,,,,,,,,,,,,,,,,,,,,,,,,,,,,,,,,,
111.0,-0.0029481663951179643,0.047310732305049896,0.0005494356155395508,1.5643501281738281,0.0,0.0008227553,-0.00096823694,1.0005493,0.0074801557,-0.002322408,3.5548084e-05,-0.0013189316,0.0056450367,0.0036945343,-0.06378323,-0.030856147,-0.0058607794,0.041625,0.022188606,1.0,,,,,,,,,,,,,,,,,,,,,,,,,,,,,,,,,,,,,,,,,,,,
112.0,-0.0029504534053203,0.04771072044968605,0.0005495548248291016,1.562586784362793,0.0,0.00085487665,-0.0009776835,1.0005494,0.0077091274,-0.0022671605,3.536978e-05,-0.001126051,0.0059759617,0.0037896633,0.045972146,0.07958382,0.022535296,0.042,0.022388294,1.0,,,,,,,,,,,,,,,,,,,,,,,,,,,,,,,,,,,,,,,,,,,,
113.0,-0.0029527368782436966,0.04810970276594162,0.0005496740341186523,1.560807704925537,0.0,0.00088800833,-0.0009869323,1.0005496,0.0079516,-0.0022197322,3.4974757e-05,-0.0013923645,0.0058484077,0.0037636757,-0.06378596,-0.03086693,-0.0058493367,0.042375,0.022587977,1.0,,,,,,,,,,,,,,,,,,,,,,,,,,,,,,,,,,,,,,,,,,,,
114.0,-0.002955022465200132,0.04850767180323601,0.0005499124526977539,1.5590126514434814,0.0,0.00092212815,-0.0009959384,1.0005497,0.008188765,-0.0021614558,3.4716704e-05,-0.0011994839,0.0061790943,0.0038585663,0.045967497,0.07958278,0.022516262,0.04275,0.022787657,1.0,,,,,,,,,,,,,,,,,,,,,,,,,,,,,,,,,,,,,,,,,,,,
115.0,-0.00295730366544146,0.04890460893511772,0.0005500316619873047,1.5572017431259155,0.0,0.00095729245,-0.0010047342,1.0005499,0.008439428,-0.0021109974,3.4338234e-05,-0.0014657974,0.0060515404,0.0038325787,-0.06378869,-0.030877708,-0.0058378917,0.043125,0.022987328,1.0,,,,,,,,,,,,,,,,,,,,,,,,,,,,,,,,,,,,,,,,,,,,
116.0,-0.0029595860679511644,0.049300484359264374,0.0005501508712768555,1.5553749799728394,0.0,0.000993479,-0.0010132747,1.00055,0.00868478,-0.0020496922,3.370864e-05,-0.0012729168,0.0063824654,0.0039274693,0.04596285,0.07958173,0.022497231,0.0435,0.023186995,1.0,,,,,,,,,,,,,,,,,,,,,,,,,,,,,,,,,,,,,,,,,,,,
117.0,-0.0029618646486393348,0.049695320427417755,0.0005502700805664062,1.553532600402832,0.0,0.0010307442,-0.0010215922,1.0005502,0.008943631,-0.0019962033,3.3415232e-05,-0.0015392303,0.006254673,0.00390172,-0.06379141,-0.030888481,-0.0058264444,0.043875,0.023386655,1.0,,,,,,,,,,,,,,,,,,,,,,,,,,,,,,,,,,,,,,,,,,,,
118.0,-0.0029641437502412184,0.05008900165557861,0.000550389289855957,1.551674485206604,0.0,0.0010690656,-0.0010296416,1.0005503,0.009197167,-0.0019318674,3.313385e-05,-0.0013465881,0.006585598,0.0039966106,0.045958206,0.07958069,0.022478206,0.04425,0.02358631,1.0,,,,,,,,,,,,,,,,,,,,,,,,,,,,,,,,,,,,,,,,,,,,
119.0,-0.0029664190213829155,0.0504816472530365,0.0005505084991455078,1.549801230430603,0.0,0.0011084998,-0.0010374555,1.0005504,0.009464198,-0.0018753477,3.2756532e-05,-0.0016129017,0.0064578056,0.003970623,-0.06379413,-0.030899249,-0.0058149956,0.044625,0.02378596,1.0,,,,,,,,,,,,,,,,,,,,,,,,,,,,,,,,,,,,,,,,,,,,
120.0,-0.002968695428065061,0.05087309330701828,0.0005507469177246094,1.5479122400283813,0.0,0.0011490245,-0.0010449887,1.0005505,0.009725912,-0.0018079812,3.2495118e-05,-0.001420021,0.0067887306,0.0040655136,0.04595356,0.07957964,0.022459183,0.045,0.023985602,1.0,,,,,,,,,,,,,,,,,,,,,,,,,,,,,,,,,,,,,,,,,,,,
121.0,-0.002970966795453954,0.05126345157623291,0.0005508661270141602,1.5460078716278076,0.0,0.0011906958,-0.0010522739,1.0005507,0.010001116,-0.0017484298,3.2110955e-05,-0.0016863346,0.0066609383,0.004039526,-0.06379684,-0.030910011,-0.005803544,0.045375,0.02418524,1.0,,,,,,,,,,,,,,,,,,,,,,,,,,,,,,,,,,,,,,,,,,,,
122.0,-0.0029732392207575775,0.05165259912610054,0.0005509853363037109,1.544088363647461,0.0,0.0012334916,-0.0010592657,1.0005509,0.010270998,-0.0016780328,3.1483487e-05,-0.001493454,0.0069918633,0.004134178,0.045948915,0.07957859,0.022440163,0.04575,0.024384871,1.0,,,,,,,,,,,,,,,,,,,,,,,,,,,,,,,,,,,,,,,,,,,,
123.0,-0.0029755064118652786,0.05204061418771744,0.0005511045455932617,1.5421534776687622,0.0,0.0012774682,-0.0010659967,1.000551,0.010554372,-0.0016154493,3.118309e-05,-0.001760006,0.006864071,0.0041081905,-0.06379955,-0.03092077,-0.0057920907,0.046125,0.024584496,1.0,,,,,,,,,,,,,,,,,,,,,,,,,,,,,,,,,,,,,,,,,,,,
124.0,-0.0029777744426787694,0.052427392452955246,0.0005512237548828125,1.5402036905288696,0.0,0.0013226033,-0.0010724218,1.0005511,0.010832422,-0.0015420199,3.0904146e-05,-0.0015671253,0.0071947575,0.004203081,0.04594427,0.07957754,0.02242115,0.0465,0.024784114,1.0,,,,,,,,,,,,,,,,,,,,,,,,,,,,,,,,,,,,,,,,,,,,
125.0,-0.0029800377149939985,0.05281297117471695,0.0005513429641723633,1.5382386445999146,0.0,0.0013689531,-0.0010785735,1.0005512,0.011123959,-0.001476404,3.0519775e-05,-0.0018334389,0.007066965,0.0041770935,-0.06380225,-0.030931523,-0.0057806354,0.046875,0.024983726,1.0,,,,,,,,,,,,,,,,,,,,,,,,,,,,,,,,,,,,,,,,,,,,
126.0,-0.002982300926517732,0.053197331726551056,0.0005514621734619141,1.5362588167190552,0.0,0.0014164954,-0.0010844066,1.0005513,0.011410168,-0.0013999424,3.0260813e-05,-0.0016405582,0.00739789,0.0042717457,0.045939624,0.0795765,0.022402138,0.04725,0.025183333,1.0,,,,,,,,,,,,,,,,,,,,,,,,,,,,,,,,,,,,,,,,,,,,
127.0,-0.002984559166504413,0.05358042195439339,0.0005515813827514648,1.5342637300491333,0.0,0.0014652866,-0.0010899537,1.0005515,0.011709862,-0.0013312934,2.9869589e-05,-0.0019071102,0.0072700977,0.004245758,-0.063804954,-0.030942272,-0.005769178,0.047625,0.025382934,1.0,,,,,,,,,,,,,,,,,,,,,,,,,,,,,,,,,,,,,,,,,,,,
128.0,-0.0029868179120606624,0.053962238132953644,0.0005517005920410156,1.5322539806365967,0.0,0.0015153042,-0.0010951695,1.0005516,0.012004225,-0.001251799,2.9612498e-05,-0.0017142296,0.0076007843,0.00434041,0.04593498,0.07957545,0.02238313,0.048,0.025582528,1.0,,,,,,,,,,,,,,,,,,,,,,,,,,,,,,,,,,,,,,,,,,,,
129.0,-0.0029890710245845,0.05434276908636093,0.0005518198013305664,1.5302296876907349,0.0,0.0015666045,-0.0011000866,1.0005517,0.0123120705,-0.0011801163,2.921868e-05,-0.0019807816,0.007472992,0.0043144226,-0.063807644,-0.030953016,-0.0057577183,0.048375,0.025782114,1.0,,,,,,,,,,,,,,,,,,,,,,,,,,,,,,,,,,,,,,,,,,,,
130.0,-0.002991323581714771,0.054722003638744354,0.0005519390106201172,1.5281908512115479,0.0,0.0016191652,-0.00110466,1.0005518,0.012614581,-0.0010975888,2.8962462e-05,-0.0017879009,0.0078036785,0.004409075,0.045930337,0.0795744,0.022364127,0.04875,0.025981696,1.0,,,,,,,,,,,,,,,,,,,,,,,,,,,,,,,,,,,,,,,,,,,,
131.0,-0.002993571499977155,0.05509989708662033,0.000552058219909668,1.5261375904083252,0.0,0.0016730425,-0.001108922,1.0005519,0.012930572,-0.0010228719,2.856628e-05,-0.0020542145,0.007675886,0.004383087,-0.06381033,-0.030963756,-0.0057462566,0.049125,0.02618127,1.0,,,,,,,,,,,,,,,,,,,,,,,,,,,,,,,,,,,,,,,,,,,,
132.0,-0.0029958186070349327,0.05547646805644035,0.0005521774291992188,1.524070143699646,0.0,0.0017282143,-0.0011128273,1.000552,0.013241225,-0.00093731063,2.8310882e-05,-0.0018615723,0.008006573,0.0044777393,0.04592569,0.079573356,0.022345126,0.0495,0.026380837,1.0,,,,,,,,,,,,,,,,,,,,,,,,,,,,,,,,,,,,,,,,,,,,
133.0,-0.00299806015810606,0.05585164949297905,0.0005522966384887695,1.5219881534576416,0.0,0.0017847366,-0.0011164089,1.0005522,0.013565355,-0.0008595592,2.7912352e-05,-0.0021278858,0.007878542,0.0044517517,-0.063813016,-0.03097449,-0.005734793,0.049875,0.026580399,1.0,,,,,,,,,,,,,,,,,,,,,,,,,,,,,,,,,,,,,,,,,,,,
134.0,-0.0030003012977889375,0.05622548609972,0.0005524158477783203,1.5198919773101807,0.0,0.0018425873,-0.0011196212,1.0005523,0.013884144,-0.0007709636,2.7657772e-05,-0.0019350052,0.0082092285,0.004546404,0.045921046,0.079572305,0.022326129,0.05025,0.026779953,1.0,,,,,,,,,,,,,,,,,,,,,,,,,,,,,,,,,,,,,,,,,,,,
135.0,-0.003002539133539192,0.056597910821437836,0.0005525350570678711,1.5177817344665527,0.0,0.0019018223,-0.0011224969,1.0005524,0.014216408,-0.000690177,2.7256894e-05,-0.0022015572,0.008081436,0.0045204163,-0.0638157,-0.03098522,-0.005723327,0.050625,0.026979502,1.0,,,,,,,,,,,,,,,,,,,,,,,,,,,,,,,,,,,,,,,,,,,,
136.0,-0.0030047756175703047,0.05696890503168106,0.0005526542663574219,1.5156574249267578,0.0,0.0019624196,-0.0011249909,1.0005525,0.0145433275,-0.00059854664,2.7003129e-05,-0.0020112991,0.008412123,0.00461483,0.04530599,0.0795685,0.02231207,0.051,0.027179042,1.0,,,,,,,,,,,,,,,,,,,,,,,,,,,,,,,,,,,,,,,,,,,,
137.0,-0.0030070134933485827,0.057338494807481766,0.0005527734756469727,1.5135194063186646,0.0,0.002024435,-0.0011271351,1.0005527,0.014883719,-0.0005146205,2.6599695e-05,-0.0022802353,0.008284092,0.0045888424,-0.064428635,-0.030998822,-0.005706646,0.051375,0.027378578,1.0,,,,,,,,,,,,,,,,,,,,,,,,,,,,,,,,,,,,,,,,,,,,
138.0,-0.003009250709800185,0.05770663172006607,0.0005528926849365234,1.5113674402236938,0.0,0.0020878464,-0.0011288841,1.0005528,0.015218763,-0.000419747,2.6346532e-05,-0.0020899773,0.0086147785,0.004683256,0.045301627,0.07956749,0.022292802,0.05175,0.027578104,1.0,,,,,,,,,,,,,,,,,,,,,,,,,,,,,,,,,,,,,,,,,,,,
139.0,-0.003011480956632847,0.05807330086827278,0.0005529642221517861,1.5092021226882935,0.0,0.0021527102,-0.0011302698,1.0005529,0.015567276,-0.00033257695,2.5940837e-05,-0.0023591518,0.008486986,0.0046572685,-0.06443102,-0.031009644,-0.0056948964,0.052125,0.027777625,1.0,,,,,,,,,,,,,,,,,,,,,,,,,,,,,,,,,,,,,,,,,,,,
140.0,-0.0030137099380580946,0.05843846872448921,0.0005530118942260742,1.5070229768753052,0.0,0.0022190036,-0.0011312468,1.000553,0.015910435,-0.00023445998,2.5688403e-05,-0.0021688938,0.008817434,0.0047516823,0.045297265,0.07956649,0.022273537,0.0525,0.027977139,1.0,,,,,,,,,,,,,,,,,,,,,,,,,,,,,,,,,,,,,,,,,,,,
141.0,-0.0030159454939936103,0.05880216509103775,0.000553131103515625,1.5048303604125977,0.0,0.0022867832,-0.0011318469,1.000553,0.016267065,-0.00014404573,2.5280417e-05,-0.00243783,0.008689642,0.0047256947,-0.064433396,-0.031020459,-0.0056831446,0.052875,0.028176645,1.0,,,,,,,,,,,,,,,,,,,,,,,,,,,,,,,,,,,,,,,,,,,,
142.0,-0.0030181799800787085,0.059164296835660934,0.0005532503128051758,1.5026241540908813,0.0,0.002356026,-0.0011320248,1.0005531,0.01661834,-4.2684107e-05,2.5396637e-05,-0.0022728443,0.00902009,0.0048201084,0.039252676,0.079536945,0.022306764,0.05325,0.028376145,1.0,,,,,,,,,,,,,,,,,,,,,,,,,,,,,,,,,,,,,,,,,,,,
143.0,-0.0030204070077625455,0.05952490121126175,0.0005533695220947266,1.500404953956604,0.0,0.002426789,-0.0011318082,1.0005533,0.016983071,5.2003237e-05,2.4897672e-05,-0.0025670528,0.008892059,0.004794121,-0.070474565,-0.031061,-0.005616131,0.053625,0.028575638,1.0,,,,,,,,,,,,,,,,,,,,,,,,,,,,,,,,,,,,,,,,,,,,
144.0,-0.0030226337943325744,0.05988394096493721,0.0005534887313842773,1.4981722831726074,0.0,0.002499049,-0.001131147,1.0005534,0.01734244,0.00015866516,2.4664632e-05,-0.0024018288,0.009222746,0.0048885345,0.039251115,0.07953639,0.022284733,0.054,0.028775124,1.0,,,,,,,,,,,,,,,,,,,,,,,,,,,,,,,,,,,,,,,,,,,,
145.0,-0.0030248527938368077,0.060241423547267914,0.0005536079406738281,1.4959263801574707,0.0,0.0025728627,-0.0011300693,1.0005535,0.017715266,0.00025865372,2.4245788e-05,-0.0026962757,0.009094715,0.0048623085,-0.07047407,-0.031072805,-0.0056016105,0.054375,0.028974602,1.0,,,,,,,,,,,,,,,,,,,,,,,,,,,,,,,,,,,,,,,,,,,,
146.0,-0.0030270697040637026,0.06059730052947998,0.0005536794778890908,1.4936672449111938,0.0,0.0026482074,-0.001128525,1.0005536,0.018082725,0.00037061522,2.3993456e-05,-0.0025310516,0.009425402,0.0049567223,0.039249554,0.07953584,0.022262705,0.05475,0.029174073,1.0,,,,,,,,,,,,,,,,,,,,,,,,,,,,,,,,,,,,,,,,,,,,
147.0,-0.0030292793831824373,0.06095154210925102,0.0005537271499633789,1.491395354270935,0.0,0.0027251393,-0.0011265421,1.0005537,0.018463638,0.00047590325,2.3577284e-05,-0.0028252602,0.0092971325,0.0049307346,-0.070473574,-0.031084603,-0.00558709,0.055125,0.029373536,1.0,,,,,,,,,,,,,,,,,,,,,,,,,,,,,,,,,,,,,,,,,,,,
148.0,-0.0030314877053197733,0.06130417436361313,0.0005538463592529297,1.4891102313995361,0.0,0.0028036358,-0.0011240706,1.0005537,0.01883918,0.00059316284,2.3323842e-05,-0.002660036,0.009627819,0.00502491,0.03924799,0.07953529,0.022240685,0.0555,0.029572992,1.0,,,,,,,,,,,,,,,,,,,,,,,,,,,,,,,,,,,,,,,,,,,,
149.0,-0.0030336878502874934,0.06165515258908272,0.0005539655685424805,1.4868125915527344,0.0,0.0028837533,-0.0011211383,1.0005538,0.019228177,0.00070374977,2.3273982e-05,-0.002954483,0.009499788,0.0049989223,-0.070473075,-0.031096393,-0.0055725686,0.055875,0.029772442,1.0,,,,,,,,,,,,,,,,,,,,,,,,,,,,,,,,,,,,,,,,,,,,
150.0,-0.0030358865444904343,0.06200446933507919,0.0005540847778320312,1.4845019578933716,0.0,0.0029654691,-0.0011176954,1.000554,0.019611796,0.0008263056,2.2934079e-05,-0.002789259,0.009830236,0.0050930977,0.039246425,0.07953473,0.022218667,0.05625,0.029971883,1.0,,,,,,,,,,,,,,,,,,,,,,,,,,,,,,,,,,,,,,,,,,,,
151.0,-0.003038077462951493,0.06235206127166748,0.0005541563150472939,1.4821786880493164,0.0,0.0030488393,-0.0011137696,1.0005541,0.020008866,0.00094218797,2.2534745e-05,-0.0030834675,0.009702206,0.0050668716,-0.07047257,-0.031108178,-0.0055580465,0.056625,0.030171316,1.0,,,,,,,,,,,,,,,,,,,,,,,,,,,,,,,,,,,,,,,,,,,,
152.0,-0.0030402659980402285,0.06269796937704086,0.000554203987121582,1.4798427820205688,0.0,0.0031338416,-0.0011093111,1.0005542,0.020400556,0.001070039,2.2276385e-05,-0.0029182434,0.010032654,0.005161047,0.039244857,0.07953418,0.022196656,0.057,0.030370744,1.0,,,,,,,,,,,,,,,,,,,,,,,,,,,,,,,,,,,,,,,,,,,,
153.0,-0.003042445877381462,0.06304214894771576,0.0005543231964111328,1.477494478225708,0.0,0.003220532,-0.0011043476,1.0005542,0.020805694,0.001191216,2.1856056e-05,-0.0032126904,0.009904623,0.0051350594,-0.07047206,-0.031119956,-0.005543524,0.057375,0.030570162,1.0,,,,,,,,,,,,,,,,,,,,,,,,,,,,,,,,,,,,,,,,,,,,
154.0,-0.003044623730398848,0.06338458508253098,0.0005544424057006836,1.4751332998275757,0.0,0.003308888,-0.0010988296,1.0005543,0.021205453,0.0013243617,2.1970054e-05,-0.0030474663,0.010235071,0.0052292347,0.039243285,0.07953362,0.022174647,0.05775,0.030769574,1.0,,,,,,,,,,,,,,,,,,,,,,,,,,,,,,,,,,,,,,,,,,,,
155.0,-0.0030467937786632236,0.06372525542974472,0.0005545139429159462,1.4727596044540405,0.0,0.0033989658,-0.0010927843,1.0005544,0.021618653,0.0014508317,2.146047e-05,-0.0033416748,0.010106802,0.0052030087,-0.07047155,-0.031131728,-0.005529001,0.058125,0.030968977,1.0,,,,,,,,,,,,,,,,,,,,,,,,,,,,,,,,,,,,,,,,,,,,
156.0,-0.003048960584296836,0.064064159989357,0.0005545616149902344,1.4703739881515503,0.0,0.0034907428,-0.0010861624,1.0005546,0.022026466,0.001589268,2.1227026e-05,-0.0031764507,0.010437489,0.005297184,0.039241713,0.07953306,0.022152646,0.0585,0.031168373,1.0,,,,,,,,,,,,,,,,,,,,,,,,,,,,,,,,,,,,,,,,,,,,
157.0,-0.003051118575344006,0.06440125405788422,0.0005546808242797852,1.4679756164550781,0.0,0.003584275,-0.0010789915,1.0005546,0.022447724,0.0017210298,2.0797137e-05,-0.0034706593,0.010309219,0.005270958,-0.07047103,-0.03114349,-0.0055144774,0.058875,0.03136776,1.0,,,,,,,,,,,,,,,,,,,,,,,,,,,,,,,,,,,,,,,,,,,,
158.0,-0.0030532744593726765,0.064736507833004,0.0005548000335693359,1.4655650854110718,0.0,0.00367954,-0.0010712217,1.0005547,0.022863595,0.0018647575,2.0912414e-05,-0.0033054352,0.0106396675,0.005364895,0.03924014,0.079532504,0.022130646,0.05925,0.03156714,1.0,,,,,,,,,,,,,,,,,,,,,,,,,,,,,,,,,,,,,,,,,,,,
159.0,-0.00305542093467283,0.06506995856761932,0.0005548000335693359,1.4631422758102417,0.0,0.0037765936,-0.0010628807,1.0005548,0.023292901,0.002001809,2.0398826e-05,-0.0035998821,0.010511398,0.0053389072,-0.07047051,-0.031155247,-0.005499953,0.059625,0.03176651,1.0,,,,,,,,,,,,,,,,,,,,,,,,,,,,,,,,,,,,,,,,,,,,
160.0,-0.003057564648330693,0.06540153920650482,0.0005549192428588867,1.460707187652588,0.0,0.0038754137,-0.001053919,1.0005548,0.023716815,0.002150824,2.0165357e-05,-0.0034344196,0.010842085,0.005432844,0.039238565,0.07953194,0.022108654,0.06,0.031965878,1.0,,,,,,,,,,,,,,,,,,,,,,,,,,,,,,,,,,,,,,,,,,,,
161.0,-0.003059698880897686,0.0657312422990799,0.0005550384521484375,1.4582600593566895,0.0,0.003976056,-0.0010443642,1.0005549,0.02415417,0.0022931655,2.0099673e-05,-0.0037288666,0.010713816,0.0054068565,-0.07046999,-0.031166997,-0.0054854285,0.060375,0.032165233,1.0,,,,,,,,,,,,,,,,,,,,,,,,,,,,,,,,,,,,,,,,,,,,
162.0,-0.0030618302592502113,0.06605905294418335,0.0005551099893637002,1.4558006525039673,0.0,0.004078498,-0.0010341664,1.000555,0.02458612,0.0024474673,1.9760602e-05,-0.0035636425,0.011044264,0.005500555,0.039236985,0.07953138,0.022086665,0.06075,0.03236458,1.0,,,,,,,,,,,,,,,,,,,,,,,,,,,,,,,,,,,,,,,,,,,,
163.0,-0.0030639517332667196,0.06638497859239578,0.0005551576614379883,1.4533289670944214,0.0,0.0041827965,-0.0010233535,1.0005552,0.02503151,0.0025950945,1.9349945e-05,-0.003857851,0.010915995,0.0054745674,-0.07046946,-0.03117874,-0.005470903,0.061125,0.03256392,1.0,,,,,,,,,,,,,,,,,,,,,,,,,,,,,,,,,,,,,,,,,,,,
164.0,-0.0030660707889772817,0.06670895218849182,0.0005552768707275391,1.4508450031280518,0.0,0.0042889277,-0.0010118757,1.0005552,0.025471497,0.0027546817,1.9091356e-05,-0.003692627,0.011246443,0.0055685043,0.039235406,0.07953081,0.02206468,0.0615,0.032763254,1.0,,,,,,,,,,,,,,,,,,,,,,,,,,,,,,,,,,,,,,,,,,,,
165.0,-0.0030681793121337315,0.06703098118305206,0.0005553484079428017,1.4483492374420166,0.0,0.004396948,-0.0009997607,1.0005553,0.025924921,0.0029075954,1.9027868e-05,-0.0039868355,0.011118174,0.0055422783,-0.070468925,-0.031190477,-0.0054563773,0.061875,0.03296258,1.0,,,,,,,,,,,,,,,,,,,,,,,,,,,,,,,,,,,,,,,,,,,,
166.0,-0.0030702838975296192,0.06735103577375412,0.0005553960800170898,1.4458413124084473,0.0,0.0045068352,-0.0009869587,1.0005554,0.026372936,0.003072466,1.8687319e-05,-0.0038216114,0.011448622,0.005635977,0.039233822,0.07953025,0.022042701,0.06225,0.033161893,1.0,,,,,,,,,,,,,,,,,,,,,,,,,,,,,,,,,,,,,,,,,,,,
167.0,-0.003072385711168735,0.06766916066408157,0.0005555152893066406,1.4433214664459229,0.0,0.004618645,-0.00097349763,1.0005554,0.02683438,0.0032306619,1.827331e-05,-0.0041160583,0.011320114,0.005609989,-0.07046839,-0.031202206,-0.005441851,0.062625,0.0333612,1.0,,,,,,,,,,,,,,,,,,,,,,,,,,,,,,,,,,,,,,,,,,,,
168.0,-0.0030744821691624435,0.06798522174358368,0.0005555152893066406,1.4407893419265747,0.0,0.004732355,-0.00095932756,1.0005555,0.02729042,0.0034008166,1.838245e-05,-0.003950596,0.011650562,0.0057036877,0.03923224,0.07952968,0.022020726,0.063,0.0335605,1.0,,,,,,,,,,,,,,,,,,,,,,,,,,,,,,,,,,,,,,,,,,,,
169.0,-0.0030765692117702297,0.068299300968647,0.0005556344985961914,1.4382455348968506,0.0,0.0048480215,-0.00094447634,1.0005555,0.027759884,0.003564294,1.7861053e-05,-0.004245043,0.011522293,0.0056777,-0.070467845,-0.03121393,-0.0054273237,0.063375,0.03375979,1.0,,,,,,,,,,,,,,,,,,,,,,,,,,,,,,,,,,,,,,,,,,,,
170.0,-0.0030786525272789205,0.06861132383346558,0.0005557537078857422,1.4356895685195923,0.0,0.004965621,-0.00092889415,1.0005556,0.02822394,0.0037397293,1.7994917e-05,-0.0040795803,0.011852741,0.0057713985,0.039230656,0.079529114,0.021998756,0.06375,0.033959072,1.0,,,,,,,,,,,,,,,,,,,,,,,,,,,,,,,,,,,,,,,,,,,,
171.0,-0.003080724535425931,0.06892126798629761,0.0005557537078857422,1.4331215620040894,0.0,0.0050852103,-0.00091260875,1.0005558,0.028701413,0.0039084866,1.746587e-05,-0.0043740273,0.011724234,0.0057451725,-0.0704673,-0.031225644,-0.0054127965,0.064125,0.034158345,1.0,,,,,,,,,,,,,,,,,,,,,,,,,,,,,,,,,,,,,,,,,,,,
172.0,-0.0030827928746741395,0.06922920793294907,0.000555872917175293,1.4305413961410522,0.0,0.0052067665,-0.00089557044,1.0005558,0.029173473,0.0040891995,1.7233147e-05,-0.0042085648,0.012054682,0.005838871,0.039229065,0.07952854,0.02197679,0.0645,0.03435761,1.0,,,,,,,,,,,,,,,,,,,,,,,,,,,,,,,,,,,,,,,,,,,,
173.0,-0.003084849946571017,0.06953499466180801,0.000555872917175293,1.4279494285583496,0.0,0.0053303456,-0.000877807,1.0005559,0.02965896,0.004263237,1.7156186e-05,-0.0045030117,0.011926174,0.0058128834,-0.07046675,-0.031237353,-0.0053982683,0.064875,0.03455687,1.0,,,,,,,,,,,,,,,,,,,,,,,,,,,,,,,,,,,,,,,,,,,,
174.0,-0.0030869034114099875,0.06983870267868042,0.0005559921264648438,1.4253453016281128,0.0,0.0054559247,-0.00085926853,1.0005559,0.03013902,0.0044492264,1.6816886e-05,-0.004337549,0.012256622,0.0059063435,0.039227474,0.079527974,0.021954829,0.06525,0.034756117,1.0,,,,,,,,,,,,,,,,,,,,,,,,,,,,,,,,,,,,,,,,,,,,
175.0,-0.0030889459297293526,0.07014025747776031,0.0005560636636801064,1.422729253768921,0.0,0.00558356,-0.00083998294,1.000556,0.030632507,0.0046285414,1.6763093e-05,-0.004631996,0.012128115,0.0058801174,-0.0704662,-0.031249056,-0.0053837397,0.065625,0.034955356,1.0,,,,,,,,,,,,,,,,,,,,,,,,,,,,,,,,,,,,,,,,,,,,
176.0,-0.003090983348602926,0.0704396665096283,0.0005561113357543945,1.4201009273529053,0.0,0.005713229,-0.0008199004,1.0005561,0.031120565,0.004819806,1.6417876e-05,-0.0044665337,0.012458563,0.0059735775,0.039225884,0.0795274,0.021932872,0.066,0.035154585,1.0,,,,,,,,,,,,,,,,,,,,,,,,,,,,,,,,,,,,,,,,,,,,
177.0,-0.003093009053869859,0.07073690742254257,0.0005562305450439453,1.4174606800079346,0.0,0.005844988,-0.00079904875,1.0005561,0.03162204,0.005004395,1.5995725e-05,-0.0047609806,0.012330055,0.00594759,-0.07046564,-0.03126075,-0.0053692106,0.066375,0.03535381,1.0,,,,,,,,,,,,,,,,,,,,,,,,,,,,,,,,,,,,,,,,,,,,
178.0,-0.0030950301112854994,0.07103199511766434,0.0005562305450439453,1.4148082733154297,0.0,0.005978813,-0.0007773782,1.0005562,0.032118093,0.0052009355,1.6104375e-05,-0.004595518,0.012660503,0.00604105,0.03922429,0.07952683,0.02191092,0.06675,0.03555302,1.0,,,,,,,,,,,,,,,,,,,,,,,,,,,,,,,,,,,,,,,,,,,,
179.0,-0.003097040023864182,0.07132484018802643,0.0005563497543334961,1.4121438264846802,0.0,0.0061147613,-0.0007549165,1.0005562,0.032627553,0.005390797,1.5573867e-05,-0.004889965,0.012531757,0.0060150623,-0.07046508,-0.031272437,-0.0053546806,0.067125,0.035752226,1.0,,,,,,,,,,,,,,,,,,,,,,,,,,,,,,,,,,,,,,,,,,,,
180.0,-0.0030990441083310885,0.07161545753479004,0.0005563497543334961,1.4094672203063965,0.0,0.0062528094,-0.000731614,1.0005563,0.03313159,0.0055926098,1.5707466e-05,-0.0047245026,0.0128622055,0.006108284,0.039222695,0.07952625,0.021888973,0.0675,0.03595142,1.0,,,,,,,,,,,,,,,,,,,,,,,,,,,,,,,,,,,,,,,,,,,,
181.0,-0.0031010368840774945,0.07190386205911636,0.0005564689636230469,1.4067784547805786,0.0,0.006393014,-0.0007074984,1.0005563,0.03364903,0.0057877433,1.5169263e-05,-0.0050189495,0.012733698,0.0060822964,-0.070464514,-0.03128412,-0.0053401506,0.067875,0.036150604,1.0,,,,,,,,,,,,,,,,,,,,,,,,,,,,,,,,,,,,,,,,,,,,
182.0,-0.0031030246481596867,0.07219002395868301,0.0005564689636230469,1.404077410697937,0.0,0.0065353513,-0.00068252,1.0005565,0.034161042,0.0059948266,1.5304187e-05,-0.004853487,0.013063908,0.006175518,0.039221097,0.07952568,0.021867031,0.06825,0.036349785,1.0,,,,,,,,,,,,,,,,,,,,,,,,,,,,,,,,,,,,,,,,,,,,
183.0,-0.0031050001511611705,0.07247386872768402,0.0005565881729125977,1.4013643264770508,0.0,0.0066798786,-0.0006567065,1.0005565,0.034686457,0.00619523,1.476383e-05,-0.005147934,0.0129354,0.0061495304,-0.07046394,-0.031295795,-0.0053256196,0.068625,0.03654895,1.0,,,,,,,,,,,,,,,,,,,,,,,,,,,,,,,,,,,,,,,,,,,,
184.0,-0.003106969955372953,0.07275542616844177,0.0005565881729125977,1.3986388444900513,0.0,0.006826572,-0.00063000823,1.0005566,0.03520644,0.0064075817,1.489878e-05,-0.0049824715,0.013265848,0.006242752,0.0392195,0.0795251,0.021845095,0.069,0.03674811,1.0,,,,,,,,,,,,,,,,,,,,,,,,,,,,,,,,,,,,,,,,,,,,
185.0,-0.0031089276882966437,0.07303469628095627,0.0005567073822021484,1.395901083946228,0.0,0.006975488,-0.000602453,1.0005566,0.035739824,0.0066132536,1.43565785e-05,-0.0052769184,0.013137102,0.0062167645,-0.07046337,-0.031307463,-0.005311088,0.069375,0.036947258,1.0,,,,,,,,,,,,,,,,,,,,,,,,,,,,,,,,,,,,,,,,,,,,
186.0,-0.003110878884337525,0.07331161201000214,0.0005567073822021484,1.393151044845581,0.0,0.0071266037,-0.00057399104,1.0005567,0.036267772,0.0068308725,1.4491481e-05,-0.005111456,0.01346755,0.0063097477,0.039217897,0.079524525,0.02182316,0.06975,0.0371464,1.0,,,,,,,,,,,,,,,,,,,,,,,,,,,,,,,,,,,,,,,,,,,,
187.0,-0.0031128183961089575,0.07358621060848236,0.0005568265914916992,1.3903886079788208,0.0,0.007279975,-0.0005446502,1.0005567,0.036809117,0.007041811,1.39474505e-05,-0.005405903,0.013338804,0.00628376,-0.07046279,-0.031319123,-0.0052965567,0.070125,0.03734553,1.0,,,,,,,,,,,,,,,,,,,,,,,,,,,,,,,,,,,,,,,,,,,,
188.0,-0.003114751460030478,0.07385838031768799,0.0005568265914916992,1.3876135349273682,0.0,0.0074355793,-0.0005143806,1.0005568,0.03734502,0.007264695,1.4082304e-05,-0.005240202,0.013669252,0.0063767433,0.03921629,0.07952394,0.021801233,0.0705,0.037544653,1.0,,,,,,,,,,,,,,,,,,,,,,,,,,,,,,,,,,,,,,,,,,,,
189.0,-0.0031166718642139696,0.07412821799516678,0.00055694580078125,1.3848261833190918,0.0,0.007593472,-0.0004832102,1.0005568,0.03789432,0.0074808984,1.3536447e-05,-0.005534649,0.013540506,0.0063507557,-0.07046221,-0.031330775,-0.0052820244,0.070875,0.037743766,1.0,,,,,,,,,,,,,,,,,,,,,,,,,,,,,,,,,,,,,,,,,,,,
190.0,-0.003118586314522355,0.07439562678337097,0.00055694580078125,1.3820264339447021,0.0,0.007753631,-0.00045108917,1.000557,0.038438175,0.007709046,1.3671249e-05,-0.0053691864,0.013870716,0.006443739,0.039214686,0.07952336,0.021779308,0.07125,0.037942868,1.0,,,,,,,,,,,,,,,,,,,,,,,,,,,,,,,,,,,,,,,,,,,,
191.0,-0.0031204876735260716,0.07466061413288116,0.0005570650100708008,1.3792136907577515,0.0,0.007916112,-0.00041804535,1.000557,0.038995422,0.007930513,1.31235665e-05,-0.0056636333,0.01374197,0.0064177513,-0.07046162,-0.031342424,-0.005267491,0.071625,0.038141962,1.0,,,,,,,,,,,,,,,,,,,,,,,,,,,,,,,,,,,,,,,,,,,,
192.0,-0.003122382290700247,0.07492318004369736,0.0005570650100708008,1.376388430595398,0.0,0.008080892,-0.00038402903,1.0005571,0.039547224,0.008163922,1.3258319e-05,-0.005498171,0.014072418,0.0065107346,0.039213076,0.07952278,0.02175739,0.072,0.038341045,1.0,,,,,,,,,,,,,,,,,,,,,,,,,,,,,,,,,,,,,,,,,,,,
193.0,-0.003124263612882961,0.07518329471349716,0.0005571842193603516,1.373550534248352,0.0,0.008248027,-0.000349068,1.0005571,0.040112413,0.008390649,1.2708811e-05,-0.005792618,0.013943672,0.006484747,-0.070461035,-0.031354062,-0.005252958,0.072375,0.038540117,1.0,,,,,,,,,,,,,,,,,,,,,,,,,,,,,,,,,,,,,,,,,,,,
194.0,-0.0031261380431739363,0.0754408985376358,0.0005571842193603516,1.3706998825073242,0.0,0.008417495,-0.00031311248,1.0005572,0.04067215,0.008629318,1.2843513e-05,-0.005626917,0.014273882,0.00657773,0.039211467,0.0795222,0.021735476,0.07275,0.038739182,1.0,,,,,,,,,,,,,,,,,,,,,,,,,,,,,,,,,,,,,,,,,,,,
195.0,-0.0031279990738034016,0.07569600641727448,0.0005572557565756142,1.367836356163025,0.0,0.00858935,-0.00027619037,1.0005572,0.041245274,0.008861306,1.2292181e-05,-0.005921364,0.014145136,0.0065517426,-0.07046044,-0.031365696,-0.005238424,0.073125,0.03893824,1.0,,,,,,,,,,,,,,,,,,,,,,,,,,,,,,,,,,,,,,,,,,,,
196.0,-0.0031298536185205305,0.07594864815473557,0.0005573034286499023,1.3649603128433228,0.0,0.00876357,-0.00023825192,1.0005573,0.04181294,0.0091052335,1.2426833e-05,-0.0057559013,0.014475346,0.0066444874,0.039209858,0.07952161,0.021713566,0.0735,0.039137285,1.0,,,,,,,,,,,,,,,,,,,,,,,,,,,,,,,,,,,,,,,,,,,,
197.0,-0.003131694067805402,0.07619871199131012,0.0005573511007241905,1.3620710372924805,0.0,0.008940212,-0.00019932492,1.0005573,0.042393997,0.009342478,1.1873679e-05,-0.0060503483,0.0143466,0.0066184998,-0.07045984,-0.031377323,-0.0052238894,0.073875,0.03933632,1.0,,,,,,,,,,,,,,,,,,,,,,,,,,,,,,,,,,,,,,,,,,,,
198.0,-0.003133526823024654,0.07644625008106232,0.0005574226379394531,1.3591687679290771,0.0,0.009119252,-0.00015935967,1.0005573,0.042969592,0.009591661,1.200828e-05,-0.005884886,0.014676809,0.0067112446,0.03920824,0.07952102,0.021691661,0.07425,0.039535344,1.0,,,,,,,,,,,,,,,,,,,,,,,,,,,,,,,,,,,,,,,,,,,,
199.0,-0.00313534611913011,0.07669121026992798,0.0005574226379394531,1.3562535047531128,0.0,0.009300746,-0.00011838398,1.0005574,0.04355857,0.009834165,1.18211865e-05,-0.0061793327,0.014548063,0.006685257,-0.07045924,-0.031388942,-0.0052093547,0.074625,0.03973436,1.0,,,,,,,,,,,,,,,,,,,,,,,,,,,,,,,,,,,,,,,,,,,,
200.0,-0.0031371582206358934,0.07693358510732651,0.0005574941751547158,1.3533252477645874,0.0,0.009484671,-7.6348144e-05,1.0005574,0.04414208,0.0100886,1.1501538e-05,-0.006013632,0.014878273,0.006778002,0.039206628,0.07952044,0.02166976,0.075,0.039933365,1.0,,,,,,,,,,,,,,,,,,,,,,,,,,,,,,,,,,,,,,,,,,,,
201.0,-0.0031389552436151187,0.0771733745932579,0.0005575418472290039,1.3503838777542114,0.0,0.009671084,-3.3279986e-05,1.0005575,0.044738974,0.010336358,1.141919e-05,-0.0063080788,0.014749289,0.006752014,-0.07045863,-0.031400554,-0.005194819,0.075375,0.040132362,1.0,,,,,,,,,,,,,,,,,,,,,,,,,,,,,,,,,,,,,,,,,,,,
202.0,-0.003140745702211644,0.07741055637598038,0.000557589519303292,1.3474292755126953,0.0,0.0098599605,1.0870202e-05,1.0005575,0.045330394,0.010596045,1.1074491e-05,-0.0061426163,0.015079498,0.006844759,0.039205007,0.07951985,0.021647865,0.07575,0.04033135,1.0,,,,,,,,,,,,,,,,,,,,,,,,,,,,,,,,,,,,,,,,,,,,
203.0,-0.0031425209370832896,0.07764505594968796,0.0005576610565185547,1.3444615602493286,0.0,0.010051358,5.60746e-05,1.0005575,0.0459352,0.010849056,1.0996186e-05,-0.006437063,0.014950752,0.0068187714,-0.07045802,-0.031412162,-0.005180283,0.076125,0.040530324,1.0,,,,,,,,,,,,,,,,,,,,,,,,,,,,,,,,,,,,,,,,,,,,
204.0,-0.003144288408935562,0.07787693291902542,0.0005576610565185547,1.3414801359176636,0.0,0.010245251,0.00010238292,1.0005577,0.046534527,0.011113997,1.1017945e-05,-0.0062713623,0.015280962,0.006911278,0.03920339,0.07951926,0.021625973,0.0765,0.040729288,1.0,,,,,,,,,,,,,,,,,,,,,,,,,,,,,,,,,,,,,,,,,,,,
205.0,-0.0031460404815963775,0.0781061202287674,0.0005577087285928428,1.338485598564148,0.0,0.010441698,0.00014976731,1.0005577,0.04714723,0.011372254,1.0483946e-05,-0.0065658092,0.015151978,0.00688529,-0.07045741,-0.03142376,-0.0051657464,0.076875,0.040928245,1.0,,,,,,,,,,,,,,,,,,,,,,,,,,,,,,,,,,,,,,,,,,,,
206.0,-0.0031477852896009137,0.07833259552717209,0.0005577802658081055,1.3354772329330444,0.0,0.010640674,0.0001982775,1.0005577,0.04775446,0.011642445,1.0612145e-05,-0.0064003468,0.015482187,0.0069777966,0.039201766,0.07951867,0.021604085,0.07725,0.04112719,1.0,,,,,,,,,,,,,,,,,,,,,,,,,,,,,,,,,,,,,,,,,,,,
207.0,-0.003149514607976106,0.07855639606714249,0.0005577802658081055,1.3324553966522217,0.0,0.010842238,0.00024788562,1.0005578,0.048375063,0.011905953,1.041922e-05,-0.0066947937,0.015353203,0.006951809,-0.07045679,-0.03143535,-0.0051512094,0.077625,0.041326124,1.0,,,,,,,,,,,,,,,,,,,,,,,,,,,,,,,,,,,,,,,,,,,,
208.0,-0.0031512359704520356,0.07877744734287262,0.0005578518030233681,1.3294200897216797,0.0,0.011046363,0.00029864142,1.0005578,0.048990175,0.012181387,1.0099044e-05,-0.006529093,0.015683413,0.0070443153,0.039200146,0.07951808,0.021582205,0.078,0.04152505,1.0,,,,,,,,,,,,,,,,,,,,,,,,,,,,,,,,,,,,,,,,,,,,
209.0,-0.003152952975963903,0.07899576425552368,0.0005578994750976562,1.326371192932129,0.0,0.011253107,0.00035051702,1.0005579,0.04961867,0.012450143,1.0009484e-05,-0.0068235397,0.015554428,0.0070183277,-0.07045616,-0.031446937,-0.005136672,0.078375,0.041723963,1.0,,,,,,,,,,,,,,,,,,,,,,,,,,,,,,,,,,,,,,,,,,,,
210.0,-0.0031546646977621633,0.07921130210161209,0.0005578994750976562,1.3233083486557007,0.0,0.011462448,0.0004035621,1.0005579,0.050241664,0.012730822,9.664583e-06,-0.006657839,0.015884638,0.007110834,0.039198518,0.07951748,0.021560326,0.07875,0.041922867,1.0,,,,,,,,,,,,,,,,,,,,,,,,,,,,,,,,,,,,,,,,,,,,
211.0,-0.003156360763671911,0.07942409813404083,0.0005579710123129189,1.3202319145202637,0.0,0.01167444,0.00045774886,1.0005579,0.05087804,0.013004823,9.578991e-06,-0.006952524,0.015755653,0.0070848465,-0.070455536,-0.031458516,-0.005122134,0.079125,0.04212176,1.0,,,,,,,,,,,,,,,,,,,,,,,,,,,,,,,,,,,,,,,,,,,,
212.0,-0.0031580486932332444,0.07963405549526215,0.000558018684387207,1.3171415328979492,0.0,0.01188906,0.00051312696,1.000558,0.051508922,0.013290748,9.600562e-06,-0.0067868233,0.016085863,0.0071771145,0.03919689,0.07951689,0.021538455,0.0795,0.042320643,1.0,,,,,,,,,,,,,,,,,,,,,,,,,,,,,,,,,,,,,,,,,,,,
213.0,-0.003159720569839964,0.07984121888875961,0.000558018684387207,1.314037799835205,0.0,0.0121063655,0.0005696686,1.000558,0.05215317,0.013569988,9.059289e-06,-0.00708127,0.015956879,0.007151127,-0.07045491,-0.031470086,-0.005107595,0.079875,0.042519517,1.0,,,,,,,,,,,,,,,,,,,,,,,,,,,,,,,,,,,,,,,,,,,,
214.0,-0.0031613852835892754,0.08004550635814667,0.0005580902216024697,1.3109195232391357,0.0,0.012326332,0.0006274234,1.000558,0.052791923,0.013861156,9.187289e-06,-0.0069155693,0.01628685,0.007243395,0.039195262,0.07951629,0.021516586,0.08025,0.042718377,1.0,,,,,,,,,,,,,,,,,,,,,,,,,,,,,,,,,,,,,,,,,,,,
215.0,-0.0031630339405106524,0.08024699240922928,0.0005581378936767578,1.3077876567840576,0.0,0.012549015,0.00068636355,1.0005581,0.053444043,0.01414564,8.987094e-06,-0.0072100163,0.016157866,0.007217407,-0.07045427,-0.031481653,-0.0050930562,0.080625,0.04291723,1.0,,,,,,,,,,,,,,,,,,,,,,,,,,,,,,,,,,,,,,,,,,,,
216.0,-0.003164673583021085,0.08044556528329849,0.0005581378936767578,1.3046417236328125,0.0,0.012774393,0.00074653875,1.0005581,0.054090653,0.014442042,8.66673e-06,-0.0070443153,0.016488075,0.007309675,0.03919363,0.079515696,0.021494722,0.081,0.043116067,1.0,,,,,,,,,,,,,,,,,,,,,,,,,,,,,,,,,,,,,,,,,,,,
217.0,-0.003166297745009503,0.0806412622332573,0.0005581855657510459,1.3014816045761108,0.0,0.01300252,0.0008079211,1.0005581,0.054750636,0.014731766,8.569891e-06,-0.0073390007,0.016358852,0.0072836876,-0.07045364,-0.03149321,-0.005078517,0.081375,0.043314897,1.0,,,,,,,,,,,,,,,,,,,,,,,,,,,,,,,,,,,,,,,,,,,,
218.0,-0.003167913521916632,0.08083407580852509,0.0005582571029663086,1.2983074188232422,0.0,0.013233375,0.0008705603,1.0005581,0.055405114,0.015033409,8.592679e-06,-0.0071730614,0.016689062,0.0073759556,0.039191995,0.07951509,0.021472864,0.08175,0.043513715,1.0,,,,,,,,,,,,,,,,,,,,,,,,,,,,,,,,,,,,,,,,,,,,
219.0,-0.003169512473315111,0.08102394640445709,0.0005582571029663086,1.2951191663742065,0.0,0.013467012,0.00093442854,1.0005583,0.05607295,0.015328369,8.413512e-06,-0.0074677467,0.01655984,0.007349968,-0.07045299,-0.03150476,-0.0050639766,0.082125,0.043712523,1.0,,,,,,,,,,,,,,,,,,,,,,,,,,,,,,,,,,,,,,,,,,,,
220.0,-0.0031711032719668997,0.0812109112739563,0.0005583047750405967,1.291916847229004,0.0,0.01370341,0.0009995754,1.0005583,0.05673527,0.015635245,8.0872705e-06,-0.007302046,0.016890049,0.0074419975,0.03919036,0.079514496,0.02145101,0.0825,0.04391132,1.0,,,,,,,,,,,,,,,,,,,,,,,,,,,,,,,,,,,,,,,,,,,,
221.0,-0.0031723904877802946,0.08139486610889435,0.0005583286401815712,1.2887003421783447,0.0,0.013942622,0.0010659731,1.0005583,0.05741096,0.01593544,7.988154e-06,-0.007596493,0.016760826,0.00741601,-0.07045235,-0.031516306,-0.005049436,0.082875,0.044110104,1.0,,,,,,,,,,,,,,,,,,,,,,,,,,,,,,,,,,,,,,,,,,,,
222.0,-0.003173667988651368,0.08157588541507721,0.0005583763122558594,1.2854697704315186,0.0,0.014184626,0.0011336711,1.0005584,0.058081128,0.016247552,8.01053e-06,-0.007430792,0.017091036,0.007508278,0.039188724,0.07951389,0.02142916,0.08325,0.044308882,1.0,,,,,,,,,,,,,,,,,,,,,,,,,,,,,,,,,,,,,,,,,,,,
223.0,-0.003174929016162822,0.08175396174192429,0.0005583763122558594,1.2822250127792358,0.0,0.014429479,0.0012026419,1.0005584,0.05876465,0.016552977,7.4599416e-06,-0.007725239,0.016961813,0.0074822903,-0.07045169,-0.031527843,-0.005034895,0.083625,0.044507645,1.0,,,,,,,,,,,,,,,,,,,,,,,,,,,,,,,,,,,,,,,,,,,,
224.0,-0.0031761797041687627,0.081929050385952,0.0005584239843301475,1.278965950012207,0.0,0.014677157,0.001272935,1.0005584,0.059442658,0.016870322,7.5877497e-06,-0.007559538,0.017291784,0.00757432,0.039187085,0.07951329,0.021407316,0.084,0.044706397,1.0,,,,,,,,,,,,,,,,,,,,,,,,,,,,,,,,,,,,,,,,,,,,
225.0,-0.0031774138276487395,0.08210118114948273,0.0005584955215454102,1.2756927013397217,0.0,0.014927715,0.0013445223,1.0005584,0.06013402,0.017180981,7.3784718e-06,-0.007853985,0.017162561,0.007548332,-0.070451036,-0.031539373,-0.0050203535,0.084375,0.044905137,1.0,,,,,,,,,,,,,,,,,,,,,,,,,,,,,,,,,,,,,,,,,,,,
226.0,-0.003178638050463663,0.08227034658193588,0.0005584955215454102,1.2724053859710693,0.0,0.015181132,0.0014174539,1.0005585,0.06081986,0.017503554,7.4257437e-06,-0.007688284,0.017492771,0.0076401234,0.039185442,0.079512686,0.021385474,0.08475,0.045103867,1.0,,,,,,,,,,,,,,,,,,,,,,,,,,,,,,,,,,,,,,,,,,,,
227.0,-0.0031796270263540678,0.08243656158447266,0.0005584955215454102,1.2691041231155396,0.0,0.0154374605,0.0014917015,1.0005585,0.061519045,0.01781944,6.8656714e-06,-0.007982969,0.017363548,0.0076141357,-0.07045038,-0.0315509,-0.0050058113,0.085125,0.04530259,1.0,,,,,,,,,,,,,,,,,,,,,,,,,,,,,,,,,,,,,,,,,,,,
228.0,-0.0031806054996739684,0.08259980380535126,0.0005585431936196983,1.2657890319824219,0.0,0.01569668,0.001567315,1.0005585,0.06221271,0.018147241,6.994754e-06,-0.00781703,0.017544746,0.0077073574,0.0394609,0.043770906,0.021648927,0.0855,0.045501295,1.0,,,,,,,,,,,,,,,,,,,,,,,,,,,,,,,,,,,,,,,,,,,,
229.0,-0.0031815665245990927,0.08276014029979706,0.0005586147308349609,1.262459635734558,0.0,0.01595882,0.0016442663,1.0005585,0.062913634,0.01846831,6.888801e-06,-0.008111477,0.017266512,0.007682562,-0.070165396,-0.06729528,-0.0047224243,0.085875,0.04569999,1.0,,,,,,,,,,,,,,,,,,,,,,,,,,,,,,,,,,,,,,,,,,,,
230.0,-0.003182516740019912,0.08291749656200409,0.0005586147308349609,1.259116530418396,0.0,0.016223833,0.0017226047,1.0005586,0.06360294,0.01880124,7.0156657e-06,-0.007945776,0.01744771,0.007775545,0.03945774,0.0437871,0.021643529,0.08625,0.045898676,1.0,,,,,,,,,,,,,,,,,,,,,,,,,,,,,,,,,,,,,,,,,,,,
231.0,-0.0031834495085223914,0.08307196944952011,0.0005586147308349609,1.2557594776153564,0.0,0.016491747,0.0018023024,1.0005586,0.064299494,0.019127434,6.543921e-06,-0.008240223,0.017169476,0.0077507496,-0.07015815,-0.067290194,-0.004724349,0.086625,0.04609735,1.0,,,,,,,,,,,,,,,,,,,,,,,,,,,,,,,,,,,,,,,,,,,,
232.0,-0.0031843720856576004,0.08322351425886154,0.0005587100749835372,1.2523887157440186,0.0,0.016762516,0.0018834086,1.0005586,0.06498445,0.019465491,6.7539095e-06,-0.008074522,0.017350674,0.007843733,0.039454576,0.043803282,0.021638127,0.087,0.04629601,1.0,,,,,,,,,,,,,,,,,,,,,,,,,,,,,,,,,,,,,,,,,,,,
233.0,-0.0031852771920234607,0.08337220549583435,0.0005587100749835372,1.2490042448043823,0.0,0.017036168,0.0019658953,1.0005586,0.06567667,0.019796813,6.6320795e-06,-0.008368969,0.017072678,0.007819176,-0.070150904,-0.067285106,-0.0047262684,0.087375,0.04649466,1.0,,,,,,,,,,,,,,,,,,,,,,,,,,,,,,,,,,,,,,,,,,,,
234.0,-0.003186171452642815,0.08351796865463257,0.0005587339401245117,1.2456059455871582,0.0,0.017312657,0.0020498119,1.0005586,0.06635726,0.020139992,6.757315e-06,-0.00820303,0.017254114,0.007912159,0.039451413,0.04381946,0.021632722,0.08775,0.0466933,1.0,,,,,,,,,,,,,,,,,,,,,,,,,,,,,,,,,,,,,,,,,,,,
235.0,-0.0031870484928562246,0.08366087824106216,0.0005587339401245117,1.2421939373016357,0.0,0.017592011,0.0021351303,1.0005587,0.06704513,0.020476434,6.656915e-06,-0.008497715,0.01697588,0.007887363,-0.07014366,-0.067280024,-0.004728182,0.088125,0.046891924,1.0,,,,,,,,,,,,,,,,,,,,,,,,,,,,,,,,,,,,,,,,,,,,
236.0,-0.00318791513571758,0.08380091190338135,0.000558829284273088,1.238768458366394,0.0,0.017874185,0.0022219003,1.0005587,0.06772138,0.020824729,6.406587e-06,-0.008331776,0.017157316,0.007980347,0.03944825,0.043835633,0.02162731,0.0885,0.04709054,1.0,,,,,,,,,,,,,,,,,,,,,,,,,,,,,,,,,,,,,,,,,,,,
237.0,-0.0031887646253324596,0.08393813669681549,0.000558829284273088,1.2353297472000122,0.0,0.018159205,0.002310093,1.0005587,0.068404905,0.02116629,6.3958314e-06,-0.008626223,0.01687932,0.007955551,-0.07013643,-0.06727494,-0.00473009,0.088875,0.047289144,1.0,,,,,,,,,,,,,,,,,,,,,,,,,,,,,,,,,,,,,,,,,,,,
238.0,-0.0031896029753538417,0.08407247811555862,0.0005588531494140625,1.2318774461746216,0.0,0.018447025,0.0023997584,1.0005587,0.06907682,0.021519702,6.489667e-06,-0.008460522,0.017060757,0.008048534,0.039445087,0.043851797,0.021621894,0.08925,0.047487736,1.0,,,,,,,,,,,,,,,,,,,,,,,,,,,,,,,,,,,,,,,,,,,,
239.0,-0.0031904240183087164,0.08420398086309433,0.0005588531494140625,1.2284115552902222,0.0,0.018737676,0.0024908683,1.0005589,0.069756,0.021866376,6.3997313e-06,-0.008754969,0.01678276,0.008023739,-0.07012919,-0.06726987,-0.0047319927,0.089625,0.047686316,1.0,,,,,,,,,,,,,,,,,,,,,,,,,,,,,,,,,,,,,,,,,,,,
240.0,-0.003191234811753913,0.08433269709348679,0.0005589484935626388,1.2249325513839722,0.0,0.019031106,0.002583472,1.0005589,0.07042357,0.022224896,6.141606e-06,-0.008589029,0.016964197,0.008116484,0.03944193,0.043867953,0.021616474,0.09,0.04788488,1.0,,,,,,,,,,,,,,,,,,,,,,,,,,,,,,,,,,,,,,,,,,,,
241.0,-0.0031920273657837237,0.0844586044549942,0.0005589484935626388,1.2214404344558716,0.0,0.01932735,0.0026775417,1.0005589,0.071098424,0.02257668,6.1357787e-06,-0.008883715,0.01668644,0.008091927,-0.07012197,-0.067264795,-0.00473389,0.090375,0.04808344,1.0,,,,,,,,,,,,,,,,,,,,,,,,,,,,,,,,,,,,,,,,,,,,
242.0,-0.0031928095263400054,0.08458171784877777,0.0005589484935626388,1.2179350852966309,0.0,0.019626357,0.0027731261,1.0005589,0.07176167,0.022940312,6.2231184e-06,-0.008717775,0.016867876,0.008184671,0.039438765,0.043884102,0.021611048,0.09075,0.048281983,1.0,,,,,,,,,,,,,,,,,,,,,,,,,,,,,,,,,,,,,,,,,,,,
243.0,-0.0031935747516327662,0.0847020372748375,0.0005590200307779014,1.2144169807434082,0.0,0.019928157,0.0028701979,1.0005589,0.07243219,0.023297202,6.1378046e-06,-0.009012222,0.016590118,0.008160114,-0.07011475,-0.06725972,-0.0047357813,0.091125,0.048480514,1.0,,,,,,,,,,,,,,,,,,,,,,,,,,,,,,,,,,,,,,,,,,,,
244.0,-0.003194329556118443,0.08481959998607635,0.0005590677028521895,1.210885763168335,0.0,0.020232704,0.002968806,1.000559,0.073091105,0.023665939,6.2411223e-06,-0.008846283,0.016771555,0.008252859,0.039435603,0.043900244,0.021605618,0.0915,0.048679035,1.0,,,,,,,,,,,,,,,,,,,,,,,,,,,,,,,,,,,,,,,,,,,,
245.0,-0.0031950665836821754,0.08493439853191376,0.0005590677028521895,1.2073416709899902,0.0,0.020540025,0.0030689223,1.000559,0.0737573,0.024027927,5.7857446e-06,-0.009140968,0.016493797,0.008228302,-0.070107535,-0.06725465,-0.004737667,0.091875,0.04887754,1.0,,,,,,,,,,,,,,,,,,,,,,,,,,,,,,,,,,,,,,,,,,,,
246.0,-0.0031957927245011863,0.0850464329123497,0.0005590677028521895,1.2037851810455322,0.0,0.020850075,0.0031705964,1.000559,0.07441189,0.024401763,5.9732038e-06,-0.008975029,0.016675472,0.008321047,0.039432444,0.04391638,0.021600183,0.09225,0.049076036,1.0,,,,,,,,,,,,,,,,,,,,,,,,,,,,,,,,,,,,,,,,,,,,
247.0,-0.003196501849781915,0.08515572547912598,0.0005591392400674522,1.2002161741256714,0.0,0.021162882,0.0032738,1.000559,0.075073764,0.024768855,5.8675005e-06,-0.009269476,0.016397715,0.00829649,-0.07010032,-0.06724958,-0.004739547,0.092625,0.04927452,1.0,,,,,,,,,,,,,,,,,,,,,,,,,,,,,,,,,,,,,,,,,,,,
248.0,-0.003355714996420508,0.08526231348514557,0.0005591392400674522,1.1966345310211182,0.0,0.0214784,0.0033785824,1.0005591,0.075724036,0.025147786,5.9702725e-06,-0.009103537,0.01657939,0.008388996,0.03942928,0.043932505,0.021594744,0.093,0.049472988,1.0,,,,,,,,,,,,,,,,,,,,,,,,,,,,,,,,,,,,,,,,,,,,
249.0,-0.003356616645592874,0.0853661447763443,0.0005591869121417403,1.193040370941162,0.0,0.021796657,0.0034849155,1.0005591,0.07638159,0.02551997,5.5181176e-06,-0.009397984,0.016301632,0.008364439,-0.07009312,-0.067244515,-0.004741422,0.093375,0.04967145,1.0,,,,,,,,,,,,,,,,,,,,,,,,,,,,,,,,,,,,,,,,,,,,
250.0,-0.003357501191112887,0.08546727895736694,0.0005592346424236894,1.1894344091415405,0.0,0.022117604,0.0035928488,1.0005591,0.077027544,0.025903996,5.699496e-06,-0.009232283,0.016483307,0.008457184,0.03942612,0.043948624,0.021589302,0.09375,0.049869895,1.0,,,,,,,,,,,,,,,,,,,,,,,,,,,,,,,,,,,,,,,,,,,,
251.0,-0.003358362854598361,0.08556575328111649,0.0005592346424236894,1.1858159303665161,0.0,0.022441274,0.0037023542,1.0005591,0.0776808,0.026281275,5.5983132e-06,-0.00952673,0.01620555,0.008432627,-0.07008591,-0.06723945,-0.004743291,0.094125,0.050068326,1.0,,,,,,,,,,,,,,,,,,,,,,,,,,,,,,,,,,,,,,,,,,,,
252.0,-0.0033592071049362094,0.08566148579120636,0.000559258449357003,1.182185411453247,0.0,0.022767618,0.0038134807,1.0005591,0.07832244,0.026670387,5.694703e-06,-0.00936079,0.016387463,0.008525133,0.039422963,0.04396474,0.021583851,0.0945,0.050266746,1.0,,,,,,,,,,,,,,,,,,,,,,,,,,,,,,,,,,,,,,,,,,,,
253.0,-0.0033600290333285717,0.08575458824634552,0.000559258449357003,1.1785430908203125,0.0,0.023096666,0.003926201,1.0005592,0.07897138,0.027052755,5.615004e-06,-0.009655237,0.016109705,0.008500576,-0.07007872,-0.06723438,-0.0047451546,0.094875,0.050465155,1.0,,,,,,,,,,,,,,,,,,,,,,,,,,,,,,,,,,,,,,,,,,,,
254.0,-0.0033608339378046075,0.085844986140728,0.0005593538517132401,1.1748888492584229,0.0,0.023428367,0.004040563,1.0005592,0.079608716,0.02744695,5.33583e-06,-0.009489298,0.016291618,0.008593321,0.0394198,0.043980844,0.0215784,0.09525,0.05066355,1.0,,,,,,,,,,,,,,,,,,,,,,,,,,,,,,,,,,,,,,,,,,,,
255.0,-0.0033616159683610273,0.08593274652957916,0.0005593538517132401,1.1712230443954468,0.0,0.023762757,0.0041565397,1.0005592,0.080253355,0.0278344,5.345775e-06,-0.009783745,0.0160141,0.008568764,-0.07007153,-0.06722932,-0.0047470126,0.095625,0.050861932,1.0,,,,,,,,,,,,,,,,,,,,,,,,,,,,,,,,,,,,,,,,,,,,
256.0,-0.0033623803802434607,0.08601788431406021,0.0005593538517132401,1.1675456762313843,0.0,0.024099784,0.0042741797,1.0005592,0.080886394,0.02823368,5.4107813e-06,-0.009618044,0.016196012,0.00866127,0.03941664,0.043996945,0.021572942,0.096,0.051060304,1.0,,,,,,,,,,,,,,,,,,,,,,,,,,,,,,,,,,,,,,,,,,,,
257.0,-0.003363122139158078,0.08610036224126816,0.0005593538517132401,1.1638569831848145,0.0,0.024439478,0.0043934556,1.0005592,0.08152673,0.028626211,5.341537e-06,-0.009912252,0.015918255,0.008636713,-0.07006434,-0.06722427,-0.004748865,0.096375,0.05125866,1.0,,,,,,,,,,,,,,,,,,,,,,,,,,,,,,,,,,,,,,,,,,,,
258.0,-0.0033638470288885882,0.08618022501468658,0.0005594253307208419,1.1601567268371582,0.0,0.024781793,0.0045144167,1.0005592,0.08215547,0.029030569,5.4224633e-06,-0.0097465515,0.016100407,0.008729219,0.039413482,0.044013035,0.021567479,0.09675,0.051457006,1.0,,,,,,,,,,,,,,,,,,,,,,,,,,,,,,,,,,,,,,,,,,,,
259.0,-0.0033645494784565167,0.08625747263431549,0.0005594730610027909,1.1564453840255737,0.0,0.025126757,0.0046370337,1.0005593,0.082791515,0.029428177,5.3510303e-06,-0.010040998,0.015822649,0.008704901,-0.07005717,-0.06721921,-0.004750712,0.097125,0.051655337,1.0,,,,,,,,,,,,,,,,,,,,,,,,,,,,,,,,,,,,,,,,,,,,
260.0,-0.0033652342046934848,0.08633209764957428,0.0005594730610027909,1.1527231931686401,0.0,0.025474325,0.0047613573,1.0005593,0.08341596,0.029837605,5.061951e-06,-0.009875059,0.0160048,0.008797169,0.039409894,0.044028845,0.021534916,0.0975,0.051853657,1.0,,,,,,,,,,,,,,,,,,,,,,,,,,,,,,,,,,,,,,,,,,,,
261.0,-0.0033658970679745688,0.08640416711568832,0.0005594730610027909,1.1489897966384888,0.0,0.025824523,0.0048873583,1.0005593,0.08404771,0.030240286,5.078859e-06,-0.010169506,0.015727282,0.008772612,-0.070050426,-0.06721443,-0.004779643,0.097875,0.05205196,1.0,,,,,,,,,,,,,,,,,,,,,,,,,,,,,,,,,,,,,,,,,,,,
262.0,-0.0033665415247064907,0.08647362142801285,0.0005595207330770791,1.1452456712722778,0.0,0.026177306,0.005015087,1.0005593,0.08466788,0.03065479,5.1342704e-06,-0.010003567,0.015909433,0.00886488,0.039406747,0.04404491,0.021529457,0.09825,0.052250255,1.0,,,,,,,,,,,,,,,,,,,,,,,,,,,,,,,,,,,,,,,,,,,,
263.0,-0.003367164549591445,0.08654051274061203,0.0005595445400103927,1.1414909362792969,0.0,0.026532702,0.005144514,1.0005593,0.08529535,0.031062538,5.0719136e-06,-0.010298014,0.015631914,0.0088403225,-0.070043266,-0.06720936,-0.0047814664,0.098625,0.052448537,1.0,,,,,,,,,,,,,,,,,,,,,,,,,,,,,,,,,,,,,,,,,,,,
264.0,-0.0033677702339409616,0.08660484850406647,0.0005595922702923417,1.137725591659546,0.0,0.026890667,0.0052756895,1.0005594,0.08591122,0.031482108,5.1432685e-06,-0.010132074,0.015814066,0.008930445,0.03939536,0.04405544,0.020993868,0.099,0.0526468,1.0,,,,,,,,,,,,,,,,,,,,,,,,,,,,,,,,,,,,,,,,,,,,
265.0,-0.0033683536266954466,0.08666663616895676,0.0005596399423666298,1.1339497566223145,0.0,0.027251227,0.005408585,1.0005594,0.08653441,0.03189492,4.7108515e-06,-0.010426521,0.015536547,0.008903742,-0.07004451,-0.06720966,-0.0053132907,0.099375,0.052845057,1.0,,,,,,,,,,,,,,,,,,,,,,,,,,,,,,,,,,,,,,,,,,,,
266.0,-0.003368919278365598,0.0867258757352829,0.0005596399423666298,1.1301637887954712,0.0,0.027614335,0.0055432497,1.0005594,0.08714601,0.032319553,4.866365e-06,-0.01026082,0.015718699,0.008993626,0.039392415,0.044071317,0.020988636,0.09975,0.053043295,1.0,,,,,,,,,,,,,,,,,,,,,,,,,,,,,,,,,,,,,,,,,,,,
267.0,-0.0033694628917828617,0.08678257465362549,0.0005596399423666298,1.126367449760437,0.0,0.027980022,0.005679656,1.0005594,0.087764926,0.032737426,4.783617e-06,-0.010555029,0.015441418,0.008966923,-0.070037656,-0.0672043,-0.0053148624,0.100125,0.053241525,1.0,,,,,,,,,,,,,,,,,,,,,,,,,,,,,,,,,,,,,,,,,,,,
268.0,-0.0033702700581622414,0.08683677017688751,0.0005596399423666298,1.1225612163543701,0.0,0.02834824,0.005817852,1.0005594,0.088372245,0.03316712,4.854457e-06,-0.010389328,0.0156235695,0.009057045,0.039389472,0.044087186,0.020983402,0.1005,0.053439736,1.0,,,,,,,,,,,,,,,,,,,,,,,,,,,,,,,,,,,,,,,,,,,,
269.0,-0.003371056676662422,0.0868884027004242,0.0005597114795818925,1.1187447309494019,0.0,0.02871902,0.0059578107,1.0005594,0.08898689,0.033590052,4.793116e-06,-0.0106835365,0.015346289,0.009030342,-0.0700308,-0.06719893,-0.005316429,0.100875,0.053637937,1.0,,,,,,,,,,,,,,,,,,,,,,,,,,,,,,,,,,,,,,,,,,,,
270.0,-0.0033718254593574372,0.0869375467300415,0.0005597591516561806,1.11491858959198,0.0,0.02909231,0.0060995803,1.0005596,0.089589946,0.0340248,4.8562874e-06,-0.010517836,0.0155284405,0.009120226,0.03938653,0.04410305,0.02097816,0.10125,0.053836126,1.0,,,,,,,,,,,,,,,,,,,,,,,,,,,,,,,,,,,,,,,,,,,,
271.0,-0.0033725730699458037,0.08698412030935287,0.0005597591516561806,1.1110824346542358,0.0,0.029468145,0.006243134,1.0005596,0.09020031,0.034452785,4.430425e-06,-0.010812283,0.01525116,0.009093523,-0.07002395,-0.06719357,-0.0053179897,0.101625,0.054034296,1.0,,,,,,,,,,,,,,,,,,,,,,,,,,,,,,,,,,,,,,,,,,,,
272.0,-0.0033733032002162843,0.08702816069126129,0.0005597591516561806,1.1072365045547485,0.0,0.029846475,0.0063885194,1.0005596,0.09079911,0.03489258,4.5764605e-06,-0.010646343,0.01543355,0.009183407,0.039383586,0.044118907,0.020972917,0.102,0.05423246,1.0,,,,,,,,,,,,,,,,,,,,,,,,,,,,,,,,,,,,,,,,,,,,
273.0,-0.0033740108148763047,0.08706961572170258,0.0005598068237304688,1.1033810377120972,0.0,0.03022733,0.00653571,1.0005596,0.09140522,0.03532562,4.500569e-06,-0.01094079,0.015156269,0.009156942,-0.0700171,-0.0671882,-0.005319545,0.102375,0.054430604,1.0,,,,,,,,,,,,,,,,,,,,,,,,,,,,,,,,,,,,,,,,,,,,
274.0,-0.0033747524648584824,0.0871085375547409,0.0005598068237304688,1.0995157957077026,0.0,0.030610662,0.006684753,1.0005596,0.09199975,0.03577047,4.5618654e-06,-0.010774851,0.015338659,0.009246826,0.039380647,0.044134755,0.020967666,0.10275,0.054628737,1.0,,,,,,,,,,,,,,,,,,,,,,,,,,,,,,,,,,,,,,,,,,,,
275.0,-0.003375556866655035,0.08714492619037628,0.0005598068237304688,1.0956408977508545,0.0,0.030996501,0.0068356222,1.0005596,0.092601605,0.036208555,4.5073953e-06,-0.011069298,0.0150613785,0.009220123,-0.07001026,-0.06718285,-0.005321095,0.103125,0.054826856,1.0,,,,,,,,,,,,,,,,,,,,,,,,,,,,,,,,,,,,,,,,,,,,
276.0,-0.003376347474897027,0.08717869222164154,0.0005598783609457314,1.0917565822601318,0.0,0.0313848,0.0069883657,1.0005596,0.09319188,0.036658444,4.5610245e-06,-0.010903358,0.015243769,0.009310007,0.039377704,0.0441506,0.020962412,0.1035,0.055024963,1.0,,,,,,,,,,,,,,,,,,,,,,,,,,,,,,,,,,,,,,,,,,,,
277.0,-0.0033771209006323542,0.08720990270376205,0.0005598783609457314,1.0878628492355347,0.0,0.03177559,0.0071429554,1.0005597,0.09378948,0.03710157,4.509897e-06,-0.011197805,0.014966726,0.009283304,-0.07000342,-0.0671775,-0.00532264,0.103875,0.055223055,1.0,,,,,,,,,,,,,,,,,,,,,,,,,,,,,,,,,,,,,,,,,,,,
278.0,-0.003377880695126724,0.08723852038383484,0.0005599260330200195,1.0839594602584839,0.0,0.03216882,0.007299441,1.0005597,0.0943755,0.0375565,4.192236e-06,-0.0110321045,0.0151491165,0.009373188,0.039374765,0.044166435,0.020957153,0.10425,0.055421133,1.0,,,,,,,,,,,,,,,,,,,,,,,,,,,,,,,,,,,,,,,,,,,,
279.0,-0.0033786226622060855,0.08726456016302109,0.0005599260330200195,1.0800467729568481,0.0,0.032564525,0.0074577937,1.0005597,0.09496885,0.038004667,4.229749e-06,-0.011326313,0.014872074,0.009346485,-0.069996595,-0.06717214,-0.0053241793,0.104625,0.055619195,1.0,,,,,,,,,,,,,,,,,,,,,,,,,,,,,,,,,,,,,,,,,,,,
280.0,-0.0033793516024264738,0.0872880294919014,0.0005599260330200195,1.0761247873306274,0.0,0.032962654,0.007618063,1.0005597,0.09555063,0.038464636,4.256522e-06,-0.011160374,0.015054464,0.009436369,0.039371822,0.044182263,0.02095189,0.105,0.055817246,1.0,,,,,,,,,,,,,,,,,,,,,,,,,,,,,,,,,,,,,,,,,,,,
281.0,-0.003380062521613761,0.087308868765831,0.0005599260330200195,1.0721936225891113,0.0,0.033363234,0.007780221,1.0005597,0.09613974,0.03891784,4.21478e-06,-0.011454821,0.014777422,0.009409666,-0.06998976,-0.06716679,-0.005325713,0.105375,0.056015283,1.0,,,,,,,,,,,,,,,,,,,,,,,,,,,,,,,,,,,,,,,,,,,,
282.0,-0.003380759189166224,0.08732708543539047,0.0005599975702352822,1.0682530403137207,0.0,0.033766225,0.007944316,1.0005597,0.09671727,0.039382838,4.2575075e-06,-0.011288881,0.014960051,0.00949955,0.039368883,0.04419808,0.02094662,0.10575,0.056213304,1.0,,,,,,,,,,,,,,,,,,,,,,,,,,,,,,,,,,,,,,,,,,,,
283.0,-0.0033814374683584962,0.08734269440174103,0.0005600452423095703,1.0643033981323242,0.0,0.03417165,0.00811032,1.0005598,0.09730214,0.039841074,4.2135653e-06,-0.011583328,0.014683008,0.009472847,-0.069982946,-0.06716144,-0.0053272415,0.106125,0.05641131,1.0,,,,,,,,,,,,,,,,,,,,,,,,,,,,,,,,,,,,,,,,,,,,
284.0,-0.0033821020622924435,0.08735571801662445,0.0005600452423095703,1.0603445768356323,0.0,0.034579463,0.008278283,1.0005598,0.097875424,0.040311098,3.886308e-06,-0.011417389,0.014865637,0.009562731,0.03936594,0.0442139,0.020941347,0.1065,0.056609306,1.0,,,,,,,,,,,,,,,,,,,,,,,,,,,,,,,,,,,,,,,,,,,,
285.0,-0.0033827480570485643,0.08736605942249298,0.0005600452423095703,1.056376576423645,0.0,0.034989696,0.008448176,1.0005598,0.09845606,0.04077436,3.9306997e-06,-0.011711836,0.014588594,0.009536028,-0.06997613,-0.0671561,-0.0053287647,0.106875,0.056807287,1.0,,,,,,,,,,,,,,,,,,,,,,,,,,,,,,,,,,,,,,,,,,,,
286.0,-0.0033833797867732817,0.08737383037805557,0.0005600452423095703,1.0523995161056519,0.0,0.0354023,0.008620049,1.0005598,0.09902512,0.041249417,3.9479532e-06,-0.0115458965,0.014771223,0.009625673,0.039363,0.044229705,0.02093607,0.10725,0.057005253,1.0,,,,,,,,,,,,,,,,,,,,,,,,,,,,,,,,,,,,,,,,,,,,
287.0,-0.003383993025762041,0.08737892657518387,0.0005600452423095703,1.048413634300232,0.0,0.035817306,0.008793873,1.0005598,0.09960153,0.041717704,3.913071e-06,-0.011840105,0.014494419,0.009599209,-0.06996932,-0.06715076,-0.0053302823,0.107625,0.057203203,1.0,,,,,,,,,,,,,,,,,,,,,,,,,,,,,,,,,,,,,,,,,,,,
288.0,-0.003384591588939094,0.08738137781620026,0.0005601405864581466,1.0444185733795166,0.0,0.03623467,0.008969697,1.0005598,0.100166366,0.04219778,3.946288e-06,-0.011674404,0.014677048,0.009688854,0.03936006,0.044245504,0.020930788,0.108,0.05740114,1.0,,,,,,,,,,,,,,,,,,,,,,,,,,,,,,,,,,,,,,,,,,,,
289.0,-0.0033851712171194385,0.08738119900226593,0.0005601405864581466,1.0404144525527954,0.0,0.036654413,0.009147493,1.0005598,0.10073855,0.042671088,3.9092024e-06,-0.011968613,0.014400244,0.00966239,-0.06996251,-0.067145415,-0.0053317947,0.108375,0.057599064,1.0,,,,,,,,,,,,,,,,,,,,,,,,,,,,,,,,,,,,,,,,,,,,
290.0,-0.003385735615238832,0.0873783677816391,0.0005601644515991211,1.0364015102386475,0.0,0.03707649,0.00932731,1.0005598,0.10129915,0.04315618,3.940306e-06,-0.011802912,0.014582872,0.009752035,0.039357122,0.044261295,0.0209255,0.10875,0.057796974,1.0,,,,,,,,,,,,,,,,,,,,,,,,,,,,,,,,,,,,,,,,,,,,
291.0,-0.003386281407139541,0.08737285435199738,0.0005601644515991211,1.0323796272277832,0.0,0.037500937,0.009509121,1.0005599,0.10186712,0.043634504,3.905257e-06,-0.01209712,0.014306068,0.009725571,-0.06995571,-0.06714007,-0.0053333016,0.109125,0.057994865,1.0,,,,,,,,,,,,,,,,,,,,,,,,,,,,,,,,,,,,,,,,,,,,
292.0,-0.0033868114543748164,0.08736468106508255,0.0005601644515991211,1.0283488035202026,0.0,0.037927702,0.009692973,1.0005599,0.1024235,0.04412461,3.5653893e-06,-0.011931181,0.0144889355,0.009814978,0.039354183,0.04427708,0.020920208,0.1095,0.058192745,1.0,,,,,,,,,,,,,,,,,,,,,,,,,,,,,,,,,,,,,,,,,,,,
293.0,-0.0033873224972871077,0.08735382556915283,0.0005601644515991211,1.0243090391159058,0.0,0.038356815,0.00987884,1.0005599,0.102987245,0.04460795,3.6189044e-06,-0.0122253895,0.0142121315,0.009788513,-0.06994891,-0.06713474,-0.0053348034,0.109875,0.05839061,1.0,,,,,,,,,,,,,,,,,,,,,,,,,,,,,,,,,,,,,,,,,,,,
294.0,-0.0033878181955277627,0.08734029531478882,0.0005602121236734092,1.0202604532241821,0.0,0.03878823,0.010066769,1.0005599,0.10353942,0.045103066,3.6234994e-06,-0.012059689,0.014394999,0.009878159,0.039351244,0.04429286,0.02091491,0.11025,0.05858846,1.0,,,,,,,,,,,,,,,,,,,,,,,,,,,,,,,,,,,,,,,,,,,,
295.0,-0.003388294670633752,0.08732408285140991,0.0005602597957476974,1.0162029266357422,0.0,0.039221976,0.010256734,1.0005599,0.10409895,0.04559141,3.5977496e-06,-0.012353897,0.014118195,0.009851694,-0.06994212,-0.0671294,-0.0053362995,0.110625,0.058786295,1.0,,,,,,,,,,,,,,,,,,,,,,,,,,,,,,,,,,,,,,,,,,,,
296.0,-0.003388754492309261,0.08730517327785492,0.0005602597957476974,1.0121365785598755,0.0,0.039658006,0.010448782,1.0005599,0.10464691,0.046091538,3.6183137e-06,-0.012188196,0.0143013,0.009941101,0.039348304,0.044308633,0.02090961,0.111,0.058984116,1.0,,,,,,,,,,,,,,,,,,,,,,,,,,,,,,,,,,,,,,,,,,,,
297.0,-0.00338917860696489,0.08728355914354324,0.0005602836608886719,1.008061408996582,0.0,0.040096346,0.010642885,1.0005599,0.10520224,0.04658489,3.590358e-06,-0.012482405,0.014024496,0.009914875,-0.06993533,-0.067124076,-0.00533779,0.111375,0.059181925,1.0,,,,,,,,,,,,,,,,,,,,,,,,,,,,,,,,,,,,,,,,,,,,
298.0,-0.0033895859524668143,0.0872592180967331,0.0005602836608886719,1.0039774179458618,0.0,0.040536955,0.0108390935,1.00056,0.105746,0.047090016,3.6088154e-06,-0.012316465,0.014207363,0.010004282,0.039345365,0.044324394,0.020904303,0.11175,0.059379715,1.0,,,,,,,,,,,,,,,,,,,,,,,,,,,,,,,,,,,,,,,,,,,,
299.0,-0.0033899745723006284,0.08723223209381104,0.0005602836608886719,0.9998846650123596,0.0,0.040979862,0.011037379,1.00056,0.10629712,0.047588363,3.2150288e-06,-0.012610674,0.013930798,0.009977818,-0.06992855,-0.06711875,-0.005339276,0.112125,0.05957749,1.0,,,,,,,,,,,,,,,,,,,,,,,,,,,,,,,,,,,,,,,,,,,,
300.0,-0.003390345660852984,0.08720247447490692,0.0005602836608886719,0.9957829117774963,0.0,0.041425012,0.011237789,1.00056,0.10683668,0.04809849,3.3166816e-06,-0.012444973,0.014113903,0.0100672245,0.03934243,0.044340152,0.020898992,0.1125,0.059775252,1.0,,,,,,,,,,,,,,,,,,,,,,,,,,,,,,,,,,,,,,,,,,,,
301.0,-0.0033900753866709017,0.08717001974582672,0.00056033133296296,0.9916722774505615,0.0,0.041872445,0.011440297,1.00056,0.1073836,0.04860184,3.2727828e-06,-0.0127391815,0.013837099,0.01004076,-0.06992177,-0.06711342,-0.005340756,0.112875,0.059973,1.0,,,,,,,,,,,,,,,,,,,,,,,,,,,,,,,,,,,,,,,,,,,,
302.0,-0.003390704460371001,0.08713486045598984,0.0005603790050372481,0.9875528216362,0.0,0.042322107,0.011644951,1.00056,0.10791896,0.04911696,3.2897378e-06,-0.012573242,0.014020205,0.010130167,0.03933949,0.044355903,0.020893676,0.11325,0.060170732,1.0,,,,,,,,,,,,,,,,,,,,,,,,,,,,,,,,,,,,,,,,,,,,
303.0,-0.003390397702545693,0.08709698915481567,0.0005603790050372481,0.9834245443344116,0.0,0.042774033,0.011851722,1.00056,0.1084617,0.049625307,3.2672467e-06,-0.012867451,0.013743639,0.010103941,-0.069915,-0.067108095,-0.0053422307,0.113625,0.06036845,1.0,,,,,,,,,,,,,,,,,,,,,,,,,,,,,,,,,,,,,,,,,,,,
304.0,-0.003390990307875439,0.08705644309520721,0.0005603790050372481,0.9792876243591309,0.0,0.043228168,0.012060662,1.00056,0.10899287,0.05014542,3.276561e-06,-0.01270175,0.013926744,0.0101931095,0.03933655,0.044371646,0.020888356,0.114,0.06056615,1.0,,,,,,,,,,,,,,,,,,,,,,,,,,,,,,,,,,,,,,,,,,,,
305.0,-0.0033905905194040998,0.08701319247484207,0.0005603790050372481,0.9751419425010681,0.0,0.04368455,0.0122717405,1.00056,0.10953141,0.050658755,3.2574007e-06,-0.01299572,0.013650179,0.0101668835,-0.06990823,-0.067102775,-0.0053437003,0.114375,0.060763836,1.0,,,,,,,,,,,,,,,,,,,,,,,,,,,,,,,,,,,,,,,,,,,,
306.0,-0.0033909293686660486,0.08696727454662323,0.0005604028701782227,0.9709874987602234,0.0,0.044143125,0.012485006,1.00056,0.1100584,0.051183853,3.2633168e-06,-0.012830019,0.013833523,0.01025629,0.039333615,0.04438738,0.020883031,0.11475,0.060961507,1.0,,,,,,,,,,,,,,,,,,,,,,,,,,,,,,,,,,,,,,,,,,,,
307.0,-0.00339014560027864,0.0869186744093895,0.0005604028701782227,0.9668244123458862,0.0,0.04460393,0.012700432,1.0005602,0.11059275,0.051702175,3.2464918e-06,-0.012803078,0.013556957,0.010229826,0.0071190596,-0.06630749,-0.006410751,0.115125,0.061159164,1.0,,,,,,,,,,,,,,,,,,,,,,,,,,,,,,,,,,,,,,,,,,,,
308.0,-0.003390260127152408,0.08686740696430206,0.0005604505422525108,0.9626525044441223,0.0,0.04506691,0.012918011,1.0005602,0.11111569,0.052219134,3.0514625e-06,-0.012316465,0.013365984,0.010323763,0.1172683,-0.044599455,0.020997263,0.1155,0.061356805,1.0,,,,,,,,,,,,,,,,,,,,,,,,,,,,,,,,,,,,,,,,,,,,
309.0,-0.0033894398889042126,0.08681350946426392,0.0005604982143267989,0.9584718942642212,0.0,0.04553204,0.013137662,1.0005602,0.11163085,0.052716043,3.4521208e-06,-0.0122897625,0.012715578,0.010302067,0.008040527,-0.15605068,-0.0053396584,0.115875,0.06155443,1.0,,,,,,,,,,,,,,,,,,,,,,,,,,,,,,,,,,,,,,,,,,,,
310.0,-0.003389517630541491,0.08675704151391983,0.0005604982143267989,0.9542825222015381,0.0,0.045999203,0.013359376,1.0005602,0.112119295,0.05321144,3.7183802e-06,-0.01180315,0.012524843,0.010391951,0.11721175,-0.044557184,0.020121243,0.11625,0.06175204,1.0,,,,,,,,,,,,,,,,,,,,,,,,,,,,,,,,,,,,,,,,,,,,
311.0,-0.0033886604350462112,0.08669796586036682,0.0005604982143267989,0.9500844478607178,0.0,0.04646837,0.0135830715,1.0005602,0.112599984,0.053686794,3.993841e-06,-0.011776447,0.011874437,0.010365725,0.00801275,-0.15600176,-0.0063648997,0.116625,0.061949633,1.0,,,,,,,,,,,,,,,,,,,,,,,,,,,,,,,,,,,,,,,,,,,,
312.0,-0.0033887022871896535,0.08663637936115265,0.0005604982143267989,0.9458776712417603,0.0,0.04693943,0.01380874,1.0005602,0.11305398,0.054160643,4.266358e-06,-0.011290312,0.011683941,0.010455608,0.117166825,-0.044504084,0.02019264,0.117,0.062147215,1.0,,,,,,,,,,,,,,,,,,,,,,,,,,,,,,,,,,,,,,,,,,,,
313.0,-0.003387808073813516,0.08657221496105194,0.0005605220794677734,0.9416622519493103,0.0,0.047412347,0.014036301,1.0005602,0.11350023,0.05461446,4.5233983e-06,-0.011263847,0.011034012,0.010429144,0.007996418,-0.1559411,-0.0064428477,0.117375,0.06234478,1.0,,,,,,,,,,,,,,,,,,,,,,,,,,,,,,,,,,,,,,,,,,,,
314.0,-0.003387813250013915,0.08650557696819305,0.0005605220794677734,0.9374380707740784,0.0,0.047887012,0.014265746,1.0005603,0.11391982,0.05506678,4.7771564e-06,-0.010777712,0.010843754,0.010518789,0.117121845,-0.04445105,0.020263989,0.11775,0.06254233,1.0,,,,,,,,,,,,,,,,,,,,,,,,,,,,,,,,,,,,,,,,,,,,
315.0,-0.003386882787693889,0.08643641322851181,0.0005605220794677734,0.9332051873207092,0.0,0.048363395,0.014496991,1.0005603,0.11433167,0.055499073,4.6537925e-06,-0.010751247,0.010193825,0.010491848,0.007980149,-0.15588042,-0.006520735,0.118125,0.06273986,1.0,,,,,,,,,,,,,,,,,,,,,,,,,,,,,,,,,,,,,,,,,,,,
316.0,-0.003386933580484356,0.08636481314897537,0.0005605697515420616,0.9289636611938477,0.0,0.04884138,0.014730033,1.0005603,0.11471688,0.055929888,4.97377e-06,-0.01026535,0.010003805,0.010581493,0.11707683,-0.044398088,0.020335289,0.1185,0.06293737,1.0,,,,,,,,,,,,,,,,,,,,,,,,,,,,,,,,,,,,,,,,,,,,
317.0,-0.003386049784306988,0.08629076927900314,0.0005606174236163497,0.9247133731842041,0.0,0.04932094,0.014964786,1.0005603,0.115094386,0.056340687,5.185866e-06,-0.010239124,0.0095181465,0.010552645,0.0075431406,-0.11643577,-0.007002871,0.118875,0.06313487,1.0,,,,,,,,,,,,,,,,,,,,,,,,,,,,,,,,,,,,,,,,,,,,
318.0,-0.003386064950962623,0.08621431887149811,0.0005606174236163497,0.9204543232917786,0.0,0.04980199,0.0152012445,1.0005603,0.11545197,0.056750085,5.340807e-06,-0.009753466,0.009492397,0.010640621,0.11661693,-0.004971789,0.019984167,0.11925,0.06333236,1.0,,,,,,,,,,,,,,,,,,,,,,,,,,,,,,,,,,,,,,,,,,,,
319.0,-0.0033851454775347977,0.08613540977239609,0.0005606412887573242,0.9161866307258606,0.0,0.050284527,0.015439326,1.0005603,0.11580857,0.05713955,5.5129476e-06,-0.00972724,0.0090072155,0.010611296,0.0075209592,-0.116394676,-0.007062362,0.119625,0.06352983,1.0,,,,,,,,,,,,,,,,,,,,,,,,,,,,,,,,,,,,,,,,,,,,
320.0,-0.0033851242113880292,0.08605413138866425,0.0005606412887573242,0.9119100570678711,0.0,0.050768465,0.015679024,1.0005604,0.11614527,0.057527624,5.6664553e-06,-0.009241819,0.008981466,0.010699272,0.11657506,-0.0049387976,0.02003748,0.12,0.06372728,1.0,,,,,,,,,,,,,,,,,,,,,,,,,,,,,,,,,,,,,,,,,,,,
321.0,-0.003384169263562944,0.08597052097320557,0.0005606412887573242,0.9076247215270996,0.0,0.051253803,0.015920257,1.0005604,0.11648099,0.05789577,5.46022e-06,-0.009215593,0.0084962845,0.010669708,0.0074988124,-0.116353564,-0.0071218093,0.120375,0.06392472,1.0,,,,,,,,,,,,,,,,,,,,,,,,,,,,,,,,,,,,,,,,,,,,
322.0,-0.0033841127384698208,0.08588452637195587,0.0005606412887573242,0.9033305644989014,0.0,0.051740456,0.016163018,1.0005604,0.11679682,0.05826254,5.691742e-06,-0.0087304115,0.008470535,0.010757685,0.11653319,-0.0049058553,0.020090759,0.12075,0.06412214,1.0,,,,,,,,,,,,,,,,,,,,,,,,,,,,,,,,,,,,,,,,,,,,
323.0,-0.0033831222969589137,0.08579622209072113,0.0005606412887573242,0.8990277051925659,0.0,0.05222842,0.016407223,1.0005604,0.117111705,0.058609396,5.8243018e-06,-0.008704424,0.007985592,0.010727882,0.007476701,-0.11631245,-0.0071812137,0.121125,0.06431954,1.0,,,,,,,,,,,,,,,,,,,,,,,,,,,,,,,,,,,,,,,,,,,,
324.0,-0.0033830309229236715,0.08570557832717896,0.0005606651538982987,0.8947159647941589,0.0,0.052717615,0.016652869,1.0005604,0.117406696,0.05895488,5.965535e-06,-0.008219242,0.007960081,0.01081562,0.1164913,-0.0048729614,0.020144004,0.1215,0.06451694,1.0,,,,,,,,,,,,,,,,,,,,,,,,,,,,,,,,,,,,,,,,,,,,
325.0,-0.0033820050862681007,0.08561263233423233,0.000560760498046875,0.8903953433036804,0.0,0.053208034,0.01689987,1.0005605,0.11770075,0.059280463,6.1085107e-06,-0.008193493,0.007475376,0.010785818,0.007454624,-0.11627133,-0.0072405743,0.121875,0.06471431,1.0,,,,,,,,,,,,,,,,,,,,,,,,,,,,,,,,,,,,,,,,,,,,
326.0,-0.0033818791400829925,0.08551745116710663,0.000560760498046875,0.8860659599304199,0.0,0.053699598,0.017148223,1.0005605,0.11797492,0.059604682,5.8686373e-06,-0.007708311,0.0074498653,0.010873556,0.11644941,-0.004840116,0.020197215,0.12225,0.06491166,1.0,,,,,,,,,,,,,,,,,,,,,,,,,,,,,,,,,,,,,,,,,,,,
327.0,-0.0033808184907022677,0.08541999012231827,0.000560760498046875,0.8817277550697327,0.0,0.054192297,0.017397845,1.0005605,0.11824818,0.059909012,6.090313e-06,-0.0076828003,0.006965399,0.010843277,0.007432582,-0.116230205,-0.007299892,0.122625,0.06510901,1.0,,,,,,,,,,,,,,,,,,,,,,,,,,,,,,,,,,,,,,,,,,,,
328.0,-0.0033806564859488837,0.08532026410102844,0.000560760498046875,0.8773806691169739,0.0,0.054686055,0.017648727,1.0005605,0.11850157,0.06021199,6.1891365e-06,-0.007197857,0.0069401264,0.010931015,0.116407506,-0.0048073195,0.02025039,0.123,0.065306336,1.0,,,,,,,,,,,,,,,,,,,,,,,,,,,,,,,,,,,,,,,,,,,,
329.0,-0.0033796175555854914,0.08521832525730133,0.0005607843631878495,0.8730245232582092,0.0,0.055180863,0.017900791,1.0005605,0.118754044,0.06049509,6.320572e-06,-0.007172346,0.00645566,0.010900497,0.0074105747,-0.11618907,-0.007359166,0.123375,0.06550364,1.0,,,,,,,,,,,,,,,,,,,,,,,,,,,,,,,,,,,,,,,,,,,,
330.0,-0.0033794782970983763,0.08511419594287872,0.0005607843631878495,0.8686596155166626,0.0,0.05567664,0.018154027,1.0005606,0.11898667,0.06077685,6.42986e-06,-0.006801605,0.0064303875,0.0109882355,0.08903802,-0.005072467,0.02047996,0.12375,0.06570093,1.0,,,,,,,,,,,,,,,,,,,,,,,,,,,,,,,,,,,,,,,,,,,,
331.0,-0.003378405109458891,0.08500784635543823,0.0005607843631878495,0.8642858266830444,0.0,0.056173384,0.018408375,1.0005606,0.11921835,0.061043385,6.14881e-06,-0.0068900585,0.0059461594,0.0109574795,-0.019931965,-0.11645114,-0.007229335,0.124125,0.06589821,1.0,,,,,,,,,,,,,,,,,,,,,,,,,,,,,,,,,,,,,,,,,,,,
332.0,-0.003378239306441538,0.08489935100078583,0.0005608320352621377,0.8599029183387756,0.0,0.05667101,0.018663846,1.0005606,0.11943013,0.06131325,6.3125544e-06,-0.0065193176,0.0059211254,0.0110452175,0.08900922,-0.005037667,0.020520566,0.1245,0.066095464,1.0,,,,,,,,,,,,,,,,,,,,,,,,,,,,,,,,,,,,,,,,,,,,
333.0,-0.0033771541904483006,0.08478868752717972,0.0005608558421954513,0.8555111289024353,0.0,0.057169512,0.018920379,1.0005606,0.11964098,0.061567903,6.3817665e-06,-0.006607771,0.0054368973,0.0110144615,-0.019940557,-0.11641438,-0.0072759446,0.124875,0.06629271,1.0,,,,,,,,,,,,,,,,,,,,,,,,,,,,,,,,,,,,,,,,,,,,
334.0,-0.0033769681379938452,0.08467588573694229,0.0005609035724774003,0.8511103391647339,0.0,0.057668813,0.019177988,1.0005608,0.11983195,0.061825883,6.454171e-06,-0.0062372684,0.0054121017,0.0111022,0.08898041,-0.005002899,0.020561142,0.12525,0.066489935,1.0,,,,,,,,,,,,,,,,,,,,,,,,,,,,,,,,,,,,,,,,,,,,
335.0,-0.003375848437442164,0.08456093072891235,0.0005609035724774003,0.8467004895210266,0.0,0.058168907,0.019436607,1.0005608,0.12002199,0.06206866,6.172053e-06,-0.0063257217,0.004928112,0.011071205,-0.019949127,-0.11637764,-0.0073225214,0.125625,0.066687144,1.0,,,,,,,,,,,,,,,,,,,,,,,,,,,,,,,,,,,,,,,,,,,,
336.0,-0.003375628439899265,0.08444389700889587,0.0005609035724774003,0.842281699180603,0.0,0.058669705,0.019696252,1.0005608,0.12019217,0.062314767,6.3178345e-06,-0.0059554577,0.0049033165,0.011158705,0.08895158,-0.0049681617,0.020601692,0.126,0.06688434,1.0,,,,,,,,,,,,,,,,,,,,,,,,,,,,,,,,,,,,,,,,,,,,
337.0,-0.003374474816455495,0.08432473242282867,0.0005609035724774003,0.837853729724884,0.0,0.05917121,0.019956859,1.0005608,0.12036143,0.06254568,6.381562e-06,-0.006043911,0.004419327,0.01112771,-0.019957677,-0.1163409,-0.007369065,0.126375,0.06708151,1.0,,,,,,,,,,,,,,,,,,,,,,,,,,,,,,,,,,,,,,,,,,,,
338.0,-0.003374220839726104,0.08420348912477493,0.0005609273794107139,0.8334167003631592,0.0,0.05967334,0.020218441,1.0005608,0.12051085,0.062779926,6.4370633e-06,-0.005673647,0.0043947697,0.011215448,0.08892275,-0.004933456,0.020642212,0.12675,0.06727867,1.0,,,,,,,,,,,,,,,,,,,,,,,,,,,,,,,,,,,,,,,,,,,,
339.0,-0.0033730344237778804,0.08408021926879883,0.0005609273794107139,0.8289704918861389,0.0,0.06017609,0.020480938,1.0005609,0.12065935,0.06299899,6.517152e-06,-0.0057623386,0.0039110184,0.011183977,-0.019966204,-0.11630417,-0.007415577,0.127125,0.06747581,1.0,,,,,,,,,,,,,,,,,,,,,,,,,,,,,,,,,,,,,,,,,,,,
340.0,-0.0033727471552273984,0.08395491540431976,0.000560975051485002,0.8245152235031128,0.0,0.060679372,0.02074436,1.0005609,0.120788015,0.06322139,6.191815e-06,-0.0053920746,0.0038864613,0.011271715,0.088893905,-0.0048987814,0.020682704,0.1275,0.06767294,1.0,,,,,,,,,,,,,,,,,,,,,,,,,,,,,,,,,,,,,,,,,,,,
341.0,-0.0033715266950629943,0.08382751047611237,0.000560975051485002,0.8200507164001465,0.0,0.061183188,0.021008646,1.0005609,0.120915785,0.0634286,6.3564926e-06,-0.0054807663,0.0034029484,0.011240244,-0.019974709,-0.116267435,-0.007462056,0.127875,0.06787005,1.0,,,,,,,,,,,,,,,,,,,,,,,,,,,,,,,,,,,,,,,,,,,,
342.0,-0.0033712055417846843,0.08369810879230499,0.0005609989166259766,0.81557697057724,0.0,0.06168745,0.021273809,1.0005609,0.12102373,0.063639164,6.370154e-06,-0.0051107407,0.0033786297,0.011327982,0.08886505,-0.004864138,0.02072317,0.12825,0.06806714,1.0,,,,,,,,,,,,,,,,,,,,,,,,,,,,,,,,,,,,,,,,,,,,
343.0,-0.0033699522832711408,0.08356671035289764,0.0005609989166259766,0.8110941648483276,0.0,0.062192164,0.021539787,1.000561,0.121130794,0.06383455,6.450432e-06,-0.0051994324,0.0028953552,0.011296272,-0.019983191,-0.11623072,-0.007508503,0.128625,0.068264216,1.0,,,,,,,,,,,,,,,,,,,,,,,,,,,,,,,,,,,,,,,,,,,,
344.0,-0.003369597285568944,0.08343333005905151,0.0005610465887002647,0.8066021203994751,0.0,0.06269724,0.021806592,1.000561,0.12121804,0.064033285,6.106935e-06,-0.004829645,0.0028710365,0.01138401,0.088836186,-0.0048295255,0.020763606,0.129,0.06846127,1.0,,,,,,,,,,,,,,,,,,,,,,,,,,,,,,,,,,,,,,,,,,,,
345.0,-0.0033683370076849767,0.08329799026250839,0.0005610465887002647,0.8021008372306824,0.0,0.06320267,0.022074161,1.000561,0.12130442,0.06421685,6.266268e-06,-0.004918337,0.002387762,0.011352301,-0.019991653,-0.11619401,-0.0075549167,0.129375,0.068658315,1.0,,,,,,,,,,,,,,,,,,,,,,,,,,,,,,,,,,,,,,,,,,,,
346.0,-0.0034405954931702593,0.08316068351268768,0.0005610465887002647,0.7975902557373047,0.0,0.06370839,0.02234251,1.000561,0.12137099,0.06440377,6.263096e-06,-0.0045485497,0.0023636818,0.0114398,0.08880731,-0.0047949445,0.020804014,0.12975,0.06885534,1.0,,,,,,,,,,,,,,,,,,,,,,,,,,,,,,,,,,,,,,,,,,,,
347.0,-0.003574764213129266,0.08302140980958939,0.0005610704538412392,0.7930704951286316,0.0,0.06421437,0.022611575,1.000561,0.121436715,0.06457553,6.337737e-06,-0.00463748,0.0025320053,0.011404991,-0.02179002,0.0401545,-0.008312352,0.130125,0.06905234,1.0,,,,,,,,,,,,,,,,,,,,,,,,,,,,,,,,,,,,,,,,,,,,
348.0,-0.0037105658187399984,0.08288021385669708,0.0005610704538412392,0.7885415554046631,0.0,0.06472066,0.022881372,1.0005611,0.12150926,0.06475096,6.2866834e-06,-0.0042676926,0.0022425652,0.011493683,0.08952342,-0.06844187,0.021081815,0.1305,0.06924933,1.0,,,,,,,,,,,,,,,,,,,,,,,,,,,,,,,,,,,,,,,,,,,,
349.0,-0.00384525838074651,0.0827370434999466,0.0005611181259155273,0.7840032577514648,0.0,0.0652272,0.023151834,1.0005611,0.12157011,0.0649111,6.026278e-06,-0.0043566227,0.0024108887,0.011458874,-0.021800695,0.040170413,-0.00830672,0.130875,0.0694463,1.0,,,,,,,,,,,,,,,,,,,,,,,,,,,,,,,,,,,,,,,,,,,,
350.0,-0.003981587804737502,0.08259200304746628,0.0005611181259155273,0.7794556617736816,0.0,0.06573403,0.023422979,1.0005611,0.1216378,0.06507491,6.0557304e-06,-0.003987074,0.0021214485,0.011547327,0.08951507,-0.06842833,0.021069916,0.13125,0.06964325,1.0,,,,,,,,,,,,,,,,,,,,,,,,,,,,,,,,,,,,,,,,,,,,
351.0,-0.0041168039804164456,0.08244506269693375,0.0005611419910565019,0.7748988270759583,0.0,0.066241086,0.023694744,1.0005611,0.12169379,0.06522345,6.138661e-06,-0.004076004,0.0022900105,0.011512756,-0.021811368,0.040186312,-0.008301081,0.131625,0.06984019,1.0,,,,,,,,,,,,,,,,,,,,,,,,,,,,,,,,,,,,,,,,,,,,
352.0,-0.004253662202151783,0.08229617774486542,0.0005611419910565019,0.7703325152397156,0.0,0.0667484,0.023967143,1.0005612,0.12175661,0.065375656,6.089342e-06,-0.0037062168,0.0020005703,0.01160121,0.089506716,-0.0684148,0.02105802,0.132,0.07003711,1.0,,,,,,,,,,,,,,,,,,,,,,,,,,,,,,,,,,,,,,,,,,,,
353.0,-0.004389408704076415,0.08214537799358368,0.0005611419910565019,0.7657569050788879,0.0,0.06725594,0.024240112,1.0005612,0.12180776,0.06551258,5.8171586e-06,-0.0037953854,0.0021691322,0.0115664005,-0.021822039,0.040202204,-0.0082954345,0.132375,0.070234016,1.0,,,,,,,,,,,,,,,,,,,,,,,,,,,,,,,,,,,,,,,,,,,,
354.0,-0.004526789307637638,0.08199277520179749,0.0005611419910565019,0.7611721158027649,0.0,0.06776371,0.024513667,1.0005612,0.12186574,0.0656532,5.853059e-06,-0.0034258366,0.0018799305,0.011654854,0.08949837,-0.06840127,0.021046124,0.13275,0.0704309,1.0,,,,,,,,,,,,,,,,,,,,,,,,,,,,,,,,,,,,,,,,,,,,
355.0,-0.004663060236566209,0.0818382129073143,0.0005611419910565019,0.7565779685974121,0.0,0.068271674,0.024787745,1.0005612,0.12191204,0.065778546,5.9231143e-06,-0.0035147667,0.0020484924,0.011620045,-0.021832708,0.040218085,-0.0082897805,0.133125,0.070627764,1.0,,,,,,,,,,,,,,,,,,,,,,,,,,,,,,,,,,,,,,,,,,,,
356.0,-0.004800968784923317,0.08168186247348785,0.0005612134700641036,0.7519745230674744,0.0,0.06877986,0.025062358,1.0005612,0.121965185,0.06590757,5.880501e-06,-0.003145218,0.0017592907,0.011708498,0.089490026,-0.06838775,0.021034231,0.1335,0.07082461,1.0,,,,,,,,,,,,,,,,,,,,,,,,,,,,,,,,,,,,,,,,,,,,
357.0,-0.00493776792937456,0.08152361959218979,0.0005612134700641036,0.7473617196083069,0.0,0.069288224,0.025337448,1.0005614,0.12200665,0.06602133,5.963316e-06,-0.0032343864,0.0019278526,0.011673927,-0.021843378,0.04023396,-0.008284119,0.133875,0.071021445,1.0,,,,,,,,,,,,,,,,,,,,,,,,,,,,,,,,,,,,,,,,,,,,
358.0,-0.005075437595496944,0.08136357367038727,0.0005612612003460526,0.7427397966384888,0.0,0.069796786,0.025613027,1.0005614,0.122054964,0.06613878,5.5516216e-06,-0.0028648376,0.0016386509,0.011762142,0.08948169,-0.06837423,0.02102234,0.13425,0.07121826,1.0,,,,,,,,,,,,,,,,,,,,,,,,,,,,,,,,,,,,,,,,,,,,
359.0,-0.00521283021442796,0.08120165765285492,0.0005612612003460526,0.7381083965301514,0.0,0.070305504,0.02588903,1.0005614,0.122091606,0.06624097,5.715425e-06,-0.0029537678,0.0018074512,0.011727333,-0.021854043,0.040249817,-0.008278451,0.134625,0.07141505,1.0,,,,,,,,,,,,,,,,,,,,,,,,,,,,,,,,,,,,,,,,,,,,
360.0,-0.005350938295158678,0.0810379832983017,0.0005612612003460526,0.7334678769111633,0.0,0.0708144,0.026165474,1.0005614,0.122135095,0.06634685,5.654484e-06,-0.0025844574,0.0015182495,0.011815548,0.08947336,-0.068360716,0.021010451,0.135,0.07161183,1.0,,,,,,,,,,,,,,,,,,,,,,,,,,,,,,,,,,,,,,,,,,,,
361.0,-0.005488851935209824,0.0808725655078888,0.0005612850072793663,0.7288181185722351,0.0,0.07132343,0.026442299,1.0005614,0.12216692,0.06643747,5.730266e-06,-0.002673626,0.0016870499,0.011780977,-0.021864709,0.04026567,-0.008272775,0.135375,0.07180859,1.0,,,,,,,,,,,,,,,,,,,,,,,,,,,,,,,,,,,,,,,,,,,,
362.0,-0.0056274878742378865,0.0807054191827774,0.0005612850072793663,0.7241590023040771,0.0,0.07183262,0.026719514,1.0005615,0.12220559,0.06653179,5.6918348e-06,-0.0023040771,0.0013978481,0.011868954,0.08946504,-0.06834721,0.020998564,0.13575,0.07200533,1.0,,,,,,,,,,,,,,,,,,,,,,,,,,,,,,,,,,,,,,,,,,,,
363.0,-0.005765927431759339,0.08053654432296753,0.0005612850072793663,0.7194907069206238,0.0,0.07234192,0.02699706,1.0005615,0.12223261,0.06661086,5.3887397e-06,-0.0023932457,0.0015668869,0.011834383,-0.02187537,0.040281508,-0.0082670925,0.136125,0.07220206,1.0,,,,,,,,,,,,,,,,,,,,,,,,,,,,,,,,,,,,,,,,,,,,
364.0,-0.005905084039884061,0.08036597818136215,0.0005612850072793663,0.714813232421875,0.0,0.07285137,0.02727495,1.0005615,0.12226649,0.06669363,5.441113e-06,-0.0020239353,0.0012776852,0.0119223595,0.089456715,-0.06833371,0.020986678,0.1365,0.07239876,1.0,,,,,,,,,,,,,,,,,,,,,,,,,,,,,,,,,,,,,,,,,,,,
365.0,-0.006044045917136647,0.08019380271434784,0.0005612850072793663,0.7101265788078308,0.0,0.073360905,0.02755312,1.0005615,0.122288704,0.06676114,5.4789675e-06,-0.0021131039,0.0014467239,0.011887789,-0.021886032,0.04029734,-0.008261402,0.136875,0.07259545,1.0,,,,,,,,,,,,,,,,,,,,,,,,,,,,,,,,,,,,,,,,,,,,
366.0,-0.0061837239199083365,0.08001994341611862,0.0005613804096356034,0.705430805683136,0.0,0.07387056,0.027831588,1.0005615,0.122317776,0.06683237,5.4531292e-06,-0.0017440319,0.0011575222,0.011975765,0.08944839,-0.068320215,0.020974794,0.13725,0.07279212,1.0,,,,,,,,,,,,,,,,,,,,,,,,,,,,,,,,,,,,,,,,,,,,
367.0,-0.006323208222724681,0.07984449714422226,0.000561404216568917,0.700725793838501,0.0,0.074380286,0.02811029,1.0005615,0.1223352,0.066888355,5.503693e-06,-0.0018332005,0.001326561,0.0119411945,-0.02189669,0.040313162,-0.008255705,0.137625,0.07298877,1.0,,,,,,,,,,,,,,,,,,,,,,,,,,,,,,,,,,,,,,,,,,,,
368.0,-0.00646340594391486,0.07966747879981995,0.000561404216568917,0.6960117816925049,0.0,0.07489012,0.02838924,1.0005616,0.12235949,0.06694805,5.476715e-06,-0.0014638901,0.0010375977,0.012028933,0.089440085,-0.06830672,0.020962913,0.138,0.0731854,1.0,,,,,,,,,,,,,,,,,,,,,,,,,,,,,,,,,,,,,,,,,,,,
369.0,-0.006603406977559828,0.07948889583349228,0.000561404216568917,0.6912886500358582,0.0,0.0754,0.028668376,1.0005616,0.12237213,0.0669925,5.1539673e-06,-0.0015530586,0.0012066364,0.0119946,-0.021907348,0.040328972,-0.00825,0.138375,0.07338202,1.0,,,,,,,,,,,,,,,,,,,,,,,,,,,,,,,,,,,,,,,,,,,,
370.0,-0.006744122031266125,0.07930879294872284,0.000561404216568917,0.6865565180778503,0.0,0.07590997,0.028947711,1.0005616,0.12239164,0.06704067,5.2164883e-06,-0.0011839867,0.0009176731,0.012082338,0.08943178,-0.06829324,0.020951033,0.13875,0.07357861,1.0,,,,,,,,,,,,,,,,,,,,,,,,,,,,,,,,,,,,,,,,,,,,
371.0,-0.006884709210628901,0.0791272222995758,0.000561404216568917,0.6818154454231262,0.0,0.076419964,0.029227186,1.0005616,0.12239951,0.0670736,5.235009e-06,-0.0012733936,0.0010869503,0.012047768,-0.021918003,0.04034477,-0.008244288,0.139125,0.073775195,1.0,,,,,,,,,,,,,,,,,,,,,,,,,,,,,,,,,,,,,,,,,,,,
372.0,-0.007026009628961586,0.07894410938024521,0.0005614280817098916,0.6770654320716858,0.0,0.076930024,0.029506812,1.0005616,0.122414246,0.06711025,5.2192445e-06,-0.0010516644,0.000797987,0.012135506,0.054013215,-0.0687064,0.020977644,0.1395,0.07397175,1.0,,,,,,,,,,,,,,,,,,,,,,,,,,,,,,,,,,,,,,,,,,,,
373.0,-0.007167107845014109,0.0787595734000206,0.0005614280817098916,0.672306478023529,0.0,0.0774401,0.029786551,1.0005617,0.12241727,0.067137696,5.2446057e-06,-0.0012886524,0.0009672642,0.012100935,-0.057330344,0.039926615,-0.008216204,0.139875,0.074168295,1.0,,,,,,,,,,,,,,,,,,,,,,,,,,,,,,,,,,,,,,,,,,,,
374.0,-0.00730892053005564,0.07857358455657959,0.0005614280817098916,0.667538583278656,0.0,0.07795021,0.030066447,1.0005617,0.1224271,0.0671749,4.853289e-06,-0.0010669231,0.00067830086,0.012188673,0.0540214,-0.06869063,0.020982124,0.14025,0.07436481,1.0,,,,,,,,,,,,,,,,,,,,,,,,,,,,,,,,,,,,,,,,,,,,
375.0,-0.007450524445501561,0.07838618755340576,0.0005615234258584678,0.6627619862556458,0.0,0.07846031,0.030346459,1.0005617,0.12242522,0.067202896,4.965555e-06,-0.0013036728,0.00084757805,0.012154102,-0.057324443,0.039936062,-0.008226567,0.140625,0.07456132,1.0,,,,,,,,,,,,,,,,,,,,,,,,,,,,,,,,,,,,,,,,,,,,
376.0,-0.007592837996768323,0.0781974345445633,0.0005615234258584678,0.6579766273498535,0.0,0.07897044,0.030626629,1.0005617,0.122430146,0.06724065,4.9224413e-06,-0.0010821819,0.00055861473,0.01224184,0.054029576,-0.06867486,0.020986596,0.141,0.07475781,1.0,,,,,,,,,,,,,,,,,,,,,,,,,,,,,,,,,,,,,,,,,,,,
377.0,-0.0077349448814343314,0.07800726592540741,0.0005615234258584678,0.6531825065612793,0.0,0.07948054,0.030906918,1.0005617,0.122423366,0.06726919,4.951673e-06,-0.0013189316,0.0007278919,0.01220727,-0.057318542,0.039945506,-0.0082369195,0.141375,0.07495427,1.0,,,,,,,,,,,,,,,,,,,,,,,,,,,,,,,,,,,,,,,,,,,,
378.0,-0.0078777528152581,0.07781579345464706,0.0005615472909994423,0.648379921913147,0.0,0.07999064,0.031187365,1.0005617,0.122423396,0.06730749,4.9287373e-06,-0.0010972023,0.00043916702,0.012294769,0.05403775,-0.068659104,0.02099106,0.14175,0.07515072,1.0,,,,,,,,,,,,,,,,,,,,,,,,,,,,,,,,,,,,,,,,,,,,
379.0,-0.008020353122209419,0.07762298732995987,0.0005615472909994423,0.6435686349868774,0.0,0.080500685,0.031467933,1.0005618,0.12241173,0.067336574,4.9519563e-06,-0.001333952,0.00060868263,0.012260437,-0.057312645,0.039954945,-0.00824726,0.142125,0.07534715,1.0,,,,,,,,,,,,,,,,,,,,,,,,,,,,,,,,,,,,,,,,,,,,
380.0,-0.00816365633921214,0.07742888480424881,0.0005615472909994423,0.638748824596405,0.0,0.081010714,0.031748664,1.0005618,0.12240686,0.067375414,4.563184e-06,-0.0011124611,0.00031971931,0.012347937,0.05404592,-0.06864335,0.02099552,0.1425,0.07554356,1.0,,,,,,,,,,,,,,,,,,,,,,,,,,,,,,,,,,,,,,,,,,,,
381.0,-0.008306745240157945,0.07723347842693329,0.0005615472909994423,0.6339205503463745,0.0,0.08152068,0.03202952,1.0005618,0.12239031,0.067405045,4.6710306e-06,-0.0013489723,0.0004892349,0.012313366,-0.05730675,0.03996438,-0.00825759,0.142875,0.07573995,1.0,,,,,,,,,,,,,,,,,,,,,,,,,,,,,,,,,,,,,,,,,,,,
382.0,-0.008450531002439858,0.07703688740730286,0.0005615472909994423,0.6290839910507202,0.0,0.082030594,0.032310538,1.0005618,0.12238057,0.06744442,4.6309983e-06,-0.0011274815,0.00020051003,0.012401104,0.05405408,-0.0686276,0.020999972,0.14325,0.075936325,1.0,,,,,,,,,,,,,,,,,,,,,,,,,,,,,,,,,,,,,,,,,,,,
383.0,-0.008594099301118787,0.07683899253606796,0.0005616426351480186,0.6242390871047974,0.0,0.08254042,0.032591682,1.0005618,0.122359134,0.06747459,4.655688e-06,-0.0013639927,0.00037002563,0.012366533,-0.057300862,0.039973818,-0.008267909,0.143625,0.07613268,1.0,,,,,,,,,,,,,,,,,,,,,,,,,,,,,,,,,,,,,,,,,,,,
384.0,-0.008738363142980963,0.07663996517658234,0.0005616665002889931,0.6193859577178955,0.0,0.08305019,0.032872993,1.0005618,0.122344516,0.06751451,4.6358628e-06,-0.0011422634,8.1300735e-05,0.012454033,0.05406224,-0.06861187,0.021004418,0.144,0.07632901,1.0,,,,,,,,,,,,,,,,,,,,,,,,,,,,,,,,,,,,,,,,,,,,
385.0,-0.008882443779598908,0.07643969357013702,0.0005616665002889931,0.6145246028900146,0.0,0.08355985,0.03315443,1.000562,0.122318216,0.06754521,4.654538e-06,-0.0013790131,0.00025105476,0.012419462,-0.057294972,0.039983246,-0.008278218,0.144375,0.07652532,1.0,,,,,,,,,,,,,,,,,,,,,,,,,,,,,,,,,,,,,,,,,,,,
386.0,-0.009027141206555463,0.07623825967311859,0.0005616665002889931,0.6096551418304443,0.0,0.08406943,0.033436038,1.000562,0.122298725,0.06758566,4.268877e-06,-0.0011572838,-3.7670135e-05,0.0125072,0.054070394,-0.06859614,0.021008855,0.14475,0.07672162,1.0,,,,,,,,,,,,,,,,,,,,,,,,,,,,,,,,,,,,,,,,,,,,
387.0,-0.009172005735359019,0.0760357454419136,0.0005616665002889931,0.6047778129577637,0.0,0.08457888,0.033717774,1.000562,0.12226756,0.067616895,4.3721825e-06,-0.001393795,0.00013184547,0.01247263,-0.05728909,0.039992675,-0.008288516,0.145125,0.0769179,1.0,,,,,,,,,,,,,,,,,,,,,,,,,,,,,,,,,,,,,,,,,,,,
388.0,-0.009317250917912953,0.07583208382129669,0.0005616665002889931,0.5998923182487488,0.0,0.08508822,0.03399968,1.000562,0.1222432,0.06765788,4.3352625e-06,-0.0011720657,-0.000156641,0.012560129,0.05407854,-0.06858042,0.021013286,0.1455,0.07711416,1.0,,,,,,,,,,,,,,,,,,,,,,,,,,,,,,,,,,,,,,,,,,,,
389.0,-0.009462696443285224,0.07562726736068726,0.0005616665002889931,0.5949990153312683,0.0,0.08559742,0.034281723,1.000562,0.12220718,0.06768964,4.355415e-06,-0.0014088154,1.3113022e-05,0.0125255585,-0.05728321,0.0400021,-0.008298802,0.145875,0.0773104,1.0,,,,,,,,,,,,,,,,,,,,,,,,,,,,,,,,,,,,,,,,,,,,
390.0,-0.009608378377034751,0.07542140036821365,0.0005617380375042558,0.590097963809967,0.0,0.086106494,0.034563936,1.000562,0.12217797,0.06773116,4.338702e-06,-0.0011870861,-0.00027537346,0.012613058,0.05408668,-0.0685647,0.021017712,0.14625,0.07750662,1.0,,,,,,,,,,,,,,,,,,,,,,,,,,,,,,,,,,,,,,,,,,,,
391.0,-0.0097542802607406,0.0752144604921341,0.0005617380375042558,0.5851893424987793,0.0,0.0866154,0.034846283,1.0005621,0.1221371,0.06776345,4.3528435e-06,-0.0014235973,-0.00010561943,0.012578487,-0.057277337,0.04001152,-0.0083090775,0.146625,0.07770281,1.0,,,,,,,,,,,,,,,,,,,,,,,,,,,,,,,,,,,,,,,,,,,,
392.0,-0.00990040378941567,0.07500642538070679,0.0005617857095785439,0.5802730321884155,0.0,0.08712416,0.035128806,1.0005621,0.12210304,0.067805484,3.970296e-06,-0.001201868,-0.0003941059,0.012665987,0.05409482,-0.06854899,0.021022128,0.147,0.077898994,1.0,,,,,,,,,,,,,,,,,,,,,,,,,,,,,,,,,,,,,,,,,,,,
393.0,-0.010046747468562173,0.0747973769903183,0.0005617857095785439,0.5753491520881653,0.0,0.08763274,0.035411466,1.0005621,0.12205732,0.0678383,4.0690716e-06,-0.0014381409,-0.00022435188,0.012631416,-0.057271462,0.040020943,-0.0083193425,0.147375,0.07809515,1.0,,,,,,,,,,,,,,,,,,,,,,,,,,,,,,,,,,,,,,,,,,,,
394.0,-0.010193306908005162,0.07458724081516266,0.0005617857095785439,0.5704177618026733,0.0,0.08814114,0.0356943,1.0005621,0.12201843,0.06788086,4.0352643e-06,-0.0012164116,-0.00051283836,0.012718916,0.054102954,-0.06853329,0.021026539,0.14775,0.0782913,1.0,,,,,,,,,,,,,,,,,,,,,,,,,,,,,,,,,,,,,,,,,,,,
395.0,-0.010340083008178591,0.07437612116336823,0.0005617857095785439,0.5654789209365845,0.0,0.08864935,0.035977278,1.0005621,0.12196787,0.067914195,4.0508908e-06,-0.0014529228,-0.00034308434,0.012684345,-0.057265595,0.04003036,-0.008329595,0.148125,0.07848742,1.0,,,,,,,,,,,,,,,,,,,,,,,,,,,,,,,,,,,,,,,,,,,,
396.0,-0.010487067657799345,0.07416398823261261,0.0005617857095785439,0.5605328679084778,0.0,0.089157365,0.036260433,1.0005621,0.12192413,0.067957275,4.0372906e-06,-0.0012311935,-0.0006313324,0.012771845,0.05411108,-0.068517596,0.021030942,0.1485,0.07868352,1.0,,,,,,,,,,,,,,,,,,,,,,,,,,,,,,,,,,,,,,,,,,,,
397.0,-0.010634027601398522,0.073950856924057,0.0005617857095785439,0.5555793642997742,0.0,0.089665145,0.03654373,1.0005621,0.121868744,0.06799113,4.0469104e-06,-0.0014674664,-0.00046157837,0.012737274,-0.057259727,0.04003977,-0.008339838,0.148875,0.0788796,1.0,,,,,,,,,,,,,,,,,,,,,,,,,,,,,,,,,,,,,,,,,,,,
398.0,-0.010781188955431755,0.07373678684234619,0.0005618572467938066,0.5506188869476318,0.0,0.09017273,0.036827207,1.0005621,0.12182018,0.06803473,4.035405e-06,-0.0012457371,-0.00074982643,0.012824774,0.054119203,-0.068501905,0.02103534,0.14925,0.079075664,1.0,,,,,,,,,,,,,,,,,,,,,,,,,,,,,,,,,,,,,,,,,,,,
399.0,-0.010928559514200607,0.07352175563573837,0.0005618572467938066,0.5456511974334717,0.0,0.09068006,0.037110828,1.0005622,0.121759966,0.0680691,4.043271e-06,-0.0014820099,-0.000579834,0.012790203,-0.057253864,0.04004918,-0.008350071,0.149625,0.07927171,1.0,,,,,,,,,,,,,,,,,,,,,,,,,,,,,,,,,,,,,,,,,,,,
400.0,-0.011076129167847469,0.07330578565597534,0.0005619049188680947,0.5406765937805176,0.0,0.09118718,0.037394635,1.0005622,0.12170659,0.068113215,3.6649324e-06,-0.0012602806,-0.00086808205,0.012877703,0.05412732,-0.06848623,0.02103973,0.15,0.07946773,1.0,,,,,,,,,,,,,,,,,,,,,,,,,,,,,,,,,,,,,,,,,,,,
401.0,-0.011223904184273943,0.07308892905712128,0.0005619049188680947,0.53569495677948,0.0,0.09169401,0.037678584,1.0005622,0.121641554,0.0681481,3.7576729e-06,-0.0014965534,-0.0006980896,0.012842894,-0.057248004,0.04005859,-0.008360292,0.150375,0.07966374,1.0,,,,,,,,,,,,,,,,,,,,,,,,,,,,,,,,,,,,,,,,,,,,
402.0,-0.011371874784956711,0.07287123799324036,0.0005619049188680947,0.530706524848938,0.0,0.092200615,0.03796272,1.0005622,0.12158336,0.06819273,3.7280192e-06,-0.0012748241,-0.0009863377,0.012930393,0.05413543,-0.06847055,0.021044113,0.15075,0.07985972,1.0,,,,,,,,,,,,,,,,,,,,,,,,,,,,,,,,,,,,,,,,,,,,
403.0,-0.011520047330535363,0.0726526603102684,0.0005619049188680947,0.5257111191749573,0.0,0.09270692,0.038247004,1.0005622,0.121513516,0.06822812,3.7376287e-06,-0.001511097,-0.0008163452,0.0128958225,-0.05724215,0.040067993,-0.008370502,0.151125,0.080055684,1.0,,,,,,,,,,,,,,,,,,,,,,,,,,,,,,,,,,,,,,,,,,,,
404.0,-0.011668414278088313,0.07243330776691437,0.0005619049188680947,0.5207090377807617,0.0,0.09321296,0.03853148,1.0005622,0.12145051,0.068273254,3.7281795e-06,-0.0012891293,-0.0011043549,0.012983322,0.054143537,-0.06845489,0.021048488,0.1515,0.08025163,1.0,,,,,,,,,,,,,,,,,,,,,,,,,,,,,,,,,,,,,,,,,,,,
405.0,-0.011816973117735144,0.07221315056085587,0.0005619287258014083,0.5157003402709961,0.0,0.09371869,0.038816098,1.0005622,0.121375866,0.06830916,3.7317875e-06,-0.0015254021,-0.0009343624,0.012948751,-0.0572363,0.040077396,-0.008380701,0.151875,0.08044755,1.0,,,,,,,,,,,,,,,,,,,,,,,,,,,,,,,,,,,,,,,,,,,,
406.0,-0.01196572135354045,0.07199221849441528,0.0005619764560833573,0.5106850862503052,0.0,0.09422415,0.03910091,1.0005623,0.12130806,0.0683548,3.724433e-06,-0.0013036728,-0.001222372,0.013036251,0.05415164,-0.06843923,0.021052858,0.15225,0.08064345,1.0,,,,,,,,,,,,,,,,,,,,,,,,,,,,,,,,,,,,,,,,,,,,
407.0,-0.012114661698688817,0.07177052646875381,0.0005619764560833573,0.5056632161140442,0.0,0.09472927,0.039385874,1.0005623,0.12122861,0.068391204,3.358364e-06,-0.0015399456,-0.0010523796,0.013001442,-0.05723045,0.040086795,-0.0083908895,0.152625,0.080839336,1.0,,,,,,,,,,,,,,,,,,,,,,,,,,,,,,,,,,,,,,,,,,,,
408.0,-0.012263788940695668,0.07154814153909683,0.0005620241281576455,0.5006349086761475,0.0,0.09523408,0.03967103,1.0005623,0.121156015,0.06843735,3.4384964e-06,-0.0013179779,-0.0013403893,0.013088942,0.054159738,-0.06842358,0.02105722,0.153,0.0810352,1.0,,,,,,,,,,,,,,,,,,,,,,,,,,,,,,,,,,,,,,,,,,,,
409.0,-0.012413104417867908,0.07132504135370255,0.0005620241281576455,0.4956001341342926,0.0,0.095738545,0.03995634,1.0005623,0.12107178,0.06847426,3.4185596e-06,-0.0015542507,-0.0011701584,0.013054132,-0.057224605,0.04009619,-0.008401067,0.153375,0.08123104,1.0,,,,,,,,,,,,,,,,,,,,,,,,,,,,,,,,,,,,,,,,,,,,
410.0,-0.012562606315562972,0.07110129296779633,0.0005620241281576455,0.490558922290802,0.0,0.09624269,0.04024184,1.0005623,0.1209944,0.06852091,3.4181053e-06,-0.001332283,-0.001458168,0.013141632,0.05416783,-0.06840793,0.021061575,0.15375,0.08142687,1.0,,,,,,,,,,,,,,,,,,,,,,,,,,,,,,,,,,,,,,,,,,,,
411.0,-0.012712291369803824,0.07087689638137817,0.0005620241281576455,0.4855113923549652,0.0,0.09674647,0.0405275,1.0005623,0.12090537,0.06855831,3.415837e-06,-0.0015683174,-0.0012879372,0.013107061,-0.057218764,0.04010558,-0.008411233,0.154125,0.08162267,1.0,,,,,,,,,,,,,,,,,,,,,,,,,,,,,,,,,,,,,,,,,,,,
412.0,-0.012862154384858878,0.07065187394618988,0.0005620241281576455,0.48045775294303894,0.0,0.097249895,0.040813357,1.0005623,0.120823205,0.06860546,3.41192e-06,-0.0013463497,-0.0015757084,0.013194323,0.054175913,-0.06839229,0.021065924,0.1545,0.08181845,1.0,,,,,,,,,,,,,,,,,,,,,,,,,,,,,,,,,,,,,,,,,,,,
413.0,-0.013012203843312638,0.07042626291513443,0.0005620479350909591,0.4753977060317993,0.0,0.097752936,0.041099373,1.0005623,0.1207294,0.06864337,3.409213e-06,-0.0015826225,-0.0014054775,0.013159752,-0.057212923,0.04011497,-0.008421388,0.154875,0.08201421,1.0,,,,,,,,,,,,,,,,,,,,,,,,,,,,,,,,,,,,,,,,,,,,
414.0,-0.013162433385674471,0.07020007818937302,0.0005620956653729081,0.47033146023750305,0.0,0.09825561,0.041385584,1.0005624,0.12064246,0.06869101,3.4060856e-06,-0.0013606548,-0.0016932487,0.013247013,0.054183997,-0.06837667,0.021070266,0.15525,0.08220995,1.0,,,,,,,,,,,,,,,,,,,,,,,,,,,,,,,,,,,,,,,,,,,,
415.0,-0.013312838732542154,0.06997336447238922,0.0005621433374471962,0.4652591943740845,0.0,0.09875788,0.041671958,1.0005624,0.1205439,0.0687294,3.0340132e-06,-0.0015966892,-0.0015230179,0.013212442,-0.05720709,0.040124357,-0.008431533,0.155625,0.08240567,1.0,,,,,,,,,,,,,,,,,,,,,,,,,,,,,,,,,,,,,,,,,,,,
416.0,-0.0134634240666579,0.06974610686302185,0.0005621433374471962,0.46018069982528687,0.0,0.099259764,0.04195853,1.0005624,0.12045219,0.06877754,3.1183006e-06,-0.0013747215,-0.0018107891,0.013299704,0.054192074,-0.068361044,0.0210746,0.156,0.08260137,1.0,,,,,,,,,,,,,,,,,,,,,,,,,,,,,,,,,,,,,,,,,,,,
417.0,-0.013614183741524089,0.06951840221881866,0.0005621433374471962,0.4550962746143341,0.0,0.09976121,0.042245265,1.0005624,0.12034885,0.06881643,3.0923823e-06,-0.0016107559,-0.0016405582,0.013265133,-0.05720126,0.04013374,-0.008441668,0.156375,0.08279705,1.0,,,,,,,,,,,,,,,,,,,,,,,,,,,,,,,,,,,,,,,,,,,,
418.0,-0.01376511945259572,0.06929019093513489,0.0005621433374471962,0.45000576972961426,0.0,0.10026226,0.0425322,1.0005624,0.12025238,0.06886505,3.0960794e-06,-0.0013887882,-0.0019283295,0.013352394,0.054200143,-0.06834543,0.02107893,0.15675,0.0829927,1.0,,,,,,,,,,,,,,,,,,,,,,,,,,,,,,,,,,,,,,,,,,,,
419.0,-0.01391623223876159,0.0690615326166153,0.0005621433374471962,0.4449091851711273,0.0,0.10076287,0.042819306,1.0005624,0.12014429,0.06890443,3.0878355e-06,-0.0016248226,-0.0017578602,0.013317585,-0.05719543,0.04014312,-0.0084517915,0.157125,0.08318834,1.0,,,,,,,,,,,,,,,,,,,,,,,,,,,,,,,,,,,,,,,,,,,,
420.0,-0.014067516001954031,0.06883244216442108,0.0005621433374471962,0.4398067593574524,0.0,0.101263046,0.04310661,1.0005624,0.12004306,0.068953544,3.08807e-06,-0.0014028549,-0.002045393,0.013405085,0.05420821,-0.06832982,0.021083249,0.1575,0.08338396,1.0,,,,,,,,,,,,,,,,,,,,,,,,,,,,,,,,,,,,,,,,,,,,
421.0,-0.014218972765425861,0.06860300153493881,0.0005621433374471962,0.4346984028816223,0.0,0.10176276,0.043394085,1.0005624,0.11993022,0.068993405,3.0793922e-06,-0.0016388893,-0.0018749237,0.0133702755,-0.057189606,0.040152498,-0.008461904,0.157875,0.083579555,1.0,,,,,,,,,,,,,,,,,,,,,,,,,,,,,,,,,,,,,,,,,,,,
422.0,-0.014370597746783278,0.0683731660246849,0.0005621910095214844,0.429584264755249,0.0,0.10226202,0.043681763,1.0005624,0.11982425,0.069043,3.0804163e-06,-0.0014169216,-0.002162695,0.013457775,0.054216273,-0.06831422,0.021087565,0.15825,0.08377513,1.0,,,,,,,,,,,,,,,,,,,,,,,,,,,,,,,,,,,,,,,,,,,,
423.0,-0.014522397490254479,0.06814297288656235,0.000562262546736747,0.4244641661643982,0.0,0.1027608,0.04396961,1.0005624,0.11970666,0.06908335,3.0703072e-06,-0.0016527176,-0.0019922256,0.013422966,-0.057183784,0.04016187,-0.008472005,0.158625,0.08397068,1.0,,,,,,,,,,,,,,,,,,,,,,,,,,,,,,,,,,,,,,,,,,,,
424.0,-0.014674366515657494,0.0679124966263771,0.000562262546736747,0.41933825612068176,0.0,0.10325912,0.044257667,1.0005625,0.11959595,0.06913342,3.0723559e-06,-0.0014307499,-0.0022797585,0.013510227,0.054224327,-0.068298616,0.021091871,0.159,0.084166214,1.0,,,,,,,,,,,,,,,,,,,,,,,,,,,,,,,,,,,,,,,,,,,,
425.0,-0.014826505423870187,0.06768171489238739,0.000562262546736747,0.4142065644264221,0.0,0.10375693,0.044545893,1.0005625,0.11947363,0.069174245,2.692833e-06,-0.0016667843,-0.0021090508,0.013475418,-0.05717797,0.040171243,-0.008482096,0.159375,0.08436173,1.0,,,,,,,,,,,,,,,,,,,,,,,,,,,,,,,,,,,,,,,,,,,,
426.0,-0.014978816131413261,0.06745065748691559,0.000562262546736747,0.4090689718723297,0.0,0.10425425,0.044834327,1.0005625,0.119358175,0.069224805,2.7823087e-06,-0.0014445782,-0.0023965836,0.013562918,0.05423238,-0.06828303,0.021096172,0.15975,0.08455722,1.0,,,,,,,,,,,,,,,,,,,,,,,,,,,,,,,,,,,,,,,,,,,,
427.0,-0.015131297384227041,0.06721935421228409,0.000562262546736747,0.4039255678653717,0.0,0.10475104,0.045122936,1.0005625,0.11923113,0.06926611,2.7489434e-06,-0.0016806126,-0.0022261143,0.013528109,-0.057172153,0.040180612,-0.0084921755,0.160125,0.08475269,1.0,,,,,,,,,,,,,,,,,,,,,,,,,,,,,,,,,,,,,,,,,,,,
428.0,-0.015284097368338374,0.06698782742023468,0.000562262546736747,0.398776650428772,0.0,0.10524734,0.045411758,1.0005625,0.11911095,0.06931715,2.7578296e-06,-0.0014584064,-0.002513647,0.01361537,0.054240428,-0.06826745,0.021100465,0.1605,0.08494814,1.0,,,,,,,,,,,,,,,,,,,,,,,,,,,,,,,,,,,,,,,,,,,,
429.0,-0.015436753017703086,0.06675611436367035,0.0005623102188110352,0.39362192153930664,0.0,0.10574309,0.045700755,1.0005625,0.11897917,0.06935892,2.7421447e-06,-0.0016942024,-0.0023429394,0.013580561,-0.05716634,0.040189978,-0.008502245,0.160875,0.085143566,1.0,,,,,,,,,,,,,,,,,,,,,,,,,,,,,,,,,,,,,,,,,,,,
430.0,-0.015590241295511263,0.06652422249317169,0.0005623102188110352,0.38846132159233093,0.0,0.10623831,0.045989964,1.0005625,0.11885427,0.06941043,2.747569e-06,-0.0014722347,-0.0026302338,0.01366806,0.054248467,-0.06825188,0.021104753,0.16125,0.08533897,1.0,,,,,,,,,,,,,,,,,,,,,,,,,,,,,,,,,,,,,,,,,,,,
431.0,-0.01574305295878585,0.06629221141338348,0.0005623102188110352,0.3832952082157135,0.0,0.10673297,0.046279352,1.0005625,0.118717775,0.06945268,2.731456e-06,-0.0017080307,-0.002459526,0.013633013,-0.057160534,0.04019934,-0.008512302,0.161625,0.08553436,1.0,,,,,,,,,,,,,,,,,,,,,,,,,,,,,,,,,,,,,,,,,,,,
432.0,-0.01589700182750712,0.06606010347604752,0.0005623578908853233,0.3781234920024872,0.0,0.10722709,0.046568953,1.0005625,0.118588164,0.069504656,2.7376702e-06,-0.0014858246,-0.0027470589,0.013720512,0.054256506,-0.06823631,0.021109033,0.162,0.08572972,1.0,,,,,,,,,,,,,,,,,,,,,,,,,,,,,,,,,,,,,,,,,,,,
433.0,-0.01605020004364906,0.0658278614282608,0.0005623817560262978,0.3729461133480072,0.0,0.10772062,0.046858735,1.0005625,0.11844695,0.06954738,2.7201327e-06,-0.0017216206,-0.0025761127,0.013685703,-0.05715473,0.040208697,-0.00852235,0.162375,0.08592506,1.0,,,,,,,,,,,,,,,,,,,,,,,,,,,,,,,,,,,,,,,,,,,,
434.0,-0.01620532615825687,0.0655955970287323,0.0005623817560262978,0.3677632808685303,0.0,0.10821359,0.047148734,1.0005627,0.118312635,0.06959982,2.7273707e-06,-0.0014994144,-0.0028634071,0.0137729645,0.054264538,-0.06822075,0.021113306,0.16275,0.08612038,1.0,,,,,,,,,,,,,,,,,,,,,,,,,,,,,,,,,,,,,,,,,,,,
435.0,-0.016358838600405764,0.065363310277462,0.0005623817560262978,0.36257481575012207,0.0,0.108705945,0.047438912,1.0005627,0.11816672,0.069643006,2.3404266e-06,-0.0017352104,-0.0026926994,0.013738155,-0.05714893,0.040218055,-0.008532387,0.163125,0.08631568,1.0,,,,,,,,,,,,,,,,,,,,,,,,,,,,,,,,,,,,,,,,,,,,
436.0,-0.016514346633202878,0.06513102352619171,0.0005623817560262978,0.35738083720207214,0.0,0.10919773,0.047729313,1.0005627,0.1180277,0.06969592,2.435091e-06,-0.0015130043,-0.0029799938,0.013825417,0.054272562,-0.0682052,0.021117572,0.1635,0.08651096,1.0,,,,,,,,,,,,,,,,,,,,,,,,,,,,,,,,,,,,,,,,,,,,
437.0,-0.016668182646364223,0.0648987665772438,0.0005624294281005859,0.35218140482902527,0.0,0.109688886,0.048019893,1.0005627,0.117877096,0.06973957,2.39431e-06,-0.0017488003,-0.0028090477,0.013790607,-0.057143133,0.040227406,-0.008542413,0.163875,0.08670621,1.0,,,,,,,,,,,,,,,,,,,,,,,,,,,,,,,,,,,,,,,,,,,,
438.0,-0.016824011775185867,0.06466654688119888,0.0005624294281005859,0.34697654843330383,0.0,0.11017944,0.048310697,1.0005627,0.11773338,0.06979295,2.408386e-06,-0.0015265942,-0.003096342,0.013877869,0.054280583,-0.06818965,0.021121832,0.16425,0.08690145,1.0,,,,,,,,,,,,,,,,,,,,,,,,,,,,,,,,,,,,,,,,,,,,
439.0,-0.016978166364703978,0.06443445384502411,0.0005624294281005859,0.3417663276195526,0.0,0.11066935,0.048601687,1.0005627,0.11757808,0.069837056,2.3852917e-06,-0.0017623901,-0.002925396,0.01384306,-0.05713734,0.040236756,-0.008552427,0.164625,0.08709666,1.0,,,,,,,,,,,,,,,,,,,,,,,,,,,,,,,,,,,,,,,,,,,,
440.0,-0.01713431286313335,0.0642024502158165,0.0005624294281005859,0.3365507423877716,0.0,0.11115864,0.048892897,1.0005627,0.11742967,0.069890894,2.3959055e-06,-0.001540184,-0.003212452,0.013930321,0.0542886,-0.06817412,0.021126084,0.165,0.08729185,1.0,,,,,,,,,,,,,,,,,,,,,,,,,,,,,,,,,,,,,,,,,,,,
441.0,-0.017288785010178075,0.06397058069705963,0.0005624294281005859,0.3313297927379608,0.0,0.11164726,0.049184296,1.0005627,0.11726969,0.069935456,2.3723896e-06,-0.0017757416,-0.0030415058,0.013895273,-0.05713155,0.040246107,-0.008562432,0.165375,0.08748702,1.0,,,,,,,,,,,,,,,,,,,,,,,,,,,,,,,,,,,,,,,,,,,,
442.0,-0.01744515494589687,0.06373890489339828,0.0005624771001748741,0.3261035680770874,0.0,0.11213525,0.04947592,1.0005627,0.1171166,0.069989756,2.3837936e-06,-0.0015535355,-0.0033285618,0.013982773,0.054296613,-0.06815858,0.02113033,0.16575,0.087682165,1.0,,,,,,,,,,,,,,,,,,,,,,,,,,,,,,,,,,,,,,,,,,,,
443.0,-0.017599845290545275,0.06350743770599365,0.0005624771001748741,0.32087215781211853,0.0,0.11262255,0.049767733,1.0005627,0.11695194,0.07003478,2.3588589e-06,-0.0017893314,-0.0031576157,0.013947725,-0.057125766,0.04025545,-0.008572426,0.166125,0.08787729,1.0,,,,,,,,,,,,,,,,,,,,,,,,,,,,,,,,,,,,,,,,,,,,
444.0,-0.017756524383302535,0.06327615678310394,0.0005624771001748741,0.3156355023384094,0.0,0.113109194,0.05005977,1.0005627,0.11679418,0.07008953,2.3712869e-06,-0.0015668869,-0.0034446716,0.0140349865,0.05430462,-0.068143055,0.02113457,0.1665,0.08807239,1.0,,,,,,,,,,,,,,,,,,,,,,,,,,,,,,,,,,,,,,,,,,,,
445.0,-0.017911526231568862,0.06304512917995453,0.0005625486373901367,0.31039363145828247,0.0,0.11359513,0.050352,1.0005627,0.11662485,0.070135005,2.3448802e-06,-0.0018026829,-0.003273487,0.014000177,-0.05711998,0.040264793,-0.008582409,0.166875,0.088267475,1.0,,,,,,,,,,,,,,,,,,,,,,,,,,,,,,,,,,,,,,,,,,,,
446.0,-0.018068512769505107,0.0628143697977066,0.0005625486373901367,0.3051466643810272,0.0,0.11408039,0.050644457,1.0005628,0.11646242,0.070190206,2.3583452e-06,-0.0015802383,-0.003560543,0.014087439,0.05431262,-0.06812754,0.021138802,0.16725,0.08846253,1.0,,,,,,,,,,,,,,,,,,,,,,,,,,,,,,,,,,,,,,,,,,,,
447.0,-0.018223818288106305,0.06258389353752136,0.0005625486373901367,0.2998946011066437,0.0,0.114564925,0.05093711,1.0005628,0.116288416,0.07023613,1.962537e-06,-0.0018157959,-0.0033893585,0.014052391,-0.057114203,0.04027413,-0.00859238,0.167625,0.088657565,1.0,,,,,,,,,,,,,,,,,,,,,,,,,,,,,,,,,,,,,,,,,,,,
448.0,-0.018381108670128925,0.06235373020172119,0.0005625486373901367,0.29463744163513184,0.0,0.115048766,0.05122999,1.0005628,0.11612132,0.07029178,2.063428e-06,-0.0015935898,-0.0036764145,0.014139652,0.05432062,-0.06811203,0.021143029,0.168,0.088852584,1.0,,,,,,,,,,,,,,,,,,,,,,,,,,,,,,,,,,,,,,,,,,,,
449.0,-0.01853671587217232,0.062123917043209076,0.0005625486373901367,0.28937527537345886,0.0,0.115531854,0.051523067,1.0005628,0.11594267,0.07033815,2.01379e-06,-0.0018291473,-0.00350523,0.014104843,-0.057108425,0.040283464,-0.008602342,0.168375,0.08904757,1.0,,,,,,,,,,,,,,,,,,,,,,,,,,,,,,,,,,,,,,,,,,,,
450.0,-0.01869430789042981,0.06189446896314621,0.0005625486373901367,0.28410804271698,0.0,0.116014235,0.051816378,1.0005628,0.11577092,0.07039425,2.0340938e-06,-0.0016067028,-0.0037920475,0.014192104,0.05432861,-0.068096526,0.021147247,0.16875,0.08924255,1.0,,,,,,,,,,,,,,,,,,,,,,,,,,,,,,,,,,,,,,,,,,,,
451.0,-0.01885021173795722,0.061665378510951996,0.0005625486373901367,0.2788359820842743,0.0,0.11649585,0.052109882,1.0005628,0.115587614,0.07044107,2.0021496e-06,-0.0018422604,-0.003620863,0.014157057,-0.057102654,0.0402928,-0.008612292,0.169125,0.08943749,1.0,,,,,,,,,,,,,,,,,,,,,,,,,,,,,,,,,,,,,,,,,,,,
452.0,-0.019008097675018692,0.061436720192432404,0.0005625963094644248,0.27355894446372986,0.0,0.11697673,0.05240362,1.0005628,0.115411215,0.07049761,2.0189912e-06,-0.0016200542,-0.0039076805,0.014244318,0.054336596,-0.06808103,0.021151459,0.1695,0.089632414,1.0,,,,,,,,,,,,,,,,,,,,,,,,,,,,,,,,,,,,,,,,,,,,
453.0,-0.019164525656151638,0.06120850890874863,0.0005625963094644248,0.2682770788669586,0.0,0.11745683,0.052697558,1.0005628,0.115223266,0.070544876,1.9866327e-06,-0.0018553734,-0.003736496,0.0142092705,-0.057096884,0.040302128,-0.008622232,0.169875,0.08982732,1.0,,,,,,,,,,,,,,,,,,,,,,,,,,,,,,,,,,,,,,,,,,,,
454.0,-0.01932324173244415,0.06098073720932007,0.0005625963094644248,0.26299047470092773,0.0,0.11793617,0.052991733,1.0005628,0.115042225,0.07060186,2.0042646e-06,-0.0016331673,-0.0040233135,0.014296532,0.05434458,-0.06806554,0.021155663,0.17025,0.0900222,1.0,,,,,,,,,,,,,,,,,,,,,,,,,,,,,,,,,,,,,,,,,,,,
455.0,-0.019480437104455996,0.060753434896469116,0.000562643981538713,0.25769907236099243,0.0,0.11841471,0.053286105,1.0005628,0.114849634,0.07064956,1.9704946e-06,-0.0018684864,-0.0038518906,0.014261484,-0.057091117,0.040311456,-0.008632161,0.170625,0.09021706,1.0,,,,,,,,,,,,,,,,,,,,,,,,,,,,,,,,,,,,,,,,,,,,
456.0,-0.019639303532810484,0.06052664667367935,0.000562643981538713,0.2524029612541199,0.0,0.118892476,0.05358072,1.0005628,0.11466396,0.07070698,1.989151e-06,-0.0016460419,-0.004138708,0.014348745,0.054352555,-0.06805006,0.021159861,0.171,0.090411894,1.0,,,,,,,,,,,,,,,,,,,,,,,,,,,,,,,,,,,,,,,,,,,,
457.0,-0.01979739509986357,0.060300398617982864,0.000562643981538713,0.24710224568843842,0.0,0.119369425,0.053875532,1.0005628,0.114466734,0.07075512,1.9539164e-06,-0.0018815994,-0.003967285,0.014313698,-0.057085354,0.040320776,-0.008642079,0.171375,0.090606704,1.0,,,,,,,,,,,,,,,,,,,,,,,,,,,,,,,,,,,,,,,,,,,,
458.0,-0.01995654641273759,0.06007469817996025,0.000562643981538713,0.24179686605930328,0.0,0.11984558,0.054170586,1.0005628,0.11427643,0.07081297,1.9736096e-06,-0.0016591549,-0.0042541027,0.014400959,0.054360528,-0.06803458,0.021164054,0.17175,0.0908015,1.0,,,,,,,,,,,,,,,,,,,,,,,,,,,,,,,,,,,,,,,,,,,,
459.0,-0.020114923427764372,0.0598495714366436,0.0005626678466796875,0.23648685216903687,0.0,0.12032089,0.05446584,1.0005628,0.11407458,0.07086155,1.9369083e-06,-0.001894474,-0.0040824413,0.0143659115,-0.057079595,0.040330097,-0.008651987,0.172125,0.090996265,1.0,,,,,,,,,,,,,,,,,,,,,,,,,,,,,,,,,,,,,,,,,,,,
460.0,-0.020274352068544072,0.0596250519156456,0.0005626678466796875,0.23117245733737946,0.0,0.120795384,0.054761343,1.0005629,0.11387965,0.070919834,1.9576398e-06,-0.0016720295,-0.004369259,0.014453173,0.054368496,-0.068019114,0.021168238,0.1725,0.09119101,1.0,,,,,,,,,,,,,,,,,,,,,,,,,,,,,,,,,,,,,,,,,,,,
461.0,-0.02043300563131743,0.05940115451812744,0.0005626678466796875,0.22585345804691315,0.0,0.121269025,0.055057045,1.0005629,0.11367319,0.07096884,1.5515466e-06,-0.001907587,-0.0041975975,0.014418125,-0.057073843,0.040339418,-0.008661883,0.172875,0.09138573,1.0,,,,,,,,,,,,,,,,,,,,,,,,,,,,,,,,,,,,,,,,,,,,
462.0,-0.020592707567829716,0.05917789787054062,0.0005626678466796875,0.2205301821231842,0.0,0.12174183,0.055352993,1.0005629,0.11347364,0.07102756,1.6597018e-06,-0.0016851425,-0.0044841766,0.014505386,0.054376457,-0.068003654,0.021172415,0.17325,0.09158043,1.0,,,,,,,,,,,,,,,,,,,,,,,,,,,,,,,,,,,,,,,,,,,,
463.0,-0.020751625289333973,0.058955322951078415,0.0005627155187539756,0.21520262956619263,0.0,0.12221376,0.055649146,1.0005629,0.11326256,0.07107699,1.5997877e-06,-0.0019204617,-0.0043127537,0.014470339,-0.05706809,0.04034873,-0.008671769,0.173625,0.091775104,1.0,,,,,,,,,,,,,,,,,,,,,,,,,,,,,,,,,,,,,,,,,,,,
464.0,-0.020911592000778367,0.05873342603445053,0.0005627155187539756,0.20987077057361603,0.0,0.12268483,0.05594555,1.0005629,0.1130584,0.07113614,1.6273572e-06,-0.0016980171,-0.004599333,0.0145576,0.054384414,-0.0679882,0.021176586,0.174,0.09196976,1.0,,,,,,,,,,,,,,,,,,,,,,,,,,,,,,,,,,,,,,,,,,,,
465.0,-0.021070772802955072,0.058512281626462936,0.0005627155187539756,0.20453469455242157,0.0,0.12315501,0.056242157,1.0005629,0.11284272,0.071186,1.5851443e-06,-0.0019330978,-0.0044276714,0.0145225525,-0.05706234,0.040358044,-0.008681645,0.174375,0.09216439,1.0,,,,,,,,,,,,,,,,,,,,,,,,,,,,,,,,,,,,,,,,,,,,
466.0,-0.021230997310983185,0.05829184129834175,0.0005627155187539756,0.19919449090957642,0.0,0.12362432,0.056539014,1.0005629,0.11263396,0.07124557,1.6092524e-06,-0.0017106533,-0.0047142506,0.014609575,0.054392368,-0.06797276,0.02118075,0.17475,0.092359,1.0,,,,,,,,,,,,,,,,,,,,,,,,,,,,,,,,,,,,,,,,,,,,
467.0,-0.021390431470691876,0.058072179555892944,0.0005627631908282638,0.19385021924972534,0.0,0.124092706,0.05683608,1.0005629,0.112413675,0.07129586,1.5666337e-06,-0.0019459724,-0.004542589,0.014574528,-0.057056595,0.040367354,-0.008691509,0.175125,0.09255358,1.0,,,,,,,,,,,,,,,,,,,,,,,,,,,,,,,,,,,,,,,,,,,,
468.0,-0.021550900349583936,0.0578533299267292,0.0005627631908282638,0.18850211799144745,0.0,0.12456021,0.057133395,1.0005629,0.11220032,0.07135586,1.591532e-06,-0.0017235279,-0.00482893,0.014661789,0.054400314,-0.06795732,0.021184908,0.1755,0.09274814,1.0,,,,,,,,,,,,,,,,,,,,,,,,,,,,,,,,,,,,,,,,,,,,
469.0,-0.021710766721862455,0.057635270059108734,0.0005627631908282638,0.18315008282661438,0.0,0.12502678,0.057430923,1.0005629,0.11197544,0.07140656,1.5475108e-06,-0.0019586086,-0.0046572685,0.014626741,-0.057050854,0.04037666,-0.008701364,0.175875,0.09294268,1.0,,,,,,,,,,,,,,,,,,,,,,,,,,,,,,,,,,,,,,,,,,,,
470.0,-0.021870992783459955,0.05741807818412781,0.0005627631908282638,0.17779426276683807,0.0,0.12549242,0.0577287,1.0005629,0.111757495,0.071466975,1.5734333e-06,-0.0017361641,-0.0049436092,0.014713764,0.054408256,-0.06794188,0.02118906,0.17625,0.0931372,1.0,,,,,,,,,,,,,,,,,,,,,,,,,,,,,,,,,,,,,,,,,,,,
471.0,-0.022031018205565488,0.057201724499464035,0.0005627631908282638,0.17243479192256927,0.0,0.12595713,0.058026694,1.0005629,0.11152803,0.07151809,1.527956e-06,-0.0019712448,-0.004771948,0.014678717,-0.057045117,0.04038596,-0.008711207,0.176625,0.09333169,1.0,,,,,,,,,,,,,,,,,,,,,,,,,,,,,,,,,,,,,,,,,,,,
472.0,-0.02219131285967815,0.05698623135685921,0.0005627631908282638,0.16707172989845276,0.0,0.1264209,0.058324937,1.0005629,0.1113055,0.07157893,1.5549157e-06,-0.0017488003,-0.0050582886,0.014765978,0.054416195,-0.06792646,0.021193203,0.177,0.093526155,1.0,,,,,,,,,,,,,,,,,,,,,,,,,,,,,,,,,,,,,,,,,,,,
473.0,-0.022351717736357024,0.056771595031023026,0.0005627631908282638,0.1617051512002945,0.0,0.1268837,0.0586234,1.0005629,0.11107145,0.07163046,1.5079802e-06,-0.001983881,-0.004886389,0.014730692,-0.05703938,0.04039526,-0.008721039,0.177375,0.0937206,1.0,,,,,,,,,,,,,,,,,,,,,,,,,,,,,,,,,,,,,,,,,,,,
474.0,-0.022512223602603628,0.05655784159898758,0.0005627631908282638,0.15633533895015717,0.0,0.12734555,0.058922116,1.0005629,0.110844344,0.071691714,1.535978e-06,-0.0017614365,-0.0051727295,0.014817953,0.05442413,-0.067911044,0.02119734,0.17775,0.093915015,1.0,,,,,,,,,,,,,,,,,,,,,,,,,,,,,,,,,,,,,,,,,,,,
475.0,-0.02267283352888008,0.05634499341249466,0.0005627631908282638,0.150962233543396,0.0,0.12780641,0.059221048,1.0005629,0.110605724,0.07174367,1.4875853e-06,-0.0019965172,-0.0050008297,0.014782667,-0.05703365,0.04040456,-0.00873086,0.178125,0.094109416,1.0,,,,,,,,,,,,,,,,,,,,,,,,,,,,,,,,,,,,,,,,,,,,
476.0,-0.02283353355123764,0.05613308399915695,0.0005628109211102128,0.1455862671136856,0.0,0.1282663,0.059520233,1.0005629,0.11037405,0.07180533,1.5166211e-06,-0.0017738342,-0.0052871704,0.014869928,0.054432057,-0.06789563,0.02120147,0.1785,0.094303794,1.0,,,,,,,,,,,,,,,,,,,,,,,,,,,,,,,,,,,,,,,,,,,,
477.0,-0.02299432715495423,0.055922042578458786,0.0005628109211102128,0.14020735025405884,0.0,0.12872519,0.059819642,1.0005629,0.11013086,0.07185768,1.4667727e-06,-0.002008915,-0.0051152706,0.014834881,-0.05702792,0.040413853,-0.008740672,0.178875,0.09449814,1.0,,,,,,,,,,,,,,,,,,,,,,,,,,,,,,,,,,,,,,,,,,,,
478.0,-0.02315520455483165,0.055711936205625534,0.0005628347280435264,0.13482579588890076,0.0,0.12918307,0.06011931,1.0005629,0.10989462,0.071919754,1.4968464e-06,-0.0017864704,-0.005401373,0.014921904,0.05443998,-0.06788022,0.021205595,0.17925,0.09469247,1.0,,,,,,,,,,,,,,,,,,,,,,,,,,,,,,,,,,,,,,,,,,,,
479.0,-0.023316157112464864,0.055502794682979584,0.0005628347280435264,0.12944188714027405,0.0,0.12963994,0.060419194,1.000563,0.109646864,0.07197253,1.4455434e-06,-0.0020215511,-0.005229473,0.014886856,-0.0570222,0.040423144,-0.008750472,0.179625,0.09488677,1.0,,,,,,,,,,,,,,,,,,,,,,,,,,,,,,,,,,,,,,,,,,,,
480.0,-0.02347717486516704,0.05529458075761795,0.0005628347280435264,0.12405597418546677,0.0,0.1300958,0.06071934,1.000563,0.10940607,0.072035,1.1087311e-06,-0.0017988682,-0.0055155754,0.014973879,0.0544479,-0.06786483,0.021209711,0.18,0.09508105,1.0,,,,,,,,,,,,,,,,,,,,,,,,,,,,,,,,,,,,,,,,,,,,
481.0,-0.023638252316279255,0.05508734658360481,0.0005628347280435264,0.11866823583841324,0.0,0.13055061,0.061019707,1.000563,0.10915376,0.072088175,1.1423572e-06,-0.002033949,-0.005343437,0.014938593,-0.057016477,0.04043243,-0.008760262,0.180375,0.095275305,1.0,,,,,,,,,,,,,,,,,,,,,,,,,,,,,,,,,,,,,,,,,,,,
482.0,-0.023799373363815907,0.054881058633327484,0.0005628347280435264,0.11327921599149704,0.0,0.1310044,0.061320335,1.000563,0.10890841,0.07215106,1.1542259e-06,-0.001811266,-0.0056295395,0.015025854,0.054455813,-0.067849435,0.021213822,0.18075,0.09546954,1.0,,,,,,,,,,,,,,,,,,,,,,,,,,,,,,,,,,,,,,,,,,,,
483.0,-0.10392315144725509,0.0548785924911499,0.0005350828287191689,0.10925181955099106,1.0,0.1314571,0.06162119,1.000563,0.108651556,0.07220463,1.104779e-06,-0.0020463467,-0.0054576397,0.014990568,-0.05701076,0.040441718,-0.008770042,0.181125,0.09566375,1.0,,,,,,,,,,,,,,,,,,,,,,,,,,,,,,,,,,,,,,,,,,,,
