step,reward,mean_form_error_m,mean_z_error_m,min_dyn_distance_m,collision_flag,x_m,y_m,z_m,vx_mps,vy_mps,vz_mps,roll_rad,pitch_rad,yaw_rad,wx_rps,wy_rps,wz_rps,x_des_m,y_des_m,z_des_m,ic_pos_jitter_d0_x_m,ic_pos_jitter_d0_y_m,ic_pos_jitter_d0_z_m,ic_yaw_jitter_d0_rad,ic_vel_jitter_d0_x_mps,ic_vel_jitter_d0_y_mps,ic_vel_jitter_d0_z_mps,ic_pos_jitter_d1_x_m,ic_pos_jitter_d1_y_m,ic_pos_jitter_d1_z_m,ic_yaw_jitter_d1_rad,ic_vel_jitter_d1_x_mps,ic_vel_jitter_d1_y_mps,ic_vel_jitter_d1_z_mps,ic_pos_jitter_d2_x_m,ic_pos_jitter_d2_y_m,ic_pos_jitter_d2_z_m,ic_yaw_jitter_d2_rad,ic_vel_jitter_d2_x_mps,ic_vel_jitter_d2_y_mps,ic_vel_jitter_d2_z_mps,ic_pos_jitter_d3_x_m,ic_pos_jitter_d3_y_m,ic_pos_jitter_d3_z_m,ic_yaw_jitter_d3_rad,ic_vel_jitter_d3_x_mps,ic_vel_jitter_d3_y_mps,ic_vel_jitter_d3_z_mps,ic_pos_jitter_d4_x_m,ic_pos_jitter_d4_y_m,ic_pos_jitter_d4_z_m,ic_yaw_jitter_d4_rad,ic_vel_jitter_d4_x_mps,ic_vel_jitter_d4_y_mps,ic_vel_jitter_d4_z_mps,ic_obstacle_jitter_x_m,ic_obstacle_jitter_y_m,ic_obstacle_jitter_z_m,ic_dynamic_jitter_x_m,ic_dynamic_jitter_y_m,ic_dynamic_jitter_z_m,episode,max_steps,timestamp_unix
,,,,,,,,,,,,,,,,,,,,,-0.0686882210513701,-0.21873969854411995,-0.2758276695786645,0.3750507442985179,-0.08993052729635634,0.17232536659497621,0.010018530651807633,-0.050218199746442704,-0.2672487697703575,-0.2540017505409658,-0.2593283561860285,0.1427946830363761,0.014464286664197745,-0.04415856231087076,0.22726177355142813,0.09726949586616979,0.0922858437291092,0.3491432070988213,0.15242591878989714,-0.07302206613828308,-0.12886165263577026,0.0925481333333168,0.07585263685854843,-0.018081558436866707,-0.09708155236611138,-0.16064114956223152,-0.08752702244746363,0.1400247425370747,0.24367170627603657,-0.1154697195723828,-0.18633232454227744,0.03314773993809028,0.12475453102401979,-0.06534989451014073,-0.19668116550203388,-0.09468049927116506,-0.18000800300714667,0.2962247637915467,-0.01456067240223985,0.158219428816897,0.0006329780465370582,32.0,1000.0,1764624894.5541196
0.0,-0.002579360597751216,0.0004262070287950337,3.224611282348633e-05,1.2556819915771484,0.0,0.0,0.0,0.99996775,0.0,0.0,-7.1650784e-06,0.0,0.0,0.0,0.0,0.0,0.0,0.0,0.0,1.0,,,,,,,,,,,,,,,,,,,,,,,,,,,,,,,,,,,,,,,,,,,,
1.0,-0.0025819819427466825,0.0008506145095452666,3.224611282348633e-05,1.2556495666503906,0.0,0.0,0.0,0.99996775,0.0,0.0,-7.026824e-06,0.0,0.0,0.0,0.0,0.0,0.0,0.000375,0.0002,1.0,,,,,,,,,,,,,,,,,,,,,,,,,,,,,,,,,,,,,,,,,,,,
2.0,-0.002583328781597744,0.0012753488263115287,3.230571746826172e-05,1.2556006908416748,0.0,0.0,0.0,0.99996775,0.0,0.0,-7.059283e-06,-0.00012803078,0.00023984909,0.0,-0.030714178,0.057589088,0.0,0.00075,0.00039999993,1.0,,,,,,,,,,,,,,,,,,,,,,,,,,,,,,,,,,,,,,,,,,,,
3.0,-0.0025853179765638295,0.0017002441454678774,3.230571746826172e-05,1.255535364151001,0.0,4.086726e-08,2.1795872e-08,0.9999677,9.808143e-06,5.2310093e-06,-7.0531732e-06,0.00020241737,2.1457672e-05,0.0,0.07927969,-0.052410748,-1.2316217e-05,0.001125,0.0005999998,1.0,,,,,,,,,,,,,,,,,,,,,,,,,,,,,,,,,,,,,,,,,,,,
4.0,-0.002587310571684703,0.002125086961314082,3.236532211303711e-05,1.255453109741211,0.0,8.540076e-08,9.12324e-09,0.9999677,1.0688039e-05,-3.0414317e-06,-6.869978e-06,7.43866e-05,0.00026154518,1.1920929e-06,-0.03072544,0.05758821,0.00028527447,0.0015,0.00079999946,1.0,,,,,,,,,,,,,,,,,,,,,,,,,,,,,,,,,,,,,,,,,,,,
5.0,-0.002589305723925009,0.0025500194169580936,3.236532211303711e-05,1.2553542852401733,0.0,1.7446632e-07,-1.6206657e-08,0.99996763,2.1375736e-05,-6.0791754e-06,-6.913652e-06,0.00040459633,4.3153763e-05,-2.4080276e-05,0.07926684,-0.05241106,-0.0060845534,0.001875,0.000999999,1.0,,,,,,,,,,,,,,,,,,,,,,,,,,,,,,,,,,,,,,,,,,,,
6.0,-0.002591304290299104,0.0029749192763119936,3.24249267578125e-05,1.2552387714385986,0.0,2.7086097e-07,-1.10442734e-07,0.99996763,2.3134717e-05,-2.261666e-05,-6.721307e-06,0.00027656555,0.00028300285,7.224083e-05,-0.030735558,0.05757703,0.023127267,0.00225,0.0011999982,1.0,,,,,,,,,,,,,,,,,,,,,,,,,,,,,,,,,,,,,,,,,,,,
7.0,-0.0025933065401908613,0.003399871988222003,3.24249267578125e-05,1.2551063299179077,0.0,4.154474e-07,-2.5175655e-07,0.9999676,3.470074e-05,-3.3915316e-05,-6.7662813e-06,0.0006067753,6.4611435e-05,4.673004e-05,0.07925311,-0.052409466,-0.0061006187,0.002625,0.0013999972,1.0,,,,,,,,,,,,,,,,,,,,,,,,,,,,,,,,,,,,,,,,,,,,
8.0,-0.002595311389242215,0.0038248379714787006,3.248453140258789e-05,1.2549569606781006,0.0,5.710221e-07,-4.963804e-07,0.9999676,3.7337933e-05,-5.870972e-05,-6.5761665e-06,0.0004787445,0.00030446053,0.00014328957,-0.030756464,0.057564907,0.023135802,0.003,0.0015999958,1.0,,,,,,,,,,,,,,,,,,,,,,,,,,,,,,,,,,,,,,,,,,,,
9.0,-0.0025973197752820853,0.004249849356710911,3.248453140258789e-05,1.2547905445098877,0.0,7.7844174e-07,-8.224632e-07,0.9999675,4.9780716e-05,-7.825989e-05,-6.619769e-06,0.0008087158,8.606911e-05,0.00011777878,0.079239376,-0.052407872,-0.006116672,0.003375,0.0017999939,1.0,,,,,,,,,,,,,,,,,,,,,,,,,,,,,,,,,,,,,,,,,,,,
10.0,-0.002599331072929454,0.004674867726862431,3.254413604736328e-05,1.25460684299469,0.0,1.0005024e-06,-1.2862208e-06,0.9999675,5.3294545e-05,-0.000111301815,-6.432509e-06,0.00068068504,0.0003259182,0.00021409988,-0.030777361,0.05755279,0.023144327,0.00375,0.0019999917,1.0,,,,,,,,,,,,,,,,,,,,,,,,,,,,,,,,,,,,,,,,,,,,
11.0,-0.002601345860464426,0.005099939648061991,3.254413604736328e-05,1.2544058561325073,0.0,1.2780545e-06,-1.8657795e-06,0.99996746,6.661251e-05,-0.00013909409,-6.4745914e-06,0.0010106564,0.00010752678,0.0001885891,0.07922566,-0.052406278,-0.006132712,0.004125,0.0021999888,1.0,,,,,,,,,,,,,,,,,,,,,,,,,,,,,,,,,,,,,,,,,,,,
12.0,-0.0026033638908549627,0.005525046493858099,3.260374069213867e-05,1.2541875839233398,0.0,1.5738937e-06,-2.6173384e-06,0.99996746,7.100141e-05,-0.00018037415,-6.2902195e-06,0.00088238716,0.00034737587,0.00028514862,-0.030798247,0.057540674,0.02315284,0.0045,0.0023999857,1.0,,,,,,,,,,,,,,,,,,,,,,,,,,,,,,,,,,,,,,,,,,,,
13.0,-0.0026053851900858737,0.005950214806944132,3.260374069213867e-05,1.2539517879486084,0.0,1.9288645e-06,-3.5190017e-06,0.9999674,8.519298e-05,-0.00021639916,-6.330772e-06,0.0012123585,0.00012874603,0.00025963783,0.07921194,-0.052404687,-0.0061487397,0.004875,0.0025999816,1.0,,,,,,,,,,,,,,,,,,,,,,,,,,,,,,,,,,,,,,,,,,,,
14.0,-0.0026074090800608254,0.0063754357397556305,3.260374069213867e-05,1.253698468208313,0.0,2.3057619e-06,-4.6269515e-06,0.9999674,9.045537e-05,-0.00026590796,-6.1492874e-06,0.0010840893,0.00036859512,0.00035619736,-0.030819124,0.05752856,0.023161342,0.00525,0.002799977,1.0,,,,,,,,,,,,,,,,,,,,,,,,,,,,,,,,,,,,,,,,,,,,
15.0,-0.0026094375609194693,0.006800737231969833,3.266334533691406e-05,1.253427267074585,0.0,2.7454244e-06,-5.9192694e-06,0.9999674,0.000105518986,-0.0003101563,-6.18831e-06,0.0014138222,0.0001502037,0.00033044815,0.079198234,-0.052403096,-0.0061647547,0.005625,0.0029999719,1.0,,,,,,,,,,,,,,,,,,,,,,,,,,,,,,,,,,,,,,,,,,,,
16.0,-0.0026114684492407835,0.007226088084280491,3.266334533691406e-05,1.2531384229660034,0.0,3.2106461e-06,-7.4521204e-06,0.99996734,0.00011165326,-0.0003678842,-6.193675e-06,0.001285553,0.00038981438,0.00042700768,-0.030839989,0.057516444,0.023169836,0.006,0.003199966,1.0,,,,,,,,,,,,,,,,,,,,,,,,,,,,,,,,,,,,,,,,,,,,
17.0,-0.0026135036860767294,0.007651537656784058,3.272294998168945e-05,1.2528315782546997,0.0,3.7422606e-06,-9.203565e-06,0.99996734,0.00012758742,-0.0004203468,-6.004012e-06,0.0016152859,0.00017142296,0.00040125847,0.07918454,-0.052401505,-0.0061807567,0.006375,0.003399959,1.0,,,,,,,,,,,,,,,,,,,,,,,,,,,,,,,,,,,,,,,,,,,,
18.0,-0.0026155419121045276,0.00807705707848072,3.272294998168945e-05,1.2525067329406738,0.0,4.3030605e-06,-1.1229751e-05,0.9999673,0.00013459203,-0.00048628458,-6.0655893e-06,0.0014867783,0.00041103363,0.000497818,-0.030860843,0.05750433,0.023178317,0.00675,0.0035999515,1.0,,,,,,,,,,,,,,,,,,,,,,,,,,,,,,,,,,,,,,,,,,,,
19.0,-0.002617584025972611,0.00850268267095089,3.2782554626464844e-05,1.2521636486053467,0.0,4.9338737e-06,-1.3508717e-05,0.9999673,0.0001513951,-0.00054695184,-5.8618743e-06,0.0018167496,0.00019264221,0.0004720688,0.079170845,-0.052399915,-0.0061967466,0.007125,0.0037999428,1.0,,,,,,,,,,,,,,,,,,,,,,,,,,,,,,,,,,,,,,,,,,,,
20.0,-0.0026196291401880457,0.008928395807743073,3.2782554626464844e-05,1.2518025636672974,0.0,5.597492e-06,-1.6096592e-05,0.9999672,0.00015926846,-0.0006210902,-5.9292715e-06,0.0016880035,0.00043225288,0.0005686283,-0.030881688,0.05749222,0.023186788,0.0075,0.003999933,1.0,,,,,,,,,,,,,,,,,,,,,,,,,,,,,,,,,,,,,,,,,,,,
21.0,-0.0026216776578039573,0.009354211390018463,3.2782554626464844e-05,1.2514228820800781,0.0,6.3347375e-06,-1.8971396e-05,0.9999672,0.00017693885,-0.0006899527,-5.723335e-06,0.0020177364,0.00021362305,0.0005428791,0.07915716,-0.052398328,-0.006212724,0.007875,0.004199923,1.0,,,,,,,,,,,,,,,,,,,,,,,,,,,,,,,,,,,,,,,,,,,,
22.0,-0.0026237301055392894,0.009780126623809338,3.2842159271240234e-05,1.251024842262268,0.0,7.1084014e-06,-2.2189239e-05,0.9999672,0.0001856794,-0.00077228225,-5.793771e-06,0.0018892288,0.00045323372,0.00063943863,-0.030902522,0.057480104,0.023195248,0.00825,0.004399911,1.0,,,,,,,,,,,,,,,,,,,,,,,,,,,,,,,,,,,,,,,,,,,,
23.0,-0.002625786762054486,0.010206194594502449,3.2842159271240234e-05,1.2506083250045776,0.0,7.959299e-06,-2.5728115e-05,0.99996716,0.00020421545,-0.00084933033,-5.7702296e-06,0.0022187233,0.00023460388,0.0006136894,0.07914348,-0.05239674,-0.0062286886,0.008625,0.0045998986,1.0,,,,,,,,,,,,,,,,,,,,,,,,,,,,,,,,,,,,,,,,,,,,
24.0,-0.002626357484714391,0.010632327757775784,3.2901763916015625e-05,1.2501730918884277,0.0,8.850223e-06,-2.9644125e-05,0.99996716,0.00021382167,-0.00093984226,-5.616394e-06,0.0020902157,0.00047421455,0.00071024895,-0.030923344,0.057467997,0.023203699,0.009,0.0047998847,1.0,,,,,,,,,,,,,,,,,,,,,,,,,,,,,,,,,,,,,,,,,,,,
25.0,-0.0026292209468476357,0.011058601550757885,3.2901763916015625e-05,1.2497190237045288,0.0,9.821981e-06,-3.3915236e-05,0.9999671,0.00023322184,-0.0010250667,-5.6446484e-06,0.0018246174,0.00025558472,0.00068449974,-0.06370137,-0.052496616,-0.0061769057,0.009375,0.00499987,1.0,,,,,,,,,,,,,,,,,,,,,,,,,,,,,,,,,,,,,,,,,,,,
26.0,-0.002629798146114627,0.011484956368803978,3.2901763916015625e-05,1.24924635887146,0.0,1.0837293e-05,-3.8496175e-05,0.9999671,0.00024367515,-0.0010994251,-5.429542e-06,0.0020172596,0.0004951954,0.00078105927,0.0462311,0.05752559,0.023158185,0.00975,0.0051998533,1.0,,,,,,,,,,,,,,,,,,,,,,,,,,,,,,,,,,,,,,,,,,,,
27.0,-0.002632667933314226,0.011911416426301003,3.2961368560791016e-05,1.2487545013427734,0.0,1.1937006e-05,-4.3419674e-05,0.9999671,0.00026393108,-0.0011816397,-5.4988586e-06,0.0017516613,0.00027680397,0.00075531006,-0.06369987,-0.05249727,-0.0061755423,0.010125,0.0053998358,1.0,,,,,,,,,,,,,,,,,,,,,,,,,,,,,,,,,,,,,,,,,,,,
28.0,-0.0026332511069733304,0.01233792956918478,3.2961368560791016e-05,1.2482435703277588,0.0,1.308384e-05,-4.864046e-05,0.99996704,0.00027523993,-0.0012529889,-5.458679e-06,0.0019445419,0.0005161762,0.0008518696,0.046225425,0.057534847,0.023149235,0.0105,0.0055998173,1.0,,,,,,,,,,,,,,,,,,,,,,,,,,,,,,,,,,,,,,,,,,,,
29.0,-0.002636127545581258,0.012764563784003258,3.2961368560791016e-05,1.247713327407837,0.0,1.4318643e-05,-5.419127e-05,0.99996704,0.00029635263,-0.0013321945,-5.3025947e-06,0.0016789436,0.0002977848,0.00082588196,-0.06369838,-0.05249793,-0.006174174,0.010875,0.005799797,1.0,,,,,,,,,,,,,,,,,,,,,,,,,,,,,,,,,,,,,,,,,,,,
30.0,-0.0026367165881441912,0.01319124735891819,3.3020973205566406e-05,1.247164011001587,0.0,1.5604133e-05,-6.0026832e-05,0.99996704,0.00030851792,-0.0014005352,-5.3159347e-06,0.0018718243,0.0005373955,0.0009224415,0.04621975,0.057544097,0.023140285,0.01125,0.005999775,1.0,,,,,,,,,,,,,,,,,,,,,,,,,,,,,,,,,,,,,,,,,,,,
31.0,-0.0026395987342999437,0.013618034310638905,3.3020973205566406e-05,1.2465953826904297,0.0,1.6981166e-05,-6.6179884e-05,0.999967,0.0003304881,-0.0014767316,-5.3308827e-06,0.001606226,0.00031876564,0.0008966923,-0.06369689,-0.052498586,-0.0061728014,0.011625,0.0061997515,1.0,,,,,,,,,,,,,,,,,,,,,,,,,,,,,,,,,,,,,,,,,,,,
32.0,-0.0026401949425926435,0.014044876210391521,3.30805778503418e-05,1.2460072040557861,0.0,1.8412462e-05,-7.260515e-05,0.999967,0.0003435108,-0.0015420646,-5.1207057e-06,0.0017988682,0.0005583763,0.0009930134,0.04621408,0.057553343,0.023131331,0.012,0.006399727,1.0,,,,,,,,,,,,,,,,,,,,,,,,,,,,,,,,,,,,,,,,,,,,
33.0,-0.0026430833023739987,0.014471764676272869,3.30805778503418e-05,1.2453994750976562,0.0,1.9938876e-05,-7.933537e-05,0.9999669,0.00036633943,-0.0016152526,-5.187763e-06,0.0015332699,0.0003399849,0.0009672642,-0.0636954,-0.052499242,-0.0061714235,0.012375,0.0065997005,1.0,,,,,,,,,,,,,,,,,,,,,,,,,,,,,,,,,,,,,,,,,,,,
34.0,-0.0026436847909571955,0.01489874254912138,3.30805778503418e-05,1.24477219581604,0.0,2.1523128e-05,-8.632528e-05,0.9999669,0.00038022036,-0.0016775781,-4.965954e-06,0.0017261505,0.00057959557,0.0010635853,0.04620841,0.057562586,0.023122378,0.01275,0.0067996723,1.0,,,,,,,,,,,,,,,,,,,,,,,,,,,,,,,,,,,,,,,,,,,,
35.0,-0.002646579473988096,0.015325752086937428,3.314018249511719e-05,1.244125247001648,0.0,2.320608e-05,-9.36076e-05,0.9999669,0.00040390834,-0.0017477581,-5.0353747e-06,0.0014605522,0.00036120415,0.0010378361,-0.06369391,-0.0524999,-0.0061700414,0.013125,0.0069996426,1.0,,,,,,,,,,,,,,,,,,,,,,,,,,,,,,,,,,,,,,,,,,,,
36.0,-0.002647186902313845,0.01575283519923687,3.314018249511719e-05,1.2434587478637695,0.0,2.4950448e-05,-0.00010113709,0.99996686,0.00041864833,-0.0018070763,-4.997577e-06,0.0016531944,0.0006008148,0.0011341572,0.046202745,0.057571825,0.02311342,0.0135,0.007199611,1.0,,,,,,,,,,,,,,,,,,,,,,,,,,,,,,,,,,,,,,,,,,,,
37.0,-0.002650087041789087,0.016179945319890976,3.314018249511719e-05,1.2427723407745361,0.0,2.67971e-05,-0.000108946464,0.99996686,0.00044319665,-0.0018742492,-4.839466e-06,0.0013875961,0.0003824234,0.001108408,-0.06369242,-0.05250056,-0.0061686547,0.013875,0.007399578,1.0,,,,,,,,,,,,,,,,,,,,,,,,,,,,,,,,,,,,,,,,,,,,
38.0,-0.002650700980096014,0.01660711131989956,3.319978713989258e-05,1.2420661449432373,0.0,2.8708753e-05,-0.000116990464,0.99996686,0.00045879665,-0.0019305608,-4.855688e-06,0.0015804768,0.0006220341,0.0012047291,0.046197083,0.057581056,0.023104463,0.01425,0.007599543,1.0,,,,,,,,,,,,,,,,,,,,,,,,,,,,,,,,,,,,,,,,,,,,
39.0,-0.002653607011470017,0.017034310847520828,3.319978713989258e-05,1.2413400411605835,0.0,3.0726278e-05,-0.00012530183,0.9999668,0.00048420602,-0.0019947265,-4.8684933e-06,0.0013148785,0.00040364265,0.0011789799,-0.06369094,-0.052501217,-0.0061672633,0.014625,0.0077995057,1.0,,,,,,,,,,,,,,,,,,,,,,,,,,,,,,,,,,,,,,,,,,,,
40.0,-0.002654226218690753,0.01746155135333538,3.319978713989258e-05,1.2405941486358643,0.0,3.281239e-05,-0.00013383529,0.9999668,0.00050066697,-0.0020480324,-4.6612245e-06,0.0015075207,0.0006432533,0.001275301,0.04619142,0.057590287,0.023095503,0.015,0.007999467,1.0,,,,,,,,,,,,,,,,,,,,,,,,,,,,,,,,,,,,,,,,,,,,
41.0,-0.0026571383216127398,0.01788879558444023,3.325939178466797e-05,1.2398282289505005,0.0,3.5007968e-05,-0.00014262358,0.9999668,0.0005269383,-0.0021091914,-4.7261346e-06,0.0012419224,0.0004248619,0.0012493134,-0.06368945,-0.052501876,-0.0061658677,0.015375,0.008199425,1.0,,,,,,,,,,,,,,,,,,,,,,,,,,,,,,,,,,,,,,,,,,,,
42.0,-0.002657763724008705,0.018316099420189857,3.325939178466797e-05,1.2390424013137817,0.0,3.727572e-05,-0.00015162147,0.99996674,0.000544261,-0.0021594914,-4.691199e-06,0.0014345646,0.000664711,0.0013456345,0.04618576,0.05759951,0.02308654,0.01575,0.008399382,1.0,,,,,,,,,,,,,,,,,,,,,,,,,,,,,,,,,,,,,,,,,,,,
43.0,-0.002660681503635732,0.018743399530649185,3.325939178466797e-05,1.2382365465164185,0.0,3.9656534e-05,-0.00016086166,0.99996674,0.0005713954,-0.0022176448,-4.531319e-06,0.0011689663,0.00044631958,0.0013198853,-0.063687965,-0.052502535,-0.006164467,0.016125,0.008599337,1.0,,,,,,,,,,,,,,,,,,,,,,,,,,,,,,,,,,,,,,,,,,,,
44.0,-0.002661312552969351,0.01917073130607605,3.331899642944336e-05,1.2374107837677002,0.0,4.2113123e-05,-0.00017029891,0.99996674,0.00058958074,-0.0022649395,-4.5497595e-06,0.0013616085,0.00068616867,0.0014162064,0.046180103,0.05760873,0.023077577,0.0165,0.00879929,1.0,,,,,,,,,,,,,,,,,,,,,,,,,,,,,,,,,,,,,,,,,,,,
45.0,-0.0026642359701858753,0.019598068669438362,3.331899642944336e-05,1.236565113067627,0.0,4.4686367e-05,-0.00017996594,0.9999667,0.00061757874,-0.0023200873,-4.5609486e-06,0.0010960102,0.00046777725,0.0013902187,-0.06368648,-0.05250319,-0.0061630616,0.016875,0.008999241,1.0,,,,,,,,,,,,,,,,,,,,,,,,,,,,,,,,,,,,,,,,,,,,
46.0,-0.002664871597645145,0.020025376230478287,3.331899642944336e-05,1.2356992959976196,0.0,4.733898e-05,-0.00018981751,0.9999667,0.0006366278,-0.0023643777,-4.355862e-06,0.0012888908,0.0007073879,0.0014865398,0.046174448,0.057617947,0.023068612,0.01725,0.009199189,1.0,,,,,,,,,,,,,,,,,,,,,,,,,,,,,,,,,,,,,,,,,,,,
47.0,-0.0026678014281963027,0.02045273594558239,3.331899642944336e-05,1.2348135709762573,0.0,5.011186e-05,-0.00019988634,0.9999667,0.0006654904,-0.0024165201,-4.419165e-06,0.0010230541,0.0004889965,0.0014607906,-0.06368501,-0.05250385,-0.0061616516,0.017625,0.009399135,1.0,,,,,,,,,,,,,,,,,,,,,,,,,,,,,,,,,,,,,,,,,,,,
48.0,-0.002668442859890699,0.02088005281984806,3.337860107421875e-05,1.2339078187942505,0.0,5.296771e-05,-0.0002101272,0.9999667,0.0006854038,-0.0024578061,-4.3864093e-06,0.0012159348,0.0007288456,0.0015568733,0.046168793,0.05762716,0.023059646,0.018,0.009599078,1.0,,,,,,,,,,,,,,,,,,,,,,,,,,,,,,,,,,,,,,,,,,,,
49.0,-0.0026713779903192437,0.021307416260242462,3.337860107421875e-05,1.2329821586608887,0.0,5.5947425e-05,-0.00022057281,0.9999666,0.000715132,-0.0025069444,-4.408889e-06,0.00095009804,0.0005104542,0.0015311241,-0.063683525,-0.05250451,-0.006160237,0.018375,0.009799019,1.0,,,,,,,,,,,,,,,,,,,,,,,,,,,,,,,,,,,,,,,,,,,,
50.0,-0.002672024836085724,0.02173469588160515,3.337860107421875e-05,1.2320364713668823,0.0,5.901372e-05,-0.00023117791,0.9999666,0.0007359108,-0.0025452268,-4.202354e-06,0.0011429787,0.00075030327,0.0016272068,0.04616314,0.05763637,0.023050677,0.01875,0.009998959,1.0,,,,,,,,,,,,,,,,,,,,,,,,,,,,,,,,,,,,,,,,,,,,
51.0,-0.0026749654643995614,0.022162016481161118,3.343820571899414e-05,1.2310709953308105,0.0,6.2207495e-05,-0.00024197526,0.9999666,0.0007665054,-0.0025913608,-4.2652678e-06,0.00087714195,0.00053215027,0.0016014576,-0.06368205,-0.05250517,-0.006158818,0.019125,0.010198895,1.0,,,,,,,,,,,,,,,,,,,,,,,,,,,,,,,,,,,,,,,,,,,,
52.0,-0.0026756179014105867,0.022589294239878654,3.343820571899414e-05,1.2300857305526733,0.0,6.5491455e-05,-0.0002529196,0.99996656,0.0007881503,-0.00262664,-4.2338056e-06,0.0010700226,0.00077199936,0.0016975403,0.046157494,0.05764557,0.023041707,0.0195,0.010398828,1.0,,,,,,,,,,,,,,,,,,,,,,,,,,,,,,,,,,,,,,,,,,,,
53.0,-0.002678563389391837,0.0230165533721447,3.343820571899414e-05,1.2290806770324707,0.0,6.8906505e-05,-0.00026404363,0.99996656,0.0008196124,-0.0026697705,-4.0712885e-06,0.00080418587,0.00055360794,0.0016717911,-0.063680574,-0.05250583,-0.006157394,0.019875,0.010598759,1.0,,,,,,,,,,,,,,,,,,,,,,,,,,,,,,,,,,,,,,,,,,,,
54.0,-0.00267922186184465,0.023443762212991714,3.349781036376953e-05,1.2280558347702026,0.0,7.241536e-05,-0.00027530215,0.99996656,0.0008421244,-0.0027020471,-4.0933523e-06,0.0009968281,0.00079345703,0.0017678738,0.046151847,0.05765477,0.023032734,0.02025,0.010798688,1.0,,,,,,,,,,,,,,,,,,,,,,,,,,,,,,,,,,,,,,,,,,,,
55.0,-0.0026821726038938863,0.023870978504419327,3.349781036376953e-05,1.2270114421844482,0.0,7.605892e-05,-0.00028672788,0.9999665,0.0008744545,-0.0027421743,-4.1018707e-06,0.0007312298,0.0005750656,0.0017418861,-0.0636791,-0.052506488,-0.006155966,0.020625,0.010998613,1.0,,,,,,,,,,,,,,,,,,,,,,,,,,,,,,,,,,,,,,,,,,,,
56.0,-0.00268283526026682,0.024298107251524925,3.349781036376953e-05,1.2259474992752075,0.0,7.9799895e-05,-0.00029827558,0.9999665,0.00089783454,-0.0027714486,-3.9004144e-06,0.000923872,0.0008151531,0.0018379688,0.046146203,0.057663962,0.02302376,0.021,0.0111985365,1.0,,,,,,,,,,,,,,,,,,,,,,,,,,,,,,,,,,,,,,,,,,,,
57.0,-0.0026857911701201977,0.02472519688308239,3.349781036376953e-05,1.224863886833191,0.0,8.36792e-05,-0.00030997797,0.9999665,0.0009310337,-0.0028085732,-3.9610472e-06,0.0006582737,0.0005967617,0.0018122196,-0.063677624,-0.052507147,-0.0061545325,0.021375,0.011398457,1.0,,,,,,,,,,,,,,,,,,,,,,,,,,,,,,,,,,,,,,,,,,,,
58.0,-0.0026864597378071244,0.025152256712317467,3.355741500854492e-05,1.223760962486267,0.0,8.7659544e-05,-0.00032178985,0.9999665,0.00095528254,-0.0028348458,-3.9319207e-06,0.0008509159,0.0008368492,0.0019083023,0.04614056,0.057673153,0.023014784,0.02175,0.011598374,1.0,,,,,,,,,,,,,,,,,,,,,,,,,,,,,,,,,,,,,,,,,,,,
59.0,-0.0026894208198244554,0.02557925321161747,3.355741500854492e-05,1.222638726234436,0.0,9.178184e-05,-0.00033374387,0.99996644,0.0009893517,-0.0028689683,-3.9517327e-06,0.0005850792,0.0006184578,0.0018823147,-0.063676156,-0.052507807,-0.006153095,0.022125,0.011798289,1.0,,,,,,,,,,,,,,,,,,,,,,,,,,,,,,,,,,,,,,,,,,,,
60.0,-0.002690093953110777,0.02600621059536934,3.355741500854492e-05,1.2214971780776978,0.0,9.60088e-05,-0.00034579486,0.99996644,0.0010144702,-0.0028922397,-3.748825e-06,0.0007779598,0.0008585453,0.0019783974,0.04613492,0.05768234,0.023005806,0.0225,0.0119982,1.0,,,,,,,,,,,,,,,,,,,,,,,,,,,,,,,,,,,,,,,,,,,,
61.0,-0.0026930601625769763,0.026433086022734642,3.355741500854492e-05,1.2203365564346313,0.0,0.000100381345,-0.00035797554,0.99996644,0.0010494102,-0.0029233606,-3.8090743e-06,0.0005121231,0.0006401539,0.0019526482,-0.06367468,-0.052508466,-0.006151653,0.022875,0.012198108,1.0,,,,,,,,,,,,,,,,,,,,,,,,,,,,,,,,,,,,,,,,,,,,
62.0,-0.0026939701590871757,0.026859885081648827,3.361701965332031e-05,1.2191567420959473,0.0,0.00010486218,-0.00037024065,0.99996644,0.0010753993,-0.002943631,-3.7812383e-06,0.0007047653,0.0008802414,0.0020484924,0.04612928,0.057691522,0.022996826,0.02325,0.012398014,1.0,,,,,,,,,,,,,,,,,,,,,,,,,,,,,,,,,,,,,,,,,,,,
63.0,-0.0026971732246991583,0.027286604046821594,3.361701965332031e-05,1.2179583311080933,0.0,0.00010949222,-0.00038262297,0.9999664,0.001111211,-0.0029717507,-3.800023e-06,0.0004389286,0.0007531643,0.0020227432,-0.06371809,-0.030598136,-0.006134763,0.023625,0.012597917,1.0,,,,,,,,,,,,,,,,,,,,,,,,,,,,,,,,,,,,,,,,,,,,
64.0,-0.0026980879781606294,0.027713224291801453,3.361701965332031e-05,1.2167410850524902,0.0,0.000114249735,-0.0003950772,0.9999664,0.0011418035,-0.0029890134,-3.6011972e-06,0.00063180923,0.0010845661,0.002118826,0.046081778,0.07960668,0.022993226,0.024,0.012797816,1.0,,,,,,,,,,,,,,,,,,,,,,,,,,,,,,,,,,,,,,,,,,,,
65.0,-0.002701295876818834,0.02813972905278206,3.361701965332031e-05,1.2155050039291382,0.0,0.000119191194,-0.000407636,0.9999664,0.0011859494,-0.003014117,-3.664537e-06,0.00036597252,0.000957489,0.0020930767,-0.063720934,-0.030609034,-0.0061233714,0.024375,0.012997712,1.0,,,,,,,,,,,,,,,,,,,,,,,,,,,,,,,,,,,,,,,,,,,,
66.0,-0.0027022156077163755,0.02856610342860222,3.36766242980957e-05,1.2142504453659058,0.0,0.00012429482,-0.0004202542,0.9999664,0.0012248725,-0.0030283642,-3.6389476e-06,0.00055861473,0.0012888908,0.002188921,0.04607713,0.07960564,0.022974102,0.02475,0.013197605,1.0,,,,,,,,,,,,,,,,,,,,,,,,,,,,,,,,,,,,,,,,,,,,
67.0,-0.002705428024930553,0.028992274776101112,3.36766242980957e-05,1.2129775285720825,0.0,0.00012961711,-0.0004329644,0.9999663,0.0012773472,-0.0030504512,-3.663806e-06,0.00029277802,0.0011618137,0.0021631718,-0.06372378,-0.030619927,-0.0061119776,0.025125,0.013397493,1.0,,,,,,,,,,,,,,,,,,,,,,,,,,,,,,,,,,,,,,,,,,,,
68.0,-0.0027063516932444727,0.029418285936117172,3.36766242980957e-05,1.2116862535476685,0.0,0.00013513626,-0.0004457214,0.9999663,0.0013245958,-0.003061682,-3.4630184e-06,0.00048565865,0.0014929771,0.002259016,0.04607248,0.079604596,0.02295498,0.0255,0.013597379,1.0,,,,,,,,,,,,,,,,,,,,,,,,,,,,,,,,,,,,,,,,,,,,
69.0,-0.002709568232323683,0.029844116419553757,3.36766242980957e-05,1.2103769779205322,0.0,0.00014090873,-0.0004585579,0.9999663,0.0013853932,-0.003080752,-3.531198e-06,0.00021982193,0.0013661385,0.0022332668,-0.06372662,-0.030630814,-0.0061005815,0.025875,0.013797263,1.0,,,,,,,,,,,,,,,,,,,,,,,,,,,,,,,,,,,,,,,,,,,,
70.0,-0.0027104965413367035,0.030269687995314598,3.3736228942871094e-05,1.2090495824813843,0.0,0.00014691273,-0.00047142856,0.9999663,0.0014409609,-0.003088966,-3.5039366e-06,0.00041246414,0.0016973019,0.002329111,0.046067834,0.07960355,0.022935864,0.02625,0.013997142,1.0,,,,,,,,,,,,,,,,,,,,,,,,,,,,,,,,,,,,,,,,,,,,
71.0,-0.0027137175843792174,0.03069509193301201,3.3736228942871094e-05,1.2077043056488037,0.0,0.00015320472,-0.00048436614,0.99996626,0.0015100756,-0.0031050183,-3.533565e-06,0.00014662743,0.0015702248,0.002303362,-0.06372946,-0.030641697,-0.0060891835,0.026625,0.014197018,1.0,,,,,,,,,,,,,,,,,,,,,,,,,,,,,,,,,,,,,,,,,,,,
72.0,-0.0027146494656312635,0.031120192259550095,3.3736228942871094e-05,1.20634126663208,0.0,0.00015976287,-0.0004973254,0.99996626,0.0015739574,-0.003110215,-3.3311217e-06,0.00033926964,0.0019013882,0.0023992062,0.046063185,0.07960252,0.02291675,0.027,0.01439689,1.0,,,,,,,,,,,,,,,,,,,,,,,,,,,,,,,,,,,,,,,,,,,,
73.0,-0.0027178744399959896,0.03154505416750908,3.3736228942871094e-05,1.2049609422683716,0.0,0.00016664363,-0.0005103389,0.99996626,0.0016513835,-0.003123249,-3.4040656e-06,7.343292e-05,0.0017743111,0.0023732185,-0.06373228,-0.030652575,-0.006077783,0.027375,0.014596758,1.0,,,,,,,,,,,,,,,,,,,,,,,,,,,,,,,,,,,,,,,,,,,,
74.0,-0.0027189507499264754,0.031969599425792694,3.3795833587646484e-05,1.2035629749298096,0.0,0.00017382519,-0.00052336155,0.99996626,0.001723573,-0.0031254275,-3.3751498e-06,0.00026631355,0.0021054745,0.0024690628,0.046058536,0.079601474,0.022897638,0.02775,0.014796623,1.0,,,,,,,,,,,,,,,,,,,,,,,,,,,,,,,,,,,,,,,,,,,,
75.0,-0.0027220384785488693,0.032393861562013626,3.3795833587646484e-05,1.2021479606628418,0.0,0.00018136395,-0.00053642585,0.9999662,0.0018093049,-0.0031354423,-3.4095399e-06,2.3841858e-07,0.0019783974,0.0024433136,-0.063735105,-0.03066345,-0.006066381,0.028125,0.014996485,1.0,,,,,,,,,,,,,,,,,,,,,,,,,,,,,,,,,,,,,,,,,,,,
76.0,-0.002723488743201064,0.03281776234507561,3.3795833587646484e-05,1.2007157802581787,0.0,0.00018923811,-0.0005494867,0.9999662,0.0018897969,-0.0031346024,-3.2054436e-06,0.00019311905,0.0023095608,0.0025389194,0.04605389,0.07960043,0.022878533,0.0285,0.015196342,1.0,,,,,,,,,,,,,,,,,,,,,,,,,,,,,,,,,,,,,,,,,,,,
77.0,-0.0027827131814055694,0.03324136137962341,3.3795833587646484e-05,1.1992666721343994,0.0,0.00019750406,-0.0005625767,0.9999662,0.0019838288,-0.0031415976,-3.2831467e-06,-7.2956085e-05,0.0021824837,0.0025131702,-0.06373793,-0.030674318,-0.0060549765,0.028875,0.015396195,1.0,,,,,,,,,,,,,,,,,,,,,,,,,,,,,,,,,,,,,,,,,,,,
78.0,-0.002785300662086317,0.03366457298398018,3.3855438232421875e-05,1.1978009939193726,0.0,0.00020613997,-0.0005756506,0.9999662,0.002072617,-0.0031377384,-3.2525784e-06,0.000119924545,0.002513647,0.002608776,0.04604924,0.07959939,0.022859432,0.02925,0.015596046,1.0,,,,,,,,,,,,,,,,,,,,,,,,,,,,,,,,,,,,,,,,,,,,
79.0,-0.0027884778153130247,0.0340874120593071,3.3855438232421875e-05,1.1963187456130981,0.0,0.00021520224,-0.0005887411,0.99996614,0.0021749432,-0.0031417138,-3.2917258e-06,-0.00014615059,0.00238657,0.002583027,-0.063740745,-0.030685183,-0.0060435697,0.029625,0.015795892,1.0,,,,,,,,,,,,,,,,,,,,,,,,,,,,,,,,,,,,,,,,,,,,
80.0,-0.002791378634794357,0.03450985997915268,3.3855438232421875e-05,1.1948201656341553,0.0,0.000224669,-0.0006018029,0.99996614,0.0022720227,-0.0031348348,-3.0859776e-06,4.673004e-05,0.0027177334,0.0026786327,0.046044596,0.079598345,0.022840332,0.03,0.015995733,1.0,,,,,,,,,,,,,,,,,,,,,,,,,,,,,,,,,,,,,,,,,,,,
81.0,-0.002794419598695472,0.034931864589452744,3.3855438232421875e-05,1.1933053731918335,0.0,0.00023459665,-0.0006148687,0.99996614,0.0023826377,-0.0031357892,-3.1684353e-06,-0.0002193451,0.0025904179,0.0026528835,-0.063743554,-0.030696042,-0.006032161,0.030375,0.016195571,1.0,,,,,,,,,,,,,,,,,,,,,,,,,,,,,,,,,,,,,,,,,,,,
82.0,-0.002797464090481724,0.03535345941781998,3.3855438232421875e-05,1.191774606704712,0.0,0.00024496333,-0.0006278932,0.99996614,0.0024880017,-0.00312589,-3.136216e-06,-2.6464462e-05,0.0029215813,0.0027484894,0.046039946,0.0795973,0.022821238,0.03075,0.016395405,1.0,,,,,,,,,,,,,,,,,,,,,,,,,,,,,,,,,,,,,,,,,,,,
83.0,-0.002800508505631387,0.03577456623315811,3.3915042877197266e-05,1.1902281045913696,0.0,0.0002558254,-0.00064090913,0.99996614,0.0026068995,-0.0031238229,-3.1801158e-06,-0.0002925396,0.0027945042,0.0027227402,-0.063746355,-0.030706896,-0.00602075,0.031125,0.016595235,1.0,,,,,,,,,,,,,,,,,,,,,,,,,,,,,,,,,,,,,,,,,,,,
84.0,-0.0028035568209973803,0.03619524464011192,3.3915042877197266e-05,1.1886658668518066,0.0,0.000267161,-0.0006538713,0.9999661,0.0027205432,-0.0031109026,-3.1566817e-06,-9.9658966e-05,0.0031254292,0.0028181076,0.0460353,0.07959626,0.022802148,0.0315,0.016795062,1.0,,,,,,,,,,,,,,,,,,,,,,,,,,,,,,,,,,,,,,,,,,,,
85.0,-0.0028066035876783734,0.036615390330553055,3.3915042877197266e-05,1.1870882511138916,0.0,0.00027902648,-0.0006668121,0.9999661,0.0028477188,-0.0031058139,-3.0167357e-06,-0.0003657341,0.002998352,0.0027923584,-0.06374916,-0.030717744,-0.0060093366,0.031875,0.016994882,1.0,,,,,,,,,,,,,,,,,,,,,,,,,,,,,,,,,,,,,,,,,,,,
86.0,-0.002809654481725583,0.03703504055738449,3.3915042877197266e-05,1.1854954957962036,0.0,0.00029139998,-0.0006796866,0.9999661,0.0029696359,-0.003089872,-3.036196e-06,-0.00017309189,0.003329277,0.0028879642,0.04603065,0.079595216,0.022783061,0.03225,0.0171947,1.0,,,,,,,,,,,,,,,,,,,,,,,,,,,,,,,,,,,,,,,,,,,,
87.0,-0.002812703696155397,0.03745417296886444,3.3915042877197266e-05,1.1838876008987427,0.0,0.00030433782,-0.0006925273,0.9999661,0.0031050823,-0.0030817606,-3.0723238e-06,-0.0004389286,0.0032022,0.0028619766,-0.06375195,-0.03072859,-0.0059979213,0.032625,0.017394513,1.0,,,,,,,,,,,,,,,,,,,,,,,,,,,,,,,,,,,,,,,,,,,,
88.0,-0.002815757320863558,0.037872783839702606,3.3974647521972656e-05,1.1822646856307983,0.0,0.0003178181,-0.0007052889,0.9999661,0.0032352675,-0.0030627963,-3.0501799e-06,-0.0002462864,0.003533125,0.0029575825,0.046026006,0.07959417,0.022763977,0.033,0.01759432,1.0,,,,,,,,,,,,,,,,,,,,,,,,,,,,,,,,,,,,,,,,,,,,
89.0,-0.0028188092607857973,0.038290780037641525,3.3974647521972656e-05,1.1806272268295288,0.0,0.0003318972,-0.0007180042,0.999966,0.0033789799,-0.003051662,-3.098254e-06,-0.0005123615,0.0034058094,0.0029315948,-0.063754745,-0.030739428,-0.0059865043,0.033375,0.017794127,1.0,,,,,,,,,,,,,,,,,,,,,,,,,,,,,,,,,,,,,,,,,,,,
90.0,-0.002821864148320914,0.038708217442035675,3.3974647521972656e-05,1.178975224494934,0.0,0.00034655313,-0.00073062786,0.999966,0.003517428,-0.003029675,-2.8890745e-06,-0.0003194809,0.0037369728,0.0030272007,0.04602136,0.07959313,0.022744898,0.03375,0.017993925,1.0,,,,,,,,,,,,,,,,,,,,,,,,,,,,,,,,,,,,,,,,,,,,
91.0,-0.0028249173598827856,0.03912504389882088,3.3974647521972656e-05,1.1773089170455933,0.0,0.0003618423,-0.0007431925,0.999966,0.0036694002,-0.0030155168,-2.9832365e-06,-0.00058555603,0.0036096573,0.003001213,-0.063757524,-0.030750263,-0.0059750844,0.034125,0.018193722,1.0,,,,,,,,,,,,,,,,,,,,,,,,,,,,,,,,,,,,,,,,,,,,
92.0,-0.002827974014311448,0.03954126313328743,3.403425216674805e-05,1.175628662109375,0.0,0.00037774275,-0.0007556529,0.999966,0.0038161043,-0.0029905066,-2.9469343e-06,-0.00039291382,0.0039405823,0.0030965805,0.04601671,0.07959209,0.022725822,0.0345,0.018393511,1.0,,,,,,,,,,,,,,,,,,,,,,,,,,,,,,,,,,,,,,,,,,,,
93.0,-0.0028310289867486227,0.039956845343112946,3.403425216674805e-05,1.1739343404769897,0.0,0.00039431077,-0.00076804176,0.99996597,0.003976331,-0.0029733242,-3.0026863e-06,-0.00065898895,0.0038132668,0.0030708313,-0.0637603,-0.030761093,-0.005963663,0.034875,0.018593298,1.0,,,,,,,,,,,,,,,,,,,,,,,,,,,,,,,,,,,,,,,,,,,,
94.0,-0.0028340860106798754,0.040371742099523544,3.403425216674805e-05,1.1722263097763062,0.0,0.00041152447,-0.0007803138,0.99996597,0.0041312864,-0.0029452897,-2.7911715e-06,-0.00046610832,0.00414443,0.0031661987,0.046012066,0.07959104,0.02270675,0.03525,0.01879308,1.0,,,,,,,,,,,,,,,,,,,,,,,,,,,,,,,,,,,,,,,,,,,,
95.0,-0.0028371419030544663,0.0407860204577446,3.403425216674805e-05,1.1705045700073242,0.0,0.00042944014,-0.00079250167,0.99996597,0.0042997617,-0.0029250826,-2.8902336e-06,-0.00073218346,0.004016876,0.003140211,-0.06376308,-0.030771919,-0.005952239,0.035625,0.018992856,1.0,,,,,,,,,,,,,,,,,,,,,,,,,,,,,,,,,,,,,,,,,,,,
96.0,-0.0028401997031385164,0.04119957238435745,3.403425216674805e-05,1.1687694787979126,0.0,0.00044803583,-0.0008045601,0.99996597,0.0044629616,-0.0028940237,-2.8522475e-06,-0.00053954124,0.0043480396,0.0032355785,0.04600742,0.07959,0.022687683,0.036,0.019192629,1.0,,,,,,,,,,,,,,,,,,,,,,,,,,,,,,,,,,,,,,,,,,,,
97.0,-0.002843256181734334,0.041612423956394196,3.409385681152344e-05,1.1670211553573608,0.0,0.00046736782,-0.0008165217,0.99996597,0.00463968,-0.002870791,-2.9127455e-06,-0.0008056164,0.0042204857,0.0032098293,-0.06376585,-0.030782739,-0.005940813,0.036375,0.019392395,1.0,,,,,,,,,,,,,,,,,,,,,,,,,,,,,,,,,,,,,,,,,,,,
98.0,-0.002846314059421157,0.04202452301979065,3.409385681152344e-05,1.1652597188949585,0.0,0.00048741416,-0.00082834135,0.9999659,0.0048111193,-0.002836707,-2.8835464e-06,-0.00061273575,0.004551649,0.0033049583,0.046002775,0.07958896,0.022668619,0.03675,0.019592158,1.0,,,,,,,,,,,,,,,,,,,,,,,,,,,,,,,,,,,,,,,,,,,,
99.0,-0.002849369711468247,0.042435914278030396,3.409385681152344e-05,1.1634852886199951,0.0,0.0005082311,-0.00084005157,0.9999659,0.0049960753,-0.0028104482,-2.7601918e-06,-0.0008790493,0.004424095,0.0032792091,-0.06376862,-0.030793555,-0.0059293853,0.037125,0.019791916,1.0,,,,,,,,,,,,,,,,,,,,,,,,,,,,,,,,,,,,,,,,,,,,
100.0,-0.002852427986865433,0.042846519500017166,3.409385681152344e-05,1.1616982221603394,0.0,0.00052979676,-0.0008516071,0.9999659,0.0051757484,-0.0027733387,-2.7738886e-06,-0.00068616867,0.00475502,0.0033743382,0.04599813,0.079587914,0.022649558,0.0375,0.019991668,1.0,,,,,,,,,,,,,,,,,,,,,,,,,,,,,,,,,,,,,,,,,,,,
101.0,-0.0028554826695113117,0.04325633496046066,3.409385681152344e-05,1.1598985195159912,0.0,0.0005521673,-0.0008630407,0.9999659,0.0053689354,-0.0027440533,-2.826599e-06,-0.0009522438,0.0046277046,0.003348589,-0.063771375,-0.030804366,-0.005917955,0.037875,0.020191416,1.0,,,,,,,,,,,,,,,,,,,,,,,,,,,,,,,,,,,,,,,,,,,,
102.0,-0.002858539976624289,0.043665364384651184,3.415346145629883e-05,1.1580864191055298,0.0,0.0005753208,-0.000874307,0.9999659,0.0055568363,-0.0027039174,-2.7986955e-06,-0.0007596016,0.0049586296,0.003443718,0.04599348,0.07958687,0.022630502,0.03825,0.020391157,1.0,,,,,,,,,,,,,,,,,,,,,,,,,,,,,,,,,,,,,,,,,,,,
103.0,-0.0028615937845841745,0.04407355189323425,3.415346145629883e-05,1.1562618017196655,0.0,0.0005993135,-0.0008854387,0.99996585,0.0057582487,-0.0026716047,-2.8633438e-06,-0.0010256767,0.0048310757,0.0034177303,-0.06377413,-0.030815171,-0.0059065227,0.038625,0.020590896,1.0,,,,,,,,,,,,,,,,,,,,,,,,,,,,,,,,,,,,,,,,,,,,
104.0,-0.002864649571418367,0.04448092728853226,3.415346145629883e-05,1.1544252634048462,0.0,0.0006241234,-0.0008963905,0.99996585,0.0059543727,-0.002628442,-2.6484088e-06,-0.0008330345,0.0051620007,0.0035128593,0.045988835,0.07958583,0.022611449,0.039,0.020790627,1.0,,,,,,,,,,,,,,,,,,,,,,,,,,,,,,,,,,,,,,,,,,,,
105.0,-0.0028677016847907834,0.04488742724061012,3.415346145629883e-05,1.1525765657424927,0.0,0.00064980675,-0.0009071951,0.99996585,0.006164005,-0.0025931015,-2.7591354e-06,-0.0010991096,0.005034685,0.0034871101,-0.06377688,-0.030825973,-0.0058950884,0.039375,0.020990355,1.0,,,,,,,,,,,,,,,,,,,,,,,,,,,,,,,,,,,,,,,,,,,,
106.0,-0.002870755165997445,0.04529307037591934,3.415346145629883e-05,1.1507161855697632,0.0,0.00067634153,-0.0009178072,0.99996585,0.006368345,-0.0025469116,-2.7170795e-06,-0.00090646744,0.00536561,0.0035822392,0.04598419,0.079584785,0.0225924,0.03975,0.021190077,1.0,,,,,,,,,,,,,,,,,,,,,,,,,,,,,,,,,,,,,,,,,,,,
107.0,-0.0028738053974995737,0.04569782316684723,3.417730476940051e-05,1.1488438844680786,0.0,0.000703784,-0.0009282595,0.99996585,0.0065861917,-0.0025085427,-2.78939e-06,-0.0011725426,0.005238056,0.0035562515,-0.06377963,-0.030836768,-0.0058836523,0.040125,0.021389794,1.0,,,,,,,,,,,,,,,,,,,,,,,,,,,,,,,,,,,,,,,,,,,,
108.0,-0.0028768571656963716,0.0461016520857811,3.421306610107422e-05,1.1469601392745972,0.0,0.0007321121,-0.0009385067,0.99996585,0.006798742,-0.0024593247,-2.7560868e-06,-0.0009799004,0.005568981,0.0036513805,0.045979545,0.079583734,0.022573356,0.0405,0.021589505,1.0,,,,,,,,,,,,,,,,,,,,,,,,,,,,,,,,,,,,,,,,,,,,
109.0,-0.0028799041774252854,0.04650455713272095,3.421306610107422e-05,1.1450647115707397,0.0,0.00076138205,-0.0009485814,0.9999658,0.007024797,-0.0024179271,-2.8285108e-06,-0.0012459755,0.005441427,0.003625393,-0.06378237,-0.03084756,-0.0058722133,0.040875,0.02178921,1.0,,,,,,,,,,,,,,,,,,,,,,,,,,,,,,,,,,,,,,,,,,,,
110.0,-0.0028829522190113553,0.04690651595592499,3.421306610107422e-05,1.143157958984375,0.0,0.00079157186,-0.0009584384,0.9999658,0.0072455537,-0.0023656804,-2.6109528e-06,-0.0010533333,0.005772114,0.003720522,0.0459749,0.07958269,0.022554314,0.04125,0.02198891,1.0,,,,,,,,,,,,,,,,,,,,,,,,,,,,,,,,,,,,,,,,,,,,
111.0,-0.0028859966462984037,0.04730749875307083,3.421306610107422e-05,1.141239881515503,0.0,0.00082273775,-0.0009681103,0.9999658,0.0074798116,-0.0023212533,-2.7287995e-06,-0.0013194084,0.00564456,0.0036945343,-0.063785106,-0.030858347,-0.005860773,0.041625,0.022188606,1.0,,,,,,,,,,,,,,,,,,,,,,,,,,,,,,,,,,,,,,,,,,,,
112.0,-0.0028890418409956535,0.047707509249448776,3.421306610107422e-05,1.139310598373413,0.0,0.0008548576,-0.0009775518,0.9999658,0.0077087665,-0.0022659777,-2.6842745e-06,-0.0011267662,0.005975485,0.0037896633,0.045970254,0.07958165,0.022535276,0.042,0.022388294,1.0,,,,,,,,,,,,,,,,,,,,,,,,,,,,,,,,,,,,,,,,,,,,
113.0,-0.0028920816489938616,0.04810652881860733,3.427267074584961e-05,1.137370228767395,0.0,0.00088798767,-0.0009867956,0.9999658,0.007951221,-0.0022185205,-2.7636663e-06,-0.0013930798,0.005847931,0.0037636757,-0.06378784,-0.030869128,-0.00584933,0.042375,0.022587977,1.0,,,,,,,,,,,,,,,,,,,,,,,,,,,,,,,,,,,,,,,,,,,,
114.0,-0.0028951230455729936,0.048504509031772614,3.427267074584961e-05,1.1354188919067383,0.0,0.0009221059,-0.0009957965,0.9999657,0.00818837,-0.0021602153,-2.7279034e-06,-0.0012001991,0.0061786175,0.0038585663,0.04596561,0.0795806,0.022516241,0.04275,0.022787657,1.0,,,,,,,,,,,,,,,,,,,,,,,,,,,,,,,,,,,,,,,,,,,,
115.0,-0.002898158910492305,0.04890149086713791,3.427267074584961e-05,1.1334567070007324,0.0,0.00095726846,-0.0010045872,0.9999657,0.0084390165,-0.0021097274,-2.6234422e-06,-0.0014665127,0.0060510635,0.0038325787,-0.06379057,-0.030879905,-0.005837885,0.043125,0.022987328,1.0,,,,,,,,,,,,,,,,,,,,,,,,,,,,,,,,,,,,,,,,,,,,
116.0,-0.002901195558865524,0.049297355115413666,3.427267074584961e-05,1.131483554840088,0.0,0.0009934533,-0.001013122,0.9999657,0.008684352,-0.0020483918,-2.6305736e-06,-0.001273632,0.0063819885,0.0039274693,0.045960963,0.079579554,0.022497213,0.0435,0.023186995,1.0,,,,,,,,,,,,,,,,,,,,,,,,,,,,,,,,,,,,,,,,,,,,
117.0,-0.0029042266763466473,0.049692220985889435,3.427267074584961e-05,1.1294996738433838,0.0,0.0010307166,-0.0010214341,0.9999657,0.008943184,-0.0019948732,-2.7021686e-06,-0.0015399456,0.006254196,0.00390172,-0.06379329,-0.030890677,-0.0058264383,0.043875,0.023386655,1.0,,,,,,,,,,,,,,,,,,,,,,,,,,,,,,,,,,,,,,,,,,,,
118.0,-0.0029072581726448795,0.05008595064282417,3.4332275390625e-05,1.1275051832199097,0.0,0.0010690361,-0.0010294778,0.9999657,0.009196701,-0.001930507,-2.6677046e-06,-0.0013473034,0.006585121,0.0039966106,0.04595632,0.07957851,0.022478186,0.04425,0.02358631,1.0,,,,,,,,,,,,,,,,,,,,,,,,,,,,,,,,,,,,,,,,,,,,
119.0,-0.0029102839052683304,0.05047858506441116,3.4332275390625e-05,1.1254997253417969,0.0,0.0011084683,-0.001037286,0.99996567,0.0094637135,-0.0018739566,-2.7512272e-06,-0.001613617,0.006457329,0.003970623,-0.063796,-0.030901445,-0.005814989,0.044625,0.02378596,1.0,,,,,,,,,,,,,,,,,,,,,,,,,,,,,,,,,,,,,,,,,,,,
120.0,-0.002913309830257912,0.05087007209658623,3.4332275390625e-05,1.1234838962554932,0.0,0.0011489908,-0.0010448133,0.99996567,0.009725409,-0.0018065588,-2.5297368e-06,-0.0014207363,0.006788254,0.004065275,0.045951676,0.07957746,0.022459162,0.045,0.023985602,1.0,,,,,,,,,,,,,,,,,,,,,,,,,,,,,,,,,,,,,,,,,,,,
121.0,-0.0029163297041666213,0.05126043036580086,3.4332275390625e-05,1.1214573383331299,0.0,0.0011906599,-0.0010520924,0.99996567,0.010000593,-0.0017469763,-2.6593264e-06,-0.0016870499,0.0066604614,0.004039526,-0.06379871,-0.030912207,-0.005803538,0.045375,0.02418524,1.0,,,,,,,,,,,,,,,,,,,,,,,,,,,,,,,,,,,,,,,,,,,,
122.0,-0.0029193490171879888,0.051649611443281174,3.4332275390625e-05,1.1194202899932861,0.0,0.0012334535,-0.001059078,0.99996567,0.010270458,-0.001676547,-2.6107173e-06,-0.0014944077,0.006991148,0.004134178,0.04594703,0.07957642,0.022440145,0.04575,0.024384871,1.0,,,,,,,,,,,,,,,,,,,,,,,,,,,,,,,,,,,,,,,,,,,,
123.0,-0.002922362634200461,0.05203765630722046,3.435611870372668e-05,1.117372751235962,0.0,0.0012774278,-0.0010658028,0.99996567,0.010553811,-0.0016139317,-2.7018837e-06,-0.0017607212,0.0068633556,0.0041081905,-0.06380142,-0.030922964,-0.005792085,0.046125,0.024584496,1.0,,,,,,,,,,,,,,,,,,,,,,,,,,,,,,,,,,,,,,,,,,,,
124.0,-0.002925375686939014,0.05242445319890976,3.439188003540039e-05,1.1153148412704468,0.0,0.0013225604,-0.0010722213,0.99996567,0.01083184,-0.00154047,-2.6620294e-06,-0.0015678406,0.0071942806,0.004203081,0.045942385,0.079575375,0.022421129,0.0465,0.024784114,1.0,,,,,,,,,,,,,,,,,,,,,,,,,,,,,,,,,,,,,,,,,,,,
125.0,-0.0029283822120921912,0.05281003564596176,3.439188003540039e-05,1.113246202468872,0.0,0.0013689077,-0.0010783664,0.9999656,0.0111233555,-0.0014748216,-2.7533008e-06,-0.0018343925,0.0070664883,0.0041770935,-0.06380412,-0.030933717,-0.00578063,0.046875,0.024983726,1.0,,,,,,,,,,,,,,,,,,,,,,,,,,,,,,,,,,,,,,,,,,,,
126.0,-0.0029313872616592517,0.05319441109895706,3.439188003540039e-05,1.1111674308776855,0.0,0.0014164475,-0.0010841928,0.9999656,0.011409545,-0.0013983267,-2.5291965e-06,-0.0016415119,0.007397175,0.0042717457,0.045937743,0.079574324,0.022402119,0.04725,0.025183333,1.0,,,,,,,,,,,,,,,,,,,,,,,,,,,,,,,,,,,,,,,,,,,,
127.0,-0.0029343864146991047,0.053577519953250885,3.439188003540039e-05,1.109078049659729,0.0,0.0014652358,-0.001089733,0.9999656,0.011709217,-0.0013296446,-2.6658788e-06,-0.0019078255,0.0072693825,0.004245758,-0.06380682,-0.030944467,-0.005769172,0.047625,0.025382934,1.0,,,,,,,,,,,,,,,,,,,,,,,,,,,,,,,,,,,,,,,,,,,,
128.0,-0.00293738357091564,0.05395935848355293,3.439188003540039e-05,1.106978178024292,0.0,0.0015152508,-0.0010949417,0.9999656,0.012003558,-0.0012501166,-2.6148098e-06,-0.0017149448,0.007600069,0.00434041,0.045933098,0.07957328,0.02238311,0.048,0.025582528,1.0,,,,,,,,,,,,,,,,,,,,,,,,,,,,,,,,,,,,,,,,,,,,
129.0,-0.0029403747613627883,0.054339904338121414,3.445148468017578e-05,1.104867696762085,0.0,0.0015665481,-0.0010998518,0.9999656,0.01231138,-0.0011784001,-2.7130307e-06,-0.0019814968,0.0074722767,0.0043144226,-0.06380951,-0.030955208,-0.0057577128,0.048375,0.025782114,1.0,,,,,,,,,,,,,,,,,,,,,,,,,,,,,,,,,,,,,,,,,,,,
130.0,-0.002943364100946693,0.05471916124224663,3.445148468017578e-05,1.1027469635009766,0.0,0.0016191059,-0.0011044178,0.99996555,0.012613868,-0.0010958384,-2.6707255e-06,-0.0017886162,0.0078029633,0.004409075,0.045928452,0.07957223,0.022364108,0.04875,0.025981696,1.0,,,,,,,,,,,,,,,,,,,,,,,,,,,,,,,,,,,,,,,,,,,,
131.0,-0.0029463459099773838,0.0550970658659935,3.445148468017578e-05,1.1006157398223877,0.0,0.0016729803,-0.0011086724,0.99996555,0.012929837,-0.0010210868,-2.5850868e-06,-0.0020551682,0.007675171,0.004383087,-0.063812196,-0.030965947,-0.0057462514,0.049125,0.02618127,1.0,,,,,,,,,,,,,,,,,,,,,,,,,,,,,,,,,,,,,,,,,,,,
132.0,-0.002949326055854512,0.05547363683581352,3.445148468017578e-05,1.0984737873077393,0.0,0.0017281489,-0.0011125702,0.99996555,0.013240467,-0.00093549065,-2.585676e-06,-0.0018622875,0.0080058575,0.0044777393,0.04592381,0.07957119,0.022345107,0.0495,0.026380837,1.0,,,,,,,,,,,,,,,,,,,,,,,,,,,,,,,,,,,,,,,,,,,,
133.0,-0.0029522989366508085,0.055848848074674606,3.445148468017578e-05,1.0963212251663208,0.0,0.001784668,-0.001116144,0.99996555,0.013564574,-0.0008577041,-2.6760836e-06,-0.0021288395,0.007878065,0.0044517517,-0.06381488,-0.030976681,-0.005734788,0.049875,0.026580399,1.0,,,,,,,,,,,,,,,,,,,,,,,,,,,,,,,,,,,,,,,,,,,,
134.0,-0.0029552696880029918,0.05622269958257675,3.451108932495117e-05,1.0941580533981323,0.0,0.0018425152,-0.0011193485,0.99996555,0.013883338,-0.00076907297,-2.6350829e-06,-0.0019359589,0.008208752,0.004546404,0.045919165,0.07957014,0.02232611,0.05025,0.026779953,1.0,,,,,,,,,,,,,,,,,,,,,,,,,,,,,,,,,,,,,,,,,,,,
135.0,-0.0029582322128952018,0.05659513920545578,3.451108932495117e-05,1.0919842720031738,0.0,0.0019017467,-0.0011222161,0.9999655,0.014215578,-0.00068825064,-2.737408e-06,-0.0022025108,0.008080721,0.0045204163,-0.06381755,-0.03098741,-0.005723322,0.050625,0.026979502,1.0,,,,,,,,,,,,,,,,,,,,,,,,,,,,,,,,,,,,,,,,,,,,
136.0,-0.002961193025228133,0.0569661483168602,3.451108932495117e-05,1.0897996425628662,0.0,0.0019623404,-0.0011247019,0.9999655,0.014542474,-0.0005965837,-2.5093868e-06,-0.0020096302,0.0084114075,0.00461483,0.04591452,0.079569094,0.022307118,0.051,0.027179042,1.0,,,,,,,,,,,,,,,,,,,,,,,,,,,,,,,,,,,,,,,,,,,,
137.0,-0.0029642430199413785,0.05733577534556389,3.451108932495117e-05,1.0876044034957886,0.0,0.0020243523,-0.0011268383,0.9999655,0.014882841,-0.0005127252,-2.6577661e-06,-0.0022761822,0.008283377,0.0045888424,-0.06382023,-0.030998133,-0.005711854,0.051375,0.027378578,1.0,,,,,,,,,,,,,,,,,,,,,,,,,,,,,,,,,,,,,,,,,,,,
138.0,-0.0029672905036074045,0.057703882455825806,3.451108932495117e-05,1.0853979587554932,0.0,0.00208776,-0.0011285801,0.9999655,0.015217859,-0.00041802277,-2.6026287e-06,-0.0021493435,0.008614063,0.004683256,0.030052878,0.07949528,0.022419486,0.05175,0.027578104,1.0,,,,,,,,,,,,,,,,,,,,,,,,,,,,,,,,,,,,,,,,,,,,
139.0,-0.002970329548751964,0.0580705925822258,3.453493263805285e-05,1.0831807851791382,0.0,0.0021526197,-0.0011299484,0.9999655,0.015566336,-0.00032842663,-2.718296e-06,-0.0024819374,0.008486271,0.0046572685,-0.079676166,-0.031084739,-0.0055617536,0.052125,0.027777625,1.0,,,,,,,,,,,,,,,,,,,,,,,,,,,,,,,,,,,,,,,,,,,,
140.0,-0.0029733652579905945,0.05843573063611984,3.457069396972656e-05,1.080952525138855,0.0,0.002218909,-0.0011308872,0.9999655,0.015909446,-0.00022528734,-2.6779023e-06,-0.0023550987,0.008816719,0.0047516823,0.030055603,0.07949541,0.02239322,0.0525,0.027977139,1.0,,,,,,,,,,,,,,,,,,,,,,,,,,,,,,,,,,,,,,,,,,,,
141.0,-0.0029763921339192563,0.05879940837621689,3.457069396972656e-05,1.0787131786346436,0.0,0.002286684,-0.0011314173,0.9999654,0.016266013,-0.00012725584,-2.791775e-06,-0.0026876926,0.008688688,0.0047256947,-0.079671316,-0.031098088,-0.0055430233,0.052875,0.028176645,1.0,,,,,,,,,,,,,,,,,,,,,,,,,,,,,,,,,,,,,,,,,,,,
142.0,-0.002979415627386576,0.05916151404380798,3.457069396972656e-05,1.0764626264572144,0.0,0.0023559225,-0.0011314828,0.9999654,0.01661721,-1.568348e-05,-2.5695708e-06,-0.002560854,0.009019375,0.0048201084,0.030058324,0.079495534,0.02236696,0.05325,0.028376145,1.0,,,,,,,,,,,,,,,,,,,,,,,,,,,,,,,,,,,,,,,,,,,,
143.0,-0.0029824302952458815,0.059522103518247604,3.457069396972656e-05,1.0742007493972778,0.0,0.0024266802,-0.0011311045,0.9999654,0.01698186,9.07789e-05,-2.727785e-06,-0.0028934479,0.008891344,0.004794121,-0.079666466,-0.031111429,-0.0055242945,0.053625,0.028575638,1.0,,,,,,,,,,,,,,,,,,,,,,,,,,,,,,,,,,,,,,,,,,,,
144.0,-0.0029854408033935347,0.0598810613155365,3.459453728282824e-05,1.0719274282455444,0.0,0.002498935,-0.0011302263,0.9999654,0.017341137,0.00021077904,-2.6808539e-06,-0.0027666092,0.009222031,0.004888296,0.03006104,0.07949566,0.022340704,0.054,0.028775124,1.0,,,,,,,,,,,,,,,,,,,,,,,,,,,,,,,,,,,,,,,,,,,,
145.0,-0.0029884422437324327,0.06023846194148064,3.463029861450195e-05,1.069642424583435,0.0,0.0025727428,-0.0011288692,0.9999654,0.017713863,0.0003256682,-2.7995914e-06,-0.003099203,0.009094,0.0048623085,-0.07966161,-0.031124758,-0.0055055665,0.054375,0.028974602,1.0,,,,,,,,,,,,,,,,,,,,,,,,,,,,,,,,,,,,,,,,,,,,
146.0,-0.002991438859904769,0.06059421971440315,3.463029861450195e-05,1.0673459768295288,0.0,0.0026480812,-0.0011269773,0.99996537,0.018081214,0.0004540922,-2.7636493e-06,-0.0029723644,0.009424448,0.004956484,0.030063752,0.07949578,0.022314455,0.05475,0.029174073,1.0,,,,,,,,,,,,,,,,,,,,,,,,,,,,,,,,,,,,,,,,,,,,
147.0,-0.002994425657269294,0.060948312282562256,3.463029861450195e-05,1.065037727355957,0.0,0.002725006,-0.0011245714,0.99996537,0.018462013,0.0005774043,-2.6975147e-06,-0.0033049583,0.009296417,0.004930496,-0.07965675,-0.031138076,-0.00548684,0.055125,0.029373536,1.0,,,,,,,,,,,,,,,,,,,,,,,,,,,,,,,,,,,,,,,,,,,,
148.0,-0.002997408473024698,0.061300765722990036,3.463029861450195e-05,1.0627176761627197,0.0,0.0028034954,-0.0011215954,0.99996537,0.018837428,0.0007142477,-2.7066878e-06,-0.0031778812,0.009627104,0.005024433,0.030066459,0.07949589,0.022288214,0.0555,0.029572992,1.0,,,,,,,,,,,,,,,,,,,,,,,,,,,,,,,,,,,,,,,,,,,,
149.0,-0.0030003807931395887,0.06165153905749321,3.465414192760363e-05,1.0603857040405273,0.0,0.002883605,-0.0011180704,0.99996537,0.01922629,0.0008459772,-2.815582e-06,-0.0035104752,0.009498835,0.0049984455,-0.07965189,-0.031151384,-0.0054681147,0.055875,0.029772442,1.0,,,,,,,,,,,,,,,,,,,,,,,,,,,,,,,,,,,,,,,,,,,,
150.0,-0.0030033480308129744,0.062000613659620285,3.4689903259277344e-05,1.0580414533615112,0.0,0.0029653125,-0.0011139403,0.99996537,0.019609766,0.000991236,-2.7853932e-06,-0.0033836365,0.009829521,0.005092621,0.03006916,0.079496,0.022261977,0.05625,0.029971883,1.0,,,,,,,,,,,,,,,,,,,,,,,,,,,,,,,,,,,,,,,,,,,,
151.0,-0.003006304713709578,0.06234794855117798,3.4689903259277344e-05,1.0556849241256714,0.0,0.0030486735,-0.0011092263,0.9999653,0.020006685,0.0011313792,-2.905188e-06,-0.003715992,0.009701252,0.005066633,-0.07964703,-0.031164682,-0.0054493905,0.056625,0.030171316,1.0,,,,,,,,,,,,,,,,,,,,,,,,,,,,,,,,,,,,,,,,,,,,
152.0,-0.0030092558592050103,0.0626935213804245,3.4689903259277344e-05,1.0533161163330078,0.0,0.0031336662,-0.0011038719,0.9999653,0.020398216,0.0012850495,-2.6902053e-06,-0.0035891533,0.010031939,0.00516057,0.030071855,0.079496115,0.022235746,0.057,0.030370744,1.0,,,,,,,,,,,,,,,,,,,,,,,,,,,,,,,,,,,,,,,,,,,,
153.0,-0.0030121967321091237,0.06303735077381134,3.4689903259277344e-05,1.0509347915649414,0.0,0.003220346,-0.0010978985,0.9999653,0.020803185,0.0014336017,-2.855034e-06,-0.003921509,0.009903669,0.0051345825,-0.07964216,-0.03117797,-0.005430668,0.057375,0.030570162,1.0,,,,,,,,,,,,,,,,,,,,,,,,,,,,,,,,,,,,,,,,,,,,
154.0,-0.00301513129955631,0.06337938457727432,3.471374657237902e-05,1.0485408306121826,0.0,0.0033086909,-0.0010912499,0.9999653,0.021202764,0.0015956779,-2.815155e-06,-0.00379467,0.010234356,0.005228281,0.030074546,0.07949622,0.022209521,0.05775,0.030769574,1.0,,,,,,,,,,,,,,,,,,,,,,,,,,,,,,,,,,,,,,,,,,,,
155.0,-0.003018054510832803,0.06371958553791046,3.4725664590951055e-05,1.0461342334747314,0.0,0.0033987567,-0.0010839473,0.9999653,0.021615777,0.0017526352,-2.940544e-06,-0.0041270256,0.010106087,0.005202532,-0.07963729,-0.031191247,-0.0054119467,0.058125,0.030968977,1.0,,,,,,,,,,,,,,,,,,,,,,,,,,,,,,,,,,,,,,,,,,,,
156.0,-0.0030209719587341744,0.06405798345804214,3.4749507904052734e-05,1.0437147617340088,0.0,0.0034905209,-0.0010759343,0.99996525,0.022023395,0.0019231135,-2.9116393e-06,-0.0039999485,0.010436773,0.0052962303,0.030077232,0.079496324,0.022183303,0.0585,0.031168373,1.0,,,,,,,,,,,,,,,,,,,,,,,,,,,,,,,,,,,,,,,,,,,,
157.0,-0.00302387742896461,0.064394511282444,3.4749507904052734e-05,1.0412821769714355,0.0,0.0035840394,-0.0010672322,0.99996525,0.022444448,0.002088472,-2.8521574e-06,-0.0043325424,0.010308504,0.0052702427,-0.07963242,-0.031204514,-0.0053932266,0.058875,0.03136776,1.0,,,,,,,,,,,,,,,,,,,,,,,,,,,,,,,,,,,,,,,,,,,,
158.0,-0.0030267766055710266,0.06472914665937424,3.4749507904052734e-05,1.0388364791870117,0.0,0.0036792897,-0.001057785,0.99996525,0.022860099,0.0022673479,-2.868359e-06,-0.0042054653,0.010638952,0.005363941,0.030079914,0.07949642,0.02215709,0.05925,0.03156714,1.0,,,,,,,,,,,,,,,,,,,,,,,,,,,,,,,,,,,,,,,,,,,,
159.0,-0.003029663696147187,0.06506190448999405,3.4773351217154413e-05,1.0363774299621582,0.0,0.003776328,-0.0010476137,0.99996525,0.023289181,0.0024411017,-2.9839016e-06,-0.004537821,0.010510683,0.0053379536,-0.079627536,-0.03121777,-0.0053745075,0.059625,0.03176651,1.0,,,,,,,,,,,,,,,,,,,,,,,,,,,,,,,,,,,,,,,,,,,,
160.0,-0.003032543772665296,0.06539273262023926,3.4785269235726446e-05,1.0339049100875854,0.0,0.0038751315,-0.0010366621,0.99996525,0.02371286,0.0026283711,-2.9607393e-06,-0.0044107437,0.010841131,0.005431652,0.03008259,0.07949652,0.022130882,0.06,0.031965878,1.0,,,,,,,,,,,,,,,,,,,,,,,,,,,,,,,,,,,,,,,,,,,,
161.0,-0.0030354115035611667,0.06572165340185165,3.4809112548828125e-05,1.0314189195632935,0.0,0.0039757565,-0.0010249517,0.9999652,0.024149967,0.0028105169,-3.087177e-06,-0.0047433376,0.010712862,0.0054056644,-0.079622656,-0.031231016,-0.0053557903,0.060375,0.032165233,1.0,,,,,,,,,,,,,,,,,,,,,,,,,,,,,,,,,,,,,,,,,,,,
162.0,-0.003038272262046159,0.06604859977960587,3.4809112548828125e-05,1.0289192199707031,0.0,0.00407818,-0.001012426,0.9999652,0.024581669,0.0030061759,-2.8792197e-06,-0.004616022,0.011043549,0.0054991245,0.030085262,0.079496615,0.02210468,0.06075,0.03236458,1.0,,,,,,,,,,,,,,,,,,,,,,,,,,,,,,,,,,,,,,,,,,,,
163.0,-0.0030411196627844086,0.06637357920408249,3.4809112548828125e-05,1.0264058113098145,0.0,0.0041824584,-0.0009991063,0.9999652,0.025026795,0.0031967086,-3.0506835e-06,-0.004948616,0.010915041,0.005473137,-0.079617776,-0.031244252,-0.005337074,0.061125,0.03256392,1.0,,,,,,,,,,,,,,,,,,,,,,,,,,,,,,,,,,,,,,,,,,,,
164.0,-0.0030439596402340803,0.06669652462005615,3.4832955861929804e-05,1.0238783359527588,0.0,0.0042885686,-0.0009849366,0.9999652,0.025466507,0.0034007514,-3.0178242e-06,-0.0048213005,0.011245728,0.005566597,0.03008793,0.079496704,0.022078486,0.0615,0.032763254,1.0,,,,,,,,,,,,,,,,,,,,,,,,,,,,,,,,,,,,,,,,,,,,
165.0,-0.0030467863679568496,0.06701748073101044,3.4844873880501837e-05,1.0213367938995361,0.0,0.004396567,-0.00096993794,0.9999652,0.025919644,0.0035996672,-3.1498473e-06,-0.0051538944,0.01111722,0.005540848,-0.07961289,-0.031257477,-0.005318359,0.061875,0.03296258,1.0,,,,,,,,,,,,,,,,,,,,,,,,,,,,,,,,,,,,,,,,,,,,
166.0,-0.0030496051235765803,0.06733638048171997,3.4868717193603516e-05,1.0187809467315674,0.0,0.0045064315,-0.00095405424,0.99996513,0.026367366,0.00381209,-3.127957e-06,-0.005026579,0.011447668,0.0056340694,0.030090591,0.079496786,0.022052296,0.06225,0.033161893,1.0,,,,,,,,,,,,,,,,,,,,,,,,,,,,,,,,,,,,,,,,,,,,
167.0,-0.0030524120962418387,0.06765322387218475,3.4868717193603516e-05,1.0162105560302734,0.0,0.004618217,-0.0009373068,0.99996513,0.026828509,0.004019385,-3.0751082e-06,-0.0053589344,0.011319399,0.0056083202,-0.079608,-0.031270694,-0.005299645,0.062625,0.0333612,1.0,,,,,,,,,,,,,,,,,,,,,,,,,,,,,,,,,,,,,,,,,,,,
168.0,-0.003055211108063992,0.0679679661989212,3.4892560506705195e-05,1.0136258602142334,0.0,0.004731901,-0.00091963937,0.99996513,0.027284231,0.0042401836,-3.0983153e-06,-0.0052318573,0.011649847,0.005701542,0.030093247,0.07949687,0.022026112,0.063,0.0335605,1.0,,,,,,,,,,,,,,,,,,,,,,,,,,,,,,,,,,,,,,,,,,,,
169.0,-0.003057995632828652,0.06828061491250992,3.490447852527723e-05,1.0110266208648682,0.0,0.00484754,-0.00090107333,0.99996513,0.02775337,0.004455852,-3.2204864e-06,-0.005564213,0.011521339,0.0056755543,-0.07960311,-0.0312839,-0.005280933,0.063375,0.03375979,1.0,,,,,,,,,,,,,,,,,,,,,,,,,,,,,,,,,,,,,,,,,,,,
170.0,-0.00306077146829133,0.0685911476612091,3.4928321838378906e-05,1.0084125995635986,0.0,0.004965111,-0.0008815524,0.9999651,0.028217087,0.0046850215,-3.2043283e-06,-0.0054368973,0.011852026,0.005768776,0.0300959,0.07949695,0.021999935,0.06375,0.033959072,1.0,,,,,,,,,,,,,,,,,,,,,,,,,,,,,,,,,,,,,,,,,,,,
171.0,-0.0030635332809552905,0.0688994899392128,3.4928321838378906e-05,1.0057836771011353,0.0,0.0050846706,-0.00086109794,0.9999651,0.02869422,0.0049090604,-3.1534398e-06,-0.005769253,0.011723518,0.0057430267,-0.07959822,-0.03129709,-0.0052622217,0.064125,0.034158345,1.0,,,,,,,,,,,,,,,,,,,,,,,,,,,,,,,,,,,,,,,,,,,,
172.0,-0.0030662855016619014,0.06920571625232697,3.4928321838378906e-05,1.003139853477478,0.0,0.005206195,-0.00083965383,0.9999651,0.029165922,0.005146596,-3.179604e-06,-0.0056419373,0.0120539665,0.00583601,0.030098546,0.079497024,0.021973763,0.0645,0.03435761,1.0,,,,,,,,,,,,,,,,,,,,,,,,,,,,,,,,,,,,,,,,,,,,
173.0,-0.0030690227703081326,0.06950972974300385,3.4952165151480585e-05,1.0004810094833374,0.0,0.005329741,-0.0008172413,0.9999651,0.029651038,0.0053789993,-3.3043827e-06,-0.005974531,0.011925459,0.005810261,-0.079593316,-0.03131028,-0.005243512,0.064875,0.03455687,1.0,,,,,,,,,,,,,,,,,,,,,,,,,,,,,,,,,,,,,,,,,,,,
174.0,-0.003071751258151644,0.06981153786182404,3.496408317005262e-05,0.9978068470954895,0.0,0.005455286,-0.00079380424,0.9999651,0.030130722,0.005624898,-3.2910298e-06,-0.0058469772,0.012255907,0.005903244,0.03010119,0.07949709,0.021947598,0.06525,0.034756117,1.0,,,,,,,,,,,,,,,,,,,,,,,,,,,,,,,,,,,,,,,,,,,,
175.0,-0.0030744638833959097,0.07011110335588455,3.49879264831543e-05,0.9951175451278687,0.0,0.0055828854,-0.000769364,0.999965,0.030623816,0.005865661,-3.4267314e-06,-0.006179571,0.012127399,0.0058772564,-0.07958841,-0.03132345,-0.0052248035,0.065625,0.034955356,1.0,,,,,,,,,,,,,,,,,,,,,,,,,,,,,,,,,,,,,,,,,,,,
176.0,-0.0030771668270427677,0.07040844112634659,3.49879264831543e-05,0.9924127459526062,0.0,0.005712516,-0.00074386434,0.999965,0.031111475,0.0061199185,-3.2285736e-06,-0.006052017,0.012457848,0.0059702396,0.030103827,0.079497166,0.021921437,0.066,0.035154585,1.0,,,,,,,,,,,,,,,,,,,,,,,,,,,,,,,,,,,,,,,,,,,,
177.0,-0.0030798543709818498,0.07070346176624298,3.5011769796255976e-05,0.9896925687789917,0.0,0.0058442354,-0.00071732665,0.999965,0.03161254,0.0063690376,-3.4092918e-06,-0.0063843727,0.01232934,0.0059444904,-0.07958351,-0.031336617,-0.0052060965,0.066375,0.03535381,1.0,,,,,,,,,,,,,,,,,,,,,,,,,,,,,,,,,,,,,,,,,,,,
178.0,-0.003082531192131572,0.07099621742963791,3.502368781482801e-05,0.9869568943977356,0.0,0.0059780194,-0.00068969483,0.999965,0.032108165,0.0066316472,-3.3862234e-06,-0.006257057,0.012659788,0.0060372353,0.030106459,0.079497226,0.021895284,0.06675,0.03555302,1.0,,,,,,,,,,,,,,,,,,,,,,,,,,,,,,,,,,,,,,,,,,,,
179.0,-0.0030852015426689654,0.071286641061306,3.502368781482801e-05,0.9842054843902588,0.0,0.006113924,-0.00066099013,0.99996495,0.032617193,0.0068891183,-3.527501e-06,-0.0065894127,0.012531042,0.006011486,-0.07957861,-0.031349767,-0.0051873904,0.067125,0.035752226,1.0,,,,,,,,,,,,,,,,,,,,,,,,,,,,,,,,,,,,,,,,,,,,
180.0,-0.0030878744093300733,0.07157472521066666,3.504753112792969e-05,0.9814385175704956,0.0,0.0062519275,-0.0006311565,0.99996495,0.03312078,0.0071600773,-3.3314464e-06,-0.0064618587,0.01286149,0.006104231,0.030109085,0.07949729,0.021869136,0.0675,0.03595142,1.0,,,,,,,,,,,,,,,,,,,,,,,,,,,,,,,,,,,,,,,,,,,,
181.0,-0.003090531653796362,0.07186046987771988,3.5071374441031367e-05,0.9786556363105774,0.0,0.006392085,-0.0006002153,0.99996495,0.03363777,0.0074258954,-3.5149624e-06,-0.0067942142,0.012732983,0.0060784817,-0.0795737,-0.03136291,-0.005168686,0.067875,0.036150604,1.0,,,,,,,,,,,,,,,,,,,,,,,,,,,,,,,,,,,,,,,,,,,,
182.0,-0.0030931797390414783,0.07214386761188507,3.50832924596034e-05,0.9758570790290833,0.0,0.006534374,-0.00056811026,0.99996495,0.034149308,0.0077051977,-3.4946463e-06,-0.0066668987,0.013063431,0.006170988,0.030111708,0.07949735,0.021842992,0.06825,0.036349785,1.0,,,,,,,,,,,,,,,,,,,,,,,,,,,,,,,,,,,,,,,,,,,,
183.0,-0.003095811323427048,0.07242479920387268,3.50832924596034e-05,0.9730426073074341,0.0,0.0066788495,-0.0005348629,0.9999649,0.034674246,0.007979358,-3.638569e-06,-0.006999254,0.012934685,0.006145239,-0.07956878,-0.031376045,-0.005149983,0.068625,0.03654895,1.0,,,,,,,,,,,,,,,,,,,,,,,,,,,,,,,,,,,,,,,,,,,,
184.0,-0.0030984333785853487,0.07270331680774689,3.50832924596034e-05,0.9702120423316956,0.0,0.0068254904,-0.0005004171,0.9999649,0.035193734,0.008267001,-3.445301e-06,-0.0068717003,0.013265133,0.0062377453,0.030114325,0.079497404,0.021816857,0.069,0.03674811,1.0,,,,,,,,,,,,,,,,,,,,,,,,,,,,,,,,,,,,,,,,,,,,
185.0,-0.0031010395787633054,0.07297944277524948,3.513097908580676e-05,0.9673655033111572,0.0,0.006974351,-0.0004647942,0.9999649,0.035726618,0.008549499,-3.6314514e-06,-0.007204056,0.013136387,0.006211996,-0.07956386,-0.031389166,-0.005131281,0.069375,0.036947258,1.0,,,,,,,,,,,,,,,,,,,,,,,,,,,,,,,,,,,,,,,,,,,,
186.0,-0.0031036354278689035,0.0732530727982521,3.514289710437879e-05,0.9645029306411743,0.0,0.00712541,-0.00042793804,0.9999649,0.036254045,0.0088454755,-3.613921e-06,-0.007076502,0.013466835,0.0063045025,0.030116938,0.07949746,0.021790726,0.06975,0.0371464,1.0,,,,,,,,,,,,,,,,,,,,,,,,,,,,,,,,,,,,,,,,,,,,
187.0,-0.0031062157595276477,0.07352424412965775,3.514289710437879e-05,0.9616242051124573,0.0,0.007278722,-0.0003898701,0.99996483,0.036794864,0.009136308,-3.760478e-06,-0.0074088573,0.013338089,0.0062787533,-0.079558946,-0.03140228,-0.0051125805,0.070125,0.03734553,1.0,,,,,,,,,,,,,,,,,,,,,,,,,,,,,,,,,,,,,,,,,,,,
188.0,-0.0031087849465078156,0.07379288226366043,3.516674041748047e-05,0.9587294459342957,0.0,0.0074342643,-0.0003505342,0.99996483,0.037330225,0.009440616,-3.5699945e-06,-0.007281065,0.013668537,0.0063712597,0.030119546,0.07949751,0.0217646,0.0705,0.037544653,1.0,,,,,,,,,,,,,,,,,,,,,,,,,,,,,,,,,,,,,,,,,,,,
189.0,-0.0031113376755268875,0.07405900955200195,3.519058373058215e-05,0.9558184742927551,0.0,0.007592093,-0.0003099518,0.99996483,0.037878975,0.009739776,-3.7587754e-06,-0.0076134205,0.013539791,0.0063455105,-0.07955402,-0.03141538,-0.005093881,0.070875,0.037743766,1.0,,,,,,,,,,,,,,,,,,,,,,,,,,,,,,,,,,,,,,,,,,,,
190.0,-0.003113879430711853,0.07432256639003754,3.520250174915418e-05,0.95289146900177,0.0,0.007752186,-0.00026806677,0.99996483,0.03842226,0.010052409,-3.7440277e-06,-0.0074858665,0.013870239,0.0064377785,0.03012215,0.07949755,0.021738483,0.07125,0.037942868,1.0,,,,,,,,,,,,,,,,,,,,,,,,,,,,,,,,,,,,,,,,,,,,
191.0,-0.003116404128054788,0.07458356767892838,3.520250174915418e-05,0.9499481916427612,0.0,0.007914598,-0.00022490053,0.9999648,0.038978934,0.010359894,-3.893215e-06,-0.007818222,0.013741493,0.0064120293,-0.0795491,-0.031428475,-0.005075183,0.071625,0.038141962,1.0,,,,,,,,,,,,,,,,,,,,,,,,,,,,,,,,,,,,,,,,,,,,
192.0,-0.0031189178473694807,0.07484201341867447,3.522634506225586e-05,0.9469887614250183,0.0,0.008079307,-0.000180397,0.9999648,0.039530143,0.010680849,-3.7055136e-06,-0.0076904297,0.014071703,0.0065042973,0.030124746,0.07949759,0.021712368,0.072,0.038341045,1.0,,,,,,,,,,,,,,,,,,,,,,,,,,,,,,,,,,,,,,,,,,,,
193.0,-0.0031214144174100335,0.07509783655405045,3.525018837535754e-05,0.944013237953186,0.0,0.008246369,-0.00013457761,0.9999648,0.040094733,0.010996653,-3.8969215e-06,-0.008022785,0.013942957,0.006478548,-0.07954417,-0.031441554,-0.0050564865,0.072375,0.038540117,1.0,,,,,,,,,,,,,,,,,,,,,,,,,,,,,,,,,,,,,,,,,,,,
194.0,-0.0031238993670294423,0.07535100728273392,3.526210639392957e-05,0.9410213828086853,0.0,0.00841576,-8.738627e-05,0.9999648,0.04065385,0.011325924,-3.8849525e-06,-0.007894993,0.014273405,0.006570816,0.03012734,0.07949763,0.021686262,0.07275,0.038739182,1.0,,,,,,,,,,,,,,,,,,,,,,,,,,,,,,,,,,,,,,,,,,,,
195.0,-0.003126365948759387,0.07560153305530548,3.528594970703125e-05,0.93801349401474,0.0,0.008587536,-3.8844424e-05,0.9999647,0.041226353,0.011650042,-4.0367677e-06,-0.008227348,0.014144421,0.006545067,-0.07953924,-0.031454626,-0.005037791,0.073125,0.03893824,1.0,,,,,,,,,,,,,,,,,,,,,,,,,,,,,,,,,,,,,,,,,,,,
196.0,-0.0031288215991892195,0.07584939897060394,3.528594970703125e-05,0.9349895119667053,0.0,0.008761675,1.1104016e-05,0.9999647,0.04179338,0.011987626,-3.8518447e-06,-0.008099556,0.014474869,0.0066370964,0.030129928,0.079497665,0.02166016,0.0735,0.039137285,1.0,,,,,,,,,,,,,,,,,,,,,,,,,,,,,,,,,,,,,,,,,,,,
197.0,-0.0031312587394674075,0.07609456032514572,3.529787136358209e-05,0.9319493174552917,0.0,0.008938232,6.2437575e-05,0.9999647,0.04237378,0.012320055,-4.045876e-06,-0.0084319115,0.014345884,0.006611347,-0.07953431,-0.031467687,-0.0050190976,0.073875,0.03933632,1.0,,,,,,,,,,,,,,,,,,,,,,,,,,,,,,,,,,,,,,,,,,,,
198.0,-0.0031336845726804715,0.07633703947067261,3.532171103870496e-05,0.9288932085037231,0.0,0.009117185,0.000115212344,0.99996465,0.042948704,0.012665944,-4.036683e-06,-0.008304119,0.0146763325,0.006703377,0.030132512,0.079497695,0.021634065,0.07425,0.039535344,1.0,,,,,,,,,,,,,,,,,,,,,,,,,,,,,,,,,,,,,,,,,,,,
199.0,-0.003136091574167064,0.07657675445079803,3.534555435180664e-05,0.9258210062980652,0.0,0.00929859,0.00016940683,0.99996465,0.043537006,0.01300668,-4.0071836e-06,-0.008636475,0.014547348,0.0066776276,-0.07952937,-0.031480737,-0.005000405,0.074625,0.03973436,1.0,,,,,,,,,,,,,,,,,,,,,,,,,,,,,,,,,,,,,,,,,,,,
200.0,-0.003138486165954303,0.0768137201666832,3.534555435180664e-05,0.9227328300476074,0.0,0.009482422,0.00022507714,0.99996465,0.04411982,0.013360871,-4.0521277e-06,-0.008508682,0.014877796,0.006769657,0.03013509,0.079497725,0.021607976,0.075,0.039933365,1.0,,,,,,,,,,,,,,,,,,,,,,,,,,,,,,,,,,,,,,,,,,,,
201.0,-0.003140862109101737,0.0770479142665863,3.535747600835748e-05,0.9196287393569946,0.0,0.009668739,0.00028220174,0.99996465,0.044716008,0.0137099065,-4.1955022e-06,-0.008841038,0.014748812,0.006743908,-0.07952443,-0.03149378,-0.0049817134,0.075375,0.040132362,1.0,,,,,,,,,,,,,,,,,,,,,,,,,,,,,,,,,,,,,,,,,,,,
202.0,-0.003143225162440394,0.07727931439876556,3.540515899658203e-05,0.9165087938308716,0.0,0.009857517,0.00034083673,0.9999646,0.04530671,0.014072396,-4.201581e-06,-0.008713007,0.01507926,0.006835699,0.030137664,0.079497755,0.021581892,0.07575,0.04033135,1.0,,,,,,,,,,,,,,,,,,,,,,,,,,,,,,,,,,,,,,,,,,,,
203.0,-0.0031455689539495756,0.07750789076089859,3.540515899658203e-05,0.9133731126785278,0.0,0.010048812,0.0004009606,0.9999646,0.045910783,0.0144297285,-4.1717717e-06,-0.0090453625,0.014950275,0.0068101883,-0.07951948,-0.03150681,-0.0049630236,0.076125,0.040530324,1.0,,,,,,,,,,,,,,,,,,,,,,,,,,,,,,,,,,,,,,,,,,,,
204.0,-0.0031479004200035098,0.07773365080356598,3.541708065313287e-05,0.9102216958999634,0.0,0.010242601,0.0004626294,0.9999646,0.04650936,0.014800511,-4.220171e-06,-0.00891757,0.015280485,0.006901741,0.030140232,0.07949777,0.021555815,0.0765,0.040729288,1.0,,,,,,,,,,,,,,,,,,,,,,,,,,,,,,,,,,,,,,,,,,,,
205.0,-0.0031502119920216883,0.07795653492212296,3.541708065313287e-05,0.9070546627044678,0.0,0.01043894,0.00052582164,0.99996454,0.047121305,0.015166133,-4.3660057e-06,-0.009249687,0.015151501,0.0068762302,-0.07951453,-0.03151983,-0.004944335,0.076875,0.040928245,1.0,,,,,,,,,,,,,,,,,,,,,,,,,,,,,,,,,,,,,,,,,,,,
206.0,-0.0031525100593881674,0.07817650586366653,3.546476364135742e-05,0.9038720726966858,0.0,0.010637805,0.0005905933,0.99996454,0.047727756,0.015545205,-4.190953e-06,-0.009121895,0.015481949,0.006967783,0.030142797,0.07949779,0.021529743,0.07725,0.04112719,1.0,,,,,,,,,,,,,,,,,,,,,,,,,,,,,,,,,,,,,,,,,,,,
207.0,-0.0031547888616604994,0.07839365303516388,3.547668529790826e-05,0.9006741642951965,0.0,0.010839254,0.00065692293,0.99996454,0.048347566,0.015919114,-4.390841e-06,-0.009454012,0.015352726,0.006942272,-0.079509586,-0.03153284,-0.0049256478,0.077625,0.041326124,1.0,,,,,,,,,,,,,,,,,,,,,,,,,,,,,,,,,,,,,,,,,,,,
208.0,-0.0031570535486517026,0.07860781252384186,3.547668529790826e-05,0.8974608778953552,0.0,0.011043262,0.0007248666,0.9999645,0.048961878,0.016306467,-4.388734e-06,-0.00932622,0.015683174,0.007033825,0.030145356,0.07949781,0.021503676,0.078,0.04152505,1.0,,,,,,,,,,,,,,,,,,,,,,,,,,,,,,,,,,,,,,,,,,,,
209.0,-0.003159298529073534,0.07881907373666763,3.5500524973031133e-05,0.8942323327064514,0.0,0.011249884,0.0007944027,0.9999645,0.049589556,0.01668866,-4.3657487e-06,-0.009658337,0.015553951,0.0070080757,-0.07950463,-0.03154584,-0.004906962,0.078375,0.041723963,1.0,,,,,,,,,,,,,,,,,,,,,,,,,,,,,,,,,,,,,,,,,,,,
210.0,-0.003161529004322425,0.07902733981609344,3.552436828613281e-05,0.8909886479377747,0.0,0.0114591,0.0008655872,0.9999645,0.050211724,0.017084293,-4.417612e-06,-0.009530306,0.0158844,0.0070996284,0.03014791,0.079497814,0.021477617,0.07875,0.041922867,1.0,,,,,,,,,,,,,,,,,,,,,,,,,,,,,,,,,,,,,,,,,,,,
211.0,-0.0031637400959772534,0.07923264801502228,3.553628994268365e-05,0.8877299427986145,0.0,0.011670964,0.0009383987,0.9999645,0.05084725,0.01747476,-4.567532e-06,-0.009862661,0.015755177,0.0070741177,-0.07949968,-0.031558827,-0.0048882775,0.079125,0.04212176,1.0,,,,,,,,,,,,,,,,,,,,,,,,,,,,,,,,,,,,,,,,,,,,
212.0,-0.0031659358938952572,0.07943492382764816,3.5560129617806524e-05,0.8844563364982605,0.0,0.011885452,0.0010128932,0.9999644,0.05147727,0.017878667,-4.5805227e-06,-0.009734631,0.016085625,0.007165432,0.03015046,0.07949783,0.021451563,0.0795,0.042320643,1.0,,,,,,,,,,,,,,,,,,,,,,,,,,,,,,,,,,,,,,,,,,,,
213.0,-0.0031681108809088615,0.07963420450687408,3.5560129617806524e-05,0.8811680674552917,0.0,0.012102622,0.001089049,0.9999644,0.05212065,0.018277407,-4.5572597e-06,-0.010066748,0.015956402,0.007139921,-0.07949472,-0.031571805,-0.0048695942,0.079875,0.042519517,1.0,,,,,,,,,,,,,,,,,,,,,,,,,,,,,,,,,,,,,,,,,,,,
214.0,-0.0031702722514536804,0.07983042299747467,3.559589458745904e-05,0.8778651356697083,0.0,0.012322448,0.0011669223,0.9999644,0.052758507,0.018689582,-4.61256e-06,-0.009938717,0.016286612,0.0072312355,0.030153004,0.07949783,0.021425514,0.08025,0.042718377,1.0,,,,,,,,,,,,,,,,,,,,,,,,,,,,,,,,,,,,,,,,,,,,
215.0,-0.003172412295363137,0.08002360165119171,3.5619734262581915e-05,0.87454754114151,0.0,0.012544989,0.0012464913,0.99996436,0.05340972,0.019096589,-4.764934e-06,-0.010271072,0.016157627,0.0072054863,-0.07948976,-0.031584777,-0.0048509124,0.080625,0.04291723,1.0,,,,,,,,,,,,,,,,,,,,,,,,,,,,,,,,,,,,,,,,,,,,
216.0,-0.0031745366331876676,0.08021365851163864,3.5619734262581915e-05,0.8712158203125,0.0,0.01277022,0.0013278123,0.99996436,0.05405542,0.01951703,-4.59679e-06,-0.010142803,0.016487837,0.0072968006,0.030155543,0.07949783,0.021399472,0.081,0.043116067,1.0,,,,,,,,,,,,,,,,,,,,,,,,,,,,,,,,,,,,,,,,,,,,
217.0,-0.0031766396088894104,0.08040063083171844,3.565549923223443e-05,0.8678697347640991,0.0,0.012998197,0.0014108636,0.99996436,0.054714464,0.019932298,-4.8032043e-06,-0.010475159,0.016358614,0.00727129,-0.07948479,-0.031597733,-0.0048322324,0.081375,0.043314897,1.0,,,,,,,,,,,,,,,,,,,,,,,,,,,,,,,,,,,,,,,,,,,,
218.0,-0.003178728066906388,0.08058446645736694,3.5679338907357305e-05,0.864509642124176,0.0,0.013228897,0.001495701,0.9999643,0.055367988,0.020360997,-4.808e-06,-0.0103468895,0.016688824,0.0073623657,0.030158078,0.07949783,0.021373434,0.08175,0.043513715,1.0,,,,,,,,,,,,,,,,,,,,,,,,,,,,,,,,,,,,,,,,,,,,
219.0,-0.0031807947852451066,0.08076517283916473,3.5679338907357305e-05,0.8611355423927307,0.0,0.013462376,0.0015823032,0.9999643,0.056034863,0.020784523,-4.7915473e-06,-0.010679245,0.0165596,0.007336855,-0.07947983,-0.031610683,-0.0048135533,0.082125,0.043712523,1.0,,,,,,,,,,,,,,,,,,,,,,,,,,,,,,,,,,,,,,,,,,,,
220.0,-0.003182845488852801,0.08094268292188644,3.5715103877009824e-05,0.8577476143836975,0.0,0.01369861,0.0016707261,0.9999643,0.056696206,0.021221478,-4.8503002e-06,-0.010550976,0.016890049,0.007427931,0.030160608,0.07949782,0.021347404,0.0825,0.04391132,1.0,,,,,,,,,,,,,,,,,,,,,,,,,,,,,,,,,,,,,,,,,,,,
221.0,-0.0031846437018137295,0.08111703395843506,3.5738943552132696e-05,0.8543462753295898,0.0,0.013937655,0.001760948,0.99996424,0.057370894,0.021653254,-5.006748e-06,-0.010883093,0.016760588,0.00740242,-0.07947486,-0.03162362,-0.004794875,0.082875,0.044110104,1.0,,,,,,,,,,,,,,,,,,,,,,,,,,,,,,,,,,,,,,,,,,,,
222.0,-0.003186424822592835,0.0812881737947464,3.5738943552132696e-05,0.8509314656257629,0.0,0.014179489,0.0018530248,0.99996424,0.058040056,0.02209846,-4.842701e-06,-0.010755062,0.017091036,0.007493496,0.030163134,0.079497814,0.021321379,0.08325,0.044308882,1.0,,,,,,,,,,,,,,,,,,,,,,,,,,,,,,,,,,,,,,,,,,,,
223.0,-0.0031881837635188903,0.08145610243082047,3.5774708521785215e-05,0.8475032448768616,0.0,0.014424166,0.0019469352,0.99996424,0.058722556,0.022538483,-5.0530307e-06,-0.011087179,0.016961575,0.0074677467,-0.07946988,-0.03163655,-0.004776199,0.083625,0.044507645,1.0,,,,,,,,,,,,,,,,,,,,,,,,,,,,,,,,,,,,,,,,,,,,
224.0,-0.0031899265381187805,0.08162082731723785,3.5774708521785215e-05,0.8440619111061096,0.0,0.014671664,0.002042735,0.9999642,0.05939952,0.022991931,-5.0619556e-06,-0.01095891,0.017291784,0.0075588226,0.030165654,0.07949781,0.02129536,0.084,0.044706397,1.0,,,,,,,,,,,,,,,,,,,,,,,,,,,,,,,,,,,,,,,,,,,,
225.0,-0.0031916463426881077,0.08178234845399857,3.5810469853458926e-05,0.8406078219413757,0.0,0.014922039,0.0021404023,0.9999642,0.060089827,0.023440199,-5.049414e-06,-0.011291027,0.017162561,0.007533312,-0.079464905,-0.03164947,-0.004757524,0.084375,0.044905137,1.0,,,,,,,,,,,,,,,,,,,,,,,,,,,,,,,,,,,,,,,,,,,,
226.0,-0.003193349242252231,0.08194062858819962,3.5834313166560605e-05,0.8371411561965942,0.0,0.015175265,0.0022399935,0.9999641,0.060774587,0.023901885,-5.1122897e-06,-0.011162996,0.017492771,0.0076241493,0.030168168,0.07949779,0.021269346,0.08475,0.045103867,1.0,,,,,,,,,,,,,,,,,,,,,,,,,,,,,,,,,,,,,,,,,,,,
227.0,-0.0031948352708520387,0.0820956751704216,3.5834313166560605e-05,0.8336620330810547,0.0,0.015431402,0.002341487,0.9999641,0.06147269,0.024358392,-5.08872e-06,-0.011495113,0.01736331,0.0075986385,-0.07945993,-0.03166238,-0.0047388505,0.085125,0.04530259,1.0,,,,,,,,,,,,,,,,,,,,,,,,,,,,,,,,,,,,,,,,,,,,
228.0,-0.003196304235240524,0.08224748075008392,3.587007449823432e-05,0.8301705718040466,0.0,0.015690424,0.0024449383,0.9999641,0.062165245,0.024828313,-5.1558595e-06,-0.011366844,0.01758933,0.0076904297,0.030365763,0.05448157,0.021530878,0.0855,0.045501295,1.0,,,,,,,,,,,,,,,,,,,,,,,,,,,,,,,,,,,,,,,,,,,,
229.0,-0.003197749692202322,0.08239611238241196,3.587007449823432e-05,0.826667070388794,0.0,0.01595237,0.0025503258,0.99996406,0.062866874,0.025293017,-5.241658e-06,-0.011698961,0.01735568,0.007666111,-0.079254836,-0.056685653,-0.0044441596,0.085875,0.04569999,1.0,,,,,,,,,,,,,,,,,,,,,,,,,,,,,,,,,,,,,,,,,,,,
230.0,-0.003199177148092798,0.08254148066043854,3.5893917811335996e-05,0.823151707649231,0.0,0.016217196,0.0026577055,0.99996406,0.06355869,0.025771102,-5.027277e-06,-0.011570454,0.01758194,0.0077581406,0.030367171,0.054493383,0.021516344,0.08625,0.045898676,1.0,,,,,,,,,,,,,,,,,,,,,,,,,,,,,,,,,,,,,,,,,,,,
231.0,-0.0032005820452035497,0.08268366008996964,3.5905839467886835e-05,0.819624662399292,0.0,0.016484946,0.0027670553,0.99996406,0.06425958,0.026243964,-5.1779766e-06,-0.011902571,0.01734829,0.007733822,-0.07924528,-0.056686934,-0.004437051,0.086625,0.04609735,1.0,,,,,,,,,,,,,,,,,,,,,,,,,,,,,,,,,,,,,,,,,,,,
232.0,-0.003201969408098015,0.08282259106636047,3.592967914300971e-05,0.8160861730575562,0.0,0.016755573,0.002878431,0.999964,0.06495066,0.026730204,-5.135139e-06,-0.0117743015,0.01757431,0.007825613,0.03036858,0.054505184,0.02150181,0.087,0.04629601,1.0,,,,,,,,,,,,,,,,,,,,,,,,,,,,,,,,,,,,,,,,,,,,
233.0,-0.0032033330323887133,0.08295835554599762,3.5953522456111386e-05,0.8125364184379578,0.0,0.017029118,0.0029918111,0.999964,0.06565081,0.027211223,-5.060565e-06,-0.012106419,0.01734066,0.0078012943,-0.079235725,-0.056688208,-0.00442994,0.087375,0.04649466,1.0,,,,,,,,,,,,,,,,,,,,,,,,,,,,,,,,,,,,,,,,,,,,
234.0,-0.0032046788461343513,0.0830908939242363,3.5965444112662226e-05,0.8089756369590759,0.0,0.01730554,0.0031072511,0.999964,0.066341154,0.02770561,-5.073395e-06,-0.011977911,0.01756692,0.0078930855,0.030369988,0.054516982,0.021487273,0.08775,0.0466933,1.0,,,,,,,,,,,,,,,,,,,,,,,,,,,,,,,,,,,,,,,,,,,,
235.0,-0.003206002051736817,0.08322025090456009,3.5965444112662226e-05,0.8054039478302002,0.0,0.017584875,0.0032247296,0.99996394,0.06704057,0.028194774,-5.1685706e-06,-0.012310028,0.01733327,0.007868767,-0.07922618,-0.056689482,-0.0044228276,0.088125,0.046891924,1.0,,,,,,,,,,,,,,,,,,,,,,,,,,,,,,,,,,,,,,,,,,,,
236.0,-0.003207307455690279,0.08334638923406601,3.601312710088678e-05,0.8018216490745544,0.0,0.017867085,0.0033443016,0.99996394,0.06773018,0.028697308,-4.9605046e-06,-0.01218152,0.017559528,0.007960558,0.030371392,0.054528773,0.021472737,0.0885,0.04709054,1.0,,,,,,,,,,,,,,,,,,,,,,,,,,,,,,,,,,,,,,,,,,,,
237.0,-0.0032617238588395895,0.08346936851739883,3.6025048757437617e-05,0.7982288599014282,0.0,0.018152205,0.0034659458,0.99996394,0.06842886,0.029194612,-5.106364e-06,-0.012513638,0.017325878,0.007936478,-0.07921664,-0.056690753,-0.0044157133,0.088875,0.047289144,1.0,,,,,,,,,,,,,,,,,,,,,,,,,,,,,,,,,,,,,,,,,,,,
238.0,-0.0033710861158198916,0.08358912914991379,3.6025048757437617e-05,0.7946255803108215,0.0,0.018440194,0.0035897177,0.9999639,0.069117725,0.02970528,-5.0731705e-06,-0.012385368,0.017552137,0.008024931,0.030360239,0.054531336,0.0207293,0.08925,0.047487736,1.0,,,,,,,,,,,,,,,,,,,,,,,,,,,,,,,,,,,,,,,,,,,,
239.0,-0.003480726116549262,0.08370572328567505,3.6025048757437617e-05,0.7910122871398926,0.0,0.018731093,0.0037155957,0.9999639,0.06981567,0.030210722,-4.992978e-06,-0.012717247,0.017318487,0.007997751,-0.07921985,-0.056700986,-0.0051373346,0.089625,0.047686316,1.0,,,,,,,,,,,,,,,,,,,,,,,,,,,,,,,,,,,,,,,,,,,,
240.0,-0.003590642832472618,0.08381910622119904,3.608465340221301e-05,0.7873891592025757,0.0,0.01902486,0.0038436356,0.9999639,0.0705038,0.03072952,-5.0156295e-06,-0.012588978,0.017544746,0.008086443,0.03036198,0.05454292,0.02071509,0.09,0.04788488,1.0,,,,,,,,,,,,,,,,,,,,,,,,,,,,,,,,,,,,,,,,,,,,
241.0,-0.003700828239634963,0.08392933756113052,3.608465340221301e-05,0.7837563157081604,0.0,0.019321531,0.003973815,0.9999638,0.07120101,0.031243088,-5.1051447e-06,-0.0129208565,0.017311096,0.008059263,-0.079210654,-0.05670178,-0.0051298873,0.090375,0.04808344,1.0,,,,,,,,,,,,,,,,,,,,,,,,,,,,,,,,,,,,,,,,,,,,
242.0,-0.0038112832815523647,0.08403641730546951,3.609657142078504e-05,0.7801138758659363,0.0,0.019621065,0.00410619,0.9999638,0.07188841,0.031770013,-4.9069104e-06,-0.012792587,0.017537355,0.0081477165,0.03036372,0.0545545,0.020700878,0.09075,0.048281983,1.0,,,,,,,,,,,,,,,,,,,,,,,,,,,,,,,,,,,,,,,,,,,,
243.0,-0.00392199805887827,0.08414029330015182,3.609657142078504e-05,0.7764620184898376,0.0,0.019923503,0.0042407387,0.99996376,0.07258488,0.032291703,-5.0471053e-06,-0.013124466,0.017303944,0.008120537,-0.07920146,-0.05670257,-0.0051224376,0.091125,0.048480514,1.0,,,,,,,,,,,,,,,,,,,,,,,,,,,,,,,,,,,,,,,,,,,,
244.0,-0.004032969839084451,0.08424104750156403,3.612041473388672e-05,0.7728009819984436,0.0,0.020228801,0.004377517,0.99996376,0.07327155,0.032826744,-4.83982e-06,-0.012996197,0.017530203,0.00820899,0.030365458,0.054566074,0.020686666,0.0915,0.048679035,1.0,,,,,,,,,,,,,,,,,,,,,,,,,,,,,,,,,,,,,,,,,,,,
245.0,-0.004144192407742823,0.08433859050273895,3.615617606556043e-05,0.7691308259963989,0.0,0.020536998,0.0045165024,0.99996376,0.07396729,0.03335655,-4.9810183e-06,-0.013328075,0.017296553,0.00818181,-0.07919227,-0.05670336,-0.005114987,0.091875,0.04887754,1.0,,,,,,,,,,,,,,,,,,,,,,,,,,,,,,,,,,,,,,,,,,,,
246.0,-0.004255598183155685,0.08443301916122437,3.615617606556043e-05,0.765451967716217,0.0,0.020848053,0.0046577514,0.9999637,0.074653216,0.033899702,-4.9602504e-06,-0.013199568,0.01752305,0.008270264,0.030367196,0.05457764,0.020672452,0.09225,0.049076036,1.0,,,,,,,,,,,,,,,,,,,,,,,,,,,,,,,,,,,,,,,,,,,,
247.0,-0.0043672451785003895,0.0845242589712143,3.615617606556043e-05,0.7617642879486084,0.0,0.021162003,0.004801241,0.9999637,0.07534823,0.03443762,-4.872671e-06,-0.01341176,0.0172894,0.008243322,-0.050426062,-0.05646631,-0.005611512,0.092625,0.04927452,1.0,,,,,,,,,,,,,,,,,,,,,,,,,,,,,,,,,,,,,,,,,,,,
248.0,-0.0044789634487768714,0.0846123993396759,3.616809772211127e-05,0.7580681443214417,0.0,0.02147881,0.004947008,0.9999637,0.076033466,0.034983978,-4.8423854e-06,-0.013163567,0.017515898,0.008331537,0.059119426,0.054822642,0.020167587,0.093,0.049472988,1.0,,,,,,,,,,,,,,,,,,,,,,,,,,,,,,,,,,,,,,,,,,,,
249.0,-0.004590914844939426,0.08469738066196442,3.621578071033582e-05,0.754363477230072,0.0,0.021798508,0.0050950088,0.99996364,0.07672782,0.035520196,-4.8756906e-06,-0.013375521,0.017282248,0.0083043575,-0.050430555,-0.05646278,-0.005617174,0.093375,0.04967145,1.0,,,,,,,,,,,,,,,,,,,,,,,,,,,,,,,,,,,,,,,,,,,,
250.0,-0.0047030903782772976,0.08477921783924103,3.621578071033582e-05,0.7506507039070129,0.0,0.02212106,0.005245279,0.99996364,0.077412404,0.036064867,-4.632929e-06,-0.013127327,0.017508745,0.008392811,0.059108008,0.05483188,0.020166703,0.09375,0.049869895,1.0,,,,,,,,,,,,,,,,,,,,,,,,,,,,,,,,,,,,,,,,,,,,
251.0,-0.004815486817535022,0.0848579928278923,3.622770236688666e-05,0.7469298243522644,0.0,0.022446502,0.0053977766,0.99996364,0.07810611,0.036599394,-4.7163962e-06,-0.0133395195,0.017275333,0.008365631,-0.05043505,-0.05645925,-0.0056228274,0.094125,0.050068326,1.0,,,,,,,,,,,,,,,,,,,,,,,,,,,,,,,,,,,,,,,,,,,,
252.0,-0.004928099865689446,0.08493362367153168,3.622770236688666e-05,0.7432010769844055,0.0,0.022774795,0.0055525363,0.9999636,0.078790046,0.037142366,-4.645585e-06,-0.013091326,0.017501593,0.008454084,0.059096597,0.054841112,0.020165812,0.0945,0.050266746,1.0,,,,,,,,,,,,,,,,,,,,,,,,,,,,,,,,,,,,,,,,,,,,
253.0,-0.005040923852049584,0.0850062146782875,3.622770236688666e-05,0.7394645810127258,0.0,0.023105973,0.0057095164,0.9999636,0.07948311,0.037675206,-4.505144e-06,-0.013303518,0.01726818,0.008426905,-0.050439544,-0.056455724,-0.005628473,0.094875,0.050465155,1.0,,,,,,,,,,,,,,,,,,,,,,,,,,,,,,,,,,,,,,,,,,,,
254.0,-0.005153957982401348,0.08507569134235382,3.628730701166205e-05,0.7357204556465149,0.0,0.023440002,0.0058687516,0.9999636,0.08016639,0.03821649,-4.486631e-06,-0.013055325,0.017494678,0.00851512,0.059085187,0.054850344,0.020164918,0.09525,0.05066355,1.0,,,,,,,,,,,,,,,,,,,,,,,,,,,,,,,,,,,,,,,,,,,,
255.0,-0.005267194621863634,0.08514215052127838,3.628730701166205e-05,0.7319688200950623,0.0,0.023776913,0.0060302,0.9999635,0.080858804,0.038747642,-4.518183e-06,-0.013267517,0.017261267,0.008488178,-0.050444037,-0.056452204,-0.0056341104,0.095625,0.050861932,1.0,,,,,,,,,,,,,,,,,,,,,,,,,,,,,,,,,,,,,,,,,,,,
256.0,-0.0053806356665142534,0.08520551770925522,3.628730701166205e-05,0.7282097339630127,0.0,0.024116669,0.006193897,0.9999635,0.08154144,0.039287243,-4.275208e-06,-0.013019562,0.017487764,0.008576393,0.059073787,0.054859567,0.020164018,0.096,0.051060304,1.0,,,,,,,,,,,,,,,,,,,,,,,,,,,,,,,,,,,,,,,,,,,,
257.0,-0.005494269206267406,0.0852658599615097,3.628730701166205e-05,0.7244434952735901,0.0,0.024459306,0.0063598,0.9999635,0.082233205,0.03981671,-4.3597315e-06,-0.013231754,0.017254353,0.008549213,-0.05044853,-0.056448683,-0.00563974,0.096375,0.05125866,1.0,,,,,,,,,,,,,,,,,,,,,,,,,,,,,,,,,,,,,,,,,,,,
258.0,-0.005608093703577448,0.08532319962978363,3.629922866821289e-05,0.7206702828407288,0.0,0.024804788,0.0065279445,0.9999635,0.0829152,0.040354624,-4.288049e-06,-0.012983561,0.01748085,0.008637428,0.059062388,0.054868788,0.020163113,0.09675,0.051457006,1.0,,,,,,,,,,,,,,,,,,,,,,,,,,,,,,,,,,,,,,,,,,,,
259.0,-0.005722109623987468,0.08537749946117401,3.629922866821289e-05,0.7168899178504944,0.0,0.025153147,0.0066982876,0.99996346,0.083606325,0.040882412,-4.3327377e-06,-0.0131959915,0.017247438,0.008610249,-0.05045302,-0.056445166,-0.005645361,0.097125,0.051655337,1.0,,,,,,,,,,,,,,,,,,,,,,,,,,,,,,,,,,,,,,,,,,,,
260.0,-0.005836314984898139,0.08542878925800323,3.634691165643744e-05,0.7131026387214661,0.0,0.025504345,0.0068708654,0.99996346,0.08428768,0.04141865,-4.0862674e-06,-0.012947798,0.017473936,0.008698702,0.059050996,0.054878004,0.020162204,0.0975,0.051853657,1.0,,,,,,,,,,,,,,,,,,,,,,,,,,,,,,,,,,,,,,,,,,,,
261.0,-0.00595058447722969,0.08547709137201309,3.635883331298828e-05,0.7093085646629333,0.0,0.02585842,0.007045635,0.99996346,0.084978156,0.041944753,-4.1722788e-06,-0.013160229,0.017240524,0.008671522,-0.050457507,-0.056441654,-0.005650974,0.097875,0.05205196,1.0,,,,,,,,,,,,,,,,,,,,,,,,,,,,,,,,,,,,,,,,,,,,
262.0,-0.006065030993303869,0.08552242815494537,3.635883331298828e-05,0.7055079340934753,0.0,0.026215333,0.0072226324,0.9999634,0.08565886,0.04247931,-4.0998316e-06,-0.012912035,0.017231941,0.008762836,0.05954172,-0.0015397201,0.020903839,0.09825,0.052250255,1.0,,,,,,,,,,,,,,,,,,,,,,,,,,,,,,,,,,,,,,,,,,,,
263.0,-0.006179656415569868,0.08556481450796127,3.635883331298828e-05,0.7017006278038025,0.0,0.02657508,0.007401814,0.9999634,0.086339094,0.04300366,-3.7946659e-06,-0.0131242275,0.016763687,0.008738518,-0.049948774,-0.11285259,-0.004940165,0.098625,0.052448537,1.0,,,,,,,,,,,,,,,,,,,,,,,,,,,,,,,,,,,,,,,,,,,,
264.0,-0.006294461019436905,0.08560427278280258,3.635883331298828e-05,0.6978867053985596,0.0,0.02693758,0.007583216,0.9999634,0.08699994,0.04353637,-3.653726e-06,-0.012876272,0.016755342,0.008829832,0.059527483,-0.001503717,0.02092864,0.099,0.0526468,1.0,,,,,,,,,,,,,,,,,,,,,,,,,,,,,,,,,,,,,,,,,,,,
265.0,-0.00640943336447133,0.0856407955288887,3.637075496953912e-05,0.6940664649009705,0.0,0.02730283,0.0077667944,0.9999634,0.08766031,0.04405887,-3.5492008e-06,-0.013088703,0.016287088,0.008805752,-0.049943276,-0.11282285,-0.0049719736,0.099375,0.052845057,1.0,,,,,,,,,,,,,,,,,,,,,,,,,,,,,,,,,,,,,,,,,,,,
266.0,-0.006524579540052537,0.08567444980144501,3.639459464466199e-05,0.6902397871017456,0.0,0.027670752,0.007952585,0.99996334,0.08830131,0.04458973,-3.3701258e-06,-0.012840748,0.016278744,0.008897066,0.059513234,-0.0014677331,0.020953422,0.09975,0.053043295,1.0,,,,,,,,,,,,,,,,,,,,,,,,,,,,,,,,,,,,,,,,,,,,
267.0,-0.006639893267872709,0.08570517599582672,3.639459464466199e-05,0.6864067912101746,0.0,0.028041344,0.008140545,0.99996334,0.08894185,0.045110386,-3.091268e-06,-0.01305294,0.01581049,0.008872747,-0.049937773,-0.112793125,-0.005003759,0.100125,0.053241525,1.0,,,,,,,,,,,,,,,,,,,,,,,,,,,,,,,,,,,,,,,,,,,,
268.0,-0.006755377659390207,0.08573305606842041,3.639459464466199e-05,0.6825674772262573,0.0,0.028414523,0.008330709,0.99996334,0.08956303,0.0456394,-2.9619869e-06,-0.012804985,0.015802383,0.008964062,0.05949897,-0.0014317682,0.020978183,0.1005,0.053439736,1.0,,,,,,,,,,,,,,,,,,,,,,,,,,,,,,,,,,,,,,,,,,,,
269.0,-0.006871024681076825,0.08575811982154846,3.639459464466199e-05,0.6787220239639282,0.0,0.028790288,0.008523035,0.99996334,0.09018375,0.04615821,-2.8560194e-06,-0.013017416,0.015334368,0.008939743,-0.049932268,-0.112763405,-0.005035523,0.100875,0.053637937,1.0,,,,,,,,,,,,,,,,,,,,,,,,,,,,,,,,,,,,,,,,,,,,
270.0,-0.006986842523924135,0.08578034490346909,3.643035961431451e-05,0.6748702526092529,0.0,0.02916856,0.008717557,0.99996334,0.09078512,0.04668538,-2.6950868e-06,-0.012769461,0.0153265,0.009031057,0.059484698,-0.0013958223,0.021002922,0.10125,0.053836126,1.0,,,,,,,,,,,,,,,,,,,,,,,,,,,,,,,,,,,,,,,,,,,,
271.0,-0.0071028208997224755,0.08579975366592407,3.643035961431451e-05,0.6710124015808105,0.0,0.029549334,0.008914234,0.9999633,0.09138606,0.047202338,-2.5971797e-06,-0.012981892,0.014858484,0.009006739,-0.04992675,-0.11273371,-0.0050672637,0.101625,0.054034296,1.0,,,,,,,,,,,,,,,,,,,,,,,,,,,,,,,,,,,,,,,,,,,,
272.0,-0.007218963957439292,0.08581636846065521,3.643035961431451e-05,0.6671484112739563,0.0,0.029932532,0.009113099,0.9999633,0.09196765,0.047727667,-2.2593142e-06,-0.012733936,0.014850616,0.009098053,0.05947042,-0.0013598953,0.021027643,0.102,0.05423246,1.0,,,,,,,,,,,,,,,,,,,,,,,,,,,,,,,,,,,,,,,,,,,,
273.0,-0.007335269061190868,0.08583024144172668,3.6454199289437383e-05,0.663278341293335,0.0,0.030318154,0.0093141105,0.9999633,0.0925488,0.04824278,-2.203539e-06,-0.012946367,0.014382839,0.009073734,-0.04992123,-0.112704016,-0.0050989822,0.102375,0.054430604,1.0,,,,,,,,,,,,,,,,,,,,,,,,,,,,,,,,,,,,,,,,,,,,
274.0,-0.0074517347768800184,0.0858413428068161,3.6454199289437383e-05,0.6594022512435913,0.0,0.030706115,0.009517304,0.9999633,0.093110636,0.048766263,-2.0485963e-06,-0.01269865,0.01437521,0.009165049,0.059456125,-0.0013239874,0.021052342,0.10275,0.054628737,1.0,,,,,,,,,,,,,,,,,,,,,,,,,,,,,,,,,,,,,,,,,,,,
275.0,-0.007568362058103505,0.08584973961114883,3.6454199289437383e-05,0.6555200815200806,0.0,0.031096414,0.009722635,0.9999633,0.09367204,0.049279537,-1.9505396e-06,-0.012910843,0.013907671,0.00914073,-0.0499157,-0.11267434,-0.0051306784,0.103125,0.054826856,1.0,,,,,,,,,,,,,,,,,,,,,,,,,,,,,,,,,,,,,,,,,,,,
276.0,-0.007685153579186364,0.0858553797006607,3.6454199289437383e-05,0.651631772518158,0.0,0.031488974,0.009930139,0.9999633,0.09421413,0.049801175,-1.8143808e-06,-0.012663364,0.013900042,0.009232044,0.059441824,-0.0012880985,0.02107702,0.1035,0.055024963,1.0,,,,,,,,,,,,,,,,,,,,,,,,,,,,,,,,,,,,,,,,,,,,
277.0,-0.007802105245552094,0.08585836738348007,3.646612094598822e-05,0.647737443447113,0.0,0.031883787,0.010139775,0.9999633,0.0947558,0.050312605,-1.712536e-06,-0.012875557,0.013432503,0.009207487,-0.049910165,-0.11264468,-0.005162352,0.103875,0.055223055,1.0,,,,,,,,,,,,,,,,,,,,,,,,,,,,,,,,,,,,,,,,,,,,
278.0,-0.007919222285196316,0.08585865795612335,3.646612094598822e-05,0.6438369750976562,0.0,0.03228078,0.010351577,0.9999632,0.095278166,0.0508324,-1.586122e-06,-0.012628078,0.013425112,0.009298801,0.05942751,-0.0012522285,0.021101676,0.10425,0.055421133,1.0,,,,,,,,,,,,,,,,,,,,,,,,,,,,,,,,,,,,,,,,,,,,
279.0,-0.008036498769102786,0.08585630357265472,3.646612094598822e-05,0.6399304866790771,0.0,0.03267995,0.010565503,0.9999632,0.09580013,0.051341992,-1.2986693e-06,-0.012840271,0.012957811,0.009274244,-0.049904626,-0.112615034,-0.0051940037,0.104625,0.055619195,1.0,,,,,,,,,,,,,,,,,,,,,,,,,,,,,,,,,,,,,,,,,,,,
280.0,-0.00815394197204546,0.0858512744307518,3.64899642590899e-05,0.6360177993774414,0.0,0.03308121,0.010781585,0.9999632,0.09630279,0.05185994,-1.224643e-06,-0.0125927925,0.01295042,0.009365559,0.05941319,-0.0012163776,0.021126313,0.105,0.055817246,1.0,,,,,,,,,,,,,,,,,,,,,,,,,,,,,,,,,,,,,,,,,,,,
281.0,-0.008271543221516733,0.08584366738796234,3.64899642590899e-05,0.6320991516113281,0.0,0.033484563,0.010999784,0.9999632,0.09680507,0.052367695,-1.1094397e-06,-0.012804985,0.012483358,0.0093410015,-0.049899075,-0.112585396,-0.005225633,0.105375,0.056015283,1.0,,,,,,,,,,,,,,,,,,,,,,,,,,,,,,,,,,,,,,,,,,,,
282.0,-0.00838931297942636,0.08583341538906097,3.64899642590899e-05,0.6281742453575134,0.0,0.03388993,0.011220133,0.9999632,0.09728805,0.052883804,-1.0038414e-06,-0.012557507,0.012475967,0.009432316,0.059398856,-0.0011805455,0.02115093,0.10575,0.056213304,1.0,,,,,,,,,,,,,,,,,,,,,,,,,,,,,,,,,,,,,,,,,,,,
283.0,-0.008507244436066687,0.08582060039043427,3.64899642590899e-05,0.6242432594299316,0.0,0.03429731,0.0114425905,0.9999632,0.09777066,0.053389713,-8.9664394e-07,-0.0127699375,0.012008905,0.009407759,-0.04989352,-0.11255578,-0.005257239,0.106125,0.05641131,1.0,,,,,,,,,,,,,,,,,,,,,,,,,,,,,,,,,,,,,,,,,,,,
284.0,-0.008625347958129852,0.08580522239208221,3.64899642590899e-05,0.6203058958053589,0.0,0.03470662,0.01166719,0.9999632,0.09823398,0.053903986,-7.97993e-07,-0.012522459,0.012001991,0.009499073,0.059384514,-0.0011447325,0.021175524,0.1065,0.056609306,1.0,,,,,,,,,,,,,,,,,,,,,,,,,,,,,,,,,,,,,,,,,,,,
285.0,-0.008743617539201934,0.08578728139400482,3.64899642590899e-05,0.6163623332977295,0.0,0.035117853,0.011893891,0.9999632,0.09869694,0.05440806,-6.8975874e-07,-0.01273489,0.011534929,0.009474516,-0.049887963,-0.11252617,-0.0052888235,0.106875,0.056807287,1.0,,,,,,,,,,,,,,,,,,,,,,,,,,,,,,,,,,,,,,,,,,,,
286.0,-0.008862055459108207,0.08576684445142746,3.64899642590899e-05,0.6124125123023987,0.0,0.03553094,0.012122726,0.9999632,0.09914063,0.05492049,-6.001666e-07,-0.0124874115,0.011528015,0.009565592,0.059370164,-0.0011089382,0.0212001,0.10725,0.057005253,1.0,,,,,,,,,,,,,,,,,,,,,,,,,,,,,,,,,,,,,,,,,,,,
287.0,-0.00898066440471421,0.08574388176202774,3.64899642590899e-05,0.6084563136100769,0.0,0.035945874,0.012353654,0.9999632,0.09958396,0.055422723,-4.903938e-07,-0.012699842,0.01106143,0.009541035,-0.049882393,-0.11249657,-0.005320385,0.107625,0.057203203,1.0,,,,,,,,,,,,,,,,,,,,,,,,,,,,,,,,,,,,,,,,,,,,
288.0,-0.00909944884321767,0.08571840822696686,3.64899642590899e-05,0.6044936180114746,0.0,0.036362574,0.012586709,0.9999632,0.100008026,0.05593332,-4.0996812e-07,-0.012452602,0.011054516,0.009632349,0.0593558,-0.0010731631,0.021224653,0.108,0.05740114,1.0,,,,,,,,,,,,,,,,,,,,,,,,,,,,,,,,,,,,,,,,,,,,
289.0,-0.009218406124503965,0.0856904610991478,3.6513803934212774e-05,0.6005244851112366,0.0,0.03678104,0.012821849,0.9999632,0.10043175,0.056433715,-2.986252e-07,-0.012664795,0.010587931,0.009607792,-0.04987682,-0.11246699,-0.005351925,0.108375,0.057599064,1.0,,,,,,,,,,,,,,,,,,,,,,,,,,,,,,,,,,,,,,,,,,,,
290.0,-0.009337540214117873,0.08566008508205414,3.6513803934212774e-05,0.596548855304718,0.0,0.037201192,0.01305911,0.9999632,0.10083622,0.056942474,-2.2736333e-07,-0.012417555,0.010581255,0.009698868,0.059341427,-0.0010374067,0.021249186,0.10875,0.057796974,1.0,,,,,,,,,,,,,,,,,,,,,,,,,,,,,,,,,,,,,,,,,,,,
291.0,-0.009456851597806145,0.08562725782394409,3.6513803934212774e-05,0.5925666093826294,0.0,0.037623025,0.013298448,0.9999632,0.10124036,0.057441037,-1.14444695e-07,-0.012629986,0.01011467,0.009674311,-0.04987124,-0.11243742,-0.0053834417,0.109125,0.057994865,1.0,,,,,,,,,,,,,,,,,,,,,,,,,,,,,,,,,,,,,,,,,,,,
292.0,-0.009576346730117168,0.08559202402830124,3.6513803934212774e-05,0.5885776281356812,0.0,0.038046464,0.013539897,0.9999632,0.101625256,0.05794796,-5.2337846e-08,-0.012382746,0.0101082325,0.009765387,0.059327044,-0.0010016693,0.021273699,0.1095,0.058192745,1.0,,,,,,,,,,,,,,,,,,,,,,,,,,,,,,,,,,,,,,,,,,,,
293.0,-0.009696023324031468,0.08555437624454498,3.6513803934212774e-05,0.5845819115638733,0.0,0.038471505,0.013783418,0.9999632,0.102009825,0.058444686,6.2160694e-08,-0.012595177,0.009641886,0.009740591,-0.049865652,-0.11240786,-0.0054149367,0.109875,0.05839061,1.0,,,,,,,,,,,,,,,,,,,,,,,,,,,,,,,,,,,,,,,,,,,,
294.0,-0.00981588834581594,0.08551431447267532,3.6513803934212774e-05,0.5805792808532715,0.0,0.03889807,0.014029041,0.9999632,0.102375165,0.058949776,1.1512156e-07,-0.012348175,0.009635448,0.009831905,0.059312653,-0.0009659507,0.02129819,0.11025,0.05858846,1.0,,,,,,,,,,,,,,,,,,,,,,,,,,,,,,,,,,,,,,,,,,,,
295.0,-0.009935793088647735,0.08547194302082062,3.6513803934212774e-05,0.5765698552131653,0.0,0.039326154,0.014276727,0.9999632,0.1027402,0.05944467,2.3120413e-07,-0.012560368,0.00916934,0.00980711,-0.04986006,-0.11237832,-0.005446409,0.110625,0.058786295,1.0,,,,,,,,,,,,,,,,,,,,,,,,,,,,,,,,,,,,,,,,,,,,
296.0,-0.010055803688785774,0.08542720973491669,3.6513803934212774e-05,0.5725533366203308,0.0,0.039755676,0.014526511,0.9999632,0.103086,0.059947923,2.7502807e-07,-0.012313366,0.009162903,0.009898186,0.059298247,-0.00093025103,0.021322662,0.111,0.058984116,1.0,,,,,,,,,,,,,,,,,,,,,,,,,,,,,,,,,,,,,,,,,,,,
297.0,-0.01017600380925451,0.0853801816701889,3.6513803934212774e-05,0.5685298442840576,0.0,0.040186644,0.014778348,0.9999632,0.10343151,0.060440987,3.9269875e-07,-0.012351036,0.0086967945,0.00987339,-0.0079140505,-0.11193364,-0.0058621853,0.111375,0.059181925,1.0,,,,,,,,,,,,,,,,,,,,,,,,,,,,,,,,,,,,,,,,,,,,
298.0,-0.01029640183294787,0.08533085882663727,3.64899642590899e-05,0.5644991397857666,0.0,0.040618967,0.015032245,0.9999632,0.10375787,0.060935263,5.1625375e-07,-0.011929274,0.008690596,0.009964466,0.10121465,-0.0004857595,0.020982161,0.11175,0.059379715,1.0,,,,,,,,,,,,,,,,,,,,,,,,,,,,,,,,,,,,,,,,,,,,
299.0,-0.010416994839413338,0.08527930825948715,3.6513803934212774e-05,0.5604612827301025,0.0,0.04105265,0.015288129,0.9999632,0.10408402,0.06141221,6.9873755e-07,-0.011966944,0.008224726,0.009939671,-0.00792865,-0.11189744,-0.005912935,0.112125,0.05957749,1.0,,,,,,,,,,,,,,,,,,,,,,,,,,,,,,,,,,,,,,,,,,,,
300.0,-0.010537793139643419,0.08522550761699677,3.6513803934212774e-05,0.5564159750938416,0.0,0.04148761,0.015546005,0.9999632,0.10439103,0.06189038,7.9857926e-07,-0.01154542,0.008218765,0.010030746,0.10118045,-0.00045315898,0.021025825,0.1125,0.059775252,1.0,,,,,,,,,,,,,,,,,,,,,,,,,,,,,,,,,,,,,,,,,,,,
301.0,-0.01065879160208906,0.08516956120729446,3.6513803934212774e-05,0.5523633360862732,0.0,0.041923855,0.015805803,0.9999632,0.104697846,0.062351223,9.797819e-07,-0.01158309,0.0077528954,0.010005474,-0.007943225,-0.111861244,-0.005963649,0.112875,0.059973,1.0,,,,,,,,,,,,,,,,,,,,,,,,,,,,,,,,,,,,,,,,,,,,
302.0,-0.01077999994238999,0.08511142432689667,3.6513803934212774e-05,0.5483031272888184,0.0,0.042361293,0.016067524,0.9999632,0.10498553,0.0628133,1.0714336e-06,-0.011161804,0.007746935,0.01009655,0.10114625,-0.00042059552,0.02106946,0.11325,0.060170732,1.0,,,,,,,,,,,,,,,,,,,,,,,,,,,,,,,,,,,,,,,,,,,,
303.0,-0.010901414415483352,0.08505115658044815,3.6513803934212774e-05,0.5442354083061218,0.0,0.04279993,0.016331099,0.9999632,0.10527302,0.06325805,1.2477255e-06,-0.011199713,0.0072813034,0.010071278,-0.007957775,-0.11182505,-0.006014327,0.113625,0.06036845,1.0,,,,,,,,,,,,,,,,,,,,,,,,,,,,,,,,,,,,,,,,,,,,
304.0,-0.011023043550045169,0.0849887952208519,3.6513803934212774e-05,0.5401599407196045,0.0,0.043239687,0.016596533,0.9999632,0.1055414,0.06370405,1.3320528e-06,-0.010778427,0.0072755814,0.0101623535,0.10111204,-0.00038806905,0.021113066,0.114,0.06056615,1.0,,,,,,,,,,,,,,,,,,,,,,,,,,,,,,,,,,,,,,,,,,,,
305.0,-0.011144888638881231,0.0849243551492691,3.650188591564074e-05,0.5360766649246216,0.0,0.04368056,0.016863752,0.9999632,0.10580961,0.064132735,1.5032439e-06,-0.010816336,0.0068101883,0.010136843,-0.007972302,-0.111788854,-0.0060649686,0.114375,0.060763836,1.0,,,,,,,,,,,,,,,,,,,,,,,,,,,,,,,,,,,,,,,,,,,,
306.0,-0.011266950753441689,0.08485790342092514,3.650188591564074e-05,0.5319855809211731,0.0,0.044122472,0.017132765,0.9999633,0.1060587,0.06456266,1.5803048e-06,-0.01039505,0.006804228,0.01022768,0.10107782,-0.00035557957,0.021156644,0.11475,0.060961507,1.0,,,,,,,,,,,,,,,,,,,,,,,,,,,,,,,,,,,,,,,,,,,,
307.0,-0.011389233869578404,0.08478941023349762,3.650188591564074e-05,0.5278865098953247,0.0,0.04456542,0.017403495,0.9999633,0.10630763,0.06497529,1.5624439e-06,-0.010433197,0.006339073,0.010201931,-0.007986804,-0.11175267,-0.006115575,0.115125,0.061159164,1.0,,,,,,,,,,,,,,,,,,,,,,,,,,,,,,,,,,,,,,,,,,,,
308.0,-0.011511741383780374,0.08471892774105072,3.650188591564074e-05,0.5237793922424316,0.0,0.045009326,0.01767595,0.9999633,0.106537476,0.06538917,1.6754269e-06,-0.01001215,0.006333351,0.010293007,0.10104359,-0.00032312702,0.021200193,0.1155,0.061356805,1.0,,,,,,,,,,,,,,,,,,,,,,,,,,,,,,,,,,,,,,,,,,,,
309.0,-0.011634474649672941,0.08464647829532623,3.650188591564074e-05,0.5196641683578491,0.0,0.04545419,0.017950056,0.9999633,0.10676716,0.06578576,1.8262917e-06,-0.010050297,0.0058681965,0.010267019,-0.008001282,-0.11171647,-0.006166145,0.115875,0.06155443,1.0,,,,,,,,,,,,,,,,,,,,,,,,,,,,,,,,,,,,,,,,,,,,
310.0,-0.011757721302910843,0.08457215130329132,3.650188591564074e-05,0.5155407190322876,0.0,0.04589993,0.01822582,0.9999633,0.10697777,0.066183604,1.8912376e-06,-0.009629488,0.005862713,0.010358095,0.10100935,-0.00029071135,0.021243716,0.11625,0.06175204,1.0,,,,,,,,,,,,,,,,,,,,,,,,,,,,,,,,,,,,,,,,,,,,
311.0,-0.011880739098959068,0.08449587225914001,3.650188591564074e-05,0.5114090442657471,0.0,0.04634655,0.018503172,0.9999633,0.107188225,0.06656417,2.0465966e-06,-0.009667635,0.005964756,0.0103263855,-0.009432762,0.024377078,-0.00752693,0.116625,0.061949633,1.0,,,,,,,,,,,,,,,,,,,,,,,,,,,,,,,,,,,,,,,,,,,,
312.0,-0.012004448250824182,0.08441775292158127,3.646612094598822e-05,0.507269024848938,0.0,0.04679406,0.018782115,0.9999633,0.107402794,0.06694624,1.9703944e-06,-0.009247065,0.0056095123,0.010420799,0.10186221,-0.08418443,0.022041237,0.117,0.062147215,1.0,,,,,,,,,,,,,,,,,,,,,,,,,,,,,,,,,,,,,,,,,,,,
313.0,-0.01212794091363967,0.0843377485871315,3.646612094598822e-05,0.5031204223632812,0.0,0.047242403,0.019062577,0.99996334,0.107602924,0.067310885,2.2349548e-06,-0.009285212,0.0057115555,0.010389328,-0.009446949,0.024402523,-0.0075236093,0.117375,0.06234478,1.0,,,,,,,,,,,,,,,,,,,,,,,,,,,,,,,,,,,,,,,,,,,,
314.0,-0.012252128047733962,0.08425593376159668,3.646612094598822e-05,0.4989633858203888,0.0,0.047691602,0.019344565,0.99996334,0.107807174,0.067677036,1.9507734e-06,-0.008864641,0.00535655,0.010483265,0.10184723,-0.084163636,0.022030476,0.11775,0.06254233,1.0,,,,,,,,,,,,,,,,,,,,,,,,,,,,,,,,,,,,,,,,,,,,
315.0,-0.012376064753983793,0.0841723084449768,3.646612094598822e-05,0.494798868894577,0.0,0.048141588,0.019628005,0.99996334,0.10799699,0.068025775,2.253857e-06,-0.008903027,0.0054585934,0.010451794,-0.009461135,0.024427952,-0.0075202766,0.118125,0.06273986,1.0,,,,,,,,,,,,,,,,,,,,,,,,,,,,,,,,,,,,,,,,,,,,
316.0,-0.012500668672351731,0.08408687263727188,3.646612094598822e-05,0.49062684178352356,0.0,0.048592385,0.019912906,0.99996334,0.10819093,0.06837603,2.1461963e-06,-0.008482218,0.005103588,0.010545731,0.101832256,-0.084142864,0.02201972,0.1185,0.06293737,1.0,,,,,,,,,,,,,,,,,,,,,,,,,,,,,,,,,,,,,,,,,,,,
317.0,-0.012625024490989109,0.08399975299835205,3.646612094598822e-05,0.4864473044872284,0.0,0.049043927,0.020199193,0.99996334,0.10837045,0.06870887,2.397558e-06,-0.008520842,0.0052058697,0.010514259,-0.009475319,0.024453368,-0.0075169313,0.118875,0.06313487,1.0,,,,,,,,,,,,,,,,,,,,,,,,,,,,,,,,,,,,,,,,,,,,
318.0,-0.012750053608869442,0.08391088992357254,3.646612094598822e-05,0.4822600483894348,0.0,0.049496237,0.020486873,0.99996334,0.1085541,0.069043234,2.3036512e-06,-0.008100271,0.004851103,0.010607958,0.10181729,-0.08412209,0.022008965,0.11925,0.06333236,1.0,,,,,,,,,,,,,,,,,,,,,,,,,,,,,,,,,,,,,,,,,,,,
319.0,-0.012874837427985498,0.08382028341293335,3.6454199289437383e-05,0.47806516289711,0.0,0.04994925,0.020775873,0.99996334,0.10872334,0.06936019,2.541506e-06,-0.008138657,0.0049533844,0.010576487,-0.009489502,0.024478767,-0.0075135743,0.119625,0.06352983,1.0,,,,,,,,,,,,,,,,,,,,,,,,,,,,,,,,,,,,,,,,,,,,
320.0,-0.013000299374145746,0.08372803032398224,3.6454199289437383e-05,0.4738624393939972,0.0,0.050402988,0.021066202,0.9999634,0.10889671,0.06967868,2.4523858e-06,-0.0077183247,0.0045986176,0.010670185,0.101802334,-0.084101334,0.02199821,0.12,0.06372728,1.0,,,,,,,,,,,,,,,,,,,,,,,,,,,,,,,,,,,,,,,,,,,,
321.0,-0.01312551803564061,0.083634153008461,3.6454199289437383e-05,0.46965205669403076,0.0,0.050857384,0.021357784,0.9999634,0.10905568,0.069979765,2.4948897e-06,-0.00775671,0.0047011375,0.010638714,-0.009503682,0.024504151,-0.007510205,0.120375,0.06392472,1.0,,,,,,,,,,,,,,,,,,,,,,,,,,,,,,,,,,,,,,,,,,,,
322.0,-0.013251410513452406,0.08353863656520844,3.643035961431451e-05,0.4654339551925659,0.0,0.051312465,0.021650627,0.9999634,0.10921879,0.07028239,2.4532478e-06,-0.007336378,0.0043461323,0.010732174,0.10178738,-0.084080584,0.021987459,0.12075,0.06412214,1.0,,,,,,,,,,,,,,,,,,,,,,,,,,,,,,,,,,,,,,,,,,,,
323.0,-0.01337706528065164,0.08344154059886932,3.643035961431451e-05,0.4612080156803131,0.0,0.05176816,0.021944659,0.9999634,0.109367505,0.07056762,2.6583025e-06,-0.007375002,0.0044488907,0.010700941,-0.0095178615,0.02452952,-0.007506823,0.121125,0.06431954,1.0,,,,,,,,,,,,,,,,,,,,,,,,,,,,,,,,,,,,,,,,,,,,
324.0,-0.013503398037426817,0.08334285020828247,3.641843795776367e-05,0.45697423815727234,0.0,0.0522245,0.022239884,0.9999634,0.10952036,0.070854396,2.5801235e-06,-0.00695467,0.004094124,0.010794163,0.101772435,-0.08405984,0.02197671,0.1215,0.06451694,1.0,,,,,,,,,,,,,,,,,,,,,,,,,,,,,,,,,,,,,,,,,,,,
325.0,-0.013629494834204437,0.08324261009693146,3.641843795776367e-05,0.45273256301879883,0.0,0.05268141,0.022536235,0.99996346,0.10965884,0.07112378,2.783503e-06,-0.0069932938,0.004196644,0.0107626915,-0.009532039,0.024554875,-0.0075034294,0.121875,0.06471431,1.0,,,,,,,,,,,,,,,,,,,,,,,,,,,,,,,,,,,,,,,,,,,,
326.0,-0.013756269735809384,0.08314087986946106,3.641843795776367e-05,0.44848307967185974,0.0,0.053138915,0.022833712,0.99996346,0.10980146,0.07139471,2.5233833e-06,-0.0065732,0.0038421154,0.010855913,0.101757504,-0.084039114,0.021965962,0.12225,0.06491166,1.0,,,,,,,,,,,,,,,,,,,,,,,,,,,,,,,,,,,,,,,,,,,,
327.0,-0.013882810918622682,0.08303765207529068,3.641843795776367e-05,0.44422563910484314,0.0,0.053596955,0.023132246,0.99996346,0.1099297,0.07164826,2.7592325e-06,-0.006611824,0.003944874,0.01082468,-0.009546216,0.024580214,-0.0075000236,0.122625,0.06510901,1.0,,,,,,,,,,,,,,,,,,,,,,,,,,,,,,,,,,,,,,,,,,,,
328.0,-0.014010031682254707,0.08293293416500092,3.641843795776367e-05,0.4399603009223938,0.0,0.054055545,0.023431843,0.99996346,0.11006211,0.07190336,2.6770772e-06,-0.0061917305,0.003590107,0.010917664,0.10174257,-0.084018394,0.021955216,0.123,0.065306336,1.0,,,,,,,,,,,,,,,,,,,,,,,,,,,,,,,,,,,,,,,,,,,,
329.0,-0.014137020180410128,0.08282679319381714,3.641843795776367e-05,0.43568700551986694,0.0,0.05451463,0.023732431,0.99996346,0.11018015,0.072141096,2.8609118e-06,-0.0062303543,0.0036931038,0.010886192,-0.009560389,0.024605537,-0.007496605,0.123375,0.06550364,1.0,,,,,,,,,,,,,,,,,,,,,,,,,,,,,,,,,,,,,,,,,,,,
330.0,-0.01426468493517905,0.08271919935941696,3.640651630121283e-05,0.4314059317111969,0.0,0.054974224,0.024034018,0.99996346,0.110302344,0.07238039,2.7925987e-06,-0.005810261,0.0033385754,0.010979176,0.10172766,-0.08399768,0.021944473,0.12375,0.06570093,1.0,,,,,,,,,,,,,,,,,,,,,,,,,,,,,,,,,,,,,,,,,,,,
331.0,-0.014392116839676694,0.08261022716760635,3.638267662608996e-05,0.42711693048477173,0.0,0.055434268,0.024336526,0.9999635,0.11041018,0.07260231,2.9629575e-06,-0.005849123,0.0034415722,0.010947943,-0.009574562,0.024630845,-0.007493175,0.124125,0.06589821,1.0,,,,,,,,,,,,,,,,,,,,,,,,,,,,,,,,,,,,,,,,,,,,
332.0,-0.014520225181227581,0.0824999213218689,3.635883331298828e-05,0.42282015085220337,0.0,0.055894777,0.024639968,0.9999635,0.11052219,0.0728258,2.7154815e-06,-0.005429268,0.0030870438,0.011040688,0.10171274,-0.08397698,0.021933733,0.1245,0.066095464,1.0,,,,,,,,,,,,,,,,,,,,,,,,,,,,,,,,,,,,,,,,,,,,
333.0,-0.014648098161804185,0.0823882445693016,3.635883331298828e-05,0.41851553320884705,0.0,0.056355692,0.024944266,0.9999635,0.11061984,0.07303192,2.917686e-06,-0.00546813,0.003190279,0.011009216,-0.009588734,0.024656137,-0.0074897325,0.124875,0.06629271,1.0,,,,,,,,,,,,,,,,,,,,,,,,,,,,,,,,,,,,,,,,,,,,
334.0,-0.014776644785453347,0.08227529376745224,3.635883331298828e-05,0.4142032563686371,0.0,0.056817032,0.025249433,0.9999635,0.11072168,0.07323962,2.8483314e-06,-0.005048275,0.0028357506,0.011101961,0.10169784,-0.08395629,0.021922993,0.12525,0.066489935,1.0,,,,,,,,,,,,,,,,,,,,,,,,,,,,,,,,,,,,,,,,,,,,
335.0,-0.014904954096571965,0.08216099441051483,3.634691165643744e-05,0.40988320112228394,0.0,0.057278737,0.02555539,0.9999635,0.11080916,0.07342996,2.998508e-06,-0.005087137,0.0029389858,0.01107049,-0.009602903,0.024681415,-0.007486278,0.125625,0.066687144,1.0,,,,,,,,,,,,,,,,,,,,,,,,,,,,,,,,,,,,,,,,,,,,
336.0,-0.01503393863478741,0.08204549551010132,3.634691165643744e-05,0.40555545687675476,0.0,0.057740822,0.025862148,0.9999636,0.11090083,0.07362188,2.9430087e-06,-0.004667282,0.0025846958,0.011162996,0.101682946,-0.0839356,0.021912254,0.126,0.06688434,1.0,,,,,,,,,,,,,,,,,,,,,,,,,,,,,,,,,,,,,,,,,,,,
337.0,-0.01516268014682155,0.08192871510982513,3.634691165643744e-05,0.4012201130390167,0.0,0.05820323,0.026169633,0.9999636,0.11097816,0.07379644,2.89577e-06,-0.0047061443,0.002687931,0.011131763,-0.009617072,0.024706678,-0.007482812,0.126375,0.06708151,1.0,,,,,,,,,,,,,,,,,,,,,,,,,,,,,,,,,,,,,,,,,,,,
338.0,-0.015292091130056362,0.08181072026491165,3.634691165643744e-05,0.3968772888183594,0.0,0.05866598,0.026477853,0.9999636,0.11105968,0.0739726,2.888264e-06,-0.0042865276,0.002333641,0.011224031,0.10166805,-0.083914936,0.02190152,0.12675,0.06727867,1.0,,,,,,,,,,,,,,,,,,,,,,,,,,,,,,,,,,,,,,,,,,,,
339.0,-0.015421254303956083,0.08169154077768326,3.631115032476373e-05,0.3925270438194275,0.0,0.05912901,0.026786733,0.9999636,0.11112687,0.0741314,3.0035278e-06,-0.00432539,0.0024371147,0.011192799,-0.009631238,0.024731927,-0.007479333,0.127125,0.06747581,1.0,,,,,,,,,,,,,,,,,,,,,,,,,,,,,,,,,,,,,,,,,,,,
340.0,-0.015551196626916956,0.08157122135162354,3.631115032476373e-05,0.3881693184375763,0.0,0.059592336,0.027096283,0.99996364,0.11119826,0.0742918,2.9595146e-06,-0.0039060116,0.0020828247,0.011285067,0.10165317,-0.08389427,0.021890786,0.1275,0.06767294,1.0,,,,,,,,,,,,,,,,,,,,,,,,,,,,,,,,,,,,,,,,,,,,
341.0,-0.01568088629749109,0.0814497321844101,3.631115032476373e-05,0.3838043510913849,0.0,0.0600559,0.027406428,0.99996364,0.111255325,0.07443486,2.8892036e-06,-0.003944874,0.0021865368,0.011253834,-0.009645402,0.024757158,-0.0074758423,0.127875,0.06787005,1.0,,,,,,,,,,,,,,,,,,,,,,,,,,,,,,,,,,,,,,,,,,,,
342.0,-0.015811235907938412,0.08132711052894592,3.631115032476373e-05,0.37943220138549805,0.0,0.060519718,0.027717175,0.99996364,0.11131659,0.07457952,2.8904108e-06,-0.0035254955,0.0018322468,0.011345625,0.1016383,-0.083873615,0.021880055,0.12825,0.06806714,1.0,,,,,,,,,,,,,,,,,,,,,,,,,,,,,,,,,,,,,,,,,,,,
343.0,-0.015941327642855642,0.0812034010887146,3.631115032476373e-05,0.3750530183315277,0.0,0.060983732,0.028028455,0.99996364,0.111363545,0.074706845,2.9832713e-06,-0.0035643578,0.0019359589,0.0113146305,-0.009659566,0.024782376,-0.0074723396,0.128625,0.068264216,1.0,,,,,,,,,,,,,,,,,,,,,,,,,,,,,,,,,,,,,,,,,,,,
344.0,-0.016072076500866117,0.08107857406139374,3.629922866821289e-05,0.3706667721271515,0.0,0.061447963,0.02834027,0.99996364,0.11141471,0.074835785,2.9478192e-06,-0.0031449795,0.0015816689,0.011406422,0.10162344,-0.08385298,0.021869326,0.129,0.06846127,1.0,,,,,,,,,,,,,,,,,,,,,,,,,,,,,,,,,,,,,,,,,,,,
345.0,-0.01620256131561405,0.08095274865627289,3.629922866821289e-05,0.3662737309932709,0.0,0.061912343,0.02865255,0.9999637,0.111451566,0.07494738,3.039121e-06,-0.0031840801,0.0016856194,0.011375189,-0.009673728,0.024807578,-0.0074688247,0.129375,0.068658315,1.0,,,,,,,,,,,,,,,,,,,,,,,,,,,,,,,,,,,,,,,,,,,,
346.0,-0.016333698271461663,0.0808257907629013,3.629922866821289e-05,0.3618737757205963,0.0,0.062376894,0.028965304,0.9999637,0.11149264,0.0750606,2.8217262e-06,-0.0027647018,0.0013313293,0.01146698,0.101608574,-0.08383234,0.021858597,0.12975,0.06885534,1.0,,,,,,,,,,,,,,,,,,,,,,,,,,,,,,,,,,,,,,,,,,,,
347.0,-0.016464563290353548,0.08069786429405212,3.627538535511121e-05,0.35746726393699646,0.0,0.06284156,0.029278455,0.9999637,0.11151941,0.07515649,2.9455903e-06,-0.002804041,0.0014352798,0.011435747,-0.0096878875,0.024832765,-0.0074652983,0.130125,0.06905234,1.0,,,,,,,,,,,,,,,,,,,,,,,,,,,,,,,,,,,,,,,,,,,,
348.0,-0.016596071222349976,0.08056887239217758,3.625154567998834e-05,0.3530541956424713,0.0,0.063306354,0.029592013,0.9999637,0.11155041,0.075254,2.9061714e-06,-0.0023846626,0.0010812283,0.0115273,0.101593725,-0.083811715,0.021847872,0.1305,0.06924933,1.0,,,,,,,,,,,,,,,,,,,,,,,,,,,,,,,,,,,,,,,,,,,,
349.0,-0.01672730158521199,0.08043890446424484,3.62396240234375e-05,0.3486347794532776,0.0,0.06377122,0.029905906,0.9999637,0.11156712,0.07533419,2.978099e-06,-0.0024240017,0.0011854172,0.011496067,-0.009702046,0.024857936,-0.0074617593,0.130875,0.0694463,1.0,,,,,,,,,,,,,,,,,,,,,,,,,,,,,,,,,,,,,,,,,,,,
350.0,-0.016859162833684195,0.0803079828619957,3.62396240234375e-05,0.3442091643810272,0.0,0.064236164,0.03022014,0.99996376,0.11158805,0.07541601,2.9525354e-06,-0.0020048618,0.0008313656,0.01158762,0.101578884,-0.0837911,0.021837149,0.13125,0.06964325,1.0,,,,,,,,,,,,,,,,,,,,,,,,,,,,,,,,,,,,,,,,,,,,
351.0,-0.01699081973221437,0.08017607033252716,3.62396240234375e-05,0.33977749943733215,0.0,0.06470115,0.030534642,0.99996376,0.11159471,0.07548052,2.827105e-06,-0.0020439625,0.0009355545,0.011556387,-0.0097162025,0.024883093,-0.0074582086,0.131625,0.06984019,1.0,,,,,,,,,,,,,,,,,,,,,,,,,,,,,,,,,,,,,,,,,,,,
352.0,-0.017123097681545234,0.08004321902990341,3.62396240234375e-05,0.3353399932384491,0.0,0.06516617,0.03084942,0.99996376,0.11160559,0.07554667,2.8495451e-06,-0.0016248226,0.0007426739,0.011647463,0.10111689,-0.045084734,0.021747347,0.132,0.07003711,1.0,,,,,,,,,,,,,,,,,,,,,,,,,,,,,,,,,,,,,,,,,,,,
353.0,-0.0172550794956077,0.07990942895412445,3.62396240234375e-05,0.3308967649936676,0.0,0.0656312,0.0311644,0.99996376,0.111608796,0.07559557,2.8823138e-06,-0.0016644001,0.0010082722,0.011615992,-0.010184774,0.0635846,-0.0075158793,0.132375,0.070234016,1.0,,,,,,,,,,,,,,,,,,,,,,,,,,,,,,,,,,,,,,,,,,,,
354.0,-0.017387673684577023,0.07977475970983505,3.622770236688666e-05,0.3264480233192444,0.0,0.0660963,0.031479593,0.99996376,0.111622825,0.0756462,2.8624765e-06,-0.0012452602,0.00081539154,0.0117070675,0.101105414,-0.045082238,0.021719081,0.13275,0.0704309,1.0,,,,,,,,,,,,,,,,,,,,,,,,,,,,,,,,,,,,,,,,,,,,
355.0,-0.017519960320687006,0.07963913679122925,3.620386269176379e-05,0.32199394702911377,0.0,0.06656142,0.031794924,0.9999638,0.111629166,0.0756796,2.8992363e-06,-0.0012845993,0.0010809898,0.011675596,-0.010204936,0.063591585,-0.007494394,0.133125,0.070627764,1.0,,,,,,,,,,,,,,,,,,,,,,,,,,,,,,,,,,,,,,,,,,,,
356.0,-0.01765284517433038,0.0795026570558548,3.620386269176379e-05,0.31753483414649963,0.0,0.067026615,0.032110404,0.9999638,0.11164634,0.07571473,2.6943144e-06,-0.00086569786,0.0008881092,0.011766434,0.10109394,-0.045079734,0.021690825,0.1335,0.07082461,1.0,,,,,,,,,,,,,,,,,,,,,,,,,,,,,,,,,,,,,,,,,,,,
357.0,-0.017785409777629005,0.07936527580022812,3.620386269176379e-05,0.3130708336830139,0.0,0.067491844,0.032425955,0.9999638,0.111655824,0.07573264,2.7686012e-06,-0.0009050369,0.0011537075,0.011735439,-0.010225089,0.06359854,-0.0074729086,0.133875,0.071021445,1.0,,,,,,,,,,,,,,,,,,,,,,,,,,,,,,,,,,,,,,,,,,,,
358.0,-0.01791855966627918,0.07922707498073578,3.620386269176379e-05,0.3086022138595581,0.0,0.06795716,0.03274159,0.9999638,0.111676134,0.07575228,2.7386516e-06,-0.00048613548,0.0009608269,0.011826038,0.101082474,-0.045077227,0.021662578,0.13425,0.07121826,1.0,,,,,,,,,,,,,,,,,,,,,,,,,,,,,,,,,,,,,,,,,,,,
359.0,-0.01805137398702327,0.0790879875421524,3.619194103521295e-05,0.3041292428970337,0.0,0.06842253,0.033057235,0.9999638,0.11168877,0.07575471,2.7659269e-06,-0.00052571297,0.0012264252,0.011795044,-0.010245232,0.063605495,-0.0074514216,0.134625,0.07141505,1.0,,,,,,,,,,,,,,,,,,,,,,,,,,,,,,,,,,,,,,,,,,,,
360.0,-0.01818476053630798,0.07894803583621979,3.619194103521295e-05,0.299652099609375,0.0,0.068888,0.033372898,0.9999639,0.11171223,0.075758874,2.7468361e-06,-0.00010681152,0.0010335445,0.011885643,0.101071015,-0.045074712,0.021634337,0.135,0.07161183,1.0,,,,,,,,,,,,,,,,,,,,,,,,,,,,,,,,,,,,,,,,,,,,
361.0,-0.018318067771612462,0.07880730926990509,3.619194103521295e-05,0.2951711416244507,0.0,0.069353536,0.033688504,0.9999639,0.111728005,0.075745836,2.581674e-06,-0.00014662743,0.0012991428,0.011854649,-0.010265365,0.06361243,-0.007429934,0.135375,0.07180859,1.0,,,,,,,,,,,,,,,,,,,,,,,,,,,,,,,,,,,,,,,,,,,,
362.0,-0.018451620065579485,0.07866577059030533,3.619194103521295e-05,0.2906865179538727,0.0,0.06981918,0.034004066,0.9999639,0.11175461,0.07573454,2.6075904e-06,0.00027227402,0.0011062622,0.011945009,0.101059556,-0.04507219,0.021606106,0.13575,0.07200533,1.0,,,,,,,,,,,,,,,,,,,,,,,,,,,,,,,,,,,,,,,,,,,,
363.0,-0.018585261340338458,0.0785234123468399,3.61442580469884e-05,0.2861986756324768,0.0,0.0702849,0.034319505,0.9999639,0.111773536,0.07570604,2.6099062e-06,0.00023269653,0.0013718605,0.011914253,-0.010285488,0.063619345,-0.0074084457,0.136125,0.07220206,1.0,,,,,,,,,,,,,,,,,,,,,,,,,,,,,,,,,,,,,,,,,,,,
364.0,-0.01871898156891398,0.078380286693573,3.61442580469884e-05,0.28170785307884216,0.0,0.07075075,0.034634836,0.9999639,0.11180329,0.0756793,2.5963213e-06,0.00065135956,0.0011789799,0.012004614,0.101048104,-0.045069665,0.021577884,0.1365,0.07239876,1.0,,,,,,,,,,,,,,,,,,,,,,,,,,,,,,,,,,,,,,,,,,,,
365.0,-0.018852774022646554,0.0782364010810852,3.613233639043756e-05,0.277214378118515,0.0,0.07121669,0.034949984,0.9999639,0.11182536,0.075635366,2.601998e-06,0.00061154366,0.0014445782,0.011973858,-0.010305602,0.06362625,-0.0073869564,0.136875,0.07259545,1.0,,,,,,,,,,,,,,,,,,,,,,,,,,,,,,,,,,,,,,,,,,,,
366.0,-0.018986625448450697,0.07809173315763474,3.613233639043756e-05,0.2727185785770416,0.0,0.071682766,0.035264958,0.99996394,0.11185826,0.07559319,2.5874492e-06,0.0010302067,0.001251936,0.0120642185,0.10103665,-0.04506713,0.021549668,0.13725,0.07279212,1.0,,,,,,,,,,,,,,,,,,,,,,,,,,,,,,,,,,,,,,,,,,,,
367.0,-0.019120529095294114,0.07794634252786636,3.613233639043756e-05,0.26822081208229065,0.0,0.07214895,0.03557968,0.99996394,0.11188349,0.07553382,2.4034766e-06,0.0009903908,0.0015175343,0.0120334625,-0.010325707,0.063633144,-0.007365466,0.137625,0.07298877,1.0,,,,,,,,,,,,,,,,,,,,,,,,,,,,,,,,,,,,,,,,,,,,
368.0,-0.019254416994383065,0.0778002217411995,3.613233639043756e-05,0.26372140645980835,0.0,0.07261527,0.035894167,0.99996394,0.111919545,0.07547622,2.4332844e-06,0.0014090538,0.0013246536,0.012123585,0.10102521,-0.04506459,0.021521462,0.138,0.0731854,1.0,,,,,,,,,,,,,,,,,,,,,,,,,,,,,,,,,,,,,,,,,,,,
369.0,-0.01938820320631089,0.07765336334705353,3.613233639043756e-05,0.25922080874443054,0.0,0.073081724,0.03620834,0.99996394,0.11194792,0.07540144,2.4169558e-06,0.0013692379,0.0015902519,0.012093067,-0.010345801,0.06364003,-0.0073439754,0.138375,0.07338202,1.0,,,,,,,,,,,,,,,,,,,,,,,,,,,,,,,,,,,,,,,,,,,,
370.0,-0.019522007724775678,0.07750581204891205,3.613233639043756e-05,0.2547193169593811,0.0,0.07354834,0.036522206,0.99996394,0.11198712,0.07532843,2.4072278e-06,0.0015275478,0.0013973713,0.012183189,0.03852754,-0.04581773,0.021592645,0.13875,0.07357861,1.0,,,,,,,,,,,,,,,,,,,,,,,,,,,,,,,,,,,,,,,,,,,,
371.0,-0.019655814696171274,0.07735757529735565,3.612041473388672e-05,0.2502174973487854,0.0,0.07401508,0.03683574,0.99996394,0.11201852,0.07524889,2.411922e-06,0.0012271404,0.001663208,0.012152433,-0.07283712,0.062878355,-0.0072515663,0.139125,0.073775195,1.0,,,,,,,,,,,,,,,,,,,,,,,,,,,,,,,,,,,,,,,,,,,,
372.0,-0.01978960835683397,0.07720865309238434,3.609657142078504e-05,0.24571581184864044,0.0,0.074482,0.037149,0.999964,0.112060614,0.07518177,2.4111068e-06,0.0013854504,0.0014703274,0.012242794,0.038545314,-0.045811463,0.021593321,0.1395,0.07397175,1.0,,,,,,,,,,,,,,,,,,,,,,,,,,,,,,,,,,,,,,,,,,,,
373.0,-0.019923383168657893,0.07705909013748169,3.609657142078504e-05,0.2412145584821701,0.0,0.07494906,0.03746195,0.999964,0.11209491,0.075108096,2.2312315e-06,0.0010852814,0.0017359257,0.012212038,-0.0728279,0.06287385,-0.0072585004,0.139875,0.074168295,1.0,,,,,,,,,,,,,,,,,,,,,,,,,,,,,,,,,,,,,,,,,,,,
374.0,-0.020057115424334276,0.07690881192684174,3.609657142078504e-05,0.2367144078016281,0.0,0.07541631,0.037774645,0.999964,0.112139896,0.07504685,2.2712172e-06,0.0012435913,0.001543045,0.01230216,0.03856308,-0.0458052,0.021593992,0.14025,0.07436481,1.0,,,,,,,,,,,,,,,,,,,,,,,,,,,,,,,,,,,,,,,,,,,,
375.0,-0.020190798907454385,0.07675792276859283,3.609657142078504e-05,0.23221571743488312,0.0,0.07588372,0.03808706,0.999964,0.11217708,0.07497906,2.267215e-06,0.0009434223,0.0018088818,0.012271404,-0.07281868,0.06286934,-0.0072654267,0.140625,0.07456132,1.0,,,,,,,,,,,,,,,,,,,,,,,,,,,,,,,,,,,,,,,,,,,,
376.0,-0.020325102429768184,0.07660640776157379,3.609657142078504e-05,0.22771920263767242,0.0,0.07635132,0.038399242,0.999964,0.11222496,0.07492368,2.263371e-06,0.0011017323,0.0016160011,0.012361765,0.038580835,-0.045798935,0.021594655,0.141,0.07475781,1.0,,,,,,,,,,,,,,,,,,,,,,,,,,,,,,,,,,,,,,,,,,,,
377.0,-0.020458526704742377,0.07645423710346222,3.608465340221301e-05,0.22322534024715424,0.0,0.07681909,0.038711164,0.999964,0.11226503,0.07486175,2.2711479e-06,0.00080156326,0.0018815994,0.012331009,-0.072809465,0.06286484,-0.007272345,0.141375,0.07495427,1.0,,,,,,,,,,,,,,,,,,,,,,,,,,,,,,,,,,,,,,,,,,,,
378.0,-0.020592762126281968,0.0763014703989029,3.608465340221301e-05,0.21873478591442108,0.0,0.07728708,0.03902288,0.99996406,0.1123158,0.07481223,2.2620059e-06,0.0009601116,0.0016889572,0.012421131,0.038598586,-0.045792673,0.021595312,0.14175,0.07515072,1.0,,,,,,,,,,,,,,,,,,,,,,,,,,,,,,,,,,,,,,,,,,,,
379.0,-0.02072595407702279,0.07614810764789581,3.608465340221301e-05,0.21424822509288788,0.0,0.077755235,0.039334368,0.99996406,0.11235876,0.07475616,2.0885504e-06,0.0006599426,0.0019545555,0.012390375,-0.072800264,0.06286034,-0.0072792554,0.142125,0.07534715,1.0,,,,,,,,,,,,,,,,,,,,,,,,,,,,,,,,,,,,,,,,,,,,
380.0,-0.020859916872632313,0.07599415630102158,3.606081008911133e-05,0.20976631343364716,0.0,0.07822362,0.039645668,0.99996406,0.11241241,0.0747125,2.1194317e-06,0.000818491,0.0017619133,0.012480497,0.038616326,-0.04578641,0.02159596,0.1425,0.07554356,1.0,,,,,,,,,,,,,,,,,,,,,,,,,,,,,,,,,,,,,,,,,,,,
381.0,-0.020992790838417204,0.07583960890769958,3.603696677600965e-05,0.20528988540172577,0.0,0.0786922,0.03995676,0.99996406,0.11245826,0.074662276,2.1220314e-06,0.0005185604,0.0020275116,0.012449741,-0.072791055,0.06285584,-0.007286158,0.142875,0.07573995,1.0,,,,,,,,,,,,,,,,,,,,,,,,,,,,,,,,,,,,,,,,,,,,
382.0,-0.02112638975564737,0.07568451762199402,3.603696677600965e-05,0.2008197009563446,0.0,0.07916101,0.040267695,0.99996406,0.112514794,0.074624464,2.1090455e-06,0.00067710876,0.001834631,0.012539864,0.038634058,-0.045780152,0.021596601,0.14325,0.075936325,1.0,,,,,,,,,,,,,,,,,,,,,,,,,,,,,,,,,,,,,,,,,,,,
383.0,-0.021258851405341696,0.07552884519100189,3.603696677600965e-05,0.1963566094636917,0.0,0.079630025,0.040578447,0.99996406,0.11256352,0.07458008,2.123434e-06,0.0003771782,0.0021004677,0.012508869,-0.07278186,0.06285135,-0.0072930525,0.143625,0.07613268,1.0,,,,,,,,,,,,,,,,,,,,,,,,,,,,,,,,,,,,,,,,,,,,
384.0,-0.02139198548728346,0.07537265866994858,3.6025048757437617e-05,0.19190149009227753,0.0,0.080099285,0.040889066,0.99996406,0.11262295,0.0745481,2.1051533e-06,0.00053572655,0.001907587,0.01259923,0.038651787,-0.045773894,0.021597235,0.144,0.07632901,1.0,,,,,,,,,,,,,,,,,,,,,,,,,,,,,,,,,,,,,,,,,,,,
385.0,-0.02152392554332705,0.0752159133553505,3.6025048757437617e-05,0.18745538592338562,0.0,0.08056877,0.04119952,0.9999641,0.11267456,0.07450956,2.122273e-06,0.00023579597,0.0021731853,0.012568235,-0.07277267,0.06284686,-0.0072999396,0.144375,0.07652532,1.0,,,,,,,,,,,,,,,,,,,,,,,,,,,,,,,,,,,,,,,,,,,,
386.0,-0.021656180616123538,0.07505864650011063,3.6025048757437617e-05,0.1830195039510727,0.0,0.081038505,0.041509867,0.9999641,0.11273686,0.07448342,1.9168617e-06,0.00039458275,0.0019805431,0.012658596,0.038669504,-0.045767635,0.021597862,0.14475,0.07672162,1.0,,,,,,,,,,,,,,,,,,,,,,,,,,,,,,,,,,,,,,,,,,,,
387.0,-0.021787175070003332,0.07490091025829315,3.6025048757437617e-05,0.17859488725662231,0.0,0.081508465,0.04182008,0.9999641,0.11279135,0.0744507,1.979408e-06,9.4652176e-05,0.0022461414,0.012627363,-0.07276348,0.06284238,-0.0073068184,0.145125,0.0769179,1.0,,,,,,,,,,,,,,,,,,,,,,,,,,,,,,,,,,,,,,,,,,,,
388.0,-0.02191875441117436,0.07474268972873688,3.6025048757437617e-05,0.17418272793293,0.0,0.0819787,0.042130206,0.9999641,0.11285654,0.07443038,1.944772e-06,0.00025343895,0.0020534992,0.012717724,0.038687214,-0.045761377,0.021598483,0.1455,0.07711416,1.0,,,,,,,,,,,,,,,,,,,,,,,,,,,,,,,,,,,,,,,,,,,,
389.0,-0.02204889488522249,0.0745840072631836,3.6025048757437617e-05,0.16978469491004944,0.0,0.082449175,0.04244022,0.9999641,0.11291391,0.07440348,1.9687084e-06,-4.6253204e-05,0.0023190975,0.012686729,-0.07275429,0.06283789,-0.0073136897,0.145875,0.0773104,1.0,,,,,,,,,,,,,,,,,,,,,,,,,,,,,,,,,,,,,,,,,,,,
390.0,-0.022179717494108787,0.07442490011453629,3.600120544433594e-05,0.1654021441936493,0.0,0.08291993,0.042750176,0.9999641,0.11298197,0.07438898,1.940617e-06,0.00011253357,0.0021264553,0.01277709,0.038704917,-0.04575512,0.021599093,0.14625,0.07750662,1.0,,,,,,,,,,,,,,,,,,,,,,,,,,,,,,,,,,,,,,,,,,,,
391.0,-0.022308760024858203,0.07426540553569794,3.59892837877851e-05,0.1610366702079773,0.0,0.08339094,0.043060042,0.9999641,0.11304222,0.074367896,1.964505e-06,-0.00018715858,0.0023920536,0.012745857,-0.072745115,0.06283341,-0.007320553,0.146625,0.07770281,1.0,,,,,,,,,,,,,,,,,,,,,,,,,,,,,,,,,,,,,,,,,,,,
392.0,-0.022438532779547837,0.07410551607608795,3.59892837877851e-05,0.15669021010398865,0.0,0.083862245,0.04336987,0.9999642,0.11311316,0.0743592,1.9339057e-06,-2.8371811e-05,0.0021994114,0.012836218,0.038722612,-0.045748867,0.021599699,0.147,0.077898994,1.0,,,,,,,,,,,,,,,,,,,,,,,,,,,,,,,,,,,,,,,,,,,,
393.0,-0.02256629641129182,0.0739452987909317,3.59892837877851e-05,0.15236477553844452,0.0,0.084333815,0.043679636,0.9999642,0.113176286,0.07434392,1.775906e-06,-0.00032806396,0.002465248,0.012804985,-0.07273594,0.062828936,-0.0073274085,0.147375,0.07809515,1.0,,,,,,,,,,,,,,,,,,,,,,,,,,,,,,,,,,,,,,,,,,,,
394.0,-0.022694734536790887,0.0737847164273262,3.59892837877851e-05,0.1480625867843628,0.0,0.08480569,0.04398939,0.9999642,0.1132501,0.07434103,1.7854969e-06,-0.00016903877,0.002272606,0.012895346,0.0387403,-0.045742612,0.021600297,0.14775,0.0782913,1.0,,,,,,,,,,,,,,,,,,,,,,,,,,,,,,,,,,,,,,,,,,,,
395.0,-0.022821025999054792,0.07362381368875504,3.5965444112662226e-05,0.1437859982252121,0.0,0.08527784,0.044299107,0.9999642,0.1133161,0.07433155,1.8035132e-06,-0.00046873093,0.0025382042,0.012864113,-0.07272677,0.062824465,-0.0073342565,0.148125,0.07848742,1.0,,,,,,,,,,,,,,,,,,,,,,,,,,,,,,,,,,,,,,,,,,,,
396.0,-0.022947835569169683,0.07346262037754059,3.5965444112662226e-05,0.13953791558742523,0.0,0.08575031,0.04460883,0.9999642,0.113392785,0.07433446,1.7692602e-06,-0.00030970573,0.002345562,0.0129544735,0.03875798,-0.045736358,0.021600887,0.1485,0.07868352,1.0,,,,,,,,,,,,,,,,,,,,,,,,,,,,,,,,,,,,,,,,,,,,
397.0,-0.023072322642279736,0.07330115139484406,3.5965444112662226e-05,0.13532134890556335,0.0,0.086223066,0.044918545,0.9999642,0.11346166,0.07433077,1.7990591e-06,-0.00060915947,0.0026111603,0.012923241,-0.07271761,0.062819995,-0.007341096,0.148875,0.0788796,1.0,,,,,,,,,,,,,,,,,,,,,,,,,,,,,,,,,,,,,,,,,,,,
398.0,-0.023197133749774734,0.07313946634531021,3.5965444112662226e-05,0.13113974034786224,0.0,0.086696155,0.04522829,0.9999642,0.113541216,0.07433946,1.7595258e-06,-0.00045013428,0.002418518,0.013013601,0.03877565,-0.045730107,0.02160147,0.14925,0.079075664,1.0,,,,,,,,,,,,,,,,,,,,,,,,,,,,,,,,,,,,,,,,,,,,
399.0,-0.023319405174884608,0.07297753542661667,3.592967914300971e-05,0.12699688971042633,0.0,0.08716954,0.04553805,0.9999642,0.11361296,0.07434156,1.7920528e-06,-0.000749588,0.0026841164,0.01298213,-0.07270845,0.06281553,-0.0073479284,0.149625,0.07927171,1.0,,,,,,,,,,,,,,,,,,,,,,,,,,,,,,,,,,,,,,,,,,,,
400.0,-0.023441762543032027,0.07281536608934402,3.592967914300971e-05,0.12289697676897049,0.0,0.08764327,0.045847867,0.99996424,0.11369538,0.07435603,1.7493675e-06,-0.0005905628,0.0024914742,0.013072491,0.038793314,-0.045723855,0.021602046,0.15,0.07946773,1.0,,,,,,,,,,,,,,,,,,,,,,,,,,,,,,,,,,,,,,,,,,,,
401.0,-0.023561306323101286,0.07265301048755646,3.592967914300971e-05,0.11884497851133347,0.0,0.08811732,0.046157714,0.99996424,0.11377,0.0743639,1.6001582e-06,-0.00089001656,0.0027573109,0.013041258,-0.0726993,0.06281107,-0.0073547526,0.150375,0.07966374,1.0,,,,,,,,,,,,,,,,,,,,,,,,,,,,,,,,,,,,,,,,,,,,
402.0,-0.023680626085962834,0.07249046862125397,3.592967914300971e-05,0.11484625935554504,0.0,0.08859172,0.04646765,0.99996424,0.113855295,0.074384145,1.597635e-06,-0.00073075294,0.0025646687,0.0131316185,0.038810972,-0.045717604,0.021602614,0.15075,0.07985972,1.0,,,,,,,,,,,,,,,,,,,,,,,,,,,,,,,,,,,,,,,,,,,,
403.0,-0.023796790094813405,0.07232778519392014,3.5905839467886835e-05,0.11090686917304993,0.0,0.08906643,0.04677764,0.99996424,0.11393277,0.07439779,1.6244479e-06,-0.0010302067,0.002830267,0.013100147,-0.07269015,0.062806614,-0.007361569,0.151125,0.080055684,1.0,,,,,,,,,,,,,,,,,,,,,,,,,,,,,,,,,,,,,,,,,,,,
404.0,-0.023912340272044825,0.07216496765613556,3.5905839467886835e-05,0.10703378170728683,0.0,0.089541525,0.04708774,0.99996424,0.114020936,0.0744238,1.5780869e-06,-0.00087094307,0.0026376247,0.013190508,0.03882862,-0.045711357,0.021603175,0.1515,0.08025163,1.0,,,,,,,,,,,,,,,,,,,,,,,,,,,,,,,,,,,,,,,,,,,,
405.0,-0.10399907916412307,0.0721878781914711,0.0001893281878437847,0.10419730097055435,1.0,0.090016946,0.04739792,0.99996424,0.11410128,0.0744432,1.6166811e-06,-0.0011703968,0.002903223,0.013159037,-0.07268101,0.06280216,-0.0073683774,0.151875,0.08044755,1.0,,,,,,,,,,,,,,,,,,,,,,,,,,,,,,,,,,,,,,,,,,,,
