step,reward,mean_form_error_m,mean_z_error_m,min_dyn_distance_m,collision_flag,x_m,y_m,z_m,vx_mps,vy_mps,vz_mps,roll_rad,pitch_rad,yaw_rad,wx_rps,wy_rps,wz_rps,x_des_m,y_des_m,z_des_m,ic_pos_jitter_d0_x_m,ic_pos_jitter_d0_y_m,ic_pos_jitter_d0_z_m,ic_yaw_jitter_d0_rad,ic_vel_jitter_d0_x_mps,ic_vel_jitter_d0_y_mps,ic_vel_jitter_d0_z_mps,ic_pos_jitter_d1_x_m,ic_pos_jitter_d1_y_m,ic_pos_jitter_d1_z_m,ic_yaw_jitter_d1_rad,ic_vel_jitter_d1_x_mps,ic_vel_jitter_d1_y_mps,ic_vel_jitter_d1_z_mps,ic_pos_jitter_d2_x_m,ic_pos_jitter_d2_y_m,ic_pos_jitter_d2_z_m,ic_yaw_jitter_d2_rad,ic_vel_jitter_d2_x_mps,ic_vel_jitter_d2_y_mps,ic_vel_jitter_d2_z_mps,ic_pos_jitter_d3_x_m,ic_pos_jitter_d3_y_m,ic_pos_jitter_d3_z_m,ic_yaw_jitter_d3_rad,ic_vel_jitter_d3_x_mps,ic_vel_jitter_d3_y_mps,ic_vel_jitter_d3_z_mps,ic_pos_jitter_d4_x_m,ic_pos_jitter_d4_y_m,ic_pos_jitter_d4_z_m,ic_yaw_jitter_d4_rad,ic_vel_jitter_d4_x_mps,ic_vel_jitter_d4_y_mps,ic_vel_jitter_d4_z_mps,ic_obstacle_jitter_x_m,ic_obstacle_jitter_y_m,ic_obstacle_jitter_z_m,ic_dynamic_jitter_x_m,ic_dynamic_jitter_y_m,ic_dynamic_jitter_z_m,episode,max_steps,timestamp_unix
,,,,,,,,,,,,,,,,,,,,,0.11447029899111205,0.27306043649542183,-0.1600423654071104,-0.18322401473185934,-0.09152425188256022,-0.19819712910378584,0.14848247929696184,-0.10720767133570505,-0.0037269800625759353,0.1283676609131595,0.2771713519052166,0.11134192958568223,-0.003489782502806904,-0.11543773453375827,-0.27766303302330775,-0.11800144225778786,0.06825190342420734,-0.3308164922347674,-0.17022146499072133,0.02696703459624991,-0.08112868619060785,-0.009107972240831819,-0.03643672530297942,-0.03012189031778767,-0.16978005252197895,-0.13675910062144775,0.016133976644066017,-0.061955533074092906,0.005077464673896137,0.022709417268398646,-0.27319247417352427,-0.17601535413794026,0.1425975630646889,0.15275642132755135,0.08755953405527056,0.20805443008785285,-0.32455101737144276,0.16479159293532764,0.008578746821755356,0.1551126544570881,0.14222027552775096,92.0,1000.0,1764625101.9475458
0.0,-0.002279233078918088,0.0006390941562131047,0.0004773139953613281,1.2632797956466675,0.0,0.0,0.0,0.99952316,0.0,0.0,-0.00010640666,0.0,0.0,0.0,0.0,0.0,0.0,0.0,0.0,1.0,,,,,,,,,,,,,,,,,,,,,,,,,,,,,,,,,,,,,,,,,,,,
1.0,-0.0022815022026580153,0.000975055037997663,0.00047773122787475586,1.2632466554641724,0.0,0.0,0.0,0.9995227,0.0,0.0,-0.0001053561,0.0,0.0,0.0,0.0,0.0,0.0,0.000375,0.0002,1.0,,,,,,,,,,,,,,,,,,,,,,,,,,,,,,,,,,,,,,,,,,,,
2.0,-0.0022826972730026463,0.0013616522774100304,0.0004781484603881836,1.2631969451904297,0.0,0.0,0.0,0.99952227,0.0,0.0,-0.000104131024,-0.00012803078,0.00023984909,0.0,-0.030714178,0.057589088,0.0,0.00075,0.00039999993,1.0,,,,,,,,,,,,,,,,,,,,,,,,,,,,,,,,,,,,,,,,,,,,
3.0,-0.0022846061576405653,0.001766015775501728,0.00047856569290161133,1.2631312608718872,0.0,4.0868233e-08,2.179639e-08,0.99952185,9.8083765e-06,5.2311334e-06,-0.00010313241,0.00020241737,2.1457672e-05,0.0,0.07927969,-0.052410748,-1.2316217e-05,0.001125,0.0005999998,1.0,,,,,,,,,,,,,,,,,,,,,,,,,,,,,,,,,,,,,,,,,,,,
4.0,-0.002286548731342282,0.002178171183913946,0.00047904253005981445,1.2630491256713867,0.0,8.5402775e-08,9.123559e-09,0.99952143,1.0688291e-05,-3.0414794e-06,-0.00010207843,7.43866e-05,0.00026154518,1.1920929e-06,-0.03072544,0.05758821,0.00028527447,0.0015,0.00079999946,1.0,,,,,,,,,,,,,,,,,,,,,,,,,,,,,,,,,,,,,,,,,,,,
5.0,-0.002288510314159794,0.0025945003144443035,0.0004794597625732422,1.2629507780075073,0.0,1.7447054e-07,-1.6206867e-08,0.99952096,2.1376265e-05,-6.0793022e-06,-0.00010103879,0.00040459633,4.3153763e-05,-2.4080276e-05,0.07926684,-0.05241106,-0.0060845534,0.001875,0.000999999,1.0,,,,,,,,,,,,,,,,,,,,,,,,,,,,,,,,,,,,,,,,,,,,
6.0,-0.0022904846356333114,0.003013191046193242,0.00047981739044189453,1.262836217880249,0.0,2.708676e-07,-1.10445185e-07,0.99952054,2.313529e-05,-2.2617196e-05,-9.981303e-05,0.00027656555,0.00028300285,7.224083e-05,-0.030735558,0.05757703,0.023127267,0.00225,0.0011999982,1.0,,,,,,,,,,,,,,,,,,,,,,,,,,,,,,,,,,,,,,,,,,,,
7.0,-0.0022924682952900188,0.003433468285948038,0.00048023462295532227,1.26270592212677,0.0,4.154576e-07,-2.517624e-07,0.9995202,3.4701603e-05,-3.3916134e-05,-9.8812874e-05,0.0006067753,6.4611435e-05,4.673004e-05,0.07925311,-0.052409466,-0.0061006187,0.002625,0.0013999972,1.0,,,,,,,,,,,,,,,,,,,,,,,,,,,,,,,,,,,,,,,,,,,,
8.0,-0.002294459302354426,0.0038547837175428867,0.00048065185546875,1.2625595331192017,0.0,5.710361e-07,-4.963913e-07,0.99951977,3.733884e-05,-5.871094e-05,-9.79483e-05,0.0004787445,0.00030446053,0.00014328957,-0.030756464,0.057564907,0.023135802,0.003,0.0015999958,1.0,,,,,,,,,,,,,,,,,,,,,,,,,,,,,,,,,,,,,,,,,,,,
9.0,-0.002296456565046538,0.004276867024600506,0.00048106908798217773,1.2623968124389648,0.0,7.784609e-07,-8.2248147e-07,0.99951935,4.9781956e-05,-7.826163e-05,-9.6862495e-05,0.0008087158,8.606911e-05,0.00011777878,0.079239376,-0.052407872,-0.006116672,0.003375,0.0017999939,1.0,,,,,,,,,,,,,,,,,,,,,,,,,,,,,,,,,,,,,,,,,,,,
10.0,-0.00229845906861483,0.004699478857219219,0.0004814267158508301,1.2622185945510864,0.0,1.0005269e-06,-1.286249e-06,0.99951893,5.329586e-05,-0.00011130422,-9.583661e-05,0.00068068504,0.0003259182,0.00021409988,-0.030777361,0.05755279,0.023144327,0.00375,0.0019999917,1.0,,,,,,,,,,,,,,,,,,,,,,,,,,,,,,,,,,,,,,,,,,,,
11.0,-0.0023004667581133617,0.005122548434883356,0.0004818439483642578,1.2620240449905396,0.0,1.2780861e-06,-1.8658209e-06,0.9995186,6.661417e-05,-0.00013909723,-9.478782e-05,0.0010106564,0.00010752678,0.0001885891,0.07922566,-0.052406278,-0.006132712,0.004125,0.0021999888,1.0,,,,,,,,,,,,,,,,,,,,,,,,,,,,,,,,,,,,,,,,,,,,
12.0,-0.0023024783287208276,0.0055459532886743546,0.00048220157623291016,1.261813998222351,0.0,1.5739324e-06,-2.6173957e-06,0.99951816,7.100314e-05,-0.00018037795,-9.3939736e-05,0.00088238716,0.00034737587,0.00028514862,-0.030798247,0.057540674,0.02315284,0.0045,0.0023999857,1.0,,,,,,,,,,,,,,,,,,,,,,,,,,,,,,,,,,,,,,,,,,,,
13.0,-0.0023044951668020094,0.005969666410237551,0.0004826188087463379,1.2615880966186523,0.0,1.928912e-06,-3.5190785e-06,0.9995178,8.51951e-05,-0.00021640393,-9.284836e-05,0.0012123585,0.00012874603,0.00025963783,0.07921194,-0.052404687,-0.0061487397,0.004875,0.0025999816,1.0,,,,,,,,,,,,,,,,,,,,,,,,,,,,,,,,,,,,,,,,,,,,
14.0,-0.002306514955465901,0.006393620278686285,0.00048297643661499023,1.261346459388733,0.0,2.3058185e-06,-4.6270516e-06,0.9995174,9.045757e-05,-0.0002659135,-9.20128e-05,0.0010840893,0.00036859512,0.00035619736,-0.030819124,0.05752856,0.023161342,0.00525,0.002799977,1.0,,,,,,,,,,,,,,,,,,,,,,,,,,,,,,,,,,,,,,,,,,,,
15.0,-0.0023085400155639954,0.006817816756665707,0.00048339366912841797,1.2610888481140137,0.0,2.7454919e-06,-5.9193976e-06,0.999517,0.00010552159,-0.00031016304,-9.091762e-05,0.0014138222,0.0001502037,0.00033044815,0.079198234,-0.052403096,-0.0061647547,0.005625,0.0029999719,1.0,,,,,,,,,,,,,,,,,,,,,,,,,,,,,,,,,,,,,,,,,,,,
16.0,-0.002310567796780379,0.007242188788950443,0.0004837512969970703,1.2608157396316528,0.0,3.2107253e-06,-7.4522814e-06,0.9995166,0.000111655994,-0.00036789212,-9.008549e-05,0.001285553,0.00038981438,0.00042700768,-0.030839989,0.057516444,0.023169836,0.006,0.003199966,1.0,,,,,,,,,,,,,,,,,,,,,,,,,,,,,,,,,,,,,,,,,,,,
17.0,-0.0023126001391792672,0.0076667675748467445,0.00048410892486572266,1.2605270147323608,0.0,3.7423522e-06,-9.203764e-06,0.99951625,0.00012759051,-0.00042035585,-8.898865e-05,0.0016152859,0.00017142296,0.00040125847,0.07918454,-0.052401505,-0.0061807567,0.006375,0.003399959,1.0,,,,,,,,,,,,,,,,,,,,,,,,,,,,,,,,,,,,,,,,,,,,
18.0,-0.002314636341169535,0.00809150654822588,0.000484466552734375,1.2602224349975586,0.0,4.303166e-06,-1.1229993e-05,0.9995159,0.00013459526,-0.00048629503,-8.815943e-05,0.0014867783,0.00041103363,0.000497818,-0.030860843,0.05750433,0.023178317,0.00675,0.0035999515,1.0,,,,,,,,,,,,,,,,,,,,,,,,,,,,,,,,,,,,,,,,,,,,
19.0,-0.00231667556528264,0.008516430854797363,0.00048482418060302734,1.2599024772644043,0.0,4.9339933e-06,-1.3509008e-05,0.99951553,0.0001513986,-0.0005469633,-8.724502e-05,0.0018167496,0.00019264221,0.0004720688,0.079170845,-0.052399915,-0.0061967466,0.007125,0.0037999428,1.0,,,,,,,,,,,,,,,,,,,,,,,,,,,,,,,,,,,,,,,,,,,,
20.0,-0.00231871902750063,0.008941508829593658,0.0004851818084716797,1.2595672607421875,0.0,5.5976275e-06,-1.6096938e-05,0.9995152,0.00015927215,-0.00062110333,-8.637548e-05,0.0016880035,0.00043225288,0.0005686283,-0.030881688,0.05749222,0.023186788,0.0075,0.003999933,1.0,,,,,,,,,,,,,,,,,,,,,,,,,,,,,,,,,,,,,,,,,,,,
21.0,-0.002320766130420089,0.009366746991872787,0.00048553943634033203,1.25921630859375,0.0,6.3348893e-06,-1.89718e-05,0.9995148,0.00017694283,-0.000689967,-8.546969e-05,0.0020177364,0.00021362305,0.0005428791,0.07915716,-0.052398328,-0.006212724,0.007875,0.004199923,1.0,,,,,,,,,,,,,,,,,,,,,,,,,,,,,,,,,,,,,,,,,,,,
22.0,-0.0023228166617962416,0.009792134165763855,0.0004858970642089844,1.2588496208190918,0.0,7.1085706e-06,-2.218971e-05,0.99951446,0.00018568359,-0.0007722984,-8.4600644e-05,0.0018892288,0.00045323372,0.00063943863,-0.030902522,0.057480104,0.023195248,0.00825,0.004399911,1.0,,,,,,,,,,,,,,,,,,,,,,,,,,,,,,,,,,,,,,,,,,,,
23.0,-0.002324871820025147,0.010217719711363316,0.0004862546920776367,1.2584677934646606,0.0,7.959487e-06,-2.5728661e-05,0.9995141,0.00020422002,-0.00084934814,-8.3693885e-05,0.0022187233,0.00023460388,0.0006136894,0.07914348,-0.05239674,-0.0062286886,0.008625,0.0045998986,1.0,,,,,,,,,,,,,,,,,,,,,,,,,,,,,,,,,,,,,,,,,,,,
24.0,-0.0023254404704719503,0.010643403977155685,0.00048655271530151367,1.2580701112747192,0.0,8.850431e-06,-2.964475e-05,0.99951375,0.0002138264,-0.0009398616,-8.282758e-05,0.0020902157,0.00047421455,0.00071024895,-0.030923344,0.057467997,0.023203699,0.009,0.0047998847,1.0,,,,,,,,,,,,,,,,,,,,,,,,,,,,,,,,,,,,,,,,,,,,
25.0,-0.002328302504910971,0.011069266125559807,0.000486910343170166,1.2576572895050049,0.0,9.82221e-06,-3.3915952e-05,0.99951345,0.00023322702,-0.001025088,-8.191931e-05,0.0018246174,0.00025558472,0.00068449974,-0.063703015,-0.052496616,-0.006176905,0.009375,0.00499987,1.0,,,,,,,,,,,,,,,,,,,,,,,,,,,,,,,,,,,,,,,,,,,,
26.0,-0.002328878157006693,0.011495240963995457,0.00048726797103881836,1.257229208946228,0.0,1.0837545e-05,-3.849698e-05,0.9995131,0.00024368045,-0.001099447,-8.118822e-05,0.0020172596,0.0004951954,0.00078105927,0.046229456,0.05752559,0.023158185,0.00975,0.0051998533,1.0,,,,,,,,,,,,,,,,,,,,,,,,,,,,,,,,,,,,,,,,,,,,
27.0,-0.002331746510254745,0.011921346187591553,0.0004875659942626953,1.256785273551941,0.0,1.1937283e-05,-4.3420576e-05,0.99951273,0.00026393688,-0.001181663,-8.0274884e-05,0.0017516613,0.00027680397,0.00075531006,-0.06370152,-0.05249727,-0.006175541,0.010125,0.0053998358,1.0,,,,,,,,,,,,,,,,,,,,,,,,,,,,,,,,,,,,,,,,,,,,
28.0,-0.002332328353213962,0.012347529642283916,0.00048792362213134766,1.2563260793685913,0.0,1.308414e-05,-4.864146e-05,0.99951243,0.00027524593,-0.0012530128,-7.936162e-05,0.0019445419,0.0005161762,0.0008518696,0.04622378,0.057534844,0.023149235,0.0105,0.0055998173,1.0,,,,,,,,,,,,,,,,,,,,,,,,,,,,,,,,,,,,,,,,,,,,
29.0,-0.0023352032988434076,0.012773856520652771,0.0004882216453552246,1.2558512687683105,0.0,1.4318969e-05,-5.4192373e-05,0.9995121,0.00029635892,-0.0013322184,-7.867465e-05,0.0016789436,0.0002977848,0.00082588196,-0.06370003,-0.05249793,-0.006174172,0.010875,0.005799797,1.0,,,,,,,,,,,,,,,,,,,,,,,,,,,,,,,,,,,,,,,,,,,,
30.0,-0.0023357904514123224,0.013200247660279274,0.0004885196685791016,1.2553611993789673,0.0,1.5604488e-05,-6.0028036e-05,0.9995118,0.00030852447,-0.0014005592,-7.7708835e-05,0.0018718243,0.0005373955,0.0009224415,0.04621811,0.057544097,0.023140283,0.01125,0.005999775,1.0,,,,,,,,,,,,,,,,,,,,,,,,,,,,,,,,,,,,,,,,,,,,
31.0,-0.0023386717576519005,0.0136267663910985,0.0004888772964477539,1.254855751991272,0.0,1.698155e-05,-6.618118e-05,0.9995115,0.00033049504,-0.0014767552,-7.7033845e-05,0.001606226,0.00031876564,0.0008966923,-0.06369853,-0.05249859,-0.006172798,0.011625,0.0061997515,1.0,,,,,,,,,,,,,,,,,,,,,,,,,,,,,,,,,,,,,,,,,,,,
32.0,-0.0023392657424788927,0.014053354039788246,0.0004891753196716309,1.2543346881866455,0.0,1.8412875e-05,-7.260655e-05,0.9995111,0.0003435179,-0.0015420872,-7.624979e-05,0.0017988682,0.0005583763,0.0009930134,0.04621244,0.057553343,0.02313133,0.012,0.006399727,1.0,,,,,,,,,,,,,,,,,,,,,,,,,,,,,,,,,,,,,,,,,,,,
33.0,-0.0023421528879887777,0.014480000361800194,0.0004894733428955078,1.253798484802246,0.0,1.9939322e-05,-7.933686e-05,0.9995108,0.00036634706,-0.0016152746,-7.534779e-05,0.0015332699,0.0003399849,0.0009672642,-0.06369704,-0.052499246,-0.0061714198,0.012375,0.0065997005,1.0,,,,,,,,,,,,,,,,,,,,,,,,,,,,,,,,,,,,,,,,,,,,
34.0,-0.0023427526403364033,0.014906754717230797,0.0004897713661193848,1.2532469034194946,0.0,2.1523605e-05,-8.632685e-05,0.9995105,0.00038022816,-0.0016775982,-7.461762e-05,0.0017261505,0.00057959557,0.0010635853,0.046206772,0.057562586,0.023122374,0.01275,0.0067996723,1.0,,,,,,,,,,,,,,,,,,,,,,,,,,,,,,,,,,,,,,,,,,,,
35.0,-0.0023456456337342404,0.015333550982177258,0.0004901289939880371,1.2526795864105225,0.0,2.320659e-05,-9.3609255e-05,0.9995102,0.00040391658,-0.0017477769,-7.388658e-05,0.0014603138,0.00036120415,0.0010378361,-0.06369555,-0.052499905,-0.006170037,0.013125,0.0069996426,1.0,,,,,,,,,,,,,,,,,,,,,,,,,,,,,,,,,,,,,,,,,,,,
36.0,-0.002346251531544843,0.015760432928800583,0.0004904270172119141,1.2520970106124878,0.0,2.4950994e-05,-0.00010113881,0.9995099,0.00041865683,-0.001807093,-7.311688e-05,0.0016531944,0.0006008148,0.0011341572,0.046201106,0.057571825,0.023113417,0.0135,0.007199611,1.0,,,,,,,,,,,,,,,,,,,,,,,,,,,,,,,,,,,,,,,,,,,,
37.0,-0.00234914982618939,0.016187351197004318,0.000490725040435791,1.2514989376068115,0.0,2.6797685e-05,-0.00010894824,0.9995096,0.00044320562,-0.0018742639,-7.221077e-05,0.0013875961,0.0003824234,0.001108408,-0.06369406,-0.05250056,-0.0061686495,0.013875,0.007399578,1.0,,,,,,,,,,,,,,,,,,,,,,,,,,,,,,,,,,,,,,,,,,,,
38.0,-0.0023497618448978823,0.016614336520433426,0.000491023063659668,1.2508853673934937,0.0,2.8709375e-05,-0.00011699229,0.9995093,0.00045880588,-0.0019305727,-7.1482784e-05,0.0015802383,0.0006220341,0.0012047291,0.046195444,0.057581056,0.023104457,0.01425,0.007599543,1.0,,,,,,,,,,,,,,,,,,,,,,,,,,,,,,,,,,,,,,,,,,,,
39.0,-0.0023526660985749956,0.017041359096765518,0.0004912614822387695,1.2502561807632446,0.0,3.072694e-05,-0.00012530369,0.999509,0.00048421568,-0.0019947358,-7.075049e-05,0.00131464,0.00040364265,0.0011789799,-0.06369258,-0.05250122,-0.006167257,0.014625,0.0077995057,1.0,,,,,,,,,,,,,,,,,,,,,,,,,,,,,,,,,,,,,,,,,,,,
40.0,-0.002353283097539686,0.017468437552452087,0.0004915595054626465,1.249611735343933,0.0,3.2813095e-05,-0.00013383718,0.99950874,0.00050067686,-0.002048038,-6.998229e-05,0.0015075207,0.0006432533,0.001275301,0.04618978,0.057590287,0.023095498,0.015,0.007999467,1.0,,,,,,,,,,,,,,,,,,,,,,,,,,,,,,,,,,,,,,,,,,,,
41.0,-0.002356193982463458,0.017895523458719254,0.0004918575286865234,1.2489516735076904,0.0,3.5008714e-05,-0.00014262549,0.99950844,0.00052694854,-0.0021091935,-6.944303e-05,0.001241684,0.0004248619,0.0012493134,-0.06369109,-0.05250188,-0.0061658607,0.015375,0.008199425,1.0,,,,,,,,,,,,,,,,,,,,,,,,,,,,,,,,,,,,,,,,,,,,
42.0,-0.0023568171092600235,0.01832268014550209,0.0004921555519104004,1.248275876045227,0.0,3.7276513e-05,-0.00015162336,0.99950814,0.0005442716,-0.0021594896,-6.8630114e-05,0.0014345646,0.000664711,0.0013456345,0.046184123,0.05759951,0.023086535,0.01575,0.008399382,1.0,,,,,,,,,,,,,,,,,,,,,,,,,,,,,,,,,,,,,,,,,,,,
43.0,-0.002359732897544763,0.018749836832284927,0.0004924535751342773,1.247584581375122,0.0,3.965737e-05,-0.00016086352,0.99950784,0.0005714063,-0.0022176388,-6.7917026e-05,0.0011689663,0.00044631958,0.0013198853,-0.063689604,-0.05250254,-0.006164459,0.016125,0.008599337,1.0,,,,,,,,,,,,,,,,,,,,,,,,,,,,,,,,,,,,,,,,,,,,
44.0,-0.0023603612394043315,0.019177032634615898,0.0004926919937133789,1.246877908706665,0.0,4.2114003e-05,-0.00017030073,0.99950755,0.000589592,-0.0022649292,-6.714552e-05,0.0013616085,0.00068616867,0.0014162064,0.046178464,0.05760873,0.02307757,0.0165,0.00879929,1.0,,,,,,,,,,,,,,,,,,,,,,,,,,,,,,,,,,,,,,,,,,,,
45.0,-0.002363282829790881,0.019604239612817764,0.0004929900169372559,1.2461557388305664,0.0,4.46873e-05,-0.0001799677,0.9995073,0.0006175905,-0.0023200724,-6.642235e-05,0.0010960102,0.00046777725,0.0013902187,-0.06368812,-0.052503195,-0.006163053,0.016875,0.008999241,1.0,,,,,,,,,,,,,,,,,,,,,,,,,,,,,,,,,,,,,,,,,,,,
46.0,-0.0023639163977146782,0.02003142237663269,0.0004932284355163574,1.2454177141189575,0.0,4.7339963e-05,-0.00018981918,0.999507,0.0006366397,-0.0023643572,-6.583777e-05,0.0012886524,0.0007073879,0.0014865398,0.04617281,0.057617947,0.023068605,0.01725,0.009199189,1.0,,,,,,,,,,,,,,,,,,,,,,,,,,,,,,,,,,,,,,,,,,,,
47.0,-0.002366843485337499,0.020458662882447243,0.0004935264587402344,1.2446643114089966,0.0,5.0112892e-05,-0.00019988792,0.9995068,0.0006655029,-0.0024164948,-6.507035e-05,0.0010230541,0.0004889965,0.0014607906,-0.06368664,-0.052503854,-0.0061616427,0.017625,0.009399135,1.0,,,,,,,,,,,,,,,,,,,,,,,,,,,,,,,,,,,,,,,,,,,,
48.0,-0.00236748266417714,0.02088586427271366,0.0004937648773193359,1.243895173072815,0.0,5.2968793e-05,-0.00021012864,0.9995065,0.0006854165,-0.002457775,-6.449676e-05,0.0012156963,0.0007288456,0.0015568733,0.046167158,0.05762716,0.023059636,0.018,0.009599078,1.0,,,,,,,,,,,,,,,,,,,,,,,,,,,,,,,,,,,,,,,,,,,,
49.0,-0.002370415327689345,0.02131311595439911,0.0004940629005432129,1.2431104183197021,0.0,5.5948567e-05,-0.00022057409,0.99950624,0.0007151453,-0.002506907,-6.3726395e-05,0.00095009804,0.0005104542,0.0015311241,-0.063685164,-0.052504513,-0.006160227,0.018375,0.009799019,1.0,,,,,,,,,,,,,,,,,,,,,,,,,,,,,,,,,,,,,,,,,,,,
50.0,-0.002371059838810575,0.021740291267633438,0.0004943013191223145,1.242309808731079,0.0,5.9014917e-05,-0.00023117902,0.99950594,0.0007359243,-0.002545183,-6.3154104e-05,0.0011427402,0.00075030327,0.0016272068,0.046161506,0.05763637,0.023050668,0.01875,0.009998959,1.0,,,,,,,,,,,,,,,,,,,,,,,,,,,,,,,,,,,,,,,,,,,,
51.0,-0.0023739976805345103,0.0221675094217062,0.000494539737701416,1.2414934635162354,0.0,6.220875e-05,-0.00024197614,0.9995057,0.00076651946,-0.0025913108,-6.238307e-05,0.00087690353,0.00053215027,0.0016014576,-0.06368368,-0.052505173,-0.0061588073,0.019125,0.010198895,1.0,,,,,,,,,,,,,,,,,,,,,,,,,,,,,,,,,,,,,,,,,,,,
52.0,-0.002374647575913842,0.022594690322875977,0.000494837760925293,1.2406615018844604,0.0,6.549277e-05,-0.00025292023,0.99950546,0.0007881647,-0.0026265827,-6.181153e-05,0.0010697842,0.00077199936,0.0016975403,0.04615586,0.05764557,0.023041697,0.0195,0.010398828,1.0,,,,,,,,,,,,,,,,,,,,,,,,,,,,,,,,,,,,,,,,,,,,
53.0,-0.0023775904089854707,0.02302185259759426,0.0004950761795043945,1.2398138046264648,0.0,6.890788e-05,-0.000264044,0.99950516,0.000819627,-0.002669706,-6.122392e-05,0.00080394745,0.00055360794,0.0016717911,-0.063682206,-0.052505832,-0.006157383,0.019875,0.010598759,1.0,,,,,,,,,,,,,,,,,,,,,,,,,,,,,,,,,,,,,,,,,,,,
54.0,-0.00237824528802908,0.023448970168828964,0.0004953145980834961,1.238950490951538,0.0,7.24168e-05,-0.00027530224,0.9995049,0.0008421394,-0.002701975,-6.0425962e-05,0.0009968281,0.00079345703,0.0017678738,0.04615021,0.05765477,0.023032723,0.02025,0.010798688,1.0,,,,,,,,,,,,,,,,,,,,,,,,,,,,,,,,,,,,,,,,,,,,
55.0,-0.0023811937806665438,0.023876098915934563,0.0004955530166625977,1.238071322441101,0.0,7.606042e-05,-0.00028672765,0.9995047,0.00087447,-0.0027420945,-5.989114e-05,0.00073099136,0.0005750656,0.0017418861,-0.06368073,-0.05250649,-0.0061559537,0.020625,0.010998613,1.0,,,,,,,,,,,,,,,,,,,,,,,,,,,,,,,,,,,,,,,,,,,,
56.0,-0.0023818534702590294,0.024303141981363297,0.0004957914352416992,1.2371762990951538,0.0,7.9801466e-05,-0.00029827497,0.99950445,0.00089785026,-0.0027713606,-5.9265352e-05,0.0009236336,0.0008151531,0.0018379688,0.046144567,0.057663966,0.023023749,0.021,0.0111985365,1.0,,,,,,,,,,,,,,,,,,,,,,,,,,,,,,,,,,,,,,,,,,,,
57.0,-0.0023848066677227215,0.024730149656534195,0.0004960298538208008,1.2362651824951172,0.0,8.368084e-05,-0.00030997695,0.9995042,0.00093104993,-0.0028084768,-5.8689744e-05,0.0006580353,0.0005967617,0.0018122196,-0.063679256,-0.05250715,-0.00615452,0.021375,0.011398457,1.0,,,,,,,,,,,,,,,,,,,,,,,,,,,,,,,,,,,,,,,,,,,,
58.0,-0.002385471813765432,0.025157129392027855,0.0004962682723999023,1.2353384494781494,0.0,8.7661254e-05,-0.0003217884,0.99950397,0.00095529907,-0.0028347406,-5.8074136e-05,0.0008506775,0.0008368492,0.0019083023,0.046138927,0.057673156,0.023014773,0.02175,0.011598374,1.0,,,,,,,,,,,,,,,,,,,,,,,,,,,,,,,,,,,,,,,,,,,,
59.0,-0.00238842996785593,0.02558404766023159,0.0004965066909790039,1.2343956232070923,0.0,9.178362e-05,-0.00033374195,0.99950373,0.0009893687,-0.002868854,-5.749578e-05,0.0005848408,0.0006184578,0.0018823147,-0.06367779,-0.05250781,-0.0061530815,0.022125,0.011798289,1.0,,,,,,,,,,,,,,,,,,,,,,,,,,,,,,,,,,,,,,,,,,,,
60.0,-0.0023890999333940318,0.02601093053817749,0.0004967451095581055,1.233437180519104,0.0,9.601065e-05,-0.00034579242,0.9995035,0.0010144875,-0.0028921159,-5.6881414e-05,0.0007777214,0.0008585453,0.0019783974,0.046133287,0.05768234,0.023005793,0.0225,0.0119982,1.0,,,,,,,,,,,,,,,,,,,,,,,,,,,,,,,,,,,,,,,,,,,,
61.0,-0.0023920629980865742,0.026437735185027122,0.000496983528137207,1.2324626445770264,0.0,0.000100383266,-0.00035797255,0.99950325,0.0010494279,-0.0029232271,-5.63024e-05,0.0005118847,0.0006401539,0.0019526482,-0.06367631,-0.05250847,-0.0061516385,0.022875,0.012198108,1.0,,,,,,,,,,,,,,,,,,,,,,,,,,,,,,,,,,,,,,,,,,,,
62.0,-0.002392969618715422,0.026864463463425636,0.0004972219467163086,1.231472134590149,0.0,0.00010486417,-0.00037023707,0.999503,0.0010754174,-0.0029434876,-5.568879e-05,0.0007045269,0.0008802414,0.0020484924,0.046127647,0.057691522,0.022996813,0.02325,0.012398014,1.0,,,,,,,,,,,,,,,,,,,,,,,,,,,,,,,,,,,,,,,,,,,,
63.0,-0.002396169784596361,0.027291113510727882,0.0004974603652954102,1.2304655313491821,0.0,0.0001094943,-0.00038261872,0.9995028,0.0011112295,-0.0029715972,-5.510924e-05,0.0004386902,0.0007531643,0.0020227432,-0.06371971,-0.03060014,-0.006134755,0.023625,0.012597917,1.0,,,,,,,,,,,,,,,,,,,,,,,,,,,,,,,,,,,,,,,,,,,,
64.0,-0.0023970809396485953,0.027717670425772667,0.0004976987838745117,1.2294429540634155,0.0,0.00011425189,-0.00039507225,0.99950254,0.001141822,-0.002988849,-5.4498996e-05,0.0006315708,0.0010845661,0.002118826,0.04608015,0.079604685,0.022993207,0.024,0.012797816,1.0,,,,,,,,,,,,,,,,,,,,,,,,,,,,,,,,,,,,,,,,,,,,
65.0,-0.0024002852378661116,0.02814410999417305,0.0004978775978088379,1.2284045219421387,0.0,0.00011919342,-0.00040763034,0.9995023,0.0011859679,-0.0030139422,-5.3923068e-05,0.0003657341,0.000957489,0.0020930767,-0.06372256,-0.030611036,-0.0061233635,0.024375,0.012997712,1.0,,,,,,,,,,,,,,,,,,,,,,,,,,,,,,,,,,,,,,,,,,,,
66.0,-0.0024012016230687905,0.028570424765348434,0.0004981160163879395,1.227349877357483,0.0,0.00012429713,-0.00042024776,0.9995021,0.0012248906,-0.003028178,-5.33117e-05,0.0005583763,0.0012888908,0.002188921,0.046075504,0.07960364,0.022974081,0.02475,0.013197605,1.0,,,,,,,,,,,,,,,,,,,,,,,,,,,,,,,,,,,,,,,,,,,,
67.0,-0.0024044098673524786,0.028996532782912254,0.000498354434967041,1.2262790203094482,0.0,0.00012961948,-0.00043295714,0.9995019,0.0012773643,-0.0030502537,-5.2922194e-05,0.0002925396,0.0011618137,0.0021631718,-0.063725404,-0.03062193,-0.0061119697,0.025125,0.013397493,1.0,,,,,,,,,,,,,,,,,,,,,,,,,,,,,,,,,,,,,,,,,,,,
68.0,-0.002405329608488642,0.029422491788864136,0.0004985332489013672,1.2251920700073242,0.0,0.0001351387,-0.0004457133,0.99950165,0.0013246116,-0.0030614727,-5.2266794e-05,0.0004851818,0.0014929771,0.002259016,0.046070855,0.07960261,0.02295496,0.0255,0.013597379,1.0,,,,,,,,,,,,,,,,,,,,,,,,,,,,,,,,,,,,,,,,,,,,
69.0,-0.002408543287767345,0.02984824776649475,0.0004987716674804688,1.2240889072418213,0.0,0.00014091123,-0.00045854884,0.99950147,0.001385408,-0.0030805308,-5.1705843e-05,0.0002193451,0.0013659,0.0022332668,-0.06372824,-0.030632816,-0.006100574,0.025875,0.013797263,1.0,,,,,,,,,,,,,,,,,,,,,,,,,,,,,,,,,,,,,,,,,,,,
70.0,-0.0024094668400909693,0.03027377650141716,0.0004989504814147949,1.2229695320129395,0.0,0.00014691529,-0.00047141855,0.9995012,0.0014409738,-0.0030887325,-5.1274394e-05,0.00041222572,0.0016973019,0.002329111,0.04606621,0.07960156,0.022935843,0.02625,0.013997142,1.0,,,,,,,,,,,,,,,,,,,,,,,,,,,,,,,,,,,,,,,,,,,,
71.0,-0.0024126836209066274,0.030699124559760094,0.0004991888999938965,1.2218340635299683,0.0,0.00015320732,-0.0004843551,0.99950105,0.0015100869,-0.0031047722,-5.0663053e-05,0.00014638901,0.0015702248,0.002303362,-0.063731074,-0.0306437,-0.006089176,0.026625,0.014197018,1.0,,,,,,,,,,,,,,,,,,,,,,,,,,,,,,,,,,,,,,,,,,,,
72.0,-0.0024136114700033955,0.03112417459487915,0.0004993677139282227,1.2206822633743286,0.0,0.0001597655,-0.0004973133,0.9995008,0.0015739659,-0.0031099557,-5.024317e-05,0.00033903122,0.0019013882,0.0023992062,0.04606156,0.07960052,0.022916729,0.027,0.01439689,1.0,,,,,,,,,,,,,,,,,,,,,,,,,,,,,,,,,,,,,,,,,,,,
73.0,-0.002416832308125911,0.031548988074064255,0.0004996061325073242,1.2195141315460205,0.0,0.0001666463,-0.00051032566,0.99950063,0.0016513899,-0.0031229765,-4.9631297e-05,7.3194504e-05,0.0017743111,0.0023732185,-0.063733906,-0.030654576,-0.006077776,0.027375,0.014596758,1.0,,,,,,,,,,,,,,,,,,,,,,,,,,,,,,,,,,,,,,,,,,,,
74.0,-0.0024179044907723483,0.03197348490357399,0.0004997849464416504,1.218329668045044,0.0,0.00017382787,-0.00052334706,0.9995004,0.0017235761,-0.0031251416,-4.9211267e-05,0.00026583672,0.0021054745,0.0024690628,0.046056915,0.079599485,0.02289762,0.02775,0.014796623,1.0,,,,,,,,,,,,,,,,,,,,,,,,,,,,,,,,,,,,,,,,,,,,
75.0,-0.0024209880755331624,0.03239769861102104,0.000500023365020752,1.2171287536621094,0.0,0.00018136665,-0.0005364102,0.9995002,0.0018093054,-0.0031351428,-4.860162e-05,0.0,0.0019783974,0.0024433136,-0.06373673,-0.03066545,-0.006066374,0.028125,0.014996485,1.0,,,,,,,,,,,,,,,,,,,,,,,,,,,,,,,,,,,,,,,,,,,,
76.0,-0.002422434688981764,0.03282155096530914,0.0005002021789550781,1.2159117460250854,0.0,0.00018924077,-0.0005494697,0.9995,0.0018897933,-0.0031342886,-4.81808e-05,0.00019264221,0.0023095608,0.0025389194,0.046052266,0.07959844,0.022878515,0.0285,0.015196342,1.0,,,,,,,,,,,,,,,,,,,,,,,,,,,,,,,,,,,,,,,,,,,,
77.0,-0.002425149279431183,0.03324510529637337,0.0005003809928894043,1.2146780490875244,0.0,0.0001975067,-0.00056255836,0.9994998,0.001983822,-0.0031412698,-4.757352e-05,-7.3194504e-05,0.0021824837,0.0025131702,-0.063739546,-0.030676316,-0.0060549695,0.028875,0.015396195,1.0,,,,,,,,,,,,,,,,,,,,,,,,,,,,,,,,,,,,,,,,,,,,
78.0,-0.002426971233083717,0.03366825729608536,0.0005006194114685059,1.213428020477295,0.0,0.00020614256,-0.0005756308,0.9994996,0.002072606,-0.003137396,-4.715188e-05,0.00011944771,0.002513647,0.002608776,0.04604762,0.0795974,0.022859411,0.02925,0.015596046,1.0,,,,,,,,,,,,,,,,,,,,,,,,,,,,,,,,,,,,,,,,,,,,
79.0,-0.002429379703763328,0.034091055393218994,0.000500798225402832,1.212161660194397,0.0,0.00021520477,-0.0005887198,0.9994994,0.0021749279,-0.0031413562,-4.673094e-05,-0.00014638901,0.0023863316,0.002583027,-0.06374236,-0.030687181,-0.0060435627,0.029625,0.015795892,1.0,,,,,,,,,,,,,,,,,,,,,,,,,,,,,,,,,,,,,,,,,,,,
80.0,-0.0024315140235895197,0.03451346233487129,0.0005009770393371582,1.210878849029541,0.0,0.00022467144,-0.0006017801,0.9994992,0.0022720026,-0.0031344618,-4.6081317e-05,4.6253204e-05,0.002717495,0.0026786327,0.046042975,0.07959636,0.022840314,0.03,0.015995733,1.0,,,,,,,,,,,,,,,,,,,,,,,,,,,,,,,,,,,,,,,,,,,,
81.0,-0.0024337855314568203,0.034935422241687775,0.0005011558532714844,1.209579586982727,0.0,0.00023459899,-0.0006148442,0.999499,0.0023826126,-0.0031354008,-4.571609e-05,-0.00021958351,0.0025904179,0.0026528835,-0.06374517,-0.030698039,-0.006032154,0.030375,0.016195571,1.0,,,,,,,,,,,,,,,,,,,,,,,,,,,,,,,,,,,,,,,,,,,,
82.0,-0.0024360614614416707,0.03535698354244232,0.0005013346672058105,1.208263874053955,0.0,0.00024496554,-0.00062786706,0.99949884,0.0024879712,-0.0031254855,-4.523708e-05,-2.69413e-05,0.0029213428,0.0027484894,0.046038326,0.07959532,0.02282122,0.03075,0.016395405,1.0,,,,,,,,,,,,,,,,,,,,,,,,,,,,,,,,,,,,,,,,,,,,
83.0,-0.002438336021415919,0.03577805310487747,0.0005015134811401367,1.2069315910339355,0.0,0.00025582747,-0.00064088125,0.99949867,0.0026068636,-0.0031234026,-4.4833978e-05,-0.00029301643,0.0027942657,0.0027227402,-0.06374797,-0.030708892,-0.0060207434,0.031125,0.016595235,1.0,,,,,,,,,,,,,,,,,,,,,,,,,,,,,,,,,,,,,,,,,,,,
84.0,-0.002440614018087324,0.036198683083057404,0.0005016922950744629,1.205582857131958,0.0,0.0002671629,-0.00065384153,0.9994985,0.002720501,-0.0031104658,-4.4363598e-05,-0.0001001358,0.0031254292,0.0028181076,0.04603368,0.07959428,0.02280213,0.0315,0.016795062,1.0,,,,,,,,,,,,,,,,,,,,,,,,,,,,,,,,,,,,,,,,,,,,
85.0,-0.0024428908643188752,0.03661879152059555,0.0005018711090087891,1.204217791557312,0.0,0.00027902817,-0.0006667805,0.9994983,0.00284767,-0.0031053603,-4.3960645e-05,-0.00036621094,0.0029981136,0.0027923584,-0.06375077,-0.03071974,-0.0060093305,0.031875,0.016994882,1.0,,,,,,,,,,,,,,,,,,,,,,,,,,,,,,,,,,,,,,,,,,,,
86.0,-0.002445171006652654,0.0370384156703949,0.0005020499229431152,1.202836275100708,0.0,0.00029140143,-0.000679653,0.9994981,0.0029695807,-0.0030894014,-4.3489967e-05,-0.0001733303,0.003329277,0.0028879642,0.046029035,0.079593234,0.022783043,0.03225,0.0171947,1.0,,,,,,,,,,,,,,,,,,,,,,,,,,,,,,,,,,,,,,,,,,,,
87.0,-0.0024474496085088795,0.03745751455426216,0.0005022287368774414,1.201438069343567,0.0,0.00030433902,-0.00069249165,0.99949795,0.0031050206,-0.0030812728,-4.3089265e-05,-0.00043940544,0.0032019615,0.0028619766,-0.06375357,-0.030730585,-0.0059979153,0.032625,0.017394513,1.0,,,,,,,,,,,,,,,,,,,,,,,,,,,,,,,,,,,,,,,,,,,,
88.0,-0.0024497313214251544,0.037876058369874954,0.0005024075508117676,1.2000236511230469,0.0,0.000317819,-0.00070525124,0.9994978,0.0032351988,-0.0030622913,-4.2617787e-05,-0.00024676323,0.0035328865,0.0029575825,0.04602439,0.07959219,0.02276396,0.033,0.01759432,1.0,,,,,,,,,,,,,,,,,,,,,,,,,,,,,,,,,,,,,,,,,,,,
89.0,-0.0025176863737490984,0.03829404339194298,0.0005025863647460938,1.1985925436019897,0.0,0.00033189778,-0.0007179643,0.9994976,0.0033789037,-0.003051139,-4.221945e-05,-0.00051283836,0.003405571,0.0029315948,-0.063756354,-0.030741423,-0.005986498,0.033375,0.017794127,1.0,,,,,,,,,,,,,,,,,,,,,,,,,,,,,,,,,,,,,,,,,,,,
90.0,-0.0025207341342683653,0.038711436092853546,0.0005027651786804199,1.1971451044082642,0.0,0.00034655337,-0.0007305857,0.9994974,0.0035173434,-0.003029134,-4.1747153e-05,-0.00031995773,0.0037367344,0.0030272007,0.04601974,0.07959115,0.022744881,0.03375,0.017993925,1.0,,,,,,,,,,,,,,,,,,,,,,,,,,,,,,,,,,,,,,,,,,,,
91.0,-0.0025237805144624676,0.039128247648477554,0.0005029439926147461,1.1956814527511597,0.0,0.00036184216,-0.00074314803,0.99949723,0.003669308,-0.0030149573,-4.1351188e-05,-0.00058603287,0.0036094189,0.003001213,-0.06375914,-0.030752258,-0.005975079,0.034125,0.018193722,1.0,,,,,,,,,,,,,,,,,,,,,,,,,,,,,,,,,,,,,,,,,,,,
92.0,-0.002526829316980604,0.039544422179460526,0.0005031228065490723,1.194201111793518,0.0,0.00037774217,-0.00075560604,0.99949706,0.0038160037,-0.0029899285,-4.087806e-05,-0.00039339066,0.003940344,0.0030965805,0.046015095,0.07959011,0.022725806,0.0345,0.018393511,1.0,,,,,,,,,,,,,,,,,,,,,,,,,,,,,,,,,,,,,,,,,,,,
93.0,-0.0025298770052293402,0.03995998948812485,0.0005033016204833984,1.1927043199539185,0.0,0.00039430975,-0.0007679924,0.9994969,0.0039762217,-0.002972727,-4.048447e-05,-0.0006594658,0.0038130283,0.0030708313,-0.06376191,-0.030763088,-0.005963657,0.034875,0.018593298,1.0,,,,,,,,,,,,,,,,,,,,,,,,,,,,,,,,,,,,,,,,,,,,
94.0,-0.0025329262219768436,0.040374841541051865,0.0005034208297729492,1.19119131565094,0.0,0.00041152298,-0.0007802619,0.9994967,0.0041311677,-0.0029446734,-4.0010524e-05,-0.00046658516,0.0041441917,0.0031661987,0.04601045,0.07958907,0.022706734,0.03525,0.01879308,1.0,,,,,,,,,,,,,,,,,,,,,,,,,,,,,,,,,,,,,,,,,,,,
95.0,-0.002535973342037817,0.04078908637166023,0.0005035996437072754,1.1896618604660034,0.0,0.0004294381,-0.00079244707,0.9994966,0.004299634,-0.0029244467,-3.9619295e-05,-0.0007326603,0.004016638,0.003140211,-0.06376469,-0.030773912,-0.0059522334,0.035625,0.018992856,1.0,,,,,,,,,,,,,,,,,,,,,,,,,,,,,,,,,,,,,,,,,,,,
96.0,-0.0025390233470217677,0.041202612221241,0.0005037784576416016,1.1881159543991089,0.0,0.0004480332,-0.0008045028,0.9994964,0.0044628237,-0.0028933682,-3.9328494e-05,-0.0005400181,0.004347801,0.0032355785,0.046005804,0.079588026,0.022687666,0.036,0.019192629,1.0,,,,,,,,,,,,,,,,,,,,,,,,,,,,,,,,,,,,,,,,,,,,
97.0,-0.0025420708371556256,0.04161543399095535,0.0005039572715759277,1.186553716659546,0.0,0.0004673646,-0.0008164616,0.9994962,0.004639533,-0.0028701152,-3.8896444e-05,-0.0008060932,0.0042202473,0.0032098293,-0.063767456,-0.030784732,-0.005940808,0.036375,0.019392395,1.0,,,,,,,,,,,,,,,,,,,,,,,,,,,,,,,,,,,,,,,,,,,,
98.0,-0.0025451201996437352,0.04202750325202942,0.0005040764808654785,1.1849753856658936,0.0,0.00048741026,-0.0008282783,0.99949604,0.004810962,-0.002836011,-3.843099e-05,-0.000613451,0.0045511723,0.0033049583,0.04600116,0.07958698,0.022668602,0.03675,0.019592158,1.0,,,,,,,,,,,,,,,,,,,,,,,,,,,,,,,,,,,,,,,,,,,,
99.0,-0.002548167103335433,0.042438872158527374,0.0005042552947998047,1.1833806037902832,0.0,0.00050822657,-0.0008399855,0.9994959,0.004995907,-0.0028097315,-3.804212e-05,-0.00087952614,0.0044238567,0.0032792091,-0.06377023,-0.030795546,-0.0059293797,0.037125,0.019791916,1.0,,,,,,,,,,,,,,,,,,,,,,,,,,,,,,,,,,,,,,,,,,,,
100.0,-0.0025512162949265387,0.04284944385290146,0.0005044341087341309,1.1817697286605835,0.0,0.0005297914,-0.00085153803,0.99949574,0.0051755686,-0.002772601,-3.775023e-05,-0.0006866455,0.0047547817,0.0033743382,0.045996513,0.07958594,0.022649541,0.0375,0.019991668,1.0,,,,,,,,,,,,,,,,,,,,,,,,,,,,,,,,,,,,,,,,,,,,
101.0,-0.0025542609314191263,0.04325925186276436,0.0005045533180236816,1.1801425218582153,0.0,0.0005521612,-0.00086296845,0.99949557,0.005368745,-0.0027432945,-3.732278e-05,-0.00095295906,0.004627466,0.003348589,-0.063772984,-0.030806357,-0.00591795,0.037875,0.020191416,1.0,,,,,,,,,,,,,,,,,,,,,,,,,,,,,,,,,,,,,,,,,,,,
102.0,-0.002557308656584791,0.043668232858181,0.0005047321319580078,1.1784991025924683,0.0,0.0005753138,-0.0008742315,0.99949545,0.0055566346,-0.002703137,-3.6855716e-05,-0.00076007843,0.004958391,0.003443718,0.045991868,0.0795849,0.022630485,0.03825,0.020391157,1.0,,,,,,,,,,,,,,,,,,,,,,,,,,,,,,,,,,,,,,,,,,,,
103.0,-0.00256035196845781,0.044076401740312576,0.0005048513412475586,1.1768395900726318,0.0,0.00059930567,-0.0008853598,0.99949527,0.005758035,-0.0026708026,-3.6655525e-05,-0.001026392,0.0048308372,0.0034177303,-0.06377574,-0.030817162,-0.005906518,0.038625,0.020590896,1.0,,,,,,,,,,,,,,,,,,,,,,,,,,,,,,,,,,,,,,,,,,,,
104.0,-0.0025633975715473223,0.04448375105857849,0.0005050301551818848,1.175163984298706,0.0,0.0006241146,-0.0008963082,0.99949515,0.005954147,-0.002627618,-3.6134847e-05,-0.00083351135,0.0051617622,0.0035128593,0.045987222,0.07958385,0.022611432,0.039,0.020790627,1.0,,,,,,,,,,,,,,,,,,,,,,,,,,,,,,,,,,,,,,,,,,,,
105.0,-0.0025664392284490386,0.04489024356007576,0.0005051493644714355,1.1734724044799805,0.0,0.000649797,-0.0009071093,0.99949497,0.006163766,-0.0025922551,-3.5949415e-05,-0.0010998249,0.0050342083,0.0034871101,-0.06377849,-0.030827962,-0.005895084,0.039375,0.020990355,1.0,,,,,,,,,,,,,,,,,,,,,,,,,,,,,,,,,,,,,,,,,,,,
106.0,-0.002569482414862504,0.0452958419919014,0.0005053281784057617,1.1717647314071655,0.0,0.0006763307,-0.0009177178,0.99949485,0.0063680937,-0.0025460424,-3.5425e-05,-0.0009069443,0.0053651333,0.0035822392,0.045982577,0.07958281,0.022592384,0.03975,0.021190077,1.0,,,,,,,,,,,,,,,,,,,,,,,,,,,,,,,,,,,,,,,,,,,,
107.0,-0.002572521334282048,0.045700568705797195,0.0005054473876953125,1.1700410842895508,0.0,0.00070377206,-0.0009281664,0.9994947,0.006585927,-0.002507651,-3.5242614e-05,-0.0011732578,0.0052375793,0.0035562515,-0.06378123,-0.030838758,-0.0058836476,0.040125,0.021389794,1.0,,,,,,,,,,,,,,,,,,,,,,,,,,,,,,,,,,,,,,,,,,,,
108.0,-0.002575561351172698,0.04610437899827957,0.0005055904621258378,1.1683014631271362,0.0,0.000732099,-0.0009384097,0.99949455,0.006798465,-0.0024584094,-3.471722e-05,-0.0009803772,0.0055685043,0.0036513805,0.045977935,0.07958177,0.022573339,0.0405,0.021589505,1.0,,,,,,,,,,,,,,,,,,,,,,,,,,,,,,,,,,,,,,,,,,,,
109.0,-0.002578596914479121,0.04650725796818733,0.0005057454109191895,1.1665459871292114,0.0,0.00076136773,-0.0009484805,0.99949443,0.0070245056,-0.0024169886,-3.4537235e-05,-0.0012466908,0.0054409504,0.003625393,-0.06378397,-0.030849548,-0.005872209,0.040875,0.02178921,1.0,,,,,,,,,,,,,,,,,,,,,,,,,,,,,,,,,,,,,,,,,,,,
110.0,-0.0025816332779789774,0.046909183263778687,0.0005058646202087402,1.1647746562957764,0.0,0.00079155626,-0.0009583335,0.99949425,0.007245247,-0.0023647184,-3.419497e-05,-0.0010538101,0.0057718754,0.003720522,0.04597329,0.07958072,0.022554297,0.04125,0.02198891,1.0,,,,,,,,,,,,,,,,,,,,,,,,,,,,,,,,,,,,,,,,,,,,
111.0,-0.0025846656727642825,0.047310154885053635,0.0005060434341430664,1.1629877090454102,0.0,0.0008227208,-0.0009680013,0.99949414,0.0074794916,-0.002320267,-3.37902e-05,-0.0013201237,0.0056443214,0.0036945343,-0.06378671,-0.030860335,-0.0058607687,0.041625,0.022188606,1.0,,,,,,,,,,,,,,,,,,,,,,,,,,,,,,,,,,,,,,,,,,,,
112.0,-0.0025876971359018335,0.04771015793085098,0.0005061626434326172,1.1611850261688232,0.0,0.0008548393,-0.0009774386,0.99949396,0.0077084308,-0.0022649672,-3.3500444e-05,-0.001127243,0.005975008,0.0037896633,0.045968644,0.07957967,0.02253526,0.042,0.022388294,1.0,,,,,,,,,,,,,,,,,,,,,,,,,,,,,,,,,,,,,,,,,,,,
113.0,-0.0025907253751975955,0.04810912907123566,0.000506281852722168,1.1593666076660156,0.0,0.00088796794,-0.0009866782,0.99949384,0.007950872,-0.0022174856,-3.3085504e-05,-0.0013935566,0.005847454,0.0037636757,-0.063789435,-0.030871116,-0.005849326,0.042375,0.022587977,1.0,,,,,,,,,,,,,,,,,,,,,,,,,,,,,,,,,,,,,,,,,,,,
114.0,-0.002593752913207801,0.04850708693265915,0.0005064010620117188,1.1575326919555664,0.0,0.0009220846,-0.0009956746,0.9994937,0.008188005,-0.0021591554,-3.2797874e-05,-0.0012009144,0.006178379,0.0038585663,0.045964,0.07957863,0.022516226,0.04275,0.022787657,1.0,,,,,,,,,,,,,,,,,,,,,,,,,,,,,,,,,,,,,,,,,,,,
115.0,-0.0025967757753505415,0.04890405014157295,0.0005065798759460449,1.155683159828186,0.0,0.0009572456,-0.0010044606,0.9994936,0.008438635,-0.0021086428,-3.256856e-05,-0.0014672279,0.0060505867,0.0038325787,-0.06379216,-0.030881891,-0.005837881,0.043125,0.022987328,1.0,,,,,,,,,,,,,,,,,,,,,,,,,,,,,,,,,,,,,,,,,,,,
116.0,-0.002599798062054085,0.04929991811513901,0.0005066990852355957,1.1538182497024536,0.0,0.0009934288,-0.0010129911,0.9994934,0.008683954,-0.002047282,-3.2237087e-05,-0.0012743473,0.0063815117,0.0039274693,0.045959353,0.07957759,0.022497196,0.0435,0.023186995,1.0,,,,,,,,,,,,,,,,,,,,,,,,,,,,,,,,,,,,,,,,,,,,
117.0,-0.0026028153221076588,0.0496947355568409,0.0005068182945251465,1.1519378423690796,0.0,0.0010306903,-0.0010212982,0.9994933,0.008942771,-0.0019937374,-3.1836276e-05,-0.0015406609,0.0062537193,0.00390172,-0.06379488,-0.030892663,-0.0058264346,0.043875,0.023386655,1.0,,,,,,,,,,,,,,,,,,,,,,,,,,,,,,,,,,,,,,,,,,,,
118.0,-0.0026058321533353763,0.05008843541145325,0.0005069375038146973,1.150042176246643,0.0,0.001069008,-0.0010293372,0.9994932,0.009196272,-0.0019293452,-3.154479e-05,-0.0013477802,0.0065846443,0.0039966106,0.04595471,0.079576544,0.02247817,0.04425,0.02358631,1.0,,,,,,,,,,,,,,,,,,,,,,,,,,,,,,,,,,,,,,,,,,,,
119.0,-0.002608843707503549,0.05048106983304024,0.0005070805782452226,1.1481311321258545,0.0,0.0011084384,-0.0010371404,0.99949306,0.0094632665,-0.0018727687,-3.1320717e-05,-0.0016140938,0.006456852,0.003970623,-0.06379759,-0.03090343,-0.0058149854,0.044625,0.02378596,1.0,,,,,,,,,,,,,,,,,,,,,,,,,,,,,,,,,,,,,,,,,,,,
120.0,-0.002611854157195264,0.050872527062892914,0.0005072355270385742,1.146204948425293,0.0,0.0011489589,-0.0010446627,0.99949294,0.009724943,-0.0018053447,-3.0987478e-05,-0.0014214516,0.006787777,0.004065275,0.045950066,0.0795755,0.022459147,0.045,0.023985602,1.0,,,,,,,,,,,,,,,,,,,,,,,,,,,,,,,,,,,,,,,,,,,,
121.0,-0.0026148585862131603,0.05126287788152695,0.000507354736328125,1.1442636251449585,0.0,0.0011906261,-0.0010519365,0.99949276,0.010000111,-0.0017457355,-3.0775365e-05,-0.0016877651,0.0066599846,0.004039526,-0.063800305,-0.030914191,-0.0058035348,0.045375,0.02418524,1.0,,,,,,,,,,,,,,,,,,,,,,,,,,,,,,,,,,,,,,,,,,,,
122.0,-0.0026178623900593922,0.05165203660726547,0.0005074739456176758,1.1423070430755615,0.0,0.0012334175,-0.0010589169,0.99949265,0.010269958,-0.0016752788,-3.0255094e-05,-0.0014948845,0.006990671,0.004134178,0.045945425,0.07957445,0.02244013,0.04575,0.024384871,1.0,,,,,,,,,,,,,,,,,,,,,,,,,,,,,,,,,,,,,,,,,,,,
123.0,-0.0026208595778144375,0.05204005166888237,0.0005075931549072266,1.1403356790542603,0.0,0.0012773896,-0.0010656362,0.9994925,0.010553293,-0.0016126364,-3.0089046e-05,-0.0017614365,0.006862879,0.0041081905,-0.06380301,-0.030924948,-0.0057920814,0.046125,0.024584496,1.0,,,,,,,,,,,,,,,,,,,,,,,,,,,,,,,,,,,,,,,,,,,,
124.0,-0.002623856058395314,0.05242682620882988,0.0005077123641967773,1.138349175453186,0.0,0.0013225201,-0.0010720494,0.9994924,0.010831303,-0.0015391471,-2.974166e-05,-0.0015685558,0.007193804,0.004203081,0.04594078,0.07957341,0.022421114,0.0465,0.024784114,1.0,,,,,,,,,,,,,,,,,,,,,,,,,,,,,,,,,,,,,,,,,,,,
125.0,-0.002626845942536853,0.05281240865588188,0.0005078315734863281,1.1363478899002075,0.0,0.001368865,-0.0010781888,0.9994923,0.0111228,-0.0014734708,-2.9537188e-05,-0.0018348694,0.0070660114,0.0041770935,-0.063805714,-0.030935701,-0.0057806266,0.046875,0.024983726,1.0,,,,,,,,,,,,,,,,,,,,,,,,,,,,,,,,,,,,,,,,,,,,
126.0,-0.0026298339455240426,0.05319676920771599,0.0005079507827758789,1.1343318223953247,0.0,0.0014164024,-0.0010840094,0.99949217,0.011408969,-0.0013969481,-2.9198554e-05,-0.0016422272,0.007396698,0.0042717457,0.045936134,0.079572365,0.022402104,0.04725,0.025183333,1.0,,,,,,,,,,,,,,,,,,,,,,,,,,,,,,,,,,,,,,,,,,,,
127.0,-0.00263281559025931,0.053579848259687424,0.0005080699920654297,1.132300853729248,0.0,0.0014651883,-0.0010895437,0.99949205,0.011708621,-0.0013282376,-2.8994185e-05,-0.0019085407,0.0072689056,0.004245758,-0.06380841,-0.030946448,-0.005769169,0.047625,0.025382934,1.0,,,,,,,,,,,,,,,,,,,,,,,,,,,,,,,,,,,,,,,,,,,,
128.0,-0.0026357952307663204,0.05396166443824768,0.0005081892013549805,1.1302553415298462,0.0,0.0015152006,-0.0010947465,0.99949193,0.012002942,-0.001248681,-2.8655264e-05,-0.0017156601,0.007599592,0.00434041,0.045931492,0.079571314,0.022383096,0.048,0.025582528,1.0,,,,,,,,,,,,,,,,,,,,,,,,,,,,,,,,,,,,,,,,,,,,
129.0,-0.0026387677438407587,0.05434222146868706,0.0005083084106445312,1.1281952857971191,0.0,0.0015664954,-0.0010996505,0.9994918,0.012310745,-0.0011769356,-2.845312e-05,-0.001982212,0.0074718,0.0043144226,-0.0638111,-0.03095719,-0.00575771,0.048375,0.025782114,1.0,,,,,,,,,,,,,,,,,,,,,,,,,,,,,,,,,,,,,,,,,,,,
130.0,-0.0026417381390676483,0.05472143739461899,0.000508427619934082,1.1261205673217773,0.0,0.0016190504,-0.0011042103,0.9994917,0.012613213,-0.0010943445,-2.8113413e-05,-0.0017893314,0.0078024864,0.004409075,0.045926847,0.07957027,0.022364093,0.04875,0.025981696,1.0,,,,,,,,,,,,,,,,,,,,,,,,,,,,,,,,,,,,,,,,,,,,
131.0,-0.0026447010547066656,0.055099330842494965,0.0005085468292236328,1.1240315437316895,0.0,0.0016729219,-0.0011084584,0.9994916,0.01292916,-0.0010195639,-2.791361e-05,-0.0020558834,0.007674694,0.004383087,-0.06381378,-0.030967928,-0.0057462486,0.049125,0.02618127,1.0,,,,,,,,,,,,,,,,,,,,,,,,,,,,,,,,,,,,,,,,,,,,
132.0,-0.00264766190818899,0.05547589063644409,0.0005086660385131836,1.1219282150268555,0.0,0.0017280877,-0.0011123498,0.99949145,0.013239768,-0.0009339378,-2.7573087e-05,-0.0018630028,0.008005381,0.0044777393,0.045922205,0.07956923,0.022345092,0.0495,0.026380837,1.0,,,,,,,,,,,,,,,,,,,,,,,,,,,,,,,,,,,,,,,,,,,,
133.0,-0.002650614931744235,0.055851101875305176,0.0005087852478027344,1.1198103427886963,0.0,0.0017846037,-0.001115917,0.99949133,0.013563854,-0.00085612125,-2.7375632e-05,-0.0021295547,0.00787735,0.0044517517,-0.063816465,-0.030978661,-0.005734785,0.049875,0.026580399,1.0,,,,,,,,,,,,,,,,,,,,,,,,,,,,,,,,,,,,,,,,,,,,
134.0,-0.0026535656903946916,0.05622493103146553,0.0005089044570922852,1.1176784038543701,0.0,0.0018424478,-0.0011191147,0.9994912,0.013882597,-0.00076745974,-2.7034293e-05,-0.0019366741,0.008208036,0.004546404,0.045917563,0.07956818,0.022326097,0.05025,0.026779953,1.0,,,,,,,,,,,,,,,,,,,,,,,,,,,,,,,,,,,,,,,,,,,,
135.0,-0.0026565073503553418,0.056597352027893066,0.0005089879268780351,1.1155322790145874,0.0,0.0019016762,-0.0011219756,0.9994911,0.014214815,-0.0006866069,-2.6839185e-05,-0.002203226,0.008080244,0.0045204163,-0.06381914,-0.03098939,-0.0057233195,0.050625,0.026979502,1.0,,,,,,,,,,,,,,,,,,,,,,,,,,,,,,,,,,,,,,,,,,,,
136.0,-0.0026594473822976273,0.05696834251284599,0.0005090832710266113,1.1133722066879272,0.0,0.0019622666,-0.0011244544,0.99949104,0.014541687,-0.0005949095,-2.649703e-05,-0.0020103455,0.008410692,0.00461483,0.045912918,0.079567134,0.022307105,0.051,0.027179042,1.0,,,,,,,,,,,,,,,,,,,,,,,,,,,,,,,,,,,,,,,,,,,,
137.0,-0.002662472231978554,0.057337939739227295,0.0005092024803161621,1.1111980676651,0.0,0.002024275,-0.0011265837,0.9994909,0.014882031,-0.0005110202,-2.6488226e-05,-0.0022768974,0.0082829,0.0045888424,-0.063821815,-0.031000113,-0.005711852,0.051375,0.027378578,1.0,,,,,,,,,,,,,,,,,,,,,,,,,,,,,,,,,,,,,,,,,,,,
138.0,-0.0026654942692090457,0.05770605802536011,0.0005093216896057129,1.109010100364685,0.0,0.0020876792,-0.0011283181,0.9994908,0.015217026,-0.00041628617,-2.6102076e-05,-0.0021476746,0.008613586,0.004683256,0.030623397,0.07949595,0.022414723,0.05175,0.027578104,1.0,,,,,,,,,,,,,,,,,,,,,,,,,,,,,,,,,,,,,,,,,,,,
139.0,-0.0026685076076355197,0.05807271599769592,0.0005094408988952637,1.1068079471588135,0.0,0.0021525356,-0.0011296796,0.9994907,0.01556548,-0.0003267558,-2.59273e-05,-0.0024778843,0.008485556,0.0046572685,-0.07910576,-0.031083979,-0.0055667628,0.052125,0.027777625,1.0,,,,,,,,,,,,,,,,,,,,,,,,,,,,,,,,,,,,,,,,,,,,
140.0,-0.0026715170909505474,0.05843787267804146,0.0005095481756143272,1.1045920848846436,0.0,0.002218821,-0.0011306121,0.99949056,0.015908567,-0.00022377932,-2.5586904e-05,-0.0023488998,0.008816242,0.0047516823,0.030625857,0.07949603,0.022388719,0.0525,0.027977139,1.0,,,,,,,,,,,,,,,,,,,,,,,,,,,,,,,,,,,,,,,,,,,,
141.0,-0.002674517349284098,0.05880154296755791,0.0005096197128295898,1.1023627519607544,0.0,0.0022865925,-0.0011311371,0.9994905,0.016265113,-0.00012600778,-2.540306e-05,-0.0026791096,0.008688211,0.0047256947,-0.07910118,-0.031097233,-0.005548294,0.052875,0.028176645,1.0,,,,,,,,,,,,,,,,,,,,,,,,,,,,,,,,,,,,,,,,,,,,
142.0,-0.0026775138584253294,0.05916363000869751,0.0005097389221191406,1.1001194715499878,0.0,0.002355827,-0.0011311987,0.9994904,0.016616285,-1.4793318e-05,-2.5250392e-05,-0.0025498867,0.00901866,0.0048201084,0.030628312,0.07949612,0.022362722,0.05325,0.028376145,1.0,,,,,,,,,,,,,,,,,,,,,,,,,,,,,,,,,,,,,,,,,,,,
143.0,-0.0026805012907574733,0.05952419713139534,0.0005098581314086914,1.0978626012802124,0.0,0.0024265808,-0.0011308186,0.99949026,0.016980914,9.121534e-05,-2.5024152e-05,-0.0028800964,0.008890629,0.004794121,-0.0790966,-0.031110475,-0.005529827,0.053625,0.028575638,1.0,,,,,,,,,,,,,,,,,,,,,,,,,,,,,,,,,,,,,,,,,,,,
144.0,-0.0026834836242729493,0.05988314747810364,0.0005099416011944413,1.0955922603607178,0.0,0.0024988316,-0.0011299409,0.99949014,0.017340168,0.00021066458,-2.4699119e-05,-0.0027508736,0.009221315,0.004888296,0.030630764,0.079496205,0.02233673,0.054,0.028775124,1.0,,,,,,,,,,,,,,,,,,,,,,,,,,,,,,,,,,,,,,,,,,,,
145.0,-0.002686456677416944,0.06024054437875748,0.0005100369453430176,1.093308448791504,0.0,0.0025726352,-0.0011285872,0.9994901,0.017712874,0.000324906,-2.451501e-05,-0.0030810833,0.009093285,0.0048623085,-0.07909202,-0.031123709,-0.0055113607,0.054375,0.028974602,1.0,,,,,,,,,,,,,,,,,,,,,,,,,,,,,,,,,,,,,,,,,,,,
146.0,-0.002689424786643773,0.0605962872505188,0.0005101561546325684,1.0910112857818604,0.0,0.0026479694,-0.0011267014,0.99948996,0.0180802,0.00045258485,-2.436568e-05,-0.002951622,0.009423971,0.004956484,0.03063321,0.07949629,0.022310745,0.05475,0.029174073,1.0,,,,,,,,,,,,,,,,,,,,,,,,,,,,,,,,,,,,,,,,,,,,
147.0,-0.002692382977760303,0.06095036864280701,0.0005102514987811446,1.0887006521224976,0.0,0.0027248901,-0.0011243053,0.99948984,0.018460976,0.0005750551,-2.4141997e-05,-0.0032818317,0.009295702,0.004930496,-0.07908743,-0.031136932,-0.005492896,0.055125,0.029373536,1.0,,,,,,,,,,,,,,,,,,,,,,,,,,,,,,,,,,,,,,,,,,,,
148.0,-0.0026953356587315577,0.061302851885557175,0.0005103349685668945,1.0863767862319946,0.0,0.002803375,-0.001121343,0.9994897,0.018836372,0.0007109604,-2.381964e-05,-0.0031526089,0.009626389,0.005024433,0.03063565,0.07949636,0.022284767,0.0555,0.029572992,1.0,,,,,,,,,,,,,,,,,,,,,,,,,,,,,,,,,,,,,,,,,,,,
149.0,-0.0026982779267408397,0.06165359169244766,0.0005104541778564453,1.084039568901062,0.0,0.00288348,-0.0011178361,0.99948967,0.019225212,0.000841655,-2.3638237e-05,-0.0034828186,0.009498119,0.0049984455,-0.07908284,-0.031150145,-0.005474432,0.055875,0.029772442,1.0,,,,,,,,,,,,,,,,,,,,,,,,,,,,,,,,,,,,,,,,,,,,
150.0,-0.0027012150091964716,0.06200266629457474,0.0005105376476421952,1.0816892385482788,0.0,0.0029651828,-0.0011137286,0.99948955,0.019608665,0.0009857817,-2.3491548e-05,-0.0033533573,0.009828806,0.005092621,0.030638086,0.079496436,0.022258792,0.05625,0.029971883,1.0,,,,,,,,,,,,,,,,,,,,,,,,,,,,,,,,,,,,,,,,,,,,
151.0,-0.0027041411447362856,0.062349993735551834,0.0005106329917907715,1.0793259143829346,0.0,0.0030485394,-0.0011090424,0.9994895,0.020005565,0.0011246967,-2.327058e-05,-0.003683567,0.009700537,0.005066633,-0.07907824,-0.031163348,-0.0054559694,0.056625,0.030171316,1.0,,,,,,,,,,,,,,,,,,,,,,,,,,,,,,,,,,,,,,,,,,,,
152.0,-0.0027070611726451423,0.06269558519124985,0.0005107522010803223,1.0769495964050293,0.0,0.003133527,-0.0011037214,0.99948937,0.020397073,0.0012770408,-2.3134811e-05,-0.0035543442,0.010031223,0.00516057,0.030640518,0.0794965,0.022232823,0.057,0.030370744,1.0,,,,,,,,,,,,,,,,,,,,,,,,,,,,,,,,,,,,,,,,,,,,
153.0,-0.0027099699472839336,0.06303941458463669,0.0005108118057250977,1.0745600461959839,0.0,0.0032202022,-0.0010977874,0.99948925,0.020802023,0.001424172,-2.291295e-05,-0.0038843155,0.009902954,0.0051345825,-0.079073645,-0.031176541,-0.0054375078,0.057375,0.030570162,1.0,,,,,,,,,,,,,,,,,,,,,,,,,,,,,,,,,,,,,,,,,,,,
154.0,-0.002712872845891598,0.06338145583868027,0.0005109310150146484,1.0721575021743774,0.0,0.003308542,-0.0010911843,0.9994892,0.02120158,0.0015847302,-2.259507e-05,-0.0037550926,0.010233641,0.005228281,0.030642943,0.07949657,0.022206862,0.05775,0.030769574,1.0,,,,,,,,,,,,,,,,,,,,,,,,,,,,,,,,,,,,,,,,,,,,
155.0,-0.0027157639388432583,0.0637216717004776,0.0005110144848003983,1.0697420835494995,0.0,0.0033986028,-0.001083934,0.99948907,0.021614574,0.0017400725,-2.2601567e-05,-0.004085064,0.0101053715,0.005202532,-0.07906905,-0.031189723,-0.0054190475,0.058125,0.030968977,1.0,,,,,,,,,,,,,,,,,,,,,,,,,,,,,,,,,,,,,,,,,,,,
156.0,-0.0027186482240698653,0.06406007707118988,0.0005111098289489746,1.0673139095306396,0.0,0.0034903619,-0.0010759805,0.999489,0.022022171,0.0019088403,-2.2231727e-05,-0.0039556026,0.01043582,0.0052962303,0.030645367,0.07949663,0.022180906,0.0585,0.031168373,1.0,,,,,,,,,,,,,,,,,,,,,,,,,,,,,,,,,,,,,,,,,,,,
157.0,-0.002721520481799199,0.06439661234617233,0.0005111932987347245,1.0648728609085083,0.0,0.0035838753,-0.0010673455,0.9994889,0.022443203,0.0020723902,-2.2252083e-05,-0.0042858124,0.01030755,0.0052702427,-0.07906444,-0.031202896,-0.0054005883,0.058875,0.03136776,1.0,,,,,,,,,,,,,,,,,,,,,,,,,,,,,,,,,,,,,,,,,,,,
158.0,-0.002724385827081245,0.06473128497600555,0.0005112886428833008,1.0624191761016846,0.0,0.0036791204,-0.0010579732,0.99948883,0.022858836,0.0022493629,-2.1880622e-05,-0.004156351,0.010638237,0.005363941,0.030647783,0.07949669,0.022154955,0.05925,0.03156714,1.0,,,,,,,,,,,,,,,,,,,,,,,,,,,,,,,,,,,,,,,,,,,,
159.0,-0.0027272384189471195,0.06506405770778656,0.0005113721126690507,1.0599526166915894,0.0,0.0037761533,-0.0010478852,0.9994887,0.023287898,0.0024211162,-2.1903019e-05,-0.004486561,0.010509968,0.0053379536,-0.07905984,-0.031216057,-0.0053821304,0.059625,0.03176651,1.0,,,,,,,,,,,,,,,,,,,,,,,,,,,,,,,,,,,,,,,,,,,,
160.0,-0.0027300843796839148,0.06539491564035416,0.000511467456817627,1.0574733018875122,0.0,0.0038749515,-0.0010370257,0.99948865,0.023711558,0.00260629,-2.1532715e-05,-0.0043570995,0.010840416,0.005431652,0.030650195,0.07949675,0.02212901,0.06,0.031965878,1.0,,,,,,,,,,,,,,,,,,,,,,,,,,,,,,,,,,,,,,,,,,,,
161.0,-0.00273291732688226,0.06572385877370834,0.0005115509266033769,1.0549814701080322,0.0,0.0039755707,-0.0010254163,0.99948853,0.024148647,0.0027862424,-2.15565e-05,-0.004687071,0.010712147,0.0054056644,-0.07905523,-0.03122921,-0.0053636734,0.060375,0.032165233,1.0,,,,,,,,,,,,,,,,,,,,,,,,,,,,,,,,,,,,,,,,,,,,
162.0,-0.002735742218965343,0.06605082750320435,0.0005116462707519531,1.0524771213531494,0.0,0.0040779887,-0.0010130013,0.9994885,0.02458033,0.0029796124,-2.11875e-05,-0.0045576096,0.011042595,0.0054991245,0.030652603,0.0794968,0.022103071,0.06075,0.03236458,1.0,,,,,,,,,,,,,,,,,,,,,,,,,,,,,,,,,,,,,,,,,,,,
163.0,-0.002738554002616581,0.06637583673000336,0.000511729740537703,1.0499600172042847,0.0,0.0041822614,-0.0009998023,0.99948835,0.025025435,0.00316776,-2.121264e-05,-0.0048878193,0.010914326,0.0054733753,-0.079050615,-0.031242352,-0.005345218,0.061125,0.03256392,1.0,,,,,,,,,,,,,,,,,,,,,,,,,,,,,,,,,,,,,,,,,,,,
164.0,-0.0027413583208305246,0.06669881939888,0.0005118250846862793,1.047430396080017,0.0,0.004288366,-0.0009857634,0.9994883,0.025465133,0.0033693225,-2.0844953e-05,-0.0047581196,0.011244774,0.0055668354,0.030655006,0.07949685,0.022077138,0.0615,0.032763254,1.0,,,,,,,,,,,,,,,,,,,,,,,,,,,,,,,,,,,,,,,,,,,,
165.0,-0.0027441481263655748,0.06701982021331787,0.0005119085544720292,1.0448883771896362,0.0,0.004396359,-0.0009709065,0.9994882,0.02591825,0.003565661,-2.0871443e-05,-0.0050883293,0.011116505,0.005540848,-0.079045996,-0.031255484,-0.0053267637,0.061875,0.03296258,1.0,,,,,,,,,,,,,,,,,,,,,,,,,,,,,,,,,,,,,,,,,,,,
166.0,-0.0027469297462272375,0.06733874976634979,0.0005120038986206055,1.042333722114563,0.0,0.004506217,-0.0009551756,0.9994881,0.026365954,0.0037754115,-2.0505067e-05,-0.0049586296,0.011446953,0.005634308,0.030657405,0.0794969,0.02205121,0.06225,0.033161893,1.0,,,,,,,,,,,,,,,,,,,,,,,,,,,,,,,,,,,,,,,,,,,,
167.0,-0.0027496975542899977,0.06765566766262054,0.0005120635032653809,1.039766788482666,0.0,0.0046179965,-0.00093859254,0.999488,0.026827078,0.0039799362,-2.0532909e-05,-0.0052888393,0.011318445,0.0056083202,-0.079041384,-0.031268604,-0.0053083105,0.062625,0.0333612,1.0,,,,,,,,,,,,,,,,,,,,,,,,,,,,,,,,,,,,,,,,,,,,
168.0,-0.0027524565485570625,0.06797044724225998,0.0005121588474139571,1.0371874570846558,0.0,0.0047316747,-0.0009211014,0.99948794,0.027282784,0.0041978704,-2.0167845e-05,-0.0051591396,0.011648893,0.005701542,0.030659797,0.07949694,0.022025289,0.063,0.0335605,1.0,,,,,,,,,,,,,,,,,,,,,,,,,,,,,,,,,,,,,,,,,,,,
169.0,-0.0027552017777093024,0.06828314810991287,0.000512242317199707,1.0345954895019531,0.0,0.0048473077,-0.00090272404,0.9994878,0.027751908,0.0044105775,-2.0197034e-05,-0.005489111,0.011520624,0.0056757927,-0.07903676,-0.031281717,-0.005289858,0.063375,0.03375979,1.0,,,,,,,,,,,,,,,,,,,,,,,,,,,,,,,,,,,,,,,,,,,,
170.0,-0.002757938568470788,0.06859373301267624,0.0005123257869854569,1.0319912433624268,0.0,0.0049648727,-0.00088340446,0.99948776,0.028215608,0.0046366914,-1.9833282e-05,-0.0053594112,0.011851072,0.005768776,0.030662186,0.07949698,0.021999372,0.06375,0.033959072,1.0,,,,,,,,,,,,,,,,,,,,,,,,,,,,,,,,,,,,,,,,,,,,
171.0,-0.002760659955323907,0.0689021572470665,0.0005123972659930587,1.0293747186660767,0.0,0.0050844257,-0.0008631646,0.9994877,0.028692722,0.0048575765,-1.986382e-05,-0.005689621,0.011722565,0.0057430267,-0.07903213,-0.03129482,-0.005271408,0.064125,0.034158345,1.0,,,,,,,,,,,,,,,,,,,,,,,,,,,,,,,,,,,,,,,,,,,,
172.0,-0.0027633718766532506,0.06920844316482544,0.0005124807357788086,1.0267457962036133,0.0,0.005205944,-0.0008419485,0.9994876,0.02916441,0.005091864,-1.9685325e-05,-0.0055599213,0.012053013,0.0058362484,0.03066457,0.07949702,0.021973463,0.0645,0.03435761,1.0,,,,,,,,,,,,,,,,,,,,,,,,,,,,,,,,,,,,,,,,,,,,
173.0,-0.0027660687122768785,0.06951253116130829,0.0005125642055645585,1.0241044759750366,0.0,0.0053294837,-0.00081977795,0.9994875,0.029649511,0.005320924,-1.9490095e-05,-0.0058898926,0.011924505,0.005810261,-0.079027504,-0.03130791,-0.005252958,0.064875,0.03455687,1.0,,,,,,,,,,,,,,,,,,,,,,,,,,,,,,,,,,,,,,,,,,,,
174.0,-0.00276875528786628,0.06981442123651505,0.0005126356845721602,1.0214508771896362,0.0,0.005455022,-0.0007965972,0.99948746,0.03012918,0.0055633825,-1.9366209e-05,-0.005760193,0.012254953,0.005903244,0.03066695,0.079497054,0.021947559,0.06525,0.034756117,1.0,,,,,,,,,,,,,,,,,,,,,,,,,,,,,,,,,,,,,,,,,,,,
175.0,-0.0027714270082673177,0.07011408358812332,0.0005127191543579102,1.018784999847412,0.0,0.005582615,-0.000772428,0.99948734,0.030622257,0.0058006104,-1.9343765e-05,-0.006090164,0.012126446,0.005877495,-0.07902288,-0.031320993,-0.0052345097,0.065625,0.034955356,1.0,,,,,,,,,,,,,,,,,,,,,,,,,,,,,,,,,,,,,,,,,,,,
176.0,-0.002774087961046965,0.07041148841381073,0.0005128026241436601,1.0161068439483643,0.0,0.0057122395,-0.0007472145,0.9994873,0.031109903,0.006051237,-1.8997005e-05,-0.0059604645,0.012456894,0.005970478,0.030669324,0.079497084,0.02192166,0.066,0.035154585,1.0,,,,,,,,,,,,,,,,,,,,,,,,,,,,,,,,,,,,,,,,,,,,
177.0,-0.0027767326676320287,0.07070659846067429,0.0005128741031512618,1.0134164094924927,0.0,0.005843952,-0.00072097854,0.9994872,0.031610955,0.00629663,-1.9028517e-05,-0.006290674,0.012328386,0.0059444904,-0.07901824,-0.031334065,-0.005216062,0.066375,0.03535381,1.0,,,,,,,,,,,,,,,,,,,,,,,,,,,,,,,,,,,,,,,,,,,,
178.0,-0.0027793667864412213,0.07099948078393936,0.0005129575729370117,1.0107136964797974,0.0,0.005977729,-0.0006936643,0.9994871,0.032106563,0.0065554176,-1.8854667e-05,-0.006160736,0.012658834,0.0060374737,0.030671693,0.07949711,0.021895768,0.06675,0.03555302,1.0,,,,,,,,,,,,,,,,,,,,,,,,,,,,,,,,,,,,,,,,,,,,
179.0,-0.0027819844540326434,0.071290023624897,0.0005130410427227616,1.0079987049102783,0.0,0.0061136275,-0.0006652936,0.99948704,0.032615583,0.006808972,-1.8663306e-05,-0.0064907074,0.012530088,0.0060117245,-0.0790136,-0.031347126,-0.0051976163,0.067125,0.035752226,1.0,,,,,,,,,,,,,,,,,,,,,,,,,,,,,,,,,,,,,,,,,,,,
180.0,-0.002784606763396163,0.07157821208238602,0.0005131125217303634,1.005271315574646,0.0,0.006251624,-0.0006358106,0.999487,0.033119153,0.007075917,-1.854338e-05,-0.0063610077,0.012860537,0.0061044693,0.030674059,0.079497136,0.021869881,0.0675,0.03595142,1.0,,,,,,,,,,,,,,,,,,,,,,,,,,,,,,,,,,,,,,,,,,,,
181.0,-0.0027872187999397995,0.07186408340930939,0.0005131721263751388,1.0025317668914795,0.0,0.0063917744,-0.00060523715,0.99948686,0.033636127,0.007337627,-1.8524963e-05,-0.006690979,0.012732029,0.0060784817,-0.07900896,-0.03136018,-0.0051791715,0.067875,0.036150604,1.0,,,,,,,,,,,,,,,,,,,,,,,,,,,,,,,,,,,,,,,,,,,,
182.0,-0.002789821174651983,0.07214758545160294,0.0005132794613018632,0.999779999256134,0.0,0.0065340563,-0.00057351746,0.9994868,0.034147657,0.007612727,-1.8182127e-05,-0.006561041,0.013062477,0.0061712265,0.030676419,0.07949715,0.021844001,0.06825,0.036349785,1.0,,,,,,,,,,,,,,,,,,,,,,,,,,,,,,,,,,,,,,,,,,,,
183.0,-0.0027924064597627976,0.07242865860462189,0.0005133390659466386,0.9970158934593201,0.0,0.0066785254,-0.0005406733,0.99948674,0.034672584,0.007882589,-1.821767e-05,-0.0068912506,0.012933731,0.0061454773,-0.07900432,-0.031373218,-0.005160728,0.068625,0.03654895,1.0,,,,,,,,,,,,,,,,,,,,,,,,,,,,,,,,,,,,,,,,,,,,
184.0,-0.002794982463238782,0.07270732522010803,0.0005134105449542403,0.9942395091056824,0.0,0.006825159,-0.000506649,0.9994867,0.035192057,0.008165836,-1.8047736e-05,-0.0067613125,0.013264179,0.006238222,0.030678775,0.07949717,0.021818126,0.069,0.03674811,1.0,,,,,,,,,,,,,,,,,,,,,,,,,,,,,,,,,,,,,,,,,,,,
185.0,-0.0027975416027487955,0.07298357784748077,0.0005134701495990157,0.9914507865905762,0.0,0.0069740126,-0.00047146634,0.99948657,0.035724927,0.008443846,-1.8044355e-05,-0.007091284,0.013135433,0.0062122345,-0.07899967,-0.03138625,-0.0051422855,0.069375,0.036947258,1.0,,,,,,,,,,,,,,,,,,,,,,,,,,,,,,,,,,,,,,,,,,,,
186.0,-0.0028000900667417227,0.07325736433267593,0.0005135774845257401,0.9886496663093567,0.0,0.0071250643,-0.0004350695,0.9994865,0.036252346,0.0087352395,-1.7701232e-05,-0.0069613457,0.013465881,0.006304741,0.030681126,0.07949719,0.021792257,0.06975,0.0371464,1.0,,,,,,,,,,,,,,,,,,,,,,,,,,,,,,,,,,,,,,,,,,,,
187.0,-0.002802622253563022,0.07352869212627411,0.0005136370891705155,0.9858363270759583,0.0,0.007278369,-0.00039748035,0.99948645,0.036793154,0.009021392,-1.7740138e-05,-0.007291317,0.013337135,0.0062789917,-0.07899502,-0.031399272,-0.0051238444,0.070125,0.03734553,1.0,,,,,,,,,,,,,,,,,,,,,,,,,,,,,,,,,,,,,,,,,,,,
188.0,-0.002805142325778215,0.07379749417304993,0.0005137085681781173,0.9830106496810913,0.0,0.0074339043,-0.00035864318,0.9994864,0.037328504,0.009320925,-1.757265e-05,-0.007161379,0.013667583,0.006371498,0.03068347,0.079497196,0.021766393,0.0705,0.037544653,1.0,,,,,,,,,,,,,,,,,,,,,,,,,,,,,,,,,,,,,,,,,,,,
189.0,-0.0028076466834209587,0.07406380772590637,0.0005137681728228927,0.9801724553108215,0.0,0.0075917263,-0.00031857978,0.99948627,0.037877247,0.009615216,-1.7571994e-05,-0.00749135,0.013538599,0.006345749,-0.07899037,-0.031412285,-0.005105404,0.070875,0.037743766,1.0,,,,,,,,,,,,,,,,,,,,,,,,,,,,,,,,,,,,,,,,,,,,
190.0,-0.0028101387417527384,0.07432754337787628,0.0005138277774676681,0.977321982383728,0.0,0.0077518118,-0.00027723442,0.9994862,0.038420524,0.009922886,-1.7231465e-05,-0.007361412,0.013869047,0.006438017,0.030685812,0.0794972,0.021740535,0.07125,0.037942868,1.0,,,,,,,,,,,,,,,,,,,,,,,,,,,,,,,,,,,,,,,,,,,,
191.0,-0.0028126139914387226,0.07458873838186264,0.000513911247253418,0.9744592308998108,0.0,0.007914217,-0.00023462895,0.99948615,0.038977187,0.010225311,-1.7273056e-05,-0.0076913834,0.013740301,0.0064122677,-0.07898571,-0.031425286,-0.0050869654,0.071625,0.038141962,1.0,,,,,,,,,,,,,,,,,,,,,,,,,,,,,,,,,,,,,,,,,,,,
192.0,-0.002815077381528326,0.07484737783670425,0.0005139947170391679,0.9715840220451355,0.0,0.008078919,-0.00019070765,0.9994861,0.039528385,0.010541111,-1.7108172e-05,-0.0075614452,0.014070749,0.006504774,0.03068815,0.07949721,0.021714684,0.072,0.038341045,1.0,,,,,,,,,,,,,,,,,,,,,,,,,,,,,,,,,,,,,,,,,,,,
193.0,-0.0028175230453249002,0.07510340958833694,0.0005140661960467696,0.9686964154243469,0.0,0.008245972,-0.00014549238,0.999486,0.040092967,0.010851666,-1.7110196e-05,-0.007891417,0.013941765,0.006479025,-0.07898105,-0.031438276,-0.005068528,0.072375,0.038540117,1.0,,,,,,,,,,,,,,,,,,,,,,,,,,,,,,,,,,,,,,,,,,,,
194.0,-0.002819956314621207,0.07535676658153534,0.000514125800691545,0.9657963514328003,0.0,0.008415356,-9.892741e-05,0.9994859,0.040652078,0.011175593,-1.6956212e-05,-0.00776124,0.014272213,0.0065710545,0.030690482,0.07949721,0.021688838,0.07275,0.038739182,1.0,,,,,,,,,,,,,,,,,,,,,,,,,,,,,,,,,,,,,,,,,,,,
195.0,-0.002822372068729386,0.0756075382232666,0.0005141854053363204,0.9628837704658508,0.0,0.008587125,-5.10346e-05,0.99948585,0.041224577,0.011494275,-1.6773382e-05,-0.008091211,0.014143467,0.0065453053,-0.078976385,-0.031451255,-0.0050500915,0.073125,0.03893824,1.0,,,,,,,,,,,,,,,,,,,,,,,,,,,,,,,,,,,,,,,,,,,,
196.0,-0.0028247757485145354,0.07585565745830536,0.0005142688751220703,0.9599586129188538,0.0,0.008761257,-1.758248e-06,0.9994858,0.04179159,0.011826324,-1.6664382e-05,-0.007961035,0.014473677,0.0066375732,0.030692808,0.07949721,0.021662997,0.0735,0.039137285,1.0,,,,,,,,,,,,,,,,,,,,,,,,,,,,,,,,,,,,,,,,,,,,
197.0,-0.00282716031965702,0.07610104233026505,0.0005143284797668457,0.9570208191871643,0.0,0.008937807,4.8879774e-05,0.99948573,0.04237199,0.012153125,-1.665658e-05,-0.008291006,0.014344931,0.006611824,-0.07897172,-0.031464227,-0.0050316565,0.073875,0.03933632,1.0,,,,,,,,,,,,,,,,,,,,,,,,,,,,,,,,,,,,,,,,,,,,
198.0,-0.002829532320892457,0.07634375244379044,0.0005143880844116211,0.9540705680847168,0.0,0.009116752,0.00010093516,0.9994857,0.042946905,0.012493293,-1.650813e-05,-0.008161068,0.01467514,0.0067038536,0.030695131,0.0794972,0.021637164,0.07425,0.039535344,1.0,,,,,,,,,,,,,,,,,,,,,,,,,,,,,,,,,,,,,,,,,,,,
199.0,-0.0028318860120995193,0.07658372819423676,0.0005144596216268837,0.9511076211929321,0.0,0.009298149,0.00015438603,0.9994856,0.043535203,0.012828209,-1.6511229e-05,-0.008490801,0.014546156,0.0066781044,-0.07896706,-0.03147719,-0.005013223,0.074625,0.03973436,1.0,,,,,,,,,,,,,,,,,,,,,,,,,,,,,,,,,,,,,,,,,,,,
200.0,-0.002834226264289429,0.07682095468044281,0.0005145430332049727,0.9481320977210999,0.0,0.009481974,0.00020928807,0.9994855,0.04411801,0.013176491,-1.636183e-05,-0.008360863,0.014876604,0.006770134,0.03069745,0.079497196,0.021611335,0.075,0.039933365,1.0,,,,,,,,,,,,,,,,,,,,,,,,,,,,,,,,,,,,,,,,,,,,
201.0,-0.002836547902424533,0.0770554393529892,0.0005146026378497481,0.94514399766922,0.0,0.009668283,0.00026561943,0.99948543,0.044714198,0.013519521,-1.6182854e-05,-0.008690596,0.01474762,0.0067443848,-0.078962386,-0.03149014,-0.00499479,0.075375,0.040132362,1.0,,,,,,,,,,,,,,,,,,,,,,,,,,,,,,,,,,,,,,,,,,,,
202.0,-0.002838856480404116,0.07728712260723114,0.000514686107635498,0.9421430230140686,0.0,0.009857054,0.0003234357,0.9994854,0.045304894,0.01387591,-1.6077782e-05,-0.008560419,0.015078068,0.006836176,0.030699763,0.07949719,0.021585511,0.07575,0.04033135,1.0,,,,,,,,,,,,,,,,,,,,,,,,,,,,,,,,,,,,,,,,,,,,
203.0,-0.002841145016724304,0.07751599699258804,0.0005147457122802734,0.9391294717788696,0.0,0.010048341,0.00038271508,0.9994853,0.04590896,0.014227047,-1.6073986e-05,-0.00889039,0.014949083,0.006810665,-0.07895771,-0.03150308,-0.0049763587,0.076125,0.040530324,1.0,,,,,,,,,,,,,,,,,,,,,,,,,,,,,,,,,,,,,,,,,,,,
204.0,-0.002843420135469365,0.07774205505847931,0.0005148053169250488,0.9361030459403992,0.0,0.010242122,0.00044351316,0.99948525,0.046507534,0.014591541,-1.5929427e-05,-0.008760214,0.015279293,0.0069024563,0.030702071,0.07949717,0.021559695,0.0765,0.040729288,1.0,,,,,,,,,,,,,,,,,,,,,,,,,,,,,,,,,,,,,,,,,,,,
205.0,-0.0028456756106280796,0.07796524465084076,0.0005148649215698242,0.9330639243125916,0.0,0.010438453,0.00050580804,0.9994852,0.04711948,0.014950779,-1.5936535e-05,-0.009090185,0.015150309,0.006876707,-0.07895303,-0.03151601,-0.0049579283,0.076875,0.040928245,1.0,,,,,,,,,,,,,,,,,,,,,,,,,,,,,,,,,,,,,,,,,,,,
206.0,-0.002847916928985023,0.0781855434179306,0.0005149245262145996,0.9300118088722229,0.0,0.010637311,0.00056965544,0.99948514,0.047725923,0.0153233735,-1.5791024e-05,-0.00895977,0.015480757,0.006968498,0.030704375,0.07949715,0.021533884,0.07725,0.04112719,1.0,,,,,,,,,,,,,,,,,,,,,,,,,,,,,,,,,,,,,,,,,,,,
207.0,-0.002850138827137368,0.0784030333161354,0.000514984130859375,0.9269468188285828,0.0,0.010838752,0.0006350334,0.9994851,0.048345737,0.01569071,-1.5799995e-05,-0.0092897415,0.015351534,0.006942749,-0.07894835,-0.031528935,-0.0049394993,0.077625,0.041326124,1.0,,,,,,,,,,,,,,,,,,,,,,,,,,,,,,,,,,,,,,,,,,,,
208.0,-0.0028523457065715535,0.07861753553152084,0.0005150556680746377,0.9238690137863159,0.0,0.011042752,0.0007019976,0.999485,0.04896005,0.016071398,-1.5655656e-05,-0.009159565,0.015681982,0.0070343018,0.030706674,0.079497136,0.021508077,0.078,0.04152505,1.0,,,,,,,,,,,,,,,,,,,,,,,,,,,,,,,,,,,,,,,,,,,,
209.0,-0.0028545326406010643,0.07882915437221527,0.000515115272719413,0.9207781553268433,0.0,0.011249367,0.000770526,0.9994849,0.049587723,0.016446829,-1.5665988e-05,-0.009489298,0.015552759,0.007008791,-0.07894366,-0.031541847,-0.0049210717,0.078375,0.041723963,1.0,,,,,,,,,,,,,,,,,,,,,,,,,,,,,,,,,,,,,,,,,,,,
210.0,-0.002856704797427535,0.07903779298067093,0.0005151748773641884,0.9176743030548096,0.0,0.011458576,0.0008406744,0.99948484,0.050209895,0.01683561,-1.5339003e-05,-0.009359121,0.015883207,0.0071003437,0.030708969,0.07949711,0.021482278,0.07875,0.041922867,1.0,,,,,,,,,,,,,,,,,,,,,,,,,,,,,,,,,,,,,,,,,,,,
211.0,-0.002858856643770743,0.07924347370862961,0.0005152344820089638,0.9145573377609253,0.0,0.011670431,0.00091242074,0.9994848,0.05084542,0.017219128,-1.5393818e-05,-0.009688854,0.015753984,0.0070745945,-0.078938976,-0.031554747,-0.0049026455,0.079125,0.04212176,1.0,,,,,,,,,,,,,,,,,,,,,,,,,,,,,,,,,,,,,,,,,,,,
212.0,-0.0028609928957874942,0.07944615185260773,0.0005153178935870528,0.9114273190498352,0.0,0.011884913,0.0009858208,0.9994847,0.051475443,0.017615993,-1.5241938e-05,-0.009558678,0.016084194,0.007166147,0.03071126,0.079497084,0.021456484,0.0795,0.042320643,1.0,,,,,,,,,,,,,,,,,,,,,,,,,,,,,,,,,,,,,,,,,,,,
213.0,-0.002863108795053344,0.07964584231376648,0.0005153774982318282,0.9082841277122498,0.0,0.012102074,0.0010608524,0.99948466,0.05211882,0.018007597,-1.5257313e-05,-0.009888411,0.01595521,0.007140398,-0.07893429,-0.031567637,-0.00488422,0.079875,0.042519517,1.0,,,,,,,,,,,,,,,,,,,,,,,,,,,,,,,,,,,,,,,,,,,,
214.0,-0.002865209170479579,0.0798424705862999,0.0005154371028766036,0.9051277041435242,0.0,0.012321894,0.0011375713,0.9994846,0.052756682,0.018412542,-1.51162885e-05,-0.009758234,0.01628542,0.0072319508,0.030713545,0.079497054,0.021430695,0.08025,0.042718377,1.0,,,,,,,,,,,,,,,,,,,,,,,,,,,,,,,,,,,,,,,,,,,,
215.0,-0.002867287861813692,0.08003605902194977,0.000515496707521379,0.9019582271575928,0.0,0.012544426,0.0012159556,0.99948454,0.0534079,0.018812224,-1.5130751e-05,-0.010087967,0.016156197,0.0072062016,-0.078929596,-0.03158052,-0.0048657963,0.080625,0.04291723,1.0,,,,,,,,,,,,,,,,,,,,,,,,,,,,,,,,,,,,,,,,,,,,
216.0,-0.0028693514452924193,0.08022655546665192,0.0005155563121661544,0.8987754583358765,0.0,0.01276965,0.0012960607,0.9994845,0.054053597,0.019225247,-1.4991546e-05,-0.009957552,0.016486406,0.007297516,0.030715825,0.07949702,0.021404915,0.081,0.043116067,1.0,,,,,,,,,,,,,,,,,,,,,,,,,,,,,,,,,,,,,,,,,,,,
217.0,-0.002871393392398088,0.08041395246982574,0.0005156159168109298,0.8955793976783752,0.0,0.012997619,0.001377865,0.9994844,0.05471265,0.019633004,-1.50072165e-05,-0.010287523,0.016357183,0.007272005,-0.078924894,-0.03159339,-0.0048473733,0.081375,0.043314897,1.0,,,,,,,,,,,,,,,,,,,,,,,,,,,,,,,,,,,,,,,,,,,,
218.0,-0.0028734194378446758,0.08059826493263245,0.0005156755214557052,0.8923700451850891,0.0,0.013228312,0.0014614237,0.99948436,0.055366177,0.020054098,-1.486933e-05,-0.010157108,0.016687632,0.0073633194,0.030718101,0.07949698,0.021379137,0.08175,0.043513715,1.0,,,,,,,,,,,,,,,,,,,,,,,,,,,,,,,,,,,,,,,,,,,,
219.0,-0.0028754235647460605,0.08077941834926605,0.0005157351261004806,0.8891472816467285,0.0,0.013461783,0.001546715,0.9994843,0.056033056,0.020469926,-1.4886324e-05,-0.010486841,0.016558409,0.00733757,-0.0789202,-0.031606253,-0.0048289523,0.082125,0.043712523,1.0,,,,,,,,,,,,,,,,,,,,,,,,,,,,,,,,,,,,,,,,,,,,
220.0,-0.002877411297493076,0.08095744997262955,0.000515794730745256,0.8859111070632935,0.0,0.01369801,0.0016337946,0.99948424,0.056694407,0.020899087,-1.4749729e-05,-0.010356426,0.016888618,0.0074288845,0.030720372,0.07949694,0.021353366,0.0825,0.04391132,1.0,,,,,,,,,,,,,,,,,,,,,,,,,,,,,,,,,,,,,,,,,,,,
221.0,-0.0028791469376884603,0.08113227784633636,0.0005158543353900313,0.8826614618301392,0.0,0.013937048,0.0017226404,0.9994842,0.0573691,0.021322979,-1.4768051e-05,-0.010686159,0.016759157,0.0074031353,-0.0789155,-0.0316191,-0.004810532,0.082875,0.044110104,1.0,,,,,,,,,,,,,,,,,,,,,,,,,,,,,,,,,,,,,,,,,,,,
222.0,-0.0028808655790788806,0.0813039243221283,0.0005159139400348067,0.8793983459472656,0.0,0.014178874,0.0018133079,0.9994841,0.05803827,0.021760203,-1.4632747e-05,-0.010555744,0.017089605,0.007494211,0.030722639,0.0794969,0.021327602,0.08325,0.044308882,1.0,,,,,,,,,,,,,,,,,,,,,,,,,,,,,,,,,,,,,,,,,,,,
223.0,-0.0028825615794325844,0.08147238194942474,0.0005159735446795821,0.8761218786239624,0.0,0.014423544,0.0019057752,0.99948406,0.05872078,0.022192154,-1.4652398e-05,-0.010885477,0.016960144,0.0074687004,-0.07891079,-0.031631943,-0.004792113,0.083625,0.044507645,1.0,,,,,,,,,,,,,,,,,,,,,,,,,,,,,,,,,,,,,,,,,,,,
224.0,-0.0028842406249479442,0.08163763582706451,0.0005160331493243575,0.8728318810462952,0.0,0.014671034,0.002000098,0.999484,0.05939775,0.022637436,-1.451838e-05,-0.010755062,0.017290592,0.0075597763,0.0307249,0.07949685,0.021301841,0.084,0.044706397,1.0,,,,,,,,,,,,,,,,,,,,,,,,,,,,,,,,,,,,,,,,,,,,
225.0,-0.002885896079842584,0.08179968595504761,0.0005160927539691329,0.8695284128189087,0.0,0.014921401,0.002096254,0.99948394,0.060088065,0.023077443,-1.4539361e-05,-0.011084795,0.01716113,0.007534027,-0.07890608,-0.031644776,-0.0047736955,0.084375,0.044905137,1.0,,,,,,,,,,,,,,,,,,,,,,,,,,,,,,,,,,,,,,,,,,,,
226.0,-0.0028875343039563915,0.08195855468511581,0.0005161523586139083,0.8662115335464478,0.0,0.015174621,0.0021942987,0.9994839,0.060772836,0.023530778,-1.440663e-05,-0.010954142,0.01749134,0.007625103,0.030727157,0.0794968,0.021276088,0.08475,0.045103867,1.0,,,,,,,,,,,,,,,,,,,,,,,,,,,,,,,,,,,,,,,,,,,,
227.0,-0.0028889600945431453,0.08211417496204376,0.0005161881563253701,0.8628812432289124,0.0,0.01543075,0.0022942105,0.9994838,0.06147095,0.023978837,-1.4428938e-05,-0.011284113,0.01736188,0.007599354,-0.07890137,-0.0316576,-0.004755279,0.085125,0.04530259,1.0,,,,,,,,,,,,,,,,,,,,,,,,,,,,,,,,,,,,,,,,,,,,
228.0,-0.002890367630191253,0.08226658403873444,0.0005162477609701455,0.8595373034477234,0.0,0.015689764,0.0023960448,0.99948376,0.062163513,0.024440218,-1.4297493e-05,-0.01115346,0.017590523,0.0076913834,0.03091974,0.055081498,0.021525823,0.0855,0.045501295,1.0,,,,,,,,,,,,,,,,,,,,,,,,,,,,,,,,,,,,,,,,,,,,
229.0,-0.002891751816088322,0.08241578191518784,0.0005163073656149209,0.8561800718307495,0.0,0.015951702,0.0024997795,0.9994837,0.06286526,0.02489629,-1.4247755e-05,-0.011483192,0.017359257,0.0076670647,-0.07870142,-0.056079973,-0.004472626,0.085875,0.04569999,1.0,,,,,,,,,,,,,,,,,,,,,,,,,,,,,,,,,,,,,,,,,,,,
230.0,-0.002893118203466108,0.08256176114082336,0.0005163669702596962,0.8528092503547668,0.0,0.016216526,0.0026054697,0.99948364,0.06355729,0.02536565,-1.4062937e-05,-0.011352539,0.0175879,0.007758856,0.030920919,0.055092987,0.021511275,0.08625,0.045898676,1.0,,,,,,,,,,,,,,,,,,,,,,,,,,,,,,,,,,,,,,,,,,,,
231.0,-0.0028944609613122396,0.0827045664191246,0.0005164265749044716,0.8494251370429993,0.0,0.01648427,0.0027130933,0.9994836,0.0642585,0.025829697,-1.4024647e-05,-0.011682272,0.017356873,0.007734537,-0.07869224,-0.056081444,-0.004465494,0.086625,0.04609735,1.0,,,,,,,,,,,,,,,,,,,,,,,,,,,,,,,,,,,,,,,,,,,,
232.0,-0.0028957853545837227,0.08284416049718857,0.0005164623144082725,0.8460276126861572,0.0,0.016754894,0.002822706,0.9994835,0.064950004,0.026307028,-1.3839855e-05,-0.011551619,0.017585278,0.007826328,0.030922096,0.055104468,0.021496726,0.087,0.04629601,1.0,,,,,,,,,,,,,,,,,,,,,,,,,,,,,,,,,,,,,,,,,,,,
233.0,-0.002897086882990263,0.08298057317733765,0.0005165219190530479,0.8426166772842407,0.0,0.017028438,0.0029342852,0.99948347,0.06565068,0.026779044,-1.3800488e-05,-0.0118813515,0.01735425,0.0078020096,-0.07868306,-0.05608291,-0.0044583604,0.087375,0.04649466,1.0,,,,,,,,,,,,,,,,,,,,,,,,,,,,,,,,,,,,,,,,,,,,
234.0,-0.0028983699783932592,0.08311375230550766,0.0005165815236978233,0.8391923308372498,0.0,0.017304862,0.0030478868,0.9994834,0.06634165,0.02726434,-1.3618657e-05,-0.011750698,0.017582893,0.007893801,0.030923273,0.055115946,0.021482177,0.08775,0.0466933,1.0,,,,,,,,,,,,,,,,,,,,,,,,,,,,,,,,,,,,,,,,,,,,
235.0,-0.002899629730916883,0.08324380964040756,0.0005166173214092851,0.8357545733451843,0.0,0.017584203,0.003163488,0.99948335,0.0670418,0.02774432,-1.3577527e-05,-0.012080431,0.017351866,0.007869482,-0.07867389,-0.056084376,-0.0044512246,0.088125,0.046891924,1.0,,,,,,,,,,,,,,,,,,,,,,,,,,,,,,,,,,,,,,,,,,,,
236.0,-0.00290087099694411,0.08337061107158661,0.0005166769260540605,0.8323034048080444,0.0,0.017866421,0.0032811447,0.9994833,0.06773224,0.028237574,-1.3398817e-05,-0.011949778,0.01758051,0.007961273,0.030924447,0.055127416,0.021467628,0.0885,0.04709054,1.0,,,,,,,,,,,,,,,,,,,,,,,,,,,,,,,,,,,,,,,,,,,,
237.0,-0.0029020895365679676,0.08349429816007614,0.0005167365306988358,0.8288389444351196,0.0,0.018151553,0.0034008343,0.9994832,0.068431854,0.02872551,-1.3355887e-05,-0.0122795105,0.017349482,0.0079369545,-0.07866473,-0.056085836,-0.0044440874,0.088875,0.047289144,1.0,,,,,,,,,,,,,,,,,,,,,,,,,,,,,,,,,,,,,,,,,,,,
238.0,-0.0029032891957473683,0.0836147665977478,0.0005167961353436112,0.8253610134124756,0.0,0.018439561,0.0035226122,0.99948317,0.06912176,0.029226718,-1.31803035e-05,-0.012148619,0.017578125,0.008028269,0.030923821,0.055137582,0.021348706,0.08925,0.047487736,1.0,,,,,,,,,,,,,,,,,,,,,,,,,,,,,,,,,,,,,,,,,,,,
239.0,-0.002904465289446989,0.08373205363750458,0.0005168318748474121,0.8218697309494019,0.0,0.01873048,0.0036464564,0.9994831,0.06982085,0.029722605,-1.3135573e-05,-0.012478352,0.017347097,0.008003473,-0.078657396,-0.056088556,-0.0045412984,0.089625,0.047686316,1.0,,,,,,,,,,,,,,,,,,,,,,,,,,,,,,,,,,,,,,,,,,,,
240.0,-0.002905623426174708,0.08384621143341064,0.0005168914794921875,0.8183653354644775,0.0,0.019024273,0.003772422,0.99948305,0.07051023,0.03023176,-1.2963116e-05,-0.012347698,0.01757574,0.008094788,0.030925043,0.05514901,0.021334201,0.09,0.04788488,1.0,,,,,,,,,,,,,,,,,,,,,,,,,,,,,,,,,,,,,,,,,,,,
241.0,-0.002906758541532315,0.08395718038082123,0.0005169272189959884,0.8148475289344788,0.0,0.019320976,0.003900487,0.999483,0.07120879,0.030735591,-1.2916584e-05,-0.012677193,0.017344713,0.008069992,-0.07864829,-0.05608994,-0.00453411,0.090375,0.04808344,1.0,,,,,,,,,,,,,,,,,,,,,,,,,,,,,,,,,,,,,,,,,,,,
242.0,-0.00290787483082662,0.08406499773263931,0.0005169749492779374,0.8113164305686951,0.0,0.01962055,0.0040307064,0.9994829,0.07189763,0.031252686,-1.2747253e-05,-0.012546539,0.017573595,0.008161306,0.030926263,0.055160433,0.021319697,0.09075,0.048281983,1.0,,,,,,,,,,,,,,,,,,,,,,,,,,,,,,,,,,,,,,,,,,,,
243.0,-0.0029089681605674743,0.0841696634888649,0.0005170345539227128,0.807772159576416,0.0,0.019923031,0.0041630585,0.9994829,0.07259566,0.03176446,-1.2698921e-05,-0.012876034,0.017342567,0.008136511,-0.07863919,-0.056091327,-0.00452692,0.091125,0.048480514,1.0,,,,,,,,,,,,,,,,,,,,,,,,,,,,,,,,,,,,,,,,,,,,
244.0,-0.0029100430132343604,0.0842711552977562,0.0005170702934265137,0.804214596748352,0.0,0.020228382,0.004297598,0.99948287,0.07328398,0.032289486,-1.2716634e-05,-0.01274538,0.01757121,0.008227587,0.030927233,0.05517166,0.021290788,0.0915,0.048679035,1.0,,,,,,,,,,,,,,,,,,,,,,,,,,,,,,,,,,,,,,,,,,,,
245.0,-0.002911094851433416,0.08436950296163559,0.0005171060329303145,0.8006438612937927,0.0,0.020536639,0.004434303,0.9994828,0.07398148,0.03280919,-1.2623373e-05,-0.013074875,0.017340183,0.00820303,-0.07863034,-0.056092896,-0.004534129,0.091875,0.04887754,1.0,,,,,,,,,,,,,,,,,,,,,,,,,,,,,,,,,,,,,,,,,,,,
246.0,-0.0030003325257632143,0.08446470648050308,0.0005171656375750899,0.7970598340034485,0.0,0.02084776,0.004573229,0.99948275,0.074669264,0.03334215,-1.2470401e-05,-0.0129442215,0.017569065,0.00829196,0.030920936,0.055177297,0.020839827,0.09225,0.049076036,1.0,,,,,,,,,,,,,,,,,,,,,,,,,,,,,,,,,,,,,,,,,,,,
247.0,-0.0031092502624919132,0.08455678075551987,0.0005172252422198653,0.7934629321098328,0.0,0.021161785,0.0047143525,0.9994827,0.075366236,0.033869777,-1.2416098e-05,-0.013273716,0.017338037,0.008265734,-0.07862888,-0.056099884,-0.0049632937,0.092625,0.04927452,1.0,,,,,,,,,,,,,,,,,,,,,,,,,,,,,,,,,,,,,,,,,,,,
248.0,-0.0032185398961429557,0.08464571833610535,0.0005172610399313271,0.7898529767990112,0.0,0.021478675,0.0048577306,0.99948263,0.07605349,0.03441066,-1.225669e-05,-0.013143063,0.01756692,0.008354664,0.030922363,0.05518858,0.020825524,0.093,0.049472988,1.0,,,,,,,,,,,,,,,,,,,,,,,,,,,,,,,,,,,,,,,,,,,,
249.0,-0.00332819870229662,0.08473150432109833,0.0005172848468646407,0.7862299680709839,0.0,0.021798467,0.0050033396,0.9994826,0.076749936,0.03494621,-1.22028305e-05,-0.013472557,0.017335892,0.008328199,-0.07862,-0.056100972,-0.0049558943,0.093375,0.04967145,1.0,,,,,,,,,,,,,,,,,,,,,,,,,,,,,,,,,,,,,,,,,,,,
250.0,-0.003437949779293742,0.08481413125991821,0.0005173444515094161,0.7825937271118164,0.0,0.02212112,0.0051512355,0.9994826,0.07743666,0.03549501,-1.2046016e-05,-0.013341904,0.017564774,0.008417368,0.03092379,0.055199858,0.020811219,0.09375,0.049869895,1.0,,,,,,,,,,,,,,,,,,,,,,,,,,,,,,,,,,,,,,,,,,,,
251.0,-0.003548517357973334,0.08489368110895157,0.0005174040561541915,0.7789447903633118,0.0,0.022446672,0.005301396,0.9994825,0.07813258,0.03603847,-1.2174402e-05,-0.013099909,0.017333746,0.0083909035,0.058503777,-0.054947894,-0.0073572267,0.094125,0.050068326,1.0,,,,,,,,,,,,,,,,,,,,,,,,,,,,,,,,,,,,,,,,,,,,
252.0,-0.003658409437641502,0.08497009426355362,0.0005174159887246788,0.7752828001976013,0.0,0.022775086,0.0054537784,0.99948245,0.07881898,0.036571823,-1.1664889e-05,-0.013314486,0.017562628,0.008479834,-0.05192307,0.054499973,0.022264615,0.0945,0.050266746,1.0,,,,,,,,,,,,,,,,,,,,,,,,,,,,,,,,,,,,,,,,,,,,
253.0,-0.0037700347737340636,0.08504344522953033,0.0005174755933694541,0.7716081142425537,0.0,0.023106394,0.00560842,0.9994824,0.07951444,0.037113946,-1.1879493e-05,-0.013072491,0.017331839,0.008453369,0.058499847,-0.05494973,-0.007361791,0.094875,0.050465155,1.0,,,,,,,,,,,,,,,,,,,,,,,,,,,,,,,,,,,,,,,,,,,,
254.0,-0.0038806559319605203,0.08511366695165634,0.0005175351980142295,0.7679204344749451,0.0,0.023440564,0.005765278,0.99948233,0.08020039,0.037645966,-1.1350053e-05,-0.013287067,0.01756072,0.008542538,-0.051933847,0.05449047,0.022262841,0.09525,0.05066355,1.0,,,,,,,,,,,,,,,,,,,,,,,,,,,,,,,,,,,,,,,,,,,,
255.0,-0.0039930112006325335,0.0851808413863182,0.0005175351980142295,0.7642199993133545,0.0,0.023777626,0.0059243897,0.9994823,0.080895394,0.038186762,-1.156907e-05,-0.013045311,0.017329454,0.008516073,0.058495924,-0.054951563,-0.0073663476,0.095625,0.050861932,1.0,,,,,,,,,,,,,,,,,,,,,,,,,,,,,,,,,,,,,,,,,,,,
256.0,-0.004104351108836012,0.08524493128061295,0.0005175948026590049,0.7605069875717163,0.0,0.024117548,0.006085712,0.9994823,0.08158089,0.03871745,-1.1038885e-05,-0.013259649,0.017558336,0.008605003,-0.05194462,0.05448097,0.022261064,0.096,0.051060304,1.0,,,,,,,,,,,,,,,,,,,,,,,,,,,,,,,,,,,,,,,,,,,,
257.0,-0.004217421135032397,0.08530597388744354,0.0005176544073037803,0.7567813396453857,0.0,0.024460362,0.0062492825,0.9994822,0.082275435,0.03925691,-1.1441736e-05,-0.013017893,0.017327309,0.008578539,0.058492,-0.0549534,-0.007370897,0.096375,0.05125866,1.0,,,,,,,,,,,,,,,,,,,,,,,,,,,,,,,,,,,,,,,,,,,,
258.0,-0.004329477121477591,0.08536396920681,0.0005176663398742676,0.7530430555343628,0.0,0.02480603,0.006415059,0.99948215,0.08296048,0.03978627,-1.0868733e-05,-0.01323247,0.01755619,0.008667469,-0.05195539,0.054471474,0.022259282,0.09675,0.051457006,1.0,,,,,,,,,,,,,,,,,,,,,,,,,,,,,,,,,,,,,,,,,,,,
259.0,-0.004443092027690899,0.0854189321398735,0.0005177140119485557,0.749292254447937,0.0,0.02515459,0.0065830774,0.9994821,0.08365457,0.040324412,-1.1097443e-05,-0.012990713,0.017325163,0.008641005,0.058488082,-0.054955237,-0.007375439,0.097125,0.051655337,1.0,,,,,,,,,,,,,,,,,,,,,,,,,,,,,,,,,,,,,,,,,,,,
260.0,-0.0045556852609155395,0.08547085523605347,0.0005177498096600175,0.745529055595398,0.0,0.025506005,0.0067532957,0.9994821,0.08433915,0.040852446,-1.0565567e-05,-0.01320529,0.01721692,0.008734465,-0.05124921,-0.026400227,0.0233079,0.0975,0.051853657,1.0,,,,,,,,,,,,,,,,,,,,,,,,,,,,,,,,,,,,,,,,,,,,
261.0,-0.004669998492168374,0.08551980555057526,0.0005177855491638184,0.7417535781860352,0.0,0.02586025,0.0069257505,0.99948204,0.085019,0.04138914,-1.0728798e-05,-0.012963533,0.016649008,0.008712292,0.059217826,-0.13580057,-0.006292956,0.097875,0.05205196,1.0,,,,,,,,,,,,,,,,,,,,,,,,,,,,,,,,,,,,,,,,,,,,
262.0,-0.004783290176972345,0.08556576818227768,0.0005178451538085938,0.7379657030105591,0.0,0.026217232,0.0071003987,0.999482,0.08567557,0.041915607,-9.984098e-06,-0.01317811,0.016541004,0.008805752,-0.051267277,-0.026372058,0.023268837,0.09825,0.052250255,1.0,,,,,,,,,,,,,,,,,,,,,,,,,,,,,,,,,,,,,,,,,,,,
263.0,-0.004898300675336556,0.08560879528522491,0.0005178451538085938,0.734165608882904,0.0,0.026576929,0.007277277,0.9994819,0.086327426,0.04245073,-1.0016209e-05,-0.012936354,0.015973091,0.008783579,0.059227478,-0.1357636,-0.0062609925,0.098625,0.052448537,1.0,,,,,,,,,,,,,,,,,,,,,,,,,,,,,,,,,,,,,,,,,,,,
264.0,-0.005012279995997666,0.08564884960651398,0.0005179047584533691,0.7303534150123596,0.0,0.026939247,0.0074563418,0.9994819,0.08695601,0.042975627,-9.318313e-06,-0.01315093,0.015865326,0.008876801,-0.05128532,-0.026343904,0.023229778,0.099,0.0526468,1.0,,,,,,,,,,,,,,,,,,,,,,,,,,,,,,,,,,,,,,,,,,,,
265.0,-0.005127968801716953,0.08568603545427322,0.00051794049795717,0.7265293002128601,0.0,0.027304163,0.00763763,0.99948186,0.087579876,0.043509178,-9.526255e-06,-0.012909174,0.015297651,0.008854628,0.059237096,-0.13572666,-0.0062290323,0.099375,0.052845057,1.0,,,,,,,,,,,,,,,,,,,,,,,,,,,,,,,,,,,,,,,,,,,,
266.0,-0.005242630694263768,0.08572030067443848,0.0005179643630981445,0.7226929664611816,0.0,0.027671581,0.007821099,0.9994818,0.0881805,0.044032503,-8.803158e-06,-0.013123751,0.015189886,0.008948088,-0.051303335,-0.026315765,0.023190722,0.09975,0.053043295,1.0,,,,,,,,,,,,,,,,,,,,,,,,,,,,,,,,,,,,,,,,,,,,
267.0,-0.005359000810721183,0.08575168251991272,0.0005180001026019454,0.7188447713851929,0.0,0.028041482,0.008006784,0.9994818,0.088776425,0.04456449,-8.835961e-06,-0.012881994,0.014622211,0.008925915,0.059246685,-0.13568974,-0.0061970763,0.100125,0.053241525,1.0,,,,,,,,,,,,,,,,,,,,,,,,,,,,,,,,,,,,,,,,,,,,
268.0,-0.005474329578271774,0.08578021079301834,0.0005180239677429199,0.7149848341941833,0.0,0.02841377,0.008194644,0.99948174,0.089349106,0.045086242,-8.353896e-06,-0.013096809,0.014514685,0.009019136,-0.051321317,-0.02628764,0.023151668,0.1005,0.053439736,1.0,,,,,,,,,,,,,,,,,,,,,,,,,,,,,,,,,,,,,,,,,,,,
269.0,-0.005591361134679915,0.08580592274665833,0.0005180597072467208,0.7111132144927979,0.0,0.028788425,0.008384713,0.99948174,0.0899171,0.04561666,-8.333027e-06,-0.012855053,0.013947248,0.0089969635,0.059256244,-0.13565283,-0.0061651235,0.100875,0.053637937,1.0,,,,,,,,,,,,,,,,,,,,,,,,,,,,,,,,,,,,,,,,,,,,
270.0,-0.005707351192768876,0.08582880347967148,0.0005180835723876953,0.7072298526763916,0.0,0.02916535,0.00857695,0.9994817,0.090461865,0.04613684,-7.879564e-06,-0.013069868,0.013839722,0.009090185,-0.051339272,-0.026259528,0.02311262,0.10125,0.053836126,1.0,,,,,,,,,,,,,,,,,,,,,,,,,,,,,,,,,,,,,,,,,,,,
271.0,-0.005825039475239283,0.08584891259670258,0.0005181193118914962,0.7033349871635437,0.0,0.029544525,0.008771391,0.9994817,0.091001965,0.04666569,-7.85484e-06,-0.012828112,0.013272524,0.009068012,0.05926577,-0.13561593,-0.006133175,0.101625,0.054034296,1.0,,,,,,,,,,,,,,,,,,,,,,,,,,,,,,,,,,,,,,,,,,,,
272.0,-0.005941681806645421,0.08586619049310684,0.0005181670421734452,0.6994284987449646,0.0,0.029925853,0.008967992,0.9994816,0.09151884,0.047184303,-7.4182785e-06,-0.013043165,0.0131652355,0.009161234,-0.051357202,-0.02623143,0.023073575,0.102,0.05423246,1.0,,,,,,,,,,,,,,,,,,,,,,,,,,,,,,,,,,,,,,,,,,,,
273.0,-0.006060019134414849,0.08588077127933502,0.0005181789165362716,0.6955106258392334,0.0,0.030309316,0.00916679,0.9994816,0.09203106,0.04771158,-7.3924366e-06,-0.012801409,0.012598038,0.009138823,0.059275266,-0.13557906,-0.0061012297,0.102375,0.054430604,1.0,,,,,,,,,,,,,,,,,,,,,,,,,,,,,,,,,,,,,,,,,,,,
274.0,-0.00617733573245555,0.08589258044958115,0.0005182266468182206,0.6915814876556396,0.0,0.030694816,0.009367743,0.99948156,0.09252007,0.048228625,-6.972119e-06,-0.013016462,0.012490749,0.009232283,-0.0513751,-0.026203347,0.023034532,0.10275,0.054628737,1.0,,,,,,,,,,,,,,,,,,,,,,,,,,,,,,,,,,,,,,,,,,,,
275.0,-0.006296340366142751,0.08590171486139297,0.000518238521181047,0.6876412034034729,0.0,0.031082334,0.009570885,0.99948156,0.093004435,0.048754334,-6.9453035e-06,-0.0127744675,0.011995077,0.009208918,0.05912406,-0.11844076,-0.0062918924,0.103125,0.054826856,1.0,,,,,,,,,,,,,,,,,,,,,,,,,,,,,,,,,,,,,,,,,,,,
276.0,-0.006414282974398476,0.08590809255838394,0.000518286251462996,0.6836898326873779,0.0,0.031471785,0.009776177,0.9994815,0.093468525,0.049269836,-6.576026e-06,-0.012989759,0.011959314,0.009301424,-0.05155079,-0.00907817,0.02278073,0.1035,0.055024963,1.0,,,,,,,,,,,,,,,,,,,,,,,,,,,,,,,,,,,,,,,,,,,,
277.0,-0.006533909957126981,0.08591185510158539,0.0005182981258258224,0.6797274351119995,0.0,0.031863164,0.009983651,0.9994815,0.09393089,0.049794033,-6.5744744e-06,-0.012748003,0.011463642,0.009278059,0.059130594,-0.11841232,-0.006267651,0.103875,0.055223055,1.0,,,,,,,,,,,,,,,,,,,,,,,,,,,,,,,,,,,,,,,,,,,,
278.0,-0.006652473966125809,0.08591287583112717,0.0005183219909667969,0.6757540106773376,0.0,0.032256387,0.010193269,0.99948144,0.09437298,0.05030802,-6.210358e-06,-0.012963057,0.011427879,0.009370327,-0.0515672,-0.009058267,0.022749623,0.10425,0.055421133,1.0,,,,,,,,,,,,,,,,,,,,,,,,,,,,,,,,,,,,,,,,,,,,
279.0,-0.0067727135052611884,0.0859113335609436,0.0005183577304705977,0.6717698574066162,0.0,0.032651443,0.010405063,0.99948144,0.09481336,0.050830703,-6.2082254e-06,-0.0127213,0.010932207,0.009346962,0.05913711,-0.1183839,-0.006243413,0.104625,0.055619195,1.0,,,,,,,,,,,,,,,,,,,,,,,,,,,,,,,,,,,,,,,,,,,,
280.0,-0.0068918810817808224,0.08590711653232574,0.0005183815956115723,0.6677749752998352,0.0,0.03304825,0.010618993,0.9994814,0.095233485,0.051343177,-5.855324e-06,-0.012936592,0.010896683,0.00943923,-0.05158359,-0.009038373,0.02271852,0.105,0.055817246,1.0,,,,,,,,,,,,,,,,,,,,,,,,,,,,,,,,,,,,,,,,,,,,
281.0,-0.0070127185555834805,0.08590030670166016,0.0005184054607525468,0.663769543170929,0.0,0.033446796,0.010835094,0.9994814,0.0956519,0.05186435,-5.851184e-06,-0.012694836,0.010401249,0.009416103,0.059143607,-0.11835549,-0.006219178,0.105375,0.056015283,1.0,,,,,,,,,,,,,,,,,,,,,,,,,,,,,,,,,,,,,,,,,,,,
282.0,-0.007132476462017078,0.08589087426662445,0.0005184412002563477,0.6597536206245422,0.0,0.033847008,0.011053325,0.9994814,0.09605007,0.05237531,-5.509825e-06,-0.012910128,0.010365725,0.009508371,-0.051599964,-0.009018489,0.02268742,0.10575,0.056213304,1.0,,,,,,,,,,,,,,,,,,,,,,,,,,,,,,,,,,,,,,,,,,,,
283.0,-0.007253901137387267,0.0858788937330246,0.0005184650653973222,0.6557272672653198,0.0,0.034248866,0.01127372,0.9994813,0.096446544,0.05289497,-5.687536e-06,-0.012668371,0.009870291,0.009485006,0.059150085,-0.118327096,-0.0061949454,0.106125,0.05641131,1.0,,,,,,,,,,,,,,,,,,,,,,,,,,,,,,,,,,,,,,,,,,,,
284.0,-0.007374241832255371,0.0858643501996994,0.000518500804901123,0.6516906023025513,0.0,0.034652296,0.011496239,0.9994813,0.096822776,0.053404424,-5.130628e-06,-0.012883902,0.009834766,0.009577274,-0.05161632,-0.008998616,0.022656322,0.1065,0.056609306,1.0,,,,,,,,,,,,,,,,,,,,,,,,,,,,,,,,,,,,,,,,,,,,
285.0,-0.007496240057864477,0.08584728091955185,0.000518500804901123,0.6476438045501709,0.0,0.035057284,0.011720916,0.99948126,0.09719732,0.05392257,-5.3595327e-06,-0.012642145,0.009339571,0.009553909,0.05915654,-0.118298724,-0.0061707166,0.106875,0.056807287,1.0,,,,,,,,,,,,,,,,,,,,,,,,,,,,,,,,,,,,,,,,,,,,
286.0,-0.007617245662445954,0.08582769334316254,0.0005185484769754112,0.6435866951942444,0.0,0.03546375,0.01194771,0.99948126,0.09755164,0.054430515,-4.8016614e-06,-0.012857676,0.009304285,0.009646177,-0.051632654,-0.0089787515,0.022625225,0.10725,0.057005253,1.0,,,,,,,,,,,,,,,,,,,,,,,,,,,,,,,,,,,,,,,,,,,,
287.0,-0.007739900285927526,0.08580558001995087,0.0005185604095458984,0.6395197510719299,0.0,0.035871685,0.012176656,0.99948126,0.09790427,0.054947153,-5.031406e-06,-0.012615919,0.00899291,0.009620428,0.05873246,-0.0741872,-0.006713326,0.107625,0.057203203,1.0,,,,,,,,,,,,,,,,,,,,,,,,,,,,,,,,,,,,,,,,,,,,
288.0,-0.00786145823382085,0.08578097820281982,0.0005185604095458984,0.6354429125785828,0.0,0.036281034,0.012407714,0.9994812,0.098244205,0.055453658,-4.735166e-06,-0.0128314495,0.009141207,0.009710312,-0.052072227,0.035113607,0.022047522,0.108,0.05740114,1.0,,,,,,,,,,,,,,,,,,,,,,,,,,,,,,,,,,,,,,,,,,,,
289.0,-0.007984665478261106,0.0857539027929306,0.0005186080816201866,0.6313562393188477,0.0,0.036691826,0.012640918,0.9994812,0.09858997,0.05596894,-4.787845e-06,-0.012589693,0.008829832,0.009684563,0.058731683,-0.07417993,-0.006709075,0.108375,0.057599064,1.0,,,,,,,,,,,,,,,,,,,,,,,,,,,,,,,,,,,,,,,,,,,,
290.0,-0.008106768250171719,0.08572433888912201,0.0005186200141906738,0.6272599101066589,0.0,0.037104007,0.012876226,0.9994812,0.09892303,0.056474082,-4.5355046e-06,-0.012805223,0.008978128,0.0097744465,-0.052084666,0.03511299,0.022036767,0.10875,0.057796974,1.0,,,,,,,,,,,,,,,,,,,,,,,,,,,,,,,,,,,,,,,,,,,,
291.0,-0.008230330592009796,0.08569236099720001,0.0005186438793316483,0.6231541037559509,0.0,0.037517596,0.013113676,0.99948114,0.09926193,0.056988,-4.760632e-06,-0.012563467,0.008666754,0.009748459,0.058730908,-0.074172676,-0.0067048213,0.109125,0.057994865,1.0,,,,,,,,,,,,,,,,,,,,,,,,,,,,,,,,,,,,,,,,,,,,
292.0,-0.008352785603755821,0.08565790951251984,0.000518667686264962,0.6190387606620789,0.0,0.03793255,0.013353225,0.99948114,0.099588126,0.057491783,-4.286233e-06,-0.012779236,0.00881505,0.009838343,-0.0520971,0.03511237,0.02202601,0.1095,0.058192745,1.0,,,,,,,,,,,,,,,,,,,,,,,,,,,,,,,,,,,,,,,,,,,,
293.0,-0.008476870688050305,0.08562108874320984,0.0005186915514059365,0.6149142384529114,0.0,0.03834888,0.01359491,0.99948114,0.09992016,0.058004346,-4.562276e-06,-0.012537479,0.008503675,0.009812593,0.05873013,-0.074165426,-0.006700564,0.109875,0.05839061,1.0,,,,,,,,,,,,,,,,,,,,,,,,,,,,,,,,,,,,,,,,,,,,
294.0,-0.008599846554548232,0.08558181673288345,0.0005187034839764237,0.6107802391052246,0.0,0.038766544,0.013838688,0.99948114,0.10023949,0.058506772,-4.262223e-06,-0.012753248,0.00865221,0.009902477,-0.05210953,0.03511175,0.022015251,0.11025,0.05858846,1.0,,,,,,,,,,,,,,,,,,,,,,,,,,,,,,,,,,,,,,,,,,,,
295.0,-0.008724341525707042,0.08554022759199142,0.0005187272909097373,0.606637179851532,0.0,0.039185565,0.014084596,0.9994811,0.10056467,0.05901798,-4.496162e-06,-0.012511492,0.008340836,0.009876728,0.05872935,-0.07415818,-0.0066963043,0.110625,0.058786295,1.0,,,,,,,,,,,,,,,,,,,,,,,,,,,,,,,,,,,,,,,,,,,,
296.0,-0.00884771370757194,0.08549629151821136,0.0005187511560507119,0.6024851202964783,0.0,0.039605886,0.0143325925,0.9994811,0.10087715,0.059519053,-4.0243926e-06,-0.012512684,0.008489132,0.009966612,-0.0006229336,0.035619784,0.021574916,0.111,0.058984116,1.0,,,,,,,,,,,,,,,,,,,,,,,,,,,,,,,,,,,,,,,,,,,,
297.0,-0.008972709411635563,0.08545004576444626,0.0005187630886211991,0.5983241200447083,0.0,0.040027536,0.014582676,0.9994811,0.10119557,0.06002013,-4.1867293e-06,-0.012056589,0.008177757,0.009940624,0.11021584,-0.07363207,-0.0071451375,0.111375,0.059181925,1.0,,,,,,,,,,,,,,,,,,,,,,,,,,,,,,,,,,,,,,,,,,,,
298.0,-0.009096578450923428,0.0854014903306961,0.0005187868955545127,0.5941542387008667,0.0,0.040450457,0.014834769,0.999481,0.10150137,0.06050231,-3.8135017e-06,-0.012057781,0.008326292,0.010030508,-0.000659181,0.035616565,0.021588156,0.11175,0.059379715,1.0,,,,,,,,,,,,,,,,,,,,,,,,,,,,,,,,,,,,,,,,,,,,
299.0,-0.009222063221010332,0.08535073697566986,0.0005188107606954873,0.5899757146835327,0.0,0.04087468,0.015088871,0.999481,0.1018131,0.060984507,-3.7678292e-06,-0.0116016865,0.008014917,0.010004282,0.11019072,-0.07361551,-0.0071642115,0.112125,0.05957749,1.0,,,,,,,,,,,,,,,,,,,,,,,,,,,,,,,,,,,,,,,,,,,,
300.0,-0.009346417570975247,0.08529768884181976,0.0005188107606954873,0.5857884287834167,0.0,0.041300148,0.015344904,0.999481,0.10211223,0.06144781,-3.454044e-06,-0.011603117,0.008163452,0.010094404,-0.00069541443,0.035613336,0.021601377,0.1125,0.059775252,1.0,,,,,,,,,,,,,,,,,,,,,,,,,,,,,,,,,,,,,,,,,,,,
301.0,-0.009472382259573307,0.08524246513843536,0.0005188465001992881,0.5815926790237427,0.0,0.041726884,0.015602867,0.999481,0.102417305,0.06191114,-3.577421e-06,-0.011147261,0.0078520775,0.010068178,0.11016562,-0.07359895,-0.0071832696,0.112875,0.059973,1.0,,,,,,,,,,,,,,,,,,,,,,,,,,,,,,,,,,,,,,,,,,,,
302.0,-0.009597207594124076,0.08518506586551666,0.0005188703653402627,0.5773885250091553,0.0,0.04215484,0.015862683,0.99948096,0.10270978,0.062355585,-3.234583e-06,-0.011148691,0.008000612,0.010158062,-0.00073163386,0.0356101,0.021614583,0.11325,0.060170732,1.0,,,,,,,,,,,,,,,,,,,,,,,,,,,,,,,,,,,,,,,,,,,,
303.0,-0.009723639285621586,0.08512549102306366,0.0005188703653402627,0.5731760263442993,0.0,0.042584043,0.01612435,0.99948096,0.10300819,0.06280007,-3.17988e-06,-0.010693073,0.0076892376,0.0101315975,0.110140525,-0.073582396,-0.0072023114,0.113625,0.06036845,1.0,,,,,,,,,,,,,,,,,,,,,,,,,,,,,,,,,,,,,,,,,,,,
304.0,-0.009848927844326272,0.08506379276514053,0.0005188941722735763,0.5689552426338196,0.0,0.043014433,0.016387789,0.99948096,0.103294,0.06322568,-2.8894424e-06,-0.010694742,0.007837534,0.01022172,-0.0007678393,0.03560685,0.021627773,0.114,0.06056615,1.0,,,,,,,,,,,,,,,,,,,,,,,,,,,,,,,,,,,,,,,,,,,,
305.0,-0.009975816425289398,0.08499998599290848,0.0005188941722735763,0.5647263526916504,0.0,0.04344604,0.016653003,0.99948096,0.10358576,0.06365134,-3.005433e-06,-0.010238886,0.0075263977,0.010195255,0.110115446,-0.07356585,-0.007221338,0.114375,0.060763836,1.0,,,,,,,,,,,,,,,,,,,,,,,,,,,,,,,,,,,,,,,,,,,,
306.0,-0.010101553998351984,0.08493413031101227,0.000518929969985038,0.5604894757270813,0.0,0.043878812,0.016919913,0.99948096,0.10386492,0.064058125,-2.685533e-06,-0.010240793,0.0076749325,0.0102853775,-0.00080403074,0.03560359,0.021640943,0.11475,0.060961507,1.0,,,,,,,,,,,,,,,,,,,,,,,,,,,,,,,,,,,,,,,,,,,,
307.0,-0.010228886195815133,0.08486621081829071,0.000518929969985038,0.5562446713447571,0.0,0.04431277,0.017188516,0.9994809,0.104150034,0.06446498,-2.8074774e-06,-0.009785175,0.0073637962,0.010258675,0.11009038,-0.0735493,-0.007240349,0.115125,0.061159164,1.0,,,,,,,,,,,,,,,,,,,,,,,,,,,,,,,,,,,,,,,,,,,,
308.0,-0.01035506315052362,0.08479625731706619,0.0005189537769183517,0.5519919991493225,0.0,0.044747867,0.017458737,0.9994809,0.10442256,0.06485297,-2.3128152e-06,-0.009787321,0.0075120926,0.010348797,-0.0008402082,0.035600323,0.0216541,0.1155,0.061356805,1.0,,,,,,,,,,,,,,,,,,,,,,,,,,,,,,,,,,,,,,,,,,,,
309.0,-0.01048283083243273,0.08472432941198349,0.0005189537769183517,0.5477315783500671,0.0,0.04518412,0.017730575,0.9994809,0.104701035,0.06524103,-2.474812e-06,-0.009331703,0.0072009563,0.010321856,0.110065326,-0.07353276,-0.0072593438,0.115875,0.06155443,1.0,,,,,,,,,,,,,,,,,,,,,,,,,,,,,,,,,,,,,,,,,,,,
310.0,-0.010609433219078803,0.0846504494547844,0.0005189537769183517,0.5434636473655701,0.0,0.04562148,0.01800395,0.9994809,0.10496692,0.06561024,-2.165276e-06,-0.009333849,0.0073492527,0.010412216,-0.0008763717,0.035597045,0.021667238,0.11625,0.06175204,1.0,,,,,,,,,,,,,,,,,,,,,,,,,,,,,,,,,,,,,,,,,,,,
311.0,-0.010737623971343147,0.08457459509372711,0.0005190015072003007,0.5391880869865417,0.0,0.046059977,0.018278865,0.9994809,0.105238765,0.06597953,-2.2828513e-06,-0.008878708,0.0070381165,0.010385275,0.11004029,-0.07351623,-0.007278323,0.116625,0.061949633,1.0,,,,,,,,,,,,,,,,,,,,,,,,,,,,,,,,,,,,,,,,,,,,
312.0,-0.01086465163701646,0.08449684083461761,0.000519013381563127,0.5349050760269165,0.0,0.04649955,0.01855524,0.9994809,0.10549803,0.06632998,-1.9943066e-06,-0.008880854,0.007186651,0.010475397,-0.0009125212,0.03559376,0.021680359,0.117,0.062147215,1.0,,,,,,,,,,,,,,,,,,,,,,,,,,,,,,,,,,,,,,,,,,,,
313.0,-0.010993261130012935,0.08441716432571411,0.000519013381563127,0.5306146144866943,0.0,0.046940234,0.018833075,0.99948084,0.10576325,0.06668052,-2.1059786e-06,-0.008425713,0.006875515,0.010448217,0.110015266,-0.073499694,-0.0072972868,0.117375,0.06234478,1.0,,,,,,,,,,,,,,,,,,,,,,,,,,,,,,,,,,,,,,,,,,,,
314.0,-0.011120699397148201,0.08433566987514496,0.000519013381563127,0.5263168811798096,0.0,0.047381964,0.019112293,0.99948084,0.10601589,0.06701223,-1.6454203e-06,-0.008428097,0.0070238113,0.010538578,-0.00094865676,0.035590462,0.021693464,0.11775,0.06254233,1.0,,,,,,,,,,,,,,,,,,,,,,,,,,,,,,,,,,,,,,,,,,,,
315.0,-0.011249713221856337,0.08425231277942657,0.000519013381563127,0.522011935710907,0.0,0.047824774,0.019392893,0.99948084,0.106274486,0.06734404,-1.7964878e-06,-0.007972956,0.0067129135,0.010511398,0.109990254,-0.07348317,-0.0073162345,0.118125,0.06273986,1.0,,,,,,,,,,,,,,,,,,,,,,,,,,,,,,,,,,,,,,,,,,,,
316.0,-0.011377551108775471,0.08416710793972015,0.0005190611118450761,0.5176998376846313,0.0,0.048268612,0.019674798,0.99948084,0.10652052,0.06765702,-1.5211809e-06,-0.007975578,0.00686121,0.010601759,-0.0009847784,0.035587158,0.021706553,0.1185,0.06293737,1.0,,,,,,,,,,,,,,,,,,,,,,,,,,,,,,,,,,,,,,,,,,,,
317.0,-0.011506900341062373,0.08408018201589584,0.0005190611118450761,0.5133808255195618,0.0,0.048713498,0.019958006,0.99948084,0.106772505,0.06797012,-1.6277781e-06,-0.0075206757,0.006550312,0.010574102,0.10996526,-0.07346664,-0.007335167,0.118875,0.06313487,1.0,,,,,,,,,,,,,,,,,,,,,,,,,,,,,,,,,,,,,,,,,,,,
318.0,-0.011635074618391129,0.08399148285388947,0.0005190611118450761,0.5090546607971191,0.0,0.049159378,0.020242441,0.99948084,0.10701193,0.0682644,-1.3734436e-06,-0.0075232983,0.0066986084,0.010664701,-0.0010208859,0.035583843,0.021719623,0.11925,0.06333236,1.0,,,,,,,,,,,,,,,,,,,,,,,,,,,,,,,,,,,,,,,,,,,,
319.0,-0.011764810519677758,0.08390100300312042,0.0005190611118450761,0.5047217607498169,0.0,0.049606286,0.020528102,0.99948084,0.107257314,0.068558805,-1.4741267e-06,-0.0070683956,0.0063877106,0.010637045,0.109940276,-0.073450126,-0.0073540835,0.119625,0.06352983,1.0,,,,,,,,,,,,,,,,,,,,,,,,,,,,,,,,,,,,,,,,,,,,
320.0,-0.011893363250988387,0.08380885422229767,0.0005190611118450761,0.5003820061683655,0.0,0.05005416,0.020814912,0.99948084,0.10749014,0.0688344,-1.2317039e-06,-0.0070712566,0.006536007,0.010727644,-0.0010569795,0.03558052,0.021732679,0.12,0.06372728,1.0,,,,,,,,,,,,,,,,,,,,,,,,,,,,,,,,,,,,,,,,,,,,
321.0,-0.012023476726247373,0.0837150365114212,0.0005191087839193642,0.4960355758666992,0.0,0.05050303,0.021102872,0.99948084,0.10772893,0.06911013,-1.3285946e-06,-0.0066165924,0.006225109,0.010699749,0.10991531,-0.073433615,-0.007372984,0.120375,0.06392472,1.0,,,,,,,,,,,,,,,,,,,,,,,,,,,,,,,,,,,,,,,,,,,,
322.0,-0.012152400560081836,0.08361955732107162,0.0005191207164898515,0.4916824996471405,0.0,0.050952844,0.021391902,0.99948084,0.10795516,0.069367066,-1.097575e-06,-0.006619692,0.0063734055,0.010790348,-0.0010930592,0.035577185,0.021745717,0.12075,0.06412214,1.0,,,,,,,,,,,,,,,,,,,,,,,,,,,,,,,,,,,,,,,,,,,,
323.0,-0.012282878404005807,0.0835224837064743,0.0005191207164898515,0.48732298612594604,0.0,0.051403623,0.021682002,0.9994808,0.10818736,0.06962414,-1.1907875e-06,-0.0061650276,0.0060625076,0.010762453,0.10989035,-0.073417105,-0.0073918696,0.121125,0.06431954,1.0,,,,,,,,,,,,,,,,,,,,,,,,,,,,,,,,,,,,,,,,,,,,
324.0,-0.012412163687770317,0.08342376351356506,0.0005191207164898515,0.4829569458961487,0.0,0.051855322,0.021973096,0.9994808,0.108407006,0.069862425,-7.871759e-07,-0.006168127,0.006210804,0.010853052,-0.0011291249,0.035573844,0.021758737,0.1215,0.06451694,1.0,,,,,,,,,,,,,,,,,,,,,,,,,,,,,,,,,,,,,,,,,,,,
325.0,-0.012542998674206274,0.08332355320453644,0.0005191207164898515,0.4785846173763275,0.0,0.052307956,0.022265183,0.9994808,0.108632624,0.070100866,-9.198995e-07,-0.0057137012,0.005899906,0.010824919,0.10986541,-0.0734006,-0.007410739,0.121875,0.06471431,1.0,,,,,,,,,,,,,,,,,,,,,,,,,,,,,,,,,,,,,,,,,,,,
326.0,-0.012672634096142749,0.08322174847126007,0.0005191445234231651,0.47420600056648254,0.0,0.05276148,0.022558184,0.9994808,0.10884569,0.070320524,-7.0146257e-07,-0.005717039,0.0060482025,0.010915518,-0.0011651766,0.03557049,0.021771742,0.12225,0.06491166,1.0,,,,,,,,,,,,,,,,,,,,,,,,,,,,,,,,,,,,,,,,,,,,
327.0,-0.012803818980461804,0.0831184834241867,0.0005191445234231651,0.46982112526893616,0.0,0.053215917,0.022852102,0.9994808,0.109064735,0.070540346,-7.8970396e-07,-0.0052626133,0.005737543,0.010887384,0.10984048,-0.0733841,-0.0074295932,0.122625,0.06510901,1.0,,,,,,,,,,,,,,,,,,,,,,,,,,,,,,,,,,,,,,,,,,,,
328.0,-0.012933805269973436,0.08301366865634918,0.0005191683885641396,0.4654299318790436,0.0,0.053671215,0.023146858,0.9994808,0.109271236,0.0707414,-5.921914e-07,-0.005265951,0.0058858395,0.0109779835,-0.0012012144,0.035567127,0.02178473,0.123,0.065306336,1.0,,,,,,,,,,,,,,,,,,,,,,,,,,,,,,,,,,,,,,,,,,,,
329.0,-0.013065335152900346,0.08290748298168182,0.0005191683885641396,0.4610327184200287,0.0,0.054127395,0.023442453,0.9994808,0.10948371,0.070942625,-6.7450435e-07,-0.0048117638,0.00557518,0.010949612,0.10981557,-0.0733676,-0.0074484316,0.123375,0.06550364,1.0,,,,,,,,,,,,,,,,,,,,,,,,,,,,,,,,,,,,,,,,,,,,
330.0,-0.013195660809314358,0.08279980719089508,0.0005191683885641396,0.45662936568260193,0.0,0.05458441,0.023738807,0.9994808,0.10968364,0.07112509,-4.88855e-07,-0.00481534,0.005723238,0.011040449,-0.0012372382,0.03556376,0.021797702,0.12375,0.06570093,1.0,,,,,,,,,,,,,,,,,,,,,,,,,,,,,,,,,,,,,,,,,,,,
331.0,-0.01332752808202813,0.0826907530426979,0.0005191683885641396,0.45222005248069763,0.0,0.055042285,0.024035923,0.9994808,0.10988956,0.07130774,-5.673617e-07,-0.004361391,0.0054125786,0.011011839,0.10979066,-0.07335111,-0.007467254,0.124125,0.06589821,1.0,,,,,,,,,,,,,,,,,,,,,,,,,,,,,,,,,,,,,,,,,,,,
332.0,-0.01345819025444694,0.0825803279876709,0.0005191683885641396,0.44780465960502625,0.0,0.05550096,0.024333721,0.9994808,0.11008294,0.07147163,-3.9306704e-07,-0.0043649673,0.005560875,0.011102676,-0.001273248,0.035560377,0.021810655,0.1245,0.066095464,1.0,,,,,,,,,,,,,,,,,,,,,,,,,,,,,,,,,,,,,,,,,,,,
333.0,-0.013590391122615347,0.08246855437755585,0.0005191921954974532,0.44338342547416687,0.0,0.055960473,0.024632204,0.9994808,0.1102823,0.07163572,-4.6788202e-07,-0.0039110184,0.0052502155,0.011073828,0.109765776,-0.07333462,-0.007486061,0.124875,0.06629271,1.0,,,,,,,,,,,,,,,,,,,,,,,,,,,,,,,,,,,,,,,,,,,,
334.0,-0.013721376280937014,0.08235548436641693,0.0005191921954974532,0.43895646929740906,0.0,0.05642076,0.024931291,0.9994808,0.110469125,0.07178107,-3.0490472e-07,-0.003914833,0.005398512,0.011164904,-0.001309244,0.035556987,0.021823592,0.12525,0.066489935,1.0,,,,,,,,,,,,,,,,,,,,,,,,,,,,,,,,,,,,,,,,,,,,
335.0,-0.013853908500072478,0.08224111050367355,0.0005191921954974532,0.43452340364456177,0.0,0.056881852,0.025230985,0.9994808,0.110661946,0.071926616,-3.7603175e-07,-0.003460884,0.0050878525,0.011136055,0.1097409,-0.07331814,-0.007504853,0.125625,0.066687144,1.0,,,,,,,,,,,,,,,,,,,,,,,,,,,,,,,,,,,,,,,,,,,,
336.0,-0.01398522712329168,0.08212548494338989,0.0005191921954974532,0.43008455634117126,0.0,0.057343695,0.025531208,0.9994808,0.11084223,0.07205343,-2.2436066e-07,-0.0034649372,0.005236149,0.0112268925,-0.0013452258,0.03555359,0.021836514,0.126,0.06688434,1.0,,,,,,,,,,,,,,,,,,,,,,,,,,,,,,,,,,,,,,,,,,,,
337.0,-0.014118078694142697,0.08200863748788834,0.0005191921954974532,0.4256400763988495,0.0,0.057806313,0.02583196,0.9994808,0.11102851,0.072180465,-2.9179736e-07,-0.0030112267,0.0049254894,0.011197805,0.109716035,-0.07330166,-0.007523629,0.126375,0.06708151,1.0,,,,,,,,,,,,,,,,,,,,,,,,,,,,,,,,,,,,,,,,,,,,
338.0,-0.01424971538953355,0.0818905383348465,0.0005192160606384277,0.4211898744106293,0.0,0.058269657,0.026133163,0.9994808,0.111202255,0.07228877,-1.5142275e-07,-0.0030152798,0.005073786,0.011288881,-0.0013811939,0.03555018,0.021849418,0.12675,0.06727867,1.0,,,,,,,,,,,,,,,,,,,,,,,,,,,,,,,,,,,,,,,,,,,,
339.0,-0.014382880251219924,0.08177132904529572,0.0005192160606384277,0.4167342185974121,0.0,0.058733746,0.026434818,0.9994808,0.111382,0.0723973,-2.1516657e-07,-0.0025618076,0.0047631264,0.011259794,0.10969119,-0.073285185,-0.0075423894,0.127125,0.06747581,1.0,,,,,,,,,,,,,,,,,,,,,,,,,,,,,,,,,,,,,,,,,,,,
340.0,-0.014515130777129074,0.08165092766284943,0.0005192399257794023,0.41227293014526367,0.0,0.059198536,0.026736848,0.9994808,0.11154922,0.07248711,-8.607865e-08,-0.0025658607,0.0049114227,0.01135087,-0.0014171479,0.035546765,0.021862306,0.1275,0.06767294,1.0,,,,,,,,,,,,,,,,,,,,,,,,,,,,,,,,,,,,,,,,,,,,
341.0,-0.014648917946309941,0.08152938634157181,0.0005192399257794023,0.4078059196472168,0.0,0.059664045,0.027039254,0.9994808,0.11172244,0.072577156,-1.4612695e-07,-0.002112627,0.0046010017,0.011321545,0.109666355,-0.07326871,-0.007561134,0.127875,0.06787005,1.0,,,,,,,,,,,,,,,,,,,,,,,,,,,,,,,,,,,,,,,,,,,,
342.0,-0.01478148617602556,0.08140669018030167,0.0005192399257794023,0.4033333659172058,0.0,0.060130227,0.027341954,0.9994808,0.11188314,0.072648495,-2.8316117e-08,-0.0021169186,0.0047490597,0.011412621,-0.001453088,0.035543337,0.021875177,0.12825,0.06806714,1.0,,,,,,,,,,,,,,,,,,,,,,,,,,,,,,,,,,,,,,,,,,,,
343.0,-0.01491558751712164,0.08128290623426437,0.0005192399257794023,0.39885520935058594,0.0,0.0605971,0.027644956,0.9994808,0.11204985,0.07272008,-8.466626e-08,-0.0016634464,0.0044386387,0.011383057,0.10964154,-0.073252246,-0.0075798635,0.128625,0.068264216,1.0,,,,,,,,,,,,,,,,,,,,,,,,,,,,,,,,,,,,,,,,,,,,
344.0,-0.015048472405245594,0.08115798979997635,0.0005192399257794023,0.3943714201450348,0.0,0.061064616,0.027948176,0.9994808,0.11220403,0.072772965,2.1877163e-08,-0.0016679764,0.004586935,0.011474133,-0.0014890141,0.035539903,0.02188803,0.129,0.06846127,1.0,,,,,,,,,,,,,,,,,,,,,,,,,,,,,,,,,,,,,,,,,,,,
345.0,-0.01518289368097667,0.08103200793266296,0.0005192399257794023,0.38988196849823,0.0,0.061532803,0.028251618,0.9994808,0.112364225,0.0728261,-3.0772238e-08,-0.0012147427,0.004276514,0.011444569,0.10961673,-0.07323579,-0.007598577,0.129375,0.068658315,1.0,,,,,,,,,,,,,,,,,,,,,,,,,,,,,,,,,,,,,,,,,,,,
346.0,-0.015316271503373538,0.08090487867593765,0.0005192399257794023,0.38538694381713867,0.0,0.0620016,0.028555203,0.9994808,0.1125119,0.072860554,6.4513436e-08,-0.001219511,0.004424572,0.011535883,-0.0015249263,0.035536457,0.021900868,0.12975,0.06885534,1.0,,,,,,,,,,,,,,,,,,,,,,,,,,,,,,,,,,,,,,,,,,,,
347.0,-0.01545118617947674,0.08077671378850937,0.0005192399257794023,0.3808862268924713,0.0,0.06247104,0.028858934,0.9994808,0.11266559,0.07289527,1.5567364e-08,-0.0011160374,0.0041143894,0.011506081,0.025696548,-0.074187174,-0.007246042,0.130125,0.06905234,1.0,,,,,,,,,,,,,,,,,,,,,,,,,,,,,,,,,,,,,,,,,,,,
348.0,-0.015584890788676966,0.08064739406108856,0.0005192399257794023,0.37637969851493835,0.0,0.06294107,0.02916279,0.9994808,0.11280661,0.0729256,8.615655e-08,-0.0014703274,0.0042624474,0.0115971565,-0.08543645,0.034576952,0.022246292,0.1305,0.06924933,1.0,,,,,,,,,,,,,,,,,,,,,,,,,,,,,,,,,,,,,,,,,,,,
349.0,-0.015720128636459597,0.08051702380180359,0.0005192399257794023,0.3718675971031189,0.0,0.063411705,0.029466834,0.9994808,0.11295347,0.07297048,2.5487951e-08,-0.0013668537,0.003952265,0.011567593,0.025711317,-0.07418619,-0.007226754,0.130875,0.0694463,1.0,,,,,,,,,,,,,,,,,,,,,,,,,,,,,,,,,,,,,,,,,,,,
350.0,-0.015854155420084955,0.08038556575775146,0.0005192637327127159,0.3673497438430786,0.0,0.06388291,0.029771047,0.9994808,0.11308766,0.07301096,9.7836526e-08,-0.0017211437,0.0041003227,0.0116586685,-0.08543335,0.03457832,0.022220172,0.13125,0.06964325,1.0,,,,,,,,,,,,,,,,,,,,,,,,,,,,,,,,,,,,,,,,,,,,
351.0,-0.01598971862813887,0.08025304973125458,0.0005192875978536904,0.36282622814178467,0.0,0.06435469,0.030075489,0.9994808,0.1132277,0.073066,3.410246e-08,-0.0016174316,0.0037899017,0.011629105,0.025726076,-0.0741852,-0.0072074663,0.131625,0.06984019,1.0,,,,,,,,,,,,,,,,,,,,,,,,,,,,,,,,,,,,,,,,,,,,
352.0,-0.01612406672836487,0.08011943101882935,0.0005192875978536904,0.35829707980155945,0.0,0.064827,0.030380141,0.9994808,0.11335507,0.07311664,1.06178675e-07,-0.0019717216,0.003938198,0.0117201805,-0.08543024,0.03457968,0.022194058,0.132,0.07003711,1.0,,,,,,,,,,,,,,,,,,,,,,,,,,,,,,,,,,,,,,,,,,,,
353.0,-0.01625994964791253,0.07998472452163696,0.0005192875978536904,0.35376232862472534,0.0,0.06529987,0.030685065,0.9994808,0.113488294,0.07318182,3.9857795e-08,-0.0018680096,0.0036280155,0.011690617,0.025740825,-0.07418421,-0.00718818,0.132375,0.070234016,1.0,,,,,,,,,,,,,,,,,,,,,,,,,,,,,,,,,,,,,,,,,,,,
354.0,-0.016394623803145988,0.07984898239374161,0.0005192875978536904,0.34922176599502563,0.0,0.06577324,0.030990243,0.9994808,0.113608845,0.073242605,1.1155012e-07,-0.0022222996,0.0037760735,0.0117816925,-0.08542714,0.03458104,0.022167949,0.13275,0.0704309,1.0,,,,,,,,,,,,,,,,,,,,,,,,,,,,,,,,,,,,,,,,,,,,
355.0,-0.01653083829645966,0.0797121524810791,0.0005192875978536904,0.3446754217147827,0.0,0.066247135,0.031295735,0.9994808,0.11373524,0.07331794,4.2670237e-08,-0.0021185875,0.003465891,0.011752129,0.025755566,-0.07418321,-0.007168894,0.133125,0.070627764,1.0,,,,,,,,,,,,,,,,,,,,,,,,,,,,,,,,,,,,,,,,,,,,
356.0,-0.016665837945830576,0.07957426458597183,0.0005192875978536904,0.3401234447956085,0.0,0.06672151,0.031601522,0.9994808,0.113848984,0.07338885,1.13973e-07,-0.0024728775,0.0036141872,0.0118432045,-0.085424036,0.034582388,0.022141848,0.1335,0.07082461,1.0,,,,,,,,,,,,,,,,,,,,,,,,,,,,,,,,,,,,,,,,,,,,
357.0,-0.016802379397086592,0.0794353112578392,0.0005192875978536904,0.3355656862258911,0.0,0.06719638,0.031907663,0.9994808,0.11396857,0.07347431,4.2537046e-08,-0.0023691654,0.0033037663,0.011813879,0.025770295,-0.0741822,-0.007149609,0.133875,0.071021445,1.0,,,,,,,,,,,,,,,,,,,,,,,,,,,,,,,,,,,,,,,,,,,,
358.0,-0.01693770592586598,0.07929529994726181,0.0005192875978536904,0.33100229501724243,0.0,0.067671694,0.032214146,0.9994808,0.1140755,0.07355536,1.13450426e-07,-0.002723217,0.0034520626,0.0119047165,-0.08542093,0.034583736,0.022115752,0.13425,0.07121826,1.0,,,,,,,,,,,,,,,,,,,,,,,,,,,,,,,,,,,,,,,,,,,,
359.0,-0.017074572848533538,0.07915423810482025,0.0005192875978536904,0.3264331817626953,0.0,0.06814747,0.032521024,0.9994808,0.114188276,0.07365094,3.945996e-08,-0.002619505,0.0031416416,0.011875391,0.025785016,-0.074181184,-0.007130325,0.134625,0.07141505,1.0,,,,,,,,,,,,,,,,,,,,,,,,,,,,,,,,,,,,,,,,,,,,
360.0,-0.017210509833001927,0.07901211082935333,0.000519311404787004,0.32185834646224976,0.0,0.06862368,0.032828283,0.9994808,0.11428839,0.07374211,1.09984434e-07,-0.002973795,0.0032901764,0.0119662285,-0.08541782,0.034585077,0.022089662,0.135,0.07161183,1.0,,,,,,,,,,,,,,,,,,,,,,,,,,,,,,,,,,,,,,,,,,,,
361.0,-0.017347309719088027,0.07886894047260284,0.000519311404787004,0.31727781891822815,0.0,0.06910032,0.03313598,0.9994808,0.11439436,0.0738478,3.344097e-08,-0.0028698444,0.0029797554,0.011936903,0.025799727,-0.07418017,-0.0071110413,0.135375,0.07180859,1.0,,,,,,,,,,,,,,,,,,,,,,,,,,,,,,,,,,,,,,,,,,,,
362.0,-0.017483809187883528,0.07872471958398819,0.000519311404787004,0.31269174814224243,0.0,0.06957735,0.033444103,0.9994808,0.11448767,0.073949076,1.0357702e-07,-0.0032241344,0.0031280518,0.0120277405,-0.085414715,0.03458641,0.02206358,0.13575,0.07200533,1.0,,,,,,,,,,,,,,,,,,,,,,,,,,,,,,,,,,,,,,,,,,,,
363.0,-0.01762092672522713,0.07857944071292877,0.000519311404787004,0.3081001341342926,0.0,0.0700548,0.033752706,0.9994808,0.11458684,0.07406489,2.4482054e-08,-0.003120184,0.0028176308,0.011998653,0.025814427,-0.07417914,-0.007091759,0.136125,0.07220206,1.0,,,,,,,,,,,,,,,,,,,,,,,,,,,,,,,,,,,,,,,,,,,,
364.0,-0.017757742264713945,0.0784330666065216,0.000519311404787004,0.30350300669670105,0.0,0.070532605,0.034061775,0.9994808,0.11467335,0.07417627,9.423019e-08,-0.0034742355,0.0029661655,0.012089491,-0.08541161,0.034587745,0.022037502,0.1365,0.07239876,1.0,,,,,,,,,,,,,,,,,,,,,,,,,,,,,,,,,,,,,,,,,,,,
365.0,-0.017895155895893005,0.07828570902347565,0.000519311404787004,0.2989004850387573,0.0,0.07101079,0.03437137,0.9994808,0.1147657,0.074302174,1.2585207e-08,-0.0033705235,0.0026557446,0.012060165,0.02582912,-0.074178115,-0.007072477,0.136875,0.07259545,1.0,,,,,,,,,,,,,,,,,,,,,,,,,,,,,,,,,,,,,,,,,,,,
366.0,-0.01803225974785128,0.07813728600740433,0.0005193352699279785,0.29429271817207336,0.0,0.07148932,0.034681465,0.9994808,0.11484541,0.07442364,8.194591e-08,-0.0036928654,0.0028042793,0.012151003,-0.07778092,0.034681063,0.021991175,0.13725,0.07279212,1.0,,,,,,,,,,,,,,,,,,,,,,,,,,,,,,,,,,,,,,,,,,,,
367.0,-0.01816997573169874,0.07798782736063004,0.0005193352699279785,0.2896795868873596,0.0,0.0719682,0.034992125,0.9994808,0.114930995,0.07455834,2.5707942e-09,-0.0035572052,0.0024938583,0.012121916,0.033469506,-0.07408352,-0.0070769205,0.137625,0.07298877,1.0,,,,,,,,,,,,,,,,,,,,,,,,,,,,,,,,,,,,,,,,,,,,
368.0,-0.018307379868442424,0.07783730328083038,0.0005193352699279785,0.2850612699985504,0.0,0.072447374,0.03530332,0.9994808,0.115003936,0.0746873,7.491861e-08,-0.0038793087,0.002642393,0.012212515,-0.07778137,0.034681935,0.021968652,0.138,0.0731854,1.0,,,,,,,,,,,,,,,,,,,,,,,,,,,,,,,,,,,,,,,,,,,,
369.0,-0.018445387185848178,0.07768575847148895,0.0005193352699279785,0.2804379165172577,0.0,0.07292689,0.035615113,0.9994808,0.11508275,0.07482949,-6.63543e-09,-0.0037436485,0.0023319721,0.012183428,0.033480573,-0.07408111,-0.007061097,0.138375,0.07338202,1.0,,,,,,,,,,,,,,,,,,,,,,,,,,,,,,,,,,,,,,,,,,,,
370.0,-0.018582975233821165,0.07753314077854156,0.0005193352699279785,0.27580952644348145,0.0,0.073406674,0.03592747,0.9994808,0.115148924,0.07496593,6.520912e-08,-0.0040659904,0.002480507,0.012274027,-0.077781826,0.034682803,0.021946134,0.13875,0.07357861,1.0,,,,,,,,,,,,,,,,,,,,,,,,,,,,,,,,,,,,,,,,,,,,
371.0,-0.018721161082018628,0.077379509806633,0.000519359135068953,0.27117618918418884,0.0,0.07388677,0.03624045,0.9994808,0.11522098,0.0751156,-1.7703602e-08,-0.0039303303,0.002170086,0.012245178,0.03349163,-0.07407869,-0.0070452727,0.139125,0.073775195,1.0,,,,,,,,,,,,,,,,,,,,,,,,,,,,,,,,,,,,,,,,,,,,
372.0,-0.018859021332441266,0.07722483575344086,0.000519359135068953,0.2665381133556366,0.0,0.0743671,0.03655403,0.9994808,0.115280405,0.07525952,5.344564e-08,-0.004249096,0.0023186207,0.012335777,-0.07693565,0.03469403,0.021921784,0.1395,0.07397175,1.0,,,,,,,,,,,,,,,,,,,,,,,,,,,,,,,,,,,,,,,,,,,,
373.0,-0.01899728188563013,0.07706917822360992,0.000519359135068953,0.26189538836479187,0.0,0.074847706,0.036868267,0.9994808,0.1153457,0.07541651,-3.0166955e-08,-0.004109621,0.0020081997,0.01230669,0.0343491,-0.07406572,-0.0070316717,0.139875,0.074168295,1.0,,,,,,,,,,,,,,,,,,,,,,,,,,,,,,,,,,,,,,,,,,,,
374.0,-0.0191352121245609,0.07691247016191483,0.000519359135068953,0.25724807381629944,0.0,0.07532853,0.037183132,0.9994808,0.11539837,0.07556762,4.070595e-08,-0.0040462017,0.0021567345,0.012397289,0.014777799,0.035823602,0.021715475,0.14025,0.07436481,1.0,,,,,,,,,,,,,,,,,,,,,,,,,,,,,,,,,,,,,,,,,,,,
375.0,-0.01927372488953752,0.07675476372241974,0.000519359135068953,0.252596378326416,0.0,0.075809605,0.037498616,0.9994808,0.11545711,0.075716175,2.1996096e-08,-0.0035247803,0.0018463135,0.012368202,0.12605308,-0.07291595,-0.007242302,0.140625,0.07456132,1.0,,,,,,,,,,,,,,,,,,,,,,,,,,,,,,,,,,,,,,,,,,,,
376.0,-0.01941189691806949,0.07659609615802765,0.000519359135068953,0.24794046580791473,0.0,0.07629087,0.037814632,0.9994808,0.115503415,0.07584323,1.324573e-07,-0.0034615993,0.0019948483,0.012458801,0.01473413,0.035819165,0.021735791,0.141,0.07475781,1.0,,,,,,,,,,,,,,,,,,,,,,,,,,,,,,,,,,,,,,,,,,,,
377.0,-0.019550641867969717,0.07643641531467438,0.000519359135068953,0.24328047037124634,0.0,0.07677235,0.038131163,0.9994808,0.1155558,0.075967744,1.0389542e-07,-0.0029404163,0.0016846657,0.012429476,0.12602046,-0.072896674,-0.0072685694,0.141375,0.07495427,1.0,,,,,,,,,,,,,,,,,,,,,,,,,,,,,,,,,,,,,,,,,,,,
378.0,-0.019689035960213916,0.07627580314874649,0.000519359135068953,0.23861660063266754,0.0,0.077254,0.038448125,0.9994808,0.11559576,0.07607076,2.0213439e-07,-0.0028772354,0.001832962,0.012520313,0.014690478,0.03581471,0.021756086,0.14175,0.07515072,1.0,,,,,,,,,,,,,,,,,,,,,,,,,,,,,,,,,,,,,,,,,,,,
379.0,-0.019827993952538873,0.07611425220966339,0.000519359135068953,0.2339489907026291,0.0,0.07773584,0.038765505,0.9994808,0.11564179,0.07617126,1.7589396e-07,-0.0023560524,0.0015227795,0.012490749,0.12598786,-0.0728774,-0.0072948155,0.142125,0.07534715,1.0,,,,,,,,,,,,,,,,,,,,,,,,,,,,,,,,,,,,,,,,,,,,
380.0,-0.019966584523192162,0.07595174014568329,0.000519359135068953,0.22927801311016083,0.0,0.07821782,0.039083213,0.9994808,0.1156754,0.07625027,2.5906783e-07,-0.0022933483,0.0016713142,0.012581587,0.014646843,0.03581024,0.02177636,0.1425,0.07554356,1.0,,,,,,,,,,,,,,,,,,,,,,,,,,,,,,,,,,,,,,,,,,,,
381.0,-0.020105726102006886,0.07578830420970917,0.000519359135068953,0.22460371255874634,0.0,0.07869997,0.039401244,0.9994808,0.115715094,0.07632677,2.3582517e-07,-0.0017724037,0.0013611317,0.012552023,0.12595527,-0.072858125,-0.0073210397,0.142875,0.07573995,1.0,,,,,,,,,,,,,,,,,,,,,,,,,,,,,,,,,,,,,,,,,,,,
382.0,-0.020244488323556836,0.07562397420406342,0.000519359135068953,0.21992649137973785,0.0,0.07918223,0.0397195,0.9994808,0.11574236,0.0763818,3.0379056e-07,-0.0017094612,0.0015096664,0.01264286,0.0146032255,0.035805754,0.02179661,0.14325,0.075936325,1.0,,,,,,,,,,,,,,,,,,,,,,,,,,,,,,,,,,,,,,,,,,,,
383.0,-0.020383779948542635,0.07545872777700424,0.000519359135068953,0.21524664759635925,0.0,0.079664625,0.040037975,0.9994808,0.11577573,0.07643434,2.8358807e-07,-0.001188755,0.0011994839,0.01261282,0.12592271,-0.07283886,-0.007347243,0.143625,0.07613268,1.0,,,,,,,,,,,,,,,,,,,,,,,,,,,,,,,,,,,,,,,,,,,,
384.0,-0.020522817905209014,0.07529262453317642,0.0005193829420022666,0.21056441962718964,0.0,0.08014711,0.040356584,0.9994808,0.11579667,0.076465406,3.3635033e-07,-0.0011262894,0.0013477802,0.012703896,0.014559624,0.035801254,0.021816839,0.144,0.07632901,1.0,,,,,,,,,,,,,,,,,,,,,,,,,,,,,,,,,,,,,,,,,,,,
385.0,-0.02066236636084459,0.07512561976909637,0.0005193829420022666,0.20588019490242004,0.0,0.080629714,0.04067531,0.9994808,0.1158237,0.076494,3.1919552e-07,-0.0008890629,0.0010378361,0.012673855,0.05784565,-0.07368406,-0.007281703,0.144375,0.07652532,1.0,,,,,,,,,,,,,,,,,,,,,,,,,,,,,,,,,,,,,,,,,,,,
386.0,-0.020801496733623255,0.07495775073766708,0.0005193829420022666,0.20119434595108032,0.0,0.08111237,0.04099411,0.9994808,0.11583818,0.076512724,3.4810685e-07,-0.0011103153,0.0011861324,0.012764931,-0.05351177,0.03494174,0.021897474,0.14475,0.07672162,1.0,,,,,,,,,,,,,,,,,,,,,,,,,,,,,,,,,,,,,,,,,,,,
387.0,-0.02094111236903418,0.07478903234004974,0.0005193829420022666,0.19650736451148987,0.0,0.081595115,0.04131303,0.9994808,0.1158586,0.07654057,3.2553808e-07,-0.00087308884,0.0008761883,0.012734652,0.057845227,-0.073677264,-0.0072768964,0.145125,0.0769179,1.0,,,,,,,,,,,,,,,,,,,,,,,,,,,,,,,,,,,,,,,,,,,,
388.0,-0.02108028230724349,0.07461944967508316,0.0005193829420022666,0.19181965291500092,0.0,0.08207789,0.041632023,0.9994808,0.11586647,0.07655855,3.5351582e-07,-0.0010943413,0.001024723,0.012825727,-0.05352351,0.034941226,0.021886267,0.1455,0.07711416,1.0,,,,,,,,,,,,,,,,,,,,,,,,,,,,,,,,,,,,,,,,,,,,
389.0,-0.021219910606855824,0.07444900274276733,0.0005193829420022666,0.18713170289993286,0.0,0.082560726,0.04195113,0.9994808,0.11588028,0.07658565,3.3228895e-07,-0.0008571148,0.0007145405,0.012795687,0.057844806,-0.07367047,-0.0072720875,0.145875,0.0773104,1.0,,,,,,,,,,,,,,,,,,,,,,,,,,,,,,,,,,,,,,,,,,,,
390.0,-0.021359061042889975,0.07427771389484406,0.0005193829420022666,0.18244412541389465,0.0,0.08304357,0.04227031,0.9994808,0.11588155,0.07660288,3.577478e-07,-0.0010783672,0.00086307526,0.012886524,-0.05353525,0.034940716,0.021875057,0.14625,0.07750662,1.0,,,,,,,,,,,,,,,,,,,,,,,,,,,,,,,,,,,,,,,,,,,,
391.0,-0.02149863401872208,0.0741056278347969,0.0005193829420022666,0.17775748670101166,0.0,0.08352643,0.042589597,0.9994808,0.11588875,0.07662924,3.3823463e-07,-0.00084137917,0.0005531311,0.012856483,0.05784438,-0.07366368,-0.007267276,0.146625,0.07770281,1.0,,,,,,,,,,,,,,,,,,,,,,,,,,,,,,,,,,,,,,,,,,,,
392.0,-0.02163768336176572,0.0739326924085617,0.0005193829420022666,0.1730727255344391,0.0,0.08400928,0.042908955,0.9994808,0.11588342,0.07664573,3.610885e-07,-0.0010626316,0.00070142746,0.012947559,-0.053546984,0.0349402,0.021863846,0.147,0.077898994,1.0,,,,,,,,,,,,,,,,,,,,,,,,,,,,,,,,,,,,,,,,,,,,
393.0,-0.021777113160519775,0.07375896722078323,0.0005193829420022666,0.16839033365249634,0.0,0.08449213,0.043228418,0.9994808,0.11588403,0.07667135,3.433087e-07,-0.0008254051,0.0003914833,0.01291728,0.057843957,-0.073656894,-0.0072624614,0.147375,0.07809515,1.0,,,,,,,,,,,,,,,,,,,,,,,,,,,,,,,,,,,,,,,,,,,,
394.0,-0.02191597455741071,0.07358439266681671,0.0005193829420022666,0.1637113094329834,0.0,0.08497493,0.043547947,0.9994808,0.11587209,0.0766871,3.6355405e-07,-0.0010466576,0.0005400181,0.013008356,-0.05355871,0.034939688,0.021852633,0.14775,0.0782913,1.0,,,,,,,,,,,,,,,,,,,,,,,,,,,,,,,,,,,,,,,,,,,,
395.0,-0.022055156537786388,0.0734090656042099,0.0005193829420022666,0.15903663635253906,0.0,0.08545771,0.04386758,0.9994808,0.11586611,0.076711975,3.4750798e-07,-0.0008096695,0.00023007393,0.012978077,0.057843532,-0.073650114,-0.007257644,0.148125,0.07848742,1.0,,,,,,,,,,,,,,,,,,,,,,,,,,,,,,,,,,,,,,,,,,,,
396.0,-0.02219370770081596,0.07323291152715683,0.0005193829420022666,0.15436743199825287,0.0,0.085940406,0.044187278,0.9994808,0.11584759,0.07672699,3.6514587e-07,-0.0010311604,0.00037837029,0.013069153,-0.05357043,0.034939174,0.021841418,0.1485,0.07868352,1.0,,,,,,,,,,,,,,,,,,,,,,,,,,,,,,,,,,,,,,,,,,,,
397.0,-0.02233251184832848,0.07305596768856049,0.0005193829420022666,0.14970482885837555,0.0,0.086423054,0.044507075,0.9994808,0.11583502,0.07675113,3.5083278e-07,-0.0007941723,6.842613e-05,0.013038874,0.057843108,-0.07364334,-0.007252824,0.148875,0.0788796,1.0,,,,,,,,,,,,,,,,,,,,,,,,,,,,,,,,,,,,,,,,,,,,
398.0,-0.022470695457041532,0.07287830859422684,0.0005193710094317794,0.14505043625831604,0.0,0.08690559,0.04482693,0.9994808,0.11580991,0.0767654,3.6586448e-07,-0.0010154247,0.0002169609,0.01312995,-0.053582147,0.034938663,0.021830201,0.14925,0.079075664,1.0,,,,,,,,,,,,,,,,,,,,,,,,,,,,,,,,,,,,,,,,,,,,
399.0,-0.02260885922539892,0.07269983738660812,0.0005193710094317794,0.1404055505990982,0.0,0.08738805,0.045146883,0.99948084,0.11579075,0.076788805,3.532836e-07,-0.00077843666,-9.2983246e-05,0.01309967,0.057842683,-0.07363657,-0.007248001,0.149625,0.07927171,1.0,,,,,,,,,,,,,,,,,,,,,,,,,,,,,,,,,,,,,,,,,,,,
400.0,-0.022746557291082766,0.07252061367034912,0.0005193710094317794,0.1357721984386444,0.0,0.08787038,0.045466892,0.99948084,0.11575906,0.07680235,1.8174552e-07,-0.0009999275,5.555153e-05,0.013190508,-0.053593855,0.03493815,0.021818982,0.15,0.07946773,1.0,,,,,,,,,,,,,,,,,,,,,,,,,,,,,,,,,,,,,,,,,,,,
401.0,-0.02288389523681394,0.07234062999486923,0.0005193710094317794,0.1311524510383606,0.0,0.088352606,0.045786995,0.99948084,0.11573332,0.07682502,2.1409191e-07,-0.00076293945,-0.00025439262,0.013160467,0.057842255,-0.0736298,-0.007243176,0.150375,0.07966374,1.0,,,,,,,,,,,,,,,,,,,,,,,,,,,,,,,,,,,,,,,,,,,,
402.0,-0.023020751738341234,0.07215990126132965,0.0005193710094317794,0.12654848396778107,0.0,0.08883467,0.046107154,0.99948084,0.11569505,0.07683784,2.1377254e-07,-0.0009841919,-0.00010585785,0.013251305,-0.053605556,0.034937635,0.021807762,0.15075,0.07985972,1.0,,,,,,,,,,,,,,,,,,,,,,,,,,,,,,,,,,,,,,,,,,,,
403.0,-0.02315702202643079,0.07197844982147217,0.0005193710094317794,0.12196313589811325,0.0,0.0893166,0.046427403,0.99948084,0.11566274,0.07685978,2.0703523e-07,-0.00074744225,-0.000415802,0.0132210255,0.05784183,-0.07362304,-0.0072383475,0.151125,0.080055684,1.0,,,,,,,,,,,,,,,,,,,,,,,,,,,,,,,,,,,,,,,,,,,,
404.0,-0.02329263223409544,0.07179628312587738,0.0005193710094317794,0.11739950627088547,0.0,0.08979834,0.046747703,0.99948084,0.11561789,0.076871864,2.1369698e-07,-0.0009686947,-0.00026726723,0.013311863,-0.053617254,0.03493712,0.021796541,0.1515,0.08025163,1.0,,,,,,,,,,,,,,,,,,,,,,,,,,,,,,,,,,,,,,,,,,,,
405.0,-0.02342747721046149,0.0716133713722229,0.0005193948745727539,0.11286114156246185,0.0,0.09027992,0.04706809,0.99948084,0.11557901,0.07689308,2.0643927e-07,-0.00073194504,-0.0005772114,0.013281822,0.0578414,-0.07361627,-0.0072335163,0.151875,0.08044755,1.0,,,,,,,,,,,,,,,,,,,,,,,,,,,,,,,,,,,,,,,,,,,,
406.0,-0.02356142855753283,0.0714297741651535,0.0005193948745727539,0.10835228115320206,0.0,0.09076128,0.047388528,0.99948084,0.11552759,0.07690443,2.1102841e-07,-0.0009534359,-0.0004286766,0.01337266,-0.053628948,0.034936603,0.021785317,0.15225,0.08064345,1.0,,,,,,,,,,,,,,,,,,,,,,,,,,,,,,,,,,,,,,,,,,,,
407.0,-0.02369434140165077,0.07124544680118561,0.0005193948745727539,0.10387776792049408,0.0,0.09124246,0.047709048,0.99948084,0.115482144,0.07692492,2.0537564e-07,-0.00071644783,-0.00073862076,0.0133423805,0.057840973,-0.07360952,-0.0072286827,0.152625,0.080839336,1.0,,,,,,,,,,,,,,,,,,,,,,,,,,,,,,,,,,,,,,,,,,,,
408.0,-0.10379603398556711,0.07126187533140182,0.0006910443189553916,0.10057155042886734,1.0,0.09172339,0.048029613,0.99948084,0.11542417,0.07693555,2.0739422e-07,-0.0009379387,-0.000590086,0.013433218,-0.05364063,0.03493609,0.02177409,0.153,0.0810352,1.0,,,,,,,,,,,,,,,,,,,,,,,,,,,,,,,,,,,,,,,,,,,,
