step,reward,mean_form_error_m,mean_z_error_m,min_dyn_distance_m,collision_flag,x_m,y_m,z_m,vx_mps,vy_mps,vz_mps,roll_rad,pitch_rad,yaw_rad,wx_rps,wy_rps,wz_rps,x_des_m,y_des_m,z_des_m,ic_pos_jitter_d0_x_m,ic_pos_jitter_d0_y_m,ic_pos_jitter_d0_z_m,ic_yaw_jitter_d0_rad,ic_vel_jitter_d0_x_mps,ic_vel_jitter_d0_y_mps,ic_vel_jitter_d0_z_mps,ic_pos_jitter_d1_x_m,ic_pos_jitter_d1_y_m,ic_pos_jitter_d1_z_m,ic_yaw_jitter_d1_rad,ic_vel_jitter_d1_x_mps,ic_vel_jitter_d1_y_mps,ic_vel_jitter_d1_z_mps,ic_pos_jitter_d2_x_m,ic_pos_jitter_d2_y_m,ic_pos_jitter_d2_z_m,ic_yaw_jitter_d2_rad,ic_vel_jitter_d2_x_mps,ic_vel_jitter_d2_y_mps,ic_vel_jitter_d2_z_mps,ic_pos_jitter_d3_x_m,ic_pos_jitter_d3_y_m,ic_pos_jitter_d3_z_m,ic_yaw_jitter_d3_rad,ic_vel_jitter_d3_x_mps,ic_vel_jitter_d3_y_mps,ic_vel_jitter_d3_z_mps,ic_pos_jitter_d4_x_m,ic_pos_jitter_d4_y_m,ic_pos_jitter_d4_z_m,ic_yaw_jitter_d4_rad,ic_vel_jitter_d4_x_mps,ic_vel_jitter_d4_y_mps,ic_vel_jitter_d4_z_mps,ic_obstacle_jitter_x_m,ic_obstacle_jitter_y_m,ic_obstacle_jitter_z_m,ic_dynamic_jitter_x_m,ic_dynamic_jitter_y_m,ic_dynamic_jitter_z_m,episode,max_steps,timestamp_unix
,,,,,,,,,,,,,,,,,,,,,-0.120186727929745,-0.2523898627553169,0.20595609334669346,-0.13335815463115558,0.12432012684437793,0.17407544384150692,0.15237372144596795,-0.08355577504766626,0.13364969010277872,-0.18407023821911728,-0.3499878198149995,0.09390903786392191,-0.012723103006824804,-0.07356108105719592,-0.289585610720507,0.15174083653134907,0.24675270768321161,-0.21663081002801993,-0.1817306256512081,0.0008631859586125112,0.08145668126900063,-0.01927820521957735,-0.23063996968798847,-0.09537714657771909,0.25317705544937397,0.02089926207385545,-0.05023614095603621,-0.13000918699290426,0.2863976446866963,-0.2293300005267036,-0.14472602672185927,0.15713584217263643,-0.15060501860358935,-0.06288845055632725,-0.13743378641334714,0.29142903876557247,-0.05624563153944351,-0.2607872325836109,0.3389280676322054,-0.14041058967005632,0.22001123553209168,88.0,1000.0,1764625085.2696204
0.0,-0.0021234721401498465,0.0006484959158115089,0.0004898309707641602,1.5573045015335083,0.0,0.0,0.0,0.99951065,0.0,0.0,-0.00010912084,0.0,0.0,0.0,0.0,0.0,0.0,0.0,0.0,1.0,,,,,,,,,,,,,,,,,,,,,,,,,,,,,,,,,,,,,,,,,,,,
1.0,-0.002125728667994531,0.0009812484495341778,0.0004902482032775879,1.557273030281067,0.0,0.0,0.0,0.99951017,0.0,0.0,-0.000108112916,0.0,0.0,0.0,0.0,0.0,0.0,0.000375,0.0002,1.0,,,,,,,,,,,,,,,,,,,,,,,,,,,,,,,,,,,,,,,,,,,,
2.0,-0.0021269168320247455,0.0013661193661391735,0.000490725040435791,1.5572254657745361,0.0,0.0,0.0,0.99950975,0.0,0.0,-0.00010687783,-0.00012803078,0.00023984909,0.0,-0.030714178,0.057589088,0.0,0.00075,0.00039999993,1.0,,,,,,,,,,,,,,,,,,,,,,,,,,,,,,,,,,,,,,,,,,,,
3.0,-0.0021288213900657643,0.0017694651614874601,0.0004911422729492188,1.5571622848510742,0.0,4.086823e-08,2.1796389e-08,0.9995093,9.808376e-06,5.2311334e-06,-0.000105881554,0.00020241737,2.1457672e-05,0.0,0.07927969,-0.052410748,-1.2316217e-05,0.001125,0.0005999998,1.0,,,,,,,,,,,,,,,,,,,,,,,,,,,,,,,,,,,,,,,,,,,,
4.0,-0.00213076107477732,0.0021809579338878393,0.0004915595054626465,1.557083249092102,0.0,8.540279e-08,9.123401e-09,0.99950886,1.06882935e-05,-3.041517e-06,-0.00010464307,7.43866e-05,0.00026154518,1.1920929e-06,-0.03072544,0.05758821,0.00028527447,0.0015,0.00079999946,1.0,,,,,,,,,,,,,,,,,,,,,,,,,,,,,,,,,,,,,,,,,,,,
5.0,-0.0021327214118741725,0.002596853766590357,0.0004920363426208496,1.55698823928833,0.0,1.7447053e-07,-1.6207169e-08,0.99950844,2.1376256e-05,-6.0793363e-06,-0.00010364675,0.00040459633,4.3153763e-05,-2.4080276e-05,0.07926684,-0.05241106,-0.0060845534,0.001875,0.000999999,1.0,,,,,,,,,,,,,,,,,,,,,,,,,,,,,,,,,,,,,,,,,,,,
6.0,-0.002134694197677072,0.0030152287799865007,0.0004924535751342773,1.556877851486206,0.0,2.708675e-07,-1.10445335e-07,0.99950796,2.3135273e-05,-2.261716e-05,-0.00010259478,0.00027656555,0.00028300285,7.224083e-05,-0.030735558,0.05757703,0.023127267,0.00225,0.0011999982,1.0,,,,,,,,,,,,,,,,,,,,,,,,,,,,,,,,,,,,,,,,,,,,
7.0,-0.0021366770733887283,0.003435258287936449,0.0004928708076477051,1.5567516088485718,0.0,4.1545772e-07,-2.5176266e-07,0.99950755,3.470165e-05,-3.391616e-05,-0.00010136986,0.0006067753,6.4611435e-05,4.673004e-05,0.07925311,-0.052409466,-0.0061006187,0.002625,0.0013999972,1.0,,,,,,,,,,,,,,,,,,,,,,,,,,,,,,,,,,,,,,,,,,,,
8.0,-0.0021386670453304763,0.0038563800044357777,0.0004932880401611328,1.5566093921661377,0.0,5.710364e-07,-4.9639203e-07,0.9995071,3.7338894e-05,-5.871104e-05,-0.00010037409,0.0004787445,0.00030446053,0.00014328957,-0.030756464,0.057564907,0.023135802,0.003,0.0015999958,1.0,,,,,,,,,,,,,,,,,,,,,,,,,,,,,,,,,,,,,,,,,,,,
9.0,-0.0021406631508807555,0.0042782993987202644,0.0004936456680297852,1.5564517974853516,0.0,7.7846147e-07,-8.2248255e-07,0.9995067,4.9782004e-05,-7.826172e-05,-9.9319084e-05,0.0008087158,8.606911e-05,0.00011777878,0.079239376,-0.052407872,-0.006116672,0.003375,0.0017999939,1.0,,,,,,,,,,,,,,,,,,,,,,,,,,,,,,,,,,,,,,,,,,,,
10.0,-0.002142665154851966,0.004700790159404278,0.0004940629005432129,1.5562787055969238,0.0,1.0005277e-06,-1.2862505e-06,0.99950635,5.3295906e-05,-0.00011130432,-9.8285964e-05,0.00068068504,0.0003259182,0.00021409988,-0.030777361,0.05755279,0.023144327,0.00375,0.0019999917,1.0,,,,,,,,,,,,,,,,,,,,,,,,,,,,,,,,,,,,,,,,,,,,
11.0,-0.0021446723846223906,0.005123751703649759,0.0004944801330566406,1.5560895204544067,0.0,1.2780868e-06,-1.8658222e-06,0.99950594,6.661416e-05,-0.0001390972,-9.7422846e-05,0.0010106564,0.00010752678,0.0001885891,0.07922566,-0.052406278,-0.006132712,0.004125,0.0021999888,1.0,,,,,,,,,,,,,,,,,,,,,,,,,,,,,,,,,,,,,,,,,,,,
12.0,-0.0021466833589329336,0.0055470713414251804,0.0004948973655700684,1.5558850765228271,0.0,1.5739332e-06,-2.6173977e-06,0.9995055,7.1003145e-05,-0.00018037813,-9.63472e-05,0.00088238716,0.00034737587,0.00028514862,-0.030798247,0.057540674,0.02315284,0.0045,0.0023999857,1.0,,,,,,,,,,,,,,,,,,,,,,,,,,,,,,,,,,,,,,,,,,,,
13.0,-0.0021486993654278213,0.005970701575279236,0.0004952549934387207,1.5556647777557373,0.0,1.9289128e-06,-3.5190815e-06,0.9995051,8.519509e-05,-0.00021640408,-9.530925e-05,0.0012123585,0.00012874603,0.00025963783,0.07921194,-0.052404687,-0.0061487397,0.004875,0.0025999816,1.0,,,,,,,,,,,,,,,,,,,,,,,,,,,,,,,,,,,,,,,,,,,,
14.0,-0.0021507188975661853,0.006394592113792896,0.0004956722259521484,1.5554289817810059,0.0,2.3058194e-06,-4.627056e-06,0.99950475,9.0457586e-05,-0.00026591387,-9.427718e-05,0.0010840893,0.00036859512,0.00035619736,-0.030819124,0.05752856,0.023161342,0.00525,0.002799977,1.0,,,,,,,,,,,,,,,,,,,,,,,,,,,,,,,,,,,,,,,,,,,,
15.0,-0.0021527429695204782,0.006818724330514669,0.0004960298538208008,1.5551776885986328,0.0,2.7454923e-06,-5.9194026e-06,0.9995043,0.000105521525,-0.0003101632,-9.3412105e-05,0.0014138222,0.0001502037,0.00033044815,0.079198234,-0.052403096,-0.0061647547,0.005625,0.0029999719,1.0,,,,,,,,,,,,,,,,,,,,,,,,,,,,,,,,,,,,,,,,,,,,
16.0,-0.00215477055754418,0.007243047468364239,0.0004964470863342285,1.5549107789993286,0.0,3.2107255e-06,-7.452288e-06,0.99950397,0.00011165596,-0.0003678926,-9.234199e-05,0.001285553,0.00038981438,0.00042700768,-0.030839989,0.057516444,0.023169836,0.006,0.003199966,1.0,,,,,,,,,,,,,,,,,,,,,,,,,,,,,,,,,,,,,,,,,,,,
17.0,-0.0021568022241815928,0.007667579688131809,0.0004968047142028809,1.5546282529830933,0.0,3.7423522e-06,-9.203772e-06,0.99950355,0.00012759038,-0.00042035602,-9.148499e-05,0.0016152859,0.00017142296,0.00040125847,0.07918454,-0.052401505,-0.0061807567,0.006375,0.003399959,1.0,,,,,,,,,,,,,,,,,,,,,,,,,,,,,,,,,,,,,,,,,,,,
18.0,-0.0021588375395469486,0.008092276751995087,0.0004971623420715332,1.5543301105499268,0.0,4.3031655e-06,-1.1230003e-05,0.9995032,0.00013459518,-0.00048629558,-9.041549e-05,0.0014867783,0.00041103363,0.000497818,-0.030860843,0.05750433,0.023178317,0.00675,0.0035999515,1.0,,,,,,,,,,,,,,,,,,,,,,,,,,,,,,,,,,,,,,,,,,,,
19.0,-0.00216087636817465,0.008517162874341011,0.0004975199699401855,1.5540167093276978,0.0,4.9339924e-06,-1.35090195e-05,0.99950284,0.0001513985,-0.00054696377,-8.955749e-05,0.0018167496,0.00019264221,0.0004720688,0.079170845,-0.052399915,-0.0061967466,0.007125,0.0037999428,1.0,,,,,,,,,,,,,,,,,,,,,,,,,,,,,,,,,,,,,,,,,,,,
20.0,-0.0021629192277570855,0.008942210115492344,0.0004979372024536133,1.5536874532699585,0.0,5.597626e-06,-1.6096952e-05,0.9995025,0.00015927205,-0.0006211038,-8.8674715e-05,0.0016880035,0.00043225288,0.0005686283,-0.030881688,0.05749222,0.023186788,0.0075,0.003999933,1.0,,,,,,,,,,,,,,,,,,,,,,,,,,,,,,,,,,,,,,,,,,,,
21.0,-0.0021649657222245883,0.00936741754412651,0.0004982948303222656,1.5533430576324463,0.0,6.334887e-06,-1.8971816e-05,0.99950206,0.00017694273,-0.0006899675,-8.777203e-05,0.0020177364,0.00021362305,0.0005428791,0.07915716,-0.052398328,-0.006212724,0.007875,0.004199923,1.0,,,,,,,,,,,,,,,,,,,,,,,,,,,,,,,,,,,,,,,,,,,,
22.0,-0.002167015424813144,0.009792775847017765,0.000498652458190918,1.5529828071594238,0.0,7.1085688e-06,-2.218973e-05,0.9995017,0.00018568352,-0.00077229924,-8.671828e-05,0.0018892288,0.00045323372,0.00063943863,-0.030902522,0.057480104,0.023195248,0.00825,0.004399911,1.0,,,,,,,,,,,,,,,,,,,,,,,,,,,,,,,,,,,,,,,,,,,,
23.0,-0.002169069519116602,0.010218334384262562,0.0004990100860595703,1.5526072978973389,0.0,7.959485e-06,-2.5728683e-05,0.99950135,0.00020421993,-0.0008493489,-8.585489e-05,0.0022187233,0.00023460388,0.0006136894,0.07914348,-0.05239674,-0.0062286886,0.008625,0.0045998986,1.0,,,,,,,,,,,,,,,,,,,,,,,,,,,,,,,,,,,,,,,,,,,,
24.0,-0.0021696373559199865,0.010643994435667992,0.0004993081092834473,1.5522161722183228,0.0,8.850428e-06,-2.9644776e-05,0.999501,0.00021382631,-0.00093986234,-8.4978405e-05,0.0020902157,0.00047421455,0.00071024895,-0.030923344,0.057467997,0.023203699,0.009,0.0047998847,1.0,,,,,,,,,,,,,,,,,,,,,,,,,,,,,,,,,,,,,,,,,,,,
25.0,-0.002172498584361165,0.011069836094975471,0.0004996657371520996,1.5518096685409546,0.0,9.822207e-06,-3.391598e-05,0.9995007,0.00023322694,-0.0010250888,-8.4072526e-05,0.0018246174,0.00025558472,0.00068449974,-0.06370308,-0.052496616,-0.006176905,0.009375,0.00499987,1.0,,,,,,,,,,,,,,,,,,,,,,,,,,,,,,,,,,,,,,,,,,,,
26.0,-0.0021730731997013208,0.01149578858166933,0.000500023365020752,1.5513875484466553,0.0,1.0837542e-05,-3.849701e-05,0.99950033,0.00024368036,-0.0010994478,-8.334088e-05,0.0020172596,0.0004951954,0.00078105927,0.046229385,0.05752559,0.023158185,0.00975,0.0051998533,1.0,,,,,,,,,,,,,,,,,,,,,,,,,,,,,,,,,,,,,,,,,,,,
27.0,-0.00217594053190842,0.011921876110136509,0.0005003809928894043,1.5509498119354248,0.0,1.1937278e-05,-4.3420612e-05,0.9995,0.0002639368,-0.0011816638,-8.2427665e-05,0.0017516613,0.00027680397,0.00075531006,-0.06370159,-0.05249727,-0.0061755404,0.010125,0.0053998358,1.0,,,,,,,,,,,,,,,,,,,,,,,,,,,,,,,,,,,,,,,,,,,,
28.0,-0.002176521098184458,0.012348040007054806,0.0005006790161132812,1.5504966974258423,0.0,1.3084136e-05,-4.86415e-05,0.9994996,0.00027524584,-0.0012530135,-8.151437e-05,0.0019445419,0.0005161762,0.0008518696,0.04622371,0.057534844,0.023149235,0.0105,0.0055998173,1.0,,,,,,,,,,,,,,,,,,,,,,,,,,,,,,,,,,,,,,,,,,,,
29.0,-0.0021793952702530077,0.012774351052939892,0.0005010366439819336,1.550027847290039,0.0,1.43189645e-05,-5.4192416e-05,0.9994993,0.00029635895,-0.0013322195,-8.064345e-05,0.0016789436,0.0002977848,0.00082588196,-0.063700095,-0.05249793,-0.006174172,0.010875,0.005799797,1.0,,,,,,,,,,,,,,,,,,,,,,,,,,,,,,,,,,,,,,,,,,,,
30.0,-0.0021799816539394674,0.013200730085372925,0.0005013942718505859,1.549543857574463,0.0,1.5604483e-05,-6.002808e-05,0.99949896,0.0003085244,-0.0014005598,-7.990479e-05,0.0018718243,0.0005373955,0.0009224415,0.046218038,0.057544097,0.023140283,0.01125,0.005999775,1.0,,,,,,,,,,,,,,,,,,,,,,,,,,,,,,,,,,,,,,,,,,,,
31.0,-0.002182861222593056,0.013627232983708382,0.0005016922950744629,1.5490444898605347,0.0,1.6981547e-05,-6.618123e-05,0.9994986,0.00033049512,-0.0014767562,-7.8992496e-05,0.001606226,0.00031876564,0.0008966923,-0.063698605,-0.05249859,-0.006172798,0.011625,0.0061997515,1.0,,,,,,,,,,,,,,,,,,,,,,,,,,,,,,,,,,,,,,,,,,,,
32.0,-0.002183453959890176,0.01405380479991436,0.0005019903182983398,1.5485293865203857,0.0,1.8412871e-05,-7.26066e-05,0.9994983,0.000343518,-0.0015420882,-7.8080186e-05,0.0017988682,0.0005583763,0.0009930134,0.046212368,0.057553343,0.02313133,0.012,0.006399727,1.0,,,,,,,,,,,,,,,,,,,,,,,,,,,,,,,,,,,,,,,,,,,,
33.0,-0.0021863398723202415,0.01448044367134571,0.0005023479461669922,1.5479990243911743,0.0,1.9939318e-05,-7.933691e-05,0.999498,0.00036634706,-0.0016152752,-7.7392266e-05,0.0015332699,0.0003399849,0.0009672642,-0.063697115,-0.052499246,-0.0061714198,0.012375,0.0065997005,1.0,,,,,,,,,,,,,,,,,,,,,,,,,,,,,,,,,,,,,,,,,,,,
34.0,-0.002186938140752318,0.01490718312561512,0.0005026459693908691,1.5474531650543213,0.0,2.1523601e-05,-8.632691e-05,0.99949765,0.00038022816,-0.0016775988,-7.661185e-05,0.0017261505,0.00057959557,0.0010635853,0.0462067,0.057562586,0.023122374,0.01275,0.0067996723,1.0,,,,,,,,,,,,,,,,,,,,,,,,,,,,,,,,,,,,,,,,,,,,
35.0,-0.0021898294124432153,0.01533396728336811,0.0005029439926147461,1.546891689300537,0.0,2.3206587e-05,-9.360931e-05,0.99949735,0.0004039167,-0.0017477776,-7.570862e-05,0.0014603138,0.00036120415,0.0010378361,-0.063695624,-0.052499905,-0.0061700367,0.013125,0.0069996426,1.0,,,,,,,,,,,,,,,,,,,,,,,,,,,,,,,,,,,,,,,,,,,,
36.0,-0.002190433835634033,0.015760837122797966,0.000503242015838623,1.5463148355484009,0.0,2.4950992e-05,-0.000101138874,0.99949706,0.0004186569,-0.0018070935,-7.497935e-05,0.0016531944,0.0006008148,0.0011341572,0.046201035,0.057571825,0.023113417,0.0135,0.007199611,1.0,,,,,,,,,,,,,,,,,,,,,,,,,,,,,,,,,,,,,,,,,,,,
37.0,-0.002193330908572538,0.016187746077775955,0.0005035996437072754,1.5457226037979126,0.0,2.6797681e-05,-0.000108948305,0.99949676,0.0004432056,-0.001874264,-7.424773e-05,0.0013875961,0.0003824234,0.001108408,-0.063694134,-0.05250056,-0.006168649,0.013875,0.007399578,1.0,,,,,,,,,,,,,,,,,,,,,,,,,,,,,,,,,,,,,,,,,,,,
38.0,-0.002193941212544457,0.016614722087979317,0.0005038976669311523,1.5451151132583618,0.0,2.8709372e-05,-0.000116992356,0.9994964,0.00045880588,-0.0019305728,-7.347876e-05,0.0015802383,0.0006220341,0.0012047291,0.046195373,0.057581056,0.023104457,0.01425,0.007599543,1.0,,,,,,,,,,,,,,,,,,,,,,,,,,,,,,,,,,,,,,,,,,,,
39.0,-0.0021968440068594686,0.01704173907637596,0.0005041956901550293,1.5444917678833008,0.0,3.0726937e-05,-0.00012530376,0.9994961,0.00048421577,-0.0019947358,-7.2572126e-05,0.00131464,0.00040364265,0.0011789799,-0.063692644,-0.05250122,-0.006167257,0.014625,0.0077995057,1.0,,,,,,,,,,,,,,,,,,,,,,,,,,,,,,,,,,,,,,,,,,,,
40.0,-0.0021974592983431715,0.017468806356191635,0.0005044937133789062,1.5438531637191772,0.0,3.2813092e-05,-0.00013383725,0.9994958,0.000500677,-0.002048038,-7.184486e-05,0.0015075207,0.0006432533,0.001275301,0.04618971,0.057590287,0.023095498,0.015,0.007999467,1.0,,,,,,,,,,,,,,,,,,,,,,,,,,,,,,,,,,,,,,,,,,,,
41.0,-0.0022003684770374207,0.017895884811878204,0.0005047917366027832,1.543199062347412,0.0,3.5008714e-05,-0.00014262555,0.9994955,0.0005269488,-0.0021091935,-7.111203e-05,0.001241684,0.0004248619,0.0012493134,-0.06369116,-0.05250188,-0.00616586,0.015375,0.008199425,1.0,,,,,,,,,,,,,,,,,,,,,,,,,,,,,,,,,,,,,,,,,,,,
42.0,-0.0022009895397233914,0.018323028460144997,0.0005050301551818848,1.542529582977295,0.0,3.727651e-05,-0.00015162343,0.9994952,0.0005442718,-0.0021594893,-7.0344555e-05,0.0014345646,0.000664711,0.0013456345,0.04618405,0.05759951,0.023086535,0.01575,0.008399382,1.0,,,,,,,,,,,,,,,,,,,,,,,,,,,,,,,,,,,,,,,,,,,,
43.0,-0.0022039035023306668,0.018750179558992386,0.0005053281784057617,1.5418447256088257,0.0,3.965737e-05,-0.00016086358,0.99949497,0.0005714065,-0.0022176383,-6.962079e-05,0.0011687279,0.00044631958,0.0013198853,-0.06368968,-0.05250254,-0.006164459,0.016125,0.008599337,1.0,,,,,,,,,,,,,,,,,,,,,,,,,,,,,,,,,,,,,,,,,,,,
44.0,-0.0022045303988649117,0.01917736977338791,0.0005056262016296387,1.5411443710327148,0.0,4.2114007e-05,-0.00017030079,0.9994947,0.0005895921,-0.0022649283,-6.903576e-05,0.0013616085,0.00068616867,0.0014162064,0.046178393,0.05760873,0.02307757,0.0165,0.00879929,1.0,,,,,,,,,,,,,,,,,,,,,,,,,,,,,,,,,,,,,,,,,,,,
45.0,-0.002207449806015977,0.019604569301009178,0.0005059242248535156,1.5404285192489624,0.0,4.46873e-05,-0.00017996776,0.9994944,0.0006175907,-0.0023200712,-6.8268804e-05,0.0010960102,0.00046777725,0.0013902187,-0.063688196,-0.052503195,-0.0061630527,0.016875,0.008999241,1.0,,,,,,,,,,,,,,,,,,,,,,,,,,,,,,,,,,,,,,,,,,,,
46.0,-0.002208081444411113,0.020031744614243507,0.0005061626434326172,1.5396971702575684,0.0,4.7339967e-05,-0.00018981923,0.9994941,0.0006366399,-0.002364356,-6.7510555e-05,0.0012886524,0.0007073879,0.0014865398,0.04617274,0.057617947,0.023068605,0.01725,0.009199189,1.0,,,,,,,,,,,,,,,,,,,,,,,,,,,,,,,,,,,,,,,,,,,,
47.0,-0.0022110063633154417,0.020458977669477463,0.0005064606666564941,1.5389504432678223,0.0,5.0112896e-05,-0.00019988796,0.99949384,0.0006655031,-0.0024164931,-6.67839e-05,0.0010230541,0.0004889965,0.0014607906,-0.06368671,-0.052503854,-0.0061616423,0.017625,0.009399135,1.0,,,,,,,,,,,,,,,,,,,,,,,,,,,,,,,,,,,,,,,,,,,,
48.0,-0.002211643858815722,0.020886175334453583,0.0005067586898803711,1.5381882190704346,0.0,5.29688e-05,-0.00021012868,0.99949354,0.00068541674,-0.002457773,-6.6200744e-05,0.0012156963,0.0007288456,0.0015568733,0.046167087,0.05762716,0.023059636,0.018,0.009599078,1.0,,,,,,,,,,,,,,,,,,,,,,,,,,,,,,,,,,,,,,,,,,,,
49.0,-0.0022145741000888777,0.021313421428203583,0.0005069971084594727,1.5374107360839844,0.0,5.594857e-05,-0.00022057412,0.99949324,0.0007151455,-0.0025069052,-6.543262e-05,0.00095009804,0.0005104542,0.0015311241,-0.06368523,-0.052504513,-0.0061602267,0.018375,0.009799019,1.0,,,,,,,,,,,,,,,,,,,,,,,,,,,,,,,,,,,,,,,,,,,,
50.0,-0.002215216920519119,0.021740589290857315,0.0005072951316833496,1.5366178750991821,0.0,5.9014925e-05,-0.00023117903,0.999493,0.0007359246,-0.002545181,-6.4675834e-05,0.0011427402,0.00075030327,0.0016272068,0.046161436,0.05763637,0.023050668,0.01875,0.009998959,1.0,,,,,,,,,,,,,,,,,,,,,,,,,,,,,,,,,,,,,,,,,,,,
51.0,-0.002218152354593756,0.022167805582284927,0.0005075335502624512,1.5358095169067383,0.0,6.2208754e-05,-0.00024197616,0.9994927,0.0007665196,-0.002591308,-6.413208e-05,0.00087690353,0.00053215027,0.0016014576,-0.063683756,-0.052505173,-0.006158807,0.019125,0.010198895,1.0,,,,,,,,,,,,,,,,,,,,,,,,,,,,,,,,,,,,,,,,,,,,
52.0,-0.002218799367139728,0.022594977170228958,0.0005077719688415527,1.534985899925232,0.0,6.549278e-05,-0.00025292023,0.99949247,0.0007881649,-0.00262658,-6.332323e-05,0.0010697842,0.00077199936,0.0016975403,0.046155788,0.05764557,0.023041695,0.0195,0.010398828,1.0,,,,,,,,,,,,,,,,,,,,,,,,,,,,,,,,,,,,,,,,,,,,
53.0,-0.0022217403979566557,0.023022135719656944,0.0005080699920654297,1.534147024154663,0.0,6.890789e-05,-0.000264044,0.9994922,0.00081962725,-0.0026697027,-6.2791325e-05,0.00080394745,0.00055360794,0.0016717911,-0.06368228,-0.052505832,-0.0061573824,0.019875,0.010598759,1.0,,,,,,,,,,,,,,,,,,,,,,,,,,,,,,,,,,,,,,,,,,,,
54.0,-0.002222392988868755,0.02344924584031105,0.0005083084106445312,1.5332926511764526,0.0,7.2416806e-05,-0.0002753022,0.99949193,0.00084213953,-0.0027019712,-6.216425e-05,0.0009965897,0.00079345703,0.0017678738,0.046150144,0.05765477,0.023032723,0.02025,0.010798688,1.0,,,,,,,,,,,,,,,,,,,,,,,,,,,,,,,,,,,,,,,,,,,,
55.0,-0.002225339074578694,0.0238763727247715,0.0005085468292236328,1.5324231386184692,0.0,7.606043e-05,-0.0002867276,0.9994917,0.0008744703,-0.0027420905,-6.140535e-05,0.00073099136,0.0005750656,0.0017418861,-0.063680805,-0.05250649,-0.0061559533,0.020625,0.010998613,1.0,,,,,,,,,,,,,,,,,,,,,,,,,,,,,,,,,,,,,,,,,,,,
56.0,-0.0022259966116868054,0.024303412064909935,0.0005088448524475098,1.5315381288528442,0.0,7.980147e-05,-0.0002982749,0.99949145,0.00089785055,-0.0027713561,-6.0832168e-05,0.0009236336,0.0008151531,0.0018379688,0.046144497,0.057663966,0.023023749,0.021,0.0111985365,1.0,,,,,,,,,,,,,,,,,,,,,,,,,,,,,,,,,,,,,,,,,,,,
57.0,-0.002228947163268884,0.024730412289500237,0.0005090832710266113,1.5306376218795776,0.0,8.368085e-05,-0.00030997687,0.99949116,0.00093105016,-0.0028084721,-6.0244212e-05,0.0006580353,0.0005967617,0.0018122196,-0.06367933,-0.05250715,-0.0061545195,0.021375,0.011398457,1.0,,,,,,,,,,,,,,,,,,,,,,,,,,,,,,,,,,,,,,,,,,,,
58.0,-0.0022296096727024606,0.025157392024993896,0.0005093216896057129,1.5297220945358276,0.0,8.766126e-05,-0.00032178828,0.9994909,0.0009552994,-0.0028347357,-5.9447535e-05,0.0008506775,0.0008368492,0.0019083023,0.046138857,0.057673156,0.02301477,0.02175,0.011598374,1.0,,,,,,,,,,,,,,,,,,,,,,,,,,,,,,,,,,,,,,,,,,,,
59.0,-0.0022325653081183673,0.025584304705262184,0.0005095601081848145,1.5287909507751465,0.0,9.178364e-05,-0.0003337418,0.9994907,0.000989369,-0.0028688486,-5.8911686e-05,0.0005848408,0.0006184578,0.0018823147,-0.063677855,-0.05250781,-0.006153081,0.022125,0.011798289,1.0,,,,,,,,,,,,,,,,,,,,,,,,,,,,,,,,,,,,,,,,,,,,
60.0,-0.0022332327550924715,0.026011180132627487,0.000509798526763916,1.527844786643982,0.0,9.601067e-05,-0.00034579227,0.99949044,0.0010144878,-0.00289211,-5.8287344e-05,0.000777483,0.0008585453,0.0019783974,0.046133216,0.05768234,0.023005793,0.0225,0.0119982,1.0,,,,,,,,,,,,,,,,,,,,,,,,,,,,,,,,,,,,,,,,,,,,
61.0,-0.0022361929362706263,0.026437979191541672,0.0005100369453430176,1.5268832445144653,0.0,0.00010038329,-0.00035797234,0.9994902,0.0010494282,-0.0029232209,-5.7710677e-05,0.0005118847,0.0006401539,0.0019526482,-0.06367639,-0.05250847,-0.006151638,0.022875,0.012198108,1.0,,,,,,,,,,,,,,,,,,,,,,,,,,,,,,,,,,,,,,,,,,,,
62.0,-0.0022370971582025122,0.026864711195230484,0.0005102753639221191,1.5259064435958862,0.0,0.00010486419,-0.00037023687,0.99948996,0.0010754177,-0.002943481,-5.7096513e-05,0.0007045269,0.0008802414,0.0020484924,0.04612758,0.057691522,0.022996813,0.02325,0.012398014,1.0,,,,,,,,,,,,,,,,,,,,,,,,,,,,,,,,,,,,,,,,,,,,
63.0,-0.002240294448479479,0.027291353791952133,0.0005105137825012207,1.524914264678955,0.0,0.000109494315,-0.00038261848,0.9994897,0.0011112299,-0.00297159,-5.6517092e-05,0.0004386902,0.0007531643,0.0020227432,-0.06371979,-0.03060014,-0.0061347545,0.023625,0.012597917,1.0,,,,,,,,,,,,,,,,,,,,,,,,,,,,,,,,,,,,,,,,,,,,
64.0,-0.0022412027266180724,0.02771790698170662,0.0005107522010803223,1.5239070653915405,0.0,0.00011425191,-0.00039507198,0.9994895,0.0011418223,-0.0029888416,-5.5906818e-05,0.0006315708,0.0010845661,0.002118826,0.046080083,0.079604685,0.022993205,0.024,0.012797816,1.0,,,,,,,,,,,,,,,,,,,,,,,,,,,,,,,,,,,,,,,,,,,,
65.0,-0.0022444041562456503,0.028144340962171555,0.0005109310150146484,1.5228846073150635,0.0,0.00011919344,-0.00040763005,0.99948925,0.0011859682,-0.003013934,-5.5330893e-05,0.0003657341,0.000957489,0.0020930767,-0.06372263,-0.030611036,-0.006123363,0.024375,0.012997712,1.0,,,,,,,,,,,,,,,,,,,,,,,,,,,,,,,,,,,,,,,,,,,,
66.0,-0.0022453171895485354,0.02857065573334694,0.00051116943359375,1.521847128868103,0.0,0.00012429716,-0.0004202474,0.99948907,0.0012248909,-0.0030281695,-5.4719534e-05,0.0005583763,0.0012888908,0.002188921,0.046075433,0.07960364,0.02297408,0.02475,0.013197605,1.0,,,,,,,,,,,,,,,,,,,,,,,,,,,,,,,,,,,,,,,,,,,,
67.0,-0.0022485227879214973,0.02899676188826561,0.0005114078521728516,1.5207942724227905,0.0,0.00012961951,-0.00043295676,0.99948883,0.0012773647,-0.0030502446,-5.4330016e-05,0.0002925396,0.0011618137,0.0021631718,-0.06372547,-0.03062193,-0.0061119692,0.025125,0.013397493,1.0,,,,,,,,,,,,,,,,,,,,,,,,,,,,,,,,,,,,,,,,,,,,
68.0,-0.0022494399071634314,0.029422711580991745,0.0005116462707519531,1.5197261571884155,0.0,0.00013513873,-0.00044571288,0.9994886,0.001324612,-0.0030614631,-5.3674623e-05,0.0004851818,0.0014929771,0.002259016,0.046070784,0.07960261,0.02295496,0.0255,0.013597379,1.0,,,,,,,,,,,,,,,,,,,,,,,,,,,,,,,,,,,,,,,,,,,,
69.0,-0.002252649995372877,0.02984847128391266,0.0005118250846862793,1.5186430215835571,0.0,0.00014091126,-0.00045854837,0.99948835,0.0013854083,-0.0030805208,-5.311367e-05,0.0002193451,0.0013659,0.0022332668,-0.06372831,-0.030632816,-0.0061005736,0.025875,0.013797263,1.0,,,,,,,,,,,,,,,,,,,,,,,,,,,,,,,,,,,,,,,,,,,,
70.0,-0.0022535706715686673,0.03027399815618992,0.0005120635032653809,1.5175445079803467,0.0,0.00014691532,-0.00047141805,0.9994882,0.0014409744,-0.0030887218,-5.2498257e-05,0.00041222572,0.0016973019,0.002329111,0.04606614,0.07960156,0.022935841,0.02625,0.013997142,1.0,,,,,,,,,,,,,,,,,,,,,,,,,,,,,,,,,,,,,,,,,,,,
71.0,-0.002256784099250522,0.030699342489242554,0.0005123019218444824,1.5164307355880737,0.0,0.00015320735,-0.00048435456,0.99948794,0.0015100872,-0.003104761,-5.2114072e-05,0.00014638901,0.0015702248,0.002303362,-0.06373115,-0.0306437,-0.0060891756,0.026625,0.014197018,1.0,,,,,,,,,,,,,,,,,,,,,,,,,,,,,,,,,,,,,,,,,,,,
72.0,-0.0022577086105221153,0.031124388799071312,0.0005124807357788086,1.515302062034607,0.0,0.00015976555,-0.00049731263,0.9994877,0.0015739665,-0.003109944,-5.145689e-05,0.00033903122,0.0019013882,0.0023992062,0.04606149,0.07960052,0.022916729,0.027,0.01439689,1.0,,,,,,,,,,,,,,,,,,,,,,,,,,,,,,,,,,,,,,,,,,,,
73.0,-0.002260925850066585,0.03154919669032097,0.0005127191543579102,1.5141581296920776,0.0,0.00016664634,-0.000510325,0.9994875,0.0016513903,-0.0031229642,-5.0900733e-05,7.3194504e-05,0.0017743111,0.0023732185,-0.06373397,-0.030654578,-0.0060777753,0.027375,0.014596758,1.0,,,,,,,,,,,,,,,,,,,,,,,,,,,,,,,,,,,,,,,,,,,,
74.0,-0.002261994916763802,0.031973689794540405,0.0005128979682922363,1.5129989385604858,0.0,0.00017382791,-0.00052334636,0.9994873,0.0017235767,-0.0031251288,-5.046762e-05,0.00026583672,0.0021054745,0.0024690628,0.046056844,0.079599485,0.02289762,0.02775,0.014796623,1.0,,,,,,,,,,,,,,,,,,,,,,,,,,,,,,,,,,,,,,,,,,,,
75.0,-0.0022650744498523214,0.03239790350198746,0.0005131363868713379,1.5118248462677002,0.0,0.00018136667,-0.00053640944,0.9994871,0.0018093059,-0.0031351293,-4.9861042e-05,0.0,0.0019783974,0.0024433136,-0.0637368,-0.03066545,-0.006066373,0.028125,0.014996485,1.0,,,,,,,,,,,,,,,,,,,,,,,,,,,,,,,,,,,,,,,,,,,,
76.0,-0.0022665176966745687,0.03282175213098526,0.0005133152008056641,1.5106353759765625,0.0,0.00018924082,-0.0005494689,0.99948686,0.0018897938,-0.0031342746,-4.9439506e-05,0.00019264221,0.0023095608,0.0025389194,0.0460522,0.07959844,0.022878513,0.0285,0.015196342,1.0,,,,,,,,,,,,,,,,,,,,,,,,,,,,,,,,,,,,,,,,,,,,
77.0,-0.002269228709005944,0.033245302736759186,0.0005134940147399902,1.5094308853149414,0.0,0.00019750674,-0.0005625574,0.9994867,0.0019838226,-0.0031412551,-4.8832393e-05,-7.3194504e-05,0.0021824837,0.0025131702,-0.06373961,-0.030676318,-0.0060549686,0.028875,0.015396195,1.0,,,,,,,,,,,,,,,,,,,,,,,,,,,,,,,,,,,,,,,,,,,,
78.0,-0.0022710468487644932,0.033668458461761475,0.0005137324333190918,1.508211612701416,0.0,0.0002061426,-0.0005756299,0.9994865,0.0020726065,-0.0031373806,-4.841071e-05,0.00011944771,0.002513647,0.002608776,0.04604755,0.0795974,0.022859411,0.02925,0.015596046,1.0,,,,,,,,,,,,,,,,,,,,,,,,,,,,,,,,,,,,,,,,,,,,
79.0,-0.0022734512505074014,0.034091249108314514,0.000513911247253418,1.5069772005081177,0.0,0.00021520481,-0.0005887188,0.99948627,0.0021749283,-0.00314134,-4.7989783e-05,-0.00014638901,0.0023863316,0.002583027,-0.06374243,-0.030687181,-0.006043562,0.029625,0.015795892,1.0,,,,,,,,,,,,,,,,,,,,,,,,,,,,,,,,,,,,,,,,,,,,
80.0,-0.0022755812646314513,0.03451365604996681,0.0005140900611877441,1.505727767944336,0.0,0.00022467149,-0.000601779,0.9994861,0.002272003,-0.0031344453,-4.734016e-05,4.6253204e-05,0.002717495,0.0026786327,0.046042904,0.07959636,0.022840314,0.03,0.015995733,1.0,,,,,,,,,,,,,,,,,,,,,,,,,,,,,,,,,,,,,,,,,,,,
81.0,-0.002277849196452886,0.034935612231492996,0.0005143284797668457,1.5044634342193604,0.0,0.00023459904,-0.0006148431,0.9994859,0.002382613,-0.0031353836,-4.6974925e-05,-0.00021958351,0.0025904179,0.0026528835,-0.06374524,-0.030698039,-0.0060321535,0.030375,0.016195571,1.0,,,,,,,,,,,,,,,,,,,,,,,,,,,,,,,,,,,,,,,,,,,,
82.0,-0.002280120834391074,0.035357169806957245,0.0005145072937011719,1.5031839609146118,0.0,0.0002449656,-0.00062786584,0.9994857,0.0024879717,-0.0031254676,-4.6495927e-05,-2.69413e-05,0.0029213428,0.0027484894,0.04603826,0.07959532,0.022821218,0.03075,0.016395405,1.0,,,,,,,,,,,,,,,,,,,,,,,,,,,,,,,,,,,,,,,,,,,,
83.0,-0.0022823908495111884,0.035778243094682693,0.000514686107635498,1.5018895864486694,0.0,0.00025582753,-0.00064087997,0.9994855,0.0026068646,-0.003123384,-4.590885e-05,-0.00029301643,0.0027942657,0.0027227402,-0.06374804,-0.030708892,-0.0060207425,0.031125,0.016595235,1.0,,,,,,,,,,,,,,,,,,,,,,,,,,,,,,,,,,,,,,,,,,,,
84.0,-0.0022846640777644347,0.03619886562228203,0.0005148649215698242,1.5005804300308228,0.0,0.00026716295,-0.00065384014,0.9994853,0.002720502,-0.0031104465,-4.5481665e-05,-0.0001001358,0.0031254292,0.0028181076,0.04603361,0.07959428,0.022802128,0.0315,0.016795062,1.0,,,,,,,,,,,,,,,,,,,,,,,,,,,,,,,,,,,,,,,,,,,,
85.0,-0.0022869364974547044,0.03661897033452988,0.0005150437355041504,1.4992563724517822,0.0,0.00027902826,-0.00066677906,0.99948514,0.002847671,-0.0031053403,-4.5068573e-05,-0.00036621094,0.0029981136,0.0027923584,-0.06375084,-0.030719742,-0.0060093296,0.031875,0.016994882,1.0,,,,,,,,,,,,,,,,,,,,,,,,,,,,,,,,,,,,,,,,,,,,
86.0,-0.002289211753837415,0.03703859820961952,0.0005152225494384766,1.4979172945022583,0.0,0.0002914015,-0.0006796515,0.99948496,0.0029695816,-0.0030893807,-4.460027e-05,-0.00017356873,0.003329277,0.0028879642,0.046028964,0.079593234,0.022783041,0.03225,0.0171947,1.0,,,,,,,,,,,,,,,,,,,,,,,,,,,,,,,,,,,,,,,,,,,,
87.0,-0.002291485570674668,0.03745769336819649,0.0005154013633728027,1.4965635538101196,0.0,0.0003043391,-0.00069249,0.9994848,0.0031050215,-0.0030812514,-4.4199012e-05,-0.00043940544,0.0032019615,0.0028619766,-0.063753635,-0.030730585,-0.0059979144,0.032625,0.017394513,1.0,,,,,,,,,,,,,,,,,,,,,,,,,,,,,,,,,,,,,,,,,,,,
88.0,-0.002293762740669272,0.03787623718380928,0.0005156397819519043,1.4951950311660767,0.0,0.0003178191,-0.0007052495,0.9994846,0.0032351995,-0.003062269,-4.3727665e-05,-0.00024676323,0.0035328865,0.0029575825,0.04602432,0.07959219,0.022763958,0.033,0.01759432,1.0,,,,,,,,,,,,,,,,,,,,,,,,,,,,,,,,,,,,,,,,,,,,
89.0,-0.00229603775977441,0.038294218480587006,0.0005157589912414551,1.4938116073608398,0.0,0.00033189787,-0.00071796245,0.99948436,0.0033789047,-0.003051116,-4.3329303e-05,-0.00051283836,0.003405571,0.0029315948,-0.06375642,-0.030741423,-0.0059864973,0.033375,0.017794127,1.0,,,,,,,,,,,,,,,,,,,,,,,,,,,,,,,,,,,,,,,,,,,,
90.0,-0.00229831597911352,0.03871161490678787,0.0005159378051757812,1.4924134016036987,0.0,0.00034655345,-0.00073058374,0.99948424,0.003517345,-0.00302911,-4.2673044e-05,-0.00031995773,0.0037367344,0.0030272007,0.046019673,0.07959115,0.02274488,0.03375,0.017993925,1.0,,,,,,,,,,,,,,,,,,,,,,,,,,,,,,,,,,,,,,,,,,,,
91.0,-0.002300592090974169,0.039128415286540985,0.0005161166191101074,1.4910005331039429,0.0,0.00036184225,-0.000743146,0.99948406,0.0036693085,-0.0030149329,-4.2504227e-05,-0.00058603287,0.0036094189,0.003001213,-0.06375921,-0.030752258,-0.005975078,0.034125,0.018193722,1.0,,,,,,,,,,,,,,,,,,,,,,,,,,,,,,,,,,,,,,,,,,,,
92.0,-0.0023028709813779,0.039544593542814255,0.0005162954330444336,1.489573359489441,0.0,0.00037774228,-0.0007556039,0.9994839,0.0038160046,-0.002989903,-4.1977783e-05,-0.00039339066,0.003940344,0.0030965805,0.046015028,0.07959011,0.022725804,0.0345,0.018393511,1.0,,,,,,,,,,,,,,,,,,,,,,,,,,,,,,,,,,,,,,,,,,,,
93.0,-0.002305148333772133,0.03996015340089798,0.0005164742469787598,1.4881311655044556,0.0,0.00039430987,-0.0007679902,0.9994837,0.0039762226,-0.0029727009,-4.15967e-05,-0.0006594658,0.0038130283,0.0030708313,-0.06376199,-0.030763088,-0.005963656,0.034875,0.018593298,1.0,,,,,,,,,,,,,,,,,,,,,,,,,,,,,,,,,,,,,,,,,,,,
94.0,-0.00230742791194623,0.040375005453825,0.0005166530609130859,1.486674427986145,0.0,0.00041152307,-0.00078025955,0.9994835,0.0041311686,-0.0029446464,-4.111982e-05,-0.00046658516,0.0041441917,0.0031661987,0.046010382,0.07958907,0.022706732,0.03525,0.01879308,1.0,,,,,,,,,,,,,,,,,,,,,,,,,,,,,,,,,,,,,,,,,,,,
95.0,-0.0023097050868191365,0.040789250284433365,0.0005168318748474121,1.4852032661437988,0.0,0.00042943822,-0.0007924446,0.99948335,0.004299635,-0.0029244188,-4.0729283e-05,-0.0007326603,0.004016638,0.003140211,-0.06376476,-0.030773912,-0.0059522325,0.035625,0.018992856,1.0,,,,,,,,,,,,,,,,,,,,,,,,,,,,,,,,,,,,,,,,,,,,
96.0,-0.0023119851331341004,0.04120277240872383,0.0005170106887817383,1.4837175607681274,0.0,0.00044803333,-0.0008045002,0.99948317,0.0044628256,-0.0028933394,-4.0254352e-05,-0.0005400181,0.004347801,0.0032355785,0.046005737,0.079588026,0.022687664,0.036,0.019192629,1.0,,,,,,,,,,,,,,,,,,,,,,,,,,,,,,,,,,,,,,,,,,,,
97.0,-0.002314262704005524,0.04161559417843819,0.0005171298980712891,1.4822174310684204,0.0,0.0004673647,-0.0008164589,0.999483,0.004639534,-0.0028700856,-3.986553e-05,-0.0008060932,0.0042202473,0.0032098293,-0.06376753,-0.030784732,-0.005940807,0.036375,0.019392395,1.0,,,,,,,,,,,,,,,,,,,,,,,,,,,,,,,,,,,,,,,,,,,,
98.0,-0.0023165424591310756,0.04202766343951225,0.0005173087120056152,1.4807027578353882,0.0,0.0004874104,-0.00082827546,0.99948287,0.0048109633,-0.0028359804,-3.938993e-05,-0.000613451,0.0045511723,0.0033049583,0.046001088,0.07958698,0.0226686,0.03675,0.019592158,1.0,,,,,,,,,,,,,,,,,,,,,,,,,,,,,,,,,,,,,,,,,,,,
99.0,-0.00231881960928918,0.04243902489542961,0.0005174875259399414,1.4791738986968994,0.0,0.0005082267,-0.00083998253,0.9994827,0.0049959077,-0.0028097003,-3.9187402e-05,-0.00087952614,0.0044238567,0.0032792091,-0.063770294,-0.030795546,-0.005929379,0.037125,0.019791916,1.0,,,,,,,,,,,,,,,,,,,,,,,,,,,,,,,,,,,,,,,,,,,,
100.0,-0.002321099298733691,0.042849596589803696,0.0005176306003704667,1.4776304960250854,0.0,0.0005297916,-0.0008515349,0.9994825,0.0051755705,-0.0027725687,-3.86678e-05,-0.0006866455,0.0047547817,0.0033743382,0.045996446,0.07958594,0.02264954,0.0375,0.019991668,1.0,,,,,,,,,,,,,,,,,,,,,,,,,,,,,,,,,,,,,,,,,,,,
101.0,-0.0023233754022139426,0.04325941205024719,0.0005177855491638184,1.4760726690292358,0.0,0.0005521613,-0.0008629652,0.9994824,0.0053687464,-0.0027432612,-3.8293816e-05,-0.00095295906,0.004627466,0.003348589,-0.06377305,-0.030806357,-0.005917949,0.037875,0.020191416,1.0,,,,,,,,,,,,,,,,,,,,,,,,,,,,,,,,,,,,,,,,,,,,
102.0,-0.0023256541982758015,0.04366838559508324,0.0005179643630981445,1.4745006561279297,0.0,0.000575314,-0.0008742281,0.9994822,0.005556635,-0.002703103,-3.7998157e-05,-0.00076007843,0.004958391,0.003443718,0.0459918,0.0795849,0.022630483,0.03825,0.020391157,1.0,,,,,,,,,,,,,,,,,,,,,,,,,,,,,,,,,,,,,,,,,,,,
103.0,-0.0023279290327478277,0.04407655447721481,0.0005180835723876953,1.4729145765304565,0.0,0.0005993058,-0.0008853563,0.99948204,0.005758037,-0.0026707677,-3.757377e-05,-0.001026392,0.0048308372,0.0034177303,-0.06377581,-0.030817162,-0.0059065167,0.038625,0.020590896,1.0,,,,,,,,,,,,,,,,,,,,,,,,,,,,,,,,,,,,,,,,,,,,
104.0,-0.0023302065363089604,0.04448390752077103,0.0005182623863220215,1.4713139533996582,0.0,0.00062411476,-0.00089630455,0.9994819,0.0059541482,-0.0026275818,-3.710572e-05,-0.00083351135,0.0051617622,0.0035128593,0.045987155,0.07958385,0.022611432,0.039,0.020790627,1.0,,,,,,,,,,,,,,,,,,,,,,,,,,,,,,,,,,,,,,,,,,,,
105.0,-0.0023324805255249942,0.044890355318784714,0.0005184292676858604,1.469699501991272,0.0,0.0006497971,-0.00090710545,0.99948174,0.0061637675,-0.0025922183,-3.6907935e-05,-0.0010998249,0.0050342083,0.0034871101,-0.06377856,-0.030827962,-0.005895083,0.039375,0.020990355,1.0,,,,,,,,,,,,,,,,,,,,,,,,,,,,,,,,,,,,,,,,,,,,
106.0,-0.0023347561392239083,0.04529597610235214,0.0005185604095458984,1.46807062625885,0.0,0.0006763308,-0.0009177138,0.9994816,0.006368095,-0.0025460045,-3.638642e-05,-0.0009069443,0.0053651333,0.0035822392,0.04598251,0.07958281,0.022592383,0.03975,0.021190077,1.0,,,,,,,,,,,,,,,,,,,,,,,,,,,,,,,,,,,,,,,,,,,,
107.0,-0.002337028563119615,0.04570072144269943,0.0005187392234802246,1.4664280414581299,0.0,0.0007037722,-0.0009281622,0.99948144,0.0065859286,-0.002507612,-3.6203353e-05,-0.0011732578,0.0052375793,0.0035562515,-0.0637813,-0.030838758,-0.005883646,0.040125,0.021389794,1.0,,,,,,,,,,,,,,,,,,,,,,,,,,,,,,,,,,,,,,,,,,,,
108.0,-0.0023393022143362342,0.04610452428460121,0.0005188584327697754,1.4647713899612427,0.0,0.0007320992,-0.0009384054,0.99948126,0.006798466,-0.0024583696,-3.567812e-05,-0.0009803772,0.0055685043,0.0036513805,0.045977864,0.07958177,0.022573337,0.0405,0.021589505,1.0,,,,,,,,,,,,,,,,,,,,,,,,,,,,,,,,,,,,,,,,,,,,
109.0,-0.002341571842565425,0.046507399529218674,0.0005189776420593262,1.463100552558899,0.0,0.0007613679,-0.000948476,0.99948114,0.007024508,-0.0024169476,-3.531413e-05,-0.0012466908,0.0054409504,0.003625393,-0.06378404,-0.03084955,-0.0058722077,0.040875,0.02178921,1.0,,,,,,,,,,,,,,,,,,,,,,,,,,,,,,,,,,,,,,,,,,,,
110.0,-0.0023438434469920224,0.04690932855010033,0.0005191564559936523,1.4614158868789673,0.0,0.0007915565,-0.00095832883,0.999481,0.007245249,-0.0023646764,-3.501507e-05,-0.0010538101,0.0057718754,0.003720522,0.04597322,0.07958072,0.022554295,0.04125,0.02198891,1.0,,,,,,,,,,,,,,,,,,,,,,,,,,,,,,,,,,,,,,,,,,,,
111.0,-0.002346110709756209,0.04731028527021408,0.0005192756652832031,1.4597175121307373,0.0,0.00082272105,-0.0009679964,0.99948084,0.0074794926,-0.0023202244,-3.4784112e-05,-0.0013201237,0.0056443214,0.0036945343,-0.063786775,-0.030860335,-0.0058607673,0.041625,0.022188606,1.0,,,,,,,,,,,,,,,,,,,,,,,,,,,,,,,,,,,,,,,,,,,,
112.0,-0.0023483793914602876,0.04771029204130173,0.0005194544792175293,1.4580053091049194,0.0,0.0008548395,-0.0009774336,0.9994807,0.0077084335,-0.0022649232,-3.4269593e-05,-0.001127243,0.005975008,0.0037896633,0.045968574,0.07957967,0.022535259,0.042,0.022388294,1.0,,,,,,,,,,,,,,,,,,,,,,,,,,,,,,,,,,,,,,,,,,,,
113.0,-0.002350643775949901,0.048109270632267,0.0005195736885070801,1.4562791585922241,0.0,0.0008879681,-0.0009866729,0.99948055,0.007950873,-0.0022174406,-3.409138e-05,-0.0013935566,0.005847454,0.0037636757,-0.0637895,-0.030871116,-0.0058493246,0.042375,0.022587977,1.0,,,,,,,,,,,,,,,,,,,,,,,,,,,,,,,,,,,,,,,,,,,,
114.0,-0.0023529087016545304,0.04850722476840019,0.0005196928977966309,1.45453941822052,0.0,0.00092208484,-0.0009956693,0.9994804,0.0081880065,-0.002159109,-3.3564214e-05,-0.0012009144,0.006178379,0.0038585663,0.04596393,0.07957863,0.022516225,0.04275,0.022787657,1.0,,,,,,,,,,,,,,,,,,,,,,,,,,,,,,,,,,,,,,,,,,,,
115.0,-0.0023551698978552657,0.0489041805267334,0.000519871711730957,1.452785849571228,0.0,0.0009572458,-0.001004455,0.9994803,0.008438637,-0.0021085956,-3.3391138e-05,-0.0014672279,0.0060505867,0.0038325787,-0.06379223,-0.030881893,-0.00583788,0.043125,0.022987328,1.0,,,,,,,,,,,,,,,,,,,,,,,,,,,,,,,,,,,,,,,,,,,,
116.0,-0.0023574310741032094,0.04930005222558975,0.0005199909210205078,1.4510185718536377,0.0,0.000993429,-0.0010129852,0.9994801,0.008683956,-0.0020472335,-3.3046457e-05,-0.0012743473,0.0063815117,0.0039274693,0.045959286,0.07957759,0.022497194,0.0435,0.023186995,1.0,,,,,,,,,,,,,,,,,,,,,,,,,,,,,,,,,,,,,,,,,,,,
117.0,-0.002359688297353146,0.04969487339258194,0.0005201101303100586,1.4492374658584595,0.0,0.0010306905,-0.0010212922,0.99948,0.008942773,-0.001993688,-3.2648746e-05,-0.0015406609,0.0062537193,0.00390172,-0.06379495,-0.030892665,-0.005826433,0.043875,0.023386655,1.0,,,,,,,,,,,,,,,,,,,,,,,,,,,,,,,,,,,,,,,,,,,,
118.0,-0.0023619458497569023,0.05008856579661369,0.0005202293395996094,1.4474432468414307,0.0,0.0010690084,-0.001029331,0.9994799,0.009196274,-0.0019292948,-3.2356536e-05,-0.0013477802,0.0065846443,0.0039966106,0.04595464,0.079576544,0.022478169,0.04425,0.02358631,1.0,,,,,,,,,,,,,,,,,,,,,,,,,,,,,,,,,,,,,,,,,,,,
119.0,-0.0023641991700915467,0.050481200218200684,0.0005204081535339355,1.4456350803375244,0.0,0.0011084386,-0.001037134,0.9994798,0.009463268,-0.0018727172,-3.213263e-05,-0.0016143322,0.006456852,0.003970623,-0.06379767,-0.03090343,-0.0058149844,0.044625,0.02378596,1.0,,,,,,,,,,,,,,,,,,,,,,,,,,,,,,,,,,,,,,,,,,,,
120.0,-0.0023664522148726546,0.05087266117334366,0.0005205273628234863,1.4438140392303467,0.0,0.0011489592,-0.001044656,0.9994796,0.009724945,-0.0018052921,-3.179935e-05,-0.0014214516,0.006787777,0.004065275,0.04595,0.0795755,0.022459146,0.045,0.023985602,1.0,,,,,,,,,,,,,,,,,,,,,,,,,,,,,,,,,,,,,,,,,,,,
121.0,-0.0023687004438086114,0.051263004541397095,0.0005206465721130371,1.4419790506362915,0.0,0.0011906264,-0.0010519297,0.9994795,0.010000113,-0.0017456814,-3.140329e-05,-0.0016877651,0.0066599846,0.004039526,-0.06380037,-0.030914193,-0.0058035334,0.045375,0.02418524,1.0,,,,,,,,,,,,,,,,,,,,,,,,,,,,,,,,,,,,,,,,,,,,
122.0,-0.0023709486814304727,0.05165217071771622,0.0005207657814025879,1.4401310682296753,0.0,0.0012334179,-0.0010589098,0.99947935,0.010269959,-0.001675224,-3.1110158e-05,-0.0014951229,0.006990671,0.004134178,0.045945354,0.07957445,0.022440128,0.04575,0.024384871,1.0,,,,,,,,,,,,,,,,,,,,,,,,,,,,,,,,,,,,,,,,,,,,
123.0,-0.0023731919170824943,0.05204017832875252,0.0005208849906921387,1.4382694959640503,0.0,0.0012773899,-0.0010656288,0.99947923,0.010553295,-0.0016125804,-3.0890795e-05,-0.0017614365,0.006862879,0.0041081905,-0.063803084,-0.03092495,-0.00579208,0.046125,0.024584496,1.0,,,,,,,,,,,,,,,,,,,,,,,,,,,,,,,,,,,,,,,,,,,,
124.0,-0.002375435227009241,0.052426956593990326,0.000521028065122664,1.4363945722579956,0.0,0.0013225203,-0.0010720417,0.9994791,0.010831305,-0.00153909,-3.055592e-05,-0.0015685558,0.007193804,0.004203081,0.045940712,0.07957341,0.022421112,0.0465,0.024784114,1.0,,,,,,,,,,,,,,,,,,,,,,,,,,,,,,,,,,,,,,,,,,,,
125.0,-0.002377672909257671,0.05281253904104233,0.0005211830139160156,1.4345066547393799,0.0,0.0013688654,-0.001078181,0.999479,0.011122802,-0.0014734125,-3.0348512e-05,-0.0018348694,0.0070660114,0.0041770935,-0.06380578,-0.030935701,-0.005780625,0.046875,0.024983726,1.0,,,,,,,,,,,,,,,,,,,,,,,,,,,,,,,,,,,,,,,,,,,,
126.0,-0.002379910232947568,0.053196895867586136,0.0005213022232055664,1.4326050281524658,0.0,0.0014164028,-0.0010840013,0.9994788,0.011408971,-0.0013968886,-3.0010568e-05,-0.0016422272,0.007396698,0.0042717457,0.045936067,0.079572365,0.022402102,0.04725,0.025183333,1.0,,,,,,,,,,,,,,,,,,,,,,,,,,,,,,,,,,,,,,,,,,,,
127.0,-0.002382142110917709,0.05357997491955757,0.0005214214324951172,1.4306902885437012,0.0,0.0014651887,-0.0010895354,0.9994787,0.011708625,-0.0013281766,-2.9622077e-05,-0.0019085407,0.0072689056,0.004245758,-0.06380848,-0.030946448,-0.0057691676,0.047625,0.025382934,1.0,,,,,,,,,,,,,,,,,,,,,,,,,,,,,,,,,,,,,,,,,,,,
128.0,-0.0023843735382915406,0.05396179482340813,0.000521540641784668,1.428762435913086,0.0,0.001515201,-0.001094738,0.9994786,0.012002945,-0.0012486188,-2.9326377e-05,-0.0017158985,0.007599592,0.00434041,0.04593142,0.079571314,0.022383094,0.048,0.025582528,1.0,,,,,,,,,,,,,,,,,,,,,,,,,,,,,,,,,,,,,,,,,,,,
129.0,-0.0023865990229442603,0.05434234067797661,0.0005216598510742188,1.4268214702606201,0.0,0.0015664957,-0.0010996416,0.99947846,0.012310748,-0.0011768722,-2.911409e-05,-0.001982212,0.0074718,0.0043144226,-0.06381117,-0.030957192,-0.0057577086,0.048375,0.025782114,1.0,,,,,,,,,,,,,,,,,,,,,,,,,,,,,,,,,,,,,,,,,,,,
130.0,-0.0023888240221938964,0.054721564054489136,0.0005217790603637695,1.4248673915863037,0.0,0.0016190507,-0.0011042011,0.99947834,0.0126132155,-0.0010942799,-2.877676e-05,-0.0017893314,0.0078024864,0.004409075,0.04592678,0.07957027,0.022364091,0.04875,0.025981696,1.0,,,,,,,,,,,,,,,,,,,,,,,,,,,,,,,,,,,,,,,,,,,,
131.0,-0.0023910424904300966,0.05509945750236511,0.0005218982696533203,1.4229001998901367,0.0,0.0016729223,-0.001108449,0.9994782,0.012929163,-0.001019498,-2.85764e-05,-0.0020558834,0.007674694,0.004383087,-0.06381385,-0.030967928,-0.005746247,0.049125,0.02618127,1.0,,,,,,,,,,,,,,,,,,,,,,,,,,,,,,,,,,,,,,,,,,,,
132.0,-0.0023932603809910247,0.05547600984573364,0.0005220174789428711,1.420920491218567,0.0,0.001728088,-0.0011123401,0.9994781,0.013239771,-0.0009338707,-2.8236009e-05,-0.0018630028,0.008005381,0.0044777393,0.045922138,0.07956923,0.02234509,0.0495,0.026380837,1.0,,,,,,,,,,,,,,,,,,,,,,,,,,,,,,,,,,,,,,,,,,,,
133.0,-0.0023954719203542786,0.05585122108459473,0.0005221366882324219,1.418927788734436,0.0,0.001784604,-0.001115907,0.999478,0.0135638565,-0.00085605285,-2.8038521e-05,-0.0021295547,0.00787735,0.0044517517,-0.06381653,-0.030978663,-0.0057347836,0.049875,0.026580399,1.0,,,,,,,,,,,,,,,,,,,,,,,,,,,,,,,,,,,,,,,,,,,,
134.0,-0.002397682469140707,0.05622505396604538,0.0005222439649514854,1.416921854019165,0.0,0.0018424483,-0.0011191044,0.99947786,0.0138826,-0.00076739007,-2.7697191e-05,-0.0019366741,0.008208036,0.004546404,0.045917492,0.07956818,0.022326095,0.05025,0.026779953,1.0,,,,,,,,,,,,,,,,,,,,,,,,,,,,,,,,,,,,,,,,,,,,
135.0,-0.002399886013547439,0.05659746378660202,0.000522315502166748,1.4149034023284912,0.0,0.0019016766,-0.001121965,0.9994778,0.014214818,-0.00068653596,-2.750208e-05,-0.002203226,0.008080244,0.0045204163,-0.06381921,-0.03098939,-0.005723318,0.050625,0.026979502,1.0,,,,,,,,,,,,,,,,,,,,,,,,,,,,,,,,,,,,,,,,,,,,
136.0,-0.0024020892319005062,0.056968461722135544,0.0005224347114562988,1.4128719568252563,0.0,0.001962267,-0.0011244435,0.9994777,0.014541688,-0.0005948376,-2.7343887e-05,-0.0020103455,0.008410692,0.00461483,0.04591285,0.079567134,0.022307103,0.051,0.027179042,1.0,,,,,,,,,,,,,,,,,,,,,,,,,,,,,,,,,,,,,,,,,,,,
137.0,-0.0024043790816953244,0.057338058948516846,0.0005225539207458496,1.41082763671875,0.0,0.0020242755,-0.0011265725,0.99947757,0.014882034,-0.00051094656,-2.7107939e-05,-0.0022768974,0.0082829,0.0045888424,-0.06382188,-0.031000113,-0.0057118502,0.051375,0.027378578,1.0,,,,,,,,,,,,,,,,,,,,,,,,,,,,,,,,,,,,,,,,,,,,
138.0,-0.0024066674149743066,0.05770616978406906,0.0005226731300354004,1.4087705612182617,0.0,0.0020876797,-0.0011283067,0.99947745,0.0152170295,-0.00041621135,-2.6775107e-05,-0.0021476746,0.008613586,0.004683256,0.030634455,0.079495996,0.022414628,0.05175,0.027578104,1.0,,,,,,,,,,,,,,,,,,,,,,,,,,,,,,,,,,,,,,,,,,,,
139.0,-0.0024089489148399193,0.058072835206985474,0.0005227923393249512,1.406700849533081,0.0,0.002152536,-0.0011296679,0.9994773,0.015565483,-0.00032668153,-2.6587815e-05,-0.0024778843,0.008485556,0.0046572685,-0.0790947,-0.031083927,-0.005566858,0.052125,0.027777625,1.0,,,,,,,,,,,,,,,,,,,,,,,,,,,,,,,,,,,,,,,,,,,,
140.0,-0.0024112288322526176,0.05843798443675041,0.000522911548614502,1.4046181440353394,0.0,0.0022188218,-0.0011306,0.9994772,0.015908571,-0.00022370748,-2.6250349e-05,-0.0023486614,0.008816242,0.0047516823,0.03063691,0.079496086,0.022388631,0.0525,0.027977139,1.0,,,,,,,,,,,,,,,,,,,,,,,,,,,,,,,,,,,,,,,,,,,,
141.0,-0.00241350048459796,0.05880165100097656,0.0005229950184002519,1.4025229215621948,0.0,0.002286593,-0.0011311248,0.9994771,0.016265115,-0.00012594026,-2.6065814e-05,-0.0026788712,0.008688211,0.0047256947,-0.07909013,-0.031097177,-0.0055483948,0.052875,0.028176645,1.0,,,,,,,,,,,,,,,,,,,,,,,,,,,,,,,,,,,,,,,,,,,,
142.0,-0.002415770887464266,0.05916373059153557,0.0005230903625488281,1.400415062904358,0.0,0.0023558275,-0.0011311861,0.999477,0.01661629,-1.4731511e-05,-2.5729345e-05,-0.0025496483,0.00901866,0.0048201084,0.03063936,0.079496175,0.022362638,0.05325,0.028376145,1.0,,,,,,,,,,,,,,,,,,,,,,,,,,,,,,,,,,,,,,,,,,,,
143.0,-0.0024180338781907514,0.05952431634068489,0.0005232095718383789,1.3982945680618286,0.0,0.0024265815,-0.0011308058,0.9994769,0.016980916,9.126847e-05,-2.5730202e-05,-0.002879858,0.008890629,0.004794121,-0.07908555,-0.031110419,-0.0055299327,0.053625,0.028575638,1.0,,,,,,,,,,,,,,,,,,,,,,,,,,,,,,,,,,,,,,,,,,,,
144.0,-0.0024202940710693573,0.05988325923681259,0.0005233287811279297,1.396161437034607,0.0,0.002498832,-0.0011299279,0.9994768,0.017340172,0.0002107079,-2.5351854e-05,-0.0027506351,0.009221315,0.004888296,0.030641805,0.07949626,0.022336653,0.054,0.028775124,1.0,,,,,,,,,,,,,,,,,,,,,,,,,,,,,,,,,,,,,,,,,,,,
145.0,-0.0024225468155340203,0.060240648686885834,0.0005234479904174805,1.3940157890319824,0.0,0.0025726357,-0.001128574,0.9994767,0.017712876,0.00032493743,-2.5180254e-05,-0.0030806065,0.009093285,0.0048623085,-0.07908098,-0.031123651,-0.0055114715,0.054375,0.028974602,1.0,,,,,,,,,,,,,,,,,,,,,,,,,,,,,,,,,,,,,,,,,,,,
146.0,-0.002424796309456118,0.06059638410806656,0.0005235075950622559,1.391857624053955,0.0,0.0026479699,-0.0011266881,0.99947655,0.018080205,0.00045260316,-2.4844023e-05,-0.0029513836,0.009423971,0.004956484,0.030644245,0.07949633,0.022310672,0.05475,0.029174073,1.0,,,,,,,,,,,,,,,,,,,,,,,,,,,,,,,,,,,,,,,,,,,,
147.0,-0.002427038642934995,0.06095048040151596,0.0005236268043518066,1.3896868228912354,0.0,0.0027248906,-0.001124292,0.9994765,0.018460982,0.00057505764,-2.4664207e-05,-0.0032815933,0.009295702,0.004930496,-0.079076394,-0.031136872,-0.005493012,0.055125,0.029373536,1.0,,,,,,,,,,,,,,,,,,,,,,,,,,,,,,,,,,,,,,,,,,,,
148.0,-0.0024292776107313735,0.06130295991897583,0.0005237460136413574,1.3875033855438232,0.0,0.0028033755,-0.0011213298,0.9994764,0.018836375,0.00071094494,-2.4515497e-05,-0.003152132,0.009626389,0.005024433,0.030646682,0.079496406,0.022284698,0.0555,0.029572992,1.0,,,,,,,,,,,,,,,,,,,,,,,,,,,,,,,,,,,,,,,,,,,,
149.0,-0.0024315080228279403,0.06165369600057602,0.0005238294834271073,1.3853074312210083,0.0,0.0028834806,-0.0011178231,0.99947625,0.019225216,0.0008416203,-2.4293333e-05,-0.0034823418,0.009498119,0.0049984455,-0.079071805,-0.031150082,-0.005474553,0.055875,0.029772442,1.0,,,,,,,,,,,,,,,,,,,,,,,,,,,,,,,,,,,,,,,,,,,,
150.0,-0.0024337360248041636,0.062002766877412796,0.0005239248275756836,1.383098840713501,0.0,0.0029651835,-0.0011137158,0.9994762,0.01960867,0.0009857262,-2.3972241e-05,-0.0033528805,0.009828806,0.005092621,0.030649113,0.07949648,0.022258729,0.05625,0.029971883,1.0,,,,,,,,,,,,,,,,,,,,,,,,,,,,,,,,,,,,,,,,,,,,
151.0,-0.002435955005696147,0.06235010549426079,0.0005240440368652344,1.380878210067749,0.0,0.0030485399,-0.00110903,0.9994761,0.020005569,0.0011246175,-2.3976161e-05,-0.0036830902,0.009700537,0.005066633,-0.07906722,-0.031163285,-0.005456095,0.056625,0.030171316,1.0,,,,,,,,,,,,,,,,,,,,,,,,,,,,,,,,,,,,,,,,,,,,
152.0,-0.0024381702210455563,0.0626956969499588,0.0005241275066509843,1.3786447048187256,0.0,0.0031335277,-0.0011037093,0.99947596,0.020397078,0.0012769375,-2.360364e-05,-0.003553629,0.010031223,0.00516057,0.03065154,0.07949655,0.022232765,0.057,0.030370744,1.0,,,,,,,,,,,,,,,,,,,,,,,,,,,,,,,,,,,,,,,,,,,,
153.0,-0.0024403772241914537,0.06303952634334564,0.0005242228507995605,1.376399040222168,0.0,0.0032202029,-0.0010977759,0.9994759,0.020802028,0.0014240417,-2.343734e-05,-0.0038836002,0.009902954,0.0051345825,-0.079062626,-0.031176474,-0.0054376386,0.057375,0.030570162,1.0,,,,,,,,,,,,,,,,,,,,,,,,,,,,,,,,,,,,,,,,,,,,
154.0,-0.0024425807354420564,0.06338156014680862,0.0005243420600891113,1.374140739440918,0.0,0.0033085428,-0.0010911735,0.9994758,0.021201584,0.0015845705,-2.329036e-05,-0.003754139,0.010233641,0.005228281,0.030653961,0.079496615,0.022206808,0.05775,0.030769574,1.0,,,,,,,,,,,,,,,,,,,,,,,,,,,,,,,,,,,,,,,,,,,,
155.0,-0.0024447745157852355,0.06372177600860596,0.0005244016647338867,1.3718701601028442,0.0,0.0033986035,-0.001083924,0.99947566,0.02161458,0.0017398831,-2.3072787e-05,-0.0040843487,0.0101053715,0.005202532,-0.079058036,-0.031189656,-0.0054191835,0.058125,0.030968977,1.0,,,,,,,,,,,,,,,,,,,,,,,,,,,,,,,,,,,,,,,,,,,,
156.0,-0.0024469644637888865,0.06406016647815704,0.0005245208740234375,1.3695870637893677,0.0,0.0034903628,-0.0010759714,0.9994756,0.022022178,0.0019086181,-2.2755521e-05,-0.0039548874,0.01043582,0.0052962303,0.030656377,0.079496674,0.022180857,0.0585,0.031168373,1.0,,,,,,,,,,,,,,,,,,,,,,,,,,,,,,,,,,,,,,,,,,,,
157.0,-0.0024491449483140964,0.0643967017531395,0.0005246043438091874,1.3672915697097778,0.0,0.003583876,-0.0010673375,0.9994755,0.022443209,0.0020721338,-2.2763532e-05,-0.0042848587,0.01030755,0.0052702427,-0.07905344,-0.031202827,-0.0054007294,0.058875,0.03136776,1.0,,,,,,,,,,,,,,,,,,,,,,,,,,,,,,,,,,,,,,,,,,,,
158.0,-0.0024513218369663172,0.06473138183355331,0.0005246996879577637,1.3649836778640747,0.0,0.0036791211,-0.0010579664,0.9994754,0.022858841,0.0022490702,-2.2394952e-05,-0.0041553974,0.010638237,0.005363941,0.030658789,0.079496734,0.02215491,0.05925,0.03156714,1.0,,,,,,,,,,,,,,,,,,,,,,,,,,,,,,,,,,,,,,,,,,,,
159.0,-0.002453487802199367,0.06506415456533432,0.0005247831577435136,1.3626635074615479,0.0,0.0037761542,-0.0010478798,0.9994753,0.023287905,0.0024207856,-2.2416669e-05,-0.004485607,0.010509968,0.0053379536,-0.079048835,-0.031215986,-0.0053822766,0.059625,0.03176651,1.0,,,,,,,,,,,,,,,,,,,,,,,,,,,,,,,,,,,,,,,,,,,,
160.0,-0.002455650613108195,0.06539501249790192,0.0005248785018920898,1.3603309392929077,0.0,0.0038749524,-0.0010370217,0.99947524,0.023711566,0.0026059193,-2.20465e-05,-0.0043559074,0.010840416,0.005431652,0.030661197,0.079496786,0.022128971,0.06,0.031965878,1.0,,,,,,,,,,,,,,,,,,,,,,,,,,,,,,,,,,,,,,,,,,,,
161.0,-0.00245780292951464,0.0657239705324173,0.0005249619716778398,1.3579859733581543,0.0,0.0039755716,-0.0010254141,0.9994751,0.024148654,0.00278583,-2.2070253e-05,-0.004686117,0.010712147,0.0054056644,-0.07904423,-0.031229137,-0.005363825,0.060375,0.032165233,1.0,,,,,,,,,,,,,,,,,,,,,,,,,,,,,,,,,,,,,,,,,,,,
162.0,-0.0024599508194161858,0.0660509318113327,0.000525057315826416,1.3556286096572876,0.0,0.0040779896,-0.001013001,0.99947506,0.024580335,0.0029791566,-2.1701237e-05,-0.0045564175,0.011042595,0.0054991245,0.030663598,0.079496846,0.022103038,0.06075,0.03236458,1.0,,,,,,,,,,,,,,,,,,,,,,,,,,,,,,,,,,,,,,,,,,,,
163.0,-0.0024620877550263144,0.06637593358755112,0.0005251526599749923,1.353258728981018,0.0,0.0041822623,-0.0009998041,0.99947494,0.025025442,0.0031672586,-2.172638e-05,-0.004886627,0.010914326,0.0054733753,-0.079039626,-0.031242277,-0.0053453743,0.061125,0.03256392,1.0,,,,,,,,,,,,,,,,,,,,,,,,,,,,,,,,,,,,,,,,,,,,
164.0,-0.0024642204523119848,0.06669892370700836,0.0005252361297607422,1.3508766889572144,0.0,0.0042883675,-0.0009857676,0.9994748,0.02546514,0.0033687737,-2.1358665e-05,-0.0047569275,0.011244774,0.0055668354,0.030665997,0.07949689,0.02207711,0.0615,0.032763254,1.0,,,,,,,,,,,,,,,,,,,,,,,,,,,,,,,,,,,,,,,,,,,,
165.0,-0.002466342485787521,0.06701990962028503,0.0005253195995464921,1.3484822511672974,0.0,0.00439636,-0.0009709131,0.99947476,0.02591826,0.0035650637,-2.120121e-05,-0.005086899,0.011116505,0.005540848,-0.079035014,-0.03125541,-0.005326925,0.061875,0.03296258,1.0,,,,,,,,,,,,,,,,,,,,,,,,,,,,,,,,,,,,,,,,,,,,
166.0,-0.0024684588626309196,0.06733885407447815,0.0005254149436950684,1.346075415611267,0.0,0.0045062182,-0.0009551849,0.9994747,0.026365962,0.003774762,-2.1061931e-05,-0.0049574375,0.011446953,0.005634308,0.03066839,0.079496935,0.022051187,0.06225,0.033161893,1.0,,,,,,,,,,,,,,,,,,,,,,,,,,,,,,,,,,,,,,,,,,,,
167.0,-0.0024705646702478825,0.0676557645201683,0.0005254984134808183,1.3436561822891235,0.0,0.004617998,-0.00093860476,0.9994746,0.026827088,0.003979234,-2.103647e-05,-0.005287409,0.011318445,0.0056083202,-0.0790304,-0.03126853,-0.0053084767,0.062625,0.0333612,1.0,,,,,,,,,,,,,,,,,,,,,,,,,,,,,,,,,,,,,,,,,,,,
168.0,-0.0024726650599836194,0.06797055155038834,0.0005255937576293945,1.3412247896194458,0.0,0.004731676,-0.0009211168,0.9994745,0.027282793,0.004197113,-2.0683889e-05,-0.005157709,0.011648893,0.005701542,0.030670779,0.07949698,0.02202527,0.063,0.0335605,1.0,,,,,,,,,,,,,,,,,,,,,,,,,,,,,,,,,,,,,,,,,,,,
169.0,-0.0024747549398806534,0.06828324496746063,0.0005256772274151444,1.3387806415557861,0.0,0.004847309,-0.0009027428,0.9994744,0.027751915,0.0044097635,-2.0710146e-05,-0.0054876804,0.011520624,0.0056757927,-0.07902578,-0.03128164,-0.0052900296,0.063375,0.03375979,1.0,,,,,,,,,,,,,,,,,,,,,,,,,,,,,,,,,,,,,,,,,,,,
170.0,-0.0024768396479930657,0.06859384477138519,0.0005257487064227462,1.3363242149353027,0.0,0.004964874,-0.00088342687,0.99947435,0.028215617,0.004635819,-2.0347054e-05,-0.0053579807,0.011851072,0.005768776,0.030673161,0.07949702,0.02199936,0.06375,0.033959072,1.0,,,,,,,,,,,,,,,,,,,,,,,,,,,,,,,,,,,,,,,,,,,,
171.0,-0.002478912770362308,0.06890226900577545,0.0005258321762084961,1.333855390548706,0.0,0.005084427,-0.00086319086,0.9994742,0.028692732,0.0048566433,-2.0377434e-05,-0.005687952,0.011722565,0.0057430267,-0.07902116,-0.031294737,-0.005271584,0.064125,0.034158345,1.0,,,,,,,,,,,,,,,,,,,,,,,,,,,,,,,,,,,,,,,,,,,,
172.0,-0.0024809800309406062,0.0692085474729538,0.000525915645994246,1.3313742876052856,0.0,0.0052059456,-0.0008419789,0.99947417,0.02916442,0.0050908704,-2.0014997e-05,-0.0055582523,0.012053013,0.0058362484,0.030675542,0.079497054,0.021973455,0.0645,0.03435761,1.0,,,,,,,,,,,,,,,,,,,,,,,,,,,,,,,,,,,,,,,,,,,,
173.0,-0.0024830349702811513,0.06951262056827545,0.0005260109901428223,1.328880786895752,0.0,0.005329485,-0.0008198128,0.9994741,0.02964952,0.0053198645,-2.0046878e-05,-0.0058882236,0.011924505,0.005810261,-0.07901654,-0.031307828,-0.0052531394,0.064875,0.03455687,1.0,,,,,,,,,,,,,,,,,,,,,,,,,,,,,,,,,,,,,,,,,,,,
174.0,-0.0024850844043440307,0.0698145255446434,0.0005260944599285722,1.3263746500015259,0.0,0.0054550236,-0.00079663674,0.999474,0.03012919,0.0055622575,-1.9869663e-05,-0.005758524,0.012254953,0.005903244,0.030677915,0.07949709,0.021947557,0.06525,0.034756117,1.0,,,,,,,,,,,,,,,,,,,,,,,,,,,,,,,,,,,,,,,,,,,,
175.0,-0.0024871214042947697,0.07011418044567108,0.0005261659389361739,1.3238563537597656,0.0,0.005582616,-0.0007724725,0.9994739,0.030622272,0.005799419,-1.9675783e-05,-0.0060884953,0.012126446,0.005877495,-0.07901191,-0.031320907,-0.005234696,0.065625,0.034955356,1.0,,,,,,,,,,,,,,,,,,,,,,,,,,,,,,,,,,,,,,,,,,,,
176.0,-0.002489152192634513,0.07041161507368088,0.0005262494087219238,1.321325421333313,0.0,0.005712241,-0.00074726425,0.9994738,0.031109914,0.0060499744,-1.955317e-05,-0.0059587955,0.012456894,0.005970478,0.030680284,0.07949712,0.021921663,0.066,0.035154585,1.0,,,,,,,,,,,,,,,,,,,,,,,,,,,,,,,,,,,,,,,,,,,,
177.0,-0.0024911701485043477,0.07070672512054443,0.0005263328785076737,1.318782091140747,0.0,0.005843953,-0.00072103384,0.99947375,0.031610966,0.006295297,-1.934813e-05,-0.006288767,0.012328386,0.0059444904,-0.07900728,-0.03133398,-0.0052162535,0.066375,0.03535381,1.0,,,,,,,,,,,,,,,,,,,,,,,,,,,,,,,,,,,,,,,,,,,,
178.0,-0.0024931815513772673,0.07099958509206772,0.0005264043575152755,1.3162262439727783,0.0,0.0059777307,-0.0006937255,0.9994737,0.03210658,0.006554011,-1.9229756e-05,-0.0061588287,0.012658834,0.0060374737,0.03068265,0.07949714,0.021895776,0.06675,0.03555302,1.0,,,,,,,,,,,,,,,,,,,,,,,,,,,,,,,,,,,,,,,,,,,,
179.0,-0.00249518019565382,0.07129015028476715,0.0005264878273010254,1.3136579990386963,0.0,0.006113629,-0.00066536095,0.9994736,0.032615595,0.0068074893,-1.9209325e-05,-0.0064888,0.012530088,0.0060117245,-0.07900265,-0.031347036,-0.005197813,0.067125,0.035752226,1.0,,,,,,,,,,,,,,,,,,,,,,,,,,,,,,,,,,,,,,,,,,,,
180.0,-0.0024971831667231644,0.07157833874225616,0.0005265712970867753,1.3110771179199219,0.0,0.0062516257,-0.00063588447,0.9994735,0.033119168,0.0070743584,-1.88653e-05,-0.0063591003,0.012860537,0.0061044693,0.03068501,0.079497166,0.021869894,0.0675,0.03595142,1.0,,,,,,,,,,,,,,,,,,,,,,,,,,,,,,,,,,,,,,,,,,,,
181.0,-0.002499177674868906,0.07186420261859894,0.000526642776094377,1.308483600616455,0.0,0.0063917763,-0.0006053178,0.99947345,0.033636145,0.0073359893,-1.889947e-05,-0.0066890717,0.012732029,0.0060784817,-0.078998014,-0.031360086,-0.0051793726,0.067875,0.036150604,1.0,,,,,,,,,,,,,,,,,,,,,,,,,,,,,,,,,,,,,,,,,,,,
182.0,-0.002501166050937204,0.07214769721031189,0.0005267023807391524,1.305877923965454,0.0,0.006534058,-0.0005736053,0.99947333,0.034147672,0.0076110074,-1.87282e-05,-0.0065591335,0.013062477,0.0061712265,0.030687364,0.07949719,0.021844018,0.06825,0.036349785,1.0,,,,,,,,,,,,,,,,,,,,,,,,,,,,,,,,,,,,,,,,,,,,
183.0,-0.002503141975861299,0.07242880016565323,0.0005268097156658769,1.3032593727111816,0.0,0.006678527,-0.00054076867,0.9994733,0.0346726,0.007880787,-1.8539538e-05,-0.006889105,0.012933731,0.0061454773,-0.07899338,-0.03137313,-0.0051609343,0.068625,0.03654895,1.0,,,,,,,,,,,,,,,,,,,,,,,,,,,,,,,,,,,,,,,,,,,,
184.0,-0.0025051116729899897,0.07270745187997818,0.0005268693203106523,1.3006280660629272,0.0,0.0068251607,-0.0005067522,0.9994732,0.035192072,0.008163951,-1.8422174e-05,-0.0067591667,0.013264179,0.006238222,0.030689714,0.0794972,0.021818148,0.069,0.03674811,1.0,,,,,,,,,,,,,,,,,,,,,,,,,,,,,,,,,,,,,,,,,,,,
185.0,-0.002507068531457553,0.07298371940851212,0.000526940799318254,1.2979843616485596,0.0,0.006974015,-0.00047157775,0.99947315,0.035724945,0.008441874,-1.8406457e-05,-0.007089138,0.013135433,0.0062122345,-0.07898874,-0.031386156,-0.005142497,0.069375,0.036947258,1.0,,,,,,,,,,,,,,,,,,,,,,,,,,,,,,,,,,,,,,,,,,,,
186.0,-0.00250901827832681,0.07325749099254608,0.0005270004039630294,1.2953280210494995,0.0,0.007125066,-0.0004351895,0.99947304,0.03625236,0.0087331785,-1.825013e-05,-0.0069592,0.013465881,0.006304741,0.03069206,0.07949722,0.021792283,0.06975,0.0371464,1.0,,,,,,,,,,,,,,,,,,,,,,,,,,,,,,,,,,,,,,,,,,,,
187.0,-0.0025109561297438454,0.07352884113788605,0.0005271077388897538,1.2926591634750366,0.0,0.007278371,-0.0003976093,0.999473,0.036793176,0.009019243,-1.8061259e-05,-0.007289171,0.013337135,0.0062789917,-0.07898409,-0.031399176,-0.0051240604,0.070125,0.03734553,1.0,,,,,,,,,,,,,,,,,,,,,,,,,,,,,,,,,,,,,,,,,,,,
188.0,-0.0025128859037743764,0.07379761338233948,0.0005271792178973556,1.2899775505065918,0.0,0.0074339067,-0.0003587815,0.9994729,0.037328523,0.009318683,-1.7947175e-05,-0.0071589947,0.013667583,0.006371498,0.0306944,0.07949723,0.021766426,0.0705,0.037544653,1.0,,,,,,,,,,,,,,,,,,,,,,,,,,,,,,,,,,,,,,,,,,,,
189.0,-0.0025148032049573804,0.07406394183635712,0.000527238822542131,1.287283182144165,0.0,0.0075917286,-0.0003187278,0.9994728,0.037877265,0.009612881,-1.7933986e-05,-0.007488966,0.013538599,0.006345749,-0.07897944,-0.031412184,-0.005105626,0.070875,0.037743766,1.0,,,,,,,,,,,,,,,,,,,,,,,,,,,,,,,,,,,,,,,,,,,,
190.0,-0.0025167129534410583,0.07432767748832703,0.0005272984271869063,1.2845760583877563,0.0,0.007751814,-0.00027739257,0.99947274,0.038420543,0.009920455,-1.7596354e-05,-0.007359028,0.013869047,0.0064382553,0.030696739,0.07949724,0.021740573,0.07125,0.037942868,1.0,,,,,,,,,,,,,,,,,,,,,,,,,,,,,,,,,,,,,,,,,,,,
191.0,-0.0025186096955137,0.07458887994289398,0.0005273818969726562,1.2818560600280762,0.0,0.007914219,-0.00023479766,0.9994727,0.03897721,0.010222782,-1.7637261e-05,-0.007688999,0.013740301,0.006412506,-0.07897479,-0.031425186,-0.0050871917,0.071625,0.038141962,1.0,,,,,,,,,,,,,,,,,,,,,,,,,,,,,,,,,,,,,,,,,,,,
192.0,-0.00252049881889742,0.07484752684831619,0.0005274653667584062,1.2791234254837036,0.0,0.008078921,-0.00019088731,0.9994726,0.039528407,0.010538483,-1.7472494e-05,-0.0075588226,0.014070749,0.006504774,0.030699069,0.07949724,0.021714726,0.072,0.038341045,1.0,,,,,,,,,,,,,,,,,,,,,,,,,,,,,,,,,,,,,,,,,,,,
193.0,-0.0025223746154081125,0.07510356605052948,0.0005275368457660079,1.27637779712677,0.0,0.008245975,-0.0001456834,0.99947256,0.04009299,0.010848938,-1.7474487e-05,-0.007888794,0.013941765,0.006479025,-0.078970134,-0.031438176,-0.0050687594,0.072375,0.038540117,1.0,,,,,,,,,,,,,,,,,,,,,,,,,,,,,,,,,,,,,,,,,,,,
194.0,-0.002524242516992602,0.07535694539546967,0.0005275964504107833,1.2736194133758545,0.0,0.008415359,-9.913022e-05,0.99947244,0.040652104,0.011172761,-1.7320463e-05,-0.0077586174,0.014272213,0.0065710545,0.030701397,0.07949724,0.021688886,0.07275,0.038739182,1.0,,,,,,,,,,,,,,,,,,,,,,,,,,,,,,,,,,,,,,,,,,,,
195.0,-0.0025260964853665514,0.07560770213603973,0.0005276560550555587,1.2708483934402466,0.0,0.0085871285,-5.1249648e-05,0.9994724,0.0412246,0.011491339,-1.7137641e-05,-0.008088589,0.014143467,0.0065453053,-0.07896548,-0.031451155,-0.005050328,0.073125,0.03893824,1.0,,,,,,,,,,,,,,,,,,,,,,,,,,,,,,,,,,,,,,,,,,,,
196.0,-0.0025279428251762897,0.0758557841181755,0.0005277395248413086,1.2680643796920776,0.0,0.00876126,-1.9859751e-06,0.9994723,0.041791618,0.011823281,-1.702859e-05,-0.007958412,0.014473677,0.0066375732,0.03070372,0.07949724,0.021663051,0.0735,0.039137285,1.0,,,,,,,,,,,,,,,,,,,,,,,,,,,,,,,,,,,,,,,,,,,,
197.0,-0.0025297749163168915,0.07610119879245758,0.000527799129486084,1.2652673721313477,0.0,0.00893781,4.8638914e-05,0.99947226,0.042372014,0.012149974,-1.70208e-05,-0.0082883835,0.014344931,0.006611824,-0.07896082,-0.031464122,-0.005031898,0.073875,0.03933632,1.0,,,,,,,,,,,,,,,,,,,,,,,,,,,,,,,,,,,,,,,,,,,,
198.0,-0.0025315988680490297,0.07634391635656357,0.0005278706667013466,1.2624574899673462,0.0,0.009116756,0.000100680714,0.9994722,0.04294693,0.012490031,-1.6872295e-05,-0.008158207,0.01467514,0.0067038536,0.030706037,0.07949723,0.02163722,0.07425,0.039535344,1.0,,,,,,,,,,,,,,,,,,,,,,,,,,,,,,,,,,,,,,,,,,,,
199.0,-0.0025334086270334378,0.07658390700817108,0.0005279540782794356,1.2596344947814941,0.0,0.009298152,0.00015411753,0.9994721,0.04353523,0.012824836,-1.6875403e-05,-0.008488178,0.014546156,0.0066781044,-0.07895616,-0.031477083,-0.005013469,0.074625,0.03973436,1.0,,,,,,,,,,,,,,,,,,,,,,,,,,,,,,,,,,,,,,,,,,,,
200.0,-0.0025352097883556963,0.07682113349437714,0.000528013682924211,1.2567986249923706,0.0,0.009481978,0.00020900505,0.999472,0.04411804,0.013173005,-1.6542013e-05,-0.008358002,0.014876604,0.006770134,0.03070835,0.079497226,0.021611398,0.075,0.039933365,1.0,,,,,,,,,,,,,,,,,,,,,,,,,,,,,,,,,,,,,,,,,,,,
201.0,-0.0025369965427998607,0.07705564796924591,0.0005280971527099609,1.253949761390686,0.0,0.009668287,0.00026532137,0.99947196,0.044714224,0.013515918,-1.659014e-05,-0.008687735,0.01474762,0.0067443848,-0.07895149,-0.03149003,-0.0049950415,0.075375,0.040132362,1.0,,,,,,,,,,,,,,,,,,,,,,,,,,,,,,,,,,,,,,,,,,,,
202.0,-0.0025387748966184238,0.07728730142116547,0.0005281567573547363,1.2510876655578613,0.0,0.009857058,0.00032312216,0.9994719,0.04530492,0.01387219,-1.6431733e-05,-0.008557558,0.015078068,0.006836176,0.030710658,0.07949721,0.02158558,0.07575,0.04033135,1.0,,,,,,,,,,,,,,,,,,,,,,,,,,,,,,,,,,,,,,,,,,,,
203.0,-0.0025405379507166303,0.07751619070768356,0.0005282163619995117,1.2482126951217651,0.0,0.010048345,0.00038238554,0.99947184,0.04590899,0.014223207,-1.644045e-05,-0.008887529,0.014949083,0.006810665,-0.07894682,-0.031502973,-0.004976615,0.076125,0.040530324,1.0,,,,,,,,,,,,,,,,,,,,,,,,,,,,,,,,,,,,,,,,,,,,
204.0,-0.0025422927947586645,0.07774224877357483,0.0005282759666442871,1.2453243732452393,0.0,0.010242126,0.0004431671,0.9994718,0.046507563,0.014587579,-1.6292899e-05,-0.008757114,0.015279293,0.0069024563,0.03071296,0.079497196,0.021559767,0.0765,0.040729288,1.0,,,,,,,,,,,,,,,,,,,,,,,,,,,,,,,,,,,,,,,,,,,,
205.0,-0.0025440325142804293,0.07796546816825867,0.0005283475038595498,1.242423176765442,0.0,0.010438457,0.000505445,0.9994717,0.04711951,0.014946695,-1.6300708e-05,-0.009087086,0.015150309,0.006876707,-0.07894215,-0.0315159,-0.00495819,0.076875,0.040928245,1.0,,,,,,,,,,,,,,,,,,,,,,,,,,,,,,,,,,,,,,,,,,,,
206.0,-0.0025457624829536636,0.07818575948476791,0.0005284071085043252,1.2395085096359253,0.0,0.010637316,0.0005692749,0.9994716,0.047725957,0.015319164,-1.6154976e-05,-0.008956671,0.015480757,0.006968498,0.03071526,0.07949718,0.02153396,0.07725,0.04112719,1.0,,,,,,,,,,,,,,,,,,,,,,,,,,,,,,,,,,,,,,,,,,,,
207.0,-0.0025474774417136303,0.07840325683355331,0.0005284667131491005,1.236580729484558,0.0,0.010838756,0.00063463475,0.99947155,0.048345774,0.015686376,-1.5980062e-05,-0.009286642,0.015351534,0.006942749,-0.07893747,-0.031528823,-0.004939766,0.077625,0.041326124,1.0,,,,,,,,,,,,,,,,,,,,,,,,,,,,,,,,,,,,,,,,,,,,
208.0,-0.0025491839024062574,0.07861777395009995,0.0005285501247271895,1.2336395978927612,0.0,0.011042757,0.0007015803,0.9994715,0.048960082,0.016066935,-1.58788e-05,-0.009156227,0.015681982,0.00703454,0.030717554,0.07949716,0.021508161,0.078,0.04152505,1.0,,,,,,,,,,,,,,,,,,,,,,,,,,,,,,,,,,,,,,,,,,,,
209.0,-0.002550873857013885,0.07882940769195557,0.0005286097293719649,1.2306853532791138,0.0,0.011249373,0.0007700896,0.9994714,0.04958776,0.016442236,-1.5879028e-05,-0.009486198,0.015552759,0.007008791,-0.07893279,-0.03154173,-0.004921343,0.078375,0.041723963,1.0,,,,,,,,,,,,,,,,,,,,,,,,,,,,,,,,,,,,,,,,,,,,
210.0,-0.0025525548567768247,0.07903803884983063,0.0005286693340167403,1.2277178764343262,0.0,0.01145858,0.00084021833,0.99947137,0.05020993,0.016830882,-1.5738287e-05,-0.009355783,0.015883207,0.0071003437,0.030719845,0.079497136,0.021482365,0.07875,0.041922867,1.0,,,,,,,,,,,,,,,,,,,,,,,,,,,,,,,,,,,,,,,,,,,,
211.0,-0.0025542204351458203,0.0792437270283699,0.0005287289386615157,1.2247369289398193,0.0,0.011670437,0.00091194443,0.9994713,0.05084546,0.017214267,-1.5749412e-05,-0.009685516,0.015753984,0.0070745945,-0.07892811,-0.031554632,-0.0049029216,0.079125,0.04212176,1.0,,,,,,,,,,,,,,,,,,,,,,,,,,,,,,,,,,,,,,,,,,,,
212.0,-0.002555875210876579,0.07944639772176743,0.0005287885433062911,1.2217426300048828,0.0,0.0118849175,0.0009853236,0.99947125,0.05147548,0.017610997,-1.5607719e-05,-0.00955534,0.016084194,0.007166147,0.030722128,0.07949711,0.021456577,0.0795,0.042320643,1.0,,,,,,,,,,,,,,,,,,,,,,,,,,,,,,,,,,,,,,,,,,,,
213.0,-0.0025575145069841056,0.07964611053466797,0.000528872013092041,1.2187350988388062,0.0,0.01210208,0.0010603338,0.9994712,0.052118856,0.018002462,-1.5620702e-05,-0.009885073,0.01595521,0.0071406364,-0.07892343,-0.03156752,-0.0048845015,0.079875,0.042519517,1.0,,,,,,,,,,,,,,,,,,,,,,,,,,,,,,,,,,,,,,,,,,,,
214.0,-0.0025591443763399954,0.07984276115894318,0.0005289316177368164,1.2157140970230103,0.0,0.0123219,0.0011370308,0.9994711,0.05275672,0.018407268,-1.5480176e-05,-0.009754658,0.01628542,0.0072319508,0.030724408,0.07949708,0.021430794,0.08025,0.042718377,1.0,,,,,,,,,,,,,,,,,,,,,,,,,,,,,,,,,,,,,,,,,,,,
215.0,-0.002560757505558627,0.08003635704517365,0.0005290031549520791,1.2126796245574951,0.0,0.012544433,0.0012153925,0.99947107,0.05340794,0.01880681,-1.5494523e-05,-0.010084391,0.016156197,0.0072062016,-0.07891874,-0.0315804,-0.0048660827,0.080625,0.04291723,1.0,,,,,,,,,,,,,,,,,,,,,,,,,,,,,,,,,,,,,,,,,,,,
216.0,-0.0025623606551520924,0.0802268534898758,0.0005290627595968544,1.2096318006515503,0.0,0.012769655,0.0012954746,0.99947095,0.054053638,0.01921969,-1.535528e-05,-0.009953976,0.016486406,0.007297516,0.030726684,0.07949704,0.021405017,0.081,0.043116067,1.0,,,,,,,,,,,,,,,,,,,,,,,,,,,,,,,,,,,,,,,,,,,,
217.0,-0.002563947124396222,0.08041425794363022,0.0005291223642416298,1.2065703868865967,0.0,0.012997625,0.001377255,0.9994709,0.054712694,0.019627303,-1.5187026e-05,-0.010283709,0.016357183,0.007272005,-0.07891405,-0.03159327,-0.004847665,0.081375,0.043314897,1.0,,,,,,,,,,,,,,,,,,,,,,,,,,,,,,,,,,,,,,,,,,,,
218.0,-0.0025655233140673816,0.08059857785701752,0.0005291819688864052,1.2034955024719238,0.0,0.013228318,0.0014607894,0.99947083,0.055366226,0.020048251,-1.5092215e-05,-0.010153294,0.016687632,0.0073633194,0.030728955,0.079497,0.021379245,0.08175,0.043513715,1.0,,,,,,,,,,,,,,,,,,,,,,,,,,,,,,,,,,,,,,,,,,,,
219.0,-0.0025670828530155137,0.08077974617481232,0.0005292177083902061,1.2004071474075317,0.0,0.013461789,0.0015460557,0.9994708,0.0560331,0.020463929,-1.5099105e-05,-0.0104830265,0.016558409,0.00733757,-0.07890935,-0.03160613,-0.0048292484,0.082125,0.043712523,1.0,,,,,,,,,,,,,,,,,,,,,,,,,,,,,,,,,,,,,,,,,,,,
220.0,-0.0027184213515831063,0.08095778524875641,0.000529301178175956,1.1973052024841309,0.0,0.013698016,0.0016331096,0.9994707,0.056694455,0.02089294,-1.4964811e-05,-0.010352612,0.016888618,0.0074288845,0.030731222,0.07949696,0.02135348,0.0825,0.04391132,1.0,,,,,,,,,,,,,,,,,,,,,,,,,,,,,,,,,,,,,,,,,,,,
221.0,-0.0027201092372129455,0.08113261312246323,0.0005293607828207314,1.1941895484924316,0.0,0.013937054,0.0017219292,0.99947065,0.05736915,0.02131668,-1.49825955e-05,-0.010682344,0.016759157,0.0074031353,-0.07890466,-0.03161898,-0.0048108334,0.082875,0.044110104,1.0,,,,,,,,,,,,,,,,,,,,,,,,,,,,,,,,,,,,,,,,,,,,
222.0,-0.0027217797567519655,0.08130428194999695,0.0005294203874655068,1.1910605430603027,0.0,0.0141788805,0.0018125698,0.9994706,0.058038317,0.021753749,-1.48473455e-05,-0.0105519295,0.017089605,0.007494211,0.030733483,0.07949692,0.02132772,0.08325,0.044308882,1.0,,,,,,,,,,,,,,,,,,,,,,,,,,,,,,,,,,,,,,,,,,,,
223.0,-0.002723426933981199,0.08147274702787399,0.0005294799921102822,1.187917947769165,0.0,0.014423551,0.0019050095,0.99947053,0.058720827,0.022185545,-1.4866985e-05,-0.010881662,0.016960144,0.0074687004,-0.07889996,-0.03163182,-0.0047924193,0.083625,0.044507645,1.0,,,,,,,,,,,,,,,,,,,,,,,,,,,,,,,,,,,,,,,,,,,,
224.0,-0.002725056439963834,0.08163802325725555,0.0005295395967550576,1.1847620010375977,0.0,0.014671042,0.001999304,0.9994705,0.0593978,0.02263067,-1.4732898e-05,-0.010751009,0.017290592,0.0075597763,0.03073574,0.07949687,0.021301964,0.084,0.044706397,1.0,,,,,,,,,,,,,,,,,,,,,,,,,,,,,,,,,,,,,,,,,,,,
225.0,-0.002726662428878711,0.08180008083581924,0.000529599201399833,1.1815924644470215,0.0,0.014921409,0.002095431,0.9994704,0.060088117,0.023070518,-1.4753895e-05,-0.011080742,0.01716113,0.007534027,-0.07889525,-0.03164465,-0.0047740065,0.084375,0.044905137,1.0,,,,,,,,,,,,,,,,,,,,,,,,,,,,,,,,,,,,,,,,,,,,
226.0,-0.0027282509488819186,0.08195897191762924,0.0005296588060446084,1.178409457206726,0.0,0.015174629,0.0021934465,0.99947035,0.060772892,0.02352369,-1.4621088e-05,-0.010950327,0.01749134,0.007625103,0.030737992,0.079496816,0.021276217,0.08475,0.045103867,1.0,,,,,,,,,,,,,,,,,,,,,,,,,,,,,,,,,,,,,,,,,,,,
227.0,-0.002729626118461698,0.08211459964513779,0.0005297184106893837,1.1752129793167114,0.0,0.015430758,0.002293328,0.9994703,0.061471004,0.023971586,-1.4643414e-05,-0.01128006,0.01736188,0.007599354,-0.07889055,-0.03165747,-0.0047555952,0.085125,0.04530259,1.0,,,,,,,,,,,,,,,,,,,,,,,,,,,,,,,,,,,,,,,,,,,,
228.0,-0.0027309830689915882,0.08226700872182846,0.0005297780153341591,1.172003149986267,0.0,0.015689773,0.0023951314,0.99947023,0.06216357,0.024432803,-1.451189e-05,-0.011149406,0.017590523,0.0076913834,0.030930664,0.055069197,0.021525996,0.0855,0.045501295,1.0,,,,,,,,,,,,,,,,,,,,,,,,,,,,,,,,,,,,,,,,,,,,
229.0,-0.0027323158363878235,0.08241623640060425,0.0005298376199789345,1.1687798500061035,0.0,0.015951712,0.0024988344,0.9994702,0.06286531,0.02488871,-1.44621345e-05,-0.011479139,0.017359257,0.0076670647,-0.0786905,-0.056092158,-0.004472913,0.085875,0.04569999,1.0,,,,,,,,,,,,,,,,,,,,,,,,,,,,,,,,,,,,,,,,,,,,
230.0,-0.0027336300506102845,0.08256223052740097,0.0005298733594827354,1.1655431985855103,0.0,0.016216533,0.0026044922,0.9994701,0.06355734,0.0253579,-1.4277209e-05,-0.011348486,0.017587662,0.007758856,0.030931838,0.05508069,0.021511458,0.08625,0.045898676,1.0,,,,,,,,,,,,,,,,,,,,,,,,,,,,,,,,,,,,,,,,,,,,
231.0,-0.002734920614344304,0.0827050432562828,0.0005299329641275108,1.1622933149337769,0.0,0.016484277,0.002712083,0.99947006,0.064258546,0.025821777,-1.4238905e-05,-0.01167798,0.017356634,0.007734537,-0.07868133,-0.05609362,-0.004465792,0.086625,0.04609735,1.0,,,,,,,,,,,,,,,,,,,,,,,,,,,,,,,,,,,,,,,,,,,,
232.0,-0.002736192886622274,0.08284465968608856,0.0005299925687722862,1.1590301990509033,0.0,0.016754903,0.002821662,0.99947,0.06495004,0.026298936,-1.4054005e-05,-0.011547327,0.01758504,0.007826328,0.03093301,0.05509218,0.02149692,0.087,0.04629601,1.0,,,,,,,,,,,,,,,,,,,,,,,,,,,,,,,,,,,,,,,,,,,,
233.0,-0.002737441096328399,0.08298107981681824,0.0005300521734170616,1.1557537317276,0.0,0.017028447,0.002933207,0.99946994,0.06565072,0.026770778,-1.4014625e-05,-0.01187706,0.017354012,0.0078020096,-0.078672156,-0.05609508,-0.0044586686,0.087375,0.04649466,1.0,,,,,,,,,,,,,,,,,,,,,,,,,,,,,,,,,,,,,,,,,,,,
234.0,-0.0027386706381045036,0.08311427384614944,0.0005300879711285233,1.1524639129638672,0.0,0.017304871,0.0030467731,0.9994699,0.066341676,0.027255898,-1.3832685e-05,-0.011746407,0.017582417,0.007893801,0.030934181,0.05510366,0.021482382,0.08775,0.0466933,1.0,,,,,,,,,,,,,,,,,,,,,,,,,,,,,,,,,,,,,,,,,,,,
235.0,-0.0027398770565236707,0.08324433118104935,0.0005301475757732987,1.1491611003875732,0.0,0.017584212,0.0031623386,0.9994698,0.06704181,0.027735699,-1.3791541e-05,-0.012075901,0.017351389,0.007869482,-0.078662984,-0.056096535,-0.004451544,0.088125,0.046891924,1.0,,,,,,,,,,,,,,,,,,,,,,,,,,,,,,,,,,,,,,,,,,,,
236.0,-0.0027410640792546303,0.08337117731571198,0.0005302071804180741,1.14584481716156,0.0,0.01786643,0.0032799584,0.99946976,0.06773223,0.028228775,-1.361272e-05,-0.011945248,0.017580032,0.007961273,0.030935349,0.055115137,0.021467844,0.0885,0.04709054,1.0,,,,,,,,,,,,,,,,,,,,,,,,,,,,,,,,,,,,,,,,,,,,
237.0,-0.0027422277998906627,0.0834948718547821,0.0005302667850628495,1.142515778541565,0.0,0.018151563,0.0033996108,0.9994697,0.06843183,0.02871653,-1.3569777e-05,-0.012274981,0.017348766,0.0079369545,-0.07865382,-0.05609799,-0.004444417,0.088875,0.047289144,1.0,,,,,,,,,,,,,,,,,,,,,,,,,,,,,,,,,,,,,,,,,,,,
238.0,-0.002743373094082165,0.08361534774303436,0.0005303263897076249,1.1391733884811401,0.0,0.01843957,0.0035213504,0.99946964,0.06912172,0.029217554,-1.3394082e-05,-0.012144089,0.01757741,0.008028269,0.030934844,0.0551254,0.021356234,0.08925,0.047487736,1.0,,,,,,,,,,,,,,,,,,,,,,,,,,,,,,,,,,,,,,,,,,,,
239.0,-0.0027444942591698693,0.08373267203569412,0.0005303621292114258,1.1358181238174438,0.0,0.01873049,0.0036451558,0.9994696,0.069820784,0.029713256,-1.3349337e-05,-0.012473822,0.017346382,0.008003712,-0.07864636,-0.056100614,-0.0045343363,0.089625,0.047686316,1.0,,,,,,,,,,,,,,,,,,,,,,,,,,,,,,,,,,,,,,,,,,,,
240.0,-0.0027455968834361956,0.08384682238101959,0.0005303978687152267,1.1324496269226074,0.0,0.019024283,0.0037710816,0.9994695,0.07051014,0.030222226,-1.3176769e-05,-0.01234293,0.017575026,0.008094788,0.030936057,0.055136833,0.02134174,0.09,0.04788488,1.0,,,,,,,,,,,,,,,,,,,,,,,,,,,,,,,,,,,,,,,,,,,,
241.0,-0.002746675971153957,0.08395781368017197,0.0005304455989971757,1.1290684938430786,0.0,0.019320985,0.003899106,0.99946946,0.07120867,0.030725868,-1.3130221e-05,-0.012672663,0.017343998,0.0080702305,-0.07863726,-0.056102,-0.004527162,0.090375,0.04808344,1.0,,,,,,,,,,,,,,,,,,,,,,,,,,,,,,,,,,,,,,,,,,,,
242.0,-0.0027477360597746043,0.08406566083431244,0.0005305052036419511,1.1256742477416992,0.0,0.019620558,0.004029284,0.99946946,0.07189749,0.031242775,-1.2960779e-05,-0.012541771,0.017572641,0.008161306,0.030937267,0.055148263,0.021327242,0.09075,0.048281983,1.0,,,,,,,,,,,,,,,,,,,,,,,,,,,,,,,,,,,,,,,,,,,,
243.0,-0.0027487733133982092,0.08417034149169922,0.0005305648082867265,1.1222670078277588,0.0,0.019923039,0.004161594,0.9994694,0.072595485,0.03175435,-1.3096353e-05,-0.012871265,0.017341614,0.008136749,-0.07862815,-0.056103382,-0.0045199855,0.091125,0.048480514,1.0,,,,,,,,,,,,,,,,,,,,,,,,,,,,,,,,,,,,,,,,,,,,
244.0,-0.0027497909706733826,0.0842718631029129,0.0005306005477905273,1.118847131729126,0.0,0.020228388,0.004296091,0.99946934,0.07328378,0.032279186,-1.2886901e-05,-0.012740612,0.017570496,0.00822711,0.030935545,0.05515747,0.021142602,0.0915,0.048679035,1.0,,,,,,,,,,,,,,,,,,,,,,,,,,,,,,,,,,,,,,,,,,,,
245.0,-0.0027507854862801086,0.0843702182173729,0.0005306362872943282,1.1154145002365112,0.0,0.020536643,0.004432752,0.9994693,0.07398124,0.032798693,-1.2846868e-05,-0.0130701065,0.01733923,0.008201838,-0.07862203,-0.056106918,-0.0046829116,0.091875,0.04887754,1.0,,,,,,,,,,,,,,,,,,,,,,,,,,,,,,,,,,,,,,,,,,,,
246.0,-0.002751761254872565,0.08446548134088516,0.0005306958919391036,1.1119691133499146,0.0,0.020847764,0.004571633,0.9994692,0.07466899,0.033331458,-1.26812965e-05,-0.012939215,0.017568111,0.008292198,0.030936833,0.055168845,0.021128181,0.09225,0.049076036,1.0,,,,,,,,,,,,,,,,,,,,,,,,,,,,,,,,,,,,,,,,,,,,
247.0,-0.0027527140176403977,0.08455753326416016,0.000530755496583879,1.1085108518600464,0.0,0.02116179,0.0047127116,0.99946916,0.07536592,0.033858888,-1.2629906e-05,-0.013268709,0.017337084,0.008266926,-0.07861301,-0.056108184,-0.0046756547,0.092625,0.04927452,1.0,,,,,,,,,,,,,,,,,,,,,,,,,,,,,,,,,,,,,,,,,,,,
248.0,-0.002753647261031881,0.08464650809764862,0.0005307912942953408,1.1050400733947754,0.0,0.021478677,0.004856043,0.9994691,0.07605314,0.03439957,-1.2469696e-05,-0.013138056,0.017565966,0.008357286,0.03093812,0.055180207,0.021113759,0.093,0.049472988,1.0,,,,,,,,,,,,,,,,,,,,,,,,,,,,,,,,,,,,,,,,,,,,
249.0,-0.0027545572779543483,0.08473231643438339,0.0005308151012286544,1.101556658744812,0.0,0.021798467,0.0050016055,0.99946904,0.07674954,0.034934916,-1.24159815e-05,-0.01346755,0.017334938,0.008332014,-0.078604005,-0.05610945,-0.0046683964,0.093375,0.04967145,1.0,,,,,,,,,,,,,,,,,,,,,,,,,,,,,,,,,,,,,,,,,,,,
250.0,-0.0027551715604711945,0.08481498062610626,0.0005308747058734298,1.0980608463287354,0.0,0.022121117,0.0051494534,0.99946904,0.07743622,0.03548351,-1.22590145e-05,-0.0133366585,0.01756382,0.008422375,0.030939406,0.055191565,0.021099336,0.09375,0.049869895,1.0,,,,,,,,,,,,,,,,,,,,,,,,,,,,,,,,,,,,,,,,,,,,
251.0,-0.0027562210842768994,0.0848945677280426,0.0005309343105182052,1.0945525169372559,0.0,0.022446668,0.005299565,0.999469,0.078132086,0.036026765,-1.2387392e-05,-0.013112783,0.017332792,0.008397102,0.054197803,-0.05499227,-0.006993794,0.094125,0.050068326,1.0,,,,,,,,,,,,,,,,,,,,,,,,,,,,,,,,,,,,,,,,,,,,
252.0,-0.0027562204833884497,0.08497099578380585,0.0005309462430886924,1.091031789779663,0.0,0.022775078,0.005451901,0.9994689,0.07881844,0.036560643,-1.188753e-05,-0.013345003,0.017561674,0.008487225,-0.056228716,0.05445541,0.022626426,0.0945,0.050266746,1.0,,,,,,,,,,,,,,,,,,,,,,,,,,,,,,,,,,,,,,,,,,,,
253.0,-0.0027575720279549615,0.08504436165094376,0.0005310058477334678,1.087498664855957,0.0,0.023106385,0.005606501,0.99946886,0.07951383,0.03710403,-1.2109731e-05,-0.013121128,0.017330408,0.008461952,0.05419606,-0.054994762,-0.0069965525,0.094875,0.050465155,1.0,,,,,,,,,,,,,,,,,,,,,,,,,,,,,,,,,,,,,,,,,,,,
254.0,-0.0027575295123333722,0.08511460572481155,0.0005310654523782432,1.0839532613754272,0.0,0.023440551,0.0057633263,0.9994688,0.08019971,0.037638046,-1.1587804e-05,-0.013353586,0.01755929,0.008552313,-0.056237657,0.054445982,0.02262249,0.09525,0.05066355,1.0,,,,,,,,,,,,,,,,,,,,,,,,,,,,,,,,,,,,,,,,,,,,
255.0,-0.00275883853839556,0.08518180251121521,0.0005310893175192177,1.0803955793380737,0.0,0.023777612,0.005922416,0.99946874,0.08089464,0.03818157,-1.1815235e-05,-0.013129711,0.017328262,0.0085270405,0.054194313,-0.05499725,-0.0069993045,0.095625,0.050861932,1.0,,,,,,,,,,,,,,,,,,,,,,,,,,,,,,,,,,,,,,,,,,,,
256.0,-0.002758753885842725,0.08524591475725174,0.0005311250570230186,1.0768259763717651,0.0,0.02411753,0.0060837315,0.99946874,0.08158005,0.03871572,-1.129202e-05,-0.013362169,0.017557144,0.008617163,-0.056246594,0.054436553,0.022618553,0.096,0.051060304,1.0,,,,,,,,,,,,,,,,,,,,,,,,,,,,,,,,,,,,,,,,,,,,
257.0,-0.002760020420702881,0.08530696481466293,0.000531184661667794,1.0732442140579224,0.0,0.02446034,0.0062473123,0.9994687,0.0822745,0.03925938,-1.1703728e-05,-0.013138294,0.017326117,0.00859189,0.05419257,-0.05499974,-0.00700205,0.096375,0.05125866,1.0,,,,,,,,,,,,,,,,,,,,,,,,,,,,,,,,,,,,,,,,,,,,
258.0,-0.0027598934024238362,0.0853649377822876,0.0005312204593792558,1.069650411605835,0.0,0.024806004,0.0064131194,0.9994686,0.082959436,0.03979367,-1.1137237e-05,-0.013370752,0.01755476,0.008682013,-0.056255527,0.054427132,0.02261461,0.09675,0.051457006,1.0,,,,,,,,,,,,,,,,,,,,,,,,,,,,,,,,,,,,,,,,,,,,
259.0,-0.002760956631179465,0.0854199156165123,0.0005312561988830566,1.066044807434082,0.0,0.025154559,0.006581192,0.99946856,0.083653405,0.040337473,-1.1375229e-05,-0.013146877,0.017323732,0.00865674,0.05419083,-0.05500223,-0.0070047886,0.097125,0.051655337,1.0,,,,,,,,,,,,,,,,,,,,,,,,,,,,,,,,,,,,,,,,,,,,
260.0,-0.0027606256462869173,0.08547182381153107,0.0005313038709573448,1.0624271631240845,0.0,0.025505967,0.0067514917,0.9994685,0.08433787,0.0408719,-1.0849412e-05,-0.013379335,0.017229319,0.008751154,-0.0555754,-0.02313716,0.02363022,0.0975,0.051853657,1.0,,,,,,,,,,,,,,,,,,,,,,,,,,,,,,,,,,,,,,,,,,,,
261.0,-0.0027616465745630083,0.08552075922489166,0.000531315803527832,1.058797836303711,0.0,0.025860209,0.0069240574,0.9994685,0.08501815,0.041415725,-1.084815e-05,-0.01315546,0.016674995,0.008730173,0.054894228,-0.13254158,-0.0059528477,0.097875,0.05205196,1.0,,,,,,,,,,,,,,,,,,,,,,,,,,,,,,,,,,,,,,,,,,,,
262.0,-0.0027612735095866696,0.0855666995048523,0.0005313754081726074,1.0551568269729614,0.0,0.026217192,0.007098849,0.99946845,0.08567571,0.04195005,-1.0342923e-05,-0.0133879185,0.01658082,0.008824587,-0.05559115,-0.023110472,0.02359052,0.09825,0.052250255,1.0,,,,,,,,,,,,,,,,,,,,,,,,,,,,,,,,,,,,,,,,,,,,
263.0,-0.0027622517818788766,0.08560966700315475,0.0005313992733135819,1.0515042543411255,0.0,0.026576895,0.0072759064,0.9994684,0.0863291,0.04249378,-1.0339547e-05,-0.013164043,0.016026735,0.008803606,0.054905683,-0.13250686,-0.0059205797,0.098625,0.052448537,1.0,,,,,,,,,,,,,,,,,,,,,,,,,,,,,,,,,,,,,,,,,,,,
264.0,-0.0027618368205469097,0.08564969897270203,0.0005314350128173828,1.0478402376174927,0.0,0.026939228,0.0074551897,0.9994684,0.08695978,0.043028012,-9.665587e-06,-0.013396502,0.01593256,0.00889802,-0.05560688,-0.023083799,0.023550825,0.099,0.0526468,1.0,,,,,,,,,,,,,,,,,,,,,,,,,,,,,,,,,,,,,,,,,,,,
265.0,-0.002762773332769712,0.08568678051233292,0.0005314946174621582,1.0441645383834839,0.0,0.02730417,0.0076367385,0.9994683,0.0875863,0.043571636,-9.888416e-06,-0.0131726265,0.015378475,0.008877039,0.05491711,-0.13247216,-0.0058883154,0.099375,0.052845057,1.0,,,,,,,,,,,,,,,,,,,,,,,,,,,,,,,,,,,,,,,,,,,,
266.0,-0.0027623162576479445,0.08572099357843399,0.0005315184826031327,1.0404773950576782,0.0,0.02767163,0.007820512,0.99946827,0.08819012,0.044105764,-9.176086e-06,-0.013405323,0.015284538,0.008971453,-0.05562258,-0.023057139,0.023511134,0.09975,0.053043295,1.0,,,,,,,,,,,,,,,,,,,,,,,,,,,,,,,,,,,,,,,,,,,,
267.0,-0.00276321105588604,0.08575225621461868,0.0005315542221069336,1.0367789268493652,0.0,0.028041588,0.008006551,0.99946827,0.088789806,0.04464929,-9.226689e-06,-0.013181448,0.014730692,0.008950233,0.0549285,-0.13243747,-0.0058560558,0.100125,0.053241525,1.0,,,,,,,,,,,,,,,,,,,,,,,,,,,,,,,,,,,,,,,,,,,,
268.0,-0.0027627115783345293,0.08578068017959595,0.0005315899616107345,1.0330694913864136,0.0,0.02841395,0.008194815,0.9994682,0.089366786,0.045183316,-8.75335e-06,-0.0134141445,0.014636755,0.009044647,-0.055638254,-0.023030493,0.023471447,0.1005,0.053439736,1.0,,,,,,,,,,,,,,,,,,,,,,,,,,,,,,,,,,,,,,,,,,,,
269.0,-0.00276356477846889,0.0858062356710434,0.000531613826751709,1.0293487310409546,0.0,0.028788699,0.008385343,0.99946815,0.08993965,0.045726743,-8.750592e-06,-0.013190031,0.014083147,0.009023666,0.05493986,-0.1324028,-0.0058238,0.100875,0.053637937,1.0,,,,,,,,,,,,,,,,,,,,,,,,,,,,,,,,,,,,,,,,,,,,
270.0,-0.002763024051060665,0.08582897484302521,0.0005316495662555099,1.0256168842315674,0.0,0.02916574,0.008578096,0.99946815,0.09048982,0.046260666,-8.1204935e-06,-0.013422966,0.013989449,0.00911808,-0.0556539,-0.023003863,0.023431765,0.10125,0.053836126,1.0,,,,,,,,,,,,,,,,,,,,,,,,,,,,,,,,,,,,,,,,,,,,
271.0,-0.002763835749868463,0.08584888279438019,0.0005316734313964844,1.021873950958252,0.0,0.029545056,0.008773113,0.9994681,0.09103588,0.046803985,-8.3411205e-06,-0.013198853,0.013435841,0.009096861,0.054951187,-0.13236813,-0.005791548,0.101625,0.054034296,1.0,,,,,,,,,,,,,,,,,,,,,,,,,,,,,,,,,,,,,,,,,,,,
272.0,-0.0027632535920304236,0.08586595952510834,0.0005317091709002852,1.0181201696395874,0.0,0.029926552,0.008970353,0.9994681,0.09155927,0.047337804,-7.673265e-06,-0.0134317875,0.013342142,0.009191275,-0.05566952,-0.022977248,0.023392089,0.102,0.05423246,1.0,,,,,,,,,,,,,,,,,,,,,,,,,,,,,,,,,,,,,,,,,,,,
273.0,-0.002764023921270973,0.0858803242444992,0.0005317569011822343,1.0143556594848633,0.0,0.030310214,0.009169858,0.999468,0.09207855,0.04788102,-7.905429e-06,-0.013207912,0.012788773,0.009170294,0.054962486,-0.13233349,-0.0057593,0.102375,0.054430604,1.0,,,,,,,,,,,,,,,,,,,,,,,,,,,,,,,,,,,,,,,,,,,,
274.0,-0.0027633997516393265,0.08589187264442444,0.0005317687755450606,1.01058030128479,0.0,0.030695943,0.009371585,0.999468,0.09257518,0.048414733,-7.2494945e-06,-0.013440847,0.0126953125,0.009264708,-0.055685114,-0.022950646,0.023352416,0.10275,0.054628737,1.0,,,,,,,,,,,,,,,,,,,,,,,,,,,,,,,,,,,,,,,,,,,,
275.0,-0.002764129332719722,0.0859007015824318,0.0005318165058270097,1.0067943334579468,0.0,0.031083725,0.0095755765,0.99946797,0.093067706,0.048957843,-7.4815334e-06,-0.013216734,0.012141943,0.009243488,0.05497375,-0.13229886,-0.005727057,0.103125,0.054826856,1.0,,,,,,,,,,,,,,,,,,,,,,,,,,,,,,,,,,,,,,,,,,,,
276.0,-0.0027634639360830534,0.08590678870677948,0.000531828380189836,1.0029977560043335,0.0,0.031473465,0.009781791,0.99946797,0.09353759,0.04949145,-6.840241e-06,-0.013449669,0.012048483,0.009337902,-0.05570068,-0.022924058,0.02331275,0.1035,0.055024963,1.0,,,,,,,,,,,,,,,,,,,,,,,,,,,,,,,,,,,,,,,,,,,,
277.0,-0.0027641523504456926,0.08591018617153168,0.0005318761104717851,0.9991906881332397,0.0,0.031865146,0.009990267,0.9994679,0.094003394,0.050034452,-7.071511e-06,-0.013225794,0.011495352,0.009316683,0.054984987,-0.13226424,-0.0056948178,0.103875,0.055223055,1.0,,,,,,,,,,,,,,,,,,,,,,,,,,,,,,,,,,,,,,,,,,,,
278.0,-0.0027637721280746974,0.08591087907552719,0.0005318879848346114,0.9953732490539551,0.0,0.032258675,0.010200968,0.9994679,0.09444656,0.05056795,-6.444998e-06,-0.013458729,0.01140213,0.009411097,-0.05571622,-0.022897484,0.023273086,0.10425,0.055421133,1.0,,,,,,,,,,,,,,,,,,,,,,,,,,,,,,,,,,,,,,,,,,,,
279.0,-0.0027642880468599974,0.0859089270234108,0.0005319357151165605,0.9915454983711243,0.0,0.03265403,0.01041393,0.99946785,0.09488566,0.051110845,-6.675458e-06,-0.013234854,0.011501074,0.009381294,0.053499464,0.024253314,-0.0077687474,0.104625,0.055619195,1.0,,,,,,,,,,,,,,,,,,,,,,,,,,,,,,,,,,,,,,,,,,,,
280.0,-0.002763867318770622,0.08590427786111832,0.0005319475894793868,0.9877074956893921,0.0,0.033051234,0.010629115,0.99946785,0.09532879,0.05164449,-6.3616344e-06,-0.013468027,0.011143446,0.009479046,-0.055106506,-0.08636848,0.024110157,0.105,0.055817246,1.0,,,,,,,,,,,,,,,,,,,,,,,,,,,,,,,,,,,,,,,,,,,,
281.0,-0.002764207389651688,0.08589700609445572,0.0005319714546203613,0.9838594198226929,0.0,0.03345022,0.010846563,0.9994678,0.095757045,0.052187424,-6.3968864e-06,-0.013244152,0.01124239,0.009449244,0.05350846,0.024265526,-0.0077589094,0.105375,0.056015283,1.0,,,,,,,,,,,,,,,,,,,,,,,,,,,,,,,,,,,,,,,,,,,,
282.0,-0.0027636112311301532,0.08588703721761703,0.0005320071941241622,0.9800012111663818,0.0,0.03385101,0.011066234,0.9994678,0.096189335,0.052721106,-6.127722e-06,-0.013207197,0.010884762,0.009546995,0.009637831,-0.08575173,0.02336478,0.10575,0.056213304,1.0,,,,,,,,,,,,,,,,,,,,,,,,,,,,,,,,,,,,,,,,,,,,
283.0,-0.002763910686737245,0.0858745127916336,0.0005320310592651367,0.9761331677436829,0.0,0.034253538,0.011288121,0.99946773,0.09660686,0.053253055,-6.0092448e-06,-0.012713671,0.0109837055,0.009517193,0.11823883,0.024902629,-0.00844718,0.106125,0.05641131,1.0,,,,,,,,,,,,,,,,,,,,,,,,,,,,,,,,,,,,,,,,,,,,
284.0,-0.002763274405519087,0.08585935086011887,0.0005320549244061112,0.9722550511360168,0.0,0.034657825,0.011512141,0.99946773,0.09702852,0.05376472,-5.6358417e-06,-0.012676954,0.010626078,0.009614706,0.009615152,-0.08575214,0.023318155,0.1065,0.056609306,1.0,,,,,,,,,,,,,,,,,,,,,,,,,,,,,,,,,,,,,,,,,,,,
285.0,-0.002763533626088269,0.08584161102771759,0.0005320906639099121,0.9683671593666077,0.0,0.035063803,0.011738285,0.99946773,0.09743542,0.05427466,-5.546464e-06,-0.012183428,0.01072526,0.009584904,0.118217334,0.02492588,-0.008407317,0.106875,0.056807287,1.0,,,,,,,,,,,,,,,,,,,,,,,,,,,,,,,,,,,,,,,,,,,,
286.0,-0.0027628572410523244,0.08582134544849396,0.0005320906639099121,0.9644696116447449,0.0,0.0354715,0.011966471,0.9994677,0.09784648,0.054764323,-5.3598988e-06,-0.01214695,0.010367632,0.009682417,0.009592495,-0.085752524,0.02327154,0.10725,0.057005253,1.0,,,,,,,,,,,,,,,,,,,,,,,,,,,,,,,,,,,,,,,,,,,,
287.0,-0.0027630759057757134,0.0857984870672226,0.0005321383359842002,0.9605624675750732,0.0,0.035880845,0.012196688,0.9994677,0.09824277,0.055252273,-5.047377e-06,-0.011653423,0.010466814,0.009652615,0.11819585,0.024949096,-0.008367461,0.107625,0.057203203,1.0,,,,,,,,,,,,,,,,,,,,,,,,,,,,,,,,,,,,,,,,,,,,
288.0,-0.0027623596473146795,0.08577312529087067,0.0005321502685546875,0.9566457271575928,0.0,0.036291856,0.012428855,0.9994677,0.09864322,0.055719953,-4.922888e-06,-0.011616945,0.010108948,0.009749651,0.009569858,-0.08575289,0.023224939,0.108,0.05740114,1.0,,,,,,,,,,,,,,,,,,,,,,,,,,,,,,,,,,,,,,,,,,,,
289.0,-0.0027625385974630262,0.08574523776769638,0.000532174133695662,0.9527195692062378,0.0,0.036704477,0.012662962,0.9994676,0.099028915,0.056185927,-4.7843687e-06,-0.011123657,0.010208368,0.009720087,0.11817435,0.024972279,-0.008327612,0.108375,0.057599064,1.0,,,,,,,,,,,,,,,,,,,,,,,,,,,,,,,,,,,,,,,,,,,,
290.0,-0.00276178215691375,0.08571486920118332,0.0005321979406289756,0.9487840533256531,0.0,0.03711872,0.012898928,0.9994676,0.09941878,0.056631647,-4.444816e-06,-0.011087179,0.009850502,0.009817123,0.009547243,-0.08575324,0.023178346,0.10875,0.057796974,1.0,,,,,,,,,,,,,,,,,,,,,,,,,,,,,,,,,,,,,,,,,,,,
291.0,-0.0027617610375755704,0.08568204939365387,0.0005322098731994629,0.9448392391204834,0.0,0.03753453,0.013136743,0.9994676,0.09979389,0.057075664,-4.361385e-06,-0.010593891,0.009949923,0.009787321,0.11815286,0.024995424,-0.00828777,0.109125,0.057994865,1.0,,,,,,,,,,,,,,,,,,,,,,,,,,,,,,,,,,,,,,,,,,,,
292.0,-0.0027608146803590446,0.08564674854278564,0.000532257545273751,0.9408851265907288,0.0,0.037951916,0.013376324,0.99946755,0.10017317,0.057499435,-4.202549e-06,-0.01055789,0.009592295,0.009884119,0.009524648,-0.08575357,0.023131765,0.1095,0.058192745,1.0,,,,,,,,,,,,,,,,,,,,,,,,,,,,,,,,,,,,,,,,,,,,
293.0,-0.002760763583269045,0.08560903370380402,0.000532257545273751,0.9369220733642578,0.0,0.038370825,0.013617664,0.99946755,0.1005377,0.057921518,-3.897379e-06,-0.010064602,0.009691715,0.009854555,0.11813136,0.025018536,-0.008247934,0.109875,0.05839061,1.0,,,,,,,,,,,,,,,,,,,,,,,,,,,,,,,,,,,,,,,,,,,,
294.0,-0.0027597778319116517,0.08556891977787018,0.0005322814104147255,0.9329498410224915,0.0,0.03879127,0.013860677,0.99946755,0.10090641,0.058323357,-3.8002695e-06,-0.010028601,0.009333849,0.009951115,0.009502075,-0.08575387,0.023085196,0.11025,0.05858846,1.0,,,,,,,,,,,,,,,,,,,,,,,,,,,,,,,,,,,,,,,,,,,,
295.0,-0.0027596887677939774,0.0855264887213707,0.0005323171499185264,0.9289687871932983,0.0,0.039213188,0.014105359,0.99946755,0.10126038,0.058723513,-3.6691688e-06,-0.009535313,0.009433508,0.009921551,0.11810986,0.025041612,-0.008208105,0.110625,0.058786295,1.0,,,,,,,,,,,,,,,,,,,,,,,,,,,,,,,,,,,,,,,,,,,,
296.0,-0.0027586646587207725,0.0854816809296608,0.0005323171499185264,0.9249787330627441,0.0,0.039636597,0.014351623,0.9994675,0.10161853,0.05910344,-3.5408907e-06,-0.009499311,0.009075642,0.010017872,0.009479523,-0.08575416,0.023038637,0.111,0.058984116,1.0,,,,,,,,,,,,,,,,,,,,,,,,,,,,,,,,,,,,,,,,,,,,
297.0,-0.0027585306024798684,0.08543457090854645,0.0005323410150595009,0.9209799766540527,0.0,0.04006144,0.014599464,0.9994675,0.10196194,0.059481695,-3.2377575e-06,-0.009006262,0.009175301,0.009988308,0.11808836,0.02506465,-0.008168284,0.111375,0.059181925,1.0,,,,,,,,,,,,,,,,,,,,,,,,,,,,,,,,,,,,,,,,,,,,
298.0,-0.002757461588177376,0.08538518100976944,0.0005323648219928145,0.9169723987579346,0.0,0.04048773,0.014848796,0.9994675,0.10230955,0.05983973,-3.159527e-06,-0.008970499,0.008817434,0.010084391,0.009456991,-0.08575443,0.02299209,0.11175,0.059379715,1.0,,,,,,,,,,,,,,,,,,,,,,,,,,,,,,,,,,,,,,,,,,,,
299.0,-0.002757290559632657,0.08533353358507156,0.0005324006197042763,0.9129563570022583,0.0,0.040915404,0.015099613,0.9994675,0.10264242,0.060196094,-3.0331926e-06,-0.008477449,0.008917093,0.010054827,0.118066855,0.025087656,-0.008128469,0.112125,0.05957749,1.0,,,,,,,,,,,,,,,,,,,,,,,,,,,,,,,,,,,,,,,,,,,,
300.0,-0.0027561851062321697,0.08527965843677521,0.0005324006197042763,0.9089317321777344,0.0,0.041344486,0.015351831,0.99946743,0.10297948,0.060532253,-2.9231317e-06,-0.008441925,0.008559465,0.010150671,0.00943448,-0.085754685,0.022945553,0.1125,0.059775252,1.0,,,,,,,,,,,,,,,,,,,,,,,,,,,,,,,,,,,,,,,,,,,,
301.0,-0.0027557572618054117,0.08522361516952515,0.0005324006197042763,0.9048985838890076,0.0,0.04177491,0.015605442,0.99946743,0.10330182,0.06086675,-2.6249052e-06,-0.007948875,0.008659124,0.0101213455,0.118045345,0.025110627,-0.00808866,0.112875,0.059973,1.0,,,,,,,,,,,,,,,,,,,,,,,,,,,,,,,,,,,,,,,,,,,,
302.0,-0.002754395869342352,0.08516539633274078,0.0005324482917785645,0.9008570313453674,0.0,0.042206697,0.015860364,0.99946743,0.10362836,0.061181046,-2.5648444e-06,-0.007913351,0.008301258,0.010216951,0.009411991,-0.085754916,0.022899028,0.11325,0.060170732,1.0,,,,,,,,,,,,,,,,,,,,,,,,,,,,,,,,,,,,,,,,,,,,
303.0,-0.0027539322715478647,0.08510501682758331,0.0005324482917785645,0.8968072533607483,0.0,0.04263978,0.016116587,0.99946743,0.10394018,0.061493695,-2.4434162e-06,-0.00742054,0.0084011555,0.010187626,0.118023835,0.025133561,-0.008048859,0.113625,0.06036845,1.0,,,,,,,,,,,,,,,,,,,,,,,,,,,,,,,,,,,,,,,,,,,,
304.0,-0.0027525351927131852,0.08504258841276169,0.0005324482917785645,0.8927492499351501,0.0,0.04307418,0.01637403,0.99946743,0.104256205,0.06178615,-2.3515042e-06,-0.0073850155,0.008043289,0.010283232,0.009389522,-0.085755125,0.022852514,0.114,0.06056615,1.0,,,,,,,,,,,,,,,,,,,,,,,,,,,,,,,,,,,,,,,,,,,,
305.0,-0.0027520371945282934,0.08497806638479233,0.0005324840312823653,0.8886831998825073,0.0,0.043509837,0.016632684,0.99946743,0.104557514,0.06207696,-2.2421284e-06,-0.0068922043,0.008143187,0.010253668,0.118002325,0.025156463,-0.008009065,0.114375,0.060763836,1.0,,,,,,,,,,,,,,,,,,,,,,,,,,,,,,,,,,,,,,,,,,,,
306.0,-0.002750605322860838,0.08491155505180359,0.0005325078964233398,0.8846089243888855,0.0,0.043946765,0.016892465,0.9994674,0.10486303,0.06234759,-2.1570245e-06,-0.0068569183,0.0077853203,0.010349035,0.009367073,-0.08575532,0.02280601,0.11475,0.060961507,1.0,,,,,,,,,,,,,,,,,,,,,,,,,,,,,,,,,,,,,,,,,,,,
307.0,-0.002750073310206699,0.08484305441379547,0.0005325078964233398,0.8805267810821533,0.0,0.044384908,0.017153367,0.9994674,0.105153844,0.06261659,-1.8666652e-06,-0.0063643456,0.007885218,0.01031971,0.117980815,0.025179327,-0.007969278,0.115125,0.061159164,1.0,,,,,,,,,,,,,,,,,,,,,,,,,,,,,,,,,,,,,,,,,,,,
308.0,-0.0027486080703213243,0.08477259427309036,0.0005325078964233398,0.876436710357666,0.0,0.044824276,0.017415306,0.9994674,0.10544887,0.062865414,-1.8336724e-06,-0.0063290596,0.00752759,0.010414839,0.009344646,-0.08575549,0.022759518,0.1155,0.061356805,1.0,,,,,,,,,,,,,,,,,,,,,,,,,,,,,,,,,,,,,,,,,,,,
309.0,-0.002748042829084397,0.08470021188259125,0.0005325317615643144,0.8723388910293579,0.0,0.045264814,0.017678276,0.9994674,0.105729185,0.06311261,-1.7195996e-06,-0.005836487,0.007627487,0.010385513,0.1179593,0.025202157,-0.007929498,0.115875,0.06155443,1.0,,,,,,,,,,,,,,,,,,,,,,,,,,,,,,,,,,,,,,,,,,,,
310.0,-0.002746544569381149,0.08462595194578171,0.000532555568497628,0.868233323097229,0.0,0.04570654,0.01794219,0.9994674,0.10601373,0.06333964,-1.6548448e-06,-0.0058014393,0.0072698593,0.010480404,0.00932224,-0.085755646,0.022713037,0.11625,0.06175204,1.0,,,,,,,,,,,,,,,,,,,,,,,,,,,,,,,,,,,,,,,,,,,,
311.0,-0.0027459464696400118,0.08454985171556473,0.000532555568497628,0.8641200661659241,0.0,0.046149388,0.018207045,0.9994674,0.106283575,0.06356506,-1.5527853e-06,-0.0053088665,0.0073697567,0.010451078,0.11793778,0.025224952,-0.007889725,0.116625,0.061949633,1.0,,,,,,,,,,,,,,,,,,,,,,,,,,,,,,,,,,,,,,,,,,,,
312.0,-0.0027446490464098135,0.08447194844484329,0.0005325794336386025,0.8599993586540222,0.0,0.04659338,0.018472755,0.9994674,0.10655765,0.063770324,-1.4948205e-06,-0.005273819,0.007012129,0.010545731,0.009299854,-0.08575578,0.022666568,0.117,0.062147215,1.0,,,,,,,,,,,,,,,,,,,,,,,,,,,,,,,,,,,,,,,,,,,,
313.0,-0.0027437940195093684,0.08439222723245621,0.0005325913662090898,0.8558710813522339,0.0,0.047038447,0.018739313,0.9994674,0.10681702,0.06397397,-1.395718e-06,-0.0052468777,0.007112026,0.0105166435,0.0062203314,0.024069743,-0.0070666894,0.117375,0.06234478,1.0,,,,,,,,,,,,,,,,,,,,,,,,,,,,,,,,,,,,,,,,,,,,
314.0,-0.00274246500516465,0.08431078493595123,0.0005325913662090898,0.8517353534698486,0.0,0.047484618,0.019006716,0.9994673,0.10708044,0.06417651,-1.4420528e-06,-0.004760742,0.0067543983,0.010611057,0.11756433,-0.08460316,0.021889716,0.11775,0.06254233,1.0,,,,,,,,,,,,,,,,,,,,,,,,,,,,,,,,,,,,,,,,,,,,
315.0,-0.002741790365798806,0.08422763645648956,0.0005325913662090898,0.8475921750068665,0.0,0.047931824,0.019274877,0.9994673,0.10732935,0.064358994,-1.0464271e-06,-0.004733801,0.006854534,0.01058197,0.0061987904,0.024098322,-0.0070565226,0.118125,0.06273986,1.0,,,,,,,,,,,,,,,,,,,,,,,,,,,,,,,,,,,,,,,,,,,,
316.0,-0.0027406423626201103,0.08414276689291,0.0005326390382833779,0.8434418439865112,0.0,0.048380084,0.019543797,0.9994673,0.107582316,0.064540364,-1.1619355e-06,-0.0046703815,0.0064969063,0.010676384,0.016175233,-0.08565533,0.02256678,0.1185,0.06293737,1.0,,,,,,,,,,,,,,,,,,,,,,,,,,,,,,,,,,,,,,,,,,,,
317.0,-0.0027399380071662562,0.0840563252568245,0.0005326390382833779,0.839284360408783,0.0,0.048829336,0.019813458,0.9994673,0.1078206,0.06471896,-1.025017e-06,-0.0050656796,0.006597042,0.0106470585,-0.09516541,0.023032565,-0.0063977404,0.118875,0.06313487,1.0,,,,,,,,,,,,,,,,,,,,,,,,,,,,,,,,,,,,,,,,,,,,
318.0,-0.0027387605897540657,0.08396819978952408,0.0005326390382833779,0.8351196646690369,0.0,0.049279597,0.020083932,0.9994673,0.10806275,0.06491371,-1.1626672e-06,-0.005002022,0.0062396526,0.010741711,0.016200852,-0.08562889,0.022595454,0.11925,0.06333236,1.0,,,,,,,,,,,,,,,,,,,,,,,,,,,,,,,,,,,,,,,,,,,,
319.0,-0.0027380263261991785,0.08387844264507294,0.0005326390382833779,0.8309479355812073,0.0,0.049730808,0.020355206,0.9994673,0.10829024,0.06510568,-1.0234597e-06,-0.005397558,0.0063397884,0.010712385,-0.09513956,0.023041958,-0.006433866,0.119625,0.06352983,1.0,,,,,,,,,,,,,,,,,,,,,,,,,,,,,,,,,,,,,,,,,,,,
320.0,-0.0027368205433410363,0.08378713577985764,0.0005326390382833779,0.8267691135406494,0.0,0.05018298,0.020627346,0.9994673,0.10852159,0.065313786,-1.1659486e-06,-0.005333662,0.005982399,0.010807037,0.016226446,-0.08560244,0.022624105,0.12,0.06372728,1.0,,,,,,,,,,,,,,,,,,,,,,,,,,,,,,,,,,,,,,,,,,,,
321.0,-0.0027360582201094987,0.08369429409503937,0.0005326628452166915,0.8225833773612976,0.0,0.050636057,0.020900343,0.9994673,0.10873829,0.06551911,-1.0285079e-06,-0.00572896,0.006082773,0.010777712,-0.095113724,0.023051342,-0.0064699664,0.120375,0.06392472,1.0,,,,,,,,,,,,,,,,,,,,,,,,,,,,,,,,,,,,,,,,,,,,
322.0,-0.0027344885852864536,0.08359991014003754,0.0005326628452166915,0.8183908462524414,0.0,0.05109005,0.021174261,0.9994673,0.108958855,0.06574057,-1.174876e-06,-0.005665064,0.005725622,0.010872364,0.016252019,-0.085576,0.022652738,0.12075,0.06412214,1.0,,,,,,,,,,,,,,,,,,,,,,,,,,,,,,,,,,,,,,,,,,,,
323.0,-0.002733821927513509,0.08350406587123871,0.0005326628452166915,0.8141914010047913,0.0,0.051544905,0.021449093,0.9994673,0.10916477,0.06595923,-1.0394211e-06,-0.0053896904,0.0058259964,0.010843039,0.065840505,0.024810474,-0.007427502,0.121125,0.06431954,1.0,,,,,,,,,,,,,,,,,,,,,,,,,,,,,,,,,,,,,,,,,,,,
324.0,-0.0027322248754811885,0.0834067314863205,0.0005326628452166915,0.809985339641571,0.0,0.05200063,0.021724787,0.9994673,0.10937486,0.06616662,-1.0326892e-06,-0.005571842,0.005468607,0.010937691,-0.042788085,-0.08620925,0.022967977,0.1215,0.06451694,1.0,,,,,,,,,,,,,,,,,,,,,,,,,,,,,,,,,,,,,,,,,,,,
325.0,-0.0027315310287379362,0.08330799639225006,0.0005326628452166915,0.8057724237442017,0.0,0.052457176,0.022001375,0.9994673,0.10957019,0.06638125,-9.926207e-07,-0.0052964687,0.005568981,0.010908365,0.06584363,0.024824448,-0.007411894,0.121875,0.06471431,1.0,,,,,,,,,,,,,,,,,,,,,,,,,,,,,,,,,,,,,,,,,,,,
326.0,-0.002729907283198509,0.08320783078670502,0.0005327105754986405,0.8015528321266174,0.0,0.05291455,0.02227881,0.9994673,0.1097697,0.06658462,-9.634965e-07,-0.0054786205,0.00521183,0.011003017,-0.042785536,-0.08620524,0.022945136,0.12225,0.06491166,1.0,,,,,,,,,,,,,,,,,,,,,,,,,,,,,,,,,,,,,,,,,,,,
327.0,-0.002809381438446191,0.08310634642839432,0.0005327224498614669,0.7973268628120422,0.0,0.053372692,0.022557124,0.9994673,0.109954454,0.06679524,-9.3174924e-07,-0.0052030087,0.005312443,0.010973692,0.06584674,0.024838418,-0.0073962845,0.122625,0.06510901,1.0,,,,,,,,,,,,,,,,,,,,,,,,,,,,,,,,,,,,,,,,,,,,
328.0,-0.00293470902932777,0.08300348371267319,0.0005327224498614669,0.793094277381897,0.0,0.053831622,0.022836268,0.99946725,0.1101434,0.066994585,-9.006722e-07,-0.005385399,0.0049550533,0.011068344,-0.04278299,-0.08620122,0.0229223,0.123,0.065306336,1.0,,,,,,,,,,,,,,,,,,,,,,,,,,,,,,,,,,,,,,,,,,,,
329.0,-0.0030611359178860783,0.08289934694766998,0.0005327224498614669,0.7888551950454712,0.0,0.054291278,0.023116274,0.99946725,0.11031759,0.06720118,-6.88486e-07,-0.005109787,0.005055666,0.01103878,0.06584985,0.024852378,-0.007380674,0.123375,0.06550364,1.0,,,,,,,,,,,,,,,,,,,,,,,,,,,,,,,,,,,,,,,,,,,,
330.0,-0.003186826798852327,0.08279387652873993,0.0005327224498614669,0.7846096754074097,0.0,0.05475168,0.023397092,0.99946725,0.11049597,0.067396514,-6.9977085e-07,-0.005291939,0.004698515,0.011133432,-0.04278044,-0.086197205,0.02289947,0.12375,0.06570093,1.0,,,,,,,,,,,,,,,,,,,,,,,,,,,,,,,,,,,,,,,,,,,,
331.0,-0.003313609119111699,0.08268718421459198,0.0005327224498614669,0.7803578972816467,0.0,0.055212762,0.023678755,0.99946725,0.11065961,0.067599095,-6.646602e-07,-0.0050165653,0.0047991276,0.011104107,0.065852955,0.024866333,-0.007365063,0.124125,0.06589821,1.0,,,,,,,,,,,,,,,,,,,,,,,,,,,,,,,,,,,,,,,,,,,,
332.0,-0.0034396565053705684,0.08257929980754852,0.0005327224498614669,0.776099681854248,0.0,0.05567454,0.023961214,0.99946725,0.11082744,0.067790404,-6.343729e-07,-0.005198717,0.0044419765,0.011198521,-0.04277789,-0.08619319,0.022876645,0.1245,0.066095464,1.0,,,,,,,,,,,,,,,,,,,,,,,,,,,,,,,,,,,,,,,,,,,,
333.0,-0.0035667978362339927,0.08247021585702896,0.0005327463150024414,0.7718351483345032,0.0,0.056136962,0.024244502,0.99946725,0.110980526,0.06798897,-6.120813e-07,-0.0049231052,0.004542589,0.011169195,0.06585605,0.024880279,-0.00734945,0.124875,0.06629271,1.0,,,,,,,,,,,,,,,,,,,,,,,,,,,,,,,,,,,,,,,,,,,,
334.0,-0.0036931947963549207,0.08235998451709747,0.0005327463150024414,0.7675644755363464,0.0,0.056600034,0.02452857,0.99946725,0.111137815,0.06817626,-5.7878407e-07,-0.0051054955,0.004185438,0.011263609,-0.042775333,-0.08618917,0.022853825,0.12525,0.066489935,1.0,,,,,,,,,,,,,,,,,,,,,,,,,,,,,,,,,,,,,,,,,,,,
335.0,-0.0038206862017843386,0.08224859088659286,0.0005327463150024414,0.7632874846458435,0.0,0.057063702,0.024813449,0.99946725,0.11128036,0.06837081,-5.6025635e-07,-0.0048298836,0.004286051,0.011234045,0.06585914,0.02489422,-0.0073338365,0.125625,0.066687144,1.0,,,,,,,,,,,,,,,,,,,,,,,,,,,,,,,,,,,,,,,,,,,,
336.0,-0.003947430443155737,0.0821361392736435,0.0005327463150024414,0.7590044736862183,0.0,0.05752798,0.025099091,0.99946725,0.11142711,0.06855408,-5.2607476e-07,-0.0050120354,0.0039288998,0.011328459,-0.042772777,-0.08618516,0.022831012,0.126,0.06688434,1.0,,,,,,,,,,,,,,,,,,,,,,,,,,,,,,,,,,,,,,,,,,,,
337.0,-0.004075260633721247,0.08202259242534637,0.0005327463150024414,0.7547154426574707,0.0,0.057992812,0.025385527,0.99946725,0.11155913,0.068744615,-5.1081025e-07,-0.004736662,0.004029751,0.011299133,0.065862216,0.024908153,-0.007318222,0.126375,0.06708151,1.0,,,,,,,,,,,,,,,,,,,,,,,,,,,,,,,,,,,,,,,,,,,,
338.0,-0.004202348560042539,0.08190800249576569,0.0005327463150024414,0.7504202127456665,0.0,0.05845821,0.02567271,0.99946725,0.11169536,0.068923876,-4.7586136e-07,-0.0049188137,0.0036725998,0.011393547,-0.042770218,-0.08618115,0.022808202,0.12675,0.06727867,1.0,,,,,,,,,,,,,,,,,,,,,,,,,,,,,,,,,,,,,,,,,,,,
339.0,-0.004330521849023718,0.0817924290895462,0.0005327463150024414,0.7461190223693848,0.0,0.058924112,0.025960669,0.99946725,0.11181685,0.069110386,-4.6383084e-07,-0.004643202,0.0037734509,0.011363983,0.06586529,0.02492208,-0.007302606,0.127125,0.06747581,1.0,,,,,,,,,,,,,,,,,,,,,,,,,,,,,,,,,,,,,,,,,,,,
340.0,-0.0044581799893910114,0.08167588710784912,0.0005327701801434159,0.7418118119239807,0.0,0.05939054,0.026249358,0.99946725,0.11194257,0.06928563,-4.2812133e-07,-0.004825592,0.0034162998,0.011458397,-0.042767655,-0.08617713,0.0227854,0.1275,0.06767294,1.0,,,,,,,,,,,,,,,,,,,,,,,,,,,,,,,,,,,,,,,,,,,,
341.0,-0.004586921570936876,0.08155833929777145,0.0005327701801434159,0.7374987006187439,0.0,0.05985743,0.02653881,0.99946725,0.11205354,0.06946813,-4.193214e-07,-0.00454998,0.0035171509,0.011429071,0.065868355,0.024935998,-0.0072869896,0.127875,0.06787005,1.0,,,,,,,,,,,,,,,,,,,,,,,,,,,,,,,,,,,,,,,,,,,,
342.0,-0.004714913127394131,0.08143982291221619,0.0005327701801434159,0.7331796884536743,0.0,0.0603248,0.026828974,0.99946725,0.11216875,0.06963936,-3.8285165e-07,-0.004732132,0.0031599998,0.011523247,-0.042765092,-0.086173125,0.022762602,0.12825,0.06806714,1.0,,,,,,,,,,,,,,,,,,,,,,,,,,,,,,,,,,,,,,,,,,,,
343.0,-0.004843988582936164,0.08132041990756989,0.0005327701801434159,0.728854775428772,0.0,0.060792588,0.02711988,0.99946725,0.11226923,0.06981784,-3.7728051e-07,-0.00445652,0.003260851,0.011493683,0.06587142,0.024949912,-0.007271372,0.128625,0.068264216,1.0,,,,,,,,,,,,,,,,,,,,,,,,,,,,,,,,,,,,,,,,,,,,
344.0,-0.004972322112436861,0.08120007812976837,0.0005327701801434159,0.7245237231254578,0.0,0.061260812,0.027411485,0.99946725,0.11237393,0.069985054,-3.4005066e-07,-0.0046389103,0.0029039383,0.011587858,-0.042762525,-0.086169116,0.022739809,0.129,0.06846127,1.0,,,,,,,,,,,,,,,,,,,,,,,,,,,,,,,,,,,,,,,,,,,,
345.0,-0.005101733724635098,0.08107887208461761,0.0005327701801434159,0.7201869487762451,0.0,0.061729413,0.027703818,0.99946725,0.112463914,0.070159525,-3.3770647e-07,-0.0043632984,0.0030047894,0.011558533,0.06587447,0.024963817,-0.0072557526,0.129375,0.068658315,1.0,,,,,,,,,,,,,,,,,,,,,,,,,,,,,,,,,,,,,,,,,,,,
346.0,-0.005230405389739737,0.08095673471689224,0.0005327701801434159,0.7158439755439758,0.0,0.062198404,0.027996829,0.99946725,0.11255813,0.07032272,-2.9971665e-07,-0.00454545,0.0026478767,0.011652708,-0.04275996,-0.0861651,0.022717023,0.12975,0.06885534,1.0,,,,,,,,,,,,,,,,,,,,,,,,,,,,,,,,,,,,,,,,,,,,
347.0,-0.005360157685188871,0.08083377033472061,0.0005327701801434159,0.7114952206611633,0.0,0.06266773,0.02829055,0.99946725,0.112637624,0.07049318,-3.0059763e-07,-0.0042698383,0.0027487278,0.011623383,0.06587751,0.024977716,-0.007240133,0.130125,0.06905234,1.0,,,,,,,,,,,,,,,,,,,,,,,,,,,,,,,,,,,,,,,,,,,,
348.0,-0.005489778733031109,0.08070989698171616,0.0005327701801434159,0.7071403861045837,0.0,0.063137405,0.028584935,0.99946725,0.11272136,0.070652366,-2.6184787e-07,-0.0044522285,0.0023918152,0.0117173195,-0.04275739,-0.08616109,0.022694241,0.1305,0.06924933,1.0,,,,,,,,,,,,,,,,,,,,,,,,,,,,,,,,,,,,,,,,,,,,
349.0,-0.00561957342144806,0.08058516681194305,0.0005327939870767295,0.7027794718742371,0.0,0.063607365,0.028880013,0.99946725,0.112790376,0.070818804,-2.6595234e-07,-0.0041763783,0.0024926662,0.011687994,0.06588055,0.024991607,-0.007224512,0.130875,0.0694463,1.0,,,,,,,,,,,,,,,,,,,,,,,,,,,,,,,,,,,,,,,,,,,,
350.0,-0.005749538136230787,0.08045962452888489,0.0005327939870767295,0.6984125971794128,0.0,0.06407762,0.029175738,0.99946725,0.11286364,0.07097398,-2.264427e-07,-0.0043587685,0.0021357536,0.011781931,-0.042754814,-0.08615708,0.022671465,0.13125,0.06964325,1.0,,,,,,,,,,,,,,,,,,,,,,,,,,,,,,,,,,,,,,,,,,,,
351.0,-0.005879676581147306,0.08033325523138046,0.0005327939870767295,0.6940396428108215,0.0,0.064548135,0.02947214,0.99946725,0.112922184,0.0711364,-2.3376884e-07,-0.0040831566,0.002236843,0.011752605,0.065883584,0.025005491,-0.00720889,0.131625,0.06984019,1.0,,,,,,,,,,,,,,,,,,,,,,,,,,,,,,,,,,,,,,,,,,,,
352.0,-0.006009988520269328,0.080205999314785,0.0005327939870767295,0.6896606087684631,0.0,0.06501891,0.029769171,0.99946725,0.112984985,0.071287565,-1.9349946e-07,-0.004265547,0.0018799305,0.011846542,-0.04275224,-0.086153075,0.022648696,0.132,0.07003711,1.0,,,,,,,,,,,,,,,,,,,,,,,,,,,,,,,,,,,,,,,,,,,,
353.0,-0.00614046822753876,0.08007796108722687,0.0005327939870767295,0.6852757334709167,0.0,0.06548988,0.030066863,0.99946725,0.11303307,0.07144598,-2.0404549e-07,-0.0039896965,0.00198102,0.011816978,0.06588661,0.025019368,-0.007193267,0.132375,0.070234016,1.0,,,,,,,,,,,,,,,,,,,,,,,,,,,,,,,,,,,,,,,,,,,,
354.0,-0.006271124947386762,0.07994914054870605,0.0005327939870767295,0.6808846592903137,0.0,0.06596106,0.030365167,0.99946725,0.11308541,0.07159313,-1.6301647e-07,-0.0041720867,0.0016241074,0.011911154,-0.042749662,-0.086149074,0.02262593,0.13275,0.0704309,1.0,,,,,,,,,,,,,,,,,,,,,,,,,,,,,,,,,,,,,,,,,,,,
355.0,-0.00640195590550943,0.07981948554515839,0.0005327939870767295,0.6764875054359436,0.0,0.06643241,0.030664116,0.99946725,0.11312305,0.071747534,-1.7678062e-07,-0.0038962364,0.0017251968,0.01188159,0.06588963,0.02503324,-0.007177643,0.133125,0.070627764,1.0,,,,,,,,,,,,,,,,,,,,,,,,,,,,,,,,,,,,,,,,,,,,
356.0,-0.006532961285081502,0.07968907058238983,0.0005327939870767295,0.6720842719078064,0.0,0.066903934,0.03096366,0.99946725,0.11316495,0.07189067,-1.3499204e-07,-0.0040786266,0.0013682842,0.011975527,-0.04274708,-0.086145066,0.022603171,0.1335,0.07082461,1.0,,,,,,,,,,,,,,,,,,,,,,,,,,,,,,,,,,,,,,,,,,,,
357.0,-0.006664147285645324,0.07955785095691681,0.0005327939870767295,0.6676747798919678,0.0,0.06737557,0.031263832,0.99946725,0.11319214,0.07204106,-1.5197253e-07,-0.0038030148,0.0014693737,0.011945963,0.06589264,0.025047103,-0.0071620177,0.133875,0.071021445,1.0,,,,,,,,,,,,,,,,,,,,,,,,,,,,,,,,,,,,,,,,,,,,
358.0,-0.006795505444975381,0.07942591607570648,0.0005328178522177041,0.6632592678070068,0.0,0.067847334,0.031564582,0.99946725,0.1132236,0.07218019,-1.0942449e-07,-0.003985405,0.0011126995,0.0120399,-0.0427445,-0.08614106,0.022580417,0.13425,0.07121826,1.0,,,,,,,,,,,,,,,,,,,,,,,,,,,,,,,,,,,,,,,,,,,,
359.0,-0.006927041019188665,0.0792931616306305,0.0005328178522177041,0.658837616443634,0.0,0.068319164,0.031865943,0.99946725,0.113240354,0.07232656,-1.296196e-07,-0.0037095547,0.001213789,0.012010336,0.06589564,0.02506096,-0.0071463916,0.134625,0.07141505,1.0,,,,,,,,,,,,,,,,,,,,,,,,,,,,,,,,,,,,,,,,,,,,
360.0,-0.007058750153899065,0.07915966212749481,0.0005328178522177041,0.6544098854064941,0.0,0.06879109,0.032167867,0.99946725,0.11326138,0.07246169,-8.631216e-08,-0.003891945,0.0008571148,0.012104273,-0.042741917,-0.08613706,0.022557668,0.135,0.07161183,1.0,,,,,,,,,,,,,,,,,,,,,,,,,,,,,,,,,,,,,,,,,,,,
361.0,-0.007190628806582391,0.07902546226978302,0.0005328178522177041,0.6499763131141663,0.0,0.06926304,0.032470383,0.99946725,0.11326772,0.07260405,-1.09720105e-07,-0.0036160946,0.00095820427,0.012074709,0.065898634,0.025074808,-0.0071307644,0.135375,0.07180859,1.0,,,,,,,,,,,,,,,,,,,,,,,,,,,,,,,,,,,,,,,,,,,,
362.0,-0.007322681488173113,0.07889050990343094,0.0005328416591510177,0.6455366611480713,0.0,0.06973503,0.032773446,0.99946725,0.11327832,0.07273516,-6.56534e-08,-0.0037984848,0.0006015301,0.012168407,-0.04273933,-0.086133055,0.022534925,0.13575,0.07200533,1.0,,,,,,,,,,,,,,,,,,,,,,,,,,,,,,,,,,,,,,,,,,,,
363.0,-0.007455224690104389,0.07875485718250275,0.0005328416591510177,0.6410911083221436,0.0,0.07020701,0.033077087,0.99946725,0.11327425,0.07287352,-9.22724e-08,-0.0035226345,0.00070261955,0.012139082,0.06590162,0.025088651,-0.0071151364,0.136125,0.07220206,1.0,,,,,,,,,,,,,,,,,,,,,,,,,,,,,,,,,,,,,,,,,,,,
364.0,-0.007587818856166271,0.07861842960119247,0.0005328416591510177,0.6366395354270935,0.0,0.07067899,0.033381253,0.99946725,0.11327444,0.073000625,-4.744653e-08,-0.0037050247,0.00034594536,0.01223278,-0.042736743,-0.08612905,0.022512188,0.1365,0.07239876,1.0,,,,,,,,,,,,,,,,,,,,,,,,,,,,,,,,,,,,,,,,,,,,
365.0,-0.00772096454587777,0.07848137617111206,0.0005328416591510177,0.6321820020675659,0.0,0.0711509,0.033685986,0.99946725,0.11325995,0.07313497,-7.7274834e-08,-0.0034291744,0.00044727325,0.012203217,0.0659046,0.025102487,-0.0070995074,0.136875,0.07259545,1.0,,,,,,,,,,,,,,,,,,,,,,,,,,,,,,,,,,,,,,,,,,,,
366.0,-0.007854055033175293,0.07834358513355255,0.0005328416591510177,0.6277185082435608,0.0,0.071622774,0.033991225,0.99946725,0.11324974,0.073258065,-3.1689883e-08,-0.0036115646,9.059906e-05,0.012296915,-0.04273415,-0.086125046,0.022489456,0.13725,0.07279212,1.0,,,,,,,,,,,,,,,,,,,,,,,,,,,,,,,,,,,,,,,,,,,,
367.0,-0.007987455595246913,0.07820510864257812,0.0005328416591510177,0.6232489943504333,0.0,0.072094545,0.03429701,0.99946725,0.11322486,0.073388405,-6.472573e-08,-0.0033357143,0.00019192696,0.01226759,0.06590758,0.025116315,-0.007083877,0.137625,0.07298877,1.0,,,,,,,,,,,,,,,,,,,,,,,,,,,,,,,,,,,,,,,,,,,,
368.0,-0.008120817239549162,0.07806596904993057,0.0005328416591510177,0.6187734603881836,0.0,0.072566226,0.034603294,0.99946725,0.113204256,0.07350749,-1.8381805e-08,-0.003518343,-0.00010704994,0.012360811,-0.042901624,-0.07225931,0.022420486,0.138,0.0731854,1.0,,,,,,,,,,,,,,,,,,,,,,,,,,,,,,,,,,,,,,,,,,,,
369.0,-0.008254707669677284,0.07792609184980392,0.0005328655242919922,0.6142918467521667,0.0,0.07303777,0.0349101,0.99946725,0.11317133,0.07363385,-5.4302284e-08,-0.0032422543,5.197525e-05,0.012331247,0.0657376,0.038988467,-0.0071207774,0.138375,0.07338202,1.0,,,,,,,,,,,,,,,,,,,,,,,,,,,,,,,,,,,,,,,,,,,,
370.0,-0.008388298774705347,0.07778547704219818,0.0005328655242919922,0.609804093837738,0.0,0.07350922,0.03521739,0.99946725,0.11314507,0.07374899,-7.569918e-09,-0.003424883,-0.00024676323,0.012424469,-0.04289823,-0.072261766,0.022404201,0.13875,0.07357861,1.0,,,,,,,,,,,,,,,,,,,,,,,,,,,,,,,,,,,,,,,,,,,,
371.0,-0.008522515555632345,0.07764419168233871,0.0005328655242919922,0.6053104996681213,0.0,0.07398049,0.035525184,0.99946725,0.11310649,0.073871404,-4.4593197e-08,-0.0031487942,-8.773804e-05,0.012394905,0.06573799,0.038995743,-0.0071114134,0.139125,0.073775195,1.0,,,,,,,,,,,,,,,,,,,,,,,,,,,,,,,,,,,,,,,,,,,,
372.0,-0.008656451401440337,0.07750216126441956,0.0005328655242919922,0.6008108258247375,0.0,0.07445163,0.035833444,0.99946725,0.11307456,0.07398259,2.254931e-09,-0.0033314228,-0.00038647652,0.012488127,-0.04289484,-0.07226422,0.02238792,0.1395,0.07397175,1.0,,,,,,,,,,,,,,,,,,,,,,,,,,,,,,,,,,,,,,,,,,,,
373.0,-0.008791019141295693,0.07735946774482727,0.0005328655242919922,0.5963051319122314,0.0,0.07492259,0.0361422,0.99946725,0.11303032,0.07410105,-3.580685e-08,-0.003055334,-0.00022745132,0.012458563,0.06573839,0.039003015,-0.0071020466,0.139875,0.074168295,1.0,,,,,,,,,,,,,,,,,,,,,,,,,,,,,,,,,,,,,,,,,,,,
374.0,-0.008925300508270175,0.0772160142660141,0.0005328655242919922,0.5917934775352478,0.0,0.0753934,0.036451403,0.99946725,0.11299273,0.0742083,1.1141823e-08,-0.0032379627,-0.0005264282,0.0125517845,-0.042891447,-0.07226667,0.02237164,0.14025,0.07436481,1.0,,,,,,,,,,,,,,,,,,,,,,,,,,,,,,,,,,,,,,,,,,,,
375.0,-0.009060260928106892,0.07707186043262482,0.0005328655242919922,0.5872758030891418,0.0,0.075863995,0.03676108,0.99946725,0.112942845,0.07432282,-2.7954606e-08,-0.002961874,-0.0003671646,0.012522221,0.06573878,0.039010283,-0.0070926785,0.140625,0.07456132,1.0,,,,,,,,,,,,,,,,,,,,,,,,,,,,,,,,,,,,,,,,,,,,
376.0,-0.009194846270737527,0.07692700624465942,0.0005328655242919922,0.5827520489692688,0.0,0.07633441,0.037071187,0.99946725,0.1128996,0.074426115,1.909358e-08,-0.0031445026,-0.0006661415,0.012615442,-0.042888056,-0.07226912,0.022355363,0.141,0.07475781,1.0,,,,,,,,,,,,,,,,,,,,,,,,,,,,,,,,,,,,,,,,,,,,
377.0,-0.00933025009864987,0.07678140699863434,0.0005328655242919922,0.5782223343849182,0.0,0.07680459,0.037381757,0.99946725,0.11284406,0.07453669,-2.1036975e-08,-0.002868414,-0.0005068779,0.01258564,0.06573917,0.039017547,-0.007083308,0.141375,0.07495427,1.0,,,,,,,,,,,,,,,,,,,,,,,,,,,,,,,,,,,,,,,,,,,,
378.0,-0.009465083621707211,0.07663508504629135,0.0005328655242919922,0.5736866593360901,0.0,0.07727457,0.03769274,0.99946725,0.112795174,0.07463604,2.6110486e-08,-0.0030510426,-0.0008058548,0.012678862,-0.042884663,-0.07227157,0.022339087,0.14175,0.07515072,1.0,,,,,,,,,,,,,,,,,,,,,,,,,,,,,,,,,,,,,,,,,,,,
379.0,-0.00960093112832683,0.07648806273937225,0.0005328655242919922,0.5691449642181396,0.0,0.0777443,0.03800417,0.99946725,0.11273398,0.07474267,-1.5053864e-08,-0.0027749538,-0.0006465912,0.012649298,0.065739565,0.039024808,-0.007073935,0.142125,0.07534715,1.0,,,,,,,,,,,,,,,,,,,,,,,,,,,,,,,,,,,,,,,,,,,,
380.0,-0.009736014486176192,0.07634031772613525,0.0005328893894329667,0.5645973086357117,0.0,0.078213796,0.038315997,0.99946725,0.11267945,0.07483808,3.2192677e-08,-0.0029575825,-0.0009455681,0.012742519,-0.042881273,-0.072274014,0.022322813,0.1425,0.07554356,1.0,,,,,,,,,,,,,,,,,,,,,,,,,,,,,,,,,,,,,,,,,,,,
381.0,-0.00987225120353028,0.07619183510541916,0.0005328893894329667,0.5600438117980957,0.0,0.07868301,0.038628247,0.99946725,0.11261261,0.07494076,-1.000515e-08,-0.0026814938,-0.0007863045,0.012712717,0.06573995,0.039032068,-0.0070645604,0.142875,0.07573995,1.0,,,,,,,,,,,,,,,,,,,,,,,,,,,,,,,,,,,,,,,,,,,,
382.0,-0.010007531859256145,0.07604262977838516,0.0005328893894329667,0.5554843544960022,0.0,0.07915198,0.038940884,0.99946725,0.11255244,0.07503223,3.7340275e-08,-0.0028641224,-0.0010852814,0.012805939,-0.042877883,-0.072276466,0.022306543,0.14325,0.075936325,1.0,,,,,,,,,,,,,,,,,,,,,,,,,,,,,,,,,,,,,,,,,,,,
383.0,-0.010144207754187302,0.07589268684387207,0.0005328893894329667,0.5509189963340759,0.0,0.07962065,0.039253928,0.99946725,0.11247996,0.07513098,-5.8906964e-09,-0.0025880337,-0.00092601776,0.012776136,0.06574033,0.03903932,-0.0070551834,0.143625,0.07613268,1.0,,,,,,,,,,,,,,,,,,,,,,,,,,,,,,,,,,,,,,,,,,,,
384.0,-0.010279750121052532,0.07574206590652466,0.0005328893894329667,0.5463478565216064,0.0,0.08008904,0.03956734,0.99946725,0.11241416,0.0752185,4.1553413e-08,-0.0027706623,-0.0012249947,0.012869358,-0.042874493,-0.07227891,0.022290273,0.144,0.07632901,1.0,,,,,,,,,,,,,,,,,,,,,,,,,,,,,,,,,,,,,,,,,,,,
385.0,-0.010416837670713268,0.07559070736169815,0.0005328893894329667,0.541770875453949,0.0,0.08055711,0.039881144,0.99946725,0.11233605,0.0753133,-2.7103897e-09,-0.0024945736,-0.001065731,0.012839556,0.06574072,0.03904657,-0.0070458045,0.144375,0.07652532,1.0,,,,,,,,,,,,,,,,,,,,,,,,,,,,,,,,,,,,,,,,,,,,
386.0,-0.01055271914555274,0.07543861865997314,0.0005328893894329667,0.5371879935264587,0.0,0.08102488,0.040195297,0.99946725,0.11226461,0.07539689,4.4832213e-08,-0.0026769638,-0.001364708,0.012932539,-0.042871103,-0.072281346,0.022274006,0.14475,0.07672162,1.0,,,,,,,,,,,,,,,,,,,,,,,,,,,,,,,,,,,,,,,,,,,,
387.0,-0.010690137081666627,0.07528585195541382,0.0005328893894329667,0.5325995683670044,0.0,0.0814923,0.04050983,0.99946725,0.11218087,0.07548775,-4.640901e-10,-0.0024011135,-0.0012054443,0.012902975,0.0657411,0.039053816,-0.0070364233,0.145125,0.0769179,1.0,,,,,,,,,,,,,,,,,,,,,,,,,,,,,,,,,,,,,,,,,,,,
388.0,-0.010826345344233688,0.07513236254453659,0.0005329131963662803,0.5280053615570068,0.0,0.0819594,0.040824693,0.99946725,0.1121038,0.075567394,4.7176805e-08,-0.0025835037,-0.0015044212,0.012995958,-0.042867716,-0.07228379,0.02225774,0.1455,0.07711416,1.0,,,,,,,,,,,,,,,,,,,,,,,,,,,,,,,,,,,,,,,,,,,,
389.0,-0.010964093209455725,0.07497813552618027,0.0005329131963662803,0.5234054923057556,0.0,0.08242612,0.04113992,0.99946725,0.11201443,0.07565432,8.483194e-10,-0.0023076534,-0.0013451576,0.012966156,0.06574148,0.039061062,-0.00702704,0.145875,0.0773104,1.0,,,,,,,,,,,,,,,,,,,,,,,,,,,,,,,,,,,,,,,,,,,,
390.0,-0.011100624410307,0.07482319325208664,0.0005329131963662803,0.5188000798225403,0.0,0.08289251,0.041455463,0.99946725,0.11193174,0.075730026,4.8587314e-08,-0.0024900436,-0.0016438961,0.013059139,-0.042864326,-0.072286226,0.022241477,0.14625,0.07750662,1.0,,,,,,,,,,,,,,,,,,,,,,,,,,,,,,,,,,,,,,,,,,,,
391.0,-0.011238620473220409,0.07466757297515869,0.0005329131963662803,0.5141892433166504,0.0,0.08335849,0.04177135,0.99946725,0.11183675,0.07581302,1.2269697e-09,-0.002213955,-0.0014848709,0.013029575,0.06574185,0.0390683,-0.007017655,0.146625,0.07770281,1.0,,,,,,,,,,,,,,,,,,,,,,,,,,,,,,,,,,,,,,,,,,,,
392.0,-0.011375399870943877,0.07451123744249344,0.0005329131963662803,0.5095728635787964,0.0,0.08382411,0.042087536,0.99946725,0.111748435,0.07588479,4.9063868e-08,-0.0023965836,-0.0017836094,0.01312232,-0.04286094,-0.07228866,0.022225214,0.147,0.077898994,1.0,,,,,,,,,,,,,,,,,,,,,,,,,,,,,,,,,,,,,,,,,,,,
393.0,-0.01151370669972239,0.07435423880815506,0.0005329131963662803,0.5049512386322021,0.0,0.08428931,0.042404052,0.99946725,0.11164782,0.07596383,6.7198364e-10,-0.0021204948,-0.0016243458,0.013092756,0.06574223,0.039075535,-0.007008267,0.147375,0.07809515,1.0,,,,,,,,,,,,,,,,,,,,,,,,,,,,,,,,,,,,,,,,,,,,
394.0,-0.011650790916379586,0.07419648766517639,0.0005329131963662803,0.5003242492675781,0.0,0.08475412,0.04272085,0.99946725,0.1115539,0.07603167,4.860659e-08,-0.0023031235,-0.0019233227,0.013185501,-0.04285755,-0.0722911,0.022208955,0.14775,0.0782913,1.0,,,,,,,,,,,,,,,,,,,,,,,,,,,,,,,,,,,,,,,,,,,,
395.0,-0.011789400113706555,0.07403811067342758,0.0005329370615072548,0.49569210410118103,0.0,0.08521848,0.043037962,0.99946725,0.11144767,0.07610679,-8.165102e-10,-0.0020270348,-0.0017640591,0.013155937,0.065742604,0.03908277,-0.0069988775,0.148125,0.07848742,1.0,,,,,,,,,,,,,,,,,,,,,,,,,,,,,,,,,,,,,,,,,,,,
396.0,-0.01192677762482565,0.07387902587652206,0.0005329370615072548,0.4910549223423004,0.0,0.08568244,0.043355342,0.99946725,0.11134813,0.07617068,4.7215607e-08,-0.002209425,-0.0020627975,0.013248682,-0.042854164,-0.072293535,0.022192698,0.1485,0.07868352,1.0,,,,,,,,,,,,,,,,,,,,,,,,,,,,,,,,,,,,,,,,,,,,
397.0,-0.012065677103306917,0.07371924817562103,0.0005329370615072548,0.4864126741886139,0.0,0.086145915,0.043673016,0.99946725,0.1112363,0.076241866,-3.2383853e-09,-0.0019333363,-0.0019035339,0.013219118,0.06574298,0.039089996,-0.006989486,0.148875,0.0788796,1.0,,,,,,,,,,,,,,,,,,,,,,,,,,,,,,,,,,,,,,,,,,,,
398.0,-0.012203024138206594,0.07355887442827225,0.0005329370615072548,0.4817655086517334,0.0,0.08660896,0.04399094,0.99946725,0.11113115,0.07630183,4.4891046e-08,-0.002115965,-0.0022025108,0.013311863,-0.042850778,-0.072295964,0.022176443,0.14925,0.079075664,1.0,,,,,,,,,,,,,,,,,,,,,,,,,,,,,,,,,,,,,,,,,,,,
399.0,-0.012341882096771567,0.07339781522750854,0.0005329370615072548,0.47711363434791565,0.0,0.08707152,0.044309143,0.99946725,0.1110137,0.07636908,-6.59352e-09,-0.0018398762,-0.0020432472,0.013282299,0.06574334,0.039097223,-0.0069800923,0.149625,0.07927171,1.0,,,,,,,,,,,,,,,,,,,,,,,,,,,,,,,,,,,,,,,,,,,,
400.0,-0.01247949775081761,0.0732361227273941,0.0005329370615072548,0.47245708107948303,0.0,0.087533616,0.04462758,0.99946725,0.11090295,0.07642511,4.1633033e-08,-0.0020225048,-0.0023419857,0.013374805,-0.042847387,-0.07229839,0.02216019,0.15,0.07946773,1.0,,,,,,,,,,,,,,,,,,,,,,,,,,,,,,,,,,,,,,,,,,,,
401.0,-0.012618619030639822,0.07307382673025131,0.0005329370615072548,0.4677960276603699,0.0,0.0879952,0.044946283,0.99946725,0.110779904,0.07648842,-1.0881791e-08,-0.0017464161,-0.002182722,0.013345242,0.065743715,0.039104443,-0.0069706966,0.150375,0.07966374,1.0,,,,,,,,,,,,,,,,,,,,,,,,,,,,,,,,,,,,,,,,,,,,
402.0,-0.012756491177666068,0.07291094213724136,0.0005329370615072548,0.46313053369522095,0.0,0.088456295,0.0452652,0.99946725,0.110663556,0.07654053,3.7441687e-08,-0.0019288063,-0.002481699,0.013437986,-0.042844,-0.07230082,0.022143938,0.15075,0.07985972,1.0,,,,,,,,,,,,,,,,,,,,,,,,,,,,,,,,,,,,,,,,,,,,
403.0,-0.012895761645752374,0.07274751365184784,0.0005329370615072548,0.45846089720726013,0.0,0.08891686,0.04558437,0.99946725,0.11053491,0.07659991,-1.6103064e-08,-0.0016527176,-0.0023224354,0.013408184,0.06574408,0.039111663,-0.0069612986,0.151125,0.080055684,1.0,,,,,,,,,,,,,,,,,,,,,,,,,,,,,,,,,,,,,,,,,,,,
404.0,-0.013033778387434405,0.07258351147174835,0.0005329370615072548,0.4537869989871979,0.0,0.08937691,0.045903735,0.99946725,0.110412955,0.07664808,3.231714e-08,-0.0018353462,-0.0024263859,0.01350069,-0.043467086,-0.02557017,0.022050442,0.1515,0.08025163,1.0,,,,,,,,,,,,,,,,,,,,,,,,,,,,,,,,,,,,,,,,,,,,
405.0,-0.013173283875338896,0.07241897284984589,0.0005329370615072548,0.44910919666290283,0.0,0.08983644,0.046223335,0.99946725,0.110286675,0.07670364,-2.1669182e-09,-0.0015592575,-0.0020725727,0.01347065,0.06510839,0.08584104,-0.0070504225,0.151875,0.08044755,1.0,,,,,,,,,,,,,,,,,,,,,,,,,,,,,,,,,,,,,,,,,,,,
406.0,-0.013311518961870708,0.07225392013788223,0.0005329608684405684,0.4444276988506317,0.0,0.0902955,0.046543118,0.99946725,0.11017505,0.076748095,5.7630835e-08,-0.0017416477,-0.0021767616,0.013562918,-0.0434611,-0.025594307,0.022055848,0.15225,0.08064345,1.0,,,,,,,,,,,,,,,,,,,,,,,,,,,,,,,,,,,,,,,,,,,,
407.0,-0.013451236198371182,0.0720883309841156,0.0005329608684405684,0.4397425353527069,0.0,0.090754084,0.046863116,0.99946725,0.11005909,0.076799944,2.2229795e-08,-0.001465559,-0.00182271,0.013532877,0.0651001,0.08582632,-0.0070622247,0.152625,0.080839336,1.0,,,,,,,,,,,,,,,,,,,,,,,,,,,,,,,,,,,,,,,,,,,,
408.0,-0.013589675513036286,0.07192225754261017,0.0005329608684405684,0.4350539445877075,0.0,0.09121224,0.047183286,0.99946725,0.10995777,0.07684069,7.756603e-08,-0.0016481876,-0.0019271374,0.013625145,-0.04345511,-0.025618434,0.02206124,0.153,0.0810352,1.0,,,,,,,,,,,,,,,,,,,,,,,,,,,,,,,,,,,,,,,,,,,,
409.0,-0.013729582600032927,0.07175569236278534,0.0005329608684405684,0.43036216497421265,0.0,0.09166996,0.047503658,0.99946725,0.10985211,0.07688882,4.496803e-08,-0.0013720989,-0.0015733242,0.013595104,0.065091826,0.08581161,-0.0070740166,0.153375,0.08123104,1.0,,,,,,,,,,,,,,,,,,,,,,,,,,,,,,,,,,,,,,,,,,,,
410.0,-0.013868201034321941,0.0715886801481247,0.0005329608684405684,0.42566734552383423,0.0,0.09212729,0.04782418,0.99946725,0.1097611,0.07692586,9.4973366e-08,-0.0015544891,-0.0016775131,0.013687372,-0.04344912,-0.025642551,0.022066623,0.15375,0.08142687,1.0,,,,,,,,,,,,,,,,,,,,,,,,,,,,,,,,,,,,,,,,,,,,
411.0,-0.014008278448033549,0.07142118364572525,0.0005329608684405684,0.4209696352481842,0.0,0.09258424,0.04814489,0.99946725,0.10966573,0.07697029,6.538355e-08,-0.0012786388,-0.0013239384,0.01365757,0.06508355,0.0857969,-0.007085798,0.154125,0.08162267,1.0,,,,,,,,,,,,,,,,,,,,,,,,,,,,,,,,,,,,,,,,,,,,
412.0,-0.01414705581568874,0.07125324010848999,0.0005329608684405684,0.41626930236816406,0.0,0.09304084,0.04846574,0.99946725,0.109585,0.07700362,1.1001391e-07,-0.001461029,-0.0014283657,0.013749838,-0.04344313,-0.025666658,0.022071997,0.1545,0.08181845,1.0,,,,,,,,,,,,,,,,,,,,,,,,,,,,,,,,,,,,,,,,,,,,
413.0,-0.014287273604849571,0.0710848718881607,0.0005329608684405684,0.41156670451164246,0.0,0.09349709,0.04878676,0.99946725,0.10949992,0.07704434,8.344365e-08,-0.0011849403,-0.0010745525,0.013719797,0.06507528,0.0857822,-0.0070975693,0.154875,0.08201421,1.0,,,,,,,,,,,,,,,,,,,,,,,,,,,,,,,,,,,,,,,,,,,,
414.0,-0.014426176321010373,0.0709160789847374,0.0005329370615072548,0.4068619906902313,0.0,0.09395305,0.049107898,0.99946725,0.109429464,0.07707396,1.2270041e-07,-0.0013673306,-0.0011792183,0.013812065,-0.04343714,-0.025690755,0.022077357,0.15525,0.08220995,1.0,,,,,,,,,,,,,,,,,,,,,,,,,,,,,,,,,,,,,,,,,,,,
415.0,-0.014566753222159981,0.07074689865112305,0.0005329370615072548,0.40215542912483215,0.0,0.09440869,0.049429193,0.99946725,0.10935465,0.077110976,9.91504e-08,-0.0010914803,-0.00082564354,0.013782024,0.065067016,0.08576751,-0.00710933,0.155625,0.08240567,1.0,,,,,,,,,,,,,,,,,,,,,,,,,,,,,,,,,,,,,,,,,,,,
416.0,-0.01470599819555637,0.07057730853557587,0.0005329370615072548,0.3974473178386688,0.0,0.094864085,0.0497506,0.99946725,0.10929446,0.077136904,1.3303749e-07,-0.0012738705,-0.0009303093,0.013874292,-0.04343114,-0.02571484,0.022082709,0.156,0.08260137,1.0,,,,,,,,,,,,,,,,,,,,,,,,,,,,,,,,,,,,,,,,,,,,
417.0,-0.014846649865612589,0.07040735334157944,0.0005329370615072548,0.39273810386657715,0.0,0.09531921,0.05007214,0.99946725,0.10922991,0.07717022,1.125078e-07,-0.0009977818,-0.00057673454,0.01384449,0.06505875,0.08575283,-0.00712108,0.156375,0.08279705,1.0,,,,,,,,,,,,,,,,,,,,,,,,,,,,,,,,,,,,,,,,,,,,
418.0,-0.014985957761380633,0.07023695856332779,0.0005329370615072548,0.38802772760391235,0.0,0.09577413,0.050393775,0.99946725,0.10917997,0.07719245,1.4102925e-07,-0.001180172,-0.0006814003,0.01393652,-0.043425146,-0.025738917,0.02208805,0.15675,0.0829927,1.0,,,,,,,,,,,,,,,,,,,,,,,,,,,,,,,,,,,,,,,,,,,,
419.0,-0.015126654249464971,0.0700661763548851,0.0005329370615072548,0.38331684470176697,0.0,0.096228816,0.050715536,0.99946725,0.10912566,0.077222064,1.2351997e-07,-0.00090432167,-0.00032806396,0.013906717,0.0650505,0.08573815,-0.0071328203,0.157125,0.08318834,1.0,,,,,,,,,,,,,,,,,,,,,,,,,,,,,,,,,,,,,,,,,,,,
420.0,-0.015265982055698102,0.06989501416683197,0.0005329370615072548,0.3786056637763977,0.0,0.09668334,0.05103737,0.99946725,0.10908597,0.077240594,1.466798e-07,-0.0010867119,-0.00043272972,0.013998747,-0.04341915,-0.025762983,0.022093382,0.1575,0.08338396,1.0,,,,,,,,,,,,,,,,,,,,,,,,,,,,,,,,,,,,,,,,,,,,
421.0,-0.015406366542748618,0.06972351670265198,0.0005329370615072548,0.37389475107192993,0.0,0.09713768,0.051359314,0.99946725,0.10904189,0.077266514,1.3219098e-07,-0.00081062317,-7.939339e-05,0.013968945,0.06504224,0.08572348,-0.00714455,0.157875,0.083579555,1.0,,,,,,,,,,,,,,,,,,,,,,,,,,,,,,,,,,,,,,,,,,,,
422.0,-0.015545532082783555,0.06955156475305557,0.0005329370615072548,0.3691841959953308,0.0,0.0975919,0.05168132,0.99946725,0.10901243,0.077281356,1.4999327e-07,-0.0009930134,-0.00018429756,0.014060974,-0.043413147,-0.025787039,0.022098701,0.15825,0.08377513,1.0,,,,,,,,,,,,,,,,,,,,,,,,,,,,,,,,,,,,,,,,,,,,
423.0,-0.015685771076830553,0.06937926262617111,0.0005329370615072548,0.36447450518608093,0.0,0.098045975,0.052003417,0.99946725,0.108978584,0.07730358,1.3852492e-07,-0.0007171631,0.00016903877,0.014031172,0.065033995,0.08570883,-0.007156269,0.158625,0.08397068,1.0,,,,,,,,,,,,,,,,,,,,,,,,,,,,,,,,,,,,,,,,,,,,
424.0,-0.01582505368542709,0.06920655071735382,0.0005329370615072548,0.35976606607437134,0.0,0.098499976,0.05232556,0.99946725,0.10895934,0.07731473,1.5097369e-07,-0.0008993149,6.389618e-05,0.01412344,-0.04340715,-0.025811085,0.02210401,0.159,0.084166214,1.0,,,,,,,,,,,,,,,,,,,,,,,,,,,,,,,,,,,,,,,,,,,,
425.0,-0.015965199993985556,0.06903344392776489,0.0005329608684405684,0.35505935549736023,0.0,0.09895387,0.052647784,0.99946725,0.1089357,0.077333264,1.4252592e-07,-0.0006234646,0.0004172325,0.0140936375,0.06502575,0.08569417,-0.007167978,0.159375,0.08436173,1.0,,,,,,,,,,,,,,,,,,,,,,,,,,,,,,,,,,,,,,,,,,,,
426.0,-0.016104365329402945,0.06885990500450134,0.0005329608684405684,0.3503546714782715,0.0,0.09940773,0.052970037,0.99946725,0.10892666,0.07734072,1.496252e-07,-0.0008058548,0.00031208992,0.014185667,-0.043401144,-0.02583512,0.02210931,0.15975,0.08455722,1.0,,,,,,,,,,,,,,,,,,,,,,,,,,,,,,,,,,,,,,,,,,,,
427.0,-0.016244368391569654,0.06868597120046616,0.0005329608684405684,0.34565261006355286,0.0,0.09986154,0.053292353,0.99946725,0.10891323,0.07735557,1.4419801e-07,-0.0005297661,0.00066518784,0.014155865,0.065017514,0.08567952,-0.007179677,0.160125,0.08475269,1.0,,,,,,,,,,,,,,,,,,,,,,,,,,,,,,,,,,,,,,,,,,,,
428.0,-0.01638336146770338,0.06851162016391754,0.0005329608684405684,0.3409535586833954,0.0,0.10031535,0.053614683,0.99946725,0.10891438,0.07735935,1.4595183e-07,-0.0007121563,0.00056004524,0.014247894,-0.043395143,-0.025859145,0.022114597,0.1605,0.08494814,1.0,,,,,,,,,,,,,,,,,,,,,,,,,,,,,,,,,,,,,,,,,,,,
429.0,-0.016523157923840508,0.06833678483963013,0.0005329608684405684,0.3362582325935364,0.0,0.10076915,0.053937063,0.99946725,0.108911134,0.07737051,1.435453e-07,-0.000436306,0.00091314316,0.014218092,0.06500927,0.08566489,-0.007191365,0.160875,0.085143566,1.0,,,,,,,,,,,,,,,,,,,,,,,,,,,,,,,,,,,,,,,,,,,,
430.0,-0.01666191168181214,0.06816155463457108,0.0005329608684405684,0.33156704902648926,0.0,0.10122299,0.054259438,0.99946725,0.10892248,0.0773706,1.3995769e-07,-0.0006184578,0.00080776215,0.014310122,-0.043389138,-0.02588316,0.022119876,0.16125,0.08533897,1.0,,,,,,,,,,,,,,,,,,,,,,,,,,,,,,,,,,,,,,,,,,,,
431.0,-0.016801385361432032,0.06798592954874039,0.0005329608684405684,0.3268807828426361,0.0,0.10167687,0.054581847,0.99946725,0.10892941,0.07737808,1.4057181e-07,-0.0003426075,0.0011608601,0.014280319,0.06500105,0.08565026,-0.007203043,0.161625,0.08553436,1.0,,,,,,,,,,,,,,,,,,,,,,,,,,,,,,,,,,,,,,,,,,,,
432.0,-0.016939781728935482,0.06780983507633209,0.0005329608684405684,0.3221997618675232,0.0,0.10213082,0.05490424,0.99946725,0.10895093,0.07737449,1.3164684e-07,-0.0005249977,0.001055479,0.014372349,-0.04338313,-0.025907164,0.022125142,0.162,0.08572972,1.0,,,,,,,,,,,,,,,,,,,,,,,,,,,,,,,,,,,,,,,,,,,,
433.0,-0.017078909604245653,0.06763327121734619,0.0005329370615072548,0.31752490997314453,0.0,0.10258486,0.05522665,0.99946725,0.10896803,0.07737829,1.3528165e-07,-0.00024914742,0.0014083385,0.014342546,0.06499282,0.08563564,-0.007214711,0.162375,0.08592506,1.0,,,,,,,,,,,,,,,,,,,,,,,,,,,,,,,,,,,,,,,,,,,,
434.0,-0.01721691125000671,0.06745627522468567,0.0005329370615072548,0.3128569424152374,0.0,0.103039026,0.05554903,0.99946725,0.10899971,0.07737102,1.2102332e-07,-0.0004312992,0.0013029575,0.014434576,-0.04337712,-0.025931159,0.0221304,0.16275,0.08612038,1.0,,,,,,,,,,,,,,,,,,,,,,,,,,,,,,,,,,,,,,,,,,,,
435.0,-0.017355608421273906,0.06727883964776993,0.0005329370615072548,0.3081963062286377,0.0,0.1034933,0.05587141,0.99946725,0.10902695,0.07737114,1.2767886e-07,-0.00015544891,0.001655817,0.014404774,0.0649846,0.08562102,-0.0072263684,0.163125,0.08631568,1.0,,,,,,,,,,,,,,,,,,,,,,,,,,,,,,,,,,,,,,,,,,,,
436.0,-0.01749313492628439,0.06710093468427658,0.0005329370615072548,0.3035440742969513,0.0,0.10394776,0.056193743,0.99946725,0.10906878,0.0773602,1.0809118e-07,-0.0003376007,0.0015501976,0.014496803,-0.04337111,-0.025955142,0.022135645,0.1635,0.08651096,1.0,,,,,,,,,,,,,,,,,,,,,,,,,,,,,,,,,,,,,,,,,,,,
437.0,-0.017631300901356957,0.06692259013652802,0.0005329370615072548,0.2989010214805603,0.0,0.10440236,0.056516062,0.99946725,0.10910618,0.077356644,1.17767506e-07,-6.175041e-05,0.0019028187,0.014467239,0.06497638,0.08560642,-0.007238015,0.163875,0.08670621,1.0,,,,,,,,,,,,,,,,,,,,,,,,,,,,,,,,,,,,,,,,,,,,
438.0,-0.017768277588442814,0.06674379110336304,0.0005329370615072548,0.29426807165145874,0.0,0.10485719,0.056838322,0.99946725,0.10915814,0.077342026,9.285448e-08,-0.00024414062,0.0017971992,0.0145590305,-0.0433651,-0.025979117,0.022140881,0.16425,0.08690145,1.0,,,,,,,,,,,,,,,,,,,,,,,,,,,,,,,,,,,,,,,,,,,,
439.0,-0.017905777626192717,0.06656451523303986,0.0005329370615072548,0.28964605927467346,0.0,0.10531221,0.05716055,0.99946725,0.10920568,0.07733481,1.055516e-07,3.170967e-05,0.0021500587,0.014529467,0.06496817,0.08559182,-0.007249652,0.164625,0.08709666,1.0,,,,,,,,,,,,,,,,,,,,,,,,,,,,,,,,,,,,,,,,,,,,
440.0,-0.018042335520262354,0.06638477742671967,0.0005329370615072548,0.2850360870361328,0.0,0.105767496,0.0574827,0.99946725,0.10926777,0.077316515,7.531726e-08,-0.00015044212,0.002044201,0.014621258,-0.043359086,-0.026003081,0.022146108,0.165,0.08729185,1.0,,,,,,,,,,,,,,,,,,,,,,,,,,,,,,,,,,,,,,,,,,,,
441.0,-0.018179167517205063,0.06620458513498306,0.0005329370615072548,0.2804391384124756,0.0,0.10622302,0.057804808,0.99946725,0.10932542,0.07730562,9.10352e-08,0.00012540817,0.002396822,0.014591694,0.06495996,0.08557723,-0.0072612786,0.165375,0.08748702,1.0,,,,,,,,,,,,,,,,,,,,,,,,,,,,,,,,,,,,,,,,,,,,
442.0,-0.018314994704351616,0.06602393090724945,0.0005329370615072548,0.27585652470588684,0.0,0.10667884,0.058126822,0.99946725,0.10939763,0.077283666,5.548355e-08,-5.6743622e-05,0.0022909641,0.014683485,-0.043353073,-0.026027035,0.022151323,0.16575,0.087682165,1.0,,,,,,,,,,,,,,,,,,,,,,,,,,,,,,,,,,,,,,,,,,,,
443.0,-0.018450871149561926,0.06584282219409943,0.0005329370615072548,0.2712894082069397,0.0,0.107134946,0.058448777,0.99946725,0.10946539,0.0772691,7.4222335e-08,0.00021910667,0.0026435852,0.014653921,0.064951755,0.08556265,-0.0072728945,0.166125,0.08787729,1.0,,,,,,,,,,,,,,,,,,,,,,,,,,,,,,,,,,,,,,,,,,,,
444.0,-0.018585787685999694,0.06566128879785538,0.0005329370615072548,0.2667389512062073,0.0,0.1075914,0.058770627,0.99946725,0.109547704,0.07724348,3.335738e-08,3.695488e-05,0.0025377274,0.014745712,-0.043347057,-0.02605098,0.022156527,0.1665,0.08807239,1.0,,,,,,,,,,,,,,,,,,,,,,,,,,,,,,,,,,,,,,,,,,,,
445.0,-0.01872061696057489,0.06547926366329193,0.0005329370615072548,0.26220664381980896,0.0,0.10804817,0.0590924,0.99946725,0.109625556,0.07722525,5.5117027e-08,0.00031256676,0.00289011,0.014716148,0.06494355,0.08554807,-0.0072845006,0.166875,0.088267475,1.0,,,,,,,,,,,,,,,,,,,,,,,,,,,,,,,,,,,,,,,,,,,,
446.0,-0.01885439630315732,0.06529679894447327,0.0005329370615072548,0.25769397616386414,0.0,0.10850533,0.059414048,0.99946725,0.109717965,0.077195965,8.942779e-09,0.00013041496,0.0027842522,0.0148079395,-0.043341037,-0.026074912,0.02216172,0.16725,0.08846253,1.0,,,,,,,,,,,,,,,,,,,,,,,,,,,,,,,,,,,,,,,,,,,,
447.0,-0.0189879979987389,0.06511390954256058,0.0005329370615072548,0.25320249795913696,0.0,0.108962856,0.059735607,0.99946725,0.10980591,0.077174075,3.3723303e-08,0.00040626526,0.0031363964,0.014778376,0.064935364,0.0855335,-0.007296096,0.167625,0.088657565,1.0,,,,,,,,,,,,,,,,,,,,,,,,,,,,,,,,,,,,,,,,,,,,
448.0,-0.019120697363205555,0.06493055820465088,0.0005329370615072548,0.24873380362987518,0.0,0.109420806,0.06005703,0.99946725,0.1099084,0.07714113,-1.7756246e-08,0.00022411346,0.0030305386,0.014870167,-0.04333502,-0.026098836,0.022166904,0.168,0.088852584,1.0,,,,,,,,,,,,,,,,,,,,,,,,,,,,,,,,,,,,,,,,,,,,
449.0,-0.019253311567501097,0.06474675983190536,0.0005329370615072548,0.2442898452281952,0.0,0.109879166,0.060378343,0.99946725,0.11000642,0.07711558,1.0045171e-08,0.00049996376,0.0033826828,0.014840603,0.06492717,0.08551894,-0.0073076817,0.168375,0.08904757,1.0,,,,,,,,,,,,,,,,,,,,,,,,,,,,,,,,,,,,,,,,,,,,
450.0,-0.019384702738282012,0.06456256657838821,0.0005329370615072548,0.23987241089344025,0.0,0.110337995,0.060699504,0.99946725,0.11011898,0.077078976,-4.673568e-08,0.00031781197,0.0032765865,0.014932394,-0.043329,-0.026122749,0.022172078,0.16875,0.08924255,1.0,,,,,,,,,,,,,,,,,,,,,,,,,,,,,,,,,,,,,,,,,,,,
451.0,-0.01951562673031934,0.06437789648771286,0.0005329370615072548,0.2354835867881775,0.0,0.11079727,0.061020546,0.99946725,0.11022706,0.07704977,-1.591336e-08,0.00059366226,0.0036287308,0.01490283,0.06491898,0.08550439,-0.0073192567,0.169125,0.08943749,1.0,,,,,,,,,,,,,,,,,,,,,,,,,,,,,,,,,,,,,,,,,,,,
452.0,-0.019645410783851992,0.06419280171394348,0.0005329370615072548,0.23112545907497406,0.0,0.11125706,0.06134142,0.99946725,0.11034968,0.07700951,-7.7991515e-08,0.00041151047,0.003522396,0.014994621,-0.043322977,-0.026146652,0.02217724,0.1695,0.089632414,1.0,,,,,,,,,,,,,,,,,,,,,,,,,,,,,,,,,,,,,,,,,,,,
453.0,-0.019774244524195673,0.06400726735591888,0.0005329131963662803,0.22680038213729858,0.0,0.11171734,0.061662156,0.99946725,0.110467814,0.07697665,-4.4148287e-08,0.00068712234,0.0038745403,0.014965057,0.0649108,0.08548985,-0.0073308214,0.169875,0.08982732,1.0,,,,,,,,,,,,,,,,,,,,,,,,,,,,,,,,,,,,,,,,,,,,
454.0,-0.019902139031268678,0.06382134556770325,0.0005329131963662803,0.22251096367835999,0.0,0.112178184,0.061982706,0.99946725,0.11060048,0.076932736,-1.1151975e-07,0.00050520897,0.0037682056,0.0150568485,-0.043316953,-0.026170544,0.022182394,0.17025,0.0900222,1.0,,,,,,,,,,,,,,,,,,,,,,,,,,,,,,,,,,,,,,,,,,,,
455.0,-0.02002859057595329,0.0636349469423294,0.0005329131963662803,0.21825973689556122,0.0,0.112639554,0.062303107,0.99946725,0.11072866,0.07689622,-7.465562e-08,0.00078082085,0.00412035,0.015027285,0.064902626,0.08547531,-0.007342376,0.170625,0.09021706,1.0,,,,,,,,,,,,,,,,,,,,,,,,,,,,,,,,,,,,,,,,,,,,
456.0,-0.020154146882739764,0.06344815343618393,0.0005329131963662803,0.21404960751533508,0.0,0.11310151,0.062623315,0.99946725,0.11087136,0.076848656,-1.473164e-07,0.00059890747,0.004014015,0.015119076,-0.04331093,-0.026194427,0.022187535,0.171,0.090411894,1.0,,,,,,,,,,,,,,,,,,,,,,,,,,,,,,,,,,,,,,,,,,,,
457.0,-0.020277916265859865,0.06326095759868622,0.0005329131963662803,0.2098836749792099,0.0,0.11356406,0.06294335,0.99946725,0.11100957,0.07680849,-1.0743136e-07,0.00087451935,0.0041275024,0.015089273,0.065759175,0.028261594,-0.007388175,0.171375,0.090606704,1.0,,,,,,,,,,,,,,,,,,,,,,,,,,,,,,,,,,,,,,,,,,,,
458.0,-0.020400722615408408,0.06307333707809448,0.0005329131963662803,0.20576509833335876,0.0,0.114027195,0.06326317,0.99946725,0.11115255,0.07675713,-1.4400224e-07,0.00069236755,0.0037827492,0.015180826,-0.042448457,-0.08340418,0.022132184,0.17175,0.0908015,1.0,,,,,,,,,,,,,,,,,,,,,,,,,,,,,,,,,,,,,,,,,,,,
459.0,-0.020521540634022305,0.0628853440284729,0.0005329131963662803,0.201697438955307,0.0,0.11449087,0.06358281,0.99946725,0.111281306,0.076713026,-7.384048e-08,0.00096821785,0.0038964748,0.015151262,0.06576166,0.028273895,-0.0073737614,0.172125,0.090996265,1.0,,,,,,,,,,,,,,,,,,,,,,,,,,,,,,,,,,,,,,,,,,,,
460.0,-0.020641179479533974,0.06269694119691849,0.0005329131963662803,0.19768434762954712,0.0,0.11495509,0.063902214,0.99946725,0.111414835,0.07665773,-1.1750817e-07,0.00078606606,0.0035514832,0.015242577,-0.042445883,-0.083401404,0.022110894,0.1725,0.09119101,1.0,,,,,,,,,,,,,,,,,,,,,,,,,,,,,,,,,,,,,,,,,,,,
461.0,-0.020758598592869004,0.06250819563865662,0.0005329131963662803,0.19372989237308502,0.0,0.11541982,0.06422142,0.99946725,0.111534126,0.076609686,-4.8243898e-08,0.0010619164,0.0036652088,0.015213013,0.065764144,0.028286193,-0.0073593473,0.172875,0.09138573,1.0,,,,,,,,,,,,,,,,,,,,,,,,,,,,,,,,,,,,,,,,,,,,
462.0,-0.020874588140511637,0.062319058924913406,0.0005329131963662803,0.18983836472034454,0.0,0.11588506,0.06454038,0.99946725,0.11165821,0.07655045,-9.168869e-08,0.00087976456,0.0033204556,0.015304327,-0.042443305,-0.08339862,0.022089608,0.17325,0.09158043,1.0,,,,,,,,,,,,,,,,,,,,,,,,,,,,,,,,,,,,,,,,,,,,
463.0,-0.020988004131916402,0.06212954968214035,0.0005329131963662803,0.18601420521736145,0.0,0.11635076,0.06485912,0.99946725,0.11176806,0.07649846,-2.5039157e-08,0.0011556149,0.0034341812,0.015274763,0.065766625,0.028298482,-0.0073449314,0.173625,0.091775104,1.0,,,,,,,,,,,,,,,,,,,,,,,,,,,,,,,,,,,,,,,,,,,,
464.0,-0.021099707659667157,0.06193973496556282,0.0005329131963662803,0.1822623759508133,0.0,0.11681694,0.065177605,0.99946725,0.1118827,0.07643528,-6.78577e-08,0.00097346306,0.003089428,0.015366077,-0.042440753,-0.083395824,0.022060132,0.174,0.09196976,1.0,,,,,,,,,,,,,,,,,,,,,,,,,,,,,,,,,,,,,,,,,,,,
465.0,-0.021208627456152804,0.06174958869814873,0.0005328893894329667,0.17858803272247314,0.0,0.11728353,0.06549585,0.99946725,0.11198311,0.07637936,-3.91623e-09,0.0012493134,0.0032031536,0.015336275,0.06576907,0.028310772,-0.007338708,0.174375,0.09216439,1.0,,,,,,,,,,,,,,,,,,,,,,,,,,,,,,,,,,,,,,,,,,,,
466.0,-0.021315515088900422,0.06155909225344658,0.0005328893894329667,0.17499667406082153,0.0,0.11775057,0.06581382,0.99946725,0.11208832,0.07631224,-4.6086438e-08,0.0010671616,0.0028586388,0.015424728,-0.042440385,-0.08339222,0.021354614,0.17475,0.092359,1.0,,,,,,,,,,,,,,,,,,,,,,,,,,,,,,,,,,,,,,,,,,,,
467.0,-0.021419277947604596,0.06136833876371384,0.0005328893894329667,0.17149417102336884,0.0,0.11821798,0.06613154,0.99946725,0.1121793,0.07625238,1.514312e-08,0.0013427734,0.0029723644,0.015392065,0.06576944,0.028323662,-0.008008375,0.175125,0.09255358,1.0,,,,,,,,,,,,,,,,,,,,,,,,,,,,,,,,,,,,,,,,,,,,
468.0,-0.021520650285730372,0.061177290976047516,0.0005328893894329667,0.16808661818504333,0.0,0.1186858,0.06644896,0.99946725,0.11227509,0.07618132,-2.6377567e-08,0.0011606216,0.0026276112,0.015480518,-0.04243827,-0.083389185,0.021333657,0.1755,0.09274814,1.0,,,,,,,,,,,,,,,,,,,,,,,,,,,,,,,,,,,,,,,,,,,,
469.0,-0.02161851747367731,0.0609859824180603,0.0005328893894329667,0.1647806167602539,0.0,0.11915395,0.06676611,0.99946725,0.11235665,0.07611752,3.214121e-08,0.0014364719,0.0027413368,0.015447855,0.06577209,0.028335558,-0.007993644,0.175875,0.09294268,1.0,,,,,,,,,,,,,,,,,,,,,,,,,,,,,,,,,,,,,,,,,,,,
470.0,-0.0217135913774343,0.0607944019138813,0.0005328893894329667,0.16158300638198853,0.0,0.11962246,0.06708296,0.99946725,0.112443015,0.076042525,-8.729945e-09,0.0012543201,0.002396822,0.015536308,-0.04243615,-0.08338615,0.021312704,0.17625,0.0931372,1.0,,,,,,,,,,,,,,,,,,,,,,,,,,,,,,,,,,,,,,,,,,,,
471.0,-0.021804736531644907,0.060602616518735886,0.0005328893894329667,0.1585010439157486,0.0,0.120091274,0.067399524,0.99946725,0.11251516,0.07597479,4.7079407e-08,0.0015301704,0.0025105476,0.015503645,0.06577472,0.028347448,-0.0079789115,0.176625,0.09333169,1.0,,,,,,,,,,,,,,,,,,,,,,,,,,,,,,,,,,,,,,,,,,,,
472.0,-0.021892647096823148,0.060410596430301666,0.0005328893894329667,0.15554222464561462,0.0,0.12056041,0.06771576,0.99946725,0.112592116,0.07589587,6.857629e-09,0.0013480186,0.0021660328,0.015592098,-0.042434026,-0.08338312,0.021291757,0.177,0.093526155,1.0,,,,,,,,,,,,,,,,,,,,,,,,,,,,,,,,,,,,,,,,,,,,
473.0,-0.021976170823266954,0.06021833419799805,0.0005328893894329667,0.1527143120765686,0.0,0.1210298,0.06803169,0.99946725,0.11265486,0.07582419,5.995896e-08,0.001623869,0.0022797585,0.015559435,0.06577735,0.028359331,-0.007964178,0.177375,0.0937206,1.0,,,,,,,,,,,,,,,,,,,,,,,,,,,,,,,,,,,,,,,,,,,,
474.0,-0.022055983841953175,0.06002587080001831,0.0005328655242919922,0.1500254124403,0.0,0.12149948,0.068347275,0.99946725,0.11272241,0.07574133,2.0386382e-08,0.0014417171,0.0019352436,0.01564765,-0.042431902,-0.083380096,0.021270813,0.17775,0.093915015,1.0,,,,,,,,,,,,,,,,,,,,,,,,,,,,,,,,,,,,,,,,,,,,
475.0,-0.02213091932704894,0.05983326584100723,0.0005328655242919922,0.14748379588127136,0.0,0.12196938,0.068662554,0.99946725,0.11277576,0.07566572,7.0781084e-08,0.0017175674,0.0020492077,0.015615225,0.06577997,0.02837121,-0.0079494435,0.178125,0.094109416,1.0,,,,,,,,,,,,,,,,,,,,,,,,,,,,,,,,,,,,,,,,,,,,
476.0,-0.022201645537940125,0.05964050441980362,0.0005328655242919922,0.14509783685207367,0.0,0.12243952,0.06897746,0.99946725,0.11283392,0.07557893,3.1857557e-08,0.0015354156,0.0017044544,0.01570344,-0.04242978,-0.08337706,0.021249874,0.1785,0.094303794,1.0,,,,,,,,,,,,,,,,,,,,,,,,,,,,,,,,,,,,,,,,,,,,
477.0,-0.02226699051983706,0.059447549283504486,0.0005328655242919922,0.14287595450878143,0.0,0.122909844,0.069292046,0.99946725,0.11287787,0.075499386,7.954702e-08,0.001811266,0.0018184185,0.015670776,0.06578259,0.02838308,-0.007934708,0.178875,0.09449814,1.0,,,,,,,,,,,,,,,,,,,,,,,,,,,,,,,,,,,,,,,,,,,,
478.0,-0.022327618945336258,0.059254467487335205,0.0005328655242919922,0.14082661271095276,0.0,0.12338037,0.069606245,0.99946725,0.11292664,0.07540865,4.1272365e-08,0.0016291142,0.0014739037,0.015758991,-0.04242765,-0.08337403,0.02122894,0.17925,0.09469247,1.0,,,,,,,,,,,,,,,,,,,,,,,,,,,,,,,,,,,,,,,,,,,,
479.0,-0.022382364532056557,0.059061288833618164,0.0005328655242919922,0.13895811140537262,0.0,0.123851046,0.0699201,0.99946725,0.11296121,0.075325176,8.6258e-08,0.0019049644,0.0015878677,0.015726328,0.0657852,0.028394945,-0.007919973,0.179625,0.09488677,1.0,,,,,,,,,,,,,,,,,,,,,,,,,,,,,,,,,,,,,,,,,,,,
480.0,-0.022431904157806597,0.05886794999241829,0.0005328655242919922,0.1372784525156021,0.0,0.12432188,0.07023356,0.99946725,0.1130006,0.07523052,4.8632042e-08,0.0017228127,0.0012433529,0.015814543,-0.042425524,-0.083371,0.02120801,0.18,0.09508105,1.0,,,,,,,,,,,,,,,,,,,,,,,,,,,,,,,,,,,,,,,,,,,,
481.0,-0.022475304658916003,0.05867456644773483,0.0005328655242919922,0.13579531013965607,0.0,0.12479282,0.07054666,0.99946725,0.1130258,0.07514311,9.091524e-08,0.001998663,0.001357317,0.01578188,0.06578781,0.028406804,-0.0079052355,0.180375,0.095275305,1.0,,,,,,,,,,,,,,,,,,,,,,,,,,,,,,,,,,,,,,,,,,,,
482.0,-0.022512628035226613,0.058481067419052124,0.0005328655242919922,0.13451585173606873,0.0,0.12526388,0.07085934,0.99946725,0.11305582,0.07504451,5.3937804e-08,0.0018165112,0.0010128021,0.015869856,-0.042423394,-0.08336797,0.021187084,0.18075,0.09546954,1.0,,,,,,,,,,,,,,,,,,,,,,,,,,,,,,,,,,,,,,,,,,,,
483.0,-0.022543898635309693,0.05828756093978882,0.0005328655242919922,0.13344651460647583,0.0,0.12573501,0.07117165,0.99946725,0.11307164,0.07495317,9.351997e-08,0.0020925999,0.0011270046,0.015837431,0.06579041,0.028418658,-0.007890497,0.181125,0.09566375,1.0,,,,,,,,,,,,,,,,,,,,,,,,,,,,,,,,,,,,,,,,,,,,
484.0,-0.022568339787453377,0.058093953877687454,0.0005328655242919922,0.1325930804014206,0.0,0.12620623,0.07148353,0.99946725,0.1130923,0.07485065,5.7190885e-08,0.0019102097,0.0007824898,0.015925407,-0.04242126,-0.08336494,0.021166164,0.1815,0.09585793,1.0,,,,,,,,,,,,,,,,,,,,,,,,,,,,,,,,,,,,,,,,,,,,
485.0,-0.022586620343843927,0.05790029838681221,0.0005328655242919922,0.13196031749248505,0.0,0.12667748,0.07179501,0.99946725,0.11309877,0.07475538,9.4073414e-08,0.0021862984,0.00089645386,0.015892744,0.06579301,0.028430505,-0.007875758,0.181875,0.09605209,1.0,,,,,,,,,,,,,,,,,,,,,,,,,,,,,,,,,,,,,,,,,,,,
486.0,-0.022597709011151126,0.057706642895936966,0.0005328655242919922,0.1315521001815796,0.0,0.12714878,0.07210604,0.99946725,0.11311007,0.074648924,5.8392498e-08,0.0020039082,0.000551939,0.01598072,-0.042419124,-0.083361916,0.021145247,0.18225,0.09624623,1.0,,,,,,,,,,,,,,,,,,,,,,,,,,,,,,,,,,,,,,,,,,,,
487.0,-0.022602442616046534,0.05751299113035202,0.0005328655242919922,0.13137102127075195,0.0,0.12762006,0.07241667,0.99946725,0.11310718,0.07454972,9.257678e-08,0.0022799969,0.0006661415,0.015948057,0.06579559,0.028442346,-0.007861018,0.182625,0.09644034,1.0,,,,,,,,,,,,,,,,,,,,,,,,,,,,,,,,,,,,,,,,,,,,
488.0,-0.02259985763134667,0.05731932073831558,0.0005328655242919922,0.13141871988773346,0.0,0.12809134,0.07272683,0.99946725,0.11310914,0.07443934,5.7543875e-08,0.0020976067,0.00032162666,0.016036034,-0.04241699,-0.08335889,0.021124335,0.183,0.096634425,1.0,,,,,,,,,,,,,,,,,,,,,,,,,,,,,,,,,,,,,,,,,,,,
489.0,-0.022590861472078002,0.05712568014860153,0.0005328655242919922,0.1316954493522644,0.0,0.12856258,0.07303657,0.99946725,0.11309691,0.07433621,8.9031296e-08,0.0023736954,0.00043582916,0.016003609,0.06579818,0.02845418,-0.007846277,0.183375,0.09682849,1.0,,,,,,,,,,,,,,,,,,,,,,,,,,,,,,,,,,,,,,,,,,,,
490.0,-0.02257456160323598,0.056932080537080765,0.0005328655242919922,0.1322004497051239,0.0,0.12903379,0.073345825,0.99946725,0.11308952,0.074221894,5.4646208e-08,0.0021915436,9.1314316e-05,0.016091347,-0.04241485,-0.08335586,0.021103429,0.18375,0.09702253,1.0,,,,,,,,,,,,,,,,,,,,,,,,,,,,,,,,,,,,,,,,,,,,
491.0,-0.022552077949290518,0.05673850700259209,0.0005328655242919922,0.13293154537677765,0.0,0.1295049,0.07365464,0.99946725,0.11306795,0.07411484,8.343818e-08,0.0024673939,0.00020551682,0.016058683,0.065800756,0.02846601,-0.007831535,0.184125,0.09721655,1.0,,,,,,,,,,,,,,,,,,,,,,,,,,,,,,,,,,,,,,,,,,,,
492.0,-0.02252242237235662,0.056545041501522064,0.0005328655242919922,0.1338856965303421,0.0,0.12997594,0.07396296,0.99946725,0.11305123,0.073996596,4.970074e-08,0.002285242,-0.00013875961,0.01614666,-0.04241271,-0.083352834,0.021082524,0.1845,0.09741054,1.0,,,,,,,,,,,,,,,,,,,,,,,,,,,,,,,,,,,,,,,,,,,,
493.0,-0.022486665897269976,0.056351594626903534,0.0005328655242919922,0.13505865633487701,0.0,0.13044687,0.074270815,0.99946725,0.11302033,0.07388561,7.579864e-08,0.0025613308,-2.4557114e-05,0.016113997,0.06580333,0.028477833,-0.007816793,0.184875,0.097604506,1.0,,,,,,,,,,,,,,,,,,,,,,,,,,,,,,,,,,,,,,,,,,,,
494.0,-0.02244430722525294,0.05615828186273575,0.0005328655242919922,0.1364453285932541,0.0,0.13091767,0.07457816,0.99946725,0.11299428,0.073763445,4.2708674e-08,0.0023789406,-0.00036907196,0.016201735,-0.04241057,-0.08334981,0.021061627,0.18525,0.097798444,1.0,,,,,,,,,,,,,,,,,,,,,,,,,,,,,,,,,,,,,,,,,,,,
495.0,-0.022395817137560926,0.05596507340669632,0.0005328655242919922,0.1380397081375122,0.0,0.13138832,0.074885026,0.99946725,0.112954065,0.07364853,6.611389e-08,0.0026550293,-0.00025463104,0.01616931,0.0658059,0.02848965,-0.007802049,0.185625,0.09799236,1.0,,,,,,,,,,,,,,,,,,,,,,,,,,,,,,,,,,,,,,,,,,,,
496.0,-0.02234129412125467,0.055771976709365845,0.0005328655242919922,0.13983528316020966,0.0,0.13185881,0.07519137,0.99946725,0.112918705,0.07352244,3.3671228e-08,0.002472639,-0.0005991459,0.016257048,-0.042408425,-0.083346784,0.021040732,0.186,0.098186255,1.0,,,,,,,,,,,,,,,,,,,,,,,,,,,,,,,,,,,,,,,,,,,,
497.0,-0.022280956103646627,0.05557899549603462,0.0005328655242919922,0.14182479679584503,0.0,0.1323291,0.07549722,0.99946725,0.112869166,0.0734036,5.438515e-08,0.0027487278,-0.0004849434,0.016224384,0.06580845,0.02850146,-0.007787305,0.186375,0.098380126,1.0,,,,,,,,,,,,,,,,,,,,,,,,,,,,,,,,,,,,,,,,,,,,
498.0,-0.022215027766822097,0.055386174470186234,0.0005328416591510177,0.14400076866149902,0.0,0.13279921,0.07580253,0.99946725,0.11282449,0.073273584,2.25896e-08,0.002566576,-0.0008292198,0.016312122,-0.04240628,-0.08334375,0.021019842,0.18675,0.09857397,1.0,,,,,,,,,,,,,,,,,,,,,,,,,,,,,,,,,,,,,,,,,,,,
499.0,-0.02214374855606848,0.055193495005369186,0.0005328416591510177,0.14635519683361053,0.0,0.13326906,0.07610732,0.99946725,0.11276565,0.07315081,4.0613624e-08,0.0028426647,-0.0007147789,0.016279459,0.06581101,0.028513264,-0.0077725593,0.187125,0.09876779,1.0,,,,,,,,,,,,,,,,,,,,,,,,,,,,,,,,,,,,,,,,,,,,
500.0,-0.022067357862500785,0.05500101298093796,0.0005328416591510177,0.14888013899326324,0.0,0.1337387,0.07641156,0.99946725,0.112711675,0.073016874,9.465008e-09,0.0026602745,-0.0010590553,0.016367197,-0.042404134,-0.08334073,0.020998957,0.1875,0.098961584,1.0,,,,,,,,,,,,,,,,,,,,,,,,,,,,,,,,,,,,,,,,,,,,
501.0,-0.02198609969436539,0.05480874329805374,0.0005328416591510177,0.15156744420528412,0.0,0.13420804,0.07671527,0.99946725,0.11264353,0.072890185,2.4800523e-08,0.0029363632,-0.0009448528,0.016334534,0.065813564,0.028525064,-0.0077578127,0.187875,0.09915535,1.0,,,,,,,,,,,,,,,,,,,,,,,,,,,,,,,,,,,,,,,,,,,,
502.0,-0.021900215805248854,0.05461663752794266,0.0005328416591510177,0.15440906584262848,0.0,0.13467713,0.0770184,0.99946725,0.11258026,0.07275232,-5.7013416e-09,0.002753973,-0.0012891293,0.016421556,-0.04240187,-0.08333732,0.020849118,0.18825,0.0993491,1.0,,,,,,,,,,,,,,,,,,,,,,,,,,,,,,,,,,,,,,,,,,,,
503.0,-0.02180994690587604,0.05442476272583008,0.0005328416591510177,0.15739698708057404,0.0,0.13514589,0.07732099,0.99946725,0.11250283,0.07262171,6.9470625e-09,0.0030303001,-0.0011746883,0.016388416,0.06581624,0.028537197,-0.007871994,0.188625,0.09954282,1.0,,,,,,,,,,,,,,,,,,,,,,,,,,,,,,,,,,,,,,,,,,,,
504.0,-0.02171552577351254,0.054233115166425705,0.0005328416591510177,0.1605234444141388,0.0,0.13561435,0.077622995,0.99946725,0.11243027,0.072479926,-2.2908232e-08,0.00284791,-0.0015189648,0.01647544,-0.0423998,-0.08333425,0.020828301,0.189,0.09973651,1.0,,,,,,,,,,,,,,,,,,,,,,,,,,,,,,,,,,,,,,,,,,,,
505.0,-0.021617181221977488,0.05404173210263252,0.0005328416591510177,0.1637808233499527,0.0,0.13608244,0.07792443,0.99946725,0.11234355,0.07234539,-1.29455e-08,0.0031239986,-0.0014045238,0.016442299,0.06581882,0.028548913,-0.007857188,0.189375,0.09993019,1.0,,,,,,,,,,,,,,,,,,,,,,,,,,,,,,,,,,,,,,,,,,,,
506.0,-0.021515131117347073,0.05385059118270874,0.0005328416591510177,0.16716186702251434,0.0,0.1365502,0.07822526,0.99946725,0.11226171,0.07219968,-4.2154436e-08,0.0029416084,-0.0017488003,0.016529322,-0.042397738,-0.08333118,0.020807488,0.18975,0.10012383,1.0,,,,,,,,,,,,,,,,,,,,,,,,,,,,,,,,,,,,,,,,,,,,
507.0,-0.021409589410354878,0.05365973711013794,0.0005328416591510177,0.17065943777561188,0.0,0.13701756,0.07852552,0.99946725,0.11216572,0.07206122,-3.4875985e-08,0.0032179356,-0.0016343594,0.016496181,0.06582138,0.028560624,-0.007842381,0.190125,0.100317456,1.0,,,,,,,,,,,,,,,,,,,,,,,,,,,,,,,,,,,,,,,,,,,,
508.0,-0.021300750511979688,0.05346912890672684,0.0005328416591510177,0.17426705360412598,0.0,0.13748454,0.07882515,0.99946725,0.112074606,0.07191159,-6.343875e-08,0.0030355453,-0.0019786358,0.016583204,-0.04239567,-0.08332811,0.020786678,0.1905,0.100511044,1.0,,,,,,,,,,,,,,,,,,,,,,,,,,,,,,,,,,,,,,,,,,,,
509.0,-0.021188814722937606,0.05327889323234558,0.0005328416591510177,0.17797806859016418,0.0,0.13795108,0.07912419,0.99946725,0.111969344,0.071769215,-5.8843195e-08,0.003311634,-0.0018641949,0.016550064,0.06582394,0.028572328,-0.0078275725,0.190875,0.10070462,1.0,,,,,,,,,,,,,,,,,,,,,,,,,,,,,,,,,,,,,,,,,,,,
510.0,-0.021073956246527772,0.05308891460299492,0.0005328416591510177,0.1817866563796997,0.0,0.1384172,0.079422586,0.99946725,0.11186897,0.071615666,-8.675997e-08,0.0031292439,-0.0022082329,0.016634941,-0.04239275,-0.08332348,0.020297425,0.19125,0.10089816,1.0,,,,,,,,,,,,,,,,,,,,,,,,,,,,,,,,,,,,,,,,,,,,
511.0,-0.0209563521262422,0.05289926379919052,0.0005328178522177041,0.18568691611289978,0.0,0.13888283,0.07972038,0.99946725,0.11175444,0.07146937,-8.4845865e-08,0.003405571,-0.002093792,0.016599894,0.065827414,0.028585453,-0.008281106,0.191625,0.10109168,1.0,,,,,,,,,,,,,,,,,,,,,,,,,,,,,,,,,,,,,,,,,,,,
512.0,-0.020835831759420945,0.05270997807383537,0.0005328178522177041,0.18967366218566895,0.0,0.13934803,0.08001751,0.99946725,0.11164481,0.0713119,-1.1211685e-07,0.0032231808,-0.0024380684,0.01668477,-0.042390995,-0.08332024,0.020276837,0.192,0.10128518,1.0,,,,,,,,,,,,,,,,,,,,,,,,,,,,,,,,,,,,,,,,,,,,
513.0,-0.02071288012390451,0.05252108722925186,0.0005328178522177041,0.19374161958694458,0.0,0.1398127,0.08031402,0.99946725,0.11152103,0.07116168,-1.128826e-07,0.003499508,-0.002323389,0.016649723,0.06583009,0.02859689,-0.008266085,0.192375,0.10147865,1.0,,,,,,,,,,,,,,,,,,,,,,,,,,,,,,,,,,,,,,,,,,,,
514.0,-0.020587754988224974,0.05233253911137581,0.0005328178522177041,0.19788619875907898,0.0,0.14027686,0.08060985,0.99946725,0.11140215,0.07100029,-1.3950813e-07,0.0033171177,-0.0026676655,0.0167346,-0.042389233,-0.083317004,0.020256253,0.19275,0.10167209,1.0,,,,,,,,,,,,,,,,,,,,,,,,,,,,,,,,,,,,,,,,,,,,
515.0,-0.02046022908761788,0.052144408226013184,0.0005328178522177041,0.20210294425487518,0.0,0.1407405,0.08090504,0.99946725,0.11126912,0.070846155,-1.4295232e-07,0.0035932064,-0.0025529861,0.016699314,0.06583275,0.028608322,-0.008251063,0.193125,0.10186551,1.0,,,,,,,,,,,,,,,,,,,,,,,,,,,,,,,,,,,,,,,,,,,,
516.0,-0.020331230300142486,0.05195676162838936,0.0005328178522177041,0.20638777315616608,0.0,0.14120358,0.08119955,0.99946725,0.111140996,0.07068085,-1.689326e-07,0.0034108162,-0.0028970242,0.016784191,-0.04238747,-0.08331377,0.020235673,0.1935,0.1020589,1.0,,,,,,,,,,,,,,,,,,,,,,,,,,,,,,,,,,,,,,,,,,,,
517.0,-0.02019957488807577,0.05176951736211777,0.0005328178522177041,0.21073663234710693,0.0,0.14166607,0.08149339,0.99946725,0.11099873,0.07052279,-1.7505383e-07,0.0036871433,-0.0027823448,0.016749144,0.06583541,0.028619748,-0.008236039,0.193875,0.102252275,1.0,,,,,,,,,,,,,,,,,,,,,,,,,,,,,,,,,,,,,,,,,,,,
518.0,-0.02006702601032357,0.05158280208706856,0.0005328178522177041,0.2151460498571396,0.0,0.14212799,0.08178653,0.99946725,0.11086137,0.070353575,-2.0038904e-07,0.003504753,-0.0031266212,0.016833782,-0.04238571,-0.08331054,0.020215098,0.19425,0.10244561,1.0,,,,,,,,,,,,,,,,,,,,,,,,,,,,,,,,,,,,,,,,,,,,
519.0,-0.019931855394030026,0.05139657109975815,0.0005328178522177041,0.21961244940757751,0.0,0.14258929,0.08207899,0.99946725,0.11070987,0.0701916,-2.0918594e-07,0.0037810802,-0.003011942,0.016798735,0.06583807,0.028631167,-0.008221016,0.194625,0.10263893,1.0,,,,,,,,,,,,,,,,,,,,,,,,,,,,,,,,,,,,,,,,,,,,
520.0,-0.019795988506657706,0.0512109212577343,0.0005328178522177041,0.22413283586502075,0.0,0.14304997,0.08237074,0.99946725,0.110563286,0.07001846,-2.3387628e-07,0.00359869,-0.00335598,0.016883612,-0.042383943,-0.083307296,0.020194527,0.195,0.10283222,1.0,,,,,,,,,,,,,,,,,,,,,,,,,,,,,,,,,,,,,,,,,,,,
521.0,-0.019658431570424184,0.05102577060461044,0.0005328178522177041,0.2287040501832962,0.0,0.14350998,0.08266179,0.99946725,0.11040256,0.069852576,-2.4534745e-07,0.0038750172,-0.0032413006,0.016848326,0.06584071,0.028642582,-0.008205992,0.195375,0.10302549,1.0,,,,,,,,,,,,,,,,,,,,,,,,,,,,,,,,,,,,,,,,,,,,
522.0,-0.019519712416232144,0.05084121972322464,0.0005328178522177041,0.23332345485687256,0.0,0.14396934,0.082952105,0.99946725,0.110246755,0.06967553,-2.6939313e-07,0.003692627,-0.0035853386,0.016932964,-0.042382177,-0.08330406,0.020173961,0.19575,0.10321873,1.0,,,,,,,,,,,,,,,,,,,,,,,,,,,,,,,,,,,,,,,,,,,,
523.0,-0.01937963663037126,0.05065733939409256,0.0005328178522177041,0.23798830807209015,0.0,0.144428,0.083241716,0.99946725,0.110076815,0.06950572,-2.8353722e-07,0.003968954,-0.0034706593,0.016897917,0.06584336,0.028653989,-0.008190967,0.196125,0.103411935,1.0,,,,,,,,,,,,,,,,,,,,,,,,,,,,,,,,,,,,,,,,,,,,
524.0,-0.019238267690236354,0.05047404766082764,0.0005328178522177041,0.24269643425941467,0.0,0.14488596,0.08353057,0.99946725,0.1099118,0.069324754,-3.0693838e-07,0.0037863255,-0.0038146973,0.016982555,-0.042380404,-0.08330083,0.020153398,0.1965,0.10360513,1.0,,,,,,,,,,,,,,,,,,,,,,,,,,,,,,,,,,,,,,,,,,,,
525.0,-0.01909568191550725,0.050291407853364944,0.0005328178522177041,0.24744534492492676,0.0,0.14534318,0.0838187,0.99946725,0.10973265,0.06915104,-3.2375397e-07,0.0040626526,-0.003700018,0.016947508,0.065845996,0.028665392,-0.008175941,0.196875,0.103798285,1.0,,,,,,,,,,,,,,,,,,,,,,,,,,,,,,,,,,,,,,,,,,,,
526.0,-0.018951939816531923,0.05010942742228508,0.0005328178522177041,0.25223302841186523,0.0,0.14579967,0.08410606,0.99946725,0.109558426,0.06896616,-3.4651086e-07,0.0038802624,-0.0040438175,0.017032146,-0.042378634,-0.083297595,0.02013284,0.19725,0.10399143,1.0,,,,,,,,,,,,,,,,,,,,,,,,,,,,,,,,,,,,,,,,,,,,
527.0,-0.01880691378724378,0.049928195774555206,0.0005328178522177041,0.25705742835998535,0.0,0.14625537,0.084392674,0.99946725,0.109370075,0.06878853,-3.659966e-07,0.0041565895,-0.003929138,0.016997099,0.065848626,0.028676787,-0.008160915,0.197625,0.10418453,1.0,,,,,,,,,,,,,,,,,,,,,,,,,,,,,,,,,,,,,,,,,,,,
528.0,-0.018660847795947306,0.04974766820669174,0.0005328178522177041,0.26191672682762146,0.0,0.14671032,0.08467851,0.99946725,0.10918665,0.06859974,-3.881094e-07,0.0039741993,-0.004273176,0.0170815,-0.04237686,-0.08329437,0.020112287,0.198,0.10437762,1.0,,,,,,,,,,,,,,,,,,,,,,,,,,,,,,,,,,,,,,,,,,,,
529.0,-0.01851379329259671,0.04956788569688797,0.0005328178522177041,0.2668091952800751,0.0,0.14716445,0.08496358,0.99946725,0.108989105,0.0684182,-4.102639e-07,0.0042505264,-0.0041582584,0.017046452,0.06585125,0.028688177,-0.008145887,0.198375,0.10457068,1.0,,,,,,,,,,,,,,,,,,,,,,,,,,,,,,,,,,,,,,,,,,,,
530.0,-0.018365802702570547,0.049388863146305084,0.0005328178522177041,0.2717331051826477,0.0,0.14761777,0.08524786,0.99946725,0.10879649,0.06822549,-4.3173276e-07,0.004068136,-0.0045022964,0.017130852,-0.042375084,-0.083291136,0.020091737,0.19875,0.10476371,1.0,,,,,,,,,,,,,,,,,,,,,,,,,,,,,,,,,,,,,,,,,,,,
531.0,-0.018216917992758774,0.049210600554943085,0.0005328178522177041,0.27668705582618713,0.0,0.14807022,0.085531354,0.99946725,0.10858976,0.068040036,-4.5655472e-07,0.0043444633,-0.0043873787,0.017095804,0.06585387,0.028699562,-0.00813086,0.199125,0.10495672,1.0,,,,,,,,,,,,,,,,,,,,,,,,,,,,,,,,,,,,,,,,,,,,
532.0,-0.018067185066499042,0.049033138900995255,0.0005328178522177041,0.2816695272922516,0.0,0.14852184,0.08581404,0.99946725,0.10838796,0.06784342,-4.7737984e-07,0.004162073,-0.0047314167,0.017180204,-0.042373307,-0.0832879,0.020071192,0.1995,0.105149694,1.0,,,,,,,,,,,,,,,,,,,,,,,,,,,,,,,,,,,,,,,,,,,,
533.0,-0.01791649336291212,0.04885650798678398,0.0005328297847881913,0.28667911887168884,0.0,0.14897256,0.08609593,0.99946725,0.10817205,0.06765405,-5.048678e-07,0.0044384003,-0.004616499,0.017145157,0.06585649,0.028710939,-0.008115831,0.199875,0.10534264,1.0,,,,,,,,,,,,,,,,,,,,,,,,,,,,,,,,,,,,,,,,,,,,
534.0,-0.01776503075484525,0.04868070408701897,0.0005328297847881913,0.2917146682739258,0.0,0.14942239,0.08637699,0.9994672,0.10796108,0.067453526,-5.250494e-07,0.00425601,-0.004655361,0.017230988,-0.043627735,-0.010110399,0.020375477,0.20025,0.105535574,1.0,,,,,,,,,,,,,,,,,,,,,,,,,,,,,,,,,,,,,,,,,,,,
535.0,-0.017612832419935696,0.04850571230053902,0.0005328297847881913,0.2967749834060669,0.0,0.14987135,0.08665723,0.9994672,0.10774846,0.06726047,-3.113138e-07,0.004532337,-0.0042357445,0.017197132,0.06458845,0.101879686,-0.0078094597,0.200625,0.10572847,1.0,,,,,,,,,,,,,,,,,,,,,,,,,,,,,,,,,,,,,,,,,,,,
536.0,-0.017459930299371446,0.04833153635263443,0.0005328297847881913,0.3018589913845062,0.0,0.15031949,0.08693664,0.9994672,0.107553236,0.06705646,-3.3485333e-07,0.004349947,-0.0042746067,0.017255783,-0.043593835,-0.0101113245,0.013858092,0.201,0.10592134,1.0,,,,,,,,,,,,,,,,,,,,,,,,,,,,,,,,,,,,,,,,,,,,
537.0,-0.017306359596316545,0.04815823584794998,0.0005328297847881913,0.30696552991867065,0.0,0.1507668,0.08721522,0.9994672,0.107356355,0.06685992,-3.0300794e-07,0.0046265125,-0.0038547516,0.017194748,0.06460848,0.10188499,-0.0143569885,0.201375,0.106114194,1.0,,,,,,,,,,,,,,,,,,,,,,,,,,,,,,,,,,,,,,,,,,,,
538.0,-0.017152147933058953,0.047985803335905075,0.0005328297847881913,0.3120936453342438,0.0,0.15121338,0.08749294,0.9994672,0.10717687,0.06665244,-2.9145454e-07,0.0044441223,-0.0038938522,0.01725316,-0.043587957,-0.010139905,0.0138742,0.20175,0.106307015,1.0,,,,,,,,,,,,,,,,,,,,,,,,,,,,,,,,,,,,,,,,,,,,
539.0,-0.016997322691607225,0.04781422019004822,0.0005328297847881913,0.31724244356155396,0.0,0.15165919,0.08776983,0.9994672,0.10699572,0.06645242,-2.6656284e-07,0.004720688,-0.0034742355,0.017192364,0.0646038,0.10185867,-0.014372434,0.202125,0.106499806,1.0,,,,,,,,,,,,,,,,,,,,,,,,,,,,,,,,,,,,,,,,,,,,
540.0,-0.016841907645068935,0.04764349013566971,0.0005328297847881913,0.32241111993789673,0.0,0.15210432,0.088045835,0.9994672,0.106831945,0.066241466,-2.6098513e-07,0.0045382977,-0.0035135746,0.017250776,-0.04358207,-0.010168474,0.01389029,0.2025,0.106692575,1.0,,,,,,,,,,,,,,,,,,,,,,,,,,,,,,,,,,,,,,,,,,,,
541.0,-0.016685934331926913,0.04747364670038223,0.0005328297847881913,0.3275986313819885,0.0,0.15254876,0.08832099,0.9994672,0.1066665,0.066037975,-2.3340183e-07,0.004814863,-0.003093958,0.01718998,0.06459911,0.10183236,-0.0143878665,0.202875,0.106885314,1.0,,,,,,,,,,,,,,,,,,,,,,,,,,,,,,,,,,,,,,,,,,,,
542.0,-0.01652941587872956,0.04730468988418579,0.0005328297847881913,0.33280450105667114,0.0,0.15299259,0.088595256,0.9994672,0.106518425,0.06582354,-2.3605679e-07,0.004632473,-0.003133297,0.01724863,-0.043576185,-0.010197032,0.0139063625,0.20325,0.10707803,1.0,,,,,,,,,,,,,,,,,,,,,,,,,,,,,,,,,,,,,,,,,,,,
543.0,-0.016372380011476163,0.04713660851120949,0.0005328297847881913,0.33802780508995056,0.0,0.1534358,0.088868655,0.9994672,0.10636867,0.06561657,-2.052488e-07,0.0049088,-0.0027136803,0.017187595,0.064594425,0.10180607,-0.014403287,0.203625,0.10727072,1.0,,,,,,,,,,,,,,,,,,,,,,,,,,,,,,,,,,,,,,,,,,,,
544.0,-0.016214849097797926,0.0469694659113884,0.0005328297847881913,0.3432678282260895,0.0,0.15387845,0.08914115,0.9994672,0.10623628,0.06539866,-2.1625414e-07,0.0047266483,-0.0027532578,0.017246246,-0.043570295,-0.010225579,0.013922418,0.204,0.107463375,1.0,,,,,,,,,,,,,,,,,,,,,,,,,,,,,,,,,,,,,,,,,,,,
545.0,-0.016056836702548028,0.04680320620536804,0.0005328297847881913,0.3485240936279297,0.0,0.15432054,0.08941277,0.9994672,0.1061022,0.06518822,-1.8219062e-07,0.0050029755,-0.0023338795,0.01718545,0.06458974,0.10177979,-0.014418697,0.204375,0.10765601,1.0,,,,,,,,,,,,,,,,,,,,,,,,,,,,,,,,,,,,,,,,,,,,
546.0,-0.015899303754474934,0.046637892723083496,0.0005328297847881913,0.35376453399658203,0.0,0.15476215,0.089683466,0.9994672,0.10598548,0.06496684,-2.0154606e-07,0.0048208237,-0.002373457,0.017243862,-0.0435644,-0.010254115,0.013938455,0.20475,0.107848614,1.0,,,,,,,,,,,,,,,,,,,,,,,,,,,,,,,,,,,,,,,,,,,,
547.0,-0.01574133183856575,0.046473488211631775,0.0005328297847881913,0.35901981592178345,0.0,0.15520325,0.089953266,0.9994672,0.10586705,0.06475293,-1.642239e-07,0.005097151,-0.0019540787,0.017183304,0.064585045,0.10175352,-0.014434095,0.205125,0.1080412,1.0,,,,,,,,,,,,,,,,,,,,,,,,,,,,,,,,,,,,,,,,,,,,
548.0,-0.015583872493995659,0.04630999267101288,0.0005328297847881913,0.36425817012786865,0.0,0.15564395,0.090222135,0.9994672,0.105765976,0.06452807,-1.9192274e-07,0.004914999,-0.0019938946,0.017241716,-0.043558504,-0.010282639,0.013954475,0.2055,0.10823375,1.0,,,,,,,,,,,,,,,,,,,,,,,,,,,,,,,,,,,,,,,,,,,,
549.0,-0.015426003533264523,0.04614746943116188,0.0005328297847881913,0.36951035261154175,0.0,0.15608421,0.090490095,0.9994672,0.10566319,0.064310685,-1.513403e-07,0.005191326,-0.0015747547,0.01718092,0.06458035,0.10172727,-0.01444948,0.205875,0.10842627,1.0,,,,,,,,,,,,,,,,,,,,,,,,,,,,,,,,,,,,,,,,,,,,
550.0,-0.015268682614767387,0.045985884964466095,0.0005328297847881913,0.3747444152832031,0.0,0.15652412,0.09075711,0.9994672,0.105577745,0.06408236,-1.8737546e-07,0.0050091743,-0.0016145706,0.01723957,-0.043552607,-0.010311152,0.013970477,0.20625,0.10861877,1.0,,,,,,,,,,,,,,,,,,,,,,,,,,,,,,,,,,,,,,,,,,,,
551.0,-0.015110978651763075,0.04582525044679642,0.0005328297847881913,0.37999141216278076,0.0,0.15696366,0.0910232,0.9994672,0.10549057,0.063861504,-1.4353127e-07,0.0052855015,-0.0011954308,0.017178774,0.06457565,0.101701036,-0.014464854,0.206625,0.108811244,1.0,,,,,,,,,,,,,,,,,,,,,,,,,,,,,,,,,,,,,,,,,,,,
552.0,-0.014953850292566859,0.04566557705402374,0.0005328297847881913,0.3852193355560303,0.0,0.15740292,0.09128832,0.9994672,0.105420746,0.0636297,-1.8789562e-07,0.0051033497,-0.0012354851,0.017237425,-0.043546706,-0.010339654,0.013986461,0.207,0.10900369,1.0,,,,,,,,,,,,,,,,,,,,,,,,,,,,,,,,,,,,,,,,,,,,
553.0,-0.014796364813887524,0.045506902039051056,0.0005328297847881913,0.3904593586921692,0.0,0.15784188,0.09155251,0.9994672,0.10534918,0.06340538,-1.4078816e-07,0.005379677,-0.0008163452,0.017176628,0.06457095,0.10167481,-0.0144802155,0.207375,0.109196104,1.0,,,,,,,,,,,,,,,,,,,,,,,,,,,,,,,,,,,,,,,,,,,,
554.0,-0.014639475738180047,0.04534918814897537,0.0005328297847881913,0.3956795930862427,0.0,0.1582806,0.09181572,0.9994672,0.10529494,0.06317011,-1.9347466e-07,0.005197525,-0.00085639954,0.01723528,-0.0435408,-0.010368144,0.014002427,0.20775,0.1093885,1.0,,,,,,,,,,,,,,,,,,,,,,,,,,,,,,,,,,,,,,,,,,,,
555.0,-0.014482249935869187,0.04519244283437729,0.0005328297847881913,0.40091121196746826,0.0,0.1587191,0.09207798,0.9994672,0.105238974,0.06294232,-1.4310243e-07,0.0054736137,-0.0004377365,0.01717472,0.06456625,0.10164861,-0.014495566,0.208125,0.10958086,1.0,,,,,,,,,,,,,,,,,,,,,,,,,,,,,,,,,,,,,,,,,,,,
556.0,-0.01432564720333485,0.04503672197461128,0.0005328297847881913,0.4061221778392792,0.0,0.15915743,0.09233924,0.9994672,0.10520031,0.06270358,-2.0410397e-07,0.0052917004,-0.00047779083,0.017233133,-0.043534897,-0.010396623,0.014018377,0.2085,0.1097732,1.0,,,,,,,,,,,,,,,,,,,,,,,,,,,,,,,,,,,,,,,,,,,,
557.0,-0.014168728394967915,0.044881999492645264,0.0005328297847881913,0.4113438129425049,0.0,0.1595956,0.09259954,0.9994672,0.10515991,0.062472317,-1.504655e-07,0.005567789,-5.9127808e-05,0.017172575,0.06456154,0.10162241,-0.0145109035,0.208875,0.1099655,1.0,,,,,,,,,,,,,,,,,,,,,,,,,,,,,,,,,,,,,,,,,,,,
558.0,-0.014012750159539794,0.044728249311447144,0.0005328297847881913,0.4165442883968353,0.0,0.16003367,0.092858836,0.9994672,0.10513681,0.062230114,-2.1977502e-07,0.0053858757,-9.942055e-05,0.017230988,-0.043528985,-0.010425092,0.0140343085,0.20925,0.11015778,1.0,,,,,,,,,,,,,,,,,,,,,,,,,,,,,,,,,,,,,,,,,,,,
559.0,-0.013887243458251944,0.04457555338740349,0.0005328297847881913,0.4207172095775604,0.0,0.16047163,0.09311715,0.9994672,0.105111964,0.061995383,-1.6286882e-07,0.0056619644,0.00028705597,0.01717043,0.06468978,0.09388159,-0.014567786,0.209625,0.110350035,1.0,,,,,,,,,,,,,,,,,,,,,,,,,,,,,,,,,,,,,,,,,,,,
560.0,-0.01404572660100239,0.0444239005446434,0.0005328297847881913,0.4154391586780548,0.0,0.16090956,0.09337444,0.9994672,0.1051031,0.06174969,-2.4008114e-07,0.0054798126,0.00021457672,0.017228603,-0.04339144,-0.018166268,0.014005123,0.21,0.11054226,1.0,,,,,,,,,,,,,,,,,,,,,,,,,,,,,,,,,,,,,,,,,,,,
561.0,-0.014203825833302108,0.04427327960729599,0.0005328297847881913,0.4101587235927582,0.0,0.16134745,0.09363074,0.9994672,0.105091155,0.061511446,-1.7974851e-07,0.0057561398,0.0006008148,0.017168045,0.06468602,0.09385904,-0.014579572,0.210375,0.110734455,1.0,,,,,,,,,,,,,,,,,,,,,,,,,,,,,,,,,,,,,,,,,,,,
562.0,-0.014362456052723066,0.04412367567420006,0.0005328297847881913,0.4048759937286377,0.0,0.16178533,0.093885995,0.9994672,0.10509519,0.061262246,-2.6378075e-07,0.005573988,0.00052809715,0.017226458,-0.04338645,-0.018191097,0.0140174795,0.21075,0.11092663,1.0,,,,,,,,,,,,,,,,,,,,,,,,,,,,,,,,,,,,,,,,,,,,
563.0,-0.0145206980764051,0.043975137174129486,0.0005328297847881913,0.39959096908569336,0.0,0.16222323,0.09414025,0.9994672,0.10509615,0.06102049,-2.0021757e-07,0.005850315,0.00091457367,0.0171659,0.06468227,0.093836494,-0.014591347,0.211125,0.11111877,1.0,,,,,,,,,,,,,,,,,,,,,,,,,,,,,,,,,,,,,,,,,,,,
564.0,-0.014679363197856218,0.043827660381793976,0.0005328297847881913,0.3943037986755371,0.0,0.16266121,0.09439345,0.9994672,0.10511307,0.060767777,-2.910181e-07,0.0056681633,0.0008416176,0.017224073,-0.043381456,-0.018215913,0.014029821,0.2115,0.111310884,1.0,,,,,,,,,,,,,,,,,,,,,,,,,,,,,,,,,,,,,,,,,,,,
565.0,-0.014837633955015191,0.04368125647306442,0.0005328297847881913,0.3890145719051361,0.0,0.16309924,0.09464563,0.9994672,0.105126895,0.060522515,-2.2423461e-07,0.0059444904,0.001021862,0.017162323,0.065529674,0.044387665,-0.014883317,0.211875,0.11150297,1.0,,,,,,,,,,,,,,,,,,,,,,,,,,,,,,,,,,,,,,,,,,,,
566.0,-0.014996422471390181,0.04353593662381172,0.0005328297847881913,0.3837234377861023,0.0,0.16353735,0.094896734,0.9994672,0.10514828,0.060266152,-3.1232588e-07,0.0057623386,0.0007431507,0.017219305,-0.0425338,-0.06765525,0.013739259,0.21225,0.11169503,1.0,,,,,,,,,,,,,,,,,,,,,,,,,,,,,,,,,,,,,,,,,,,,
567.0,-0.015154807121556226,0.04339178279042244,0.0005328297847881913,0.37843057513237,0.0,0.16397552,0.095146805,0.9994672,0.10515814,0.06001709,-2.380306e-07,0.006038666,0.00092339516,0.017157793,0.06553213,0.044388164,-0.014872496,0.212625,0.11188706,1.0,,,,,,,,,,,,,,,,,,,,,,,,,,,,,,,,,,,,,,,,,,,,
568.0,-0.015313701828665583,0.04324871674180031,0.0005328297847881913,0.37313607335090637,0.0,0.16441375,0.095395796,0.9994672,0.10517555,0.05975693,-3.282244e-07,0.005856514,0.0006444454,0.017214775,-0.042534646,-0.06765698,0.013728866,0.213,0.11207906,1.0,,,,,,,,,,,,,,,,,,,,,,,,,,,,,,,,,,,,,,,,,,,,
569.0,-0.015472180963148277,0.04310678318142891,0.0005328297847881913,0.3678402304649353,0.0,0.16485201,0.09564373,0.9994672,0.10518145,0.059504073,-2.5385765e-07,0.0061326027,0.00082468987,0.017153025,0.06553459,0.044388663,-0.014861674,0.213375,0.11227103,1.0,,,,,,,,,,,,,,,,,,,,,,,,,,,,,,,,,,,,,,,,,,,,
570.0,-0.01563116040642599,0.04296599701046944,0.0005328297847881913,0.36254310607910156,0.0,0.16529031,0.09589056,0.9994672,0.1051949,0.059240118,-3.444072e-07,0.0059506893,0.00054597855,0.017210007,-0.042535488,-0.0676587,0.013718474,0.21375,0.11246298,1.0,,,,,,,,,,,,,,,,,,,,,,,,,,,,,,,,,,,,,,,,,,,,
571.0,-0.015789715525598876,0.042826391756534576,0.0005328297847881913,0.35724490880966187,0.0,0.16572864,0.096136324,0.9994672,0.10519683,0.05898347,-2.7037913e-07,0.006226778,0.000726223,0.017148256,0.06553705,0.044389162,-0.014850851,0.214125,0.1126549,1.0,,,,,,,,,,,,,,,,,,,,,,,,,,,,,,,,,,,,,,,,,,,,
572.0,-0.01594875986385414,0.04268795996904373,0.0005328535917215049,0.35194578766822815,0.0,0.16616699,0.09638097,0.9994672,0.10520631,0.05871572,-3.6118823e-07,0.0060448647,0.00044727325,0.017205477,-0.042536333,-0.06766043,0.013708079,0.2145,0.11284679,1.0,,,,,,,,,,,,,,,,,,,,,,,,,,,,,,,,,,,,,,,,,,,,
573.0,-0.016107368242080703,0.04255073145031929,0.0005328535917215049,0.3466460108757019,0.0,0.16660535,0.09662454,0.9994672,0.10520429,0.05845528,-2.8752152e-07,0.0063209534,0.0006275177,0.017143726,0.06553951,0.04438966,-0.014840028,0.214875,0.11303865,1.0,,,,,,,,,,,,,,,,,,,,,,,,,,,,,,,,,,,,,,,,,,,,
574.0,-0.01626645182433167,0.04241471365094185,0.0005328535917215049,0.34134575724601746,0.0,0.16704372,0.09686697,0.9994672,0.10520981,0.058183737,-3.7858493e-07,0.00613904,0.00034880638,0.017200708,-0.042537175,-0.06766215,0.013697684,0.21525,0.11323048,1.0,,,,,,,,,,,,,,,,,,,,,,,,,,,,,,,,,,,,,,,,,,,,
575.0,-0.016425086709283644,0.04227998107671738,0.0005328774568624794,0.3360452950000763,0.0,0.16748208,0.0971083,0.9994672,0.10520382,0.057919506,-3.052808e-07,0.0064151287,0.0005290508,0.017138958,0.06554196,0.04439016,-0.0148292035,0.215625,0.11342229,1.0,,,,,,,,,,,,,,,,,,,,,,,,,,,,,,,,,,,,,,,,,,,,
576.0,-0.01658418188183132,0.042146436870098114,0.0005328774568624794,0.3307448625564575,0.0,0.16792043,0.09734848,0.9994672,0.10520539,0.057644174,-3.9659835e-07,0.0062332153,0.0002501011,0.01719594,-0.042538017,-0.06766388,0.013687288,0.216,0.11361407,1.0,,,,,,,,,,,,,,,,,,,,,,,,,,,,,,,,,,,,,,,,,,,,
577.0,-0.01674281252663023,0.04201415181159973,0.0005328774568624794,0.3254447281360626,0.0,0.16835874,0.097587556,0.9994672,0.10519545,0.057376154,-3.236569e-07,0.006509304,0.00043034554,0.01713419,0.06554442,0.04439066,-0.014818379,0.216375,0.113805816,1.0,,,,,,,,,,,,,,,,,,,,,,,,,,,,,,,,,,,,,,,,,,,,
578.0,-0.016901887653707676,0.04188317432999611,0.0005328774568624794,0.3201451599597931,0.0,0.16879705,0.09782545,0.9994672,0.10519305,0.057097036,-4.1522864e-07,0.0063273907,0.00015163422,0.017191172,-0.04253886,-0.0676656,0.013676891,0.21675,0.113997534,1.0,,,,,,,,,,,,,,,,,,,,,,,,,,,,,,,,,,,,,,,,,,,,
579.0,-0.0170604806751031,0.04175349324941635,0.0005328774568624794,0.3148464858531952,0.0,0.16923529,0.098062225,0.9994672,0.10517915,0.056825228,-3.4264997e-07,0.0066034794,0.00033187866,0.01712966,0.06554687,0.044391155,-0.014807552,0.217125,0.11418923,1.0,,,,,,,,,,,,,,,,,,,,,,,,,,,,,,,,,,,,,,,,,,,,
580.0,-0.017219499035081756,0.041625093668699265,0.0005328774568624794,0.3095490336418152,0.0,0.16967352,0.09829782,0.9994672,0.1051728,0.056542322,-4.3447596e-07,0.006421566,5.2928925e-05,0.017186403,-0.0425397,-0.06766732,0.013666493,0.2175,0.11438089,1.0,,,,,,,,,,,,,,,,,,,,,,,,,,,,,,,,,,,,,,,,,,,,
581.0,-0.01737806052094493,0.04149803891777992,0.0005328774568624794,0.30425313115119934,0.0,0.17011166,0.09853227,0.9994672,0.10515495,0.056266725,-3.6226e-07,0.0066976547,0.00023317337,0.017124891,0.06554932,0.044391654,-0.0147967255,0.217875,0.114572525,1.0,,,,,,,,,,,,,,,,,,,,,,,,,,,,,,,,,,,,,,,,,,,,
582.0,-0.017536936089571468,0.04137229919433594,0.0005328774568624794,0.2989591360092163,0.0,0.17054977,0.098765515,0.9994672,0.10514464,0.055980034,-4.5434038e-07,0.0065157413,-4.5776367e-05,0.017181873,-0.042540543,-0.06766904,0.013656094,0.21825,0.11476413,1.0,,,,,,,,,,,,,,,,,,,,,,,,,,,,,,,,,,,,,,,,,,,,
583.0,-0.017695354177061747,0.041247930377721786,0.0005328774568624794,0.29366743564605713,0.0,0.17098777,0.0989976,0.9994672,0.105122834,0.055700656,-3.8248726e-07,0.0067920685,0.00013446808,0.017120123,0.065551765,0.04439215,-0.014785898,0.218625,0.11495571,1.0,,,,,,,,,,,,,,,,,,,,,,,,,,,,,,,,,,,,,,,,,,,,
584.0,-0.017853864879589676,0.04112491384148598,0.0005328774568624794,0.2883784770965576,0.0,0.17142573,0.09922848,0.9994672,0.10510858,0.05541018,-4.7482203e-07,0.0066099167,-0.00014424324,0.017177105,-0.04254138,-0.06767076,0.013645694,0.219,0.115147255,1.0,,,,,,,,,,,,,,,,,,,,,,,,,,,,,,,,,,,,,,,,,,,,
585.0,-0.018012210228866028,0.041003286838531494,0.0005328893894329667,0.283092737197876,0.0,0.17186357,0.09945817,0.9994672,0.105082825,0.05512702,-4.0333174e-07,0.006886244,3.6001205e-05,0.017115355,0.06555422,0.044392645,-0.0147750685,0.219375,0.11533877,1.0,,,,,,,,,,,,,,,,,,,,,,,,,,,,,,,,,,,,,,,,,,,,
586.0,-0.01817048488259643,0.04088304191827774,0.0005328893894329667,0.277810662984848,0.0,0.17230134,0.099686645,0.99946713,0.10506462,0.05483276,-4.959211e-07,0.006704092,-0.00024294853,0.017172337,-0.042542223,-0.067672476,0.013635293,0.21975,0.11553027,1.0,,,,,,,,,,,,,,,,,,,,,,,,,,,,,,,,,,,,,,,,,,,,
587.0,-0.018328639220394325,0.040764205157756805,0.0005328893894329667,0.27253273129463196,0.0,0.17273898,0.09991392,0.99946713,0.10503491,0.054545816,-2.4083278e-07,0.006980419,-6.2704086e-05,0.017110825,0.06555666,0.04439314,-0.014764239,0.220125,0.115721725,1.0,,,,,,,,,,,,,,,,,,,,,,,,,,,,,,,,,,,,,,,,,,,,
588.0,-0.01848665255069427,0.040646761655807495,0.0005328893894329667,0.2672595977783203,0.0,0.17317654,0.10013995,0.99946713,0.10501276,0.054247778,-3.7686567e-07,0.0067982674,-0.00034165382,0.017167568,-0.04254306,-0.0676742,0.013624891,0.2205,0.11591316,1.0,,,,,,,,,,,,,,,,,,,,,,,,,,,,,,,,,,,,,,,,,,,,
589.0,-0.018644510468734374,0.040530767291784286,0.0005328893894329667,0.26199179887771606,0.0,0.17361395,0.100364774,0.99946713,0.104979105,0.053957056,-2.959616e-07,0.0070745945,-0.00016140938,0.017106056,0.065559104,0.044393636,-0.014753409,0.220875,0.116104566,1.0,,,,,,,,,,,,,,,,,,,,,,,,,,,,,,,,,,,,,,,,,,,,
590.0,-0.018802191274855433,0.04041619226336479,0.0005328893894329667,0.25673002004623413,0.0,0.17405125,0.10058834,0.99946713,0.104953006,0.053655237,-3.9144066e-07,0.0068924427,-0.00044035912,0.0171628,-0.0425439,-0.06767591,0.013614487,0.22125,0.11629594,1.0,,,,,,,,,,,,,,,,,,,,,,,,,,,,,,,,,,,,,,,,,,,,
591.0,-0.018959674694469505,0.0403030626475811,0.0005328893894329667,0.25147494673728943,0.0,0.1744884,0.10081067,0.99946713,0.1049154,0.053360738,-3.2048018e-07,0.00716877,-0.00025987625,0.017101288,0.06556155,0.044394128,-0.014742578,0.221625,0.11648729,1.0,,,,,,,,,,,,,,,,,,,,,,,,,,,,,,,,,,,,,,,,,,,,
592.0,-0.0191169372056982,0.04019135981798172,0.0005329131963662803,0.24622735381126404,0.0,0.17492543,0.101031736,0.99946713,0.10488536,0.05305514,-4.1396473e-07,0.0069868565,-0.000538826,0.017158031,-0.042544734,-0.067677625,0.013604083,0.222,0.1166786,1.0,,,,,,,,,,,,,,,,,,,,,,,,,,,,,,,,,,,,,,,,,,,,
593.0,-0.019273954939244504,0.04008115455508232,0.0005329370615072548,0.24098806083202362,0.0,0.17536227,0.10125156,0.99946713,0.10484382,0.052756865,-3.4389527e-07,0.0072631836,-0.00035858154,0.01709652,0.06556399,0.044394623,-0.014731746,0.222375,0.11686989,1.0,,,,,,,,,,,,,,,,,,,,,,,,,,,,,,,,,,,,,,,,,,,,
594.0,-0.019430700874136893,0.03997243568301201,0.0005329370615072548,0.2357579618692398,0.0,0.17579898,0.10147008,0.99946713,0.104809836,0.05244749,-4.375107e-07,0.007081032,-0.0006375313,0.017153263,-0.042545572,-0.06767934,0.013593678,0.22275,0.117061146,1.0,,,,,,,,,,,,,,,,,,,,,,,,,,,,,,,,,,,,,,,,,,,,
595.0,-0.019587147301007645,0.039865169674158096,0.0005329370615072548,0.23053798079490662,0.0,0.1762355,0.10168736,0.99946713,0.10476435,0.05214544,-3.678333e-07,0.007357359,-0.00045728683,0.017091751,0.065566435,0.044395115,-0.014720913,0.223125,0.11725238,1.0,,,,,,,,,,,,,,,,,,,,,,,,,,,,,,,,,,,,,,,,,,,,
596.0,-0.019743261506105413,0.03975941985845566,0.0005329370615072548,0.2253292053937912,0.0,0.17667186,0.10190333,0.99946713,0.10472642,0.051832292,-4.6169686e-07,0.007175207,-0.0007362366,0.017148495,-0.042546406,-0.06768105,0.013583272,0.2235,0.11744358,1.0,,,,,,,,,,,,,,,,,,,,,,,,,,,,,,,,,,,,,,,,,,,,
597.0,-0.019899010208394248,0.039655182510614395,0.0005329370615072548,0.2201327681541443,0.0,0.17710802,0.10211802,0.99946713,0.10467699,0.051526465,-3.9238407e-07,0.0074515343,-0.0005559921,0.017086983,0.06556887,0.044395607,-0.01471008,0.223875,0.11763475,1.0,,,,,,,,,,,,,,,,,,,,,,,,,,,,,,,,,,,,,,,,,,,,
598.0,-0.020054354281984346,0.0395524799823761,0.0005329370615072548,0.21494992077350616,0.0,0.177544,0.10233139,0.99946713,0.10463513,0.051209547,-4.8650224e-07,0.007269621,-0.00083494186,0.017143726,-0.04254724,-0.067682765,0.013572865,0.22425,0.11782589,1.0,,,,,,,,,,,,,,,,,,,,,,,,,,,,,,,,,,,,,,,,,,,,
599.0,-0.020209254368141413,0.03945127874612808,0.0005329370615072548,0.20978203415870667,0.0,0.17797975,0.10254347,0.99946713,0.10458176,0.050899945,-4.1755266e-07,0.007545948,-0.000654459,0.017082214,0.06557131,0.0443961,-0.014699245,0.224625,0.118017,1.0,,,,,,,,,,,,,,,,,,,,,,,,,,,,,,,,,,,,,,,,,,,,
600.0,-0.020363666634184124,0.03935163468122482,0.0005329370615072548,0.2046305537223816,0.0,0.17841531,0.10275422,0.99946713,0.10453596,0.050579254,-5.1192586e-07,0.0073637962,-0.00093340874,0.017138958,-0.042548075,-0.06768448,0.013562457,0.225,0.11820808,1.0,,,,,,,,,,,,,,,,,,,,,,,,,,,,,,,,,,,,,,,,,,,,
601.0,-0.020517541018305205,0.03925357013940811,0.0005329370615072548,0.19949714839458466,0.0,0.17885065,0.10296366,0.99946713,0.10447866,0.050265882,-4.4333936e-07,0.0076401234,-0.0007531643,0.017077446,0.065573744,0.04439659,-0.01468841,0.225375,0.118399136,1.0,,,,,,,,,,,,,,,,,,,,,,,,,,,,,,,,,,,,,,,,,,,,
602.0,-0.02067082433112301,0.03915702924132347,0.0005329370615072548,0.19438359141349792,0.0,0.17928576,0.10317175,0.99946713,0.10442892,0.04994142,-5.3796776e-07,0.0074579716,-0.001032114,0.017133951,-0.04254891,-0.067686185,0.013552048,0.22575,0.11859016,1.0,,,,,,,,,,,,,,,,,,,,,,,,,,,,,,,,,,,,,,,,,,,,
603.0,-0.020823456931821784,0.03906210511922836,0.0005329370615072548,0.189291849732399,0.0,0.17972063,0.10337852,0.99946713,0.10436768,0.049624283,-4.6974438e-07,0.0077342987,-0.0008518696,0.017072678,0.06557618,0.044397082,-0.014677574,0.226125,0.11878115,1.0,,,,,,,,,,,,,,,,,,,,,,,,,,,,,,,,,,,,,,,,,,,,
604.0,-0.020975374566796382,0.038968734443187714,0.0005329370615072548,0.18422411382198334,0.0,0.18015528,0.103583924,0.99946713,0.10431401,0.04929605,-5.6462807e-07,0.0075523853,-0.0011308193,0.017129183,-0.042549744,-0.06768789,0.013541638,0.2265,0.118972115,1.0,,,,,,,,,,,,,,,,,,,,,,,,,,,,,,,,,,,,,,,,,,,,
605.0,-0.021126506107538447,0.038876987993717194,0.0005329608684405684,0.1791827380657196,0.0,0.18058965,0.10378798,0.99946713,0.10424884,0.048975144,-4.967677e-07,0.007828712,-0.0009505749,0.01706791,0.06557862,0.04439757,-0.014666737,0.226875,0.11916305,1.0,,,,,,,,,,,,,,,,,,,,,,,,,,,,,,,,,,,,,,,,,,,,
606.0,-0.021276770877704625,0.03878680616617203,0.0005329608684405684,0.17417040467262268,0.0,0.18102378,0.10399067,0.99946713,0.10419123,0.048643146,-5.919068e-07,0.0076465607,-0.0012295246,0.017124414,-0.042550575,-0.067689605,0.013531227,0.22725,0.11935395,1.0,,,,,,,,,,,,,,,,,,,,,,,,,,,,,,,,,,,,,,,,,,,,
607.0,-0.02142608296015751,0.03869829326868057,0.0005329608684405684,0.16918997466564178,0.0,0.18145761,0.10419199,0.99946713,0.10412213,0.04831847,-5.244097e-07,0.007922888,-0.0010492802,0.01706314,0.065581046,0.04439806,-0.014655899,0.227625,0.11954483,1.0,,,,,,,,,,,,,,,,,,,,,,,,,,,,,,,,,,,,,,,,,,,,
608.0,-0.02157434411842478,0.03861142322421074,0.0005329608684405684,0.16424474120140076,0.0,0.1818912,0.10439192,0.99946713,0.10406059,0.047982708,-6.198042e-07,0.0077409744,-0.0013282299,0.017119646,-0.042551406,-0.06769131,0.0135208145,0.228,0.11973567,1.0,,,,,,,,,,,,,,,,,,,,,,,,,,,,,,,,,,,,,,,,,,,,
609.0,-0.021721445177247736,0.03852616995573044,0.0005329608684405684,0.1593383252620697,0.0,0.18232448,0.104590476,0.99946713,0.10398756,0.047654267,-5.526702e-07,0.008017302,-0.0011479855,0.017058134,0.065583475,0.04439855,-0.0146450605,0.228375,0.11992648,1.0,,,,,,,,,,,,,,,,,,,,,,,,,,,,,,,,,,,,,,,,,,,,
610.0,-0.02186726514807706,0.03844252973794937,0.000532984733581543,0.15447479486465454,0.0,0.1827575,0.104787625,0.99946713,0.1039221,0.04731474,-6.483203e-07,0.00783515,-0.0014269352,0.017114878,-0.042552236,-0.06769301,0.013510402,0.22875,0.12011727,1.0,,,,,,,,,,,,,,,,,,,,,,,,,,,,,,,,,,,,,,,,,,,,
611.0,-0.022011670219689045,0.03836061432957649,0.000532984733581543,0.14965857565402985,0.0,0.18319018,0.10498338,0.99946713,0.10384514,0.046982538,-5.815496e-07,0.008111477,-0.0012466908,0.017053366,0.065585904,0.044399038,-0.014634221,0.229125,0.12030803,1.0,,,,,,,,,,,,,,,,,,,,,,,,,,,,,,,,,,,,,,,,,,,,
612.0,-0.022154444018303913,0.03828036040067673,0.000532984733581543,0.1448948085308075,0.0,0.18362258,0.105177715,0.99946713,0.10377575,0.04663925,-6.7745515e-07,0.0079295635,-0.0015256405,0.01710987,-0.042553067,-0.067694716,0.013499988,0.2295,0.12049875,1.0,,,,,,,,,,,,,,,,,,,,,,,,,,,,,,,,,,,,,,,,,,,,
613.0,-0.02229548251877386,0.03820178285241127,0.000532984733581543,0.1401890516281128,0.0,0.18405464,0.10537065,0.99946713,0.10369486,0.046303283,-6.1104777e-07,0.0080804825,-0.001345396,0.017048597,0.035502777,0.043884713,-0.014669285,0.229875,0.120689444,1.0,,,,,,,,,,,,,,,,,,,,,,,,,,,,,,,,,,,,,,,,,,,,
614.0,-0.02243459611293765,0.03812488168478012,0.0005329966661520302,0.13554763793945312,0.0,0.18448639,0.10556215,0.99946713,0.10362145,0.045961354,-6.6547716e-07,0.0077729225,-0.0016243458,0.017105103,-0.072632626,-0.06820569,0.013457443,0.23025,0.120880105,1.0,,,,,,,,,,,,,,,,,,,,,,,,,,,,,,,,,,,,,,,,,,,,
615.0,-0.022571572431907775,0.038049712777137756,0.0005329966661520302,0.13097763061523438,0.0,0.1849178,0.10575228,0.9994671,0.10353647,0.045631874,-5.7001455e-07,0.00792408,-0.0014438629,0.017043829,0.035519287,0.043882474,-0.014672362,0.230625,0.12107074,1.0,,,,,,,,,,,,,,,,,,,,,,,,,,,,,,,,,,,,,,,,,,,,
616.0,-0.02270617270566327,0.0379762165248394,0.0005330204730853438,0.12648700177669525,0.0,0.18534888,0.10594102,0.9994671,0.10345897,0.045296427,-4.456356e-07,0.0076167583,-0.0017230511,0.017100334,-0.072619535,-0.06820304,0.01346074,0.231,0.12126134,1.0,,,,,,,,,,,,,,,,,,,,,,,,,,,,,,,,,,,,,,,,,,,,
617.0,-0.02283812796335624,0.03790448606014252,0.0005330204730853438,0.12208470702171326,0.0,0.18577959,0.10612841,0.9994671,0.10336989,0.04497342,-3.9525725e-07,0.0077679157,-0.0015425682,0.017038822,0.03553579,0.04388024,-0.014675431,0.231375,0.121451914,1.0,,,,,,,,,,,,,,,,,,,,,,,,,,,,,,,,,,,,,,,,,,,,
618.0,-0.022967137248277873,0.03783443570137024,0.0005330204730853438,0.11778077483177185,0.0,0.18620995,0.10631443,0.9994671,0.103288285,0.04464445,-4.425829e-07,0.007460594,-0.001821518,0.017095566,-0.07260645,-0.06820038,0.013464032,0.23175,0.12164246,1.0,,,,,,,,,,,,,,,,,,,,,,,,,,,,,,,,,,,,,,,,,,,,
619.0,-0.023092730327783285,0.03776619955897331,0.0005330204730853438,0.11358654499053955,0.0,0.18663993,0.10649913,0.9994671,0.103195116,0.044327915,-3.5499986e-07,0.0076117516,-0.0016412735,0.017034054,0.03555229,0.043878,-0.01467849,0.232125,0.121832974,1.0,,,,,,,,,,,,,,,,,,,,,,,,,,,,,,,,,,,,,,,,,,,,
620.0,-0.10321015142448633,0.03773260861635208,0.0005631923559121788,0.10967763513326645,1.0,0.18706955,0.10668248,0.9994671,0.10310942,0.04400541,-4.0938943e-07,0.00730443,-0.0019202232,0.017090797,-0.072593376,-0.06819773,0.013467317,0.2325,0.122023456,1.0,,,,,,,,,,,,,,,,,,,,,,,,,,,,,,,,,,,,,,,,,,,,
