step,reward,mean_form_error_m,mean_z_error_m,min_dyn_distance_m,collision_flag,x_m,y_m,z_m,vx_mps,vy_mps,vz_mps,roll_rad,pitch_rad,yaw_rad,wx_rps,wy_rps,wz_rps,x_des_m,y_des_m,z_des_m,ic_pos_jitter_d0_x_m,ic_pos_jitter_d0_y_m,ic_pos_jitter_d0_z_m,ic_yaw_jitter_d0_rad,ic_vel_jitter_d0_x_mps,ic_vel_jitter_d0_y_mps,ic_vel_jitter_d0_z_mps,ic_pos_jitter_d1_x_m,ic_pos_jitter_d1_y_m,ic_pos_jitter_d1_z_m,ic_yaw_jitter_d1_rad,ic_vel_jitter_d1_x_mps,ic_vel_jitter_d1_y_mps,ic_vel_jitter_d1_z_mps,ic_pos_jitter_d2_x_m,ic_pos_jitter_d2_y_m,ic_pos_jitter_d2_z_m,ic_yaw_jitter_d2_rad,ic_vel_jitter_d2_x_mps,ic_vel_jitter_d2_y_mps,ic_vel_jitter_d2_z_mps,ic_pos_jitter_d3_x_m,ic_pos_jitter_d3_y_m,ic_pos_jitter_d3_z_m,ic_yaw_jitter_d3_rad,ic_vel_jitter_d3_x_mps,ic_vel_jitter_d3_y_mps,ic_vel_jitter_d3_z_mps,ic_pos_jitter_d4_x_m,ic_pos_jitter_d4_y_m,ic_pos_jitter_d4_z_m,ic_yaw_jitter_d4_rad,ic_vel_jitter_d4_x_mps,ic_vel_jitter_d4_y_mps,ic_vel_jitter_d4_z_mps,ic_obstacle_jitter_x_m,ic_obstacle_jitter_y_m,ic_obstacle_jitter_z_m,ic_dynamic_jitter_x_m,ic_dynamic_jitter_y_m,ic_dynamic_jitter_z_m,episode,max_steps,timestamp_unix
,,,,,,,,,,,,,,,,,,,,,0.18947253172018585,0.17415467897454712,-0.07922841333673575,0.08666312580783986,-0.033913285737995624,-0.13668020700275235,-0.17092753891153173,-0.10486001597320041,0.23871716616360134,0.059000169081527,-0.21456253575659928,-0.10413298763905621,-0.03482118690032765,0.0414163123530161,-0.09190620528408217,-0.14745444748150974,-0.217282869448827,-0.20493024863752246,0.16317377648298165,0.11597565686813971,-0.04656169665747839,-0.05242673450012025,0.0803790686589631,0.1141422816854325,-0.2599355934702575,-0.014585423641093748,0.06958289793391964,-0.05107682106650077,-0.2678423142285672,0.24870431509499386,0.17362623935001942,-0.38135514407072035,-0.03660897266901153,0.12794968227988074,0.11315948257758107,-0.13552354151610174,0.11806926033395038,-0.34616505386558105,-0.0044872760912874066,-0.38404857281909033,0.3451640399662932,81.0,1000.0,1764625050.1274111
0.0,-0.0021961973177315203,0.0006949937669560313,0.0005499124526977539,1.5672568082809448,0.0,0.0,0.0,1.0005494,0.0,0.0,0.00012265044,0.0,0.0,0.0,0.0,0.0,0.0,0.0,0.0,1.0,,,,,,,,,,,,,,,,,,,,,,,,,,,,,,,,,,,,,,,,,,,,
1.0,-0.0021983931861794875,0.001012637047097087,0.000550389289855957,1.5672069787979126,0.0,0.0,0.0,1.0005499,0.0,0.0,0.000121095625,0.0,0.0,0.0,0.0,0.0,0.0,0.000375,0.0002,1.0,,,,,,,,,,,,,,,,,,,,,,,,,,,,,,,,,,,,,,,,,,,,
2.0,-0.0021995464809247104,0.0013888573739677668,0.0005508661270141602,1.5671324729919434,0.0,0.0,0.0,1.0005504,0.0,0.0,0.000119988945,-0.00012803078,0.00023984909,0.0,-0.030714178,0.057589088,0.0,0.00075,0.00039999993,1.0,,,,,,,,,,,,,,,,,,,,,,,,,,,,,,,,,,,,,,,,,,,,
3.0,-0.0022014306764147028,0.0017871109303086996,0.0005513429641723633,1.5670337677001953,0.0,4.086607e-08,2.1795236e-08,1.0005509,9.807856e-06,5.2308565e-06,0.00011877554,0.00020241737,2.1457672e-05,0.0,0.07927969,-0.052410748,-1.2316217e-05,0.001125,0.0005999998,1.0,,,,,,,,,,,,,,,,,,,,,,,,,,,,,,,,,,,,,,,,,,,,
4.0,-0.00220335697098526,0.0021953252144157887,0.0005518198013305664,1.566911220550537,0.0,8.539825e-08,9.1231e-09,1.0005513,1.0687724e-05,-3.0413125e-06,0.00011758936,7.43866e-05,0.00026154518,1.1920929e-06,-0.03072544,0.05758821,0.00028527447,0.0015,0.00079999946,1.0,,,,,,,,,,,,,,,,,,,,,,,,,,,,,,,,,,,,,,,,,,,,
5.0,-0.002205307676547,0.0026089425664395094,0.0005522966384887695,1.5667648315429688,0.0,1.7446128e-07,-1.6205954e-08,1.0005518,2.1375125e-05,-6.0789725e-06,0.000116395466,0.00040459633,4.3153763e-05,-2.4080276e-05,0.07926684,-0.05241106,-0.0060845534,0.001875,0.000999999,1.0,,,,,,,,,,,,,,,,,,,,,,,,,,,,,,,,,,,,,,,,,,,,
6.0,-0.00220727403863566,0.0030256658792495728,0.0005527734756469727,1.5665950775146484,0.0,2.7085315e-07,-1.104389e-07,1.0005523,2.313405e-05,-2.2615906e-05,0.000115202165,0.00027656555,0.00028300285,7.224083e-05,-0.030735558,0.05757703,0.023127267,0.00225,0.0011999982,1.0,,,,,,,,,,,,,,,,,,,,,,,,,,,,,,,,,,,,,,,,,,,,
7.0,-0.002209251306685383,0.0034444399643689394,0.0005532503128051758,1.566401720046997,0.0,4.1543547e-07,-2.5174828e-07,1.0005528,3.4699755e-05,-3.391425e-05,0.00011401079,0.0006067753,6.4611435e-05,4.673004e-05,0.07925311,-0.052409466,-0.0061006187,0.002625,0.0013999972,1.0,,,,,,,,,,,,,,,,,,,,,,,,,,,,,,,,,,,,,,,,,,,,
8.0,-0.002211237217487178,0.003864575643092394,0.0005537271499633789,1.5661855936050415,0.0,5.710057e-07,-4.9636424e-07,1.0005533,3.733686e-05,-5.8707832e-05,0.00011281437,0.0004787445,0.00030446053,0.00014328957,-0.030756464,0.057564907,0.023135802,0.003,0.0015999958,1.0,,,,,,,,,,,,,,,,,,,,,,,,,,,,,,,,,,,,,,,,,,,,
9.0,-0.002213230278297124,0.004285709001123905,0.000554203987121582,1.565946340560913,0.0,7.7841946e-07,-8.2243696e-07,1.0005537,4.9779297e-05,-7.825746e-05,0.00011162458,0.0008087158,8.606911e-05,0.00011777878,0.079239376,-0.052407872,-0.006116672,0.003375,0.0017999939,1.0,,,,,,,,,,,,,,,,,,,,,,,,,,,,,,,,,,,,,,,,,,,,
10.0,-0.0022152295472582413,0.0047075473703444,0.0005546808242797852,1.5656847953796387,0.0,1.0004736e-06,-1.2861799e-06,1.0005542,5.3293013e-05,-0.000111298286,0.000110425244,0.00068068504,0.0003259182,0.00021409988,-0.030777361,0.05755279,0.023144327,0.00375,0.0019999917,1.0,,,,,,,,,,,,,,,,,,,,,,,,,,,,,,,,,,,,,,,,,,,,
11.0,-0.0022172342437454065,0.0051299636252224445,0.0005551576614379883,1.5654008388519287,0.0,1.2780179e-06,-1.8657207e-06,1.0005547,6.661061e-05,-0.0001390898,0.000109236986,0.0010106564,0.00010752678,0.0001885891,0.07922566,-0.052406278,-0.006132712,0.004125,0.0021999888,1.0,,,,,,,,,,,,,,,,,,,,,,,,,,,,,,,,,,,,,,,,,,,,
12.0,-0.002219242996220056,0.005552808288484812,0.0005555152893066406,1.565095067024231,0.0,1.5738485e-06,-2.617256e-06,1.0005552,7.099936e-05,-0.00018036849,0.000108034765,0.00088238716,0.00034737587,0.00028514862,-0.030798247,0.057540674,0.02315284,0.0045,0.0023999857,1.0,,,,,,,,,,,,,,,,,,,,,,,,,,,,,,,,,,,,,,,,,,,,
13.0,-0.0022212573714870836,0.005976045969873667,0.0005559921264648438,1.5647672414779663,0.0,1.928809e-06,-3.5188914e-06,1.0005555,8.519054e-05,-0.0002163925,0.000106848034,0.0012123585,0.00012874603,0.00025963783,0.07921194,-0.052404687,-0.0061487397,0.004875,0.0025999816,1.0,,,,,,,,,,,,,,,,,,,,,,,,,,,,,,,,,,,,,,,,,,,,
14.0,-0.002223275215655304,0.006399591453373432,0.0005564689636230469,1.5644177198410034,0.0,2.305696e-06,-4.6268083e-06,1.000556,9.0452806e-05,-0.0002659001,0.000106010855,0.0010840893,0.00036859512,0.00035619736,-0.030819124,0.05752856,0.023161342,0.00525,0.002799977,1.0,,,,,,,,,,,,,,,,,,,,,,,,,,,,,,,,,,,,,,,,,,,,
15.0,-0.002225297770676117,0.0068234167993068695,0.0005568265914916992,1.5640469789505005,0.0,2.7453457e-06,-5.9190884e-06,1.0005565,0.000105515974,-0.00031014712,0.000104739265,0.0014138222,0.0001502037,0.00033044815,0.079198234,-0.052403096,-0.0061647547,0.005625,0.0029999719,1.0,,,,,,,,,,,,,,,,,,,,,,,,,,,,,,,,,,,,,,,,,,,,
16.0,-0.002227324256215798,0.0072474731132388115,0.0005573034286499023,1.5636554956436157,0.0,3.2105543e-06,-7.451894e-06,1.0005568,0.00011165007,-0.00036787338,0.00010355157,0.001285553,0.00038981438,0.00042700768,-0.030839989,0.057516444,0.023169836,0.006,0.003199966,1.0,,,,,,,,,,,,,,,,,,,,,,,,,,,,,,,,,,,,,,,,,,,,
17.0,-0.0022293544422376725,0.007671762257814407,0.0005576610565185547,1.5632435083389282,0.0,3.7421537e-06,-9.203289e-06,1.0005573,0.00012758386,-0.00042033472,0.00010273106,0.0016152859,0.00017142296,0.00040125847,0.07918454,-0.052401505,-0.0061807567,0.006375,0.003399959,1.0,,,,,,,,,,,,,,,,,,,,,,,,,,,,,,,,,,,,,,,,,,,,
18.0,-0.0022313889016208127,0.008096251636743546,0.0005581378936767578,1.5628107786178589,0.0,4.302938e-06,-1.1229416e-05,1.0005577,0.00013458825,-0.00048627052,0.00010143492,0.0014867783,0.00041103363,0.000497818,-0.030860843,0.05750433,0.023178317,0.00675,0.0035999515,1.0,,,,,,,,,,,,,,,,,,,,,,,,,,,,,,,,,,,,,,,,,,,,
19.0,-0.002233426680891717,0.0085209421813488,0.0005584955215454102,1.5623579025268555,0.0,4.9337336e-06,-1.3508317e-05,1.0005581,0.00015139092,-0.00054693635,0.000100640726,0.0018167496,0.00019264221,0.0004720688,0.079170845,-0.052399915,-0.0061967466,0.007125,0.0037999428,1.0,,,,,,,,,,,,,,,,,,,,,,,,,,,,,,,,,,,,,,,,,,,,
20.0,-0.0022354688294733945,0.008945816196501255,0.0005589723587036133,1.561885118484497,0.0,5.5973337e-06,-1.6096119e-05,1.0005585,0.00015926405,-0.0006210725,9.933589e-05,0.0016880035,0.00043225288,0.0005686283,-0.030881688,0.05749222,0.023186788,0.0075,0.003999933,1.0,,,,,,,,,,,,,,,,,,,,,,,,,,,,,,,,,,,,,,,,,,,,
21.0,-0.002237514183891472,0.009370861575007439,0.0005593299865722656,1.5613930225372314,0.0,6.3345587e-06,-1.8970843e-05,1.000559,0.00017693402,-0.00068993337,9.8544595e-05,0.0020177364,0.00021362305,0.0005428791,0.07915716,-0.052398328,-0.006212724,0.007875,0.004199923,1.0,,,,,,,,,,,,,,,,,,,,,,,,,,,,,,,,,,,,,,,,,,,,
22.0,-0.002239563313830877,0.009796079248189926,0.0005598068237304688,1.56088125705719,0.0,7.1082018e-06,-2.2188593e-05,1.0005593,0.0001856743,-0.0007722605,9.723657e-05,0.0018892288,0.00045323372,0.00063943863,-0.030902522,0.057480104,0.023195248,0.00825,0.004399911,1.0,,,,,,,,,,,,,,,,,,,,,,,,,,,,,,,,,,,,,,,,,,,,
23.0,-0.0022416166140224966,0.010221501812338829,0.0005601644515991211,1.560350775718689,0.0,7.959076e-06,-2.5727373e-05,1.0005598,0.00020421,-0.0008493071,9.644687e-05,0.0022187233,0.00023460388,0.0006136894,0.07914348,-0.05239674,-0.0062286886,0.008625,0.0045998986,1.0,,,,,,,,,,,,,,,,,,,,,,,,,,,,,,,,,,,,,,,,,,,,
24.0,-0.0022421839632312196,0.010647041723132133,0.0005605220794677734,1.5598011016845703,0.0,8.849976e-06,-2.9643272e-05,1.0005602,0.00021381586,-0.00093981577,9.513595e-05,0.0020902157,0.00047421455,0.00071024895,-0.030923344,0.057467997,0.023203699,0.009,0.0047998847,1.0,,,,,,,,,,,,,,,,,,,,,,,,,,,,,,,,,,,,,,,,,,,,
25.0,-0.0022450446297036255,0.011072773486375809,0.0005609989166259766,1.5592330694198608,0.0,9.821709e-06,-3.3914268e-05,1.0005605,0.0002332157,-0.0010250388,9.43478e-05,0.0018246174,0.00025558472,0.00068449974,-0.06369922,-0.052496612,-0.0061769066,0.009375,0.00499987,1.0,,,,,,,,,,,,,,,,,,,,,,,,,,,,,,,,,,,,,,,,,,,,
26.0,-0.0022456188077034315,0.011498619802296162,0.0005613565444946289,1.5586470365524292,0.0,1.0836995e-05,-3.849508e-05,1.000561,0.00024366872,-0.0010993956,9.345355e-05,0.002017498,0.0004951954,0.00078105927,0.046233244,0.05752559,0.023158185,0.00975,0.0051998533,1.0,,,,,,,,,,,,,,,,,,,,,,,,,,,,,,,,,,,,,,,,,,,,
27.0,-0.0022484848958236416,0.011924607679247856,0.0005617141723632812,1.5580426454544067,0.0,1.1936679e-05,-4.341845e-05,1.0005614,0.00026392407,-0.0011816084,9.217296e-05,0.0017518997,0.00027680397,0.00075531006,-0.06369773,-0.05249727,-0.006175544,0.010125,0.0053998358,1.0,,,,,,,,,,,,,,,,,,,,,,,,,,,,,,,,,,,,,,,,,,,,
28.0,-0.0022490650966210525,0.012350681237876415,0.0005620718002319336,1.5574208498001099,0.0,1.30834815e-05,-4.8639107e-05,1.0005617,0.00027523268,-0.0012529573,9.1393726e-05,0.0019445419,0.0005161762,0.0008518696,0.046227567,0.057534847,0.023149237,0.0105,0.0055998173,1.0,,,,,,,,,,,,,,,,,,,,,,,,,,,,,,,,,,,,,,,,,,,,
29.0,-0.002251938213975518,0.012776906602084637,0.0005624294281005859,1.5567814111709595,0.0,1.43182515e-05,-5.4189783e-05,1.0005621,0.00029634486,-0.0013321624,9.0454436e-05,0.0016789436,0.0002977848,0.00082588196,-0.063696235,-0.052497927,-0.006174177,0.010875,0.005799797,1.0,,,,,,,,,,,,,,,,,,,,,,,,,,,,,,,,,,,,,,,,,,,,
30.0,-0.0022525240319359,0.013203205540776253,0.0005627870559692383,1.5561250448226929,0.0,1.560371e-05,-6.0025213e-05,1.0005624,0.0003085099,-0.0014005034,8.959447e-05,0.0018718243,0.0005373955,0.0009224415,0.046221893,0.057544097,0.023140287,0.01125,0.005999775,1.0,,,,,,,,,,,,,,,,,,,,,,,,,,,,,,,,,,,,,,,,,,,,
31.0,-0.0022554031779436633,0.013629634864628315,0.0005631446838378906,1.55545175075531,0.0,1.6980708e-05,-6.617813e-05,1.0005628,0.0003304796,-0.0014767004,8.86745e-05,0.001606226,0.00031876564,0.0008966923,-0.063694745,-0.052498583,-0.006172805,0.011625,0.0061997515,1.0,,,,,,,,,,,,,,,,,,,,,,,,,,,,,,,,,,,,,,,,,,,,
32.0,-0.0022559958910569554,0.014056140556931496,0.0005636215209960938,1.5547617673873901,0.0,1.8411965e-05,-7.2603274e-05,1.0005631,0.00034350198,-0.0015420342,8.78094e-05,0.0017991066,0.0005583763,0.0009930134,0.046216223,0.057553343,0.023131335,0.012,0.006399727,1.0,,,,,,,,,,,,,,,,,,,,,,,,,,,,,,,,,,,,,,,,,,,,
33.0,-0.0022588804501836425,0.014482706785202026,0.0005638599395751953,1.5540553331375122,0.0,1.9938341e-05,-7.9333375e-05,1.0005636,0.00036633012,-0.0016152237,8.689099e-05,0.0015335083,0.0003399849,0.0009672642,-0.063693255,-0.052499242,-0.0061714286,0.012375,0.0065997005,1.0,,,,,,,,,,,,,,,,,,,,,,,,,,,,,,,,,,,,,,,,,,,,
34.0,-0.0022594783395194105,0.014909384772181511,0.0005642175674438477,1.5533326864242554,0.0,2.1522552e-05,-8.632316e-05,1.0005639,0.00038021058,-0.0016775503,8.5657004e-05,0.0017261505,0.00057959557,0.0010635853,0.046210553,0.057562586,0.023122381,0.01275,0.0067996723,1.0,,,,,,,,,,,,,,,,,,,,,,,,,,,,,,,,,,,,,,,,,,,,
35.0,-0.0022623696207214393,0.015336111187934875,0.0005645751953125,1.5525940656661987,0.0,2.3205463e-05,-9.3605384e-05,1.0005642,0.00040389833,-0.0017477332,8.51935e-05,0.0014605522,0.00036120415,0.0010378361,-0.06369177,-0.052499898,-0.0061700474,0.013125,0.0069996426,1.0,,,,,,,,,,,,,,,,,,,,,,,,,,,,,,,,,,,,,,,,,,,,
36.0,-0.0022629735884576833,0.015762928873300552,0.0005649328231811523,1.551839828491211,0.0,2.4949786e-05,-0.00010113478,1.0005646,0.00041863797,-0.001807054,8.422003e-05,0.0016534328,0.0006008148,0.0011341572,0.046204887,0.057571825,0.023113426,0.0135,0.007199611,1.0,,,,,,,,,,,,,,,,,,,,,,,,,,,,,,,,,,,,,,,,,,,,
37.0,-0.0022658699597843256,0.016189783811569214,0.0005652904510498047,1.5510698556900024,0.0,2.6796393e-05,-0.00010894407,1.0005649,0.00044318568,-0.0018742296,8.33278e-05,0.0013878345,0.0003824234,0.001108408,-0.06369028,-0.052500557,-0.0061686616,0.013875,0.007399578,1.0,,,,,,,,,,,,,,,,,,,,,,,,,,,,,,,,,,,,,,,,,,,,
38.0,-0.002266479592982802,0.016616709530353546,0.000565648078918457,1.5502846240997314,0.0,2.8708e-05,-0.000116988005,1.0005653,0.00045878536,-0.0019305447,8.245439e-05,0.0015804768,0.0006220341,0.0012047291,0.04619922,0.057581056,0.023104468,0.01425,0.007599543,1.0,,,,,,,,,,,,,,,,,,,,,,,,,,,,,,,,,,,,,,,,,,,,
39.0,-0.0022693819622683843,0.01704367808997631,0.0005660057067871094,1.5494842529296875,0.0,3.0725474e-05,-0.00012529931,1.0005656,0.00048419417,-0.0019947141,8.153904e-05,0.0013148785,0.00040364265,0.0011789799,-0.0636888,-0.052501213,-0.0061672716,0.014625,0.0077995057,1.0,,,,,,,,,,,,,,,,,,,,,,,,,,,,,,,,,,,,,,,,,,,,
40.0,-0.002269996836123761,0.017470700666308403,0.0005663633346557617,1.5486688613891602,0.0,3.2811535e-05,-0.00013383274,1.000566,0.00050065474,-0.002048024,8.067045e-05,0.0015077591,0.0006432533,0.001275301,0.04619356,0.057590287,0.023095509,0.015,0.007999467,1.0,,,,,,,,,,,,,,,,,,,,,,,,,,,,,,,,,,,,,,,,,,,,
41.0,-0.0022729051126021767,0.01789773441851139,0.0005666017532348633,1.5478386878967285,0.0,3.500706e-05,-0.00014262104,1.0005664,0.00052692555,-0.0021091877,7.975433e-05,0.0012419224,0.0004248619,0.0012493134,-0.06368732,-0.052501872,-0.0061658765,0.015375,0.008199425,1.0,,,,,,,,,,,,,,,,,,,,,,,,,,,,,,,,,,,,,,,,,,,,
42.0,-0.002273525908426395,0.0183248408138752,0.0005669593811035156,1.5469938516616821,0.0,3.727476e-05,-0.00015161892,1.0005666,0.00054424786,-0.0021594928,7.888532e-05,0.001434803,0.000664711,0.0013456345,0.046187896,0.05759951,0.023086548,0.01575,0.008399382,1.0,,,,,,,,,,,,,,,,,,,,,,,,,,,,,,,,,,,,,,,,,,,,
43.0,-0.0022764398342318766,0.018751952797174454,0.000567317008972168,1.546134352684021,0.0,3.9655515e-05,-0.00016085913,1.000567,0.00057138177,-0.0022176518,7.83376e-05,0.0011692047,0.00044631958,0.0013198853,-0.063685834,-0.052502528,-0.0061644767,0.016125,0.008599337,1.0,,,,,,,,,,,,,,,,,,,,,,,,,,,,,,,,,,,,,,,,,,,,
44.0,-0.002277066105345177,0.019179103896021843,0.0005676746368408203,1.5452607870101929,0.0,4.2112046e-05,-0.00017029644,1.0005673,0.0005895667,-0.0022649525,7.73815e-05,0.0013618469,0.00068616867,0.0014162064,0.046182238,0.05760873,0.023077587,0.0165,0.00879929,1.0,,,,,,,,,,,,,,,,,,,,,,,,,,,,,,,,,,,,,,,,,,,,
45.0,-0.0022799848860886795,0.019606266170740128,0.0005679130554199219,1.5443730354309082,0.0,4.468523e-05,-0.00017996355,1.0005677,0.0006175642,-0.0023201061,7.6486656e-05,0.0010962486,0.00046777725,0.0013902187,-0.06368435,-0.052503187,-0.0061630723,0.016875,0.008999241,1.0,,,,,,,,,,,,,,,,,,,,,,,,,,,,,,,,,,,,,,,,,,,,
46.0,-0.002280615923189947,0.02003340981900692,0.0005682706832885742,1.543471336364746,0.0,4.733778e-05,-0.00018981523,1.0005679,0.0006366127,-0.002364403,7.561145e-05,0.0012888908,0.0007073879,0.0014865398,0.046176583,0.057617947,0.023068622,0.01725,0.009199189,1.0,,,,,,,,,,,,,,,,,,,,,,,,,,,,,,,,,,,,,,,,,,,,
47.0,-0.0022835408113897337,0.02046060934662819,0.0005685091018676758,1.5425554513931274,0.0,5.0110593e-05,-0.00019988419,1.0005683,0.00066547503,-0.002416553,7.506592e-05,0.0010232925,0.0004889965,0.0014607906,-0.06368287,-0.052503847,-0.0061616637,0.017625,0.009399135,1.0,,,,,,,,,,,,,,,,,,,,,,,,,,,,,,,,,,,,,,,,,,,,
48.0,-0.0022841773480905127,0.020887773483991623,0.0005688667297363281,1.541625738143921,0.0,5.2966378e-05,-0.00021012522,1.0005685,0.00068538793,-0.0024578464,7.4108095e-05,0.0012161732,0.0007288456,0.0015568733,0.046170928,0.05762716,0.023059657,0.018,0.009599078,1.0,,,,,,,,,,,,,,,,,,,,,,,,,,,,,,,,,,,,,,,,,,,,
49.0,-0.002287107605565771,0.021314991638064384,0.0005692243576049805,1.5406824350357056,0.0,5.5946028e-05,-0.00022057102,1.0005689,0.0007151158,-0.0025069928,7.358232e-05,0.00095033646,0.0005104542,0.0015311241,-0.063681394,-0.052504502,-0.00616025,0.018375,0.009799019,1.0,,,,,,,,,,,,,,,,,,,,,,,,,,,,,,,,,,,,,,,,,,,,
50.0,-0.0022877493537323186,0.02174213156104088,0.000569462776184082,1.539725422859192,0.0,5.901225e-05,-0.00023117637,1.0005692,0.000735894,-0.0025452832,7.261926e-05,0.0011432171,0.00075030327,0.0016272068,0.046165276,0.057636365,0.023050688,0.01875,0.009998959,1.0,,,,,,,,,,,,,,,,,,,,,,,,,,,,,,,,,,,,,,,,,,,,
51.0,-0.002290684916649612,0.022169318050146103,0.0005698204040527344,1.5387548208236694,0.0,6.220595e-05,-0.00024197398,1.0005695,0.000766488,-0.0025914258,7.1727154e-05,0.0008773804,0.00053215027,0.0016014576,-0.06367992,-0.05250516,-0.006158832,0.019125,0.010198895,1.0,,,,,,,,,,,,,,,,,,,,,,,,,,,,,,,,,,,,,,,,,,,,
52.0,-0.002291331340285397,0.022596463561058044,0.0005700588226318359,1.5377706289291382,0.0,6.548984e-05,-0.00025291863,1.0005698,0.0007881327,-0.0026267143,7.121742e-05,0.001070261,0.00077199936,0.0016975403,0.046159625,0.05764557,0.02304172,0.0195,0.010398828,1.0,,,,,,,,,,,,,,,,,,,,,,,,,,,,,,,,,,,,,,,,,,,,
53.0,-0.002294271673052771,0.02302359603345394,0.0005702972412109375,1.5367729663848877,0.0,6.890481e-05,-0.00026404302,1.00057,0.0008195939,-0.0026698539,7.021925e-05,0.0008044243,0.00055360794,0.0016717911,-0.06367844,-0.05250582,-0.006157409,0.019875,0.010598759,1.0,,,,,,,,,,,,,,,,,,,,,,,,,,,,,,,,,,,,,,,,,,,,
54.0,-0.0022949242971548787,0.023450683802366257,0.0005706548690795898,1.535761833190918,0.0,7.241358e-05,-0.00027530192,1.0005703,0.00084210566,-0.0027021405,6.973383e-05,0.0009973049,0.00079345703,0.0017678738,0.046153978,0.05765477,0.023032747,0.02025,0.010798688,1.0,,,,,,,,,,,,,,,,,,,,,,,,,,,,,,,,,,,,,,,,,,,,
55.0,-0.0022978698012422307,0.023877782747149467,0.0005708932876586914,1.534737467765808,0.0,7.605707e-05,-0.0002867281,1.0005707,0.0008744353,-0.002742278,6.9098234e-05,0.0007314682,0.0005750656,0.0017418861,-0.06367697,-0.05250648,-0.0061559817,0.020625,0.010998613,1.0,,,,,,,,,,,,,,,,,,,,,,,,,,,,,,,,,,,,,,,,,,,,
56.0,-0.0022985267744927303,0.02430480346083641,0.0005712509155273438,1.5336995124816895,0.0,7.979796e-05,-0.00029827628,1.0005709,0.00089781475,-0.002771563,6.8159155e-05,0.0009241104,0.0008151531,0.0018379688,0.04614833,0.057663962,0.023023775,0.021,0.0111985365,1.0,,,,,,,,,,,,,,,,,,,,,,,,,,,,,,,,,,,,,,,,,,,,
57.0,-0.0023014767622346576,0.02473178133368492,0.0005714893341064453,1.5326484441757202,0.0,8.367719e-05,-0.00030997916,1.0005713,0.00093101355,-0.0028086987,6.763043e-05,0.0006585121,0.0005967617,0.0018122196,-0.06367549,-0.05250714,-0.0061545493,0.021375,0.011398457,1.0,,,,,,,,,,,,,,,,,,,,,,,,,,,,,,,,,,,,,,,,,,,,
58.0,-0.002302139064577018,0.02515873685479164,0.0005717277526855469,1.5315839052200317,0.0,8.765744e-05,-0.0003217916,1.0005715,0.0009552618,-0.0028349825,6.666567e-05,0.0008511543,0.0008368492,0.0019083023,0.046142686,0.057673153,0.023014799,0.02175,0.011598374,1.0,,,,,,,,,,,,,,,,,,,,,,,,,,,,,,,,,,,,,,,,,,,,
59.0,-0.002305093903834364,0.025585627183318138,0.0005719661712646484,1.530505895614624,0.0,9.177965e-05,-0.00033374625,1.0005717,0.0009893306,-0.0028691168,6.614334e-05,0.00058555603,0.0006184578,0.0018823147,-0.063674025,-0.0525078,-0.0061531127,0.022125,0.011798289,1.0,,,,,,,,,,,,,,,,,,,,,,,,,,,,,,,,,,,,,,,,,,,,
60.0,-0.002305761638459085,0.026012485846877098,0.0005723237991333008,1.5294147729873657,0.0,9.600652e-05,-0.00034579792,1.000572,0.0010144487,-0.0028924006,6.554441e-05,0.00077819824,0.0008585453,0.0019783974,0.046137046,0.05768234,0.023005823,0.0225,0.0119982,1.0,,,,,,,,,,,,,,,,,,,,,,,,,,,,,,,,,,,,,,,,,,,,
61.0,-0.0023087211504761525,0.02643926814198494,0.0005725622177124023,1.5283100605010986,0.0,0.00010037897,-0.00035797933,1.0005723,0.0010493882,-0.002923534,6.493654e-05,0.0005123615,0.0006401539,0.0019526482,-0.06367256,-0.05250846,-0.0061516715,0.022875,0.012198108,1.0,,,,,,,,,,,,,,,,,,,,,,,,,,,,,,,,,,,,,,,,,,,,
62.0,-0.0023096248285563504,0.026865988969802856,0.0005728006362915039,1.5271917581558228,0.0,0.00010485971,-0.00037024522,1.0005726,0.0010753768,-0.0029438175,6.3989166e-05,0.00070524216,0.0008802414,0.0020484924,0.046131406,0.05769152,0.022996845,0.02325,0.012398014,1.0,,,,,,,,,,,,,,,,,,,,,,,,,,,,,,,,,,,,,,,,,,,,
63.0,-0.002312821445341628,0.02729259990155697,0.0005730390548706055,1.5260599851608276,0.0,0.00010948966,-0.00038262835,1.0005728,0.001111188,-0.0029719505,6.346347e-05,0.00043940544,0.0007531643,0.0020227432,-0.063715965,-0.03059592,-0.006134774,0.023625,0.012597917,1.0,,,,,,,,,,,,,,,,,,,,,,,,,,,,,,,,,,,,,,,,,,,,
64.0,-0.002313729778515564,0.02771914005279541,0.0005733966827392578,1.5249146223068237,0.0,0.00011424708,-0.00039508348,1.000573,0.0011417803,-0.002989227,6.286148e-05,0.00063204765,0.0010845661,0.002118826,0.046083897,0.07960889,0.022993254,0.024,0.012797816,1.0,,,,,,,,,,,,,,,,,,,,,,,,,,,,,,,,,,,,,,,,,,,,
65.0,-0.0023169311434977163,0.028145557269454002,0.0005736351013183594,1.5237557888031006,0.0,0.00011918844,-0.00040764324,1.0005734,0.0011859264,-0.003014345,6.22503e-05,0.00036644936,0.000957489,0.0020930767,-0.06371882,-0.030606817,-0.006123382,0.024375,0.012997712,1.0,,,,,,,,,,,,,,,,,,,,,,,,,,,,,,,,,,,,,,,,,,,,
66.0,-0.002317843396730634,0.028571849688887596,0.0005738735198974609,1.5225831270217896,0.0,0.00012429198,-0.00042026243,1.0005736,0.0012248498,-0.0030286063,6.1300714e-05,0.00055909157,0.0012888908,0.002188921,0.04607925,0.079607844,0.022974128,0.02475,0.013197605,1.0,,,,,,,,,,,,,,,,,,,,,,,,,,,,,,,,,,,,,,,,,,,,
67.0,-0.0023210493035110747,0.028997942805290222,0.0005741119384765625,1.521396517753601,0.0,0.00012961417,-0.00043297373,1.0005739,0.0012773253,-0.0030507084,6.0768944e-05,0.00029325485,0.0011618137,0.0021631718,-0.063721664,-0.03061771,-0.0061119883,0.025125,0.013397493,1.0,,,,,,,,,,,,,,,,,,,,,,,,,,,,,,,,,,,,,,,,,,,,
68.0,-0.0023219656350054493,0.029423881322145462,0.0005743503570556641,1.520195722579956,0.0,0.00013513323,-0.00044573186,1.0005741,0.0013245749,-0.0030619546,6.016892e-05,0.00048589706,0.0014932156,0.002259016,0.0460746,0.0796068,0.022955006,0.0255,0.013597379,1.0,,,,,,,,,,,,,,,,,,,,,,,,,,,,,,,,,,,,,,,,,,,,
69.0,-0.002325175322041799,0.02984963357448578,0.0005745887756347656,1.5189810991287231,0.0,0.00014090561,-0.00045856953,1.0005744,0.0013853739,-0.0030810402,5.955289e-05,0.00022006035,0.0013661385,0.0022332668,-0.0637245,-0.0306286,-0.0061005927,0.025875,0.013797263,1.0,,,,,,,,,,,,,,,,,,,,,,,,,,,,,,,,,,,,,,,,,,,,
70.0,-0.0023260959571546336,0.030275147408246994,0.0005748271942138672,1.5177520513534546,0.0,0.00014690956,-0.00047144148,1.0005746,0.0014409435,-0.0030892706,5.8972913e-05,0.00041294098,0.0016973019,0.002329111,0.04606995,0.07960576,0.02293589,0.02625,0.013997142,1.0,,,,,,,,,,,,,,,,,,,,,,,,,,,,,,,,,,,,,,,,,,,,
71.0,-0.0023293094393304916,0.030700474977493286,0.0005750656127929688,1.5165088176727295,0.0,0.00015320147,-0.0004843804,1.0005748,0.0015100603,-0.0031053391,5.834999e-05,0.00014710426,0.0015702248,0.002303362,-0.06372734,-0.030639483,-0.006089194,0.026625,0.014197018,1.0,,,,,,,,,,,,,,,,,,,,,,,,,,,,,,,,,,,,,,,,,,,,
72.0,-0.002330233658201817,0.031125497072935104,0.0005753040313720703,1.5152510404586792,0.0,0.00015975957,-0.00049734104,1.0005751,0.0015739441,-0.0031105527,5.7771904e-05,0.00033974648,0.0019016266,0.0023992062,0.0460653,0.079604715,0.022916775,0.027,0.01439689,1.0,,,,,,,,,,,,,,,,,,,,,,,,,,,,,,,,,,,,,,,,,,,,
73.0,-0.002333450370332497,0.031550295650959015,0.0005755424499511719,1.5139787197113037,0.0,0.0001666403,-0.00051035604,1.0005753,0.0016513731,-0.0031236038,5.7146342e-05,7.390976e-05,0.0017745495,0.0023732185,-0.06373017,-0.030650362,-0.006077794,0.027375,0.014596758,1.0,,,,,,,,,,,,,,,,,,,,,,,,,,,,,,,,,,,,,,,,,,,,
74.0,-0.002334517756760814,0.03197477385401726,0.0005757808685302734,1.5126914978027344,0.0,0.00017382181,-0.00052338024,1.0005755,0.0017235656,-0.0031258,5.6569148e-05,0.00026655197,0.002105713,0.0024690628,0.046060655,0.07960367,0.022897664,0.02775,0.014796623,1.0,,,,,,,,,,,,,,,,,,,,,,,,,,,,,,,,,,,,,,,,,,,,
75.0,-0.0023375985438519094,0.032398976385593414,0.000576019287109375,1.5113896131515503,0.0,0.00018136056,-0.00053644617,1.0005758,0.0018093009,-0.003135833,5.594119e-05,7.1525574e-07,0.0019786358,0.0024433136,-0.063733,-0.030661236,-0.0060663917,0.028125,0.014996485,1.0,,,,,,,,,,,,,,,,,,,,,,,,,,,,,,,,,,,,,,,,,,,,
76.0,-0.002339037358509931,0.03282282501459122,0.0005762577056884766,1.5100724697113037,0.0,0.00018923472,-0.0005495087,1.000576,0.0018897962,-0.0031350113,5.5364824e-05,0.00019359589,0.0023097992,0.0025389194,0.046056006,0.07960263,0.02287856,0.0285,0.015196342,1.0,,,,,,,,,,,,,,,,,,,,,,,,,,,,,,,,,,,,,,,,,,,,
77.0,-0.0023417527362413664,0.03324635326862335,0.0005764961242675781,1.5087398290634155,0.0,0.00019750069,-0.0005626005,1.0005763,0.0019838323,-0.0031420253,5.4734486e-05,-7.247925e-05,0.002182722,0.0025131702,-0.06373581,-0.030672105,-0.006054987,0.028875,0.015396195,1.0,,,,,,,,,,,,,,,,,,,,,,,,,,,,,,,,,,,,,,,,,,,,
78.0,-0.0023435664143011017,0.03366950899362564,0.0005767345428466797,1.5073919296264648,0.0,0.00020613662,-0.00057567627,1.0005765,0.0020726249,-0.0031381852,5.4158947e-05,0.00012040138,0.0025138855,0.002608776,0.046051357,0.079601586,0.022859458,0.02925,0.015596046,1.0,,,,,,,,,,,,,,,,,,,,,,,,,,,,,,,,,,,,,,,,,,,,
79.0,-0.0023459735306514138,0.034092288464307785,0.0005769729614257812,1.5060285329818726,0.0,0.00021519893,-0.0005887687,1.0005767,0.0021749558,-0.00314218,5.352623e-05,-0.00014567375,0.00238657,0.002583027,-0.06373863,-0.03068297,-0.0060435804,0.029625,0.015795892,1.0,,,,,,,,,,,,,,,,,,,,,,,,,,,,,,,,,,,,,,,,,,,,
80.0,-0.002348100298278107,0.03451468423008919,0.000577092170715332,1.5046491622924805,0.0,0.00022466577,-0.0006018325,1.000577,0.0022720397,-0.003135321,5.295152e-05,4.720688e-05,0.0027177334,0.0026786327,0.046046708,0.07960054,0.022840358,0.03,0.015995733,1.0,,,,,,,,,,,,,,,,,,,,,,,,,,,,,,,,,,,,,,,,,,,,
81.0,-0.002350368426992775,0.034936629235744476,0.0005773305892944336,1.5032539367675781,0.0,0.00023459352,-0.00061490043,1.0005771,0.0023826598,-0.0031362956,5.2316424e-05,-0.00021886826,0.0025906563,0.0026528835,-0.063741446,-0.03069383,-0.006032171,0.030375,0.016195571,1.0,,,,,,,,,,,,,,,,,,,,,,,,,,,,,,,,,,,,,,,,,,,,
82.0,-0.0023526396502014002,0.03535817936062813,0.0005775690078735352,1.5018424987792969,0.0,0.0002449603,-0.0006279272,1.0005773,0.0024880306,-0.0031264168,5.2110467e-05,-2.5987625e-05,0.0029218197,0.0027484894,0.04604206,0.0795995,0.022821264,0.03075,0.016395405,1.0,,,,,,,,,,,,,,,,,,,,,,,,,,,,,,,,,,,,,,,,,,,,
83.0,-0.0023549101315299436,0.03577924147248268,0.0005778074264526367,1.5004148483276367,0.0,0.00025582255,-0.0006409454,1.0005776,0.0026069342,-0.003124371,5.1386618e-05,-0.00029206276,0.0027945042,0.0027227402,-0.06374425,-0.030704685,-0.0060207606,0.031125,0.016595235,1.0,,,,,,,,,,,,,,,,,,,,,,,,,,,,,,,,,,,,,,,,,,,,
84.0,-0.002357183442740619,0.03619987145066261,0.0005780458450317383,1.4989705085754395,0.0,0.00026715832,-0.00065390987,1.0005778,0.002720584,-0.003111472,5.083383e-05,-9.918213e-05,0.0031256676,0.0028181076,0.046037413,0.07959846,0.022802174,0.0315,0.016795062,1.0,,,,,,,,,,,,,,,,,,,,,,,,,,,,,,,,,,,,,,,,,,,,
85.0,-0.0023594548869522837,0.03661997616291046,0.0005781650543212891,1.4975095987319946,0.0,0.000279024,-0.0006668532,1.000578,0.0028477656,-0.0031064048,5.0189232e-05,-0.00036525726,0.0029985905,0.0027923584,-0.06374705,-0.030715534,-0.0060093473,0.031875,0.016994882,1.0,,,,,,,,,,,,,,,,,,,,,,,,,,,,,,,,,,,,,,,,,,,,
86.0,-0.002361731057067259,0.03703958913683891,0.0005784034729003906,1.496031641960144,0.0,0.0002913977,-0.0006797302,1.0005782,0.0029696897,-0.003090485,4.9618106e-05,-0.00017237663,0.0033295155,0.0028879642,0.046032764,0.07959741,0.022783086,0.03225,0.0171947,1.0,,,,,,,,,,,,,,,,,,,,,,,,,,,,,,,,,,,,,,,,,,,,
87.0,-0.0023640048510753264,0.03745865821838379,0.0005786418914794922,1.4945366382598877,0.0,0.00030433582,-0.00069257355,1.0005784,0.0031051445,-0.0030823962,4.934356e-05,-0.00043845177,0.0032024384,0.0028619766,-0.06374985,-0.03072638,-0.005997932,0.032625,0.017394513,1.0,,,,,,,,,,,,,,,,,,,,,,,,,,,,,,,,,,,,,,,,,,,,
88.0,-0.0023662816304966675,0.03787720575928688,0.000578761100769043,1.493024468421936,0.0,0.0003178164,-0.0007053379,1.0005786,0.0032353369,-0.003063455,4.8685823e-05,-0.00024580956,0.0035333633,0.0029575825,0.04602812,0.07959637,0.022764003,0.033,0.01759432,1.0,,,,,,,,,,,,,,,,,,,,,,,,,,,,,,,,,,,,,,,,,,,,
89.0,-0.002368556990139628,0.03829517215490341,0.0005789995193481445,1.4914944171905518,0.0,0.00033189578,-0.00071805605,1.0005788,0.003379057,-0.0030523436,4.80615e-05,-0.00051164627,0.0034060478,0.0029315948,-0.06375264,-0.030737221,-0.0059865145,0.033375,0.017794127,1.0,,,,,,,,,,,,,,,,,,,,,,,,,,,,,,,,,,,,,,,,,,,,
90.0,-0.002370835659330847,0.03871256113052368,0.0005792379379272461,1.489946961402893,0.0,0.0003465521,-0.00073068263,1.000579,0.0035175139,-0.0030303802,4.7854082e-05,-0.00031900406,0.0037372112,0.0030272007,0.04602347,0.07959532,0.022744924,0.03375,0.017993925,1.0,,,,,,,,,,,,,,,,,,,,,,,,,,,,,,,,,,,,,,,,,,,,
91.0,-0.002373112213837667,0.0391293466091156,0.0005793571472167969,1.4883815050125122,0.0,0.00036184164,-0.0007432503,1.0005792,0.0036694943,-0.0030162462,4.7121855e-05,-0.0005850792,0.0036098957,0.003001213,-0.06375542,-0.030748056,-0.005975095,0.034125,0.018193722,1.0,,,,,,,,,,,,,,,,,,,,,,,,,,,,,,,,,,,,,,,,,,,,
92.0,-0.002375391205301369,0.03954552486538887,0.0005795955657958984,1.4867981672286987,0.0,0.00037774252,-0.0007557139,1.0005794,0.0038162072,-0.0029912603,4.657211e-05,-0.00039219856,0.003941059,0.0030965805,0.04601882,0.07959428,0.022725848,0.0345,0.018393511,1.0,,,,,,,,,,,,,,,,,,,,,,,,,,,,,,,,,,,,,,,,,,,,
93.0,-0.0023776693755832986,0.0399610735476017,0.000579833984375,1.4851963520050049,0.0,0.00039431104,-0.00076810597,1.0005796,0.0039764442,-0.0029741025,4.6286e-05,-0.0006582737,0.0038135052,0.0030708313,-0.06375821,-0.030758888,-0.0059636733,0.034875,0.018593298,1.0,,,,,,,,,,,,,,,,,,,,,,,,,,,,,,,,,,,,,,,,,,,,
94.0,-0.0023799487955022285,0.04037592560052872,0.0005799531936645508,1.4835762977600098,0.0,0.00041152522,-0.0007803814,1.0005798,0.0041314084,-0.0029460934,4.563179e-05,-0.00046563148,0.0041446686,0.0031661987,0.046014175,0.079593234,0.022706777,0.03525,0.01879308,1.0,,,,,,,,,,,,,,,,,,,,,,,,,,,,,,,,,,,,,,,,,,,,
95.0,-0.0023822269360517113,0.04079017788171768,0.0005801916122436523,1.4819375276565552,0.0,0.00042944145,-0.0007925727,1.00058,0.0042998935,-0.0029259117,4.5000103e-05,-0.0007317066,0.004017353,0.003140211,-0.06376098,-0.030769713,-0.0059522497,0.035625,0.018992856,1.0,,,,,,,,,,,,,,,,,,,,,,,,,,,,,,,,,,,,,,,,,,,,
96.0,-0.0023845070654990893,0.04120367765426636,0.0005803108215332031,1.4802801609039307,0.0,0.00044803772,-0.00080463465,1.0005802,0.004463105,-0.0028948786,4.479521e-05,-0.000538826,0.004348278,0.0032355785,0.046009526,0.07959219,0.022687709,0.036,0.019192629,1.0,,,,,,,,,,,,,,,,,,,,,,,,,,,,,,,,,,,,,,,,,,,,
97.0,-0.0023867853485061343,0.04161650314927101,0.0005805492401123047,1.478603720664978,0.0,0.00046737035,-0.0008166,1.0005803,0.004639833,-0.002871672,4.405587e-05,-0.0008049011,0.0042209625,0.0032098293,-0.06376375,-0.030780533,-0.005940824,0.036375,0.019392395,1.0,,,,,,,,,,,,,,,,,,,,,,,,,,,,,,,,,,,,,,,,,,,,
98.0,-0.0023890653060548695,0.042028553783893585,0.0005806684494018555,1.4769082069396973,0.0,0.0004874174,-0.00082842336,1.0005805,0.0048112846,-0.0028376146,4.387652e-05,-0.0006122589,0.0045518875,0.0033049583,0.04600488,0.07959115,0.022668645,0.03675,0.019592158,1.0,,,,,,,,,,,,,,,,,,,,,,,,,,,,,,,,,,,,,,,,,,,,
99.0,-0.0023913433841013087,0.042439915239810944,0.000580906867980957,1.4751936197280884,0.0,0.00050823507,-0.0008401375,1.0005807,0.0049962504,-0.0028113828,4.3129003e-05,-0.00087833405,0.004424572,0.0032792091,-0.063766524,-0.03079135,-0.0059293956,0.037125,0.019791916,1.0,,,,,,,,,,,,,,,,,,,,,,,,,,,,,,,,,,,,,,,,,,,,
100.0,-0.002393623107049995,0.04285049065947533,0.0005810260772705078,1.4734594821929932,0.0,0.0005298015,-0.00085169706,1.0005809,0.0051759365,-0.0027743003,4.2951837e-05,-0.0006854534,0.004755497,0.0033743382,0.046000235,0.0795901,0.022649584,0.0375,0.019991668,1.0,,,,,,,,,,,,,,,,,,,,,,,,,,,,,,,,,,,,,,,,,,,,
101.0,-0.00239590033681354,0.04326027259230614,0.0005812644958496094,1.4717059135437012,0.0,0.0005521729,-0.00086313474,1.000581,0.0053691342,-0.0027450426,4.2201642e-05,-0.00095176697,0.004627943,0.003348589,-0.06376928,-0.03080216,-0.0059179654,0.037875,0.020191416,1.0,,,,,,,,,,,,,,,,,,,,,,,,,,,,,,,,,,,,,,,,,,,,
102.0,-0.002398179222515223,0.043669264763593674,0.0005813837051391602,1.4699327945709229,0.0,0.00057532726,-0.00087440526,1.0005813,0.005557049,-0.0027049344,4.2025367e-05,-0.00075888634,0.0049591064,0.003443718,0.045995586,0.079589054,0.022630528,0.03825,0.020391157,1.0,,,,,,,,,,,,,,,,,,,,,,,,,,,,,,,,,,,,,,,,,,,,
103.0,-0.0024004558665820493,0.04407742619514465,0.0005816221237182617,1.468139886856079,0.0,0.0005993209,-0.0008855413,1.0005814,0.005758473,-0.0026726504,4.127279e-05,-0.0010249615,0.0048315525,0.0034177303,-0.06377204,-0.030812968,-0.005906533,0.038625,0.020590896,1.0,,,,,,,,,,,,,,,,,,,,,,,,,,,,,,,,,,,,,,,,,,,,
104.0,-0.002402734175085281,0.04448477178812027,0.0005817413330078125,1.4663268327713013,0.0,0.00062413176,-0.00089649763,1.0005816,0.005954611,-0.0026295162,4.109734e-05,-0.00083231926,0.0051624775,0.0035128593,0.04599094,0.07958801,0.022611475,0.039,0.020790627,1.0,,,,,,,,,,,,,,,,,,,,,,,,,,,,,,,,,,,,,,,,,,,,
105.0,-0.002405008569240121,0.04489123821258545,0.0005818605422973633,1.4644936323165894,0.0,0.0006498162,-0.00090730685,1.0005817,0.0061642556,-0.002594205,4.03424e-05,-0.0010983944,0.0050349236,0.0034871101,-0.063774794,-0.030823769,-0.0058950987,0.039375,0.020990355,1.0,,,,,,,,,,,,,,,,,,,,,,,,,,,,,,,,,,,,,,,,,,,,
106.0,-0.0024072854165922523,0.04529685154557228,0.0005820989608764648,1.462640404701233,0.0,0.00067635207,-0.0009179237,1.0005819,0.0063686105,-0.0025480443,4.0167775e-05,-0.0009057522,0.0053658485,0.0035822392,0.045986295,0.07958696,0.022592425,0.03975,0.021190077,1.0,,,,,,,,,,,,,,,,,,,,,,,,,,,,,,,,,,,,,,,,,,,,
107.0,-0.002409558640843585,0.04570155218243599,0.0005822181701660156,1.4607669115066528,0.0,0.0007037957,-0.00092838076,1.0005821,0.006586472,-0.0025097053,3.977839e-05,-0.0011718273,0.0052382946,0.0035562515,-0.063777536,-0.030834567,-0.0058836625,0.040125,0.021389794,1.0,,,,,,,,,,,,,,,,,,,,,,,,,,,,,,,,,,,,,,,,,,,,
108.0,-0.002411833639660699,0.04610534757375717,0.0005824089166708291,1.4588730335235596,0.0,0.000732125,-0.00093863293,1.0005822,0.006799036,-0.0024605177,3.9150287e-05,-0.0009791851,0.0055692196,0.0036513805,0.045981646,0.07958592,0.02257338,0.0405,0.021589505,1.0,,,,,,,,,,,,,,,,,,,,,,,,,,,,,,,,,,,,,,,,,,,,
109.0,-0.0024141048045488943,0.04650825262069702,0.000582575798034668,1.4569588899612427,0.0,0.0007613963,-0.00094871275,1.0005825,0.0070251073,-0.0024191504,3.88652e-05,-0.0012452602,0.0054416656,0.003625393,-0.063780285,-0.030845359,-0.005872224,0.040875,0.02178921,1.0,,,,,,,,,,,,,,,,,,,,,,,,,,,,,,,,,,,,,,,,,,,,
110.0,-0.0024163772071652337,0.046910177916288376,0.0005826950073242188,1.4550241231918335,0.0,0.00079158746,-0.000958575,1.0005826,0.007245877,-0.0023669351,3.8212875e-05,-0.001052618,0.0057725906,0.003720522,0.045977,0.079584874,0.022554338,0.04125,0.02198891,1.0,,,,,,,,,,,,,,,,,,,,,,,,,,,,,,,,,,,,,,,,,,,,
111.0,-0.002418645899113513,0.047311149537563324,0.0005828142166137695,1.453068733215332,0.0,0.00082275475,-0.0009682522,1.0005827,0.0074801515,-0.002322539,3.7931306e-05,-0.0013186932,0.0056450367,0.0036945343,-0.06378302,-0.030856146,-0.005860783,0.041625,0.022188606,1.0,,,,,,,,,,,,,,,,,,,,,,,,,,,,,,,,,,,,,,,,,,,,
112.0,-0.002420915615796774,0.047711122781038284,0.0005830526351928711,1.4510928392410278,0.0,0.00085487607,-0.0009776993,1.0005828,0.007709123,-0.0022672948,3.7646347e-05,-0.001126051,0.0059759617,0.0037896633,0.045972355,0.07958382,0.022535302,0.042,0.022388294,1.0,,,,,,,,,,,,,,,,,,,,,,,,,,,,,,,,,,,,,,,,,,,,
113.0,-0.002423181310703563,0.048110105097293854,0.0005831718444824219,1.4490962028503418,0.0,0.00088800775,-0.0009869487,1.000583,0.007951595,-0.0022198695,3.7276364e-05,-0.0013921261,0.0058484077,0.0037636757,-0.063785754,-0.030866928,-0.0058493405,0.042375,0.022587977,1.0,,,,,,,,,,,,,,,,,,,,,,,,,,,,,,,,,,,,,,,,,,,,
114.0,-0.0024254482710221945,0.04850807040929794,0.0005832910537719727,1.447079062461853,0.0,0.00092212757,-0.0009959554,1.0005832,0.008188758,-0.0021615971,3.6644506e-05,-0.0011994839,0.0061790943,0.0038585663,0.04596771,0.07958278,0.022516267,0.04275,0.022787657,1.0,,,,,,,,,,,,,,,,,,,,,,,,,,,,,,,,,,,,,,,,,,,,
115.0,-0.0024277108748937647,0.04890500381588936,0.0005835294723510742,1.4450409412384033,0.0,0.0009572918,-0.0010047518,1.0005833,0.008439423,-0.0021111418,3.6353795e-05,-0.0014657974,0.0060515404,0.0038325787,-0.06378848,-0.030877706,-0.0058378954,0.043125,0.022987328,1.0,,,,,,,,,,,,,,,,,,,,,,,,,,,,,,,,,,,,,,,,,,,,
116.0,-0.002429974206943918,0.04930087924003601,0.000583648681640625,1.4429821968078613,0.0,0.0009934783,-0.0010132928,1.0005835,0.008684777,-0.0020498394,3.6071517e-05,-0.0012729168,0.0063824654,0.0039274693,0.045963064,0.07958173,0.022497237,0.0435,0.023186995,1.0,,,,,,,,,,,,,,,,,,,,,,,,,,,,,,,,,,,,,,,,,,,,
117.0,-0.0024322328653150803,0.049695707857608795,0.0005837678909301758,1.440902829170227,0.0,0.0010307435,-0.0010216109,1.0005836,0.008943625,-0.0019963544,3.5328652e-05,-0.0015392303,0.006254673,0.00390172,-0.0637912,-0.03088848,-0.0058264486,0.043875,0.023386655,1.0,,,,,,,,,,,,,,,,,,,,,,,,,,,,,,,,,,,,,,,,,,,,
118.0,-0.0024344919389414662,0.050089381635189056,0.0005838871002197266,1.4388025999069214,0.0,0.001069065,-0.001029661,1.0005838,0.0091971615,-0.0019320216,3.5152785e-05,-0.0013463497,0.006585598,0.0039966106,0.04595842,0.07958069,0.02247821,0.04425,0.02358631,1.0,,,,,,,,,,,,,,,,,,,,,,,,,,,,,,,,,,,,,,,,,,,,
119.0,-0.0024367467961441914,0.05048202723264694,0.0005840063095092773,1.4366817474365234,0.0,0.0011084991,-0.0010374757,1.0005839,0.009464192,-0.0018755052,3.4750698e-05,-0.0016126633,0.0064578056,0.003970623,-0.06379392,-0.030899247,-0.0058149993,0.044625,0.02378596,1.0,,,,,,,,,,,,,,,,,,,,,,,,,,,,,,,,,,,,,,,,,,,,
120.0,-0.002439002472889768,0.05087347701191902,0.0005842447280883789,1.4345402717590332,0.0,0.0011490238,-0.0010450096,1.000584,0.009725905,-0.001808142,3.4495097e-05,-0.001420021,0.0067887306,0.0040655136,0.045953773,0.07957964,0.022459188,0.045,0.023985602,1.0,,,,,,,,,,,,,,,,,,,,,,,,,,,,,,,,,,,,,,,,,,,,
121.0,-0.0024412523637702384,0.05126383900642395,0.0005843639373779297,1.4323780536651611,0.0,0.001190695,-0.0010522954,1.0005842,0.01000111,-0.0017485942,3.4109566e-05,-0.0016863346,0.0066609383,0.004039526,-0.06379663,-0.03091001,-0.0058035483,0.045375,0.02418524,1.0,,,,,,,,,,,,,,,,,,,,,,,,,,,,,,,,,,,,,,,,,,,,
122.0,-0.0024435029596875865,0.05165297910571098,0.0005844831466674805,1.4301953315734863,0.0,0.0012334908,-0.0010592879,1.0005844,0.010270992,-0.0016782007,3.3482425e-05,-0.001493454,0.0069918633,0.004134178,0.045949124,0.07957859,0.022440169,0.04575,0.024384871,1.0,,,,,,,,,,,,,,,,,,,,,,,,,,,,,,,,,,,,,,,,,,,,
123.0,-0.0024457482218277547,0.052040982991456985,0.0005846023559570312,1.4279922246932983,0.0,0.0012774674,-0.0010660196,1.0005845,0.010554367,-0.0016156207,3.3181946e-05,-0.0017597675,0.006864071,0.0041081905,-0.063799344,-0.030920768,-0.005792095,0.046125,0.024584496,1.0,,,,,,,,,,,,,,,,,,,,,,,,,,,,,,,,,,,,,,,,,,,,
124.0,-0.002447993452723677,0.052427761256694794,0.000584721565246582,1.425768494606018,0.0,0.0013226024,-0.0010724454,1.0005846,0.010832416,-0.0015421949,3.290303e-05,-0.0015668869,0.0071947575,0.004203081,0.045944482,0.07957754,0.022421153,0.0465,0.024784114,1.0,,,,,,,,,,,,,,,,,,,,,,,,,,,,,,,,,,,,,,,,,,,,
125.0,-0.0024502333739182458,0.0528133399784565,0.0005848407745361328,1.4235244989395142,0.0,0.0013689522,-0.0010785979,1.0005847,0.011123953,-0.0014765825,3.2518645e-05,-0.0018334389,0.007066965,0.0041770935,-0.06380204,-0.030931521,-0.0057806396,0.046875,0.024983726,1.0,,,,,,,,,,,,,,,,,,,,,,,,,,,,,,,,,,,,,,,,,,,,
126.0,-0.002452474039891554,0.0531977117061615,0.0005850791931152344,1.421260118484497,0.0,0.0014164946,-0.0010844318,1.0005848,0.011410162,-0.0014001245,3.225969e-05,-0.0016405582,0.00739789,0.0042717457,0.045939837,0.0795765,0.022402143,0.04725,0.025183333,1.0,,,,,,,,,,,,,,,,,,,,,,,,,,,,,,,,,,,,,,,,,,,,
127.0,-0.002454708071265766,0.05358078330755234,0.0005851984024047852,1.4189757108688354,0.0,0.0014652857,-0.0010899795,1.0005851,0.011709856,-0.001331479,3.186846e-05,-0.0019068718,0.0072700977,0.004245758,-0.06380474,-0.03094227,-0.005769182,0.047625,0.025382934,1.0,,,,,,,,,,,,,,,,,,,,,,,,,,,,,,,,,,,,,,,,,,,,
128.0,-0.0024569421224779264,0.053962599486112595,0.0005853176116943359,1.4166713953018188,0.0,0.0015153032,-0.0010951962,1.0005852,0.012004216,-0.0012519892,3.1243453e-05,-0.0017142296,0.0076007843,0.00434041,0.04593519,0.07957545,0.022383135,0.048,0.025582528,1.0,,,,,,,,,,,,,,,,,,,,,,,,,,,,,,,,,,,,,,,,,,,,
129.0,-0.0024591701992117423,0.054343126714229584,0.0005854368209838867,1.4143469333648682,0.0,0.0015666034,-0.0011001141,1.0005853,0.012312062,-0.00118031,3.0936e-05,-0.0019805431,0.007472992,0.0043144226,-0.063807435,-0.030953014,-0.0057577225,0.048375,0.025782114,1.0,,,,,,,,,,,,,,,,,,,,,,,,,,,,,,,,,,,,,,,,,,,,
130.0,-0.0024613978712163414,0.0547223798930645,0.0005855560302734375,1.4120028018951416,0.0,0.0016191641,-0.0011046883,1.0005854,0.012614573,-0.0010977862,3.065951e-05,-0.0017876625,0.0078036785,0.004409075,0.045930546,0.0795744,0.022364132,0.04875,0.025981696,1.0,,,,,,,,,,,,,,,,,,,,,,,,,,,,,,,,,,,,,,,,,,,,
131.0,-0.002463619159264551,0.055100250989198685,0.0005856752395629883,1.4096391201019287,0.0,0.0016730415,-0.001108951,1.0005856,0.012930564,-0.0010230732,3.0268087e-05,-0.0020542145,0.007675886,0.004383087,-0.063810125,-0.030963754,-0.005746261,0.049125,0.02618127,1.0,,,,,,,,,,,,,,,,,,,,,,,,,,,,,,,,,,,,,,,,,,,,
132.0,-0.0024658404170449155,0.0554768331348896,0.0005857944488525391,1.40725576877594,0.0,0.0017282133,-0.0011128574,1.0005857,0.013241217,-0.0009375157,3.0011573e-05,-0.0018613338,0.008006573,0.0044777393,0.0459259,0.079573356,0.022345131,0.0495,0.026380837,1.0,,,,,,,,,,,,,,,,,,,,,,,,,,,,,,,,,,,,,,,,,,,,
133.0,-0.0024680547601557664,0.0558520071208477,0.0005859136581420898,1.404853105545044,0.0,0.0017847356,-0.0011164397,1.0005858,0.0135653475,-0.00085976813,2.9613304e-05,-0.0021278858,0.007878542,0.0044517517,-0.06381281,-0.030974487,-0.0057347976,0.049875,0.026580399,1.0,,,,,,,,,,,,,,,,,,,,,,,,,,,,,,,,,,,,,,,,,,,,
134.0,-0.0024702687147889033,0.05622583627700806,0.0005860328674316406,1.4024313688278198,0.0,0.0018425861,-0.001119653,1.0005859,0.013884136,-0.0007711764,2.9358664e-05,-0.0019350052,0.0082092285,0.004546404,0.045921255,0.079572305,0.022326136,0.05025,0.026779953,1.0,,,,,,,,,,,,,,,,,,,,,,,,,,,,,,,,,,,,,,,,,,,,
135.0,-0.002472478425784834,0.05659825727343559,0.0005861520767211914,1.3999906778335571,0.0,0.0019018211,-0.0011225296,1.000586,0.014216401,-0.0006903938,2.8957798e-05,-0.0022015572,0.008081436,0.0045204163,-0.06381549,-0.030985218,-0.005723332,0.050625,0.026979502,1.0,,,,,,,,,,,,,,,,,,,,,,,,,,,,,,,,,,,,,,,,,,,,
136.0,-0.0024746868630830397,0.056969255208969116,0.0005862712860107422,1.397531270980835,0.0,0.0019624182,-0.0011250245,1.0005862,0.01454332,-0.00059876736,2.8704031e-05,-0.0020112991,0.008412123,0.00461483,0.045273,0.07956835,0.022312345,0.051,0.027179042,1.0,,,,,,,,,,,,,,,,,,,,,,,,,,,,,,,,,,,,,,,,,,,,
137.0,-0.002476889110348112,0.05733884498476982,0.000586390495300293,1.3950532674789429,0.0,0.0020244338,-0.0011271696,1.0005863,0.014883712,-0.00051483954,2.8300587e-05,-0.0022804737,0.008284092,0.0045888424,-0.06446162,-0.030998977,-0.005706367,0.051375,0.027378578,1.0,,,,,,,,,,,,,,,,,,,,,,,,,,,,,,,,,,,,,,,,,,,,
138.0,-0.002479089615414255,0.05770697072148323,0.0005865097045898438,1.3925570249557495,0.0,0.0020878452,-0.0011289194,1.0005864,0.015218754,-0.00041995873,2.8047412e-05,-0.002090454,0.0086147785,0.004683256,0.04526865,0.07956735,0.022293061,0.05175,0.027578104,1.0,,,,,,,,,,,,,,,,,,,,,,,,,,,,,,,,,,,,,,,,,,,,
139.0,-0.002481341253236211,0.05807363986968994,0.0005866289138793945,1.3900424242019653,0.0,0.0021527088,-0.001130306,1.0005865,0.015567268,-0.0003327758,2.7641709e-05,-0.0023596287,0.008486986,0.0046572685,-0.06446399,-0.031009803,-0.0056946026,0.052125,0.027777625,1.0,,,,,,,,,,,,,,,,,,,,,,,,,,,,,,,,,,,,,,,,,,,,
140.0,-0.0024835921204859573,0.05843880772590637,0.0005867481231689453,1.3875099420547485,0.0,0.0022190022,-0.0011312837,1.0005866,0.015910428,-0.00023464032,2.738926e-05,-0.0021693707,0.008817434,0.0047516823,0.045264304,0.079566345,0.02227378,0.0525,0.027977139,1.0,,,,,,,,,,,,,,,,,,,,,,,,,,,,,,,,,,,,,,,,,,,,
141.0,-0.002485844207304163,0.05880249664187431,0.0005868673324584961,1.3849599361419678,0.0,0.0022867818,-0.0011318845,1.0005867,0.016267056,-0.00014420194,2.698127e-05,-0.0024385452,0.008689642,0.0047256947,-0.06446634,-0.031020625,-0.005682836,0.052875,0.028176645,1.0,,,,,,,,,,,,,,,,,,,,,,,,,,,,,,,,,,,,,,,,,,,,
142.0,-0.0024880941817968243,0.0591646209359169,0.0005869865417480469,1.3823922872543335,0.0,0.0023560247,-0.0011320629,1.0005869,0.016618328,-4.2811516e-05,2.6729555e-05,-0.002264738,0.00902009,0.0048201084,0.041328404,0.079546764,0.022288669,0.05325,0.028376145,1.0,,,,,,,,,,,,,,,,,,,,,,,,,,,,,,,,,,,,,,,,,,,,
143.0,-0.0024903364966298368,0.05952521413564682,0.0005870580789633095,1.379807472229004,0.0,0.0024267875,-0.0011318481,1.000587,0.016983064,5.1552197e-05,2.6317763e-05,-0.0025503635,0.008892059,0.004794121,-0.068399325,-0.03105079,-0.0056350986,0.053625,0.028575638,1.0,,,,,,,,,,,,,,,,,,,,,,,,,,,,,,,,,,,,,,,,,,,,
144.0,-0.002492577333738484,0.059884242713451385,0.0005871057510375977,1.3772056102752686,0.0,0.0024990477,-0.0011311917,1.0005871,0.017342435,0.00015753685,2.6065258e-05,-0.0023765564,0.009222746,0.0048885345,0.041325882,0.079546064,0.022267591,0.054,0.028775124,1.0,,,,,,,,,,,,,,,,,,,,,,,,,,,,,,,,,,,,,,,,,,,,
145.0,-0.0024948101406642195,0.06024167686700821,0.0005872249603271484,1.3745871782302856,0.0,0.0025728613,-0.001130123,1.0005871,0.017715266,0.00025649494,2.5651712e-05,-0.0026624203,0.009094715,0.0048623085,-0.06839982,-0.031062251,-0.0056215283,0.054375,0.028974602,1.0,,,,,,,,,,,,,,,,,,,,,,,,,,,,,,,,,,,,,,,,,,,,
146.0,-0.002497041080805609,0.0605975016951561,0.0005873441696166992,1.3719524145126343,0.0,0.002648206,-0.0011285935,1.0005872,0.018082734,0.0003670739,2.5767296e-05,-0.0024886131,0.009425402,0.0049567223,0.041323356,0.07954536,0.022246517,0.05475,0.029174073,1.0,,,,,,,,,,,,,,,,,,,,,,,,,,,,,,,,,,,,,,,,,,,,
147.0,-0.0024992639536533566,0.06095168739557266,0.00058746337890625,1.3693010807037354,0.0,0.0027251379,-0.0011266326,1.0005873,0.018463654,0.0004706252,2.5265417e-05,-0.0027742386,0.0092971325,0.0049307346,-0.0684003,-0.031073706,-0.005607957,0.055125,0.029373536,1.0,,,,,,,,,,,,,,,,,,,,,,,,,,,,,,,,,,,,,,,,,,,,
148.0,-0.002501484619993271,0.061304252594709396,0.0005875825881958008,1.3666341304779053,0.0,0.0028036346,-0.0011241918,1.0005875,0.018839207,0.0005857956,2.5033585e-05,-0.0026004314,0.009627819,0.00502491,0.04132083,0.07954465,0.022225449,0.0555,0.029572992,1.0,,,,,,,,,,,,,,,,,,,,,,,,,,,,,,,,,,,,,,,,,,,,
149.0,-0.0025036967263694404,0.06165514513850212,0.0005877017974853516,1.363951325416565,0.0,0.002883752,-0.0011213004,1.0005876,0.019228214,0.0006939397,2.4611316e-05,-0.002886057,0.009499788,0.0049989223,-0.068400785,-0.031085156,-0.005594385,0.055875,0.029772442,1.0,,,,,,,,,,,,,,,,,,,,,,,,,,,,,,,,,,,,,,,,,,,,
150.0,-0.0025059067441228,0.06200435012578964,0.0005878210067749023,1.361253023147583,0.0,0.0029654682,-0.0011179099,1.0005877,0.019611847,0.0008137015,2.4360561e-05,-0.0027122498,0.009830236,0.0050930977,0.041318305,0.07954394,0.022204384,0.05625,0.029971883,1.0,,,,,,,,,,,,,,,,,,,,,,,,,,,,,,,,,,,,,,,,,,,,
151.0,-0.0025081077122052183,0.062351830303668976,0.0005878210067749023,1.3585397005081177,0.0,0.0030488386,-0.0011140498,1.0005878,0.020008933,0.0009264371,2.3940802e-05,-0.0029978752,0.009702206,0.00506711,-0.06840126,-0.031096598,-0.0055808113,0.056625,0.030171316,1.0,,,,,,,,,,,,,,,,,,,,,,,,,,,,,,,,,,,,,,,,,,,,
152.0,-0.0025103060503994874,0.06269758939743042,0.0005879402160644531,1.3558114767074585,0.0,0.0031338413,-0.0011096714,1.0005878,0.02040064,0.0010507894,2.3689221e-05,-0.002824068,0.010032654,0.0051612854,0.041315775,0.079543225,0.022183325,0.057,0.030370744,1.0,,,,,,,,,,,,,,,,,,,,,,,,,,,,,,,,,,,,,,,,,,,,
153.0,-0.002512496409014345,0.06304161250591278,0.0005880594253540039,1.3530688285827637,0.0,0.003220532,-0.0011048043,1.0005879,0.020805802,0.0011681168,2.363563e-05,-0.0031096935,0.009904623,0.0051350594,-0.06840173,-0.031108035,-0.0055672373,0.057375,0.030570162,1.0,,,,,,,,,,,,,,,,,,,,,,,,,,,,,,,,,,,,,,,,,,,,
154.0,-0.002514682990244488,0.06338384002447128,0.0005881786346435547,1.3503117561340332,0.0,0.0033088888,-0.0010993999,1.000588,0.021205578,0.0012970583,2.3297871e-05,-0.0029358864,0.010235071,0.0052292347,0.041313246,0.07954252,0.022162268,0.05775,0.030769574,1.0,,,,,,,,,,,,,,,,,,,,,,,,,,,,,,,,,,,,,,,,,,,,
155.0,-0.0025168613325416743,0.06372430920600891,0.0005882978439331055,1.3475406169891357,0.0,0.0033989672,-0.0010934875,1.0005882,0.021618802,0.0014189744,2.2894665e-05,-0.0032215118,0.010106802,0.005203247,-0.0684022,-0.031119466,-0.005553662,0.058125,0.030968977,1.0,,,,,,,,,,,,,,,,,,,,,,,,,,,,,,,,,,,,,,,,,,,,
156.0,-0.0025190356818074484,0.06406296044588089,0.00058832170907408,1.3447558879852295,0.0,0.0034907449,-0.0010870188,1.0005883,0.022026641,0.0015525048,2.263873e-05,-0.0030477047,0.010437489,0.005297184,0.041310713,0.07954181,0.022141216,0.0585,0.031168373,1.0,,,,,,,,,,,,,,,,,,,,,,,,,,,,,,,,,,,,,,,,,,,,
157.0,-0.002521200758613394,0.06439976394176483,0.0005884170532226562,1.3419575691223145,0.0,0.0035842778,-0.0010800229,1.0005884,0.022447927,0.0016790095,2.2214388e-05,-0.0033333302,0.010309219,0.0052711964,-0.06840267,-0.03113089,-0.0055400855,0.058875,0.03136776,1.0,,,,,,,,,,,,,,,,,,,,,,,,,,,,,,,,,,,,,,,,,,,,
158.0,-0.0025233630835651984,0.06473472714424133,0.000588536262512207,1.3391460180282593,0.0,0.0036795437,-0.0010724515,1.0005884,0.022863822,0.0018171277,2.1963175e-05,-0.003159523,0.0106396675,0.0053651333,0.04130818,0.079541095,0.02212017,0.05925,0.03156714,1.0,,,,,,,,,,,,,,,,,,,,,,,,,,,,,,,,,,,,,,,,,,,,
159.0,-0.002525515726225716,0.065067820250988,0.0005886554718017578,1.336321473121643,0.0,0.0037765985,-0.001064334,1.0005885,0.023293165,0.0019482214,2.1903703e-05,-0.0034451485,0.010511398,0.0053391457,-0.068403125,-0.031142307,-0.005526508,0.059625,0.03176651,1.0,,,,,,,,,,,,,,,,,,,,,,,,,,,,,,,,,,,,,,,,,,,,
160.0,-0.0025276645509546163,0.06539902836084366,0.0005887270090170205,1.3334842920303345,0.0,0.00387542,-0.0010556218,1.0005887,0.02371711,0.0020909258,2.1566619e-05,-0.0032713413,0.010842085,0.0054330826,0.041305646,0.07954038,0.022099128,0.06,0.031965878,1.0,,,,,,,,,,,,,,,,,,,,,,,,,,,,,,,,,,,,,,,,,,,,
161.0,-0.00252980346540371,0.06572835147380829,0.0005887746810913086,1.3306347131729126,0.0,0.003976064,-0.0010463442,1.0005888,0.024154497,0.002226605,2.1157462e-05,-0.0035569668,0.010713816,0.005407095,-0.06840359,-0.031153718,-0.00551293,0.060375,0.032165233,1.0,,,,,,,,,,,,,,,,,,,,,,,,,,,,,,,,,,,,,,,,,,,,
162.0,-0.0025319390961381907,0.06605570018291473,0.0005888938903808594,1.3277729749679565,0.0,0.0040785074,-0.001036453,1.0005888,0.024586488,0.0023738956,2.0902215e-05,-0.0033831596,0.011044264,0.0055007935,0.04130311,0.079539664,0.02207809,0.06075,0.03236458,1.0,,,,,,,,,,,,,,,,,,,,,,,,,,,,,,,,,,,,,,,,,,,,
163.0,-0.0025340644747070475,0.06638113409280777,0.0005890130996704102,1.3248993158340454,0.0,0.004182807,-0.0010259773,1.0005889,0.02503192,0.002514162,2.083983e-05,-0.003668785,0.010915995,0.005474806,-0.068404034,-0.031165125,-0.0054993504,0.061125,0.03256392,1.0,,,,,,,,,,,,,,,,,,,,,,,,,,,,,,,,,,,,,,,,,,,,
164.0,-0.0025361853862252586,0.06670455634593964,0.0005890130996704102,1.3220138549804688,0.0,0.00428894,-0.0010148688,1.000589,0.025471948,0.0026660368,2.0502961e-05,-0.003494978,0.011246443,0.0055687428,0.041300572,0.07953895,0.022057056,0.0615,0.032763254,1.0,,,,,,,,,,,,,,,,,,,,,,,,,,,,,,,,,,,,,,,,,,,,
165.0,-0.002538296897465912,0.0670260488986969,0.0005891323089599609,1.3191170692443848,0.0,0.0043969625,-0.0010031568,1.000589,0.025925413,0.0028108868,2.0089898e-05,-0.0037806034,0.011117935,0.0055425167,-0.06840448,-0.031176524,-0.0054857703,0.061875,0.03296258,1.0,,,,,,,,,,,,,,,,,,,,,,,,,,,,,,,,,,,,,,,,,,,,
166.0,-0.0025404043453001977,0.06734548509120941,0.0005892515182495117,1.3162091970443726,0.0,0.004506852,-0.0009907929,1.0005891,0.026373476,0.0029673472,2.0203004e-05,-0.0036067963,0.011448383,0.0056364536,0.041298036,0.07953823,0.022036027,0.06225,0.033161893,1.0,,,,,,,,,,,,,,,,,,,,,,,,,,,,,,,,,,,,,,,,,,,,
167.0,-0.0025425012699166706,0.06766294687986374,0.0005892515182495117,1.3132903575897217,0.0,0.0046186643,-0.0009778063,1.0005893,0.026834968,0.0031167804,1.9682404e-05,-0.0038924217,0.011320114,0.0056102276,-0.06840493,-0.031187916,-0.005472189,0.062625,0.0333612,1.0,,,,,,,,,,,,,,,,,,,,,,,,,,,,,,,,,,,,,,,,,,,,
168.0,-0.002544593107005123,0.06797827780246735,0.0005893707275390625,1.3103606700897217,0.0,0.0047323774,-0.00096414867,1.0005893,0.027291056,0.0032778222,1.945261e-05,-0.0037186146,0.011650562,0.0057041645,0.041295495,0.07953752,0.022015002,0.063,0.0335605,1.0,,,,,,,,,,,,,,,,,,,,,,,,,,,,,,,,,,,,,,,,,,,,
169.0,-0.002546675047900754,0.06829160451889038,0.0005894899368286133,1.3074206113815308,0.0,0.004848046,-0.0009498493,1.0005894,0.027760576,0.00343184,1.9378465e-05,-0.00400424,0.011522293,0.0056779385,-0.06840537,-0.031199303,-0.0054586064,0.063375,0.03375979,1.0,,,,,,,,,,,,,,,,,,,,,,,,,,,,,,,,,,,,,,,,,,,,
170.0,-0.002548751074253383,0.06860282272100449,0.0005894899368286133,1.304470419883728,0.0,0.004965649,-0.0009348599,1.0005895,0.02822468,0.003597463,1.9043655e-05,-0.003830433,0.011852503,0.005771637,0.041292954,0.0795368,0.021993982,0.06375,0.033959072,1.0,,,,,,,,,,,,,,,,,,,,,,,,,,,,,,,,,,,,,,,,,,,,
171.0,-0.002550817052387595,0.06891192495822906,0.0005896091461181641,1.301509976387024,0.0,0.0050852415,-0.0009192097,1.0005895,0.028702214,0.0037560614,1.862433e-05,-0.0041160583,0.011724234,0.0057456493,-0.0684058,-0.031210683,-0.005445023,0.064125,0.034158345,1.0,,,,,,,,,,,,,,,,,,,,,,,,,,,,,,,,,,,,,,,,,,,,
172.0,-0.0025528779235756156,0.06921891868114471,0.0005896806833334267,1.2985398769378662,0.0,0.0052068015,-0.0009028502,1.0005896,0.029174337,0.003926267,1.8738197e-05,-0.003942251,0.012054682,0.005839348,0.041290414,0.07953608,0.021972965,0.0645,0.03435761,1.0,,,,,,,,,,,,,,,,,,,,,,,,,,,,,,,,,,,,,,,,,,,,
173.0,-0.002554926806948921,0.06952375918626785,0.0005897283554077148,1.2955600023269653,0.0,0.0053303842,-0.0008858108,1.0005897,0.02965988,0.004089446,1.8211651e-05,-0.0042278767,0.011926174,0.005813122,-0.06840623,-0.031222058,-0.005431439,0.064875,0.03455687,1.0,,,,,,,,,,,,,,,,,,,,,,,,,,,,,,,,,,,,,,,,,,,,
174.0,-0.002556971220225212,0.06982642412185669,0.0005898475646972656,1.2925708293914795,0.0,0.0054559675,-0.0008680432,1.0005897,0.030140005,0.0042642294,1.7982544e-05,-0.0040540695,0.012256622,0.0059068203,0.04128787,0.079535365,0.021951953,0.06525,0.034756117,1.0,,,,,,,,,,,,,,,,,,,,,,,,,,,,,,,,,,,,,,,,,,,,
175.0,-0.0025590043030648945,0.07012689113616943,0.0005899191019125283,1.2895722389221191,0.0,0.0055836076,-0.0008495766,1.0005898,0.03063356,0.0044319895,1.7902463e-05,-0.004339695,0.012128115,0.0058805943,-0.06840666,-0.031233426,-0.0054178536,0.065625,0.034955356,1.0,,,,,,,,,,,,,,,,,,,,,,,,,,,,,,,,,,,,,,,,,,,,
176.0,-0.002561031377737699,0.07042516767978668,0.0005899667739868164,1.2865644693374634,0.0,0.005713281,-0.0008303626,1.00059,0.031121684,0.0046113515,1.7568347e-05,-0.004165888,0.012458563,0.0059742928,0.041285325,0.07953464,0.021930946,0.066,0.035154585,1.0,,,,,,,,,,,,,,,,,,,,,,,,,,,,,,,,,,,,,,,,,,,,
177.0,-0.002563046922406174,0.07072119414806366,0.0005900859832763672,1.2835479974746704,0.0,0.0058450447,-0.0008104306,1.00059,0.03162323,0.004783689,1.714309e-05,-0.0044515133,0.012330055,0.0059480667,-0.06840708,-0.031244788,-0.005404267,0.066375,0.03535381,1.0,,,,,,,,,,,,,,,,,,,,,,,,,,,,,,,,,,,,,,,,,,,,
178.0,-0.0025650569294643566,0.07101500034332275,0.0005900859832763672,1.2805225849151611,0.0,0.0059788753,-0.00078973215,1.0005901,0.032119356,0.0049676304,1.7257642e-05,-0.004277706,0.012660265,0.006041527,0.04128278,0.07953392,0.021909943,0.06675,0.03555302,1.0,,,,,,,,,,,,,,,,,,,,,,,,,,,,,,,,,,,,,,,,,,,,
179.0,-0.0025670550050479906,0.07130651921033859,0.000590205192565918,1.2774885892868042,0.0,0.006114829,-0.00076829654,1.0005901,0.032628894,0.005144545,1.6725171e-05,-0.0045633316,0.012531757,0.006015539,-0.0684075,-0.031256143,-0.00539068,0.067125,0.035752226,1.0,,,,,,,,,,,,,,,,,,,,,,,,,,,,,,,,,,,,,,,,,,,,
180.0,-0.0025690469031358376,0.07159574329853058,0.0005902767297811806,1.2744461297988892,0.0,0.006252883,-0.0007460754,1.0005902,0.033133008,0.005333063,1.686465e-05,-0.0043895245,0.0128622055,0.0061089993,0.041280232,0.0795332,0.021888943,0.0675,0.03595142,1.0,,,,,,,,,,,,,,,,,,,,,,,,,,,,,,,,,,,,,,,,,,,,
181.0,-0.002571026263362639,0.07188266515731812,0.0005903244018554688,1.271394968032837,0.0,0.0063930936,-0.0007230981,1.0005903,0.03365053,0.005514554,1.6324408e-05,-0.00467515,0.012733698,0.0060830116,-0.06840791,-0.031267494,-0.0053770915,0.067875,0.036150604,1.0,,,,,,,,,,,,,,,,,,,,,,,,,,,,,,,,,,,,,,,,,,,,
182.0,-0.002572999826084537,0.0721672773361206,0.0005903959390707314,1.2683358192443848,0.0,0.006535438,-0.00069931627,1.0005903,0.03416262,0.005707646,1.609758e-05,-0.004501343,0.013063908,0.0061762333,0.041277684,0.079532474,0.02186795,0.06825,0.036349785,1.0,,,,,,,,,,,,,,,,,,,,,,,,,,,,,,,,,,,,,,,,,,,,
183.0,-0.0025749608906417295,0.07244954258203506,0.0005904436111450195,1.2652684450149536,0.0,0.0066799717,-0.00067475915,1.0005904,0.034688126,0.0058937147,1.6009275e-05,-0.004786968,0.0129354,0.0061502457,-0.06840832,-0.031278837,-0.005363502,0.068625,0.03654895,1.0,,,,,,,,,,,,,,,,,,,,,,,,,,,,,,,,,,,,,,,,,,,,
184.0,-0.0025769160470416647,0.07272941619157791,0.0005905151483602822,1.262192964553833,0.0,0.0068266727,-0.0006493784,1.0005904,0.03520819,0.00609138,1.5676158e-05,-0.0046129227,0.01326561,0.0062434673,0.041275132,0.07953175,0.02184696,0.069,0.03674811,1.0,,,,,,,,,,,,,,,,,,,,,,,,,,,,,,,,,,,,,,,,,,,,
185.0,-0.0025788574203462035,0.07300690561532974,0.0005905628204345703,1.259109616279602,0.0,0.0069755963,-0.0006232033,1.0005906,0.035741672,0.006282023,1.5610878e-05,-0.004899025,0.013137102,0.0062174797,-0.06840872,-0.031290174,-0.0053499117,0.069375,0.036947258,1.0,,,,,,,,,,,,,,,,,,,,,,,,,,,,,,,,,,,,,,,,,,,,
186.0,-0.002580792671860825,0.07328198850154877,0.000590634357649833,1.2560184001922607,0.0,0.00712672,-0.0005961855,1.0005906,0.036269706,0.006484262,1.5272124e-05,-0.004724741,0.013467312,0.0063107014,0.04127258,0.07953103,0.021825973,0.06975,0.0371464,1.0,,,,,,,,,,,,,,,,,,,,,,,,,,,,,,,,,,,,,,,,,,,,
187.0,-0.00258271514947418,0.07355467230081558,0.0005906820297241211,1.252919316291809,0.0,0.0072800997,-0.0005683544,1.0005907,0.036811154,0.0066794786,1.5206247e-05,-0.0050108433,0.013338804,0.0062847137,-0.06840912,-0.031301506,-0.0053363205,0.070125,0.03734553,1.0,,,,,,,,,,,,,,,,,,,,,,,,,,,,,,,,,,,,,,,,,,,,
188.0,-0.002584630503465818,0.07382486015558243,0.0005907535669393837,1.249812364578247,0.0,0.007435713,-0.0005396615,1.0005907,0.03734715,0.0068862895,1.4867402e-05,-0.0048365593,0.013669014,0.0063779354,0.04127003,0.0795303,0.021804992,0.0705,0.037544653,1.0,,,,,,,,,,,,,,,,,,,,,,,,,,,,,,,,,,,,,,,,,,,,
189.0,-0.0025865328755011784,0.07409264147281647,0.0005908012390136719,1.2466976642608643,0.0,0.0075936154,-0.0005101362,1.0005908,0.037896555,0.007086078,1.4799629e-05,-0.0051226616,0.013540506,0.0063517094,-0.06840952,-0.03131283,-0.0053227283,0.070875,0.037743766,1.0,,,,,,,,,,,,,,,,,,,,,,,,,,,,,,,,,,,,,,,,,,,,
190.0,-0.0025884279602708927,0.07435790449380875,0.0005908727762289345,1.2435753345489502,0.0,0.007753784,-0.00047973008,1.0005908,0.038440507,0.00729746,1.4460995e-05,-0.0049483776,0.013870716,0.006444931,0.041267477,0.07952957,0.021784015,0.07125,0.037942868,1.0,,,,,,,,,,,,,,,,,,,,,,,,,,,,,,,,,,,,,,,,,,,,
191.0,-0.0025903091596736717,0.07462064176797867,0.0005909204483032227,1.2404453754425049,0.0,0.007916275,-0.0004484725,1.0005909,0.03899787,0.0075018196,1.4391255e-05,-0.00523448,0.01374197,0.0064189434,-0.068409905,-0.03132415,-0.005309135,0.071625,0.038141962,1.0,,,,,,,,,,,,,,,,,,,,,,,,,,,,,,,,,,,,,,,,,,,,
192.0,-0.0025921836100534614,0.07488087564706802,0.0005909919855184853,1.2373075485229492,0.0,0.0080810655,-0.00041631513,1.0005909,0.03954977,0.0077177715,1.4052852e-05,-0.005060196,0.01407218,0.0065119267,0.04126492,0.079528846,0.021763042,0.072,0.038341045,1.0,,,,,,,,,,,,,,,,,,,,,,,,,,,,,,,,,,,,,,,,,,,,
193.0,-0.0025940439114259316,0.07513856887817383,0.0005910396575927734,1.2341623306274414,0.0,0.008248212,-0.0003832872,1.000591,0.040115077,0.007926702,1.398114e-05,-0.005346298,0.013943434,0.006485939,-0.06841029,-0.031335462,-0.005295541,0.072375,0.038540117,1.0,,,,,,,,,,,,,,,,,,,,,,,,,,,,,,,,,,,,,,,,,,,,
194.0,-0.0025958969474581483,0.0753936916589737,0.0005911111948080361,1.2310092449188232,0.0,0.008417691,-0.00034934044,1.000591,0.040674925,0.008147222,1.3642968e-05,-0.0051720142,0.0142736435,0.0065789223,0.041262362,0.079528116,0.021742074,0.07275,0.038739182,1.0,,,,,,,,,,,,,,,,,,,,,,,,,,,,,,,,,,,,,,,,,,,,
195.0,-0.002597736178724303,0.07564621418714523,0.0005911588668823242,1.2278486490249634,0.0,0.008589558,-0.0003145041,1.0005912,0.041248173,0.00836072,1.3569287e-05,-0.0054581165,0.014144897,0.0065529346,-0.06841068,-0.03134677,-0.005281946,0.073125,0.03893824,1.0,,,,,,,,,,,,,,,,,,,,,,,,,,,,,,,,,,,,,,,,,,,,
196.0,-0.0025995672320232384,0.07589615881443024,0.0005912304040975869,1.2246803045272827,0.0,0.008763791,-0.00027872992,1.0005912,0.041815955,0.008585808,1.3231344e-05,-0.0052838326,0.014475346,0.006645918,0.041259807,0.079527386,0.02172111,0.0735,0.039137285,1.0,,,,,,,,,,,,,,,,,,,,,,,,,,,,,,,,,,,,,,,,,,,,
197.0,-0.0026013836629811588,0.07614345103502274,0.000591278076171875,1.2215042114257812,0.0,0.008940446,-0.0002420471,1.0005913,0.042397138,0.008803874,1.3155695e-05,-0.005569935,0.014346361,0.006619692,-0.06841106,-0.031358067,-0.00526835,0.073875,0.03933632,1.0,,,,,,,,,,,,,,,,,,,,,,,,,,,,,,,,,,,,,,,,,,,,
198.0,-0.0026031928765031204,0.07638812810182571,0.0005913496133871377,1.218320369720459,0.0,0.0091194995,-0.00020440739,1.0005913,0.04297285,0.009033528,1.2817984e-05,-0.005395651,0.014676571,0.006712675,0.041257247,0.079526655,0.02170015,0.07425,0.039535344,1.0,,,,,,,,,,,,,,,,,,,,,,,,,,,,,,,,,,,,,,,,,,,,
199.0,-0.00260498743034635,0.07663010060787201,0.0005913496133871377,1.2151286602020264,0.0,0.009301008,-0.00016584006,1.0005914,0.04356196,0.009256161,1.27403655e-05,-0.005681753,0.014547825,0.0066866875,-0.06841143,-0.031369362,-0.005254753,0.074625,0.03973436,1.0,,,,,,,,,,,,,,,,,,,,,,,,,,,,,,,,,,,,,,,,,,,,
200.0,-0.0026067734214233616,0.076869435608387,0.0005914688226766884,1.2119290828704834,0.0,0.009484948,-0.0001262968,1.0005914,0.0441456,0.009490381,1.2402885e-05,-0.005507469,0.014878035,0.0067796707,0.041254684,0.079525925,0.021679195,0.075,0.039933365,1.0,,,,,,,,,,,,,,,,,,,,,,,,,,,,,,,,,,,,,,,,,,,,
201.0,-0.002608544804023972,0.0771060436964035,0.0005914688226766884,1.2087215185165405,0.0,0.009671375,-8.5806896e-05,1.0005915,0.04474263,0.009717579,1.23233e-05,-0.0057935715,0.014749289,0.0067534447,-0.0684118,-0.03138065,-0.0052411547,0.075375,0.040132362,1.0,,,,,,,,,,,,,,,,,,,,,,,,,,,,,,,,,,,,,,,,,,,,
202.0,-0.002610307442876334,0.07733994722366333,0.0005915164947509766,1.2055059671401978,0.0,0.009860268,-4.4322052e-05,1.0005915,0.045334183,0.009956363,1.1986049e-05,-0.0056192875,0.015079498,0.006846428,0.04125212,0.07952519,0.021658244,0.07575,0.04033135,1.0,,,,,,,,,,,,,,,,,,,,,,,,,,,,,,,,,,,,,,,,,,,,
203.0,-0.002612055218405005,0.0775710791349411,0.0005915880319662392,1.2022823095321655,0.0,0.010051681,-1.8715325e-06,1.0005915,0.045939133,0.010188124,1.1904498e-05,-0.00590539,0.014950514,0.006820202,-0.06841216,-0.031391934,-0.005227556,0.076125,0.040530324,1.0,,,,,,,,,,,,,,,,,,,,,,,,,,,,,,,,,,,,,,,,,,,,
204.0,-0.0027567298903070324,0.07779945433139801,0.0005915880319662392,1.1990503072738647,0.0,0.010245591,4.159294e-05,1.0005916,0.046538603,0.010431473,1.193536e-05,-0.005731106,0.015280724,0.0069129467,0.04124956,0.07952446,0.021637298,0.0765,0.040729288,1.0,,,,,,,,,,,,,,,,,,,,,,,,,,,,,,,,,,,,,,,,,,,,
205.0,-0.002758927547266463,0.07802507281303406,0.00059170724125579,1.195810079574585,0.0,0.010442056,8.6042084e-05,1.0005916,0.04715145,0.010667795,1.1397648e-05,-0.006017208,0.015151978,0.006886959,-0.06841253,-0.031403206,-0.005213956,0.076875,0.040928245,1.0,,,,,,,,,,,,,,,,,,,,,,,,,,,,,,,,,,,,,,,,,,,,
206.0,-0.0027611110690194296,0.07824785262346268,0.00059170724125579,1.192561388015747,0.0,0.010641051,0.0001315242,1.0005918,0.047758825,0.010915707,1.1535302e-05,-0.005842924,0.015481949,0.006979704,0.041246995,0.07952372,0.021616355,0.07725,0.04112719,1.0,,,,,,,,,,,,,,,,,,,,,,,,,,,,,,,,,,,,,,,,,,,,
207.0,-0.0027632733366770184,0.07846786081790924,0.0005917549133300781,1.1893043518066406,0.0,0.0108426325,0.00017800998,1.0005918,0.048379574,0.01115659,1.0970628e-05,-0.0061290264,0.015353203,0.0069537163,-0.068412885,-0.031414475,-0.005200355,0.077625,0.041326124,1.0,,,,,,,,,,,,,,,,,,,,,,,,,,,,,,,,,,,,,,,,,,,,
208.0,-0.0027654215428532425,0.0786849707365036,0.0005918264505453408,1.1860383749008179,0.0,0.011046778,0.00022554774,1.0005918,0.04899485,0.011409062,1.11143745e-05,-0.0059547424,0.015683174,0.0070462227,0.04124443,0.07952299,0.021595417,0.078,0.04152505,1.0,,,,,,,,,,,,,,,,,,,,,,,,,,,,,,,,,,,,,,,,,,,,
209.0,-0.0027675482165736977,0.07889929413795471,0.0005918264505453408,1.182763695716858,0.0,0.011253542,0.0002741082,1.0005919,0.0496235,0.011654508,1.0914243e-05,-0.0062408447,0.015554428,0.007020235,-0.068413235,-0.03142574,-0.005186753,0.078375,0.041723963,1.0,,,,,,,,,,,,,,,,,,,,,,,,,,,,,,,,,,,,,,,,,,,,
210.0,-0.002769659992043694,0.07911066710948944,0.000591921794693917,1.1794800758361816,0.0,0.011462904,0.0003237396,1.0005919,0.050246656,0.011911536,1.060435e-05,-0.0060665607,0.0158844,0.0071127415,0.041241862,0.07952225,0.021574484,0.07875,0.041922867,1.0,,,,,,,,,,,,,,,,,,,,,,,,,,,,,,,,,,,,,,,,,,,,
211.0,-0.0027717497969571643,0.07931917905807495,0.0005919456598348916,1.176187515258789,0.0,0.011674917,0.0003744127,1.0005919,0.050883196,0.012161542,1.0508741e-05,-0.006352663,0.015755415,0.007086754,-0.068413585,-0.031437,-0.0051731504,0.079125,0.04212176,1.0,,,,,,,,,,,,,,,,,,,,,,,,,,,,,,,,,,,,,,,,,,,,
212.0,-0.0027738245798359946,0.07952477037906647,0.0005919456598348916,1.172885775566101,0.0,0.01188956,0.0004261757,1.000592,0.051514246,0.01242313,1.0541972e-05,-0.006178379,0.016085625,0.0071792603,0.04123929,0.079521514,0.021553556,0.0795,0.042320643,1.0,,,,,,,,,,,,,,,,,,,,,,,,,,,,,,,,,,,,,,,,,,,,
213.0,-0.002775877148171102,0.0797274112701416,0.0005920648691244423,1.169574499130249,0.0,0.012106887,0.00047899943,1.000592,0.05215866,0.012677691,9.996081e-06,-0.0064644814,0.01595664,0.0071532726,-0.06841393,-0.03144825,-0.0051595466,0.079875,0.042519517,1.0,,,,,,,,,,,,,,,,,,,,,,,,,,,,,,,,,,,,,,,,,,,,
214.0,-0.0027779144593559598,0.07992709428071976,0.0005920648691244423,1.166253685951233,0.0,0.012326878,0.0005329321,1.0005921,0.05279759,0.012943837,1.0134719e-05,-0.0062901974,0.016286612,0.007245779,0.04123672,0.07952078,0.02153263,0.08025,0.042718377,1.0,,,,,,,,,,,,,,,,,,,,,,,,,,,,,,,,,,,,,,,,,,,,
215.0,-0.0027799292356618793,0.08012382686138153,0.0005920648691244423,1.1629232168197632,0.0,0.012549586,0.0005879444,1.0005921,0.053449877,0.013202954,9.5621945e-06,-0.0065762997,0.016157627,0.0072197914,-0.06841427,-0.03145949,-0.005145942,0.080625,0.04291723,1.0,,,,,,,,,,,,,,,,,,,,,,,,,,,,,,,,,,,,,,,,,,,,
216.0,-0.0027819283378491297,0.08031752705574036,0.000592136406339705,1.1595829725265503,0.0,0.012774988,0.00064408465,1.0005921,0.054096676,0.013473655,9.706846e-06,-0.0064020157,0.016487837,0.007312298,0.04123415,0.07952004,0.02151171,0.081,0.043116067,1.0,,,,,,,,,,,,,,,,,,,,,,,,,,,,,,,,,,,,,,,,,,,,
217.0,-0.002783904888627245,0.08050822466611862,0.0005921840784139931,1.1562327146530151,0.0,0.013003142,0.0007013235,1.0005922,0.05475684,0.01373733,9.498882e-06,-0.0066878796,0.016358614,0.007286072,-0.068414606,-0.03147073,-0.005132336,0.081375,0.043314897,1.0,,,,,,,,,,,,,,,,,,,,,,,,,,,,,,,,,,,,,,,,,,,,
218.0,-0.002785864337881479,0.08069590479135513,0.0005921840784139931,1.152872085571289,0.0,0.013234023,0.0007597093,1.0005922,0.055411495,0.014012583,9.189903e-06,-0.006513834,0.016688824,0.007378578,0.04123158,0.0795193,0.021490794,0.08175,0.043513715,1.0,,,,,,,,,,,,,,,,,,,,,,,,,,,,,,,,,,,,,,,,,,,,
219.0,-0.002787801419970299,0.08088049292564392,0.0005922556156292558,1.1495012044906616,0.0,0.013467687,0.00081921264,1.0005922,0.05607952,0.014280812,9.086455e-06,-0.006799698,0.0165596,0.007352352,-0.06841494,-0.031481963,-0.0051187295,0.082125,0.043712523,1.0,,,,,,,,,,,,,,,,,,,,,,,,,,,,,,,,,,,,,,,,,,,,
220.0,-0.002789722071507421,0.08106205612421036,0.0005923032877035439,1.1461199522018433,0.0,0.013704113,0.0008798819,1.0005924,0.056742042,0.014560619,9.120598e-06,-0.0066256523,0.01688981,0.0074448586,0.041229006,0.07951856,0.021469882,0.0825,0.04391132,1.0,,,,,,,,,,,,,,,,,,,,,,,,,,,,,,,,,,,,,,,,,,,,
221.0,-0.0027913784254349166,0.08124048262834549,0.0005923032877035439,1.1427277326583862,0.0,0.013943354,0.00094168773,1.0005924,0.057417918,0.014833399,8.5668835e-06,-0.006911516,0.016760588,0.0074186325,-0.06841526,-0.03149319,-0.005105122,0.082875,0.044110104,1.0,,,,,,,,,,,,,,,,,,,,,,,,,,,,,,,,,,,,,,,,,,,,
222.0,-0.0027930310413322307,0.0814158245921135,0.000592350959777832,1.1393249034881592,0.0,0.014185389,0.0010046784,1.0005924,0.058088288,0.015117759,8.706422e-06,-0.0067374706,0.017090559,0.007511139,0.041226428,0.07951782,0.021448974,0.08325,0.044308882,1.0,,,,,,,,,,,,,,,,,,,,,,,,,,,,,,,,,,,,,,,,,,,,
223.0,-0.0027946658474821847,0.08158807456493378,0.0005923748249188066,1.135910987854004,0.0,0.014430271,0.0010688246,1.0005924,0.058772016,0.015395092,8.493951e-06,-0.0070233345,0.016961575,0.007484913,-0.06841559,-0.03150441,-0.0050915135,0.083625,0.044507645,1.0,,,,,,,,,,,,,,,,,,,,,,,,,,,,,,,,,,,,,,,,,,,,
224.0,-0.00279628349521397,0.08175720274448395,0.0005924224969930947,1.1324859857559204,0.0,0.014677981,0.0011341746,1.0005925,0.05945023,0.015684001,8.5532065e-06,-0.0068490505,0.017291546,0.007577181,0.041223854,0.079517074,0.021428071,0.084,0.044706397,1.0,,,,,,,,,,,,,,,,,,,,,,,,,,,,,,,,,,,,,,,,,,,,
225.0,-0.00279787823911033,0.0819232165813446,0.0005924701690673828,1.12904953956604,0.0,0.014928572,0.0012006991,1.0005925,0.060141798,0.015965883,7.989802e-06,-0.007135153,0.017162323,0.0075511932,-0.06841591,-0.031515624,-0.005077904,0.084375,0.044905137,1.0,,,,,,,,,,,,,,,,,,,,,,,,,,,,,,,,,,,,,,,,,,,,
226.0,-0.0027994555053848704,0.08208611607551575,0.0005924940342083573,1.125601887702942,0.0,0.015182021,0.0012684463,1.0005925,0.06082785,0.01625934,8.131146e-06,-0.006960869,0.017492533,0.007643461,0.041221276,0.07951633,0.021407172,0.08475,0.045103867,1.0,,,,,,,,,,,,,,,,,,,,,,,,,,,,,,,,,,,,,,,,,,,,
227.0,-0.0028007827174490103,0.08224589377641678,0.0005924940342083573,1.1221425533294678,0.0,0.015438385,0.0013373871,1.0005926,0.061527256,0.016545773,7.914452e-06,-0.007246971,0.01736331,0.007617235,-0.06841622,-0.03152683,-0.0050642937,0.085125,0.04530259,1.0,,,,,,,,,,,,,,,,,,,,,,,,,,,,,,,,,,,,,,,,,,,,
228.0,-0.002802092102630184,0.0824025347828865,0.0005925417062826455,1.1186714172363281,0.0,0.01569764,0.0014075695,1.0005926,0.062221132,0.016843775,7.606371e-06,-0.007072687,0.017535925,0.0077106953,0.04151087,0.04178324,0.021659696,0.0855,0.045501295,1.0,,,,,,,,,,,,,,,,,,,,,,,,,,,,,,,,,,,,,,,,,,,,
229.0,-0.0028033777457276703,0.08255608379840851,0.0005925893783569336,1.115188479423523,0.0,0.015959814,0.0014789641,1.0005926,0.06292194,0.017134706,7.606415e-06,-0.0073587894,0.017249584,0.0076856613,-0.06811673,-0.0692616,-0.004794618,0.085875,0.04569999,1.0,,,,,,,,,,,,,,,,,,,,,,,,,,,,,,,,,,,,,,,,,,,,
230.0,-0.0028046455976851376,0.0827065110206604,0.0005926132434979081,1.1116936206817627,0.0,0.01622486,0.0015516189,1.0005926,0.06361079,0.017437156,7.725654e-06,-0.0071845055,0.017422438,0.007778883,0.041506693,0.04180021,0.021656167,0.08625,0.045898676,1.0,,,,,,,,,,,,,,,,,,,,,,,,,,,,,,,,,,,,,,,,,,,,
231.0,-0.002805889509379242,0.08285386860370636,0.0005926609155721962,1.1081864833831787,0.0,0.016492803,0.0016255045,1.0005927,0.06430657,0.01773253,7.627017e-06,-0.0074706078,0.017136097,0.007753849,-0.06811008,-0.06925527,-0.0047983807,0.086625,0.04609735,1.0,,,,,,,,,,,,,,,,,,,,,,,,,,,,,,,,,,,,,,,,,,,,
232.0,-0.0028071157203266722,0.08299810439348221,0.0005926609155721962,1.10466730594635,0.0,0.016763596,0.0017006687,1.0005927,0.064990394,0.01803942,7.3988717e-06,-0.007296324,0.01730895,0.007847071,0.041502517,0.04181717,0.021652631,0.087,0.04629601,1.0,,,,,,,,,,,,,,,,,,,,,,,,,,,,,,,,,,,,,,,,,,,,
233.0,-0.002808318641919021,0.0831393152475357,0.0005927085876464844,1.1011357307434082,0.0,0.017037269,0.0017770822,1.0005927,0.06568115,0.018339237,7.3832766e-06,-0.007582426,0.01702261,0.007822275,-0.06810343,-0.069248945,-0.004802136,0.087375,0.04649466,1.0,,,,,,,,,,,,,,,,,,,,,,,,,,,,,,,,,,,,,,,,,,,,
234.0,-0.0028095029622806694,0.0832773819565773,0.0005927324527874589,1.0975916385650635,0.0,0.017313767,0.0018547929,1.0005927,0.06635996,0.018650569,7.5008534e-06,-0.0074079037,0.017195702,0.007915497,0.041498344,0.041834127,0.02164909,0.08775,0.0466933,1.0,,,,,,,,,,,,,,,,,,,,,,,,,,,,,,,,,,,,,,,,,,,,
235.0,-0.002810664334611852,0.08341243118047714,0.000592780124861747,1.094035029411316,0.0,0.017593125,0.0019337713,1.0005928,0.0670457,0.018954823,7.405716e-06,-0.007694006,0.01690936,0.007890463,-0.06809679,-0.06924262,-0.0048058857,0.088125,0.046891924,1.0,,,,,,,,,,,,,,,,,,,,,,,,,,,,,,,,,,,,,,,,,,,,
236.0,-0.002811807542065787,0.08354441076517105,0.0005928277969360352,1.0904656648635864,0.0,0.01787529,0.0020140654,1.0005928,0.06771949,0.019270588,7.171423e-06,-0.007519722,0.017082453,0.007983685,0.04149417,0.041851074,0.021645544,0.0885,0.04709054,1.0,,,,,,,,,,,,,,,,,,,,,,,,,,,,,,,,,,,,,,,,,,,,
237.0,-0.0028129272646201116,0.08367335051298141,0.0005928277969360352,1.086883544921875,0.0,0.018160291,0.0020956458,1.0005928,0.06840022,0.019579276,7.16038e-06,-0.0078058243,0.016796112,0.007958889,-0.06809015,-0.06923629,-0.0048096287,0.088875,0.047289144,1.0,,,,,,,,,,,,,,,,,,,,,,,,,,,,,,,,,,,,,,,,,,,,
238.0,-0.002814029039819133,0.08379925787448883,0.0005928516620770097,1.083288550376892,0.0,0.018448079,0.0021785602,1.0005928,0.069069006,0.019899476,7.2715666e-06,-0.0076315403,0.016969204,0.008051872,0.041489996,0.041868012,0.021641992,0.08925,0.047487736,1.0,,,,,,,,,,,,,,,,,,,,,,,,,,,,,,,,,,,,,,,,,,,,
239.0,-0.0028151072618489937,0.08392209559679031,0.0005928993341512978,1.0796804428100586,0.0,0.018738681,0.0022627795,1.000593,0.06974472,0.020212598,7.1810364e-06,-0.007917643,0.016683102,0.008027077,-0.06808352,-0.069229975,-0.0048133656,0.089625,0.047686316,1.0,,,,,,,,,,,,,,,,,,,,,,,,,,,,,,,,,,,,,,,,,,,,
240.0,-0.0028161678198050655,0.08404191583395004,0.0005929470062255859,1.0760592222213745,0.0,0.01903205,0.002348351,1.000593,0.0704085,0.020537224,6.9403422e-06,-0.0077433586,0.016856194,0.00812006,0.041485824,0.041884948,0.021638434,0.09,0.04788488,1.0,,,,,,,,,,,,,,,,,,,,,,,,,,,,,,,,,,,,,,,,,,,,
241.0,-0.002817204702082154,0.08415871858596802,0.0005929470062255859,1.0724247694015503,0.0,0.019328214,0.002435246,1.000593,0.07107922,0.020854775,6.9339108e-06,-0.0080292225,0.016570091,0.008095264,-0.068076886,-0.06922366,-0.0048170956,0.090375,0.04808344,1.0,,,,,,,,,,,,,,,,,,,,,,,,,,,,,,,,,,,,,,,,,,,,
242.0,-0.002818223811927851,0.08427252620458603,0.0005929708713665605,1.0687769651412964,0.0,0.019627122,0.002523512,1.000593,0.071738,0.02118383,7.0386986e-06,-0.0078549385,0.016743183,0.008188248,0.041481648,0.04190187,0.021634871,0.09075,0.048281983,1.0,,,,,,,,,,,,,,,,,,,,,,,,,,,,,,,,,,,,,,,,,,,,
243.0,-0.0028192196695872784,0.08438332378864288,0.0005929708713665605,1.065116047859192,0.0,0.019928804,0.0026131195,1.0005931,0.07240372,0.021505805,6.9527778e-06,-0.008141041,0.01645708,0.008163452,-0.06807026,-0.06921735,-0.0048208195,0.091125,0.048480514,1.0,,,,,,,,,,,,,,,,,,,,,,,,,,,,,,,,,,,,,,,,,,,,
244.0,-0.002820197355406111,0.08449111133813858,0.0005930185434408486,1.0614416599273682,0.0,0.02023321,0.0027041165,1.0005931,0.0730575,0.021839282,6.705689e-06,-0.007966757,0.016630411,0.008256435,0.041477475,0.041918788,0.021631304,0.0915,0.048679035,1.0,,,,,,,,,,,,,,,,,,,,,,,,,,,,,,,,,,,,,,,,,,,,
245.0,-0.0028211521508600015,0.08459590375423431,0.0005930662155151367,1.0577538013458252,0.0,0.02054037,0.0027964734,1.0005931,0.073718235,0.02216568,6.7038663e-06,-0.008252859,0.016344309,0.00823164,-0.06806364,-0.069211036,-0.004824537,0.091875,0.04887754,1.0,,,,,,,,,,,,,,,,,,,,,,,,,,,,,,,,,,,,,,,,,,,,
246.0,-0.0028220883127245545,0.08469772338867188,0.0005930900806561112,1.054052472114563,0.0,0.020850232,0.0028902385,1.0005931,0.07436703,0.02250358,6.8022637e-06,-0.008078575,0.01651764,0.008324623,0.041473303,0.041935697,0.02162773,0.09225,0.049076036,1.0,,,,,,,,,,,,,,,,,,,,,,,,,,,,,,,,,,,,,,,,,,,,
247.0,-0.002823002491617672,0.08479656279087067,0.0005930900806561112,1.0503376722335815,0.0,0.021162827,0.0029853818,1.0005932,0.07502278,0.022834398,6.7209494e-06,-0.008364439,0.016231537,0.008299828,-0.06805702,-0.069204725,-0.0048282477,0.092625,0.04927452,1.0,,,,,,,,,,,,,,,,,,,,,,,,,,,,,,,,,,,,,,,,,,,,
248.0,-0.002823897677815512,0.08489245176315308,0.0005931377527303994,1.0466094017028809,0.0,0.021478103,0.0030819515,1.0005932,0.075666584,0.023176711,6.467473e-06,-0.008190155,0.016405106,0.008392811,0.041469134,0.041952603,0.02162415,0.093,0.049472988,1.0,,,,,,,,,,,,,,,,,,,,,,,,,,,,,,,,,,,,,,,,,,,,
249.0,-0.0028247705337814976,0.08498535305261612,0.0005931854248046875,1.0428674221038818,0.0,0.021796094,0.0031799178,1.0005932,0.076317355,0.023511944,6.4702567e-06,-0.008476257,0.016119003,0.008368015,-0.068050414,-0.06919842,-0.0048319525,0.093375,0.04967145,1.0,,,,,,,,,,,,,,,,,,,,,,,,,,,,,,,,,,,,,,,,,,,,
250.0,-0.002825624230828771,0.08507530391216278,0.0005931854248046875,1.0391119718551636,0.0,0.022116745,0.003279329,1.0005932,0.07695619,0.023858676,6.5622717e-06,-0.008301973,0.016292572,0.008460999,0.041464962,0.041969497,0.021620566,0.09375,0.049869895,1.0,,,,,,,,,,,,,,,,,,,,,,,,,,,,,,,,,,,,,,,,,,,,
251.0,-0.002826456470404014,0.08516232669353485,0.000593209289945662,1.0353429317474365,0.0,0.022440085,0.0033801554,1.0005932,0.077601984,0.024198323,6.4855603e-06,-0.008587837,0.01600647,0.008436203,-0.06804381,-0.06919213,-0.0048356503,0.094125,0.050068326,1.0,,,,,,,,,,,,,,,,,,,,,,,,,,,,,,,,,,,,,,,,,,,,
252.0,-0.002827269964302639,0.08524636924266815,0.0005932569620199502,1.0315603017807007,0.0,0.022766069,0.003482445,1.0005933,0.07823584,0.024549466,6.593575e-06,-0.008413792,0.016180038,0.008528948,0.04146079,0.041986383,0.021616975,0.0945,0.050266746,1.0,,,,,,,,,,,,,,,,,,,,,,,,,,,,,,,,,,,,,,,,,,,,
253.0,-0.0028280611233479935,0.08532754331827164,0.0005933046340942383,1.0277642011642456,0.0,0.023094721,0.0035861677,1.0005933,0.07887666,0.024893519,6.1467936e-06,-0.0086996555,0.015894175,0.008504391,-0.06803721,-0.06918582,-0.0048393426,0.094875,0.050465155,1.0,,,,,,,,,,,,,,,,,,,,,,,,,,,,,,,,,,,,,,,,,,,,
254.0,-0.002828833387367411,0.08540572971105576,0.0005933046340942383,1.0239545106887817,0.0,0.023425994,0.0036913722,1.0005933,0.07950555,0.02524907,6.338977e-06,-0.008525372,0.016067743,0.008597136,0.04145662,0.042003263,0.02161338,0.09525,0.05066355,1.0,,,,,,,,,,,,,,,,,,,,,,,,,,,,,,,,,,,,,,,,,,,,
255.0,-0.002829583474550509,0.08548103272914886,0.0005933284992352128,1.0201314687728882,0.0,0.023759916,0.0037980287,1.0005933,0.08014141,0.025597531,6.2418712e-06,-0.008811474,0.01578188,0.00857234,-0.06803061,-0.06917953,-0.004843028,0.095625,0.050861932,1.0,,,,,,,,,,,,,,,,,,,,,,,,,,,,,,,,,,,,,,,,,,,,
256.0,-0.0028297858191313943,0.08555341511964798,0.0005933284992352128,1.0162949562072754,0.0,0.024096439,0.0039061848,1.0005934,0.08076534,0.025957488,6.3493794e-06,-0.00863719,0.015955448,0.008665323,0.04145245,0.042020135,0.021609778,0.096,0.051060304,1.0,,,,,,,,,,,,,,,,,,,,,,,,,,,,,,,,,,,,,,,,,,,,
257.0,-0.0028308825786386026,0.08562292158603668,0.0005934238433837891,1.012445092201233,0.0,0.02443559,0.0040158113,1.0005934,0.08139623,0.02631035,5.905821e-06,-0.008923054,0.015669823,0.008640528,-0.068024024,-0.06917324,-0.004846707,0.096375,0.05125866,1.0,,,,,,,,,,,,,,,,,,,,,,,,,,,,,,,,,,,,,,,,,,,,
258.0,-0.002831044719392435,0.08568951487541199,0.0005934238433837891,1.0085818767547607,0.0,0.02477732,0.0041269558,1.0005934,0.0820152,0.026674708,6.091961e-06,-0.00874877,0.015843391,0.008733273,0.04144828,0.042037003,0.021606172,0.09675,0.051457006,1.0,,,,,,,,,,,,,,,,,,,,,,,,,,,,,,,,,,,,,,,,,,,,
259.0,-0.0028320998800651525,0.08575326949357986,0.0005934238433837891,1.004705548286438,0.0,0.025121657,0.004239589,1.0005934,0.08264114,0.027031975,5.999377e-06,-0.009034872,0.015557766,0.008708477,-0.06801744,-0.06916695,-0.0048503797,0.097125,0.051655337,1.0,,,,,,,,,,,,,,,,,,,,,,,,,,,,,,,,,,,,,,,,,,,,
260.0,-0.002832221127743867,0.08581411838531494,0.0005934477085247636,1.0008158683776855,0.0,0.025468554,0.004353759,1.0005934,0.083255164,0.02740073,6.1005403e-06,-0.008860588,0.015731335,0.008801222,0.04144411,0.04205386,0.02160256,0.0975,0.051853657,1.0,,,,,,,,,,,,,,,,,,,,,,,,,,,,,,,,,,,,,,,,,,,,
261.0,-0.0028332367147407586,0.08587212860584259,0.0005934953805990517,0.9969131350517273,0.0,0.025818039,0.0044694357,1.0005935,0.083876155,0.027762396,6.0294433e-06,-0.009146452,0.015445709,0.008776665,-0.06801085,-0.06916066,-0.004854046,0.097875,0.05205196,1.0,,,,,,,,,,,,,,,,,,,,,,,,,,,,,,,,,,,,,,,,,,,,
262.0,-0.002833317263585354,0.08592728525400162,0.0005935430526733398,0.9929974675178528,0.0,0.02617006,0.004586667,1.0005935,0.08448522,0.028135542,5.7550556e-06,-0.008972168,0.015619516,0.00886941,0.041439943,0.04207071,0.021598943,0.09825,0.052250255,1.0,,,,,,,,,,,,,,,,,,,,,,,,,,,,,,,,,,,,,,,,,,,,
263.0,-0.0028342923079832188,0.0859796330332756,0.0005935430526733398,0.9890689253807068,0.0,0.026524648,0.0047054235,1.0005935,0.08510127,0.028501604,5.773612e-06,-0.00925827,0.015333891,0.008844614,-0.06800428,-0.06915438,-0.0048577054,0.098625,0.052448537,1.0,,,,,,,,,,,,,,,,,,,,,,,,,,,,,,,,,,,,,,,,,,,,
264.0,-0.0028343320584042087,0.08602912724018097,0.0005935430526733398,0.9851276278495789,0.0,0.026881754,0.004825753,1.0005935,0.0857054,0.028879145,5.8434252e-06,-0.009083986,0.015507698,0.008937359,0.041435774,0.04208755,0.02159532,0.099,0.0526468,1.0,,,,,,,,,,,,,,,,,,,,,,,,,,,,,,,,,,,,,,,,,,,,
265.0,-0.0028352668846044374,0.0860758051276207,0.0005935669178143144,0.9811737537384033,0.0,0.027241407,0.0049476265,1.0005935,0.08631651,0.029249595,5.782785e-06,-0.00936985,0.015222073,0.008912563,-0.0679977,-0.06914811,-0.004861359,0.099375,0.052845057,1.0,,,,,,,,,,,,,,,,,,,,,,,,,,,,,,,,,,,,,,,,,,,,
266.0,-0.0028352671600569124,0.08611972630023956,0.0005936145898886025,0.977207362651825,0.0,0.027603555,0.0050710915,1.0005937,0.08691571,0.029631527,5.868541e-06,-0.009195566,0.01539588,0.009005308,0.041431606,0.042104386,0.021591691,0.09975,0.053043295,1.0,,,,,,,,,,,,,,,,,,,,,,,,,,,,,,,,,,,,,,,,,,,,
267.0,-0.0028361615412927903,0.08616079390048981,0.0005936622619628906,0.9732286930084229,0.0,0.02796823,0.005196118,1.0005937,0.08752188,0.030006364,5.437841e-06,-0.0094816685,0.015110493,0.008980751,-0.06799114,-0.06914183,-0.0048650065,0.100125,0.053241525,1.0,,,,,,,,,,,,,,,,,,,,,,,,,,,,,,,,,,,,,,,,,,,,
268.0,-0.002836121067438853,0.086199089884758,0.0005936622619628906,0.9692378044128418,0.0,0.028335381,0.005322754,1.0005937,0.08811614,0.03039268,5.607778e-06,-0.0093073845,0.0152843,0.009073257,0.04142744,0.042121217,0.021588057,0.1005,0.053439736,1.0,,,,,,,,,,,,,,,,,,,,,,,,,,,,,,,,,,,,,,,,,,,,
269.0,-0.0028369752778731254,0.08623460680246353,0.0005936622619628906,0.9652347564697266,0.0,0.028705036,0.0054509705,1.0005937,0.08871739,0.030771906,5.5267506e-06,-0.009593248,0.014998913,0.0090487,-0.06798457,-0.069135554,-0.004868647,0.100875,0.053637937,1.0,,,,,,,,,,,,,,,,,,,,,,,,,,,,,,,,,,,,,,,,,,,,
270.0,-0.0028368949021935807,0.0862673670053482,0.0005937337991781533,0.9612200856208801,0.0,0.029077148,0.0055808146,1.0005937,0.08930673,0.031162605,5.612023e-06,-0.009418964,0.015172958,0.009139538,0.041416995,0.04213394,0.021163447,0.10125,0.053836126,1.0,,,,,,,,,,,,,,,,,,,,,,,,,,,,,,,,,,,,,,,,,,,,
271.0,-0.0028377094833704174,0.08629735559225082,0.0005937337991781533,0.9571936130523682,0.0,0.029451745,0.005712257,1.0005938,0.08990306,0.031546213,5.5524074e-06,-0.009705067,0.014887333,0.009113073,-0.067984425,-0.06913325,-0.005293158,0.101625,0.054034296,1.0,,,,,,,,,,,,,,,,,,,,,,,,,,,,,,,,,,,,,,,,,,,,
272.0,-0.0028375890419225468,0.08632455766201019,0.0005937814712524414,0.9531556963920593,0.0,0.029828776,0.0058453456,1.0005938,0.090487465,0.031941287,5.262154e-06,-0.009530783,0.0150613785,0.009203911,0.041412983,0.042150605,0.021159992,0.102,0.05423246,1.0,,,,,,,,,,,,,,,,,,,,,,,,,,,,,,,,,,,,,,,,,,,,
273.0,-0.0028383640261361964,0.08634908497333527,0.0005937814712524414,0.9491064548492432,0.0,0.030208271,0.005980051,1.0005938,0.09107888,0.032329272,5.2921882e-06,-0.009816647,0.014775991,0.009177446,-0.0679781,-0.06912675,-0.005296595,0.102375,0.054430604,1.0,,,,,,,,,,,,,,,,,,,,,,,,,,,,,,,,,,,,,,,,,,,,
274.0,-0.002838203721982996,0.08637084811925888,0.0005937814712524414,0.9450462460517883,0.0,0.03059018,0.006116421,1.0005938,0.091658376,0.032728728,5.346144e-06,-0.009642601,0.014950037,0.009268284,0.041408975,0.042167265,0.02115653,0.10275,0.054628737,1.0,,,,,,,,,,,,,,,,,,,,,,,,,,,,,,,,,,,,,,,,,,,,
275.0,-0.0028389389183771296,0.0863899365067482,0.0005938530084677041,0.9409750699996948,0.0,0.030974533,0.0062544253,1.0005938,0.09224488,0.03312109,5.2969767e-06,-0.009928465,0.014664888,0.009242058,-0.06797179,-0.06912025,-0.0053000255,0.103125,0.054826856,1.0,,,,,,,,,,,,,,,,,,,,,,,,,,,,,,,,,,,,,,,,,,,,
276.0,-0.0028387386757754256,0.08640622347593307,0.0005938530084677041,0.9368932247161865,0.0,0.031361282,0.0063941125,1.0005939,0.09281947,0.03352492,5.366885e-06,-0.009754181,0.014838934,0.009332657,0.041404966,0.042183917,0.021153064,0.1035,0.055024963,1.0,,,,,,,,,,,,,,,,,,,,,,,,,,,,,,,,,,,,,,,,,,,,
277.0,-0.0028389861279455543,0.08641988784074783,0.0005939006805419922,0.9328009486198425,0.0,0.03175045,0.006535453,1.0005939,0.09340105,0.033921648,4.9476535e-06,-0.010040283,0.014553547,0.009306431,-0.06796547,-0.069113754,-0.0053034495,0.103875,0.055223055,1.0,,,,,,,,,,,,,,,,,,,,,,,,,,,,,,,,,,,,,,,,,,,,
278.0,-0.002838297870239467,0.08643081784248352,0.0005939006805419922,0.9286984801292419,0.0,0.032142,0.0066784937,1.0005939,0.09397074,0.034329847,5.101753e-06,-0.009865999,0.014727831,0.00939703,0.041400958,0.042200565,0.021149592,0.10425,0.055421133,1.0,,,,,,,,,,,,,,,,,,,,,,,,,,,,,,,,,,,,,,,,,,,,
279.0,-0.0028385059159705185,0.08643914759159088,0.0005939006805419922,0.9245858192443848,0.0,0.032535944,0.006823206,1.0005939,0.09454743,0.03473095,5.032192e-06,-0.010151863,0.014442444,0.009370804,-0.06795917,-0.069107264,-0.0053068674,0.104625,0.055619195,1.0,,,,,,,,,,,,,,,,,,,,,,,,,,,,,,,,,,,,,,,,,,,,
280.0,-0.0028386952405522153,0.08644483238458633,0.0005939483526162803,0.9204633235931396,0.0,0.032932244,0.0069696372,1.0005939,0.09511221,0.035143517,5.1016323e-06,-0.009977818,0.014616728,0.009461403,0.04139695,0.042217202,0.021146115,0.105,0.055817246,1.0,,,,,,,,,,,,,,,,,,,,,,,,,,,,,,,,,,,,,,,,,,,,
281.0,-0.002838863503025823,0.08644790947437286,0.0005939722177572548,0.9163312911987305,0.0,0.03333093,0.007117758,1.0005939,0.09568401,0.035548985,5.053482e-06,-0.010263681,0.014331579,0.009435177,-0.067952864,-0.069100775,-0.0053102793,0.105375,0.056015283,1.0,,,,,,,,,,,,,,,,,,,,,,,,,,,,,,,,,,,,,,,,,,,,
282.0,-0.002838714651215878,0.08644832670688629,0.0005939722177572548,0.9121898412704468,0.0,0.033731945,0.007267616,1.000594,0.096243896,0.035965916,5.1152765e-06,-0.010089397,0.014505863,0.009525776,0.041392945,0.042233832,0.021142632,0.10575,0.056213304,1.0,,,,,,,,,,,,,,,,,,,,,,,,,,,,,,,,,,,,,,,,,,,,
283.0,-0.002838545561953925,0.08644615113735199,0.000594019889831543,0.9080392718315125,0.0,0.034135323,0.0074191815,1.000594,0.096810795,0.036375742,4.7025965e-06,-0.010375261,0.014220715,0.00949955,-0.06794657,-0.069094285,-0.0053136847,0.106125,0.05641131,1.0,,,,,,,,,,,,,,,,,,,,,,,,,,,,,,,,,,,,,,,,,,,,
284.0,-0.002838357788207191,0.08644142746925354,0.0005940675619058311,0.9038798213005066,0.0,0.034541015,0.007572503,1.000594,0.097365804,0.036797035,4.8472903e-06,-0.010201216,0.014395237,0.009590149,0.041388936,0.042250454,0.021139143,0.1065,0.056609306,1.0,,,,,,,,,,,,,,,,,,,,,,,,,,,,,,,,,,,,,,,,,,,,
285.0,-0.002838149301156909,0.08643414080142975,0.0005940675619058311,0.8997116088867188,0.0,0.034949046,0.0077275494,1.000594,0.09792782,0.037211224,4.784583e-06,-0.01048708,0.014110088,0.009563923,-0.06794027,-0.0690878,-0.005317084,0.106875,0.056807287,1.0,,,,,,,,,,,,,,,,,,,,,,,,,,,,,,,,,,,,,,,,,,,,
286.0,-0.002837922627761691,0.0864243283867836,0.0005940675619058311,0.8955350518226624,0.0,0.03535937,0.00788437,1.000594,0.09847794,0.037636876,4.8445518e-06,-0.010312796,0.014284372,0.0096542835,0.04138493,0.04226707,0.021135649,0.10725,0.057005253,1.0,,,,,,,,,,,,,,,,,,,,,,,,,,,,,,,,,,,,,,,,,,,,
287.0,-0.00283767525810606,0.0864119827747345,0.0005940914270468056,0.8913503289222717,0.0,0.035772018,0.008042934,1.000594,0.09903508,0.038055424,4.8032703e-06,-0.0105986595,0.013999462,0.009628296,-0.067933984,-0.06908132,-0.0053204773,0.107625,0.057203203,1.0,,,,,,,,,,,,,,,,,,,,,,,,,,,,,,,,,,,,,,,,,,,,
288.0,-0.002837409600201818,0.08639715611934662,0.0005940914270468056,0.8871574997901917,0.0,0.036186937,0.0082032895,1.0005941,0.099580325,0.038485426,4.8555944e-06,-0.010424614,0.014173746,0.009718657,0.041380927,0.04228368,0.021132149,0.108,0.05740114,1.0,,,,,,,,,,,,,,,,,,,,,,,,,,,,,,,,,,,,,,,,,,,,
289.0,-0.0028371240462795187,0.08637983351945877,0.0005941867711953819,0.8829569816589355,0.0,0.036604155,0.008365408,1.0005941,0.100132585,0.038908325,4.449782e-06,-0.010710478,0.013888836,0.0096924305,-0.0679277,-0.06907485,-0.005323864,0.108375,0.057599064,1.0,,,,,,,,,,,,,,,,,,,,,,,,,,,,,,,,,,,,,,,,,,,,
290.0,-0.0028368196672080106,0.08636007457971573,0.0005941867711953819,0.8787490129470825,0.0,0.037023626,0.008529336,1.0005941,0.10067295,0.039342683,4.5850115e-06,-0.010536432,0.014063358,0.00978303,0.04137692,0.04230028,0.021128645,0.10875,0.057796974,1.0,,,,,,,,,,,,,,,,,,,,,,,,,,,,,,,,,,,,,,,,,,,,
291.0,-0.0028364947887070005,0.08633787930011749,0.0005941867711953819,0.8745337128639221,0.0,0.037445378,0.008695044,1.0005941,0.10122035,0.039769933,4.5291695e-06,-0.010822058,0.013778448,0.0097568035,-0.06792142,-0.06906837,-0.0053272448,0.109125,0.057994865,1.0,,,,,,,,,,,,,,,,,,,,,,,,,,,,,,,,,,,,,,,,,,,,
292.0,-0.002836152684808303,0.08631326258182526,0.0005941867711953819,0.8703113794326782,0.0,0.03786936,0.00886258,1.0005941,0.10175585,0.040208638,4.579679e-06,-0.010648012,0.0139529705,0.009847164,0.041372914,0.042316873,0.021125134,0.1095,0.058192745,1.0,,,,,,,,,,,,,,,,,,,,,,,,,,,,,,,,,,,,,,,,,,,,
293.0,-0.0028357896952835287,0.08628622442483902,0.0005942583084106445,0.8660823702812195,0.0,0.038295604,0.009031914,1.0005941,0.10229838,0.040640235,4.5452616e-06,-0.010933876,0.01366806,0.0098211765,-0.06791515,-0.069061905,-0.005330619,0.109875,0.05839061,1.0,,,,,,,,,,,,,,,,,,,,,,,,,,,,,,,,,,,,,,,,,,,,
294.0,-0.0028354092198267385,0.08625681698322296,0.0005942583084106445,0.8618466854095459,0.0,0.038724057,0.009203094,1.0005943,0.102829024,0.041083284,4.5881316e-06,-0.0107598305,0.013842583,0.009911537,0.041368913,0.042333458,0.021121617,0.11025,0.05858846,1.0,,,,,,,,,,,,,,,,,,,,,,,,,,,,,,,,,,,,,,,,,,,,
295.0,-0.0028350083361646967,0.08622508496046066,0.0005943059804849327,0.8576048016548157,0.0,0.039154753,0.009376091,1.0005943,0.10336669,0.041519225,4.189181e-06,-0.011045456,0.0135576725,0.009885311,-0.067908876,-0.06905544,-0.005333987,0.110625,0.058786295,1.0,,,,,,,,,,,,,,,,,,,,,,,,,,,,,,,,,,,,,,,,,,,,
296.0,-0.0028345899407494924,0.08619098365306854,0.0005943059804849327,0.8533568978309631,0.0,0.03958764,0.009550952,1.0005943,0.103892475,0.041966617,4.314963e-06,-0.01087141,0.013732433,0.009975672,0.04136491,0.04235004,0.021118097,0.111,0.058984116,1.0,,,,,,,,,,,,,,,,,,,,,,,,,,,,,,,,,,,,,,,,,,,,
297.0,-0.002834151335789784,0.08615458011627197,0.0005943536525592208,0.8491031527519226,0.0,0.040022742,0.0097276475,1.0005943,0.104425296,0.0424069,4.265981e-06,-0.011157274,0.013447762,0.009949684,-0.06790261,-0.06904897,-0.005337349,0.111375,0.059181925,1.0,,,,,,,,,,,,,,,,,,,,,,,,,,,,,,,,,,,,,,,,,,,,
298.0,-0.002833694808005589,0.08611586689949036,0.0005943536525592208,0.8448437452316284,0.0,0.04046002,0.009906225,1.0005943,0.10494623,0.04285863,4.307047e-06,-0.010983229,0.013622522,0.010039806,0.041360904,0.04236661,0.02111457,0.11175,0.059379715,1.0,,,,,,,,,,,,,,,,,,,,,,,,,,,,,,,,,,,,,,,,,,,,
299.0,-0.002833218385905639,0.08607489615678787,0.0005943536525592208,0.8405790328979492,0.0,0.040899497,0.010086656,1.0005943,0.105474204,0.043303255,4.2794877e-06,-0.011268854,0.013337612,0.010013819,-0.06789635,-0.06904251,-0.0053407047,0.112125,0.05957749,1.0,,,,,,,,,,,,,,,,,,,,,,,,,,,,,,,,,,,,,,,,,,,,
300.0,-0.002832725143928474,0.08603163063526154,0.0005943775177001953,0.8363091349601746,0.0,0.041341122,0.010268986,1.0005943,0.10599029,0.04375932,4.3129207e-06,-0.011094809,0.013512373,0.010104179,0.041356903,0.042383175,0.021111038,0.1125,0.059775252,1.0,,,,,,,,,,,,,,,,,,,,,,,,,,,,,,,,,,,,,,,,,,,,
301.0,-0.002832211751460409,0.08598615229129791,0.0005944728618487716,0.8320342302322388,0.0,0.041784927,0.010453187,1.0005944,0.106513426,0.044208277,4.288699e-06,-0.011380672,0.013227701,0.010077953,-0.06789009,-0.06903605,-0.005344054,0.112875,0.059973,1.0,,,,,,,,,,,,,,,,,,,,,,,,,,,,,,,,,,,,,,,,,,,,
302.0,-0.0028316806989851107,0.08593843877315521,0.0005944728618487716,0.8277546167373657,0.0,0.042230863,0.010639306,1.0005944,0.10702467,0.04466867,3.950869e-06,-0.011206627,0.0134027,0.010168314,0.041352898,0.04239973,0.021107499,0.11325,0.060170732,1.0,,,,,,,,,,,,,,,,,,,,,,,,,,,,,,,,,,,,,,,,,,,,
303.0,-0.0028311295451161865,0.08588854223489761,0.0005944728618487716,0.8234705328941345,0.0,0.04267896,0.010827315,1.0005944,0.10754296,0.04512196,4.015297e-06,-0.011492252,0.01311779,0.010142088,-0.06788384,-0.0690296,-0.0053473976,0.113625,0.06036845,1.0,,,,,,,,,,,,,,,,,,,,,,,,,,,,,,,,,,,,,,,,,,,,
304.0,-0.0028305614799729937,0.08583642542362213,0.0005944728618487716,0.8191819190979004,0.0,0.043129165,0.011017259,1.0005944,0.10804938,0.045586687,4.0219384e-06,-0.011318207,0.013292789,0.010232449,0.041348897,0.042416282,0.021103956,0.114,0.06056615,1.0,,,,,,,,,,,,,,,,,,,,,,,,,,,,,,,,,,,,,,,,,,,,
305.0,-0.0028297407787011707,0.08578216284513474,0.0005945205921307206,0.8148894309997559,0.0,0.043581508,0.011209111,1.0005944,0.10856284,0.046044305,4.0070954e-06,-0.011604071,0.013008118,0.010206461,-0.06787759,-0.06902315,-0.0053507346,0.114375,0.060763836,1.0,,,,,,,,,,,,,,,,,,,,,,,,,,,,,,,,,,,,,,,,,,,,
306.0,-0.0028289026331502327,0.08572578430175781,0.0005945205921307206,0.8105929493904114,0.0,0.044035945,0.011402916,1.0005944,0.10906443,0.04651336,4.0297323e-06,-0.011430025,0.013183117,0.010296583,0.041344896,0.042432822,0.021100407,0.11475,0.060961507,1.0,,,,,,,,,,,,,,,,,,,,,,,,,,,,,,,,,,,,,,,,,,,,
307.0,-0.002828045631985856,0.08566729724407196,0.0005945920711383224,0.8062926530838013,0.0,0.044492498,0.011598647,1.0005944,0.109573066,0.046975303,4.0126824e-06,-0.011715651,0.012898445,0.010270596,-0.067871355,-0.0690167,-0.0053540654,0.115125,0.061159164,1.0,,,,,,,,,,,,,,,,,,,,,,,,,,,,,,,,,,,,,,,,,,,,
308.0,-0.002827171535382559,0.08560671657323837,0.0005945920711383224,0.8019888401031494,0.0,0.044951122,0.01179635,1.0005945,0.110069826,0.04744868,4.033237e-06,-0.011541605,0.013073683,0.010359287,0.04133639,0.042445183,0.020744376,0.1155,0.061356805,1.0,,,,,,,,,,,,,,,,,,,,,,,,,,,,,,,,,,,,,,,,,,,,
309.0,-0.002896397289499511,0.08554412424564362,0.0005946398014202714,0.7976816892623901,0.0,0.045411848,0.011995995,1.0005945,0.110573635,0.047914937,3.6503473e-06,-0.011827469,0.012789011,0.010331869,-0.06786972,-0.069014326,-0.0057097888,0.115875,0.06155443,1.0,,,,,,,,,,,,,,,,,,,,,,,,,,,,,,,,,,,,,,,,,,,,
310.0,-0.0030244485593393633,0.08547952026128769,0.0005946398014202714,0.7933714389801025,0.0,0.04587462,0.012197631,1.0005945,0.11106558,0.048392635,3.7541333e-06,-0.011653423,0.01296401,0.010420322,0.041332524,0.04246159,0.020740975,0.11625,0.06175204,1.0,,,,,,,,,,,,,,,,,,,,,,,,,,,,,,,,,,,,,,,,,,,,
311.0,-0.003153489230135849,0.08541291952133179,0.0005946398014202714,0.7890581488609314,0.0,0.04633947,0.012401228,1.0005945,0.111564584,0.04886322,3.7211369e-06,-0.011939049,0.012679577,0.010392904,-0.06786368,-0.06900769,-0.005712948,0.116625,0.061949633,1.0,,,,,,,,,,,,,,,,,,,,,,,,,,,,,,,,,,,,,,,,,,,,
312.0,-0.0032816849596955322,0.0853443518280983,0.0005946398014202714,0.7847419381141663,0.0,0.046806354,0.012606833,1.0005945,0.11205172,0.049345233,3.7402344e-06,-0.011765003,0.0128548145,0.010481596,0.041328654,0.042477988,0.020737568,0.117,0.062147215,1.0,,,,,,,,,,,,,,,,,,,,,,,,,,,,,,,,,,,,,,,,,,,,
313.0,-0.003410856839098075,0.0852738618850708,0.0005946874734945595,0.7804231643676758,0.0,0.047275297,0.012814417,1.0005945,0.11254591,0.049820133,3.7286527e-06,-0.012050867,0.012570143,0.010454178,-0.06785765,-0.06900105,-0.005716101,0.117375,0.06234478,1.0,,,,,,,,,,,,,,,,,,,,,,,,,,,,,,,,,,,,,,,,,,,,
314.0,-0.003539169531952167,0.08520147949457169,0.0005947590107098222,0.7761019468307495,0.0,0.04774625,0.013024027,1.0005945,0.11302823,0.05030646,3.74013e-06,-0.0118768215,0.01274538,0.010542631,0.041324787,0.04249438,0.020734157,0.11775,0.06254233,1.0,,,,,,,,,,,,,,,,,,,,,,,,,,,,,,,,,,,,,,,,,,,,
315.0,-0.003668455503038559,0.08512721955776215,0.0005947590107098222,0.7717782855033875,0.0,0.048219237,0.013235634,1.0005946,0.11351762,0.050785672,3.7318812e-06,-0.012162447,0.012460947,0.010515213,-0.06785162,-0.06899442,-0.0057192477,0.118125,0.06273986,1.0,,,,,,,,,,,,,,,,,,,,,,,,,,,,,,,,,,,,,,,,,,,,
316.0,-0.0037968751234692052,0.08505107462406158,0.0005947590107098222,0.7674524188041687,0.0,0.048694216,0.013449285,1.0005946,0.113995135,0.051276304,3.3721074e-06,-0.011988401,0.012636185,0.010603905,0.04132092,0.042510763,0.02073074,0.1185,0.06293737,1.0,,,,,,,,,,,,,,,,,,,,,,,,,,,,,,,,,,,,,,,,,,,,
317.0,-0.003926260199569721,0.08497314155101776,0.0005948066827841103,0.763124406337738,0.0,0.049171217,0.013664952,1.0005946,0.11447973,0.051759828,3.452505e-06,-0.012274265,0.012351751,0.010576487,-0.06784559,-0.068987794,-0.0057223886,0.118875,0.06313487,1.0,,,,,,,,,,,,,,,,,,,,,,,,,,,,,,,,,,,,,,,,,,,,
318.0,-0.004054987243869301,0.08489343523979187,0.0005948066827841103,0.7587944269180298,0.0,0.049650185,0.01388268,1.0005946,0.11495245,0.052254774,3.4372144e-06,-0.01210022,0.012527227,0.01066494,0.041317057,0.04252714,0.020727316,0.11925,0.06333236,1.0,,,,,,,,,,,,,,,,,,,,,,,,,,,,,,,,,,,,,,,,,,,,
319.0,-0.004184676321916778,0.08481190353631973,0.0005948543548583984,0.7544624209403992,0.0,0.050131153,0.01410244,1.0005946,0.11543225,0.0527426,3.438336e-06,-0.012385845,0.012242794,0.010637522,-0.06783957,-0.06898116,-0.005725523,0.119625,0.06352983,1.0,,,,,,,,,,,,,,,,,,,,,,,,,,,,,,,,,,,,,,,,,,,,
320.0,-0.004313487894304992,0.08472861349582672,0.0005948543548583984,0.7501286268234253,0.0,0.05061407,0.014324281,1.0005946,0.11590018,0.05324185,3.4390537e-06,-0.0122118,0.01241827,0.010725975,0.04131319,0.042543508,0.020723889,0.12,0.06372728,1.0,,,,,,,,,,,,,,,,,,,,,,,,,,,,,,,,,,,,,,,,,,,,
321.0,-0.004443254764547397,0.08464360237121582,0.0005949020269326866,0.7457930445671082,0.0,0.051098965,0.014548173,1.0005946,0.11637519,0.053733982,3.4379639e-06,-0.0124976635,0.012133837,0.010698795,-0.06783356,-0.06897454,-0.005728652,0.120375,0.06392472,1.0,,,,,,,,,,,,,,,,,,,,,,,,,,,,,,,,,,,,,,,,,,,,
322.0,-0.0045721432152505724,0.08455682545900345,0.0005949020269326866,0.7414557337760925,0.0,0.051585793,0.014774162,1.0005946,0.11683834,0.05423753,3.4366103e-06,-0.012323618,0.012309313,0.010787249,0.041309323,0.04255987,0.020720454,0.12075,0.06412214,1.0,,,,,,,,,,,,,,,,,,,,,,,,,,,,,,,,,,,,,,,,,,,,
323.0,-0.004701962104015526,0.08446834981441498,0.0005949258920736611,0.7371166944503784,0.0,0.052074578,0.015002221,1.0005946,0.11730857,0.05473396,3.4375512e-06,-0.012609243,0.012025118,0.0107598305,-0.067827545,-0.06896792,-0.0057317745,0.121125,0.06431954,1.0,,,,,,,,,,,,,,,,,,,,,,,,,,,,,,,,,,,,,,,,,,,,
324.0,-0.004830899796261999,0.08437816798686981,0.0005949258920736611,0.7327760457992554,0.0,0.052565273,0.015232395,1.0005947,0.11776694,0.05524181,3.4331333e-06,-0.012435198,0.012154341,0.010848761,0.041426387,0.031494,0.020856759,0.1215,0.06451694,1.0,,,,,,,,,,,,,,,,,,,,,,,,,,,,,,,,,,,,,,,,,,,,
325.0,-0.004960791038904814,0.08428629487752914,0.0005950212362222373,0.7284336686134338,0.0,0.0530579,0.015464655,1.0005947,0.1182305,0.055742513,3.0914516e-06,-0.012720823,0.011823893,0.010822058,-0.067698404,-0.08004108,-0.005600254,0.121875,0.06471431,1.0,,,,,,,,,,,,,,,,,,,,,,,,,,,,,,,,,,,,,,,,,,,,
326.0,-0.005089562313897091,0.08419273048639297,0.0005950212362222373,0.7240897417068481,0.0,0.053552404,0.01569905,1.0005947,0.11868031,0.056254614,3.186661e-06,-0.012546778,0.011953354,0.010910988,0.041421942,0.03151557,0.020858377,0.12225,0.06491166,1.0,,,,,,,,,,,,,,,,,,,,,,,,,,,,,,,,,,,,,,,,,,,,
327.0,-0.005219745141758587,0.08409756422042847,0.0005950212362222373,0.7197441458702087,0.0,0.0540488,0.015935548,1.0005947,0.119135335,0.056759574,3.1912932e-06,-0.01235795,0.011622906,0.010884285,0.04618625,-0.07878679,-0.0069698426,0.122625,0.06510901,1.0,,,,,,,,,,,,,,,,,,,,,,,,,,,,,,,,,,,,,,,,,,,,
328.0,-0.0053485880054278834,0.08400068432092667,0.0005950212362222373,0.7153969407081604,0.0,0.054547038,0.016174117,1.0005947,0.11957683,0.057256527,3.4455309e-06,-0.012626171,0.011752367,0.010973215,-0.06467736,0.030368846,0.022108028,0.123,0.065306336,1.0,,,,,,,,,,,,,,,,,,,,,,,,,,,,,,,,,,,,,,,,,,,,
329.0,-0.0054788394615233995,0.0839022621512413,0.0005950212362222373,0.7110481858253479,0.0,0.055047132,0.016414803,1.0005947,0.120023325,0.05776441,3.187116e-06,-0.012437344,0.011422157,0.010946274,0.046192035,-0.07877977,-0.006957689,0.123375,0.06550364,1.0,,,,,,,,,,,,,,,,,,,,,,,,,,,,,,,,,,,,,,,,,,,,
330.0,-0.005607759105645893,0.08380217850208282,0.0005950689082965255,0.7066975831985474,0.0,0.055549033,0.01665757,1.0005947,0.1204563,0.05826429,3.5009625e-06,-0.012705326,0.011551619,0.011035442,-0.064684324,0.030371105,0.02208941,0.12375,0.06570093,1.0,,,,,,,,,,,,,,,,,,,,,,,,,,,,,,,,,,,,,,,,,,,,
331.0,-0.0057379508151767155,0.0837005227804184,0.0005951404455117881,0.7023454904556274,0.0,0.05605276,0.016902465,1.0005947,0.120894276,0.058775097,3.2287332e-06,-0.012516499,0.011221409,0.011008501,0.046197813,-0.07877275,-0.006945534,0.124125,0.06589821,1.0,,,,,,,,,,,,,,,,,,,,,,,,,,,,,,,,,,,,,,,,,,,,
332.0,-0.005866811518322677,0.08359728753566742,0.0005951404455117881,0.6979915499687195,0.0,0.056558255,0.017149458,1.0005949,0.121318735,0.059277903,3.543715e-06,-0.01251483,0.01135087,0.011097431,7.0058115e-05,0.031086322,0.021344012,0.1245,0.066095464,1.0,,,,,,,,,,,,,,,,,,,,,,,,,,,,,,,,,,,,,,,,,,,,
333.0,-0.005997083990182366,0.08349252492189407,0.0005951404455117881,0.6936359405517578,0.0,0.05706554,0.017398544,1.0005949,0.12174833,0.059780598,3.043065e-06,-0.012056112,0.01102066,0.01107049,0.11094995,-0.07804002,-0.007689677,0.124875,0.06629271,1.0,,,,,,,,,,,,,,,,,,,,,,,,,,,,,,,,,,,,,,,,,,,,
334.0,-0.006126024829534664,0.08338624238967896,0.0005951404455117881,0.6892785429954529,0.0,0.05757456,0.017649645,1.0005949,0.122164525,0.060264263,3.5418948e-06,-0.012054443,0.011150122,0.011159658,3.3232827e-05,0.03108514,0.021355692,0.12525,0.066489935,1.0,,,,,,,,,,,,,,,,,,,,,,,,,,,,,,,,,,,,,,,,,,,,
335.0,-0.006256386966054722,0.08327843248844147,0.0005951881175860763,0.6849191784858704,0.0,0.058085334,0.01790276,1.0005949,0.122585855,0.060747836,3.366941e-06,-0.011595964,0.010819912,0.011132479,0.110925026,-0.07802146,-0.0077067646,0.125625,0.066687144,1.0,,,,,,,,,,,,,,,,,,,,,,,,,,,,,,,,,,,,,,,,,,,,
336.0,-0.006385419075368373,0.08316913992166519,0.0005952358478680253,0.6805579662322998,0.0,0.058597807,0.018157812,1.0005949,0.122993805,0.061212383,3.7779323e-06,-0.011594534,0.010949373,0.011221647,-3.5786868e-06,0.031083947,0.021367356,0.126,0.06688434,1.0,,,,,,,,,,,,,,,,,,,,,,,,,,,,,,,,,,,,,,,,,,,,
337.0,-0.006515875137049082,0.08305837959051132,0.0005952358478680253,0.6761947274208069,0.0,0.059112,0.0184148,1.0005949,0.12340689,0.061676845,3.6245501e-06,-0.011136055,0.0106191635,0.011194229,0.11090011,-0.07800291,-0.007723837,0.126375,0.06708151,1.0,,,,,,,,,,,,,,,,,,,,,,,,,,,,,,,,,,,,,,,,,,,,
338.0,-0.006645010219743769,0.08294616639614105,0.0005952358478680253,0.671829342842102,0.0,0.059627865,0.018673642,1.0005949,0.12380658,0.06212229,4.0190703e-06,-0.011134863,0.010748625,0.011283398,-4.037643e-05,0.031082746,0.021379001,0.12675,0.06727867,1.0,,,,,,,,,,,,,,,,,,,,,,,,,,,,,,,,,,,,,,,,,,,,
339.0,-0.0067755753855797156,0.08283255249261856,0.000595307326875627,0.6674617528915405,0.0,0.06014541,0.01893434,1.0005949,0.12421142,0.06256766,3.8705202e-06,-0.010676384,0.0104186535,0.01125598,0.11087521,-0.07798436,-0.007740895,0.127125,0.06747581,1.0,,,,,,,,,,,,,,,,,,,,,,,,,,,,,,,,,,,,,,,,,,,,
340.0,-0.0069048216769914935,0.08271752297878265,0.000595307326875627,0.6630919575691223,0.0,0.06066459,0.019196816,1.000595,0.124602884,0.062994026,4.2525076e-06,-0.01067543,0.010548115,0.011345148,-7.71604e-05,0.031081533,0.021390632,0.1275,0.06767294,1.0,,,,,,,,,,,,,,,,,,,,,,,,,,,,,,,,,,,,,,,,,,,,
341.0,-0.0070355092339797936,0.08260109275579453,0.000595307326875627,0.6587195992469788,0.0,0.06118542,0.019461067,1.000595,0.124999486,0.063420326,3.739983e-06,-0.01021719,0.010217905,0.0113174915,0.11085033,-0.077965826,-0.007757937,0.127875,0.06787005,1.0,,,,,,,,,,,,,,,,,,,,,,,,,,,,,,,,,,,,,,,,,,,,
342.0,-0.007164883943746647,0.08248331397771835,0.0005953550571575761,0.6543448567390442,0.0,0.06170785,0.019727014,1.000595,0.12538272,0.06382763,4.195996e-06,-0.010216236,0.010347605,0.0114068985,-0.00011393061,0.031080311,0.021402247,0.12825,0.06806714,1.0,,,,,,,,,,,,,,,,,,,,,,,,,,,,,,,,,,,,,,,,,,,,
343.0,-0.0072957020513625594,0.08236419409513474,0.0005953550571575761,0.6499674916267395,0.0,0.062231895,0.01999466,1.000595,0.1257711,0.064234875,4.0349655e-06,-0.009757996,0.010017395,0.0113790035,0.11082546,-0.07794729,-0.007774965,0.128625,0.068264216,1.0,,,,,,,,,,,,,,,,,,,,,,,,,,,,,,,,,,,,,,,,,,,,
344.0,-0.007425787176116344,0.08224373310804367,0.0005953550571575761,0.6455872654914856,0.0,0.06275751,0.020263923,1.000595,0.12614612,0.06462313,4.397119e-06,-0.00975728,0.010147095,0.011468172,-0.00015068705,0.03107908,0.021413844,0.129,0.06846127,1.0,,,,,,,,,,,,,,,,,,,,,,,,,,,,,,,,,,,,,,,,,,,,
345.0,-0.007557321503418872,0.08212198317050934,0.0005954027292318642,0.6412042379379272,0.0,0.063284695,0.020534804,1.000595,0.12652628,0.06501135,4.259098e-06,-0.009299278,0.009817123,0.011440277,0.110800594,-0.07792876,-0.007791978,0.129375,0.068658315,1.0,,,,,,,,,,,,,,,,,,,,,,,,,,,,,,,,,,,,,,,,,,,,
346.0,-0.00768756358699634,0.08199884742498398,0.0005954265361651778,0.6368181705474854,0.0,0.06381342,0.020807223,1.000595,0.12689309,0.06538059,4.604486e-06,-0.009298563,0.009946585,0.011529684,-0.00018742973,0.03107784,0.021425424,0.12975,0.06885534,1.0,,,,,,,,,,,,,,,,,,,,,,,,,,,,,,,,,,,,,,,,,,,,
347.0,-0.007819263188124434,0.08187440037727356,0.0005954265361651778,0.6324290037155151,0.0,0.06434369,0.021081181,1.0005951,0.12726504,0.065749794,4.4713893e-06,-0.008840799,0.009616613,0.011501551,0.110775754,-0.07791024,-0.007808976,0.130125,0.06905234,1.0,,,,,,,,,,,,,,,,,,,,,,,,,,,,,,,,,,,,,,,,,,,,
348.0,-0.007949677599670375,0.0817485898733139,0.0005954742664471269,0.6280365586280823,0.0,0.06487545,0.021356598,1.0005951,0.12762363,0.06610002,4.4363696e-06,-0.0088403225,0.009746075,0.011590958,-0.00022415863,0.03107659,0.02143699,0.1305,0.06924933,1.0,,,,,,,,,,,,,,,,,,,,,,,,,,,,,,,,,,,,,,,,,,,,
349.0,-0.008081557391128423,0.08162139356136322,0.0005954742664471269,0.623640775680542,0.0,0.06540874,0.021633474,1.0005951,0.1279874,0.06645024,4.393548e-06,-0.008382559,0.009416103,0.011562824,0.11075092,-0.07789172,-0.007825959,0.130875,0.0694463,1.0,,,,,,,,,,,,,,,,,,,,,,,,,,,,,,,,,,,,,,,,,,,,
350.0,-0.008212163749347976,0.08149286359548569,0.0005954742664471269,0.6192412972450256,0.0,0.06594348,0.02191173,1.0005951,0.1283378,0.06678149,4.6938976e-06,-0.008382082,0.009545803,0.011651993,-0.00026087379,0.031075329,0.021448536,0.13125,0.06964325,1.0,,,,,,,,,,,,,,,,,,,,,,,,,,,,,,,,,,,,,,,,,,,,
351.0,-0.00834424521196229,0.08136297762393951,0.000595521938521415,0.6148381233215332,0.0,0.0664797,0.022191366,1.0005951,0.12869336,0.06711273,4.5733636e-06,-0.007924557,0.009215832,0.011623621,0.1107261,-0.077873215,-0.007842927,0.131625,0.06984019,1.0,,,,,,,,,,,,,,,,,,,,,,,,,,,,,,,,,,,,,,,,,,,,
352.0,-0.008475057718844894,0.08123166859149933,0.0005955457454547286,0.6104311347007751,0.0,0.06701735,0.022472303,1.0005951,0.12903558,0.06742501,4.880621e-06,-0.007924318,0.009345293,0.011713028,-0.00029757514,0.03107406,0.021460067,0.132,0.07003711,1.0,,,,,,,,,,,,,,,,,,,,,,,,,,,,,,,,,,,,,,,,,,,,
353.0,-0.008607352039593504,0.0810990184545517,0.0005955457454547286,0.6060202121734619,0.0,0.06755644,0.022754543,1.0005952,0.12938297,0.067737296,4.759471e-06,-0.007466793,0.00901556,0.011684656,0.1107013,-0.07785471,-0.00785988,0.132375,0.070234016,1.0,,,,,,,,,,,,,,,,,,,,,,,,,,,,,,,,,,,,,,,,,,,,
354.0,-0.008738392547628657,0.08096493780612946,0.0005955457454547286,0.6016049385070801,0.0,0.06809693,0.023038004,1.0005952,0.129717,0.06803063,4.687647e-06,-0.007466793,0.009145021,0.011774063,-0.00033426276,0.03107278,0.021471582,0.13275,0.0704309,1.0,,,,,,,,,,,,,,,,,,,,,,,,,,,,,,,,,,,,,,,,,,,,
355.0,-0.008870924121264058,0.08082945644855499,0.0005955934757366776,0.5971854329109192,0.0,0.06863883,0.023322687,1.0005952,0.13005622,0.06832398,4.6564865e-06,-0.007009268,0.008815289,0.011745214,0.11067651,-0.07783621,-0.007876819,0.133125,0.070627764,1.0,,,,,,,,,,,,,,,,,,,,,,,,,,,,,,,,,,,,,,,,,,,,
356.0,-0.009002205372857272,0.0806926041841507,0.0005955934757366776,0.5927614569664001,0.0,0.06918209,0.023608513,1.0005952,0.13038209,0.06859839,4.9201362e-06,-0.007009268,0.00894475,0.01183486,-0.0003709366,0.031071492,0.02148308,0.1335,0.07082461,1.0,,,,,,,,,,,,,,,,,,,,,,,,,,,,,,,,,,,,,,,,,,,,
357.0,-0.009134889831957505,0.08055432885885239,0.0005956411478109658,0.5883328318595886,0.0,0.06972673,0.023895483,1.0005952,0.13071314,0.068872824,4.811247e-06,-0.0065522194,0.008615255,0.011806011,0.11065174,-0.077817716,-0.007893743,0.133875,0.071021445,1.0,,,,,,,,,,,,,,,,,,,,,,,,,,,,,,,,,,,,,,,,,,,,
358.0,-0.009266338618292822,0.08041463047266006,0.0005956649547442794,0.5838992595672607,0.0,0.07027269,0.024183517,1.0005952,0.13103086,0.069128335,5.081844e-06,-0.006552458,0.008744717,0.011895418,-0.0004075967,0.031070193,0.021494562,0.13425,0.07121826,1.0,,,,,,,,,,,,,,,,,,,,,,,,,,,,,,,,,,,,,,,,,,,,
359.0,-0.009399296998678166,0.08027352392673492,0.0005956649547442794,0.5794607996940613,0.0,0.07082,0.024472617,1.0005953,0.13135374,0.069383875,4.9723453e-06,-0.006095171,0.008414984,0.0118665695,0.11062697,-0.07779923,-0.007910652,0.134625,0.07141505,1.0,,,,,,,,,,,,,,,,,,,,,,,,,,,,,,,,,,,,,,,,,,,,
360.0,-0.009531001448932102,0.08013097941875458,0.0005956649547442794,0.5750179886817932,0.0,0.0713686,0.024762703,1.0005953,0.13166331,0.06962049,4.8638876e-06,-0.006095648,0.008544445,0.0119559765,-0.00044424305,0.031068884,0.021506026,0.135,0.07161183,1.0,,,,,,,,,,,,,,,,,,,,,,,,,,,,,,,,,,,,,,,,,,,,
361.0,-0.009664202867679435,0.0799870640039444,0.0005956649547442794,0.570570707321167,0.0,0.0719185,0.025053775,1.0005953,0.13197805,0.06985715,4.844394e-06,-0.0056385994,0.008214951,0.011926889,0.11060222,-0.077780746,-0.007927546,0.135375,0.07180859,1.0,,,,,,,,,,,,,,,,,,,,,,,,,,,,,,,,,,,,,,,,,,,,
362.0,-0.009796162866002352,0.07984168827533722,0.0005956649547442794,0.5661186575889587,0.0,0.07246967,0.025345752,1.0005953,0.13227947,0.0700749,5.0714434e-06,-0.0056390762,0.008344412,0.012016535,-0.0004808756,0.031067567,0.021517476,0.13575,0.07200533,1.0,,,,,,,,,,,,,,,,,,,,,,,,,,,,,,,,,,,,,,,,,,,,
363.0,-0.00992963151216477,0.07969492673873901,0.0005957126850262284,0.5616617798805237,0.0,0.07302211,0.02563864,1.0005953,0.13258608,0.070292704,4.9742243e-06,-0.0051822662,0.008014917,0.011987209,0.11057749,-0.077762276,-0.007944426,0.136125,0.07220206,1.0,,,,,,,,,,,,,,,,,,,,,,,,,,,,,,,,,,,,,,,,,,,,
364.0,-0.010061866844808698,0.07954668998718262,0.0005957841640338302,0.5571998357772827,0.0,0.07357577,0.025932355,1.0005953,0.13287936,0.07049161,5.208254e-06,-0.005182743,0.008144379,0.012076855,-0.00051749445,0.03106624,0.021528907,0.1365,0.07239876,1.0,,,,,,,,,,,,,,,,,,,,,,,,,,,,,,,,,,,,,,,,,,,,
365.0,-0.010195619342512967,0.07939709722995758,0.0005957841640338302,0.5527327656745911,0.0,0.074130684,0.026226899,1.0005955,0.13317783,0.07069058,5.110433e-06,-0.0047261715,0.007814884,0.012047291,0.110552765,-0.077743806,-0.00796129,0.136875,0.07259545,1.0,,,,,,,,,,,,,,,,,,,,,,,,,,,,,,,,,,,,,,,,,,,,
366.0,-0.010328144339092845,0.07924602180719376,0.0005957841640338302,0.5482604503631592,0.0,0.07468677,0.026522193,1.0005955,0.133463,0.07087065,4.9654354e-06,-0.0047268867,0.0079443455,0.012137175,-0.0005540995,0.031064903,0.021540323,0.13725,0.07279212,1.0,,,,,,,,,,,,,,,,,,,,,,,,,,,,,,,,,,,,,,,,,,,,
367.0,-0.010462198810325413,0.07909359037876129,0.0005957841640338302,0.5437825918197632,0.0,0.075244084,0.026818238,1.0005955,0.13375334,0.0710508,4.957635e-06,-0.004270315,0.007614851,0.012107372,0.11052806,-0.077725336,-0.007978139,0.137625,0.07298877,1.0,,,,,,,,,,,,,,,,,,,,,,,,,,,,,,,,,,,,,,,,,,,,
368.0,-0.010595032996960232,0.07893968373537064,0.0005957841640338302,0.5392992496490479,0.0,0.07580254,0.027114954,1.0005955,0.13403039,0.07121207,5.1481766e-06,-0.004271269,0.0077443123,0.012197256,-0.00059069076,0.031063557,0.021551723,0.138,0.0731854,1.0,,,,,,,,,,,,,,,,,,,,,,,,,,,,,,,,,,,,,,,,,,,,
369.0,-0.010728877385104195,0.07878436893224716,0.0005958080291748047,0.5348098874092102,0.0,0.07636218,0.027412344,1.0005955,0.13431263,0.07137342,5.0626536e-06,-0.0038146973,0.007415056,0.012167215,0.11050336,-0.07770688,-0.007994975,0.138375,0.07338202,1.0,,,,,,,,,,,,,,,,,,,,,,,,,,,,,,,,,,,,,,,,,,,,
370.0,-0.01086242244327773,0.07862763851881027,0.0005958080291748047,0.5303148627281189,0.0,0.07692293,0.027710326,1.0005956,0.13458157,0.071515895,5.2602095e-06,-0.003815651,0.0075445175,0.012257099,-0.00062726834,0.031062203,0.021563105,0.13875,0.07357861,1.0,,,,,,,,,,,,,,,,,,,,,,,,,,,,,,,,,,,,,,,,,,,,
371.0,-0.010996597542784958,0.07846952974796295,0.000595903373323381,0.5258137583732605,0.0,0.07748483,0.028008904,1.0005956,0.1348557,0.07165846,4.806175e-06,-0.0033593178,0.007215023,0.012227058,0.110478684,-0.07768843,-0.008011795,0.139125,0.073775195,1.0,,,,,,,,,,,,,,,,,,,,,,,,,,,,,,,,,,,,,,,,,,,,
372.0,-0.01113067674526142,0.07830997556447983,0.000595903373323381,0.521306574344635,0.0,0.07804782,0.028307997,1.0005956,0.13511653,0.07178217,5.0790236e-06,-0.0033605099,0.0073444843,0.012316942,-0.0006638321,0.031060837,0.021574471,0.1395,0.07397175,1.0,,,,,,,,,,,,,,,,,,,,,,,,,,,,,,,,,,,,,,,,,,,,
373.0,-0.011265393143926238,0.07814906537532806,0.000595903373323381,0.5167930722236633,0.0,0.07861191,0.028607605,1.0005956,0.13538258,0.071905985,4.976287e-06,-0.0033035278,0.0070152283,0.0122869015,0.014636544,-0.07885023,-0.007324798,0.139875,0.074168295,1.0,,,,,,,,,,,,,,,,,,,,,,,,,,,,,,,,,,,,,,,,,,,,
374.0,-0.011399763867513664,0.0779867023229599,0.000595903373323381,0.5122731924057007,0.0,0.07917706,0.028907718,1.0005956,0.13563512,0.07202726,5.1047964e-06,-0.003704071,0.0071446896,0.012376785,-0.09649552,0.029892739,0.022245415,0.14025,0.07436481,1.0,,,,,,,,,,,,,,,,,,,,,,,,,,,,,,,,,,,,,,,,,,,,
375.0,-0.011534775512814488,0.0778229609131813,0.0005959272384643555,0.5077468752861023,0.0,0.07974328,0.029208405,1.0005956,0.13589267,0.07216496,4.979787e-06,-0.003647089,0.0068154335,0.012346745,0.014657265,-0.07884907,-0.0072983266,0.140625,0.07456132,1.0,,,,,,,,,,,,,,,,,,,,,,,,,,,,,,,,,,,,,,,,,,,,
376.0,-0.011669513628775557,0.0776577889919281,0.0005959272384643555,0.5032140016555786,0.0,0.080310516,0.029509656,1.0005957,0.13613674,0.07230013,5.1116454e-06,-0.004047632,0.006945133,0.012436628,-0.09648759,0.029897055,0.022212135,0.141,0.07475781,1.0,,,,,,,,,,,,,,,,,,,,,,,,,,,,,,,,,,,,,,,,,,,,
377.0,-0.011804903843632567,0.07749118655920029,0.0005959272384643555,0.49867433309555054,0.0,0.08087879,0.029811539,1.0005957,0.13638581,0.07245171,4.613361e-06,-0.0039904118,0.006615877,0.012406588,0.014677971,-0.0788479,-0.007271858,0.141375,0.07495427,1.0,,,,,,,,,,,,,,,,,,,,,,,,,,,,,,,,,,,,,,,,,,,,
378.0,-0.011940022242669695,0.07732319831848145,0.0005959272384643555,0.4941280484199524,0.0,0.08144805,0.030114042,1.0005957,0.13662139,0.072600745,4.830976e-06,-0.004390955,0.0067453384,0.012496471,-0.09647966,0.029901361,0.022178862,0.14175,0.07515072,1.0,,,,,,,,,,,,,,,,,,,,,,,,,,,,,,,,,,,,,,,,,,,,
379.0,-0.012075795427126652,0.077153779566288,0.0005959272384643555,0.4895748794078827,0.0,0.0820183,0.030417234,1.0005957,0.13686198,0.07276619,4.6759083e-06,-0.0043337345,0.0064160824,0.012466669,0.014698662,-0.07884672,-0.007245391,0.142125,0.07534715,1.0,,,,,,,,,,,,,,,,,,,,,,,,,,,,,,,,,,,,,,,,,,,,
380.0,-0.012211307743667363,0.07698295265436172,0.0005959749105386436,0.48501476645469666,0.0,0.08258951,0.030721104,1.0005957,0.13708907,0.07292909,4.8110724e-06,-0.0047342777,0.006545782,0.0125563145,-0.096471734,0.029905656,0.022145601,0.1425,0.07554356,1.0,,,,,,,,,,,,,,,,,,,,,,,,,,,,,,,,,,,,,,,,,,,,
381.0,-0.012347263205393757,0.07681068778038025,0.0005960464477539062,0.4804475009441376,0.0,0.08316168,0.031025723,1.0005957,0.13732119,0.0731084,4.670798e-06,-0.0046770573,0.006216526,0.012526512,0.014719339,-0.07884553,-0.0072189267,0.142875,0.07573995,1.0,,,,,,,,,,,,,,,,,,,,,,,,,,,,,,,,,,,,,,,,,,,,
382.0,-0.012482956336877033,0.07663701474666595,0.0005960464477539062,0.47587332129478455,0.0,0.083734766,0.031331077,1.0005958,0.13753982,0.07328514,4.800616e-06,-0.0046396255,0.0063462257,0.0126161575,0.008564684,0.031225653,0.021459382,0.14325,0.075936325,1.0,,,,,,,,,,,,,,,,,,,,,,,,,,,,,,,,,,,,,,,,,,,,
383.0,-0.012619314936404044,0.07646195590496063,0.0005960464477539062,0.4712918698787689,0.0,0.08430878,0.031637162,1.0005958,0.1377637,0.0734604,4.3760383e-06,-0.004144907,0.0060169697,0.012586355,0.1197439,-0.07750757,-0.00789323,0.143625,0.07613268,1.0,,,,,,,,,,,,,,,,,,,,,,,,,,,,,,,,,,,,,,,,,,,,
384.0,-0.012755415140602511,0.07628549635410309,0.0005960464477539062,0.4667034149169922,0.0,0.08488367,0.03194389,1.0005958,0.1379743,0.073615216,4.647739e-06,-0.0041077137,0.0061466694,0.012676001,0.00852378,0.031223714,0.021474995,0.144,0.07632901,1.0,,,,,,,,,,,,,,,,,,,,,,,,,,,,,,,,,,,,,,,,,,,,
385.0,-0.012892178333164386,0.07610763609409332,0.0005960464477539062,0.46210774779319763,0.0,0.08545946,0.03225126,1.0005958,0.13819015,0.073768556,4.557989e-06,-0.0036129951,0.0058174133,0.01264596,0.11971481,-0.077487536,-0.007914286,0.144375,0.07652532,1.0,,,,,,,,,,,,,,,,,,,,,,,,,,,,,,,,,,,,,,,,,,,,
386.0,-0.013028923510378718,0.07592839002609253,0.0005960464477539062,0.4575047492980957,0.0,0.0860361,0.032559186,1.0005958,0.13839276,0.07390146,4.7376025e-06,-0.0035760403,0.005947113,0.012735844,0.008482891,0.031221762,0.021490587,0.14475,0.07672162,1.0,,,,,,,,,,,,,,,,,,,,,,,,,,,,,,,,,,,,,,,,,,,,
387.0,-0.013166136476390334,0.0757477805018425,0.0005960703128948808,0.4528944790363312,0.0,0.0866136,0.032867655,1.0005958,0.1386006,0.0740329,4.6696996e-06,-0.0035429,0.005617857,0.012705803,0.008969658,-0.07887763,-0.0072768317,0.145125,0.0769179,1.0,,,,,,,,,,,,,,,,,,,,,,,,,,,,,,,,,,,,,,,,,,,,
388.0,-0.013303097042022006,0.07556580007076263,0.0005960703128948808,0.44827696681022644,0.0,0.08719192,0.033176668,1.0005959,0.13879497,0.07416278,4.7682583e-06,-0.0035705566,0.0057475567,0.012795448,-0.0070370203,0.031035092,0.021578666,0.1455,0.07711416,1.0,,,,,,,,,,,,,,,,,,,,,,,,,,,,,,,,,,,,,,,,,,,,
389.0,-0.013440718430387053,0.07538240402936935,0.0005961179849691689,0.4436522424221039,0.0,0.08777106,0.033486225,1.0005959,0.13899456,0.07429384,4.3430528e-06,-0.0031404495,0.005418539,0.012765169,0.10418154,-0.0776485,-0.007825966,0.145875,0.0773104,1.0,,,,,,,,,,,,,,,,,,,,,,,,,,,,,,,,,,,,,,,,,,,,
390.0,-0.013578089627639383,0.07519767433404922,0.0005961179849691689,0.43902021646499634,0.0,0.08835098,0.033796255,1.0005959,0.13918087,0.07440711,4.576944e-06,-0.0031683445,0.0055482388,0.012855053,-0.0070706247,0.031034058,0.021587064,0.14625,0.07750662,1.0,,,,,,,,,,,,,,,,,,,,,,,,,,,,,,,,,,,,,,,,,,,,
391.0,-0.013715968700478792,0.07501158863306046,0.000596165657043457,0.43438100814819336,0.0,0.088931695,0.03410676,1.0005959,0.1393724,0.07452157,4.4893804e-06,-0.0027384758,0.005219221,0.012824774,0.104159884,-0.07763126,-0.007839939,0.146625,0.07770281,1.0,,,,,,,,,,,,,,,,,,,,,,,,,,,,,,,,,,,,,,,,,,,,
392.0,-0.013853597966876444,0.07482413947582245,0.000596165657043457,0.4297344982624054,0.0,0.08951316,0.03441767,1.0005959,0.13955066,0.07461826,4.6342298e-06,-0.0027663708,0.005348921,0.012914419,-0.007104216,0.031033019,0.02159545,0.147,0.077898994,1.0,,,,,,,,,,,,,,,,,,,,,,,,,,,,,,,,,,,,,,,,,,,,
393.0,-0.013991881725500482,0.07463543117046356,0.000596165657043457,0.4250810742378235,0.0,0.090095386,0.034728985,1.0005959,0.13973413,0.07471615,4.5690695e-06,-0.0023367405,0.005019903,0.012883902,0.10413824,-0.077614024,-0.007853899,0.147375,0.07809515,1.0,,,,,,,,,,,,,,,,,,,,,,,,,,,,,,,,,,,,,,,,,,,,
394.0,-0.014129762444430163,0.07444532215595245,0.0005961895221844316,0.42042040824890137,0.0,0.09067832,0.03504064,1.0005959,0.13990436,0.07479627,4.6988976e-06,-0.002364874,0.005149603,0.012973785,-0.007137795,0.031031972,0.021603823,0.14775,0.0782913,1.0,,,,,,,,,,,,,,,,,,,,,,,,,,,,,,,,,,,,,,,,,,,,
395.0,-0.01426830162608594,0.07425399124622345,0.0005961895221844316,0.41575270891189575,0.0,0.09126198,0.03535263,1.000596,0.14007981,0.0748776,4.6387668e-06,-0.0019352436,0.0048205853,0.012943268,0.10411661,-0.0775968,-0.007867847,0.148125,0.07848742,1.0,,,,,,,,,,,,,,,,,,,,,,,,,,,,,,,,,,,,,,,,,,,,
396.0,-0.014406575164924657,0.07406136393547058,0.0005961895221844316,0.41107824444770813,0.0,0.091846325,0.035664883,1.000596,0.140242,0.074941166,4.389736e-06,-0.001963377,0.004950285,0.013033152,-0.007171361,0.031030918,0.021612179,0.1485,0.07868352,1.0,,,,,,,,,,,,,,,,,,,,,,,,,,,,,,,,,,,,,,,,,,,,
397.0,-0.014545505771842413,0.07386748492717743,0.0005961895221844316,0.4063968360424042,0.0,0.09243137,0.03597741,1.000596,0.14040941,0.07500596,4.4200647e-06,-0.0015339851,0.0046215057,0.013002396,0.10409498,-0.07757957,-0.007881781,0.148875,0.0788796,1.0,,,,,,,,,,,,,,,,,,,,,,,,,,,,,,,,,,,,,,,,,,,,
398.0,-0.014684163192120608,0.07367245852947235,0.0005961895221844316,0.4017089307308197,0.0,0.09301705,0.036290128,1.000596,0.14056358,0.075053,4.5079773e-06,-0.001562357,0.0047512054,0.013092279,-0.007204914,0.031029856,0.021620521,0.14925,0.079075664,1.0,,,,,,,,,,,,,,,,,,,,,,,,,,,,,,,,,,,,,,,,,,,,
399.0,-0.01482347080888417,0.07347618043422699,0.0005962371942587197,0.3970142900943756,0.0,0.093603395,0.036603052,1.000596,0.14072298,0.075101264,4.4607036e-06,-0.0011329651,0.004422426,0.013061285,0.104073375,-0.07756236,-0.007895703,0.149625,0.07927171,1.0,,,,,,,,,,,,,,,,,,,,,,,,,,,,,,,,,,,,,,,,,,,,
400.0,-0.0149624951116693,0.0732787474989891,0.0005962610011920333,0.3923133313655853,0.0,0.094190344,0.0369161,1.000596,0.14086913,0.07513179,4.5571032e-06,-0.0011613369,0.004552126,0.013151407,-0.007238454,0.031028787,0.02162885,0.15,0.07946773,1.0,,,,,,,,,,,,,,,,,,,,,,,,,,,,,,,,,,,,,,,,,,,,
401.0,-0.015102152140125922,0.0730801671743393,0.0005962610011920333,0.3876062333583832,0.0,0.094777934,0.03722928,1.0005962,0.14102052,0.07516355,4.50935e-06,-0.00073218346,0.0042233467,0.013120413,0.104051776,-0.07754516,-0.007909613,0.150375,0.07966374,1.0,,,,,,,,,,,,,,,,,,,,,,,,,,,,,,,,,,,,,,,,,,,,
402.0,-0.01524173370841245,0.07288048416376114,0.0005963087314739823,0.3828931450843811,0.0,0.09536609,0.037542522,1.0005962,0.14115867,0.07517757,4.2282118e-06,-0.00076055527,0.004352808,0.013210297,-0.0072719813,0.03102771,0.021637162,0.15075,0.07985972,1.0,,,,,,,,,,,,,,,,,,,,,,,,,,,,,,,,,,,,,,,,,,,,
403.0,-0.01538193986748743,0.07267971336841583,0.0005963087314739823,0.37817421555519104,0.0,0.09595485,0.037855826,1.0005962,0.14130205,0.07519285,4.2706215e-06,-0.0007548332,0.004024267,0.013179302,0.0024235665,-0.0788703,-0.007481184,0.151125,0.080055684,1.0,,,,,,,,,,,,,,,,,,,,,,,,,,,,,,,,,,,,,,,,,,,,
404.0,-0.015521580091530906,0.07247783988714218,0.0005963087314739823,0.37344956398010254,0.0,0.096544154,0.03816919,1.0005962,0.14143197,0.075207695,4.3171235e-06,-0.0012068748,0.004153967,0.013269186,-0.10888857,0.029698908,0.022041027,0.1515,0.08025163,1.0,,,,,,,,,,,,,,,,,,,,,,,,,,,,,,,,,,,,,,,,,,,,
405.0,-0.01566183210961126,0.07227487862110138,0.0005963087314739823,0.3687194883823395,0.0,0.09713402,0.038482696,1.0005962,0.14156692,0.075241104,4.2663964e-06,-0.0012011528,0.0038251877,0.013238192,0.002450072,-0.07887139,-0.0074491156,0.151875,0.08044755,1.0,,,,,,,,,,,,,,,,,,,,,,,,,,,,,,,,,,,,,,,,,,,,
406.0,-0.015801770412030604,0.07207092642784119,0.0005963087314739823,0.3639843463897705,0.0,0.097724386,0.038796335,1.0005962,0.14168838,0.07527407,4.3322034e-06,-0.001652956,0.0039548874,0.013328075,-0.1088747,0.02970413,0.022002136,0.15225,0.08064345,1.0,,,,,,,,,,,,,,,,,,,,,,,,,,,,,,,,,,,,,,,,,,,,
407.0,-0.01594226414266409,0.07186593115329742,0.0005963325384072959,0.35924410820007324,0.0,0.098315276,0.039110195,1.0005962,0.14181487,0.07532559,4.269752e-06,-0.0016469955,0.0036261082,0.013297319,0.0024765586,-0.078872465,-0.0074170497,0.152625,0.080839336,1.0,,,,,,,,,,,,,,,,,,,,,,,,,,,,,,,,,,,,,,,,,,,,
408.0,-0.016082618091504585,0.07165998220443726,0.0005963325384072959,0.3544991910457611,0.0,0.09890664,0.039424263,1.0005963,0.1419279,0.075376675,4.335752e-06,-0.0017910004,0.0037560463,0.013386965,-0.034954894,0.030692136,0.021695234,0.153,0.0810352,1.0,,,,,,,,,,,,,,,,,,,,,,,,,,,,,,,,,,,,,,,,,,,,
409.0,-0.01622355886113437,0.07145310193300247,0.0005963802104815841,0.34974977374076843,0.0,0.0994985,0.03973857,1.0005963,0.14204611,0.0754337,3.9226293e-06,-0.0014770031,0.003427267,0.013356209,0.07639102,-0.07787573,-0.007686562,0.153375,0.08123104,1.0,,,,,,,,,,,,,,,,,,,,,,,,,,,,,,,,,,,,,,,,,,,,
410.0,-0.01636415239718745,0.07124533504247665,0.0005963802104815841,0.34499645233154297,0.0,0.1000908,0.04005306,1.0005963,0.14215103,0.075477704,4.088856e-06,-0.0016210079,0.0035572052,0.013446093,-0.034975562,0.030692704,0.021690708,0.15375,0.08142687,1.0,,,,,,,,,,,,,,,,,,,,,,,,,,,,,,,,,,,,,,,,,,,,
411.0,-0.016505315840438472,0.07103665173053741,0.0005963802104815841,0.34023916721343994,0.0,0.100683555,0.04036776,1.0005963,0.14226115,0.07552766,4.0221753e-06,-0.0013072491,0.003228426,0.013415098,0.07638246,-0.077863604,-0.0076879333,0.154125,0.08162267,1.0,,,,,,,,,,,,,,,,,,,,,,,,,,,,,,,,,,,,,,,,,,,,
412.0,-0.01664611578359286,0.07082715630531311,0.0005964279407635331,0.3354785442352295,0.0,0.10127671,0.04068261,1.0005963,0.14235798,0.07556459,4.102198e-06,-0.0014512539,0.003358364,0.013504982,-0.034996223,0.030693268,0.021686174,0.1545,0.08181845,1.0,,,,,,,,,,,,,,,,,,,,,,,,,,,,,,,,,,,,,,,,,,,,
413.0,-0.016787466053090706,0.07061686366796494,0.0005964279407635331,0.3307146430015564,0.0,0.1018703,0.040997643,1.0005963,0.14245999,0.07560748,4.0578066e-06,-0.001137495,0.003029585,0.013473988,0.07637391,-0.077851474,-0.0076892995,0.154875,0.08201421,1.0,,,,,,,,,,,,,,,,,,,,,,,,,,,,,,,,,,,,,,,,,,,,
414.0,-0.01692843102657903,0.07040579617023468,0.0005964517476968467,0.3259481191635132,0.0,0.10246425,0.0413128,1.0005963,0.14254873,0.07563735,4.1277394e-06,-0.0012817383,0.003159523,0.013563871,-0.035016872,0.030693833,0.021681635,0.15525,0.08220995,1.0,,,,,,,,,,,,,,,,,,,,,,,,,,,,,,,,,,,,,,,,,,,,
415.0,-0.01706992360880231,0.07019399106502533,0.0005964517476968467,0.3211790919303894,0.0,0.10305859,0.041628104,1.0005964,0.14264266,0.075673185,4.0877667e-06,-0.00096797943,0.0028309822,0.013532639,0.07636536,-0.07783936,-0.00769066,0.155625,0.08240567,1.0,,,,,,,,,,,,,,,,,,,,,,,,,,,,,,,,,,,,,,,,,,,,
416.0,-0.017211012026974278,0.06998148560523987,0.0005964517476968467,0.31640806794166565,0.0,0.103653274,0.0419435,1.0005964,0.1427233,0.075696,3.7838809e-06,-0.0011122227,0.002960682,0.013622522,-0.035037514,0.030694395,0.021677088,0.156,0.08260137,1.0,,,,,,,,,,,,,,,,,,,,,,,,,,,,,,,,,,,,,,,,,,,,
417.0,-0.017352601107494595,0.06976830214262009,0.0005964517476968467,0.31163546442985535,0.0,0.10424831,0.042259023,1.0005964,0.14280917,0.07572478,3.8337316e-06,-0.0007984638,0.002632141,0.013591528,0.07635681,-0.077827245,-0.0076920157,0.156375,0.08279705,1.0,,,,,,,,,,,,,,,,,,,,,,,,,,,,,,,,,,,,,,,,,,,,
418.0,-0.017493757012361312,0.06955450773239136,0.0005964517476968467,0.30686184763908386,0.0,0.104843654,0.042574607,1.0005964,0.14288174,0.07574055,3.871834e-06,-0.00094270706,0.0027620792,0.013681412,-0.03505815,0.030694958,0.021672536,0.15675,0.0829927,1.0,,,,,,,,,,,,,,,,,,,,,,,,,,,,,,,,,,,,,,,,,,,,
419.0,-0.017635389301153284,0.06934008002281189,0.0005964994197711349,0.3020874559879303,0.0,0.10543931,0.042890284,1.0005964,0.14295952,0.075762294,3.843434e-06,-0.00062918663,0.0024335384,0.013650179,0.076348275,-0.077815145,-0.007693366,0.157125,0.08318834,1.0,,,,,,,,,,,,,,,,,,,,,,,,,,,,,,,,,,,,,,,,,,,,
420.0,-0.01777655981668104,0.06912510097026825,0.0005965471500530839,0.29731303453445435,0.0,0.10603525,0.043206,1.0005964,0.14302403,0.07577103,3.8950648e-06,-0.00077342987,0.0025634766,0.013740063,-0.03507877,0.030695517,0.021667978,0.1575,0.08338396,1.0,,,,,,,,,,,,,,,,,,,,,,,,,,,,,,,,,,,,,,,,,,,,
421.0,-0.017918177935379392,0.06890960037708282,0.0005965709569863975,0.2925388216972351,0.0,0.10663147,0.043521773,1.0005964,0.14309373,0.07578574,3.865538e-06,-0.00045990944,0.0022349358,0.01370883,0.07633974,-0.07780305,-0.007694711,0.157875,0.083579555,1.0,,,,,,,,,,,,,,,,,,,,,,,,,,,,,,,,,,,,,,,,,,,,
422.0,-0.018059305271591077,0.06869356334209442,0.0005965709569863975,0.2877655029296875,0.0,0.10722793,0.04383755,1.0005965,0.1431502,0.07578744,3.9125916e-06,-0.0006043911,0.002364874,0.013798714,-0.035099387,0.030696074,0.021663412,0.15825,0.08377513,1.0,,,,,,,,,,,,,,,,,,,,,,,,,,,,,,,,,,,,,,,,,,,,
423.0,-0.018200846319334597,0.0684770718216896,0.0005965709569863975,0.28299352526664734,0.0,0.107824646,0.044153366,1.0005965,0.14321184,0.07579513,3.5182609e-06,-0.00029087067,0.002036333,0.013767242,0.076331206,-0.07779096,-0.00769605,0.158625,0.08397068,1.0,,,,,,,,,,,,,,,,,,,,,,,,,,,,,,,,,,,,,,,,,,,,
424.0,-0.018342398913067885,0.06826019287109375,0.0005965709569863975,0.2782237231731415,0.0,0.108421564,0.044469155,1.0005965,0.14326024,0.07578981,3.6461345e-06,-0.00043535233,0.0021662712,0.013857126,-0.03511999,0.03069663,0.021658842,0.159,0.084166214,1.0,,,,,,,,,,,,,,,,,,,,,,,,,,,,,,,,,,,,,,,,,,,,
425.0,-0.018483623812353748,0.06804285943508148,0.0005965709569863975,0.27345648407936096,0.0,0.109018706,0.04478495,1.0005965,0.14331384,0.07579049,3.6028055e-06,-0.000121831894,0.0018377304,0.013825893,0.076322675,-0.07777888,-0.007697385,0.159375,0.08436173,1.0,,,,,,,,,,,,,,,,,,,,,,,,,,,,,,,,,,,,,,,,,,,,
426.0,-0.018625251812519946,0.06782517582178116,0.0005965709569863975,0.2686925232410431,0.0,0.10961602,0.045100693,1.0005965,0.14335419,0.07577816,3.6434271e-06,-0.00026655197,0.0019676685,0.013915777,-0.03514059,0.030697186,0.021654265,0.15975,0.08455722,1.0,,,,,,,,,,,,,,,,,,,,,,,,,,,,,,,,,,,,,,,,,,,,
427.0,-0.01876620211971895,0.06760716438293457,0.0005966186290606856,0.26393261551856995,0.0,0.11021352,0.045416407,1.0005965,0.14339975,0.075771816,3.622636e-06,4.696846e-05,0.0016393661,0.013884306,0.076314144,-0.07776681,-0.007698714,0.160125,0.08475269,1.0,,,,,,,,,,,,,,,,,,,,,,,,,,,,,,,,,,,,,,,,,,,,
428.0,-0.01890772942136664,0.06738884747028351,0.0005966186290606856,0.25917738676071167,0.0,0.11081115,0.045732044,1.0005965,0.14343205,0.07575248,3.6531344e-06,-9.775162e-05,0.0017693043,0.01397419,-0.03516118,0.030697737,0.021649681,0.1605,0.08494814,1.0,,,,,,,,,,,,,,,,,,,,,,,,,,,,,,,,,,,,,,,,,,,,
429.0,-0.019048269776807323,0.06717026233673096,0.0005966424942016602,0.25442764163017273,0.0,0.11140894,0.046047624,1.0005965,0.14346959,0.075739145,3.6367717e-06,0.0002155304,0.0014407635,0.0139427185,0.07630562,-0.07775475,-0.007700037,0.160875,0.085143566,1.0,,,,,,,,,,,,,,,,,,,,,,,,,,,,,,,,,,,,,,,,,,,,
430.0,-0.019189531868791528,0.06695142388343811,0.0005966901662759483,0.24968427419662476,0.0,0.11200683,0.046363093,1.0005966,0.14349386,0.075712815,3.6614022e-06,7.081032e-05,0.0015707016,0.014032602,-0.035181757,0.030698288,0.02164509,0.16125,0.08533897,1.0,,,,,,,,,,,,,,,,,,,,,,,,,,,,,,,,,,,,,,,,,,,,
431.0,-0.019330313944101913,0.06673245131969452,0.0005966901662759483,0.24494808912277222,0.0,0.11260484,0.04667848,1.0005966,0.14352335,0.07569249,3.280539e-06,0.00038409233,0.0012423992,0.014000893,0.076297104,-0.077742696,-0.0077013555,0.161625,0.08553436,1.0,,,,,,,,,,,,,,,,,,,,,,,,,,,,,,,,,,,,,,,,,,,,
432.0,-0.019470850552176854,0.06651324033737183,0.0005966901662759483,0.24021999537944794,0.0,0.11320292,0.046993725,1.0005966,0.1435396,0.07565917,3.3859335e-06,0.00023937225,0.0013723373,0.014091015,-0.035202324,0.03069884,0.021640493,0.162,0.08572972,1.0,,,,,,,,,,,,,,,,,,,,,,,,,,,,,,,,,,,,,,,,,,,,
433.0,-0.019611111663873727,0.0662938803434372,0.0005966901662759483,0.2355009764432907,0.0,0.1138011,0.04730886,1.0005966,0.14356107,0.07563186,3.3560868e-06,0.00055265427,0.001044035,0.014059305,0.07628858,-0.07773065,-0.0077026687,0.162375,0.08592506,1.0,,,,,,,,,,,,,,,,,,,,,,,,,,,,,,,,,,,,,,,,,,,,
434.0,-0.01975106764871707,0.06607436388731003,0.0005966901662759483,0.23079203069210052,0.0,0.1143993,0.047623824,1.0005966,0.14356929,0.075591564,3.3742394e-06,0.00040769577,0.0011739731,0.014149189,-0.035222888,0.030699387,0.02163589,0.16275,0.08612038,1.0,,,,,,,,,,,,,,,,,,,,,,,,,,,,,,,,,,,,,,,,,,,,
435.0,-0.019890683550086944,0.06585478037595749,0.0005966901662759483,0.2260943353176117,0.0,0.114997566,0.047938645,1.0005966,0.14358275,0.07555728,3.3669294e-06,0.0007209778,0.0008456707,0.014117479,0.07628007,-0.07771861,-0.0077039767,0.163125,0.08631568,1.0,,,,,,,,,,,,,,,,,,,,,,,,,,,,,,,,,,,,,,,,,,,,
436.0,-0.02002992699986953,0.0656350702047348,0.0005967378383502364,0.22140900790691376,0.0,0.115595825,0.04825327,1.0005966,0.14358297,0.07551,3.3749732e-06,0.00057578087,0.00097584724,0.014207363,-0.03524344,0.030699933,0.021631282,0.1635,0.08651096,1.0,,,,,,,,,,,,,,,,,,,,,,,,,,,,,,,,,,,,,,,,,,,,
437.0,-0.020168757434569674,0.06541533768177032,0.0005967617034912109,0.21673732995986938,0.0,0.116194114,0.048567723,1.0005966,0.14358841,0.075468756,3.372089e-06,0.0008890629,0.00064754486,0.014175653,0.076271564,-0.077706575,-0.007705279,0.163875,0.08670621,1.0,,,,,,,,,,,,,,,,,,,,,,,,,,,,,,,,,,,,,,,,,,,,
438.0,-0.020307135879750148,0.06519556045532227,0.0005967617034912109,0.2120806872844696,0.0,0.116792366,0.04888195,1.0005968,0.14358063,0.07541452,3.37428e-06,0.00074386597,0.000777483,0.014265537,-0.03526398,0.030700479,0.021626666,0.16425,0.08690145,1.0,,,,,,,,,,,,,,,,,,,,,,,,,,,,,,,,,,,,,,,,,,,,
439.0,-0.02044502095943117,0.0649757981300354,0.0005967617034912109,0.20744040608406067,0.0,0.1173906,0.049195975,1.0005968,0.14357807,0.07536631,3.0068925e-06,0.001057148,0.0004491806,0.014233589,0.076263055,-0.07769455,-0.007706576,0.164625,0.08709666,1.0,,,,,,,,,,,,,,,,,,,,,,,,,,,,,,,,,,,,,,,,,,,,
440.0,-0.020582360341371536,0.06475599855184555,0.0005967617034912109,0.20281822979450226,0.0,0.11798878,0.04950975,1.0005968,0.14356229,0.07530512,3.0898623e-06,0.00091195107,0.00057935715,0.014323711,-0.035284515,0.03070102,0.021622043,0.165,0.08729185,1.0,,,,,,,,,,,,,,,,,,,,,,,,,,,,,,,,,,,,,,,,,,,,
441.0,-0.020719108602221877,0.06453629583120346,0.0005968093755654991,0.19821572303771973,0.0,0.11858691,0.049823288,1.0005968,0.14355174,0.07524996,3.0734896e-06,0.0012249947,0.00025105476,0.014291763,0.076254554,-0.07768253,-0.0077078682,0.165375,0.08748702,1.0,,,,,,,,,,,,,,,,,,,,,,,,,,,,,,,,,,,,,,,,,,,,
442.0,-0.020855210429960427,0.06431662291288376,0.0005968093755654991,0.19363471865653992,0.0,0.11918495,0.050136548,1.0005968,0.14352795,0.07518183,3.0692315e-06,0.0010795593,0.0003809929,0.014381647,-0.03530504,0.030701563,0.021617416,0.16575,0.087682165,1.0,,,,,,,,,,,,,,,,,,,,,,,,,,,,,,,,,,,,,,,,,,,,
443.0,-0.02099060476820505,0.0640970841050148,0.0005968093755654991,0.1890772432088852,0.0,0.1197829,0.050449546,1.0005968,0.14350942,0.07511972,3.0753931e-06,0.0013926029,5.2928925e-05,0.014349699,0.07624605,-0.07767052,-0.007709155,0.166125,0.08787729,1.0,,,,,,,,,,,,,,,,,,,,,,,,,,,,,,,,,,,,,,,,,,,,
444.0,-0.02112537341050402,0.06387762725353241,0.0005968570476397872,0.18454542756080627,0.0,0.12038073,0.050762232,1.0005968,0.14347766,0.07504465,3.061041e-06,0.001247406,0.00018286705,0.014439583,-0.035325557,0.030702103,0.02161278,0.1665,0.08807239,1.0,,,,,,,,,,,,,,,,,,,,,,,,,,,,,,,,,,,,,,,,,,,,
445.0,-0.02125902758808461,0.06365834176540375,0.0005968570476397872,0.18004152178764343,0.0,0.12097844,0.05107463,1.0005968,0.14345114,0.07497561,3.071626e-06,0.0015602112,-0.00014519691,0.014407635,0.07623756,-0.07765852,-0.0077104364,0.166875,0.088267475,1.0,,,,,,,,,,,,,,,,,,,,,,,,,,,,,,,,,,,,,,,,,,,,
446.0,-0.02139222495953236,0.06343919038772583,0.0005968570476397872,0.1755681037902832,0.0,0.12157599,0.051386688,1.0005968,0.14341141,0.0748936,3.051436e-06,0.0014150143,-1.50203705e-05,0.014497519,-0.035346065,0.030702641,0.02160814,0.16725,0.08846253,1.0,,,,,,,,,,,,,,,,,,,,,,,,,,,,,,,,,,,,,,,,,,,,
447.0,-0.02152396635625719,0.06322027742862701,0.0005968809127807617,0.17112790048122406,0.0,0.12217339,0.051698428,1.0005968,0.14337692,0.07481764,3.0654446e-06,0.0017278194,-0.00034332275,0.014465332,0.076229066,-0.07764653,-0.0077117123,0.167625,0.088657565,1.0,,,,,,,,,,,,,,,,,,,,,,,,,,,,,,,,,,,,,,,,,,,,
448.0,-0.021655077357504434,0.06300155818462372,0.0005968809127807617,0.16672396659851074,0.0,0.12277059,0.052009795,1.0005969,0.14332922,0.07472871,3.0396552e-06,0.0015823841,-0.00021314621,0.014555454,-0.03536656,0.030703178,0.021603493,0.168,0.088852584,1.0,,,,,,,,,,,,,,,,,,,,,,,,,,,,,,,,,,,,,,,,,,,,
449.0,-0.021784546507689267,0.06278307735919952,0.0005968809127807617,0.16235946118831635,0.0,0.12336762,0.05232082,1.0005969,0.14328675,0.07464583,2.6891025e-06,0.0018951893,-0.0005412102,0.014523268,0.07622057,-0.07763454,-0.007712983,0.168375,0.08904757,1.0,,,,,,,,,,,,,,,,,,,,,,,,,,,,,,,,,,,,,,,,,,,,
450.0,-0.02191322962977447,0.06256487965583801,0.0005968809127807617,0.15803812444210052,0.0,0.12396442,0.052631445,1.0005969,0.14323108,0.07454999,2.7441229e-06,0.0017495155,-0.00041127205,0.01461339,-0.03538705,0.030703714,0.02159884,0.16875,0.08924255,1.0,,,,,,,,,,,,,,,,,,,,,,,,,,,,,,,,,,,,,,,,,,,,
451.0,-0.022040456292796266,0.062346965074539185,0.0005968809127807617,0.15376384556293488,0.0,0.124561004,0.0529417,1.0005969,0.14318067,0.0744602,2.7445785e-06,0.0020623207,-0.0007390976,0.014580965,0.076212086,-0.07762256,-0.0077142487,0.169125,0.08943749,1.0,,,,,,,,,,,,,,,,,,,,,,,,,,,,,,,,,,,,,,,,,,,,
452.0,-0.02216646365361657,0.06212937831878662,0.0005968809127807617,0.14954107999801636,0.0,0.12515733,0.05325152,1.0005969,0.14311704,0.07435745,2.7123906e-06,0.001916647,-0.00060915947,0.014671087,-0.035407532,0.030704247,0.02159418,0.1695,0.089632414,1.0,,,,,,,,,,,,,,,,,,,,,,,,,,,,,,,,,,,,,,,,,,,,
453.0,-0.022290511661482198,0.0619121678173542,0.0005968809127807617,0.14537443220615387,0.0,0.1257534,0.05356094,1.0005969,0.14305867,0.07426076,2.7353774e-06,0.0022294521,-0.000936985,0.014638662,0.07620361,-0.0776106,-0.0077155093,0.169875,0.08982732,1.0,,,,,,,,,,,,,,,,,,,,,,,,,,,,,,,,,,,,,,,,,,,,
454.0,-0.022413176079511325,0.06169528886675835,0.000596976256929338,0.14126922190189362,0.0,0.12634918,0.053869903,1.0005969,0.1429871,0.07415111,2.6931136e-06,0.0020837784,-0.0008070469,0.014728785,-0.035428002,0.03070478,0.021589514,0.17025,0.0900222,1.0,,,,,,,,,,,,,,,,,,,,,,,,,,,,,,,,,,,,,,,,,,,,
455.0,-0.022533149681238047,0.06147884204983711,0.000596976256929338,0.1372312754392624,0.0,0.12694469,0.054178435,1.0005969,0.14292078,0.07404752,2.7205206e-06,0.0023963451,-0.0011348724,0.01469636,0.07619513,-0.07759863,-0.007716764,0.170625,0.09021706,1.0,,,,,,,,,,,,,,,,,,,,,,,,,,,,,,,,,,,,,,,,,,,,
456.0,-0.022651375581336293,0.061262767761945724,0.000596976256929338,0.13326691091060638,0.0,0.12753986,0.05448648,1.0005969,0.14284126,0.073930986,2.6724372e-06,0.0022506714,-0.0010049343,0.014786243,-0.03544846,0.03070531,0.021584842,0.171,0.090411894,1.0,,,,,,,,,,,,,,,,,,,,,,,,,,,,,,,,,,,,,,,,,,,,
457.0,-0.022766726243501584,0.06104721501469612,0.0005970001220703125,0.12938307225704193,0.0,0.12813473,0.054794066,1.0005969,0.14276701,0.07382052,2.703265e-06,0.0025632381,-0.0013327599,0.0147538185,0.07618665,-0.07758668,-0.007718014,0.171375,0.090606704,1.0,,,,,,,,,,,,,,,,,,,,,,,,,,,,,,,,,,,,,,,,,,,,
458.0,-0.02287988948095281,0.06083212047815323,0.0005970001220703125,0.12558749318122864,0.0,0.12872922,0.055101138,1.000597,0.14267956,0.0736971,2.6496004e-06,0.002417326,-0.0012025833,0.014843941,-0.035468917,0.03070584,0.021580163,0.17175,0.0908015,1.0,,,,,,,,,,,,,,,,,,,,,,,,,,,,,,,,,,,,,,,,,,,,
459.0,-0.022989694040333967,0.060617584735155106,0.0005970001220703125,0.12188859283924103,0.0,0.12932338,0.055407718,1.000597,0.14259738,0.07357975,2.3158643e-06,0.0027298927,-0.0015306473,0.014811277,0.07617818,-0.07757473,-0.007719259,0.172125,0.090996265,1.0,,,,,,,,,,,,,,,,,,,,,,,,,,,,,,,,,,,,,,,,,,,,
460.0,-0.023096778406280653,0.060403574258089066,0.0005970001220703125,0.11829569935798645,0.0,0.12991713,0.055713758,1.000597,0.142502,0.073449455,2.3430268e-06,0.0025839806,-0.0014004707,0.0149014,-0.03548936,0.030706367,0.021575479,0.1725,0.09119101,1.0,,,,,,,,,,,,,,,,,,,,,,,,,,,,,,,,,,,,,,,,,,,,
461.0,-0.02319992402560129,0.060190193355083466,0.0005970001220703125,0.11481885612010956,0.0,0.13051052,0.05601928,1.000597,0.14241189,0.07332524,2.3602954e-06,0.0028965473,-0.0017282963,0.014868736,0.076169714,-0.077562794,-0.007720498,0.172875,0.09138573,1.0,,,,,,,,,,,,,,,,,,,,,,,,,,,,,,,,,,,,,,,,,,,,
462.0,-0.10329971573884869,0.05997741222381592,0.0005970001220703125,0.11146914958953857,1.0,0.13110347,0.05632423,1.000597,0.1423086,0.07318808,2.3002694e-06,0.0027506351,-0.0015981197,0.0149588585,-0.035509795,0.030706894,0.021570787,0.17325,0.09158043,1.0,,,,,,,,,,,,,,,,,,,,,,,,,,,,,,,,,,,,,,,,,,,,
