step,reward,mean_form_error_m,mean_z_error_m,min_dyn_distance_m,collision_flag,x_m,y_m,z_m,vx_mps,vy_mps,vz_mps,roll_rad,pitch_rad,yaw_rad,wx_rps,wy_rps,wz_rps,x_des_m,y_des_m,z_des_m,ic_pos_jitter_d0_x_m,ic_pos_jitter_d0_y_m,ic_pos_jitter_d0_z_m,ic_yaw_jitter_d0_rad,ic_vel_jitter_d0_x_mps,ic_vel_jitter_d0_y_mps,ic_vel_jitter_d0_z_mps,ic_pos_jitter_d1_x_m,ic_pos_jitter_d1_y_m,ic_pos_jitter_d1_z_m,ic_yaw_jitter_d1_rad,ic_vel_jitter_d1_x_mps,ic_vel_jitter_d1_y_mps,ic_vel_jitter_d1_z_mps,ic_pos_jitter_d2_x_m,ic_pos_jitter_d2_y_m,ic_pos_jitter_d2_z_m,ic_yaw_jitter_d2_rad,ic_vel_jitter_d2_x_mps,ic_vel_jitter_d2_y_mps,ic_vel_jitter_d2_z_mps,ic_pos_jitter_d3_x_m,ic_pos_jitter_d3_y_m,ic_pos_jitter_d3_z_m,ic_yaw_jitter_d3_rad,ic_vel_jitter_d3_x_mps,ic_vel_jitter_d3_y_mps,ic_vel_jitter_d3_z_mps,ic_pos_jitter_d4_x_m,ic_pos_jitter_d4_y_m,ic_pos_jitter_d4_z_m,ic_yaw_jitter_d4_rad,ic_vel_jitter_d4_x_mps,ic_vel_jitter_d4_y_mps,ic_vel_jitter_d4_z_mps,ic_obstacle_jitter_x_m,ic_obstacle_jitter_y_m,ic_obstacle_jitter_z_m,ic_dynamic_jitter_x_m,ic_dynamic_jitter_y_m,ic_dynamic_jitter_z_m,episode,max_steps,timestamp_unix
,,,,,,,,,,,,,,,,,,,,,0.279432111268132,-0.26564706661919074,0.17833477104662415,0.0031925747202509736,0.030979913675828197,0.012770777659468324,-0.020912779276307608,0.03310437866130134,0.02950806174002929,-0.14547592192998307,-0.08476579386610228,-0.19823106403766866,-0.14434063994510776,-0.01360816875659926,-0.16779534949925848,-0.25058121945926176,-0.1452064826600413,-0.17103469117936268,0.0039551405380781335,0.015437180843105386,-0.1155750251293088,-0.16737321243246686,0.278198543480732,-0.11668697729147032,0.1571460483472631,0.010454101536040039,-0.011934136984648347,0.1519613313895633,0.00392862460773602,0.11408242102837213,0.07949940583599163,-0.17891358269341062,-0.16202636504204193,0.12165435538878949,0.09335130725087781,-0.3519218159908696,0.15805565001810784,0.11853658475891782,-0.15500349906421873,-0.20415655270078645,0.22341671031784516,77.0,1000.0,1764625030.0962172
0.0,-0.002581780379541553,0.0004303082241676748,6.747245788574219e-05,1.1984996795654297,0.0,0.0,0.0,1.0000675,0.0,0.0,1.5161439e-05,0.0,0.0,0.0,0.0,0.0,0.0,0.0,0.0,1.0,,,,,,,,,,,,,,,,,,,,,,,,,,,,,,,,,,,,,,,,,,,,
1.0,-0.0025850712617457544,0.0008526862366124988,6.759166717529297e-05,1.1984530687332153,0.0,0.0,0.0,1.0000675,0.0,0.0,1.4772063e-05,0.0,0.0,0.0,0.0,0.0,0.0,0.000375,0.0002,1.0,,,,,,,,,,,,,,,,,,,,,,,,,,,,,,,,,,,,,,,,,,,,
2.0,-0.002587095799723626,0.0012767300941050053,6.759166717529297e-05,1.1983833312988281,0.0,0.0,0.0,1.0000676,0.0,0.0,1.486348e-05,-0.00012803078,0.00023984909,0.0,-0.030714178,0.057589088,0.0,0.00075,0.00039999993,1.0,,,,,,,,,,,,,,,,,,,,,,,,,,,,,,,,,,,,,,,,,,,,
3.0,-0.0025897672091968393,0.0017012851312756538,6.771087646484375e-05,1.1982905864715576,0.0,4.086687e-08,2.1795662e-08,1.0000676,9.808048e-06,5.230959e-06,1.4472576e-05,0.00020241737,2.1457672e-05,0.0,0.07927969,-0.052410748,-1.2316217e-05,0.001125,0.0005999998,1.0,,,,,,,,,,,,,,,,,,,,,,,,,,,,,,,,,,,,,,,,,,,,
4.0,-0.002592442559522761,0.0021259193308651447,6.771087646484375e-05,1.198175072669983,0.0,8.539997e-08,9.122894e-09,1.0000677,1.0687943e-05,-3.0414644e-06,1.4565016e-05,7.43866e-05,0.00026154518,1.1920929e-06,-0.03072544,0.05758821,0.00028527447,0.0015,0.00079999946,1.0,,,,,,,,,,,,,,,,,,,,,,,,,,,,,,,,,,,,,,,,,,,,
5.0,-0.00259512320587478,0.002550716046243906,6.783008575439453e-05,1.1980366706848145,0.0,1.7446476e-07,-1.6207034e-08,1.0000677,2.137555e-05,-6.0791826e-06,1.417472e-05,0.00040459633,4.3153763e-05,-2.4080276e-05,0.07926684,-0.05241106,-0.0060845534,0.001875,0.000999999,1.0,,,,,,,,,,,,,,,,,,,,,,,,,,,,,,,,,,,,,,,,,,,,
6.0,-0.0025978080026191493,0.0029755160212516785,6.783008575439453e-05,1.1978758573532104,0.0,2.708586e-07,-1.10442976e-07,1.0000678,2.3134528e-05,-2.2616627e-05,1.4264478e-05,0.00027656555,0.00028300285,7.224083e-05,-0.030735558,0.05757703,0.023127267,0.00225,0.0011999982,1.0,,,,,,,,,,,,,,,,,,,,,,,,,,,,,,,,,,,,,,,,,,,,
7.0,-0.0026004976252361305,0.003400396090000868,6.794929504394531e-05,1.1976925134658813,0.0,4.1544385e-07,-2.5175626e-07,1.0000678,3.4700453e-05,-3.391519e-05,1.3875659e-05,0.0006067753,6.4611435e-05,4.673004e-05,0.07925311,-0.052409466,-0.0061006187,0.002625,0.0013999972,1.0,,,,,,,,,,,,,,,,,,,,,,,,,,,,,,,,,,,,,,,,,,,,
8.0,-0.0026031910244217215,0.0038253036327660084,6.794929504394531e-05,1.1974869966506958,0.0,5.710174e-07,-4.963793e-07,1.000068,3.7337642e-05,-5.8709535e-05,1.39625345e-05,0.0004787445,0.00030446053,0.00014328957,-0.030756464,0.057564907,0.023135802,0.003,0.0015999958,1.0,,,,,,,,,,,,,,,,,,,,,,,,,,,,,,,,,,,,,,,,,,,,
9.0,-0.0026058894562453134,0.004250270314514637,6.80685043334961e-05,1.1972593069076538,0.0,7.784354e-07,-8.224607e-07,1.000068,4.978032e-05,-7.825954e-05,1.3575241e-05,0.0008087158,8.606911e-05,0.00011777878,0.079239376,-0.052407872,-0.006116672,0.003375,0.0017999939,1.0,,,,,,,,,,,,,,,,,,,,,,,,,,,,,,,,,,,,,,,,,,,,
10.0,-0.0026085914669351047,0.00467525003477931,6.80685043334961e-05,1.197009563446045,0.0,1.0004943e-06,-1.2862165e-06,1.0000681,5.329414e-05,-0.000111301386,1.3659225e-05,0.00068068504,0.0003259182,0.00021409988,-0.030777361,0.05755279,0.023144327,0.00375,0.0019999917,1.0,,,,,,,,,,,,,,,,,,,,,,,,,,,,,,,,,,,,,,,,,,,,
11.0,-0.002611298638139852,0.005100291687995195,6.818771362304688e-05,1.1967382431030273,0.0,1.2780442e-06,-1.8657724e-06,1.0000681,6.6611996e-05,-0.00013909343,1.327346e-05,0.0010106564,0.00010752678,0.0001885891,0.07922566,-0.052406278,-0.006132712,0.004125,0.0021999888,1.0,,,,,,,,,,,,,,,,,,,,,,,,,,,,,,,,,,,,,,,,,,,,
12.0,-0.0026140090646153127,0.00552537152543664,6.818771362304688e-05,1.196445345878601,0.0,1.5738813e-06,-2.6173282e-06,1.0000682,7.100088e-05,-0.00018037339,1.3354555e-05,0.00088238716,0.00034737587,0.00028514862,-0.030798247,0.057540674,0.02315284,0.0045,0.0023999857,1.0,,,,,,,,,,,,,,,,,,,,,,,,,,,,,,,,,,,,,,,,,,,,
13.0,-0.0026167251528131626,0.005950517952442169,6.830692291259766e-05,1.1961307525634766,0.0,1.9288493e-06,-3.5189871e-06,1.0000682,8.519234e-05,-0.0002163981,1.297032e-05,0.0012123585,0.00012874603,0.00025963783,0.07921194,-0.052404687,-0.0061487397,0.004875,0.0025999816,1.0,,,,,,,,,,,,,,,,,,,,,,,,,,,,,,,,,,,,,,,,,,,,
14.0,-0.002619444266849678,0.006375717930495739,6.830692291259766e-05,1.1957950592041016,0.0,2.305744e-06,-4.626932e-06,1.0000683,9.045471e-05,-0.00026590677,1.3048528e-05,0.0010840893,0.00036859512,0.00035619736,-0.030819124,0.05752856,0.023161342,0.00525,0.002799977,1.0,,,,,,,,,,,,,,,,,,,,,,,,,,,,,,,,,,,,,,,,,,,,
15.0,-0.0026221692288458153,0.006801001727581024,6.830692291259766e-05,1.195438265800476,0.0,2.7454032e-06,-5.9192434e-06,1.0000683,0.0001055182,-0.00031015475,1.2665822e-05,0.0014138222,0.0001502037,0.00033044815,0.079198234,-0.052403096,-0.0061647547,0.005625,0.0029999719,1.0,,,,,,,,,,,,,,,,,,,,,,,,,,,,,,,,,,,,,,,,,,,,
16.0,-0.0026248979999112638,0.007226338144391775,6.842613220214844e-05,1.1950604915618896,0.0,3.2106218e-06,-7.452088e-06,1.0000683,0.000111652495,-0.00036788278,1.2741145e-05,0.001285553,0.00038981438,0.00042700768,-0.030839989,0.057516444,0.023169836,0.006,0.003199966,1.0,,,,,,,,,,,,,,,,,,,,,,,,,,,,,,,,,,,,,,,,,,,,
17.0,-0.0026276314352795455,0.007651773747056723,6.842613220214844e-05,1.1946619749069214,0.0,3.7422326e-06,-9.203526e-06,1.0000684,0.00012758658,-0.00042034514,1.2727901e-05,0.0016152859,0.00017142296,0.00040125847,0.07918454,-0.052401505,-0.0061807567,0.006375,0.003399959,1.0,,,,,,,,,,,,,,,,,,,,,,,,,,,,,,,,,,,,,,,,,,,,
18.0,-0.0026303697867333543,0.008077281527221203,6.854534149169922e-05,1.1942428350448608,0.0,4.303029e-06,-1.1229703e-05,1.0000684,0.00013459113,-0.00048628237,1.234603e-05,0.0014867783,0.00041103363,0.000497818,-0.030860843,0.05750433,0.023178317,0.00675,0.0035999515,1.0,,,,,,,,,,,,,,,,,,,,,,,,,,,,,,,,,,,,,,,,,,,,
19.0,-0.0026331121040464502,0.008502895012497902,6.854534149169922e-05,1.193803310394287,0.0,4.933838e-06,-1.3508659e-05,1.0000685,0.00015139415,-0.0005469495,1.2440976e-05,0.0018167496,0.00019264221,0.0004720688,0.079170845,-0.052399915,-0.0061967466,0.007125,0.0037999428,1.0,,,,,,,,,,,,,,,,,,,,,,,,,,,,,,,,,,,,,,,,,,,,
20.0,-0.0026358596433077785,0.008928598836064339,6.866455078125e-05,1.1933434009552002,0.0,5.5974524e-06,-1.6096523e-05,1.0000685,0.00015926745,-0.0006210872,1.2031187e-05,0.0016880035,0.00043225288,0.0005686283,-0.030881688,0.05749222,0.023186788,0.0075,0.003999933,1.0,,,,,,,,,,,,,,,,,,,,,,,,,,,,,,,,,,,,,,,,,,,,
21.0,-0.002638611318993208,0.009354406967759132,6.866455078125e-05,1.1928637027740479,0.0,6.3346934e-06,-1.8971312e-05,1.0000687,0.0001769378,-0.0006899496,1.2133543e-05,0.0020177364,0.00021362305,0.0005428791,0.07915716,-0.052398328,-0.006212724,0.007875,0.004199923,1.0,,,,,,,,,,,,,,,,,,,,,,,,,,,,,,,,,,,,,,,,,,,,
22.0,-0.002641367468726821,0.00978031288832426,6.866455078125e-05,1.1923638582229614,0.0,7.1083527e-06,-2.2189139e-05,1.0000687,0.00018567828,-0.0007722784,1.1719496e-05,0.0018892288,0.00045323372,0.00063943863,-0.030902522,0.057480104,0.023195248,0.00825,0.004399911,1.0,,,,,,,,,,,,,,,,,,,,,,,,,,,,,,,,,,,,,,,,,,,,
23.0,-0.002644129698771577,0.010206373408436775,6.878376007080078e-05,1.1918445825576782,0.0,7.9592455e-06,-2.5728e-05,1.0000687,0.00020421436,-0.0008493267,1.18237085e-05,0.0022187233,0.00023460388,0.0006136894,0.07914348,-0.05239674,-0.0062286886,0.008625,0.0045998986,1.0,,,,,,,,,,,,,,,,,,,,,,,,,,,,,,,,,,,,,,,,,,,,
24.0,-0.0026454064377176125,0.010632499121129513,6.878376007080078e-05,1.1913056373596191,0.0,8.850165e-06,-2.9643992e-05,1.0000688,0.00021382053,-0.0009398381,1.1774639e-05,0.0020902157,0.00047421455,0.00071024895,-0.030923344,0.057467997,0.023203699,0.009,0.0047998847,1.0,,,,,,,,,,,,,,,,,,,,,,,,,,,,,,,,,,,,,,,,,,,,
25.0,-0.002648977480463509,0.011058768257498741,6.890296936035156e-05,1.1907472610473633,0.0,9.821917e-06,-3.3915083e-05,1.0000688,0.00023322056,-0.001025062,1.1426093e-05,0.0018246174,0.00025558472,0.00068449974,-0.063701086,-0.052496616,-0.0061769057,0.009375,0.00499987,1.0,,,,,,,,,,,,,,,,,,,,,,,,,,,,,,,,,,,,,,,,,,,,
26.0,-0.0026502638626858246,0.011485115624964237,6.890296936035156e-05,1.1901700496673584,0.0,1.0837225e-05,-3.8496e-05,1.0000689,0.00024367384,-0.0010994202,1.1532429e-05,0.0020172596,0.0004951954,0.00078105927,0.046231385,0.05752559,0.023158185,0.00975,0.0051998533,1.0,,,,,,,,,,,,,,,,,,,,,,,,,,,,,,,,,,,,,,,,,,,,
27.0,-0.002653842459201408,0.01191156916320324,6.890296936035156e-05,1.189574122428894,0.0,1.19369315e-05,-4.3419477e-05,1.0000689,0.00026392963,-0.0011816343,1.112072e-05,0.0017518997,0.00027680397,0.00075531006,-0.06369959,-0.05249727,-0.0061755423,0.010125,0.0053998358,1.0,,,,,,,,,,,,,,,,,,,,,,,,,,,,,,,,,,,,,,,,,,,,
28.0,-0.002655136637366377,0.012338077649474144,6.902217864990234e-05,1.1889592409133911,0.0,1.3083759e-05,-4.8640242e-05,1.0000689,0.00027523848,-0.0012529837,1.12412845e-05,0.0019445419,0.0005161762,0.0008518696,0.046225708,0.057534847,0.023149235,0.0105,0.0055998173,1.0,,,,,,,,,,,,,,,,,,,,,,,,,,,,,,,,,,,,,,,,,,,,
29.0,-0.0026587249303920545,0.012764709070324898,6.902217864990234e-05,1.1883258819580078,0.0,1.4318554e-05,-5.419103e-05,1.000069,0.0002963511,-0.0013321892,1.1194531e-05,0.0016789436,0.0002977848,0.00082588196,-0.0636981,-0.052497927,-0.0061741746,0.010875,0.005799797,1.0,,,,,,,,,,,,,,,,,,,,,,,,,,,,,,,,,,,,,,,,,,,,
30.0,-0.002660027012691717,0.013191387057304382,6.914138793945312e-05,1.1876744031906128,0.0,1.5604039e-05,-6.002657e-05,1.000069,0.00030851626,-0.0014005295,1.0860882e-05,0.0018718243,0.0005373955,0.0009224415,0.046220034,0.057544097,0.023140285,0.01125,0.005999775,1.0,,,,,,,,,,,,,,,,,,,,,,,,,,,,,,,,,,,,,,,,,,,,
31.0,-0.002663623223055038,0.013618171215057373,6.914138793945312e-05,1.187004804611206,0.0,1.6981066e-05,-6.61796e-05,1.0000691,0.0003304865,-0.0014767264,1.0921135e-05,0.001606226,0.00031876564,0.0008966923,-0.06369661,-0.052498586,-0.006172802,0.011625,0.0061997515,1.0,,,,,,,,,,,,,,,,,,,,,,,,,,,,,,,,,,,,,,,,,,,,
32.0,-0.0026649337263152124,0.014045007526874542,6.914138793945312e-05,1.1863173246383667,0.0,1.8412355e-05,-7.2604846e-05,1.0000691,0.00034350902,-0.0015420588,1.0561761e-05,0.0017988682,0.0005583763,0.0009930134,0.046214364,0.057553343,0.023131331,0.012,0.006399727,1.0,,,,,,,,,,,,,,,,,,,,,,,,,,,,,,,,,,,,,,,,,,,,
33.0,-0.002668538747701678,0.014471891336143017,6.92605972290039e-05,1.1856120824813843,0.0,1.9938761e-05,-7.933504e-05,1.0000691,0.0003663377,-0.0016152475,1.0628421e-05,0.0015332699,0.0003399849,0.0009672642,-0.06369512,-0.052499242,-0.0061714244,0.012375,0.0065997005,1.0,,,,,,,,,,,,,,,,,,,,,,,,,,,,,,,,,,,,,,,,,,,,
34.0,-0.002669857188132301,0.014898866415023804,6.92605972290039e-05,1.1848894357681274,0.0,2.1523005e-05,-8.632493e-05,1.0000693,0.00038021858,-0.001677573,1.0634872e-05,0.0017261505,0.00057959557,0.0010635853,0.0462087,0.057562586,0.023122378,0.01275,0.0067996723,1.0,,,,,,,,,,,,,,,,,,,,,,,,,,,,,,,,,,,,,,,,,,,,
35.0,-0.002673469986770944,0.015325874090194702,6.92605972290039e-05,1.1841495037078857,0.0,2.3205948e-05,-9.360723e-05,1.0000693,0.00040390636,-0.001747753,1.0248082e-05,0.0014605522,0.00036120415,0.0010378361,-0.06369363,-0.0524999,-0.0061700423,0.013125,0.0069996426,1.0,,,,,,,,,,,,,,,,,,,,,,,,,,,,,,,,,,,,,,,,,,,,
36.0,-0.0026747969948628493,0.01575295254588127,6.937980651855469e-05,1.1833925247192383,0.0,2.4950308e-05,-0.0001011367,1.0000693,0.00041864638,-0.0018070719,1.0360389e-05,0.0016531944,0.0006008148,0.0011341572,0.046203032,0.057571825,0.023113422,0.0135,0.007199611,1.0,,,,,,,,,,,,,,,,,,,,,,,,,,,,,,,,,,,,,,,,,,,,
37.0,-0.0026784175856504632,0.01618005894124508,6.937980651855469e-05,1.1826187372207642,0.0,2.6796952e-05,-0.00010894605,1.0000694,0.0004431946,-0.001874245,1.0317042e-05,0.0013875961,0.0003824234,0.001108408,-0.06369214,-0.052500557,-0.0061686556,0.013875,0.007399578,1.0,,,,,,,,,,,,,,,,,,,,,,,,,,,,,,,,,,,,,,,,,,,,
38.0,-0.0026797522436216325,0.016607223078608513,6.937980651855469e-05,1.1818281412124634,0.0,2.8708597e-05,-0.00011699004,1.0000694,0.00045879447,-0.0019305567,9.980188e-06,0.0015804768,0.0006220341,0.0012047291,0.046197366,0.057581056,0.023104463,0.01425,0.007599543,1.0,,,,,,,,,,,,,,,,,,,,,,,,,,,,,,,,,,,,,,,,,,,,
39.0,-0.002683381060627294,0.017034420743584633,6.949901580810547e-05,1.1810213327407837,0.0,3.072611e-05,-0.00012530139,1.0000694,0.0004842039,-0.0019947232,1.0042659e-05,0.0013148785,0.00040364265,0.0011789799,-0.063690655,-0.052501217,-0.0061672647,0.014625,0.0077995057,1.0,,,,,,,,,,,,,,,,,,,,,,,,,,,,,,,,,,,,,,,,,,,,
40.0,-0.002684723785117976,0.017461657524108887,6.949901580810547e-05,1.180197834968567,0.0,3.2812215e-05,-0.00013383484,1.0000695,0.00050066476,-0.0020480296,1.00482885e-05,0.0015075207,0.0006432533,0.001275301,0.046191704,0.057590287,0.023095503,0.015,0.007999467,1.0,,,,,,,,,,,,,,,,,,,,,,,,,,,,,,,,,,,,,,,,,,,,
41.0,-0.002688360972591924,0.017888899892568588,6.961822509765625e-05,1.1793584823608398,0.0,3.5007783e-05,-0.00014262313,1.0000695,0.0005269359,-0.002109189,9.66279e-06,0.0012419224,0.0004248619,0.0012493134,-0.063689165,-0.052501876,-0.0061658686,0.015375,0.008199425,1.0,,,,,,,,,,,,,,,,,,,,,,,,,,,,,,,,,,,,,,,,,,,,
42.0,-0.002689710761106126,0.018316200003027916,6.961822509765625e-05,1.178503155708313,0.0,3.7275528e-05,-0.000151621,1.0000696,0.0005442586,-0.0021594898,9.772992e-06,0.0014345646,0.000664711,0.0013456345,0.046186045,0.05759951,0.023086542,0.01575,0.008399382,1.0,,,,,,,,,,,,,,,,,,,,,,,,,,,,,,,,,,,,,,,,,,,,
43.0,-0.0026933555510535606,0.018743500113487244,6.961822509765625e-05,1.1776323318481445,0.0,3.965633e-05,-0.00016086118,1.0000696,0.00057139265,-0.0022176434,9.363305e-06,0.0011689663,0.00044631958,0.0013198853,-0.06368768,-0.05250253,-0.006164468,0.016125,0.008599337,1.0,,,,,,,,,,,,,,,,,,,,,,,,,,,,,,,,,,,,,,,,,,,,
44.0,-0.0026947138405696443,0.01917082816362381,6.973743438720703e-05,1.1767457723617554,0.0,4.2112904e-05,-0.00017029843,1.0000696,0.00058957806,-0.0022649392,9.4785855e-06,0.0013618469,0.00068616867,0.0014162064,0.046180386,0.05760873,0.02307758,0.0165,0.00879929,1.0,,,,,,,,,,,,,,,,,,,,,,,,,,,,,,,,,,,,,,,,,,,,
45.0,-0.0026983659384598097,0.019598163664340973,6.973743438720703e-05,1.1758439540863037,0.0,4.4686138e-05,-0.00017996546,1.0000697,0.00061757606,-0.0023200877,9.436002e-06,0.0010960102,0.00046777725,0.0013902187,-0.0636862,-0.05250319,-0.006163063,0.016875,0.008999241,1.0,,,,,,,,,,,,,,,,,,,,,,,,,,,,,,,,,,,,,,,,,,,,
46.0,-0.002699731252557886,0.02002546936273575,6.973743438720703e-05,1.174926996231079,0.0,4.733874e-05,-0.00018981704,1.0000697,0.0006366248,-0.0023643787,9.096564e-06,0.0012888908,0.0007073879,0.0014865398,0.04617473,0.057617947,0.023068614,0.01725,0.009199189,1.0,,,,,,,,,,,,,,,,,,,,,,,,,,,,,,,,,,,,,,,,,,,,
47.0,-0.0027033910528990192,0.020452827215194702,6.973743438720703e-05,1.1739952564239502,0.0,5.0111605e-05,-0.00019988588,1.0000697,0.00066548755,-0.0024165225,9.161103e-06,0.0010230541,0.0004889965,0.0014607906,-0.063684724,-0.05250385,-0.006161653,0.017625,0.009399135,1.0,,,,,,,,,,,,,,,,,,,,,,,,,,,,,,,,,,,,,,,,,,,,
48.0,-0.0027047644154373257,0.020880144089460373,6.985664367675781e-05,1.173048734664917,0.0,5.2967443e-05,-0.00021012676,1.0000697,0.0006854009,-0.0024578096,9.163844e-06,0.0012159348,0.0007288456,0.0015568733,0.046169076,0.05762716,0.023059648,0.018,0.009599078,1.0,,,,,,,,,,,,,,,,,,,,,,,,,,,,,,,,,,,,,,,,,,,,
49.0,-0.002708431740518542,0.021307505667209625,6.985664367675781e-05,1.172087550163269,0.0,5.594715e-05,-0.00022057237,1.0000699,0.00071512914,-0.0025069488,9.148411e-06,0.00095009804,0.0005104542,0.0015311241,-0.06368324,-0.05250451,-0.0061602388,0.018375,0.009799019,1.0,,,,,,,,,,,,,,,,,,,,,,,,,,,,,,,,,,,,,,,,,,,,
50.0,-0.0027098121532531517,0.021734779700636864,6.985664367675781e-05,1.171112060546875,0.0,5.901343e-05,-0.00023117752,1.0000699,0.00073590764,-0.002545232,8.801397e-06,0.0011429787,0.00075030327,0.0016272068,0.046163425,0.05763637,0.023050679,0.01875,0.009998959,1.0,,,,,,,,,,,,,,,,,,,,,,,,,,,,,,,,,,,,,,,,,,,,
51.0,-0.002713487087283469,0.02216210588812828,6.99758529663086e-05,1.1701221466064453,0.0,6.220719e-05,-0.00024197488,1.0000699,0.00076650234,-0.0025913673,8.868443e-06,0.00087714195,0.00053215027,0.0016014576,-0.06368177,-0.05250517,-0.00615882,0.019125,0.010198895,1.0,,,,,,,,,,,,,,,,,,,,,,,,,,,,,,,,,,,,,,,,,,,,
52.0,-0.002714874570735468,0.02258937805891037,6.99758529663086e-05,1.1691184043884277,0.0,6.5491135e-05,-0.00025291924,1.00007,0.00078814727,-0.0026266477,8.869394e-06,0.0010700226,0.00077199936,0.0016975403,0.046157777,0.05764557,0.023041708,0.0195,0.010398828,1.0,,,,,,,,,,,,,,,,,,,,,,,,,,,,,,,,,,,,,,,,,,,,
53.0,-0.0027185568136980746,0.023016635328531265,6.99758529663086e-05,1.1681007146835327,0.0,6.890617e-05,-0.0002640433,1.00007,0.0008196089,-0.0026697791,8.487178e-06,0.00080418587,0.00055360794,0.0016717911,-0.06368029,-0.05250583,-0.006157396,0.019875,0.010598759,1.0,,,,,,,,,,,,,,,,,,,,,,,,,,,,,,,,,,,,,,,,,,,,
54.0,-0.0027199518085053178,0.02344384416937828,7.009506225585938e-05,1.1670691967010498,0.0,7.241501e-05,-0.0002753019,1.00007,0.00084212096,-0.0027020571,8.593006e-06,0.0009970665,0.00079345703,0.0017678738,0.04615213,0.05765477,0.023032736,0.02025,0.010798688,1.0,,,,,,,,,,,,,,,,,,,,,,,,,,,,,,,,,,,,,,,,,,,,
55.0,-0.002723641590937496,0.023871058598160744,7.009506225585938e-05,1.1660243272781372,0.0,7.605855e-05,-0.00028672768,1.0000701,0.00087445107,-0.0027421857,8.554462e-06,0.0007312298,0.0005750656,0.0017418861,-0.063678816,-0.052506484,-0.0061559677,0.020625,0.010998613,1.0,,,,,,,,,,,,,,,,,,,,,,,,,,,,,,,,,,,,,,,,,,,,
56.0,-0.002725043205341161,0.024298187345266342,7.009506225585938e-05,1.164966106414795,0.0,7.9799516e-05,-0.0002982754,1.0000701,0.0008978308,-0.0027714614,8.211072e-06,0.000923872,0.0008151531,0.0018379688,0.046146486,0.057663962,0.023023762,0.021,0.0111985365,1.0,,,,,,,,,,,,,,,,,,,,,,,,,,,,,,,,,,,,,,,,,,,,
57.0,-0.0027287393080658623,0.02472527325153351,7.009506225585938e-05,1.1638946533203125,0.0,8.367881e-05,-0.00030997786,1.0000701,0.0009310301,-0.0028085876,8.278356e-06,0.0006582737,0.0005967617,0.0018122196,-0.06367734,-0.052507143,-0.006154535,0.021375,0.011398457,1.0,,,,,,,,,,,,,,,,,,,,,,,,,,,,,,,,,,,,,,,,,,,,
58.0,-0.0027301490789054124,0.025152334943413734,7.021427154541016e-05,1.162810206413269,0.0,8.765914e-05,-0.0003217898,1.0000701,0.0009552789,-0.0028348616,8.27745e-06,0.0008509159,0.0008368492,0.0019083023,0.046140842,0.057673153,0.023014786,0.02175,0.011598374,1.0,,,,,,,,,,,,,,,,,,,,,,,,,,,,,,,,,,,,,,,,,,,,
59.0,-0.0027338517902660113,0.02557932771742344,7.021427154541016e-05,1.1617127656936646,0.0,9.1781425e-05,-0.0003337439,1.0000702,0.000989348,-0.0028689858,8.264689e-06,0.0005853176,0.0006184578,0.0018823147,-0.06367587,-0.052507803,-0.0061530974,0.022125,0.011798289,1.0,,,,,,,,,,,,,,,,,,,,,,,,,,,,,,,,,,,,,,,,,,,,
60.0,-0.0027352677726429886,0.026006285101175308,7.021427154541016e-05,1.1606025695800781,0.0,9.600836e-05,-0.00034579498,1.0000702,0.0010144664,-0.0028922586,7.914046e-06,0.0007779598,0.0008585453,0.0019783974,0.046135202,0.05768234,0.023005808,0.0225,0.0119982,1.0,,,,,,,,,,,,,,,,,,,,,,,,,,,,,,,,,,,,,,,,,,,,
61.0,-0.0027389781998482018,0.026433158665895462,7.033348083496094e-05,1.1594798564910889,0.0,0.000100380894,-0.00035797575,1.0000702,0.0010494064,-0.0029233813,7.983758e-06,0.0005121231,0.0006401539,0.0019526482,-0.0636744,-0.052508462,-0.006151655,0.022875,0.012198108,1.0,,,,,,,,,,,,,,,,,,,,,,,,,,,,,,,,,,,,,,,,,,,,
62.0,-0.002740632596985918,0.026859957724809647,7.033348083496094e-05,1.1583447456359863,0.0,0.000104861705,-0.00037024094,1.0000703,0.0010753955,-0.0029436534,7.9810825e-06,0.0007047653,0.0008802414,0.0020484924,0.046129562,0.057691522,0.02299683,0.02325,0.012398014,1.0,,,,,,,,,,,,,,,,,,,,,,,,,,,,,,,,,,,,,,,,,,,,
63.0,-0.002744581653068685,0.027286674827337265,7.033348083496094e-05,1.1571972370147705,0.0,0.00010949174,-0.00038262334,1.0000703,0.0011112068,-0.0029717747,7.6015317e-06,0.00043916702,0.0007531643,0.0020227432,-0.063717805,-0.030597847,-0.0061347648,0.023625,0.012597917,1.0,,,,,,,,,,,,,,,,,,,,,,,,,,,,,,,,,,,,,,,,,,,,
64.0,-0.0027462423183508074,0.027713295072317123,7.033348083496094e-05,1.1560375690460205,0.0,0.00011424923,-0.0003950777,1.0000703,0.0011417993,-0.0029890393,7.701092e-06,0.00063180923,0.0010845661,0.002118826,0.04608206,0.079606965,0.02299323,0.024,0.012797816,1.0,,,,,,,,,,,,,,,,,,,,,,,,,,,,,,,,,,,,,,,,,,,,
65.0,-0.0027501981930013685,0.02813979610800743,7.045269012451172e-05,1.1548658609390259,0.0,0.00011919067,-0.00040763663,1.0000703,0.0011859454,-0.003014145,7.661056e-06,0.00036597252,0.000957489,0.0020930767,-0.06372065,-0.030608745,-0.006123373,0.024375,0.012997712,1.0,,,,,,,,,,,,,,,,,,,,,,,,,,,,,,,,,,,,,,,,,,,,
66.0,-0.0027518654735667262,0.02856617234647274,7.045269012451172e-05,1.1536821126937866,0.0,0.0001242943,-0.00042025492,1.0000705,0.0012248687,-0.003028394,7.681176e-06,0.00055861473,0.0012888908,0.002188921,0.04607741,0.07960593,0.022974106,0.02475,0.013197605,1.0,,,,,,,,,,,,,,,,,,,,,,,,,,,,,,,,,,,,,,,,,,,,
67.0,-0.0027558268292136603,0.028992343693971634,7.045269012451172e-05,1.1524865627288818,0.0,0.00012961656,-0.00043296526,1.0000705,0.001277343,-0.0030504828,7.289671e-06,0.00029301643,0.0011618137,0.0021631718,-0.0637235,-0.030619638,-0.006111979,0.025125,0.013397493,1.0,,,,,,,,,,,,,,,,,,,,,,,,,,,,,,,,,,,,,,,,,,,,
68.0,-0.00275749988695908,0.029418352991342545,7.045269012451172e-05,1.1512794494628906,0.0,0.00013513569,-0.00044572243,1.0000705,0.0013245917,-0.0030617157,7.3925735e-06,0.00048565865,0.0014929771,0.002259016,0.046072762,0.07960489,0.022954984,0.0255,0.013597379,1.0,,,,,,,,,,,,,,,,,,,,,,,,,,,,,,,,,,,,,,,,,,,,
69.0,-0.0027614671067078727,0.02984418347477913,7.05718994140625e-05,1.150060772895813,0.0,0.00014090815,-0.00045855902,1.0000705,0.0013853895,-0.0030807878,7.3473743e-06,0.00021982193,0.0013661385,0.0022332668,-0.063726336,-0.030630525,-0.0061005834,0.025875,0.013797263,1.0,,,,,,,,,,,,,,,,,,,,,,,,,,,,,,,,,,,,,,,,,,,,
70.0,-0.0027631454985861574,0.03026975318789482,7.05718994140625e-05,1.1488302946090698,0.0,0.00014691213,-0.0004714299,1.0000706,0.0014409577,-0.003089004,7.3692413e-06,0.00041246414,0.0016973019,0.002329111,0.046068113,0.07960384,0.022935865,0.02625,0.013997142,1.0,,,,,,,,,,,,,,,,,,,,,,,,,,,,,,,,,,,,,,,,,,,,
71.0,-0.00276711805233951,0.030695155262947083,7.05718994140625e-05,1.1475886106491089,0.0,0.0001532041,-0.00048436763,1.0000706,0.0015100722,-0.0031050583,6.9729494e-06,0.00014662743,0.0015702248,0.002303362,-0.063729174,-0.030641409,-0.006089185,0.026625,0.014197018,1.0,,,,,,,,,,,,,,,,,,,,,,,,,,,,,,,,,,,,,,,,,,,,
72.0,-0.0027688016901075024,0.03112025558948517,7.05718994140625e-05,1.1463357210159302,0.0,0.00015976225,-0.000497327,1.0000706,0.0015739541,-0.0031102572,7.0775113e-06,0.00033950806,0.0019013882,0.0023992062,0.046063468,0.0796028,0.022916753,0.027,0.01439689,1.0,,,,,,,,,,,,,,,,,,,,,,,,,,,,,,,,,,,,,,,,,,,,
73.0,-0.002772779851819854,0.03154511749744415,7.069110870361328e-05,1.1450715065002441,0.0,0.00016664299,-0.00051034073,1.0000706,0.0016513808,-0.0031232934,7.0275473e-06,7.343292e-05,0.0017743111,0.0023732185,-0.063732006,-0.030652286,-0.0060777846,0.027375,0.014596758,1.0,,,,,,,,,,,,,,,,,,,,,,,,,,,,,,,,,,,,,,,,,,,,
74.0,-0.002774608055298803,0.03196965903043747,7.069110870361328e-05,1.1437960863113403,0.0,0.00017382453,-0.0005233636,1.0000707,0.0017235707,-0.0031254743,7.051068e-06,0.00026631355,0.002105713,0.0024690628,0.04605882,0.07960176,0.022897642,0.02775,0.014796623,1.0,,,,,,,,,,,,,,,,,,,,,,,,,,,,,,,,,,,,,,,,,,,,
75.0,-0.0027784496069372332,0.0323939248919487,7.069110870361328e-05,1.1425096988677979,0.0,0.0001813633,-0.0005364281,1.0000707,0.0018093025,-0.0031354916,6.6500147e-06,4.7683716e-07,0.0019783974,0.0024433136,-0.06373483,-0.03066316,-0.0060663824,0.028125,0.014996485,1.0,,,,,,,,,,,,,,,,,,,,,,,,,,,,,,,,,,,,,,,,,,,,
76.0,-0.0027806536573524903,0.03281782567501068,7.069110870361328e-05,1.1412123441696167,0.0,0.00018923744,-0.00054948917,1.0000707,0.001889795,-0.0031346541,6.75623e-06,0.00019311905,0.0023095608,0.0025389194,0.04605417,0.07960072,0.022878537,0.0285,0.015196342,1.0,,,,,,,,,,,,,,,,,,,,,,,,,,,,,,,,,,,,,,,,,,,,
77.0,-0.002784130246223658,0.03324142098426819,7.081031799316406e-05,1.139904260635376,0.0,0.0001975034,-0.0005625794,1.0000707,0.0019838277,-0.0031416519,6.701506e-06,-7.271767e-05,0.0021824837,0.0025131702,-0.063737646,-0.03067403,-0.006054978,0.028875,0.015396195,1.0,,,,,,,,,,,,,,,,,,,,,,,,,,,,,,,,,,,,,,,,,,,,
78.0,-0.0027867090455810125,0.03366464003920555,7.081031799316406e-05,1.1385853290557861,0.0,0.0002061393,-0.0005756535,1.0000708,0.0020726165,-0.0031377953,6.72668e-06,0.000119924545,0.002513647,0.002608776,0.046049524,0.07959968,0.022859436,0.02925,0.015596046,1.0,,,,,,,,,,,,,,,,,,,,,,,,,,,,,,,,,,,,,,,,,,,,
79.0,-0.0027898791439111737,0.034087471663951874,7.081031799316406e-05,1.1372557878494263,0.0,0.00021520155,-0.00058874424,1.0000708,0.0021749428,-0.003141773,6.3208695e-06,-0.00014591217,0.00238657,0.002583027,-0.06374046,-0.030684894,-0.006043571,0.029625,0.015795892,1.0,,,,,,,,,,,,,,,,,,,,,,,,,,,,,,,,,,,,,,,,,,,,
80.0,-0.002792771259729036,0.034509919583797455,7.081031799316406e-05,1.1359153985977173,0.0,0.00022466831,-0.0006018063,1.0000708,0.002272023,-0.0031348967,6.4287365e-06,4.673004e-05,0.0027177334,0.0026786327,0.046044875,0.079598635,0.022840336,0.03,0.015995733,1.0,,,,,,,,,,,,,,,,,,,,,,,,,,,,,,,,,,,,,,,,,,,,
81.0,-0.002795805190538182,0.03493192046880722,7.092952728271484e-05,1.1345645189285278,0.0,0.00023459598,-0.0006148724,1.0000708,0.0023826386,-0.003135854,6.369258e-06,-0.00021910667,0.0025904179,0.0026528835,-0.06374327,-0.030695753,-0.0060321623,0.030375,0.016195571,1.0,,,,,,,,,,,,,,,,,,,,,,,,,,,,,,,,,,,,,,,,,,,,
82.0,-0.0027988418031257125,0.03535352274775505,7.092952728271484e-05,1.1332030296325684,0.0,0.00024496266,-0.0006278972,1.0000709,0.0024880036,-0.0031259572,6.3960824e-06,-2.6464462e-05,0.0029215813,0.0027484894,0.04604023,0.07959759,0.022821242,0.03075,0.016395405,1.0,,,,,,,,,,,,,,,,,,,,,,,,,,,,,,,,,,,,,,,,,,,,
83.0,-0.002801877768316029,0.03577462211251259,7.092952728271484e-05,1.131831169128418,0.0,0.00025582477,-0.00064091344,1.0000709,0.0026069013,-0.0031238932,5.98552e-06,-0.0002925396,0.0027945042,0.0027227402,-0.06374608,-0.030706607,-0.0060207513,0.031125,0.016595235,1.0,,,,,,,,,,,,,,,,,,,,,,,,,,,,,,,,,,,,,,,,,,,,
84.0,-0.0028049180960891457,0.0361953005194664,7.092952728271484e-05,1.130448818206787,0.0,0.00026716036,-0.0006538758,1.0000709,0.0027205462,-0.0031109755,6.0950365e-06,-9.9658966e-05,0.0031256676,0.0028181076,0.04603558,0.07959655,0.022802152,0.0315,0.016795062,1.0,,,,,,,,,,,,,,,,,,,,,,,,,,,,,,,,,,,,,,,,,,,,
85.0,-0.002807956954293174,0.03661544248461723,7.092952728271484e-05,1.1290560960769653,0.0,0.00027902587,-0.000666817,1.0000709,0.0028477223,-0.0031058895,6.030808e-06,-0.0003657341,0.002998352,0.0027923584,-0.063748874,-0.030717457,-0.006009338,0.031875,0.016994882,1.0,,,,,,,,,,,,,,,,,,,,,,,,,,,,,,,,,,,,,,,,,,,,
86.0,-0.0028110000031002186,0.03703509271144867,7.104873657226562e-05,1.127652883529663,0.0,0.00029139937,-0.00067969185,1.0000709,0.0029696408,-0.0030899507,6.059282e-06,-0.00017285347,0.0033295155,0.0028879642,0.046030935,0.079595506,0.022783063,0.03225,0.0171947,1.0,,,,,,,,,,,,,,,,,,,,,,,,,,,,,,,,,,,,,,,,,,,,
87.0,-0.0028140410962455686,0.03745424002408981,7.104873657226562e-05,1.1262394189834595,0.0,0.00030433724,-0.00069253286,1.000071,0.0031050884,-0.0030818423,6.0119e-06,-0.0004389286,0.0032022,0.0028619766,-0.063751675,-0.030728301,-0.0059979227,0.032625,0.017394513,1.0,,,,,,,,,,,,,,,,,,,,,,,,,,,,,,,,,,,,,,,,,,,,
88.0,-0.0028170855349236223,0.03787283971905708,7.104873657226562e-05,1.1248157024383545,0.0,0.00031781755,-0.00070529483,1.000071,0.0032352738,-0.0030628813,5.668758e-06,-0.0002462864,0.003533125,0.0029575825,0.046026286,0.07959446,0.02276398,0.033,0.01759432,1.0,,,,,,,,,,,,,,,,,,,,,,,,,,,,,,,,,,,,,,,,,,,,
89.0,-0.0028201292490323384,0.038290835916996,7.104873657226562e-05,1.1233817338943481,0.0,0.00033189668,-0.0007180105,1.000071,0.0033789875,-0.00305175,5.7064417e-06,-0.0005121231,0.0034058094,0.0029315948,-0.06375446,-0.03073914,-0.0059865057,0.033375,0.017794127,1.0,,,,,,,,,,,,,,,,,,,,,,,,,,,,,,,,,,,,,,,,,,,,
90.0,-0.0028231755522297136,0.03870826214551926,7.104873657226562e-05,1.1219373941421509,0.0,0.00034655264,-0.0007306345,1.000071,0.0035174363,-0.003029766,5.7115244e-06,-0.0003194809,0.0037369728,0.0030272007,0.04602164,0.07959342,0.022744901,0.03375,0.017993925,1.0,,,,,,,,,,,,,,,,,,,,,,,,,,,,,,,,,,,,,,,,,,,,
91.0,-0.00282622091862129,0.039125096052885056,7.11679458618164e-05,1.1204829216003418,0.0,0.00036184187,-0.00074319955,1.000071,0.00366941,-0.003015611,5.6652766e-06,-0.00058555603,0.0036096573,0.003001213,-0.06375725,-0.030749975,-0.005975086,0.034125,0.018193722,1.0,,,,,,,,,,,,,,,,,,,,,,,,,,,,,,,,,,,,,,,,,,,,
92.0,-0.0028292686095707374,0.03954131528735161,7.11679458618164e-05,1.1190181970596313,0.0,0.00037774234,-0.0007556604,1.0000712,0.0038161154,-0.0029906041,5.690331e-06,-0.0003926754,0.0039408207,0.0030965805,0.046016995,0.07959238,0.022725826,0.0345,0.018393511,1.0,,,,,,,,,,,,,,,,,,,,,,,,,,,,,,,,,,,,,,,,,,,,
93.0,-0.002832314408282612,0.03995690122246742,7.11679458618164e-05,1.1175434589385986,0.0,0.00039431042,-0.0007680497,1.0000712,0.0039763423,-0.002973425,5.269291e-06,-0.00065875053,0.0038132668,0.0030708313,-0.06376003,-0.030760806,-0.0059636645,0.034875,0.018593298,1.0,,,,,,,,,,,,,,,,,,,,,,,,,,,,,,,,,,,,,,,,,,,,
94.0,-0.002835362965583645,0.04037179425358772,7.11679458618164e-05,1.116058349609375,0.0,0.00041152418,-0.0007803221,1.0000712,0.004131299,-0.002945394,5.382601e-06,-0.00046610832,0.00414443,0.0031661987,0.046012346,0.079591334,0.022706755,0.03525,0.01879308,1.0,,,,,,,,,,,,,,,,,,,,,,,,,,,,,,,,,,,,,,,,,,,,
95.0,-0.0028384100479024966,0.04078608378767967,7.11679458618164e-05,1.1145631074905396,0.0,0.0004294399,-0.0007925104,1.0000712,0.0042997757,-0.0029251901,5.3065924e-06,-0.00073218346,0.0040171146,0.003140211,-0.06376281,-0.030771632,-0.0059522404,0.035625,0.018992856,1.0,,,,,,,,,,,,,,,,,,,,,,,,,,,,,,,,,,,,,,,,,,,,
96.0,-0.002841459256442962,0.04119962081313133,7.11679458618164e-05,1.1130578517913818,0.0,0.00044803566,-0.00080456934,1.0000712,0.0044629774,-0.0028941347,5.3391673e-06,-0.0005393028,0.0043480396,0.0032355785,0.0460077,0.07959029,0.022687687,0.036,0.019192629,1.0,,,,,,,,,,,,,,,,,,,,,,,,,,,,,,,,,,,,,,,,,,,,
97.0,-0.002844506111333129,0.04161248356103897,7.128715515136719e-05,1.1115423440933228,0.0,0.00046736773,-0.0008165314,1.0000712,0.0046396973,-0.0028709054,5.279938e-06,-0.0008056164,0.004220724,0.0032098293,-0.06376557,-0.030782452,-0.0059408145,0.036375,0.019392395,1.0,,,,,,,,,,,,,,,,,,,,,,,,,,,,,,,,,,,,,,,,,,,,
98.0,-0.0028475554941359625,0.04202457517385483,7.128715515136719e-05,1.1100165843963623,0.0,0.00048741413,-0.00082835153,1.0000713,0.0048111384,-0.002836825,5.30884e-06,-0.00061273575,0.004551649,0.0033049583,0.046003055,0.07958924,0.022668622,0.03675,0.019592158,1.0,,,,,,,,,,,,,,,,,,,,,,,,,,,,,,,,,,,,,,,,,,,,
99.0,-0.0028506020816320664,0.042435966432094574,7.128715515136719e-05,1.10848069190979,0.0,0.00050823117,-0.0008400622,1.0000713,0.004996094,-0.00281057,4.880373e-06,-0.0008788109,0.004424095,0.0032792091,-0.06376834,-0.030793266,-0.0059293867,0.037125,0.019791916,1.0,,,,,,,,,,,,,,,,,,,,,,,,,,,,,,,,,,,,,,,,,,,,
100.0,-0.00285365022916401,0.042846567928791046,7.128715515136719e-05,1.1069344282150269,0.0,0.0005297969,-0.00085161836,1.0000713,0.005175769,-0.002773464,4.996226e-06,-0.00068616867,0.0047552586,0.0033743382,0.04599841,0.0795882,0.022649562,0.0375,0.019991668,1.0,,,,,,,,,,,,,,,,,,,,,,,,,,,,,,,,,,,,,,,,,,,,
101.0,-0.0028566963170526204,0.04325639456510544,7.128715515136719e-05,1.1053780317306519,0.0,0.00055216753,-0.00086305244,1.0000713,0.0053689578,-0.002744182,4.9130995e-06,-0.0009522438,0.0046277046,0.003348589,-0.0637711,-0.030804077,-0.0059179566,0.037875,0.020191416,1.0,,,,,,,,,,,,,,,,,,,,,,,,,,,,,,,,,,,,,,,,,,,,
102.0,-0.002859744196329295,0.043665412813425064,7.140636444091797e-05,1.103811502456665,0.0,0.00057532114,-0.0008743193,1.0000713,0.0055568605,-0.00270405,4.9481446e-06,-0.0007596016,0.0049586296,0.003443718,0.04599376,0.079587154,0.022630505,0.03825,0.020391157,1.0,,,,,,,,,,,,,,,,,,,,,,,,,,,,,,,,,,,,,,,,,,,,
103.0,-0.0028627883795008103,0.04407361149787903,7.140636444091797e-05,1.1022344827651978,0.0,0.00059931393,-0.00088545156,1.0000714,0.0057582753,-0.002671741,4.8818183e-06,-0.0010256767,0.004831314,0.0034177303,-0.063773856,-0.030814884,-0.005906524,0.038625,0.020590896,1.0,,,,,,,,,,,,,,,,,,,,,,,,,,,,,,,,,,,,,,,,,,,,
104.0,-0.0028658343565749634,0.04448097199201584,7.140636444091797e-05,1.100647211074829,0.0,0.00062412396,-0.000896404,1.0000714,0.005954399,-0.0026285825,4.5452593e-06,-0.0008327961,0.005162239,0.0035128593,0.045989115,0.07958611,0.022611452,0.039,0.020790627,1.0,,,,,,,,,,,,,,,,,,,,,,,,,,,,,,,,,,,,,,,,,,,,
105.0,-0.002868876834577197,0.044887475669384,7.140636444091797e-05,1.0990495681762695,0.0,0.0006498074,-0.0009072092,1.0000714,0.0061640334,-0.0025932458,4.5640013e-06,-0.0010991096,0.005034685,0.0034871101,-0.063776605,-0.030825686,-0.00589509,0.039375,0.020990355,1.0,,,,,,,,,,,,,,,,,,,,,,,,,,,,,,,,,,,,,,,,,,,,
106.0,-0.002871921118018788,0.045293115079402924,7.140636444091797e-05,1.097441554069519,0.0,0.0006763423,-0.00091782195,1.0000714,0.0063683754,-0.0025470597,4.5756633e-06,-0.000906229,0.00536561,0.0035822392,0.04598447,0.07958507,0.022592403,0.03975,0.021190077,1.0,,,,,,,,,,,,,,,,,,,,,,,,,,,,,,,,,,,,,,,,,,,,
107.0,-0.0028749611207761322,0.04569784924387932,7.140636444091797e-05,1.0958231687545776,0.0,0.0007037849,-0.0009282748,1.0000714,0.0065862243,-0.0025086948,4.5104866e-06,-0.0011725426,0.005238056,0.0035562515,-0.063779354,-0.030836482,-0.0058836536,0.040125,0.021389794,1.0,,,,,,,,,,,,,,,,,,,,,,,,,,,,,,,,,,,,,,,,,,,,
108.0,-0.002878002398328329,0.04610170051455498,7.140636444091797e-05,1.0941942930221558,0.0,0.00073211314,-0.00093852263,1.0000714,0.006798777,-0.0024594807,4.5421157e-06,-0.0009796619,0.005568981,0.0036513805,0.045979824,0.07958402,0.022573357,0.0405,0.021589505,1.0,,,,,,,,,,,,,,,,,,,,,,,,,,,,,,,,,,,,,,,,,,,,
109.0,-0.002881040818908801,0.04650461673736572,7.152557373046875e-05,1.0925548076629639,0.0,0.0007613833,-0.000948598,1.0000714,0.0070248344,-0.002418087,4.470083e-06,-0.0012459755,0.005441427,0.003625393,-0.063782096,-0.030847272,-0.005872215,0.040875,0.02178921,1.0,,,,,,,,,,,,,,,,,,,,,,,,,,,,,,,,,,,,,,,,,,,,
110.0,-0.0028840785928966324,0.04690656065940857,7.152557373046875e-05,1.090904712677002,0.0,0.00079157326,-0.0009584557,1.0000715,0.0072455923,-0.0023658446,4.503588e-06,-0.0010530949,0.005772352,0.003720522,0.04597518,0.079582974,0.022554317,0.04125,0.02198891,1.0,,,,,,,,,,,,,,,,,,,,,,,,,,,,,,,,,,,,,,,,,,,,
111.0,-0.002887112404363244,0.04730755463242531,7.152557373046875e-05,1.0892441272735596,0.0,0.0008227393,-0.0009681283,1.0000715,0.0074798507,-0.002321422,4.061023e-06,-0.0013194084,0.00564456,0.0036945343,-0.06378483,-0.03085806,-0.0058607743,0.041625,0.022188606,1.0,,,,,,,,,,,,,,,,,,,,,,,,,,,,,,,,,,,,,,,,,,,,
112.0,-0.0028901473582843957,0.04770755395293236,7.152557373046875e-05,1.087572693824768,0.0,0.00085485936,-0.0009775705,1.0000715,0.007708808,-0.0022661504,4.181779e-06,-0.0011265278,0.005975485,0.0037896633,0.045970533,0.07958193,0.02253528,0.042,0.022388294,1.0,,,,,,,,,,,,,,,,,,,,,,,,,,,,,,,,,,,,,,,,,,,,
113.0,-0.002893177185251775,0.048106588423252106,7.152557373046875e-05,1.085890531539917,0.0,0.0008879896,-0.0009868152,1.0000715,0.007951265,-0.0022186975,4.0844893e-06,-0.0013928413,0.005847931,0.0037636757,-0.06378756,-0.030868841,-0.0058493316,0.042375,0.022587977,1.0,,,,,,,,,,,,,,,,,,,,,,,,,,,,,,,,,,,,,,,,,,,,
114.0,-0.0028962079588167105,0.048504553735256195,7.152557373046875e-05,1.0841976404190063,0.0,0.000922108,-0.0009958168,1.0000715,0.008188416,-0.0021603964,4.124455e-06,-0.0012001991,0.006178856,0.0038585663,0.045965888,0.07958089,0.022516245,0.04275,0.022787657,1.0,,,,,,,,,,,,,,,,,,,,,,,,,,,,,,,,,,,,,,,,,,,,
115.0,-0.0028992338191544185,0.04890153929591179,7.159709639381617e-05,1.0824936628341675,0.0,0.0009572708,-0.0010046081,1.0000715,0.008439065,-0.0021099132,4.043966e-06,-0.0014665127,0.0060510635,0.0038325787,-0.063790284,-0.030879619,-0.0058378866,0.043125,0.022987328,1.0,,,,,,,,,,,,,,,,,,,,,,,,,,,,,,,,,,,,,,,,,,,,
116.0,-0.0029022594840793724,0.04929741472005844,7.164478302001953e-05,1.0807788372039795,0.0,0.0009934558,-0.0010131439,1.0000716,0.008684403,-0.0020485818,4.080253e-06,-0.001273632,0.0063819885,0.0039274693,0.045961242,0.07957984,0.022497216,0.0435,0.023186995,1.0,,,,,,,,,,,,,,,,,,,,,,,,,,,,,,,,,,,,,,,,,,,,
117.0,-0.0029052797394292546,0.04969225823879242,7.164478302001953e-05,1.0790529251098633,0.0,0.0010307193,-0.0010214567,1.0000716,0.0089432355,-0.001995068,3.6305414e-06,-0.0015399456,0.006254196,0.00390172,-0.06379301,-0.03089039,-0.0058264397,0.043875,0.023386655,1.0,,,,,,,,,,,,,,,,,,,,,,,,,,,,,,,,,,,,,,,,,,,,
118.0,-0.002908300725822589,0.050085972994565964,7.164478302001953e-05,1.0773159265518188,0.0,0.0010690391,-0.0010295013,1.0000716,0.009196756,-0.001930706,3.7537698e-06,-0.001347065,0.006585121,0.0039966106,0.045956597,0.079578795,0.02247819,0.04425,0.02358631,1.0,,,,,,,,,,,,,,,,,,,,,,,,,,,,,,,,,,,,,,,,,,,,
119.0,-0.0029113158510072367,0.050478629767894745,7.164478302001953e-05,1.0755677223205566,0.0,0.0011084714,-0.0010373102,1.0000716,0.00946377,-0.0018741601,3.649407e-06,-0.0016133785,0.006457329,0.003970623,-0.06379572,-0.030901158,-0.0058149905,0.044625,0.02378596,1.0,,,,,,,,,,,,,,,,,,,,,,,,,,,,,,,,,,,,,,,,,,,,
120.0,-0.0029143303724177595,0.05087012052536011,7.164478302001953e-05,1.073808193206787,0.0,0.0011489942,-0.0010448385,1.0000716,0.009725467,-0.0018067671,3.69183e-06,-0.0014207363,0.006788254,0.004065275,0.045951955,0.07957775,0.022459166,0.045,0.023985602,1.0,,,,,,,,,,,,,,,,,,,,,,,,,,,,,,,,,,,,,,,,,,,,
121.0,-0.0029173395273621302,0.051260482519865036,7.164478302001953e-05,1.0720371007919312,0.0,0.0011906637,-0.0010521184,1.0000716,0.010000655,-0.0017471891,3.604274e-06,-0.0016870499,0.0066604614,0.004039526,-0.063798435,-0.03091192,-0.0058035394,0.045375,0.02418524,1.0,,,,,,,,,,,,,,,,,,,,,,,,,,,,,,,,,,,,,,,,,,,,
122.0,-0.0029203481133169536,0.05164966732263565,7.164478302001953e-05,1.0702548027038574,0.0,0.0012334575,-0.0010591049,1.0000716,0.010270522,-0.0016767645,3.643017e-06,-0.0014941692,0.0069913864,0.004134178,0.04594731,0.0795767,0.022440149,0.04575,0.024384871,1.0,,,,,,,,,,,,,,,,,,,,,,,,,,,,,,,,,,,,,,,,,,,,
123.0,-0.002923350680775265,0.05203769728541374,7.171630568336695e-05,1.0684607028961182,0.0,0.001277432,-0.0010658306,1.0000716,0.010553879,-0.0016141539,3.554164e-06,-0.0017604828,0.006863594,0.0041081905,-0.06380114,-0.03092268,-0.0057920865,0.046125,0.024584496,1.0,,,,,,,,,,,,,,,,,,,,,,,,,,,,,,,,,,,,,,,,,,,,
124.0,-0.002926351956376091,0.05242447182536125,7.176399230957031e-05,1.0666550397872925,0.0,0.0013225649,-0.0010722502,1.0000718,0.010831911,-0.0015406968,3.593476e-06,-0.0015678406,0.0071942806,0.004203081,0.045942664,0.07957566,0.022421133,0.0465,0.024784114,1.0,,,,,,,,,,,,,,,,,,,,,,,,,,,,,,,,,,,,,,,,,,,,
125.0,-0.002929347099858213,0.05281009152531624,7.176399230957031e-05,1.0648375749588013,0.0,0.0013689125,-0.0010783962,1.0000718,0.011123427,-0.0014750537,3.13441e-06,-0.0018341541,0.0070664883,0.0041770935,-0.063803844,-0.03093343,-0.005780631,0.046875,0.024983726,1.0,,,,,,,,,,,,,,,,,,,,,,,,,,,,,,,,,,,,,,,,,,,,
126.0,-0.0029323417172156105,0.053194452077150345,7.176399230957031e-05,1.0630083084106445,0.0,0.0014164526,-0.0010842235,1.0000718,0.011409618,-0.0013985637,3.2608928e-06,-0.0016412735,0.007397175,0.0042717457,0.04593802,0.07957461,0.02240212,0.04725,0.025183333,1.0,,,,,,,,,,,,,,,,,,,,,,,,,,,,,,,,,,,,,,,,,,,,
127.0,-0.002935329087512223,0.05357756093144417,7.176399230957031e-05,1.0611670017242432,0.0,0.0014652413,-0.0010897648,1.0000718,0.011709293,-0.0013298864,3.1471245e-06,-0.0019078255,0.0072693825,0.004245758,-0.06380654,-0.03094418,-0.0057691736,0.047625,0.025382934,1.0,,,,,,,,,,,,,,,,,,,,,,,,,,,,,,,,,,,,,,,,,,,,
128.0,-0.0029383152976374107,0.05395941808819771,7.176399230957031e-05,1.0593137741088867,0.0,0.0015152565,-0.0010949746,1.0000718,0.012003637,-0.0012503633,3.1928157e-06,-0.0017149448,0.0076003075,0.00434041,0.045933373,0.079573564,0.022383114,0.048,0.025582528,1.0,,,,,,,,,,,,,,,,,,,,,,,,,,,,,,,,,,,,,,,,,,,,
129.0,-0.0029412943047553903,0.05433995649218559,7.176399230957031e-05,1.0574482679367065,0.0,0.0015665543,-0.0010998857,1.0000718,0.012311463,-0.0011786518,3.0958545e-06,-0.0019812584,0.0074722767,0.0043144226,-0.06380923,-0.030954923,-0.005757714,0.048375,0.025782114,1.0,,,,,,,,,,,,,,,,,,,,,,,,,,,,,,,,,,,,,,,,,,,,
130.0,-0.0029442712259922987,0.054719191044569016,7.176399230957031e-05,1.055570363998413,0.0,0.0016191124,-0.0011044528,1.0000718,0.012613955,-0.001096095,3.137865e-06,-0.0017886162,0.0078032017,0.004409075,0.04592873,0.07957251,0.02236411,0.04875,0.025981696,1.0,,,,,,,,,,,,,,,,,,,,,,,,,,,,,,,,,,,,,,,,,,,,
131.0,-0.002947241500032651,0.055097125470638275,7.176399230957031e-05,1.053680181503296,0.0,0.0016729871,-0.0011087083,1.0000718,0.012929926,-0.0010213488,3.0396113e-06,-0.0020549297,0.007675171,0.004383087,-0.06381192,-0.030965662,-0.005746253,0.049125,0.02618127,1.0,,,,,,,,,,,,,,,,,,,,,,,,,,,,,,,,,,,,,,,,,,,,
132.0,-0.0029502099572121937,0.055473692715168,7.178783562267199e-05,1.0517773628234863,0.0,0.0017281561,-0.0011126073,1.0000718,0.013240558,-0.00093575753,3.0821898e-06,-0.0018622875,0.0080058575,0.0044777393,0.045924086,0.07957147,0.02234511,0.0495,0.026380837,1.0,,,,,,,,,,,,,,,,,,,,,,,,,,,,,,,,,,,,,,,,,,,,
133.0,-0.002953171275516344,0.05584890395402908,7.18832015991211e-05,1.0498621463775635,0.0,0.0017846755,-0.0011161822,1.0000719,0.013564669,-0.0008579761,2.9816465e-06,-0.002128601,0.007878065,0.0044517517,-0.0638146,-0.030976394,-0.005734789,0.049875,0.026580399,1.0,,,,,,,,,,,,,,,,,,,,,,,,,,,,,,,,,,,,,,,,,,,,
134.0,-0.0029561299861713916,0.05622274801135063,7.18832015991211e-05,1.0479339361190796,0.0,0.0018425232,-0.0011193878,1.0000719,0.013883434,-0.0007693509,2.65711e-06,-0.0019357204,0.008208752,0.004546404,0.045919444,0.07957042,0.022326114,0.05025,0.026779953,1.0,,,,,,,,,,,,,,,,,,,,,,,,,,,,,,,,,,,,,,,,,,,,
135.0,-0.0029590810909302153,0.05659518763422966,7.18832015991211e-05,1.0459930896759033,0.0,0.0019017552,-0.0011222567,1.0000719,0.014215678,-0.00068853365,2.6405871e-06,-0.0022022724,0.008080959,0.0045204163,-0.063817285,-0.030987123,-0.005723323,0.050625,0.026979502,1.0,,,,,,,,,,,,,,,,,,,,,,,,,,,,,,,,,,,,,,,,,,,,
136.0,-0.0029620292898261563,0.056966207921504974,7.18832015991211e-05,1.044039249420166,0.0,0.0019623493,-0.0011247437,1.0000719,0.014542576,-0.0005968724,2.6645102e-06,-0.0020096302,0.0084114075,0.00461483,0.045869358,0.07956917,0.022307489,0.051,0.027179042,1.0,,,,,,,,,,,,,,,,,,,,,,,,,,,,,,,,,,,,,,,,,,,,
137.0,-0.0029650623404540964,0.05733581259846687,7.18832015991211e-05,1.0420722961425781,0.0,0.0020243616,-0.0011268812,1.0000719,0.014882947,-0.00051301136,2.5640215e-06,-0.0022764206,0.008283615,0.0045888424,-0.063865386,-0.030998062,-0.0057114675,0.051375,0.027378578,1.0,,,,,,,,,,,,,,,,,,,,,,,,,,,,,,,,,,,,,,,,,,,,
138.0,-0.002968093034979841,0.05770394206047058,7.18832015991211e-05,1.04009211063385,0.0,0.0020877698,-0.0011286242,1.0000719,0.015217968,-0.0004182988,2.607899e-06,-0.0021390915,0.008614302,0.004683256,0.03256759,0.079507105,0.02239863,0.05175,0.027578104,1.0,,,,,,,,,,,,,,,,,,,,,,,,,,,,,,,,,,,,,,,,,,,,
139.0,-0.0029711145207788094,0.05807061865925789,7.18832015991211e-05,1.038098692893982,0.0,0.00215263,-0.0011299954,1.0000719,0.015566451,-0.0003291208,2.495793e-06,-0.002461195,0.008486271,0.0046572685,-0.07716204,-0.031072421,-0.005583724,0.052125,0.027777625,1.0,,,,,,,,,,,,,,,,,,,,,,,,,,,,,,,,,,,,,,,,,,,,
140.0,-0.0029741332393447596,0.05843578651547432,7.18832015991211e-05,1.036091685295105,0.0,0.0022189198,-0.0011309406,1.0000719,0.01590957,-0.0002268278,2.536545e-06,-0.0023241043,0.0088169575,0.0047516823,0.032569148,0.07950705,0.02237352,0.0525,0.027977139,1.0,,,,,,,,,,,,,,,,,,,,,,,,,,,,,,,,,,,,,,,,,,,,
141.0,-0.0029771434972892838,0.058799467980861664,7.18832015991211e-05,1.0340713262557983,0.0,0.0022866954,-0.0011314825,1.0000719,0.016266145,-0.00013007056,2.4234766e-06,-0.0026462078,0.008688927,0.0047256947,-0.077158384,-0.031085351,-0.005566144,0.052875,0.028176645,1.0,,,,,,,,,,,,,,,,,,,,,,,,,,,,,,,,,,,,,,,,,,,,
142.0,-0.0029801499071348747,0.05916157364845276,7.18832015991211e-05,1.0320370197296143,0.0,0.0023559344,-0.0011315667,1.0000719,0.016617354,-2.0200703e-05,2.4630924e-06,-0.0025088787,0.009019613,0.0048201084,0.032570697,0.07950699,0.022348415,0.05325,0.028376145,1.0,,,,,,,,,,,,,,,,,,,,,,,,,,,,,,,,,,,,,,,,,,,,
143.0,-0.0029831464024965833,0.05952213332056999,7.18832015991211e-05,1.0299890041351318,0.0,0.0024266928,-0.0011312162,1.0000719,0.016982017,8.413223e-05,2.348596e-06,-0.0028309822,0.0088915825,0.004794121,-0.077154726,-0.031098273,-0.0055485647,0.053625,0.028575638,1.0,,,,,,,,,,,,,,,,,,,,,,,,,,,,,,,,,,,,,,,,,,,,
144.0,-0.0029861405828409356,0.05988113209605217,7.195472426246852e-05,1.0279271602630615,0.0,0.0024989482,-0.0011303762,1.0000719,0.01734131,0.0002015754,2.3871855e-06,-0.002693653,0.009222031,0.004888296,0.032572243,0.07950693,0.022323316,0.054,0.028775124,1.0,,,,,,,,,,,,,,,,,,,,,,,,,,,,,,,,,,,,,,,,,,,,
145.0,-0.002989124504369763,0.060238540172576904,7.200241088867188e-05,1.0258512496948242,0.0,0.0025727567,-0.0011290702,1.000072,0.017714055,0.00031348047,2.2712356e-06,-0.0030157566,0.009094,0.0048623085,-0.07715107,-0.031111183,-0.0055309865,0.054375,0.028974602,1.0,,,,,,,,,,,,,,,,,,,,,,,,,,,,,,,,,,,,,,,,,,,,
146.0,-0.002992104349034532,0.06059427186846733,7.200241088867188e-05,1.0237611532211304,0.0,0.002648096,-0.001127243,1.000072,0.018081423,0.00043849225,1.9408933e-06,-0.0028784275,0.009424686,0.004956484,0.032573786,0.079506874,0.02229822,0.05475,0.029174073,1.0,,,,,,,,,,,,,,,,,,,,,,,,,,,,,,,,,,,,,,,,,,,,
147.0,-0.0029950740777711193,0.06094839423894882,7.200241088867188e-05,1.0216569900512695,0.0,0.0027250221,-0.0011249182,1.000072,0.018462244,0.0005579661,1.909847e-06,-0.003200531,0.009296656,0.004930496,-0.0771474,-0.031124085,-0.0055134087,0.055125,0.029373536,1.0,,,,,,,,,,,,,,,,,,,,,,,,,,,,,,,,,,,,,,,,,,,,
148.0,-0.0029980393291360362,0.061300866305828094,7.200241088867188e-05,1.0195382833480835,0.0,0.0028035124,-0.0011220409,1.000072,0.018837685,0.00069054513,1.9261292e-06,-0.003063202,0.009627104,0.0050246716,0.032575324,0.07950681,0.022273133,0.0555,0.029572992,1.0,,,,,,,,,,,,,,,,,,,,,,,,,,,,,,,,,,,,,,,,,,,,
149.0,-0.0030009944311683344,0.061651647090911865,7.200241088867188e-05,1.0174051523208618,0.0,0.0028836231,-0.0011186344,1.000072,0.019226573,0.0008175837,1.8120302e-06,-0.003385067,0.009499073,0.004998684,-0.077143736,-0.031136977,-0.005495832,0.055875,0.029772442,1.0,,,,,,,,,,,,,,,,,,,,,,,,,,,,,,,,,,,,,,,,,,,,
150.0,-0.0030039448132653363,0.06200074031949043,7.200241088867188e-05,1.015257477760315,0.0,0.0029653318,-0.0011146439,1.000072,0.019610079,0.00095772534,1.8464478e-06,-0.003247738,0.009829521,0.005092621,0.032576855,0.07950674,0.02224805,0.05625,0.029971883,1.0,,,,,,,,,,,,,,,,,,,,,,,,,,,,,,,,,,,,,,,,,,,,
151.0,-0.0030068847416570184,0.06234806776046753,7.200241088867188e-05,1.0130949020385742,0.0,0.0030486945,-0.0011100925,1.000072,0.020007031,0.0010923253,1.7264009e-06,-0.0035698414,0.00970149,0.005066633,-0.07714006,-0.03114986,-0.005478256,0.056625,0.030171316,1.0,,,,,,,,,,,,,,,,,,,,,,,,,,,,,,,,,,,,,,,,,,,,
152.0,-0.0030098189817660877,0.06269367784261703,7.200241088867188e-05,1.0109176635742188,0.0,0.0031336886,-0.0011049256,1.000072,0.020398594,0.0012400259,1.7608568e-06,-0.0034325123,0.010031939,0.00516057,0.032578386,0.079506665,0.022222972,0.057,0.030370744,1.0,,,,,,,,,,,,,,,,,,,,,,,,,,,,,,,,,,,,,,,,,,,,
153.0,-0.0030127423191805697,0.06303752958774567,7.200241088867188e-05,1.0087254047393799,0.0,0.0032203703,-0.0010991666,1.000072,0.0208036,0.0013821836,1.6391106e-06,-0.0037543774,0.009903908,0.0051345825,-0.07713639,-0.031162733,-0.0054606805,0.057375,0.030570162,1.0,,,,,,,,,,,,,,,,,,,,,,,,,,,,,,,,,,,,,,,,,,,,
154.0,-0.0030156608982465226,0.06337958574295044,7.200241088867188e-05,1.0065181255340576,0.0,0.003308717,-0.0010927606,1.000072,0.021203218,0.0015374395,1.6726082e-06,-0.0036170483,0.010234356,0.0052285194,0.03257991,0.07950659,0.0221979,0.05775,0.030769574,1.0,,,,,,,,,,,,,,,,,,,,,,,,,,,,,,,,,,,,,,,,,,,,
155.0,-0.0030185671563105645,0.06371982395648956,7.200241088867188e-05,1.0042954683303833,0.0,0.003398785,-0.0010857309,1.000072,0.021616273,0.0016871515,1.5493977e-06,-0.0039391518,0.010106325,0.005202532,-0.07713271,-0.031175599,-0.005443106,0.058125,0.030968977,1.0,,,,,,,,,,,,,,,,,,,,,,,,,,,,,,,,,,,,,,,,,,,,
156.0,-0.003021468054904642,0.06405822932720184,7.200241088867188e-05,1.0020575523376465,0.0,0.0034905511,-0.0010780226,1.000072,0.022023935,0.0018499591,1.5818827e-06,-0.0038015842,0.010436773,0.0052964687,0.032581434,0.07950652,0.022172835,0.0585,0.031168373,1.0,,,,,,,,,,,,,,,,,,,,,,,,,,,,,,,,,,,,,,,,,,,,
157.0,-0.0030243569655393314,0.06439479440450668,7.200241088867188e-05,0.9998042583465576,0.0,0.0035840722,-0.0010696593,1.000072,0.022445032,0.0020072216,1.4572213e-06,-0.0041236877,0.010308504,0.005270481,-0.07712903,-0.031188453,-0.0054255323,0.058875,0.03136776,1.0,,,,,,,,,,,,,,,,,,,,,,,,,,,,,,,,,,,,,,,,,,,,
158.0,-0.003027239758710363,0.0647294670343399,7.200241088867188e-05,0.9975354075431824,0.0,0.0036793253,-0.001060586,1.000072,0.022860734,0.0021775775,1.4886916e-06,-0.00398612,0.010638952,0.0053641796,0.03258295,0.079506435,0.022147773,0.05925,0.03156714,1.0,,,,,,,,,,,,,,,,,,,,,,,,,,,,,,,,,,,,,,,,,,,,
159.0,-0.003030111104265822,0.0650622770190239,7.200241088867188e-05,0.9952508807182312,0.0,0.0037763664,-0.001050826,1.000072,0.023289869,0.0023423869,1.3625811e-06,-0.0043082237,0.010510683,0.005338192,-0.07712534,-0.0312013,-0.005407959,0.059625,0.03176651,1.0,,,,,,,,,,,,,,,,,,,,,,,,,,,,,,,,,,,,,,,,,,,,
160.0,-0.003032975525112934,0.06539314985275269,7.205009751487523e-05,0.9929505586624146,0.0,0.003875173,-0.0010403248,1.000072,0.0237136,0.0025202872,1.3930367e-06,-0.004170656,0.01084137,0.0054318905,0.032584462,0.07950635,0.022122718,0.06,0.031965878,1.0,,,,,,,,,,,,,,,,,,,,,,,,,,,,,,,,,,,,,,,,,,,,
161.0,-0.003035827155909276,0.06572213023900986,7.20739335520193e-05,0.9906344413757324,0.0,0.003975801,-0.0010291055,1.000072,0.024150765,0.0026926398,1.2654781e-06,-0.0044927597,0.0107131,0.005405903,-0.07712165,-0.031214135,-0.0053903875,0.060375,0.032165233,1.0,,,,,,,,,,,,,,,,,,,,,,,,,,,,,,,,,,,,,,,,,,,,
162.0,-0.00303867194522918,0.06604909896850586,7.20739335520193e-05,0.9883022904396057,0.0,0.0040782285,-0.0010171134,1.0000721,0.024582524,0.002878081,1.2949198e-06,-0.004355192,0.011043549,0.0054996014,0.03258597,0.07950627,0.02209767,0.06075,0.03236458,1.0,,,,,,,,,,,,,,,,,,,,,,,,,,,,,,,,,,,,,,,,,,,,
163.0,-0.003041504204513183,0.06637411564588547,7.20739335520193e-05,0.9859541654586792,0.0,0.0041825105,-0.0010043719,1.0000721,0.025027707,0.0030579716,7.9800947e-07,-0.0046770573,0.010915279,0.0054736137,-0.077117965,-0.031226963,-0.005372816,0.061125,0.03256392,1.0,,,,,,,,,,,,,,,,,,,,,,,,,,,,,,,,,,,,,,,,,,,,
164.0,-0.0030443288363052124,0.0666971504688263,7.20739335520193e-05,0.9835898876190186,0.0,0.004288625,-0.0009908263,1.0000721,0.025467485,0.0032509502,9.1278326e-07,-0.0045394897,0.011245728,0.005567074,0.032587476,0.07950618,0.022072624,0.0615,0.032763254,1.0,,,,,,,,,,,,,,,,,,,,,,,,,,,,,,,,,,,,,,,,,,,,
165.0,-0.003047140731756092,0.06701818853616714,7.212162017822266e-05,0.9812093377113342,0.0,0.004396628,-0.00097649975,1.0000721,0.02592069,0.0034383785,7.620655e-07,-0.0048615932,0.01111722,0.005541086,-0.07711427,-0.03123978,-0.0053552454,0.061875,0.03296258,1.0,,,,,,,,,,,,,,,,,,,,,,,,,,,,,,,,,,,,,,,,,,,,
166.0,-0.0030499447784425805,0.06733712553977966,7.212162017822266e-05,0.9788123965263367,0.0,0.0045064967,-0.0009613377,1.0000721,0.02636848,0.0036388903,7.9423756e-07,-0.0047240257,0.0114479065,0.0056345463,0.032588977,0.07950609,0.022047587,0.06225,0.033161893,1.0,,,,,,,,,,,,,,,,,,,,,,,,,,,,,,,,,,,,,,,,,,,,
167.0,-0.003052737902005719,0.06765405833721161,7.212162017822266e-05,0.9763989448547363,0.0,0.004618287,-0.0009453633,1.0000721,0.026829695,0.0038338508,6.612224e-07,-0.005045891,0.011319399,0.0056085587,-0.07711057,-0.03125259,-0.005337676,0.062625,0.0333612,1.0,,,,,,,,,,,,,,,,,,,,,,,,,,,,,,,,,,,,,,,,,,,,
168.0,-0.003055523014355488,0.06796888262033463,7.212162017822266e-05,0.973969042301178,0.0,0.0047319764,-0.0009285221,1.0000721,0.027285492,0.0040418925,6.8788853e-07,-0.0049083233,0.011649847,0.0057020187,0.03259047,0.079505995,0.022022555,0.063,0.0335605,1.0,,,,,,,,,,,,,,,,,,,,,,,,,,,,,,,,,,,,,,,,,,,,
169.0,-0.0030582943436134567,0.06828159838914871,7.212162017822266e-05,0.9715225696563721,0.0,0.004847621,-0.0009108372,1.0000721,0.02775471,0.0042443816,5.544828e-07,-0.005230427,0.011521578,0.005676031,-0.07710687,-0.031265385,-0.005320107,0.063375,0.03375979,1.0,,,,,,,,,,,,,,,,,,,,,,,,,,,,,,,,,,,,,,,,,,,,
170.0,-0.0030610573615231784,0.06859221309423447,7.212162017822266e-05,0.96905916929245,0.0,0.004965198,-0.00089225406,1.0000721,0.028218506,0.0044599497,5.7989024e-07,-0.005092621,0.011852026,0.005769253,0.032591965,0.0795059,0.021997526,0.06375,0.033959072,1.0,,,,,,,,,,,,,,,,,,,,,,,,,,,,,,,,,,,,,,,,,,,,
171.0,-0.0030638056311860363,0.0689006820321083,7.212162017822266e-05,0.9665790796279907,0.0,0.0050847637,-0.0008727959,1.0000721,0.028695721,0.004669964,4.4509827e-07,-0.0054147243,0.011723518,0.0057435036,-0.07710317,-0.031278178,-0.005302539,0.064125,0.034158345,1.0,,,,,,,,,,,,,,,,,,,,,,,,,,,,,,,,,,,,,,,,,,,,
172.0,-0.0030665458743613784,0.06920699030160904,7.212162017822266e-05,0.9640820622444153,0.0,0.0052062953,-0.0008524082,1.0000721,0.02916751,0.0048930543,4.6948134e-07,-0.0052769184,0.0120539665,0.0058367252,0.032593455,0.0795058,0.021972505,0.0645,0.03435761,1.0,,,,,,,,,,,,,,,,,,,,,,,,,,,,,,,,,,,,,,,,,,,,
173.0,-0.0030692710419502334,0.06951110064983368,7.212162017822266e-05,0.9615680575370789,0.0,0.0053298483,-0.000831114,1.0000721,0.029652717,0.0051105893,3.33249e-07,-0.005599022,0.011925459,0.0058107376,-0.07709946,-0.031290956,-0.005284972,0.064875,0.03455687,1.0,,,,,,,,,,,,,,,,,,,,,,,,,,,,,,,,,,,,,,,,,,,,
174.0,-0.0030719867801580537,0.06981302797794342,7.212162017822266e-05,0.9590371251106262,0.0,0.0054554003,-0.000808859,1.0000721,0.030132493,0.0053411983,3.5662129e-07,-0.005461216,0.012255907,0.0059039593,0.032594938,0.0795057,0.021947488,0.06525,0.034756117,1.0,,,,,,,,,,,,,,,,,,,,,,,,,,,,,,,,,,,,,,,,,,,,
175.0,-0.0030746884544017683,0.07011271268129349,7.212162017822266e-05,0.9564890265464783,0.0,0.005583007,-0.00078566634,1.0000721,0.030625682,0.005566251,2.1894635e-07,-0.0057833195,0.012127399,0.0058779716,-0.07709575,-0.03130373,-0.0052674054,0.065625,0.034955356,1.0,,,,,,,,,,,,,,,,,,,,,,,,,,,,,,,,,,,,,,,,,,,,
176.0,-0.003077380002054228,0.07041015475988388,7.212162017822266e-05,0.9539237022399902,0.0,0.0057126465,-0.0007614814,1.0000721,0.031113438,0.0058043753,2.4130918e-07,-0.0056455135,0.012457848,0.005970955,0.032596417,0.07950559,0.021922478,0.066,0.035154585,1.0,,,,,,,,,,,,,,,,,,,,,,,,,,,,,,,,,,,,,,,,,,,,
177.0,-0.003080056247032775,0.07070533186197281,7.212162017822266e-05,0.9513412117958069,0.0,0.005844374,-0.0007363275,1.0000721,0.031614605,0.0060369414,1.0219229e-07,-0.0059673786,0.01232934,0.0059452057,-0.07709203,-0.03131649,-0.00524984,0.066375,0.03535381,1.0,,,,,,,,,,,,,,,,,,,,,,,,,,,,,,,,,,,,,,,,,,,,
178.0,-0.0030827231878630353,0.07099820673465729,7.212162017822266e-05,0.9487413167953491,0.0,0.005978167,-0.0007101501,1.0000721,0.032110333,0.006282577,1.2354633e-07,-0.0058295727,0.012659788,0.006038189,0.032597892,0.07950549,0.021897474,0.06675,0.03555302,1.0,,,,,,,,,,,,,,,,,,,,,,,,,,,,,,,,,,,,,,,,,,,,
179.0,-0.003085374016347954,0.07128880172967911,7.212162017822266e-05,0.946124255657196,0.0,0.0061140815,-0.0006829724,1.0000721,0.03261947,0.006522653,-1.7011795e-08,-0.006151676,0.0125312805,0.0060122013,-0.07708831,-0.031329244,-0.0052322755,0.067125,0.035752226,1.0,,,,,,,,,,,,,,,,,,,,,,,,,,,,,,,,,,,,,,,,,,,,
180.0,-0.0030880140707532713,0.0715770274400711,7.212162017822266e-05,0.9434896111488342,0.0,0.0062520946,-0.0006547399,1.0000721,0.033123165,0.0067757964,3.3341343e-09,-0.0060138702,0.012861729,0.0061051846,0.032599363,0.07950538,0.021872474,0.0675,0.03595142,1.0,,,,,,,,,,,,,,,,,,,,,,,,,,,,,,,,,,,,,,,,,,,,
181.0,-0.0030906380795494843,0.07186293601989746,7.212162017822266e-05,0.940837562084198,0.0,0.0063922624,-0.00062547583,1.0000721,0.033640265,0.0070233787,-1.3866443e-07,-0.0063357353,0.012732983,0.0060794353,-0.077084586,-0.031341985,-0.0052147117,0.067875,0.036150604,1.0,,,,,,,,,,,,,,,,,,,,,,,,,,,,,,,,,,,,,,,,,,,,
182.0,-0.0030932518775539947,0.0721464604139328,7.212162017822266e-05,0.9381679892539978,0.0,0.006534562,-0.0005951257,1.0000721,0.034151923,0.0072840257,-1.1932599e-07,-0.0061979294,0.013063431,0.00617218,0.03260083,0.079505265,0.02184748,0.06825,0.036349785,1.0,,,,,,,,,,,,,,,,,,,,,,,,,,,,,,,,,,,,,,,,,,,,
183.0,-0.003095867928437654,0.07242759317159653,7.212162017822266e-05,0.9354808926582336,0.0,0.0066790497,-0.00056371273,1.0000721,0.03467698,0.0075391107,-2.6276422e-07,-0.006520033,0.012934685,0.0061461926,-0.07708087,-0.03135472,-0.0051971483,0.068625,0.03654895,1.0,,,,,,,,,,,,,,,,,,,,,,,,,,,,,,,,,,,,,,,,,,,,
184.0,-0.00309847585955112,0.07270628958940506,7.20739335520193e-05,0.9327762126922607,0.0,0.006825702,-0.0005311825,1.0000721,0.03519659,0.007807257,-2.4443267e-07,-0.0063819885,0.013265133,0.0062389374,0.032602295,0.07950515,0.021822492,0.069,0.03674811,1.0,,,,,,,,,,,,,,,,,,,,,,,,,,,,,,,,,,,,,,,,,,,,
185.0,-0.0031010684347686376,0.07298257946968079,7.20739335520193e-05,0.9300539493560791,0.0,0.006974575,-0.00049755815,1.0000721,0.0357296,0.008069841,-3.8930972e-07,-0.006704092,0.013136387,0.006213188,-0.077077135,-0.031367444,-0.0051795864,0.069375,0.036947258,1.0,,,,,,,,,,,,,,,,,,,,,,,,,,,,,,,,,,,,,,,,,,,,
186.0,-0.003103650744047014,0.07325641065835953,7.20739335520193e-05,0.9273139238357544,0.0,0.007125647,-0.00046278533,1.0000721,0.036257155,0.008345484,-3.7198444e-07,-0.0065660477,0.013466835,0.006305933,0.032603756,0.079505034,0.021797508,0.06975,0.0371464,1.0,,,,,,,,,,,,,,,,,,,,,,,,,,,,,,,,,,,,,,,,,,,,
187.0,-0.003106217150664668,0.07352776825428009,7.20739335520193e-05,0.924556314945221,0.0,0.0072789723,-0.00042688716,1.0000721,0.036798105,0.008615563,-5.182996e-07,-0.006888151,0.013338089,0.0062799454,-0.0770734,-0.03138016,-0.005162025,0.070125,0.03734553,1.0,,,,,,,,,,,,,,,,,,,,,,,,,,,,,,,,,,,,,,,,,,,,
188.0,-0.003108772647479829,0.07379660755395889,7.20739335520193e-05,0.9217809438705444,0.0,0.007434529,-0.00038980923,1.0000721,0.0373336,0.008898698,-5.0197986e-07,-0.006750107,0.013668537,0.00637269,0.032605212,0.079504915,0.021772532,0.0705,0.037544653,1.0,,,,,,,,,,,,,,,,,,,,,,,,,,,,,,,,,,,,,,,,,,,,
189.0,-0.003111312719993245,0.07406295835971832,7.20739335520193e-05,0.9189878702163696,0.0,0.0075923726,-0.0003515748,1.0000721,0.037882492,0.009176267,-6.497324e-07,-0.007071972,0.013539791,0.0063467026,-0.07706967,-0.031392865,-0.0051444643,0.070875,0.037743766,1.0,,,,,,,,,,,,,,,,,,,,,,,,,,,,,,,,,,,,,,,,,,,,
190.0,-0.0031138416045837503,0.0743267610669136,7.20739335520193e-05,0.9161771535873413,0.0,0.0077524805,-0.0003121294,1.0000721,0.03842592,0.009466891,-6.344177e-07,-0.006934166,0.013870239,0.006439209,0.03260666,0.07950479,0.02174756,0.07125,0.037942868,1.0,,,,,,,,,,,,,,,,,,,,,,,,,,,,,,,,,,,,,,,,,,,,
191.0,-0.003116353683669411,0.07458797842264175,7.20739335520193e-05,0.9133486151695251,0.0,0.007914909,-0.0002714963,1.0000721,0.038982738,0.009751948,-7.8360665e-07,-0.007256031,0.013741493,0.00641346,-0.07706593,-0.031405564,-0.0051269047,0.071625,0.038141962,1.0,,,,,,,,,,,,,,,,,,,,,,,,,,,,,,,,,,,,,,,,,,,,
192.0,-0.003118855038149497,0.07484664767980576,7.20739335520193e-05,0.9105023741722107,0.0,0.008079634,-0.00022962106,1.0000721,0.039534092,0.010050056,-7.692963e-07,-0.0071179867,0.014071703,0.006505966,0.03260811,0.07950466,0.021722594,0.072,0.038341045,1.0,,,,,,,,,,,,,,,,,,,,,,,,,,,,,,,,,,,,,,,,,,,,
193.0,-0.003121339039227167,0.07510273158550262,7.20739335520193e-05,0.9076383709907532,0.0,0.008246712,-0.00018652692,1.0000721,0.040098835,0.010342596,-9.1992104e-07,-0.00744009,0.013942957,0.006480217,-0.07706219,-0.031418253,-0.0051093455,0.072375,0.038540117,1.0,,,,,,,,,,,,,,,,,,,,,,,,,,,,,,,,,,,,,,,,,,,,
194.0,-0.003123811660693918,0.07535615563392639,7.20739335520193e-05,0.9047565460205078,0.0,0.008416121,-0.00014215948,1.0000721,0.04065811,0.010648185,-9.0661456e-07,-0.007302046,0.014273405,0.006572485,0.032609552,0.079504535,0.021697633,0.07275,0.038739182,1.0,,,,,,,,,,,,,,,,,,,,,,,,,,,,,,,,,,,,,,,,,,,,
195.0,-0.003126267760400308,0.07560695707798004,7.205009751487523e-05,0.9018568992614746,0.0,0.008587916,-9.654195e-05,1.0000721,0.041230768,0.010948204,-1.0586741e-06,-0.007623911,0.014144421,0.0065467358,-0.07705844,-0.03143093,-0.005091788,0.073125,0.03893824,1.0,,,,,,,,,,,,,,,,,,,,,,,,,,,,,,,,,,,,,,,,,,,,
196.0,-0.003128711357211185,0.07585509866476059,7.205009751487523e-05,0.8989396691322327,0.0,0.008762075,-4.9619994e-05,1.000072,0.041797955,0.01126127,-1.0463708e-06,-0.0074858665,0.014474869,0.0066390038,0.032610994,0.0795044,0.021672677,0.0735,0.039137285,1.0,,,,,,,,,,,,,,,,,,,,,,,,,,,,,,,,,,,,,,,,,,,,
197.0,-0.0031311377027010896,0.07610054314136505,7.205009751487523e-05,0.8960047364234924,0.0,0.0089386515,-1.4167911e-06,1.000072,0.04237853,0.011568769,-8.3198347e-07,-0.0078077316,0.014345884,0.0066132545,-0.077054694,-0.0314436,-0.0050742305,0.073875,0.03933632,1.0,,,,,,,,,,,,,,,,,,,,,,,,,,,,,,,,,,,,,,,,,,,,
198.0,-0.003133552222012912,0.07634331285953522,7.205009751487523e-05,0.8930520415306091,0.0,0.009117625,4.8121987e-05,1.000072,0.04295362,0.011889307,-9.0699535e-07,-0.0076696873,0.0146763325,0.006705284,0.032612428,0.07950427,0.021647729,0.07425,0.039535344,1.0,,,,,,,,,,,,,,,,,,,,,,,,,,,,,,,,,,,,,,,,,,,,
199.0,-0.003135948238827195,0.07658332586288452,7.205009751487523e-05,0.8900817036628723,0.0,0.00929905,9.897313e-05,1.000072,0.043542095,0.012204274,-1.041672e-06,-0.007991552,0.014547348,0.006679535,-0.07705095,-0.03145626,-0.005056674,0.074625,0.03973436,1.0,,,,,,,,,,,,,,,,,,,,,,,,,,,,,,,,,,,,,,,,,,,,
200.0,-0.003138332058178213,0.07682059705257416,7.205009751487523e-05,0.8870936632156372,0.0,0.009482905,0.00015119098,1.000072,0.044125084,0.012532282,-1.0361241e-06,-0.007853508,0.014877796,0.006771803,0.03261386,0.07950413,0.021622784,0.075,0.039933365,1.0,,,,,,,,,,,,,,,,,,,,,,,,,,,,,,,,,,,,,,,,,,,,
201.0,-0.003140698067408562,0.07705512642860413,7.205009751487523e-05,0.8840880393981934,0.0,0.009669244,0.00020475229,1.000072,0.044721454,0.012854717,-1.1913693e-06,-0.008175373,0.014748812,0.0067460537,-0.07704719,-0.03146891,-0.0050391187,0.075375,0.040132362,1.0,,,,,,,,,,,,,,,,,,,,,,,,,,,,,,,,,,,,,,,,,,,,
202.0,-0.003143050959140347,0.07728685438632965,7.205009751487523e-05,0.8810648918151855,0.0,0.009858046,0.0002597114,1.000072,0.045312338,0.01319019,-1.1823332e-06,-0.008037329,0.01507926,0.0068380833,0.032615285,0.07950399,0.021597845,0.07575,0.04033135,1.0,,,,,,,,,,,,,,,,,,,,,,,,,,,,,,,,,,,,,,,,,,,,
203.0,-0.003145386025984972,0.07751576602458954,7.205009751487523e-05,0.8780242800712585,0.0,0.0100493645,0.00031604513,1.000072,0.045916595,0.013520088,-1.3400635e-06,-0.008359194,0.014950275,0.006812334,-0.07704343,-0.03148155,-0.005021564,0.076125,0.040530324,1.0,,,,,,,,,,,,,,,,,,,,,,,,,,,,,,,,,,,,,,,,,,,,
204.0,-0.0031477073684173075,0.07774188369512558,7.205009751487523e-05,0.8749660849571228,0.0,0.010243179,0.0003738077,1.000072,0.046515364,0.013863022,-1.3317809e-06,-0.008221149,0.015280485,0.0069043636,0.03261671,0.07950385,0.021572914,0.0765,0.040729288,1.0,,,,,,,,,,,,,,,,,,,,,,,,,,,,,,,,,,,,,,,,,,,,
205.0,-0.003150010295754113,0.07796511799097061,7.205009751487523e-05,0.8718904852867126,0.0,0.010439543,0.00043297597,1.000072,0.047127504,0.014200381,-1.4910003e-06,-0.0085430145,0.015151501,0.0068786144,-0.077039674,-0.03149418,-0.0050040106,0.076875,0.040928245,1.0,,,,,,,,,,,,,,,,,,,,,,,,,,,,,,,,,,,,,,,,,,,,
206.0,-0.0031522992344094137,0.07818548381328583,7.205009751487523e-05,0.8687977194786072,0.0,0.010638435,0.00049360417,1.000072,0.04773415,0.0145507725,-1.4837042e-06,-0.008404732,0.01548171,0.0069704056,0.032618128,0.0795037,0.021547986,0.07725,0.04112719,1.0,,,,,,,,,,,,,,,,,,,,,,,,,,,,,,,,,,,,,,,,,,,,
207.0,-0.003154569806500071,0.07840298861265182,7.200241088867188e-05,0.8656874895095825,0.0,0.010839911,0.00055566913,1.000072,0.048354164,0.014895586,-1.644357e-06,-0.008726597,0.015352726,0.0069446564,-0.077035904,-0.031506807,-0.0049864575,0.077625,0.041326124,1.0,,,,,,,,,,,,,,,,,,,,,,,,,,,,,,,,,,,,,,,,,,,,
208.0,-0.00315682616936835,0.07861755043268204,7.200241088867188e-05,0.8625600337982178,0.0,0.011043947,0.0006192251,1.000072,0.048968684,0.015253432,-1.6380595e-06,-0.0085885525,0.015683174,0.0070364475,0.03261954,0.07950355,0.021523064,0.078,0.04152505,1.0,,,,,,,,,,,,,,,,,,,,,,,,,,,,,,,,,,,,,,,,,,,,
209.0,-0.003159063241667981,0.07882920652627945,7.195472426246852e-05,0.8594154119491577,0.0,0.0112506,0.0006842488,1.000072,0.049596567,0.015605697,-1.8001422e-06,-0.008910418,0.015553951,0.0070106983,-0.07703214,-0.03151942,-0.0049689054,0.078375,0.041723963,1.0,,,,,,,,,,,,,,,,,,,,,,,,,,,,,,,,,,,,,,,,,,,,
210.0,-0.003161286896998026,0.07903788983821869,7.195472426246852e-05,0.8562537431716919,0.0,0.011459846,0.00075079466,1.000072,0.050218947,0.015970992,-1.7948435e-06,-0.008772135,0.0158844,0.0071024895,0.03262095,0.0795034,0.021498147,0.07875,0.041922867,1.0,,,,,,,,,,,,,,,,,,,,,,,,,,,,,,,,,,,,,,,,,,,,
211.0,-0.003163490230484776,0.07924362272024155,7.195472426246852e-05,0.8530749082565308,0.0,0.011671741,0.00081883924,1.000072,0.050854694,0.016330706,-1.9583547e-06,-0.009094,0.015755177,0.0070767403,-0.077028364,-0.031532023,-0.0049513546,0.079125,0.04212176,1.0,,,,,,,,,,,,,,,,,,,,,,,,,,,,,,,,,,,,,,,,,,,,
212.0,-0.0031656796690400168,0.07944633811712265,7.195472426246852e-05,0.8498792052268982,0.0,0.0118862605,0.0008884369,1.000072,0.051484935,0.016703445,-1.9540544e-06,-0.008955717,0.016085386,0.0071685314,0.03262236,0.07950325,0.021473236,0.0795,0.042320643,1.0,,,,,,,,,,,,,,,,,,,,,,,,,,,,,,,,,,,,,,,,,,,,
213.0,-0.0031678485814592323,0.07964606583118439,7.195472426246852e-05,0.8466667532920837,0.0,0.012103463,0.0009595644,1.000072,0.052128535,0.017070603,-2.1189935e-06,-0.009277582,0.015956402,0.007142782,-0.077024594,-0.03154462,-0.0049338043,0.079875,0.042519517,1.0,,,,,,,,,,,,,,,,,,,,,,,,,,,,,,,,,,,,,,,,,,,,
214.0,-0.0031700034419050527,0.07984274625778198,7.193088822532445e-05,0.8434374332427979,0.0,0.012323324,0.0010322761,1.000072,0.05276662,0.017450783,-2.1156907e-06,-0.009139299,0.016286612,0.007234335,0.03262376,0.0795031,0.021448331,0.08025,0.042718377,1.0,,,,,,,,,,,,,,,,,,,,,,,,,,,,,,,,,,,,,,,,,,,,
215.0,-0.003172137811681227,0.08003640919923782,7.193088822532445e-05,0.8401914834976196,0.0,0.0125458995,0.0011065485,1.0000719,0.05341807,0.01782538,-2.2820573e-06,-0.0094611645,0.016157389,0.0072085857,-0.07702082,-0.031557206,-0.004916255,0.080625,0.04291723,1.0,,,,,,,,,,,,,,,,,,,,,,,,,,,,,,,,,,,,,,,,,,,,
216.0,-0.00317425699011348,0.08022692799568176,7.193088822532445e-05,0.8369289636611938,0.0,0.012771166,0.0011824359,1.0000719,0.05406401,0.018213,-1.9118859e-06,-0.009322882,0.016487837,0.0073001385,0.032625157,0.07950293,0.021423431,0.081,0.043116067,1.0,,,,,,,,,,,,,,,,,,,,,,,,,,,,,,,,,,,,,,,,,,,,
217.0,-0.003176355529419081,0.08041439950466156,7.193088822532445e-05,0.8336501717567444,0.0,0.01299918,0.0012599153,1.0000719,0.054723293,0.018595032,-2.1659691e-06,-0.009644747,0.016358614,0.0072743893,-0.07701703,-0.031569783,-0.004898706,0.081375,0.043314897,1.0,,,,,,,,,,,,,,,,,,,,,,,,,,,,,,,,,,,,,,,,,,,,
218.0,-0.003178439244457523,0.08059874176979065,7.193088822532445e-05,0.8303548693656921,0.0,0.013229918,0.0013390406,1.0000719,0.055377062,0.018990083,-2.144419e-06,-0.009506464,0.016688824,0.007365942,0.032626554,0.079502776,0.021398537,0.08175,0.043513715,1.0,,,,,,,,,,,,,,,,,,,,,,,,,,,,,,,,,,,,,,,,,,,,
219.0,-0.003180501561862685,0.08077996969223022,7.18832015991211e-05,0.8270434737205505,0.0,0.013463435,0.0014197887,1.0000719,0.056044184,0.019379547,-2.3183852e-06,-0.009828329,0.0165596,0.007340193,-0.07701325,-0.031582348,-0.0048811585,0.082125,0.043712523,1.0,,,,,,,,,,,,,,,,,,,,,,,,,,,,,,,,,,,,,,,,,,,,
220.0,-0.003182548750910874,0.08095801621675491,7.18832015991211e-05,0.8237158060073853,0.0,0.0136997085,0.0015022138,1.0000719,0.05670578,0.019782027,-2.316958e-06,-0.009689808,0.01688981,0.007431507,0.032627944,0.07950261,0.021373648,0.0825,0.04391132,1.0,,,,,,,,,,,,,,,,,,,,,,,,,,,,,,,,,,,,,,,,,,,,
221.0,-0.003184343411587185,0.0811329036951065,7.18832015991211e-05,0.8203724026679993,0.0,0.013938795,0.0015862926,1.0000719,0.05738073,0.020178918,-2.487863e-06,-0.010011673,0.016760588,0.0074059963,-0.07700946,-0.031594906,-0.004863612,0.082875,0.044110104,1.0,,,,,,,,,,,,,,,,,,,,,,,,,,,,,,,,,,,,,,,,,,,,
222.0,-0.003186121642112198,0.08130460977554321,7.18832015991211e-05,0.8170129656791687,0.0,0.0141806705,0.0016720794,1.0000719,0.05805015,0.020588823,-2.4884828e-06,-0.00987339,0.017090797,0.0074973106,0.03262933,0.07950244,0.021348765,0.08325,0.044308882,1.0,,,,,,,,,,,,,,,,,,,,,,,,,,,,,,,,,,,,,,,,,,,,
223.0,-0.003187878205347621,0.08147310465574265,7.18832015991211e-05,0.8136377930641174,0.0,0.014425391,0.0017595508,1.0000719,0.058732916,0.020993138,-2.660565e-06,-0.010195255,0.016961575,0.0074715614,-0.07700567,-0.031607457,-0.004846066,0.083625,0.044507645,1.0,,,,,,,,,,,,,,,,,,,,,,,,,,,,,,,,,,,,,,,,,,,,
224.0,-0.0031896186016537797,0.081638403236866,7.18832015991211e-05,0.8102471828460693,0.0,0.014672933,0.0018487611,1.0000719,0.059410147,0.021410463,-2.6622374e-06,-0.010056734,0.017291784,0.0075628757,0.03263071,0.07950227,0.021323888,0.084,0.044706397,1.0,,,,,,,,,,,,,,,,,,,,,,,,,,,,,,,,,,,,,,,,,,,,
225.0,-0.003191336638568504,0.08180050551891327,7.18832015991211e-05,0.8068413138389587,0.0,0.014923354,0.001939687,1.0000719,0.060100727,0.021822196,-2.8357297e-06,-0.010378599,0.017162323,0.0075371265,-0.07700188,-0.031619996,-0.0048285206,0.084375,0.044905137,1.0,,,,,,,,,,,,,,,,,,,,,,,,,,,,,,,,,,,,,,,,,,,,
226.0,-0.0031930387246139683,0.08195941150188446,7.185935828601941e-05,0.8034201264381409,0.0,0.015176628,0.0020323824,1.0000719,0.060785767,0.022246938,-2.838399e-06,-0.010240078,0.017492533,0.0076282024,0.03263209,0.0795021,0.021299016,0.08475,0.045103867,1.0,,,,,,,,,,,,,,,,,,,,,,,,,,,,,,,,,,,,,,,,,,,,
227.0,-0.003194996926134545,0.08211507648229599,7.181167893577367e-05,0.7999840378761292,0.0,0.015432811,0.0021268246,1.0000718,0.06148415,0.022666086,-3.0133128e-06,-0.010561943,0.01736331,0.0076026917,-0.07699808,-0.031632528,-0.0048109763,0.085125,0.04530259,1.0,,,,,,,,,,,,,,,,,,,,,,,,,,,,,,,,,,,,,,,,,,,,
228.0,-0.003299990611758493,0.08226752281188965,7.181167893577367e-05,0.7965329885482788,0.0,0.015691882,0.0022230672,1.0000718,0.062177,0.023098243,-2.6491223e-06,-0.010423422,0.017577887,0.0076949596,0.032849558,0.051747967,0.02156726,0.0855,0.045501295,1.0,,,,,,,,,,,,,,,,,,,,,,,,,,,,,,,,,,,,,,,,,,,,
229.0,-0.003405402181574668,0.08241679519414902,7.181167893577367e-05,0.7930672764778137,0.0,0.015953876,0.002321087,1.0000718,0.06287845,0.023524765,-2.8283534e-06,-0.010745287,0.017332792,0.0076704025,-0.0767726,-0.05939255,-0.0045131003,0.085875,0.04569999,1.0,,,,,,,,,,,,,,,,,,,,,,,,,,,,,,,,,,,,,,,,,,,,
230.0,-0.003511228749164273,0.08256281912326813,7.176399230957031e-05,0.789587140083313,0.0,0.01621875,0.002420938,1.0000718,0.06356963,0.023964252,-2.7507315e-06,-0.010606766,0.017547369,0.0077626705,0.032849725,0.051760893,0.021555133,0.08625,0.045898676,1.0,,,,,,,,,,,,,,,,,,,,,,,,,,,,,,,,,,,,,,,,,,,,
231.0,-0.0036174607216523285,0.08270568400621414,7.176399230957031e-05,0.7860927581787109,0.0,0.016486539,0.0025225969,1.0000718,0.06426942,0.024398107,-2.8614725e-06,-0.010928392,0.017302513,0.007738352,-0.07676371,-0.05939218,-0.0045083743,0.086625,0.04609735,1.0,,,,,,,,,,,,,,,,,,,,,,,,,,,,,,,,,,,,,,,,,,,,
232.0,-0.0037241010439204316,0.08284532278776169,7.176399230957031e-05,0.7825841903686523,0.0,0.016757201,0.0026261173,1.0000718,0.064958945,0.024844922,-2.8026366e-06,-0.010789871,0.01751709,0.007830381,0.03284989,0.051773813,0.021543004,0.087,0.04629601,1.0,,,,,,,,,,,,,,,,,,,,,,,,,,,,,,,,,,,,,,,,,,,,
233.0,-0.0038311354538670813,0.08298179507255554,7.176399230957031e-05,0.7790617346763611,0.0,0.017030772,0.0027314762,1.0000718,0.06565707,0.025286103,-2.9076919e-06,-0.011111736,0.017272234,0.0078060627,-0.07675482,-0.05939181,-0.0045036455,0.087375,0.04649466,1.0,,,,,,,,,,,,,,,,,,,,,,,,,,,,,,,,,,,,,,,,,,,,
234.0,-0.003938563391290946,0.08311505615711212,7.176399230957031e-05,0.7755255699157715,0.0,0.017307209,0.002838727,1.0000718,0.06634493,0.02574024,-2.852911e-06,-0.010973215,0.01748681,0.007898331,0.032850053,0.051786724,0.021530872,0.08775,0.0466933,1.0,,,,,,,,,,,,,,,,,,,,,,,,,,,,,,,,,,,,,,,,,,,,
235.0,-0.004046373404185251,0.0832451656460762,7.176399230957031e-05,0.7719759345054626,0.0,0.017586548,0.002947847,1.0000718,0.067041405,0.02618874,-2.9557361e-06,-0.011294842,0.017241955,0.007873774,-0.07674595,-0.059391443,-0.0044989143,0.088125,0.046891924,1.0,,,,,,,,,,,,,,,,,,,,,,,,,,,,,,,,,,,,,,,,,,,,
236.0,-0.004154569846652284,0.08337206393480301,7.174014899646863e-05,0.7684128284454346,0.0,0.017868746,0.0030588894,1.0000718,0.06772761,0.026650194,-2.904198e-06,-0.011156321,0.017456532,0.007966042,0.032850217,0.051799633,0.021518739,0.0885,0.04709054,1.0,,,,,,,,,,,,,,,,,,,,,,,,,,,,,,,,,,,,,,,,,,,,
237.0,-0.004263140046400783,0.08349581062793732,7.174014899646863e-05,0.7648365497589111,0.0,0.01815384,0.0031718311,1.0000716,0.06842243,0.02710601,-3.004984e-06,-0.011477947,0.017211676,0.007941723,-0.076737076,-0.05939107,-0.00449418,0.088875,0.047289144,1.0,,,,,,,,,,,,,,,,,,,,,,,,,,,,,,,,,,,,,,,,,,,,
238.0,-0.004372077059187104,0.08361638337373734,7.174014899646863e-05,0.761247456073761,0.0,0.018441785,0.003286726,1.0000716,0.06910698,0.027574778,-2.5887912e-06,-0.011339426,0.01742649,0.008033752,0.03285038,0.05181253,0.021506604,0.08925,0.047487736,1.0,,,,,,,,,,,,,,,,,,,,,,,,,,,,,,,,,,,,,,,,,,,,
239.0,-0.004481373710922363,0.08373377472162247,7.174014899646863e-05,0.7576456069946289,0.0,0.01873262,0.0034035505,1.0000716,0.069800146,0.028037902,-2.7738204e-06,-0.011661053,0.017181635,0.008009434,-0.07672821,-0.059390698,-0.0044894433,0.089625,0.047686316,1.0,,,,,,,,,,,,,,,,,,,,,,,,,,,,,,,,,,,,,,,,,,,,
240.0,-0.00459103257157013,0.0838480219244957,7.174014899646863e-05,0.7540311217308044,0.0,0.0190263,0.0035223588,1.0000716,0.07048304,0.028513972,-2.7084386e-06,-0.0115225315,0.01739645,0.008101463,0.03285054,0.051825423,0.021494467,0.09,0.04788488,1.0,,,,,,,,,,,,,,,,,,,,,,,,,,,,,,,,,,,,,,,,,,,,
241.0,-0.0047010377878523866,0.08395910263061523,7.174014899646863e-05,0.7504043579101562,0.0,0.01932286,0.0036431272,1.0000716,0.07117455,0.0289844,-2.809915e-06,-0.011844158,0.017151594,0.008077145,-0.07671934,-0.059390325,-0.0044847038,0.090375,0.04808344,1.0,,,,,,,,,,,,,,,,,,,,,,,,,,,,,,,,,,,,,,,,,,,,
242.0,-0.004811387973681771,0.08406706899404526,7.174014899646863e-05,0.7467654943466187,0.0,0.019622259,0.0037659095,1.0000716,0.07185578,0.02946777,-2.7668439e-06,-0.011705637,0.01736641,0.008167267,0.03284336,0.05183315,0.021051753,0.09075,0.048281983,1.0,,,,,,,,,,,,,,,,,,,,,,,,,,,,,,,,,,,,,,,,,,,,
243.0,-0.004922072353141802,0.0841718539595604,7.174014899646863e-05,0.7431147694587708,0.0,0.019924533,0.0038906825,1.0000716,0.07254564,0.029945496,-2.8618103e-06,-0.012027264,0.017121553,0.008141279,-0.07671795,-0.05939496,-0.0049104397,0.091125,0.048480514,1.0,,,,,,,,,,,,,,,,,,,,,,,,,,,,,,,,,,,,,,,,,,,,
244.0,-0.005033092890524775,0.08427350968122482,7.164478302001953e-05,0.7394522428512573,0.0,0.020229638,0.0040174997,1.0000716,0.07322523,0.030436162,-2.8229806e-06,-0.011888742,0.017336369,0.008231163,0.03284371,0.05184591,0.021039808,0.0915,0.048679035,1.0,,,,,,,,,,,,,,,,,,,,,,,,,,,,,,,,,,,,,,,,,,,,
245.0,-0.0051444363647586335,0.08437199890613556,7.164478302001953e-05,0.7357782125473022,0.0,0.02053761,0.004146338,1.0000716,0.07391343,0.03092118,-2.9156747e-06,-0.012210369,0.017091513,0.008205175,-0.0767093,-0.059394315,-0.0049054995,0.091875,0.04887754,1.0,,,,,,,,,,,,,,,,,,,,,,,,,,,,,,,,,,,,,,,,,,,,
246.0,-0.005256104286201886,0.08446738868951797,7.162093970691785e-05,0.7320927977561951,0.0,0.020848406,0.004277251,1.0000716,0.074591376,0.031419136,-2.8800916e-06,-0.0120716095,0.017306566,0.008295298,0.032844063,0.051858656,0.02102786,0.09225,0.049076036,1.0,,,,,,,,,,,,,,,,,,,,,,,,,,,,,,,,,,,,,,,,,,,,
247.0,-0.005368073504916686,0.08455962687730789,7.162093970691785e-05,0.7283965945243835,0.0,0.021162065,0.004410215,1.0000715,0.07527793,0.03191144,-2.9707476e-06,-0.012393475,0.01706171,0.00826931,-0.076700665,-0.059393667,-0.004900557,0.092625,0.04927452,1.0,,,,,,,,,,,,,,,,,,,,,,,,,,,,,,,,,,,,,,,,,,,,
248.0,-0.005479969534987801,0.08464877307415009,7.162093970691785e-05,0.7246893644332886,0.0,0.021478541,0.004545285,1.0000715,0.07595423,0.032416683,-2.5705065e-06,-0.012254715,0.017276764,0.008359194,0.032844413,0.051871404,0.021015909,0.093,0.049472988,1.0,,,,,,,,,,,,,,,,,,,,,,,,,,,,,,,,,,,,,,,,,,,,
249.0,-0.005592163286363054,0.08473476767539978,7.162093970691785e-05,0.7209714651107788,0.0,0.021797871,0.004682436,1.0000715,0.07663914,0.032916266,-2.745405e-06,-0.012576342,0.017031908,0.008333445,-0.07669203,-0.059393015,-0.004895611,0.093375,0.04967145,1.0,,,,,,,,,,,,,,,,,,,,,,,,,,,,,,,,,,,,,,,,,,,,
250.0,-0.005704655483834269,0.08481767028570175,7.162093970691785e-05,0.7172430157661438,0.0,0.022120012,0.0048217224,1.0000715,0.07731378,0.033428784,-2.6959667e-06,-0.012437582,0.017246962,0.008423328,0.03284476,0.05188414,0.021003956,0.09375,0.049869895,1.0,,,,,,,,,,,,,,,,,,,,,,,,,,,,,,,,,,,,,,,,,,,,
251.0,-0.005817431987595037,0.08489754796028137,7.162093970691785e-05,0.7135043740272522,0.0,0.022444999,0.004963121,1.0000715,0.077997044,0.033935644,-2.787319e-06,-0.012759447,0.017002106,0.008397341,-0.0766834,-0.059392367,-0.004890663,0.094125,0.050068326,1.0,,,,,,,,,,,,,,,,,,,,,,,,,,,,,,,,,,,,,,,,,,,,
252.0,-0.005930496377736974,0.08497433364391327,7.162093970691785e-05,0.709755539894104,0.0,0.02277279,0.005106685,1.0000715,0.07867004,0.034455433,-2.7601832e-06,-0.0126206875,0.01721716,0.008487225,0.03284511,0.051896874,0.020992003,0.0945,0.050266746,1.0,,,,,,,,,,,,,,,,,,,,,,,,,,,,,,,,,,,,,,,,,,,,
253.0,-0.006043837121139588,0.0850481241941452,7.162093970691785e-05,0.7059967517852783,0.0,0.023103423,0.005252392,1.0000715,0.07935166,0.034969565,-2.8450295e-06,-0.012942314,0.016972542,0.008461475,-0.076674774,-0.059391715,-0.004885712,0.094875,0.050465155,1.0,,,,,,,,,,,,,,,,,,,,,,,,,,,,,,,,,,,,,,,,,,,,
254.0,-0.006157455784937192,0.0851188600063324,7.162093970691785e-05,0.7022281289100647,0.0,0.023436852,0.0054002944,1.0000715,0.08002301,0.03549662,-2.8221273e-06,-0.012803555,0.017187595,0.008551121,0.032845456,0.051909596,0.020980047,0.09525,0.05066355,1.0,,,,,,,,,,,,,,,,,,,,,,,,,,,,,,,,,,,,,,,,,,,,
255.0,-0.006271334815255424,0.08518662303686142,7.162093970691785e-05,0.6984500885009766,0.0,0.023773115,0.0055503696,1.0000715,0.08070299,0.036018014,-2.9047055e-06,-0.013125181,0.016942978,0.008525372,-0.076666154,-0.05939106,-0.0048807585,0.095625,0.050861932,1.0,,,,,,,,,,,,,,,,,,,,,,,,,,,,,,,,,,,,,,,,,,,,
256.0,-0.006385483798895827,0.08525139838457108,7.159709639381617e-05,0.6946624517440796,0.0,0.024112169,0.005702671,1.0000715,0.0813727,0.036552332,-2.8850418e-06,-0.012986422,0.017158031,0.008615017,0.032845803,0.051922314,0.02096809,0.096,0.051060304,1.0,,,,,,,,,,,,,,,,,,,,,,,,,,,,,,,,,,,,,,,,,,,,
257.0,-0.006499886166185617,0.08531317114830017,7.159709639381617e-05,0.6908656358718872,0.0,0.024454048,0.005857175,1.0000714,0.08205104,0.037080985,-2.9655853e-06,-0.013308048,0.016913414,0.008589268,-0.07665754,-0.059390407,-0.0048758024,0.096375,0.05125866,1.0,,,,,,,,,,,,,,,,,,,,,,,,,,,,,,,,,,,,,,,,,,,,
258.0,-0.0066145254042884434,0.08537204563617706,7.159709639381617e-05,0.6870598196983337,0.0,0.02479871,0.006013936,1.0000714,0.08271912,0.03762256,-2.581259e-06,-0.013169289,0.017128468,0.008678913,0.03284615,0.05193503,0.02095613,0.09675,0.051457006,1.0,,,,,,,,,,,,,,,,,,,,,,,,,,,,,,,,,,,,,,,,,,,,
259.0,-0.006729995104128764,0.08542796969413757,7.159709639381617e-05,0.6832451224327087,0.0,0.025146192,0.0061729294,1.0000714,0.08339582,0.03815847,-2.7460449e-06,-0.013459206,0.01688385,0.008653164,-0.069051616,-0.05932381,-0.005000992,0.097125,0.051655337,1.0,,,,,,,,,,,,,,,,,,,,,,,,,,,,,,,,,,,,,,,,,,,,
260.0,-0.006844789200670562,0.08548096567392349,7.159709639381617e-05,0.6794217824935913,0.0,0.025496453,0.006334204,1.0000714,0.084062256,0.038705993,-2.6950715e-06,-0.013288736,0.017099142,0.008742809,0.040442057,0.05201251,0.020817542,0.0975,0.051853657,1.0,,,,,,,,,,,,,,,,,,,,,,,,,,,,,,,,,,,,,,,,,,,,
261.0,-0.00696073440088576,0.0855310708284378,7.159709639381617e-05,0.675589919090271,0.0,0.025849525,0.006497732,1.0000714,0.08473734,0.03924656,-2.76337e-06,-0.013578653,0.016854525,0.00871706,-0.06904663,-0.059322,-0.004999496,0.097875,0.05205196,1.0,,,,,,,,,,,,,,,,,,,,,,,,,,,,,,,,,,,,,,,,,,,,
262.0,-0.007075994367614363,0.08557827770709991,7.159709639381617e-05,0.6717497706413269,0.0,0.026205366,0.00666356,1.0000714,0.08540216,0.039798744,-2.7367491e-06,-0.013408184,0.017069817,0.0088067055,0.040438924,0.052024614,0.020809101,0.09825,0.052250255,1.0,,,,,,,,,,,,,,,,,,,,,,,,,,,,,,,,,,,,,,,,,,,,
263.0,-0.007192389993143549,0.0856226235628128,7.159709639381617e-05,0.6679015755653381,0.0,0.026564015,0.0068316595,1.0000714,0.086075634,0.040343966,-2.7982728e-06,-0.013698101,0.0168252,0.008780956,-0.06904164,-0.05932019,-0.004997995,0.098625,0.052448537,1.0,,,,,,,,,,,,,,,,,,,,,,,,,,,,,,,,,,,,,,,,,,,,
264.0,-0.007308089840840537,0.08566409349441528,7.159709639381617e-05,0.6640454530715942,0.0,0.026925428,0.00700208,1.0000714,0.08673885,0.0409008,-2.774965e-06,-0.013527632,0.017040491,0.008870363,0.04043579,0.05203671,0.020800658,0.099,0.0526468,1.0,,,,,,,,,,,,,,,,,,,,,,,,,,,,,,,,,,,,,,,,,,,,
265.0,-0.0074249168292146814,0.08570269495248795,7.159709639381617e-05,0.6601815819740295,0.0,0.027289638,0.007174791,1.0000714,0.0874107,0.041450676,-2.834648e-06,-0.013817549,0.016795874,0.008844852,-0.069036655,-0.05931838,-0.0049964907,0.099375,0.052845057,1.0,,,,,,,,,,,,,,,,,,,,,,,,,,,,,,,,,,,,,,,,,,,,
266.0,-0.00754083035743495,0.08573849499225616,7.157326035667211e-05,0.6563101410865784,0.0,0.027656605,0.0073498413,1.0000714,0.08807231,0.042012163,-2.8134957e-06,-0.0136470795,0.017011166,0.008934259,0.04043266,0.052048802,0.02079221,0.09975,0.053043295,1.0,,,,,,,,,,,,,,,,,,,,,,,,,,,,,,,,,,,,,,,,,,,,
267.0,-0.00765782564705055,0.08577142655849457,7.157326035667211e-05,0.6524314284324646,0.0,0.028026367,0.007527203,1.0000713,0.088742554,0.042566687,-2.8716101e-06,-0.013523579,0.016766548,0.00890851,0.03014874,-0.05843044,-0.0066823927,0.100125,0.053241525,1.0,,,,,,,,,,,,,,,,,,,,,,,,,,,,,,,,,,,,,,,,,,,,
268.0,-0.007774101663794888,0.0858016237616539,7.157326035667211e-05,0.6485455632209778,0.0,0.028398879,0.007706852,1.0000713,0.089402705,0.04311593,-2.2527222e-06,-0.01293993,0.016919613,0.008998871,0.13972537,0.03794581,0.019345017,0.1005,0.053439736,1.0,,,,,,,,,,,,,,,,,,,,,,,,,,,,,,,,,,,,,,,,,,,,
269.0,-0.007891487093056164,0.0858290046453476,7.157326035667211e-05,0.6446525454521179,0.0,0.028774166,0.0078886915,1.0000713,0.09006909,0.043641284,-2.1874323e-06,-0.012816668,0.01661253,0.008973837,0.030245895,-0.073396385,-0.006530443,0.100875,0.053637937,1.0,,,,,,,,,,,,,,,,,,,,,,,,,,,,,,,,,,,,,,,,,,,,
270.0,-0.008008138986726773,0.0858536809682846,7.157326035667211e-05,0.6407528519630432,0.0,0.029152177,0.008072697,1.0000713,0.09072283,0.044161342,-1.9274712e-06,-0.012233257,0.016765594,0.009064198,0.13967533,0.03795765,0.019389313,0.10125,0.053836126,1.0,,,,,,,,,,,,,,,,,,,,,,,,,,,,,,,,,,,,,,,,,,,,
271.0,-0.008125979438707784,0.08587561547756195,7.152557373046875e-05,0.6368464231491089,0.0,0.02953294,0.008258769,1.0000713,0.09138282,0.044657532,-1.7940275e-06,-0.012109995,0.01645875,0.009038925,0.030205658,-0.07337205,-0.0065811393,0.101625,0.054034296,1.0,,,,,,,,,,,,,,,,,,,,,,,,,,,,,,,,,,,,,,,,,,,,
272.0,-0.008243079625784664,0.08589481562376022,7.157326035667211e-05,0.6329335570335388,0.0,0.029916398,0.008446888,1.0000713,0.09203015,0.04514844,-1.5557033e-06,-0.011710405,0.016611576,0.009129524,0.09556116,0.03757114,0.020158913,0.102,0.05423246,1.0,,,,,,,,,,,,,,,,,,,,,,,,,,,,,,,,,,,,,,,,,,,,
273.0,-0.008361263019048831,0.08591137826442719,7.157326035667211e-05,0.6290144324302673,0.0,0.03030258,0.008636984,1.0000713,0.09268368,0.045623004,-1.5204022e-06,-0.011771202,0.016304731,0.009104013,-0.01388696,-0.07375432,-0.0058861636,0.102375,0.054430604,1.0,,,,,,,,,,,,,,,,,,,,,,,,,,,,,,,,,,,,,,,,,,,,
274.0,-0.0084786977942013,0.08592523634433746,7.157326035667211e-05,0.6250891089439392,0.0,0.030691432,0.0088290665,1.0000713,0.09332449,0.046099797,-1.3514069e-06,-0.011371613,0.016457796,0.0091946125,0.095532045,0.03758599,0.02018276,0.10275,0.054628737,1.0,,,,,,,,,,,,,,,,,,,,,,,,,,,,,,,,,,,,,,,,,,,,
275.0,-0.008597203750906694,0.0859365165233612,7.157326035667211e-05,0.6211579442024231,0.0,0.03108298,0.009023068,1.0000713,0.09397149,0.04656026,-1.3044996e-06,-0.011432409,0.01615119,0.009169102,-0.013905514,-0.07373712,-0.0059166797,0.103125,0.054826856,1.0,,,,,,,,,,,,,,,,,,,,,,,,,,,,,,,,,,,,,,,,,,,,
276.0,-0.008714952903877544,0.08594510704278946,7.157326035667211e-05,0.6172208786010742,0.0,0.031477172,0.009218996,1.0000713,0.09460578,0.047022957,-1.1394112e-06,-0.011033058,0.016304016,0.009259701,0.09550294,0.03760082,0.020206593,0.1035,0.055024963,1.0,,,,,,,,,,,,,,,,,,,,,,,,,,,,,,,,,,,,,,,,,,,,
277.0,-0.00883376318368196,0.08595113456249237,7.157326035667211e-05,0.6132782697677612,0.0,0.03187403,0.009416785,1.0000713,0.09524628,0.047469333,-1.096235e-06,-0.011093855,0.01599741,0.009233952,-0.013924058,-0.07371992,-0.0059471726,0.103875,0.055223055,1.0,,,,,,,,,,,,,,,,,,,,,,,,,,,,,,,,,,,,,,,,,,,,
278.0,-0.008951803346936483,0.08595456182956696,7.157326035667211e-05,0.6093302369117737,0.0,0.032273505,0.009616444,1.0000713,0.095874056,0.047917947,-9.314516e-07,-0.010694504,0.016150475,0.009324551,0.09547385,0.03761563,0.020230409,0.10425,0.055421133,1.0,,,,,,,,,,,,,,,,,,,,,,,,,,,,,,,,,,,,,,,,,,,,
279.0,-0.009070897716284368,0.08595545589923859,7.157326035667211e-05,0.6053768992424011,0.0,0.032675624,0.009817903,1.0000713,0.09650805,0.04835025,-8.9284526e-07,-0.010755539,0.015843868,0.009298801,-0.013942592,-0.07370272,-0.0059776427,0.104625,0.055619195,1.0,,,,,,,,,,,,,,,,,,,,,,,,,,,,,,,,,,,,,,,,,,,,
280.0,-0.009189213174581917,0.0859537348151207,7.157326035667211e-05,0.6014184355735779,0.0,0.03308033,0.010021173,1.0000713,0.09712934,0.048784796,-7.2816533e-07,-0.010356426,0.015996933,0.0093894005,0.09544476,0.037630424,0.02025421,0.105,0.055817246,1.0,,,,,,,,,,,,,,,,,,,,,,,,,,,,,,,,,,,,,,,,,,,,
281.0,-0.009308570428271244,0.08594956248998642,7.157326035667211e-05,0.5974550247192383,0.0,0.033487648,0.010226185,1.0000713,0.09775683,0.049203034,-6.941697e-07,-0.010417461,0.015690565,0.009363413,-0.013961115,-0.073685534,-0.00600809,0.105375,0.056015283,1.0,,,,,,,,,,,,,,,,,,,,,,,,,,,,,,,,,,,,,,,,,,,,
282.0,-0.009427144165930578,0.0859428197145462,7.157326035667211e-05,0.5934866666793823,0.0,0.03389753,0.01043295,1.0000713,0.098371625,0.049623527,-5.2957904e-07,-0.010018349,0.01584363,0.00945425,0.09541568,0.0376452,0.020277994,0.10575,0.056213304,1.0,,,,,,,,,,,,,,,,,,,,,,,,,,,,,,,,,,,,,,,,,,,,
283.0,-0.009546753518300491,0.0859336405992508,7.157326035667211e-05,0.5895136594772339,0.0,0.03431,0.010641399,1.0000713,0.09899264,0.05002772,-5.0019116e-07,-0.010079384,0.015537262,0.009428263,-0.013979629,-0.07366834,-0.006038514,0.106125,0.05641131,1.0,,,,,,,,,,,,,,,,,,,,,,,,,,,,,,,,,,,,,,,,,,,,
284.0,-0.009665566289308482,0.08592195808887482,7.157326035667211e-05,0.5855360627174377,0.0,0.034725003,0.0108515415,1.0000713,0.099600956,0.050434176,-3.3568588e-07,-0.00968051,0.015690327,0.0095191,0.09538661,0.037659954,0.020301761,0.1065,0.056609306,1.0,,,,,,,,,,,,,,,,,,,,,,,,,,,,,,,,,,,,,,,,,,,,
285.0,-0.009785401554075361,0.08590786159038544,7.157326035667211e-05,0.5815542340278625,0.0,0.035142567,0.011063309,1.0000713,0.100215495,0.050824333,-3.1090028e-07,-0.009741783,0.015384197,0.009492636,-0.013998132,-0.07365115,-0.0060689147,0.106875,0.056807287,1.0,,,,,,,,,,,,,,,,,,,,,,,,,,,,,,,,,,,,,,,,,,,,
286.0,-0.009904434612134153,0.08589134365320206,7.157326035667211e-05,0.5775680541992188,0.0,0.035562642,0.011276713,1.0000713,0.10081734,0.051216763,-1.4647699e-07,-0.009342909,0.015537262,0.009583712,0.09535755,0.037674695,0.020325514,0.10725,0.057005253,1.0,,,,,,,,,,,,,,,,,,,,,,,,,,,,,,,,,,,,,,,,,,,,
287.0,-0.010024482814903559,0.08587236702442169,7.162093970691785e-05,0.573577880859375,0.0,0.035985246,0.011491683,1.0000713,0.10142541,0.051592905,-1.2628817e-07,-0.009404182,0.0152311325,0.009557247,-0.014016626,-0.07363396,-0.006099293,0.107625,0.057203203,1.0,,,,,,,,,,,,,,,,,,,,,,,,,,,,,,,,,,,,,,,,,,,,
288.0,-0.010143720024058759,0.08585107326507568,7.162093970691785e-05,0.5695836544036865,0.0,0.03641033,0.011708231,1.0000713,0.10202079,0.05197132,3.805641e-08,-0.009005547,0.015384197,0.009648085,0.095328495,0.037689414,0.02034925,0.108,0.05740114,1.0,,,,,,,,,,,,,,,,,,,,,,,,,,,,,,,,,,,,,,,,,,,,
289.0,-0.010263964940628333,0.08582736551761627,7.162093970691785e-05,0.5655856728553772,0.0,0.036837928,0.011926287,1.0000713,0.102622405,0.05233346,5.3654002e-08,-0.009067059,0.015078068,0.00962162,-0.01403511,-0.07361677,-0.006129648,0.108375,0.057599064,1.0,,,,,,,,,,,,,,,,,,,,,,,,,,,,,,,,,,,,,,,,,,,,
290.0,-0.010383388165637941,0.08580131083726883,7.162093970691785e-05,0.5615839958190918,0.0,0.03726797,0.012145861,1.0000713,0.103211336,0.05269788,2.1792319e-07,-0.008668423,0.015231371,0.009712696,0.09529945,0.037704118,0.020372968,0.10875,0.057796974,1.0,,,,,,,,,,,,,,,,,,,,,,,,,,,,,,,,,,,,,,,,,,,,
291.0,-0.010503816162508886,0.08577293902635574,7.162093970691785e-05,0.5575786828994751,0.0,0.0377005,0.012366886,1.0000713,0.103806496,0.053046025,2.2893508e-07,-0.008729935,0.0149252415,0.009685993,-0.014053584,-0.073599584,-0.0061599803,0.109125,0.057994865,1.0,,,,,,,,,,,,,,,,,,,,,,,,,,,,,,,,,,,,,,,,,,,,
292.0,-0.01062341478212402,0.08574224263429642,7.162093970691785e-05,0.5535699129104614,0.0,0.038135454,0.012589371,1.0000713,0.10438898,0.05339646,3.9313215e-07,-0.008331299,0.015078545,0.009777069,0.09527042,0.0377188,0.020396672,0.1095,0.058192745,1.0,,,,,,,,,,,,,,,,,,,,,,,,,,,,,,,,,,,,,,,,,,,,
293.0,-0.010744008221558672,0.08570927381515503,7.162093970691785e-05,0.5495578646659851,0.0,0.038572863,0.012813249,1.0000713,0.10497771,0.053730633,3.9956385e-07,-0.008393049,0.014772654,0.009750128,-0.014072048,-0.073582396,-0.0061902893,0.109875,0.05839061,1.0,,,,,,,,,,,,,,,,,,,,,,,,,,,,,,,,,,,,,,,,,,,,
294.0,-0.010863765109287262,0.08567402511835098,7.162093970691785e-05,0.5455425977706909,0.0,0.03901267,0.013038528,1.0000713,0.10555376,0.054067098,5.6369214e-07,-0.007994652,0.014925957,0.009841204,0.09524139,0.037733465,0.020420361,0.11025,0.05858846,1.0,,,,,,,,,,,,,,,,,,,,,,,,,,,,,,,,,,,,,,,,,,,,
295.0,-0.010984409164240334,0.08563652634620667,7.162093970691785e-05,0.5415242314338684,0.0,0.039454903,0.013265142,1.0000713,0.10613606,0.05438731,5.6554916e-07,-0.008056402,0.014620066,0.009814501,-0.014090502,-0.073565215,-0.006220576,0.110625,0.058786295,1.0,,,,,,,,,,,,,,,,,,,,,,,,,,,,,,,,,,,,,,,,,,,,
296.0,-0.011104227109516116,0.08559679239988327,7.162093970691785e-05,0.537503182888031,0.0,0.03989951,0.0134931,1.0000713,0.10670569,0.054709822,7.296119e-07,-0.0076580048,0.014773369,0.009905338,0.09521237,0.037748113,0.020444032,0.111,0.058984116,1.0,,,,,,,,,,,,,,,,,,,,,,,,,,,,,,,,,,,,,,,,,,,,
297.0,-0.011225030308963007,0.08555489778518677,7.162093970691785e-05,0.5334791541099548,0.0,0.04034652,0.013722333,1.0000713,0.107281566,0.05501608,7.268998e-07,-0.007719755,0.014467478,0.009878397,-0.014108946,-0.073548034,-0.006250839,0.111375,0.059181925,1.0,,,,,,,,,,,,,,,,,,,,,,,,,,,,,,,,,,,,,,,,,,,,
298.0,-0.011344986693891225,0.08551076054573059,7.162093970691785e-05,0.5294522643089294,0.0,0.04079587,0.013952853,1.0000713,0.10784478,0.055324655,8.909002e-07,-0.007321596,0.014620781,0.009969473,0.09518336,0.037762742,0.020467687,0.11175,0.059379715,1.0,,,,,,,,,,,,,,,,,,,,,,,,,,,,,,,,,,,,,,,,,,,,
299.0,-0.011465911051222157,0.08546452224254608,7.166862633312121e-05,0.525422990322113,0.0,0.041247595,0.01418459,1.0000713,0.10841424,0.055616986,8.836245e-07,-0.007383585,0.014315128,0.009942532,-0.014127379,-0.07353085,-0.0062810797,0.112125,0.05957749,1.0,,,,,,,,,,,,,,,,,,,,,,,,,,,,,,,,,,,,,,,,,,,,
300.0,-0.011585982142979585,0.08541614562273026,7.166862633312121e-05,0.5213910937309265,0.0,0.04170164,0.014417555,1.0000713,0.108971044,0.05591163,1.0475659e-06,-0.006985426,0.0144684315,0.0100336075,0.09515436,0.037777353,0.020491328,0.1125,0.059775252,1.0,,,,,,,,,,,,,,,,,,,,,,,,,,,,,,,,,,,,,,,,,,,,
301.0,-0.011707021258544321,0.0853656679391861,7.166862633312121e-05,0.517356812953949,0.0,0.042158034,0.01465168,1.0000713,0.109534115,0.05619004,1.035732e-06,-0.007047415,0.014162779,0.010006428,-0.014145804,-0.07351368,-0.0063112974,0.112875,0.059973,1.0,,,,,,,,,,,,,,,,,,,,,,,,,,,,,,,,,,,,,,,,,,,,
302.0,-0.011827193989617582,0.08531306684017181,7.166862633312121e-05,0.5133203268051147,0.0,0.042616718,0.014886975,1.0000713,0.11008452,0.056470774,1.1996178e-06,-0.006649494,0.01431632,0.010097504,0.09512537,0.037791945,0.020514952,0.11325,0.060170732,1.0,,,,,,,,,,,,,,,,,,,,,,,,,,,,,,,,,,,,,,,,,,,,
303.0,-0.01194833381236581,0.08525846153497696,7.166862633312121e-05,0.5092815160751343,0.0,0.043077726,0.015123373,1.0000713,0.1106412,0.05673528,1.183231e-06,-0.0067117214,0.014010668,0.010070324,-0.014164218,-0.0734965,-0.0063414923,0.113625,0.06036845,1.0,,,,,,,,,,,,,,,,,,,,,,,,,,,,,,,,,,,,,,,,,,,,
304.0,-0.012068614926711645,0.08520178496837616,7.166862633312121e-05,0.5052406191825867,0.0,0.043540996,0.015360882,1.0000713,0.11118521,0.057002116,1.3470644e-06,-0.006313801,0.014164209,0.0101614,0.09509639,0.03780652,0.02053856,0.114,0.06056615,1.0,,,,,,,,,,,,,,,,,,,,,,,,,,,,,,,,,,,,,,,,,,,,
305.0,-0.012189852230132693,0.08514311164617538,7.166862633312121e-05,0.5011977553367615,0.0,0.04400656,0.015599434,1.0000713,0.1117355,0.05725273,1.3261306e-06,-0.006376028,0.013858557,0.010133982,-0.014182623,-0.073479325,-0.006371664,0.114375,0.060763836,1.0,,,,,,,,,,,,,,,,,,,,,,,,,,,,,,,,,,,,,,,,,,,,
306.0,-0.012310216814914295,0.08508247137069702,7.166862633312121e-05,0.4971529245376587,0.0,0.044474367,0.015839042,1.0000713,0.11227314,0.057505682,1.4899146e-06,-0.005978346,0.014012098,0.010225296,0.09506741,0.037821073,0.02056215,0.11475,0.060961507,1.0,,,,,,,,,,,,,,,,,,,,,,,,,,,,,,,,,,,,,,,,,,,,
307.0,-0.012431503812282245,0.08501987904310226,7.166862633312121e-05,0.49310725927352905,0.0,0.044944435,0.016079634,1.0000713,0.11281706,0.057742424,1.4644389e-06,-0.006040573,0.013706684,0.010197639,-0.014201017,-0.07346215,-0.006401813,0.115125,0.061159164,1.0,,,,,,,,,,,,,,,,,,,,,,,,,,,,,,,,,,,,,,,,,,,,
308.0,-0.012551966372650988,0.08495529741048813,7.166862633312121e-05,0.4890606999397278,0.0,0.04541672,0.016321225,1.0000713,0.11334833,0.057981506,1.6281771e-06,-0.005642891,0.013860226,0.010288954,0.095038444,0.037835613,0.020585725,0.1155,0.061356805,1.0,,,,,,,,,,,,,,,,,,,,,,,,,,,,,,,,,,,,,,,,,,,,
309.0,-0.012673279531902521,0.08488881587982178,7.171630568336695e-05,0.48501351475715637,0.0,0.045891244,0.016563743,1.0000713,0.11388588,0.058204386,1.5981652e-06,-0.0057053566,0.0135548115,0.010261297,-0.014219401,-0.07344498,-0.0064319395,0.115875,0.06155443,1.0,,,,,,,,,,,,,,,,,,,,,,,,,,,,,,,,,,,,,,,,,,,,
310.0,-0.01279367876522006,0.08482043445110321,7.174014899646863e-05,0.4809657335281372,0.0,0.04636796,0.0168072,1.0000713,0.114410795,0.058429614,1.7618603e-06,-0.005307913,0.013576508,0.010353327,0.09533736,0.006137535,0.020790212,0.11625,0.06175204,1.0,,,,,,,,,,,,,,,,,,,,,,,,,,,,,,,,,,,,,,,,,,,,
311.0,-0.012914991486548571,0.0847502052783966,7.174014899646863e-05,0.47691744565963745,0.0,0.04684686,0.017051527,1.0000714,0.11493659,0.058638588,1.8010111e-06,-0.0053703785,0.0131390095,0.0103263855,-0.013903598,-0.105133116,-0.00629575,0.116625,0.061949633,1.0,,,,,,,,,,,,,,,,,,,,,,,,,,,,,,,,,,,,,,,,,,,,
312.0,-0.01303538928115204,0.08467812836170197,7.174014899646863e-05,0.4728686213493347,0.0,0.047327876,0.017296735,1.0000714,0.11544434,0.05884986,1.6491493e-06,-0.0049729347,0.013160467,0.010418177,0.09530658,0.0061671827,0.020828301,0.117,0.062147215,1.0,,,,,,,,,,,,,,,,,,,,,,,,,,,,,,,,,,,,,,,,,,,,
313.0,-0.013156689470385846,0.08460421115159988,7.174014899646863e-05,0.46881967782974243,0.0,0.047811016,0.017542755,1.0000714,0.115953,0.059044894,1.7571947e-06,-0.0050354004,0.0127232075,0.010390997,-0.013916462,-0.105100885,-0.006340444,0.117375,0.06234478,1.0,,,,,,,,,,,,,,,,,,,,,,,,,,,,,,,,,,,,,,,,,,,,
314.0,-0.013277068890419744,0.08452850580215454,7.174014899646863e-05,0.4647703766822815,0.0,0.0482962,0.017789599,1.0000714,0.11644363,0.059242226,1.9503868e-06,-0.004638195,0.012744904,0.0104830265,0.0952758,0.0061967997,0.020866366,0.11775,0.06254233,1.0,,,,,,,,,,,,,,,,,,,,,,,,,,,,,,,,,,,,,,,,,,,,
315.0,-0.013398347299696212,0.08445101976394653,7.174014899646863e-05,0.46072107553482056,0.0,0.048783425,0.018037194,1.0000714,0.11693516,0.059423327,1.9723052e-06,-0.004700899,0.012307882,0.010455608,-0.013929307,-0.105068654,-0.006385107,0.118125,0.06273986,1.0,,,,,,,,,,,,,,,,,,,,,,,,,,,,,,,,,,,,,,,,,,,,
316.0,-0.01351869230766688,0.08437176793813705,7.174014899646863e-05,0.4566718637943268,0.0,0.04927263,0.018285556,1.0000714,0.11740867,0.059606735,2.1790497e-06,-0.004303694,0.012329578,0.010547638,0.095245,0.0062263855,0.020904405,0.1185,0.06293737,1.0,,,,,,,,,,,,,,,,,,,,,,,,,,,,,,,,,,,,,,,,,,,,
317.0,-0.013639935788345523,0.08429083973169327,7.174014899646863e-05,0.4526226818561554,0.0,0.04976381,0.018534614,1.0000714,0.1178831,0.059773915,2.1926476e-06,-0.004366398,0.011892557,0.01052022,-0.013942134,-0.10503643,-0.006429738,0.118875,0.06313487,1.0,,,,,,,,,,,,,,,,,,,,,,,,,,,,,,,,,,,,,,,,,,,,
318.0,-0.013760242847154316,0.08420820534229279,7.174014899646863e-05,0.44857367873191833,0.0,0.05025689,0.018784378,1.0000714,0.11833952,0.059943408,2.394696e-06,-0.003969431,0.011914492,0.010612011,0.0952142,0.006255941,0.02094242,0.11925,0.06333236,1.0,,,,,,,,,,,,,,,,,,,,,,,,,,,,,,,,,,,,,,,,,,,,
319.0,-0.013881440689220337,0.08412384241819382,7.178783562267199e-05,0.44452497363090515,0.0,0.050751876,0.01903478,1.0000714,0.11879688,0.060096685,2.404266e-06,-0.004032135,0.01147747,0.010584354,-0.013954941,-0.10500421,-0.006474338,0.119625,0.06352983,1.0,,,,,,,,,,,,,,,,,,,,,,,,,,,,,,,,,,,,,,,,,,,,
320.0,-0.014001694813330964,0.08403786271810532,7.178783562267199e-05,0.4404767155647278,0.0,0.051248696,0.019285832,1.0000714,0.11923623,0.06025228,2.6006214e-06,-0.003635168,0.011499405,0.010676384,0.0951834,0.0062854653,0.020980408,0.12,0.06372728,1.0,,,,,,,,,,,,,,,,,,,,,,,,,,,,,,,,,,,,,,,,,,,,
321.0,-0.014122833136155848,0.08395026624202728,7.178783562267199e-05,0.436428964138031,0.0,0.05174735,0.019537464,1.0000714,0.119676515,0.06039166,2.606408e-06,-0.0036981106,0.0110628605,0.010648489,-0.01396773,-0.10497198,-0.0065189064,0.120375,0.06392472,1.0,,,,,,,,,,,,,,,,,,,,,,,,,,,,,,,,,,,,,,,,,,,,
322.0,-0.01424301986753708,0.08386103808879852,7.178783562267199e-05,0.43238192796707153,0.0,0.05224776,0.019789686,1.0000714,0.12009882,0.06053337,2.7970239e-06,-0.003301382,0.011084795,0.010740519,0.0951526,0.0063149594,0.021018371,0.12075,0.06412214,1.0,,,,,,,,,,,,,,,,,,,,,,,,,,,,,,,,,,,,,,,,,,,,
323.0,-0.014364089040717318,0.0837702751159668,7.181167893577367e-05,0.42833569645881653,0.0,0.052749936,0.020042432,1.0000714,0.12052207,0.060658876,2.7990482e-06,-0.0033643246,0.010648251,0.010712385,-0.0139805,-0.104939766,-0.006563443,0.121125,0.06431954,1.0,,,,,,,,,,,,,,,,,,,,,,,,,,,,,,,,,,,,,,,,,,,,
324.0,-0.014484204029430615,0.08367789536714554,7.181167893577367e-05,0.4242902398109436,0.0,0.0532538,0.02029571,1.0000715,0.12092734,0.060786713,2.98393e-06,-0.0029799938,0.0106704235,0.010804415,0.09214428,0.006312525,0.021088019,0.1215,0.06451694,1.0,,,,,,,,,,,,,,,,,,,,,,,,,,,,,,,,,,,,,,,,,,,,
325.0,-0.014605191752637938,0.0835840180516243,7.181167893577367e-05,0.4202457368373871,0.0,0.053759355,0.020549456,1.0000715,0.12133356,0.06089886,2.612785e-06,-0.0030555725,0.010233879,0.010776281,-0.016970003,-0.10494004,-0.0065748687,0.121875,0.06471431,1.0,,,,,,,,,,,,,,,,,,,,,,,,,,,,,,,,,,,,,,,,,,,,
326.0,-0.014725215905174314,0.0834885984659195,7.181167893577367e-05,0.4162023365497589,0.0,0.054266527,0.020803679,1.0000715,0.12172181,0.06101385,2.8770773e-06,-0.0026714802,0.01025629,0.0108680725,0.09211487,0.0063421796,0.021124566,0.12225,0.06491166,1.0,,,,,,,,,,,,,,,,,,,,,,,,,,,,,,,,,,,,,,,,,,,,
327.0,-0.014846188904063456,0.08339174091815948,7.181167893577367e-05,0.41216009855270386,0.0,0.054775324,0.021058317,1.0000715,0.12211102,0.06111316,2.8506686e-06,-0.0027468204,0.009819984,0.010839939,-0.016981293,-0.104908325,-0.006617979,0.122625,0.06510901,1.0,,,,,,,,,,,,,,,,,,,,,,,,,,,,,,,,,,,,,,,,,,,,
328.0,-0.014966195368242419,0.0832933634519577,7.185935828601941e-05,0.4081191122531891,0.0,0.055285666,0.021313382,1.0000715,0.12248227,0.061215322,3.0275394e-06,-0.0025293827,0.009842157,0.01093173,0.052120052,0.00593857,0.02155358,0.123,0.065306336,1.0,,,,,,,,,,,,,,,,,,,,,,,,,,,,,,,,,,,,,,,,,,,,
329.0,-0.01508705651681803,0.0831935927271843,7.190704491222277e-05,0.4040796458721161,0.0,0.055797562,0.021568835,1.0000715,0.12285442,0.06130861,3.0004749e-06,-0.002771616,0.00940609,0.010903358,-0.056948178,-0.10531777,-0.006250151,0.123375,0.06550364,1.0,,,,,,,,,,,,,,,,,,,,,,,,,,,,,,,,,,,,,,,,,,,,
330.0,-0.01520694340635546,0.08309236913919449,7.190704491222277e-05,0.4000416696071625,0.0,0.05631093,0.021824716,1.0000715,0.12320854,0.061411563,3.1522056e-06,-0.0025541782,0.009428501,0.010995388,0.052109323,0.005971311,0.021571761,0.12375,0.06570093,1.0,,,,,,,,,,,,,,,,,,,,,,,,,,,,,,,,,,,,,,,,,,,,
331.0,-0.015327683406777898,0.08298970758914948,7.190704491222277e-05,0.3960053026676178,0.0,0.05682578,0.02208099,1.0000715,0.12356357,0.061505646,3.1315874e-06,-0.002796173,0.008992434,0.010967016,-0.056940287,-0.10529256,-0.006274872,0.124125,0.06589821,1.0,,,,,,,,,,,,,,,,,,,,,,,,,,,,,,,,,,,,,,,,,,,,
332.0,-0.01544743651614267,0.0828857272863388,7.193088822532445e-05,0.3919708728790283,0.0,0.05734203,0.022337696,1.0000715,0.12390058,0.06160939,3.2741407e-06,-0.0025789738,0.009015083,0.011058807,0.05209859,0.0060040373,0.021589926,0.1245,0.066095464,1.0,,,,,,,,,,,,,,,,,,,,,,,,,,,,,,,,,,,,,,,,,,,,
333.0,-0.01556803549350152,0.08278033137321472,7.193088822532445e-05,0.3879382610321045,0.0,0.057859693,0.022594796,1.0000716,0.124238506,0.061704267,3.256226e-06,-0.0028209686,0.008579016,0.011030436,-0.0569324,-0.10526735,-0.006299575,0.124875,0.06629271,1.0,,,,,,,,,,,,,,,,,,,,,,,,,,,,,,,,,,,,,,,,,,,,
334.0,-0.01568764293767663,0.08267363905906677,7.193088822532445e-05,0.3839077651500702,0.0,0.058378685,0.022852333,1.0000716,0.12455842,0.0618088,3.022573e-06,-0.002603531,0.008601904,0.011122465,0.052087847,0.0060367477,0.021608073,0.12525,0.066489935,1.0,,,,,,,,,,,,,,,,,,,,,,,,,,,,,,,,,,,,,,,,,,,,
335.0,-0.015808084287520525,0.08256558328866959,7.193088822532445e-05,0.37987950444221497,0.0,0.058899015,0.023110269,1.0000716,0.12487927,0.061904464,3.0935282e-06,-0.0028457642,0.008166075,0.011094093,-0.05692451,-0.10524216,-0.0063242596,0.125625,0.066687144,1.0,,,,,,,,,,,,,,,,,,,,,,,,,,,,,,,,,,,,,,,,,,,,
336.0,-0.015927570509339788,0.08245622366666794,7.193088822532445e-05,0.3758534789085388,0.0,0.059420608,0.023368642,1.0000716,0.1251821,0.062009785,3.1992793e-06,-0.0026283264,0.008188963,0.0111858845,0.0520771,0.006069443,0.021626204,0.126,0.06688434,1.0,,,,,,,,,,,,,,,,,,,,,,,,,,,,,,,,,,,,,,,,,,,,
337.0,-0.016047879427187172,0.0823456197977066,7.193088822532445e-05,0.3718301057815552,0.0,0.059943464,0.023627419,1.0000716,0.1254859,0.06210624,3.1911154e-06,-0.0028705597,0.007753134,0.011157513,-0.05691662,-0.10521698,-0.0063489266,0.126375,0.06708151,1.0,,,,,,,,,,,,,,,,,,,,,,,,,,,,,,,,,,,,,,,,,,,,
338.0,-0.01616718158463364,0.08223368227481842,7.193088822532445e-05,0.36780932545661926,0.0,0.060467515,0.023886636,1.0000716,0.12577167,0.062212355,3.3078002e-06,-0.0026533604,0.0077762604,0.011249304,0.052066345,0.0061021233,0.021644317,0.12675,0.06727867,1.0,,,,,,,,,,,,,,,,,,,,,,,,,,,,,,,,,,,,,,,,,,,,
339.0,-0.016287300973178844,0.08212056010961533,7.193088822532445e-05,0.3637913763523102,0.0,0.06099276,0.024146259,1.0000716,0.12605841,0.0623096,3.297631e-06,-0.0028953552,0.0073406696,0.011220932,-0.056908727,-0.10519182,-0.0063735754,0.127125,0.06747581,1.0,,,,,,,,,,,,,,,,,,,,,,,,,,,,,,,,,,,,,,,,,,,,
340.0,-0.016406404761527986,0.08200619369745255,7.19785675755702e-05,0.3597763478755951,0.0,0.06151912,0.024406329,1.0000716,0.12632717,0.0624165,3.4071545e-06,-0.002678156,0.0073637962,0.011312962,0.052055582,0.006134788,0.021662412,0.1275,0.06767294,1.0,,,,,,,,,,,,,,,,,,,,,,,,,,,,,,,,,,,,,,,,,,,,
341.0,-0.01652631606763107,0.08189059793949127,7.200241088867188e-05,0.3557644784450531,0.0,0.062046606,0.024666805,1.0000716,0.12659688,0.062514536,3.399233e-06,-0.0029201508,0.0069282055,0.01128459,-0.056900833,-0.10516666,-0.006398206,0.127875,0.06787005,1.0,,,,,,,,,,,,,,,,,,,,,,,,,,,,,,,,,,,,,,,,,,,,
342.0,-0.01664519813460061,0.0817737802863121,7.200241088867188e-05,0.35175594687461853,0.0,0.06257515,0.024927732,1.0000718,0.12684861,0.06262223,3.5006046e-06,-0.0027029514,0.006951332,0.011376381,0.052044813,0.0061674374,0.02168049,0.12825,0.06806714,1.0,,,,,,,,,,,,,,,,,,,,,,,,,,,,,,,,,,,,,,,,,,,,
343.0,-0.01676488059953454,0.08165580034255981,7.200241088867188e-05,0.34775084257125854,0.0,0.063104734,0.02518907,1.0000718,0.12710132,0.062721044,3.1272477e-06,-0.0029449463,0.0065159798,0.011348009,-0.05689294,-0.10514152,-0.006422819,0.128625,0.068264216,1.0,,,,,,,,,,,,,,,,,,,,,,,,,,,,,,,,,,,,,,,,,,,,
344.0,-0.016883521968976814,0.081536665558815,7.200241088867188e-05,0.3437494933605194,0.0,0.0636353,0.02545086,1.0000718,0.12733604,0.062829524,3.3067975e-06,-0.0027279854,0.006539345,0.0114398,0.052034035,0.0062000714,0.02169855,0.129,0.06846127,1.0,,,,,,,,,,,,,,,,,,,,,,,,,,,,,,,,,,,,,,,,,,,,
345.0,-0.0170029494772341,0.08141640573740005,7.200241088867188e-05,0.33975204825401306,0.0,0.064166844,0.025713064,1.0000718,0.12757176,0.06292913,3.2835803e-06,-0.0029699802,0.006104231,0.011411428,-0.05688504,-0.10511639,-0.006447414,0.129375,0.068658315,1.0,,,,,,,,,,,,,,,,,,,,,,,,,,,,,,,,,,,,,,,,,,,,
346.0,-0.017121324535074065,0.08129499107599258,7.200241088867188e-05,0.3357587456703186,0.0,0.06469931,0.025975723,1.0000718,0.12778951,0.063038394,3.3733195e-06,-0.002752781,0.006127596,0.01150322,0.05202325,0.00623269,0.021716593,0.12975,0.06885534,1.0,,,,,,,,,,,,,,,,,,,,,,,,,,,,,,,,,,,,,,,,,,,,
347.0,-0.01724047085935481,0.08117251098155975,7.200241088867188e-05,0.3317698538303375,0.0,0.06523267,0.026238803,1.0000718,0.12800825,0.06313879,3.371766e-06,-0.0029950142,0.005692482,0.011474848,-0.056877147,-0.105091274,-0.0064719906,0.130125,0.06905234,1.0,,,,,,,,,,,,,,,,,,,,,,,,,,,,,,,,,,,,,,,,,,,,
348.0,-0.01735855237875508,0.0810488685965538,7.200241088867188e-05,0.3277854919433594,0.0,0.06576688,0.02650234,1.0000718,0.12820904,0.06324884,3.4488194e-06,-0.0027778149,0.0057160854,0.011566639,0.052012462,0.006265294,0.021734618,0.1305,0.06924933,1.0,,,,,,,,,,,,,,,,,,,,,,,,,,,,,,,,,,,,,,,,,,,,
349.0,-0.017477394460051483,0.08092418313026428,7.202625420177355e-05,0.32380592823028564,0.0,0.06630192,0.026766296,1.0000718,0.12841083,0.06335002,3.4508275e-06,-0.0030198097,0.00528121,0.011538267,-0.056869246,-0.105066165,-0.0064965496,0.130875,0.0694463,1.0,,,,,,,,,,,,,,,,,,,,,,,,,,,,,,,,,,,,,,,,,,,,
350.0,-0.01759515526448636,0.08079843968153,7.202625420177355e-05,0.3198314607143402,0.0,0.066837735,0.027030718,1.0000719,0.12859468,0.06346086,3.5194525e-06,-0.0028028488,0.0053048134,0.011630058,0.052001663,0.006297882,0.021752626,0.13125,0.06964325,1.0,,,,,,,,,,,,,,,,,,,,,,,,,,,,,,,,,,,,,,,,,,,,
351.0,-0.017713657299419813,0.08067166060209274,7.20739335520193e-05,0.31586241722106934,0.0,0.06737431,0.027295563,1.0000719,0.12877955,0.063562825,3.1561033e-06,-0.0030448437,0.004869938,0.011601448,-0.05686135,-0.10504107,-0.0065210904,0.131625,0.06984019,1.0,,,,,,,,,,,,,,,,,,,,,,,,,,,,,,,,,,,,,,,,,,,,
352.0,-0.017831061272097215,0.08054386079311371,7.20739335520193e-05,0.3118990361690521,0.0,0.06791159,0.027560873,1.0000719,0.12894647,0.06367445,3.3029248e-06,-0.0028278828,0.0048937798,0.011693239,0.05199086,0.006330455,0.021770617,0.132,0.07003711,1.0,,,,,,,,,,,,,,,,,,,,,,,,,,,,,,,,,,,,,,,,,,,,
353.0,-0.017949191597466784,0.0804150253534317,7.20739335520193e-05,0.30794158577919006,0.0,0.068449564,0.027826611,1.0000719,0.1291144,0.0637772,3.2897306e-06,-0.0030698776,0.0044591427,0.011664867,-0.056853447,-0.10501599,-0.0065456135,0.132375,0.070234016,1.0,,,,,,,,,,,,,,,,,,,,,,,,,,,,,,,,,,,,,,,,,,,,
354.0,-0.018066201722609823,0.08028524369001389,7.212162017822266e-05,0.30399057269096375,0.0,0.06898817,0.028092818,1.0000719,0.12926443,0.06388961,3.3467659e-06,-0.0028531551,0.0044829845,0.011756659,0.05198005,0.006363013,0.02178859,0.13275,0.0704309,1.0,,,,,,,,,,,,,,,,,,,,,,,,,,,,,,,,,,,,,,,,,,,,
355.0,-0.018183915577265272,0.08015448600053787,7.212162017822266e-05,0.30004623532295227,0.0,0.0695274,0.028359456,1.0000719,0.12941547,0.06399314,3.3552471e-06,-0.00309515,0.0040483475,0.011728287,-0.056845546,-0.10499092,-0.0065701185,0.133125,0.070627764,1.0,,,,,,,,,,,,,,,,,,,,,,,,,,,,,,,,,,,,,,,,,,,,
356.0,-0.018300494249802072,0.08002276718616486,7.212162017822266e-05,0.29610881209373474,0.0,0.07006719,0.028626565,1.0000719,0.1295486,0.06410633,3.3996257e-06,-0.002878189,0.0040724277,0.011820078,0.05196923,0.006395555,0.021806546,0.1335,0.07082461,1.0,,,,,,,,,,,,,,,,,,,,,,,,,,,,,,,,,,,,,,,,,,,,
357.0,-0.018417756378329705,0.07989008724689484,7.212162017822266e-05,0.29217877984046936,0.0,0.07060753,0.02889411,1.0000719,0.12968276,0.06421065,3.411678e-06,-0.003120184,0.003638029,0.011791706,-0.05683764,-0.10496587,-0.0065946057,0.133875,0.071021445,1.0,,,,,,,,,,,,,,,,,,,,,,,,,,,,,,,,,,,,,,,,,,,,
358.0,-0.018533854539270308,0.07975651323795319,7.214546349132434e-05,0.28825661540031433,0.0,0.07114836,0.02916213,1.0000719,0.12979904,0.064324625,3.4476586e-06,-0.0029034615,0.0036621094,0.011883259,0.051958404,0.0064280825,0.021824485,0.13425,0.07121826,1.0,,,,,,,,,,,,,,,,,,,,,,,,,,,,,,,,,,,,,,,,,,,,
359.0,-0.01865061076183356,0.0796220451593399,7.214546349132434e-05,0.2843426764011383,0.0,0.07168968,0.029430587,1.000072,0.12991634,0.06442973,3.4622865e-06,-0.0031454563,0.0032277107,0.011854887,-0.056829736,-0.104940824,-0.006619075,0.134625,0.07141505,1.0,,,,,,,,,,,,,,,,,,,,,,,,,,,,,,,,,,,,,,,,,,,,
360.0,-0.01876618383332734,0.07948663085699081,7.214546349132434e-05,0.28043749928474426,0.0,0.07223141,0.029699521,1.000072,0.13001575,0.064544484,3.1221844e-06,-0.0029287338,0.0032520294,0.011946678,0.05194757,0.0064605945,0.021842405,0.135,0.07161183,1.0,,,,,,,,,,,,,,,,,,,,,,,,,,,,,,,,,,,,,,,,,,,,
361.0,-0.01888238923369336,0.07935042679309845,7.214546349132434e-05,0.27654144167900085,0.0,0.07277356,0.029968899,1.000072,0.13011622,0.06465038,3.225722e-06,-0.0031704903,0.0028178692,0.011918306,-0.05682183,-0.1049158,-0.006643526,0.135375,0.07180859,1.0,,,,,,,,,,,,,,,,,,,,,,,,,,,,,,,,,,,,,,,,,,,,
362.0,-0.0189973777081882,0.07921334356069565,7.214546349132434e-05,0.27265501022338867,0.0,0.07331606,0.030238757,1.000072,0.1301988,0.064765915,3.2251266e-06,-0.0029537678,0.0028421879,0.012009859,0.05193673,0.006493091,0.021860309,0.13575,0.07200533,1.0,,,,,,,,,,,,,,,,,,,,,,,,,,,,,,,,,,,,,,,,,,,,
363.0,-0.019113024414517534,0.079075388610363,7.214546349132434e-05,0.268778920173645,0.0,0.0738589,0.030509058,1.000072,0.13028245,0.064872585,3.249562e-06,-0.0031957626,0.0024080276,0.011981487,-0.056813926,-0.10489078,-0.0066679595,0.136125,0.07220206,1.0,,,,,,,,,,,,,,,,,,,,,,,,,,,,,,,,,,,,,,,,,,,,
364.0,-0.019227897770133315,0.0789366289973259,7.219314284157008e-05,0.2649135887622833,0.0,0.07440202,0.030779846,1.000072,0.13034822,0.0649889,3.2600037e-06,-0.0029790401,0.0024325848,0.012073278,0.051925886,0.006525573,0.021878196,0.1365,0.07239876,1.0,,,,,,,,,,,,,,,,,,,,,,,,,,,,,,,,,,,,,,,,,,,,
365.0,-0.019343342439924527,0.07879709452390671,7.219314284157008e-05,0.2610597610473633,0.0,0.07494541,0.03105108,1.000072,0.13041507,0.065096356,3.2824637e-06,-0.003221035,0.001998663,0.012044668,-0.056806017,-0.10486577,-0.0066923746,0.136875,0.07259545,1.0,,,,,,,,,,,,,,,,,,,,,,,,,,,,,,,,,,,,,,,,,,,,
366.0,-0.019457542106482106,0.07865674793720245,7.219314284157008e-05,0.2572179436683655,0.0,0.075489014,0.031322803,1.000072,0.13046403,0.06521346,3.2858413e-06,-0.003004551,0.00202322,0.012136459,0.051915035,0.006558039,0.021896064,0.13725,0.07279212,1.0,,,,,,,,,,,,,,,,,,,,,,,,,,,,,,,,,,,,,,,,,,,,
367.0,-0.019572275464515315,0.07851564884185791,7.221698615467176e-05,0.2533888816833496,0.0,0.076032825,0.031594977,1.000072,0.1305141,0.06532169,3.3105798e-06,-0.0032463074,0.0015892982,0.012108088,-0.056798108,-0.10484078,-0.0067167724,0.137625,0.07298877,1.0,,,,,,,,,,,,,,,,,,,,,,,,,,,,,,,,,,,,,,,,,,,,
368.0,-0.019685685265157554,0.07837375998497009,7.221698615467176e-05,0.24957332015037537,0.0,0.07657676,0.031867642,1.0000721,0.1305463,0.065439574,3.305903e-06,-0.0030298233,0.0016143322,0.01219964,0.05190417,0.00659049,0.021913916,0.138,0.0731854,1.0,,,,,,,,,,,,,,,,,,,,,,,,,,,,,,,,,,,,,,,,,,,,
369.0,-0.01979958138640041,0.07823116332292557,7.221698615467176e-05,0.2457720786333084,0.0,0.07712085,0.03214076,1.0000721,0.13057959,0.065548584,2.965229e-06,-0.0032718182,0.0011804104,0.012171268,-0.0567902,-0.10481579,-0.006741152,0.138375,0.07338202,1.0,,,,,,,,,,,,,,,,,,,,,,,,,,,,,,,,,,,,,,,,,,,,
370.0,-0.019912109379449157,0.07808777689933777,7.221698615467176e-05,0.24198582768440247,0.0,0.07766499,0.032414373,1.0000721,0.13059503,0.06566725,3.0388385e-06,-0.0030550957,0.0012054443,0.012262821,0.05189331,0.0066229263,0.02193175,0.13875,0.07357861,1.0,,,,,,,,,,,,,,,,,,,,,,,,,,,,,,,,,,,,,,,,,,,,
371.0,-0.02002507407996909,0.07794371247291565,7.221698615467176e-05,0.23821553587913513,0.0,0.07820921,0.032688446,1.0000721,0.13061158,0.06577704,3.048339e-06,-0.0032970905,0.00077176094,0.012234449,-0.056782287,-0.10479082,-0.0067655137,0.139125,0.073775195,1.0,,,,,,,,,,,,,,,,,,,,,,,,,,,,,,,,,,,,,,,,,,,,
372.0,-0.020136617356090212,0.07779885828495026,7.221698615467176e-05,0.23446200788021088,0.0,0.07875342,0.032963015,1.0000721,0.13061029,0.06589648,3.032224e-06,-0.0030806065,0.0007967949,0.012326002,0.051882435,0.006655347,0.021949567,0.1395,0.07397175,1.0,,,,,,,,,,,,,,,,,,,,,,,,,,,,,,,,,,,,,,,,,,,,
373.0,-0.020248540608523675,0.07765339314937592,7.221698615467176e-05,0.23072633147239685,0.0,0.079297625,0.033238042,1.0000721,0.13061011,0.066007055,3.0634242e-06,-0.0033226013,0.0003631115,0.01229763,-0.056774374,-0.10476586,-0.006789858,0.139875,0.074168295,1.0,,,,,,,,,,,,,,,,,,,,,,,,,,,,,,,,,,,,,,,,,,,,
374.0,-0.020359024186966238,0.07750718295574188,7.221698615467176e-05,0.22700953483581543,0.0,0.07984176,0.033513576,1.0000721,0.13059208,0.06612728,3.0347176e-06,-0.0031061172,0.00038838387,0.012389183,0.051871553,0.0066877524,0.021967366,0.14025,0.07436481,1.0,,,,,,,,,,,,,,,,,,,,,,,,,,,,,,,,,,,,,,,,,,,,
375.0,-0.020469751974079374,0.07736029475927353,7.221698615467176e-05,0.22331273555755615,0.0,0.08038583,0.033789568,1.0000721,0.1305752,0.066238634,3.0695107e-06,-0.003348112,-4.506111e-05,0.012360811,-0.05676646,-0.10474092,-0.006814184,0.140625,0.07456132,1.0,,,,,,,,,,,,,,,,,,,,,,,,,,,,,,,,,,,,,,,,,,,,
376.0,-0.020579382241596614,0.07721276581287384,7.22885160939768e-05,0.21963723003864288,0.0,0.08092974,0.034066066,1.0000721,0.13054048,0.06635963,3.0324725e-06,-0.003131628,-1.9788742e-05,0.012452364,0.051860668,0.006720143,0.021985149,0.141,0.07475781,1.0,,,,,,,,,,,,,,,,,,,,,,,,,,,,,,,,,,,,,,,,,,,,
377.0,-0.020688795311558445,0.07706453651189804,7.22885160939768e-05,0.21598415076732635,0.0,0.08147352,0.034343034,1.0000722,0.13050689,0.06647176,3.0698623e-06,-0.0033733845,-0.00045323372,0.012423992,-0.056758545,-0.10471599,-0.006838492,0.141375,0.07495427,1.0,,,,,,,,,,,,,,,,,,,,,,,,,,,,,,,,,,,,,,,,,,,,
378.0,-0.02079702816665158,0.07691571861505508,7.233619544422254e-05,0.2123550921678543,0.0,0.08201709,0.034620505,1.0000722,0.13045548,0.066593535,2.6568061e-06,-0.0031571388,-0.00042772293,0.012515545,0.051849775,0.006752518,0.022002915,0.14175,0.07515072,1.0,,,,,,,,,,,,,,,,,,,,,,,,,,,,,,,,,,,,,,,,,,,,
379.0,-0.020904953201272475,0.076766237616539,7.233619544422254e-05,0.20875148475170135,0.0,0.08256044,0.03489845,1.0000722,0.13040523,0.06670645,2.7831293e-06,-0.0033988953,-0.0008609295,0.012487173,-0.056750633,-0.104691066,-0.006862783,0.142125,0.07534715,1.0,,,,,,,,,,,,,,,,,,,,,,,,,,,,,,,,,,,,,,,,,,,,
380.0,-0.021011612858681476,0.07661613821983337,7.233619544422254e-05,0.20517472922801971,0.0,0.083103515,0.035176903,1.0000722,0.13033716,0.066829,2.709647e-06,-0.0031826496,-0.0008354187,0.012578726,0.051838875,0.0067848777,0.022020662,0.1425,0.07554356,1.0,,,,,,,,,,,,,,,,,,,,,,,,,,,,,,,,,,,,,,,,,,,,
381.0,-0.02111786591706023,0.07646546512842178,7.233619544422254e-05,0.2016267329454422,0.0,0.083646305,0.03545583,1.0000722,0.13027024,0.06694269,2.7568867e-06,-0.0034246445,-0.0012683868,0.012550354,-0.056742717,-0.10466616,-0.0068870555,0.142875,0.07573995,1.0,,,,,,,,,,,,,,,,,,,,,,,,,,,,,,,,,,,,,,,,,,,,
382.0,-0.021222744632908148,0.07631416618824005,7.233619544422254e-05,0.1981092095375061,0.0,0.084188744,0.035735272,1.0000722,0.13018553,0.06706602,2.694509e-06,-0.0032081604,-0.001242876,0.012641907,0.051827967,0.006817223,0.022038393,0.14325,0.075936325,1.0,,,,,,,,,,,,,,,,,,,,,,,,,,,,,,,,,,,,,,,,,,,,
383.0,-0.021327105697308255,0.07616229355335236,7.233619544422254e-05,0.194624125957489,0.0,0.084730834,0.03601519,1.0000722,0.130102,0.06718049,2.7397934e-06,-0.0034501553,-0.0016758442,0.0126132965,-0.056734797,-0.10464126,-0.0069113104,0.143625,0.07613268,1.0,,,,,,,,,,,,,,,,,,,,,,,,,,,,,,,,,,,,,,,,,,,,
384.0,-0.021429971856565137,0.0760098472237587,7.233619544422254e-05,0.19117353856563568,0.0,0.085272506,0.036295626,1.0000722,0.13000065,0.0673046,2.6704183e-06,-0.0032339096,-0.0016498566,0.012704849,0.051817056,0.0068495525,0.022056105,0.144,0.07632901,1.0,,,,,,,,,,,,,,,,,,,,,,,,,,,,,,,,,,,,,,,,,,,,
385.0,-0.021532192426714395,0.07585684955120087,7.233619544422254e-05,0.187759667634964,0.0,0.08581376,0.036576543,1.0000722,0.12990049,0.06741984,2.7180022e-06,-0.003475666,-0.0020828247,0.012676477,-0.05672688,-0.104616374,-0.0069355476,0.144375,0.07652532,1.0,,,,,,,,,,,,,,,,,,,,,,,,,,,,,,,,,,,,,,,,,,,,
386.0,-0.021632892061775783,0.07570326328277588,7.233619544422254e-05,0.18438483774662018,0.0,0.08635452,0.03685798,1.0000722,0.12978253,0.06754472,2.6406385e-06,-0.0032596588,-0.002056837,0.01276803,0.051806133,0.006881867,0.022073802,0.14475,0.07672162,1.0,,,,,,,,,,,,,,,,,,,,,,,,,,,,,,,,,,,,,,,,,,,,
387.0,-0.02173257527618498,0.07554920762777328,7.236003875732422e-05,0.18105167150497437,0.0,0.086894795,0.0371399,1.0000722,0.12966576,0.06766074,2.6907585e-06,-0.0035014153,-0.0024895668,0.01273942,-0.05671896,-0.104591504,-0.0069597666,0.145125,0.0769179,1.0,,,,,,,,,,,,,,,,,,,,,,,,,,,,,,,,,,,,,,,,,,,,
388.0,-0.0218308463667614,0.07539460808038712,7.236003875732422e-05,0.17776282131671906,0.0,0.08743451,0.037422344,1.0000724,0.12953122,0.067786396,2.6053583e-06,-0.0032851696,-0.0024635792,0.012830973,0.051795207,0.0069141667,0.02209148,0.1455,0.07711416,1.0,,,,,,,,,,,,,,,,,,,,,,,,,,,,,,,,,,,,,,,,,,,,
389.0,-0.021927624993253635,0.07523947209119797,7.236003875732422e-05,0.17452114820480347,0.0,0.08797366,0.037705272,1.0000724,0.12939787,0.06790319,2.2901029e-06,-0.0035271645,-0.002896309,0.012802601,-0.05671104,-0.10456664,-0.0069839684,0.145875,0.0773104,1.0,,,,,,,,,,,,,,,,,,,,,,,,,,,,,,,,,,,,,,,,,,,,
390.0,-0.02202312018761204,0.07508384436368942,7.236003875732422e-05,0.17132976651191711,0.0,0.08851219,0.03798873,1.0000724,0.12924676,0.06802963,2.2830584e-06,-0.0033109188,-0.0028700829,0.012894154,0.051784277,0.006946451,0.022109142,0.14625,0.07750662,1.0,,,,,,,,,,,,,,,,,,,,,,,,,,,,,,,,,,,,,,,,,,,,
391.0,-0.022116664040054457,0.07492776215076447,7.236003875732422e-05,0.16819192469120026,0.0,0.08905009,0.038272675,1.0000724,0.12909685,0.0681472,2.3180005e-06,-0.0035529137,-0.0033025742,0.012865543,-0.056703117,-0.10454179,-0.007008152,0.146625,0.07770281,1.0,,,,,,,,,,,,,,,,,,,,,,,,,,,,,,,,,,,,,,,,,,,,
392.0,-0.022208774413023824,0.07477118074893951,7.240772538352758e-05,0.16511115431785583,0.0,0.0895873,0.038557153,1.0000724,0.12892917,0.0682744,2.221306e-06,-0.0033369064,-0.003276348,0.012957096,0.051773336,0.00697872,0.022126785,0.147,0.077898994,1.0,,,,,,,,,,,,,,,,,,,,,,,,,,,,,,,,,,,,,,,,,,,,
393.0,-0.022298602665514956,0.07461415231227875,7.240772538352758e-05,0.16209112107753754,0.0,0.09012381,0.038842123,1.0000724,0.12876272,0.06839275,2.27797e-06,-0.0035786629,-0.00335598,0.012927532,-0.057791207,-0.01986272,-0.0073148147,0.147375,0.07809515,1.0,,,,,,,,,,,,,,,,,,,,,,,,,,,,,,,,,,,,,,,,,,,,
394.0,-0.022386945319659936,0.0744566097855568,7.240772538352758e-05,0.15913575887680054,0.0,0.09065962,0.039127626,1.0000724,0.12859294,0.06852092,2.2196893e-06,-0.0033626556,-0.0029768944,0.013017654,0.050678607,0.09164527,0.021823138,0.14775,0.0782913,1.0,,,,,,,,,,,,,,,,,,,,,,,,,,,,,,,,,,,,,,,,,,,,
395.0,-0.022472763377599955,0.07429864257574081,7.240772538352758e-05,0.15624922513961792,0.0,0.09119478,0.039413627,1.0000724,0.12843879,0.06864041,2.3130926e-06,-0.003604412,-0.0030565262,0.0129880905,-0.05779905,-0.019877525,-0.007300403,0.148125,0.07848742,1.0,,,,,,,,,,,,,,,,,,,,,,,,,,,,,,,,,,,,,,,,,,,,
396.0,-0.022556838670397518,0.07414017617702484,7.245540473377332e-05,0.15343591570854187,0.0,0.09172928,0.03970017,1.0000724,0.12828128,0.06876972,2.2468946e-06,-0.0033884048,-0.0026774406,0.013078213,0.05067273,0.09163789,0.021801805,0.1485,0.07868352,1.0,,,,,,,,,,,,,,,,,,,,,,,,,,,,,,,,,,,,,,,,,,,,
397.0,-0.0226381177479283,0.07398125529289246,7.245540473377332e-05,0.15070050954818726,0.0,0.0922632,0.039987214,1.0000724,0.12813942,0.06889037,2.3377404e-06,-0.0036301613,-0.0027573109,0.01304841,-0.057806883,-0.019892324,-0.007285989,0.148875,0.0788796,1.0,,,,,,,,,,,,,,,,,,,,,,,,,,,,,,,,,,,,,,,,,,,,
398.0,-0.022717369751713887,0.07382190972566605,7.245540473377332e-05,0.14804783463478088,0.0,0.092796504,0.0402748,1.0000724,0.12799422,0.06902084,2.2728518e-06,-0.003414154,-0.0023782253,0.013138771,0.05066685,0.09163052,0.021780478,0.14925,0.079075664,1.0,,,,,,,,,,,,,,,,,,,,,,,,,,,,,,,,,,,,,,,,,,,,
399.0,-0.02279352539102183,0.07366205751895905,7.2479248046875e-05,0.14548300206661224,0.0,0.09332927,0.040562894,1.0000724,0.12786464,0.06914263,2.3589766e-06,-0.003656149,-0.0024580956,0.013108969,-0.057814706,-0.019907117,-0.007271572,0.149625,0.07927171,1.0,,,,,,,,,,,,,,,,,,,,,,,,,,,,,,,,,,,,,,,,,,,,
400.0,-0.022867573921204167,0.07350176572799683,7.2479248046875e-05,0.14301134645938873,0.0,0.09386149,0.040851537,1.0000725,0.12773171,0.06927425,2.295906e-06,-0.0034401417,-0.00207901,0.013199091,0.05066097,0.09162314,0.021759156,0.15,0.07946773,1.0,,,,,,,,,,,,,,,,,,,,,,,,,,,,,,,,,,,,,,,,,,,,
401.0,-0.02293778014790314,0.0733410120010376,7.2479248046875e-05,0.14063841104507446,0.0,0.094393216,0.04114069,1.0000725,0.12761441,0.069397196,2.0092662e-06,-0.0036821365,-0.0021588802,0.013169527,-0.05782252,-0.019921904,-0.007257153,0.150375,0.07966374,1.0,,,,,,,,,,,,,,,,,,,,,,,,,,,,,,,,,,,,,,,,,,,,
402.0,-0.023006226958871234,0.07317982614040375,7.2479248046875e-05,0.13836991786956787,0.0,0.09492444,0.0414304,1.0000725,0.12749374,0.069529966,2.0344291e-06,-0.003465891,-0.0017800331,0.013259649,0.050655093,0.09161578,0.02173784,0.15075,0.07985972,1.0,,,,,,,,,,,,,,,,,,,,,,,,,,,,,,,,,,,,,,,,,,,,
403.0,-0.023069984075085086,0.07301818579435349,7.2479248046875e-05,0.13621173799037933,0.0,0.09545523,0.041720625,1.0000725,0.12738869,0.06965407,2.0905911e-06,-0.0037078857,-0.0018599033,0.013229847,-0.057830326,-0.019936685,-0.007242731,0.151125,0.080055684,1.0,,,,,,,,,,,,,,,,,,,,,,,,,,,,,,,,,,,,,,,,,,,,
404.0,-0.023131623949583267,0.07285609841346741,7.2479248046875e-05,0.13416992127895355,0.0,0.09598556,0.042011406,1.0000725,0.12728028,0.069788,2.0359757e-06,-0.0034918785,-0.0014810562,0.013319969,0.05064921,0.09160841,0.021716528,0.1515,0.08025163,1.0,,,,,,,,,,,,,,,,,,,,,,,,,,,,,,,,,,,,,,,,,,,,
405.0,-0.023188211388863785,0.07269354164600372,7.252693467307836e-05,0.13225053250789642,0.0,0.09651551,0.042302713,1.0000725,0.12718748,0.06991326,2.1064643e-06,-0.0037338734,-0.0015609264,0.013290167,-0.05783812,-0.01995146,-0.0072283065,0.151875,0.08044755,1.0,,,,,,,,,,,,,,,,,,,,,,,,,,,,,,,,,,,,,,,,,,,,
406.0,-0.023242313005269178,0.07253056019544601,7.252693467307836e-05,0.1304597705602646,0.0,0.09704506,0.04259458,1.0000725,0.12709132,0.07004835,2.0491957e-06,-0.0035178661,-0.0011820793,0.013380289,0.05064333,0.09160105,0.021695223,0.15225,0.08064345,1.0,,,,,,,,,,,,,,,,,,,,,,,,,,,,,,,,,,,,,,,,,,,,
407.0,-0.0232909937696797,0.07236713171005249,7.252693467307836e-05,0.12880370020866394,0.0,0.09757427,0.042886976,1.0000725,0.12701076,0.070174776,2.1159046e-06,-0.0037600994,-0.0012619495,0.013350487,-0.057845905,-0.019966232,-0.0072138794,0.152625,0.080839336,1.0,,,,,,,,,,,,,,,,,,,,,,,,,,,,,,,,,,,,,,,,,,,,
408.0,-0.02333682267763252,0.07220325618982315,7.252693467307836e-05,0.12728844583034515,0.0,0.09810313,0.04317994,1.0000725,0.12692682,0.070311025,2.0602342e-06,-0.0035438538,-0.00088334084,0.013440609,0.050637446,0.0915937,0.021673921,0.153,0.0810352,1.0,,,,,,,,,,,,,,,,,,,,,,,,,,,,,,,,,,,,,,,,,,,,
409.0,-0.023376873862647158,0.07203897088766098,7.252693467307836e-05,0.12591981887817383,0.0,0.09863171,0.043473434,1.0000725,0.1268585,0.07043861,2.1221686e-06,-0.003786087,-0.00096321106,0.013410807,-0.05785368,-0.019980995,-0.0071994495,0.153375,0.08123104,1.0,,,,,,,,,,,,,,,,,,,,,,,,,,,,,,,,,,,,,,,,,,,,
410.0,-0.02341372651661496,0.07187426090240479,7.252693467307836e-05,0.1247035562992096,0.0,0.099159986,0.0437675,1.0000725,0.1267868,0.07057602,2.0683308e-06,-0.0035700798,-0.00058460236,0.013500929,0.050631564,0.091586344,0.021652628,0.15375,0.08142687,1.0,,,,,,,,,,,,,,,,,,,,,,,,,,,,,,,,,,,,,,,,,,,,
411.0,-0.023444655475790208,0.07170908153057098,7.252693467307836e-05,0.12364494055509567,0.0,0.09968803,0.044062104,1.0000725,0.12673068,0.07070477,2.1254377e-06,-0.0038120747,-0.0006644726,0.013471127,-0.057861444,-0.019995753,-0.007185017,0.154125,0.08162267,1.0,,,,,,,,,,,,,,,,,,,,,,,,,,,,,,,,,,,,,,,,,,,,
412.0,-0.02347207698906714,0.07154349237680435,7.252693467307836e-05,0.1227489784359932,0.0,0.10021582,0.044357285,1.0000725,0.1266712,0.07084335,2.073445e-06,-0.0035960674,-0.00065732,0.013562441,0.05182641,0.0024339783,0.021971209,0.1545,0.08181845,1.0,,,,,,,,,,,,,,,,,,,,,,,,,,,,,,,,,,,,,,,,,,,,
413.0,-0.023493105026592465,0.07137753069400787,7.255077071022242e-05,0.12202011793851852,0.0,0.100743376,0.044653006,1.0000725,0.12661211,0.07097306,2.1185613e-06,-0.0038383007,-0.0011088848,0.013534069,-0.056650124,-0.109134845,-0.006871408,0.154875,0.08201421,1.0,,,,,,,,,,,,,,,,,,,,,,,,,,,,,,,,,,,,,,,,,,,,
414.0,-0.023510374575418977,0.07121115922927856,7.255077071022242e-05,0.12146227061748505,0.0,0.1012706,0.044949304,1.0000726,0.12653446,0.071112394,2.0548734e-06,-0.0036222935,-0.0011014938,0.013625622,0.051815234,0.0024683927,0.02199094,0.15525,0.08220995,1.0,,,,,,,,,,,,,,,,,,,,,,,,,,,,,,,,,,,,,,,,,,,,
415.0,-0.023521035032437437,0.07104440778493881,7.255077071022242e-05,0.1210787370800972,0.0,0.101797506,0.04524615,1.0000726,0.12645724,0.07124286,1.7351697e-06,-0.0038645267,-0.0015528202,0.013597012,-0.056641445,-0.109107845,-0.006897638,0.155625,0.08240567,1.0,,,,,,,,,,,,,,,,,,,,,,,,,,,,,,,,,,,,,,,,,,,,
416.0,-0.023527760213840523,0.07087727636098862,7.255077071022242e-05,0.12087210267782211,0.0,0.10232402,0.04554358,1.0000726,0.12636146,0.07138295,1.7486946e-06,-0.0036485195,-0.0015454292,0.013688564,0.051804055,0.002502791,0.022010652,0.156,0.08260137,1.0,,,,,,,,,,,,,,,,,,,,,,,,,,,,,,,,,,,,,,,,,,,,
417.0,-0.023527606071288034,0.07070983201265335,7.255077071022242e-05,0.12084421515464783,0.0,0.102850124,0.045841556,1.0000726,0.1262661,0.071514174,1.7791549e-06,-0.0038907528,-0.0019965172,0.013659954,-0.056632765,-0.10908086,-0.0069238488,0.156375,0.08279705,1.0,,,,,,,,,,,,,,,,,,,,,,,,,,,,,,,,,,,,,,,,,,,,
418.0,-0.023523426463988292,0.07054202258586884,7.259845733642578e-05,0.12099621444940567,0.0,0.103375755,0.04614012,1.0000726,0.1261522,0.07165501,1.7020254e-06,-0.0036747456,-0.0019888878,0.013751507,0.051792864,0.002537173,0.022030348,0.15675,0.0829927,1.0,,,,,,,,,,,,,,,,,,,,,,,,,,,,,,,,,,,,,,,,,,,,
419.0,-0.023512464823303526,0.07037390768527985,7.259845733642578e-05,0.12132830172777176,0.0,0.10390092,0.04643923,1.0000726,0.12603876,0.07178699,1.7541417e-06,-0.003916979,-0.0024399757,0.013722897,-0.056624085,-0.10905389,-0.006950041,0.157125,0.08318834,1.0,,,,,,,,,,,,,,,,,,,,,,,,,,,,,,,,,,,,,,,,,,,,
420.0,-0.023497483554239446,0.07020552456378937,7.259845733642578e-05,0.12184008210897446,0.0,0.10442553,0.046738934,1.0000726,0.12590677,0.07192858,1.6634999e-06,-0.0037009716,-0.0024323463,0.013814449,0.051781666,0.002571539,0.022050023,0.1575,0.08338396,1.0,,,,,,,,,,,,,,,,,,,,,,,,,,,,,,,,,,,,,,,,,,,,
421.0,-0.023475773114131154,0.0700368657708168,7.259845733642578e-05,0.12253016978502274,0.0,0.10494959,0.04703919,1.0000726,0.12577522,0.07206132,1.7191645e-06,-0.003943205,-0.0028834343,0.013785839,-0.0566154,-0.10902693,-0.0069762133,0.157875,0.083579555,1.0,,,,,,,,,,,,,,,,,,,,,,,,,,,,,,,,,,,,,,,,,,,,
422.0,-0.023450142939321454,0.06986794620752335,7.259845733642578e-05,0.1233966276049614,0.0,0.105473034,0.04734004,1.0000726,0.12562515,0.072203666,1.6192708e-06,-0.0037271976,-0.0028755665,0.013877153,0.05177046,0.0026058888,0.022069681,0.15825,0.08377513,1.0,,,,,,,,,,,,,,,,,,,,,,,,,,,,,,,,,,,,,,,,,,,,
423.0,-0.02341792559438327,0.06969880312681198,7.259845733642578e-05,0.12443666160106659,0.0,0.10599585,0.04764144,1.0000726,0.12547556,0.07233716,1.6774881e-06,-0.003969431,-0.003326416,0.013848782,-0.056606717,-0.10899998,-0.0070023667,0.158625,0.08397068,1.0,,,,,,,,,,,,,,,,,,,,,,,,,,,,,,,,,,,,,,,,,,,,
424.0,-0.023381971421837084,0.06952948868274689,7.259845733642578e-05,0.12564697861671448,0.0,0.10651796,0.047943443,1.0000726,0.12530743,0.072480254,1.5685855e-06,-0.003753662,-0.0033183098,0.013940096,0.051759243,0.0026402224,0.02208932,0.159,0.084166214,1.0,,,,,,,,,,,,,,,,,,,,,,,,,,,,,,,,,,,,,,,,,,,,
425.0,-0.02333964696681251,0.06935995817184448,7.259845733642578e-05,0.12702366709709167,0.0,0.10703938,0.048246004,1.0000726,0.12513979,0.0726145,1.6293031e-06,-0.003995657,-0.003768921,0.013911724,-0.05659803,-0.108973056,-0.007028501,0.159375,0.08436173,1.0,,,,,,,,,,,,,,,,,,,,,,,,,,,,,,,,,,,,,,,,,,,,
426.0,-0.023293687874975152,0.06919027864933014,7.264614396262914e-05,0.1285623461008072,0.0,0.107560016,0.048549164,1.0000726,0.12495362,0.07275835,1.5114126e-06,-0.0037801266,-0.0037608147,0.014003038,0.05174802,0.0026745398,0.022108939,0.15975,0.08455722,1.0,,,,,,,,,,,,,,,,,,,,,,,,,,,,,,,,,,,,,,,,,,,,
427.0,-0.023241654866796312,0.06902045756578445,7.264614396262914e-05,0.13025817275047302,0.0,0.10807988,0.048852887,1.0000726,0.12476795,0.072893344,1.5746307e-06,-0.0040221214,-0.004054308,0.013973951,-0.05711685,-0.07123891,-0.0071971635,0.160125,0.08475269,1.0,,,,,,,,,,,,,,,,,,,,,,,,,,,,,,,,,,,,,,,,,,,,
428.0,-0.02318643762857319,0.06885050237178802,7.264614396262914e-05,0.13210617005825043,0.0,0.108598925,0.04915721,1.0000726,0.1245702,0.073038034,1.4743059e-06,-0.0038063526,-0.0038890839,0.01406455,0.051214684,0.040406782,0.02196872,0.1605,0.08494814,1.0,,,,,,,,,,,,,,,,,,,,,,,,,,,,,,,,,,,,,,,,,,,,
429.0,-0.023125440722649732,0.06868042051792145,7.264614396262914e-05,0.13410085439682007,0.0,0.10911717,0.049462102,1.0000726,0.12437936,0.07317396,1.5592218e-06,-0.004048586,-0.0041823387,0.014035702,-0.057115126,-0.071229726,-0.0072060456,0.160875,0.085143566,1.0,,,,,,,,,,,,,,,,,,,,,,,,,,,,,,,,,,,,,,,,,,,,
430.0,-0.023061575738418473,0.06851022690534592,7.26699799997732e-05,0.13623686134815216,0.0,0.10963458,0.049767602,1.0000726,0.12417644,0.073319584,1.452012e-06,-0.003832817,-0.0040171146,0.014126301,0.051205795,0.040423356,0.021971004,0.16125,0.08533897,1.0,,,,,,,,,,,,,,,,,,,,,,,,,,,,,,,,,,,,,,,,,,,,
431.0,-0.022992265978227806,0.0683399960398674,7.26699799997732e-05,0.1385084092617035,0.0,0.11015116,0.05007367,1.0000727,0.12398045,0.073456444,1.539648e-06,-0.0040750504,-0.0043103695,0.014097214,-0.0571134,-0.07122054,-0.0072149187,0.161625,0.08553436,1.0,,,,,,,,,,,,,,,,,,,,,,,,,,,,,,,,,,,,,,,,,,,,
432.0,-0.022920426529284305,0.06816966831684113,7.271766662597656e-05,0.14090998470783234,0.0,0.11066688,0.05038035,1.0000727,0.12377238,0.073603,1.0620871e-06,-0.0038592815,-0.004144907,0.014187813,0.05119691,0.04043992,0.02197328,0.162,0.08572972,1.0,,,,,,,,,,,,,,,,,,,,,,,,,,,,,,,,,,,,,,,,,,,,
433.0,-0.022843478777841302,0.06799925863742828,7.271766662597656e-05,0.14343588054180145,0.0,0.11118176,0.0506876,1.0000727,0.12357124,0.07374079,1.2377793e-06,-0.004101515,-0.004438162,0.014158726,-0.05711168,-0.07121136,-0.007223783,0.162375,0.08592506,1.0,,,,,,,,,,,,,,,,,,,,,,,,,,,,,,,,,,,,,,,,,,,,
434.0,-0.022764340677620565,0.06782881915569305,7.271766662597656e-05,0.14608050882816315,0.0,0.11169575,0.05099547,1.0000727,0.12335802,0.07388827,1.1056799e-06,-0.003885746,-0.0042726994,0.014249325,0.051188026,0.040456474,0.021975549,0.16275,0.08612038,1.0,,,,,,,,,,,,,,,,,,,,,,,,,,,,,,,,,,,,,,,,,,,,
435.0,-0.02268042536737121,0.06765834987163544,7.271766662597656e-05,0.14883843064308167,0.0,0.11220888,0.051303916,1.0000727,0.12315173,0.074026994,1.2013668e-06,-0.0041279793,-0.004565954,0.014220476,-0.05710996,-0.07120218,-0.007232638,0.163125,0.08631568,1.0,,,,,,,,,,,,,,,,,,,,,,,,,,,,,,,,,,,,,,,,,,,,
436.0,-0.022594640669720684,0.06748787313699722,7.271766662597656e-05,0.15170437097549438,0.0,0.11272111,0.05161298,1.0000727,0.12293337,0.07417542,1.0862652e-06,-0.0039122105,-0.0044004917,0.014311075,0.051179145,0.04047302,0.02197781,0.1635,0.08651096,1.0,,,,,,,,,,,,,,,,,,,,,,,,,,,,,,,,,,,,,,,,,,,,
437.0,-0.02250439545199406,0.06731739640235901,7.271766662597656e-05,0.15467306971549988,0.0,0.11323245,0.051922627,1.0000727,0.12272195,0.07431507,1.179065e-06,-0.0041544437,-0.004693508,0.014281988,-0.057108242,-0.07119302,-0.0072414847,0.163875,0.08670621,1.0,,,,,,,,,,,,,,,,,,,,,,,,,,,,,,,,,,,,,,,,,,,,
438.0,-0.022412585728321575,0.06714694201946259,7.271766662597656e-05,0.15773959457874298,0.0,0.11374286,0.052232895,1.0000727,0.12249845,0.074464425,1.0628569e-06,-0.0039389133,-0.0045280457,0.014372587,0.051170263,0.04048956,0.021980064,0.16425,0.08690145,1.0,,,,,,,,,,,,,,,,,,,,,,,,,,,,,,,,,,,,,,,,,,,,
439.0,-0.022316607583458974,0.06697651743888855,7.271766662597656e-05,0.16089914739131927,0.0,0.114252366,0.05254375,1.0000727,0.122281894,0.07460502,1.1570202e-06,-0.0041811466,-0.004821062,0.0143435,-0.05710653,-0.07118385,-0.007250322,0.164625,0.08709666,1.0,,,,,,,,,,,,,,,,,,,,,,,,,,,,,,,,,,,,,,,,,,,,
440.0,-0.022219347748454316,0.0668061375617981,7.271766662597656e-05,0.16414713859558105,0.0,0.11476092,0.052855227,1.0000727,0.12205328,0.0747553,1.0387087e-06,-0.003965378,-0.004655361,0.014434099,0.051161386,0.04050609,0.02198231,0.165,0.08729185,1.0,,,,,,,,,,,,,,,,,,,,,,,,,,,,,,,,,,,,,,,,,,,,
441.0,-0.02211818811128833,0.06663579493761063,7.271766662597656e-05,0.16747917234897614,0.0,0.11526855,0.0531673,1.0000727,0.121831596,0.07489683,1.1344699e-06,-0.004207611,-0.004948616,0.014405012,-0.057104815,-0.07117469,-0.0072591505,0.165375,0.08748702,1.0,,,,,,,,,,,,,,,,,,,,,,,,,,,,,,,,,,,,,,,,,,,,
442.0,-0.02201600126586782,0.06646553426980972,7.271766662597656e-05,0.1708911508321762,0.0,0.11577521,0.05348,1.0000727,0.12159786,0.07504805,1.0140016e-06,-0.0039920807,-0.0047826767,0.014495373,0.05115251,0.040522616,0.02198455,0.16575,0.087682165,1.0,,,,,,,,,,,,,,,,,,,,,,,,,,,,,,,,,,,,,,,,,,,,
443.0,-0.021910160640678807,0.06629540026187897,7.271766662597656e-05,0.17437900602817535,0.0,0.11628092,0.053793292,1.0000727,0.12137106,0.075190514,1.1113732e-06,-0.004234314,-0.0050759315,0.014466286,-0.0571031,-0.07116553,-0.0072679706,0.166125,0.08787729,1.0,,,,,,,,,,,,,,,,,,,,,,,,,,,,,,,,,,,,,,,,,,,,
444.0,-0.021803523495662742,0.06612535566091537,7.271766662597656e-05,0.17793911695480347,0.0,0.11678564,0.05410722,1.0000727,0.12113221,0.07534267,9.887466e-07,-0.0040187836,-0.004909992,0.014556885,0.051143635,0.040539134,0.02198678,0.1665,0.08807239,1.0,,,,,,,,,,,,,,,,,,,,,,,,,,,,,,,,,,,,,,,,,,,,
445.0,-0.021693449013944703,0.06595542281866074,7.271766662597656e-05,0.18156787753105164,0.0,0.117289394,0.054421745,1.0000727,0.1209003,0.075486064,1.0877292e-06,-0.004261017,-0.0052030087,0.014527798,-0.05710139,-0.07115638,-0.0072767814,0.166875,0.088267475,1.0,,,,,,,,,,,,,,,,,,,,,,,,,,,,,,,,,,,,,,,,,,,,
446.0,-0.02158278546743932,0.06578562408685684,7.271766662597656e-05,0.18526196479797363,0.0,0.11779212,0.05473691,1.0000727,0.12065634,0.07563916,9.629455e-07,-0.0040454865,-0.0050370693,0.014618397,0.051134765,0.040555645,0.021989003,0.16725,0.08846253,1.0,,,,,,,,,,,,,,,,,,,,,,,,,,,,,,,,,,,,,,,,,,,,
447.0,-0.02146888043573672,0.06561598926782608,7.271766662597656e-05,0.18901817500591278,0.0,0.118293874,0.055052675,1.0000727,0.12041934,0.07578349,1.0635389e-06,-0.0042877197,-0.0053300858,0.01458931,-0.057099685,-0.07114724,-0.0072855833,0.167625,0.088657565,1.0,,,,,,,,,,,,,,,,,,,,,,,,,,,,,,,,,,,,,,,,,,,,
448.0,-0.02135457009079619,0.06544649600982666,7.271766662597656e-05,0.19283361732959747,0.0,0.11879458,0.05536908,1.0000727,0.12017027,0.075937524,9.3659975e-07,-0.0040721893,-0.0051641464,0.01467967,0.051125895,0.040572148,0.02199122,0.168,0.088852584,1.0,,,,,,,,,,,,,,,,,,,,,,,,,,,,,,,,,,,,,,,,,,,,
449.0,-0.021237189846570255,0.06527719646692276,7.271766662597656e-05,0.19670546054840088,0.0,0.119294286,0.05568609,1.0000727,0.11992817,0.07608279,1.0388035e-06,-0.0043144226,-0.005457163,0.014650583,-0.05709798,-0.0711381,-0.007294376,0.168375,0.08904757,1.0,,,,,,,,,,,,,,,,,,,,,,,,,,,,,,,,,,,,,,,,,,,,
450.0,-0.021119571188378906,0.06510813534259796,7.276535325217992e-05,0.20063096284866333,0.0,0.11979292,0.05600375,1.0000727,0.11967402,0.07623776,9.0971054e-07,-0.004098892,-0.005290985,0.014741182,0.05111703,0.04058864,0.021993427,0.16875,0.08924255,1.0,,,,,,,,,,,,,,,,,,,,,,,,,,,,,,,,,,,,,,,,,,,,
451.0,-0.02099903506859337,0.0649392306804657,7.276535325217992e-05,0.2046077698469162,0.0,0.12029054,0.056322016,1.0000727,0.119426824,0.07638396,1.0135244e-06,-0.0043411255,-0.0055840015,0.014712095,-0.057096276,-0.071128964,-0.00730316,0.169125,0.08943749,1.0,,,,,,,,,,,,,,,,,,,,,,,,,,,,,,,,,,,,,,,,,,,,
452.0,-0.020878402047807325,0.06477056443691254,7.276535325217992e-05,0.20863352715969086,0.0,0.12078707,0.05664093,1.0000727,0.11916759,0.07653987,8.8227915e-07,-0.0041258335,-0.005417824,0.014802456,0.051108167,0.040605128,0.021995628,0.1695,0.089632414,1.0,,,,,,,,,,,,,,,,,,,,,,,,,,,,,,,,,,,,,,,,,,,,
453.0,-0.020754990493161315,0.06460218131542206,7.276535325217992e-05,0.21270598471164703,0.0,0.12128255,0.05696046,1.0000727,0.11891531,0.076687016,9.877028e-07,-0.004368067,-0.005710602,0.014773369,-0.057094578,-0.07111984,-0.0073119355,0.169875,0.08982732,1.0,,,,,,,,,,,,,,,,,,,,,,,,,,,,,,,,,,,,,,,,,,,,
454.0,-0.02063161205723009,0.06443404406309128,7.276535325217992e-05,0.21682307124137878,0.0,0.12177693,0.057280645,1.0000727,0.118650995,0.07684386,8.5430685e-07,-0.0041525364,-0.0055446625,0.0148637295,0.051099304,0.04062161,0.02199782,0.17025,0.0900222,1.0,,,,,,,,,,,,,,,,,,,,,,,,,,,,,,,,,,,,,,,,,,,,
455.0,-0.02050557216741072,0.0642661601305008,7.276535325217992e-05,0.22098290920257568,0.0,0.122270234,0.057601444,1.0000727,0.118393645,0.076991946,9.613401e-07,-0.004395008,-0.0058374405,0.014834642,-0.05709288,-0.07111071,-0.0073207016,0.170625,0.09021706,1.0,,,,,,,,,,,,,,,,,,,,,,,,,,,,,,,,,,,,,,,,,,,,
456.0,-0.02037952322537458,0.06409855931997299,7.276535325217992e-05,0.2251836508512497,0.0,0.12276242,0.0579229,1.0000727,0.118124254,0.07714973,8.257948e-07,-0.0041794777,-0.0056712627,0.014925003,0.051090445,0.040638078,0.022000007,0.171,0.090411894,1.0,,,,,,,,,,,,,,,,,,,,,,,,,,,,,,,,,,,,,,,,,,,,
457.0,-0.020250922566221564,0.06393130868673325,7.276535325217992e-05,0.22942353785037994,0.0,0.12325351,0.058244977,1.0000727,0.11786184,0.077298746,9.344375e-07,-0.004114628,-0.0059638023,0.014895916,0.016608804,-0.070001535,-0.006911441,0.171375,0.090606704,1.0,,,,,,,,,,,,,,,,,,,,,,,,,,,,,,,,,,,,,,,,,,,,
458.0,-0.02012256802712291,0.06376437842845917,7.278918928932399e-05,0.2337009459733963,0.0,0.12374346,0.058567666,1.0000727,0.11758757,0.07744492,8.503278e-07,-0.0035922527,-0.005797863,0.014960051,0.124802805,0.041717906,0.016152937,0.17175,0.0908015,1.0,,,,,,,,,,,,,,,,,,,,,,,,,,,,,,,,,,,,,,,,,,,,
459.0,-0.019991754939084786,0.06359781324863434,7.278918928932399e-05,0.2380143702030182,0.0,0.12423229,0.05889087,1.0000728,0.11732046,0.07756978,9.922961e-07,-0.0035271645,-0.006090641,0.014904499,0.016611742,-0.07000637,-0.013254025,0.172125,0.090996265,1.0,,,,,,,,,,,,,,,,,,,,,,,,,,,,,,,,,,,,,,,,,,,,
460.0,-0.019861055277790002,0.06343160569667816,7.278918928932399e-05,0.24236242473125458,0.0,0.12471997,0.05921459,1.0000728,0.11704151,0.0776918,5.293647e-07,-0.0030047894,-0.0059244633,0.014968872,0.12476133,0.04172205,0.016191311,0.1725,0.09119101,1.0,,,,,,,,,,,,,,,,,,,,,,,,,,,,,,,,,,,,,,,,,,,,
461.0,-0.01972798468981273,0.06326581537723541,7.278918928932399e-05,0.24674363434314728,0.0,0.1252065,0.059538726,1.0000728,0.11676972,0.07779253,7.4856666e-07,-0.002940178,-0.006217003,0.014913082,0.0165751,-0.0699862,-0.013294204,0.172875,0.09138573,1.0,,,,,,,,,,,,,,,,,,,,,,,,,,,,,,,,,,,,,,,,,,,,
462.0,-0.01959532541283188,0.06310037523508072,7.278918928932399e-05,0.2511568069458008,0.0,0.12569186,0.05986327,1.0000728,0.116486095,0.077890426,6.323546e-07,-0.0024180412,-0.0060510635,0.014977455,0.12471986,0.041726172,0.016229661,0.17325,0.09158043,1.0,,,,,,,,,,,,,,,,,,,,,,,,,,,,,,,,,,,,,,,,,,,,
463.0,-0.01946037081043469,0.06293537467718124,7.278918928932399e-05,0.25560063123703003,0.0,0.12617607,0.06018813,1.0000728,0.11620963,0.07796705,7.584654e-07,-0.0023534298,-0.006343603,0.014921427,0.01653848,-0.06996602,-0.0133343525,0.173625,0.091775104,1.0,,,,,,,,,,,,,,,,,,,,,,,,,,,,,,,,,,,,,,,,,,,,
464.0,-0.019325900668849504,0.0627707988023758,7.278918928932399e-05,0.26007401943206787,0.0,0.12665908,0.060513303,1.0000728,0.11592133,0.07804085,6.610508e-07,-0.0018312931,-0.0061774254,0.014986038,0.12467842,0.04173027,0.016267987,0.174,0.09196976,1.0,,,,,,,,,,,,,,,,,,,,,,,,,,,,,,,,,,,,,,,,,,,,
465.0,-0.019189198126700648,0.06260664016008377,7.278918928932399e-05,0.26457592844963074,0.0,0.12714091,0.060838692,1.0000728,0.11564021,0.07809339,7.71073e-07,-0.0017669201,-0.006469965,0.01493001,0.01650188,-0.06994582,-0.013374469,0.174375,0.09216439,1.0,,,,,,,,,,,,,,,,,,,,,,,,,,,,,,,,,,,,,,,,,,,,
466.0,-0.01905304032497079,0.062442898750305176,7.278918928932399e-05,0.26910537481307983,0.0,0.12762153,0.061164286,1.0000728,0.11534725,0.07814312,6.743879e-07,-0.0012450218,-0.006303787,0.014994621,0.124636985,0.04173434,0.016306285,0.17475,0.092359,1.0,,,,,,,,,,,,,,,,,,,,,,,,,,,,,,,,,,,,,,,,,,,,
467.0,-0.018914712903488545,0.062279630452394485,7.278918928932399e-05,0.2736612558364868,0.0,0.12810095,0.061490003,1.0000728,0.11506147,0.078171596,7.7257806e-07,-0.0011808872,-0.0065960884,0.014938116,0.016465303,-0.06992561,-0.013414554,0.175125,0.09255358,1.0,,,,,,,,,,,,,,,,,,,,,,,,,,,,,,,,,,,,,,,,,,,,
468.0,-0.018776986019959443,0.06211679056286812,7.278918928932399e-05,0.278242826461792,0.0,0.12857912,0.061815824,1.0000728,0.11476385,0.078197286,6.756333e-07,-0.0006592274,-0.0064299107,0.015002966,0.12459557,0.041738387,0.016344558,0.1755,0.09274814,1.0,,,,,,,,,,,,,,,,,,,,,,,,,,,,,,,,,,,,,,,,,,,,
469.0,-0.018637146342186318,0.06195443123579025,7.283687591552734e-05,0.28284895420074463,0.0,0.12905611,0.062141664,1.0000728,0.11447342,0.078201726,7.6223824e-07,-0.0005950928,-0.006722212,0.014946461,0.016428744,-0.06990539,-0.013454608,0.175875,0.09294268,1.0,,,,,,,,,,,,,,,,,,,,,,,,,,,,,,,,,,,,,,,,,,,,
470.0,-0.018497957970388234,0.061792563647031784,7.283687591552734e-05,0.28747907280921936,0.0,0.12953182,0.06246751,1.0000728,0.114171155,0.078203395,6.649863e-07,-7.367134e-05,-0.006556034,0.015011311,0.12455417,0.04174241,0.016382806,0.17625,0.0931372,1.0,,,,,,,,,,,,,,,,,,,,,,,,,,,,,,,,,,,,,,,,,,,,
471.0,-0.018357302215592064,0.06163116544485092,7.283687591552734e-05,0.29213228821754456,0.0,0.1300063,0.06279328,1.0000728,0.113876075,0.07818383,7.400316e-07,-9.536743e-06,-0.0068483353,0.014954567,0.016392209,-0.06988516,-0.013494629,0.176625,0.09333169,1.0,,,,,,,,,,,,,,,,,,,,,,,,,,,,,,,,,,,,,,,,,,,,
472.0,-0.018216716219270897,0.061470262706279755,7.283687591552734e-05,0.2968079149723053,0.0,0.1304795,0.06311895,1.0000728,0.11356917,0.0781615,6.424769e-07,0.00051164627,-0.0066821575,0.015019417,0.124512784,0.041746408,0.016421027,0.177,0.093526155,1.0,,,,,,,,,,,,,,,,,,,,,,,,,,,,,,,,,,,,,,,,,,,,
473.0,-0.01807522369920771,0.06130986288189888,7.283687591552734e-05,0.3015051484107971,0.0,0.13095146,0.06344444,1.0000728,0.113269456,0.07811795,7.05976e-07,0.00057554245,-0.0069742203,0.014962673,0.016355695,-0.069864914,-0.0135346195,0.177375,0.0937206,1.0,,,,,,,,,,,,,,,,,,,,,,,,,,,,,,,,,,,,,,,,,,,,
474.0,-0.01793398872711696,0.06114993616938591,7.283687591552734e-05,0.3061901330947876,0.0,0.13142212,0.06376974,1.0000728,0.11295792,0.078071654,6.0812556e-07,0.0010967255,-0.0068080425,0.015027523,0.12447142,0.04175038,0.016459223,0.17775,0.093915015,1.0,,,,,,,,,,,,,,,,,,,,,,,,,,,,,,,,,,,,,,,,,,,,
475.0,-0.017792391853653684,0.0609905831515789,7.283687591552734e-05,0.3108954429626465,0.0,0.1318915,0.06409476,1.0000728,0.11265357,0.078004144,6.6009125e-07,0.0011603832,-0.0071001053,0.014970541,0.016319202,-0.06984465,-0.013574578,0.178125,0.094109416,1.0,,,,,,,,,,,,,,,,,,,,,,,,,,,,,,,,,,,,,,,,,,,,
476.0,-0.017651001697366882,0.06083173677325249,7.28845625417307e-05,0.31558719277381897,0.0,0.13235958,0.064419486,1.0000728,0.11233741,0.0779339,5.619524e-07,0.0011074543,-0.0069339275,0.015035629,-0.013291613,0.039692394,0.015519431,0.1785,0.094303794,1.0,,,,,,,,,,,,,,,,,,,,,,,,,,,,,,,,,,,,,,,,,,,,
477.0,-0.01750935031181216,0.060673438012599945,7.28845625417307e-05,0.32029807567596436,0.0,0.13282637,0.06474392,1.0000728,0.11202809,0.07786592,6.3511385e-07,0.0015137196,-0.007225752,0.014978647,0.09853718,-0.068602584,-0.0130036,0.178875,0.09449814,1.0,,,,,,,,,,,,,,,,,,,,,,,,,,,,,,,,,,,,,,,,,,,,
478.0,-0.017367747262172634,0.06051565334200859,7.28845625417307e-05,0.32499441504478455,0.0,0.13329181,0.065068014,1.0000728,0.111707166,0.07778119,5.1167973e-07,0.0014607906,-0.007059574,0.0150437355,-0.013319741,0.03968842,0.0155315325,0.17925,0.09469247,1.0,,,,,,,,,,,,,,,,,,,,,,,,,,,,,,,,,,,,,,,,,,,,
479.0,-0.017226055053208986,0.0603584349155426,7.28845625417307e-05,0.32970884442329407,0.0,0.13375595,0.06539176,1.0000728,0.11139309,0.077698745,5.9240085e-07,0.0018668175,-0.007351637,0.014986515,0.098513626,-0.06859525,-0.013016477,0.179625,0.09488677,1.0,,,,,,,,,,,,,,,,,,,,,,,,,,,,,,,,,,,,,,,,,,,,
480.0,-0.017084378772541823,0.060201745480298996,7.28845625417307e-05,0.3344074487686157,0.0,0.13421874,0.06571509,1.0000728,0.1110674,0.077599555,4.5984146e-07,0.0018136501,-0.007185459,0.015051603,-0.013347859,0.039684445,0.015543618,0.18,0.09508105,1.0,,,,,,,,,,,,,,,,,,,,,,,,,,,,,,,,,,,,,,,,,,,,
481.0,-0.01694263840049462,0.06004565209150314,7.28845625417307e-05,0.33912330865859985,0.0,0.13468018,0.06603801,1.0000728,0.11074857,0.077502646,5.4432854e-07,0.002219677,-0.0074772835,0.014994383,0.0984901,-0.06858792,-0.013029345,0.180375,0.095275305,1.0,,,,,,,,,,,,,,,,,,,,,,,,,,,,,,,,,,,,,,,,,,,,
482.0,-0.016800940662531506,0.059890102595090866,7.28845625417307e-05,0.3438224494457245,0.0,0.13514026,0.06636047,1.0000728,0.110418126,0.07738902,4.0354143e-07,0.0021665096,-0.007311344,0.01505971,-0.013375965,0.039680466,0.015555688,0.18075,0.09546954,1.0,,,,,,,,,,,,,,,,,,,,,,,,,,,,,,,,,,,,,,,,,,,,
483.0,-0.01665920427333913,0.05973515659570694,7.28845625417307e-05,0.34853801131248474,0.0,0.13559899,0.06668246,1.0000728,0.11009453,0.07727767,4.915864e-07,0.0025725365,-0.0076031685,0.015002251,0.098466575,-0.06858059,-0.013042202,0.181125,0.09566375,1.0,,,,,,,,,,,,,,,,,,,,,,,,,,,,,,,,,,,,,,,,,,,,
484.0,-0.016517534223671828,0.05958075076341629,7.28845625417307e-05,0.35323604941368103,0.0,0.13605632,0.06700391,1.0000728,0.109759346,0.0771496,3.4262737e-07,0.0025191307,-0.0074369907,0.015067577,-0.013404059,0.039676487,0.015567742,0.1815,0.09585793,1.0,,,,,,,,,,,,,,,,,,,,,,,,,,,,,,,,,,,,,,,,,,,,
485.0,-0.01637584978621308,0.059426940977573395,7.28845625417307e-05,0.35794970393180847,0.0,0.13651228,0.06732485,1.0000728,0.109431006,0.077023834,4.342196e-07,0.0029249191,-0.007728815,0.0150101185,0.09844307,-0.06857326,-0.013055048,0.181875,0.09605209,1.0,,,,,,,,,,,,,,,,,,,,,,,,,,,,,,,,,,,,,,,,,,,,
486.0,-0.01623425606148012,0.05927373841404915,7.28845625417307e-05,0.36264505982398987,0.0,0.13696682,0.06764519,1.0000728,0.109091066,0.07688135,2.7709817e-07,0.0028715134,-0.0075626373,0.015075445,-0.013432143,0.039672505,0.0155797815,0.18225,0.09624623,1.0,,,,,,,,,,,,,,,,,,,,,,,,,,,,,,,,,,,,,,,,,,,,
487.0,-0.01609266911399245,0.05912117287516594,7.28845625417307e-05,0.3673553168773651,0.0,0.13741998,0.06796494,1.0000728,0.10875797,0.076741174,3.72238e-07,0.0032773018,-0.007854462,0.015017748,0.09841957,-0.06856593,-0.013067883,0.182625,0.09644034,1.0,,,,,,,,,,,,,,,,,,,,,,,,,,,,,,,,,,,,,,,,,,,,
488.0,-0.01595119091446395,0.058969151228666306,7.28845625417307e-05,0.3720466196537018,0.0,0.13787171,0.06828404,1.0000728,0.10841329,0.076584294,2.0696093e-07,0.0032236576,-0.0076885223,0.015083075,-0.013460217,0.03966852,0.015591805,0.183,0.096634425,1.0,,,,,,,,,,,,,,,,,,,,,,,,,,,,,,,,,,,,,,,,,,,,
489.0,-0.015809740380098813,0.05881776660680771,7.28845625417307e-05,0.37675216794013977,0.0,0.13832203,0.0686025,1.0000728,0.108075455,0.076429725,3.0564934e-07,0.0036292076,-0.007980108,0.015025616,0.09839609,-0.068558596,-0.013080708,0.183375,0.09682849,1.0,,,,,,,,,,,,,,,,,,,,,,,,,,,,,,,,,,,,,,,,,,,,
490.0,-0.015668414355541612,0.05866702273488045,7.28845625417307e-05,0.38143810629844666,0.0,0.13877088,0.06892025,1.0000728,0.10772603,0.07625846,1.3222332e-07,0.0035755634,-0.007814169,0.015090942,-0.013488279,0.03966453,0.015603812,0.18375,0.09702253,1.0,,,,,,,,,,,,,,,,,,,,,,,,,,,,,,,,,,,,,,,,,,,,
491.0,-0.015527130774738909,0.05851687863469124,7.28845625417307e-05,0.3861377537250519,0.0,0.13921832,0.069237284,1.0000728,0.10738346,0.07608952,2.344613e-07,0.0039811134,-0.008096695,0.015033245,0.098339096,-0.066334076,-0.0130855935,0.184125,0.09721655,1.0,,,,,,,,,,,,,,,,,,,,,,,,,,,,,,,,,,,,,,,,,,,,
492.0,-0.01538599409046656,0.05836739391088486,7.28845625417307e-05,0.39081722497940063,0.0,0.13966426,0.069553554,1.0000728,0.10702967,0.075903885,5.5952647e-08,0.003927231,-0.007921457,0.01509881,-0.013549447,0.04187719,0.015624748,0.1845,0.09741054,1.0,,,,,,,,,,,,,,,,,,,,,,,,,,,,,,,,,,,,,,,,,,,,
493.0,-0.015244914885736944,0.05821852758526802,7.28845625417307e-05,0.39550989866256714,0.0,0.14010878,0.06986906,1.0000728,0.10668311,0.07572059,1.639526e-07,0.004332781,-0.008203745,0.0150408745,0.09831541,-0.06632778,-0.013099428,0.184875,0.097604506,1.0,,,,,,,,,,,,,,,,,,,,,,,,,,,,,,,,,,,,,,,,,,,,
494.0,-0.015282431937975346,0.058070313185453415,7.28845625417307e-05,0.39423131942749023,0.0,0.1405518,0.070183724,1.0000728,0.10632534,0.07552063,-2.2951241e-08,0.0042788982,-0.008028507,0.01510644,-0.013577195,0.041872162,0.01563773,0.18525,0.097798444,1.0,,,,,,,,,,,,,,,,,,,,,,,,,,,,,,,,,,,,,,,,,,,,
495.0,-0.015424734319411073,0.05792275071144104,7.28845625417307e-05,0.3894750773906708,0.0,0.14099336,0.07049757,1.0000728,0.10597481,0.075323,8.8574595e-08,0.00468421,-0.008146286,0.015049219,0.09769341,-0.026807263,-0.012944165,0.185625,0.09799236,1.0,,,,,,,,,,,,,,,,,,,,,,,,,,,,,,,,,,,,,,,,,,,,
496.0,-0.015566693115898672,0.057775843888521194,7.28845625417307e-05,0.3847149610519409,0.0,0.14143345,0.07081052,1.0000728,0.10561979,0.075108804,-5.0806168e-08,0.004630089,-0.0078065395,0.015115738,-0.014196125,0.08137206,0.015837863,0.186,0.098186255,1.0,,,,,,,,,,,,,,,,,,,,,,,,,,,,,,,,,,,,,,,,,,,,
497.0,-0.01570921892241968,0.05762956291437149,7.28845625417307e-05,0.3799510896205902,0.0,0.14187211,0.071122594,1.0000728,0.10527873,0.074897066,1.030224e-07,0.0050354004,-0.007924318,0.015058517,0.09766554,-0.026819516,-0.012976373,0.186375,0.098380126,1.0,,,,,,,,,,,,,,,,,,,,,,,,,,,,,,,,,,,,,,,,,,,,
498.0,-0.015851405125240855,0.05748393386602402,7.28845625417307e-05,0.37518325448036194,0.0,0.14230932,0.071433716,1.0000728,0.10493319,0.074668765,-5.1032778e-08,0.0049812794,-0.007584572,0.015125036,-0.014218744,0.08134845,0.015868707,0.18675,0.09857397,1.0,,,,,,,,,,,,,,,,,,,,,,,,,,,,,,,,,,,,,,,,,,,,
499.0,-0.015994158467820672,0.05733895301818848,7.28845625417307e-05,0.3704116642475128,0.0,0.14274517,0.07174389,1.0000728,0.1046016,0.07444293,1.03920186e-07,0.0053863525,-0.0077023506,0.015067577,0.09763767,-0.026831754,-0.013008559,0.187125,0.09876779,1.0,,,,,,,,,,,,,,,,,,,,,,,,,,,,,,,,,,,,,,,,,,,,
500.0,-0.016136346335648706,0.057194627821445465,7.293224189197645e-05,0.3656361699104309,0.0,0.14317961,0.07205306,1.0000728,0.104265526,0.07420053,-5.5135573e-08,0.005331993,-0.0073628426,0.015134335,-0.014241345,0.08132484,0.01589953,0.1875,0.098961584,1.0,,,,,,,,,,,,,,,,,,,,,,,,,,,,,,,,,,,,,,,,,,,,
501.0,-0.016279102867186156,0.057050954550504684,7.293224189197645e-05,0.36085689067840576,0.0,0.14361271,0.07236123,1.0000728,0.10394339,0.07396061,9.867683e-08,0.005289316,-0.0074808598,0.015077114,-0.009826057,-0.028470067,-0.013831852,0.187875,0.09915535,1.0,,,,,,,,,,,,,,,,,,,,,,,,,,,,,,,,,,,,,,,,,,,,
502.0,-0.01642151407637284,0.056907881051301956,7.293224189197645e-05,0.356073796749115,0.0,0.14404444,0.0726684,1.0000728,0.10361649,0.073722444,3.604933e-08,0.004787445,-0.0071411133,0.015143633,-0.121675186,0.079693824,0.015090045,0.18825,0.0993491,1.0,,,,,,,,,,,,,,,,,,,,,,,,,,,,,,,,,,,,,,,,,,,,
503.0,-0.016564751449150938,0.056765489280223846,7.293224189197645e-05,0.351286917924881,0.0,0.14447488,0.072974674,1.0000728,0.10330326,0.07350504,2.5562926e-07,0.004744768,-0.0072591305,0.015086412,-0.009803699,-0.028497078,-0.013814857,0.188625,0.09954282,1.0,,,,,,,,,,,,,,,,,,,,,,,,,,,,,,,,,,,,,,,,,,,,
504.0,-0.016707185055762967,0.05662368983030319,7.293224189197645e-05,0.34649622440338135,0.0,0.14490397,0.07328005,1.0000728,0.10298525,0.07328938,1.7762831e-07,0.0047667027,-0.0069196224,0.015152693,0.0040333415,0.08157826,0.015984097,0.189,0.09973651,1.0,,,,,,,,,,,,,,,,,,,,,,,,,,,,,,,,,,,,,,,,,,,,
505.0,-0.016850647065266094,0.05648251622915268,7.293224189197645e-05,0.3417017161846161,0.0,0.14533181,0.07358452,1.0000728,0.10268122,0.073073074,2.9008896e-07,0.0043313503,-0.0070376396,0.015095472,-0.104074255,-0.029937489,-0.014465018,0.189375,0.09993019,1.0,,,,,,,,,,,,,,,,,,,,,,,,,,,,,,,,,,,,,,,,,,,,
506.0,-0.016993305102240994,0.05634195730090141,7.293224189197645e-05,0.3369034230709076,0.0,0.14575836,0.07388817,1.0000728,0.10237217,0.07287456,3.1095553e-07,0.004353285,-0.0066981316,0.015161753,0.0040532113,0.08157892,0.015948948,0.18975,0.10012383,1.0,,,,,,,,,,,,,,,,,,,,,,,,,,,,,,,,,,,,,,,,,,,,
507.0,-0.01713698721855326,0.056202005594968796,7.293224189197645e-05,0.33210131525993347,0.0,0.14618368,0.07419098,1.0000728,0.1020771,0.07267539,3.97488e-07,0.0039179325,-0.006816387,0.015104532,-0.10406023,-0.029950181,-0.014430428,0.190125,0.100317456,1.0,,,,,,,,,,,,,,,,,,,,,,,,,,,,,,,,,,,,,,,,,,,,
508.0,-0.017279867216684217,0.05606265738606453,7.293224189197645e-05,0.3272953927516937,0.0,0.14660776,0.074493036,1.0000728,0.101776995,0.07249402,4.181277e-07,0.003939867,-0.0064766407,0.015170813,0.0040730652,0.081579566,0.015913805,0.1905,0.100511044,1.0,,,,,,,,,,,,,,,,,,,,,,,,,,,,,,,,,,,,,,,,,,,,
509.0,-0.0174237735779876,0.055923908948898315,7.293224189197645e-05,0.32248571515083313,0.0,0.14703064,0.07479434,1.0000728,0.10149088,0.07231198,5.0199856e-07,0.0035045147,-0.0065948963,0.015113592,-0.10404621,-0.029962853,-0.014395847,0.190875,0.10070462,1.0,,,,,,,,,,,,,,,,,,,,,,,,,,,,,,,,,,,,,,,,,,,,
510.0,-0.017566876679221605,0.055785734206438065,7.293224189197645e-05,0.3176722228527069,0.0,0.1474523,0.07509495,1.0000728,0.101199724,0.07214773,5.169546e-07,0.0035266876,-0.0062553883,0.015179634,0.0040929024,0.08158019,0.015878668,0.19125,0.10089816,1.0,,,,,,,,,,,,,,,,,,,,,,,,,,,,,,,,,,,,,,,,,,,,
511.0,-0.017710905571070183,0.05564815551042557,7.293224189197645e-05,0.31285494565963745,0.0,0.1478728,0.075394884,1.0000728,0.10092255,0.07198281,5.9944824e-07,0.0030915737,-0.006373644,0.015122652,-0.10403219,-0.029975506,-0.0143612735,0.191625,0.10109168,1.0,,,,,,,,,,,,,,,,,,,,,,,,,,,,,,,,,,,,,,,,,,,,
512.0,-0.017854338322231347,0.05551115423440933,7.293224189197645e-05,0.30803388357162476,0.0,0.14829215,0.075694196,1.0000728,0.10064033,0.07183566,6.0842433e-07,0.0031137466,-0.006034136,0.015188456,0.0041127237,0.08158081,0.015843537,0.192,0.10128518,1.0,,,,,,,,,,,,,,,,,,,,,,,,,,,,,,,,,,,,,,,,,,,,
513.0,-0.01799879680875893,0.05537475273013115,7.293224189197645e-05,0.3032090961933136,0.0,0.14871037,0.0759929,1.0000728,0.10037208,0.07168783,6.896139e-07,0.0030944347,-0.0061523914,0.015131474,-0.0042022504,-0.028471973,-0.013724338,0.192375,0.10147865,1.0,,,,,,,,,,,,,,,,,,,,,,,,,,,,,,,,,,,,,,,,,,,,
514.0,-0.018142454735094363,0.055238913744688034,7.293224189197645e-05,0.29838040471076965,0.0,0.14912744,0.07629098,1.0000728,0.10009906,0.07154078,6.435247e-07,0.003532648,-0.0058128834,0.015197277,0.1039253,0.08307949,0.016456122,0.19275,0.10167209,1.0,,,,,,,,,,,,,,,,,,,,,,,,,,,,,,,,,,,,,,,,,,,,
515.0,-0.018287137838316998,0.05510367825627327,7.293224189197645e-05,0.29354798793792725,0.0,0.14954345,0.076588385,1.0000728,0.09984025,0.07137604,6.78027e-07,0.0035133362,-0.005931139,0.015140295,-0.0042349068,-0.028473636,-0.01373616,0.193125,0.10186551,1.0,,,,,,,,,,,,,,,,,,,,,,,,,,,,,,,,,,,,,,,,,,,,
516.0,-0.018431019333779844,0.05496907979249954,7.293224189197645e-05,0.2887117266654968,0.0,0.14995834,0.0768851,1.0000728,0.09957666,0.07121209,6.4431794e-07,0.003951311,-0.005591631,0.015206337,0.10389825,0.083066516,0.016466033,0.1935,0.1020589,1.0,,,,,,,,,,,,,,,,,,,,,,,,,,,,,,,,,,,,,,,,,,,,
517.0,-0.018575927445828713,0.054835088551044464,7.293224189197645e-05,0.2838716506958008,0.0,0.1503722,0.07718106,1.0000728,0.099327296,0.07103047,6.6534693e-07,0.003931761,-0.005710125,0.0151491165,-0.004267551,-0.028475296,-0.013747962,0.193875,0.102252275,1.0,,,,,,,,,,,,,,,,,,,,,,,,,,,,,,,,,,,,,,,,,,,,
518.0,-0.01872003195773723,0.05470168590545654,7.293224189197645e-05,0.2790277600288391,0.0,0.15078501,0.07747627,1.0000728,0.099073134,0.07084963,6.3622474e-07,0.0043649673,-0.005370617,0.015215397,0.1026988,0.08303578,0.01646924,0.19425,0.10244561,1.0,,,,,,,,,,,,,,,,,,,,,,,,,,,,,,,,,,,,,,,,,,,,
519.0,-0.01886492987878155,0.05456893518567085,7.29799285181798e-05,0.2741801142692566,0.0,0.15119682,0.07777065,1.0000728,0.098833196,0.07065133,6.4649225e-07,0.004340172,-0.0054888725,0.015158176,-0.005472301,-0.028494906,-0.013765902,0.194625,0.10263893,1.0,,,,,,,,,,,,,,,,,,,,,,,,,,,,,,,,,,,,,,,,,,,,
520.0,-0.019009484778095796,0.0544368140399456,7.300377183128148e-05,0.26932862401008606,0.0,0.1516076,0.0780642,1.0000728,0.09858846,0.07045403,6.221875e-07,0.004304409,-0.005149603,0.015224457,-0.0098597435,0.08131707,0.01586084,0.195,0.10283222,1.0,,,,,,,,,,,,,,,,,,,,,,,,,,,,,,,,,,,,,,,,,,,,
521.0,-0.019154609250994693,0.0543052963912487,7.300377183128148e-05,0.2644733488559723,0.0,0.15201743,0.07835695,1.000073,0.09835764,0.070258446,7.08038e-07,0.0047273636,-0.005268097,0.015167236,0.10193574,-0.02687291,-0.013210326,0.195375,0.10302549,1.0,,,,,,,,,,,,,,,,,,,,,,,,,,,,,,,,,,,,,,,,,,,,
522.0,-0.019299336415830478,0.05417440086603165,7.300377183128148e-05,0.2596142590045929,0.0,0.15242627,0.078648806,1.000073,0.0981223,0.07004557,2.1667321e-07,0.0046913624,-0.004928589,0.015233517,-0.00988434,0.081293024,0.015893672,0.19575,0.10321873,1.0,,,,,,,,,,,,,,,,,,,,,,,,,,,,,,,,,,,,,,,,,,,,
523.0,-0.019444634745026997,0.054044194519519806,7.300377183128148e-05,0.25475141406059265,0.0,0.15283419,0.07893978,1.000073,0.097900875,0.0698344,4.0967788e-07,0.0050094128,-0.005047083,0.015176296,0.07679564,-0.027267087,-0.013368114,0.196125,0.103411935,1.0,,,,,,,,,,,,,,,,,,,,,,,,,,,,,,,,,,,,,,,,,,,,
524.0,-0.019589587231459156,0.05391457676887512,7.300377183128148e-05,0.24988478422164917,0.0,0.15324117,0.079229824,1.000073,0.097674854,0.06961023,2.7712161e-07,0.004868746,-0.0047078133,0.015242815,-0.035012875,0.08089077,0.01579118,0.1965,0.10360513,1.0,,,,,,,,,,,,,,,,,,,,,,,,,,,,,,,,,,,,,,,,,,,,
525.0,-0.019735110893803358,0.05378562957048416,7.300377183128148e-05,0.24501435458660126,0.0,0.15364726,0.07951896,1.000073,0.097462684,0.06939206,4.0428858e-07,0.0051870346,-0.0048265457,0.015185356,0.07677753,-0.02728206,-0.013390641,0.196875,0.103798285,1.0,,,,,,,,,,,,,,,,,,,,,,,,,,,,,,,,,,,,,,,,,,,,
526.0,-0.019880288170365384,0.05365728586912155,7.300377183128148e-05,0.2401401847600937,0.0,0.15405245,0.07980713,1.000073,0.09724591,0.069160886,2.8595343e-07,0.005046129,-0.004487276,0.015251875,-0.03502555,0.08086959,0.01581245,0.19725,0.10399143,1.0,,,,,,,,,,,,,,,,,,,,,,,,,,,,,,,,,,,,,,,,,,,,
527.0,-0.020026033822492174,0.05352964252233505,7.300377183128148e-05,0.23526233434677124,0.0,0.15445681,0.08009436,1.000073,0.09704298,0.06893572,4.0773682e-07,0.0053641796,-0.0046060085,0.015194654,0.07675943,-0.027297022,-0.013413151,0.197625,0.10418453,1.0,,,,,,,,,,,,,,,,,,,,,,,,,,,,,,,,,,,,,,,,,,,,
528.0,-0.020171430963992317,0.05340263247489929,7.300377183128148e-05,0.2303808182477951,0.0,0.15486029,0.0803806,1.000073,0.09683544,0.06869755,2.8943316e-07,0.005223274,-0.004266739,0.015261173,-0.035038214,0.08084843,0.015833702,0.198,0.10437762,1.0,,,,,,,,,,,,,,,,,,,,,,,,,,,,,,,,,,,,,,,,,,,,
529.0,-0.020317396239154187,0.053276270627975464,7.300377183128148e-05,0.22549563646316528,0.0,0.15526296,0.08066587,1.000073,0.09664174,0.06846539,4.0916788e-07,0.0055413246,-0.0043854713,0.015203953,0.07674132,-0.027311973,-0.013435643,0.198375,0.10457068,1.0,,,,,,,,,,,,,,,,,,,,,,,,,,,,,,,,,,,,,,,,,,,,
530.0,-0.02046301130034408,0.05315055325627327,7.300377183128148e-05,0.22060683369636536,0.0,0.1556648,0.080950126,1.000073,0.09644343,0.068220235,2.9011593e-07,0.0054004192,-0.00404644,0.015270472,-0.03505087,0.08082728,0.015854938,0.19875,0.10476371,1.0,,,,,,,,,,,,,,,,,,,,,,,,,,,,,,,,,,,,,,,,,,,,
531.0,-0.020609191018978165,0.0530255027115345,7.300377183128148e-05,0.2157144993543625,0.0,0.15606588,0.08123338,1.000073,0.096258946,0.067981094,4.079887e-07,0.0057184696,-0.0041651726,0.015213251,0.07672323,-0.027326917,-0.013458119,0.199125,0.10495672,1.0,,,,,,,,,,,,,,,,,,,,,,,,,,,,,,,,,,,,,,,,,,,,
532.0,-0.02075501718562009,0.05290108919143677,7.305145118152723e-05,0.21081866323947906,0.0,0.15646617,0.08151558,1.000073,0.09606985,0.06772896,2.8814785e-07,0.005577326,-0.0038263798,0.01527977,-0.035063513,0.08080613,0.01587616,0.1995,0.105149694,1.0,,,,,,,,,,,,,,,,,,,,,,,,,,,,,,,,,,,,,,,,,,,,
533.0,-0.020901405193922983,0.05277736112475395,7.305145118152723e-05,0.20591939985752106,0.0,0.15686573,0.081796765,1.000073,0.09589458,0.067482844,4.041718e-07,0.005895138,-0.003945112,0.015222549,0.076705135,-0.02734185,-0.013480577,0.199875,0.10534264,1.0,,,,,,,,,,,,,,,,,,,,,,,,,,,,,,,,,,,,,,,,,,,,
534.0,-0.021047435246712123,0.05265427753329277,7.305145118152723e-05,0.20101678371429443,0.0,0.15726455,0.08207686,1.000073,0.09571469,0.067223735,2.8354222e-07,0.0057542324,-0.0036063194,0.015289307,-0.035076145,0.080784984,0.015897363,0.20025,0.105535574,1.0,,,,,,,,,,,,,,,,,,,,,,,,,,,,,,,,,,,,,,,,,,,,
535.0,-0.02119402195886942,0.05253187566995621,7.305145118152723e-05,0.19611091911792755,0.0,0.15766266,0.08235591,1.000073,0.095548615,0.06697066,3.9772092e-07,0.0060720444,-0.0037252903,0.015231848,0.07668705,-0.027356774,-0.013503019,0.200625,0.10572847,1.0,,,,,,,,,,,,,,,,,,,,,,,,,,,,,,,,,,,,,,,,,,,,
536.0,-0.021340664744121753,0.05241008847951889,7.305145118152723e-05,0.19120186567306519,0.0,0.15806007,0.08263384,1.000073,0.09537792,0.06670459,2.7630497e-07,0.0059309006,-0.0033864975,0.015298605,-0.03508877,0.08076385,0.015918551,0.201,0.10592134,1.0,,,,,,,,,,,,,,,,,,,,,,,,,,,,,,,,,,,,,,,,,,,,
537.0,-0.02148725517172789,0.052289027720689774,7.305145118152723e-05,0.18628983199596405,0.0,0.15845683,0.082910694,1.000073,0.095221035,0.06644456,3.8864147e-07,0.0062487125,-0.0035054684,0.015241146,0.07666897,-0.027371686,-0.013525443,0.201375,0.106114194,1.0,,,,,,,,,,,,,,,,,,,,,,,,,,,,,,,,,,,,,,,,,,,,
538.0,-0.021634393557567095,0.0521685853600502,7.305145118152723e-05,0.18137484788894653,0.0,0.1588529,0.08318641,1.000073,0.09505952,0.066171534,2.6644167e-07,0.0061075687,-0.003166914,0.015308142,-0.03510138,0.08074272,0.015939726,0.20175,0.106307015,1.0,,,,,,,,,,,,,,,,,,,,,,,,,,,,,,,,,,,,,,,,,,,,
539.0,-0.021781154625264754,0.052048832178115845,7.305145118152723e-05,0.17645716667175293,0.0,0.15924838,0.08346101,1.000073,0.094911814,0.06590455,3.7693894e-07,0.0064251423,-0.0032858849,0.015250683,0.07665089,-0.02738659,-0.01354785,0.202125,0.106499806,1.0,,,,,,,,,,,,,,,,,,,,,,,,,,,,,,,,,,,,,,,,,,,,
540.0,-0.02192845305349765,0.05192971229553223,7.305145118152723e-05,0.1715368926525116,0.0,0.1596432,0.083734445,1.000073,0.09475947,0.06562459,2.539578e-07,0.0062839985,-0.0029473305,0.01531744,-0.035113987,0.080721594,0.015960881,0.2025,0.106692575,1.0,,,,,,,,,,,,,,,,,,,,,,,,,,,,,,,,,,,,,,,,,,,,
541.0,-0.022075365393595715,0.05181130766868591,7.305145118152723e-05,0.16661423444747925,0.0,0.16003746,0.08400674,1.000073,0.094620936,0.06535067,3.626189e-07,0.006601572,-0.0030663013,0.015259981,0.07663281,-0.027401485,-0.013570241,0.202875,0.106885314,1.0,,,,,,,,,,,,,,,,,,,,,,,,,,,,,,,,,,,,,,,,,,,,
542.0,-0.02222280033471907,0.05169353634119034,7.305145118152723e-05,0.16168947517871857,0.0,0.16043112,0.08427784,1.000073,0.09447775,0.06506376,2.3885886e-07,0.00646019,-0.002727747,0.015326977,-0.035126578,0.08070048,0.015982023,0.20325,0.10707803,1.0,,,,,,,,,,,,,,,,,,,,,,,,,,,,,,,,,,,,,,,,,,,,
543.0,-0.02236983298453415,0.051576435565948486,7.305145118152723e-05,0.15676286816596985,0.0,0.16082424,0.084547766,1.000073,0.09434837,0.0647829,3.4568677e-07,0.0067777634,-0.0028469563,0.015269518,0.076614745,-0.02741637,-0.013592614,0.203625,0.10727072,1.0,,,,,,,,,,,,,,,,,,,,,,,,,,,,,,,,,,,,,,,,,,,,
544.0,-0.02251737297404834,0.05145999789237976,7.305145118152723e-05,0.1518346518278122,0.0,0.1612168,0.08481647,1.000073,0.09421434,0.064489074,2.2115036e-07,0.006636381,-0.0025086403,0.0153365135,-0.035139162,0.080679365,0.016003149,0.204,0.107463375,1.0,,,,,,,,,,,,,,,,,,,,,,,,,,,,,,,,,,,,,,,,,,,,
545.0,-0.022664491118640582,0.051344264298677444,7.305145118152723e-05,0.1469053030014038,0.0,0.16160886,0.08508398,1.000073,0.094094105,0.064201295,3.261481e-07,0.0069539547,-0.0026278496,0.015279055,0.07659668,-0.027431246,-0.01361497,0.204375,0.10765601,1.0,,,,,,,,,,,,,,,,,,,,,,,,,,,,,,,,,,,,,,,,,,,,
546.0,-0.022812093941475906,0.051229190081357956,7.305145118152723e-05,0.14197510480880737,0.0,0.16200039,0.08535023,1.000073,0.09396922,0.063900545,2.0083779e-07,0.0068125725,-0.0022895336,0.015346289,-0.035151735,0.080658264,0.016024258,0.20475,0.107848614,1.0,,,,,,,,,,,,,,,,,,,,,,,,,,,,,,,,,,,,,,,,,,,,
547.0,-0.022959249558500597,0.0511147677898407,7.305145118152723e-05,0.13704459369182587,0.0,0.16239147,0.085615255,1.000073,0.093858115,0.063605845,3.0400832e-07,0.0071299076,-0.002408743,0.015288591,0.07657862,-0.027446112,-0.013637309,0.205125,0.1080412,1.0,,,,,,,,,,,,,,,,,,,,,,,,,,,,,,,,,,,,,,,,,,,,
548.0,-0.023106858674210525,0.05100098252296448,7.305145118152723e-05,0.1321142613887787,0.0,0.16278206,0.085879,1.000073,0.093742356,0.06329819,1.7792662e-07,0.0069885254,-0.002070427,0.015355825,-0.035164297,0.080637164,0.016045352,0.2055,0.10823375,1.0,,,,,,,,,,,,,,,,,,,,,,,,,,,,,,,,,,,,,,,,,,,,
549.0,-0.023253984451812,0.05088791996240616,7.305145118152723e-05,0.12718485295772552,0.0,0.16317223,0.08614148,1.000073,0.09364038,0.06299658,2.7927294e-07,0.007305622,-0.0021898746,0.015298128,0.076560564,-0.027460968,-0.013659632,0.205875,0.10842627,1.0,,,,,,,,,,,,,,,,,,,,,,,,,,,,,,,,,,,,,,,,,,,,
550.0,-0.023401523065257064,0.05077549070119858,7.305145118152723e-05,0.12225698679685593,0.0,0.16356196,0.086402655,1.000073,0.09353375,0.06268202,1.5242233e-07,0.00716424,-0.0018517971,0.015365362,-0.035176847,0.08061607,0.01606643,0.20625,0.10861877,1.0,,,,,,,,,,,,,,,,,,,,,,,,,,,,,,,,,,,,,,,,,,,,
551.0,-0.023548530758088604,0.05066375806927681,7.305145118152723e-05,0.1173316165804863,0.0,0.1639513,0.086662546,1.000073,0.09344088,0.06237351,2.5194743e-07,0.0074813366,-0.0019710064,0.015307903,0.07654251,-0.027475813,-0.013681937,0.206625,0.108811244,1.0,,,,,,,,,,,,,,,,,,,,,,,,,,,,,,,,,,,,,,,,,,,,
552.0,-0.023695830305624263,0.05055266618728638,7.305145118152723e-05,0.11240974068641663,0.0,0.16434023,0.086921096,1.000073,0.093343355,0.062052052,1.2433033e-07,0.0073399544,-0.0016329288,0.015375137,-0.03518939,0.080594994,0.016087491,0.207,0.10900369,1.0,,,,,,,,,,,,,,,,,,,,,,,,,,,,,,,,,,,,,,,,,,,,
553.0,-0.023842669674487848,0.05044227093458176,7.305145118152723e-05,0.10749257355928421,0.0,0.1647288,0.087178335,1.000073,0.093259595,0.06173666,2.2203722e-07,0.0075297356,-0.0017523766,0.01531744,0.04598036,-0.027960306,-0.01375411,0.207375,0.109196104,1.0,,,,,,,,,,,,,,,,,,,,,,,,,,,,,,,,,,,,,,,,,,,,
554.0,-0.10395530925124621,0.05054565146565437,0.00022342204465530813,0.10386545211076736,1.0,0.16511701,0.087434225,1.000073,0.09317109,0.06141351,1.3316235e-07,0.007261038,-0.0014145374,0.015384674,-0.06573894,0.08010956,0.016044628,0.20775,0.1093885,1.0,,,,,,,,,,,,,,,,,,,,,,,,,,,,,,,,,,,,,,,,,,,,
