step,reward,mean_form_error_m,mean_z_error_m,min_dyn_distance_m,collision_flag,x_m,y_m,z_m,vx_mps,vy_mps,vz_mps,roll_rad,pitch_rad,yaw_rad,wx_rps,wy_rps,wz_rps,x_des_m,y_des_m,z_des_m,ic_pos_jitter_d0_x_m,ic_pos_jitter_d0_y_m,ic_pos_jitter_d0_z_m,ic_yaw_jitter_d0_rad,ic_vel_jitter_d0_x_mps,ic_vel_jitter_d0_y_mps,ic_vel_jitter_d0_z_mps,ic_pos_jitter_d1_x_m,ic_pos_jitter_d1_y_m,ic_pos_jitter_d1_z_m,ic_yaw_jitter_d1_rad,ic_vel_jitter_d1_x_mps,ic_vel_jitter_d1_y_mps,ic_vel_jitter_d1_z_mps,ic_pos_jitter_d2_x_m,ic_pos_jitter_d2_y_m,ic_pos_jitter_d2_z_m,ic_yaw_jitter_d2_rad,ic_vel_jitter_d2_x_mps,ic_vel_jitter_d2_y_mps,ic_vel_jitter_d2_z_mps,ic_pos_jitter_d3_x_m,ic_pos_jitter_d3_y_m,ic_pos_jitter_d3_z_m,ic_yaw_jitter_d3_rad,ic_vel_jitter_d3_x_mps,ic_vel_jitter_d3_y_mps,ic_vel_jitter_d3_z_mps,ic_pos_jitter_d4_x_m,ic_pos_jitter_d4_y_m,ic_pos_jitter_d4_z_m,ic_yaw_jitter_d4_rad,ic_vel_jitter_d4_x_mps,ic_vel_jitter_d4_y_mps,ic_vel_jitter_d4_z_mps,ic_obstacle_jitter_x_m,ic_obstacle_jitter_y_m,ic_obstacle_jitter_z_m,ic_dynamic_jitter_x_m,ic_dynamic_jitter_y_m,ic_dynamic_jitter_z_m,episode,max_steps,timestamp_unix
,,,,,,,,,,,,,,,,,,,,,-0.27121490600170733,0.22711283184183179,0.25483588458237777,-0.21668819963529656,-0.16299297553191897,0.03108082389171446,0.13572101465770198,0.1590777708937498,-0.2456325182203002,0.09817564042743898,0.368391886315942,-0.1740744242883135,0.16263534945915542,-0.030638152019148684,0.1423246578660709,-0.1306691575896737,0.13506897625445857,0.3926713492518603,-0.12462256826052931,0.09277910459178307,-0.11728824699601709,-0.18229155553527462,0.23767020423131396,-0.02206092162763773,-0.016983103914352315,-0.043984280876508575,0.04642425450330584,0.021205803622078356,-0.12054357661054124,0.28157574550065984,-0.2911920136583034,-0.03965782138614493,-0.04115089922419743,0.1265023745032114,-0.07843355048065562,-0.16376714311817145,-0.35926428370269703,0.38395158445901534,-0.1905407567528423,0.2650067912667149,0.06708955873222938,86.0,1000.0,1764625071.5352945
0.0,-0.0026293358227720636,0.0006093338597565889,0.0004366636276245117,1.0170296430587769,0.0,0.0,0.0,0.9995637,0.0,0.0,-9.728965e-05,0.0,0.0,0.0,0.0,0.0,0.0,0.0,0.0,1.0,,,,,,,,,,,,,,,,,,,,,,,,,,,,,,,,,,,,,,,,,,,,
1.0,-0.0026322031735432805,0.0009557955199852586,0.00043708086013793945,1.0169947147369385,0.0,0.0,0.0,0.99956334,0.0,0.0,-9.624671e-05,0.0,0.0,0.0,0.0,0.0,0.0,0.000375,0.0002,1.0,,,,,,,,,,,,,,,,,,,,,,,,,,,,,,,,,,,,,,,,,,,,
2.0,-0.002634050762291373,0.001347915269434452,0.0004374980926513672,1.0169423818588257,0.0,0.0,0.0,0.9995629,0.0,0.0,-9.538778e-05,-0.00012803078,0.00023984909,0.0,-0.030714178,0.057589088,0.0,0.00075,0.00039999993,1.0,,,,,,,,,,,,,,,,,,,,,,,,,,,,,,,,,,,,,,,,,,,,
3.0,-0.002636628022997867,0.0017554213991388679,0.00043785572052001953,1.0168730020523071,0.0,4.0868322e-08,2.1796437e-08,0.9995625,9.808397e-06,5.2311448e-06,-9.430319e-05,0.00020241737,2.1457672e-05,0.0,0.07927969,-0.052410748,-1.2316217e-05,0.001125,0.0005999998,1.0,,,,,,,,,,,,,,,,,,,,,,,,,,,,,,,,,,,,,,,,,,,,
4.0,-0.00263924587186948,0.002169569255784154,0.00043827295303344727,1.0167862176895142,0.0,8.540295e-08,9.123668e-09,0.99956214,1.0688312e-05,-3.0414644e-06,-9.326941e-05,7.43866e-05,0.00026154518,1.1920929e-06,-0.03072544,0.05758821,0.00028527447,0.0015,0.00079999946,1.0,,,,,,,,,,,,,,,,,,,,,,,,,,,,,,,,,,,,,,,,,,,,
5.0,-0.0026418874778222296,0.002587266732007265,0.0004386305809020996,1.0166820287704468,0.0,1.7447061e-07,-1.6206641e-08,0.9995617,2.1376238e-05,-6.079274e-06,-9.240899e-05,0.00040459633,4.3153763e-05,-2.4080276e-05,0.07926684,-0.05241106,-0.0060845534,0.001875,0.000999999,1.0,,,,,,,,,,,,,,,,,,,,,,,,,,,,,,,,,,,,,,,,,,,,
6.0,-0.0026445444151819183,0.00300695956684649,0.00043898820877075195,1.016560673713684,0.0,2.7086753e-07,-1.104446e-07,0.99956137,2.3135259e-05,-2.261711e-05,-9.132511e-05,0.00027656555,0.00028300285,7.224083e-05,-0.030735558,0.05757703,0.023127267,0.00225,0.0011999982,1.0,,,,,,,,,,,,,,,,,,,,,,,,,,,,,,,,,,,,,,,,,,,,
7.0,-0.002647213686646501,0.0034279958344995975,0.0004394054412841797,1.0164223909378052,0.0,4.1545724e-07,-2.517613e-07,0.999561,3.470153e-05,-3.3916007e-05,-9.047561e-05,0.0006067753,6.4611435e-05,4.673004e-05,0.07925311,-0.052409466,-0.0061006187,0.002625,0.0013999972,1.0,,,,,,,,,,,,,,,,,,,,,,,,,,,,,,,,,,,,,,,,,,,,
8.0,-0.0026498911358388798,0.0038498989306390285,0.00043976306915283203,1.0162667036056519,0.0,5.710354e-07,-4.9638976e-07,0.9995606,3.7338767e-05,-5.8710833e-05,-8.9575675e-05,0.0004787445,0.00030446053,0.00014328957,-0.030756464,0.057564907,0.023135802,0.003,0.0015999958,1.0,,,,,,,,,,,,,,,,,,,,,,,,,,,,,,,,,,,,,,,,,,,,
9.0,-0.002652577253139134,0.004272454418241978,0.0004401206970214844,1.0160940885543823,0.0,7.7845993e-07,-8.224795e-07,0.99956024,4.9781884e-05,-7.8261524e-05,-8.849817e-05,0.0008087158,8.606911e-05,0.00011777878,0.079239376,-0.052407872,-0.006116672,0.003375,0.0017999939,1.0,,,,,,,,,,,,,,,,,,,,,,,,,,,,,,,,,,,,,,,,,,,,
10.0,-0.0026552698533158043,0.004695461131632328,0.0004404783248901367,1.015904426574707,0.0,1.0005257e-06,-1.2862461e-06,0.9995599,5.329577e-05,-0.00011130397,-8.76543e-05,0.00068068504,0.0003259182,0.00021409988,-0.030777361,0.05755279,0.023144327,0.00375,0.0019999917,1.0,,,,,,,,,,,,,,,,,,,,,,,,,,,,,,,,,,,,,,,,,,,,
11.0,-0.002657969259249876,0.005118853412568569,0.00044083595275878906,1.0156975984573364,0.0,1.2780841e-06,-1.8658163e-06,0.9995595,6.661404e-05,-0.00013909688,-8.674674e-05,0.0010106564,0.00010752678,0.0001885891,0.07922566,-0.052406278,-0.006132712,0.004125,0.0021999888,1.0,,,,,,,,,,,,,,,,,,,,,,,,,,,,,,,,,,,,,,,,,,,,
12.0,-0.0026606741930554575,0.00554253812879324,0.0004411935806274414,1.0154742002487183,0.0,1.57393e-06,-2.6173898e-06,0.99955916,7.100301e-05,-0.00018037762,-8.5865504e-05,0.00088238716,0.00034737587,0.00028514862,-0.030798247,0.057540674,0.02315284,0.0045,0.0023999857,1.0,,,,,,,,,,,,,,,,,,,,,,,,,,,,,,,,,,,,,,,,,,,,
13.0,-0.002663385216327154,0.0059664868749678135,0.00044155120849609375,1.0152335166931152,0.0,1.9289087e-06,-3.5190708e-06,0.9995588,8.51949e-05,-0.00021640345,-8.496587e-05,0.0012123585,0.00012874603,0.00025963783,0.07921194,-0.052404687,-0.0061487397,0.004875,0.0025999816,1.0,,,,,,,,,,,,,,,,,,,,,,,,,,,,,,,,,,,,,,,,,,,,
14.0,-0.0026661014370463827,0.006390648894011974,0.0004419088363647461,1.014976143836975,0.0,2.3058144e-06,-4.627042e-06,0.99955845,9.0457375e-05,-0.00026591308,-8.4085295e-05,0.0010840893,0.00036859512,0.00035619736,-0.030819124,0.05752856,0.023161342,0.00525,0.002799977,1.0,,,,,,,,,,,,,,,,,,,,,,,,,,,,,,,,,,,,,,,,,,,,
15.0,-0.002668823276792683,0.006815020926296711,0.00044220685958862305,1.0147019624710083,0.0,2.7454867e-06,-5.9193853e-06,0.9995581,0.00010552133,-0.00031016243,-8.3184656e-05,0.0014138222,0.0001502037,0.00033044815,0.079198234,-0.052403096,-0.0061647547,0.005625,0.0029999719,1.0,,,,,,,,,,,,,,,,,,,,,,,,,,,,,,,,,,,,,,,,,,,,
16.0,-0.0026715502965002093,0.0072395531460642815,0.0004425644874572754,1.0144109725952148,0.0,3.210719e-06,-7.452267e-06,0.9995578,0.00011165574,-0.00036789154,-8.230684e-05,0.001285553,0.00038981438,0.00042700768,-0.030839989,0.057516444,0.023169836,0.006,0.003199966,1.0,,,,,,,,,,,,,,,,,,,,,,,,,,,,,,,,,,,,,,,,,,,,
17.0,-0.0026742827380665407,0.0076642767526209354,0.00044292211532592773,1.0141035318374634,0.0,3.7423445e-06,-9.203745e-06,0.99955744,0.0001275901,-0.0004203548,-8.158867e-05,0.0016152859,0.00017142296,0.00040125847,0.07918454,-0.052401505,-0.0061807567,0.006375,0.003399959,1.0,,,,,,,,,,,,,,,,,,,,,,,,,,,,,,,,,,,,,,,,,,,,
18.0,-0.002677020509036811,0.008089141920208931,0.0004432201385498047,1.0137794017791748,0.0,4.3031564e-06,-1.122997e-05,0.9995571,0.00013459487,-0.00048629413,-8.0670536e-05,0.0014867783,0.00041103363,0.000497818,-0.030860843,0.05750433,0.023178317,0.00675,0.0035999515,1.0,,,,,,,,,,,,,,,,,,,,,,,,,,,,,,,,,,,,,,,,,,,,
19.0,-0.002679763356897456,0.008514181710779667,0.00044357776641845703,1.0134388208389282,0.0,4.9339824e-06,-1.350898e-05,0.9995568,0.00015139821,-0.0005469624,-7.9777004e-05,0.0018167496,0.00019264221,0.0004720688,0.079170845,-0.052399915,-0.0061967466,0.007125,0.0037999428,1.0,,,,,,,,,,,,,,,,,,,,,,,,,,,,,,,,,,,,,,,,,,,,
20.0,-0.0026825112481659763,0.008939361199736595,0.000443875789642334,1.0130817890167236,0.0,5.5976143e-06,-1.6096907e-05,0.9995564,0.00015927173,-0.00062110205,-7.908653e-05,0.0016880035,0.00043225288,0.0005686283,-0.030881688,0.05749222,0.023186788,0.0075,0.003999933,1.0,,,,,,,,,,,,,,,,,,,,,,,,,,,,,,,,,,,,,,,,,,,,
21.0,-0.0026852642873731393,0.009364696219563484,0.00044423341751098633,1.0127081871032715,0.0,6.3348743e-06,-1.8971763e-05,0.9995561,0.00017694243,-0.00068996585,-7.81387e-05,0.0020177364,0.00021362305,0.0005428791,0.07915716,-0.052398328,-0.006212724,0.007875,0.004199923,1.0,,,,,,,,,,,,,,,,,,,,,,,,,,,,,,,,,,,,,,,,,,,,
22.0,-0.0026880222648731434,0.009790169075131416,0.0004445314407348633,1.0123183727264404,0.0,7.108554e-06,-2.2189666e-05,0.99955577,0.00018568314,-0.00077229686,-7.746349e-05,0.0018892288,0.00045323372,0.00063943863,-0.030902522,0.057480104,0.023195248,0.00825,0.004399911,1.0,,,,,,,,,,,,,,,,,,,,,,,,,,,,,,,,,,,,,,,,,,,,
23.0,-0.0026907860391678705,0.01021583192050457,0.00044482946395874023,1.011912226676941,0.0,7.959469e-06,-2.5728612e-05,0.99955547,0.0002042196,-0.0008493467,-7.651121e-05,0.0022187233,0.00023460388,0.0006136894,0.07914348,-0.05239674,-0.0062286886,0.008625,0.0045998986,1.0,,,,,,,,,,,,,,,,,,,,,,,,,,,,,,,,,,,,,,,,,,,,
24.0,-0.0026920654813970047,0.010641592554748058,0.0004451870918273926,1.0114898681640625,0.0,8.85041e-06,-2.9644694e-05,0.9995552,0.00021382593,-0.00093985966,-7.583957e-05,0.0020902157,0.00047421455,0.00071024895,-0.030923344,0.057467997,0.023203699,0.009,0.0047998847,1.0,,,,,,,,,,,,,,,,,,,,,,,,,,,,,,,,,,,,,,,,,,,,
25.0,-0.0026956396118344855,0.011067522689700127,0.00044548511505126953,1.0110512971878052,0.0,9.822187e-06,-3.3915883e-05,0.9995548,0.00023322648,-0.0010250858,-7.506956e-05,0.0018246174,0.00025558472,0.00068449974,-0.0637028,-0.052496616,-0.0061769052,0.009375,0.00499987,1.0,,,,,,,,,,,,,,,,,,,,,,,,,,,,,,,,,,,,,,,,,,,,
26.0,-0.002696928634869983,0.011493557132780552,0.0004457831382751465,1.010596752166748,0.0,1.0837521e-05,-3.8496906e-05,0.9995545,0.00024367997,-0.0010994453,-7.412204e-05,0.0020172596,0.0004951954,0.00078105927,0.046229668,0.05752559,0.023158185,0.00975,0.0051998533,1.0,,,,,,,,,,,,,,,,,,,,,,,,,,,,,,,,,,,,,,,,,,,,
27.0,-0.0027005116754065996,0.011919720098376274,0.00044608116149902344,1.0101261138916016,0.0,1.1937255e-05,-4.3420492e-05,0.9995542,0.00026393626,-0.0011816609,-7.344349e-05,0.0017516613,0.00027680397,0.00075531006,-0.0637013,-0.05249727,-0.006175541,0.010125,0.0053998358,1.0,,,,,,,,,,,,,,,,,,,,,,,,,,,,,,,,,,,,,,,,,,,,
28.0,-0.0027018098063621445,0.012345957569777966,0.0004463791847229004,1.0096396207809448,0.0,1.3084111e-05,-4.864137e-05,0.9995539,0.00027524531,-0.0012530106,-7.265906e-05,0.0019445419,0.0005161762,0.0008518696,0.046223994,0.057534844,0.023149235,0.0105,0.0055998173,1.0,,,,,,,,,,,,,,,,,,,,,,,,,,,,,,,,,,,,,,,,,,,,
29.0,-0.002705402626481373,0.01277233473956585,0.00044667720794677734,1.0091372728347778,0.0,1.4318937e-05,-5.419227e-05,0.9995536,0.0002963583,-0.0013322163,-7.194185e-05,0.0016789436,0.0002977848,0.00082588196,-0.06369981,-0.05249793,-0.006174172,0.010875,0.005799797,1.0,,,,,,,,,,,,,,,,,,,,,,,,,,,,,,,,,,,,,,,,,,,,
30.0,-0.0027067090853772242,0.013198776170611382,0.0004469752311706543,1.0086190700531006,0.0,1.5604453e-05,-6.0027927e-05,0.9995533,0.0003085238,-0.001400557,-7.11671e-05,0.0018718243,0.0005373955,0.0009224415,0.04621832,0.057544097,0.023140283,0.01125,0.005999775,1.0,,,,,,,,,,,,,,,,,,,,,,,,,,,,,,,,,,,,,,,,,,,,
31.0,-0.002710310495331942,0.013625338673591614,0.00044727325439453125,1.0080852508544922,0.0,1.6981512e-05,-6.618106e-05,0.999553,0.0003304944,-0.0014767534,-7.044725e-05,0.001606226,0.00031876564,0.0008966923,-0.06369832,-0.052498586,-0.0061727986,0.011625,0.0061997515,1.0,,,,,,,,,,,,,,,,,,,,,,,,,,,,,,,,,,,,,,,,,,,,
32.0,-0.0027116264987766046,0.014051966369152069,0.0004475712776184082,1.007535696029663,0.0,1.8412835e-05,-7.2606425e-05,0.9995527,0.00034351725,-0.0015420854,-6.967372e-05,0.0017988682,0.0005583763,0.0009930134,0.04621265,0.057553343,0.02313133,0.012,0.006399727,1.0,,,,,,,,,,,,,,,,,,,,,,,,,,,,,,,,,,,,,,,,,,,,
33.0,-0.0027152365965070215,0.0144786536693573,0.00044780969619750977,1.0069706439971924,0.0,1.9939278e-05,-7.933672e-05,0.9995524,0.0003663463,-0.001615273,-6.895322e-05,0.0015332699,0.0003399849,0.0009672642,-0.063696824,-0.052499246,-0.00617142,0.012375,0.0065997005,1.0,,,,,,,,,,,,,,,,,,,,,,,,,,,,,,,,,,,,,,,,,,,,
34.0,-0.0027165609192335983,0.014905443415045738,0.0004481077194213867,1.00639009475708,0.0,2.152356e-05,-8.632671e-05,0.9995522,0.00038022743,-0.0016775969,-6.818045e-05,0.0017261505,0.00057959557,0.0010635853,0.046206985,0.057562586,0.023122374,0.01275,0.0067996723,1.0,,,,,,,,,,,,,,,,,,,,,,,,,,,,,,,,,,,,,,,,,,,,
35.0,-0.0027201796461711657,0.01533227413892746,0.00044840574264526367,1.0057940483093262,0.0,2.3206541e-05,-9.360911e-05,0.9995519,0.00040391574,-0.0017477756,-6.7643356e-05,0.0014605522,0.00036120415,0.0010378361,-0.063695334,-0.052499905,-0.0061700377,0.013125,0.0069996426,1.0,,,,,,,,,,,,,,,,,,,,,,,,,,,,,,,,,,,,,,,,,,,,
36.0,-0.0027215126362454658,0.015759188681840897,0.00044864416122436523,1.0051828622817993,0.0,2.4950941e-05,-0.00010113866,0.9995516,0.000418656,-0.0018070922,-6.682813e-05,0.0016531944,0.0006008148,0.0011341572,0.04620132,0.057571825,0.023113417,0.0135,0.007199611,1.0,,,,,,,,,,,,,,,,,,,,,,,,,,,,,,,,,,,,,,,,,,,,
37.0,-0.0027251400967594286,0.01618613675236702,0.0004489421844482422,1.0045562982559204,0.0,2.6797627e-05,-0.000108948094,0.99955136,0.00044320466,-0.0018742632,-6.6116685e-05,0.0013875961,0.0003824234,0.001108408,-0.06369385,-0.05250056,-0.00616865,0.013875,0.007399578,1.0,,,,,,,,,,,,,,,,,,,,,,,,,,,,,,,,,,,,,,,,,,,,
38.0,-0.0027264810801047226,0.016613151878118515,0.00044918060302734375,1.003914475440979,0.0,2.8709313e-05,-0.000116992145,0.99955106,0.00045880486,-0.0019305723,-6.5526954e-05,0.0015802383,0.0006220341,0.0012047291,0.046195656,0.057581056,0.023104459,0.01425,0.007599543,1.0,,,,,,,,,,,,,,,,,,,,,,,,,,,,,,,,,,,,,,,,,,,,
39.0,-0.0027301175549626407,0.017040207982063293,0.0004494786262512207,1.0032577514648438,0.0,3.0726875e-05,-0.00012530354,0.9995508,0.0004842147,-0.0019947358,-6.476219e-05,0.00131464,0.00040364265,0.0011789799,-0.06369236,-0.05250122,-0.006167258,0.014625,0.0077995057,1.0,,,,,,,,,,,,,,,,,,,,,,,,,,,,,,,,,,,,,,,,,,,,
40.0,-0.002731466548523176,0.017467310652136803,0.00044971704483032227,1.002585768699646,0.0,3.2813023e-05,-0.00013383703,0.9995505,0.0005006758,-0.0020480384,-6.418558e-05,0.0015075207,0.0006432533,0.001275301,0.046189994,0.057590287,0.023095498,0.015,0.007999467,1.0,,,,,,,,,,,,,,,,,,,,,,,,,,,,,,,,,,,,,,,,,,,,
41.0,-0.0027351112505246584,0.017894424498081207,0.0004500150680541992,1.001899003982544,0.0,3.500864e-05,-0.00014262534,0.9995503,0.00052694767,-0.0021091949,-6.3417385e-05,0.001241684,0.0004248619,0.0012493134,-0.06369088,-0.05250188,-0.0061658616,0.015375,0.008199425,1.0,,,,,,,,,,,,,,,,,,,,,,,,,,,,,,,,,,,,,,,,,,,,
42.0,-0.0027364693972340517,0.018321601673960686,0.0004502534866333008,1.001197338104248,0.0,3.7276433e-05,-0.00015162323,0.99955,0.00054427056,-0.0021594914,-6.284218e-05,0.0014345646,0.000664711,0.0013456345,0.046184335,0.05759951,0.023086537,0.01575,0.008399382,1.0,,,,,,,,,,,,,,,,,,,,,,,,,,,,,,,,,,,,,,,,,,,,
43.0,-0.002740121276659217,0.018748780712485313,0.00045049190521240234,1.0004810094833374,0.0,3.965729e-05,-0.0001608634,0.99954975,0.00057140534,-0.0022176413,-6.207328e-05,0.0011689663,0.00044631958,0.0013198853,-0.063689396,-0.052502535,-0.00616446,0.016125,0.008599337,1.0,,,,,,,,,,,,,,,,,,,,,,,,,,,,,,,,,,,,,,,,,,,,
44.0,-0.0027414878912677956,0.019176002591848373,0.0004507899284362793,0.9997497200965881,0.0,4.211392e-05,-0.00017030061,0.9995495,0.0005895909,-0.0022649323,-6.1498846e-05,0.0013616085,0.00068616867,0.0014162064,0.04617868,0.05760873,0.023077572,0.0165,0.00879929,1.0,,,,,,,,,,,,,,,,,,,,,,,,,,,,,,,,,,,,,,,,,,,,
45.0,-0.0027451478472794943,0.01960323005914688,0.00045102834701538086,0.9990040063858032,0.0,4.4687207e-05,-0.0001799676,0.9995492,0.00061758934,-0.0023200759,-6.0913368e-05,0.0010960102,0.00046777725,0.0013902187,-0.06368791,-0.052503195,-0.006163054,0.016875,0.008999241,1.0,,,,,,,,,,,,,,,,,,,,,,,,,,,,,,,,,,,,,,,,,,,,
46.0,-0.002746521526144409,0.02003043331205845,0.0004512667655944824,0.9982436895370483,0.0,4.733987e-05,-0.00018981911,0.999549,0.00063663867,-0.0023643617,-6.0112503e-05,0.0012886524,0.0007073879,0.0014865398,0.046173025,0.057617947,0.023068605,0.01725,0.009199189,1.0,,,,,,,,,,,,,,,,,,,,,,,,,,,,,,,,,,,,,,,,,,,,
47.0,-0.0027501901900541964,0.020457692444324493,0.000451505184173584,0.9974687695503235,0.0,5.011279e-05,-0.00019988786,0.99954873,0.0006655017,-0.0024164997,-5.957982e-05,0.0010230541,0.0004889965,0.0014607906,-0.06368643,-0.052503854,-0.0061616437,0.017625,0.009399135,1.0,,,,,,,,,,,,,,,,,,,,,,,,,,,,,,,,,,,,,,,,,,,,
48.0,-0.002751571721298475,0.020884912461042404,0.00045174360275268555,0.9966794848442078,0.0,5.2968688e-05,-0.00021012861,0.9995485,0.00068541535,-0.0024577808,-5.895113e-05,0.0012156963,0.0007288456,0.0015568733,0.04616737,0.05762716,0.023059638,0.018,0.009599078,1.0,,,,,,,,,,,,,,,,,,,,,,,,,,,,,,,,,,,,,,,,,,,,
49.0,-0.0027552479519480856,0.021312182769179344,0.0004519820213317871,0.995875895023346,0.0,5.5948454e-05,-0.00022057409,0.99954826,0.000715144,-0.0025069136,-5.837766e-05,0.00095009804,0.0005104542,0.0015311241,-0.06368495,-0.052504513,-0.0061602285,0.018375,0.009799019,1.0,,,,,,,,,,,,,,,,,,,,,,,,,,,,,,,,,,,,,,,,,,,,
50.0,-0.0027566375301570248,0.021739372983574867,0.00045222043991088867,0.995058000087738,0.0,5.90148e-05,-0.00023117904,0.999548,0.00073592295,-0.0025451905,-5.775914e-05,0.0011427402,0.00075030327,0.0016272068,0.04616172,0.05763637,0.02305067,0.01875,0.009998959,1.0,,,,,,,,,,,,,,,,,,,,,,,,,,,,,,,,,,,,,,,,,,,,
51.0,-0.002760321660706729,0.02216661348938942,0.00045245885848999023,0.9942259788513184,0.0,6.220863e-05,-0.0002419762,0.9995478,0.00076651806,-0.002591319,-5.7182922e-05,0.00087714195,0.00053215027,0.0016014576,-0.06368347,-0.052505173,-0.0061588087,0.019125,0.010198895,1.0,,,,,,,,,,,,,,,,,,,,,,,,,,,,,,,,,,,,,,,,,,,,
52.0,-0.0027617184601435164,0.02259380742907524,0.0004526972770690918,0.9933798909187317,0.0,6.549264e-05,-0.00025292035,0.99954754,0.0007881632,-0.002626592,-5.6565652e-05,0.0010697842,0.00077199936,0.0016975403,0.04615607,0.05764557,0.023041697,0.0195,0.010398828,1.0,,,,,,,,,,,,,,,,,,,,,,,,,,,,,,,,,,,,,,,,,,,,
53.0,-0.0027654100497605323,0.02302098646759987,0.00045293569564819336,0.9925196766853333,0.0,6.890775e-05,-0.00026404415,0.9995473,0.0008196256,-0.0026697163,-5.598877e-05,0.00080394745,0.00055360794,0.0016717911,-0.063682,-0.052505832,-0.0061573843,0.019875,0.010598759,1.0,,,,,,,,,,,,,,,,,,,,,,,,,,,,,,,,,,,,,,,,,,,,
54.0,-0.002766814400995245,0.023448117077350616,0.0004531741142272949,0.9916455745697021,0.0,7.241665e-05,-0.00027530245,0.99954706,0.0008421379,-0.002701986,-5.537226e-05,0.0009968281,0.00079345703,0.0017678738,0.046150424,0.05765477,0.023032725,0.02025,0.010798688,1.0,,,,,,,,,,,,,,,,,,,,,,,,,,,,,,,,,,,,,,,,,,,,
55.0,-0.0027705137914284025,0.023875262588262558,0.0004534125328063965,0.9907575845718384,0.0,7.606027e-05,-0.00028672788,0.9995468,0.00087446853,-0.0027421068,-5.479484e-05,0.00073099136,0.0005750656,0.0017418861,-0.06368052,-0.05250649,-0.006155955,0.020625,0.010998613,1.0,,,,,,,,,,,,,,,,,,,,,,,,,,,,,,,,,,,,,,,,,,,,
56.0,-0.002771925499092856,0.024302318692207336,0.00045359134674072266,0.9898557662963867,0.0,7.980131e-05,-0.00029827526,0.9995466,0.0008978488,-0.0027713738,-5.4179054e-05,0.0009236336,0.0008151531,0.0018379688,0.04614478,0.057663966,0.02302375,0.021,0.0111985365,1.0,,,,,,,,,,,,,,,,,,,,,,,,,,,,,,,,,,,,,,,,,,,,
57.0,-0.0027756314682605555,0.02472933754324913,0.0004538297653198242,0.9889400601387024,0.0,8.368068e-05,-0.0003099773,0.9995464,0.0009310484,-0.0028084912,-5.3601103e-05,0.0006580353,0.0005967617,0.0018122196,-0.06367905,-0.05250715,-0.0061545214,0.021375,0.011398457,1.0,,,,,,,,,,,,,,,,,,,,,,,,,,,,,,,,,,,,,,,,,,,,
58.0,-0.0027770512425290108,0.025156334042549133,0.0004540681838989258,0.9880108833312988,0.0,8.766109e-05,-0.0003217888,0.9995462,0.00095529744,-0.0028347562,-5.3170006e-05,0.0008506775,0.0008368492,0.0019083023,0.04613914,0.057673156,0.023014773,0.02175,0.011598374,1.0,,,,,,,,,,,,,,,,,,,,,,,,,,,,,,,,,,,,,,,,,,,,
59.0,-0.002780764198810461,0.025583261623978615,0.00045424699783325195,0.9870679974555969,0.0,9.178345e-05,-0.00033374244,0.99954593,0.0009893671,-0.002868871,-5.2548326e-05,0.0005848408,0.0006184578,0.0018823147,-0.06367757,-0.05250781,-0.0061530834,0.022125,0.011798289,1.0,,,,,,,,,,,,,,,,,,,,,,,,,,,,,,,,,,,,,,,,,,,,
60.0,-0.002782190575271243,0.02601015940308571,0.0004544854164123535,0.986111581325531,0.0,9.601047e-05,-0.000345793,0.99954575,0.001014486,-0.002892134,-5.1944135e-05,0.0007777214,0.0008585453,0.0019783974,0.0461335,0.05768234,0.023005795,0.0225,0.0119982,1.0,,,,,,,,,,,,,,,,,,,,,,,,,,,,,,,,,,,,,,,,,,,,
61.0,-0.0027859111696784357,0.026436973363161087,0.0004547238349914551,0.9851418137550354,0.0,0.000100383084,-0.0003579732,0.9995455,0.0010494263,-0.0029232465,-5.15467e-05,0.0005118847,0.0006401539,0.0019526482,-0.063676104,-0.05250847,-0.0061516403,0.022875,0.012198108,1.0,,,,,,,,,,,,,,,,,,,,,,,,,,,,,,,,,,,,,,,,,,,,
62.0,-0.0027875762109717075,0.026863714680075645,0.00045490264892578125,0.9841585755348206,0.0,0.00010486398,-0.0003702378,0.9995453,0.0010754158,-0.0029435083,-5.089046e-05,0.0007045269,0.0008802414,0.0020484924,0.046127863,0.057691522,0.022996815,0.02325,0.012398014,1.0,,,,,,,,,,,,,,,,,,,,,,,,,,,,,,,,,,,,,,,,,,,,
63.0,-0.0027915356822094495,0.027290374040603638,0.0004551410675048828,0.983161985874176,0.0,0.000109494096,-0.00038261953,0.9995451,0.0011112279,-0.0029716191,-5.032092e-05,0.0004389286,0.0007531643,0.0020227432,-0.0637195,-0.030599857,-0.006134756,0.023625,0.012597917,1.0,,,,,,,,,,,,,,,,,,,,,,,,,,,,,,,,,,,,,,,,,,,,
64.0,-0.002793207011158328,0.02771694026887417,0.000455319881439209,0.9821520447731018,0.0,0.000114251685,-0.00039507318,0.99954486,0.0011418202,-0.0029888726,-4.9892285e-05,0.0006315708,0.0010845661,0.002118826,0.046080362,0.07960497,0.022993209,0.024,0.012797816,1.0,,,,,,,,,,,,,,,,,,,,,,,,,,,,,,,,,,,,,,,,,,,,
65.0,-0.00279717307515306,0.028143391013145447,0.00045549869537353516,0.981128990650177,0.0,0.00011919321,-0.00040763136,0.9995447,0.0011859663,-0.003013967,-4.927372e-05,0.0003657341,0.000957489,0.0020930767,-0.06372235,-0.030610755,-0.0061233644,0.024375,0.012997712,1.0,,,,,,,,,,,,,,,,,,,,,,,,,,,,,,,,,,,,,,,,,,,,
66.0,-0.002798851874036628,0.028569716960191727,0.0004557371139526367,0.9800926446914673,0.0,0.00012429692,-0.0004202489,0.9995445,0.001224889,-0.0030282042,-4.8856335e-05,0.0005583763,0.0012888908,0.002188921,0.046075717,0.079603925,0.022974083,0.02475,0.013197605,1.0,,,,,,,,,,,,,,,,,,,,,,,,,,,,,,,,,,,,,,,,,,,,
67.0,-0.0028028233292424127,0.02899583801627159,0.0004559159278869629,0.979043185710907,0.0,0.00012961926,-0.0004329584,0.99954426,0.0012773629,-0.0030502814,-4.8421276e-05,0.0002925396,0.0011618137,0.0021631718,-0.063725196,-0.030621646,-0.006111971,0.025125,0.013397493,1.0,,,,,,,,,,,,,,,,,,,,,,,,,,,,,,,,,,,,,,,,,,,,
68.0,-0.002804507679611656,0.02942180074751377,0.00045609474182128906,0.9779806137084961,0.0,0.00013513847,-0.00044571466,0.9995441,0.0013246106,-0.0030615022,-4.7776575e-05,0.00048542023,0.0014929771,0.002259016,0.046071067,0.07960288,0.022954963,0.0255,0.013597379,1.0,,,,,,,,,,,,,,,,,,,,,,,,,,,,,,,,,,,,,,,,,,,,
69.0,-0.0028084857179120786,0.02984757162630558,0.0004563331604003906,0.9769050478935242,0.0,0.000140911,-0.00045855035,0.9995439,0.0013854068,-0.0030805618,-4.7397076e-05,0.00021958351,0.0013659,0.0022332668,-0.063728034,-0.030632535,-0.006100575,0.025875,0.013797263,1.0,,,,,,,,,,,,,,,,,,,,,,,,,,,,,,,,,,,,,,,,,,,,
70.0,-0.0028101755368563058,0.030273109674453735,0.0004565119743347168,0.9758163690567017,0.0,0.00014691504,-0.00047142018,0.99954367,0.0014409731,-0.0030887648,-4.692303e-05,0.00041222572,0.0016973019,0.002329111,0.04606642,0.07960185,0.022935845,0.02625,0.013997142,1.0,,,,,,,,,,,,,,,,,,,,,,,,,,,,,,,,,,,,,,,,,,,,
71.0,-0.0028141594014350225,0.030698467046022415,0.00045669078826904297,0.9747146964073181,0.0,0.00015320707,-0.0004843569,0.9995435,0.0015100866,-0.0031048064,-4.632169e-05,0.00014638901,0.0015702248,0.002303362,-0.063730866,-0.030643417,-0.006089177,0.026625,0.014197018,1.0,,,,,,,,,,,,,,,,,,,,,,,,,,,,,,,,,,,,,,,,,,,,
72.0,-0.0028158543632997098,0.03112352453172207,0.00045686960220336914,0.9736002087593079,0.0,0.00015976527,-0.0004973152,0.9995433,0.0015739659,-0.0031099916,-4.589945e-05,0.00033903122,0.0019013882,0.0023992062,0.046061773,0.0796008,0.022916732,0.027,0.01439689,1.0,,,,,,,,,,,,,,,,,,,,,,,,,,,,,,,,,,,,,,,,,,,,
73.0,-0.0028198431452093296,0.03154834359884262,0.00045708418474532664,0.9724727272987366,0.0,0.00016664606,-0.00051032775,0.99954313,0.0016513901,-0.003123014,-4.5472105e-05,7.3194504e-05,0.0017743111,0.0023732185,-0.06373369,-0.030654294,-0.006077777,0.027375,0.014596758,1.0,,,,,,,,,,,,,,,,,,,,,,,,,,,,,,,,,,,,,,,,,,,,
74.0,-0.002821684685227526,0.03197284787893295,0.0004572868347167969,0.9713324308395386,0.0,0.00017382763,-0.0005233493,0.9995429,0.0017235769,-0.003125181,-4.500875e-05,0.00026583672,0.0021054745,0.0024690628,0.046057124,0.07959976,0.022897622,0.02775,0.014796623,1.0,,,,,,,,,,,,,,,,,,,,,,,,,,,,,,,,,,,,,,,,,,,,
75.0,-0.0028255374506067853,0.0323970727622509,0.00045746564865112305,0.9701793789863586,0.0,0.00018136641,-0.0005364126,0.9995427,0.0018093068,-0.0031351838,-4.4409273e-05,0.0,0.0019783974,0.0024433136,-0.06373651,-0.030665167,-0.0060663745,0.028125,0.014996485,1.0,,,,,,,,,,,,,,,,,,,,,,,,,,,,,,,,,,,,,,,,,,,,
76.0,-0.0028277544268247657,0.0328209325671196,0.0004576444625854492,0.969013512134552,0.0,0.00018924056,-0.0005494723,0.99954253,0.0018897953,-0.0031343317,-4.3986063e-05,0.00019264221,0.0023095608,0.0025389194,0.04605248,0.079598725,0.022878516,0.0285,0.015196342,1.0,,,,,,,,,,,,,,,,,,,,,,,,,,,,,,,,,,,,,,,,,,,,
77.0,-0.0028312403209122955,0.03324449062347412,0.0004578232765197754,0.9678348898887634,0.0,0.0001975065,-0.0005625611,0.99954236,0.0019838242,-0.0031413145,-4.3563316e-05,-7.3194504e-05,0.0021824837,0.0025131702,-0.06373934,-0.030676035,-0.0060549704,0.028875,0.015396195,1.0,,,,,,,,,,,,,,,,,,,,,,,,,,,,,,,,,,,,,,,,,,,,
78.0,-0.002833832831049435,0.03366765379905701,0.00045800209045410156,0.9666435122489929,0.0,0.00020614236,-0.0005756338,0.9995422,0.002072609,-0.0031374425,-4.3098345e-05,0.00011944771,0.002513647,0.002608776,0.046047833,0.07959768,0.022859415,0.02925,0.015596046,1.0,,,,,,,,,,,,,,,,,,,,,,,,,,,,,,,,,,,,,,,,,,,,
79.0,-0.0028370139536193512,0.03409046307206154,0.00045818090438842773,0.96543949842453,0.0,0.00021520458,-0.000588723,0.999542,0.0021749318,-0.0031414048,-4.268758e-05,-0.00014638901,0.0023863316,0.002583027,-0.063742146,-0.030686898,-0.0060435636,0.029625,0.015795892,1.0,,,,,,,,,,,,,,,,,,,,,,,,,,,,,,,,,,,,,,,,,,,,
80.0,-0.00283992030050033,0.034512873739004135,0.0004583597183227539,0.9642228484153748,0.0,0.00022467127,-0.00060178345,0.9995418,0.0022720068,-0.0031345126,-4.2219537e-05,4.6253204e-05,0.002717495,0.0026786327,0.046043184,0.07959664,0.022840315,0.03,0.015995733,1.0,,,,,,,,,,,,,,,,,,,,,,,,,,,,,,,,,,,,,,,,,,,,
81.0,-0.002842965008527757,0.034934837371110916,0.0004584789276123047,0.9629936814308167,0.0,0.00023459885,-0.0006148478,0.99954164,0.0023826177,-0.0031354537,-4.1811676e-05,-0.00021958351,0.0025904179,0.0026528835,-0.063744955,-0.030697757,-0.006032155,0.030375,0.016195571,1.0,,,,,,,,,,,,,,,,,,,,,,,,,,,,,,,,,,,,,,,,,,,,
82.0,-0.0028460138081813037,0.03535640612244606,0.00045865774154663086,0.9617517590522766,0.0,0.00024496543,-0.0006278709,0.9995415,0.0024879773,-0.0031255404,-4.134268e-05,-2.69413e-05,0.0029215813,0.0027484894,0.04603854,0.079595596,0.022821222,0.03075,0.016395405,1.0,,,,,,,,,,,,,,,,,,,,,,,,,,,,,,,,,,,,,,,,,,,,
83.0,-0.0028490621117074726,0.035777486860752106,0.00045883655548095703,0.9604973196983337,0.0,0.00025582738,-0.0006408853,0.99954134,0.0026068701,-0.0031234596,-4.1121188e-05,-0.00029277802,0.0027942657,0.0027227402,-0.06374776,-0.030708611,-0.006020744,0.031125,0.016595235,1.0,,,,,,,,,,,,,,,,,,,,,,,,,,,,,,,,,,,,,,,,,,,,
84.0,-0.0028521141854492044,0.03619811683893204,0.0004590153694152832,0.959230363368988,0.0,0.00026716283,-0.00065384584,0.99954116,0.0027205087,-0.003110525,-4.060817e-05,-0.0001001358,0.0031254292,0.0028181076,0.046033893,0.07959456,0.022802131,0.0315,0.016795062,1.0,,,,,,,,,,,,,,,,,,,,,,,,,,,,,,,,,,,,,,,,,,,,
85.0,-0.0028551659861266528,0.03661822900176048,0.0004591941833496094,0.9579509496688843,0.0,0.00027902817,-0.0006667851,0.999541,0.0028476787,-0.0031054216,-4.021523e-05,-0.00036621094,0.0029981136,0.0027923584,-0.06375056,-0.030719459,-0.006009331,0.031875,0.016994882,1.0,,,,,,,,,,,,,,,,,,,,,,,,,,,,,,,,,,,,,,,,,,,,
86.0,-0.0028582207783290105,0.037037864327430725,0.00045937299728393555,0.9566589593887329,0.0,0.00029140146,-0.0006796579,0.9995408,0.0029695905,-0.0030894647,-3.97422e-05,-0.0001733303,0.003329277,0.0028879642,0.046029244,0.07959352,0.022783045,0.03225,0.0171947,1.0,,,,,,,,,,,,,,,,,,,,,,,,,,,,,,,,,,,,,,,,,,,,
87.0,-0.0028612749723892572,0.037456970661878586,0.00045949220657348633,0.9553545117378235,0.0,0.00030433908,-0.0006924968,0.9995406,0.0031050316,-0.0030813385,-3.934205e-05,-0.00043940544,0.0032019615,0.0028619766,-0.06375335,-0.030730303,-0.0059979158,0.032625,0.017394513,1.0,,,,,,,,,,,,,,,,,,,,,,,,,,,,,,,,,,,,,,,,,,,,
88.0,-0.0028643318383095614,0.03787551820278168,0.0004596710205078125,0.954037606716156,0.0,0.00031781913,-0.00070525665,0.9995405,0.003235211,-0.003062359,-3.8870443e-05,-0.00024676323,0.003533125,0.0029575825,0.0460246,0.079592474,0.022763962,0.033,0.01759432,1.0,,,,,,,,,,,,,,,,,,,,,,,,,,,,,,,,,,,,,,,,,,,,
89.0,-0.0028673874427884234,0.03829350695014,0.00045984983444213867,0.95270836353302,0.0,0.00033189796,-0.00071797,0.9995403,0.0033789165,-0.0030512093,-3.8656104e-05,-0.00051259995,0.0034058094,0.0029315948,-0.063756146,-0.030741142,-0.0059864987,0.033375,0.017794127,1.0,,,,,,,,,,,,,,,,,,,,,,,,,,,,,,,,,,,,,,,,,,,,
90.0,-0.0028704464609950087,0.03871091827750206,0.00045996904373168945,0.951366662979126,0.0,0.0003465536,-0.0007305917,0.99954015,0.0035173576,-0.0030292063,-3.8140603e-05,-0.00031995773,0.0037367344,0.0030272007,0.046019953,0.07959143,0.022744883,0.03375,0.017993925,1.0,,,,,,,,,,,,,,,,,,,,,,,,,,,,,,,,,,,,,,,,,,,,
91.0,-0.0028735045558769684,0.03912772610783577,0.0004601478576660156,0.9500126242637634,0.0,0.00036184245,-0.0007431543,0.99954003,0.0036693234,-0.0030150323,-3.7754788e-05,-0.00058603287,0.0036094189,0.003001213,-0.063758925,-0.030751977,-0.0059750793,0.034125,0.018193722,1.0,,,,,,,,,,,,,,,,,,,,,,,,,,,,,,,,,,,,,,,,,,,,
92.0,-0.002876564944769724,0.03954390436410904,0.0004602670669555664,0.9486463069915771,0.0,0.00037774254,-0.0007556127,0.99953985,0.00381602,-0.0029900058,-3.746324e-05,-0.00039315224,0.0039405823,0.0030965805,0.046015307,0.07959039,0.022725808,0.0345,0.018393511,1.0,,,,,,,,,,,,,,,,,,,,,,,,,,,,,,,,,,,,,,,,,,,,
93.0,-0.0028796235011570243,0.03995947539806366,0.0004604458808898926,0.9472675323486328,0.0,0.0003943102,-0.0007679994,0.99953973,0.00397624,-0.0029728068,-3.702702e-05,-0.0006592274,0.0038130283,0.0030708313,-0.0637617,-0.030762807,-0.0059636575,0.034875,0.018593298,1.0,,,,,,,,,,,,,,,,,,,,,,,,,,,,,,,,,,,,,,,,,,,,
94.0,-0.0028826851147858725,0.040374331176280975,0.00046062469482421875,0.9458763599395752,0.0,0.00041152348,-0.0007802692,0.99953955,0.0041311863,-0.0029447558,-3.6747042e-05,-0.00046658516,0.0041441917,0.0031661987,0.046010662,0.079589345,0.022706736,0.03525,0.01879308,1.0,,,,,,,,,,,,,,,,,,,,,,,,,,,,,,,,,,,,,,,,,,,,
95.0,-0.0028857449452809815,0.040788594633340836,0.00046074390411376953,0.9444730877876282,0.0,0.00042943872,-0.00079245475,0.9995394,0.0042996546,-0.0029245317,-3.631028e-05,-0.0007326603,0.004016638,0.003140211,-0.06376448,-0.03077363,-0.005952234,0.035625,0.018992856,1.0,,,,,,,,,,,,,,,,,,,,,,,,,,,,,,,,,,,,,,,,,,,,
96.0,-0.0028888071172496104,0.041202109307050705,0.0004609227180480957,0.9430573582649231,0.0,0.0004480339,-0.0008045108,0.99953926,0.0044628466,-0.0028934556,-3.5846202e-05,-0.0005400181,0.004347801,0.0032355785,0.046006016,0.0795883,0.022687668,0.036,0.019192629,1.0,,,,,,,,,,,,,,,,,,,,,,,,,,,,,,,,,,,,,,,,,,,,
97.0,-0.0028918665834348086,0.041614945977926254,0.0004610419273376465,0.9416292905807495,0.0,0.00046736537,-0.00081647,0.9995391,0.004639556,-0.0028702053,-3.5638797e-05,-0.0008060932,0.0042202473,0.0032098293,-0.06376725,-0.03078445,-0.0059408084,0.036375,0.019392395,1.0,,,,,,,,,,,,,,,,,,,,,,,,,,,,,,,,,,,,,,,,,,,,
98.0,-0.002894928475948759,0.04202701523900032,0.00046116113662719727,0.9401889443397522,0.0,0.00048741116,-0.0008282871,0.99953896,0.004810987,-0.0028361036,-3.5120607e-05,-0.0006132126,0.0045514107,0.0033049583,0.04600137,0.07958726,0.022668604,0.03675,0.019592158,1.0,,,,,,,,,,,,,,,,,,,,,,,,,,,,,,,,,,,,,,,,,,,,
99.0,-0.002897988391590516,0.042438384145498276,0.00046133995056152344,0.9387363195419312,0.0,0.00050822756,-0.0008399947,0.99953884,0.0049959333,-0.002809827,-3.4928078e-05,-0.0008792877,0.0044238567,0.0032792091,-0.06377001,-0.030795265,-0.0059293807,0.037125,0.019791916,1.0,,,,,,,,,,,,,,,,,,,,,,,,,,,,,,,,,,,,,,,,,,,,
100.0,-0.002901050119377195,0.04284896329045296,0.0004614591598510742,0.9372714757919312,0.0,0.0005297925,-0.00085154764,0.99953866,0.0051755966,-0.002772699,-3.459009e-05,-0.0006866455,0.0047547817,0.0033743382,0.045996726,0.079586215,0.022649543,0.0375,0.019991668,1.0,,,,,,,,,,,,,,,,,,,,,,,,,,,,,,,,,,,,,,,,,,,,
101.0,-0.0029041092255259865,0.043258778750896454,0.0004616379737854004,0.9357942938804626,0.0,0.0005521624,-0.00086297846,0.99953854,0.0053687748,-0.0027433953,-3.417347e-05,-0.00095272064,0.004627466,0.003348589,-0.063772775,-0.030806076,-0.0059179505,0.037875,0.020191416,1.0,,,,,,,,,,,,,,,,,,,,,,,,,,,,,,,,,,,,,,,,,,,,
102.0,-0.002907169485385467,0.043667759746313095,0.00046175718307495117,0.9343047738075256,0.0,0.0005753152,-0.00087424193,0.99953836,0.0055566654,-0.0027032406,-3.3887824e-05,-0.00076007843,0.004958391,0.003443718,0.04599208,0.07958517,0.022630487,0.03825,0.020391157,1.0,,,,,,,,,,,,,,,,,,,,,,,,,,,,,,,,,,,,,,,,,,,,
103.0,-0.002910227219091195,0.04407592862844467,0.00046187639236450195,0.9328029751777649,0.0,0.0005993072,-0.0008853707,0.99953824,0.005758069,-0.002670909,-3.3461085e-05,-0.0010261536,0.0048308372,0.0034177303,-0.063775524,-0.030816881,-0.0059065185,0.038625,0.020590896,1.0,,,,,,,,,,,,,,,,,,,,,,,,,,,,,,,,,,,,,,,,,,,,
104.0,-0.002913286816920604,0.044483285397291183,0.0004620552062988281,0.9312888979911804,0.0,0.0006241162,-0.0008963196,0.9995381,0.0059541813,-0.0026277273,-3.317755e-05,-0.00083351135,0.0051617622,0.0035128593,0.045987435,0.07958413,0.022611434,0.039,0.020790627,1.0,,,,,,,,,,,,,,,,,,,,,,,,,,,,,,,,,,,,,,,,,,,,
105.0,-0.002916342637492424,0.04488976299762726,0.0004621744155883789,0.9297624826431274,0.0,0.0006497988,-0.0009071211,0.99953794,0.0061638034,-0.0025923674,-3.2936445e-05,-0.0010995865,0.0050342083,0.0034871101,-0.06377828,-0.030827682,-0.0058950842,0.039375,0.020990355,1.0,,,,,,,,,,,,,,,,,,,,,,,,,,,,,,,,,,,,,,,,,,,,
106.0,-0.002919399807388369,0.04529538005590439,0.0004622936248779297,0.9282239079475403,0.0,0.0006763326,-0.0009177301,0.9995378,0.006368133,-0.0025461575,-3.2425105e-05,-0.0009069443,0.0053651333,0.0035822392,0.04598279,0.079583086,0.022592386,0.03975,0.021190077,1.0,,,,,,,,,,,,,,,,,,,,,,,,,,,,,,,,,,,,,,,,,,,,
107.0,-0.0029224531786757606,0.04570011794567108,0.00046241283416748047,0.9266729950904846,0.0,0.00070377416,-0.0009281791,0.9995377,0.006585968,-0.002507769,-3.2239648e-05,-0.0011730194,0.0052375793,0.0035562515,-0.06378102,-0.030838476,-0.0058836476,0.040125,0.021389794,1.0,,,,,,,,,,,,,,,,,,,,,,,,,,,,,,,,,,,,,,,,,,,,
108.0,-0.002925508514844973,0.046103931963443756,0.00046259164810180664,0.9251098036766052,0.0,0.00073210127,-0.00093842304,0.9995376,0.006798507,-0.0024585307,-3.189894e-05,-0.0009803772,0.0055685043,0.0036513805,0.045978144,0.07958204,0.02257334,0.0405,0.021589505,1.0,,,,,,,,,,,,,,,,,,,,,,,,,,,,,,,,,,,,,,,,,,,,
109.0,-0.0029285593352175454,0.046506814658641815,0.0004627108573913574,0.9235342144966125,0.0,0.00076137023,-0.0009484943,0.9995374,0.0070245503,-0.0024171127,-3.1675594e-05,-0.0012464523,0.0054409504,0.003625393,-0.063783765,-0.030849269,-0.0058722096,0.040875,0.02178921,1.0,,,,,,,,,,,,,,,,,,,,,,,,,,,,,,,,,,,,,,,,,,,,
110.0,-0.002931610482741397,0.04690874367952347,0.0004628300666809082,0.9219462275505066,0.0,0.000791559,-0.00095834787,0.9995373,0.0072452947,-0.0023648452,-3.115955e-05,-0.0010538101,0.0057718754,0.003720522,0.0459735,0.079581,0.022554299,0.04125,0.02198891,1.0,,,,,,,,,,,,,,,,,,,,,,,,,,,,,,,,,,,,,,,,,,,,
111.0,-0.002934658414199206,0.047309719026088715,0.000462949275970459,0.9203460216522217,0.0,0.0008227237,-0.00096801616,0.99953717,0.00747954,-0.0023203974,-3.0979536e-05,-0.0013201237,0.0056443214,0.0036945343,-0.0637865,-0.030860053,-0.0058607687,0.041625,0.022188606,1.0,,,,,,,,,,,,,,,,,,,,,,,,,,,,,,,,,,,,,,,,,,,,
112.0,-0.0029377063509196874,0.047709718346595764,0.00046306848526000977,0.9187334775924683,0.0,0.0008548424,-0.0009774541,0.99953705,0.0077084824,-0.0022651006,-3.0637017e-05,-0.001127243,0.005975008,0.0037896633,0.045968853,0.07957996,0.022535263,0.042,0.022388294,1.0,,,,,,,,,,,,,,,,,,,,,,,,,,,,,,,,,,,,,,,,,,,,
113.0,-0.0029407497383397473,0.04810870811343193,0.00046318769454956055,0.9171084761619568,0.0,0.00088797125,-0.0009866942,0.99953693,0.007950924,-0.0022176222,-3.041843e-05,-0.0013935566,0.005847454,0.0037636757,-0.063789226,-0.030870836,-0.005849326,0.042375,0.022587977,1.0,,,,,,,,,,,,,,,,,,,,,,,,,,,,,,,,,,,,,,,,,,,,
114.0,-0.0029437937645782975,0.048506662249565125,0.00046330690383911133,0.9154711961746216,0.0,0.00092208816,-0.0009956913,0.9995368,0.00818806,-0.0021592954,-3.00847e-05,-0.001200676,0.006178379,0.0038585663,0.04596421,0.07957891,0.022516228,0.04275,0.022787657,1.0,,,,,,,,,,,,,,,,,,,,,,,,,,,,,,,,,,,,,,,,,,,,
115.0,-0.0029468332175342548,0.048903632909059525,0.0004634261131286621,0.9138216376304626,0.0,0.0009572494,-0.0010044778,0.9995367,0.008438692,-0.0021087858,-2.9866216e-05,-0.0014669895,0.0060505867,0.0038325787,-0.06379195,-0.030881612,-0.0058378815,0.043125,0.022987328,1.0,,,,,,,,,,,,,,,,,,,,,,,,,,,,,,,,,,,,,,,,,,,,
116.0,-0.002949873214826622,0.04929950088262558,0.000463592994492501,0.9121594429016113,0.0,0.0009934328,-0.0010130088,0.9995366,0.008684015,-0.0020474282,-2.9532197e-05,-0.0012743473,0.0063815117,0.0039274693,0.045959566,0.07957786,0.022497198,0.0435,0.023186995,1.0,,,,,,,,,,,,,,,,,,,,,,,,,,,,,,,,,,,,,,,,,,,,
117.0,-0.0029529073722848022,0.04969431832432747,0.00046372413635253906,0.9104848504066467,0.0,0.0010306946,-0.0010213166,0.99953645,0.008942832,-0.0019938871,-2.9315943e-05,-0.0015406609,0.0062539577,0.00390172,-0.06379467,-0.030892383,-0.0058264346,0.043875,0.023386655,1.0,,,,,,,,,,,,,,,,,,,,,,,,,,,,,,,,,,,,,,,,,,,,
118.0,-0.002955941384690679,0.050088029354810715,0.00046384334564208984,0.9087979793548584,0.0,0.0010690127,-0.0010293563,0.9995363,0.009196336,-0.0019294984,-2.8981136e-05,-0.0013477802,0.0065846443,0.0039966106,0.04595492,0.07957682,0.022478173,0.04425,0.02358631,1.0,,,,,,,,,,,,,,,,,,,,,,,,,,,,,,,,,,,,,,,,,,,,
119.0,-0.0029589704434162317,0.05048065260052681,0.0004639267863240093,0.9070985913276672,0.0,0.0011084432,-0.00103716,0.99953616,0.009463334,-0.001872925,-2.858327e-05,-0.0016140938,0.006456852,0.003970623,-0.06379739,-0.03090315,-0.005814986,0.044625,0.02378596,1.0,,,,,,,,,,,,,,,,,,,,,,,,,,,,,,,,,,,,,,,,,,,,
120.0,-0.0029619985755938113,0.05087212845683098,0.0004640459956135601,0.9053866863250732,0.0,0.0011489642,-0.001044683,0.9995361,0.009725014,-0.0018055044,-2.829083e-05,-0.0014212132,0.006787777,0.004065275,0.045950275,0.07957578,0.02245915,0.045,0.023985602,1.0,,,,,,,,,,,,,,,,,,,,,,,,,,,,,,,,,,,,,,,,,,,,
121.0,-0.00296502110891744,0.05126246064901352,0.0004641413688659668,0.9036622643470764,0.0,0.0011906315,-0.0010519576,0.999536,0.010000183,-0.0017458989,-2.8253102e-05,-0.0016877651,0.0066599846,0.004039526,-0.0638001,-0.030913912,-0.0058035348,0.045375,0.02418524,1.0,,,,,,,,,,,,,,,,,,,,,,,,,,,,,,,,,,,,,,,,,,,,
122.0,-0.0029680429789316776,0.05165163800120354,0.0004642605781555176,0.9019251465797424,0.0,0.0012334234,-0.0010589387,0.99953586,0.010270032,-0.0016754459,-2.7875854e-05,-0.0014948845,0.0069909096,0.004134178,0.045945633,0.079574734,0.022440132,0.04575,0.024384871,1.0,,,,,,,,,,,,,,,,,,,,,,,,,,,,,,,,,,,,,,,,,,,,
123.0,-0.002971059722761038,0.05203964561223984,0.00046437978744506836,0.9001756906509399,0.0,0.0012773958,-0.0010656586,0.99953574,0.01055337,-0.0016128069,-2.7676235e-05,-0.001761198,0.006863117,0.0041081905,-0.0638028,-0.030924669,-0.005792082,0.046125,0.024584496,1.0,,,,,,,,,,,,,,,,,,,,,,,,,,,,,,,,,,,,,,,,,,,,
124.0,-0.0029740745746343385,0.05242643505334854,0.00046449899673461914,0.8984134793281555,0.0,0.0013225265,-0.0010720725,0.9995356,0.010831384,-0.0015393212,-2.7336726e-05,-0.0015685558,0.007193804,0.004203081,0.045940988,0.07957368,0.022421116,0.0465,0.024784114,1.0,,,,,,,,,,,,,,,,,,,,,,,,,,,,,,,,,,,,,,,,,,,,
125.0,-0.002977083416149421,0.05281201750040054,0.0004646182060241699,0.8966386318206787,0.0,0.0013688718,-0.0010782128,0.9995355,0.011122883,-0.0014736485,-2.7130407e-05,-0.0018348694,0.0070660114,0.0041770935,-0.063805506,-0.030935422,-0.0057806266,0.046875,0.024983726,1.0,,,,,,,,,,,,,,,,,,,,,,,,,,,,,,,,,,,,,,,,,,,,
126.0,-0.0029800916070203036,0.05319638177752495,0.0004647374153137207,0.8948512077331543,0.0,0.0014164095,-0.0010840341,0.9995354,0.0114090545,-0.0013971294,-2.6792206e-05,-0.0016419888,0.007396698,0.0042717457,0.045936346,0.07957264,0.022402106,0.04725,0.025183333,1.0,,,,,,,,,,,,,,,,,,,,,,,,,,,,,,,,,,,,,,,,,,,,
127.0,-0.00298309305302361,0.05357947200536728,0.0004648566246032715,0.8930511474609375,0.0,0.0014651959,-0.0010895692,0.99953526,0.01170871,-0.0013284225,-2.6587739e-05,-0.0019085407,0.0072689056,0.004245758,-0.0638082,-0.030946169,-0.0057691694,0.047625,0.025382934,1.0,,,,,,,,,,,,,,,,,,,,,,,,,,,,,,,,,,,,,,,,,,,,
128.0,-0.002986092992730996,0.05396128445863724,0.00046497583389282227,0.891238272190094,0.0,0.0015152085,-0.0010947728,0.99953514,0.012003034,-0.0012488695,-2.624884e-05,-0.0017156601,0.007599592,0.00434041,0.0459317,0.0795716,0.022383098,0.048,0.025582528,1.0,,,,,,,,,,,,,,,,,,,,,,,,,,,,,,,,,,,,,,,,,,,,
129.0,-0.002989085480510352,0.054341815412044525,0.00046503543853759766,0.8894126415252686,0.0,0.0015665037,-0.0010996775,0.999535,0.012310841,-0.0011771278,-2.6046693e-05,-0.001982212,0.0074718,0.0043144226,-0.06381089,-0.03095691,-0.00575771,0.048375,0.025782114,1.0,,,,,,,,,,,,,,,,,,,,,,,,,,,,,,,,,,,,,,,,,,,,
130.0,-0.0029920771419049896,0.05472104996442795,0.00046515464782714844,0.8875743746757507,0.0,0.0016190591,-0.0011042381,0.99953496,0.012613311,-0.0010945405,-2.5706984e-05,-0.0017893314,0.0078024864,0.004409075,0.04592706,0.07957055,0.022364095,0.04875,0.025981696,1.0,,,,,,,,,,,,,,,,,,,,,,,,,,,,,,,,,,,,,,,,,,,,
131.0,-0.0029950608037087444,0.05509895086288452,0.0004652738571166992,0.8857232332229614,0.0,0.001672931,-0.0011084871,0.99953485,0.012929261,-0.0010197639,-2.5691143e-05,-0.0020558834,0.007674694,0.004383087,-0.063813575,-0.03096765,-0.0057462486,0.049125,0.02618127,1.0,,,,,,,,,,,,,,,,,,,,,,,,,,,,,,,,,,,,,,,,,,,,
132.0,-0.0029980434087187057,0.05547552555799484,0.00046539306640625,0.8838592767715454,0.0,0.0017280972,-0.0011123794,0.9995347,0.013239872,-0.0009341416,-2.5307436e-05,-0.0018630028,0.008005381,0.0044777393,0.045922413,0.0795695,0.022345094,0.0495,0.026380837,1.0,,,,,,,,,,,,,,,,,,,,,,,,,,,,,,,,,,,,,,,,,,,,
133.0,-0.00300101787227443,0.05585072562098503,0.0004654526710510254,0.8819825053215027,0.0,0.0017846137,-0.0011159474,0.9995346,0.013563961,-0.0008563289,-2.5120122e-05,-0.0021293163,0.007877588,0.0044517517,-0.06381626,-0.030978382,-0.005734785,0.049875,0.026580399,1.0,,,,,,,,,,,,,,,,,,,,,,,,,,,,,,,,,,,,,,,,,,,,
134.0,-0.0030039903489249608,0.05622456222772598,0.00046557188034057617,0.8800929188728333,0.0,0.0018424583,-0.001119146,0.99953455,0.013882708,-0.00076767127,-2.47764e-05,-0.0019366741,0.008208036,0.004546404,0.04591777,0.07956845,0.022326099,0.05025,0.026779953,1.0,,,,,,,,,,,,,,,,,,,,,,,,,,,,,,,,,,,,,,,,,,,,
135.0,-0.0030069547045648336,0.05659698322415352,0.00046569108963012695,0.8781903386116028,0.0,0.0019016871,-0.0011220077,0.9995344,0.014214927,-0.0006868227,-2.4765812e-05,-0.002203226,0.008080244,0.0045204163,-0.06381894,-0.03098911,-0.0057233195,0.050625,0.026979502,1.0,,,,,,,,,,,,,,,,,,,,,,,,,,,,,,,,,,,,,,,,,,,,
136.0,-0.0030099171466659623,0.05696798488497734,0.00046581029891967773,0.8762747645378113,0.0,0.001962278,-0.0011244875,0.9995343,0.014541804,-0.0005951291,-2.4380344e-05,-0.0020103455,0.008410931,0.00461483,0.045913126,0.07956741,0.022307105,0.051,0.027179042,1.0,,,,,,,,,,,,,,,,,,,,,,,,,,,,,,,,,,,,,,,,,,,,
137.0,-0.0030129647443429557,0.05733757093548775,0.0004658699035644531,0.8743460774421692,0.0,0.002024287,-0.0011266177,0.9995342,0.014882152,-0.0005112434,-2.4197749e-05,-0.0022768974,0.0082829,0.0045888424,-0.06382161,-0.030999834,-0.0057118516,0.051375,0.027378578,1.0,,,,,,,,,,,,,,,,,,,,,,,,,,,,,,,,,,,,,,,,,,,,
138.0,-0.0030160104406594087,0.057705700397491455,0.0004659891128540039,0.8724045753479004,0.0,0.0020876918,-0.0011283532,0.99953413,0.015217151,-0.0004165135,-2.3852393e-05,-0.002147913,0.008613586,0.004683256,0.030589825,0.07949607,0.022415005,0.05175,0.027578104,1.0,,,,,,,,,,,,,,,,,,,,,,,,,,,,,,,,,,,,,,,,,,,,
139.0,-0.0030190468359549355,0.058072369545698166,0.0004660963895730674,0.870449960231781,0.0,0.0021525484,-0.0011297156,0.999534,0.015565607,-0.00032698183,-2.3852015e-05,-0.0024781227,0.008485556,0.0046572685,-0.07913933,-0.031083861,-0.005566466,0.052125,0.027777625,1.0,,,,,,,,,,,,,,,,,,,,,,,,,,,,,,,,,,,,,,,,,,,,
140.0,-0.0030220806374298354,0.058437515050172806,0.0004661679267883301,0.8684821724891663,0.0,0.0022188348,-0.0011306489,0.99953395,0.0159087,-0.00022399779,-2.3470697e-05,-0.0023491383,0.008816242,0.0047516823,0.0305923,0.07949616,0.022388987,0.0525,0.027977139,1.0,,,,,,,,,,,,,,,,,,,,,,,,,,,,,,,,,,,,,,,,,,,,
141.0,-0.003025105549920807,0.058801185339689255,0.00046628713607788086,0.8665013909339905,0.0,0.0022866065,-0.0011311747,0.99953383,0.016265245,-0.00012621358,-2.348043e-05,-0.0026795864,0.008688211,0.0047256947,-0.07913473,-0.031097122,-0.005547982,0.052875,0.028176645,1.0,,,,,,,,,,,,,,,,,,,,,,,,,,,,,,,,,,,,,,,,,,,,
142.0,-0.00302812625375146,0.05916327238082886,0.00046634674072265625,0.8645073175430298,0.0,0.0023558417,-0.0011312373,0.9995337,0.016616423,-1.497963e-05,-2.3098384e-05,-0.0025503635,0.009018898,0.0048201084,0.03059477,0.07949625,0.022362974,0.05325,0.028376145,1.0,,,,,,,,,,,,,,,,,,,,,,,,,,,,,,,,,,,,,,,,,,,,
143.0,-0.0030311385103703632,0.059523843228816986,0.00046646595001220703,0.8625002503395081,0.0,0.0024265961,-0.0011308579,0.99953365,0.016981054,9.105345e-05,-2.2926004e-05,-0.0028808117,0.008890867,0.004794121,-0.079130135,-0.03111037,-0.005529499,0.053625,0.028575638,1.0,,,,,,,,,,,,,,,,,,,,,,,,,,,,,,,,,,,,,,,,,,,,
144.0,-0.0030341469493693754,0.05988280102610588,0.0004665851593017578,0.8604798913002014,0.0,0.0024988474,-0.0011299805,0.99953353,0.017340312,0.00021053248,-2.2772307e-05,-0.0027515888,0.009221554,0.004888296,0.030597236,0.07949633,0.022336967,0.054,0.028775124,1.0,,,,,,,,,,,,,,,,,,,,,,,,,,,,,,,,,,,,,,,,,,,,
145.0,-0.0030371447919690753,0.06024019047617912,0.0004666447639465332,0.8584463596343994,0.0,0.0025726517,-0.0011286272,0.9995334,0.017713021,0.00032480995,-2.2547994e-05,-0.003082037,0.009093285,0.0048623085,-0.07912554,-0.031123608,-0.0055110175,0.054375,0.028974602,1.0,,,,,,,,,,,,,,,,,,,,,,,,,,,,,,,,,,,,,,,,,,,,
146.0,-0.0030401391031641997,0.06059594079852104,0.000466763973236084,0.856399655342102,0.0,0.0026479864,-0.0011267416,0.99953336,0.018080354,0.00045253104,-2.2224174e-05,-0.002952814,0.009423971,0.004956484,0.030599698,0.07949641,0.022310967,0.05475,0.029174073,1.0,,,,,,,,,,,,,,,,,,,,,,,,,,,,,,,,,,,,,,,,,,,,
147.0,-0.00304312260895587,0.06095004081726074,0.0004668235778808594,0.8543395400047302,0.0,0.0027249078,-0.0011243456,0.99953324,0.01846113,0.000575048,-2.222542e-05,-0.0032832623,0.00929594,0.004930496,-0.079120934,-0.031136837,-0.0054925373,0.055125,0.029373536,1.0,,,,,,,,,,,,,,,,,,,,,,,,,,,,,,,,,,,,,,,,,,,,
148.0,-0.003046102209204069,0.061302490532398224,0.00046694278717041016,0.8522661924362183,0.0,0.0028033934,-0.0011213832,0.9995332,0.01883653,0.0007110066,-2.18503e-05,-0.0031540394,0.009626389,0.005024433,0.030602155,0.079496495,0.022284972,0.0555,0.029572992,1.0,,,,,,,,,,,,,,,,,,,,,,,,,,,,,,,,,,,,,,,,,,,,
149.0,-0.0030490713635846823,0.0616532564163208,0.00046700239181518555,0.8501795530319214,0.0,0.002883499,-0.0011178758,0.99953306,0.019225372,0.0008417593,-2.1865251e-05,-0.003484249,0.009498358,0.0049984455,-0.07911633,-0.031150056,-0.005474058,0.055875,0.029772442,1.0,,,,,,,,,,,,,,,,,,,,,,,,,,,,,,,,,,,,,,,,,,,,
150.0,-0.003052035168735024,0.06200233846902847,0.00046712160110473633,0.8480795621871948,0.0,0.0029652026,-0.0011137676,0.999533,0.019608833,0.0009859512,-2.1488557e-05,-0.0033552647,0.009828806,0.005092621,0.030604606,0.07949657,0.022258982,0.05625,0.029971883,1.0,,,,,,,,,,,,,,,,,,,,,,,,,,,,,,,,,,,,,,,,,,,,
151.0,-0.003054987986503614,0.06234966591000557,0.0004671812057495117,0.8459661602973938,0.0,0.0030485597,-0.0011090804,0.9995329,0.020005733,0.0011249356,-2.1505544e-05,-0.0036854744,0.009700775,0.005066633,-0.07911172,-0.031163264,-0.0054555796,0.056625,0.030171316,1.0,,,,,,,,,,,,,,,,,,,,,,,,,,,,,,,,,,,,,,,,,,,,
152.0,-0.0030579361318087547,0.06269526481628418,0.0004673004150390625,0.8438394069671631,0.0,0.0031335482,-0.0011037581,0.9995328,0.020397248,0.0012773564,-2.1130016e-05,-0.0035562515,0.010031223,0.00516057,0.030607054,0.07949664,0.022232998,0.057,0.030370744,1.0,,,,,,,,,,,,,,,,,,,,,,,,,,,,,,,,,,,,,,,,,,,,
153.0,-0.003060872462098142,0.06303907185792923,0.0004673600196838379,0.8416992425918579,0.0,0.003220224,-0.0010978224,0.9995327,0.020802198,0.0014245682,-2.1148391e-05,-0.0038864613,0.0099031925,0.0051345825,-0.079107106,-0.031176463,-0.0054371026,0.057375,0.030570162,1.0,,,,,,,,,,,,,,,,,,,,,,,,,,,,,,,,,,,,,,,,,,,,
154.0,-0.0030638037977561293,0.06338111311197281,0.00046747922897338867,0.8395456075668335,0.0,0.003308565,-0.0010912174,0.99953264,0.02120176,0.0015852139,-2.0774176e-05,-0.0037572384,0.010233641,0.005228281,0.030609496,0.079496704,0.02220702,0.05775,0.030769574,1.0,,,,,,,,,,,,,,,,,,,,,,,,,,,,,,,,,,,,,,,,,,,,
155.0,-0.003066722723976775,0.06372134387493134,0.00046753883361816406,0.8373785614967346,0.0,0.0033986263,-0.0010839646,0.9995325,0.021614756,0.0017406491,-2.0793908e-05,-0.004087448,0.0101053715,0.005202532,-0.07910249,-0.03118965,-0.005418627,0.058125,0.030968977,1.0,,,,,,,,,,,,,,,,,,,,,,,,,,,,,,,,,,,,,,,,,,,,
156.0,-0.0030696362726845357,0.06405974924564362,0.0004676222743000835,0.8351979851722717,0.0,0.003490386,-0.0010760083,0.99953246,0.02202236,0.0019095154,-2.0421016e-05,-0.0039582253,0.010436058,0.0052962303,0.030611932,0.07949677,0.022181047,0.0585,0.031168373,1.0,,,,,,,,,,,,,,,,,,,,,,,,,,,,,,,,,,,,,,,,,,,,
157.0,-0.0030725372230898515,0.06439627707004547,0.00046771764755249023,0.8330039978027344,0.0,0.0035839002,-0.0010673701,0.9995324,0.022443393,0.0020731695,-2.04421e-05,-0.004288435,0.010307789,0.0052702427,-0.07909787,-0.031202829,-0.0054001524,0.058875,0.03136776,1.0,,,,,,,,,,,,,,,,,,,,,,,,,,,,,,,,,,,,,,,,,,,,
158.0,-0.0030754319282286684,0.0647309347987175,0.0004677772521972656,0.830796480178833,0.0,0.0036791463,-0.0010579941,0.9995323,0.02285903,0.0022502514,-2.0254482e-05,-0.004159212,0.010638237,0.005363941,0.030614365,0.07949684,0.022155082,0.05925,0.03156714,1.0,,,,,,,,,,,,,,,,,,,,,,,,,,,,,,,,,,,,,,,,,,,,
159.0,-0.0030783142141910455,0.0650637298822403,0.0004678964614868164,0.8285754919052124,0.0,0.0037761799,-0.0010479019,0.9995322,0.023288097,0.0024221214,-2.0049789e-05,-0.004489422,0.010509968,0.0053379536,-0.07909325,-0.031215997,-0.005381679,0.059625,0.03176651,1.0,,,,,,,,,,,,,,,,,,,,,,,,,,,,,,,,,,,,,,,,,,,,
160.0,-0.003081189350284432,0.0653945803642273,0.0004679560661315918,0.826340913772583,0.0,0.003874979,-0.0010370377,0.9995321,0.02371176,0.002607415,-1.9916795e-05,-0.004360199,0.010840654,0.005431652,0.030616794,0.07949689,0.022129122,0.06,0.031965878,1.0,,,,,,,,,,,,,,,,,,,,,,,,,,,,,,,,,,,,,,,,,,,,
161.0,-0.0030840522262082816,0.06572352349758148,0.00046803950681351125,0.8240929245948792,0.0,0.003975599,-0.0010254231,0.99953204,0.024148855,0.0027874955,-1.9700947e-05,-0.0046904087,0.010712147,0.0054056644,-0.07908862,-0.031229155,-0.005363207,0.060375,0.032165233,1.0,,,,,,,,,,,,,,,,,,,,,,,,,,,,,,,,,,,,,,,,,,,,
162.0,-0.003086907291963647,0.06605047732591629,0.00046813488006591797,0.8218312859535217,0.0,0.004078018,-0.0010130022,0.999532,0.024580538,0.002980997,-1.9572208e-05,-0.0045609474,0.011042833,0.0054991245,0.030619217,0.07949695,0.022103166,0.06075,0.03236458,1.0,,,,,,,,,,,,,,,,,,,,,,,,,,,,,,,,,,,,,,,,,,,,
163.0,-0.003089749650142851,0.0663754791021347,0.00046819448471069336,0.8195562362670898,0.0,0.0041822917,-0.0009997969,0.99953187,0.025025649,0.003169283,-1.954097e-05,-0.004891157,0.010914326,0.0054733753,-0.079083994,-0.031242304,-0.005344736,0.061125,0.03256392,1.0,,,,,,,,,,,,,,,,,,,,,,,,,,,,,,,,,,,,,,,,,,,,
164.0,-0.003092583937774703,0.06669847667217255,0.0004682779253926128,0.8172677755355835,0.0,0.0042883973,-0.0009857512,0.9995318,0.025465349,0.0033709893,-1.9186587e-05,-0.004761696,0.011245012,0.0055668354,0.030621635,0.079497,0.022077218,0.0615,0.032763254,1.0,,,,,,,,,,,,,,,,,,,,,,,,,,,,,,,,,,,,,,,,,,,,
165.0,-0.0030954051830143405,0.06701948493719101,0.00046837329864501953,0.8149657845497131,0.0,0.0043963906,-0.0009708867,0.99953175,0.025918473,0.0035674772,-1.9209967e-05,-0.005092144,0.011116505,0.005540848,-0.07907936,-0.03125544,-0.005326266,0.061875,0.03296258,1.0,,,,,,,,,,,,,,,,,,,,,,,,,,,,,,,,,,,,,,,,,,,,
166.0,-0.003098217949106107,0.06733839958906174,0.0004684329032897949,0.8126500844955444,0.0,0.00450625,-0.00095514755,0.9995316,0.026366178,0.003777382,-1.9028352e-05,-0.0049626827,0.011446953,0.0056340694,0.030624049,0.07949705,0.022051275,0.06225,0.033161893,1.0,,,,,,,,,,,,,,,,,,,,,,,,,,,,,,,,,,,,,,,,,,,,
167.0,-0.0031010171340521493,0.0676553025841713,0.0004685163439717144,0.8103209137916565,0.0,0.0046180305,-0.00093855563,0.99953157,0.02682731,0.003982069,-1.882889e-05,-0.0052928925,0.011318684,0.0056083202,-0.079074726,-0.031268567,-0.0053077973,0.062625,0.0333612,1.0,,,,,,,,,,,,,,,,,,,,,,,,,,,,,,,,,,,,,,,,,,,,
168.0,-0.0031038080013010166,0.06797008216381073,0.00046858788118697703,0.8079783320426941,0.0,0.0047317096,-0.0009210549,0.9995315,0.027283017,0.0042001684,-1.8701206e-05,-0.005163431,0.011649132,0.005701542,0.030626457,0.0794971,0.02202534,0.063,0.0335605,1.0,,,,,,,,,,,,,,,,,,,,,,,,,,,,,,,,,,,,,,,,,,,,
169.0,-0.0031065849668677737,0.06828280538320541,0.0004686713218688965,0.8056222796440125,0.0,0.0048473435,-0.00090266723,0.9995314,0.027752142,0.004413048,-1.8674695e-05,-0.005493641,0.011520624,0.0056757927,-0.07907009,-0.031281684,-0.00528933,0.063375,0.03375979,1.0,,,,,,,,,,,,,,,,,,,,,,,,,,,,,,,,,,,,,,,,,,,,
170.0,-0.00310935385205456,0.06859338283538818,0.00046875476255081594,0.8032526969909668,0.0,0.0049649095,-0.00088333664,0.9995313,0.028215848,0.004639339,-1.8324105e-05,-0.005363941,0.011851072,0.005768776,0.030628862,0.079497136,0.021999408,0.06375,0.033959072,1.0,,,,,,,,,,,,,,,,,,,,,,,,,,,,,,,,,,,,,,,,,,,,
171.0,-0.00311210829923839,0.06890178471803665,0.0004688262997660786,0.8008696436882019,0.0,0.0050844634,-0.0008630849,0.99953127,0.028692966,0.0048604077,-1.8351562e-05,-0.005694151,0.011722565,0.0057430267,-0.07906545,-0.031294793,-0.005270864,0.064125,0.034158345,1.0,,,,,,,,,,,,,,,,,,,,,,,,,,,,,,,,,,,,,,,,,,,,
172.0,-0.003160655613301868,0.0692080706357956,0.000468885904410854,0.7984732389450073,0.0,0.005205983,-0.00084185624,0.99953115,0.029164657,0.0050948844,-1.8173885e-05,-0.0055646896,0.012053251,0.00583601,0.030631261,0.07949718,0.021973481,0.0645,0.03435761,1.0,,,,,,,,,,,,,,,,,,,,,,,,,,,,,,,,,,,,,,,,,,,,
173.0,-0.0032356802237090256,0.06951217353343964,0.00046896934509277344,0.7960634231567383,0.0,0.0053295237,-0.0008196723,0.9995311,0.029649762,0.005324139,-1.7978471e-05,-0.0058948994,0.011924505,0.005810261,-0.0790608,-0.03130789,-0.005252399,0.064875,0.03455687,1.0,,,,,,,,,,,,,,,,,,,,,,,,,,,,,,,,,,,,,,,,,,,,
174.0,-0.003311102280296835,0.0698140412569046,0.0004690527857746929,0.7936400175094604,0.0,0.005455063,-0.00079647737,0.99953103,0.030129435,0.0055667977,-1.7854725e-05,-0.0057651997,0.012255192,0.005903244,0.030633656,0.07949721,0.021947563,0.06525,0.034756117,1.0,,,,,,,,,,,,,,,,,,,,,,,,,,,,,,,,,,,,,,,,,,,,
175.0,-0.003386904414727931,0.07011370360851288,0.0004691123904194683,0.7912034392356873,0.0,0.0055826567,-0.000772293,0.999531,0.030622518,0.005804232,-1.7832259e-05,-0.0060954094,0.012126446,0.005877495,-0.07905616,-0.031320978,-0.005233935,0.065625,0.034955356,1.0,,,,,,,,,,,,,,,,,,,,,,,,,,,,,,,,,,,,,,,,,,,,
176.0,-0.003463101780066387,0.07041110098361969,0.00046918392763473094,0.78875333070755,0.0,0.0057122824,-0.0007470636,0.9995309,0.031110164,0.0060550687,-1.7669556e-05,-0.005965948,0.012456894,0.005970478,0.030636046,0.07949725,0.02192165,0.066,0.035154585,1.0,,,,,,,,,,,,,,,,,,,,,,,,,,,,,,,,,,,,,,,,,,,,
177.0,-0.0035396772746120997,0.07070623338222504,0.0004692673683166504,0.7862901091575623,0.0,0.005843996,-0.0007208108,0.9995308,0.03161122,0.006300679,-1.7657881e-05,-0.0062959194,0.012328386,0.0059444904,-0.07905151,-0.031334054,-0.0052154725,0.066375,0.03535381,1.0,,,,,,,,,,,,,,,,,,,,,,,,,,,,,,,,,,,,,,,,,,,,
178.0,-0.0036166465107677114,0.07099907100200653,0.00046935080899856985,0.7838134169578552,0.0,0.0059777745,-0.00069347874,0.99953073,0.032106835,0.0065596905,-1.7310327e-05,-0.006166458,0.012658834,0.0060374737,0.03063843,0.07949728,0.02189574,0.06675,0.03555302,1.0,,,,,,,,,,,,,,,,,,,,,,,,,,,,,,,,,,,,,,,,,,,,
179.0,-0.003693994251425368,0.07128962129354477,0.00046941041364334524,0.7813235521316528,0.0,0.006113674,-0.00066508923,0.9995307,0.032615855,0.006813472,-1.7343686e-05,-0.0064964294,0.012530327,0.0060117245,-0.07904685,-0.031347122,-0.005197011,0.067125,0.035752226,1.0,,,,,,,,,,,,,,,,,,,,,,,,,,,,,,,,,,,,,,,,,,,,
180.0,-0.003771744671612864,0.07157780230045319,0.0004694819508586079,0.7788204550743103,0.0,0.0062516714,-0.00063558656,0.9995306,0.033119433,0.0070806514,-1.7171136e-05,-0.006366968,0.012860775,0.0061044693,0.03064081,0.0794973,0.021869838,0.0675,0.03595142,1.0,,,,,,,,,,,,,,,,,,,,,,,,,,,,,,,,,,,,,,,,,,,,
181.0,-0.00384987923754567,0.07186367362737656,0.0004695415555033833,0.7763041853904724,0.0,0.0063918233,-0.0006049924,0.9995305,0.03363641,0.007342601,-1.7165079e-05,-0.0066969395,0.012732029,0.0060784817,-0.079042196,-0.03136018,-0.0051785507,0.067875,0.036150604,1.0,,,,,,,,,,,,,,,,,,,,,,,,,,,,,,,,,,,,,,,,,,,,
182.0,-0.003928397762745532,0.07214715331792831,0.00046960116014815867,0.7737748026847839,0.0,0.006534106,-0.00057325093,0.99953043,0.034147944,0.0076179462,-1.6819458e-05,-0.0065672398,0.013062477,0.0061712265,0.030643187,0.07949732,0.021843942,0.06825,0.036349785,1.0,,,,,,,,,,,,,,,,,,,,,,,,,,,,,,,,,,,,,,,,,,,,
183.0,-0.004007292052176243,0.07242824137210846,0.0004696846008300781,0.7712323665618896,0.0,0.0066785766,-0.00054038403,0.9995304,0.034672875,0.007888059,-1.6855663e-05,-0.0068974495,0.012933731,0.0061454773,-0.07903754,-0.031373225,-0.005160092,0.068625,0.03654895,1.0,,,,,,,,,,,,,,,,,,,,,,,,,,,,,,,,,,,,,,,,,,,,
184.0,-0.004086565908377425,0.07270687818527222,0.0004697680415119976,0.7686769366264343,0.0,0.0068252115,-0.0005063358,0.9995303,0.03519235,0.008171563,-1.6685695e-05,-0.00676775,0.013264179,0.0062379837,0.030645559,0.079497345,0.021818051,0.069,0.03674811,1.0,,,,,,,,,,,,,,,,,,,,,,,,,,,,,,,,,,,,,,,,,,,,
185.0,-0.0041662148214328025,0.07298313826322556,0.00046982764615677297,0.7661084532737732,0.0,0.0069740666,-0.00047112818,0.99953026,0.03572523,0.008449835,-1.6682332e-05,-0.0070979595,0.013135433,0.0062122345,-0.079032876,-0.031386264,-0.005141634,0.069375,0.036947258,1.0,,,,,,,,,,,,,,,,,,,,,,,,,,,,,,,,,,,,,,,,,,,,
186.0,-0.004246240477520536,0.07325690239667892,0.0004698991833720356,0.7635270953178406,0.0,0.007125119,-0.0004347053,0.9995302,0.036252648,0.008741495,-1.6523272e-05,-0.0069680214,0.013465881,0.006304741,0.030647924,0.07949736,0.021792168,0.06975,0.0371464,1.0,,,,,,,,,,,,,,,,,,,,,,,,,,,,,,,,,,,,,,,,,,,,
187.0,-0.004326631348326364,0.0735282376408577,0.000469958788016811,0.760932981967926,0.0,0.007278425,-0.00039708897,0.9995301,0.03679346,0.009027921,-1.6518998e-05,-0.007298231,0.013337135,0.0062789917,-0.079028204,-0.031399287,-0.0051231775,0.070125,0.03734553,1.0,,,,,,,,,,,,,,,,,,,,,,,,,,,,,,,,,,,,,,,,,,,,
188.0,-0.004407396161577908,0.07379702478647232,0.0004700183926615864,0.7583260536193848,0.0,0.007433962,-0.0003582234,0.99953,0.037328817,0.009327734,-1.6177833e-05,-0.007168293,0.013667583,0.006371498,0.030650286,0.079497375,0.021766288,0.0705,0.037544653,1.0,,,,,,,,,,,,,,,,,,,,,,,,,,,,,,,,,,,,,,,,,,,,
189.0,-0.004488526559447995,0.07406331598758698,0.0004700779973063618,0.7557063698768616,0.0,0.0075917854,-0.00031813045,0.99952996,0.03787756,0.009622308,-1.6217933e-05,-0.0074985027,0.013538837,0.006345749,-0.07902354,-0.031412307,-0.0051047225,0.070875,0.037743766,1.0,,,,,,,,,,,,,,,,,,,,,,,,,,,,,,,,,,,,,,,,,,,,
190.0,-0.004570027206894197,0.07432705163955688,0.00047016143798828125,0.7530739903450012,0.0,0.007751872,-0.00027675432,0.9995299,0.03842084,0.009930268,-1.6051921e-05,-0.0073685646,0.013869286,0.006438017,0.030652642,0.07949738,0.021740416,0.07125,0.037942868,1.0,,,,,,,,,,,,,,,,,,,,,,,,,,,,,,,,,,,,,,,,,,,,
191.0,-0.004651888607342638,0.07458823919296265,0.00047022104263305664,0.7504289746284485,0.0,0.007914279,-0.00023411689,0.99952984,0.03897751,0.010232989,-1.6052569e-05,-0.0076987743,0.01374054,0.0064122677,-0.07901887,-0.031425312,-0.0050862683,0.071625,0.038141962,1.0,,,,,,,,,,,,,,,,,,,,,,,,,,,,,,,,,,,,,,,,,,,,
192.0,-0.004734118698924154,0.07484684884548187,0.00047028064727783203,0.7477713227272034,0.0,0.008078981,-0.00019016235,0.9995298,0.039528713,0.01054909,-1.5897436e-05,-0.007568836,0.014070749,0.0065045357,0.030654995,0.07949739,0.021714548,0.072,0.038341045,1.0,,,,,,,,,,,,,,,,,,,,,,,,,,,,,,,,,,,,,,,,,,,,
193.0,-0.004816701108207782,0.07510287314653397,0.0004703402519226074,0.7451013326644897,0.0,0.008246036,-0.00014491254,0.9995297,0.0400933,0.010859951,-1.5897176e-05,-0.007899046,0.013942003,0.006479025,-0.07901419,-0.03143831,-0.0050678155,0.072375,0.038540117,1.0,,,,,,,,,,,,,,,,,,,,,,,,,,,,,,,,,,,,,,,,,,,,
194.0,-0.004899641150879994,0.07535623013973236,0.0004704236926045269,0.7424190044403076,0.0,0.0084154215,-9.831175e-05,0.99952966,0.040652413,0.011184191,-1.5743875e-05,-0.007769108,0.014272451,0.0065710545,0.030657342,0.0794974,0.021688687,0.07275,0.038739182,1.0,,,,,,,,,,,,,,,,,,,,,,,,,,,,,,,,,,,,,,,,,,,,
195.0,-0.004982936106136224,0.07560697942972183,0.00047049522981978953,0.7397242784500122,0.0,0.008587192,-5.0381794e-05,0.9995296,0.04122491,0.011503189,-1.574483e-05,-0.008099079,0.014143467,0.0065453053,-0.07900951,-0.031451296,-0.0050493637,0.073125,0.03893824,1.0,,,,,,,,,,,,,,,,,,,,,,,,,,,,,,,,,,,,,,,,,,,,
196.0,-0.005066586994443738,0.07585505396127701,0.0004705548344645649,0.7370172739028931,0.0,0.008761325,-1.06695e-06,0.9995295,0.041791935,0.011835562,-1.5592863e-05,-0.007969141,0.014473915,0.0066375732,0.030659685,0.0794974,0.021662831,0.0735,0.039137285,1.0,,,,,,,,,,,,,,,,,,,,,,,,,,,,,,,,,,,,,,,,,,,,
197.0,-0.005150580512853248,0.07610045373439789,0.0004706144391093403,0.7342982292175293,0.0,0.008937877,4.961094e-05,0.9995294,0.04237234,0.012162694,-1.541121e-05,-0.008299351,0.014344931,0.006611824,-0.07900483,-0.03146427,-0.0050309133,0.073875,0.03933632,1.0,,,,,,,,,,,,,,,,,,,,,,,,,,,,,,,,,,,,,,,,,,,,
198.0,-0.0052349268266513,0.07634314894676208,0.0004706740437541157,0.7315670251846313,0.0,0.009116824,0.000101707585,0.99952936,0.04294726,0.012503196,-1.5303702e-05,-0.008169413,0.014675379,0.0067038536,0.030662023,0.07949739,0.021636982,0.07425,0.039535344,1.0,,,,,,,,,,,,,,,,,,,,,,,,,,,,,,,,,,,,,,,,,,,,
199.0,-0.005319608600480899,0.07658310234546661,0.0004707336483988911,0.7288240194320679,0.0,0.009298222,0.00015520114,0.9995293,0.043535557,0.012838453,-1.5297199e-05,-0.008499384,0.014546394,0.0066781044,-0.079000145,-0.03147724,-0.0050124642,0.074625,0.03973436,1.0,,,,,,,,,,,,,,,,,,,,,,,,,,,,,,,,,,,,,,,,,,,,
200.0,-0.0054046347549637245,0.07682032883167267,0.0004707932530436665,0.7260690927505493,0.0,0.009482048,0.00021014731,0.99952924,0.04411837,0.01318708,-1.5150215e-05,-0.008369446,0.0148768425,0.006770134,0.030664356,0.07949739,0.021611137,0.075,0.039933365,1.0,,,,,,,,,,,,,,,,,,,,,,,,,,,,,,,,,,,,,,,,,,,,
201.0,-0.005489996721720168,0.07705476880073547,0.00047087669372558594,0.7233023643493652,0.0,0.009668359,0.00026652424,0.9995292,0.04471456,0.01353046,-1.51546155e-05,-0.008699417,0.014747858,0.0067443848,-0.07899546,-0.031490196,-0.004994016,0.075375,0.040132362,1.0,,,,,,,,,,,,,,,,,,,,,,,,,,,,,,,,,,,,,,,,,,,,
202.0,-0.0055756952130801155,0.07728645205497742,0.00047093629837036133,0.7205239534378052,0.0,0.009857131,0.0003243876,0.9995291,0.04530526,0.013887206,-1.5006689e-05,-0.008569479,0.015078068,0.006836176,0.030666685,0.079497375,0.021585299,0.07575,0.04033135,1.0,,,,,,,,,,,,,,,,,,,,,,,,,,,,,,,,,,,,,,,,,,,,
203.0,-0.005661720090063599,0.07751529663801193,0.0004709959030151367,0.7177340388298035,0.0,0.01004842,0.00038371552,0.99952906,0.04590933,0.014238705,-1.5012952e-05,-0.00889945,0.014949083,0.006810665,-0.07899077,-0.03150314,-0.0049755694,0.076125,0.040530324,1.0,,,,,,,,,,,,,,,,,,,,,,,,,,,,,,,,,,,,,,,,,,,,
204.0,-0.005748076563331136,0.077741339802742,0.0004710555076599121,0.7149326205253601,0.0,0.010242202,0.00044456372,0.999529,0.04650791,0.014603567,-1.4866202e-05,-0.008769512,0.0152795315,0.0069024563,0.03066901,0.07949737,0.021559466,0.0765,0.040729288,1.0,,,,,,,,,,,,,,,,,,,,,,,,,,,,,,,,,,,,,,,,,,,,
205.0,-0.005834755996800175,0.07796449959278107,0.0004711151123046875,0.7121197581291199,0.0,0.010438535,0.0005069103,0.99952894,0.047119856,0.01496318,-1.4873828e-05,-0.0090994835,0.015150547,0.006876707,-0.07898608,-0.03151608,-0.004957124,0.076875,0.040928245,1.0,,,,,,,,,,,,,,,,,,,,,,,,,,,,,,,,,,,,,,,,,,,,
206.0,-0.0059217586396529895,0.07818479835987091,0.0004711747169494629,0.7092956900596619,0.0,0.010637395,0.0005708109,0.9995289,0.047726307,0.015336152,-1.4728372e-05,-0.008969307,0.015480757,0.006968498,0.030671328,0.07949735,0.02153364,0.07725,0.04112719,1.0,,,,,,,,,,,,,,,,,,,,,,,,,,,,,,,,,,,,,,,,,,,,
207.0,-0.006009079296225152,0.07840223610401154,0.0004712343215942383,0.7064603567123413,0.0,0.010838837,0.0006362437,0.9995288,0.048346125,0.015703874,-1.4737334e-05,-0.009299278,0.015351772,0.006942749,-0.07898138,-0.031529006,-0.0049386797,0.077625,0.041326124,1.0,,,,,,,,,,,,,,,,,,,,,,,,,,,,,,,,,,,,,,,,,,,,
208.0,-0.006096718331230997,0.07861672341823578,0.00047129392623901367,0.7036139369010925,0.0,0.011042839,0.0007032644,0.99952877,0.048960436,0.016084952,-1.4593176e-05,-0.00916934,0.015681982,0.0070343018,0.030673644,0.07949733,0.021507818,0.078,0.04152505,1.0,,,,,,,,,,,,,,,,,,,,,,,,,,,,,,,,,,,,,,,,,,,,
209.0,-0.006184662253982795,0.07882831990718842,0.00047135353088378906,0.7007566690444946,0.0,0.011249457,0.00077185093,0.9995287,0.049588118,0.016460778,-1.4603471e-05,-0.009499311,0.015552998,0.007008791,-0.078976676,-0.03154192,-0.0049202368,0.078375,0.041723963,1.0,,,,,,,,,,,,,,,,,,,,,,,,,,,,,,,,,,,,,,,,,,,,
210.0,-0.006272917346365782,0.07903693616390228,0.0004713892994914204,0.6978885531425476,0.0,0.011458666,0.0008420591,0.99952865,0.05021029,0.01684996,-1.4460613e-05,-0.009369135,0.015883207,0.0071003437,0.030675953,0.07949731,0.021482004,0.07875,0.041922867,1.0,,,,,,,,,,,,,,,,,,,,,,,,,,,,,,,,,,,,,,,,,,,,
211.0,-0.006361471870236735,0.07924260199069977,0.0004714489041361958,0.6950097680091858,0.0,0.011670523,0.00091386697,0.9995286,0.050845824,0.017233884,-1.4472239e-05,-0.009699106,0.015754223,0.0070745945,-0.078971975,-0.03155483,-0.004901795,0.079125,0.04212176,1.0,,,,,,,,,,,,,,,,,,,,,,,,,,,,,,,,,,,,,,,,,,,,
212.0,-0.006450337019337907,0.0794452428817749,0.00047150850878097117,0.6921201348304749,0.0,0.011885006,0.0009873301,0.9995285,0.051475845,0.017631162,-1.433068e-05,-0.00956893,0.016084433,0.007166147,0.030678257,0.079497285,0.021456195,0.0795,0.042320643,1.0,,,,,,,,,,,,,,,,,,,,,,,,,,,,,,,,,,,,,,,,,,,,
213.0,-0.006539494085440936,0.07964490354061127,0.00047156811342574656,0.6892200708389282,0.0,0.012102169,0.0010624267,0.99952847,0.05211923,0.018023184,-1.43436355e-05,-0.009898901,0.01595521,0.007140398,-0.07896727,-0.031567723,-0.004883355,0.079875,0.042519517,1.0,,,,,,,,,,,,,,,,,,,,,,,,,,,,,,,,,,,,,,,,,,,,
214.0,-0.006628944318414364,0.0798415094614029,0.00047162771807052195,0.6863097548484802,0.0,0.012321991,0.0011392124,0.9995284,0.052757096,0.018428553,-1.4203375e-05,-0.009768724,0.016285658,0.0072319508,0.030680558,0.079497255,0.02143039,0.08025,0.042718377,1.0,,,,,,,,,,,,,,,,,,,,,,,,,,,,,,,,,,,,,,,,,,,,
215.0,-0.006718682033999316,0.08003506064414978,0.00047168732271529734,0.6833891272544861,0.0,0.012544526,0.0012176652,0.99952835,0.053408317,0.018828664,-1.42176605e-05,-0.010098696,0.016156435,0.0072062016,-0.078962564,-0.031580612,-0.0048649157,0.080625,0.04291723,1.0,,,,,,,,,,,,,,,,,,,,,,,,,,,,,,,,,,,,,,,,,,,,
216.0,-0.006808707949620736,0.08022552728652954,0.00047174692736007273,0.6804583668708801,0.0,0.01276975,0.0012978406,0.9995283,0.054054018,0.01924212,-1.4078696e-05,-0.009968519,0.016486645,0.007297516,0.030682854,0.079497226,0.021404592,0.081,0.043116067,1.0,,,,,,,,,,,,,,,,,,,,,,,,,,,,,,,,,,,,,,,,,,,,
217.0,-0.006899013089238097,0.08041290193796158,0.0004718065320048481,0.6775175929069519,0.0,0.012997721,0.0013797169,0.9995282,0.054713074,0.019650318,-1.4094312e-05,-0.0102984905,0.016357422,0.007272005,-0.07895785,-0.031593487,-0.004846478,0.081375,0.043314897,1.0,,,,,,,,,,,,,,,,,,,,,,,,,,,,,,,,,,,,,,,,,,,,
218.0,-0.006989599245947491,0.08059719949960709,0.0004718661366496235,0.674566924571991,0.0,0.0132284155,0.0014633497,0.99952817,0.055366606,0.020071857,-1.3956642e-05,-0.010168076,0.01668787,0.007363081,0.030685145,0.07949719,0.0213788,0.08175,0.043513715,1.0,,,,,,,,,,,,,,,,,,,,,,,,,,,,,,,,,,,,,,,,,,,,
219.0,-0.007080455399897438,0.0807783231139183,0.0004719257412943989,0.6716065406799316,0.0,0.013461889,0.0015487169,0.9995281,0.05603349,0.020488136,-1.39735885e-05,-0.010498047,0.016558409,0.00733757,-0.07895313,-0.031606354,-0.004828041,0.082125,0.043712523,1.0,,,,,,,,,,,,,,,,,,,,,,,,,,,,,,,,,,,,,,,,,,,,
220.0,-0.007171581173950607,0.08095629513263702,0.0004719853459391743,0.6686366200447083,0.0,0.013698117,0.0016358743,0.99952805,0.056694843,0.020917753,-1.38372125e-05,-0.01036787,0.016888857,0.007428646,0.03068743,0.07949715,0.021353014,0.0825,0.04391132,1.0,,,,,,,,,,,,,,,,,,,,,,,,,,,,,,,,,,,,,,,,,,,,
221.0,-0.007262738298815884,0.08113110810518265,0.0004720449505839497,0.6656572222709656,0.0,0.013937157,0.0017247996,0.999528,0.057369545,0.021342106,-1.3855487e-05,-0.010697842,0.016759396,0.0074031353,-0.078948416,-0.03161921,-0.0048096054,0.082875,0.044110104,1.0,,,,,,,,,,,,,,,,,,,,,,,,,,,,,,,,,,,,,,,,,,,,
222.0,-0.007354163229257959,0.081302709877491,0.000472080719191581,0.6626683473587036,0.0,0.014178985,0.0018155489,0.99952793,0.05803871,0.021779798,-1.3720405e-05,-0.010567427,0.017089844,0.007494211,0.030689713,0.07949711,0.021327235,0.08325,0.044308882,1.0,,,,,,,,,,,,,,,,,,,,,,,,,,,,,,,,,,,,,,,,,,,,
223.0,-0.00744583690086504,0.08147113770246506,0.0004721403238363564,0.6596704125404358,0.0,0.014423656,0.0019080997,0.9995279,0.058721226,0.022212224,-1.3740007e-05,-0.010897398,0.016960382,0.0074687004,-0.07894369,-0.03163206,-0.0047911713,0.083625,0.044507645,1.0,,,,,,,,,,,,,,,,,,,,,,,,,,,,,,,,,,,,,,,,,,,,
224.0,-0.007537767451786153,0.08163636177778244,0.0004721999284811318,0.6566633582115173,0.0,0.014671149,0.0020025081,0.9995278,0.059398204,0.022657983,-1.3606218e-05,-0.010766983,0.017290592,0.007559538,0.03069199,0.07949706,0.02130146,0.084,0.044706397,1.0,,,,,,,,,,,,,,,,,,,,,,,,,,,,,,,,,,,,,,,,,,,,
225.0,-0.00762993511440215,0.08179835975170135,0.00047223566798493266,0.6536476016044617,0.0,0.014921518,0.0020987517,0.99952775,0.06008852,0.023098474,-1.36271465e-05,-0.011096954,0.01716137,0.007534027,-0.07893897,-0.031644892,-0.0047727386,0.084375,0.044905137,1.0,,,,,,,,,,,,,,,,,,,,,,,,,,,,,,,,,,,,,,,,,,,,
226.0,-0.007722347413576381,0.08195718377828598,0.00047229527262970805,0.6506231427192688,0.0,0.01517474,0.0021968863,0.9995277,0.0607733,0.023552299,-1.349465e-05,-0.010966539,0.017491579,0.0076248646,0.030694263,0.07949702,0.021275692,0.08475,0.045103867,1.0,,,,,,,,,,,,,,,,,,,,,,,,,,,,,,,,,,,,,,,,,,,,
227.0,-0.007814798888243305,0.08211277425289154,0.00047235487727448344,0.6475902795791626,0.0,0.0154308705,0.00229689,0.99952763,0.06147141,0.024000851,-1.3516905e-05,-0.011296511,0.017362118,0.007599354,-0.078934245,-0.03165772,-0.0047543067,0.085125,0.04530259,1.0,,,,,,,,,,,,,,,,,,,,,,,,,,,,,,,,,,,,,,,,,,,,
228.0,-0.007907480518459324,0.08226512372493744,0.00047241448191925883,0.6445491313934326,0.0,0.015689887,0.0023988178,0.9995276,0.062163983,0.024462733,-1.33857e-05,-0.011165857,0.017590046,0.0076913834,0.030888049,0.054929823,0.021527426,0.0855,0.045501295,1.0,,,,,,,,,,,,,,,,,,,,,,,,,,,,,,,,,,,,,,,,,,,,
229.0,-0.008000382293867115,0.08241429924964905,0.0004724740865640342,0.6414998769760132,0.0,0.015951827,0.0025026484,0.9995275,0.062865704,0.024919312,-1.333545e-05,-0.011495829,0.017358303,0.0076670647,-0.07873306,-0.056231957,-0.0044696913,0.085875,0.04569999,1.0,,,,,,,,,,,,,,,,,,,,,,,,,,,,,,,,,,,,,,,,,,,,
230.0,-0.008093503224925924,0.08256024122238159,0.00047249795170500875,0.6384426951408386,0.0,0.016216652,0.0026084366,0.99952745,0.063557684,0.025389183,-1.3150542e-05,-0.011365414,0.017586231,0.007758856,0.030889235,0.054941386,0.021512933,0.08625,0.045898676,1.0,,,,,,,,,,,,,,,,,,,,,,,,,,,,,,,,,,,,,,,,,,,,
231.0,-0.008186830478179807,0.08270302414894104,0.00047255755634978414,0.6353778839111328,0.0,0.016484397,0.0027161606,0.99952745,0.06425882,0.025853748,-1.3111804e-05,-0.011695147,0.017354488,0.007734537,-0.07872383,-0.05623336,-0.0044626147,0.086625,0.04609735,1.0,,,,,,,,,,,,,,,,,,,,,,,,,,,,,,,,,,,,,,,,,,,,
232.0,-0.0082803700595108,0.08284254372119904,0.0004726171609945595,0.632305383682251,0.0,0.016755022,0.0028258755,0.9995274,0.06495022,0.026331596,-1.3110847e-05,-0.011564732,0.017582417,0.007826328,0.030890422,0.05495294,0.02149844,0.087,0.04629601,1.0,,,,,,,,,,,,,,,,,,,,,,,,,,,,,,,,,,,,,,,,,,,,
233.0,-0.008374107119380922,0.08297891169786453,0.0004726529004983604,0.629225492477417,0.0,0.017028568,0.0029375595,0.99952734,0.065650776,0.02680414,-1.3027889e-05,-0.0118944645,0.017350674,0.0078020096,-0.07871462,-0.056234766,-0.004455536,0.087375,0.04649466,1.0,,,,,,,,,,,,,,,,,,,,,,,,,,,,,,,,,,,,,,,,,,,,
234.0,-0.00846804322164449,0.08311207592487335,0.0004727125051431358,0.6261383891105652,0.0,0.01730499,0.0030512677,0.9995273,0.066341594,0.027289968,-1.2856103e-05,-0.0117640495,0.017578602,0.007893801,0.030891607,0.054964494,0.021483945,0.08775,0.0466933,1.0,,,,,,,,,,,,,,,,,,,,,,,,,,,,,,,,,,,,,,,,,,,,
235.0,-0.008562164944991981,0.08324204385280609,0.0004727482737507671,0.6230443120002747,0.0,0.017584331,0.003166978,0.9995272,0.06704157,0.027770484,-1.2812127e-05,-0.012093782,0.017346859,0.007869482,-0.0787054,-0.056236163,-0.0044484553,0.088125,0.046891924,1.0,,,,,,,,,,,,,,,,,,,,,,,,,,,,,,,,,,,,,,,,,,,,
236.0,-0.00865647381283006,0.08336883038282394,0.0004728078783955425,0.619943380355835,0.0,0.017866546,0.0032847458,0.99952716,0.067731805,0.028264282,-1.2633924e-05,-0.011963367,0.017575026,0.007961273,0.030892791,0.054976035,0.02146945,0.0885,0.04709054,1.0,,,,,,,,,,,,,,,,,,,,,,,,,,,,,,,,,,,,,,,,,,,,
237.0,-0.0087509583587931,0.0834924578666687,0.0004728674830403179,0.6168358325958252,0.0,0.018151676,0.003404549,0.9995271,0.06843119,0.028752767,-1.2590372e-05,-0.0122931,0.017343283,0.0079369545,-0.07869619,-0.05623756,-0.004441373,0.088875,0.047289144,1.0,,,,,,,,,,,,,,,,,,,,,,,,,,,,,,,,,,,,,,,,,,,,
238.0,-0.008845620705346514,0.08361290395259857,0.0004729032516479492,0.6137217283248901,0.0,0.01843968,0.003526443,0.99952704,0.06912085,0.029254528,-1.2414791e-05,-0.012162685,0.01757145,0.00802803,0.030891135,0.054985527,0.021290435,0.08925,0.047487736,1.0,,,,,,,,,,,,,,,,,,,,,,,,,,,,,,,,,,,,,,,,,,,,
239.0,-0.008940448871014322,0.08373013883829117,0.0004729270876850933,0.6106013059616089,0.0,0.018730596,0.0036504052,0.999527,0.06981965,0.029750973,-1.23695445e-05,-0.012492418,0.017339706,0.008002996,-0.078689866,-0.056240942,-0.0045987717,0.089625,0.047686316,1.0,,,,,,,,,,,,,,,,,,,,,,,,,,,,,,,,,,,,,,,,,,,,
240.0,-0.00903544192686563,0.08384423702955246,0.0004729866923298687,0.6074748039245605,0.0,0.019024381,0.0037764914,0.999527,0.070508726,0.030260691,-1.2197082e-05,-0.012361765,0.017567635,0.008094072,0.030892394,0.054997016,0.021276012,0.09,0.04788488,1.0,,,,,,,,,,,,,,,,,,,,,,,,,,,,,,,,,,,,,,,,,,,,
241.0,-0.009130588181833356,0.08395516127347946,0.00047304629697464406,0.6043424010276794,0.0,0.019321077,0.0039046793,0.9995269,0.07120695,0.030765088,-1.2333948e-05,-0.012691498,0.01733613,0.008069038,-0.078680746,-0.056242228,-0.004591611,0.090375,0.04808344,1.0,,,,,,,,,,,,,,,,,,,,,,,,,,,,,,,,,,,,,,,,,,,,
242.0,-0.009225887836203853,0.08406294882297516,0.0004730820655822754,0.6012042760848999,0.0,0.019620642,0.004035024,0.99952686,0.07189544,0.03128276,-1.2121498e-05,-0.012560844,0.017564297,0.008160114,0.03089365,0.055008493,0.021261588,0.09075,0.048281983,1.0,,,,,,,,,,,,,,,,,,,,,,,,,,,,,,,,,,,,,,,,,,,,
243.0,-0.009321331813859572,0.08416756242513657,0.0004731178341899067,0.5980605483055115,0.0,0.019923113,0.0041675037,0.9995268,0.072593085,0.031795107,-1.2082739e-05,-0.012890816,0.017332554,0.00813508,-0.07867163,-0.05624351,-0.004584449,0.091125,0.048480514,1.0,,,,,,,,,,,,,,,,,,,,,,,,,,,,,,,,,,,,,,,,,,,,
244.0,-0.009416914334623468,0.08426902443170547,0.0004731774388346821,0.5949115753173828,0.0,0.020228451,0.0043021734,0.99952674,0.07328099,0.032320723,-1.1914193e-05,-0.012760162,0.01756072,0.008225918,0.030894905,0.055019967,0.021247163,0.0915,0.048679035,1.0,,,,,,,,,,,,,,,,,,,,,,,,,,,,,,,,,,,,,,,,,,,,
245.0,-0.009512632257234198,0.0843673124909401,0.00047322511090897024,0.5917573571205139,0.0,0.020536693,0.004439011,0.9995267,0.07397806,0.032841016,-1.186406e-05,-0.013089895,0.017328978,0.008201122,-0.078662515,-0.056244787,-0.0045772847,0.091875,0.04887754,1.0,,,,,,,,,,,,,,,,,,,,,,,,,,,,,,,,,,,,,,,,,,,,
246.0,-0.009608480134550646,0.0844624787569046,0.0004732370434794575,0.5885981321334839,0.0,0.020847797,0.0045780716,0.9995267,0.07466538,0.03337457,-1.17008985e-05,-0.012959242,0.017557383,0.00829196,0.03089616,0.055031437,0.02123274,0.09225,0.049076036,1.0,,,,,,,,,,,,,,,,,,,,,,,,,,,,,,,,,,,,,,,,,,,,
247.0,-0.009704446850572817,0.08455450087785721,0.0004732966481242329,0.5854341983795166,0.0,0.021161806,0.0047193333,0.9995266,0.07536186,0.033902798,-1.1832345e-05,-0.013288975,0.01732564,0.008267164,-0.0786534,-0.056246065,-0.0045701186,0.092625,0.04927452,1.0,,,,,,,,,,,,,,,,,,,,,,,,,,,,,,,,,,,,,,,,,,,,
248.0,-0.009800532531074511,0.0846433937549591,0.0004733562527690083,0.5822656750679016,0.0,0.021478675,0.0048628515,0.99952656,0.07604861,0.034444287,-1.1629319e-05,-0.013158321,0.017553806,0.008357048,0.03089397,0.05504021,0.02101834,0.093,0.049472988,1.0,,,,,,,,,,,,,,,,,,,,,,,,,,,,,,,,,,,,,,,,,,,,
249.0,-0.00989672713839218,0.0847291350364685,0.0004733681562356651,0.5790927410125732,0.0,0.021798443,0.005008603,0.9995265,0.07674452,0.034980446,-1.1585115e-05,-0.013487816,0.017322302,0.008331299,-0.07864779,-0.056249958,-0.0047628805,0.093375,0.04967145,1.0,,,,,,,,,,,,,,,,,,,,,,,,,,,,,,,,,,,,,,,,,,,,
250.0,-0.009992719797026258,0.084811732172966,0.0004734277608804405,0.5759155750274658,0.0,0.022121072,0.005156644,0.99952644,0.07743068,0.03552986,-1.1425993e-05,-0.0133571625,0.017550707,0.008421183,0.030895315,0.05505161,0.021004004,0.09375,0.049869895,1.0,,,,,,,,,,,,,,,,,,,,,,,,,,,,,,,,,,,,,,,,,,,,
251.0,-0.010089267790035536,0.08489123731851578,0.00047347546205855906,0.5727344155311584,0.0,0.022446597,0.005306952,0.9995264,0.078126006,0.036073945,-1.13704145e-05,-0.013066292,0.017318964,0.008395433,0.07025955,-0.054997172,-0.007369235,0.094125,0.050068326,1.0,,,,,,,,,,,,,,,,,,,,,,,,,,,,,,,,,,,,,,,,,,,,
252.0,-0.010184813889710211,0.08496759831905365,0.00047348736552521586,0.5695493221282959,0.0,0.02277498,0.005459477,0.9995264,0.07881182,0.036605913,-1.0877371e-05,-0.013231993,0.017547369,0.008485317,-0.04017091,0.0544491,0.022254702,0.0945,0.050266746,1.0,,,,,,,,,,,,,,,,,,,,,,,,,,,,,,,,,,,,,,,,,,,,
253.0,-0.010281825078839827,0.08504091203212738,0.00047354697016999125,0.5663604736328125,0.0,0.023106256,0.0056142462,0.9995263,0.079506665,0.037144653,-1.1244616e-05,-0.012941122,0.017315626,0.008459806,0.070250146,-0.054996684,-0.0073790923,0.094875,0.050465155,1.0,,,,,,,,,,,,,,,,,,,,,,,,,,,,,,,,,,,,,,,,,,,,
254.0,-0.010377542776329098,0.0851111114025116,0.00047360657481476665,0.5631682872772217,0.0,0.02344039,0.00577121,0.99952626,0.080192,0.03767129,-1.0653961e-05,-0.013106585,0.017543793,0.008549452,-0.040187165,0.05443903,0.022258306,0.09525,0.05066355,1.0,,,,,,,,,,,,,,,,,,,,,,,,,,,,,,,,,,,,,,,,,,,,
255.0,-0.010474711528452852,0.08517827093601227,0.00047360657481476665,0.5599727630615234,0.0,0.023777418,0.0059303963,0.9995262,0.08088639,0.0382047,-1.0859304e-05,-0.012815952,0.017312288,0.008523941,0.07024075,-0.054996196,-0.00738894,0.095625,0.050861932,1.0,,,,,,,,,,,,,,,,,,,,,,,,,,,,,,,,,,,,,,,,,,,,
256.0,-0.010570581797007823,0.0852423682808876,0.00047366617945954204,0.5567740797996521,0.0,0.024117297,0.006091755,0.9995262,0.08157125,0.038726006,-1.030815e-05,-0.012981415,0.017540455,0.008613586,-0.04020341,0.05442896,0.022261905,0.096,0.051060304,1.0,,,,,,,,,,,,,,,,,,,,,,,,,,,,,,,,,,,,,,,,,,,,
257.0,-0.010667890976187347,0.0853034183382988,0.00047370194806717336,0.5535724759101868,0.0,0.024460068,0.0062553133,0.99952614,0.08226516,0.039254088,-1.0687281e-05,-0.012690783,0.017308712,0.008587837,0.070231356,-0.05499571,-0.0073987786,0.096375,0.05125866,1.0,,,,,,,,,,,,,,,,,,,,,,,,,,,,,,,,,,,,,,,,,,,,
258.0,-0.010763891500277614,0.08536143600940704,0.0004737257841043174,0.550368070602417,0.0,0.024805691,0.006421022,0.9995261,0.08294956,0.03977007,-1.0096909e-05,-0.012856483,0.017536879,0.008677721,-0.04021965,0.054418895,0.022265494,0.09675,0.051457006,1.0,,,,,,,,,,,,,,,,,,,,,,,,,,,,,,,,,,,,,,,,,,,,
259.0,-0.01086117745174686,0.08541644364595413,0.0004737853887490928,0.5471610426902771,0.0,0.025154205,0.006588909,0.9995261,0.08364299,0.040292837,-1.0300444e-05,-0.012565851,0.017305374,0.008651972,0.070221975,-0.054995224,-0.0074086073,0.097125,0.051655337,1.0,,,,,,,,,,,,,,,,,,,,,,,,,,,,,,,,,,,,,,,,,,,,
260.0,-0.010957147239964061,0.08546844869852066,0.0004737973213195801,0.5439514517784119,0.0,0.025505567,0.0067589236,0.999526,0.0843269,0.0408035,-9.936707e-06,-0.012731314,0.017246008,0.00874567,-0.03962378,-0.014601616,0.023136195,0.0975,0.051853657,1.0,,,,,,,,,,,,,,,,,,,,,,,,,,,,,,,,,,,,,,,,,,,,
261.0,-0.011054531961393242,0.0855175107717514,0.0004738449933938682,0.5407397747039795,0.0,0.025859768,0.0069310935,0.99952596,0.08500811,0.04132085,-9.88178e-06,-0.012440681,0.016726732,0.008723259,0.070838965,-0.12398933,-0.006520011,0.097875,0.05205196,1.0,,,,,,,,,,,,,,,,,,,,,,,,,,,,,,,,,,,,,,,,,,,,
262.0,-0.011150584350455017,0.08556360006332397,0.00047388076200149953,0.53752601146698,0.0,0.026216717,0.0071053687,0.99952596,0.08566804,0.041825995,-9.200671e-06,-0.012606382,0.016667366,0.0088169575,-0.039646268,-0.014579746,0.023108013,0.09825,0.052250255,1.0,,,,,,,,,,,,,,,,,,,,,,,,,,,,,,,,,,,,,,,,,,,,
263.0,-0.011248044900006972,0.08560676872730255,0.00047391653060913086,0.5343104004859924,0.0,0.026576405,0.007281776,0.9995259,0.086325265,0.042337824,-9.404783e-06,-0.01231575,0.016148329,0.008794546,0.07084115,-0.12395597,-0.006498628,0.098625,0.052448537,1.0,,,,,,,,,,,,,,,,,,,,,,,,,,,,,,,,,,,,,,,,,,,,
264.0,-0.011344164851093685,0.08564704656600952,0.0004739403666462749,0.5310930013656616,0.0,0.026938744,0.0074602654,0.99952585,0.086961225,0.04283745,-8.676778e-06,-0.012481689,0.016089201,0.008888006,-0.03966873,-0.014557886,0.02307983,0.099,0.0526468,1.0,,,,,,,,,,,,,,,,,,,,,,,,,,,,,,,,,,,,,,,,,,,,
265.0,-0.011441685143392308,0.08568443357944489,0.00047397613525390625,0.5278739929199219,0.0,0.027303722,0.0076408647,0.99952585,0.087594494,0.043343764,-8.708644e-06,-0.012191057,0.015570164,0.008865595,0.07084332,-0.12392264,-0.0064772456,0.099375,0.052845057,1.0,,,,,,,,,,,,,,,,,,,,,,,,,,,,,,,,,,,,,,,,,,,,
266.0,-0.011537847638295944,0.08571894466876984,0.0004740119038615376,0.5246537923812866,0.0,0.027671248,0.007823522,0.9995258,0.08820651,0.043837875,-8.218808e-06,-0.012356997,0.015511036,0.008959055,-0.039691176,-0.014536035,0.023051646,0.09975,0.053043295,1.0,,,,,,,,,,,,,,,,,,,,,,,,,,,,,,,,,,,,,,,,,,,,
267.0,-0.011635405240240154,0.08575060218572617,0.00047403573989868164,0.5214321613311768,0.0,0.028041314,0.008008267,0.9995257,0.08881584,0.04433868,-8.195485e-06,-0.012066364,0.014992237,0.008936644,0.07084547,-0.12388932,-0.0064558643,0.100125,0.053241525,1.0,,,,,,,,,,,,,,,,,,,,,,,,,,,,,,,,,,,,,,,,,,,,
268.0,-0.011731597620835102,0.08577944338321686,0.00047407150850631297,0.5182095766067505,0.0,0.02841383,0.008195047,0.9995257,0.089403935,0.044827282,-7.5484954e-06,-0.012232304,0.014933348,0.009030104,-0.0397136,-0.014514194,0.023023462,0.1005,0.053439736,1.0,,,,,,,,,,,,,,,,,,,,,,,,,,,,,,,,,,,,,,,,,,,,
269.0,-0.01182916532466484,0.0858054906129837,0.00047409534454345703,0.5149862170219421,0.0,0.028788786,0.008383892,0.99952567,0.08998935,0.045322582,-7.746633e-06,-0.01194191,0.014414549,0.009007454,0.0708476,-0.12385602,-0.006434484,0.100875,0.053637937,1.0,,,,,,,,,,,,,,,,,,,,,,,,,,,,,,,,,,,,,,,,,,,,
270.0,-0.011925362878150943,0.08582878112792969,0.00047413111315108836,0.5117620825767517,0.0,0.029166093,0.008574748,0.99952567,0.09055354,0.045805678,-7.061513e-06,-0.012107849,0.0143556595,0.009100914,-0.039736003,-0.014492362,0.022995278,0.10125,0.053836126,1.0,,,,,,,,,,,,,,,,,,,,,,,,,,,,,,,,,,,,,,,,,,,,
271.0,-0.012022923456644505,0.08584927022457123,0.00047413111315108836,0.5085375905036926,0.0,0.02954574,0.008767646,0.9995256,0.09111506,0.046295475,-7.2692596e-06,-0.011817455,0.013837099,0.009078264,0.07084972,-0.12382275,-0.006413105,0.101625,0.054034296,1.0,,,,,,,,,,,,,,,,,,,,,,,,,,,,,,,,,,,,,,,,,,,,
272.0,-0.012119103513928942,0.08586706221103668,0.00047419071779586375,0.5053126811981201,0.0,0.029927636,0.008962534,0.9995256,0.091655366,0.046773072,-6.59569e-06,-0.011983633,0.013778448,0.009171724,-0.03975838,-0.014470538,0.022967095,0.102,0.05423246,1.0,,,,,,,,,,,,,,,,,,,,,,,,,,,,,,,,,,,,,,,,,,,,
273.0,-0.012216639177443495,0.08588214218616486,0.00047419071779586375,0.5020876526832581,0.0,0.030311774,0.009159439,0.99952555,0.09219301,0.04725737,-6.801385e-06,-0.011693239,0.013259888,0.009149075,0.07085181,-0.12378949,-0.0063917264,0.102375,0.054430604,1.0,,,,,,,,,,,,,,,,,,,,,,,,,,,,,,,,,,,,,,,,,,,,
274.0,-0.012312778468438638,0.08589448034763336,0.0004742383898701519,0.49886271357536316,0.0,0.030698063,0.009358312,0.99952555,0.09270945,0.047729474,-6.1420888e-06,-0.011859417,0.013201237,0.009242535,-0.03978074,-0.014448725,0.022938909,0.10275,0.054628737,1.0,,,,,,,,,,,,,,,,,,,,,,,,,,,,,,,,,,,,,,,,,,,,
275.0,-0.012410252218881377,0.08590420335531235,0.00047425032244063914,0.495638370513916,0.0,0.031086493,0.009559181,0.99952555,0.09322325,0.048208278,-6.3450875e-06,-0.011569023,0.012682915,0.009219646,0.0708539,-0.12375625,-0.006370349,0.103125,0.054826856,1.0,,,,,,,,,,,,,,,,,,,,,,,,,,,,,,,,,,,,,,,,,,,,
276.0,-0.012506299407941221,0.08591121435165405,0.0004742741584777832,0.4924151301383972,0.0,0.031476974,0.009761992,0.9995255,0.093715854,0.048674885,-5.8841406e-06,-0.011735439,0.012624264,0.009313107,-0.039803077,-0.014426921,0.022910723,0.1035,0.055024963,1.0,,,,,,,,,,,,,,,,,,,,,,,,,,,,,,,,,,,,,,,,,,,,
277.0,-0.012603662280045252,0.08591563999652863,0.00047430992708541453,0.4891931414604187,0.0,0.0318695,0.009966777,0.9995255,0.09420582,0.049148206,-5.8573128e-06,-0.0114450455,0.012105942,0.009290218,0.07085595,-0.12372303,-0.0063489727,0.103875,0.055223055,1.0,,,,,,,,,,,,,,,,,,,,,,,,,,,,,,,,,,,,,,,,,,,,
278.0,-0.012699584945039418,0.08591745793819427,0.0004743337631225586,0.48597270250320435,0.0,0.03226398,0.010173482,0.9995254,0.09467461,0.049609326,-5.4640554e-06,-0.011611462,0.012047529,0.00938344,-0.03982539,-0.014405126,0.022882538,0.10425,0.055421133,1.0,,,,,,,,,,,,,,,,,,,,,,,,,,,,,,,,,,,,,,,,,,,,
279.0,-0.012796813255619011,0.0859166830778122,0.0004743337631225586,0.48275384306907654,0.0,0.0326604,0.010382137,0.9995254,0.09514077,0.05007716,-5.421983e-06,-0.011321068,0.011529446,0.009360552,0.070858,-0.12368983,-0.0063275974,0.104625,0.055619195,1.0,,,,,,,,,,,,,,,,,,,,,,,,,,,,,,,,,,,,,,,,,,,,
280.0,-0.012892591098694131,0.08591334521770477,0.000474393367767334,0.47953689098358154,0.0,0.033058673,0.01059269,0.9995254,0.095585756,0.0505328,-5.0460617e-06,-0.011487722,0.011471033,0.0094537735,-0.039847687,-0.01438334,0.022854352,0.105,0.055817246,1.0,,,,,,,,,,,,,,,,,,,,,,,,,,,,,,,,,,,,,,,,,,,,
281.0,-0.012989657568626379,0.0859074667096138,0.000474393367767334,0.47632208466529846,0.0,0.033458788,0.01080517,0.99952537,0.09602813,0.050995152,-5.1844927e-06,-0.011197329,0.010953188,0.009430885,0.07086003,-0.12365665,-0.0063062226,0.105375,0.056015283,1.0,,,,,,,,,,,,,,,,,,,,,,,,,,,,,,,,,,,,,,,,,,,,
282.0,-0.013085259845047428,0.08589901775121689,0.00047441720380447805,0.473109632730484,0.0,0.03386066,0.011019525,0.99952537,0.09644934,0.051445313,-4.596023e-06,-0.011363983,0.010894775,0.009524107,-0.03986996,-0.014361564,0.022826165,0.10575,0.056213304,1.0,,,,,,,,,,,,,,,,,,,,,,,,,,,,,,,,,,,,,,,,,,,,
283.0,-0.01318213647928242,0.08588813245296478,0.0004744529724121094,0.4698998034000397,0.0,0.034264278,0.011235785,0.99952537,0.09686795,0.05190219,-4.784954e-06,-0.011073589,0.01037693,0.00950098,0.07086203,-0.12362349,-0.0062848497,0.106125,0.05641131,1.0,,,,,,,,,,,,,,,,,,,,,,,,,,,,,,,,,,,,,,,,,,,,
284.0,-0.013277534894812381,0.08587472140789032,0.00047447680844925344,0.46669280529022217,0.0,0.03466955,0.011453897,0.9995253,0.09726541,0.052346878,-4.3823097e-06,-0.011240244,0.010318756,0.009594202,-0.03989221,-0.014339797,0.022797978,0.1065,0.056609306,1.0,,,,,,,,,,,,,,,,,,,,,,,,,,,,,,,,,,,,,,,,,,,,
285.0,-0.01337419260203535,0.08585889637470245,0.00047447680844925344,0.46348893642425537,0.0,0.03507647,0.011673889,0.9995253,0.09766027,0.05279829,-4.3443138e-06,-0.0109500885,0.009800911,0.009571075,0.07086403,-0.12359035,-0.0062634773,0.106875,0.056807287,1.0,,,,,,,,,,,,,,,,,,,,,,,,,,,,,,,,,,,,,,,,,,,,
286.0,-0.013469575672310727,0.0858406126499176,0.00047451257705688477,0.4602883756160736,0.0,0.035484944,0.011895712,0.9995253,0.098033994,0.05323751,-4.0086406e-06,-0.0111169815,0.009742975,0.009664297,-0.03991444,-0.01431804,0.02276979,0.10725,0.057005253,1.0,,,,,,,,,,,,,,,,,,,,,,,,,,,,,,,,,,,,,,,,,,,,
287.0,-0.013566207818013232,0.08581987768411636,0.00047453641309402883,0.4570913016796112,0.0,0.035894964,0.012119394,0.99952525,0.09840514,0.05368345,-4.1394874e-06,-0.010826588,0.009660482,0.009636402,0.06984561,-0.019147748,-0.007402865,0.107625,0.057203203,1.0,,,,,,,,,,,,,,,,,,,,,,,,,,,,,,,,,,,,,,,,,,,,
288.0,-0.013661330189411004,0.08579674363136292,0.00047453641309402883,0.4538981020450592,0.0,0.03630652,0.012344883,0.99952525,0.09877294,0.054117378,-3.7619086e-06,-0.010993719,0.010037422,0.009724855,-0.040939964,0.09008874,0.021628717,0.108,0.05740114,1.0,,,,,,,,,,,,,,,,,,,,,,,,,,,,,,,,,,,,,,,,,,,,
289.0,-0.013757590017042822,0.08577120304107666,0.0004745841142721474,0.4507089853286743,0.0,0.03671967,0.012572208,0.99952525,0.09915595,0.054558203,-4.076744e-06,-0.010703325,0.009954691,0.009696722,0.06983048,-0.019164277,-0.0074289846,0.108375,0.057599064,1.0,,,,,,,,,,,,,,,,,,,,,,,,,,,,,,,,,,,,,,,,,,,,
290.0,-0.013852325935734147,0.0857432633638382,0.0004745960177388042,0.4475242495536804,0.0,0.037134398,0.012801321,0.99952525,0.0995356,0.054987017,-3.8403996e-06,-0.010870457,0.01014328,0.009787321,-0.04051005,0.04488243,0.02213208,0.10875,0.057796974,1.0,,,,,,,,,,,,,,,,,,,,,,,,,,,,,,,,,,,,,,,,,,,,
291.0,-0.013948145303219736,0.08571293205022812,0.0004746198537759483,0.44434407353401184,0.0,0.037550744,0.013032248,0.9995252,0.09992276,0.055422664,-4.046973e-06,-0.010580301,0.0098724365,0.009761095,0.07026727,-0.064349495,-0.0069508185,0.109125,0.057994865,1.0,,,,,,,,,,,,,,,,,,,,,,,,,,,,,,,,,,,,,,,,,,,,
292.0,-0.014042428998073411,0.08568022400140762,0.0004746198537759483,0.4411686658859253,0.0,0.037968658,0.013264941,0.9995252,0.100298874,0.055846225,-3.5764901e-06,-0.010747194,0.010061026,0.009851694,-0.04052705,0.044876717,0.022131143,0.1095,0.058192745,1.0,,,,,,,,,,,,,,,,,,,,,,,,,,,,,,,,,,,,,,,,,,,,
293.0,-0.014137911458160627,0.08564520627260208,0.0004746437189169228,0.4379984438419342,0.0,0.038388167,0.013499428,0.9995252,0.10068249,0.056276616,-3.8365547e-06,-0.010457039,0.009789944,0.0098257065,0.07025954,-0.0643446,-0.006956304,0.109875,0.05839061,1.0,,,,,,,,,,,,,,,,,,,,,,,,,,,,,,,,,,,,,,,,,,,,
294.0,-0.014231839725126202,0.08560781925916672,0.0004746794584207237,0.4348335862159729,0.0,0.03880923,0.013735656,0.9995252,0.101055056,0.056694925,-3.5398589e-06,-0.01062417,0.009978771,0.009916306,-0.040544037,0.044871002,0.022130199,0.11025,0.05858846,1.0,,,,,,,,,,,,,,,,,,,,,,,,,,,,,,,,,,,,,,,,,,,,
295.0,-0.014326946941486948,0.08556818962097168,0.0004746794584207237,0.4316745698451996,0.0,0.039231874,0.013973656,0.9995251,0.101435125,0.05712007,-3.757687e-06,-0.010334253,0.009707689,0.0098900795,0.070251815,-0.064339705,-0.0069617825,0.110625,0.058786295,1.0,,,,,,,,,,,,,,,,,,,,,,,,,,,,,,,,,,,,,,,,,,,,
296.0,-0.014420486989206487,0.08552626520395279,0.0004746794584207237,0.42852139472961426,0.0,0.03965606,0.014213378,0.9995251,0.10180416,0.057533138,-3.2893483e-06,-0.010501385,0.009896278,0.009980679,-0.04056102,0.04486529,0.022129249,0.111,0.058984116,1.0,,,,,,,,,,,,,,,,,,,,,,,,,,,,,,,,,,,,,,,,,,,,
297.0,-0.014515191406302941,0.08548209071159363,0.0004747033235616982,0.4253745675086975,0.0,0.040081814,0.014454849,0.9995251,0.10218068,0.05795304,-3.546003e-06,-0.010211229,0.009625435,0.0099544525,0.070244096,-0.06433482,-0.0069672535,0.111375,0.059181925,1.0,,,,,,,,,,,,,,,,,,,,,,,,,,,,,,,,,,,,,,,,,,,,
298.0,-0.014608307568752029,0.0854356437921524,0.00047473906306549907,0.4222342371940613,0.0,0.04050909,0.014698019,0.9995251,0.10254617,0.05836087,-3.2548899e-06,-0.010378599,0.009814024,0.010045052,-0.040577997,0.044859577,0.022128291,0.11175,0.059379715,1.0,,,,,,,,,,,,,,,,,,,,,,,,,,,,,,,,,,,,,,,,,,,,
299.0,-0.014702574199353741,0.08538703620433807,0.00047473906306549907,0.4191007614135742,0.0,0.04093792,0.014942917,0.99952507,0.10291916,0.05877554,-3.4685004e-06,-0.010088444,0.009542942,0.0100188255,0.070236385,-0.06432994,-0.0069727176,0.112125,0.05957749,1.0,,,,,,,,,,,,,,,,,,,,,,,,,,,,,,,,,,,,,,,,,,,,
300.0,-0.014795230598918626,0.08533620089292526,0.0004747629282064736,0.41597455739974976,0.0,0.041368257,0.015189493,0.99952507,0.10328111,0.05917814,-3.0059305e-06,-0.010255814,0.009731531,0.010109425,-0.04059496,0.044853866,0.022127328,0.1125,0.059775252,1.0,,,,,,,,,,,,,,,,,,,,,,,,,,,,,,,,,,,,,,,,,,,,
301.0,-0.014889017657199521,0.08528322726488113,0.0004747629282064736,0.4128558337688446,0.0,0.041800134,0.015437774,0.99952507,0.10365056,0.059587583,-3.2583248e-06,-0.009965897,0.009460688,0.01008296,0.07022867,-0.06432506,-0.0069781747,0.112875,0.059973,1.0,,,,,,,,,,,,,,,,,,,,,,,,,,,,,,,,,,,,,,,,,,,,
302.0,-0.014981175888188866,0.0852280855178833,0.0004747629282064736,0.4097450077533722,0.0,0.042233504,0.015687712,0.99952507,0.10400898,0.059984952,-2.9729879e-06,-0.010133266,0.009649277,0.010173559,-0.040611923,0.04484816,0.02212636,0.11325,0.060170732,1.0,,,,,,,,,,,,,,,,,,,,,,,,,,,,,,,,,,,,,,,,,,,,
303.0,-0.015074443287171474,0.08517082780599594,0.000474822532851249,0.4066424071788788,0.0,0.0426684,0.015939333,0.99952507,0.10437489,0.060389172,-3.1823356e-06,-0.009843349,0.009378195,0.010147333,0.07022097,-0.06432018,-0.0069836243,0.113625,0.06036845,1.0,,,,,,,,,,,,,,,,,,,,,,,,,,,,,,,,,,,,,,,,,,,,
304.0,-0.015166063817258418,0.08511145412921906,0.000474822532851249,0.40354833006858826,0.0,0.043104775,0.016192589,0.999525,0.10472977,0.060781326,-2.909486e-06,-0.010010719,0.009566784,0.010237932,-0.040628877,0.044842448,0.022125382,0.114,0.06056615,1.0,,,,,,,,,,,,,,,,,,,,,,,,,,,,,,,,,,,,,,,,,,,,
305.0,-0.015258775546680684,0.08504997938871384,0.000474822532851249,0.4004630744457245,0.0,0.043542657,0.016447507,0.999525,0.10509215,0.061180335,-2.930503e-06,-0.009721041,0.009295702,0.010211468,0.07021327,-0.064315304,-0.0069890665,0.114375,0.060763836,1.0,,,,,,,,,,,,,,,,,,,,,,,,,,,,,,,,,,,,,,,,,,,,
306.0,-0.01534981979394893,0.08498648554086685,0.00047484636888839304,0.3973870277404785,0.0,0.043982007,0.016704038,0.999525,0.1054435,0.061567273,-2.7042354e-06,-0.009888411,0.009484291,0.010302067,-0.04064582,0.04483674,0.0221244,0.11475,0.060961507,1.0,,,,,,,,,,,,,,,,,,,,,,,,,,,,,,,,,,,,,,,,,,,,
307.0,-0.015441930633554013,0.08492090553045273,0.00047484636888839304,0.39432063698768616,0.0,0.04442285,0.016962208,0.999525,0.10580235,0.06196107,-2.896814e-06,-0.009598732,0.009213448,0.010275602,0.07020558,-0.06431044,-0.0069945017,0.115125,0.061159164,1.0,,,,,,,,,,,,,,,,,,,,,,,,,,,,,,,,,,,,,,,,,,,,
308.0,-0.015532347509520834,0.08485331386327744,0.00047485827235504985,0.3912643492221832,0.0,0.044865143,0.01722197,0.999525,0.10615016,0.0623428,-2.6326663e-06,-0.009766102,0.009402037,0.010366201,-0.040662758,0.044831034,0.022123411,0.1155,0.061356805,1.0,,,,,,,,,,,,,,,,,,,,,,,,,,,,,,,,,,,,,,,,,,,,
309.0,-0.015623808073551165,0.08478372544050217,0.00047488213749602437,0.388218492269516,0.0,0.045308914,0.01748335,0.99952495,0.106505476,0.06273139,-2.8326815e-06,-0.009476423,0.009130955,0.010339737,0.07019788,-0.06430557,-0.00699993,0.115875,0.06155443,1.0,,,,,,,,,,,,,,,,,,,,,,,,,,,,,,,,,,,,,,,,,,,,
310.0,-0.01571355572138182,0.08471217006444931,0.00047490597353316844,0.3851833939552307,0.0,0.04575412,0.0177463,0.99952495,0.10684977,0.06310793,-2.3852201e-06,-0.0096440315,0.009319544,0.010430574,-0.04067969,0.044825327,0.022122415,0.11625,0.06175204,1.0,,,,,,,,,,,,,,,,,,,,,,,,,,,,,,,,,,,,,,,,,,,,
311.0,-0.01580432504032715,0.08463864028453827,0.00047490597353316844,0.3821594715118408,0.0,0.046200793,0.018010847,0.99952495,0.107201554,0.06349132,-2.6268053e-06,-0.009354353,0.009048462,0.010403872,0.0701902,-0.064300716,-0.0070053507,0.116625,0.061949633,1.0,,,,,,,,,,,,,,,,,,,,,,,,,,,,,,,,,,,,,,,,,,,,
312.0,-0.015893349712829834,0.08456317335367203,0.00047490597353316844,0.37914735078811646,0.0,0.046648886,0.018276941,0.99952495,0.10754231,0.06386267,-2.3559157e-06,-0.009521961,0.009237051,0.010494471,-0.040696613,0.04481962,0.022121413,0.117,0.062147215,1.0,,,,,,,,,,,,,,,,,,,,,,,,,,,,,,,,,,,,,,,,,,,,
313.0,-0.015983366189928804,0.08448579907417297,0.00047491787699982524,0.37614741921424866,0.0,0.04709843,0.018544612,0.99952495,0.10789057,0.06424087,-2.5546076e-06,-0.009232283,0.0089662075,0.010468006,0.07018251,-0.06429586,-0.0070107644,0.117375,0.06234478,1.0,,,,,,,,,,,,,,,,,,,,,,,,,,,,,,,,,,,,,,,,,,,,
314.0,-0.016071616197156573,0.0844065248966217,0.00047494174214079976,0.3731600344181061,0.0,0.04754938,0.018813808,0.9995249,0.108227804,0.06460702,-2.2961617e-06,-0.009399891,0.009154558,0.010558605,-0.04071353,0.044813916,0.022120405,0.11775,0.06254233,1.0,,,,,,,,,,,,,,,,,,,,,,,,,,,,,,,,,,,,,,,,,,,,
315.0,-0.016160831390032354,0.08432536572217941,0.00047494174214079976,0.3701857328414917,0.0,0.048001766,0.019084558,0.9995249,0.10857254,0.064980045,-2.3065315e-06,-0.009110451,0.008883715,0.010532141,0.070174836,-0.064291,-0.007016171,0.118125,0.06273986,1.0,,,,,,,,,,,,,,,,,,,,,,,,,,,,,,,,,,,,,,,,,,,,
316.0,-0.016248248658915963,0.0842423290014267,0.0004749655781779438,0.3672250211238861,0.0,0.048455544,0.019356813,0.9995249,0.10890625,0.06534101,-2.09466e-06,-0.009278059,0.009072065,0.01062274,-0.04073044,0.044808213,0.02211939,0.1185,0.06293737,1.0,,,,,,,,,,,,,,,,,,,,,,,,,,,,,,,,,,,,,,,,,,,,
317.0,-0.016336601169318513,0.08415751159191132,0.0004749655781779438,0.3642784357070923,0.0,0.04891074,0.0196306,0.9995249,0.10924746,0.06570885,-2.2765953e-06,-0.008988619,0.008801222,0.010596037,0.07016716,-0.06428615,-0.00702157,0.118875,0.06313487,1.0,,,,,,,,,,,,,,,,,,,,,,,,,,,,,,,,,,,,,,,,,,,,
318.0,-0.01642312472757549,0.08407087624073029,0.0004749894142150879,0.3613464832305908,0.0,0.049367312,0.019905869,0.9995249,0.10957765,0.06606465,-2.0268317e-06,-0.0091564655,0.0089895725,0.010686636,-0.04074734,0.044802513,0.02211837,0.11925,0.06333236,1.0,,,,,,,,,,,,,,,,,,,,,,,,,,,,,,,,,,,,,,,,,,,,
319.0,-0.016510548378238222,0.08398240804672241,0.0004749894142150879,0.35842978954315186,0.0,0.049825296,0.020182649,0.9995249,0.10991534,0.06642732,-2.216208e-06,-0.008867025,0.008718729,0.010659933,0.07015949,-0.06428131,-0.0070269625,0.119625,0.06352983,1.0,,,,,,,,,,,,,,,,,,,,,,,,,,,,,,,,,,,,,,,,,,,,
320.0,-0.01659611302739513,0.08389219641685486,0.00047500134678557515,0.3555287718772888,0.0,0.050284635,0.02046089,0.9995249,0.110242,0.066777945,-1.9670701e-06,-0.009034872,0.00890708,0.010750532,-0.040764235,0.04479681,0.022117341,0.12,0.06372728,1.0,,,,,,,,,,,,,,,,,,,,,,,,,,,,,,,,,,,,,,,,,,,,
321.0,-0.016682546128880586,0.08380023390054703,0.00047500134678557515,0.35264408588409424,0.0,0.050745368,0.020740623,0.99952483,0.110576175,0.06713545,-2.1548472e-06,-0.008745432,0.008636236,0.010723829,0.07015182,-0.064276464,-0.0070323474,0.120375,0.06392472,1.0,,,,,,,,,,,,,,,,,,,,,,,,,,,,,,,,,,,,,,,,,,,,
322.0,-0.01676708125392438,0.08370652049779892,0.00047500134678557515,0.34977635741233826,0.0,0.05120745,0.021021793,0.99952483,0.11089932,0.067480914,-1.7245043e-06,-0.008913279,0.008824587,0.010814667,-0.04078112,0.04479111,0.022116307,0.12075,0.06412214,1.0,,,,,,,,,,,,,,,,,,,,,,,,,,,,,,,,,,,,,,,,,,,,
323.0,-0.016852448472237304,0.0836111530661583,0.0004750251828227192,0.3469262421131134,0.0,0.05167091,0.02130443,0.99952483,0.11122997,0.06783327,-1.9533597e-06,-0.008623838,0.008553743,0.010787725,0.070144154,-0.06427163,-0.0070377253,0.121125,0.06431954,1.0,,,,,,,,,,,,,,,,,,,,,,,,,,,,,,,,,,,,,,,,,,,,
324.0,-0.016935878716239722,0.0835140198469162,0.0004750251828227192,0.34409433603286743,0.0,0.0521357,0.021588488,0.99952483,0.1115496,0.06817357,-1.6996954e-06,-0.0087919235,0.008742094,0.010878563,-0.040798,0.04478541,0.022115266,0.1215,0.06451694,1.0,,,,,,,,,,,,,,,,,,,,,,,,,,,,,,,,,,,,,,,,,,,,
325.0,-0.017020102666155165,0.08341527730226517,0.0004750251828227192,0.34128132462501526,0.0,0.05260185,0.02187399,0.99952483,0.11187674,0.06852076,-1.8856309e-06,-0.008502483,0.0084712505,0.010851622,0.0701365,-0.06426679,-0.007043096,0.121875,0.06471431,1.0,,,,,,,,,,,,,,,,,,,,,,,,,,,,,,,,,,,,,,,,,,,,
326.0,-0.01710234742354005,0.08331482857465744,0.0004750251828227192,0.33848798274993896,0.0,0.053069323,0.02216089,0.99952483,0.112192854,0.06885592,-1.6444072e-06,-0.0086705685,0.008659601,0.010942221,-0.040814873,0.044779714,0.02211422,0.12225,0.06491166,1.0,,,,,,,,,,,,,,,,,,,,,,,,,,,,,,,,,,,,,,,,,,,,
327.0,-0.01718534525665641,0.08321283757686615,0.0004750490188598633,0.3357148766517639,0.0,0.05353814,0.022449216,0.99952483,0.11251648,0.06919797,-1.8259711e-06,-0.008381367,0.008388758,0.010915279,0.07012884,-0.064261965,-0.0070484593,0.122625,0.06510901,1.0,,,,,,,,,,,,,,,,,,,,,,,,,,,,,,,,,,,,,,,,,,,,
328.0,-0.01726632419661073,0.08310915529727936,0.00047506095143035054,0.3329627811908722,0.0,0.05400826,0.022738915,0.99952483,0.11282908,0.069527976,-1.588139e-06,-0.008549452,0.008577108,0.011006117,-0.040831737,0.044774015,0.022113165,0.123,0.065306336,1.0,,,,,,,,,,,,,,,,,,,,,,,,,,,,,,,,,,,,,,,,,,,,
329.0,-0.017348008473355277,0.0830039530992508,0.0004750847874674946,0.33023253083229065,0.0,0.05447972,0.023030018,0.9995248,0.11314919,0.06986489,-1.7674552e-06,-0.00826025,0.008306265,0.010979176,0.0701212,-0.06425714,-0.0070538158,0.123375,0.06550364,1.0,,,,,,,,,,,,,,,,,,,,,,,,,,,,,,,,,,,,,,,,,,,,
330.0,-0.017427626413408507,0.0828971415758133,0.0004750847874674946,0.327524870634079,0.0,0.05495246,0.023322476,0.9995248,0.11345828,0.07018976,-1.348562e-06,-0.008428335,0.008494616,0.011069775,-0.040848594,0.04476832,0.022112105,0.12375,0.06570093,1.0,,,,,,,,,,,,,,,,,,,,,,,,,,,,,,,,,,,,,,,,,,,,
331.0,-0.01750789678633228,0.08278878033161163,0.0004750847874674946,0.32484081387519836,0.0,0.055426523,0.023616316,0.9995248,0.11377488,0.07052153,-1.5689252e-06,-0.008139133,0.008223772,0.011042833,0.07011355,-0.06425232,-0.007059165,0.124125,0.06589821,1.0,,,,,,,,,,,,,,,,,,,,,,,,,,,,,,,,,,,,,,,,,,,,
332.0,-0.017586052832818954,0.0826789066195488,0.0004750847874674946,0.32218095660209656,0.0,0.055901855,0.023911487,0.9995248,0.11408047,0.070841275,-1.3267123e-06,-0.008307457,0.008412123,0.011133671,-0.040865444,0.044762623,0.022111038,0.1245,0.066095464,1.0,,,,,,,,,,,,,,,,,,,,,,,,,,,,,,,,,,,,,,,,,,,,
333.0,-0.017664815521106266,0.08256753534078598,0.0004750847874674946,0.31954625248908997,0.0,0.056378495,0.02420802,0.9995248,0.114393555,0.07116792,-1.5041539e-06,-0.008018255,0.008141041,0.011106491,0.07010591,-0.0642475,-0.007064507,0.124875,0.06629271,1.0,,,,,,,,,,,,,,,,,,,,,,,,,,,,,,,,,,,,,,,,,,,,
334.0,-0.017741405687229147,0.08245467394590378,0.0004750847874674946,0.31693771481513977,0.0,0.056856394,0.024505865,0.9995248,0.11469563,0.07148254,-1.2743759e-06,-0.008186579,0.00832963,0.011197329,-0.040882286,0.04475693,0.022109965,0.12525,0.066489935,1.0,,,,,,,,,,,,,,,,,,,,,,,,,,,,,,,,,,,,,,,,,,,,
335.0,-0.017818549548946568,0.08234035223722458,0.0004750847874674946,0.31435608863830566,0.0,0.05733558,0.024805048,0.9995248,0.11500521,0.07180407,-1.4474476e-06,-0.007897377,0.008058548,0.011170149,0.07009827,-0.06424268,-0.007069842,0.125625,0.066687144,1.0,,,,,,,,,,,,,,,,,,,,,,,,,,,,,,,,,,,,,,,,,,,,
336.0,-0.01789346339748704,0.08222460001707077,0.00047510862350463867,0.31180253624916077,0.0,0.057816017,0.025105521,0.9995248,0.115303785,0.072113566,-1.2210542e-06,-0.0080657005,0.008246899,0.011260986,-0.040899124,0.044751238,0.022108886,0.126,0.06688434,1.0,,,,,,,,,,,,,,,,,,,,,,,,,,,,,,,,,,,,,,,,,,,,
337.0,-0.017968869101798922,0.08210740238428116,0.00047510862350463867,0.3092779815196991,0.0,0.058297724,0.025407312,0.9995248,0.11560986,0.07242998,-1.3918805e-06,-0.007776737,0.007976055,0.011233807,0.07009064,-0.06423787,-0.0070751696,0.126375,0.06708151,1.0,,,,,,,,,,,,,,,,,,,,,,,,,,,,,,,,,,,,,,,,,,,,
338.0,-0.018042199476492805,0.08198876678943634,0.00047510862350463867,0.30678343772888184,0.0,0.05878066,0.025710372,0.9995248,0.11590493,0.07273436,-1.1683713e-06,-0.007945061,0.008164406,0.011324644,-0.04091595,0.044745546,0.0221078,0.12675,0.06727867,1.0,,,,,,,,,,,,,,,,,,,,,,,,,,,,,,,,,,,,,,,,,,,,
339.0,-0.01811595983970433,0.08186881244182587,0.00047512055607512593,0.30431997776031494,0.0,0.059264857,0.02601473,0.9995248,0.1162075,0.07304566,-1.3370696e-06,-0.0076560974,0.007893562,0.011297464,0.07008301,-0.064233065,-0.0070804902,0.127125,0.06747581,1.0,,,,,,,,,,,,,,,,,,,,,,,,,,,,,,,,,,,,,,,,,,,,
340.0,-0.01818737132368742,0.08174745738506317,0.00047512055607512593,0.3018885850906372,0.0,0.05975027,0.026320335,0.9995247,0.11649907,0.073344946,-1.1164155e-06,-0.007824421,0.008081913,0.011388063,-0.04093277,0.044739854,0.022106709,0.1275,0.06767294,1.0,,,,,,,,,,,,,,,,,,,,,,,,,,,,,,,,,,,,,,,,,,,,
341.0,-0.01825914844816148,0.08162470161914825,0.00047512055607512593,0.29949042201042175,0.0,0.06023693,0.026627215,0.9995247,0.11679814,0.07365115,-1.0990397e-06,-0.007535696,0.007810831,0.011360884,0.070075385,-0.06422826,-0.007085804,0.127875,0.06787005,1.0,,,,,,,,,,,,,,,,,,,,,,,,,,,,,,,,,,,,,,,,,,,,
342.0,-0.018328511067550703,0.08150054514408112,0.00047512055607512593,0.29712650179862976,0.0,0.06072479,0.026935318,0.9995247,0.11708621,0.07394533,-9.244162e-07,-0.0077040195,0.007999182,0.011451721,-0.040949587,0.044734165,0.02210561,0.12825,0.06806714,1.0,,,,,,,,,,,,,,,,,,,,,,,,,,,,,,,,,,,,,,,,,,,,
343.0,-0.018398170729290727,0.08137507736682892,0.00047512055607512593,0.2947981059551239,0.0,0.06121388,0.02724468,0.9995247,0.11738178,0.07424643,-1.0787383e-06,-0.0074152946,0.0077283382,0.0114245415,0.07006776,-0.06422346,-0.0070911106,0.128625,0.068264216,1.0,,,,,,,,,,,,,,,,,,,,,,,,,,,,,,,,,,,,,,,,,,,,
344.0,-0.018465340518210045,0.0812482088804245,0.00047512055607512593,0.29250648617744446,0.0,0.061704155,0.027555244,0.9995247,0.11766635,0.07453552,-8.661649e-07,-0.0075838566,0.007916689,0.0115151405,-0.04096639,0.044728477,0.022104505,0.129,0.06846127,1.0,,,,,,,,,,,,,,,,,,,,,,,,,,,,,,,,,,,,,,,,,,,,
345.0,-0.018532737029424654,0.08112002909183502,0.00047514439211227,0.29025277495384216,0.0,0.06219565,0.027867042,0.9995247,0.11795843,0.07483153,-1.0279446e-06,-0.0072948933,0.007645607,0.011487961,0.07006015,-0.06421866,-0.00709641,0.129375,0.068658315,1.0,,,,,,,,,,,,,,,,,,,,,,,,,,,,,,,,,,,,,,,,,,,,
346.0,-0.01859757036457659,0.08099047094583511,0.00047516822814941406,0.2880382835865021,0.0,0.06268831,0.028180024,0.9995247,0.1182395,0.07511553,-8.159711e-07,-0.007463455,0.007833958,0.011578798,-0.04098319,0.044722788,0.022103393,0.12975,0.06885534,1.0,,,,,,,,,,,,,,,,,,,,,,,,,,,,,,,,,,,,,,,,,,,,
347.0,-0.01866255256955874,0.08085961639881134,0.00047516822814941406,0.2858642637729645,0.0,0.06318218,0.028494217,0.9995247,0.11852808,0.07540646,-9.761598e-07,-0.0071747303,0.007563114,0.01155138,0.070052534,-0.06421387,-0.007101702,0.130125,0.06905234,1.0,,,,,,,,,,,,,,,,,,,,,,,,,,,,,,,,,,,,,,,,,,,,
348.0,-0.018724890713931838,0.08072738349437714,0.00047516822814941406,0.28373217582702637,0.0,0.06367721,0.028809574,0.9995247,0.118805654,0.07568538,-7.669087e-07,-0.0073435307,0.007751465,0.011642218,-0.040999983,0.0447171,0.022102276,0.1305,0.06924933,1.0,,,,,,,,,,,,,,,,,,,,,,,,,,,,,,,,,,,,,,,,,,,,
349.0,-0.018787296658241394,0.08059384673833847,0.00047516822814941406,0.281643271446228,0.0,0.064173415,0.029126119,0.9995247,0.11909074,0.07597124,-9.250082e-07,-0.0070548058,0.007480383,0.0116147995,0.07004493,-0.06420908,-0.007106987,0.130875,0.0694463,1.0,,,,,,,,,,,,,,,,,,,,,,,,,,,,,,,,,,,,,,,,,,,,
350.0,-0.018846980319701927,0.08045900613069534,0.00047516822814941406,0.2795989215373993,0.0,0.06467077,0.029443808,0.9995247,0.11936483,0.076245084,-7.185949e-07,-0.0072233677,0.0076687336,0.011705637,-0.041016765,0.044711415,0.022101153,0.13125,0.06964325,1.0,,,,,,,,,,,,,,,,,,,,,,,,,,,,,,,,,,,,,,,,,,,,
351.0,-0.018906648683902405,0.08032288402318954,0.00047516822814941406,0.27760055661201477,0.0,0.0651693,0.029762665,0.9995247,0.11964643,0.07652587,-8.7457823e-07,-0.006934643,0.00739789,0.01167798,0.07003732,-0.0642043,-0.0071122646,0.131625,0.06984019,1.0,,,,,,,,,,,,,,,,,,,,,,,,,,,,,,,,,,,,,,,,,,,,
352.0,-0.018963507358152082,0.0801854208111763,0.00047516822814941406,0.27564963698387146,0.0,0.06566895,0.030082643,0.9995247,0.11991702,0.07679464,-6.7100734e-07,-0.007103443,0.0075860023,0.011768818,-0.041033544,0.04470573,0.022100022,0.132,0.07003711,1.0,,,,,,,,,,,,,,,,,,,,,,,,,,,,,,,,,,,,,,,,,,,,
353.0,-0.01902026343680223,0.08004669100046158,0.00047516822814941406,0.27374762296676636,0.0,0.06616976,0.030403769,0.9995247,0.12019513,0.07707036,-8.248736e-07,-0.0068149567,0.007315159,0.0117414,0.07002972,-0.064199515,-0.007117536,0.132375,0.070234016,1.0,,,,,,,,,,,,,,,,,,,,,,,,,,,,,,,,,,,,,,,,,,,,
354.0,-0.019074121934740746,0.07990668714046478,0.00047516822814941406,0.27189600467681885,0.0,0.06667169,0.030725995,0.9995247,0.12046224,0.077334076,-6.2414375e-07,-0.006983757,0.0075035095,0.011832237,-0.041050315,0.044700045,0.022098886,0.13275,0.0704309,1.0,,,,,,,,,,,,,,,,,,,,,,,,,,,,,,,,,,,,,,,,,,,,
355.0,-0.01912778891179619,0.07976539433002472,0.0004752039967570454,0.2700962722301483,0.0,0.06717476,0.031049348,0.9995247,0.12073685,0.07760474,-7.7589345e-07,-0.006695032,0.0072324276,0.011804581,0.07002213,-0.06419474,-0.0071227993,0.133125,0.070627764,1.0,,,,,,,,,,,,,,,,,,,,,,,,,,,,,,,,,,,,,,,,,,,,
356.0,-0.019178466111689434,0.07962282001972198,0.0004752039967570454,0.2683500051498413,0.0,0.06767893,0.03137378,0.99952465,0.121000476,0.0778634,-5.7800275e-07,-0.006864071,0.0074207783,0.011895418,-0.041067075,0.044694364,0.022097742,0.1335,0.07082461,1.0,,,,,,,,,,,,,,,,,,,,,,,,,,,,,,,,,,,,,,,,,,,,
357.0,-0.01922885849763661,0.07947900146245956,0.0004752039967570454,0.2666587233543396,0.0,0.06818423,0.031699315,0.99952465,0.12127161,0.078129016,-5.43681e-07,-0.0065755844,0.007149935,0.011868,0.07001454,-0.06418996,-0.007128056,0.133875,0.071021445,1.0,,,,,,,,,,,,,,,,,,,,,,,,,,,,,,,,,,,,,,,,,,,,
358.0,-0.019276169004812257,0.07933393120765686,0.0004752039967570454,0.26502400636672974,0.0,0.06869061,0.03202591,0.99952465,0.12153175,0.07838262,-3.918102e-07,-0.0067443848,0.007338047,0.0119588375,-0.04108383,0.044688683,0.022096593,0.13425,0.07121826,1.0,,,,,,,,,,,,,,,,,,,,,,,,,,,,,,,,,,,,,,,,,,,,
359.0,-0.019323101635683362,0.07918757945299149,0.0004752039967570454,0.2634473741054535,0.0,0.06919811,0.03235359,0.99952465,0.121799394,0.07864319,-5.2919154e-07,-0.0064558983,0.0070672035,0.011931181,0.07000695,-0.064185195,-0.0071333055,0.134625,0.07141505,1.0,,,,,,,,,,,,,,,,,,,,,,,,,,,,,,,,,,,,,,,,,,,,
360.0,-0.019366857885872744,0.07903999090194702,0.0004752039967570454,0.2619304656982422,0.0,0.06970667,0.032682307,0.99952465,0.12205605,0.078891754,-3.3935365e-07,-0.006624937,0.007255316,0.012022018,-0.04110058,0.044683002,0.022095436,0.135,0.07161183,1.0,,,,,,,,,,,,,,,,,,,,,,,,,,,,,,,,,,,,,,,,,,,,
361.0,-0.019410141335297476,0.07889120280742645,0.0004752039967570454,0.26047483086586,0.0,0.07021634,0.033012085,0.99952465,0.12232022,0.07914729,-4.841985e-07,-0.0063364506,0.0069844723,0.011994362,0.06999937,-0.06418043,-0.007138548,0.135375,0.07180859,1.0,,,,,,,,,,,,,,,,,,,,,,,,,,,,,,,,,,,,,,,,,,,,
362.0,-0.019450154135194228,0.0787411779165268,0.0004752039967570454,0.25908204913139343,0.0,0.070727065,0.033342883,0.99952465,0.12257339,0.07939082,-2.94946e-07,-0.006505728,0.0071725845,0.012085199,-0.041117318,0.044677325,0.022094274,0.13575,0.07200533,1.0,,,,,,,,,,,,,,,,,,,,,,,,,,,,,,,,,,,,,,,,,,,,
363.0,-0.019489600422639253,0.07858994603157043,0.0004752039967570454,0.2577537000179291,0.0,0.071238875,0.03367472,0.99952465,0.12283408,0.07964131,-4.3820444e-07,-0.0062172413,0.006901741,0.012057304,0.06999179,-0.064175665,-0.0071437834,0.136125,0.07220206,1.0,,,,,,,,,,,,,,,,,,,,,,,,,,,,,,,,,,,,,,,,,,,,
364.0,-0.01952568055307638,0.078437440097332,0.0004752039967570454,0.25649136304855347,0.0,0.07175172,0.034007553,0.99952465,0.12308377,0.07987981,-2.516601e-07,-0.00638628,0.0070900917,0.012148142,-0.041134052,0.044671644,0.022093106,0.1365,0.07239876,1.0,,,,,,,,,,,,,,,,,,,,,,,,,,,,,,,,,,,,,,,,,,,,
365.0,-0.019561101040372432,0.07828380167484283,0.0004752039967570454,0.2552965581417084,0.0,0.07226564,0.03434141,0.99952465,0.12334098,0.08012529,-3.9283398e-07,-0.006098032,0.00681901,0.012120485,0.06998421,-0.06417091,-0.007149012,0.136875,0.07259545,1.0,,,,,,,,,,,,,,,,,,,,,,,,,,,,,,,,,,,,,,,,,,,,
366.0,-0.019593063980441368,0.07812891900539398,0.0004752039967570454,0.25417086482048035,0.0,0.07278059,0.034676235,0.99952465,0.1235872,0.080358766,-2.0911321e-07,-0.006267309,0.0070073605,0.012211323,-0.04115078,0.044665966,0.02209193,0.13725,0.07279212,1.0,,,,,,,,,,,,,,,,,,,,,,,,,,,,,,,,,,,,,,,,,,,,
367.0,-0.0196242769373529,0.07797287404537201,0.0004752039967570454,0.253115713596344,0.0,0.07329659,0.035012066,0.99952465,0.123840936,0.08059921,-3.4817555e-07,-0.0059788227,0.0067362785,0.012183428,0.06997664,-0.06416616,-0.007154233,0.137625,0.07298877,1.0,,,,,,,,,,,,,,,,,,,,,,,,,,,,,,,,,,,,,,,,,,,,
368.0,-0.0196519416360954,0.07781561464071274,0.00047522783279418945,0.25213268399238586,0.0,0.07381361,0.035348848,0.99952465,0.12408368,0.080827676,-1.6728298e-07,-0.0061481,0.006924629,0.012274504,-0.041167498,0.044660293,0.02209075,0.138,0.0731854,1.0,,,,,,,,,,,,,,,,,,,,,,,,,,,,,,,,,,,,,,,,,,,,
369.0,-0.019678767475637234,0.07765720784664154,0.00047522783279418945,0.2512231767177582,0.0,0.07433166,0.035686612,0.99952465,0.12433394,0.081063114,-3.0423288e-07,-0.005859852,0.0066535473,0.012246609,0.06996908,-0.064161405,-0.007159447,0.138375,0.07338202,1.0,,,,,,,,,,,,,,,,,,,,,,,,,,,,,,,,,,,,,,,,,,,,
370.0,-0.0197018754765134,0.07749759405851364,0.00047522783279418945,0.25038859248161316,0.0,0.07485072,0.036025304,0.99952465,0.12457321,0.081286564,-1.2616711e-07,-0.006029129,0.006841898,0.012337446,-0.04118421,0.044654615,0.022089561,0.13875,0.07357861,1.0,,,,,,,,,,,,,,,,,,,,,,,,,,,,,,,,,,,,,,,,,,,,
371.0,-0.01972406049278452,0.07733684778213501,0.00047522783279418945,0.24963031709194183,0.0,0.0753708,0.03636496,0.99952465,0.12482,0.081516996,-2.6100506e-07,-0.0057411194,0.006570816,0.012309551,0.06996152,-0.06415666,-0.007164654,0.139125,0.073775195,1.0,,,,,,,,,,,,,,,,,,,,,,,,,,,,,,,,,,,,,,,,,,,,
372.0,-0.019742533251561147,0.07717491686344147,0.00047522783279418945,0.24894964694976807,0.0,0.07589187,0.036705524,0.99952465,0.1250558,0.08173544,-8.576436e-08,-0.0059103966,0.0067591667,0.012400389,-0.041200913,0.04464894,0.022088367,0.1395,0.07397175,1.0,,,,,,,,,,,,,,,,,,,,,,,,,,,,,,,,,,,,,,,,,,,,
373.0,-0.019760006948424873,0.07701189815998077,0.00047522783279418945,0.24834787845611572,0.0,0.07641395,0.03704703,0.99952465,0.12529911,0.08196087,-2.184909e-07,-0.0056221485,0.006488085,0.012372494,0.069953956,-0.06415191,-0.007169854,0.139875,0.074168295,1.0,,,,,,,,,,,,,,,,,,,,,,,,,,,,,,,,,,,,,,,,,,,,
374.0,-0.01977369501043768,0.07684768736362457,0.00047522783279418945,0.24782617390155792,0.0,0.076937,0.03738942,0.99952465,0.12553145,0.082174316,-4.6073534e-08,-0.005791664,0.006676197,0.012463331,-0.04121761,0.044643268,0.022087168,0.14025,0.07436481,1.0,,,,,,,,,,,,,,,,,,,,,,,,,,,,,,,,,,,,,,,,,,,,
375.0,-0.019786314233904433,0.07668238878250122,0.00047522783279418945,0.2473856806755066,0.0,0.07746105,0.03773273,0.99952465,0.1257713,0.08239476,-1.7668924e-07,-0.0055036545,0.0064053535,0.012435436,0.0699464,-0.064147174,-0.0071750465,0.140625,0.07456132,1.0,,,,,,,,,,,,,,,,,,,,,,,,,,,,,,,,,,,,,,,,,,,,
376.0,-0.019795080555664393,0.07651598006486893,0.00047522783279418945,0.24702751636505127,0.0,0.07798605,0.03807691,0.99952465,0.12600017,0.08260321,-7.093427e-09,-0.0056729317,0.006593466,0.012526274,-0.0412343,0.044637598,0.022085961,0.141,0.07475781,1.0,,,,,,,,,,,,,,,,,,,,,,,,,,,,,,,,,,,,,,,,,,,,
377.0,-0.019802716000698186,0.07634846121072769,0.00047522783279418945,0.24675261974334717,0.0,0.078512035,0.03842199,0.99952465,0.12623654,0.08281866,-1.355989e-07,-0.005384922,0.0063226223,0.01249814,0.06993885,-0.06414244,-0.0071802326,0.141375,0.07495427,1.0,,,,,,,,,,,,,,,,,,,,,,,,,,,,,,,,,,,,,,,,,,,,
378.0,-0.019806444095654845,0.07617983967065811,0.0004752516688313335,0.2465618997812271,0.0,0.079038955,0.038767915,0.99952465,0.12646195,0.08302213,3.1177134e-08,-0.0055544376,0.0065107346,0.012589216,-0.04125098,0.04463193,0.022084748,0.14175,0.07515072,1.0,,,,,,,,,,,,,,,,,,,,,,,,,,,,,,,,,,,,,,,,,,,,
379.0,-0.019808988486975616,0.07601018249988556,0.0004752516688313335,0.24645623564720154,0.0,0.07956685,0.039114717,0.99952465,0.12669487,0.083232604,-9.521868e-08,-0.005266428,0.006239891,0.012561083,0.069931306,-0.06413771,-0.007185411,0.142125,0.07534715,1.0,,,,,,,,,,,,,,,,,,,,,,,,,,,,,,,,,,,,,,,,,,,,
380.0,-0.019807790999273316,0.07583941519260406,0.0004752516688313335,0.24643638730049133,0.0,0.08009567,0.039462347,0.99952465,0.12691681,0.083431095,6.8739325e-08,-0.005436182,0.0064280033,0.01265192,-0.04126766,0.04462626,0.022083528,0.1425,0.07554356,1.0,,,,,,,,,,,,,,,,,,,,,,,,,,,,,,,,,,,,,,,,,,,,
381.0,-0.019805025196856698,0.0756676122546196,0.0004752516688313335,0.24650293588638306,0.0,0.080625445,0.039810833,0.99952465,0.12714626,0.08363659,-5.5547403e-08,-0.0051481724,0.00615716,0.012623787,0.069923766,-0.06413298,-0.007190583,0.142875,0.07573995,1.0,,,,,,,,,,,,,,,,,,,,,,,,,,,,,,,,,,,,,,,,,,,,
382.0,-0.019799186222691608,0.07549476623535156,0.0004752516688313335,0.24665650725364685,0.0,0.081156135,0.040160127,0.99952465,0.12736474,0.08383011,1.0559432e-07,-0.0053179264,0.006345272,0.012714863,-0.041284326,0.04462059,0.022082303,0.14325,0.075936325,1.0,,,,,,,,,,,,,,,,,,,,,,,,,,,,,,,,,,,,,,,,,,,,
383.0,-0.019791170980634435,0.07532085478305817,0.0004752516688313335,0.24689756333827972,0.0,0.08168776,0.040510252,0.99952465,0.12759075,0.084030636,-1.6583899e-08,-0.0050299168,0.00607419,0.012686491,0.06991623,-0.06412826,-0.0071957475,0.143625,0.07613268,1.0,,,,,,,,,,,,,,,,,,,,,,,,,,,,,,,,,,,,,,,,,,,,
384.0,-0.019780058186024872,0.07514594495296478,0.0004752516688313335,0.2472265213727951,0.0,0.082220286,0.040861167,0.99952465,0.12780575,0.08421919,1.417433e-07,-0.005199671,0.0062623024,0.012777567,-0.041300986,0.044614922,0.022081072,0.144,0.07632901,1.0,,,,,,,,,,,,,,,,,,,,,,,,,,,,,,,,,,,,,,,,,,,,
385.0,-0.019766750004851202,0.07496999204158783,0.0004752755048684776,0.2476435899734497,0.0,0.08275374,0.041212894,0.99952465,0.1280283,0.08441475,2.1673012e-08,-0.004911661,0.005991459,0.0127494335,0.0699087,-0.06412353,-0.007200905,0.144375,0.07652532,1.0,,,,,,,,,,,,,,,,,,,,,,,,,,,,,,,,,,,,,,,,,,,,
386.0,-0.019750330269515875,0.07479305565357208,0.0004752755048684776,0.24814900755882263,0.0,0.08328807,0.04156539,0.99952465,0.12823986,0.08459835,1.7718745e-07,-0.005081415,0.006179571,0.012840271,-0.04131764,0.044609256,0.022079833,0.14475,0.07672162,1.0,,,,,,,,,,,,,,,,,,,,,,,,,,,,,,,,,,,,,,,,,,,,
387.0,-0.01973170795889746,0.07461512088775635,0.0004752755048684776,0.24874281883239746,0.0,0.083823316,0.041918676,0.99952465,0.12845895,0.084788956,5.9224497e-08,-0.004793644,0.0059087276,0.012811899,0.06990117,-0.06411882,-0.0072060553,0.145125,0.0769179,1.0,,,,,,,,,,,,,,,,,,,,,,,,,,,,,,,,,,,,,,,,,,,,
388.0,-0.019709970915791384,0.07443618774414062,0.0004752755048684776,0.24942508339881897,0.0,0.08435943,0.042272706,0.99952465,0.12866706,0.0849676,2.1192791e-07,-0.0049636364,0.0060966015,0.012902975,-0.041334286,0.04460359,0.022078589,0.1455,0.07711416,1.0,,,,,,,,,,,,,,,,,,,,,,,,,,,,,,,,,,,,,,,,,,,,
389.0,-0.019685439187144584,0.07425626367330551,0.0004752755048684776,0.25019562244415283,0.0,0.08489644,0.042627513,0.99952465,0.12888268,0.08515326,9.6071744e-08,-0.004675865,0.005825758,0.012874603,0.06989364,-0.06411411,-0.007211199,0.145875,0.0773104,1.0,,,,,,,,,,,,,,,,,,,,,,,,,,,,,,,,,,,,,,,,,,,,
390.0,-0.019658720628089488,0.07407541573047638,0.0004752755048684776,0.25105422735214233,0.0,0.0854343,0.04298304,0.99952465,0.12908734,0.085326955,2.4596588e-07,-0.004845619,0.0060138702,0.012965679,-0.041350923,0.044597927,0.022077337,0.14625,0.07750662,1.0,,,,,,,,,,,,,,,,,,,,,,,,,,,,,,,,,,,,,,,,,,,,
391.0,-0.01962890167529468,0.07389367371797562,0.0004752755048684776,0.252000629901886,0.0,0.085973054,0.043339323,0.99952465,0.1292995,0.08550767,1.3221592e-07,-0.004557848,0.0057430267,0.012937307,0.069886126,-0.0641094,-0.0072163353,0.146625,0.07770281,1.0,,,,,,,,,,,,,,,,,,,,,,,,,,,,,,,,,,,,,,,,,,,,
392.0,-0.01959691649555389,0.07371098548173904,0.0004752755048684776,0.25303444266319275,0.0,0.08651264,0.043696307,0.99952465,0.12950072,0.085676424,2.7930253e-07,-0.0047278404,0.005931139,0.013028145,-0.041367557,0.044592265,0.02207608,0.147,0.077898994,1.0,,,,,,,,,,,,,,,,,,,,,,,,,,,,,,,,,,,,,,,,,,,,
393.0,-0.01956185888965347,0.07352741807699203,0.0004752755048684776,0.25415512919425964,0.0,0.0870531,0.044054024,0.99952465,0.12970945,0.085852206,1.6765816e-07,-0.0044403076,0.005660057,0.012999773,0.06987861,-0.06410469,-0.0072214645,0.147375,0.07809515,1.0,,,,,,,,,,,,,,,,,,,,,,,,,,,,,,,,,,,,,,,,,,,,
394.0,-0.019524667539269014,0.07334296405315399,0.0004752755048684776,0.2553621232509613,0.0,0.087594375,0.044412427,0.99952465,0.1299072,0.08601603,3.11939e-07,-0.0046103,0.0058481693,0.013090849,-0.041384183,0.044586603,0.022074815,0.14775,0.0782913,1.0,,,,,,,,,,,,,,,,,,,,,,,,,,,,,,,,,,,,,,,,,,,,
395.0,-0.019484442482900707,0.07315771281719208,0.0004752755048684776,0.2566547691822052,0.0,0.08813651,0.044771537,0.99952465,0.13011248,0.08618688,2.0239969e-07,-0.004322529,0.005577326,0.013062239,0.0698711,-0.06409999,-0.007226587,0.148125,0.07848742,1.0,,,,,,,,,,,,,,,,,,,,,,,,,,,,,,,,,,,,,,,,,,,,
396.0,-0.01944212432617342,0.07297156751155853,0.0004752755048684776,0.25803235173225403,0.0,0.088679455,0.04513131,0.99952465,0.1303068,0.08634577,3.4387648e-07,-0.0044927597,0.0057651997,0.013153315,-0.041400798,0.04458094,0.022073546,0.1485,0.07868352,1.0,,,,,,,,,,,,,,,,,,,,,,,,,,,,,,,,,,,,,,,,,,,,
397.0,-0.019396818964020898,0.07278464734554291,0.0004752755048684776,0.25949403643608093,0.0,0.08922324,0.045491777,0.99952465,0.13050863,0.086511694,2.3644161e-07,-0.0042049885,0.005494356,0.013124943,0.06986359,-0.064095296,-0.007231702,0.148875,0.0788796,1.0,,,,,,,,,,,,,,,,,,,,,,,,,,,,,,,,,,,,,,,,,,,,
398.0,-0.01934947277870333,0.0725969448685646,0.0004752755048684776,0.26103895902633667,0.0,0.08976782,0.045852885,0.99952465,0.13069949,0.086665675,3.7511614e-07,-0.0043752193,0.0056824684,0.01321578,-0.04141741,0.04457528,0.022072269,0.14925,0.079075664,1.0,,,,,,,,,,,,,,,,,,,,,,,,,,,,,,,,,,,,,,,,,,,,
399.0,-0.019299194528908083,0.07240846008062363,0.0004752755048684776,0.26266613602638245,0.0,0.090313226,0.046214662,0.99952465,0.13089788,0.08682668,2.697851e-07,-0.0040876865,0.005411625,0.013187408,0.069856085,-0.0640906,-0.0072368104,0.149625,0.07927171,1.0,,,,,,,,,,,,,,,,,,,,,,,,,,,,,,,,,,,,,,,,,,,,
400.0,-0.01924693574901685,0.07221920043230057,0.0004752755048684776,0.2643745541572571,0.0,0.09085942,0.04657706,0.99952465,0.1310853,0.08697574,4.0565914e-07,-0.0042579174,0.0055994987,0.013278246,-0.041434012,0.044569623,0.022070987,0.15,0.07946773,1.0,,,,,,,,,,,,,,,,,,,,,,,,,,,,,,,,,,,,,,,,,,,,
401.0,-0.01919180676742635,0.07202921062707901,0.0004752755048684776,0.266163170337677,0.0,0.09140642,0.04694011,0.99952465,0.13128024,0.087131836,3.0243135e-07,-0.0039703846,0.0053286552,0.013249636,0.06984858,-0.06408591,-0.0072419117,0.150375,0.07966374,1.0,,,,,,,,,,,,,,,,,,,,,,,,,,,,,,,,,,,,,,,,,,,,
402.0,-0.019134763219891195,0.07183852046728134,0.0004752755048684776,0.2680308520793915,0.0,0.09195419,0.04730376,0.99952465,0.13146423,0.08727599,4.3550656e-07,-0.0041406155,0.005516529,0.013340712,-0.04145061,0.044563964,0.022069698,0.15075,0.07985972,1.0,,,,,,,,,,,,,,,,,,,,,,,,,,,,,,,,,,,,,,,,,,,,
403.0,-0.01907491845031409,0.07164709270000458,0.0004752755048684776,0.2699764370918274,0.0,0.09250275,0.04766804,0.99952465,0.13165574,0.087427184,3.3438153e-07,-0.0038530827,0.0052456856,0.013312101,0.06984109,-0.06408122,-0.007247006,0.151125,0.080055684,1.0,,,,,,,,,,,,,,,,,,,,,,,,,,,,,,,,,,,,,,,,,,,,
404.0,-0.01901323138810385,0.07145502418279648,0.0004752755048684776,0.27199867367744446,0.0,0.09305207,0.0480329,0.99952465,0.13183628,0.087566435,4.6465968e-07,-0.004023552,0.0054323673,0.013403177,-0.041462686,0.044220082,0.022069706,0.1515,0.08025163,1.0,,,,,,,,,,,,,,,,,,,,,,,,,,,,,,,,,,,,,,,,,,,,
405.0,-0.01894876459583475,0.07126228511333466,0.0004752636014018208,0.2740963101387024,0.0,0.09360217,0.048398368,0.99952465,0.13202429,0.08771273,3.659497e-07,-0.0037360191,0.0051600933,0.013374567,0.06983817,-0.064414695,-0.0072506345,0.151875,0.08044755,1.0,,,,,,,,,,,,,,,,,,,,,,,,,,,,,,,,,,,,,,,,,,,,
406.0,-0.018882365086231496,0.0710688978433609,0.0004752636014018208,0.2762680947780609,0.0,0.09415301,0.0487644,0.9995247,0.13220128,0.08784708,4.9364075e-07,-0.0039064884,0.0052371025,0.013465881,-0.041127015,0.017914245,0.02216652,0.15225,0.08064345,1.0,,,,,,,,,,,,,,,,,,,,,,,,,,,,,,,,,,,,,,,,,,,,
407.0,-0.018813320067981205,0.07087486982345581,0.0004752636014018208,0.2785126566886902,0.0,0.0947046,0.049131017,0.9995247,0.13238128,0.08798842,2.3674416e-07,-0.003619194,0.004855156,0.01343751,0.07018821,-0.09070419,-0.0071452195,0.152625,0.080839336,1.0,,,,,,,,,,,,,,,,,,,,,,,,,,,,,,,,,,,,,,,,,,,,
408.0,-0.01874242438676174,0.07068024575710297,0.0004752636014018208,0.28082868456840515,0.0,0.09525687,0.049498174,0.9995247,0.13254575,0.08811776,4.2001136e-07,-0.003789425,0.004932165,0.013529062,-0.041146003,0.017920936,0.022153063,0.153,0.0810352,1.0,,,,,,,,,,,,,,,,,,,,,,,,,,,,,,,,,,,,,,,,,,,,
409.0,-0.018668961966915143,0.07048504054546356,0.0004752636014018208,0.28321483731269836,0.0,0.09580985,0.0498659,0.9995247,0.13271323,0.088254094,3.3578104e-07,-0.0035021305,0.004550457,0.01350069,0.07018491,-0.09068699,-0.007138061,0.153375,0.08123104,1.0,,,,,,,,,,,,,,,,,,,,,,,,,,,,,,,,,,,,,,,,,,,,
410.0,-0.018593897992129498,0.07028927654027939,0.0004752636014018208,0.2856696546077728,0.0,0.09636345,0.050234143,0.9995247,0.13286524,0.08837843,4.7236242e-07,-0.0036728382,0.004627466,0.013592243,-0.04116498,0.017927622,0.022139605,0.15375,0.08142687,1.0,,,,,,,,,,,,,,,,,,,,,,,,,,,,,,,,,,,,,,,,,,,,
411.0,-0.01851635167246941,0.07009292393922806,0.0004752636014018208,0.2881918251514435,0.0,0.096917704,0.050602935,0.9995247,0.13302022,0.08850976,4.008477e-07,-0.0033855438,0.004245758,0.013563633,0.0701816,-0.0906698,-0.0071309004,0.154125,0.08162267,1.0,,,,,,,,,,,,,,,,,,,,,,,,,,,,,,,,,,,,,,,,,,,,
412.0,-0.018437601027848725,0.06989605724811554,0.0004752636014018208,0.2907799184322357,0.0,0.09747253,0.050972223,0.9995247,0.13315973,0.088629104,5.283014e-07,-0.003556013,0.0043227673,0.013655186,-0.041183945,0.017934306,0.022126142,0.1545,0.08181845,1.0,,,,,,,,,,,,,,,,,,,,,,,,,,,,,,,,,,,,,,,,,,,,
413.0,-0.018355843447898226,0.06969870626926422,0.0004752636014018208,0.29343247413635254,0.0,0.09802796,0.051342037,0.9995247,0.13330224,0.088755436,4.6068484e-07,-0.0032687187,0.003941059,0.013626814,0.07017829,-0.09065262,-0.0071237376,0.154875,0.08201421,1.0,,,,,,,,,,,,,,,,,,,,,,,,,,,,,,,,,,,,,,,,,,,,
414.0,-0.018273566190612295,0.06950084120035172,0.0004752636014018208,0.2961481511592865,0.0,0.098583914,0.051712327,0.9995247,0.13342927,0.08886978,5.810856e-07,-0.0034394264,0.0040180683,0.013718128,-0.0412029,0.017940987,0.022112677,0.15525,0.08220995,1.0,,,,,,,,,,,,,,,,,,,,,,,,,,,,,,,,,,,,,,,,,,,,
415.0,-0.01818806174810152,0.06930253654718399,0.0004752636014018208,0.298925518989563,0.0,0.09914041,0.052083123,0.9995247,0.13355932,0.08899113,5.168808e-07,-0.003152132,0.0036365986,0.013689518,0.07017498,-0.09063546,-0.0071165734,0.155625,0.08240567,1.0,,,,,,,,,,,,,,,,,,,,,,,,,,,,,,,,,,,,,,,,,,,,
416.0,-0.018102124158416794,0.06910377740859985,0.0004752636014018208,0.3017631471157074,0.0,0.09969739,0.052454375,0.9995247,0.13367389,0.08910048,6.303472e-07,-0.0033228397,0.0037136078,0.013781071,-0.041221842,0.017947663,0.022099208,0.156,0.08260137,1.0,,,,,,,,,,,,,,,,,,,,,,,,,,,,,,,,,,,,,,,,,,,,
417.0,-0.018013043003197348,0.0689045786857605,0.0004752636014018208,0.3046596646308899,0.0,0.10025485,0.052826114,0.9995247,0.13379148,0.08921684,5.695269e-07,-0.0030357838,0.003332138,0.0137524605,0.07017167,-0.090618305,-0.007109407,0.156375,0.08279705,1.0,,,,,,,,,,,,,,,,,,,,,,,,,,,,,,,,,,,,,,,,,,,,
418.0,-0.017923614437819563,0.0687049999833107,0.0004752636014018208,0.3076135814189911,0.0,0.10081274,0.053198285,0.9995247,0.13389361,0.08932122,6.760699e-07,-0.0032064915,0.0034091473,0.013844013,-0.041240778,0.017954336,0.022085737,0.15675,0.0829927,1.0,,,,,,,,,,,,,,,,,,,,,,,,,,,,,,,,,,,,,,,,,,,,
419.0,-0.017831128416667345,0.06850501149892807,0.0004752636014018208,0.3106235861778259,0.0,0.101371065,0.05357092,0.9995247,0.13399874,0.089432605,6.186321e-07,-0.0029194355,0.0030276775,0.013815165,0.07016835,-0.09060116,-0.007102239,0.157125,0.08318834,1.0,,,,,,,,,,,,,,,,,,,,,,,,,,,,,,,,,,,,,,,,,,,,
420.0,-0.017738374918017875,0.06830468773841858,0.0004752636014018208,0.3136883080005646,0.0,0.10192977,0.05394397,0.9995247,0.13408843,0.089532,7.1825656e-07,-0.0030903816,0.0031049252,0.013906717,-0.0412597,0.017961005,0.022072261,0.1575,0.08338396,1.0,,,,,,,,,,,,,,,,,,,,,,,,,,,,,,,,,,,,,,,,,,,,
421.0,-0.01764264515307041,0.06810403615236282,0.0004752636014018208,0.3168064057826996,0.0,0.10248886,0.054317463,0.9995247,0.13418113,0.08963841,6.642009e-07,-0.0028033257,0.0027234554,0.013877869,0.07016503,-0.090584025,-0.0070950687,0.157875,0.083579555,1.0,,,,,,,,,,,,,,,,,,,,,,,,,,,,,,,,,,,,,,,,,,,,
422.0,-0.01754673271542288,0.06790302693843842,0.0004752636014018208,0.31997641921043396,0.0,0.103048265,0.054691352,0.9995247,0.13425839,0.08973284,7.5691133e-07,-0.0029742718,0.002800703,0.013969421,-0.041278612,0.017967671,0.022058785,0.15825,0.08377513,1.0,,,,,,,,,,,,,,,,,,,,,,,,,,,,,,,,,,,,,,,,,,,,
423.0,-0.01744792452913171,0.06770174205303192,0.0004752636014018208,0.3231971263885498,0.0,0.10360801,0.05506566,0.9995247,0.13433868,0.08983429,7.062374e-07,-0.0026872158,0.0024192333,0.013940573,0.070161715,-0.0905669,-0.0070878966,0.158625,0.08397068,1.0,,,,,,,,,,,,,,,,,,,,,,,,,,,,,,,,,,,,,,,,,,,,
424.0,-0.01734903131417541,0.06750017404556274,0.0004752636014018208,0.3264671564102173,0.0,0.10416803,0.055440344,0.9995247,0.13440351,0.08992375,7.920383e-07,-0.002858162,0.0024967194,0.0140321255,-0.041297518,0.017974336,0.022045303,0.159,0.084166214,1.0,,,,,,,,,,,,,,,,,,,,,,,,,,,,,,,,,,,,,,,,,,,,
425.0,-0.017247448804802116,0.06729836016893387,0.0004752636014018208,0.3297852575778961,0.0,0.104728326,0.055815425,0.9995247,0.13447139,0.09002023,7.447458e-07,-0.002571106,0.0021152496,0.014003277,0.07015839,-0.09054979,-0.0070807226,0.159375,0.08436173,1.0,,,,,,,,,,,,,,,,,,,,,,,,,,,,,,,,,,,,,,,,,,,,
426.0,-0.017145836557468833,0.0670963004231453,0.0004752636014018208,0.33315011858940125,0.0,0.10528884,0.056190863,0.9995247,0.13452382,0.09010474,8.236416e-07,-0.0027422905,0.0021924973,0.014094591,-0.04131641,0.017980995,0.02203182,0.15975,0.08455722,1.0,,,,,,,,,,,,,,,,,,,,,,,,,,,,,,,,,,,,,,,,,,,,
427.0,-0.017041480838874308,0.0668940469622612,0.0004752636014018208,0.3365604877471924,0.0,0.10584959,0.05656668,0.9995247,0.13457929,0.09019627,7.7973004e-07,-0.0024552345,0.001811266,0.0140657425,0.07015507,-0.09053269,-0.0070735468,0.160125,0.08475269,1.0,,,,,,,,,,,,,,,,,,,,,,,,,,,,,,,,,,,,,,,,,,,,
428.0,-0.01693716823609193,0.06669158488512039,0.0004752636014018208,0.340015172958374,0.0,0.1064105,0.05694283,0.9995247,0.13461933,0.090275824,8.5172536e-07,-0.002626419,0.001888752,0.014157057,-0.041335292,0.01798765,0.022018332,0.1605,0.08494814,1.0,,,,,,,,,,,,,,,,,,,,,,,,,,,,,,,,,,,,,,,,,,,,
429.0,-0.016830186462821802,0.06648893654346466,0.0004752755048684776,0.3435129225254059,0.0,0.10697159,0.05731934,0.9995247,0.1346624,0.0903624,8.1119424e-07,-0.002339363,0.0015075207,0.014128208,0.07015174,-0.0905156,-0.007066369,0.160875,0.085143566,1.0,,,,,,,,,,,,,,,,,,,,,,,,,,,,,,,,,,,,,,,,,,,,
430.0,-0.01672332026645563,0.06628613919019699,0.0004752516688313335,0.34705254435539246,0.0,0.10753281,0.05769616,0.9995248,0.13469006,0.09043701,8.762937e-07,-0.002510786,0.0015847683,0.0142195225,-0.041354164,0.017994303,0.022004843,0.16125,0.08533897,1.0,,,,,,,,,,,,,,,,,,,,,,,,,,,,,,,,,,,,,,,,,,,,
431.0,-0.01661385743441806,0.06608324497938156,0.0004752755048684776,0.35063284635543823,0.0,0.10809414,0.058073323,0.9995248,0.13472077,0.090518646,6.551785e-07,-0.00222373,0.001203537,0.014190674,0.07014841,-0.090498514,-0.0070591895,0.161625,0.08553436,1.0,,,,,,,,,,,,,,,,,,,,,,,,,,,,,,,,,,,,,,,,,,,,
432.0,-0.016504580098738553,0.06588023900985718,0.0004752516688313335,0.35425272583961487,0.0,0.10865554,0.058450773,0.9995248,0.13473605,0.09058832,7.5658215e-07,-0.002395153,0.001281023,0.014281988,-0.041373026,0.018000953,0.02199135,0.162,0.08572972,1.0,,,,,,,,,,,,,,,,,,,,,,,,,,,,,,,,,,,,,,,,,,,,
433.0,-0.01639277249731895,0.06567712873220444,0.0004752516688313335,0.35791102051734924,0.0,0.10921702,0.058828544,0.9995248,0.13475439,0.09066502,7.126682e-07,-0.0021083355,0.00090003014,0.014252901,0.07014508,-0.090481445,-0.007052008,0.162375,0.08592506,1.0,,,,,,,,,,,,,,,,,,,,,,,,,,,,,,,,,,,,,,,,,,,,
434.0,-0.016281219514547595,0.06547395139932632,0.0004752516688313335,0.3616065979003906,0.0,0.10977851,0.059206586,0.9995248,0.13475731,0.09072975,7.6637076e-07,-0.00227952,0.0009775162,0.014344454,-0.041391876,0.018007599,0.021977853,0.16275,0.08612038,1.0,,,,,,,,,,,,,,,,,,,,,,,,,,,,,,,,,,,,,,,,,,,,
435.0,-0.01616720206783739,0.06527072936296463,0.0004752516688313335,0.36533844470977783,0.0,0.11034002,0.059584923,0.9995248,0.13476329,0.09080152,7.354194e-07,-0.0019927025,0.00059628487,0.014315367,0.07014175,-0.09046438,-0.0070448243,0.163125,0.08631568,1.0,,,,,,,,,,,,,,,,,,,,,,,,,,,,,,,,,,,,,,,,,,,,
436.0,-0.016053500246919795,0.06506747752428055,0.0004752516688313335,0.3691055178642273,0.0,0.1109015,0.059963513,0.9995248,0.13475385,0.09086132,7.7998936e-07,-0.0021641254,0.0006740093,0.014406681,-0.041410714,0.018014241,0.021964354,0.1635,0.08651096,1.0,,,,,,,,,,,,,,,,,,,,,,,,,,,,,,,,,,,,,,,,,,,,
437.0,-0.015937375466463347,0.06486424058675766,0.0004752755048684776,0.3729066848754883,0.0,0.11146294,0.06034238,0.9995248,0.13474749,0.09092817,7.5294514e-07,-0.0018775463,0.00029277802,0.014377356,0.07013841,-0.09044734,-0.007037639,0.163875,0.08670621,1.0,,,,,,,,,,,,,,,,,,,,,,,,,,,,,,,,,,,,,,,,,,,,
438.0,-0.015821634730932784,0.06466099619865417,0.00047522783279418945,0.37674111127853394,0.0,0.1120243,0.060721476,0.9995248,0.13472572,0.09098305,7.9051307e-07,-0.001998663,0.00037050247,0.014468908,-0.029336752,0.018194757,0.021947311,0.16425,0.08690145,1.0,,,,,,,,,,,,,,,,,,,,,,,,,,,,,,,,,,,,,,,,,,,,
439.0,-0.015703537704594057,0.06445783376693726,0.00047522783279418945,0.380607545375824,0.0,0.112585574,0.061100822,0.9995248,0.13470705,0.09104291,7.7104494e-07,-0.0016615391,-1.04904175e-05,0.014439583,0.08222513,-0.09025399,-0.0070394976,0.164625,0.08709666,1.0,,,,,,,,,,,,,,,,,,,,,,,,,,,,,,,,,,,,,,,,,,,,
440.0,-0.015586199799689716,0.06425469368696213,0.00047522783279418945,0.3845052421092987,0.0,0.113146715,0.06148036,0.9995248,0.134673,0.091088764,8.036364e-07,-0.0017826557,6.699562e-05,0.014531136,-0.0293612,0.018200694,0.021939404,0.165,0.08729185,1.0,,,,,,,,,,,,,,,,,,,,,,,,,,,,,,,,,,,,,,,,,,,,
441.0,-0.01546618711395695,0.06405164301395416,0.00047522783279418945,0.38843318819999695,0.0,0.11370772,0.061860107,0.9995248,0.13464206,0.0911396,7.87361e-07,-0.0014455318,-0.00031375885,0.014501572,0.082216114,-0.09023474,-0.0070377975,0.165375,0.08748702,1.0,,,,,,,,,,,,,,,,,,,,,,,,,,,,,,,,,,,,,,,,,,,,
442.0,-0.015347130442473647,0.06384871900081635,0.00047522783279418945,0.3923903703689575,0.0,0.11426854,0.06224001,0.9995248,0.13459577,0.09117642,8.1150057e-07,-0.0015668869,-0.00023627281,0.014592886,-0.02938562,0.018206555,0.021880593,0.16575,0.087682165,1.0,,,,,,,,,,,,,,,,,,,,,,,,,,,,,,,,,,,,,,,,,,,,
443.0,-0.015225385168213692,0.06364589929580688,0.00047522783279418945,0.39637598395347595,0.0,0.114829175,0.06262008,0.9995248,0.13455258,0.09121823,7.992356e-07,-0.0012300014,-0.0006170273,0.014563084,0.0822071,-0.0902156,-0.007086979,0.166125,0.08787729,1.0,,,,,,,,,,,,,,,,,,,,,,,,,,,,,,,,,,,,,,,,,,,,
444.0,-0.015104646351405609,0.06344323605298996,0.00047522783279418945,0.4003891348838806,0.0,0.11538957,0.06300028,0.9995248,0.13449404,0.09124604,8.1473746e-07,-0.0013513565,-0.0005393028,0.014654398,-0.029410036,0.0182125,0.021872697,0.1665,0.08807239,1.0,,,,,,,,,,,,,,,,,,,,,,,,,,,,,,,,,,,,,,,,,,,,
445.0,-0.014981276080304454,0.06324075162410736,0.00047522783279418945,0.4044288694858551,0.0,0.11594973,0.06338061,0.9995248,0.13443862,0.09127885,8.065278e-07,-0.001014471,-0.0009202957,0.014624596,0.08219805,-0.09019641,-0.0070852465,0.166875,0.088267475,1.0,,,,,,,,,,,,,,,,,,,,,,,,,,,,,,,,,,,,,,,,,,,,
446.0,-0.014858963284510173,0.06303843855857849,0.00047522783279418945,0.4084944427013397,0.0,0.116509594,0.06376101,0.9995248,0.13436784,0.09129765,8.1338766e-07,-0.0011358261,-0.00084257126,0.014715433,-0.029434372,0.018218363,0.021789227,0.16725,0.08846253,1.0,,,,,,,,,,,,,,,,,,,,,,,,,,,,,,,,,,,,,,,,,,,,
447.0,-0.014734065536698654,0.06283633410930634,0.0004752159002237022,0.4125850200653076,0.0,0.11706918,0.06414152,0.9995248,0.13430019,0.09132145,8.0923587e-07,-0.00079894066,-0.0012233257,0.014685392,0.08218905,-0.090177335,-0.0071590613,0.167625,0.088657565,1.0,,,,,,,,,,,,,,,,,,,,,,,,,,,,,,,,,,,,,,,,,,,,
448.0,-0.01461027777208874,0.06263448297977448,0.0004752159002237022,0.41669970750808716,0.0,0.11762842,0.064522065,0.99952483,0.13421719,0.09133126,8.074591e-07,-0.00092053413,-0.0011456013,0.01477623,-0.02945875,0.01822432,0.021781351,0.168,0.088852584,1.0,,,,,,,,,,,,,,,,,,,,,,,,,,,,,,,,,,,,,,,,,,,,
449.0,-0.014483953341463348,0.062432873994112015,0.0004752159002237022,0.4208378195762634,0.0,0.11818732,0.06490267,0.99952483,0.13413732,0.09134608,6.234008e-07,-0.0005836487,-0.0015261173,0.014745951,0.08217996,-0.09015822,-0.007157285,0.168375,0.08904757,1.0,,,,,,,,,,,,,,,,,,,,,,,,,,,,,,,,,,,,,,,,,,,,
450.0,-0.014358783040241,0.06223155930638313,0.0004752159002237022,0.42499855160713196,0.0,0.11874583,0.06528328,0.99952483,0.1340421,0.0913469,6.5618997e-07,-0.0007054806,-0.0014483929,0.014836788,-0.029483119,0.018230272,0.02177347,0.16875,0.08924255,1.0,,,,,,,,,,,,,,,,,,,,,,,,,,,,,,,,,,,,,,,,,,,,
451.0,-0.014231124092361828,0.062030501663684845,0.0004752397653646767,0.42918112874031067,0.0,0.11930396,0.06566392,0.99952483,0.13395002,0.09135274,6.5001166e-07,-0.00036859512,-0.0018289089,0.014806509,0.08217087,-0.09013912,-0.007155505,0.169125,0.08943749,1.0,,,,,,,,,,,,,,,,,,,,,,,,,,,,,,,,,,,,,,,,,,,,
452.0,-0.014104662650369757,0.061829786747694016,0.0004752159002237022,0.43338486552238464,0.0,0.11986163,0.066044524,0.99952483,0.13384262,0.09134458,6.3336154e-07,-0.000490427,-0.0017511845,0.01489687,-0.029507276,0.018236183,0.021655673,0.1695,0.089632414,1.0,,,,,,,,,,,,,,,,,,,,,,,,,,,,,,,,,,,,,,,,,,,,
453.0,-0.013975756941832155,0.06162942200899124,0.00047519206418655813,0.4376089870929718,0.0,0.12041888,0.066425115,0.99952483,0.13373835,0.09134144,6.408251e-07,-0.00015377998,-0.0021317005,0.014866114,0.08216193,-0.0901201,-0.0072636064,0.169875,0.08982732,1.0,,,,,,,,,,,,,,,,,,,,,,,,,,,,,,,,,,,,,,,,,,,,
454.0,-0.01384815470625472,0.061429429799318314,0.00047519206418655813,0.4418528079986572,0.0,0.12097562,0.06680563,0.99952483,0.13361876,0.09132432,6.133064e-07,-0.00027561188,-0.002053976,0.014956474,-0.029531602,0.018242158,0.021647828,0.17025,0.0900222,1.0,,,,,,,,,,,,,,,,,,,,,,,,,,,,,,,,,,,,,,,,,,,,
455.0,-0.013718554827627672,0.06122978776693344,0.00047519206418655813,0.4461156725883484,0.0,0.12153188,0.0671861,0.99952483,0.1335023,0.09131223,6.2535645e-07,6.1035156e-05,-0.002434492,0.01492548,0.08215277,-0.09010109,-0.0072617675,0.170625,0.09021706,1.0,,,,,,,,,,,,,,,,,,,,,,,,,,,,,,,,,,,,,,,,,,,,
456.0,-0.013590000640280781,0.061030544340610504,0.00047519206418655813,0.45039689540863037,0.0,0.12208759,0.06756646,0.99952483,0.13337053,0.09128615,5.8910155e-07,-6.1035156e-05,-0.0023565292,0.0150158405,-0.029555915,0.01824813,0.021639977,0.171,0.090411894,1.0,,,,,,,,,,,,,,,,,,,,,,,,,,,,,,,,,,,,,,,,,,,,
457.0,-0.013459599404864821,0.060831744223833084,0.00047519206418655813,0.4546958804130554,0.0,0.12264276,0.06794673,0.99952483,0.1332419,0.09126511,6.052388e-07,0.00027561188,-0.0027370453,0.014984846,0.0821436,-0.0900821,-0.007259924,0.171375,0.090606704,1.0,,,,,,,,,,,,,,,,,,,,,,,,,,,,,,,,,,,,,,,,,,,,
458.0,-0.01333006408780093,0.06063337251543999,0.00047519206418655813,0.45901191234588623,0.0,0.12319734,0.06832685,0.99952483,0.13309796,0.09123009,5.6037106e-07,0.00015354156,-0.0026590824,0.015075207,-0.029580219,0.018254098,0.02163212,0.17175,0.0908015,1.0,,,,,,,,,,,,,,,,,,,,,,,,,,,,,,,,,,,,,,,,,,,,
459.0,-0.013198677396037606,0.06043548509478569,0.0004752159002237022,0.4633444845676422,0.0,0.12375133,0.068706855,0.99952483,0.13295718,0.091200106,5.805681e-07,0.0004899502,-0.00303936,0.015043974,0.08213443,-0.09006312,-0.007258076,0.172125,0.090996265,1.0,,,,,,,,,,,,,,,,,,,,,,,,,,,,,,,,,,,,,,,,,,,,
460.0,-0.013068892105881061,0.060238055884838104,0.00047519206418655813,0.4676695466041565,0.0,0.12430467,0.06908667,0.99952483,0.13280109,0.09115614,5.2710004e-07,0.00036787987,-0.0029613972,0.015134573,-0.02960451,0.01826006,0.021624256,0.1725,0.09119101,1.0,,,,,,,,,,,,,,,,,,,,,,,,,,,,,,,,,,,,,,,,,,,,
461.0,-0.012937276278922582,0.060041189193725586,0.00047519206418655813,0.4720098078250885,0.0,0.124857366,0.06946633,0.99952483,0.13264816,0.091117226,5.513553e-07,0.0007042885,-0.0033419132,0.01510334,0.08212527,-0.09004415,-0.007256224,0.172875,0.09138573,1.0,,,,,,,,,,,,,,,,,,,,,,,,,,,,,,,,,,,,,,,,,,,,
462.0,-0.012807293998659772,0.05984479933977127,0.00047519206418655813,0.47634145617485046,0.0,0.12540936,0.069845766,0.99952483,0.13247994,0.09106434,4.8929337e-07,0.00058197975,-0.0032639503,0.015191793,-0.02962721,0.018266378,0.021141872,0.17325,0.09158043,1.0,,,,,,,,,,,,,,,,,,,,,,,,,,,,,,,,,,,,,,,,,,,,
463.0,-0.01267552156268903,0.05964894965291023,0.0004752159002237022,0.4806869626045227,0.0,0.12596068,0.070225,0.99952483,0.13231486,0.09101651,5.1760674e-07,0.00091838837,-0.0036439896,0.015158415,0.082117505,-0.090025,-0.0077287774,0.173625,0.091775104,1.0,,,,,,,,,,,,,,,,,,,,,,,,,,,,,,,,,,,,,,,,,,,,
464.0,-0.012785717835063406,0.05945369601249695,0.00047519206418655813,0.4770127236843109,0.0,0.12651125,0.070603974,0.99952483,0.1321345,0.090954706,4.4695705e-07,0.00079607964,-0.0035660267,0.015246868,-0.029651394,0.018272463,0.02113421,0.174,0.09196976,1.0,,,,,,,,,,,,,,,,,,,,,,,,,,,,,,,,,,,,,,,,,,,,
465.0,-0.012901079377797942,0.05925903841853142,0.0004752159002237022,0.47312048077583313,0.0,0.12706107,0.07098272,0.99952483,0.13195731,0.090897955,4.7932855e-07,0.0011324883,-0.0039463043,0.0152134895,0.082108006,-0.09000636,-0.0077267033,0.174375,0.09216439,1.0,,,,,,,,,,,,,,,,,,,,,,,,,,,,,,,,,,,,,,,,,,,,
466.0,-0.013017320870907682,0.059064947068691254,0.00047519206418655813,0.4692447781562805,0.0,0.12761009,0.07136116,0.99952483,0.13176483,0.09082725,4.0009698e-07,0.0010099411,-0.0038683414,0.015301943,-0.029675566,0.018278547,0.021126544,0.17475,0.092359,1.0,,,,,,,,,,,,,,,,,,,,,,,,,,,,,,,,,,,,,,,,,,,,
467.0,-0.013131676629492722,0.05887150764465332,0.0004752159002237022,0.46538612246513367,0.0,0.12815832,0.07173934,0.99952483,0.13157551,0.0907616,4.3652662e-07,0.0013463497,-0.0042483807,0.015268326,0.08209851,-0.08998774,-0.0077246246,0.175125,0.09255358,1.0,,,,,,,,,,,,,,,,,,,,,,,,,,,,,,,,,,,,,,,,,,,,
468.0,-0.013246892445336384,0.05867870897054672,0.00047519206418655813,0.4615446925163269,0.0,0.1287057,0.07211718,0.99952483,0.13137093,0.09068199,3.487194e-07,0.0012238026,-0.004170418,0.0153570175,-0.029699726,0.018284624,0.02111887,0.1755,0.09274814,1.0,,,,,,,,,,,,,,,,,,,,,,,,,,,,,,,,,,,,,,,,,,,,
469.0,-0.01336020250742222,0.05848659202456474,0.0004752159002237022,0.45772096514701843,0.0,0.12925223,0.07249471,0.99952483,0.13116951,0.09060746,3.8920706e-07,0.0015599728,-0.004550457,0.015323162,0.082089014,-0.08996912,-0.0077225417,0.175875,0.09294268,1.0,,,,,,,,,,,,,,,,,,,,,,,,,,,,,,,,,,,,,,,,,,,,
470.0,-0.013474349296406948,0.05829516053199768,0.00047516822814941406,0.45391523838043213,0.0,0.12979788,0.07287187,0.99952483,0.13095284,0.09051897,2.928302e-07,0.0014371872,-0.0044722557,0.015411854,-0.029723875,0.0182907,0.021111188,0.17625,0.0931372,1.0,,,,,,,,,,,,,,,,,,,,,,,,,,,,,,,,,,,,,,,,,,,,
471.0,-0.01358656964368638,0.05810444802045822,0.00047519206418655813,0.4501279294490814,0.0,0.13034262,0.073248684,0.99952483,0.13073933,0.09043554,3.3737592e-07,0.0017735958,-0.004852295,0.015377998,0.082079515,-0.089950524,-0.0077204546,0.176625,0.09333169,1.0,,,,,,,,,,,,,,,,,,,,,,,,,,,,,,,,,,,,,,,,,,,,
472.0,-0.013699605816508847,0.05791446566581726,0.00047519206418655813,0.4463593363761902,0.0,0.1308864,0.073625095,0.99952483,0.13051055,0.09033817,2.3243557e-07,0.0016508102,-0.0047740936,0.015466452,-0.029748011,0.01829677,0.021103501,0.177,0.093526155,1.0,,,,,,,,,,,,,,,,,,,,,,,,,,,,,,,,,,,,,,,,,,,,
473.0,-0.013810690148777944,0.0577252022922039,0.00047519206418655813,0.442609965801239,0.0,0.13142927,0.07400112,0.99952483,0.13028498,0.09024588,2.810392e-07,0.001986742,-0.005154133,0.015432835,0.08207002,-0.089931935,-0.0077183633,0.177375,0.0937206,1.0,,,,,,,,,,,,,,,,,,,,,,,,,,,,,,,,,,,,,,,,,,,,
474.0,-0.01392256655544916,0.05753669887781143,0.00047519206418655813,0.4388801157474518,0.0,0.13197112,0.0743767,0.99952483,0.13004413,0.09013964,1.6754144e-07,0.0018639565,-0.0050759315,0.015521288,-0.029772138,0.018302837,0.021095807,0.17775,0.093915015,1.0,,,,,,,,,,,,,,,,,,,,,,,,,,,,,,,,,,,,,,,,,,,,
475.0,-0.014031988610757256,0.057349033653736115,0.00047519206418655813,0.43517017364501953,0.0,0.13251197,0.07475186,0.99952483,0.12980649,0.09003849,2.2020298e-07,0.0022001266,-0.0054557323,0.0154874325,0.08206054,-0.08991335,-0.007716268,0.178125,0.094109416,1.0,,,,,,,,,,,,,,,,,,,,,,,,,,,,,,,,,,,,,,,,,,,,
476.0,-0.014143094753807966,0.05716215446591377,0.00047519206418655813,0.4314805865287781,0.0,0.13305178,0.07512654,0.99952483,0.12955357,0.0899234,9.8153876e-08,0.0020771027,-0.005377531,0.015575886,-0.029796254,0.018308902,0.021088105,0.1785,0.094303794,1.0,,,,,,,,,,,,,,,,,,,,,,,,,,,,,,,,,,,,,,,,,,,,
477.0,-0.014251285891187945,0.056976042687892914,0.00047519206418655813,0.42781177163124084,0.0,0.13359055,0.075500764,0.99952483,0.12930387,0.0898134,1.5487323e-07,0.0024130344,-0.0057575703,0.015541792,0.082051046,-0.08989479,-0.0077141677,0.178875,0.09449814,1.0,,,,,,,,,,,,,,,,,,,,,,,,,,,,,,,,,,,,,,,,,,,,
478.0,-0.014361135667162673,0.0567907877266407,0.00047519206418655813,0.42416417598724365,0.0,0.13412821,0.07587447,0.99952483,0.12903892,0.08968945,2.4278876e-08,0.0022900105,-0.0056791306,0.015630484,-0.029820357,0.018314961,0.021080399,0.17925,0.09469247,1.0,,,,,,,,,,,,,,,,,,,,,,,,,,,,,,,,,,,,,,,,,,,,
479.0,-0.014468048050428482,0.05660641938447952,0.00047519206418655813,0.42053815722465515,0.0,0.13466477,0.076247685,0.99952483,0.12877715,0.089570604,8.5055994e-08,0.0026259422,-0.0060589314,0.01559639,0.08204156,-0.089876235,-0.007712064,0.179625,0.09488677,1.0,,,,,,,,,,,,,,,,,,,,,,,,,,,,,,,,,,,,,,,,,,,,
480.0,-0.014576591520341025,0.05642285197973251,0.00047519206418655813,0.4169342517852783,0.0,0.1352002,0.07662034,0.99952483,0.12850015,0.08943783,-5.4077553e-08,0.0025029182,-0.00598073,0.015684843,-0.029844448,0.018321019,0.021072684,0.18,0.09508105,1.0,,,,,,,,,,,,,,,,,,,,,,,,,,,,,,,,,,,,,,,,,,,,
481.0,-0.014682168069654292,0.056240249425172806,0.00047519206418655813,0.4133528769016266,0.0,0.13573447,0.07699247,0.99952483,0.12822635,0.08931015,1.0757245e-08,0.00283885,-0.006360531,0.01565075,0.08203208,-0.08985769,-0.007709956,0.180375,0.095275305,1.0,,,,,,,,,,,,,,,,,,,,,,,,,,,,,,,,,,,,,,,,,,,,
482.0,-0.014789082831420091,0.05605849623680115,0.00047519206418655813,0.40979453921318054,0.0,0.13626754,0.077364005,0.99952483,0.12793733,0.08916854,-1.3690942e-07,0.0027155876,-0.006282091,0.015739202,-0.029868528,0.01832707,0.021064963,0.18075,0.09546954,1.0,,,,,,,,,,,,,,,,,,,,,,,,,,,,,,,,,,,,,,,,,,,,
483.0,-0.014893003561748993,0.05587771534919739,0.00047519206418655813,0.4062596559524536,0.0,0.13679942,0.07773497,0.99952483,0.12765151,0.08903204,-6.801702e-08,0.003051281,-0.006661892,0.01570487,0.0820226,-0.08983916,-0.0077078436,0.181125,0.09566375,1.0,,,,,,,,,,,,,,,,,,,,,,,,,,,,,,,,,,,,,,,,,,,,
484.0,-0.014998499844974141,0.055697791278362274,0.00047519206418655813,0.4027487635612488,0.0,0.13733006,0.07810531,0.99952483,0.12735048,0.08888161,-2.2421074e-07,0.0029280186,-0.006583452,0.015793562,-0.0298926,0.01833312,0.021057237,0.1815,0.09585793,1.0,,,,,,,,,,,,,,,,,,,,,,,,,,,,,,,,,,,,,,,,,,,,
485.0,-0.015100969601518226,0.05551884323358536,0.00047519206418655813,0.3992624282836914,0.0,0.13785945,0.07847504,0.99952483,0.12705263,0.088736296,-1.5126083e-07,0.0032639503,-0.0069630146,0.015758991,0.08201312,-0.08982064,-0.007705727,0.181875,0.09605209,1.0,,,,,,,,,,,,,,,,,,,,,,,,,,,,,,,,,,,,,,,,,,,,
486.0,-0.01520498641737177,0.055340807884931564,0.00047519206418655813,0.3958010673522949,0.0,0.13838752,0.078844115,0.99952483,0.12673959,0.08857706,-3.159755e-07,0.0031404495,-0.006884575,0.015847683,-0.029916655,0.018339166,0.021049503,0.18225,0.09624623,1.0,,,,,,,,,,,,,,,,,,,,,,,,,,,,,,,,,,,,,,,,,,,,
487.0,-0.015305945177779723,0.055163782089948654,0.00047519206418655813,0.39236530661582947,0.0,0.13891432,0.07921255,0.99952483,0.12642975,0.08842295,-2.3896825e-07,0.0034761429,-0.0072641373,0.015813112,0.082003646,-0.08980213,-0.0077036065,0.182625,0.09644034,1.0,,,,,,,,,,,,,,,,,,,,,,,,,,,,,,,,,,,,,,,,,,,,
488.0,-0.015408466587421574,0.054987646639347076,0.00047519206418655813,0.38895565271377563,0.0,0.13943975,0.07958027,0.99952483,0.12610471,0.08825491,-4.1219783e-07,0.003352642,-0.0071856976,0.015901804,-0.029940702,0.018345207,0.021041764,0.183,0.096634425,1.0,,,,,,,,,,,,,,,,,,,,,,,,,,,,,,,,,,,,,,,,,,,,
489.0,-0.01550802965920084,0.05481249839067459,0.00047519206418655813,0.38557273149490356,0.0,0.13996385,0.07994732,0.99952483,0.12578288,0.088092,-3.3113324e-07,0.0036883354,-0.00756526,0.015867233,0.08199417,-0.08978364,-0.0077014817,0.183375,0.09682849,1.0,,,,,,,,,,,,,,,,,,,,,,,,,,,,,,,,,,,,,,,,,,,,
490.0,-0.01560907796894535,0.0546383261680603,0.00047519206418655813,0.38221701979637146,0.0,0.14048654,0.08031364,0.99952483,0.12544584,0.08791518,-5.1287174e-07,0.0035645962,-0.00748682,0.015955687,-0.029964738,0.018351246,0.021034017,0.18375,0.09702253,1.0,,,,,,,,,,,,,,,,,,,,,,,,,,,,,,,,,,,,,,,,,,,,
491.0,-0.01570700606162209,0.05446513742208481,0.00047519206418655813,0.37888917326927185,0.0,0.14100784,0.08067923,0.99952483,0.12511204,0.08774348,-4.277499e-07,0.0039002895,-0.007866383,0.015921116,0.0819847,-0.089765154,-0.0076993527,0.184125,0.09721655,1.0,,,,,,,,,,,,,,,,,,,,,,,,,,,,,,,,,,,,,,,,,,,,
492.0,-0.015806378472453073,0.05429292842745781,0.00047519206418655813,0.37558987736701965,0.0,0.14152768,0.081044056,0.99952483,0.124763034,0.08755788,-6.1799125e-07,0.0037765503,-0.0077877045,0.01600957,-0.029988762,0.01835728,0.021026265,0.1845,0.09741054,1.0,,,,,,,,,,,,,,,,,,,,,,,,,,,,,,,,,,,,,,,,,,,,
493.0,-0.015902593110242016,0.054121725261211395,0.00047519206418655813,0.37231969833374023,0.0,0.1420461,0.08140813,0.99952483,0.12441726,0.087377414,-5.2881234e-07,0.0041120052,-0.008167267,0.015974998,0.08197523,-0.08974668,-0.0076972195,0.184875,0.097604506,1.0,,,,,,,,,,,,,,,,,,,,,,,,,,,,,,,,,,,,,,,,,,,,
494.0,-0.016000217604274804,0.053951509296894073,0.00047519206418655813,0.36907923221588135,0.0,0.14256299,0.081771396,0.99952483,0.12405629,0.08718304,-7.275504e-07,0.003988266,-0.008088589,0.016063452,-0.030012773,0.01836331,0.021018505,0.18525,0.097798444,1.0,,,,,,,,,,,,,,,,,,,,,,,,,,,,,,,,,,,,,,,,,,,,
495.0,-0.0160946419046486,0.05378232151269913,0.00047519206418655813,0.3658692538738251,0.0,0.1430784,0.08213387,0.99952483,0.123698555,0.08699381,-6.3431463e-07,0.004323721,-0.008467913,0.016028643,0.08196577,-0.08972822,-0.007695082,0.185625,0.09799236,1.0,,,,,,,,,,,,,,,,,,,,,,,,,,,,,,,,,,,,,,,,,,,,
496.0,-0.01619043264605498,0.05361417680978775,0.00047519206418655813,0.36269044876098633,0.0,0.14359225,0.082495496,0.99952483,0.12332563,0.08679068,-8.4154334e-07,0.0041997433,-0.008389473,0.016117334,-0.030036775,0.018369338,0.021010738,0.186,0.098186255,1.0,,,,,,,,,,,,,,,,,,,,,,,,,,,,,,,,,,,,,,,,,,,,
497.0,-0.016282985013652797,0.053447019308805466,0.00047519206418655813,0.35954344272613525,0.0,0.14410457,0.0828563,0.99952483,0.12295595,0.08659269,-7.4425077e-07,0.004535198,-0.0087685585,0.016082287,0.0819563,-0.089709766,-0.007692941,0.186375,0.098380126,1.0,,,,,,,,,,,,,,,,,,,,,,,,,,,,,,,,,,,,,,,,,,,,
498.0,-0.016376861679995275,0.05328093096613884,0.00047519206418655813,0.35642898082733154,0.0,0.14461529,0.08321622,0.99952483,0.12257108,0.08638081,-9.599642e-07,0.0044112206,-0.008690119,0.016170979,-0.030060764,0.018375361,0.021002965,0.18675,0.09857397,1.0,,,,,,,,,,,,,,,,,,,,,,,,,,,,,,,,,,,,,,,,,,,,
499.0,-0.01646745469580892,0.05311588570475578,0.00047519206418655813,0.3533478081226349,0.0,0.1451244,0.08357528,0.99952483,0.12218946,0.08617408,-8.586149e-07,0.0047466755,-0.009069204,0.016135931,0.081946835,-0.08969133,-0.007690795,0.187125,0.09876779,1.0,,,,,,,,,,,,,,,,,,,,,,,,,,,,,,,,,,,,,,,,,,,,
500.0,-0.016558930253696237,0.052951883524656296,0.00047519206418655813,0.35030072927474976,0.0,0.14563188,0.08393341,0.99952483,0.12179267,0.08595345,-1.082807e-06,0.0046224594,-0.008990526,0.016224384,-0.030084742,0.018381381,0.020995187,0.1875,0.098961584,1.0,,,,,,,,,,,,,,,,,,,,,,,,,,,,,,,,,,,,,,,,,,,,
501.0,-0.016647534527199245,0.05278895050287247,0.00047519206418655813,0.34728845953941345,0.0,0.14613771,0.08429066,0.99952483,0.12139912,0.08573798,-9.774011e-07,0.0049579144,-0.008818388,0.01619196,0.079785235,0.04262446,-0.0070770327,0.187875,0.09915535,1.0,,,,,,,,,,,,,,,,,,,,,,,,,,,,,,,,,,,,,,,,,,,,
502.0,-0.016736913234224268,0.05262702703475952,0.00047516822814941406,0.34431177377700806,0.0,0.14664192,0.08464695,0.99952483,0.12101293,0.085508995,-1.0051195e-06,0.004834175,-0.009104967,0.01622057,-0.028547108,-0.069217026,0.0066003404,0.18825,0.0993491,1.0,,,,,,,,,,,,,,,,,,,,,,,,,,,,,,,,,,,,,,,,,,,,
503.0,-0.01682337353892508,0.05246621370315552,0.0004751801607199013,0.3413715362548828,0.0,0.1471445,0.0850023,0.99952483,0.12061507,0.085284926,-1.078803e-06,0.005170107,-0.008932352,0.01612997,0.079903536,0.042698104,-0.021027677,0.188625,0.09954282,1.0,,,,,,,,,,,,,,,,,,,,,,,,,,,,,,,,,,,,,,,,,,,,
504.0,-0.01691055759444644,0.052306436002254486,0.0004751801607199013,0.3384685516357422,0.0,0.14764543,0.08535666,0.9995248,0.120224565,0.085047334,-1.0665693e-06,0.0050463676,-0.009218931,0.01615858,-0.028558508,-0.06921816,0.006585697,0.189,0.09973651,1.0,,,,,,,,,,,,,,,,,,,,,,,,,,,,,,,,,,,,,,,,,,,,
505.0,-0.01699477359838384,0.05214773491024971,0.0004751801607199013,0.33560362458229065,0.0,0.14814469,0.085710056,0.9995248,0.11982238,0.08481466,-9.659368e-07,0.005382061,-0.009046316,0.016067982,0.07990192,0.04269636,-0.021006392,0.189375,0.09993019,1.0,,,,,,,,,,,,,,,,,,,,,,,,,,,,,,,,,,,,,,,,,,,,
506.0,-0.017079660486702782,0.0519900806248188,0.0004751801607199013,0.332777738571167,0.0,0.1486423,0.086062424,0.9995248,0.119427554,0.08456848,-9.967214e-07,0.00525856,-0.009332895,0.016096354,-0.028569903,-0.069219284,0.0065710535,0.18975,0.10012383,1.0,,,,,,,,,,,,,,,,,,,,,,,,,,,,,,,,,,,,,,,,,,,,
507.0,-0.01716152557544483,0.05183346942067146,0.0004751801607199013,0.3299916982650757,0.0,0.14913823,0.08641379,0.9995248,0.11902106,0.08432722,-1.0702056e-06,0.0055942535,-0.00916028,0.016005993,0.0799003,0.042694613,-0.020985112,0.190125,0.100317456,1.0,,,,,,,,,,,,,,,,,,,,,,,,,,,,,,,,,,,,,,,,,,,,
508.0,-0.017244009594690947,0.05167793482542038,0.0004751801607199013,0.32724642753601074,0.0,0.14963248,0.08676409,0.9995248,0.118621916,0.08407245,-1.0622167e-06,0.0054705143,-0.009446621,0.016034365,-0.02858129,-0.0692204,0.0065564094,0.1905,0.100511044,1.0,,,,,,,,,,,,,,,,,,,,,,,,,,,,,,,,,,,,,,,,,,,,
509.0,-0.017317480350740516,0.051523495465517044,0.0004751801607199013,0.3245428502559662,0.0,0.15012503,0.08711335,0.9995248,0.1182111,0.08382261,-1.1450625e-06,0.0058062077,-0.009274244,0.015944004,0.07989868,0.042692862,-0.020963836,0.190875,0.10070462,1.0,,,,,,,,,,,,,,,,,,,,,,,,,,,,,,,,,,,,,,,,,,,,
510.0,-0.01738887318469424,0.05137009173631668,0.0004751801607199013,0.32188189029693604,0.0,0.15061589,0.087461516,0.9995248,0.11780764,0.08355926,-1.1369737e-06,0.0056824684,-0.009560585,0.015972376,-0.028592672,-0.06922152,0.0065417644,0.19125,0.10089816,1.0,,,,,,,,,,,,,,,,,,,,,,,,,,,,,,,,,,,,,,,,,,,,
511.0,-0.01745706383940342,0.05121779441833496,0.0004751801607199013,0.31926456093788147,0.0,0.15110503,0.0878086,0.9995248,0.11739251,0.08330084,-1.2201025e-06,0.006018162,-0.009388208,0.015881777,0.07989706,0.04269111,-0.020942565,0.191625,0.10109168,1.0,,,,,,,,,,,,,,,,,,,,,,,,,,,,,,,,,,,,,,,,,,,,
512.0,-0.01752560331693603,0.0510665588080883,0.0004751801607199013,0.3166918456554413,0.0,0.15159246,0.088154554,0.9995248,0.11698473,0.08302891,-1.2140437e-06,0.0058944225,-0.009674549,0.015910149,-0.028604047,-0.06922263,0.006527119,0.192,0.10128518,1.0,,,,,,,,,,,,,,,,,,,,,,,,,,,,,,,,,,,,,,,,,,,,
513.0,-0.017590885448614063,0.05091642588376999,0.0004751801607199013,0.3141646981239319,0.0,0.15207815,0.0884994,0.9995248,0.11656529,0.08276192,-1.2969556e-06,0.006230116,-0.0095021725,0.015819788,0.079895444,0.042689357,-0.0209213,0.192375,0.10147865,1.0,,,,,,,,,,,,,,,,,,,,,,,,,,,,,,,,,,,,,,,,,,,,
514.0,-0.017656458776788717,0.050767313688993454,0.0004751801607199013,0.31168416142463684,0.0,0.15256213,0.08884307,0.9995248,0.1161532,0.08248143,-1.2930429e-06,0.0061063766,-0.009788513,0.01584816,-0.028615417,-0.06922374,0.006512473,0.19275,0.10167209,1.0,,,,,,,,,,,,,,,,,,,,,,,,,,,,,,,,,,,,,,,,,,,,
515.0,-0.017718717862710037,0.05061931163072586,0.00047519206418655813,0.30925121903419495,0.0,0.15304433,0.089185596,0.9995248,0.115729444,0.08220588,-1.3757106e-06,0.00644207,-0.009615898,0.0157578,0.07989383,0.042687602,-0.020900037,0.193125,0.10186551,1.0,,,,,,,,,,,,,,,,,,,,,,,,,,,,,,,,,,,,,,,,,,,,
516.0,-0.017781211034656012,0.050472427159547806,0.00047519206418655813,0.30686694383621216,0.0,0.1535248,0.089526914,0.9995247,0.115313046,0.081916824,-1.3739495e-06,0.0063183308,-0.009902477,0.015786171,-0.02862678,-0.06922484,0.006497826,0.1935,0.1020589,1.0,,,,,,,,,,,,,,,,,,,,,,,,,,,,,,,,,,,,,,,,,,,,
517.0,-0.017840331705254724,0.050326574593782425,0.00047519206418655813,0.30453234910964966,0.0,0.15400349,0.089867055,0.9995247,0.11488497,0.08163271,-1.2724189e-06,0.0066537857,-0.009729862,0.01569581,0.0798922,0.042685844,-0.020878779,0.193875,0.102252275,1.0,,,,,,,,,,,,,,,,,,,,,,,,,,,,,,,,,,,,,,,,,,,,
518.0,-0.01789962947436361,0.050181854516267776,0.00047519206418655813,0.3022485077381134,0.0,0.15448043,0.090205945,0.9995247,0.11446426,0.081335105,-1.3159864e-06,0.0065300465,-0.010016441,0.015724182,-0.028638136,-0.06922594,0.0064831786,0.19425,0.10244561,1.0,,,,,,,,,,,,,,,,,,,,,,,,,,,,,,,,,,,,,,,,,,,,
519.0,-0.017955498562664072,0.05003818869590759,0.00047519206418655813,0.3000164330005646,0.0,0.15495555,0.09054363,0.9995247,0.11403187,0.081042446,-1.3880274e-06,0.00686574,-0.009843826,0.015633821,0.07989059,0.042684086,-0.020857526,0.194625,0.10263893,1.0,,,,,,,,,,,,,,,,,,,,,,,,,,,,,,,,,,,,,,,,,,,,
520.0,-0.018011486583586523,0.04989565163850784,0.00047519206418655813,0.2978372573852539,0.0,0.15542892,0.09088003,0.9995247,0.113606855,0.080736294,-1.3929464e-06,0.006741762,-0.010130405,0.015661955,-0.028649487,-0.06922703,0.0064685303,0.195,0.10283222,1.0,,,,,,,,,,,,,,,,,,,,,,,,,,,,,,,,,,,,,,,,,,,,
521.0,-0.018063989176720134,0.04975418001413345,0.00047519206418655813,0.29571202397346497,0.0,0.15590046,0.09121517,0.9995247,0.11317016,0.08043509,-1.4743177e-06,0.0070774555,-0.00995779,0.015571833,0.07988896,0.042682324,-0.020836277,0.195375,0.10302549,1.0,,,,,,,,,,,,,,,,,,,,,,,,,,,,,,,,,,,,,,,,,,,,
522.0,-0.01811655548281633,0.04961380362510681,0.00047519206418655813,0.2936417758464813,0.0,0.15637021,0.09154901,0.9995247,0.11274083,0.08012039,-1.479138e-06,0.006953478,-0.0102443695,0.015599966,-0.02866083,-0.06922811,0.0064538815,0.19575,0.10321873,1.0,,,,,,,,,,,,,,,,,,,,,,,,,,,,,,,,,,,,,,,,,,,,
523.0,-0.018165583204321593,0.04947458952665329,0.00047519206418655813,0.29162758588790894,0.0,0.15683813,0.09188155,0.9995247,0.11229983,0.07981065,-1.560791e-06,0.007289171,-0.010071754,0.015509844,0.079887345,0.04268056,-0.020815032,0.196125,0.103411935,1.0,,,,,,,,,,,,,,,,,,,,,,,,,,,,,,,,,,,,,,,,,,,,
524.0,-0.018214618866677485,0.049336425960063934,0.00047519206418655813,0.28967055678367615,0.0,0.15730424,0.09221275,0.9995247,0.11186618,0.07948742,-1.5676353e-06,0.0071651936,-0.010358334,0.015537977,-0.028672168,-0.0692292,0.0064392323,0.1965,0.10360513,1.0,,,,,,,,,,,,,,,,,,,,,,,,,,,,,,,,,,,,,,,,,,,,
525.0,-0.018260249467562974,0.04919937998056412,0.0004752039967570454,0.28777164220809937,0.0,0.15776849,0.09254262,0.9995247,0.11142088,0.07916915,-1.6490718e-06,0.007500887,-0.01018548,0.015447855,0.07988572,0.042678796,-0.020793792,0.196875,0.103798285,1.0,,,,,,,,,,,,,,,,,,,,,,,,,,,,,,,,,,,,,,,,,,,,
526.0,-0.018305467786585726,0.049063414335250854,0.0004752039967570454,0.2859320342540741,0.0,0.15823092,0.09287111,0.99952465,0.11098293,0.07883739,-1.658056e-06,0.0073769093,-0.010472059,0.015475988,-0.028683499,-0.06923027,0.006424582,0.19725,0.10399143,1.0,,,,,,,,,,,,,,,,,,,,,,,,,,,,,,,,,,,,,,,,,,,,
527.0,-0.01834762044032905,0.048928603529930115,0.0004752039967570454,0.2841525971889496,0.0,0.15869148,0.09319824,0.99952465,0.11053331,0.07851059,-1.5552986e-06,0.007712364,-0.010299444,0.015385866,0.0798841,0.042677026,-0.020772556,0.197625,0.10418453,1.0,,,,,,,,,,,,,,,,,,,,,,,,,,,,,,,,,,,,,,,,,,,,
528.0,-0.018388936978973654,0.04879488795995712,0.0004752039967570454,0.28243446350097656,0.0,0.15915018,0.09352395,0.99952465,0.11009105,0.07817031,-1.6096019e-06,0.0075883865,-0.010586023,0.015413761,-0.028694825,-0.069231346,0.0064099315,0.198,0.10437762,1.0,,,,,,,,,,,,,,,,,,,,,,,,,,,,,,,,,,,,,,,,,,,,
529.0,-0.018427485906322545,0.048662278801202774,0.0004752039967570454,0.28077855706214905,0.0,0.15960701,0.09384826,0.99952465,0.109637134,0.07783499,-1.6804157e-06,0.0079238415,-0.010413408,0.015323877,0.07988247,0.042675257,-0.020751325,0.198375,0.10457068,1.0,,,,,,,,,,,,,,,,,,,,,,,,,,,,,,,,,,,,,,,,,,,,
530.0,-0.018464981544658077,0.04853077977895737,0.0004751801607199013,0.279185950756073,0.0,0.16006197,0.09417112,0.99952465,0.109190576,0.077486195,-1.6960686e-06,0.007799864,-0.010699987,0.015351772,-0.028706143,-0.06923242,0.0063952804,0.19875,0.10476371,1.0,,,,,,,,,,,,,,,,,,,,,,,,,,,,,,,,,,,,,,,,,,,,
531.0,-0.01849966817031418,0.048400431871414185,0.0004751801607199013,0.27765747904777527,0.0,0.16051503,0.09449255,0.99952465,0.10873235,0.07714237,-1.7762114e-06,0.008135557,-0.010527372,0.0152618885,0.07988085,0.042673487,-0.020730099,0.199125,0.10495672,1.0,,,,,,,,,,,,,,,,,,,,,,,,,,,,,,,,,,,,,,,,,,,,
532.0,-0.01853326385305445,0.04827115312218666,0.0004751801607199013,0.27619412541389465,0.0,0.1609662,0.09481248,0.99952465,0.10828148,0.076785065,-1.7917608e-06,0.008011341,-0.0108139515,0.0152897835,-0.028717456,-0.06923348,0.006380629,0.1995,0.105149694,1.0,,,,,,,,,,,,,,,,,,,,,,,,,,,,,,,,,,,,,,,,,,,,
533.0,-0.018563864756257317,0.04814303666353226,0.00047519206418655813,0.2747966945171356,0.0,0.16141544,0.09513095,0.99952465,0.10781895,0.076432735,-1.8721856e-06,0.008347034,-0.010641336,0.0151999,0.07987923,0.042671714,-0.020708876,0.199875,0.10534264,1.0,,,,,,,,,,,,,,,,,,,,,,,,,,,,,,,,,,,,,,,,,,,,
534.0,-0.018593342692104855,0.04801604896783829,0.00047519206418655813,0.2734661102294922,0.0,0.16186279,0.0954479,0.9995246,0.10736378,0.076066926,-1.889754e-06,0.008222818,-0.0106265545,0.015230179,-0.029834019,0.0030519993,0.0069693965,0.20025,0.105535574,1.0,,,,,,,,,,,,,,,,,,,,,,,,,,,,,,,,,,,,,,,,,,,,
535.0,-0.0186201830711485,0.04789017513394356,0.00047519206418655813,0.2722031772136688,0.0,0.16230825,0.09576334,0.9995246,0.10690926,0.07570628,-1.6533043e-06,0.008558273,-0.010152817,0.015142918,0.07876195,0.11494043,-0.020117553,0.200625,0.10572847,1.0,,,,,,,,,,,,,,,,,,,,,,,,,,,,,,,,,,,,,,,,,,,,
536.0,-0.018645893151165365,0.04776537045836449,0.00047519206418655813,0.27100861072540283,0.0,0.16275188,0.096077226,0.9995246,0.10647441,0.07533236,-1.622586e-06,0.008434057,-0.010138273,0.015173435,-0.02983354,0.003017089,0.0069879964,0.201,0.10592134,1.0,,,,,,,,,,,,,,,,,,,,,,,,,,,,,,,,,,,,,,,,,,,,
537.0,-0.018668723265114387,0.047641705721616745,0.00047519206418655813,0.2698831260204315,0.0,0.16319372,0.09638958,0.9995246,0.106040195,0.07496359,-1.5807e-06,0.008769512,-0.0096645355,0.015086174,0.07875524,0.114905104,-0.020129517,0.201375,0.106114194,1.0,,,,,,,,,,,,,,,,,,,,,,,,,,,,,,,,,,,,,,,,,,,,
538.0,-0.01869039945844161,0.04751914367079735,0.00047519206418655813,0.2688274383544922,0.0,0.16363382,0.09670033,0.9995246,0.10562564,0.07458155,-1.5167059e-06,0.008645296,-0.00965023,0.015116453,-0.029833056,0.0029821915,0.007006573,0.20175,0.106307015,1.0,,,,,,,,,,,,,,,,,,,,,,,,,,,,,,,,,,,,,,,,,,,,
539.0,-0.018709177646190074,0.04739769548177719,0.00047519206418655813,0.2678421139717102,0.0,0.16407222,0.09700952,0.9995246,0.105211705,0.074204676,-1.4819065e-06,0.008980751,-0.009176493,0.01502943,0.07874852,0.1148698,-0.020141471,0.202125,0.106499806,1.0,,,,,,,,,,,,,,,,,,,,,,,,,,,,,,,,,,,,,,,,,,,,
540.0,-0.01872678690118264,0.04727733135223389,0.00047519206418655813,0.2669277787208557,0.0,0.16450895,0.09731708,0.9995246,0.10481742,0.07381452,-1.4286237e-06,0.008856535,-0.009162426,0.015059948,-0.02983257,0.0029473063,0.007025126,0.2025,0.106692575,1.0,,,,,,,,,,,,,,,,,,,,,,,,,,,,,,,,,,,,,,,,,,,,
541.0,-0.01874148533537009,0.04715811461210251,0.00047519206418655813,0.2660849094390869,0.0,0.16494405,0.097623035,0.9995246,0.104423754,0.07342953,-1.390581e-06,0.0091917515,-0.008688927,0.014972925,0.07874179,0.114834525,-0.020153416,0.202875,0.106885314,1.0,,,,,,,,,,,,,,,,,,,,,,,,,,,,,,,,,,,,,,,,,,,,
542.0,-0.018755007463672157,0.047039978206157684,0.00047519206418655813,0.265313982963562,0.0,0.16537759,0.09792733,0.9995246,0.10404971,0.07303126,-1.3504217e-06,0.009067774,-0.00867486,0.015003443,-0.02983208,0.0029124336,0.0070436555,0.20325,0.10707803,1.0,,,,,,,,,,,,,,,,,,,,,,,,,,,,,,,,,,,,,,,,,,,,
543.0,-0.01876561433368625,0.046922940760850906,0.0004752039967570454,0.26461532711982727,0.0,0.16580957,0.09822999,0.9995246,0.10367628,0.07263817,-1.3085639e-06,0.00940299,-0.008201599,0.01491642,0.07873505,0.11479927,-0.020165352,0.203625,0.10727072,1.0,,,,,,,,,,,,,,,,,,,,,,,,,,,,,,,,,,,,,,,,,,,,
544.0,-0.018775044323793556,0.04680701345205307,0.0004752039967570454,0.2639893591403961,0.0,0.16624008,0.098530956,0.99952453,0.103322476,0.07223179,-1.2816496e-06,0.009278774,-0.008187771,0.014946938,-0.029831588,0.0028775732,0.007062162,0.204,0.107463375,1.0,,,,,,,,,,,,,,,,,,,,,,,,,,,,,,,,,,,,,,,,,,,,
545.0,-0.018781559511759045,0.046692218631505966,0.0004752039967570454,0.26343628764152527,0.0,0.16666913,0.09883025,0.99952453,0.10296926,0.071830586,-1.051991e-06,0.009613991,-0.00771451,0.014860153,0.07872831,0.114764035,-0.02017728,0.204375,0.10765601,1.0,,,,,,,,,,,,,,,,,,,,,,,,,,,,,,,,,,,,,,,,,,,,
546.0,-0.01878690767452427,0.046578552573919296,0.0004752039967570454,0.26295626163482666,0.0,0.16709678,0.099127814,0.99952453,0.10263565,0.07141611,-1.0814928e-06,0.009489775,-0.00770092,0.014890671,-0.029831093,0.0028427255,0.007080645,0.20475,0.107848614,1.0,,,,,,,,,,,,,,,,,,,,,,,,,,,,,,,,,,,,,,,,,,,,
547.0,-0.018789350104389452,0.04646597057580948,0.0004752039967570454,0.2625494599342346,0.0,0.16752303,0.09942368,0.99952453,0.102302626,0.071006805,-1.0217964e-06,0.009824991,-0.007227659,0.014804125,0.07872156,0.114728816,-0.020189198,0.205125,0.1080412,1.0,,,,,,,,,,,,,,,,,,,,,,,,,,,,,,,,,,,,,,,,,,,,
548.0,-0.01879063798025054,0.04635443910956383,0.0004752039967570454,0.26221591234207153,0.0,0.167948,0.09971778,0.99952453,0.1019892,0.07058422,-1.0237316e-06,0.009700775,-0.0072140694,0.014834404,-0.029830594,0.0028078903,0.0070991046,0.2055,0.10823375,1.0,,,,,,,,,,,,,,,,,,,,,,,,,,,,,,,,,,,,,,,,,,,,
549.0,-0.018789037045633818,0.04624403640627861,0.0004752039967570454,0.2619556188583374,0.0,0.16837165,0.10001014,0.99952453,0.101676345,0.07016682,-9.697523e-07,0.010035753,-0.0067412853,0.0147480965,0.0787148,0.11469363,-0.020201107,0.205875,0.10842627,1.0,,,,,,,,,,,,,,,,,,,,,,,,,,,,,,,,,,,,,,,,,,,,
550.0,-0.018786304195192498,0.04613475874066353,0.0004752039967570454,0.2617684304714203,0.0,0.16879407,0.10030071,0.99952453,0.10138308,0.06973614,-9.826585e-07,0.009911776,-0.0067276955,0.014778376,-0.02983009,0.0027730674,0.0071175406,0.20625,0.10861877,1.0,,,,,,,,,,,,,,,,,,,,,,,,,,,,,,,,,,,,,,,,,,,,
551.0,-0.01878070731072985,0.04602654278278351,0.0004752039967570454,0.26165419816970825,0.0,0.16921528,0.1005895,0.99952453,0.10109037,0.069310635,-9.253449e-07,0.010246754,-0.0062549114,0.014692068,0.07870804,0.11465845,-0.02021301,0.206625,0.108811244,1.0,,,,,,,,,,,,,,,,,,,,,,,,,,,,,,,,,,,,,,,,,,,,
552.0,-0.018774006526893938,0.045919448137283325,0.0004752039967570454,0.2616126537322998,0.0,0.16963536,0.100876465,0.99952453,0.10081724,0.06887186,-9.5133424e-07,0.010122538,-0.0062417984,0.014722586,-0.029829586,0.0027382572,0.0071359538,0.207,0.10900369,1.0,,,,,,,,,,,,,,,,,,,,,,,,,,,,,,,,,,,,,,,,,,,,
553.0,-0.018764472364326507,0.045813459903001785,0.0004752039967570454,0.26164352893829346,0.0,0.17005429,0.10116163,0.99952453,0.10054466,0.06843827,-8.9018494e-07,0.010457516,-0.0057690144,0.014636278,0.07870127,0.1146233,-0.0202249,0.207375,0.109196104,1.0,,,,,,,,,,,,,,,,,,,,,,,,,,,,,,,,,,,,,,,,,,,,
554.0,-0.01875386828293595,0.04570852965116501,0.0004752039967570454,0.2617463767528534,0.0,0.17047217,0.10144492,0.99952453,0.10029164,0.0679914,-9.293627e-07,0.0103333,-0.0057559013,0.014666796,-0.029829077,0.0027034595,0.007154343,0.20775,0.1093885,1.0,,,,,,,,,,,,,,,,,,,,,,,,,,,,,,,,,,,,,,,,,,,,
555.0,-0.018740469080418553,0.04560471698641777,0.0004752039967570454,0.2619207501411438,0.0,0.170889,0.10172638,0.99952453,0.10003916,0.06754971,-8.6434693e-07,0.010668278,-0.0052833557,0.014580727,0.07869449,0.11458817,-0.020236785,0.208125,0.10958086,1.0,,,,,,,,,,,,,,,,,,,,,,,,,,,,,,,,,,,,,,,,,,,,
556.0,-0.01872604205170574,0.04550197720527649,0.0004752039967570454,0.2621661126613617,0.0,0.17130485,0.10200594,0.99952453,0.09980623,0.06709476,-9.167082e-07,0.010544062,-0.0052702427,0.014611244,-0.029828565,0.002668674,0.0071727093,0.2085,0.1097732,1.0,,,,,,,,,,,,,,,,,,,,,,,,,,,,,,,,,,,,,,,,,,,,
557.0,-0.018708862765828962,0.04540035128593445,0.0004752039967570454,0.2624818682670593,0.0,0.17171974,0.102283634,0.99952453,0.09957383,0.06664498,-8.478211e-07,0.010878801,-0.0047979355,0.014525175,0.07868771,0.11455306,-0.020248659,0.208875,0.1099655,1.0,,,,,,,,,,,,,,,,,,,,,,,,,,,,,,,,,,,,,,,,,,,,
558.0,-0.018690868359922754,0.04529976099729538,0.0004752159002237022,0.262867271900177,0.0,0.17213376,0.10255939,0.99952453,0.099360965,0.066181935,-9.1335477e-07,0.010754824,-0.004785061,0.014555693,-0.029828051,0.0026339013,0.0071910527,0.20925,0.11015778,1.0,,,,,,,,,,,,,,,,,,,,,,,,,,,,,,,,,,,,,,,,,,,,
559.0,-0.01867017548528311,0.04520029202103615,0.0004752159002237022,0.2633216083049774,0.0,0.17254688,0.10283324,0.9995245,0.099148616,0.065724075,-8.4059315e-07,0.011089563,-0.0046424866,0.014466286,0.07983708,0.035374075,-0.021111812,0.209625,0.110350035,1.0,,,,,,,,,,,,,,,,,,,,,,,,,,,,,,,,,,,,,,,,,,,,
560.0,-0.01864855943862531,0.04510193690657616,0.0004752159002237022,0.2638441026210785,0.0,0.17295913,0.10310513,0.9995245,0.09894232,0.06525275,-7.957115e-07,0.010965347,-0.0049595833,0.014493227,-0.028686656,-0.07652541,0.006321719,0.21,0.11054226,1.0,,,,,,,,,,,,,,,,,,,,,,,,,,,,,,,,,,,,,,,,,,,,
561.0,-0.018624301277046836,0.04500466585159302,0.0004752159002237022,0.26443377137184143,0.0,0.17337048,0.10337507,0.9995245,0.098723054,0.06478642,-8.125185e-07,0.011300087,-0.004817009,0.014403582,0.07983611,0.03537567,-0.021087276,0.210375,0.110734455,1.0,,,,,,,,,,,,,,,,,,,,,,,,,,,,,,,,,,,,,,,,,,,,
562.0,-0.018599182418753482,0.04490852728486061,0.0004752159002237022,0.2650896906852722,0.0,0.17378093,0.103643015,0.9995245,0.09850983,0.064306624,-9.3241965e-07,0.011175871,-0.0051341057,0.014430523,-0.028699214,-0.076522976,0.0063038,0.21075,0.11092663,1.0,,,,,,,,,,,,,,,,,,,,,,,,,,,,,,,,,,,,,,,,,,,,
563.0,-0.01857148072170894,0.04481351375579834,0.0004752159002237022,0.26581087708473206,0.0,0.17419045,0.10390898,0.9995245,0.09828365,0.06383183,-9.117284e-07,0.011510611,-0.0049915314,0.014341116,0.07983513,0.035377257,-0.021062745,0.211125,0.11111877,1.0,,,,,,,,,,,,,,,,,,,,,,,,,,,,,,,,,,,,,,,,,,,,
564.0,-0.01854298228040207,0.0447196438908577,0.0004752159002237022,0.2665962278842926,0.0,0.17459905,0.10417291,0.9995245,0.09806351,0.06334356,-1.0422839e-06,0.011386633,-0.005308628,0.014367819,-0.028711762,-0.07652054,0.006285882,0.2115,0.111310884,1.0,,,,,,,,,,,,,,,,,,,,,,,,,,,,,,,,,,,,,,,,,,,,
565.0,-0.01851196775050521,0.04462689906358719,0.0004752159002237022,0.2674446105957031,0.0,0.17500667,0.10443483,0.9995245,0.097830415,0.06286031,-1.0202695e-06,0.011721134,-0.005166054,0.014278412,0.07983416,0.03537884,-0.021038217,0.211875,0.11150297,1.0,,,,,,,,,,,,,,,,,,,,,,,,,,,,,,,,,,,,,,,,,,,,
566.0,-0.018480222924874765,0.04453528672456741,0.0004752159002237022,0.2683549225330353,0.0,0.17541336,0.10469468,0.9995245,0.097603366,0.06236359,-1.1529876e-06,0.011596918,-0.0054831505,0.014305353,-0.028724302,-0.0765181,0.0062679653,0.21225,0.11169503,1.0,,,,,,,,,,,,,,,,,,,,,,,,,,,,,,,,,,,,,,,,,,,,
567.0,-0.018446032076619306,0.04444490000605583,0.0004752159002237022,0.269325852394104,0.0,0.17581904,0.10495248,0.9995245,0.09736336,0.06187188,-1.1316422e-06,0.011931658,-0.0053403378,0.014215946,0.07983319,0.03538042,-0.021013698,0.212625,0.11188706,1.0,,,,,,,,,,,,,,,,,,,,,,,,,,,,,,,,,,,,,,,,,,,,
568.0,-0.018411041429444233,0.044355638325214386,0.0004752159002237022,0.2703562378883362,0.0,0.17622374,0.10520817,0.9995245,0.097129405,0.06136671,-1.2660544e-06,0.011807442,-0.0056574345,0.014242649,-0.028736832,-0.07651565,0.006250049,0.213,0.11207906,1.0,,,,,,,,,,,,,,,,,,,,,,,,,,,,,,,,,,,,,,,,,,,,
569.0,-0.01837366378132283,0.04426754266023636,0.0004752159002237022,0.27144473791122437,0.0,0.17662743,0.10546178,0.9995245,0.096882485,0.060866553,-1.2454875e-06,0.011861324,-0.00551486,0.014153242,0.012431859,0.034421973,-0.021370541,0.213375,0.11227103,1.0,,,,,,,,,,,,,,,,,,,,,,,,,,,,,,,,,,,,,,,,,,,,
570.0,-0.018335690079024424,0.04418063163757324,0.0004752159002237022,0.27259013056755066,0.0,0.17703009,0.1057133,0.9995245,0.09664146,0.060364418,-1.2437778e-06,0.011456251,-0.005831957,0.014179945,-0.09613464,-0.07745942,0.005881703,0.21375,0.11246298,1.0,,,,,,,,,,,,,,,,,,,,,,,,,,,,,,,,,,,,,,,,,,,,
571.0,-0.018295399231391278,0.04409490153193474,0.0004752159002237022,0.2737910747528076,0.0,0.1774317,0.1059628,0.9995245,0.09638732,0.059878774,-1.1246412e-06,0.011510134,-0.005689144,0.014090776,0.012462562,0.034420785,-0.021377062,0.214125,0.1126549,1.0,,,,,,,,,,,,,,,,,,,,,,,,,,,,,,,,,,,,,,,,,,,,
572.0,-0.018254587488085238,0.044010378420352936,0.00047522783279418945,0.2750462293624878,0.0,0.17783229,0.10621026,0.9995245,0.096139066,0.05939115,-1.1443325e-06,0.011105061,-0.006006241,0.014117718,-0.09611605,-0.07744409,0.0058947173,0.2145,0.11284679,1.0,,,,,,,,,,,,,,,,,,,,,,,,,,,,,,,,,,,,,,,,,,,,
573.0,-0.018211531536471016,0.04392701014876366,0.00047522783279418945,0.27635419368743896,0.0,0.17823178,0.10645576,0.9995244,0.0958777,0.058920007,-1.0282835e-06,0.011159182,-0.005863428,0.014028072,0.012493254,0.034419592,-0.02138357,0.214875,0.11303865,1.0,,,,,,,,,,,,,,,,,,,,,,,,,,,,,,,,,,,,,,,,,,,,
574.0,-0.018168028890854476,0.043844886124134064,0.00047522783279418945,0.2777136564254761,0.0,0.1786302,0.10669929,0.9995244,0.09562222,0.05844687,-8.615642e-07,0.010754347,-0.006180525,0.014055252,-0.09609747,-0.07742878,0.00590772,0.21525,0.11323048,1.0,,,,,,,,,,,,,,,,,,,,,,,,,,,,,,,,,,,,,,,,,,,,
575.0,-0.018122357521112648,0.043763987720012665,0.00047522783279418945,0.27912309765815735,0.0,0.17902751,0.10694091,0.9995244,0.09535364,0.057990216,-7.973687e-07,0.010808468,-0.006037712,0.013965845,0.012523933,0.034418393,-0.021390066,0.215625,0.11342229,1.0,,,,,,,,,,,,,,,,,,,,,,,,,,,,,,,,,,,,,,,,,,,,
576.0,-0.01807631720834761,0.043684281408786774,0.00047522783279418945,0.28058117628097534,0.0,0.17942372,0.107180625,0.9995244,0.095090955,0.057531558,-8.006914e-07,0.010403633,-0.006354809,0.013993025,-0.0960789,-0.07741348,0.005920711,0.216,0.11361407,1.0,,,,,,,,,,,,,,,,,,,,,,,,,,,,,,,,,,,,,,,,,,,,
577.0,-0.018028182102432767,0.04360579699277878,0.00047522783279418945,0.28208640217781067,0.0,0.17981878,0.1074185,0.9995244,0.094815165,0.057089373,-7.0468195e-07,0.010457993,-0.006211996,0.013903379,0.012554601,0.034417186,-0.021396548,0.216375,0.113805816,1.0,,,,,,,,,,,,,,,,,,,,,,,,,,,,,,,,,,,,,,,,,,,,
578.0,-0.01797975483028786,0.04352853447198868,0.00047522783279418945,0.2836374044418335,0.0,0.18021272,0.10765452,0.9995244,0.094545275,0.056645177,-7.137306e-07,0.010053396,-0.0065288544,0.013930798,-0.09606034,-0.07739817,0.0059336904,0.21675,0.113997534,1.0,,,,,,,,,,,,,,,,,,,,,,,,,,,,,,,,,,,,,,,,,,,,
579.0,-0.01792930877220788,0.04345255345106125,0.00047522783279418945,0.28523263335227966,0.0,0.18060549,0.10788876,0.9995244,0.09426228,0.056217447,-6.2446503e-07,0.010107756,-0.00638628,0.013841152,0.012585256,0.034415975,-0.021403017,0.217125,0.11418923,1.0,,,,,,,,,,,,,,,,,,,,,,,,,,,,,,,,,,,,,,,,,,,,
580.0,-0.017878648653109123,0.043377749621868134,0.00047522783279418945,0.28687071800231934,0.0,0.18099709,0.10812121,0.9995244,0.093985185,0.0557877,-6.301872e-07,0.009703159,-0.0067031384,0.01386857,-0.09604179,-0.07738288,0.005946658,0.2175,0.11438089,1.0,,,,,,,,,,,,,,,,,,,,,,,,,,,,,,,,,,,,,,,,,,,,
581.0,-0.017826043471303274,0.043304234743118286,0.00047522783279418945,0.28855016827583313,0.0,0.18138748,0.10835194,0.9995244,0.09369499,0.05537441,-5.497828e-07,0.009757757,-0.006560564,0.013779163,0.0126159,0.034414757,-0.021409474,0.217875,0.114572525,1.0,,,,,,,,,,,,,,,,,,,,,,,,,,,,,,,,,,,,,,,,,,,,
582.0,-0.017773301789133986,0.04323195293545723,0.00047522783279418945,0.29026952385902405,0.0,0.1817767,0.10858093,0.9995244,0.09341071,0.054959096,-5.516786e-07,0.009353161,-0.0068774223,0.0138065815,-0.096023254,-0.0773676,0.005959614,0.21825,0.11476413,1.0,,,,,,,,,,,,,,,,,,,,,,,,,,,,,,,,,,,,,,,,,,,,
583.0,-0.017718689719247414,0.04316093027591705,0.00047522783279418945,0.29202738404273987,0.0,0.18216467,0.108808264,0.9995244,0.093113326,0.05456023,-4.8024543e-07,0.009407759,-0.0067346096,0.013716936,0.012646531,0.03441353,-0.021415919,0.218625,0.11495571,1.0,,,,,,,,,,,,,,,,,,,,,,,,,,,,,,,,,,,,,,,,,,,,
584.0,-0.017663697766097178,0.04309116303920746,0.00047522783279418945,0.2938222587108612,0.0,0.18255143,0.109033935,0.9995244,0.09282185,0.054159332,-4.782865e-07,0.009003401,-0.007051468,0.013744831,-0.09600472,-0.077352315,0.005972558,0.219,0.115147255,1.0,,,,,,,,,,,,,,,,,,,,,,,,,,,,,,,,,,,,,,,,,,,,
585.0,-0.01760689015397984,0.04302266985177994,0.00047522783279418945,0.29565274715423584,0.0,0.1829369,0.109257996,0.9995244,0.09251729,0.05377488,-4.1582362e-07,0.009058237,-0.0069088936,0.013655186,0.012677151,0.034412302,-0.021422349,0.219375,0.11533877,1.0,,,,,,,,,,,,,,,,,,,,,,,,,,,,,,,,,,,,,,,,,,,,
586.0,-0.017550078987156305,0.04295545071363449,0.00047522783279418945,0.29751744866371155,0.0,0.18332116,0.10948045,0.9995244,0.09221863,0.053388383,-4.1000743e-07,0.008653879,-0.0072255135,0.013682842,-0.0959862,-0.07733704,0.005985491,0.21975,0.11553027,1.0,,,,,,,,,,,,,,,,,,,,,,,,,,,,,,,,,,,,,,,,,,,,
587.0,-0.017491527223651795,0.04288947209715843,0.00047522783279418945,0.29941490292549133,0.0,0.18370411,0.10970136,0.9995244,0.09190689,0.053018324,-3.5650814e-07,0.008708715,-0.007082939,0.013593197,0.012707758,0.03441107,-0.021428768,0.220125,0.115721725,1.0,,,,,,,,,,,,,,,,,,,,,,,,,,,,,,,,,,,,,,,,,,,,
588.0,-0.01743304647705263,0.04282470792531967,0.00047522783279418945,0.30134376883506775,0.0,0.18408577,0.10992071,0.9995244,0.09160106,0.052646216,-3.468335e-07,0.008304596,-0.007399559,0.013621092,-0.09596769,-0.077321775,0.005998412,0.2205,0.11591316,1.0,,,,,,,,,,,,,,,,,,,,,,,,,,,,,,,,,,,,,,,,,,,,
589.0,-0.017372896403230698,0.04276125878095627,0.00047522783279418945,0.30330267548561096,0.0,0.18446612,0.11013859,0.9995244,0.091282144,0.052290536,-3.0229074e-07,0.008359432,-0.0072569847,0.013531446,0.012738354,0.03440983,-0.021435173,0.220875,0.116104566,1.0,,,,,,,,,,,,,,,,,,,,,,,,,,,,,,,,,,,,,,,,,,,,
590.0,-0.017312892896531415,0.04269905388355255,0.00047522783279418945,0.30529022216796875,0.0,0.18484515,0.110354975,0.9995244,0.090969145,0.0519328,-2.887566e-07,0.007955313,-0.0075736046,0.013559341,-0.09594919,-0.07730652,0.006011321,0.22125,0.11629594,1.0,,,,,,,,,,,,,,,,,,,,,,,,,,,,,,,,,,,,,,,,,,,,
591.0,-0.017251045936801532,0.042638059705495834,0.00047522783279418945,0.30730509757995605,0.0,0.18522283,0.11056994,0.9995244,0.09064307,0.051591486,-2.5316322e-07,0.008010626,-0.0074310303,0.013469696,0.012768937,0.03440858,-0.021441568,0.221625,0.11648729,1.0,,,,,,,,,,,,,,,,,,,,,,,,,,,,,,,,,,,,,,,,,,,,
592.0,-0.017189859171750504,0.04257829859852791,0.00047522783279418945,0.3093460202217102,0.0,0.18559918,0.11078347,0.9995244,0.090322904,0.051248107,-2.3576858e-07,0.0076065063,-0.0072591305,0.013501644,-0.09751691,0.039945032,0.0069634267,0.222,0.1166786,1.0,,,,,,,,,,,,,,,,,,,,,,,,,,,,,,,,,,,,,,,,,,,,
593.0,-0.017126696423913384,0.04251980036497116,0.00047522783279418945,0.31141164898872375,0.0,0.18597423,0.11099565,0.9995244,0.09000964,0.050921414,-5.927571e-08,0.0076618195,-0.0075445175,0.013408661,0.014178255,-0.068331,-0.022235967,0.222375,0.11686989,1.0,,,,,,,,,,,,,,,,,,,,,,,,,,,,,,,,,,,,,,,,,,,,
594.0,-0.017064262766369943,0.04246251657605171,0.00047522783279418945,0.3135007917881012,0.0,0.1863479,0.11120645,0.9995244,0.089684784,0.05059241,-2.0431573e-07,0.0072577,-0.0073726177,0.013440609,-0.09750249,0.03995596,0.006941318,0.22275,0.117061146,1.0,,,,,,,,,,,,,,,,,,,,,,,,,,,,,,,,,,,,,,,,,,,,
595.0,-0.01699991949833384,0.042406465858221054,0.0004752039967570454,0.3156120777130127,0.0,0.18672027,0.11141595,0.9995244,0.08936682,0.050280087,5.333225e-09,0.007313013,-0.007658243,0.013347626,0.014189219,-0.06833732,-0.022207275,0.223125,0.11725238,1.0,,,,,,,,,,,,,,,,,,,,,,,,,,,,,,,,,,,,,,,,,,,,
596.0,-0.01693637291066334,0.04235164448618889,0.0004752039967570454,0.3177444040775299,0.0,0.18709126,0.11162414,0.9995244,0.089037284,0.049965452,-1.4805372e-07,0.006909132,-0.007486105,0.013379574,-0.09748808,0.039966874,0.0069192126,0.2235,0.11744358,1.0,,,,,,,,,,,,,,,,,,,,,,,,,,,,,,,,,,,,,,,,,,,,
597.0,-0.016870981923453657,0.042298056185245514,0.0004752039967570454,0.3198964595794678,0.0,0.1874609,0.11183109,0.9995244,0.088714644,0.04966749,5.858658e-08,0.006964445,-0.0077717304,0.013286591,0.014200175,-0.068343624,-0.022178587,0.223875,0.11763475,1.0,,,,,,,,,,,,,,,,,,,,,,,,,,,,,,,,,,,,,,,,,,,,
598.0,-0.016806322473620097,0.04224564880132675,0.0004752039967570454,0.32206711173057556,0.0,0.18782915,0.11203679,0.9995244,0.08838042,0.049367208,-9.465703e-08,0.006560564,-0.0075998306,0.013318539,-0.09747368,0.03997777,0.0068971105,0.22425,0.11782589,1.0,,,,,,,,,,,,,,,,,,,,,,,,,,,,,,,,,,,,,,,,,,,,
599.0,-0.016739871873270022,0.042194467037916183,0.0004752039967570454,0.32425522804260254,0.0,0.18819605,0.1122413,0.9995244,0.08805309,0.049083594,1.0698517e-07,0.006615877,-0.0076277256,0.013227463,0.01338429,-0.0065035825,-0.021744126,0.224625,0.118017,1.0,,,,,,,,,,,,,,,,,,,,,,,,,,,,,,,,,,,,,,,,,,,,
600.0,-0.016674335212982627,0.04214448854327202,0.0004752039967570454,0.326459676027298,0.0,0.18856156,0.112444624,0.9995244,0.087724715,0.048797797,3.606919e-08,0.0062122345,-0.0071980953,0.013260841,-0.098273516,0.10182107,0.0073089264,0.225,0.11820808,1.0,,,,,,,,,,,,,,,,,,,,,,,,,,,,,,,,,,,,,,,,,,,,
601.0,-0.01660706454898573,0.04209572449326515,0.0004752039967570454,0.3286794126033783,0.0,0.18892579,0.112646826,0.9995244,0.08741377,0.048528798,2.8877415e-07,0.0062675476,-0.0072259903,0.013170004,0.013392474,-0.0065386393,-0.021744274,0.225375,0.118399136,1.0,,,,,,,,,,,,,,,,,,,,,,,,,,,,,,,,,,,,,,,,,,,,
602.0,-0.016540764531888272,0.04204808548092842,0.0004752039967570454,0.33091339468955994,0.0,0.1892887,0.1128479,0.9995244,0.08710177,0.048257615,2.0706577e-07,0.005863905,-0.00679636,0.013203144,-0.09824729,0.10180301,0.007314794,0.22575,0.11859016,1.0,,,,,,,,,,,,,,,,,,,,,,,,,,,,,,,,,,,,,,,,,,,,
603.0,-0.016472787175129275,0.0420016311109066,0.0004752039967570454,0.33316051959991455,0.0,0.1896504,0.11304791,0.9995244,0.0868072,0.04800322,4.4945136e-07,0.005919218,-0.0068244934,0.013112307,0.013400648,-0.006573682,-0.021744408,0.226125,0.11878115,1.0,,,,,,,,,,,,,,,,,,,,,,,,,,,,,,,,,,,,,,,,,,,,
604.0,-0.016405835097861567,0.0419563427567482,0.0004752039967570454,0.3354198932647705,0.0,0.19001088,0.11324686,0.9995244,0.08651156,0.04774663,3.713644e-07,0.0055155754,-0.0063951015,0.013145447,-0.09822107,0.10178496,0.0073206523,0.2265,0.118972115,1.0,,,,,,,,,,,,,,,,,,,,,,,,,,,,,,,,,,,,,,,,,,,,
605.0,-0.01633725774986415,0.04191218689084053,0.0004752039967570454,0.33769041299819946,0.0,0.19037017,0.113444805,0.9995244,0.08623334,0.04750682,6.000592e-07,0.005571127,-0.0064234734,0.013054371,0.013408814,-0.0066087116,-0.021744529,0.226875,0.11916305,1.0,,,,,,,,,,,,,,,,,,,,,,,,,,,,,,,,,,,,,,,,,,,,
606.0,-0.01626975917425953,0.041869159787893295,0.0004752039967570454,0.33997127413749695,0.0,0.19072832,0.11364174,0.9995244,0.08595404,0.047264814,5.263904e-07,0.0051674843,-0.0059940815,0.013087511,-0.098194875,0.101766914,0.0073265,0.22725,0.11935395,1.0,,,,,,,,,,,,,,,,,,,,,,,,,,,,,,,,,,,,,,,,,,,,
607.0,-0.0162006834441665,0.04182726517319679,0.0004752039967570454,0.3422614634037018,0.0,0.19108537,0.11383774,0.9995244,0.08569215,0.047039583,7.4121925e-07,0.005223036,-0.0060224533,0.012996674,0.013416971,-0.0066437274,-0.021744639,0.227625,0.11954483,1.0,,,,,,,,,,,,,,,,,,,,,,,,,,,,,,,,,,,,,,,,,,,,
608.0,-0.016132739303212296,0.04178647696971893,0.0004752039967570454,0.34456005692481995,0.0,0.19144133,0.11403279,0.9995244,0.085429184,0.046812143,6.720152e-07,0.0048196316,-0.0055933,0.013029337,-0.098168686,0.101748876,0.0073323385,0.228,0.11973567,1.0,,,,,,,,,,,,,,,,,,,,,,,,,,,,,,,,,,,,,,,,,,,,
609.0,-0.01606326610316792,0.04174679145216942,0.00047522783279418945,0.3468662202358246,0.0,0.19179626,0.11422696,0.9995244,0.08518361,0.04660147,8.72979e-07,0.004875183,-0.0056216717,0.012938499,0.01342512,-0.0066787293,-0.021744736,0.228375,0.11992648,1.0,,,,,,,,,,,,,,,,,,,,,,,,,,,,,,,,,,,,,,,,,,,,
610.0,-0.01599497143283734,0.04170815274119377,0.0004752039967570454,0.34917905926704407,0.0,0.19215016,0.11442025,0.9995244,0.084936954,0.046388585,8.082447e-07,0.004471779,-0.0051925182,0.012971401,-0.09814251,0.101730846,0.0073381667,0.22875,0.12011727,1.0,,,,,,,,,,,,,,,,,,,,,,,,,,,,,,,,,,,,,,,,,,,,
611.0,-0.015925301955396574,0.041670653969049454,0.0004752039967570454,0.35149773955345154,0.0,0.19250311,0.11461271,0.9995244,0.08470768,0.04619246,9.953543e-07,0.0045273304,-0.005221367,0.012880325,0.013433261,-0.0067137177,-0.021744821,0.229125,0.12030803,1.0,,,,,,,,,,,,,,,,,,,,,,,,,,,,,,,,,,,,,,,,,,,,
612.0,-0.015856860049195894,0.041634220629930496,0.0004752039967570454,0.3538215160369873,0.0,0.19285509,0.11480436,0.9995244,0.08447731,0.04599411,9.3509254e-07,0.004339695,-0.0047922134,0.012912989,-0.04639322,0.102379076,0.0076140724,0.2295,0.12049875,1.0,,,,,,,,,,,,,,,,,,,,,,,,,,,,,,,,,,,,,,,,,,,,
613.0,-0.015787327795752936,0.04159881919622421,0.00047522783279418945,0.35614949464797974,0.0,0.19320619,0.114995204,0.9995244,0.08426444,0.045803707,1.0710758e-06,0.004610777,-0.004821062,0.012822151,0.06515197,-0.006074182,-0.021498498,0.229875,0.120689444,1.0,,,,,,,,,,,,,,,,,,,,,,,,,,,,,,,,,,,,,,,,,,,,
614.0,-0.01571908235831834,0.041564445942640305,0.0004752039967570454,0.35848093032836914,0.0,0.19355641,0.115185216,0.9995244,0.08405057,0.045602273,9.838981e-07,0.004422903,-0.004392147,0.0128548145,-0.046391286,0.102352284,0.0076436615,0.23025,0.120880105,1.0,,,,,,,,,,,,,,,,,,,,,,,,,,,,,,,,,,,,,,,,,,,,
615.0,-0.01564945747872589,0.04153119772672653,0.00047519206418655813,0.3608150780200958,0.0,0.1939058,0.115374416,0.9995244,0.08385419,0.04540878,1.1198022e-06,0.004693985,-0.0044209957,0.012763977,0.06513595,-0.006105131,-0.021522129,0.230625,0.12107074,1.0,,,,,,,,,,,,,,,,,,,,,,,,,,,,,,,,,,,,,,,,,,,,
616.0,-0.015581160629215449,0.04149894788861275,0.0004752159002237022,0.3631511628627777,0.0,0.19425437,0.115562774,0.9995245,0.08365681,0.04520426,1.0321831e-06,0.004506111,-0.003992319,0.012796879,-0.046389345,0.102325514,0.0076732296,0.231,0.12126134,1.0,,,,,,,,,,,,,,,,,,,,,,,,,,,,,,,,,,,,,,,,,,,,
617.0,-0.01551152279780581,0.041467778384685516,0.00047519206418655813,0.3654884994029999,0.0,0.19460219,0.115750305,0.9995245,0.08347691,0.04500768,9.778389e-07,0.004777193,-0.004021406,0.012706041,0.06511992,-0.006136062,-0.02154574,0.231375,0.121451914,1.0,,,,,,,,,,,,,,,,,,,,,,,,,,,,,,,,,,,,,,,,,,,,
618.0,-0.015443251322445941,0.041437651962041855,0.0004752159002237022,0.367826372385025,0.0,0.19494925,0.11593697,0.9995245,0.08329599,0.044800073,9.3443003e-07,0.004589319,-0.0035927296,0.012738705,-0.046387397,0.102298744,0.0077027767,0.23175,0.12164246,1.0,,,,,,,,,,,,,,,,,,,,,,,,,,,,,,,,,,,,,,,,,,,,
619.0,-0.01537367467611839,0.04140859469771385,0.00047519206418655813,0.370164155960083,0.0,0.19529565,0.116122805,0.9995245,0.08313255,0.044600412,1.0472852e-06,0.0048601627,-0.0036218166,0.012647867,0.06510389,-0.0061669755,-0.021569332,0.232125,0.121832974,1.0,,,,,,,,,,,,,,,,,,,,,,,,,,,,,,,,,,,,,,,,,,,,
620.0,-0.01530550082889422,0.04138055443763733,0.0004752159002237022,0.3725011646747589,0.0,0.19564134,0.116307765,0.9995245,0.08296808,0.044389725,9.64172e-07,0.004672289,-0.00319314,0.012680769,-0.046385445,0.102272,0.0077323033,0.2325,0.122023456,1.0,,,,,,,,,,,,,,,,,,,,,,,,,,,,,,,,,,,,,,,,,,,,
621.0,-0.015236056593652032,0.04135357588529587,0.00047519206418655813,0.3748367726802826,0.0,0.19598643,0.11649188,0.9995245,0.08282108,0.04418698,1.0799736e-06,0.0049431324,-0.0032224655,0.0125899315,0.06508785,-0.006197871,-0.021592906,0.232875,0.12221391,1.0,,,,,,,,,,,,,,,,,,,,,,,,,,,,,,,,,,,,,,,,,,,,
622.0,-0.015168048660702338,0.04132761433720589,0.0004752159002237022,0.3771703839302063,0.0,0.1963309,0.116675094,0.9995245,0.08267304,0.043973215,9.957232e-07,0.0047552586,-0.0027940273,0.012622833,-0.04638349,0.10224525,0.007761809,0.23325,0.12240433,1.0,,,,,,,,,,,,,,,,,,,,,,,,,,,,,,,,,,,,,,,,,,,,
623.0,-0.015098802582579448,0.041302721947431564,0.00047519206418655813,0.3795014023780823,0.0,0.19667482,0.11685746,0.9995245,0.082542464,0.043767393,1.105424e-06,0.005026102,-0.0028233528,0.012531996,0.06507181,-0.00622875,-0.021616459,0.233625,0.122594714,1.0,,,,,,,,,,,,,,,,,,,,,,,,,,,,,,,,,,,,,,,,,,,,
624.0,-0.015031024269900444,0.04127883166074753,0.0004752159002237022,0.38182929158210754,0.0,0.1970182,0.11703892,0.9995245,0.082410835,0.043550547,1.0221654e-06,0.004838228,-0.002395153,0.012564898,-0.046381526,0.10221852,0.007791294,0.234,0.12278508,1.0,,,,,,,,,,,,,,,,,,,,,,,,,,,,,,,,,,,,,,,,,,,,
625.0,-0.014962038705027228,0.04125600308179855,0.00047519206418655813,0.38415345549583435,0.0,0.19736111,0.11721951,0.9995245,0.08229666,0.04334165,1.1252732e-06,0.0051088333,-0.0024244785,0.01247406,0.06505576,-0.006259611,-0.021639993,0.234375,0.12297541,1.0,,,,,,,,,,,,,,,,,,,,,,,,,,,,,,,,,,,,,,,,,,,,
626.0,-0.014894551405488532,0.041234202682971954,0.0004752159002237022,0.3864733874797821,0.0,0.19770354,0.117399186,0.9995245,0.082181424,0.043121733,1.0431266e-06,0.0049209595,-0.0019962788,0.0125072,-0.046379555,0.1021918,0.007820758,0.23475,0.123165704,1.0,,,,,,,,,,,,,,,,,,,,,,,,,,,,,,,,,,,,,,,,,,,,
627.0,-0.014825884902055258,0.04121341183781624,0.0004752159002237022,0.3887885510921478,0.0,0.19804555,0.11757798,0.9995245,0.082083635,0.04290976,1.1396208e-06,0.0051915646,-0.002026081,0.012416363,0.0650397,-0.006290455,-0.02166351,0.235125,0.12335597,1.0,,,,,,,,,,,,,,,,,,,,,,,,,,,,,,,,,,,,,,,,,,,,
628.0,-0.014758743324020909,0.041193656623363495,0.0004752159002237022,0.3910985291004181,0.0,0.19838715,0.11775584,0.9995245,0.08198478,0.042686768,1.0585959e-06,0.0050036907,-0.0015978813,0.0124492645,-0.04637758,0.102165096,0.007850202,0.2355,0.123546205,1.0,,,,,,,,,,,,,,,,,,,,,,,,,,,,,,,,,,,,,,,,,,,,
629.0,-0.014690450203919684,0.04117492958903313,0.0004752039967570454,0.39340272545814514,0.0,0.19872841,0.117932804,0.9995245,0.08190336,0.042471725,1.1484818e-06,0.005274296,-0.0016276836,0.0123586655,0.06502364,-0.006321281,-0.021687005,0.235875,0.12373641,1.0,,,,,,,,,,,,,,,,,,,,,,,,,,,,,,,,,,,,,,,,,,,,
630.0,-0.01462370785696876,0.04115723818540573,0.0004752039967570454,0.3957008123397827,0.0,0.19906934,0.118108824,0.99952453,0.08182086,0.042245667,1.068582e-06,0.005086422,-0.0011997223,0.012391567,-0.0463756,0.10213839,0.007879624,0.23625,0.12392659,1.0,,,,,,,,,,,,,,,,,,,,,,,,,,,,,,,,,,,,,,,,,,,,
631.0,-0.014555838886411224,0.04114054515957832,0.0004752039967570454,0.39799219369888306,0.0,0.19940999,0.11828394,0.99952453,0.08175579,0.042027555,9.679039e-07,0.0053567886,-0.0012295246,0.012300968,0.06500757,-0.00635209,-0.021710483,0.236625,0.12411673,1.0,,,,,,,,,,,,,,,,,,,,,,,,,,,,,,,,,,,,,,,,,,,,
632.0,-0.014489546091701052,0.0411248542368412,0.0004752039967570454,0.4002765715122223,0.0,0.19975036,0.1184581,0.99952453,0.08168963,0.04179843,9.3232296e-07,0.005168915,-0.00080156326,0.012334108,-0.046373613,0.10211171,0.007909026,0.237,0.12430684,1.0,,,,,,,,,,,,,,,,,,,,,,,,,,,,,,,,,,,,,,,,,,,,
633.0,-0.014422146243619866,0.04111018776893616,0.0004752039967570454,0.402553528547287,0.0,0.20009053,0.11863134,0.99952453,0.08164089,0.041577253,9.988723e-07,0.0054392815,-0.000831604,0.012243271,0.0649915,-0.006382881,-0.02173394,0.237375,0.12449693,1.0,,,,,,,,,,,,,,,,,,,,,,,,,,,,,,,,,,,,,,,,,,,,
634.0,-0.014355745088020195,0.0410965159535408,0.0004752039967570454,0.40482258796691895,0.0,0.2004305,0.11880361,0.99952453,0.081591055,0.041345064,9.2361313e-07,0.0052514076,-0.00040388107,0.012276411,-0.04637162,0.10208503,0.007938407,0.23775,0.12468698,1.0,,,,,,,,,,,,,,,,,,,,,,,,,,,,,,,,,,,,,,,,,,,,
635.0,-0.014289349298943854,0.041083864867687225,0.0004752039967570454,0.4070834219455719,0.0,0.20077032,0.11897495,0.99952453,0.08155863,0.041120823,9.931557e-07,0.0055217743,-0.0004339218,0.012185574,0.06497541,-0.0064136554,-0.02175738,0.238125,0.124877,1.0,,,,,,,,,,,,,,,,,,,,,,,,,,,,,,,,,,,,,,,,,,,,
636.0,-0.014223682305428887,0.04107216000556946,0.0004752039967570454,0.4093356132507324,0.0,0.20111,0.119145304,0.99952453,0.0815251,0.040885568,9.167817e-07,0.005333662,-0.00039100647,0.012216806,-0.04524472,0.009767653,0.007458118,0.2385,0.12506698,1.0,,,,,,,,,,,,,,,,,,,,,,,,,,,,,,,,,,,,,,,,,,,,
637.0,-0.0141578671611027,0.041061509400606155,0.0004752039967570454,0.4115787148475647,0.0,0.20144956,0.119314715,0.99952453,0.08149325,0.040658075,9.771495e-07,0.0056040287,-0.0008056164,0.012124062,0.06609708,-0.09871367,-0.022247927,0.238875,0.12525694,1.0,,,,,,,,,,,,,,,,,,,,,,,,,,,,,,,,,,,,,,,,,,,,
638.0,-0.014092805695094652,0.041051872074604034,0.0004752039967570454,0.4138123691082001,0.0,0.20178892,0.11948313,0.99952453,0.081444584,0.04041938,8.923956e-07,0.005416155,-0.0007624626,0.012155056,-0.045260645,0.009784174,0.0074457275,0.23925,0.12544687,1.0,,,,,,,,,,,,,,,,,,,,,,,,,,,,,,,,,,,,,,,,,,,,
639.0,-0.014027615440022423,0.04104320704936981,0.0004752039967570454,0.4160361886024475,0.0,0.20212807,0.11965058,0.99952453,0.0813976,0.040188447,9.560337e-07,0.0056865215,-0.0011770725,0.012062311,0.06608547,-0.09870144,-0.02222848,0.239625,0.12563676,1.0,,,,,,,,,,,,,,,,,,,,,,,,,,,,,,,,,,,,,,,,,,,,
640.0,-0.013963202493041537,0.041035592555999756,0.0004752039967570454,0.4182497560977936,0.0,0.20246696,0.11981702,0.99952453,0.08133379,0.039946318,8.6331346e-07,0.005498171,-0.0011339188,0.012093544,-0.045276556,0.00980069,0.0074333316,0.24,0.12582663,1.0,,,,,,,,,,,,,,,,,,,,,,,,,,,,,,,,,,,,,,,,,,,,
641.0,-0.013898683303196597,0.041029032319784164,0.0004752039967570454,0.420452743768692,0.0,0.2028056,0.11998249,0.99952453,0.081271686,0.039711952,9.301261e-07,0.0057685375,-0.0015485287,0.012000561,0.066073865,-0.09868921,-0.022209037,0.240375,0.12601645,1.0,,,,,,,,,,,,,,,,,,,,,,,,,,,,,,,,,,,,,,,,,,,,
642.0,-0.013834958275055398,0.04102350398898125,0.0004752039967570454,0.42264485359191895,0.0,0.2031439,0.12014693,0.99952453,0.08119276,0.039466396,8.2946735e-07,0.0055804253,-0.0015053749,0.012031794,-0.045292456,0.0098172035,0.0074209296,0.24075,0.12620625,1.0,,,,,,,,,,,,,,,,,,,,,,,,,,,,,,,,,,,,,,,,,,,,
643.0,-0.013771147780557297,0.0410190112888813,0.0004752039967570454,0.42482566833496094,0.0,0.20348188,0.12031038,0.99952453,0.081115544,0.039228603,8.9944933e-07,0.005850792,-0.0019197464,0.01193881,0.066062264,-0.098677,-0.0221896,0.241125,0.12639603,1.0,,,,,,,,,,,,,,,,,,,,,,,,,,,,,,,,,,,,,,,,,,,,
644.0,-0.013708150897340968,0.041015543043613434,0.00047519206418655813,0.4269949495792389,0.0,0.20381947,0.120472796,0.99952453,0.08102151,0.038979627,7.908587e-07,0.0056624413,-0.0018765926,0.011970043,-0.045308337,0.009833712,0.007408522,0.2415,0.12658577,1.0,,,,,,,,,,,,,,,,,,,,,,,,,,,,,,,,,,,,,,,,,,,,
645.0,-0.013794695098945159,0.04101318120956421,0.00047519206418655813,0.4241653382778168,0.0,0.20415667,0.120634206,0.9995246,0.08092919,0.03873842,8.640096e-07,0.005932808,-0.0022907257,0.01187706,0.06605066,-0.09866479,-0.02217017,0.241875,0.12677546,1.0,,,,,,,,,,,,,,,,,,,,,,,,,,,,,,,,,,,,,,,,,,,,
646.0,-0.013886890715278424,0.041011836379766464,0.00047519206418655813,0.4211525619029999,0.0,0.20449342,0.120794564,0.9995246,0.08082006,0.03848603,5.635312e-07,0.0057444572,-0.002247572,0.011908293,-0.045324206,0.009850218,0.007396109,0.24225,0.12696514,1.0,,,,,,,,,,,,,,,,,,,,,,,,,,,,,,,,,,,,,,,,,,,,
647.0,-0.013978475705124224,0.04101156070828438,0.00047519206418655813,0.41816043853759766,0.0,0.20482972,0.12095391,0.9995246,0.08071265,0.038241412,6.830398e-07,0.0060145855,-0.0020384789,0.011819124,0.06425558,0.05094517,-0.02129133,0.242625,0.12715478,1.0,,,,,,,,,,,,,,,,,,,,,,,,,,,,,,,,,,,,,,,,,,,,
648.0,-0.01407034309744486,0.04101235419511795,0.00047519206418655813,0.41515958309173584,0.0,0.20516562,0.12111218,0.9995246,0.080613926,0.037985913,6.083535e-07,0.005826235,-0.0022883415,0.011848688,-0.044490136,-0.06052485,0.006988329,0.243,0.12734438,1.0,,,,,,,,,,,,,,,,,,,,,,,,,,,,,,,,,,,,,,,,,,,,
649.0,-0.014161598600325672,0.04101419821381569,0.00047519206418655813,0.4121793806552887,0.0,0.20550105,0.12126943,0.9995246,0.080504924,0.037738055,6.4936194e-07,0.0060966015,-0.0020794868,0.011759281,0.06426065,0.05093877,-0.02128135,0.243375,0.12753397,1.0,,,,,,,,,,,,,,,,,,,,,,,,,,,,,,,,,,,,,,,,,,,,
650.0,-0.014253140731334135,0.0410170741379261,0.00047519206418655813,0.40919029712677,0.0,0.20583607,0.121425584,0.9995246,0.0804046,0.03747931,5.9254717e-07,0.005908251,-0.0023293495,0.011788845,-0.044492837,-0.060527097,0.0069847843,0.24375,0.12772352,1.0,,,,,,,,,,,,,,,,,,,,,,,,,,,,,,,,,,,,,,,,,,,,
651.0,-0.014344074579492012,0.04102101922035217,0.00047519206418655813,0.40622174739837646,0.0,0.20617063,0.121580705,0.9995246,0.080294006,0.037228208,6.295696e-07,0.006178379,-0.0021202564,0.0116996765,0.06426571,0.050932378,-0.021271368,0.244125,0.12791303,1.0,,,,,,,,,,,,,,,,,,,,,,,,,,,,,,,,,,,,,,,,,,,,
652.0,-0.014435298397762381,0.0410260371863842,0.0004752159002237022,0.40324416756629944,0.0,0.20650476,0.12173473,0.9995246,0.08019209,0.036966223,5.731327e-07,0.0059900284,-0.0023703575,0.01172924,-0.04449554,-0.060529344,0.0069812355,0.2445,0.12810251,1.0,,,,,,,,,,,,,,,,,,,,,,,,,,,,,,,,,,,,,,,,,,,,
653.0,-0.014525915822887692,0.0410320945084095,0.0004752159002237022,0.40028706192970276,0.0,0.20683843,0.1218877,0.9995246,0.0800799,0.036711875,6.102758e-07,0.006260395,-0.0021612644,0.011639833,0.06427078,0.050925985,-0.021261387,0.244875,0.12829196,1.0,,,,,,,,,,,,,,,,,,,,,,,,,,,,,,,,,,,,,,,,,,,,
654.0,-0.014616823507702431,0.04103920981287956,0.0004752159002237022,0.3973208963871002,0.0,0.20717166,0.12203956,0.9995246,0.07997639,0.03644665,5.5325273e-07,0.0060720444,-0.0024113655,0.011669397,-0.044498242,-0.060531586,0.0069776825,0.24525,0.12848137,1.0,,,,,,,,,,,,,,,,,,,,,,,,,,,,,,,,,,,,,,,,,,,,
655.0,-0.014707125708746388,0.04104740172624588,0.0004752159002237022,0.39437514543533325,0.0,0.20750444,0.12219035,0.9995246,0.0798626,0.03618906,5.9074245e-07,0.0063421726,-0.0022022724,0.011580229,0.06427584,0.050919596,-0.021251403,0.245625,0.12867077,1.0,,,,,,,,,,,,,,,,,,,,,,,,,,,,,,,,,,,,,,,,,,,,
656.0,-0.014797725252828242,0.04105662554502487,0.0004752159002237022,0.3914200961589813,0.0,0.20783675,0.122340016,0.9995246,0.07975749,0.03592059,5.3308014e-07,0.006153822,-0.0024523735,0.011609793,-0.044500943,-0.060533833,0.006974125,0.246,0.12886012,1.0,,,,,,,,,,,,,,,,,,,,,,,,,,,,,,,,,,,,,,,,,,,,
657.0,-0.01488771745879167,0.041066937148571014,0.0004752159002237022,0.38848552107810974,0.0,0.2081686,0.122488596,0.9995246,0.07964211,0.03565976,5.709286e-07,0.0064241886,-0.0022432804,0.011520624,0.0642809,0.050913207,-0.021241419,0.246375,0.12904944,1.0,,,,,,,,,,,,,,,,,,,,,,,,,,,,,,,,,,,,,,,,,,,,
658.0,-0.014978009193870823,0.04107826203107834,0.0004752159002237022,0.38554155826568604,0.0,0.2085,0.12263605,0.9995246,0.0795354,0.035388052,5.1262435e-07,0.006235838,-0.0024933815,0.011550188,-0.044503644,-0.060536075,0.006970563,0.24675,0.12923872,1.0,,,,,,,,,,,,,,,,,,,,,,,,,,,,,,,,,,,,,,,,,,,,
659.0,-0.01506769631851421,0.0410907007753849,0.0004752159002237022,0.3826179504394531,0.0,0.20883091,0.122782394,0.9995246,0.07941843,0.035123985,5.5083194e-07,0.0065062046,-0.0022842884,0.0114610195,0.06428595,0.050906826,-0.021231435,0.247125,0.12942798,1.0,,,,,,,,,,,,,,,,,,,,,,,,,,,,,,,,,,,,,,,,,,,,
660.0,-0.01515768630375933,0.04110417515039444,0.0004752159002237022,0.3796848654747009,0.0,0.20916136,0.1229276,0.9995246,0.07931013,0.034849036,4.918856e-07,0.006317854,-0.0025343895,0.011490583,-0.044506345,-0.060538314,0.006966997,0.2475,0.12961721,1.0,,,,,,,,,,,,,,,,,,,,,,,,,,,,,,,,,,,,,,,,,,,,
661.0,-0.015247069772717805,0.041118692606687546,0.0004752159002237022,0.3767721652984619,0.0,0.20949133,0.12307169,0.9995246,0.07919154,0.03458173,5.304519e-07,0.006587982,-0.0023255348,0.011401415,0.06429101,0.050900444,-0.02122145,0.247875,0.1298064,1.0,,,,,,,,,,,,,,,,,,,,,,,,,,,,,,,,,,,,,,,,,,,,
662.0,-0.015336761356394713,0.041134271770715714,0.0004752159002237022,0.3738498091697693,0.0,0.20982084,0.123214625,0.9995246,0.07908165,0.034303546,4.7086377e-07,0.00639987,-0.002575636,0.011430979,-0.044509046,-0.060540557,0.0069634267,0.24825,0.12999557,1.0,,,,,,,,,,,,,,,,,,,,,,,,,,,,,,,,,,,,,,,,,,,,
663.0,-0.015425844922155377,0.04115091636776924,0.0004752159002237022,0.37094786763191223,0.0,0.21014984,0.123356424,0.9995246,0.07896147,0.034033,5.0978855e-07,0.006669998,-0.0023665428,0.01134181,0.06429606,0.050894063,-0.021211464,0.248625,0.1301847,1.0,,,,,,,,,,,,,,,,,,,,,,,,,,,,,,,,,,,,,,,,,,,,
664.0,-0.015515236248046132,0.04116864129900932,0.0004752159002237022,0.36803629994392395,0.0,0.21047838,0.12349706,0.9995246,0.07884997,0.033751577,4.4955848e-07,0.0064816475,-0.002616644,0.011371374,-0.044511743,-0.060542796,0.0069598523,0.249,0.13037379,1.0,,,,,,,,,,,,,,,,,,,,,,,,,,,,,,,,,,,,,,,,,,,,
665.0,-0.015604020361520815,0.04118739813566208,0.0004752159002237022,0.36514508724212646,0.0,0.21080641,0.12363655,0.9995246,0.07872819,0.033477798,4.8884147e-07,0.006752014,-0.0024077892,0.011282206,0.0643011,0.05088769,-0.021201478,0.249375,0.13056284,1.0,,,,,,,,,,,,,,,,,,,,,,,,,,,,,,,,,,,,,,,,,,,,
666.0,-0.015693115359299556,0.0412072129547596,0.0004752159002237022,0.3622441291809082,0.0,0.21113397,0.12377486,0.9995246,0.07861509,0.033193137,4.279697e-07,0.0065636635,-0.0026578903,0.0113117695,-0.044514444,-0.06054503,0.0069562737,0.24975,0.13075188,1.0,,,,,,,,,,,,,,,,,,,,,,,,,,,,,,,,,,,,,,,,,,,,
667.0,-0.015781603719668788,0.04122811555862427,0.0004752159002237022,0.35936352610588074,0.0,0.21146102,0.12391201,0.9995246,0.07849172,0.032916125,4.6761042e-07,0.00683403,-0.0024490356,0.011222839,0.064306155,0.050881315,-0.02119149,0.250125,0.13094087,1.0,,,,,,,,,,,,,,,,,,,,,,,,,,,,,,,,,,,,,,,,,,,,
668.0,-0.015870401395682715,0.041250042617321014,0.0004752159002237022,0.3564732074737549,0.0,0.2117876,0.12404796,0.9995246,0.07837701,0.03262823,4.0609714e-07,0.0066456795,-0.0026991367,0.011252165,-0.044517145,-0.06054727,0.006952691,0.2505,0.13112983,1.0,,,,,,,,,,,,,,,,,,,,,,,,,,,,,,,,,,,,,,,,,,,,
669.0,-0.01595859343336124,0.04127306863665581,0.0004752159002237022,0.35360321402549744,0.0,0.21211365,0.12418274,0.9995246,0.07825203,0.03234798,4.4609524e-07,0.006916046,-0.0024900436,0.011163235,0.0643112,0.050874945,-0.021181503,0.250875,0.13131876,1.0,,,,,,,,,,,,,,,,,,,,,,,,,,,,,,,,,,,,,,,,,,,,
670.0,-0.016047095101781088,0.04129715636372566,0.0004752159002237022,0.3507234752178192,0.0,0.21243921,0.12431631,0.9995246,0.07813573,0.032056853,3.8394052e-07,0.0067276955,-0.0027403831,0.011192799,-0.04451984,-0.060549505,0.0069491034,0.25125,0.13150766,1.0,,,,,,,,,,,,,,,,,,,,,,,,,,,,,,,,,,,,,,,,,,,,
671.0,-0.016134989773860436,0.04132230207324028,0.0004752039967570454,0.3478640913963318,0.0,0.21276425,0.1244487,0.9995246,0.07800915,0.031773373,4.242957e-07,0.006998062,-0.00253129,0.0111038685,0.064316235,0.050868575,-0.021171514,0.251625,0.13169654,1.0,,,,,,,,,,,,,,,,,,,,,,,,,,,,,,,,,,,,,,,,,,,,
672.0,-0.016223196385480698,0.04134850576519966,0.0004752039967570454,0.3449949026107788,0.0,0.2130888,0.12457986,0.99952465,0.07789124,0.031479012,3.614997e-07,0.0068097115,-0.0027816296,0.011133194,-0.04452254,-0.06055174,0.0069455123,0.252,0.13188536,1.0,,,,,,,,,,,,,,,,,,,,,,,,,,,,,,,,,,,,,,,,,,,,
673.0,-0.016310790992134935,0.041375745087862015,0.0004752039967570454,0.34214621782302856,0.0,0.2134128,0.12470983,0.99952465,0.07776306,0.0311923,2.1825161e-07,0.007080078,-0.002572775,0.011044264,0.06432128,0.05086221,-0.021161525,0.252375,0.13207416,1.0,,,,,,,,,,,,,,,,,,,,,,,,,,,,,,,,,,,,,,,,,,,,
674.0,-0.016398698770900957,0.041404083371162415,0.0004752039967570454,0.339287668466568,0.0,0.21373633,0.12483856,0.99952465,0.07764354,0.030894708,1.9800086e-07,0.0068917274,-0.002822876,0.011073828,-0.044525236,-0.060553975,0.0069419164,0.25275,0.13226293,1.0,,,,,,,,,,,,,,,,,,,,,,,,,,,,,,,,,,,,,,,,,,,,
675.0,-0.016485994035547267,0.04143349453806877,0.0004752039967570454,0.33644965291023254,0.0,0.2140593,0.12496608,0.99952465,0.077513754,0.030604765,2.2893072e-07,0.007162094,-0.0026140213,0.010984898,0.064326316,0.05085585,-0.021151535,0.253125,0.13245167,1.0,,,,,,,,,,,,,,,,,,,,,,,,,,,,,,,,,,,,,,,,,,,,
676.0,-0.01657360010976554,0.04146391153335571,0.0004752039967570454,0.33360183238983154,0.0,0.21438177,0.12509234,0.99952465,0.07739263,0.030303942,1.6723256e-07,0.006973982,-0.0028643608,0.011014223,-0.044527933,-0.060556207,0.0069383164,0.2535,0.13264036,1.0,,,,,,,,,,,,,,,,,,,,,,,,,,,,,,,,,,,,,,,,,,,,
677.0,-0.016660590350076384,0.04149544984102249,0.0004752039967570454,0.3307746350765228,0.0,0.2147037,0.1252174,0.99952465,0.07726124,0.03001077,2.0809809e-07,0.00724411,-0.0026552677,0.010925531,0.06433135,0.050849486,-0.021141544,0.253875,0.13282904,1.0,,,,,,,,,,,,,,,,,,,,,,,,,,,,,,,,,,,,,,,,,,,,
678.0,-0.016747894180584266,0.041528016328811646,0.0004752039967570454,0.3279375731945038,0.0,0.2150251,0.12534116,0.99952465,0.07713851,0.029706717,1.435101e-07,0.007055998,-0.0029056072,0.010954857,-0.04453063,-0.06055844,0.006934712,0.25425,0.13301767,1.0,,,,,,,,,,,,,,,,,,,,,,,,,,,,,,,,,,,,,,,,,,,,
679.0,-0.01683463429827389,0.041561685502529144,0.0004752039967570454,0.32512131333351135,0.0,0.21534596,0.12546371,0.99952465,0.07700551,0.029410316,1.8525924e-07,0.0073263645,-0.0026967525,0.010866165,0.06433638,0.05084313,-0.021131553,0.254625,0.13320626,1.0,,,,,,,,,,,,,,,,,,,,,,,,,,,,,,,,,,,,,,,,,,,,
680.0,-0.016920652150837125,0.041596390306949615,0.0004752039967570454,0.32232576608657837,0.0,0.2156663,0.12558497,0.99952465,0.076881185,0.029103035,1.1990652e-07,0.007138014,-0.002947092,0.010895491,-0.044533327,-0.06056067,0.0069311038,0.255,0.13339484,1.0,,,,,,,,,,,,,,,,,,,,,,,,,,,,,,,,,,,,,,,,,,,,
681.0,-0.017006313387093543,0.04163217917084694,0.0004752039967570454,0.3195509612560272,0.0,0.21598607,0.12570499,0.99952465,0.076746576,0.028803406,1.6204007e-07,0.0074083805,-0.002737999,0.010806799,0.06434141,0.050836775,-0.02112156,0.255375,0.13358337,1.0,,,,,,,,,,,,,,,,,,,,,,,,,,,,,,,,,,,,,,,,,,,,
682.0,-0.017090958050527846,0.04166903346776962,0.0004752039967570454,0.3167968988418579,0.0,0.21630533,0.1258237,0.99952465,0.07662063,0.028492898,9.6039855e-08,0.00722003,-0.0029883385,0.010836124,-0.044536024,-0.060562897,0.006927491,0.25575,0.13377187,1.0,,,,,,,,,,,,,,,,,,,,,,,,,,,,,,,,,,,,,,,,,,,,
683.0,-0.017175534159068778,0.04170694202184677,0.0004752039967570454,0.3140637278556824,0.0,0.216624,0.12594117,0.99952465,0.07648442,0.028190043,1.3853e-07,0.0074903965,-0.0027794838,0.010747433,0.06434644,0.050830424,-0.021111567,0.256125,0.13396034,1.0,,,,,,,,,,,,,,,,,,,,,,,,,,,,,,,,,,,,,,,,,,,,
684.0,-0.01725879852837825,0.041745949536561966,0.0004752039967570454,0.31135138869285583,0.0,0.21694216,0.12605731,0.99952465,0.076356865,0.027876308,7.1888834e-08,0.0073022842,-0.0030298233,0.010776758,-0.044538718,-0.06056513,0.0069238744,0.2565,0.13414878,1.0,,,,,,,,,,,,,,,,,,,,,,,,,,,,,,,,,,,,,,,,,,,,
685.0,-0.017342287865568507,0.04178602248430252,0.0004752039967570454,0.3086599111557007,0.0,0.21725975,0.1261722,0.99952465,0.076219045,0.027570227,1.147337e-07,0.007572651,-0.0028209686,0.0106880665,0.06435147,0.050824072,-0.021101573,0.256875,0.13433717,1.0,,,,,,,,,,,,,,,,,,,,,,,,,,,,,,,,,,,,,,,,,,,,
686.0,-0.017424111939212162,0.041827164590358734,0.0004752039967570454,0.3059892952442169,0.0,0.21757679,0.12628575,0.99952465,0.07608988,0.027253266,4.745211e-08,0.0073843,-0.0030713081,0.010717392,-0.044541415,-0.060567357,0.0069202534,0.25725,0.13452554,1.0,,,,,,,,,,,,,,,,,,,,,,,,,,,,,,,,,,,,,,,,,,,,
687.0,-0.017506198976356246,0.041869331151247025,0.00047522783279418945,0.3033396601676941,0.0,0.21789324,0.12639801,0.99952465,0.07595045,0.026943961,9.065125e-08,0.0073132515,-0.0028624535,0.0106287,-0.017583458,0.049939506,-0.021343263,0.257625,0.13471387,1.0,,,,,,,,,,,,,,,,,,,,,,,,,,,,,,,,,,,,,,,,,,,,
688.0,-0.017586732455769385,0.04191260784864426,0.00047522783279418945,0.3007110357284546,0.0,0.21820916,0.12650901,0.99952465,0.07581953,0.026637733,1.2717783e-07,0.006783724,-0.003112793,0.010658264,-0.12646593,-0.061431088,0.0067025535,0.258,0.13490218,1.0,,,,,,,,,,,,,,,,,,,,,,,,,,,,,,,,,,,,,,,,,,,,
689.0,-0.01766755001736965,0.04195694625377655,0.00047522783279418945,0.2981034517288208,0.0,0.21852449,0.1266188,0.99952465,0.075678185,0.02635311,2.4062498e-07,0.006712675,-0.0029041767,0.010569334,-0.017539777,0.049929272,-0.021370957,0.258375,0.13509044,1.0,,,,,,,,,,,,,,,,,,,,,,,,,,,,,,,,,,,,,,,,,,,,
690.0,-0.017746827643834697,0.04200232774019241,0.00047522783279418945,0.2955169379711151,0.0,0.21883926,0.12672745,0.99952465,0.07554536,0.026071552,2.592177e-07,0.006183386,-0.0031542778,0.010599136,-0.12643039,-0.061417833,0.006736461,0.25875,0.13527867,1.0,,,,,,,,,,,,,,,,,,,,,,,,,,,,,,,,,,,,,,,,,,,,
691.0,-0.017826387293702284,0.04204878211021423,0.00047522783279418945,0.2929515540599823,0.0,0.21915343,0.12683499,0.99952465,0.07540212,0.025811587,3.6341038e-07,0.0061125755,-0.0029456615,0.010510206,-0.017496116,0.04991902,-0.021398628,0.259125,0.13546687,1.0,,,,,,,,,,,,,,,,,,,,,,,,,,,,,,,,,,,,,,,,,,,,
692.0,-0.01790440230802633,0.04209629446268082,0.00047522783279418945,0.2904073894023895,0.0,0.21946704,0.12694147,0.99952465,0.07526738,0.025554674,3.827422e-07,0.0055832863,-0.003196001,0.010540009,-0.12639488,-0.061404567,0.006770343,0.2595,0.13565503,1.0,,,,,,,,,,,,,,,,,,,,,,,,,,,,,,,,,,,,,,,,,,,,
693.0,-0.01798269587601535,0.042144883424043655,0.00047522783279418945,0.2878844738006592,0.0,0.21978006,0.12704696,0.99952465,0.07512224,0.025319343,4.7331193e-07,0.0055127144,-0.0029871464,0.01045084,-0.017452477,0.04990875,-0.021426274,0.259875,0.13584316,1.0,,,,,,,,,,,,,,,,,,,,,,,,,,,,,,,,,,,,,,,,,,,,
694.0,-0.018059441459122173,0.042194485664367676,0.00047522783279418945,0.2853828966617584,0.0,0.22009249,0.12715149,0.99952465,0.0749856,0.02508705,4.94418e-07,0.0049836636,-0.003237486,0.010480881,-0.1263594,-0.061391294,0.0068042,0.26025,0.13603126,1.0,,,,,,,,,,,,,,,,,,,,,,,,,,,,,,,,,,,,,,,,,,,,
695.0,-0.018136460031293246,0.042245134711265564,0.0004752516688313335,0.2829027473926544,0.0,0.22040433,0.12725514,0.99952465,0.07483856,0.024876328,5.7113687e-07,0.00491333,-0.0030288696,0.010391712,-0.017408857,0.049898464,-0.021453897,0.260625,0.13621932,1.0,,,,,,,,,,,,,,,,,,,,,,,,,,,,,,,,,,,,,,,,,,,,
696.0,-0.018211927726203433,0.04229685291647911,0.0004752516688313335,0.28044405579566956,0.0,0.22071557,0.12735793,0.99952465,0.07470002,0.02466863,5.9408006e-07,0.0043842793,-0.0032789707,0.010421991,-0.12632392,-0.061378013,0.006838031,0.261,0.13640735,1.0,,,,,,,,,,,,,,,,,,,,,,,,,,,,,,,,,,,,,,,,,,,,
697.0,-0.018287667634784156,0.04234961420297623,0.0004752516688313335,0.27800679206848145,0.0,0.2210262,0.12745994,0.99952465,0.074551076,0.02448249,6.569485e-07,0.004313946,-0.0030705929,0.010332584,-0.017365256,0.049888156,-0.021481493,0.261375,0.13659534,1.0,,,,,,,,,,,,,,,,,,,,,,,,,,,,,,,,,,,,,,,,,,,,
698.0,-0.018361850551136014,0.04240334406495094,0.0004752516688313335,0.2755911946296692,0.0,0.22133625,0.12756118,0.99952465,0.07441065,0.024299365,6.817382e-07,0.0037851334,-0.003320694,0.010362864,-0.12628847,-0.06136473,0.006871837,0.26175,0.1367833,1.0,,,,,,,,,,,,,,,,,,,,,,,,,,,,,,,,,,,,,,,,,,,,
699.0,-0.01843610358479855,0.04245815798640251,0.0004752516688313335,0.2731972932815552,0.0,0.22164567,0.12766176,0.99952465,0.07425981,0.024137786,7.30769e-07,0.0037152767,-0.0031120777,0.010273457,-0.017321674,0.049877834,-0.021509066,0.262125,0.13697124,1.0,,,,,,,,,,,,,,,,,,,,,,,,,,,,,,,,,,,,,,,,,,,,
700.0,-0.018508792759924838,0.04251401498913765,0.0004752516688313335,0.27082520723342896,0.0,0.22195448,0.12776168,0.99952465,0.07411749,0.023979206,7.574115e-07,0.0031864643,-0.0033624172,0.010303974,-0.12625304,-0.061351433,0.0069056177,0.2625,0.13715912,1.0,,,,,,,,,,,,,,,,,,,,,,,,,,,,,,,,,,,,,,,,,,,,
701.0,-0.018581872123899668,0.04257088154554367,0.0004752516688313335,0.26847490668296814,0.0,0.22226267,0.12786102,0.99952465,0.07396476,0.023842162,7.926183e-07,0.0031166077,-0.003153801,0.010214567,-0.017278114,0.049867492,-0.021536615,0.262875,0.13734698,1.0,,,,,,,,,,,,,,,,,,,,,,,,,,,,,,,,,,,,,,,,,,,,
702.0,-0.018653292960802356,0.04262874647974968,0.0004752516688313335,0.26614657044410706,0.0,0.22257026,0.1279598,0.99952465,0.073820546,0.023708101,8.211199e-07,0.0028505325,-0.0034041405,0.010245085,-0.06323201,-0.060694743,0.0071380306,0.26325,0.1375348,1.0,,,,,,,,,,,,,,,,,,,,,,,,,,,,,,,,,,,,,,,,,,,,
703.0,-0.01872496254877042,0.04268762469291687,0.0004752516688313335,0.2638401687145233,0.0,0.2228772,0.12805808,0.99952465,0.073666036,0.02358484,8.1334224e-07,0.0030434132,-0.0031955242,0.010155678,0.04573518,0.050509028,-0.021336557,0.263625,0.1377226,1.0,,,,,,,,,,,,,,,,,,,,,,,,,,,,,,,,,,,,,,,,,,,,
704.0,-0.018795052378658875,0.04274750500917435,0.0004752516688313335,0.261555939912796,0.0,0.22318353,0.1281558,0.99952465,0.073520154,0.02345383,8.200781e-07,0.002777338,-0.0034456253,0.010186195,-0.06322607,-0.0606934,0.007142918,0.264,0.13791035,1.0,,,,,,,,,,,,,,,,,,,,,,,,,,,,,,,,,,,,,,,,,,,,
705.0,-0.01886538626416077,0.04280834645032883,0.0004752516688313335,0.259293794631958,0.0,0.22348921,0.12825301,0.99952465,0.073363975,0.023333613,8.161808e-07,0.0029699802,-0.0032372475,0.010096788,0.045748908,0.050501846,-0.02133515,0.264375,0.13809806,1.0,,,,,,,,,,,,,,,,,,,,,,,,,,,,,,,,,,,,,,,,,,,,
706.0,-0.018934132949051857,0.042870160192251205,0.0004752397653646767,0.25705406069755554,0.0,0.22379428,0.1283497,0.99952465,0.07321642,0.023205645,8.229304e-07,0.0027041435,-0.0034873486,0.010127306,-0.06322013,-0.060692064,0.007147799,0.26475,0.13828576,1.0,,,,,,,,,,,,,,,,,,,,,,,,,,,,,,,,,,,,,,,,,,,,
707.0,-0.0190031186771419,0.042932961136102676,0.0004752397653646767,0.2548365890979767,0.0,0.2240987,0.12844591,0.9995247,0.073058575,0.02308847,8.178009e-07,0.0028967857,-0.0032789707,0.010037899,0.045762632,0.05049467,-0.021333734,0.265125,0.1384734,1.0,,,,,,,,,,,,,,,,,,,,,,,,,,,,,,,,,,,,,,,,,,,,
708.0,-0.019070516200694693,0.04299670085310936,0.0004752397653646767,0.25264155864715576,0.0,0.22440249,0.12854159,0.9995247,0.072909355,0.02296354,6.4180114e-07,0.002630949,-0.0035293102,0.010068655,-0.06321419,-0.060690727,0.0071526724,0.2655,0.13866101,1.0,,,,,,,,,,,,,,,,,,,,,,,,,,,,,,,,,,,,,,,,,,,,
709.0,-0.019138142965622686,0.043061356991529465,0.0004752397653646767,0.2504690885543823,0.0,0.2247056,0.12863679,0.9995247,0.07274984,0.022849401,6.783495e-07,0.0028238297,-0.003320694,0.00997901,0.04577635,0.050487496,-0.021332314,0.265875,0.1388486,1.0,,,,,,,,,,,,,,,,,,,,,,,,,,,,,,,,,,,,,,,,,,,,
710.0,-0.01920417578013876,0.04312693327665329,0.0004752636014018208,0.24831925332546234,0.0,0.2250081,0.1287315,0.9995247,0.07259895,0.022727504,6.774522e-07,0.002557993,-0.0035710335,0.010009766,-0.06320826,-0.060689393,0.007157539,0.26625,0.13903615,1.0,,,,,,,,,,,,,,,,,,,,,,,,,,,,,,,,,,,,,,,,,,,,
711.0,-0.019270432786765743,0.04319346323609352,0.0004752636014018208,0.24619214236736298,0.0,0.22530992,0.12882574,0.9995247,0.07243776,0.022616398,6.716625e-07,0.0027508736,-0.0033626556,0.00992012,0.045790058,0.05048032,-0.021330887,0.266625,0.13922366,1.0,,,,,,,,,,,,,,,,,,,,,,,,,,,,,,,,,,,,,,,,,,,,
712.0,-0.019335091218283924,0.0432608537375927,0.0004752397653646767,0.2440878003835678,0.0,0.22561112,0.12891947,0.9995247,0.0722852,0.02249753,6.816295e-07,0.0024850368,-0.0036127567,0.009950876,-0.06320233,-0.060688064,0.007162398,0.267,0.13941114,1.0,,,,,,,,,,,,,,,,,,,,,,,,,,,,,,,,,,,,,,,,,,,,
713.0,-0.019399967190798634,0.043329186737537384,0.0004752397653646767,0.24200640618801117,0.0,0.22591163,0.12901276,0.9995247,0.07212234,0.02238945,6.7206264e-07,0.0026779175,-0.003404379,0.009861469,0.045803763,0.05047315,-0.021329457,0.267375,0.13959858,1.0,,,,,,,,,,,,,,,,,,,,,,,,,,,,,,,,,,,,,,,,,,,,
714.0,-0.019463240304169453,0.04339838773012161,0.0004752397653646767,0.23994794487953186,0.0,0.22621149,0.12910557,0.9995247,0.071968116,0.022273606,6.8384037e-07,0.0024120808,-0.0036547184,0.009892225,-0.0631964,-0.060686734,0.0071672504,0.26775,0.13978599,1.0,,,,,,,,,,,,,,,,,,,,,,,,,,,,,,,,,,,,,,,,,,,,
715.0,-0.019526726697427513,0.04346846789121628,0.0004752397653646767,0.23791253566741943,0.0,0.22651067,0.12919794,0.9995247,0.07180359,0.022168549,6.726226e-07,0.0026049614,-0.0034463406,0.00980258,0.04581746,0.050465982,-0.021328019,0.268125,0.13997336,1.0,,,,,,,,,,,,,,,,,,,,,,,,,,,,,,,,,,,,,,,,,,,,
716.0,-0.019588601700872822,0.04353940114378929,0.0004752397653646767,0.23590034246444702,0.0,0.2268092,0.12928984,0.9995247,0.07164769,0.022055725,6.857117e-07,0.002339363,-0.0036964417,0.009833574,-0.063190475,-0.060685407,0.0071720956,0.2685,0.1401607,1.0,,,,,,,,,,,,,,,,,,,,,,,,,,,,,,,,,,,,,,,,,,,,
717.0,-0.01965068563074456,0.04361116141080856,0.0004752397653646767,0.23391135036945343,0.0,0.22710705,0.12938131,0.9995247,0.071481496,0.021953685,6.729612e-07,0.0025322437,-0.0034880638,0.009743929,0.04583115,0.05045882,-0.021326577,0.268875,0.140348,1.0,,,,,,,,,,,,,,,,,,,,,,,,,,,,,,,,,,,,,,,,,,,,
718.0,-0.019711151580835577,0.04368380457162857,0.0004752397653646767,0.23194575309753418,0.0,0.22740424,0.12947233,0.9995247,0.071323924,0.021843875,6.873337e-07,0.0022666454,-0.0037384033,0.009774685,-0.06318456,-0.06068408,0.0071769333,0.26925,0.14053527,1.0,,,,,,,,,,,,,,,,,,,,,,,,,,,,,,,,,,,,,,,,,,,,
719.0,-0.01977182207635051,0.04375727102160454,0.0004752397653646767,0.23000353574752808,0.0,0.22770071,0.12956293,0.9995247,0.07115606,0.02174485,6.7305774e-07,0.002459526,-0.0035300255,0.009685278,0.045844838,0.050451655,-0.021325128,0.269625,0.1407225,1.0,,,,,,,,,,,,,,,,,,,,,,,,,,,,,,,,,,,,,,,,,,,,
720.0,-0.01983087216199929,0.043831534683704376,0.0004752397653646767,0.2280847728252411,0.0,0.22799653,0.12965308,0.9995247,0.07099682,0.02163805,6.8871174e-07,0.0021939278,-0.003780365,0.009716034,-0.06317864,-0.06068276,0.0071817646,0.27,0.14090969,1.0,,,,,,,,,,,,,,,,,,,,,,,,,,,,,,,,,,,,,,,,,,,,
721.0,-0.019890119172217967,0.04390660673379898,0.0004752397653646767,0.22618959844112396,0.0,0.22829165,0.12974285,0.9995247,0.07082729,0.021542031,6.7291165e-07,0.0023870468,-0.0035719872,0.009626627,0.045858517,0.05044449,-0.021323675,0.270375,0.14109686,1.0,,,,,,,,,,,,,,,,,,,,,,,,,,,,,,,,,,,,,,,,,,,,
722.0,-0.019947741176374986,0.04398249834775925,0.0004752397653646767,0.22431808710098267,0.0,0.2285861,0.12983218,0.9995247,0.07066638,0.02143824,6.898465e-07,0.0021214485,-0.0038223267,0.009657621,-0.06317273,-0.060681436,0.0071865884,0.27075,0.14128399,1.0,,,,,,,,,,,,,,,,,,,,,,,,,,,,,,,,,,,,,,,,,,,,
723.0,-0.020005555346941404,0.04405919834971428,0.0004752397653646767,0.2224702537059784,0.0,0.22887982,0.12992111,0.9995247,0.07049518,0.021345226,6.725233e-07,0.0023145676,-0.0036139488,0.009567976,0.04587219,0.050437335,-0.021322215,0.271125,0.14147107,1.0,,,,,,,,,,,,,,,,,,,,,,,,,,,,,,,,,,,,,,,,,,,,
724.0,-0.020061735619488173,0.04413663223385811,0.0004752397653646767,0.22064630687236786,0.0,0.22917287,0.13000964,0.9995247,0.070332594,0.021244433,6.907387e-07,0.0020489693,-0.0038609505,0.00959897,-0.06317481,-0.059845954,0.007193336,0.2715,0.14165813,1.0,,,,,,,,,,,,,,,,,,,,,,,,,,,,,,,,,,,,,,,,,,,,
725.0,-0.020118062562197156,0.044214878231287,0.0004752397653646767,0.21884611248970032,0.0,0.2294652,0.13009778,0.9995247,0.07015987,0.02115442,6.7244196e-07,0.0022420883,-0.0036489964,0.009509325,0.04587774,0.051264144,-0.021319203,0.271875,0.14184515,1.0,,,,,,,,,,,,,,,,,,,,,,,,,,,,,,,,,,,,,,,,,,,,
726.0,-0.02017274810434465,0.044293858110904694,0.0004752397653646767,0.21706995368003845,0.0,0.22975686,0.13018551,0.9995247,0.0699959,0.021056628,6.9229765e-07,0.00197649,-0.003804922,0.009540558,-0.063376375,-0.038032684,0.0072474387,0.27225,0.14203213,1.0,,,,,,,,,,,,,,,,,,,,,,,,,,,,,,,,,,,,,,,,,,,,
727.0,-0.0202276143574818,0.04437357932329178,0.00047522783279418945,0.2153177559375763,0.0,0.23004779,0.13027288,0.9995247,0.0698255,0.020969648,6.8677554e-07,0.0021698475,-0.003502369,0.009451151,0.04568038,0.07306389,-0.021279205,0.272625,0.14221908,1.0,,,,,,,,,,,,,,,,,,,,,,,,,,,,,,,,,,,,,,,,,,,,
728.0,-0.020280837782977325,0.04445403069257736,0.0004752516688313335,0.21358966827392578,0.0,0.23033808,0.13035986,0.9995248,0.06966758,0.020874921,7.1689243e-07,0.0019042492,-0.0036582947,0.009482384,-0.06336683,-0.038041912,0.007262708,0.273,0.142406,1.0,,,,,,,,,,,,,,,,,,,,,,,,,,,,,,,,,,,,,,,,,,,,
729.0,-0.020334238506837573,0.04453523829579353,0.0004752516688313335,0.21188564598560333,0.0,0.23062767,0.1304465,0.9995248,0.06950321,0.020791003,5.2513553e-07,0.0020976067,-0.00335598,0.009392977,0.045692246,0.07304619,-0.021288035,0.273375,0.14259288,1.0,,,,,,,,,,,,,,,,,,,,,,,,,,,,,,,,,,,,,,,,,,,,
730.0,-0.020385992341521348,0.04461710900068283,0.0004752516688313335,0.21020585298538208,0.0,0.23091663,0.13053274,0.9995248,0.06935132,0.020699337,5.97723e-07,0.0018320084,-0.0035119057,0.00942421,-0.06335729,-0.038051136,0.0072779646,0.27375,0.14277972,1.0,,,,,,,,,,,,,,,,,,,,,,,,,,,,,,,,,,,,,,,,,,,,
731.0,-0.020437950815837398,0.044699691236019135,0.0004752516688313335,0.20855027437210083,0.0,0.23120494,0.13061865,0.9995248,0.06919299,0.020618478,5.800968e-07,0.0020253658,-0.0032093525,0.009334803,0.045704104,0.0730285,-0.021296857,0.274125,0.14296652,1.0,,,,,,,,,,,,,,,,,,,,,,,,,,,,,,,,,,,,,,,,,,,,
732.0,-0.020488196063856594,0.04478289932012558,0.0004752516688313335,0.20691893994808197,0.0,0.23149264,0.1307042,0.9995248,0.06904712,0.020529864,6.1054976e-07,0.001760006,-0.0033655167,0.009366035,-0.063347764,-0.03806036,0.0072932076,0.2745,0.1431533,1.0,,,,,,,,,,,,,,,,,,,,,,,,,,,,,,,,,,,,,,,,,,,,
733.0,-0.020538654587982458,0.04486682265996933,0.0004752516688313335,0.20531201362609863,0.0,0.2317797,0.1307894,0.9995248,0.06889482,0.020452058,6.029557e-07,0.001953125,-0.003063202,0.0092766285,0.045715954,0.07301081,-0.02130567,0.274875,0.14334004,1.0,,,,,,,,,,,,,,,,,,,,,,,,,,,,,,,,,,,,,,,,,,,,
734.0,-0.02058706123344746,0.04495135322213173,0.0004752516688313335,0.20372936129570007,0.0,0.23206618,0.13087426,0.9995248,0.06875497,0.020366494,6.298031e-07,0.0016877651,-0.003219366,0.0093081,-0.063338235,-0.038069576,0.007308437,0.27525,0.14352673,1.0,,,,,,,,,,,,,,,,,,,,,,,,,,,,,,,,,,,,,,,,,,,,
735.0,-0.0206365457097716,0.04503650590777397,0.00047522783279418945,0.20217099785804749,0.0,0.23235205,0.13095881,0.9995248,0.06860868,0.020291734,6.231963e-07,0.0018811226,-0.002916813,0.009218693,0.045727797,0.07299313,-0.021314474,0.275625,0.1437134,1.0,,,,,,,,,,,,,,,,,,,,,,,,,,,,,,,,,,,,,,,,,,,,
736.0,-0.020683452834114723,0.04512224718928337,0.00047522783279418945,0.20063696801662445,0.0,0.23263736,0.13104302,0.9995248,0.06847485,0.020209214,6.4856346e-07,0.0016157627,-0.0030732155,0.009249926,-0.06332871,-0.038078792,0.0073236534,0.276,0.14390002,1.0,,,,,,,,,,,,,,,,,,,,,,,,,,,,,,,,,,,,,,,,,,,,
737.0,-0.020731433935380485,0.04520857334136963,0.00047522783279418945,0.19912733137607574,0.0,0.23292209,0.13112693,0.9995248,0.068334565,0.020137496,6.42446e-07,0.0018091202,-0.0027709007,0.009160519,0.045739632,0.07297546,-0.021323267,0.276375,0.14408661,1.0,,,,,,,,,,,,,,,,,,,,,,,,,,,,,,,,,,,,,,,,,,,,
738.0,-0.02077683607629224,0.04529545456171036,0.00047522783279418945,0.19764210283756256,0.0,0.23320629,0.1312105,0.9995248,0.06820674,0.020058013,6.664515e-07,0.0015439987,-0.002927065,0.0091917515,-0.06331919,-0.038088,0.007338857,0.27675,0.14427318,1.0,,,,,,,,,,,,,,,,,,,,,,,,,,,,,,,,,,,,,,,,,,,,
739.0,-0.020823314186024074,0.045382846146821976,0.00047522783279418945,0.19618116319179535,0.0,0.23348992,0.13129379,0.9995248,0.06807246,0.019989332,6.607968e-07,0.0017373562,-0.0026249886,0.0091023445,0.045751456,0.07295779,-0.021332053,0.277125,0.1444597,1.0,,,,,,,,,,,,,,,,,,,,,,,,,,,,,,,,,,,,,,,,,,,,
740.0,-0.02086747835175556,0.045470792800188065,0.00047522783279418945,0.19474464654922485,0.0,0.23377305,0.13137676,0.9995248,0.06795063,0.019912884,6.8344866e-07,0.0014722347,-0.0027811527,0.009133816,-0.06330968,-0.03809721,0.0073540467,0.2775,0.14464617,1.0,,,,,,,,,,,,,,,,,,,,,,,,,,,,,,,,,,,,,,,,,,,,
741.0,-0.020912372048611724,0.04555923491716385,0.00047522783279418945,0.1933324933052063,0.0,0.23405564,0.13145946,0.9995248,0.067822345,0.019847231,6.782557e-07,0.0016655922,-0.0024790764,0.009044409,0.045763277,0.07294013,-0.02134083,0.277875,0.14483263,1.0,,,,,,,,,,,,,,,,,,,,,,,,,,,,,,,,,,,,,,,,,,,,
742.0,-0.02095560131407838,0.045648135244846344,0.00047522783279418945,0.19194479286670685,0.0,0.23433775,0.13154185,0.9995248,0.0677065,0.01977381,6.995559e-07,0.0014004707,-0.002635479,0.009075642,-0.06330016,-0.038106415,0.0073692235,0.27825,0.14501902,1.0,,,,,,,,,,,,,,,,,,,,,,,,,,,,,,,,,,,,,,,,,,,,
743.0,-0.02099898897858657,0.045737527310848236,0.00047522783279418945,0.19058138132095337,0.0,0.23461935,0.13162398,0.9995248,0.0675842,0.019711183,6.948253e-07,0.0015938282,-0.0023334026,0.008986235,0.045775086,0.07292248,-0.021349596,0.278625,0.14520541,1.0,,,,,,,,,,,,,,,,,,,,,,,,,,,,,,,,,,,,,,,,,,,,
744.0,-0.02104071353683394,0.045827336609363556,0.00047522783279418945,0.1892423778772354,0.0,0.23490049,0.13170582,0.9995248,0.06747435,0.019640785,7.147755e-07,0.0013287067,-0.0024898052,0.009017706,-0.063290656,-0.038115617,0.0073843873,0.279,0.14539175,1.0,,,,,,,,,,,,,,,,,,,,,,,,,,,,,,,,,,,,,,,,,,,,
745.0,-0.021082595936163125,0.04591759666800499,0.00047522783279418945,0.18792769312858582,0.0,0.23518115,0.1317874,0.9995248,0.067358024,0.019581178,7.105079e-07,0.0015223026,-0.0021877289,0.008928299,0.045786887,0.07290483,-0.021358354,0.279375,0.14557804,1.0,,,,,,,,,,,,,,,,,,,,,,,,,,,,,,,,,,,,,,,,,,,,
746.0,-0.02112281770229456,0.04600825905799866,0.00047522783279418945,0.18663732707500458,0.0,0.23546138,0.1318687,0.9995248,0.06725415,0.019513795,7.291098e-07,0.0012571812,-0.0023441315,0.00895977,-0.063281156,-0.03812482,0.0073995376,0.27975,0.1457643,1.0,,,,,,,,,,,,,,,,,,,,,,,,,,,,,,,,,,,,,,,,,,,,
747.0,-0.021163195302232634,0.04609932750463486,0.00047522783279418945,0.18537132441997528,0.0,0.23574114,0.13194978,0.9995248,0.0671438,0.019457202,7.2530577e-07,0.001450777,-0.0020422935,0.008870125,0.04579868,0.0728872,-0.021367103,0.280125,0.14595054,1.0,,,,,,,,,,,,,,,,,,,,,,,,,,,,,,,,,,,,,,,,,,,,
748.0,-0.02120191466087199,0.04619079828262329,0.0004752516688313335,0.18412955105304718,0.0,0.2360205,0.13203059,0.9995248,0.06704589,0.019392831,7.425608e-07,0.0011856556,-0.0021986961,0.008901596,-0.06327166,-0.038134012,0.007414675,0.2805,0.14613673,1.0,,,,,,,,,,,,,,,,,,,,,,,,,,,,,,,,,,,,,,,,,,,,
749.0,-0.021240791677950625,0.04628255218267441,0.0004752397653646767,0.18291205167770386,0.0,0.23629943,0.13211116,0.9995248,0.06694151,0.019339249,7.392212e-07,0.0013792515,-0.0018968582,0.008812189,0.04581047,0.07286956,-0.021375842,0.280875,0.14632289,1.0,,,,,,,,,,,,,,,,,,,,,,,,,,,,,,,,,,,,,,,,,,,,
750.0,-0.021277918832865544,0.04637470096349716,0.0004752397653646767,0.18171878159046173,0.0,0.23657796,0.1321915,0.99952483,0.06684955,0.019277882,7.55131e-07,0.00111413,-0.0020534992,0.00884366,-0.063262165,-0.038143206,0.0074297986,0.28125,0.146509,1.0,,,,,,,,,,,,,,,,,,,,,,,,,,,,,,,,,,,,,,,,,,,,
751.0,-0.021315206110582224,0.04646718502044678,0.0004752397653646767,0.1805497258901596,0.0,0.23685609,0.1322716,0.99952483,0.06675113,0.019227304,5.6829197e-07,0.0013077259,-0.0017516613,0.008754253,0.045822244,0.07285193,-0.021384573,0.281625,0.14669509,1.0,,,,,,,,,,,,,,,,,,,,,,,,,,,,,,,,,,,,,,,,,,,,
752.0,-0.021350836906437326,0.04655996710062027,0.0004752397653646767,0.1794048249721527,0.0,0.23713386,0.13235147,0.99952483,0.066665135,0.019168938,6.2605056e-07,0.0010428429,-0.0019083023,0.008785725,-0.06325267,-0.038152393,0.0074449093,0.282,0.14688115,1.0,,,,,,,,,,,,,,,,,,,,,,,,,,,,,,,,,,,,,,,,,,,,
753.0,-0.021386631641822897,0.04665302485227585,0.0004752397653646767,0.17828401923179626,0.0,0.23741125,0.13243115,0.99952483,0.06657266,0.019121356,6.135007e-07,0.0012364388,-0.0016064644,0.008696318,0.045834012,0.07283432,-0.021393295,0.282375,0.14706714,1.0,,,,,,,,,,,,,,,,,,,,,,,,,,,,,,,,,,,,,,,,,,,,
754.0,-0.021420770495226317,0.046746354550123215,0.0004752397653646767,0.17718735337257385,0.0,0.2376883,0.13251059,0.99952483,0.06649261,0.019065987,6.2910567e-07,0.0009715557,-0.0017631054,0.008727789,-0.06324319,-0.03816158,0.007460007,0.28275,0.14725313,1.0,,,,,,,,,,,,,,,,,,,,,,,,,,,,,,,,,,,,,,,,,,,,
755.0,-0.02145507540807085,0.04683995619416237,0.0004752397653646767,0.17611469328403473,0.0,0.23796499,0.13258985,0.99952483,0.06640608,0.019021397,6.266041e-07,0.0011651516,-0.0014615059,0.008638382,0.045845777,0.07281671,-0.021402007,0.283125,0.14743906,1.0,,,,,,,,,,,,,,,,,,,,,,,,,,,,,,,,,,,,,,,,,,,,
756.0,-0.021487727729510516,0.04693378880620003,0.0004752397653646767,0.1750660389661789,0.0,0.23824137,0.13266888,0.99952483,0.06633197,0.018969018,6.386189e-07,0.000900507,-0.0016181469,0.008669853,-0.06323371,-0.038170762,0.0074750916,0.2835,0.14762495,1.0,,,,,,,,,,,,,,,,,,,,,,,,,,,,,,,,,,,,,,,,,,,,
757.0,-0.02152054828081164,0.04702787473797798,0.0004752397653646767,0.17404130101203918,0.0,0.23851742,0.13274774,0.99952483,0.066251375,0.018927418,6.371126e-07,0.0010941029,-0.0013165474,0.008580446,0.04585753,0.0727991,-0.02141071,0.283875,0.14781082,1.0,,,,,,,,,,,,,,,,,,,,,,,,,,,,,,,,,,,,,,,,,,,,
758.0,-0.021551720875786124,0.047122180461883545,0.0004752397653646767,0.1730404496192932,0.0,0.2387932,0.1328264,0.99952483,0.0661832,0.018878022,6.476644e-07,0.0008292198,-0.0014731884,0.0086119175,-0.06322423,-0.03817994,0.0074901627,0.28425,0.14799665,1.0,,,,,,,,,,,,,,,,,,,,,,,,,,,,,,,,,,,,,,,,,,,,
759.0,-0.021583061951107815,0.04721670225262642,0.0004752159002237022,0.1720634549856186,0.0,0.23906864,0.1329049,0.99952483,0.06610853,0.018839402,6.4665494e-07,0.0010230541,-0.0011715889,0.0085225105,0.045869276,0.0727815,-0.021419404,0.284625,0.14818244,1.0,,,,,,,,,,,,,,,,,,,,,,,,,,,,,,,,,,,,,,,,,,,,
760.0,-0.021612759022053802,0.047311387956142426,0.0004752159002237022,0.17111022770404816,0.0,0.23934384,0.13298321,0.99952483,0.06604628,0.018792987,6.558626e-07,0.0007581711,-0.0013284683,0.008553982,-0.06321476,-0.038189117,0.007505221,0.285,0.1483682,1.0,,,,,,,,,,,,,,,,,,,,,,,,,,,,,,,,,,,,,,,,,,,,
761.0,-0.021642629940016925,0.04740621894598007,0.0004752159002237022,0.17018069326877594,0.0,0.23961873,0.13306136,0.99952483,0.065977536,0.018757345,6.5532305e-07,0.0009520054,-0.0010271072,0.008464575,0.045881014,0.07276391,-0.02142809,0.285375,0.14855391,1.0,,,,,,,,,,,,,,,,,,,,,,,,,,,,,,,,,,,,,,,,,,,,
762.0,-0.02167085725824509,0.04750124737620354,0.0004752159002237022,0.16927485167980194,0.0,0.2398934,0.13313934,0.99952483,0.0659212,0.0187139,6.631946e-07,0.00068736076,-0.0011839867,0.008496046,-0.063205294,-0.038198292,0.007520266,0.28575,0.14873958,1.0,,,,,,,,,,,,,,,,,,,,,,,,,,,,,,,,,,,,,,,,,,,,
763.0,-0.021699263170745692,0.047596387565135956,0.0004752159002237022,0.16839253902435303,0.0,0.24016783,0.13321717,0.99952483,0.06585838,0.018681232,6.6312407e-07,0.00088119507,-0.00088238716,0.008406639,0.04589274,0.07274633,-0.021436764,0.286125,0.14892522,1.0,,,,,,,,,,,,,,,,,,,,,,,,,,,,,,,,,,,,,,,,,,,,
764.0,-0.0217260306903343,0.047691650688648224,0.0004752159002237022,0.1675337553024292,0.0,0.24044202,0.13329485,0.99952483,0.065807946,0.018640757,6.6966146e-07,0.00061655045,-0.001039505,0.008438349,-0.063195825,-0.03820746,0.0075352974,0.2865,0.14911082,1.0,,,,,,,,,,,,,,,,,,,,,,,,,,,,,,,,,,,,,,,,,,,,
765.0,-0.02175297923418766,0.047787025570869446,0.0004752159002237022,0.1666984260082245,0.0,0.24071598,0.1333724,0.99952483,0.06575103,0.018611053,6.700607e-07,0.00081014633,-0.0007379055,0.008348703,0.045904465,0.072728746,-0.02144543,0.286875,0.14929639,1.0,,,,,,,,,,,,,,,,,,,,,,,,,,,,,,,,,,,,,,,,,,,,
766.0,-0.021778291739984707,0.04788251221179962,0.0004752159002237022,0.1658865213394165,0.0,0.24098976,0.13344978,0.99952483,0.06570651,0.018573541,6.752653e-07,0.0005457401,-0.00089502335,0.008380413,-0.06318637,-0.038216628,0.0075503164,0.28725,0.14948192,1.0,,,,,,,,,,,,,,,,,,,,,,,,,,,,,,,,,,,,,,,,,,,,
767.0,-0.02180379019730754,0.047978051006793976,0.0004752159002237022,0.1650978922843933,0.0,0.24126333,0.13352706,0.99952483,0.065655485,0.0185468,6.761349e-07,0.00073957443,-0.00059366226,0.008291006,0.045916177,0.07271118,-0.021454088,0.287625,0.14966741,1.0,,,,,,,,,,,,,,,,,,,,,,,,,,,,,,,,,,,,,,,,,,,,
768.0,-0.021827655939222312,0.04807364195585251,0.0004752159002237022,0.1643325537443161,0.0,0.24153674,0.1336042,0.99952483,0.06561686,0.018512245,6.800085e-07,0.0004749298,-0.0007507801,0.008322477,-0.063176915,-0.038225792,0.007565322,0.288,0.14985286,1.0,,,,,,,,,,,,,,,,,,,,,,,,,,,,,,,,,,,,,,,,,,,,
769.0,-0.021851712800089445,0.048169318586587906,0.0004752159002237022,0.16359034180641174,0.0,0.24180995,0.13368122,0.99952483,0.06557173,0.018488457,6.8134904e-07,0.0006687641,-0.00044941902,0.00823307,0.045927886,0.072693616,-0.021462737,0.288375,0.15003827,1.0,,,,,,,,,,,,,,,,,,,,,,,,,,,,,,,,,,,,,,,,,,,,
770.0,-0.02187414390354024,0.048265036195516586,0.0004752159002237022,0.16287119686603546,0.0,0.24208303,0.13375813,0.99952483,0.065538995,0.018456856,6.838932e-07,0.0004043579,-0.00060653687,0.00826478,-0.06316747,-0.038234953,0.0075803143,0.28875,0.15022366,1.0,,,,,,,,,,,,,,,,,,,,,,,,,,,,,,,,,,,,,,,,,,,,
771.0,-0.02189676692084031,0.04836072027683258,0.0004752039967570454,0.16217508912086487,0.0,0.24235594,0.13383494,0.99952483,0.06549976,0.018436018,6.8570534e-07,0.0005981922,-0.0003054142,0.008175135,0.045939583,0.072676055,-0.021471377,0.289125,0.150409,1.0,,,,,,,,,,,,,,,,,,,,,,,,,,,,,,,,,,,,,,,,,,,,
772.0,-0.02191776889664034,0.04845643788576126,0.0004752039967570454,0.16150188446044922,0.0,0.24262874,0.13391164,0.9995249,0.0654729,0.018407365,6.8692157e-07,0.000333786,-0.00046253204,0.008207083,-0.06315802,-0.03824411,0.0075952937,0.2895,0.1505943,1.0,,,,,,,,,,,,,,,,,,,,,,,,,,,,,,,,,,,,,,,,,,,,
773.0,-0.02193896792060623,0.04855216294527054,0.0004752039967570454,0.16085156798362732,0.0,0.24290141,0.13398828,0.9995249,0.06543954,0.018389473,5.05241e-07,0.0005276203,-0.00016140938,0.008117437,0.045951273,0.0726585,-0.021480007,0.289875,0.15077956,1.0,,,,,,,,,,,,,,,,,,,,,,,,,,,,,,,,,,,,,,,,,,,,
774.0,-0.021958552874006276,0.04864785447716713,0.0004752039967570454,0.16022393107414246,0.0,0.24317399,0.13406478,0.9995249,0.06541856,0.01836376,5.483242e-07,0.0002632141,-0.00031852722,0.008149147,-0.06314857,-0.038253266,0.00761026,0.29025,0.1509648,1.0,,,,,,,,,,,,,,,,,,,,,,,,,,,,,,,,,,,,,,,,,,,,
775.0,-0.02197833789696306,0.04874349385499954,0.0004752039967570454,0.1596190482378006,0.0,0.24344645,0.13414124,0.9995249,0.06539107,0.018348807,5.409401e-07,0.00045728683,-1.7404556e-05,0.008059502,0.045962956,0.07264096,-0.02148863,0.290625,0.15114999,1.0,,,,,,,,,,,,,,,,,,,,,,,,,,,,,,,,,,,,,,,,,,,,
776.0,-0.021996639076490833,0.04883906617760658,0.0004752039967570454,0.15903669595718384,0.0,0.24371885,0.13421759,0.9995249,0.065375954,0.018326031,5.418863e-07,0.00019288063,-0.00017476082,0.00809145,-0.06313914,-0.038262416,0.007625213,0.291,0.15133514,1.0,,,,,,,,,,,,,,,,,,,,,,,,,,,,,,,,,,,,,,,,,,,,
777.0,-0.022014895402685943,0.048934586346149445,0.0004752039967570454,0.1584768295288086,0.0,0.24399115,0.1342939,0.9995249,0.06535433,0.018314013,5.445582e-07,0.00038695335,0.00012612343,0.008001804,0.045974627,0.072623424,-0.02149724,0.291375,0.15152025,1.0,,,,,,,,,,,,,,,,,,,,,,,,,,,,,,,,,,,,,,,,,,,,
778.0,-0.022031790315279798,0.049029964953660965,0.0004752039967570454,0.15793940424919128,0.0,0.24426343,0.13437013,0.9995249,0.06534508,0.018294169,5.4193134e-07,0.00012254715,-3.0994415e-05,0.008033752,-0.06312971,-0.038271565,0.007640153,0.29175,0.15170532,1.0,,,,,,,,,,,,,,,,,,,,,,,,,,,,,,,,,,,,,,,,,,,,
779.0,-0.022048474060820444,0.049125298857688904,0.0004752039967570454,0.15742424130439758,0.0,0.24453564,0.13444632,0.9995249,0.065329306,0.01828508,5.4560564e-07,0.00031661987,0.00026988983,0.007944107,0.045986295,0.07260589,-0.021505844,0.292125,0.15189037,1.0,,,,,,,,,,,,,,,,,,,,,,,,,,,,,,,,,,,,,,,,,,,,
780.0,-0.022064014554650933,0.04922053590416908,0.0004752039967570454,0.1569313108921051,0.0,0.24480782,0.13452244,0.9995249,0.06532591,0.01826816,5.4153315e-07,5.221367e-05,0.00011253357,0.007975817,-0.063120276,-0.038280707,0.00765508,0.2925,0.15207537,1.0,,,,,,,,,,,,,,,,,,,,,,,,,,,,,,,,,,,,,,,,,,,,
781.0,-0.02207933459064225,0.049315642565488815,0.0004752039967570454,0.1564604938030243,0.0,0.24507998,0.13459852,0.9995249,0.065315984,0.018261995,5.457114e-07,0.0002462864,0.00041341782,0.00788641,0.045997955,0.07258837,-0.021514438,0.292875,0.15226033,1.0,,,,,,,,,,,,,,,,,,,,,,,,,,,,,,,,,,,,,,,,,,,,
782.0,-0.022093481127347336,0.049410607665777206,0.0004752039967570454,0.15601173043251038,0.0,0.24535213,0.13467456,0.9995249,0.065318435,0.018247997,5.40312e-07,-1.7881393e-05,0.00025582314,0.007918119,-0.06311085,-0.03828985,0.0076699937,0.29325,0.15244526,1.0,,,,,,,,,,,,,,,,,,,,,,,,,,,,,,,,,,,,,,,,,,,,
783.0,-0.02210750193311251,0.04950542002916336,0.0004752039967570454,0.15558485686779022,0.0,0.24562427,0.13475057,0.9995249,0.06531436,0.01824475,5.449673e-07,0.00017619133,0.0005567074,0.007828712,0.046009604,0.07257085,-0.021523023,0.293625,0.15263014,1.0,,,,,,,,,,,,,,,,,,,,,,,,,,,,,,,,,,,,,,,,,,,,
784.0,-0.022120215038197787,0.04960011690855026,0.00047522783279418945,0.15517985820770264,0.0,0.24589646,0.13482656,0.9995249,0.065322645,0.018233668,5.3824897e-07,-8.7976456e-05,0.00039935112,0.007860422,-0.06310143,-0.038298987,0.0076848944,0.294,0.15281498,1.0,,,,,,,,,,,,,,,,,,,,,,,,,,,,,,,,,,,,,,,,,,,,
785.0,-0.02213294866192009,0.049694642424583435,0.00047522783279418945,0.15479649603366852,0.0,0.24616864,0.13490252,0.9995249,0.0653244,0.018233335,5.433806e-07,0.00010609627,0.00069999695,0.0077707767,0.046021245,0.072553344,-0.021531599,0.294375,0.1529998,1.0,,,,,,,,,,,,,,,,,,,,,,,,,,,,,,,,,,,,,,,,,,,,
786.0,-0.022144241595121277,0.0497889518737793,0.00047522783279418945,0.15443480014801025,0.0,0.24644089,0.13497846,0.9995249,0.065338515,0.018225161,5.353451e-07,-0.00015807152,0.00054240227,0.007802725,-0.063092016,-0.038308125,0.0076997825,0.29475,0.15318458,1.0,,,,,,,,,,,,,,,,,,,,,,,,,,,,,,,,,,,,,,,,,,,,
787.0,-0.02215569857967785,0.04988308995962143,0.00047522783279418945,0.15409459173679352,0.0,0.24671316,0.13505441,0.9995249,0.06534611,0.018227737,5.409537e-07,3.6239624e-05,0.0008432865,0.0077130795,0.046032883,0.072535835,-0.021540167,0.295125,0.15336931,1.0,,,,,,,,,,,,,,,,,,,,,,,,,,,,,,,,,,,,,,,,,,,,
788.0,-0.022165617022267544,0.049977052956819534,0.00047522783279418945,0.15377578139305115,0.0,0.24698552,0.13513035,0.9995249,0.065366045,0.018222468,5.316027e-07,-0.00022792816,0.00068569183,0.0077450275,-0.063082606,-0.038317256,0.007714657,0.2955,0.153554,1.0,,,,,,,,,,,,,,,,,,,,,,,,,,,,,,,,,,,,,,,,,,,,
789.0,-0.022175780972652142,0.05007075518369675,0.00047522783279418945,0.15347817540168762,0.0,0.24725793,0.1352063,0.9995249,0.065379456,0.018227946,5.376886e-07,-3.361702e-05,0.0009863377,0.0076556206,0.04604451,0.07251834,-0.021548724,0.295875,0.15373866,1.0,,,,,,,,,,,,,,,,,,,,,,,,,,,,,,,,,,,,,,,,,,,,
790.0,-0.022184372104878277,0.05016425997018814,0.00047522783279418945,0.1532018631696701,0.0,0.24753046,0.13528223,0.9995249,0.06540521,0.018225579,5.270239e-07,-0.0002977848,0.000828743,0.0076875687,-0.0630732,-0.038326386,0.0077295187,0.29625,0.15392327,1.0,,,,,,,,,,,,,,,,,,,,,,,,,,,,,,,,,,,,,,,,,,,,
791.0,-0.022193215565498393,0.05025755241513252,0.00047522783279418945,0.15294654667377472,0.0,0.24780306,0.1353582,0.9995249,0.06542444,0.018233953,5.335878e-07,-0.00010347366,0.0011291504,0.0075979233,0.04605613,0.072500855,-0.021557273,0.296625,0.15410785,1.0,,,,,,,,,,,,,,,,,,,,,,,,,,,,,,,,,,,,,,,,,,,,
792.0,-0.022200495311879783,0.0503506138920784,0.00047522783279418945,0.15271219611167908,0.0,0.2480758,0.13543418,0.9995249,0.06545601,0.018234478,5.216107e-07,-0.00036740303,0.0009715557,0.0076298714,-0.0630638,-0.03833551,0.0077443672,0.297,0.15429239,1.0,,,,,,,,,,,,,,,,,,,,,,,,,,,,,,,,,,,,,,,,,,,,
793.0,-0.022208035852737524,0.0504433698952198,0.00047522783279418945,0.15249858796596527,0.0,0.24834862,0.1355102,0.9995249,0.06548104,0.018245745,5.286534e-07,-0.0001733303,0.0012719631,0.007540226,0.04606774,0.07248337,-0.021565812,0.297375,0.1544769,1.0,,,,,,,,,,,,,,,,,,,,,,,,,,,,,,,,,,,,,,,,,,,,
794.0,-0.0222140167933605,0.050535898655653,0.00047522783279418945,0.15230579674243927,0.0,0.24862163,0.13558625,0.9995249,0.06551841,0.018249162,5.153654e-07,-0.00043725967,0.0011143684,0.007572174,-0.0630544,-0.038344633,0.0077592027,0.29775,0.15466136,1.0,,,,,,,,,,,,,,,,,,,,,,,,,,,,,,,,,,,,,,,,,,,,
795.0,-0.02222026602270635,0.05062815546989441,0.00047522783279418945,0.15213347971439362,0.0,0.24889475,0.13566235,0.9995249,0.06554924,0.018263316,5.2288743e-07,-0.00024294853,0.0014147758,0.0074825287,0.046079345,0.07246589,-0.021574343,0.298125,0.15484579,1.0,,,,,,,,,,,,,,,,,,,,,,,,,,,,,,,,,,,,,,,,,,,,
796.0,-0.022224964544059915,0.05072011798620224,0.00047522783279418945,0.15198169648647308,0.0,0.24916805,0.13573846,0.9995249,0.06559241,0.018269613,5.082902e-07,-0.0005068779,0.0012569427,0.007514477,-0.063045,-0.038353752,0.007774025,0.2985,0.15503018,1.0,,,,,,,,,,,,,,,,,,,,,,,,,,,,,,,,,,,,,,,,,,,,
797.0,-0.022229936943505894,0.05081178620457649,0.0004752159002237022,0.151850163936615,0.0,0.2494415,0.13581465,0.9995249,0.065629035,0.01828665,5.1629223e-07,-0.00031256676,0.0015573502,0.0074248314,0.04609094,0.072448425,-0.021582864,0.298875,0.15521452,1.0,,,,,,,,,,,,,,,,,,,,,,,,,,,,,,,,,,,,,,,,,,,,
798.0,-0.02223336853294677,0.05090310052037239,0.0004752159002237022,0.15173886716365814,0.0,0.24971516,0.13589089,0.99952495,0.06567799,0.018295826,5.003873e-07,-0.0005762577,0.0013995171,0.007457018,-0.063035615,-0.038362868,0.0077888346,0.29925,0.15539883,1.0,,,,,,,,,,,,,,,,,,,,,,,,,,,,,,,,,,,,,,,,,,,,
799.0,-0.02223708081465957,0.0509941466152668,0.0004752159002237022,0.15164759755134583,0.0,0.24998899,0.13596721,0.99952495,0.0657204,0.01831574,3.2490522e-07,-0.00038194656,0.0016999245,0.0073673725,0.046102528,0.07243096,-0.021591377,0.299625,0.1555831,1.0,,,,,,,,,,,,,,,,,,,,,,,,,,,,,,,,,,,,,,,,,,,,
800.0,-0.02223925693809142,0.051084864884614944,0.0004752159002237022,0.15157639980316162,0.0,0.25026307,0.13604358,0.99952495,0.06577514,0.018327791,3.508869e-07,-0.00064587593,0.001541853,0.0073993206,-0.063026235,-0.038371984,0.007803631,0.3,0.15576734,1.0,,,,,,,,,,,,,,,,,,,,,,,,,,,,,,,,,,,,,,,,,,,,
801.0,-0.02224172153473046,0.05117516964673996,0.0004752159002237022,0.15152494609355927,0.0,0.2505373,0.13612004,0.99952495,0.06582333,0.018350575,3.4970964e-07,-0.0004515648,0.0018422604,0.007309675,0.046114106,0.072413504,-0.021599881,0.300375,0.15595153,1.0,,,,,,,,,,,,,,,,,,,,,,,,,,,,,,,,,,,,,,,,,,,,
802.0,-0.02224266242734011,0.05126519873738289,0.0004752159002237022,0.1514931619167328,0.0,0.25081185,0.13619655,0.99952495,0.065883845,0.018365493,3.3357486e-07,-0.00071525574,0.0016841888,0.0073418617,-0.06301685,-0.038381092,0.007818415,0.30075,0.15613568,1.0,,,,,,,,,,,,,,,,,,,,,,,,,,,,,,,,,,,,,,,,,,,,
803.0,-0.022243897689360893,0.051354825496673584,0.0004752159002237022,0.15148092806339264,0.0,0.25108656,0.13627319,0.99952495,0.0659378,0.018391144,3.424616e-07,-0.0005207062,0.0019843578,0.0072522163,0.04612568,0.072396055,-0.021608375,0.301125,0.1563198,1.0,,,,,,,,,,,,,,,,,,,,,,,,,,,,,,,,,,,,,,,,,,,,
804.0,-0.02224361493110701,0.051444102078676224,0.0004752159002237022,0.15148815512657166,0.0,0.2513616,0.13634989,0.99952495,0.06600408,0.018408924,3.227739e-07,-0.0007843971,0.0018262863,0.007284403,-0.063007474,-0.0383902,0.007833185,0.3015,0.15650387,1.0,,,,,,,,,,,,,,,,,,,,,,,,,,,,,,,,,,,,,,,,,,,,
805.0,-0.0222436374005978,0.05153298377990723,0.0004752159002237022,0.15151458978652954,0.0,0.25163686,0.13642672,0.99952495,0.06606381,0.018437436,3.3267142e-07,-0.000590086,0.0021266937,0.0071947575,0.046137244,0.07237861,-0.021616861,0.301875,0.15668792,1.0,,,,,,,,,,,,,,,,,,,,,,,,,,,,,,,,,,,,,,,,,,,,
806.0,-0.0222421513694746,0.0516214594244957,0.00047519206418655813,0.15156017243862152,0.0,0.25191242,0.13650362,0.99952495,0.06613585,0.018458074,3.1155813e-07,-0.00085377693,0.0019683838,0.0072267056,-0.0629981,-0.038399305,0.007847942,0.30225,0.15687191,1.0,,,,,,,,,,,,,,,,,,,,,,,,,,,,,,,,,,,,,,,,,,,,
807.0,-0.02224097526703845,0.051709555089473724,0.00047519206418655813,0.15162478387355804,0.0,0.25218827,0.13658066,0.99952495,0.06620134,0.01848944,3.2196783e-07,-0.0006592274,0.0022685528,0.00713706,0.0461488,0.07236118,-0.021625338,0.302625,0.15705587,1.0,,,,,,,,,,,,,,,,,,,,,,,,,,,,,,,,,,,,,,,,,,,,
808.0,-0.022238300596286717,0.05179719254374504,0.00047519206418655813,0.1517082154750824,0.0,0.2524644,0.1366578,0.99952495,0.06627913,0.018512933,2.995477e-07,-0.0009229183,0.0021104813,0.0071692467,-0.062988736,-0.038408406,0.007862687,0.303,0.15723978,1.0,,,,,,,,,,,,,,,,,,,,,,,,,,,,,,,,,,,,,,,,,,,,
809.0,-0.02223594449942466,0.05188443139195442,0.00047519206418655813,0.15181037783622742,0.0,0.2527409,0.13673508,0.99952495,0.06635036,0.01854715,3.1044277e-07,-0.00072836876,0.0024104118,0.0070796013,0.04616035,0.072343744,-0.021633806,0.303375,0.15742366,1.0,,,,,,,,,,,,,,,,,,,,,,,,,,,,,,,,,,,,,,,,,,,,
810.0,-0.02223209573545537,0.05197123810648918,0.00047519206418655813,0.15193116664886475,0.0,0.2530177,0.13681246,0.99952495,0.0664339,0.018573489,2.8672372e-07,-0.0009918213,0.0022523403,0.007111788,-0.06297937,-0.038417503,0.007877419,0.30375,0.15760751,1.0,,,,,,,,,,,,,,,,,,,,,,,,,,,,,,,,,,,,,,,,,,,,
811.0,-0.022228439995327066,0.05205759406089783,0.00047519206418655813,0.15207040309906006,0.0,0.25329483,0.13689001,0.99952495,0.06651088,0.01861055,2.9810332e-07,-0.00079751015,0.002552271,0.0070221424,0.046171892,0.072326325,-0.021642264,0.304125,0.1577913,1.0,,,,,,,,,,,,,,,,,,,,,,,,,,,,,,,,,,,,,,,,,,,,
812.0,-0.022223313905573746,0.052143435925245285,0.00047519206418655813,0.15222787857055664,0.0,0.25357231,0.13696767,0.99952495,0.06660016,0.018639732,2.730872e-07,-0.0010609627,0.002393961,0.007054329,-0.06297001,-0.038426597,0.007892137,0.3045,0.15797506,1.0,,,,,,,,,,,,,,,,,,,,,,,,,,,,,,,,,,,,,,,,,,,,
813.0,-0.02221853436742531,0.052228860557079315,0.00047519206418655813,0.15240351855754852,0.0,0.25385016,0.1370455,0.99952495,0.066682875,0.018679634,2.849518e-07,-0.0008664131,0.0026938915,0.0069646835,0.046183426,0.07230891,-0.021650713,0.304875,0.1581588,1.0,,,,,,,,,,,,,,,,,,,,,,,,,,,,,,,,,,,,,,,,,,,,
814.0,-0.022212290646129985,0.05231384187936783,0.00047519206418655813,0.15259721875190735,0.0,0.25412843,0.13712348,0.99952495,0.066777885,0.01871165,2.5864026e-07,-0.0011298656,0.0025355816,0.00699687,-0.062960654,-0.03843569,0.007906843,0.30525,0.15834247,1.0,,,,,,,,,,,,,,,,,,,,,,,,,,,,,,,,,,,,,,,,,,,,
815.0,-0.022206402491000334,0.052398353815078735,0.00047519206418655813,0.1528087705373764,0.0,0.25440702,0.13720162,0.99952495,0.06686632,0.01875439,2.7099045e-07,-0.0009353161,0.0028355122,0.0069072247,0.046194952,0.0722915,-0.021659154,0.305625,0.15852611,1.0,,,,,,,,,,,,,,,,,,,,,,,,,,,,,,,,,,,,,,,,,,,,
816.0,-0.022199058916424114,0.05248241499066353,0.00047519206418655813,0.15303808450698853,0.0,0.25468606,0.13727991,0.99952495,0.06696706,0.018789237,2.43385e-07,-0.0011985302,0.0026772022,0.006939411,-0.062951304,-0.03844478,0.0079215355,0.306,0.15870972,1.0,,,,,,,,,,,,,,,,,,,,,,,,,,,,,,,,,,,,,,,,,,,,
817.0,-0.02219208154826993,0.0525660514831543,0.00047519206418655813,0.1532849371433258,0.0,0.25496548,0.13735838,0.99952495,0.06706122,0.018834805,2.5622143e-07,-0.0010039806,0.0029768944,0.006849766,0.046206467,0.0722741,-0.021667585,0.306375,0.15889327,1.0,,,,,,,,,,,,,,,,,,,,,,,,,,,,,,,,,,,,,,,,,,,,
818.0,-0.022183655716697108,0.05264917016029358,0.0004752159002237022,0.15354931354522705,0.0,0.25524533,0.13743702,0.99952495,0.067167684,0.01887248,2.2732354e-07,-0.0012674332,0.0028185844,0.0068819523,-0.06294196,-0.038453862,0.007936215,0.30675,0.15907681,1.0,,,,,,,,,,,,,,,,,,,,,,,,,,,,,,,,,,,,,,,,,,,,
819.0,-0.022175603255572787,0.052731841802597046,0.0004752159002237022,0.15383097529411316,0.0,0.25552562,0.13751586,0.99952495,0.06726756,0.01892087,2.4064687e-07,-0.0010728836,0.0031182766,0.006792307,0.046217978,0.07225671,-0.021676008,0.307125,0.15926029,1.0,,,,,,,,,,,,,,,,,,,,,,,,,,,,,,,,,,,,,,,,,,,,
820.0,-0.02216611123568291,0.05281401798129082,0.0004752159002237022,0.15412987768650055,0.0,0.25580636,0.13759486,0.99952495,0.06737973,0.018961368,2.1045805e-07,-0.0013360977,0.0029597282,0.0068244934,-0.06293262,-0.038462944,0.0079508815,0.3075,0.15944374,1.0,,,,,,,,,,,,,,,,,,,,,,,,,,,,,,,,,,,,,,,,,,,,
821.0,-0.02215700123126226,0.052895743399858475,0.0004752159002237022,0.15444578230381012,0.0,0.25608757,0.13767408,0.99952495,0.06748531,0.019012578,2.2426886e-07,-0.0011413097,0.0032594204,0.006734848,0.04622948,0.07223932,-0.021684421,0.307875,0.15962714,1.0,,,,,,,,,,,,,,,,,,,,,,,,,,,,,,,,,,,,,,,,,,,,
822.0,-0.02214646092163894,0.05297701805830002,0.0004752159002237022,0.1547786444425583,0.0,0.25636923,0.13775349,0.99952495,0.06760318,0.019055892,1.9279068e-07,-0.0014047623,0.003100872,0.006767273,-0.06292328,-0.038472027,0.007965536,0.30825,0.1598105,1.0,,,,,,,,,,,,,,,,,,,,,,,,,,,,,,,,,,,,,,,,,,,,
823.0,-0.02213630856029122,0.053057748824357986,0.0004752159002237022,0.15512830018997192,0.0,0.25665137,0.1378331,0.99952495,0.06771447,0.019109916,2.070896e-07,-0.0012099743,0.0034005642,0.006677389,0.046240978,0.072221935,-0.021692825,0.308625,0.15999383,1.0,,,,,,,,,,,,,,,,,,,,,,,,,,,,,,,,,,,,,,,,,,,,
824.0,-0.022124731659352987,0.053138066083192825,0.0004752159002237022,0.15549470484256744,0.0,0.25693405,0.13791293,0.99952495,0.067838036,0.019156039,1.7432353e-07,-0.0014731884,0.0032420158,0.006709814,-0.062913954,-0.0384811,0.007980176,0.309,0.16017711,1.0,,,,,,,,,,,,,,,,,,,,,,,,,,,,,,,,,,,,,,,,,,,,
825.0,-0.022113553782506644,0.05321788787841797,0.0004752159002237022,0.15587759017944336,0.0,0.2572172,0.13799298,0.99952495,0.06795502,0.019212872,1.8911118e-07,-0.0012784004,0.0035414696,0.0066199303,0.046252463,0.07220456,-0.021701222,0.309375,0.16036035,1.0,,,,,,,,,,,,,,,,,,,,,,,,,,,,,,,,,,,,,,,,,,,,
826.0,-0.022100959200349463,0.053297244012355804,0.0004752159002237022,0.15627694129943848,0.0,0.25750086,0.13807324,0.99952495,0.06808427,0.019261802,1.5505877e-07,-0.0015416145,0.0033829212,0.006652355,-0.062904626,-0.038490172,0.0079948045,0.30975,0.16054356,1.0,,,,,,,,,,,,,,,,,,,,,,,,,,,,,,,,,,,,,,,,,,,,
827.0,-0.0220887715325458,0.05337608605623245,0.0004752159002237022,0.1566925048828125,0.0,0.25778505,0.13815373,0.99952495,0.06820694,0.019321438,1.7033571e-07,-0.0013468266,0.003682375,0.00656271,0.046263944,0.07218719,-0.021709608,0.310125,0.16072673,1.0,,,,,,,,,,,,,,,,,,,,,,,,,,,,,,,,,,,,,,,,,,,,
828.0,-0.02207517352287905,0.053454458713531494,0.0004752159002237022,0.1571243405342102,0.0,0.2580698,0.13823447,0.99952495,0.06834188,0.01937317,1.349985e-07,-0.0016100407,0.0035238266,0.0065951347,-0.0628953,-0.038499244,0.008009419,0.3105,0.16090985,1.0,,,,,,,,,,,,,,,,,,,,,,,,,,,,,,,,,,,,,,,,,,,,
829.0,-0.022061987244630293,0.05353233218193054,0.0004752159002237022,0.15757222473621368,0.0,0.2583551,0.13831544,0.99952495,0.068470225,0.019435603,1.5076536e-07,-0.0014152527,0.0038232803,0.006505251,0.046275415,0.07216983,-0.021717986,0.310875,0.16109292,1.0,,,,,,,,,,,,,,,,,,,,,,,,,,,,,,,,,,,,,,,,,,,,
830.0,-0.022047399565744127,0.05360971763730049,0.0004752159002237022,0.15803609788417816,0.0,0.258641,0.13839665,0.99952495,0.06861084,0.01949013,1.1414484e-07,-0.0016782284,0.0036644936,0.006537676,-0.06288598,-0.03850831,0.008024021,0.31125,0.16127597,1.0,,,,,,,,,,,,,,,,,,,,,,,,,,,,,,,,,,,,,,,,,,,,
831.0,-0.022033229978159943,0.05368664115667343,0.0004752159002237022,0.1585158109664917,0.0,0.25892743,0.13847813,0.99952495,0.06874486,0.019555358,1.3040224e-07,-0.0014834404,0.003963709,0.0064480305,0.04628688,0.07215248,-0.021726355,0.311625,0.16145897,1.0,,,,,,,,,,,,,,,,,,,,,,,,,,,,,,,,,,,,,,,,,,,,
832.0,-0.022017667399736093,0.05376306176185608,0.0004752159002237022,0.15901124477386475,0.0,0.2592145,0.13855985,0.99952495,0.06889114,0.019612674,9.24999e-08,-0.0017464161,0.003804922,0.0064804554,-0.062876664,-0.038517375,0.00803861,0.312,0.16164194,1.0,,,,,,,,,,,,,,,,,,,,,,,,,,,,,,,,,,,,,,,,,,,,
833.0,-0.022002527493306844,0.053838979452848434,0.0004752159002237022,0.15952233970165253,0.0,0.2595021,0.13864185,0.99952495,0.06903083,0.01968069,1.0924847e-07,-0.0015516281,0.004104376,0.0063905716,0.046298336,0.07213513,-0.021734715,0.312375,0.16182487,1.0,,,,,,,,,,,,,,,,,,,,,,,,,,,,,,,,,,,,,,,,,,,,
834.0,-0.021985997916791532,0.053914397954940796,0.0004752159002237022,0.16004906594753265,0.0,0.25979036,0.1387241,0.99952495,0.06918277,0.01974079,7.0065816e-08,-0.0018146038,0.003945589,0.006423235,-0.06286735,-0.038526434,0.008053187,0.31275,0.16200775,1.0,,,,,,,,,,,,,,,,,,,,,,,,,,,,,,,,,,,,,,,,,,,,
835.0,-0.02196990014713956,0.05398927256464958,0.0004752159002237022,0.16059117019176483,0.0,0.26007923,0.13880666,0.99952495,0.069328114,0.019811591,8.730614e-08,-0.0016198158,0.0042448044,0.006333351,0.046309784,0.07211779,-0.021743065,0.313125,0.16219059,1.0,,,,,,,,,,,,,,,,,,,,,,,,,,,,,,,,,,,,,,,,,,,,
836.0,-0.021952417408842306,0.054063670337200165,0.0004752159002237022,0.16114874184131622,0.0,0.26036876,0.13888946,0.99952495,0.06948571,0.01987447,4.6844704e-08,-0.0018827915,0.004085779,0.006365776,-0.062858045,-0.03853549,0.00806775,0.3135,0.16237338,1.0,,,,,,,,,,,,,,,,,,,,,,,,,,,,,,,,,,,,,,,,,,,,
837.0,-0.021935371015848797,0.05413758009672165,0.0004752159002237022,0.16172154247760773,0.0,0.26065892,0.13897258,0.99952495,0.0696367,0.019948049,6.4577385e-08,-0.0016877651,0.0043849945,0.0062761307,0.046321224,0.07210045,-0.021751406,0.313875,0.16255614,1.0,,,,,,,,,,,,,,,,,,,,,,,,,,,,,,,,,,,,,,,,,,,,
838.0,-0.021916947113210336,0.054211001843214035,0.0004752159002237022,0.16230957210063934,0.0,0.26094973,0.13905597,0.99952495,0.06979995,0.020013703,2.2838655e-08,-0.0019507408,0.0042262077,0.0063085556,-0.06284875,-0.038544547,0.0080823,0.31425,0.16273886,1.0,,,,,,,,,,,,,,,,,,,,,,,,,,,,,,,,,,,,,,,,,,,,
839.0,-0.021898962504659725,0.05428391695022583,0.0004752159002237022,0.16291271150112152,0.0,0.26124123,0.13913968,0.99952495,0.069956586,0.020090053,4.10643e-08,-0.0017557144,0.0045251846,0.00621891,0.04633266,0.07208313,-0.02175974,0.314625,0.16292155,1.0,,,,,,,,,,,,,,,,,,,,,,,,,,,,,,,,,,,,,,,,,,,,
840.0,-0.021879604023966385,0.05435629561543465,0.0004752159002237022,0.16353097558021545,0.0,0.2615334,0.13922368,0.99952495,0.070125476,0.020158477,-1.9502047e-09,-0.0020184517,0.0043661594,0.006251335,-0.06283945,-0.0385536,0.008096838,0.315,0.16310418,1.0,,,,,,,,,,,,,,,,,,,,,,,,,,,,,,,,,,,,,,,,,,,,
841.0,-0.021860691294848224,0.05442817136645317,0.0004752159002237022,0.16416415572166443,0.0,0.26182628,0.139308,0.99952495,0.07028775,0.020237595,1.6769e-08,-0.0018236637,0.0046653748,0.0061614513,0.046344087,0.07206581,-0.021768063,0.315375,0.16328678,1.0,,,,,,,,,,,,,,,,,,,,,,,,,,,,,,,,,,,,,,,,,,,,
842.0,-0.021840407330397285,0.0544995553791523,0.0004752159002237022,0.1648123562335968,0.0,0.2621199,0.13939261,0.99952495,0.070462264,0.020308785,-2.751979e-08,-0.002086401,0.0045063496,0.0061941147,-0.06283015,-0.038562648,0.008111363,0.31575,0.16346933,1.0,,,,,,,,,,,,,,,,,,,,,,,,,,,,,,,,,,,,,,,,,,,,
843.0,-0.021820572557918787,0.05457038804888725,0.0004752159002237022,0.16547535359859467,0.0,0.26241416,0.13947758,0.99952495,0.07063017,0.020390663,-8.306416e-09,-0.0018913746,0.0048053265,0.006104231,0.046355505,0.07204849,-0.021776378,0.316125,0.16365185,1.0,,,,,,,,,,,,,,,,,,,,,,,,,,,,,,,,,,,,,,,,,,,,
844.0,-0.02179937179113622,0.054640721529722214,0.0004752159002237022,0.166153222322464,0.0,0.2627092,0.13956285,0.99952495,0.07081032,0.020464612,-5.3867993e-08,-0.0021541119,0.004646063,0.006136894,-0.06282087,-0.038571693,0.008125875,0.3165,0.16383432,1.0,,,,,,,,,,,,,,,,,,,,,,,,,,,,,,,,,,,,,,,,,,,,
845.0,-0.02177862159055294,0.05471052601933479,0.0004752159002237022,0.16684584319591522,0.0,0.263005,0.13964847,0.99952495,0.07098384,0.020549249,-3.415985e-08,-0.0019590855,0.0049450397,0.0060470104,0.046366915,0.072031185,-0.021784684,0.316875,0.16401675,1.0,,,,,,,,,,,,,,,,,,,,,,,,,,,,,,,,,,,,,,,,,,,,
846.0,-0.021756774443533505,0.05477979779243469,0.0004752159002237022,0.16755318641662598,0.0,0.26330152,0.13973442,0.99952495,0.07116961,0.02062595,-8.099271e-08,-0.0022218227,0.0047860146,0.0060796738,-0.06281158,-0.038580734,0.008140374,0.31725,0.16419916,1.0,,,,,,,,,,,,,,,,,,,,,,,,,,,,,,,,,,,,,,,,,,,,
847.0,-0.021735767406470045,0.05484858155250549,0.0004752159002237022,0.16827523708343506,0.0,0.2635988,0.13982072,0.99952495,0.07134875,0.02071334,-6.078921e-08,-0.0020267963,0.005084753,0.0059900284,0.04637832,0.07201389,-0.021792982,0.317625,0.1643815,1.0,,,,,,,,,,,,,,,,,,,,,,,,,,,,,,,,,,,,,,,,,,,,
848.0,-0.021713403798028597,0.05491681769490242,0.0004752159002237022,0.16901187598705292,0.0,0.26389688,0.13990736,0.99952495,0.071540125,0.020792792,-1.0889186e-07,-0.0022892952,0.0049254894,0.0060226917,-0.0628023,-0.03858977,0.008154861,0.318,0.16456382,1.0,,,,,,,,,,,,,,,,,,,,,,,,,,,,,,,,,,,,,,,,,,,,
849.0,-0.021691341312259103,0.05498451739549637,0.0004752159002237022,0.16976316273212433,0.0,0.26419574,0.13999437,0.99952495,0.07172488,0.020882927,-8.81924e-08,-0.0020942688,0.0052244663,0.005932808,0.046389714,0.07199659,-0.021801269,0.318375,0.16474609,1.0,,,,,,,,,,,,,,,,,,,,,,,,,,,,,,,,,,,,,,,,,,,,
850.0,-0.02166792277798559,0.055051714181900024,0.0004752159002237022,0.1705290526151657,0.0,0.26449543,0.14008172,0.99952495,0.07192186,0.020965122,-1.3756335e-07,-0.0023567677,0.0050652027,0.0059654713,-0.062793024,-0.03859881,0.008169334,0.31875,0.16492832,1.0,,,,,,,,,,,,,,,,,,,,,,,,,,,,,,,,,,,,,,,,,,,,
851.0,-0.021644964294752937,0.0551183745265007,0.0004752159002237022,0.17130941152572632,0.0,0.2647959,0.14016946,0.99952495,0.07211222,0.021058,-1.1636734e-07,-0.0021617413,0.005363941,0.0058755875,0.046401102,0.07197931,-0.021809548,0.319125,0.1651105,1.0,,,,,,,,,,,,,,,,,,,,,,,,,,,,,,,,,,,,,,,,,,,,
852.0,-0.021620651346046724,0.0551845021545887,0.0004752159002237022,0.17210432887077332,0.0,0.2650972,0.14025755,0.99952495,0.07231479,0.021142934,-1.6700508e-07,-0.00242424,0.0052046776,0.005908251,-0.062783755,-0.038607843,0.008183794,0.3195,0.16529265,1.0,,,,,,,,,,,,,,,,,,,,,,,,,,,,,,,,,,,,,,,,,,,,
853.0,-0.021596800135329976,0.0552501454949379,0.0004752159002237022,0.17291367053985596,0.0,0.26539934,0.14034605,0.99952495,0.07251074,0.021238547,-1.4531193e-07,-0.0022292137,0.0055031776,0.005818367,0.046412483,0.07196203,-0.021817818,0.319875,0.16547476,1.0,,,,,,,,,,,,,,,,,,,,,,,,,,,,,,,,,,,,,,,,,,,,
854.0,-0.021571595605806217,0.05531523376703262,0.0004752159002237022,0.17373749613761902,0.0,0.2657023,0.1404349,0.99952495,0.07271891,0.021326214,-1.9721499e-07,-0.0024917126,0.005343914,0.0058510303,-0.06277449,-0.038616873,0.008198243,0.32025,0.16565682,1.0,,,,,,,,,,,,,,,,,,,,,,,,,,,,,,,,,,,,,,,,,,,,
855.0,-0.021546853521932644,0.055379848927259445,0.0004752159002237022,0.17457573115825653,0.0,0.26600614,0.14052418,0.99952495,0.07292044,0.02142456,-1.750241e-07,-0.0022964478,0.0056426525,0.005761385,0.046423856,0.07194476,-0.02182608,0.320625,0.16583884,1.0,,,,,,,,,,,,,,,,,,,,,,,,,,,,,,,,,,,,,,,,,,,,
856.0,-0.021520760321757555,0.05544392019510269,0.0004752159002237022,0.1754283756017685,0.0,0.26631087,0.14061382,0.99952495,0.0731342,0.021514956,-2.2819097e-07,-0.0025589466,0.0054831505,0.0057940483,-0.062765226,-0.0386259,0.008212677,0.321,0.16602081,1.0,,,,,,,,,,,,,,,,,,,,,,,,,,,,,,,,,,,,,,,,,,,,
857.0,-0.021495129756940515,0.055507462471723557,0.0004752159002237022,0.17629539966583252,0.0,0.26661646,0.14070389,0.99952495,0.07334131,0.021616027,-2.0550176e-07,-0.0023636818,0.0057816505,0.0057041645,0.04643522,0.07192749,-0.021834332,0.321375,0.16620275,1.0,,,,,,,,,,,,,,,,,,,,,,,,,,,,,,,,,,,,,,,,,,,,
858.0,-0.021468148159305932,0.05557053163647652,0.00047519206418655813,0.177176833152771,0.0,0.26692298,0.14079435,0.99952495,0.07356064,0.021709146,-2.5993097e-07,-0.0026261806,0.0056221485,0.005736828,-0.062755965,-0.038634922,0.0082271,0.32175,0.16638465,1.0,,,,,,,,,,,,,,,,,,,,,,,,,,,,,,,,,,,,,,,,,,,,
859.0,-0.021441628991100154,0.055633075535297394,0.00047519206418655813,0.17807267606258392,0.0,0.26723036,0.14088523,0.99952495,0.07377333,0.021812938,-2.3674284e-07,-0.0024309158,0.0059206486,0.005646944,0.046446577,0.07191023,-0.021842575,0.322125,0.1665665,1.0,,,,,,,,,,,,,,,,,,,,,,,,,,,,,,,,,,,,,,,,,,,,
860.0,-0.021413759186305836,0.055695127695798874,0.00047519206418655813,0.17898288369178772,0.0,0.2675387,0.14097652,0.99952495,0.07399823,0.021908775,-2.924329e-07,-0.0026931763,0.0057611465,0.005679846,-0.06274671,-0.03864394,0.008241508,0.3225,0.16674832,1.0,,,,,,,,,,,,,,,,,,,,,,,,,,,,,,,,,,,,,,,,,,,,
861.0,-0.02138638172333813,0.05575669929385185,0.00047519206418655813,0.1799074411392212,0.0,0.26784793,0.14106825,0.99952495,0.074216485,0.022015285,-2.6874525e-07,-0.0024979115,0.0060596466,0.005589962,0.046457928,0.07189298,-0.02185081,0.322875,0.1669301,1.0,,,,,,,,,,,,,,,,,,,,,,,,,,,,,,,,,,,,,,,,,,,,
862.0,-0.021357597228706435,0.05581776052713394,0.00047519206418655813,0.18084637820720673,0.0,0.2681581,0.1411604,0.99952495,0.07444694,0.022113834,-3.256947e-07,-0.0027604103,0.0059001446,0.005622864,-0.062737465,-0.03865296,0.0082559055,0.32325,0.16711183,1.0,,,,,,,,,,,,,,,,,,,,,,,,,,,,,,,,,,,,,,,,,,,,
863.0,-0.021329532963962634,0.05587831884622574,0.00047519206418655813,0.1817997395992279,0.0,0.26846924,0.141253,0.99952495,0.07467076,0.022223054,-3.0150696e-07,-0.0025651455,0.006198406,0.00553298,0.04646927,0.071875736,-0.021859035,0.323625,0.16729352,1.0,,,,,,,,,,,,,,,,,,,,,,,,,,,,,,,,,,,,,,,,,,,,
864.0,-0.021299653604156994,0.05593836307525635,0.00047519206418655813,0.18276755511760712,0.0,0.26878136,0.14134601,0.99952495,0.074906774,0.02232431,-3.597143e-07,-0.002827406,0.006038904,0.0055658817,-0.06272822,-0.038661975,0.008270289,0.324,0.16747516,1.0,,,,,,,,,,,,,,,,,,,,,,,,,,,,,,,,,,,,,,,,,,,,
865.0,-0.021270902942573958,0.05599791929125786,0.00047519206418655813,0.1837497055530548,0.0,0.26909444,0.1414395,0.99952495,0.07513614,0.022436237,-3.3502585e-07,-0.0026319027,0.006337166,0.0054757595,0.046480604,0.071858495,-0.021867253,0.324375,0.16765676,1.0,,,,,,,,,,,,,,,,,,,,,,,,,,,,,,,,,,,,,,,,,,,,
866.0,-0.02124000715917282,0.05605698376893997,0.00047519206418655813,0.18474632501602173,0.0,0.2694085,0.1415334,0.99952495,0.0753777,0.022540197,-3.9448963e-07,-0.0028941631,0.0061774254,0.0055086613,-0.06271897,-0.038670987,0.00828466,0.32475,0.16783834,1.0,,,,,,,,,,,,,,,,,,,,,,,,,,,,,,,,,,,,,,,,,,,,
867.0,-0.021210491407340305,0.056115537881851196,0.00047519206418655813,0.1857573390007019,0.0,0.26972356,0.1416278,0.99952495,0.07561262,0.022654822,-3.6929993e-07,-0.0026988983,0.006475687,0.0054187775,0.046491932,0.07184126,-0.02187546,0.325125,0.16801985,1.0,,,,,,,,,,,,,,,,,,,,,,,,,,,,,,,,,,,,,,,,,,,,
868.0,-0.02117870026154633,0.05617363005876541,0.00047519206418655813,0.18678292632102966,0.0,0.27003965,0.14172265,0.99952495,0.07585972,0.02276148,-4.3001862e-07,-0.0029609203,0.0063159466,0.005451679,-0.06270974,-0.038679995,0.008299018,0.3255,0.16820133,1.0,,,,,,,,,,,,,,,,,,,,,,,,,,,,,,,,,,,,,,,,,,,,
869.0,-0.02114828775848073,0.05623120814561844,0.00047519206418655813,0.18782293796539307,0.0,0.2703567,0.14181797,0.99952495,0.07610017,0.022878801,-4.043271e-07,-0.0027656555,0.006614208,0.0053617954,0.046503253,0.07182404,-0.021883659,0.325875,0.16838276,1.0,,,,,,,,,,,,,,,,,,,,,,,,,,,,,,,,,,,,,,,,,,,,
870.0,-0.021115601080296257,0.05628831312060356,0.00047519206418655813,0.18887749314308167,0.0,0.27067485,0.14191376,0.99952495,0.076352805,0.022988152,-4.662992e-07,-0.0030276775,0.006454468,0.005394697,-0.06270051,-0.038689002,0.008313363,0.32625,0.16856416,1.0,,,,,,,,,,,,,,,,,,,,,,,,,,,,,,,,,,,,,,,,,,,,
871.0,-0.021084291486704387,0.05634487420320511,0.00047519206418655813,0.18994653224945068,0.0,0.270994,0.14201003,0.99952495,0.076598786,0.023108164,-4.4010525e-07,-0.0028324127,0.006752491,0.0053048134,0.046514567,0.07180682,-0.02189185,0.326625,0.16874552,1.0,,,,,,,,,,,,,,,,,,,,,,,,,,,,,,,,,,,,,,,,,,,,
872.0,-0.021050702080102204,0.05640101432800293,0.00047519206418655813,0.19103026390075684,0.0,0.27131426,0.14210679,0.99952495,0.076856956,0.0232202,-5.033294e-07,-0.0030944347,0.0065927505,0.005337715,-0.06269128,-0.038698003,0.008327696,0.327,0.16892682,1.0,,,,,,,,,,,,,,,,,,,,,,,,,,,,,,,,,,,,,,,,,,,,
873.0,-0.021018489713464077,0.056456614285707474,0.00047519206418655813,0.1921284794807434,0.0,0.27163553,0.14220405,0.99952495,0.07710846,0.023342898,-4.766324e-07,-0.0028989315,0.006890774,0.0052478313,0.04652587,0.07178961,-0.02190003,0.327375,0.1691081,1.0,,,,,,,,,,,,,,,,,,,,,,,,,,,,,,,,,,,,,,,,,,,,
874.0,-0.020983997619146978,0.056511737406253815,0.00047519206418655813,0.19324138760566711,0.0,0.27195793,0.1423018,0.99952495,0.07737214,0.023457618,-5.4110706e-07,-0.0031609535,0.0067310333,0.005280733,-0.062682055,-0.038707003,0.008342016,0.32775,0.16928932,1.0,,,,,,,,,,,,,,,,,,,,,,,,,,,,,,,,,,,,,,,,,,,,
875.0,-0.020950878080195256,0.05656636878848076,0.0004752039967570454,0.19436892867088318,0.0,0.27228138,0.14240006,0.99952495,0.077629164,0.023582995,-5.1390646e-07,-0.0029654503,0.0070290565,0.0051908493,0.04653717,0.071772404,-0.021908201,0.328125,0.1694705,1.0,,,,,,,,,,,,,,,,,,,,,,,,,,,,,,,,,,,,,,,,,,,,
876.0,-0.020915477252454368,0.056620556861162186,0.0004752039967570454,0.19551120698451996,0.0,0.27260596,0.1424988,0.9995249,0.07789836,0.023700392,-5.796302e-07,-0.0032274723,0.0068690777,0.005223751,-0.06267284,-0.038716,0.008356323,0.3285,0.16965164,1.0,,,,,,,,,,,,,,,,,,,,,,,,,,,,,,,,,,,,,,,,,,,,
877.0,-0.020881445372375313,0.05667422339320183,0.0004752039967570454,0.19666822254657745,0.0,0.27293164,0.1425981,0.9995249,0.0781609,0.023828445,-3.6796578e-07,-0.003031969,0.007167101,0.0051338673,0.04654846,0.0717552,-0.021916365,0.328875,0.16983274,1.0,,,,,,,,,,,,,,,,,,,,,,,,,,,,,,,,,,,,,,,,,,,,
878.0,-0.020845131809206944,0.05672738701105118,0.0004752039967570454,0.19783997535705566,0.0,0.27325845,0.14269787,0.9995249,0.07843559,0.023948513,-4.781229e-07,-0.003293991,0.0070068836,0.0051670074,-0.06266362,-0.038724992,0.008370617,0.32925,0.1700138,1.0,,,,,,,,,,,,,,,,,,,,,,,,,,,,,,,,,,,,,,,,,,,,
879.0,-0.02081018458265244,0.056780051440000534,0.0004752039967570454,0.19902655482292175,0.0,0.27358636,0.14279822,0.9995249,0.07870363,0.024079235,-4.3977536e-07,-0.0030984879,0.007304907,0.005076885,0.04655974,0.07173801,-0.02192452,0.329625,0.17019482,1.0,,,,,,,,,,,,,,,,,,,,,,,,,,,,,,,,,,,,,,,,,,,,
880.0,-0.020772952232237733,0.05683225393295288,0.0004752039967570454,0.20022797584533691,0.0,0.27391547,0.14289905,0.9995249,0.07898383,0.02420197,-5.103727e-07,-0.0033602715,0.007144928,0.0051100254,-0.06265441,-0.03873398,0.008384899,0.33,0.17037578,1.0,,,,,,,,,,,,,,,,,,,,,,,,,,,,,,,,,,,,,,,,,,,,
881.0,-0.020737084887074708,0.05688391998410225,0.0004751801607199013,0.20144426822662354,0.0,0.2742457,0.14300045,0.9995249,0.07925736,0.024335356,-4.810992e-07,-0.0031647682,0.007442713,0.0050201416,0.046571016,0.07172083,-0.021932665,0.330375,0.17055671,1.0,,,,,,,,,,,,,,,,,,,,,,,,,,,,,,,,,,,,,,,,,,,,
882.0,-0.02069892860225118,0.05693516880273819,0.0004751801607199013,0.20267552137374878,0.0,0.27457714,0.14310236,0.9995249,0.07954305,0.024460753,-5.5069233e-07,-0.0034265518,0.0072824955,0.0050530434,-0.06264521,-0.03874297,0.008399168,0.33075,0.1707376,1.0,,,,,,,,,,,,,,,,,,,,,,,,,,,,,,,,,,,,,,,,,,,,
883.0,-0.02066213641559844,0.05698589235544205,0.0004751801607199013,0.20392166078090668,0.0,0.27490973,0.14320485,0.9995249,0.07982206,0.024596801,-5.21441e-07,-0.0032310486,0.0075802803,0.0049631596,0.046582285,0.07170365,-0.021940801,0.331125,0.17091845,1.0,,,,,,,,,,,,,,,,,,,,,,,,,,,,,,,,,,,,,,,,,,,,
884.0,-0.020623053215876465,0.0570361390709877,0.0004751801607199013,0.20518285036087036,0.0,0.27524355,0.14330788,0.9995249,0.08011324,0.024724854,-5.921533e-07,-0.0034928322,0.0074203014,0.0049962997,-0.06263601,-0.038751952,0.008413424,0.3315,0.17109925,1.0,,,,,,,,,,,,,,,,,,,,,,,,,,,,,,,,,,,,,,,,,,,,
885.0,-0.02058533158750197,0.05708588287234306,0.0004751801607199013,0.20645898580551147,0.0,0.27557853,0.14341147,0.9995249,0.08039774,0.024863554,-5.624246e-07,-0.0032970905,0.007717848,0.0049061775,0.046593543,0.07168648,-0.02194893,0.331875,0.17128001,1.0,,,,,,,,,,,,,,,,,,,,,,,,,,,,,,,,,,,,,,,,,,,,
886.0,-0.020545314994653383,0.05713512748479843,0.0004751801607199013,0.20775029063224792,0.0,0.27591476,0.14351562,0.9995249,0.08069439,0.02499426,-6.343718e-07,-0.0035588741,0.0075576305,0.0049393177,-0.06262681,-0.038760934,0.008427667,0.33225,0.17146072,1.0,,,,,,,,,,,,,,,,,,,,,,,,,,,,,,,,,,,,,,,,,,,,
887.0,-0.020506657321076274,0.05718386173248291,0.0004751801607199013,0.20905663073062897,0.0,0.27625218,0.14362034,0.9995249,0.08098437,0.02513561,-6.041376e-07,-0.0033631325,0.007855415,0.004849434,0.046604797,0.07166932,-0.02195705,0.332625,0.1716414,1.0,,,,,,,,,,,,,,,,,,,,,,,,,,,,,,,,,,,,,,,,,,,,
888.0,-0.02046598610543406,0.057232122868299484,0.0004751801607199013,0.21037809550762177,0.0,0.27659088,0.14372563,0.9995249,0.08128649,0.02526896,-6.773248e-07,-0.003624916,0.007695198,0.004882574,-0.062617615,-0.038769912,0.008441898,0.333,0.17182203,1.0,,,,,,,,,,,,,,,,,,,,,,,,,,,,,,,,,,,,,,,,,,,,
889.0,-0.020426106971827177,0.05727990344166756,0.0004751801607199013,0.21171477437019348,0.0,0.2769308,0.14383152,0.9995249,0.08158193,0.025412956,-6.465831e-07,-0.0034291744,0.007992744,0.0047926903,0.046616044,0.07165216,-0.02196516,0.333375,0.17200261,1.0,,,,,,,,,,,,,,,,,,,,,,,,,,,,,,,,,,,,,,,,,,,,
890.0,-0.020384791413757923,0.05732715129852295,0.0004751801607199013,0.21306662261486053,0.0,0.27727202,0.14393798,0.9995249,0.08188951,0.025548948,-7.21009e-07,-0.003690958,0.007832289,0.0048258305,-0.06260843,-0.03877889,0.008456117,0.33375,0.17218316,1.0,,,,,,,,,,,,,,,,,,,,,,,,,,,,,,,,,,,,,,,,,,,,
891.0,-0.02034394059396218,0.05737394839525223,0.0004751801607199013,0.2144337147474289,0.0,0.27761447,0.14404504,0.9995249,0.08219041,0.025695583,-6.897592e-07,-0.0034952164,0.008129835,0.0047357082,0.04662728,0.07163501,-0.02197326,0.334125,0.17236365,1.0,,,,,,,,,,,,,,,,,,,,,,,,,,,,,,,,,,,,,,,,,,,,
892.0,-0.02030170806386341,0.057420216500759125,0.0004751801607199013,0.21581606566905975,0.0,0.27795824,0.14415269,0.9995249,0.08250345,0.02583421,-7.654224e-07,-0.0037567616,0.007969618,0.0047688484,-0.06259925,-0.03878786,0.008470322,0.3345,0.1725441,1.0,,,,,,,,,,,,,,,,,,,,,,,,,,,,,,,,,,,,,,,,,,,,
893.0,-0.020259909121169768,0.05746595934033394,0.0004751801607199013,0.2172137051820755,0.0,0.27830327,0.14426094,0.9995249,0.082809806,0.025983479,-7.3366385e-07,-0.00356102,0.008267164,0.0046789646,0.04663851,0.071617864,-0.021981353,0.334875,0.17272453,1.0,,,,,,,,,,,,,,,,,,,,,,,,,,,,,,,,,,,,,,,,,,,,
894.0,-0.020216725675073943,0.05751122161746025,0.0004751801607199013,0.2186267077922821,0.0,0.27864966,0.1443698,0.9995249,0.083128296,0.026124738,-8.1056294e-07,-0.003822565,0.0081067085,0.004712105,-0.06259007,-0.03879683,0.008484514,0.33525,0.1729049,1.0,,,,,,,,,,,,,,,,,,,,,,,,,,,,,,,,,,,,,,,,,,,,
895.0,-0.020173976016572125,0.05755600333213806,0.0004751801607199013,0.2200550138950348,0.0,0.2789973,0.14447929,0.9995249,0.08344009,0.026276635,-7.7829515e-07,-0.0036268234,0.0084040165,0.004622221,0.046649735,0.07160073,-0.021989437,0.335625,0.17308523,1.0,,,,,,,,,,,,,,,,,,,,,,,,,,,,,,,,,,,,,,,,,,,,
896.0,-0.02012991819069648,0.05760025978088379,0.0004751801607199013,0.2214987725019455,0.0,0.27934632,0.14458936,0.9995249,0.083764024,0.02642052,-8.564287e-07,-0.0038883686,0.008243561,0.004655361,-0.06258089,-0.038805794,0.008498695,0.336,0.1732655,1.0,,,,,,,,,,,,,,,,,,,,,,,,,,,,,,,,,,,,,,,,,,,,
897.0,-0.02008613278952398,0.05764401704072952,0.00047519206418655813,0.22295786440372467,0.0,0.27969667,0.1447001,0.9995249,0.084081255,0.026575042,-8.2365096e-07,-0.003692627,0.008540869,0.0045654774,0.04666095,0.0715836,-0.021997511,0.336375,0.17344575,1.0,,,,,,,,,,,,,,,,,,,,,,,,,,,,,,,,,,,,,,,,,,,,
898.0,-0.020041595538144434,0.05768726021051407,0.00047519206418655813,0.22443245351314545,0.0,0.28004837,0.14481144,0.99952483,0.08441062,0.026721546,-9.030175e-07,-0.0039539337,0.008380413,0.0045986176,-0.06257172,-0.038814757,0.008512862,0.33675,0.17362595,1.0,,,,,,,,,,,,,,,,,,,,,,,,,,,,,,,,,,,,,,,,,,,,
899.0,-0.019996711603080985,0.05773000046610832,0.00047519206418655813,0.22592245042324066,0.0,0.28040144,0.14492343,0.99952483,0.08473329,0.026878688,-6.8577236e-07,-0.003758192,0.008677721,0.0045084953,0.046672158,0.07156647,-0.022005577,0.337125,0.1738061,1.0,,,,,,,,,,,,,,,,,,,,,,,,,,,,,,,,,,,,,,,,,,,,
900.0,-0.01995135423087377,0.057772230356931686,0.00047519206418655813,0.22742794454097748,0.0,0.28075588,0.14503606,0.99952483,0.085068084,0.027027808,-8.095527e-07,-0.004019499,0.008517027,0.004541874,-0.062562555,-0.03882372,0.008527016,0.3375,0.17398621,1.0,,,,,,,,,,,,,,,,,,,,,,,,,,,,,,,,,,,,,,,,,,,,
901.0,-0.019905508680674394,0.05781395360827446,0.00047519206418655813,0.2289489209651947,0.0,0.28111172,0.14514934,0.99952483,0.08539617,0.027187562,-7.656171e-07,-0.0038237572,0.008814335,0.0044517517,0.04668336,0.071549356,-0.022013634,0.337875,0.17416628,1.0,,,,,,,,,,,,,,,,,,,,,,,,,,,,,,,,,,,,,,,,,,,,
902.0,-0.019859189665260422,0.05785514786839485,0.00047519206418655813,0.23048539459705353,0.0,0.28146893,0.14526324,0.99952483,0.08573639,0.027339295,-8.4982463e-07,-0.004085064,0.008653641,0.0044851303,-0.0625534,-0.038832676,0.008541158,0.33825,0.17434631,1.0,,,,,,,,,,,,,,,,,,,,,,,,,,,,,,,,,,,,,,,,,,,,
903.0,-0.01981238174545688,0.05789577215909958,0.00047516822814941406,0.23203735053539276,0.0,0.28182757,0.14537783,0.99952483,0.08606989,0.027501656,-8.1495557e-07,-0.0038890839,0.008950949,0.004395008,0.046694554,0.07153225,-0.022021681,0.338625,0.17452629,1.0,,,,,,,,,,,,,,,,,,,,,,,,,,,,,,,,,,,,,,,,,,,,
904.0,-0.019765098584637236,0.057935964316129684,0.00047516822814941406,0.23360487818717957,0.0,0.28218764,0.14549308,0.99952483,0.086415514,0.027655993,-8.9814336e-07,-0.004150629,0.008790255,0.0044283867,-0.06254424,-0.03884163,0.0085552875,0.339,0.17470622,1.0,,,,,,,,,,,,,,,,,,,,,,,,,,,,,,,,,,,,,,,,,,,,
905.0,-0.019717326668486936,0.05797559767961502,0.00047516822814941406,0.23518791794776917,0.0,0.2825491,0.14560899,0.99952483,0.086754434,0.02782096,-8.6329e-07,-0.003954649,0.009087324,0.004338503,0.04670574,0.07151514,-0.02202972,0.339375,0.17488612,1.0,,,,,,,,,,,,,,,,,,,,,,,,,,,,,,,,,,,,,,,,,,,,
906.0,-0.019669078295948567,0.05801473185420036,0.00047516822814941406,0.23678652942180634,0.0,0.28291205,0.14572556,0.99952483,0.08710546,0.027977897,-9.4758116e-07,-0.0042159557,0.00892663,0.0043718815,-0.062535085,-0.03885058,0.0085694045,0.33975,0.17506596,1.0,,,,,,,,,,,,,,,,,,,,,,,,,,,,,,,,,,,,,,,,,,,,
907.0,-0.019620340167155522,0.05805329605937004,0.00047516822814941406,0.2384006530046463,0.0,0.2832764,0.14584284,0.99952483,0.08744978,0.02814546,-9.122441e-07,-0.0040199757,0.0092237,0.0042817593,0.046716917,0.071498044,-0.022037752,0.340125,0.17524578,1.0,,,,,,,,,,,,,,,,,,,,,,,,,,,,,,,,,,,,,,,,,,,,
908.0,-0.019571126839379942,0.05809136480093002,0.00047516822814941406,0.24003034830093384,0.0,0.28364226,0.14596078,0.99952483,0.08780621,0.028304992,-9.977542e-07,-0.004281044,0.009062767,0.004315138,-0.062525935,-0.038859528,0.008583508,0.3405,0.17542553,1.0,,,,,,,,,,,,,,,,,,,,,,,,,,,,,,,,,,,,,,,,,,,,
909.0,-0.01952142185866287,0.05812891572713852,0.00047516822814941406,0.24167563021183014,0.0,0.2840096,0.14607942,0.99952483,0.08815593,0.02847515,-9.619057e-07,-0.004085064,0.009359837,0.0042250156,0.04672809,0.07148096,-0.022045773,0.340875,0.17560525,1.0,,,,,,,,,,,,,,,,,,,,,,,,,,,,,,,,,,,,,,,,,,,,
910.0,-0.019471070812549625,0.058165907859802246,0.00047516822814941406,0.24333640933036804,0.0,0.2843784,0.14619875,0.99952483,0.08851775,0.028637273,-1.0486397e-06,-0.0043463707,0.009199142,0.0042583942,-0.06251679,-0.038868476,0.0085976,0.34125,0.17578493,1.0,,,,,,,,,,,,,,,,,,,,,,,,,,,,,,,,,,,,,,,,,,,,
911.0,-0.019420242133105784,0.05820237472653389,0.00047516822814941406,0.2450127750635147,0.0,0.28474873,0.14631878,0.99952483,0.08887285,0.028810017,-1.0122774e-06,-0.0041503906,0.009151459,0.004169941,0.04709461,-0.01120678,-0.02169448,0.341625,0.17596455,1.0,,,,,,,,,,,,,,,,,,,,,,,,,,,,,,,,,,,,,,,,,,,,
912.0,-0.01936895357312824,0.05823834612965584,0.00047516822814941406,0.24670466780662537,0.0,0.2851205,0.14643951,0.99952483,0.08922598,0.028974665,-9.689475e-07,-0.004411459,0.00864625,0.00420475,-0.06216893,-0.121529646,0.008933014,0.342,0.17614414,1.0,,,,,,,,,,,,,,,,,,,,,,,,,,,,,,,,,,,,,,,,,,,,
913.0,-0.019317190856862367,0.05827377364039421,0.0004751801607199013,0.24841202795505524,0.0,0.28549364,0.14656097,0.99952483,0.0895583,0.029149875,-8.4102015e-07,-0.004215479,0.0085988045,0.0041160583,0.047113046,-0.011184926,-0.021665085,0.342375,0.17632368,1.0,,,,,,,,,,,,,,,,,,,,,,,,,,,,,,,,,,,,,,,,,,,,
914.0,-0.019264969714422663,0.05830874294042587,0.0004751801607199013,0.2501349151134491,0.0,0.2858682,0.14668313,0.9995248,0.08988866,0.029316988,-8.197582e-07,-0.0044765472,0.0080935955,0.004151106,-0.062173273,-0.12150007,0.008908904,0.34275,0.17650318,1.0,,,,,,,,,,,,,,,,,,,,,,,,,,,,,,,,,,,,,,,,,,,,
915.0,-0.019212275104505717,0.05834316089749336,0.0004751801607199013,0.251873254776001,0.0,0.286244,0.14680602,0.9995248,0.09019824,0.02949466,-5.1483863e-07,-0.0042803288,0.008046389,0.0040626526,0.04713146,-0.011163082,-0.021635693,0.343125,0.17668264,1.0,,,,,,,,,,,,,,,,,,,,,,,,,,,,,,,,,,,,,,,,,,,,
916.0,-0.01915912177255159,0.05837714672088623,0.0004751801607199013,0.25362712144851685,0.0,0.28662112,0.14692962,0.9995248,0.09050585,0.029664233,-5.3569454e-07,-0.004541397,0.0075411797,0.0040974617,-0.0621776,-0.12147052,0.008884798,0.3435,0.17686205,1.0,,,,,,,,,,,,,,,,,,,,,,,,,,,,,,,,,,,,,,,,,,,,
917.0,-0.01910549780838719,0.05841066315770149,0.0004751801607199013,0.25539639592170715,0.0,0.28699943,0.14705397,0.9995248,0.09079269,0.029844366,-4.1697947e-07,-0.0043451786,0.007493973,0.0040090084,0.047149856,-0.011141247,-0.021606302,0.343875,0.17704141,1.0,,,,,,,,,,,,,,,,,,,,,,,,,,,,,,,,,,,,,,,,,,,,
918.0,-0.01905142023618064,0.058443646878004074,0.0004751801607199013,0.2571810483932495,0.0,0.2873789,0.14717904,0.9995248,0.09107758,0.030016396,-3.9469037e-07,-0.004606247,0.006989002,0.004044056,-0.062181905,-0.12144098,0.008860694,0.34425,0.17722073,1.0,,,,,,,,,,,,,,,,,,,,,,,,,,,,,,,,,,,,,,,,,,,,
919.0,-0.01899675686428891,0.05847621709108353,0.0004751801607199013,0.25898104906082153,0.0,0.2877595,0.14730486,0.9995248,0.091341704,0.030198988,-2.9822752e-07,-0.0044100285,0.006942034,0.003955364,0.047168233,-0.0111194225,-0.021576911,0.344625,0.17740001,1.0,,,,,,,,,,,,,,,,,,,,,,,,,,,,,,,,,,,,,,,,,,,,
920.0,-0.01894164861452937,0.05850832909345627,0.0004751801607199013,0.2607964873313904,0.0,0.2881412,0.14743142,0.9995248,0.09160389,0.030373476,-2.7127513e-07,-0.004671097,0.006437063,0.00399065,-0.062186193,-0.12141145,0.008836594,0.345,0.17757924,1.0,,,,,,,,,,,,,,,,,,,,,,,,,,,,,,,,,,,,,,,,,,,,
921.0,-0.018886085368119167,0.05854003503918648,0.0004751801607199013,0.26262715458869934,0.0,0.28852388,0.14755875,0.9995248,0.09184532,0.030558523,-1.8802072e-07,-0.00447464,0.0063900948,0.0039019585,0.047186587,-0.011097608,-0.02154752,0.345375,0.17775843,1.0,,,,,,,,,,,,,,,,,,,,,,,,,,,,,,,,,,,,,,,,,,,,
922.0,-0.01883008254173201,0.05857132002711296,0.0004751801607199013,0.2644731104373932,0.0,0.28890756,0.14768682,0.9995248,0.09208482,0.030735467,-1.5852318e-07,-0.0047357082,0.0058853626,0.0039372444,-0.062190462,-0.121381946,0.008812496,0.34575,0.17793758,1.0,,,,,,,,,,,,,,,,,,,,,,,,,,,,,,,,,,,,,,,,,,,,
923.0,-0.018773626211637386,0.05860214680433273,0.0004751801607199013,0.2663342356681824,0.0,0.28929216,0.14781566,0.9995248,0.092303574,0.030922968,-8.7969646e-08,-0.0045392513,0.005838394,0.0038485527,0.04720492,-0.011075804,-0.021518132,0.346125,0.17811668,1.0,,,,,,,,,,,,,,,,,,,,,,,,,,,,,,,,,,,,,,,,,,,,
924.0,-0.018716732579900783,0.05863265320658684,0.0004751801607199013,0.26821058988571167,0.0,0.28967768,0.14794526,0.9995248,0.0925204,0.031102363,-5.604133e-08,-0.0048003197,0.0053339005,0.0038838387,-0.062194712,-0.12135246,0.008788402,0.3465,0.17829573,1.0,,,,,,,,,,,,,,,,,,,,,,,,,,,,,,,,,,,,,,,,,,,,
925.0,-0.018659391095055617,0.058662742376327515,0.0004751801607199013,0.27010199427604675,0.0,0.29006398,0.14807564,0.9995248,0.09271651,0.031292316,1.8485514e-09,-0.0046038628,0.005286932,0.0037953854,0.047223233,-0.011054009,-0.021488743,0.346875,0.17847474,1.0,,,,,,,,,,,,,,,,,,,,,,,,,,,,,,,,,,,,,,,,,,,,
926.0,-0.01860161596875132,0.058692462742328644,0.0004751801607199013,0.2720085084438324,0.0,0.2904511,0.14820679,0.9995248,0.09291069,0.031474162,3.6203694e-08,-0.004864931,0.0047824383,0.003830433,-0.062198944,-0.12132298,0.008764312,0.34725,0.1786537,1.0,,,,,,,,,,,,,,,,,,,,,,,,,,,,,,,,,,,,,,,,,,,,
927.0,-0.018543827216042523,0.0587218776345253,0.0004751801607199013,0.2739299535751343,0.0,0.29083896,0.14833872,0.9995248,0.09308416,0.031666566,8.144116e-08,-0.004668236,0.0047357082,0.0037419796,0.047241524,-0.011032225,-0.021459356,0.347625,0.17883262,1.0,,,,,,,,,,,,,,,,,,,,,,,,,,,,,,,,,,,,,,,,,,,,
928.0,-0.018485116573915186,0.05875091627240181,0.0004751801607199013,0.2758663594722748,0.0,0.29122752,0.14847144,0.9995248,0.09325572,0.03185086,1.1822527e-07,-0.004929304,0.0050914288,0.0037732124,-0.06298005,0.08509732,0.0077767423,0.348,0.17901151,1.0,,,,,,,,,,,,,,,,,,,,,,,,,,,,,,,,,,,,,,,,,,,,
929.0,-0.018426426258434186,0.05877965688705444,0.0004751801607199013,0.27781760692596436,0.0,0.29161686,0.14860496,0.9995248,0.093441725,0.032045845,-1.3033298e-08,-0.004732609,0.004987955,0.0036849976,0.047286667,-0.024638359,-0.021403309,0.348375,0.17919034,1.0,,,,,,,,,,,,,,,,,,,,,,,,,,,,,,,,,,,,,,,,,,,,
930.0,-0.018366820721225124,0.058807987719774246,0.0004751801607199013,0.27978360652923584,0.0,0.29200697,0.14873926,0.9995248,0.093623504,0.03223271,7.791187e-08,-0.004993677,0.005343437,0.003715992,-0.06297356,0.08508167,0.0077900128,0.34875,0.17936912,1.0,,,,,,,,,,,,,,,,,,,,,,,,,,,,,,,,,,,,,,,,,,,,
931.0,-0.018307236892344193,0.05883600562810898,0.0004751801607199013,0.2817643880844116,0.0,0.2923979,0.14887439,0.9995248,0.09381972,0.03243026,-7.039561e-08,-0.00479722,0.0052399635,0.003627777,0.047279574,-0.024662176,-0.021410633,0.349125,0.17954786,1.0,,,,,,,,,,,,,,,,,,,,,,,,,,,,,,,,,,,,,,,,,,,,
932.0,-0.01824674139835661,0.058863721787929535,0.0004751801607199013,0.28375980257987976,0.0,0.2927896,0.1490103,0.9995248,0.09401171,0.0326197,2.6149259e-08,-0.0050582886,0.005595207,0.00365901,-0.06296708,0.08506601,0.0078032725,0.3495,0.17972656,1.0,,,,,,,,,,,,,,,,,,,,,,,,,,,,,,,,,,,,,,,,,,,,
933.0,-0.01818627721287212,0.05889104679226875,0.0004751801607199013,0.2857697010040283,0.0,0.29318216,0.14914706,0.9995248,0.09421812,0.03281982,-1.2780251e-07,-0.0048615932,0.0054917336,0.003570795,0.047272477,-0.024685983,-0.021417944,0.349875,0.1799052,1.0,,,,,,,,,,,,,,,,,,,,,,,,,,,,,,,,,,,,,,,,,,,,
934.0,-0.018124906725090296,0.0589180588722229,0.0004751801607199013,0.2877940535545349,0.0,0.29357558,0.1492846,0.9995248,0.0944203,0.033011824,-2.8334272e-08,-0.0051226616,0.0058469772,0.003602028,-0.0629606,0.085050374,0.007816521,0.35025,0.18008381,1.0,,,,,,,,,,,,,,,,,,,,,,,,,,,,,,,,,,,,,,,,,,,,
935.0,-0.018063570118315695,0.05894476920366287,0.0004751801607199013,0.28983280062675476,0.0,0.2939699,0.149423,0.9995248,0.09463691,0.03321451,-1.8729807e-07,-0.0049259663,0.0057435036,0.003513813,0.04726538,-0.02470978,-0.021425245,0.350625,0.18026239,1.0,,,,,,,,,,,,,,,,,,,,,,,,,,,,,,,,,,,,,,,,,,,,
936.0,-0.018001333166891346,0.058971136808395386,0.0004751801607199013,0.2918858528137207,0.0,0.2943651,0.14956221,0.9995248,0.09484927,0.033409078,-8.5053834e-08,-0.0051870346,0.0060987473,0.0035448074,-0.06295413,0.08503474,0.007829758,0.351,0.1804409,1.0,,,,,,,,,,,,,,,,,,,,,,,,,,,,,,,,,,,,,,,,,,,,
937.0,-0.017939138044371066,0.05899713188409805,0.0004751801607199013,0.293953001499176,0.0,0.29476127,0.14970227,0.9995248,0.095076054,0.03361433,-2.4899114e-07,-0.0049905777,0.0059947968,0.003456831,0.04725828,-0.024733564,-0.021432534,0.351375,0.18061937,1.0,,,,,,,,,,,,,,,,,,,,,,,,,,,,,,,,,,,,,,,,,,,,
938.0,-0.017875931192448482,0.059022851288318634,0.0004751801607199013,0.2960343062877655,0.0,0.29515836,0.14984314,0.9995248,0.09529859,0.033811465,-1.4397887e-07,-0.005251646,0.0063500404,0.0034878254,-0.06294765,0.08501912,0.007842985,0.35175,0.1807978,1.0,,,,,,,,,,,,,,,,,,,,,,,,,,,,,,,,,,,,,,,,,,,,
939.0,-0.01781216655297103,0.05904824286699295,0.0004751801607199013,0.29812943935394287,0.0,0.2955564,0.1499849,0.9995248,0.09553554,0.03401928,-3.1288388e-07,-0.005055189,0.0062463284,0.003399849,0.047251184,-0.02475734,-0.021439813,0.352125,0.18097618,1.0,,,,,,,,,,,,,,,,,,,,,,,,,,,,,,,,,,,,,,,,,,,,
940.0,-0.01774798640207228,0.0590733177959919,0.0004751801607199013,0.30023857951164246,0.0,0.29595545,0.15012747,0.9995248,0.09576823,0.034218974,-2.0510385e-07,-0.0053162575,0.005997181,0.0034339428,-0.06244364,-0.059998047,0.008589198,0.3525,0.18115452,1.0,,,,,,,,,,,,,,,,,,,,,,,,,,,,,,,,,,,,,,,,,,,,
941.0,-0.017683386323443847,0.05909806489944458,0.0004751801607199013,0.3023613691329956,0.0,0.2963554,0.15027092,0.9995248,0.095990635,0.034429263,-2.2340555e-07,-0.005119562,0.006205797,0.0033442974,0.047001142,0.050220612,-0.021817295,0.352875,0.18133281,1.0,,,,,,,,,,,,,,,,,,,,,,,,,,,,,,,,,,,,,,,,,,,,
942.0,-0.017618381466132635,0.05912250280380249,0.0004751562955789268,0.3044978082180023,0.0,0.29675633,0.15041523,0.9995248,0.09622156,0.034631476,-2.2920969e-07,-0.0053806305,0.00595665,0.0033783913,-0.06243795,-0.059997205,0.008593435,0.35325,0.18151104,1.0,,,,,,,,,,,,,,,,,,,,,,,,,,,,,,,,,,,,,,,,,,,,
943.0,-0.017552962941107038,0.05914658308029175,0.0004751562955789268,0.30664771795272827,0.0,0.29715818,0.15056041,0.9995248,0.09644219,0.034844283,-2.2193633e-07,-0.005183935,0.006165266,0.0032887459,0.047014143,0.050213467,-0.021815687,0.353625,0.18168925,1.0,,,,,,,,,,,,,,,,,,,,,,,,,,,,,,,,,,,,,,,,,,,,
944.0,-0.017487143269692754,0.05917034670710564,0.0004751562955789268,0.30881112813949585,0.0,0.29756096,0.15070644,0.9995248,0.09667135,0.03504901,-2.3286728e-07,-0.0054450035,0.0059161186,0.0033230782,-0.06243227,-0.059996367,0.008597667,0.354,0.1818674,1.0,,,,,,,,,,,,,,,,,,,,,,,,,,,,,,,,,,,,,,,,,,,,
945.0,-0.017420916513490738,0.05919376015663147,0.0004751562955789268,0.31098777055740356,0.0,0.2979647,0.15085338,0.9995248,0.09689022,0.03526433,-2.2547935e-07,-0.005248308,0.0061244965,0.0032331944,0.047027133,0.050206326,-0.021814073,0.354375,0.18204552,1.0,,,,,,,,,,,,,,,,,,,,,,,,,,,,,,,,,,,,,,,,,,,,
946.0,-0.017354298845535236,0.059216827154159546,0.0004751562955789268,0.31317761540412903,0.0,0.29836935,0.15100119,0.9995248,0.0971176,0.035471566,-2.3556028e-07,-0.0055093765,0.005875349,0.0032675266,-0.06242659,-0.05999553,0.008601892,0.35475,0.18222357,1.0,,,,,,,,,,,,,,,,,,,,,,,,,,,,,,,,,,,,,,,,,,,,
947.0,-0.017287281747057934,0.05923955887556076,0.0004751562955789268,0.31538042426109314,0.0,0.2987749,0.15114988,0.9995248,0.0973347,0.035689395,-2.2946018e-07,-0.005312681,0.0060839653,0.0031778812,0.04704012,0.05019919,-0.021812452,0.355125,0.1824016,1.0,,,,,,,,,,,,,,,,,,,,,,,,,,,,,,,,,,,,,,,,,,,,
948.0,-0.017219882359037732,0.05926188826560974,0.0004751562955789268,0.31759610772132874,0.0,0.2991814,0.15129946,0.9995248,0.09756032,0.035899136,-2.383621e-07,-0.005573511,0.005834818,0.0032122135,-0.062420912,-0.05999469,0.00860611,0.3555,0.18257958,1.0,,,,,,,,,,,,,,,,,,,,,,,,,,,,,,,,,,,,,,,,,,,,
949.0,-0.01715209118819985,0.05928391218185425,0.0004751562955789268,0.31982454657554626,0.0,0.2995888,0.15144996,0.9995248,0.097775646,0.03611947,-2.3362637e-07,-0.005376816,0.006043434,0.0031223297,0.047053102,0.05019205,-0.021810828,0.355875,0.1827575,1.0,,,,,,,,,,,,,,,,,,,,,,,,,,,,,,,,,,,,,,,,,,,,
950.0,-0.017083923826370303,0.059305571019649506,0.0004751562955789268,0.32206565141677856,0.0,0.29999712,0.15160134,0.9995248,0.09799949,0.03633171,-2.4133155e-07,-0.0056376457,0.0057942867,0.003156662,-0.06241524,-0.059993856,0.00861032,0.35625,0.18293537,1.0,,,,,,,,,,,,,,,,,,,,,,,,,,,,,,,,,,,,,,,,,,,,
951.0,-0.01701537597681163,0.05932684987783432,0.0004751562955789268,0.32431912422180176,0.0,0.30040634,0.15175365,0.9995248,0.098213054,0.03655454,-2.3796366e-07,-0.0054409504,0.0060026646,0.0030670166,0.047066078,0.050184917,-0.021809198,0.356625,0.18311322,1.0,,,,,,,,,,,,,,,,,,,,,,,,,,,,,,,,,,,,,,,,,,,,
952.0,-0.01694646027585004,0.05934774875640869,0.0004751562955789268,0.32658499479293823,0.0,0.3008165,0.15190686,0.9995248,0.098435126,0.03676928,-2.4447152e-07,-0.0057017803,0.005753517,0.0031013489,-0.06240957,-0.059993025,0.008614524,0.357,0.183291,1.0,,,,,,,,,,,,,,,,,,,,,,,,,,,,,,,,,,,,,,,,,,,,
953.0,-0.016877172531353426,0.059368282556533813,0.0004751562955789268,0.3288629353046417,0.0,0.3012275,0.152061,0.9995248,0.09864692,0.036994606,-2.4247086e-07,-0.0055048466,0.005961895,0.0030117035,0.047079045,0.050177786,-0.02180756,0.357375,0.18346874,1.0,,,,,,,,,,,,,,,,,,,,,,,,,,,,,,,,,,,,,,,,,,,,
954.0,-0.01680846651922548,0.05938844755291939,0.0004751562955789268,0.33115291595458984,0.0,0.30163947,0.15221605,0.9995248,0.09886722,0.037211835,-2.4778177e-07,-0.0057656765,0.0057127476,0.0030460358,-0.062403902,-0.059992194,0.008618722,0.35775,0.18364644,1.0,,,,,,,,,,,,,,,,,,,,,,,,,,,,,,,,,,,,,,,,,,,,
955.0,-0.016738509473474553,0.05940818786621094,0.0004751562955789268,0.3334547281265259,0.0,0.3020523,0.15237205,0.9995248,0.09907724,0.03743965,-2.471476e-07,-0.0055687428,0.005921364,0.0029563904,0.04709201,0.050170656,-0.02180592,0.358125,0.18382409,1.0,,,,,,,,,,,,,,,,,,,,,,,,,,,,,,,,,,,,,,,,,,,,
956.0,-0.016669119749433962,0.059427596628665924,0.0004751562955789268,0.33576834201812744,0.0,0.30246603,0.15252897,0.9995248,0.09929577,0.037659373,-2.5126198e-07,-0.0058295727,0.005671978,0.0029907227,-0.06239824,-0.059991363,0.008622913,0.3585,0.1840017,1.0,,,,,,,,,,,,,,,,,,,,,,,,,,,,,,,,,,,,,,,,,,,,
957.0,-0.016598462873857717,0.0594465546309948,0.0004751562955789268,0.33809328079223633,0.0,0.30288061,0.15268683,0.9995248,0.099504024,0.037889674,-2.519935e-07,-0.005632639,0.0058805943,0.0029010773,0.047104966,0.05016353,-0.021804273,0.358875,0.18417926,1.0,,,,,,,,,,,,,,,,,,,,,,,,,,,,,,,,,,,,,,,,,,,,
958.0,-0.016528085115387513,0.05946515128016472,0.0004751562955789268,0.34042975306510925,0.0,0.30329612,0.15284564,0.9995248,0.09972079,0.038111877,-2.5491175e-07,-0.005893469,0.0056312084,0.0029354095,-0.06239258,-0.059990536,0.008627096,0.35925,0.18435678,1.0,,,,,,,,,,,,,,,,,,,,,,,,,,,,,,,,,,,,,,,,,,,,
959.0,-0.01645645113513456,0.05948333069682121,0.0004751562955789268,0.3427773714065552,0.0,0.3037125,0.1530054,0.9995248,0.09992727,0.038344663,-2.5700814e-07,-0.005696535,0.0058398247,0.0028457642,0.04711792,0.050156407,-0.021802621,0.359625,0.18453425,1.0,,,,,,,,,,,,,,,,,,,,,,,,,,,,,,,,,,,,,,,,,,,,
960.0,-0.016385709746391513,0.05950108915567398,0.0004751562955789268,0.34513598680496216,0.0,0.30412975,0.15316612,0.9995248,0.10014226,0.038569346,-2.5873072e-07,-0.0059571266,0.005590439,0.0028803349,-0.062386923,-0.059989713,0.008631273,0.36,0.18471166,1.0,,,,,,,,,,,,,,,,,,,,,,,,,,,,,,,,,,,,,,,,,,,,
961.0,-0.016314401458460637,0.05951850488781929,0.0004751562955789268,0.34750548005104065,0.0,0.30454788,0.15332781,0.9995248,0.10034697,0.03880461,-2.621912e-07,-0.005760193,0.0057988167,0.002790451,0.047130868,0.050149288,-0.021800963,0.360375,0.18488905,1.0,,,,,,,,,,,,,,,,,,,,,,,,,,,,,,,,,,,,,,,,,,,,
962.0,-0.016243943509520617,0.05953548103570938,0.0004751562955789268,0.34988561272621155,0.0,0.30496687,0.15349044,0.9995248,0.10056019,0.039031766,-2.627185e-07,-0.0060207844,0.0055496693,0.0028250217,-0.06238127,-0.05998889,0.008635443,0.36075,0.18506637,1.0,,,,,,,,,,,,,,,,,,,,,,,,,,,,,,,,,,,,,,,,,,,,
963.0,-0.016172750439087398,0.05955210328102112,0.0004751562955789268,0.3522457182407379,0.0,0.30538672,0.15365405,0.9995248,0.10076313,0.0392695,-2.6754228e-07,-0.005823612,0.005758047,0.0027353764,0.047143806,0.05014217,-0.0217993,0.361125,0.18524367,1.0,,,,,,,,,,,,,,,,,,,,,,,,,,,,,,,,,,,,,,,,,,,,
964.0,-0.01610309149993482,0.05956835299730301,0.0004751562955789268,0.35461628437042236,0.0,0.30580744,0.15381864,0.9995248,0.10097458,0.03949913,-2.668747e-07,-0.0060842037,0.0055088997,0.002769947,-0.062375624,-0.059988067,0.008639607,0.3615,0.1854209,1.0,,,,,,,,,,,,,,,,,,,,,,,,,,,,,,,,,,,,,,,,,,,,
965.0,-0.016032209577450704,0.05958420783281326,0.00047513245954178274,0.3569665849208832,0.0,0.306229,0.15398422,0.9995248,0.10117575,0.039739333,-2.73061e-07,-0.00588727,0.0057172775,0.0026800632,0.047156744,0.050135054,-0.021797633,0.361875,0.18559809,1.0,,,,,,,,,,,,,,,,,,,,,,,,,,,,,,,,,,,,,,,,,,,,
966.0,-0.015962869982089616,0.05959970876574516,0.00047513245954178274,0.3593270778656006,0.0,0.30665144,0.15415077,0.9995248,0.10138542,0.03997143,-2.71199e-07,-0.0061478615,0.0054678917,0.002714634,-0.062369976,-0.059987247,0.008643763,0.36225,0.18577524,1.0,,,,,,,,,,,,,,,,,,,,,,,,,,,,,,,,,,,,,,,,,,,,
967.0,-0.015892313490457312,0.05961480736732483,0.00047513245954178274,0.36166712641716003,0.0,0.30707473,0.15431832,0.9995248,0.10158482,0.0402141,-2.78747e-07,-0.0059506893,0.0056762695,0.0026249886,0.04716967,0.05012794,-0.021795958,0.362625,0.18595234,1.0,,,,,,,,,,,,,,,,,,,,,,,,,,,,,,,,,,,,,,,,,,,,
968.0,-0.015823308570137307,0.05962955206632614,0.00047513245954178274,0.3640170395374298,0.0,0.30749884,0.15448686,0.9995248,0.10179273,0.040448654,-2.75691e-07,-0.006211281,0.005427122,0.0026595592,-0.062364336,-0.05998643,0.008647912,0.363,0.18612938,1.0,,,,,,,,,,,,,,,,,,,,,,,,,,,,,,,,,,,,,,,,,,,,
969.0,-0.01575309447150794,0.05964391678571701,0.00047513245954178274,0.36634624004364014,0.0,0.3079238,0.15465641,0.9995248,0.10199036,0.040693786,-2.845999e-07,-0.0060141087,0.0056352615,0.0025699139,0.047182597,0.05012083,-0.021794278,0.363375,0.18630639,1.0,,,,,,,,,,,,,,,,,,,,,,,,,,,,,,,,,,,,,,,,,,,,
970.0,-0.01568443974206457,0.05965789407491684,0.00047513245954178274,0.3686850666999817,0.0,0.30834964,0.15482695,0.9995248,0.10219649,0.0409308,-2.8035035e-07,-0.0062744617,0.005386114,0.0026044846,-0.062358696,-0.059985615,0.008652055,0.36375,0.18648334,1.0,,,,,,,,,,,,,,,,,,,,,,,,,,,,,,,,,,,,,,,,,,,,
971.0,-0.015614580336461226,0.0596715584397316,0.00047513245954178274,0.37100306153297424,0.0,0.30877626,0.15499854,0.9995248,0.102392346,0.041178387,-2.9061934e-07,-0.0060772896,0.005594492,0.0025148392,0.047195513,0.050113723,-0.021792594,0.364125,0.18666026,1.0,,,,,,,,,,,,,,,,,,,,,,,,,,,,,,,,,,,,,,,,,,,,
972.0,-0.015546292122374145,0.059684865176677704,0.00047513245954178274,0.3733302652835846,0.0,0.30920374,0.15517111,0.9995248,0.10259671,0.041417856,-2.8517667e-07,-0.006337881,0.005345106,0.0025494099,-0.062353063,-0.0599848,0.008656191,0.3645,0.18683712,1.0,,,,,,,,,,,,,,,,,,,,,,,,,,,,,,,,,,,,,,,,,,,,
973.0,-0.015476803700516031,0.05969780683517456,0.00047513245954178274,0.375636488199234,0.0,0.30963203,0.15534472,0.9995248,0.10279079,0.041667894,-2.9680496e-07,-0.0061404705,0.005553484,0.0024597645,0.047208425,0.050106615,-0.021790905,0.364875,0.18701394,1.0,,,,,,,,,,,,,,,,,,,,,,,,,,,,,,,,,,,,,,,,,,,,
974.0,-0.01540889571292937,0.05971038341522217,0.00047513245954178274,0.37795162200927734,0.0,0.3100612,0.15551935,0.9995248,0.10299338,0.04190981,-2.9016954e-07,-0.006401062,0.005304098,0.0024943352,-0.06234743,-0.059983987,0.00866032,0.36525,0.18719071,1.0,,,,,,,,,,,,,,,,,,,,,,,,,,,,,,,,,,,,,,,,,,,,
975.0,-0.015339795302669521,0.059722620993852615,0.00047514439211227,0.38024553656578064,0.0,0.3104911,0.15569504,0.9995248,0.10318569,0.042162295,-3.031564e-07,-0.0062036514,0.005512476,0.0024046898,0.047221333,0.050099514,-0.02178921,0.365625,0.18736744,1.0,,,,,,,,,,,,,,,,,,,,,,,,,,,,,,,,,,,,,,,,,,,,
976.0,-0.015272281984041186,0.05973454564809799,0.00047514439211227,0.38254812359809875,0.0,0.3109219,0.15587172,0.9995248,0.10338651,0.042406656,-2.9532865e-07,-0.0064640045,0.00526309,0.0024392605,-0.0623418,-0.059983175,0.008664443,0.366,0.1875441,1.0,,,,,,,,,,,,,,,,,,,,,,,,,,,,,,,,,,,,,,,,,,,,
977.0,-0.015203585102245416,0.05974610522389412,0.00047514439211227,0.38482919335365295,0.0,0.31135347,0.15604948,0.9995248,0.10357705,0.042661585,-3.0967325e-07,-0.0062668324,0.0054712296,0.002349615,0.047234233,0.050092414,-0.02178751,0.366375,0.18772075,1.0,,,,,,,,,,,,,,,,,,,,,,,,,,,,,,,,,,,,,,,,,,,,
978.0,-0.01513648238140304,0.05975731462240219,0.00047516822814941406,0.38711869716644287,0.0,0.31178588,0.15622826,0.9995248,0.10377609,0.04290839,-3.0065362e-07,-0.0065271854,0.005222082,0.0023844242,-0.062336177,-0.059982367,0.008668559,0.36675,0.18789732,1.0,,,,,,,,,,,,,,,,,,,,,,,,,,,,,,,,,,,,,,,,,,,,
979.0,-0.01506820282924309,0.05976823717355728,0.00047516822814941406,0.38938647508621216,0.0,0.31221905,0.15640812,0.9995247,0.10396486,0.04316576,-3.163552e-07,-0.006329775,0.0054302216,0.0022945404,0.04724713,0.050085317,-0.021785803,0.367125,0.18807386,1.0,,,,,,,,,,,,,,,,,,,,,,,,,,,,,,,,,,,,,,,,,,,,
980.0,-0.015001527805371733,0.059778809547424316,0.00047516822814941406,0.3916623592376709,0.0,0.31265306,0.15658902,0.9995247,0.10416213,0.043415,-1.2218555e-07,-0.006590128,0.0051808357,0.0023293495,-0.06233056,-0.059981562,0.008672668,0.3675,0.18825035,1.0,,,,,,,,,,,,,,,,,,,,,,,,,,,,,,,,,,,,,,,,,,,,
981.0,-0.01493367937602525,0.059789061546325684,0.00047516822814941406,0.39391636848449707,0.0,0.31308785,0.15677099,0.9995247,0.10434912,0.0436748,-1.8242878e-07,-0.0063927174,0.0053892136,0.0022397041,0.04726002,0.05007822,-0.021784091,0.367875,0.1884268,1.0,,,,,,,,,,,,,,,,,,,,,,,,,,,,,,,,,,,,,,,,,,,,
982.0,-0.014867445789671913,0.05979893356561661,0.00047516822814941406,0.39617815613746643,0.0,0.31352347,0.15695402,0.9995247,0.10454462,0.04392647,-1.608886e-07,-0.006652832,0.0051398277,0.0022745132,-0.06232494,-0.059980758,0.008676769,0.36825,0.1886032,1.0,,,,,,,,,,,,,,,,,,,,,,,,,,,,,,,,,,,,,,,,,,,,
983.0,-0.01480013612491821,0.05980854481458664,0.00047516822814941406,0.3984178900718689,0.0,0.31395984,0.15713814,0.9995247,0.10472984,0.044188704,-1.8168168e-07,-0.0064554214,0.005347967,0.0021846294,0.047272902,0.05007113,-0.021782374,0.368625,0.18877955,1.0,,,,,,,,,,,,,,,,,,,,,,,,,,,,,,,,,,,,,,,,,,,,
984.0,-0.014734265931940905,0.059817809611558914,0.00047516822814941406,0.40066513419151306,0.0,0.314397,0.15732332,0.9995247,0.10492357,0.044442803,-1.6853025e-07,-0.0067157745,0.0050985813,0.0022194386,-0.062319327,-0.059979953,0.008680865,0.369,0.18895584,1.0,,,,,,,,,,,,,,,,,,,,,,,,,,,,,,,,,,,,,,,,,,,,
985.0,-0.01466757799758343,0.059826791286468506,0.00047516822814941406,0.4028901159763336,0.0,0.31483495,0.1575096,0.9995247,0.10510702,0.044707462,-1.8842913e-07,-0.0065181255,0.0053067207,0.0021297932,0.04728578,0.05006404,-0.021780651,0.369375,0.1891321,1.0,,,,,,,,,,,,,,,,,,,,,,,,,,,,,,,,,,,,,,,,,,,,
986.0,-0.014602018732723081,0.05983548238873482,0.00047516822814941406,0.4051222801208496,0.0,0.3152737,0.15769695,0.9995247,0.105298966,0.044963986,-1.746154e-07,-0.0067784786,0.005057335,0.0021646023,-0.062313717,-0.059979152,0.008684954,0.36975,0.1893083,1.0,,,,,,,,,,,,,,,,,,,,,,,,,,,,,,,,,,,,,,,,,,,,
987.0,-0.014535966492586889,0.05984383076429367,0.00047516822814941406,0.40733203291893005,0.0,0.3157132,0.15788542,0.9995247,0.10548064,0.045231063,-1.9574416e-07,-0.0065808296,0.0052657127,0.002074957,0.04729865,0.050056953,-0.021778924,0.370125,0.18948446,1.0,,,,,,,,,,,,,,,,,,,,,,,,,,,,,,,,,,,,,,,,,,,,
988.0,-0.014470762487365577,0.05985192209482193,0.00047516822814941406,0.4095487594604492,0.0,0.3161535,0.15807496,0.9995247,0.10567082,0.045490008,-1.8076977e-07,-0.0068409443,0.005016327,0.002109766,-0.062308107,-0.05997835,0.008689035,0.3705,0.18966058,1.0,,,,,,,,,,,,,,,,,,,,,,,,,,,,,,,,,,,,,,,,,,,,
989.0,-0.014405327240792395,0.059859663248062134,0.00047516822814941406,0.41174277663230896,0.0,0.31659454,0.15826562,0.9995247,0.10585073,0.045759503,-2.0324472e-07,-0.0066435337,0.0052244663,0.0020201206,0.04731152,0.050049867,-0.021777192,0.370875,0.18983664,1.0,,,,,,,,,,,,,,,,,,,,,,,,,,,,,,,,,,,,,,,,,,,,
990.0,-0.014340619219509246,0.05986715108156204,0.00047516822814941406,0.4139435887336731,0.0,0.3170364,0.15845737,0.9995247,0.10603913,0.04602086,-1.870826e-07,-0.0069036484,0.0049750805,0.0020549297,-0.062302504,-0.059977554,0.00869311,0.37125,0.19001266,1.0,,,,,,,,,,,,,,,,,,,,,,,,,,,,,,,,,,,,,,,,,,,,
991.0,-0.014275684002085476,0.059874337166547775,0.00047516822814941406,0.41612154245376587,0.0,0.31747895,0.15865026,0.9995247,0.10621726,0.04629277,-2.109094e-07,-0.0067059994,0.00518322,0.0019652843,0.04732438,0.05004279,-0.021775452,0.371625,0.19018863,1.0,,,,,,,,,,,,,,,,,,,,,,,,,,,,,,,,,,,,,,,,,,,,
992.0,-0.014211484983869014,0.05988121032714844,0.00047516822814941406,0.41830599308013916,0.0,0.3179223,0.15884425,0.9995247,0.10640389,0.04655654,-1.9355845e-07,-0.006966114,0.004933834,0.0020000935,-0.062296905,-0.05997676,0.008697178,0.372,0.19036455,1.0,,,,,,,,,,,,,,,,,,,,,,,,,,,,,,,,,,,,,,,,,,,,
993.0,-0.014147063199282278,0.059887826442718506,0.00047516822814941406,0.42046743631362915,0.0,0.31836638,0.15903938,0.9995247,0.10658024,0.04683086,-2.1873672e-07,-0.006768465,0.005141735,0.0019104481,0.047337238,0.050035708,-0.021773709,0.372375,0.19054043,1.0,,,,,,,,,,,,,,,,,,,,,,,,,,,,,,,,,,,,,,,,,,,,
994.0,-0.014083385546057255,0.05989416316151619,0.00047516822814941406,0.42263510823249817,0.0,0.31881124,0.15923561,0.9995247,0.1067651,0.047097035,-2.0019726e-07,-0.0070283413,0.0048923492,0.0019452572,-0.06229131,-0.059975967,0.00870124,0.37275,0.19071625,1.0,,,,,,,,,,,,,,,,,,,,,,,,,,,,,,,,,,,,,,,,,,,,
995.0,-0.014019488085446938,0.05990021675825119,0.00047516822814941406,0.4247796833515167,0.0,0.3192568,0.159433,0.9995247,0.10693968,0.047373757,-2.2672617e-07,-0.0068306923,0.0051004887,0.0018556118,0.047350086,0.050028633,-0.02177196,0.373125,0.19089204,1.0,,,,,,,,,,,,,,,,,,,,,,,,,,,,,,,,,,,,,,,,,,,,
996.0,-0.013956342034260164,0.059905994683504105,0.00047516822814941406,0.4269302487373352,0.0,0.31970316,0.15963152,0.9995247,0.10712276,0.04764233,-2.0699869e-07,-0.007090807,0.004851103,0.0018906593,-0.062285714,-0.059975173,0.008705295,0.3735,0.19106777,1.0,,,,,,,,,,,,,,,,,,,,,,,,,,,,,,,,,,,,,,,,,,,,
997.0,-0.013892980566355984,0.05991151183843613,0.00047516822814941406,0.4290575385093689,0.0,0.32015023,0.15983118,0.9995247,0.107295565,0.04792146,-2.3487749e-07,-0.0068929195,0.0050592422,0.0018007755,0.04736293,0.05002156,-0.021770205,0.373875,0.19124345,1.0,,,,,,,,,,,,,,,,,,,,,,,,,,,,,,,,,,,,,,,,,,,,
998.0,-0.013830374793554076,0.05991677567362785,0.0004751801607199013,0.4311906695365906,0.0,0.32059804,0.16003199,0.9995247,0.107476875,0.04819243,-2.1396234e-07,-0.007153034,0.004809618,0.0018358231,-0.062280126,-0.059974384,0.008709342,0.37425,0.19141908,1.0,,,,,,,,,,,,,,,,,,,,,,,,,,,,,,,,,,,,,,,,,,,,
999.0,-0.013767557786135878,0.0599217489361763,0.0004751801607199013,0.4333004057407379,0.0,0.3210466,0.16023396,0.9995247,0.1076479,0.048473954,-2.4319027e-07,-0.006955147,0.0050177574,0.0017461777,0.04737577,0.05001449,-0.021768447,0.374625,0.19159468,1.0,,,,,,,,,,,,,,,,,,,,,,,,,,,,,,,,,,,,,,,,,,,,
